번호,제조사,제품명,가격,세부스펙,이미지,상품주소
1,인텔,인텔 코어i5-10세대 10400F (코멧레이크S),"173,380","인텔(소켓1200) / 6코어 / 12스레드 / 메모리 규격 : DDR4 / 미탑재 / 14nm / 기본 클럭 : 2.9GHz / 최대 클럭 : 4.3GHz / L3 캐시 : 12MB / TDP : 65W / PCIe3.0 / 2666MHz / 기술 지원 : 옵테인 , SMT(하이퍼스레딩) / 쿨러 : 인텔 기본쿨러 포함 / 출시가: 155~157달러(VAT별도) 닫기",https://img.danuri.io/catalog-image/973/489/011/4496cebe45ad43d39e0b4d680efa0d4e.jpg?shrink=130:130&_v=20260921080455,https://prod.danawa.com/info/?pcode=11489973&cate=112747
2,인텔,인텔 코어i7-10세대 10700F (코멧레이크S),"279,810","인텔(소켓1200) / 8코어 / 16스레드 / 메모리 규격 : DDR4 / 미탑재 / 14nm / 기본 클럭 : 2.9GHz / 최대 클럭 : 4.8GHz / L3 캐시 : 16MB / TDP : 65W / PCIe3.0 / 2933MHz / 기술 지원 : 옵테인 , SMT(하이퍼스레딩) / 쿨러 : 미포함 닫기",https://img.danuri.io/catalog-image/861/824/011/33a6a03270dd4b5088aaf95081ca950c.jpg?shrink=130:130&_v=20260921080458,https://prod.danawa.com/info/?pcode=11824861&cate=112747
3,인텔,인텔 코어i5-10세대 10400 (코멧레이크S),"179,700","인텔(소켓1200) / 6코어 / 12스레드 / 메모리 규격 : DDR4 / 탑재 / 14nm / 기본 클럭 : 2.9GHz / 최대 클럭 : 4.3GHz / L3 캐시 : 12MB / TDP : 65W / PCIe3.0 / 2666MHz / 인텔 UHD 630 / 기술 지원 : 옵테인 , SMT(하이퍼스레딩) / 쿨러 : 기본형 벌크쿨러 닫기",https://img.danuri.io/catalog-image/010/480/011/2ac1d9e39dad41cfa7a29c20c1bf7160.jpg?shrink=130:130&_v=20260921080444,https://prod.danawa.com/info/?pcode=11480010&cate=112747
4,인텔,인텔 코어i5-10세대 10500 (코멧레이크S),"189,590","인텔(소켓1200) / 6코어 / 12스레드 / 메모리 규격 : DDR4 / 탑재 / 14nm / 기본 클럭 : 3.1GHz / 최대 클럭 : 4.5GHz / L3 캐시 : 12MB / TDP : 65W / PCIe3.0 / 2666MHz / 인텔 UHD 630 / 기술 지원 : 옵테인 , SMT(하이퍼스레딩) / 쿨러 : 기본형 벌크쿨러 닫기",https://img.danuri.io/catalog-image/766/480/011/3197cc90719d434cb69e1821faa1860b.jpg?shrink=130:130&_v=20260921080622,https://prod.danawa.com/info/?pcode=11480766&cate=112747
5,인텔,인텔 코어i3-10세대 10100F (코멧레이크S),"102,000","인텔(소켓1200) / 4코어 / 8스레드 / 메모리 규격 : DDR4 / 미탑재 / 14nm / 기본 클럭 : 3.6GHz / 최대 클럭 : 4.3GHz / L3 캐시 : 6MB / TDP : 65W / PCIe3.0 / 2666MHz / 기술 지원 : 옵테인 , SMT(하이퍼스레딩) / 쿨러 : 인텔 기본쿨러 포함 / 출시가: 79~97달러(VAT별도) 닫기",https://img.danuri.io/catalog-image/424/487/012/a2e70a0fcc574c2ab093ce4e60b962d6.jpg?shrink=130:130&_v=20260921080442,https://prod.danawa.com/info/?pcode=12487424&cate=112747
6,인텔,인텔 코어i3-10세대 10105F (코멧레이크S 리프레시),"110,000","인텔(소켓1200) / 4코어 / 8스레드 / 메모리 규격 : DDR4 / 미탑재 / 14nm / 기본 클럭 : 3.7GHz / 최대 클럭 : 4.4GHz / L3 캐시 : 6MB / TDP : 65W / PCIe3.0 / 2666MHz / 기술 지원 : 옵테인 , SMT(하이퍼스레딩) / 쿨러 : 인텔 기본쿨러 포함 / 출시가: 97달러(VAT별도) 닫기",https://img.danuri.io/catalog-image/334/753/013/0f8c702cb0db4c8fa165d2cfa5f6c634.jpg?shrink=130:130&_v=20260921140948,https://prod.danawa.com/info/?pcode=13753334&cate=112747
7,인텔,인텔 코어i9-10세대 10900K (코멧레이크S),"563,990","인텔(소켓1200) / 10코어 / 20스레드 / 메모리 규격 : DDR4 / 탑재 / 14nm / 기본 클럭 : 3.7GHz / 최대 클럭 : 5.3GHz / L3 캐시 : 20MB / TDP : 125W / PCIe3.0 / 2933MHz / 인텔 UHD 630 / 기술 지원 : 옵테인 , SMT(하이퍼스레딩) / 쿨러 : 미포함 닫기",https://img.danuri.io/catalog-image/857/309/012/b56236ade3bc4b4d975bed6bec8c2fbe.jpg?shrink=130:130&_v=20260921080457,https://prod.danawa.com/info/?pcode=12309857&cate=112747
8,인텔,인텔 코어i5-10세대 10600K (코멧레이크S),"209,200","인텔(소켓1200) / 6코어 / 12스레드 / 메모리 규격 : DDR4 / 탑재 / 14nm / 기본 클럭 : 4.1GHz / 최대 클럭 : 4.8GHz / L3 캐시 : 12MB / TDP : 125W / PCIe3.0 / 2666MHz / 인텔 UHD 630 / 기술 지원 : 옵테인 , SMT(하이퍼스레딩) / 쿨러 : 기본형 벌크쿨러 닫기",https://img.danuri.io/catalog-image/858/481/011/d9a00718a08a424b8767fe8382ea93c9.jpg?shrink=130:130&_v=20260921080458,https://prod.danawa.com/info/?pcode=11481858&cate=112747
9,인텔,인텔 코어i7-10세대 10700 (코멧레이크S),"272,970","인텔(소켓1200) / 8코어 / 16스레드 / 메모리 규격 : DDR4 / 탑재 / 14nm / 기본 클럭 : 2.9GHz / 최대 클럭 : 4.8GHz / L3 캐시 : 16MB / TDP : 65W / PCIe3.0 / 2933MHz / 인텔 UHD 630 / 기술 지원 : 옵테인 , SMT(하이퍼스레딩) / 쿨러 : 기본형 벌크쿨러 닫기",https://img.danuri.io/catalog-image/624/481/011/9d538d80ba414d9cb36e38744bdb10ef.jpg?shrink=130:130&_v=20260921143128,https://prod.danawa.com/info/?pcode=11481624&cate=112747
10,인텔,인텔 코어i9-10세대 10900 (코멧레이크S),"716,000","인텔(소켓1200) / 10코어 / 20스레드 / 메모리 규격 : DDR4 / 탑재 / 14nm / 기본 클럭 : 2.8GHz / 최대 클럭 : 5.2GHz / L3 캐시 : 20MB / TDP : 65W / PCIe3.0 / 2933MHz / 인텔 UHD 630 / 기술 지원 : 옵테인 , SMT(하이퍼스레딩) / 쿨러 : 기본형 벌크쿨러 닫기",https://img.danuri.io/catalog-image/941/870/011/8e84ff2554254ae2932a0da94f321649.jpg?shrink=130:130&_v=20260921080444,https://prod.danawa.com/info/?pcode=11870941&cate=112747
11,인텔,인텔 코어i7-10세대 10700K (코멧레이크S),"441,700","인텔(소켓1200) / 8코어 / 16스레드 / 메모리 규격 : DDR4 / 탑재 / 14nm / 기본 클럭 : 3.8GHz / 최대 클럭 : 5.1GHz / L3 캐시 : 16MB / TDP : 125W / PCIe3.0 / 2933MHz / 인텔 UHD 630 / 기술 지원 : 옵테인 , SMT(하이퍼스레딩) / 쿨러 : 미포함 닫기",https://img.danuri.io/catalog-image/776/479/011/4f2838a712ce4a1d88b1ac1b0ca36cc5.jpg?shrink=130:130&_v=20260921080457,https://prod.danawa.com/info/?pcode=11479776&cate=112747
12,인텔,인텔 코어i3-10세대 10100 (코멧레이크S),"159,890","인텔(소켓1200) / 4코어 / 8스레드 / 메모리 규격 : DDR4 / 탑재 / 14nm / 기본 클럭 : 3.6GHz / 최대 클럭 : 4.3GHz / L3 캐시 : 6MB / TDP : 65W / PCIe3.0 / 2666MHz / 인텔 UHD 630 / 기술 지원 : 옵테인 , SMT(하이퍼스레딩) / 쿨러 : 기본형 벌크쿨러 닫기",https://img.danuri.io/catalog-image/511/480/011/409d7a704fe347d9bf61aaeb73c5b0a8.jpg?shrink=130:130&_v=20260921080444,https://prod.danawa.com/info/?pcode=11480511&cate=112747
13,인텔,인텔 코어i3-10세대 10105 (코멧레이크S 리프레시),"154,560","인텔(소켓1200) / 4코어 / 8스레드 / 메모리 규격 : DDR4 / 탑재 / 14nm / 기본 클럭 : 3.7GHz / 최대 클럭 : 4.4GHz / L3 캐시 : 6MB / TDP : 65W / PCIe3.0 / 2666MHz / 인텔 UHD 630 / 기술 지원 : 옵테인 , SMT(하이퍼스레딩) / 쿨러 : 인텔 기본쿨러 포함 / 출시가: 122달러(VAT별도) 닫기",https://img.danuri.io/catalog-image/386/409/014/d707ee0ab97d4f33ba96fc5f4427859c.jpg?shrink=130:130&_v=20260921080457,https://prod.danawa.com/info/?pcode=14409386&cate=112747
14,인텔,인텔 코어i7-10세대 10700KF (코멧레이크S),"280,900","인텔(소켓1200) / 8코어 / 16스레드 / 메모리 규격 : DDR4 / 미탑재 / 14nm / 기본 클럭 : 3.8GHz / 최대 클럭 : 5.1GHz / L3 캐시 : 16MB / TDP : 125W / PCIe3.0 / 2933MHz / 기술 지원 : 옵테인 , SMT(하이퍼스레딩) / 쿨러 : 미포함 닫기",https://img.danuri.io/catalog-image/075/110/012/63beb43276e54effb1a55052829151b2.jpg?shrink=130:130&_v=20260921080441,https://prod.danawa.com/info/?pcode=12110075&cate=112747
15,인텔,인텔 코어i9-10세대 10900F (코멧레이크S),"630,000","인텔(소켓1200) / 10코어 / 20스레드 / 메모리 규격 : DDR4 / 미탑재 / 14nm / 기본 클럭 : 2.8GHz / 최대 클럭 : 5.2GHz / L3 캐시 : 20MB / TDP : 65W / PCIe3.0 / 2933MHz / 기술 지원 : 옵테인 , SMT(하이퍼스레딩) / 쿨러 : 기본형 벌크쿨러 닫기",https://img.danuri.io/catalog-image/936/824/011/e683c8e826ce4572b4cfa92dea60655c.jpg?shrink=130:130&_v=20260917080516,https://prod.danawa.com/info/?pcode=11824936&cate=112747
16,인텔,인텔 코어i5-10세대 10600KF (코멧레이크S),"169,710","인텔(소켓1200) / 6코어 / 12스레드 / 메모리 규격 : DDR4 / 미탑재 / 14nm / 기본 클럭 : 4.1GHz / 최대 클럭 : 4.8GHz / L3 캐시 : 12MB / TDP : 125W / PCIe3.0 / 2666MHz / 기술 지원 : 옵테인 , SMT(하이퍼스레딩) / 쿨러 : 기본형 벌크쿨러 닫기",https://img.danuri.io/catalog-image/750/110/012/90d917c43dc34a70aa0ea7456e810330.jpg?shrink=130:130&_v=20260917080701,https://prod.danawa.com/info/?pcode=12110750&cate=112747
17,인텔,인텔 코어i9-10세대 10850K (코멧레이크S),"1,699,940","인텔(소켓1200) / 10코어 / 20스레드 / 메모리 규격 : DDR4 / 탑재 / 14nm / 기본 클럭 : 3.6GHz / 최대 클럭 : 5.2GHz / L3 캐시 : 20MB / TDP : 125W / PCIe3.0 / 2933MHz / 인텔 UHD 630 / 기술 지원 : 옵테인 , SMT(하이퍼스레딩) 닫기",https://img.danuri.io/catalog-image/624/872/012/f88391321c664c0895954a4ccf8ec1fb.jpg?shrink=130:130&_v=20260916080502,https://prod.danawa.com/info/?pcode=12872624&cate=112747
18,인텔,인텔 코어i9-10세대 10900KF (코멧레이크S),"765,600","인텔(소켓1200) / 10코어 / 20스레드 / 메모리 규격 : DDR4 / 미탑재 / 14nm / 기본 클럭 : 3.7GHz / 최대 클럭 : 5.3GHz / L3 캐시 : 20MB / TDP : 125W / PCIe3.0 / 2933MHz / 기술 지원 : 옵테인 , SMT(하이퍼스레딩) 닫기",https://img.danuri.io/catalog-image/717/338/012/54d6199a1b8c4b359a197f2a0b1aa813.jpg?shrink=130:130&_v=20260913080401,https://prod.danawa.com/info/?pcode=12338717&cate=112747
19,인텔,인텔 코어i7-11세대 11700 (로켓레이크S),"273,940","인텔(소켓1200) / 8코어 / 16스레드 / 메모리 규격 : DDR4 / 탑재 / 14nm / 기본 클럭 : 2.5GHz / 최대 클럭 : 4.9GHz / L3 캐시 : 16MB / TDP : 65W / PCIe4.0 / 3200MHz / 인텔 UHD 750 / 기술 지원 : 인텔 딥러닝부스트 , 옵테인 , SMT(하이퍼스레딩) / 쿨러 : 기본형 벌크쿨러 닫기",https://img.danuri.io/catalog-image/665/824/013/2860ebe31a6e40ae89cb3c2ceb67815b.jpg?shrink=130:130&_v=20260921080457,https://prod.danawa.com/info/?pcode=13824665&cate=112747
20,인텔,인텔 코어i7-11세대 11700K (로켓레이크S),"370,290","인텔(소켓1200) / 8코어 / 16스레드 / 메모리 규격 : DDR4 / 탑재 / 14nm / 기본 클럭 : 3.6GHz / 최대 클럭 : 5.0GHz / L3 캐시 : 16MB / TDP : 125W / PCIe4.0 / 3200MHz / 인텔 UHD 750 / 기술 지원 : 인텔 딥러닝부스트 , 옵테인 , SMT(하이퍼스레딩) / 쿨러 : 기본형 벌크쿨러 닫기",https://img.danuri.io/catalog-image/974/824/013/f0099ef76c2140e29bf64afa3537948d.jpg?shrink=130:130&_v=20260921080443,https://prod.danawa.com/info/?pcode=13824974&cate=112747
21,인텔,인텔 코어i5-11세대 11400 (로켓레이크S),"210,600","인텔(소켓1200) / 6코어 / 12스레드 / 메모리 규격 : DDR4 / 탑재 / 14nm / 기본 클럭 : 2.6GHz / 최대 클럭 : 4.4GHz / L3 캐시 : 12MB / TDP : 65W / PCIe4.0 / 3200MHz / 인텔 UHD 730 / 기술 지원 : 인텔 딥러닝부스트 , 옵테인 , SMT(하이퍼스레딩) / 쿨러 : 미포함 닫기",https://img.danuri.io/catalog-image/185/809/013/da22181f143349b5b77ab7d3a450aa3d.jpg?shrink=130:130&_v=20260921142703,https://prod.danawa.com/info/?pcode=13809185&cate=112747
22,인텔,인텔 코어i5-11세대 11500 (로켓레이크S),"222,450","인텔(소켓1200) / 6코어 / 12스레드 / 메모리 규격 : DDR4 / 탑재 / 14nm / 기본 클럭 : 2.7GHz / 최대 클럭 : 4.6GHz / L3 캐시 : 12MB / TDP : 65W / PCIe4.0 / 3200MHz / 인텔 UHD 750 / 기술 지원 : 인텔 딥러닝부스트 , 옵테인 , SMT(하이퍼스레딩) / 쿨러 : 미포함 닫기",https://img.danuri.io/catalog-image/269/809/013/dac4ccd485ef43e5afeee926ec825099.jpg?shrink=130:130&_v=20260921080443,https://prod.danawa.com/info/?pcode=13809269&cate=112747
23,인텔,인텔 코어i5-11세대 11400F (로켓레이크S),"151,100","인텔(소켓1200) / 6코어 / 12스레드 / 메모리 규격 : DDR4 / 미탑재 / 14nm / 기본 클럭 : 2.6GHz / 최대 클럭 : 4.4GHz / L3 캐시 : 12MB / TDP : 65W / PCIe4.0 / 3200MHz / 기술 지원 : 인텔 딥러닝부스트 , 옵테인 , SMT(하이퍼스레딩) / 쿨러 : 기본형 벌크쿨러 닫기",https://img.danuri.io/catalog-image/422/824/013/930c98b1cfdf4b879e270957faccf930.jpg?shrink=130:130&_v=20260921080622,https://prod.danawa.com/info/?pcode=13824422&cate=112747
24,인텔,인텔 코어i7-11세대 11700F (로켓레이크S),"558,000","인텔(소켓1200) / 8코어 / 16스레드 / 메모리 규격 : DDR4 / 미탑재 / 14nm / 기본 클럭 : 2.5GHz / 최대 클럭 : 4.9GHz / L3 캐시 : 16MB / TDP : 65W / PCIe4.0 / 3200MHz / 기술 지원 : 인텔 딥러닝부스트 , 옵테인 , SMT(하이퍼스레딩) / 쿨러 : 인텔 기본쿨러 포함 / 출시가: 298~308달러(VAT별도) 닫기",https://img.danuri.io/catalog-image/481/753/013/45e727f90ce441e9aaeac82c1e339acf.jpg?shrink=130:130&_v=20260921080458,https://prod.danawa.com/info/?pcode=13753481&cate=112747
25,인텔,인텔 코어i5-11세대 11600KF (로켓레이크S),"229,510","인텔(소켓1200) / 6코어 / 12스레드 / 메모리 규격 : DDR4 / 미탑재 / 14nm / 기본 클럭 : 3.9GHz / 최대 클럭 : 4.9GHz / L3 캐시 : 12MB / TDP : 125W / PCIe4.0 / 3200MHz / 기술 지원 : 인텔 딥러닝부스트 , 옵테인 , SMT(하이퍼스레딩) 닫기",https://img.danuri.io/catalog-image/219/096/014/54760b1450974da1a2b5584c6b72c51b.jpg?shrink=130:130&_v=20260921080609,https://prod.danawa.com/info/?pcode=14096219&cate=112747
26,인텔,인텔 코어i9-11세대 11900F (로켓레이크S),"481,360","인텔(소켓1200) / 8코어 / 16스레드 / 메모리 규격 : DDR4 / 미탑재 / 14nm / 기본 클럭 : 2.5GHz / 최대 클럭 : 5.2GHz / L3 캐시 : 16MB / TDP : 65W / PCIe4.0 / 3200MHz / 기술 지원 : 인텔 딥러닝부스트 , 옵테인 , SMT(하이퍼스레딩) / 쿨러 : 기본형 벌크쿨러 닫기",https://img.danuri.io/catalog-image/319/825/013/5362238d68114561889740a46e968f67.jpg?shrink=130:130&_v=20260921080443,https://prod.danawa.com/info/?pcode=13825319&cate=112747
27,인텔,인텔 코어i9-11세대 11900KF (로켓레이크S),"559,730","인텔(소켓1200) / 8코어 / 16스레드 / 메모리 규격 : DDR4 / 미탑재 / 14nm / 기본 클럭 : 3.5GHz / 최대 클럭 : 5.3GHz / L3 캐시 : 16MB / TDP : 125W / PCIe4.0 / 3200MHz / 기술 지원 : 인텔 딥러닝부스트 , 옵테인 , SMT(하이퍼스레딩) 닫기",https://img.danuri.io/catalog-image/337/848/014/3c5545f5b35a4d819af810681cf1f7e9.jpg?shrink=130:130&_v=20260921080444,https://prod.danawa.com/info/?pcode=14848337&cate=112747
28,인텔,인텔 코어i9-11세대 11900 (로켓레이크S),"748,000","인텔(소켓1200) / 8코어 / 16스레드 / 메모리 규격 : DDR4 / 탑재 / 14nm / 기본 클럭 : 2.5GHz / 최대 클럭 : 5.2GHz / L3 캐시 : 16MB / TDP : 65W / PCIe4.0 / 3200MHz / 인텔 UHD 750 / 기술 지원 : 인텔 딥러닝부스트 , 옵테인 , SMT(하이퍼스레딩) / 쿨러 : 미포함 닫기",https://img.danuri.io/catalog-image/493/825/013/bb3d859536b34ea6818a4a1fc48bf140.jpg?shrink=130:130&_v=20260919080510,https://prod.danawa.com/info/?pcode=13825493&cate=112747
29,인텔,인텔 코어i5-11세대 11600K (로켓레이크S),"485,000","인텔(소켓1200) / 6코어 / 12스레드 / 메모리 규격 : DDR4 / 탑재 / 14nm / 기본 클럭 : 3.9GHz / 최대 클럭 : 4.9GHz / L3 캐시 : 12MB / TDP : 125W / PCIe4.0 / 3200MHz / 인텔 UHD 750 / 기술 지원 : 인텔 딥러닝부스트 , 옵테인 , SMT(하이퍼스레딩) / 쿨러 : 미포함 닫기",https://img.danuri.io/catalog-image/710/809/013/8711dd95f5324b8796c16056d647670f.jpg?shrink=130:130&_v=20260917080534,https://prod.danawa.com/info/?pcode=13809710&cate=112747
30,인텔,인텔 코어i9-11세대 11900K (로켓레이크S),"558,470","인텔(소켓1200) / 8코어 / 16스레드 / 메모리 규격 : DDR4 / 탑재 / 14nm / 기본 클럭 : 3.5GHz / 최대 클럭 : 5.3GHz / L3 캐시 : 16MB / TDP : 125W / PCIe4.0 / 3200MHz / 인텔 UHD 750 / 기술 지원 : 인텔 딥러닝부스트 , 옵테인 , SMT(하이퍼스레딩) 닫기",https://img.danuri.io/catalog-image/984/867/014/3a91de2073ec4dc296aa23dcdd3c92ff.jpg?shrink=130:130&_v=20260921080444,https://prod.danawa.com/info/?pcode=14867984&cate=112747
31,인텔,인텔 코어i7-11세대 11700KF (로켓레이크S),"705,000","인텔(소켓1200) / 8코어 / 16스레드 / 메모리 규격 : DDR4 / 미탑재 / 14nm / 기본 클럭 : 3.6GHz / 최대 클럭 : 5.0GHz / L3 캐시 : 16MB / TDP : 125W / PCIe4.0 / 3200MHz / 기술 지원 : 인텔 딥러닝부스트 , 옵테인 , SMT(하이퍼스레딩) / 쿨러 : 미포함 닫기",https://img.danuri.io/catalog-image/121/825/013/3e2b3d81a2984efcb6ac7846d95decf7.jpg?shrink=130:130&_v=20260916080645,https://prod.danawa.com/info/?pcode=13825121&cate=112747
32,인텔,인텔 코어i5-12세대 12400F (엘더레이크),"195,000","인텔(소켓1700) / 6코어 / 12스레드 / 메모리 규격 : DDR5, DDR4 / 미탑재 / 10nm(인텔7) / 기본 클럭 : 2.5GHz / 최대 클럭 : 4.4GHz / L2 캐시 : 7.5MB / L3 캐시 : 18MB / TDP : 65~117W / PCIe5.0, 4.0 / 4800, 3200MHz / 기술 지원 : 인텔 딥러닝부스트 , 옵테인 , SMT(하이퍼스레딩) / 쿨러 : 인텔 기본쿨러 포함 / 시네벤치R23(싱글) : 1605 / 시네벤치R23(멀티) : 12201 / 출시가: 167달러 (VAT별도) 닫기",https://img.danuri.io/catalog-image/353/101/016/a732b743674647feb96a624e6dfa582c.jpg?shrink=130:130&_v=20260921110323,https://prod.danawa.com/info/?pcode=16101353&cate=112747
33,인텔,인텔 코어i5-12세대 12400 (엘더레이크),"278,250","인텔(소켓1700) / 6코어 / 12스레드 / 메모리 규격 : DDR5, DDR4 / 탑재 / 10nm(인텔7) / 기본 클럭 : 2.5GHz / 최대 클럭 : 4.4GHz / L2 캐시 : 7.5MB / L3 캐시 : 18MB / TDP : 65~117W / PCIe5.0, 4.0 / 4800, 3200MHz / 인텔 UHD 730 / 기술 지원 : 인텔 딥러닝부스트 , 옵테인 , SMT(하이퍼스레딩) / 쿨러 : 인텔 기본쿨러 포함 / 시네벤치R23(싱글) : 1698 / 시네벤치R23(멀티) : 12396 / 출시가: 192달러 (VAT별도) 닫기",https://img.danuri.io/catalog-image/326/101/016/5c09dd1ae4e54356a701ddf0832ed844.jpg?shrink=130:130&_v=20260921110123,https://prod.danawa.com/info/?pcode=16101326&cate=112747
34,인텔,인텔 코어i7-12세대 12700KF (엘더레이크),"494,000","인텔(소켓1700) / P8+E4코어 / 16+4스레드 / 메모리 규격 : DDR5, DDR4 / 미탑재 / 10nm(인텔7) / 기본 클럭 : 3.6GHz / 최대 클럭 : 5.0GHz / L2 캐시 : 12MB / L3 캐시 : 25MB / TDP : 125~190W / PCIe5.0, 4.0 / 4800, 3200MHz / 기술 지원 : 옵테인 , SMT(하이퍼스레딩) / 쿨러 : 미포함 / 시네벤치R23(싱글) : 1960 / 시네벤치R23(멀티) : 22788 / 출시가: 384~394달러(VAT별도) 닫기",https://img.danuri.io/catalog-image/701/594/015/821500f8b8324db7888a5a34d58d94c0.jpg?shrink=130:130&_v=20260921080444,https://prod.danawa.com/info/?pcode=15594701&cate=112747
35,인텔,인텔 코어i7-12세대 12700 (엘더레이크),"555,980","인텔(소켓1700) / P8+E4코어 / 16+4스레드 / 메모리 규격 : DDR5, DDR4 / 탑재 / 10nm(인텔7) / 기본 클럭 : 2.1GHz / 최대 클럭 : 4.9GHz / L2 캐시 : 12MB / L3 캐시 : 25MB / TDP : 65~180W / PCIe5.0, 4.0 / 4800, 3200MHz / 인텔 UHD 770 / 기술 지원 : 인텔 딥러닝부스트 , 옵테인 , SMT(하이퍼스레딩) / 쿨러 : 인텔 기본쿨러 포함 / 시네벤치R23(싱글) : 1884 / 시네벤치R23(멀티) : 19799 / 출시가: 339~349달러 (VAT별도) 닫기",https://img.danuri.io/catalog-image/809/140/016/52282f35fc594616a4d0dea09d5f3ae7.jpg?shrink=130:130&_v=20260921080609,https://prod.danawa.com/info/?pcode=16140809&cate=112747
36,인텔,인텔 코어i3-12세대 12100 (엘더레이크),"172,750","인텔(소켓1700) / 4코어 / 8스레드 / 메모리 규격 : DDR5, DDR4 / 탑재 / 10nm(인텔7) / 기본 클럭 : 3.3GHz / 최대 클럭 : 4.3GHz / L2 캐시 : 5MB / L3 캐시 : 12MB / TDP : 60~89W / PCIe5.0, 4.0 / 4800, 3200MHz / 인텔 UHD 730 / 기술 지원 : 인텔 딥러닝부스트 , 옵테인 , SMT(하이퍼스레딩) / 쿨러 : 인텔 기본쿨러 포함 / 시네벤치R23(싱글) : 1666 / 시네벤치R23(멀티) : 8376 / 출시가: 122달러 (VAT별도) 닫기",https://img.danuri.io/catalog-image/083/101/016/1c997359df6246889d7c799b1c777674.jpg?shrink=130:130&_v=20260921130918,https://prod.danawa.com/info/?pcode=16101083&cate=112747
37,인텔,인텔 코어i7-12세대 12700F (엘더레이크),"415,140","인텔(소켓1700) / P8+E4코어 / 16+4스레드 / 메모리 규격 : DDR5, DDR4 / 미탑재 / 10nm(인텔7) / 기본 클럭 : 2.1GHz / 최대 클럭 : 4.9GHz / L2 캐시 : 12MB / L3 캐시 : 25MB / TDP : 65~180W / PCIe5.0, 4.0 / 4800, 3200MHz / 기술 지원 : 인텔 딥러닝부스트 , 옵테인 , SMT(하이퍼스레딩) / 쿨러 : 인텔 기본쿨러 포함 / 시네벤치R23(싱글) : 1854 / 시네벤치R23(멀티) : 20718 / 출시가: 314달러 (VAT별도) 닫기",https://img.danuri.io/catalog-image/464/101/016/21a1ab7bfa604238bd811b55df0bf431.jpg?shrink=130:130&_v=20260921114803,https://prod.danawa.com/info/?pcode=16101464&cate=112747
38,인텔,인텔 코어i9-12세대 12900K (엘더레이크),"833,990","인텔(소켓1700) / P8+E8코어 / 16+8스레드 / 메모리 규격 : DDR5, DDR4 / 탑재 / 10nm(인텔7) / 기본 클럭 : 3.2GHz / 최대 클럭 : 5.2GHz / L2 캐시 : 14MB / L3 캐시 : 30MB / TDP : 125~241W / PCIe5.0, 4.0 / 4800, 3200MHz / 인텔 UHD 770 / 기술 지원 : 옵테인 , SMT(하이퍼스레딩) / 쿨러 : 미포함 / 시네벤치R23(싱글) : 2044 / 시네벤치R23(멀티) : 27746 / 출시가: 589~599달러(VAT별도) 닫기",https://img.danuri.io/catalog-image/887/594/015/77a4da471afa479087182493b47afdc6.jpg?shrink=130:130&_v=20260921142604,https://prod.danawa.com/info/?pcode=15594887&cate=112747
39,인텔,인텔 코어i7-12세대 12700K (엘더레이크),"597,990","인텔(소켓1700) / P8+E4코어 / 16+4스레드 / 메모리 규격 : DDR5, DDR4 / 탑재 / 10nm(인텔7) / 기본 클럭 : 3.6GHz / 최대 클럭 : 5.0GHz / L2 캐시 : 12MB / L3 캐시 : 25MB / TDP : 125~190W / PCIe5.0, 4.0 / 4800, 3200MHz / 인텔 UHD 770 / 기술 지원 : 옵테인 , SMT(하이퍼스레딩) / 쿨러 : 미포함 / 시네벤치R23(싱글) : 1960 / 시네벤치R23(멀티) : 22788 / 출시가: 409~419달러(VAT별도) 닫기",https://img.danuri.io/catalog-image/638/594/015/591c9b6e86cc483ebe2bd570d67622b9.jpg?shrink=130:130&_v=20260921080457,https://prod.danawa.com/info/?pcode=15594638&cate=112747
40,인텔,인텔 코어i3-12세대 12100F (엘더레이크),"189,990","인텔(소켓1700) / 4코어 / 8스레드 / 메모리 규격 : DDR5, DDR4 / 미탑재 / 10nm(인텔7) / 기본 클럭 : 3.3GHz / 최대 클럭 : 4.3GHz / L2 캐시 : 5MB / L3 캐시 : 12MB / TDP : 60~89W / PCIe5.0, 4.0 / 4800, 3200MHz / 기술 지원 : 인텔 딥러닝부스트 , 옵테인 , SMT(하이퍼스레딩) / 쿨러 : 인텔 기본쿨러 포함 / 시네벤치R23(싱글) : 1666 / 시네벤치R23(멀티) : 8376 / 출시가: 97달러 (VAT별도) 닫기",https://img.danuri.io/catalog-image/179/101/016/3553c02b0a4741879e9cb2db39f0cddc.jpg?shrink=130:130&_v=20260921080622,https://prod.danawa.com/info/?pcode=16101179&cate=112747
41,인텔,인텔 코어i9-12세대 12900 (엘더레이크),"900,000","인텔(소켓1700) / P8+E8코어 / 16+8스레드 / 메모리 규격 : DDR5, DDR4 / 탑재 / 10nm(인텔7) / 기본 클럭 : 2.4GHz / 최대 클럭 : 5.1GHz / L2 캐시 : 14MB / L3 캐시 : 30MB / TDP : 65~202W / PCIe5.0, 4.0 / 4800, 3200MHz / 인텔 UHD 770 / 기술 지원 : 인텔 딥러닝부스트 , 옵테인 , SMT(하이퍼스레딩) / 쿨러 : 인텔 기본쿨러 포함 / 출시가: 489달러 (VAT별도) 닫기",https://img.danuri.io/catalog-image/545/101/016/0b23923b0d1245bdbc599f3bc3e92f75.jpg?shrink=130:130&_v=20260921142703,https://prod.danawa.com/info/?pcode=16101545&cate=112747
42,인텔,인텔 코어i5-12세대 12600KF (엘더레이크),"255,990","인텔(소켓1700) / P6+E4코어 / 12+4스레드 / 메모리 규격 : DDR5, DDR4 / 미탑재 / 10nm(인텔7) / 기본 클럭 : 3.7GHz / 최대 클럭 : 4.9GHz / L2 캐시 : 9.5MB / L3 캐시 : 20MB / TDP : 125~150W / PCIe5.0, 4.0 / 4800, 3200MHz / 기술 지원 : 옵테인 , SMT(하이퍼스레딩) / 쿨러 : 기본형 벌크쿨러 / 시네벤치R23(멀티) : 17438 닫기",https://img.danuri.io/catalog-image/597/752/015/b64384612e954c85a60d4b5363b2fbe7.jpg?shrink=130:130&_v=20260921142538,https://prod.danawa.com/info/?pcode=15752597&cate=112747
43,인텔,인텔 코어i9-12세대 12900KF (엘더레이크),"515,440","인텔(소켓1700) / P8+E8코어 / 16+8스레드 / 메모리 규격 : DDR5, DDR4 / 미탑재 / 10nm(인텔7) / 기본 클럭 : 3.2GHz / 최대 클럭 : 5.2GHz / L2 캐시 : 14MB / L3 캐시 : 30MB / TDP : 125~241W / PCIe5.0, 4.0 / 4800, 3200MHz / 기술 지원 : 옵테인 , SMT(하이퍼스레딩) / 시네벤치R23(멀티) : 27746 닫기",https://img.danuri.io/catalog-image/257/797/016/440315b8881f4fac966774b801e0ee00.jpg?shrink=130:130&_v=20260921080609,https://prod.danawa.com/info/?pcode=16797257&cate=112747
44,인텔,인텔 코어i5-12세대 12600K (엘더레이크),"320,250","인텔(소켓1700) / P6+E4코어 / 12+4스레드 / 메모리 규격 : DDR5, DDR4 / 탑재 / 10nm(인텔7) / 기본 클럭 : 3.7GHz / 최대 클럭 : 4.9GHz / L2 캐시 : 9.5MB / L3 캐시 : 20MB / TDP : 125~150W / PCIe5.0, 4.0 / 4800, 3200MHz / 인텔 UHD 770 / 기술 지원 : 옵테인 , SMT(하이퍼스레딩) / 쿨러 : 기본형 벌크쿨러 / 시네벤치R23(멀티) : 17438 닫기",https://img.danuri.io/catalog-image/510/752/015/c2dc949987fb488181b187e0ba22d86a.jpg?shrink=130:130&_v=20260921080457,https://prod.danawa.com/info/?pcode=15752510&cate=112747
45,인텔,인텔 코어i5-12세대 12500 (엘더레이크),"383,350","인텔(소켓1700) / 6코어 / 12스레드 / 메모리 규격 : DDR5, DDR4 / 탑재 / 10nm(인텔7) / 기본 클럭 : 3.0GHz / 최대 클럭 : 4.6GHz / L2 캐시 : 7.5MB / L3 캐시 : 18MB / TDP : 65~117W / PCIe5.0, 4.0 / 4800, 3200MHz / 인텔 UHD 770 / 기술 지원 : 인텔 딥러닝부스트 , 옵테인 , SMT(하이퍼스레딩) / 쿨러 : 기본형 벌크쿨러 닫기",https://img.danuri.io/catalog-image/900/232/016/ad3b94cb6d52451885c9e9d6f78fecd4.jpg?shrink=130:130&_v=20260921133148,https://prod.danawa.com/info/?pcode=16232900&cate=112747
46,인텔,인텔 코어i7-12세대 12700T (엘더레이크),"590,000","인텔(소켓1700) / P8+E4코어 / 16+4스레드 / 메모리 규격 : DDR5, DDR4 / 탑재 / 10nm(인텔7) / 기본 클럭 : 1.4GHz / 최대 클럭 : 4.7GHz / L2 캐시 : 12MB / L3 캐시 : 25MB / TDP : 35W / PCIe5.0, 4.0 / 4800, 3200MHz / 인텔 UHD 770 / 기술 지원 : 인텔 퀵싱크 , 인텔 딥러닝부스트 , 옵테인 , SMT(하이퍼스레딩) / 쿨러 : 미포함 닫기",https://img.danuri.io/catalog-image/964/393/016/ed5ed7b0bc98448ea77648e1f6cb6be5.jpg?shrink=130:130&_v=20260921080622,https://prod.danawa.com/info/?pcode=16393964&cate=112747
47,인텔,인텔 코어i9-12세대 12900KS (엘더레이크),"908,000","인텔(소켓1700) / P8+E8코어 / 16+8스레드 / 메모리 규격 : DDR5, DDR4 / 탑재 / 10nm(인텔7) / 기본 클럭 : 3.4GHz / 최대 클럭 : 5.5GHz / L2 캐시 : 14MB / L3 캐시 : 30MB / TDP : 150~241W / PCIe5.0, 4.0 / 4800, 3200MHz / 인텔 UHD 770 / 기술 지원 : 인텔 퀵싱크 , 인텔 딥러닝부스트 , 옵테인 , SMT(하이퍼스레딩) / 쿨러 : 기본형 벌크쿨러 / 시네벤치R23(멀티) : 27668 닫기",https://img.danuri.io/catalog-image/728/978/018/4b4e8d0851784e97b5172aefa938ba5d.jpg?shrink=130:130&_v=20260921080454,https://prod.danawa.com/info/?pcode=18978728&cate=112747
48,인텔,인텔 코어i5-12세대 12600 (엘더레이크),"442,000","인텔(소켓1700) / 6코어 / 12스레드 / 메모리 규격 : DDR5, DDR4 / 탑재 / 10nm(인텔7) / 기본 클럭 : 3.3GHz / 최대 클럭 : 4.8GHz / L2 캐시 : 7.5MB / L3 캐시 : 18MB / TDP : 65~117W / PCIe5.0, 4.0 / 4800, 3200MHz / 인텔 UHD 770 / 기술 지원 : 인텔 딥러닝부스트 , 옵테인 , SMT(하이퍼스레딩) / 쿨러 : 기본형 벌크쿨러 닫기",https://img.danuri.io/catalog-image/990/232/016/48c709ab59e84ee488deb3a46fa0c75e.jpg?shrink=130:130&_v=20260917080519,https://prod.danawa.com/info/?pcode=16232990&cate=112747
49,인텔,인텔 코어i9-12세대 12900F (엘더레이크),"605,000","인텔(소켓1700) / P8+E8코어 / 16+8스레드 / 메모리 규격 : DDR5, DDR4 / 미탑재 / 10nm(인텔7) / 기본 클럭 : 2.4GHz / 최대 클럭 : 5.1GHz / L2 캐시 : 14MB / L3 캐시 : 30MB / TDP : 65~202W / PCIe5.0, 4.0 / 4800, 3200MHz / 기술 지원 : 인텔 딥러닝부스트 , 옵테인 , SMT(하이퍼스레딩) / 쿨러 : 기본형 벌크쿨러 닫기",https://img.danuri.io/catalog-image/314/233/016/9daaf2b70d244c8ab98e67f4228b40a8.jpg?shrink=130:130&_v=20260921080444,https://prod.danawa.com/info/?pcode=16233314&cate=112747
50,인텔,인텔 코어i5-12세대 12500T (엘더레이크),"377,990","인텔(소켓1700) / 6코어 / 12스레드 / 메모리 규격 : DDR5, DDR4 / 탑재 / 10nm(인텔7) / 기본 클럭 : 2.0GHz / 최대 클럭 : 4.4GHz / L2 캐시 : 7.5MB / L3 캐시 : 18MB / TDP : 35W / PCIe5.0, 4.0 / 4800, 3200MHz / 인텔 UHD 770 / 기술 지원 : 인텔 퀵싱크 , 인텔 딥러닝부스트 , 옵테인 , SMT(하이퍼스레딩) / 쿨러 : 미포함 닫기",https://img.danuri.io/catalog-image/835/393/016/2bcbc94cd72b46e99c84ad35f21e443d.jpg?shrink=130:130&_v=20260921080443,https://prod.danawa.com/info/?pcode=16393835&cate=112747
51,인텔,인텔 코어i9-12세대 12900T (엘더레이크),"974,000","인텔(소켓1700) / P8+E8코어 / 16+8스레드 / 메모리 규격 : DDR5, DDR4 / 탑재 / 10nm(인텔7) / 기본 클럭 : 1.4GHz / 최대 클럭 : 4.9GHz / L2 캐시 : 14MB / L3 캐시 : 30MB / TDP : 35W / PCIe5.0, 4.0 / 4800, 3200MHz / 인텔 UHD 770 / 기술 지원 : 인텔 퀵싱크 , 인텔 딥러닝부스트 , 옵테인 , SMT(하이퍼스레딩) / 쿨러 : 미포함 닫기",https://img.danuri.io/catalog-image/042/394/016/1281ace868f843b6aab388e88353f8be.jpg?shrink=130:130&_v=20260919080637,https://prod.danawa.com/info/?pcode=16394042&cate=112747
52,인텔,인텔 코어i3-12세대 12100T (엘더레이크),"208,000","인텔(소켓1700) / 4코어 / 8스레드 / 메모리 규격 : DDR5, DDR4 / 탑재 / 10nm(인텔7) / 기본 클럭 : 2.2GHz / 최대 클럭 : 4.1GHz / L2 캐시 : 5MB / L3 캐시 : 12MB / TDP : 35W / PCIe5.0, 4.0 / 4800, 3200MHz / 인텔 UHD 730 / 기술 지원 : 인텔 퀵싱크 , 인텔 딥러닝부스트 , 옵테인 , SMT(하이퍼스레딩) / 쿨러 : 미포함 닫기",https://img.danuri.io/catalog-image/682/393/016/8a0523e380244191bea0aafd2b0c0aa9.jpg?shrink=130:130&_v=20260921080458,https://prod.danawa.com/info/?pcode=16393682&cate=112747
53,인텔,인텔 코어i5-12세대 12400T (엘더레이크),"378,000","인텔(소켓1700) / 6코어 / 12스레드 / 메모리 규격 : DDR5, DDR4 / 내장그래픽:탑재 / 10nm(인텔7) / 기본 클럭 : 1.8GHz / 최대 클럭 : 4.2GHz / L2 캐시 : 7.5MB / L3 캐시 : 18MB / PBP-MTP : 35-74W / PCIe5.0, 4.0 / 4800, 3200MHz / 인텔 UHD 730 / 기술 지원 : SMT(하이퍼스레딩) , 인텔 딥러닝부스트 , 옵테인 / 쿨러 : 미포함 닫기",https://img.danuri.io/catalog-image/980/811/017/1cb00c04c76b48878fd34848f134a81d.jpg?shrink=130:130&_v=20260913080451,https://prod.danawa.com/info/?pcode=17811980&cate=112747
54,인텔,인텔 코어i9-13세대 13900K (랩터레이크),"10,000,000","인텔(소켓1700) / P8+E16코어 / 16+16스레드 / 메모리 규격 : DDR5, DDR4 / 내장그래픽:탑재 / 10nm(인텔7) / 기본 클럭 : 3.0GHz / 최대 클럭 : 5.8GHz / L2 캐시 : 32MB / L3 캐시 : 36MB / PBP-MTP : 125-253W / PCIe5.0, 4.0 / 5600, 3200MHz / 인텔 UHD 770 / 기술 지원 : SMT(하이퍼스레딩) , 인텔 XTU , 인텔 딥러닝부스트 / 쿨러 : 미포함 / 시네벤치R23(싱글) : 2251 / 시네벤치R23(멀티) : 38207 / 출시가: 589달러 (VAT별도) 닫기",https://img.danuri.io/catalog-image/569/039/018/775922461b5740d4b3cf5a2f2373fe4d.jpg?shrink=130:130&_v=20260921080444,https://prod.danawa.com/info/?pcode=18039569&cate=112747
55,인텔,인텔 코어i7-13세대 13700F (랩터레이크),"525,000","인텔(소켓1700) / P8+E8코어 / 16+8스레드 / 메모리 규격 : DDR5, DDR4 / 내장그래픽:미탑재 / 10nm(인텔7) / 기본 클럭 : 2.1GHz / 최대 클럭 : 5.2GHz / L2 캐시 : 24MB / L3 캐시 : 30MB / PBP-MTP : 65-219W / PCIe5.0, 4.0 / 5600, 3200MHz / 기술 지원 : SMT(하이퍼스레딩) , 인텔 XTU , 인텔 퀵싱크 , 인텔 딥러닝부스트 / 쿨러 : 인텔 기본쿨러 포함 / 시네벤치R23(싱글) : 2019 / 시네벤치R23(멀티) : 28177 / 출시가: 359~369달러 (VAT별도) 닫기",https://img.danuri.io/catalog-image/379/640/018/0c10d52f3c304b62a3a35f16f57bd478.jpg?shrink=130:130&_v=20260921080444,https://prod.danawa.com/info/?pcode=18640379&cate=112747
56,인텔,인텔 코어i5-13세대 13400 (랩터레이크),"325,450","인텔(소켓1700) / P6+E4코어 / 12+4스레드 / 메모리 규격 : DDR5, DDR4 / 내장그래픽:탑재 / 10nm(인텔7) / 기본 클럭 : 2.5GHz / 최대 클럭 : 4.6GHz / L2 캐시 : 9.5MB / L3 캐시 : 20MB / PBP-MTP : 65-154W / PCIe5.0, 4.0 / 4800, 3200MHz / 인텔 UHD 730 / 기술 지원 : SMT(하이퍼스레딩) , 인텔 XTU , 인텔 퀵싱크 , 인텔 딥러닝부스트 / 쿨러 : 인텔 기본쿨러 포함 / 시네벤치R23(싱글) : 1785 / 시네벤치R23(멀티) : 15991 / 출시가: 221달러 (VAT별도) 닫기",https://img.danuri.io/catalog-image/286/640/018/ef6508d3712a4e35a10e3a17b5247e14.jpg?shrink=130:130&_v=20260921143318,https://prod.danawa.com/info/?pcode=18640286&cate=112747
57,인텔,인텔 코어i9-13세대 13900F (랩터레이크),"752,990","인텔(소켓1700) / P8+E16코어 / 16+16스레드 / 메모리 규격 : DDR5, DDR4 / 내장그래픽:미탑재 / 10nm(인텔7) / 기본 클럭 : 2.0GHz / 최대 클럭 : 5.6GHz / L2 캐시 : 32MB / L3 캐시 : 36MB / PBP-MTP : 65-219W / PCIe5.0, 4.0 / 5600, 3200MHz / 기술 지원 : SMT(하이퍼스레딩) , 인텔 XTU , 인텔 퀵싱크 , 인텔 딥러닝부스트 / 쿨러 : 인텔 기본쿨러 포함 / 시네벤치R23(싱글) : 2180 / 시네벤치R23(멀티) : 37135 / 출시가: 524~554달러 (VAT별도) 닫기",https://img.danuri.io/catalog-image/442/640/018/29a763fa09d04336bf74cb939d5458ce.jpg?shrink=130:130&_v=20260921080456,https://prod.danawa.com/info/?pcode=18640442&cate=112747
58,인텔,인텔 코어i5-13세대 13400F (랩터레이크),"389,000","인텔(소켓1700) / P6+E4코어 / 12+4스레드 / 메모리 규격 : DDR5, DDR4 / 내장그래픽:미탑재 / 10nm(인텔7) / 기본 클럭 : 2.5GHz / 최대 클럭 : 4.6GHz / L2 캐시 : 9.5MB / L3 캐시 : 20MB / PBP-MTP : 65-148W / PCIe5.0, 4.0 / 4800, 3200MHz / 기술 지원 : SMT(하이퍼스레딩) , 인텔 XTU , 인텔 퀵싱크 , 인텔 딥러닝부스트 / 쿨러 : 인텔 기본쿨러 포함 / 시네벤치R23(싱글) : 1789 / 시네벤치R23(멀티) : 14621 / 출시가: 196달러 (VAT별도) 닫기",https://img.danuri.io/catalog-image/280/640/018/8051d021c45f45c4929ea024c993e89b.jpg?shrink=130:130&_v=20260920080508,https://prod.danawa.com/info/?pcode=18640280&cate=112747
59,인텔,인텔 코어i7-13세대 13700K (랩터레이크),"667,600","인텔(소켓1700) / P8+E8코어 / 16+8스레드 / 메모리 규격 : DDR5, DDR4 / 내장그래픽:탑재 / 10nm(인텔7) / 기본 클럭 : 3.4GHz / 최대 클럭 : 5.4GHz / L2 캐시 : 24MB / L3 캐시 : 30MB / PBP-MTP : 125-253W / PCIe5.0, 4.0 / 5600, 3200MHz / 인텔 UHD 770 / 기술 지원 : SMT(하이퍼스레딩) , 인텔 XTU , 인텔 딥러닝부스트 / 쿨러 : 미포함 / 시네벤치R23(싱글) : 2093 / 시네벤치R23(멀티) : 29522 / 출시가: 409달러 (VAT별도) 닫기",https://img.danuri.io/catalog-image/374/039/018/c487c641780a445dab31e771c7679509.jpg?shrink=130:130&_v=20260921140137,https://prod.danawa.com/info/?pcode=18039374&cate=112747
60,인텔,인텔 코어i5-13세대 13500 (랩터레이크),"434,000","인텔(소켓1700) / P6+E8코어 / 12+8스레드 / 메모리 규격 : DDR5, DDR4 / 내장그래픽:탑재 / 10nm(인텔7) / 기본 클럭 : 2.5GHz / 최대 클럭 : 4.8GHz / L2 캐시 : 11.5MB / L3 캐시 : 24MB / PBP-MTP : 65-154W / PCIe5.0, 4.0 / 4800, 3200MHz / 인텔 UHD 770 / 기술 지원 : SMT(하이퍼스레딩) , 인텔 XTU , 인텔 퀵싱크 , 인텔 딥러닝부스트 / 쿨러 : 인텔 기본쿨러 포함 / 시네벤치R23(싱글) : 1866 / 시네벤치R23(멀티) : 20651 / 출시가: 232~242달러 (VAT별도) 닫기",https://img.danuri.io/catalog-image/319/640/018/2d1724db779b4cffab3375074a7d1407.jpg?shrink=130:130&_v=20260921080444,https://prod.danawa.com/info/?pcode=18640319&cate=112747
61,인텔,인텔 코어i9-13세대 13900 (랩터레이크),"1,043,700","인텔(소켓1700) / P8+E16코어 / 16+16스레드 / 메모리 규격 : DDR5, DDR4 / 내장그래픽:탑재 / 10nm(인텔7) / 기본 클럭 : 2.0GHz / 최대 클럭 : 5.6GHz / L2 캐시 : 32MB / L3 캐시 : 36MB / PBP-MTP : 65-219W / PCIe5.0, 4.0 / 5600, 3200MHz / 인텔 UHD 770 / 기술 지원 : SMT(하이퍼스레딩) , 인텔 XTU , 인텔 퀵싱크 , 인텔 딥러닝부스트 / 쿨러 : 인텔 기본쿨러 포함 / 시네벤치R23(싱글) : 2187 / 시네벤치R23(멀티) : 37457 / 출시가: 549~579달러 (VAT별도) 닫기",https://img.danuri.io/catalog-image/472/640/018/6db9d61ed43f4a419e3db875f2a6c229.jpg?shrink=130:130&_v=20260921080455,https://prod.danawa.com/info/?pcode=18640472&cate=112747
62,인텔,인텔 코어i3-13세대 13100 (랩터레이크),"497,990","인텔(소켓1700) / 4코어 / 8스레드 / 메모리 규격 : DDR5, DDR4 / 내장그래픽:탑재 / 10nm(인텔7) / 기본 클럭 : 3.4GHz / 최대 클럭 : 4.5GHz / L2 캐시 : 5MB / L3 캐시 : 12MB / PBP-MTP : 60-89W / PCIe5.0, 4.0 / 4800, 3200MHz / 인텔 UHD 730 / 기술 지원 : SMT(하이퍼스레딩) , 인텔 XTU , 인텔 퀵싱크 , 인텔 딥러닝부스트 / 쿨러 : 인텔 기본쿨러 포함 / 시네벤치R23(싱글) : 1697 / 시네벤치R23(멀티) : 8774 / 출시가: 134~144달러 (VAT별도) 닫기",https://img.danuri.io/catalog-image/205/640/018/48b5a35671af4e10b732ef91909801b2.jpg?shrink=130:130&_v=20260921080454,https://prod.danawa.com/info/?pcode=18640205&cate=112747
63,인텔,인텔 코어i9-13세대 13900KF (랩터레이크),"703,080","인텔(소켓1700) / P8+E16코어 / 16+16스레드 / 메모리 규격 : DDR5, DDR4 / 내장그래픽:미탑재 / 10nm(인텔7) / 기본 클럭 : 3.0GHz / 최대 클럭 : 5.8GHz / L2 캐시 : 32MB / L3 캐시 : 36MB / PBP-MTP : 125-253W / PCIe5.0, 4.0 / 5600, 3200MHz / 기술 지원 : SMT(하이퍼스레딩) , 인텔 XTU , 인텔 딥러닝부스트 / 쿨러 : 미포함 / 시네벤치R23(싱글) : 2258 / 시네벤치R23(멀티) : 38753 / 출시가: 564달러 (VAT별도) 닫기",https://img.danuri.io/catalog-image/512/039/018/ca3acaa79ed5434686ed9756740feb1f.jpg?shrink=130:130&_v=20260921080609,https://prod.danawa.com/info/?pcode=18039512&cate=112747
64,인텔,인텔 코어i5-13세대 13600KF (랩터레이크),"286,830","인텔(소켓1700) / P6+E8코어 / 12+8스레드 / 메모리 규격 : DDR5, DDR4 / 내장그래픽:미탑재 / 10nm(인텔7) / 기본 클럭 : 3.5GHz / 최대 클럭 : 5.1GHz / L2 캐시 : 20MB / L3 캐시 : 24MB / PBP-MTP : 125-181W / PCIe5.0, 4.0 / 5600, 3200MHz / 기술 지원 : SMT(하이퍼스레딩) , 인텔 XTU , 인텔 딥러닝부스트 / 쿨러 : 미포함 닫기",https://img.danuri.io/catalog-image/253/169/018/ea081ad887854243a80b622360de77da.jpg?shrink=130:130&_v=20260921080457,https://prod.danawa.com/info/?pcode=18169253&cate=112747
65,인텔,인텔 코어i5-13세대 13600K (랩터레이크),"410,000","인텔(소켓1700) / P6+E8코어 / 12+8스레드 / 메모리 규격 : DDR5, DDR4 / 내장그래픽:탑재 / 10nm(인텔7) / 기본 클럭 : 3.5GHz / 최대 클럭 : 5.1GHz / L2 캐시 : 20MB / L3 캐시 : 24MB / PBP-MTP : 125-181W / PCIe5.0, 4.0 / 5600, 3200MHz / 인텔 UHD 770 / 기술 지원 : SMT(하이퍼스레딩) , 인텔 XTU , 인텔 딥러닝부스트 / 쿨러 : 미포함 닫기",https://img.danuri.io/catalog-image/127/169/018/b7b14d8bea044f258d1a1021d20f4f8d.jpg?shrink=130:130&_v=20260921080457,https://prod.danawa.com/info/?pcode=18169127&cate=112747
66,인텔,인텔 코어i7-13세대 13700KF (랩터레이크),"386,410","인텔(소켓1700) / P8+E8코어 / 16+8스레드 / 메모리 규격 : DDR5, DDR4 / 내장그래픽:미탑재 / 10nm(인텔7) / 기본 클럭 : 3.4GHz / 최대 클럭 : 5.4GHz / L2 캐시 : 24MB / L3 캐시 : 30MB / PBP-MTP : 125-253W / PCIe5.0, 4.0 / 5600, 3200MHz / 기술 지원 : SMT(하이퍼스레딩) , 인텔 XTU , 인텔 딥러닝부스트 / 쿨러 : 미포함 닫기",https://img.danuri.io/catalog-image/013/184/018/9f988c8785d345c2b8784e066c5c2c0a.jpg?shrink=130:130&_v=20260921080609,https://prod.danawa.com/info/?pcode=18184013&cate=112747
67,인텔,인텔 코어i7-13세대 13700 (랩터레이크),"582,440","인텔(소켓1700) / P8+E8코어 / 16+8스레드 / 메모리 규격 : DDR5, DDR4 / 내장그래픽:탑재 / 10nm(인텔7) / 기본 클럭 : 2.1GHz / 최대 클럭 : 5.2GHz / L2 캐시 : 24MB / L3 캐시 : 30MB / PBP-MTP : 65-219W / PCIe5.0, 4.0 / 5600, 3200MHz / 인텔 UHD 770 / 기술 지원 : SMT(하이퍼스레딩) , 인텔 XTU , 인텔 퀵싱크 , 인텔 딥러닝부스트 / 쿨러 : 기본형 벌크쿨러 닫기",https://img.danuri.io/catalog-image/751/703/018/2c97b9008b12412191a6e79eea8283c6.jpg?shrink=130:130&_v=20260921080622,https://prod.danawa.com/info/?pcode=18703751&cate=112747
68,인텔,인텔 코어i5-13세대 13600 (랩터레이크),"336,710","인텔(소켓1700) / P6+E8코어 / 20스레드 / 메모리 규격 : DDR5, DDR4 / 내장그래픽:탑재 / 10nm(인텔7) / 기본 클럭 : 2.7GHz / 최대 클럭 : 5.0GHz / L2 캐시 : 11.5MB / L3 캐시 : 24MB / PBP-MTP : 65-154W / PCIe5.0, 4.0 / 4800, 3200MHz / 인텔 UHD 770 / 기술 지원 : SMT(하이퍼스레딩) , 인텔 딥러닝부스트 / 쿨러 : 미포함 닫기",https://img.danuri.io/catalog-image/350/125/103/516cac1793c04329a78f8c2b04e392a7.jpg?shrink=130:130&_v=20260921080458,https://prod.danawa.com/info/?pcode=103125350&cate=112747
69,인텔,인텔 코어i3-13세대 13100F (랩터레이크),"208,000","인텔(소켓1700) / 4코어 / 8스레드 / 메모리 규격 : DDR5, DDR4 / 내장그래픽:미탑재 / 10nm(인텔7) / 기본 클럭 : 3.4GHz / 최대 클럭 : 4.5GHz / L2 캐시 : 5MB / L3 캐시 : 12MB / PBP-MTP : 58-89W / PCIe5.0, 4.0 / 4800, 3200MHz / 기술 지원 : SMT(하이퍼스레딩) , 인텔 XTU , 인텔 딥러닝부스트 / 쿨러 : 기본형 벌크쿨러 닫기",https://img.danuri.io/catalog-image/614/702/018/c84602ba1dad4fc89b84302f353d348d.jpg?shrink=130:130&_v=20260921080622,https://prod.danawa.com/info/?pcode=18702614&cate=112747
70,인텔,인텔 코어i9-13세대 13900KS (랩터레이크),"1,100,000","인텔(소켓1700) / P8+E16코어 / 16+16스레드 / 메모리 규격 : DDR5, DDR4 / 내장그래픽:탑재 / 10nm(인텔7) / 기본 클럭 : 3.2GHz / 최대 클럭 : 6.0GHz / L2 캐시 : 32MB / L3 캐시 : 36MB / PBP-MTP : 150-253W / PCIe5.0, 4.0 / 5600, 3200MHz / 인텔 UHD 770 / 기술 지원 : SMT(하이퍼스레딩) , 인텔 XTU , 인텔 딥러닝부스트 / 쿨러 : 미포함 닫기",https://img.danuri.io/catalog-image/844/925/018/ca976017c96f4a44a1ce86617c1c8b92.jpg?shrink=130:130&_v=20260916080408,https://prod.danawa.com/info/?pcode=18925844&cate=112747
71,인텔,인텔 코어i9-13세대 13900T (랩터레이크),"971,490","인텔(소켓1700) / P8+E16코어 / 16+16스레드 / 메모리 규격 : DDR5, DDR4 / 내장그래픽:탑재 / 10nm(인텔7) / 기본 클럭 : 1.1GHz / 최대 클럭 : 5.3GHz / L2 캐시 : 32MB / L3 캐시 : 36MB / PBP-MTP : 35-106W / PCIe5.0, 4.0 / 5600, 3200MHz / 인텔 UHD 770 / 기술 지원 : SMT(하이퍼스레딩) , 인텔 XTU , 인텔 딥러닝부스트 / 쿨러 : 미포함 닫기",https://img.danuri.io/catalog-image/705/710/018/d10a1a0a69d74e86bf8a7d205a63b5ce.jpg?shrink=130:130&_v=20260921142539,https://prod.danawa.com/info/?pcode=18710705&cate=112747
72,인텔,인텔 코어i7-13세대 13700T (랩터레이크),"760,990","인텔(소켓1700) / P8+E8코어 / 16+8스레드 / 메모리 규격 : DDR5, DDR4 / 내장그래픽:탑재 / 10nm(인텔7) / 기본 클럭 : 1.4GHz / 최대 클럭 : 4.9GHz / L2 캐시 : 24MB / L3 캐시 : 30MB / PBP-MTP : 35-106W / PCIe5.0, 4.0 / 5600, 3200MHz / 인텔 UHD 770 / 기술 지원 : SMT(하이퍼스레딩) / 쿨러 : 미포함 닫기",https://img.danuri.io/catalog-image/336/665/018/c5412d069503499597e02b5bfbade172.jpg?shrink=130:130&_v=20260915080515,https://prod.danawa.com/info/?pcode=18665336&cate=112747
73,인텔,인텔 코어i5-13세대 13500T (랩터레이크),"477,990","인텔(소켓1700) / P6+E8코어 / 12+8스레드 / 메모리 규격 : DDR5, DDR4 / 내장그래픽:탑재 / 10nm(인텔7) / 기본 클럭 : 1.6GHz / 최대 클럭 : 4.6GHz / L2 캐시 : 11.5MB / L3 캐시 : 24MB / PBP-MTP : 35-92W / PCIe5.0, 4.0 / 4800, 3200MHz / 인텔 UHD 770 / 기술 지원 : SMT(하이퍼스레딩) / 쿨러 : 미포함 닫기",https://img.danuri.io/catalog-image/261/665/018/fc8258b24eed49ecbe1df8c944dca52a.jpg?shrink=130:130&_v=20260917080534,https://prod.danawa.com/info/?pcode=18665261&cate=112747
74,인텔,인텔 코어i3-13세대 13100T (랩터레이크),"477,990","인텔(소켓1700) / 4코어 / 8스레드 / 메모리 규격 : DDR5, DDR4 / 내장그래픽:탑재 / 10nm(인텔7) / 기본 클럭 : 2.5GHz / 최대 클럭 : 4.2GHz / L2 캐시 : 5MB / L3 캐시 : 12MB / PBP-MTP : 35-69W / PCIe5.0, 4.0 / 4800, 3200MHz / 인텔 UHD 730 / 기술 지원 : SMT(하이퍼스레딩) / 쿨러 : 미포함 닫기",https://img.danuri.io/catalog-image/090/665/018/1a3536a122d444718064401d0f914404.jpg?shrink=130:130&_v=20260915080533,https://prod.danawa.com/info/?pcode=18665090&cate=112747
75,인텔,인텔 코어i5-14세대 14400F (랩터레이크 리프레시),"232,690","인텔(소켓1700) / P6+E4코어 / 12+4스레드 / 메모리 규격 : DDR5, DDR4 / 내장그래픽:미탑재 / 10nm(인텔7) / 기본 클럭 : 2.5GHz / 최대 클럭 : 4.7GHz / L2 캐시 : 9.5MB / L3 캐시 : 20MB / PBP-MTP : 65-148W / PCIe5.0, 4.0 / 4800, 3200MHz / 기술 지원 : SMT(하이퍼스레딩) , 인텔 딥러닝부스트 / 쿨러 : 인텔 기본쿨러 포함 / 시네벤치R23(싱글) : 1790 / 시네벤치R23(멀티) : 17804 닫기",https://img.danuri.io/catalog-image/634/555/076/ab130cd78017482facccc38b49de78e5.jpg?shrink=130:130&_v=20260921124113,https://prod.danawa.com/info/?pcode=76555634&cate=112747
76,인텔,인텔 코어i5-14세대 14600KF (랩터레이크 리프레시),"296,980","인텔(소켓1700) / P6+E8코어 / 12+8스레드 / 메모리 규격 : DDR5, DDR4 / 내장그래픽:미탑재 / 10nm(인텔7) / 기본 클럭 : 3.5GHz / 최대 클럭 : 5.3GHz / L2 캐시 : 20MB / L3 캐시 : 24MB / PBP-MTP : 125-181W / PCIe5.0, 4.0 / 5600, 3200MHz / 기술 지원 : SMT(하이퍼스레딩) , 인텔 XTU , 인텔 퀵싱크 , 인텔 딥러닝부스트 / 쿨러 : 미포함 / 시네벤치R23(싱글) : 2054 / 시네벤치R23(멀티) : 24086 닫기",https://img.danuri.io/catalog-image/685/555/076/8a6d2c3e1859495999b726358e44aa13.jpg?shrink=130:130&_v=20260921124733,https://prod.danawa.com/info/?pcode=76555685&cate=112747
77,인텔,인텔 코어i5-14세대 14600K (랩터레이크 리프레시),"340,150","인텔(소켓1700) / P6+E8코어 / 12+8스레드 / 메모리 규격 : DDR5, DDR4 / 내장그래픽:탑재 / 10nm(인텔7) / 기본 클럭 : 3.5GHz / 최대 클럭 : 5.3GHz / L2 캐시 : 20MB / L3 캐시 : 24MB / PBP-MTP : 125-181W / PCIe5.0, 4.0 / 5600, 3200MHz / 인텔 UHD 770 / 기술 지원 : SMT(하이퍼스레딩) , 인텔 XTU , 인텔 퀵싱크 , 인텔 딥러닝부스트 / 쿨러 : 미포함 / 시네벤치R23(싱글) : 2069 / 시네벤치R23(멀티) : 25159 / 출시가: 319달러 (VAT별도) 닫기",https://img.danuri.io/catalog-image/654/799/028/38b3d57cd5814fdb82f9f83ed3744db3.jpg?shrink=130:130&_v=20260921130748,https://prod.danawa.com/info/?pcode=28799654&cate=112747
78,인텔,인텔 코어i5-14세대 14400 (랩터레이크 리프레시),"296,050","인텔(소켓1700) / P6+E4코어 / 12+4스레드 / 메모리 규격 : DDR5, DDR4 / 내장그래픽:탑재 / 10nm(인텔7) / 기본 클럭 : 2.5GHz / 최대 클럭 : 4.7GHz / L2 캐시 : 9.5MB / L3 캐시 : 20MB / PBP-MTP : 65-148W / PCIe5.0, 4.0 / 4800, 3200MHz / 인텔 UHD 730 / 기술 지원 : SMT(하이퍼스레딩) , 인텔 퀵싱크 , 인텔 딥러닝부스트 / 쿨러 : 인텔 기본쿨러 포함 / 시네벤치R23(싱글) : 1796 / 시네벤치R23(멀티) : 17802 / 출시가: 221달러 (VAT별도) 닫기",https://img.danuri.io/catalog-image/580/038/032/fedc01f6d2aa4138987969d7d6a649b1.jpg?shrink=130:130&_v=20260921133838,https://prod.danawa.com/info/?pcode=32038580&cate=112747
79,인텔,인텔 코어i3-14세대 14100 (랩터레이크 리프레시),"195,990","인텔(소켓1700) / P4코어 / 8스레드 / 메모리 규격 : DDR5, DDR4 / 탑재 / 10nm(인텔7) / 기본 클럭 : 3.5GHz / 최대 클럭 : 4.7GHz / L2 캐시 : 5MB / L3 캐시 : 12MB / PBP-MTP : 60-110W / PCIe5.0, 4.0 / 4800, 3200MHz / 인텔 UHD 730 / 기술 지원 : SMT(하이퍼스레딩) , 인텔 퀵싱크 , 인텔 딥러닝부스트 / 쿨러 : 인텔 기본쿨러 포함 / 시네벤치R23(싱글) : 1733 / 시네벤치R23(멀티) : 9285 / 출시가: 134달러 (VAT별도) 닫기",https://img.danuri.io/catalog-image/820/038/032/d4b05004d47248c2be63458fe341c611.jpg?shrink=130:130&_v=20260921124749,https://prod.danawa.com/info/?pcode=32038820&cate=112747
80,인텔,인텔 코어i9-14세대 14900K (랩터레이크 리프레시),"820,480","인텔(소켓1700) / P8+E16코어 / 16+16스레드 / 메모리 규격 : DDR5, DDR4 / 내장그래픽:탑재 / 10nm(인텔7) / 기본 클럭 : 3.2GHz / 최대 클럭 : 6.0GHz / L2 캐시 : 32MB / L3 캐시 : 36MB / PBP-MTP : 125-253W / PCIe5.0, 4.0 / 5600, 3200MHz / 인텔 UHD 770 / 기술 지원 : SMT(하이퍼스레딩) , 인텔 XTU , 인텔 퀵싱크 , 인텔 딥러닝부스트 / 쿨러 : 미포함 / 시네벤치R23(싱글) : 2277 / 시네벤치R23(멀티) : 40146 / 출시가: 589달러 (VAT별도) 닫기",https://img.danuri.io/catalog-image/964/798/028/96dc699919324998899285c7ad5dfc3e.jpg?shrink=130:130&_v=20260921080454,https://prod.danawa.com/info/?pcode=28798964&cate=112747
81,인텔,인텔 코어i5-14세대 14500 (랩터레이크 리프레시),"363,440","인텔(소켓1700) / P6+E8코어 / 12+8스레드 / 메모리 규격 : DDR5, DDR4 / 내장그래픽:탑재 / 10nm(인텔7) / 기본 클럭 : 2.6GHz / 최대 클럭 : 5.0GHz / L2 캐시 : 11.5MB / L3 캐시 : 24MB / PBP-MTP : 65-154W / PCIe5.0, 4.0 / 4800, 3200MHz / 인텔 UHD 770 / 기술 지원 : SMT(하이퍼스레딩) , 인텔 퀵싱크 , 인텔 딥러닝부스트 / 쿨러 : 인텔 기본쿨러 포함 / 시네벤치R23(싱글) : 1934 / 시네벤치R23(멀티) : 22045 / 출시가: 232달러 (VAT별도) 닫기",https://img.danuri.io/catalog-image/256/038/032/6496148c064e400390cab8666296cd72.jpg?shrink=130:130&_v=20260921080455,https://prod.danawa.com/info/?pcode=32038256&cate=112747
82,인텔,인텔 코어i7-14세대 14700 (랩터레이크 리프레시),"572,490","인텔(소켓1700) / P8+E12코어 / 16+12스레드 / 메모리 규격 : DDR5, DDR4 / 탑재 / 10nm(인텔7) / 기본 클럭 : 2.1GHz / 최대 클럭 : 5.4GHz / L2 캐시 : 28MB / L3 캐시 : 33MB / PBP-MTP : 65-219W / PCIe5.0, 4.0 / 5600, 3200MHz / 인텔 UHD 770 / 기술 지원 : SMT(하이퍼스레딩) , 인텔 XTU , 인텔 퀵싱크 , 인텔 딥러닝부스트 / 쿨러 : 인텔 기본쿨러 포함 / 시네벤치R23(싱글) : 2077 / 시네벤치R23(멀티) : 31928 / 출시가: 384달러 (VAT별도) 닫기",https://img.danuri.io/catalog-image/001/038/032/89f3a4b784fc4ffa88e8ab3425f890b9.jpg?shrink=130:130&_v=20260921133043,https://prod.danawa.com/info/?pcode=32038001&cate=112747
83,인텔,인텔 코어i7-14세대 14700F (랩터레이크 리프레시),"534,700","인텔(소켓1700) / P8+E12코어 / 16+12스레드 / 메모리 규격 : DDR5, DDR4 / 미탑재 / 10nm(인텔7) / 기본 클럭 : 2.1GHz / 최대 클럭 : 5.4GHz / L2 캐시 : 28MB / L3 캐시 : 33MB / PBP-MTP : 65-219W / PCIe5.0, 4.0 / 5600, 3200MHz / 기술 지원 : SMT(하이퍼스레딩) , 인텔 XTU , 인텔 퀵싱크 , 인텔 딥러닝부스트 / 쿨러 : 인텔 기본쿨러 포함 / 시네벤치R23(싱글) : 2091 / 시네벤치R23(멀티) : 32090 / 출시가: 359달러 (VAT별도) 닫기",https://img.danuri.io/catalog-image/936/156/032/8c5408962e284c9eb279b53934b68d84.jpg?shrink=130:130&_v=20260921133118,https://prod.danawa.com/info/?pcode=32156936&cate=112747
84,인텔,인텔 코어i7-14세대 14700KF (랩터레이크 리프레시),"491,160","인텔(소켓1700) / P8+E12코어 / 16+12스레드 / 메모리 규격 : DDR5, DDR4 / 내장그래픽:미탑재 / 10nm(인텔7) / 기본 클럭 : 3.4GHz / 최대 클럭 : 5.6GHz / L2 캐시 : 28MB / L3 캐시 : 33MB / PBP-MTP : 125-253W / PCIe5.0, 4.0 / 5600, 3200MHz / 기술 지원 : SMT(하이퍼스레딩) , 인텔 XTU , 인텔 퀵싱크 , 인텔 딥러닝부스트 / 쿨러 : 미포함 / 시네벤치R23(싱글) : 2145 / 시네벤치R23(멀티) : 35218 / 출시가: 384달러 (VAT별도) 닫기",https://img.danuri.io/catalog-image/498/799/028/3f8b616dc99a4c3cb07a2c2d1eff9b37.jpg?shrink=130:130&_v=20260921110303,https://prod.danawa.com/info/?pcode=28799498&cate=112747
85,인텔,인텔 코어i3-14세대 14100F (랩터레이크 리프레시),"152,080","인텔(소켓1700) / P4코어 / 8스레드 / 메모리 규격 : DDR5, DDR4 / 내장그래픽:미탑재 / 10nm(인텔7) / 기본 클럭 : 3.5GHz / 최대 클럭 : 4.7GHz / L2 캐시 : 5MB / L3 캐시 : 12MB / PBP-MTP : 58-110W / PCIe5.0, 4.0 / 4800, 3200MHz / 기술 지원 : SMT(하이퍼스레딩) , 인텔 딥러닝부스트 / 쿨러 : 인텔 기본쿨러 포함 / 시네벤치R23(싱글) : 1724 / 시네벤치R23(멀티) : 9348 / 출시가: 109달러 (VAT별도) 닫기",https://img.danuri.io/catalog-image/895/038/032/4bbab872688149088c77e2cfb57b5182.jpg?shrink=130:130&_v=20260921111923,https://prod.danawa.com/info/?pcode=32038895&cate=112747
86,인텔,인텔 코어i9-14세대 14900KF (랩터레이크 리프레시),"711,120","인텔(소켓1700) / P8+E16코어 / 16+16스레드 / 메모리 규격 : DDR5, DDR4 / 내장그래픽:미탑재 / 10nm(인텔7) / 기본 클럭 : 3.2GHz / 최대 클럭 : 6.0GHz / L2 캐시 : 32MB / L3 캐시 : 36MB / PBP-MTP : 125-253W / PCIe5.0, 4.0 / 5600, 3200MHz / 기술 지원 : SMT(하이퍼스레딩) , 인텔 XTU , 인텔 퀵싱크 , 인텔 딥러닝부스트 / 쿨러 : 미포함 / 시네벤치R23(싱글) : 2268 / 시네벤치R23(멀티) : 40408 / 출시가: 564달러 (VAT별도) 닫기",https://img.danuri.io/catalog-image/180/799/028/000c1a5a21c84f8396c37b39faf0a923.jpg?shrink=130:130&_v=20260920080523,https://prod.danawa.com/info/?pcode=28799180&cate=112747
87,인텔,인텔 코어i9-14세대 14900F (랩터레이크 리프레시),"824,990","인텔(소켓1700) / P8+E16코어 / 16+16스레드 / 메모리 규격 : DDR5, DDR4 / 내장그래픽:미탑재 / 10nm(인텔7) / 기본 클럭 : 2.0GHz / 최대 클럭 : 5.8GHz / L2 캐시 : 32MB / L3 캐시 : 36MB / PBP-MTP : 65-219W / PCIe5.0, 4.0 / 5600, 3200MHz / 기술 지원 : SMT(하이퍼스레딩) , 인텔 XTU , 인텔 딥러닝부스트 / 쿨러 : 인텔 기본쿨러 포함 / 시네벤치R23(싱글) : 2232 / 시네벤치R23(멀티) : 39577 / 출시가: 524달러 (VAT별도) 닫기",https://img.danuri.io/catalog-image/701/037/032/46a5a40a885b48ce8b92e6305fe767d9.jpg?shrink=130:130&_v=20260921095651,https://prod.danawa.com/info/?pcode=32037701&cate=112747
88,인텔,인텔 코어i9-14세대 14900 (랩터레이크 리프레시),"857,310","인텔(소켓1700) / P8+E16코어 / 16+16스레드 / 메모리 규격 : DDR5, DDR4 / 내장그래픽:탑재 / 10nm(인텔7) / 기본 클럭 : 2.0GHz / 최대 클럭 : 5.8GHz / L3 캐시 : 36MB / PBP-MTP : 65-219W / PCIe5.0, 4.0 / 5600, 3200MHz / 인텔 UHD 770 / 기술 지원 : SMT(하이퍼스레딩) , 인텔 XTU , 인텔 퀵싱크 , 인텔 딥러닝부스트 / 쿨러 : 인텔 기본쿨러 포함 / 시네벤치R23(싱글) : 2242 / 시네벤치R23(멀티) : 39575 / 출시가: 549달러 (VAT별도) 닫기",https://img.danuri.io/catalog-image/824/037/032/d77e8dfb0c804baabd401e121b1053a5.jpg?shrink=130:130&_v=20260921105728,https://prod.danawa.com/info/?pcode=32037824&cate=112747
89,인텔,인텔 코어i7-14세대 14700K (랩터레이크 리프레시),"780,000","인텔(소켓1700) / P8+E12코어 / 16+12스레드 / 메모리 규격 : DDR5, DDR4 / 내장그래픽:탑재 / 10nm(인텔7) / 기본 클럭 : 3.4GHz / 최대 클럭 : 5.6GHz / L2 캐시 : 28MB / L3 캐시 : 33MB / PBP-MTP : 125-253W / PCIe5.0, 4.0 / 5600, 3200MHz / 인텔 UHD 770 / 기술 지원 : SMT(하이퍼스레딩) , 인텔 XTU , 인텔 퀵싱크 , 인텔 딥러닝부스트 / 쿨러 : 미포함 / 시네벤치R23(싱글) : 2069 / 시네벤치R23(멀티) : 34818 / 출시가: 409달러 (VAT별도) 닫기",https://img.danuri.io/catalog-image/435/799/028/00ff65d03d6c40d894576c0992a6b1aa.jpg?shrink=130:130&_v=20260921080609,https://prod.danawa.com/info/?pcode=28799435&cate=112747
90,인텔,인텔 코어i9-14세대 14900KS (랩터레이크 리프레시),"1,150,000","인텔(소켓1700) / P8+E16코어 / 16+16스레드 / 메모리 규격 : DDR5, DDR4 / 탑재 / 10nm(인텔7) / 기본 클럭 : 3.2GHz / 최대 클럭 : 6.2GHz / L2 캐시 : 32MB / L3 캐시 : 36MB / PBP-MTP : 150-410W / PCIe5.0, 4.0 / 5600, 3200MHz / 인텔 UHD 770 / 기술 지원 : SMT(하이퍼스레딩) , 인텔 XTU , 인텔 퀵싱크 , 인텔 딥러닝부스트 / 쿨러 : 미포함 / 시네벤치R23(싱글) : 2305 / 시네벤치R23(멀티) : 40392 / 출시가: 749달러 (VAT별도) 닫기",https://img.danuri.io/catalog-image/423/895/040/475676cb2a1346f7a20c0c4e60661796.jpg?shrink=130:130&_v=20260921080458,https://prod.danawa.com/info/?pcode=40895423&cate=112747
91,인텔,인텔 코어i3-14세대 14100T (랩터레이크 리프레시),"281,280","인텔(소켓1700) / P4코어 / 8스레드 / 메모리 규격 : DDR5, DDR4 / 내장그래픽:탑재 / 10nm(인텔7) / 기본 클럭 : 2.7GHz / 최대 클럭 : 4.4GHz / L2 캐시 : 5MB / L3 캐시 : 12MB / PBP-MTP : 35-69W / PCIe5.0, 4.0 / 4800, 3200MHz / 인텔 UHD 730 / 기술 지원 : SMT(하이퍼스레딩) , 인텔 딥러닝부스트 / 쿨러 : 미포함 닫기",https://img.danuri.io/catalog-image/280/464/032/c67b1cde57fe46b59d31a03bea2f451d.jpg?shrink=130:130&_v=20260921080621,https://prod.danawa.com/info/?pcode=32464280&cate=112747
92,인텔,인텔 코어i5-14세대 14500T (랩터레이크 리프레시),"397,730","인텔(소켓1700) / P6+E8코어 / 12+8스레드 / 메모리 규격 : DDR5, DDR4 / 내장그래픽:탑재 / 10nm(인텔7) / 기본 클럭 : 1.7GHz / 최대 클럭 : 4.8GHz / L2 캐시 : 11.5MB / L3 캐시 : 24MB / PBP-MTP : 35-92W / PCIe5.0, 4.0 / 4800, 3200MHz / 인텔 UHD 770 / 기술 지원 : SMT(하이퍼스레딩) , 인텔 딥러닝부스트 / 쿨러 : 미포함 닫기",https://img.danuri.io/catalog-image/899/463/032/a52fef33a7e947b0ae3d53d812ebf050.jpg?shrink=130:130&_v=20260921140125,https://prod.danawa.com/info/?pcode=32463899&cate=112747
93,인텔,인텔 코어i7-14세대 14700T (랩터레이크 리프레시),"761,000","인텔(소켓1700) / P8+E12코어 / 16+12스레드 / 메모리 규격 : DDR5, DDR4 / 내장그래픽:탑재 / 10nm(인텔7) / 기본 클럭 : 1.3GHz / 최대 클럭 : 5.2GHz / L2 캐시 : 28MB / L3 캐시 : 33MB / PBP-MTP : 35-106W / PCIe5.0, 4.0 / 5600, 3200MHz / 인텔 UHD 770 / 기술 지원 : SMT(하이퍼스레딩) , 인텔 딥러닝부스트 / 쿨러 : 미포함 닫기",https://img.danuri.io/catalog-image/785/457/032/447d3bca0a7c4462ab47800fe597e40d.jpg?shrink=130:130&_v=20260921080609,https://prod.danawa.com/info/?pcode=32457785&cate=112747
94,인텔,인텔 코어i9-14세대 14900T (랩터레이크 리프레시),"978,990","인텔(소켓1700) / P8+E16코어 / 16+16스레드 / 메모리 규격 : DDR5, DDR4 / 내장그래픽:탑재 / 10nm(인텔7) / 기본 클럭 : 1.1GHz / 최대 클럭 : 5.5GHz / L2 캐시 : 32MB / L3 캐시 : 36MB / PBP-MTP : 35-106W / PCIe5.0, 4.0 / 5600, 3200MHz / 인텔 UHD 770 / 기술 지원 : SMT(하이퍼스레딩) , 인텔 딥러닝부스트 / 쿨러 : 미포함 닫기",https://img.danuri.io/catalog-image/732/444/032/964e4dd78b3e46a49846b7ec9fd7ebd3.jpg?shrink=130:130&_v=20260921080444,https://prod.danawa.com/info/?pcode=32444732&cate=112747
95,인텔,인텔 코어 울트라7 시리즈2 270K Plus (애로우레이크 리프레시),"501,390","인텔(소켓1851) / P8+E16코어 / 24스레드 / 메모리 규격 : DDR5 / 탑재 / TSMC 3nm / 기본 클럭 : 3.7GHz / 최대 클럭 : 5.5GHz / L2 캐시 : 40MB / L3 캐시 : 36MB / PBP-MTP : 125-250W / PCIe5.0, 4.0 / 7200MHz / 인텔 그래픽스(Xe LPG) / 기술 지원 : 인텔 XTU , 인텔 퀵싱크 , 인텔 딥러닝부스트 / 쿨러 : 미포함 닫기",https://img.danuri.io/catalog-image/286/424/108/99707b6716c34b4ca86d6b09e240bd54.jpeg?shrink=130:130&_v=20260921110119,https://prod.danawa.com/info/?pcode=108424286&cate=112747
96,인텔,인텔 코어 울트라5 시리즈2 250K Plus (애로우레이크 리프레시),"342,240","인텔(소켓1851) / P6+E12코어 / 18스레드 / 메모리 규격 : DDR5 / 탑재 / TSMC 3nm / 기본 클럭 : 4.2GHz / 최대 클럭 : 5.3GHz / L2 캐시 : 30MB / L3 캐시 : 30MB / PBP-MTP : 125-159W / PCIe5.0, 4.0 / 7200MHz / 인텔 그래픽스(Xe LPG) / 기술 지원 : 인텔 XTU , 인텔 퀵싱크 , 인텔 딥러닝부스트 / 쿨러 : 미포함 닫기",https://img.danuri.io/catalog-image/451/424/108/028b5a624a2040858e8e6fce9ae93d0d.jpg?shrink=130:130&_v=20260921110218,https://prod.danawa.com/info/?pcode=108424451&cate=112747
97,인텔,인텔 코어 울트라9 시리즈2 285K (애로우레이크),"923,990","인텔(소켓1851) / P8+E16코어 / 24스레드 / 메모리 규격 : DDR5 / 탑재 / TSMC 3nm / 기본 클럭 : 3.7GHz / 최대 클럭 : 5.7GHz / L2 캐시 : 40MB / L3 캐시 : 36MB / PBP-MTP : 125-250W / PCIe5.0, 4.0 / 6400MHz / 인텔 그래픽스(Xe LPG) / 기술 지원 : 인텔 XTU , 인텔 퀵싱크 , 인텔 딥러닝부스트 / 쿨러 : 미포함 / 시네벤치R23(싱글) : 2320 / 시네벤치R23(멀티) : 41558 / 출시가: 589달러(VAT별도) 닫기",https://img.danuri.io/catalog-image/459/059/069/f596f70b1f41408199e406a42713293e.jpeg?shrink=130:130&_v=20260921110329,https://prod.danawa.com/info/?pcode=69059459&cate=112747
98,인텔,인텔 코어 울트라5 시리즈2 225 (애로우레이크),"283,990","인텔(소켓1851) / P6+E4코어 / 10스레드 / 메모리 규격 : DDR5 / 탑재 / TSMC 3nm / 기본 클럭 : 3.3GHz / 최대 클럭 : 4.9GHz / L2 캐시 : 22MB / L3 캐시 : 20MB / PBP-MTP : 65-121W / PCIe5.0, 4.0 / 6400MHz / 인텔 그래픽스(Xe LPG) / 기술 지원 : 인텔 퀵싱크 , 인텔 딥러닝부스트 / 쿨러 : 인텔 기본쿨러 포함 / 시네벤치R23(싱글) : 2081 / 시네벤치R23(멀티) : 17050 / 출시가: 236달러(VAT별도) 닫기",https://img.danuri.io/catalog-image/084/123/074/681b0e546dbf411e8e24e0aab0b19849.jpg?shrink=130:130&_v=20260921110219,https://prod.danawa.com/info/?pcode=74123084&cate=112747
99,인텔,인텔 코어 울트라7 시리즈2 265KF (애로우레이크),"477,000","인텔(소켓1851) / P8+E12코어 / 20스레드 / 메모리 규격 : DDR5 / 내장그래픽:미탑재 / TSMC 3nm / 기본 클럭 : 3.9GHz / 최대 클럭 : 5.5GHz / L2 캐시 : 36MB / L3 캐시 : 30MB / PBP-MTP : 125-250W / PCIe5.0, 4.0 / 6400MHz / 기술 지원 : 인텔 XTU , 인텔 딥러닝부스트 / 쿨러 : 미포함 / 시네벤치R23(싱글) : 2309 / 시네벤치R23(멀티) : 37278 / 출시가: 379달러(VAT별도) 닫기",https://img.danuri.io/catalog-image/723/059/069/0e0953994b2d48eebcdb524dc9b73469.jpg?shrink=130:130&_v=20260921080444,https://prod.danawa.com/info/?pcode=69059723&cate=112747
100,인텔,인텔 코어 울트라7 시리즈2 265K (애로우레이크),"508,000","인텔(소켓1851) / P8+E12코어 / 20스레드 / 메모리 규격 : DDR5 / 탑재 / TSMC 3nm / 기본 클럭 : 3.9GHz / 최대 클럭 : 5.5GHz / L2 캐시 : 36MB / L3 캐시 : 30MB / PBP-MTP : 125-250W / PCIe5.0, 4.0 / 6400MHz / 인텔 그래픽스(Xe LPG) / 기술 지원 : 인텔 XTU , 인텔 퀵싱크 , 인텔 딥러닝부스트 / 쿨러 : 미포함 / 시네벤치R23(싱글) : 2304 / 시네벤치R23(멀티) : 36309 / 출시가: 394달러(VAT별도) 닫기",https://img.danuri.io/catalog-image/687/059/069/cc8f82a9b77145369c850e01fd6fe9ea.jpg?shrink=130:130&_v=20260921140948,https://prod.danawa.com/info/?pcode=69059687&cate=112747
101,인텔,인텔 코어 울트라5 시리즈2 245K (애로우레이크),"320,280","인텔(소켓1851) / P6+E8코어 / 14스레드 / 메모리 규격 : DDR5 / 내장그래픽:탑재 / TSMC 3nm / 기본 클럭 : 4.2GHz / 최대 클럭 : 5.2GHz / L2 캐시 : 26MB / L3 캐시 : 24MB / PBP-MTP : 125-159W / PCIe5.0, 4.0 / 6400MHz / 인텔 그래픽스(Xe LPG) / 기술 지원 : 인텔 XTU , 인텔 퀵싱크 , 인텔 딥러닝부스트 / 쿨러 : 미포함 / 시네벤치R23(싱글) : 2114 / 시네벤치R23(멀티) : 24935 / 출시가: 309달러(VAT별도) 닫기",https://img.danuri.io/catalog-image/753/059/069/1742d30858614f50b2c7c952723b3fb7.jpg?shrink=130:130&_v=20260921140223,https://prod.danawa.com/info/?pcode=69059753&cate=112747
102,인텔,인텔 코어 울트라5 시리즈2 225F (애로우레이크),"214,930","인텔(소켓1851) / P6+E4코어 / 10스레드 / 메모리 규격 : DDR5 / 내장그래픽:미탑재 / TSMC 3nm / 기본 클럭 : 3.3GHz / 최대 클럭 : 4.9GHz / L2 캐시 : 22MB / L3 캐시 : 20MB / PBP-MTP : 65-121W / PCIe5.0, 4.0 / 6400MHz / 기술 지원 : 인텔 딥러닝부스트 / 쿨러 : 인텔 기본쿨러 포함 / 출시가: 221달러(VAT별도) 닫기",https://img.danuri.io/catalog-image/111/123/074/c3c593b37f8c42a2b1f2d040adc4025e.jpg?shrink=130:130&_v=20260921110223,https://prod.danawa.com/info/?pcode=74123111&cate=112747
103,인텔,인텔 코어 울트라5 시리즈2 250KF Plus (애로우레이크 리프레시),"328,930","인텔(소켓1851) / P6+E12코어 / 18스레드 / 메모리 규격 : DDR5 / 미탑재 / TSMC 3nm / 기본 클럭 : 4.2GHz / 최대 클럭 : 5.3GHz / L2 캐시 : 30MB / L3 캐시 : 30MB / PBP-MTP : 125-159W / PCIe5.0, 4.0 / 7200MHz / 기술 지원 : 인텔 XTU , 인텔 퀵싱크 , 인텔 딥러닝부스트 / 쿨러 : 미포함 닫기",https://img.danuri.io/catalog-image/457/424/108/28d0ca17564b4546af665b26bdd8d4a5.jpg?shrink=130:130&_v=20260921135028,https://prod.danawa.com/info/?pcode=108424457&cate=112747
104,인텔,인텔 코어 울트라9 시리즈2 285 (애로우레이크),"904,000","인텔(소켓1851) / P8+E16코어 / 24스레드 / 메모리 규격 : DDR5 / 내장그래픽:탑재 / TSMC 3nm / 기본 클럭 : 2.5GHz / 최대 클럭 : 5.6GHz / L2 캐시 : 40MB / L3 캐시 : 36MB / PBP-MTP : 65-182W / PCIe5.0, 4.0 / 6400MHz / 인텔 그래픽스(Xe LPG) / 기술 지원 : 인텔 퀵싱크 , 인텔 딥러닝부스트 / 쿨러 : 인텔 기본쿨러 포함 / 시네벤치R23(싱글) : 2180 / 시네벤치R23(멀티) : 33289 / 출시가: 549달러(VAT별도) 닫기",https://img.danuri.io/catalog-image/559/122/074/6b23d56f75924a01903a5adace2b1518.jpg?shrink=130:130&_v=20260921080609,https://prod.danawa.com/info/?pcode=74122559&cate=112747
105,인텔,인텔 코어 울트라5 시리즈2 245KF (애로우레이크),"289,670","인텔(소켓1851) / P6+E8코어 / 14스레드 / 메모리 규격 : DDR5 / 내장그래픽:미탑재 / TSMC 3nm / 기본 클럭 : 4.2GHz / 최대 클럭 : 5.2GHz / L2 캐시 : 26MB / L3 캐시 : 24MB / PBP-MTP : 125-159W / PCIe5.0, 4.0 / 6400MHz / 기술 지원 : 인텔 XTU , 인텔 딥러닝부스트 / 쿨러 : 미포함 / 시네벤치R23(싱글) : 2123 / 시네벤치R23(멀티) : 25589 / 출시가: 294달러(VAT별도) 닫기",https://img.danuri.io/catalog-image/771/059/069/0b801a077f3c4e5eac495bd1957e087a.jpg?shrink=130:130&_v=20260921110120,https://prod.danawa.com/info/?pcode=69059771&cate=112747
106,인텔,인텔 코어 울트라5 시리즈2 235 (애로우레이크),"411,000","인텔(소켓1851) / P6+E8코어 / 14스레드 / 메모리 규격 : DDR5 / 내장그래픽:탑재 / TSMC 3nm / 기본 클럭 : 3.4GHz / 최대 클럭 : 5.0GHz / L2 캐시 : 26MB / L3 캐시 : 24MB / PBP-MTP : 65-121W / PCIe5.0, 4.0 / 6400MHz / 인텔 그래픽스(Xe LPG) / 기술 지원 : 인텔 퀵싱크 , 인텔 딥러닝부스트 / 쿨러 : 인텔 기본쿨러 포함 / 시네벤치R23(싱글) : 2108 / 시네벤치R23(멀티) : 22689 / 출시가: 247달러(VAT별도) 닫기",https://img.danuri.io/catalog-image/036/123/074/e32daea76ebc4b3bbadc0e1f898eaa83.jpg?shrink=130:130&_v=20260921102724,https://prod.danawa.com/info/?pcode=74123036&cate=112747
107,인텔,인텔 코어 울트라7 시리즈2 265 (애로우레이크),"552,420","인텔(소켓1851) / P8+E12코어 / 20스레드 / 메모리 규격 : DDR5 / 내장그래픽:탑재 / TSMC 3nm / 기본 클럭 : 2.4GHz / 최대 클럭 : 5.3GHz / L2 캐시 : 36MB / L3 캐시 : 30MB / PBP-MTP : 65-182W / PCIe5.0, 4.0 / 6400MHz / 인텔 그래픽스(Xe LPG) / 기술 지원 : 인텔 퀵싱크 , 인텔 딥러닝부스트 / 쿨러 : 기본형 벌크쿨러 닫기",https://img.danuri.io/catalog-image/820/583/096/f899f45e10804e2786e35cc9281a41a4.jpg?shrink=130:130&_v=20260921080622,https://prod.danawa.com/info/?pcode=96583820&cate=112747
108,인텔,인텔 코어 울트라7 시리즈2 265F (애로우레이크),"534,000","인텔(소켓1851) / P8+E12코어 / 20스레드 / 메모리 규격 : DDR5 / 내장그래픽:미탑재 / TSMC 3nm / 기본 클럭 : 2.4GHz / 최대 클럭 : 5.3GHz / L2 캐시 : 36MB / L3 캐시 : 30MB / PBP-MTP : 65-182W / PCIe5.0, 4.0 / 6400MHz / 기술 지원 : 인텔 딥러닝부스트 / 쿨러 : 인텔 기본쿨러 포함 / 시네벤치R23(싱글) : 2152 / 시네벤치R23(멀티) : 28914 / 출시가: 369달러(VAT별도) 닫기",https://img.danuri.io/catalog-image/937/122/074/4cfb925ce5ff4d5fa05ef04f8dd7be03.jpg?shrink=130:130&_v=20260921080456,https://prod.danawa.com/info/?pcode=74122937&cate=112747
109,인텔,인텔 코어 울트라5 시리즈2 245 (애로우레이크),"368,000","인텔(소켓1851) / P6+E8코어 / 14스레드 / 메모리 규격 : DDR5 / 내장그래픽:탑재 / TSMC 3nm / 기본 클럭 : 3.5GHz / 최대 클럭 : 5.1GHz / L2 캐시 : 26MB / L3 캐시 : 24MB / PBP-MTP : 65-121W / PCIe5.0, 4.0 / 6400MHz / 인텔 그래픽스(Xe LPG) / 기술 지원 : 인텔 퀵싱크 , 인텔 딥러닝부스트 / 쿨러 : 미포함 닫기",https://img.danuri.io/catalog-image/243/500/093/21209dcd1e0544d0aef5f45ce527f7d8.jpg?shrink=130:130&_v=20260921105751,https://prod.danawa.com/info/?pcode=93500243&cate=112747
110,인텔,인텔 코어 울트라9 시리즈2 285T (애로우레이크),"1,005,860","인텔(소켓1851) / P8+E16코어 / 24스레드 / 메모리 규격 : DDR5 / 내장그래픽:탑재 / TSMC 3nm / 기본 클럭 : 1.4GHz / 최대 클럭 : 5.4GHz / L2 캐시 : 40MB / L3 캐시 : 36MB / PBP-MTP : 35-112W / PCIe5.0, 4.0 / 6400MHz / 인텔 그래픽스(Xe LPG) / 기술 지원 : 인텔 딥러닝부스트 / 쿨러 : 미포함 닫기",https://img.danuri.io/catalog-image/643/583/096/02206308b8194098af65e9d286804cd0.jpg?shrink=130:130&_v=20260921140229,https://prod.danawa.com/info/?pcode=96583643&cate=112747
111,인텔,인텔 코어 울트라5 시리즈2 235T (애로우레이크),"508,990","인텔(소켓1851) / P6+E8코어 / 14스레드 / 메모리 규격 : DDR5 / 내장그래픽:탑재 / TSMC 3nm / 기본 클럭 : 2.2GHz / 최대 클럭 : 5.0GHz / L2 캐시 : 26MB / L3 캐시 : 24MB / PBP-MTP : 35-114W / PCIe5.0, 4.0 / 6400MHz / 인텔 그래픽스(Xe LPG) / 기술 지원 : 인텔 딥러닝부스트 / 쿨러 : 미포함 닫기",https://img.danuri.io/catalog-image/405/584/096/298e42e0394640e3b5995c7979757ed2.jpg?shrink=130:130&_v=20260921080458,https://prod.danawa.com/info/?pcode=96584405&cate=112747
112,인텔,인텔 코어 울트라7 시리즈2 265T (애로우레이크),"734,990","인텔(소켓1851) / P8+E12코어 / 20스레드 / 메모리 규격 : DDR5 / 내장그래픽:탑재 / TSMC 3nm / 기본 클럭 : 1.5GHz / 최대 클럭 : 5.3GHz / L2 캐시 : 36MB / L3 캐시 : 30MB / PBP-MTP : 35-112W / PCIe5.0, 4.0 / 6400MHz / 인텔 그래픽스(Xe LPG) / 쿨러 : 미포함 닫기",https://img.danuri.io/catalog-image/015/584/096/e5ee7b3107f74588b8679b6e6dcc2b5c.jpg?shrink=130:130&_v=20260921080444,https://prod.danawa.com/info/?pcode=96584015&cate=112747
113,인텔,인텔 코어 울트라5 시리즈2 225T (애로우레이크),"487,310","인텔(소켓1851) / P6+E4코어 / 10스레드 / 메모리 규격 : DDR5 / 내장그래픽:탑재 / TSMC 3nm / 기본 클럭 : 2.5GHz / 최대 클럭 : 4.9GHz / L2 캐시 : 22MB / L3 캐시 : 20MB / PBP-MTP : 35-114W / PCIe5.0, 4.0 / 6400MHz / 인텔 그래픽스(Xe LPG) / 기술 지원 : 인텔 딥러닝부스트 / 쿨러 : 미포함 닫기",https://img.danuri.io/catalog-image/438/584/096/83c68b8dafc045819b06104d70534f5b.jpg?shrink=130:130&_v=20260921080442,https://prod.danawa.com/info/?pcode=96584438&cate=112747
114,AMD,AMD 라이젠5-2세대 3400G (피카소),"104,710","AMD(소켓AM4) / 4코어 / 8스레드 / 메모리 규격 : DDR4 / 탑재 / 2세대(Zen+) / 12nm / 기본 클럭 : 3.7GHz / 최대 클럭 : 4.2GHz / L2 캐시 : 2MB / L3 캐시 : 4MB / TDP : 65W / PCIe3.0 / 2933MHz / AMD 라데온 Vega 11 / 기술 지원 : SMT(하이퍼스레딩) , SenseMI / 쿨러 : Wraith Spire 포함 닫기",https://img.danuri.io/catalog-image/534/176/010/8dd9987e27d84fb9850e616539f7a4af.jpg?shrink=130:130&_v=20260921124734,https://prod.danawa.com/info/?pcode=10176534&cate=112747
115,AMD,AMD 라이젠5-3세대 3600 (마티스),"115,380","AMD(소켓AM4) / 6코어 / 12스레드 / 메모리 규격 : DDR4 / 미탑재 / 3세대(Zen2) / 7nm / 기본 클럭 : 3.6GHz / 최대 클럭 : 4.2GHz / L2 캐시 : 3MB / L3 캐시 : 32MB / TDP : 65W / PCIe4.0 / 3200MHz / 기술 지원 : StoreMI , SMT(하이퍼스레딩) , SenseMI / 쿨러 : Wraith Stealth 포함 닫기",https://img.danuri.io/catalog-image/092/861/010/57d9462a440f40f3b39bff0158d13848.jpg?shrink=130:130&_v=20260921080444,https://prod.danawa.com/info/?pcode=10861092&cate=112747
116,AMD,AMD 라이젠9-3세대 3900X (마티스),"1,500,000","AMD(소켓AM4) / 12코어 / 24스레드 / 메모리 규격 : DDR4 / 미탑재 / 3세대(Zen2) / 7nm / 기본 클럭 : 3.8GHz / 최대 클럭 : 4.6GHz / L2 캐시 : 6MB / L3 캐시 : 64MB / TDP : 105W / PCIe4.0 / 3200MHz / 기술 지원 : StoreMI , SMT(하이퍼스레딩) , SenseMI / 쿨러 : Wraith PRISM 포함 / 출시가: 499달러(VAT별도) 닫기",https://img.danuri.io/catalog-image/111/457/008/7a501f31287d44af836da41a35a88ce9.jpg?shrink=130:130&_v=20260921080404,https://prod.danawa.com/info/?pcode=8457111&cate=112747
117,AMD,AMD 라이젠3-2세대 3200G (피카소),"87,700",AMD(소켓AM4) / 4코어 / 4스레드 / 메모리 규격 : DDR4 / 탑재 / 2세대(Zen+) / 12nm / 기본 클럭 : 3.6GHz / 최대 클럭 : 4GHz / L2 캐시 : 2MB / L3 캐시 : 4MB / TDP : 65W / PCIe3.0 / 2933MHz / AMD 라데온 Vega 8 / 기술 지원 : SenseMI / 쿨러 : Wraith Stealth 포함 / 출시가: 99달러(VAT별도) 닫기,https://img.danuri.io/catalog-image/291/460/008/a24eac89501a4973b2fe9a9b5d003cd0.jpg?shrink=130:130&_v=20260921080454,https://prod.danawa.com/info/?pcode=8460291&cate=112747
118,AMD,AMD 라이젠3-3세대 3300X (마티스),"270,000","AMD(소켓AM4) / 4코어 / 8스레드 / 메모리 규격 : DDR4 / 미탑재 / 3세대(Zen2) / 7nm / 기본 클럭 : 3.8GHz / 최대 클럭 : 4.3GHz / L2 캐시 : 2MB / L3 캐시 : 16MB / TDP : 65W / PCIe4.0 / 3200MHz / 기술 지원 : StoreMI , SMT(하이퍼스레딩) , SenseMI / 쿨러 : Wraith Stealth 포함 닫기",https://img.danuri.io/catalog-image/094/625/012/b94dfca8a698495ebe69f829e7f9a324.jpg?shrink=130:130&_v=20260919080510,https://prod.danawa.com/info/?pcode=12625094&cate=112747
119,AMD,AMD 라이젠5-3세대 3600X (마티스),"109,700","AMD(소켓AM4) / 6코어 / 12스레드 / 메모리 규격 : DDR4 / 미탑재 / 3세대(Zen2) / 7nm / 기본 클럭 : 3.8GHz / 최대 클럭 : 4.4GHz / L2 캐시 : 3MB / L3 캐시 : 32MB / TDP : 95W / PCIe4.0 / 3200MHz / 기술 지원 : StoreMI , SMT(하이퍼스레딩) , SenseMI 닫기",https://img.danuri.io/catalog-image/358/024/011/ed17ddf56cf84dcfa5553578d968731d.jpg?shrink=130:130&_v=20260921080456,https://prod.danawa.com/info/?pcode=11024358&cate=112747
120,AMD,AMD 라이젠7-3세대 3700X (마티스),"405,000","AMD(소켓AM4) / 8코어 / 16스레드 / 메모리 규격 : DDR4 / 미탑재 / 3세대(Zen2) / 7nm / 기본 클럭 : 3.6GHz / 최대 클럭 : 4.4GHz / L2 캐시 : 4MB / L3 캐시 : 32MB / TDP : 65W / PCIe4.0 / 3200MHz / 기술 지원 : StoreMI , SMT(하이퍼스레딩) , SenseMI / 쿨러 : Wraith PRISM 포함 닫기",https://img.danuri.io/catalog-image/629/421/009/49cfc462886843688b17aecef812ae48.jpg?shrink=130:130&_v=20260921080609,https://prod.danawa.com/info/?pcode=9421629&cate=112747
121,AMD,AMD 라이젠 스레드리퍼 PRO 3955WX (캐슬 픽-W),"903,390",AMD(소켓sWRX8) / 16코어 / 32스레드 / 메모리 규격 : DDR4 / 미탑재 / 3세대(Zen2) / 7nm / 기본 클럭 : 3.9GHz / 최대 클럭 : 4.3GHz / L2 캐시 : 8MB / L3 캐시 : 64MB / TDP : 280W / PCIe4.0 / 3200MHz / 기술 지원 : SMT(하이퍼스레딩) / 쿨러 : 미포함 / Memory Guard / 옥타 채널 ECC 메모리 지원 닫기,https://img.danuri.io/catalog-image/257/491/013/1ac620b1977f4e06992493f2903d9f99.jpg?shrink=130:130&_v=20260921110603,https://prod.danawa.com/info/?pcode=13491257&cate=112747
122,AMD,AMD 라이젠7-3세대 3800X (마티스),"560,760","AMD(소켓AM4) / 8코어 / 16스레드 / 메모리 규격 : DDR4 / 미탑재 / 3세대(Zen2) / 7nm / 기본 클럭 : 3.9GHz / 최대 클럭 : 4.5GHz / L2 캐시 : 4MB / L3 캐시 : 32MB / TDP : 105W / PCIe4.0 / 3200MHz / 기술 지원 : StoreMI , SMT(하이퍼스레딩) , SenseMI / 쿨러 : Wraith PRISM 포함 / 출시가: 399달러(VAT별도) 닫기",https://img.danuri.io/catalog-image/781/459/008/884225c71bf94fb59d6945b84b02aa89.jpg?shrink=130:130&_v=20260921080444,https://prod.danawa.com/info/?pcode=8459781&cate=112747
123,AMD,AMD 라이젠9-3세대 3950X (마티스),"442,400","AMD(소켓AM4) / 16코어 / 32스레드 / 메모리 규격 : DDR4 / 미탑재 / 3세대(Zen2) / 7nm / 기본 클럭 : 3.5GHz / 최대 클럭 : 4.7GHz / L2 캐시 : 8MB / L3 캐시 : 64MB / TDP : 105W / PCIe4.0 / 3200MHz / 기술 지원 : StoreMI , SMT(하이퍼스레딩) , SenseMI 닫기",https://img.danuri.io/catalog-image/701/026/011/f945558fc5d140df93abab910105a184.jpg?shrink=130:130&_v=20260921080454,https://prod.danawa.com/info/?pcode=11026701&cate=112747
124,AMD,AMD 라이젠 스레드리퍼 PRO 3975WX (캐슬 픽-W),"2,227,200",AMD(소켓sWRX8) / 32코어 / 64스레드 / 메모리 규격 : DDR4 / 미탑재 / 3세대(Zen2) / 7nm / 기본 클럭 : 3.5GHz / 최대 클럭 : 4.2GHz / L2 캐시 : 16MB / L3 캐시 : 128MB / TDP : 280W / PCIe4.0 / 3200MHz / 기술 지원 : SMT(하이퍼스레딩) / 쿨러 : 미포함 / Memory Guard / 옥타 채널 ECC 메모리 지원 닫기,https://img.danuri.io/catalog-image/342/614/018/ee370d706e5f4a5c98194c638d04fd35.jpg?shrink=130:130&_v=20260920080519,https://prod.danawa.com/info/?pcode=18614342&cate=112747
125,AMD,AMD 라이젠3-3세대 3100 (마티스),"74,490","AMD(소켓AM4) / 4코어 / 8스레드 / 메모리 규격 : DDR4 / 미탑재 / 3세대(Zen2) / 7nm / 기본 클럭 : 3.6GHz / 최대 클럭 : 3.9GHz / L2 캐시 : 2MB / L3 캐시 : 16MB / TDP : 65W / PCIe4.0 / 3200MHz / 기술 지원 : StoreMI , SMT(하이퍼스레딩) , SenseMI 닫기",https://img.danuri.io/catalog-image/864/200/012/4a3bcfdb3973492d902b44697baed62b.jpg?shrink=130:130&_v=20260921080442,https://prod.danawa.com/info/?pcode=12200864&cate=112747
126,AMD,AMD 라이젠5-3세대 3500 (마티스),"98,940","AMD(소켓AM4) / 6코어 / 6스레드 / 메모리 규격 : DDR4 / 미탑재 / 3세대(Zen2) / 7nm / 기본 클럭 : 3.6GHz / 최대 클럭 : 4.1GHz / L2 캐시 : 3MB / L3 캐시 : 16MB / TDP : 65W / PCIe4.0 / 3200MHz / 기술 지원 : StoreMI , SenseMI 닫기",https://img.danuri.io/catalog-image/140/936/075/6114b15207904c0ab2548a0e7ad0da08.jpg?shrink=130:130&_v=20260919080510,https://prod.danawa.com/info/?pcode=75936140&cate=112747
127,AMD,AMD 라이젠 스레드리퍼 PRO 3995WX (캐슬 픽-W),"12,500,000",AMD(소켓sWRX8) / 64코어 / 128스레드 / 메모리 규격 : DDR4 / 미탑재 / 3세대(Zen2) / 7nm / 기본 클럭 : 2.7GHz / 최대 클럭 : 4.2GHz / L2 캐시 : 32MB / L3 캐시 : 256MB / TDP : 280W / PCIe4.0 / 3200MHz / 기술 지원 : SMT(하이퍼스레딩) / Memory Guard / 옥타 채널 ECC 메모리 지원 닫기,https://img.danuri.io/catalog-image/296/000/018/06a662eb57bd409f9e43a04bf129c753.jpg?shrink=130:130&_v=20260921080456,https://prod.danawa.com/info/?pcode=18000296&cate=112747
128,AMD,AMD 라이젠 스레드리퍼 3970X (캐슬 픽),"2,655,050","AMD(소켓sTRX4) / 32코어 / 64스레드 / 메모리 규격 : DDR4 / 미탑재 / 3세대(Zen2) / 7nm / 기본 클럭 : 3.7GHz / 최대 클럭 : 4.5GHz / L2 캐시 : 16MB / L3 캐시 : 128MB / TDP : 280W / PCIe4.0 / 3200MHz / 기술 지원 : StoreMI , SMT(하이퍼스레딩) , SenseMI / 쿼드 채널 ECC 메모리 지원 닫기",https://img.danuri.io/catalog-image/716/079/014/f972cc51840844e8aa6ca4bc95429867.jpg?shrink=130:130&_v=20260919080636,https://prod.danawa.com/info/?pcode=14079716&cate=112747
129,AMD,AMD 라이젠 스레드리퍼 3960X (캐슬 픽),"1,465,780","AMD(소켓sTRX4) / 24코어 / 48스레드 / 메모리 규격 : DDR4 / 미탑재 / 3세대(Zen2) / 7nm / 기본 클럭 : 3.8GHz / 최대 클럭 : 4.5GHz / L2 캐시 : 12MB / L3 캐시 : 128MB / TDP : 280W / PCIe4.0 / 3200MHz / 기술 지원 : StoreMI , SMT(하이퍼스레딩) , SenseMI / 쿼드 채널 ECC 메모리 지원 닫기",https://img.danuri.io/catalog-image/356/035/011/0e81985fd22c441cbc37acddad3998ef.jpg?shrink=130:130&_v=20260918080519,https://prod.danawa.com/info/?pcode=11035356&cate=112747
130,AMD,AMD 라이젠9-3세대 3900XT (마티스),"500,000","AMD(소켓AM4) / 12코어 / 24스레드 / 메모리 규격 : DDR4 / 미탑재 / 3세대(Zen2) / 7nm / 기본 클럭 : 3.8GHz / 최대 클럭 : 4.7GHz / L2 캐시 : 6MB / L3 캐시 : 64MB / TDP : 105W / PCIe4.0 / 3200MHz / 기술 지원 : StoreMI , SMT(하이퍼스레딩) , SenseMI 닫기",https://img.danuri.io/catalog-image/828/338/012/a6d3a3d15cd84ec6b24c0841c3966910.jpg?shrink=130:130&_v=20260907080619,https://prod.danawa.com/info/?pcode=12338828&cate=112747
131,AMD,AMD 라이젠7-3세대 3800XT (마티스),"166,250","AMD(소켓AM4) / 8코어 / 16스레드 / 메모리 규격 : DDR4 / 미탑재 / 3세대(Zen2) / 7nm / 기본 클럭 : 3.9GHz / 최대 클럭 : 4.7GHz / L2 캐시 : 4MB / L3 캐시 : 32MB / TDP : 105W / PCIe4.0 / 3200MHz / 기술 지원 : StoreMI , SMT(하이퍼스레딩) , SenseMI 닫기",https://img.danuri.io/catalog-image/966/338/012/5c0c86bef5de4be282dced1da3403671.jpg?shrink=130:130&_v=20260921080444,https://prod.danawa.com/info/?pcode=12338966&cate=112747
132,AMD,AMD 라이젠5-3세대 3500X (마티스),"113,540","AMD(소켓AM4) / 6코어 / 6스레드 / 메모리 규격 : DDR4 / 미탑재 / 3세대(Zen2) / 7nm / 기본 클럭 : 3.6GHz / 최대 클럭 : 4.1GHz / L2 캐시 : 3MB / L3 캐시 : 32MB / TDP : 65W / PCIe4.0 / 3200MHz / 기술 지원 : StoreMI , SenseMI 닫기",https://img.danuri.io/catalog-image/591/744/017/bfabea40e6964794b5268c0a65aa62cd.jpg?shrink=130:130&_v=20260921080442,https://prod.danawa.com/info/?pcode=17744591&cate=112747
133,AMD,AMD 라이젠5-3세대 3600XT (마티스),"106,880","AMD(소켓AM4) / 6코어 / 12스레드 / 메모리 규격 : DDR4 / 미탑재 / 3세대(Zen2) / 7nm / 기본 클럭 : 3.8GHz / 최대 클럭 : 4.5GHz / L2 캐시 : 3MB / L3 캐시 : 32MB / TDP : 95W / PCIe4.0 / 3200MHz / 기술 지원 : StoreMI , SMT(하이퍼스레딩) , SenseMI 닫기",https://img.danuri.io/catalog-image/050/339/012/c3a9f495589447a8b3135c43a2c83b14.jpg?shrink=130:130&_v=20260921080609,https://prod.danawa.com/info/?pcode=12339050&cate=112747
134,AMD,AMD 라이젠5-3세대 4600G (르누아르),"8,530","AMD(소켓AM4) / 6코어 / 12스레드 / 메모리 규격 : DDR4 / 탑재 / 3세대(Zen2) / 7nm / 기본 클럭 : 3.7GHz / 최대 클럭 : 4.2GHz / L2 캐시 : 3MB / L3 캐시 : 8MB / TDP : 65W / PCIe3.0 / 3200MHz / AMD 라데온 그래픽 7 / 기술 지원 : StoreMI , SMT(하이퍼스레딩) / PBO 지원 닫기",https://img.danuri.io/catalog-image/790/287/017/1dc92ad1933f4da593c2b3b6dfddf4b9.jpg?shrink=130:130&_v=20260921080458,https://prod.danawa.com/info/?pcode=17287790&cate=112747
135,AMD,AMD 라이젠3-3세대 4100 (르누아르-X),"81,000","AMD(소켓AM4) / 4코어 / 8스레드 / 메모리 규격 : DDR4 / 미탑재 / 3세대(Zen2) / 7nm / 기본 클럭 : 3.8GHz / 최대 클럭 : 4.0GHz / L2 캐시 : 2MB / L3 캐시 : 4MB / TDP : 65W / PCIe3.0 / 3200MHz / 기술 지원 : AMD Ryzen Master , StoreMI , VR Ready 프리미엄 , SMT(하이퍼스레딩) / 쿨러 : Wraith Stealth 포함 / 출시가: 99달러(VAT별도) 닫기",https://img.danuri.io/catalog-image/590/740/016/a85145f2917a472ea1787349f7b8c979.jpg?shrink=130:130&_v=20260921080609,https://prod.danawa.com/info/?pcode=16740590&cate=112747
136,AMD,AMD 라이젠5 PRO 4650G (르누아르),"220,000","AMD(소켓AM4) / 6코어 / 12스레드 / 메모리 규격 : DDR4 / 탑재 / 3세대(Zen2) / 7nm / 기본 클럭 : 3.7GHz / 최대 클럭 : 4.2GHz / L2 캐시 : 3MB / L3 캐시 : 8MB / TDP : 65W / PCIe3.0 / 3200MHz / AMD 라데온 그래픽 7 / 기술 지원 : SMT(하이퍼스레딩) / 쿨러 : Wraith Stealth 포함 / 시네벤치R23(싱글) : 1256 / 시네벤치R23(멀티) : 9173 / Memory Guard, GuardMI 지원 닫기",https://img.danuri.io/catalog-image/443/876/011/e61a2aaa3899440790e36ea8816104f8.jpg?shrink=130:130&_v=20260921080444,https://prod.danawa.com/info/?pcode=11876443&cate=112747
137,AMD,AMD 라이젠5-3세대 4500 (르누아르-X),"103,630","AMD(소켓AM4) / 6코어 / 12스레드 / 메모리 규격 : DDR4 / 미탑재 / 3세대(Zen2) / 7nm / 기본 클럭 : 3.6GHz / 최대 클럭 : 4.1GHz / L2 캐시 : 3MB / L3 캐시 : 8MB / TDP : 65W / PCIe3.0 / 3200MHz / 기술 지원 : AMD Ryzen Master , StoreMI , VR Ready 프리미엄 , SMT(하이퍼스레딩) 닫기",https://img.danuri.io/catalog-image/596/950/016/27cfae8b553b4c9da1f384289e556fd0.jpg?shrink=130:130&_v=20260918080512,https://prod.danawa.com/info/?pcode=16950596&cate=112747
138,AMD,AMD 라이젠7 PRO 4750G (르누아르),"273,270","AMD(소켓AM4) / 8코어 / 16스레드 / 메모리 규격 : DDR4 / 탑재 / 3세대(Zen2) / 7nm / 기본 클럭 : 3.6GHz / 최대 클럭 : 4.4GHz / L2 캐시 : 4MB / L3 캐시 : 8MB / TDP : 65W / PCIe3.0 / 3200MHz / AMD 라데온 그래픽 8 / 기술 지원 : SMT(하이퍼스레딩) / Memory Guard, GuardMI 지원 닫기",https://img.danuri.io/catalog-image/365/276/015/bd87550f1c0a48b995c03e8c53fc9d2d.jpg?shrink=130:130&_v=20260921080443,https://prod.danawa.com/info/?pcode=15276365&cate=112747
139,AMD,AMD 라이젠3 PRO 4350G (르누아르),"104,990","AMD(소켓AM4) / 4코어 / 8스레드 / 메모리 규격 : DDR4 / 탑재 / 3세대(Zen2) / 7nm / 기본 클럭 : 3.8GHz / 최대 클럭 : 4.0GHz / L2 캐시 : 2MB / L3 캐시 : 4MB / TDP : 65W / PCIe3.0 / 3200MHz / AMD 라데온 그래픽 6 / 기술 지원 : SMT(하이퍼스레딩) / Memory Guard, GuardMI 지원 닫기",https://img.danuri.io/catalog-image/354/704/018/6d9a68bd6d2c438daf01dbfe73c1ab93.jpg?shrink=130:130&_v=20260921080444,https://prod.danawa.com/info/?pcode=18704354&cate=112747
140,AMD,AMD 라이젠5-4세대 5500GT (세잔),"194,580","AMD(소켓AM4) / 6코어 / 12스레드 / 메모리 규격 : DDR4 / 탑재 / 4세대(Zen3) / 7nm / 기본 클럭 : 3.6GHz / 최대 클럭 : 4.4GHz / L2 캐시 : 3MB / L3 캐시 : 16MB / TDP : 65W / PCIe3.0 / 3200MHz / AMD 라데온 그래픽 / 기술 지원 : AMD Ryzen Master , SMT(하이퍼스레딩) , SenseMI / 쿨러 : Wraith Stealth 포함 / 시네벤치R23(멀티) : 6905 닫기",https://img.danuri.io/catalog-image/171/218/054/897e8c2c8f4b459eb9972f5f9a0bf661.jpg?shrink=130:130&_v=20260921142328,https://prod.danawa.com/info/?pcode=54218171&cate=112747
141,AMD,AMD 라이젠5-4세대 5600 (버미어),"160,180","AMD(소켓AM4) / 6코어 / 12스레드 / 메모리 규격 : DDR4 / 미탑재 / 4세대(Zen3) / 7nm / 기본 클럭 : 3.5GHz / 최대 클럭 : 4.4GHz / L2 캐시 : 3MB / L3 캐시 : 32MB / TDP : 65W / PCIe4.0 / 3200MHz / 기술 지원 : AMD Ryzen Master , StoreMI , VR Ready 프리미엄 , SMT(하이퍼스레딩) / 쿨러 : Wraith Stealth 포함 / 시네벤치R23(싱글) : 1460 / 시네벤치R23(멀티) : 10906 / 출시가: 199달러(VAT별도) 닫기",https://img.danuri.io/catalog-image/211/741/016/adc88269a44341158839cad040af7b1c.jpg?shrink=130:130&_v=20260921110315,https://prod.danawa.com/info/?pcode=16741211&cate=112747
142,AMD,AMD 라이젠7-4세대 5700X (버미어),"298,980","AMD(소켓AM4) / 8코어 / 16스레드 / 메모리 규격 : DDR4 / 미탑재 / 4세대(Zen3) / 7nm / 기본 클럭 : 3.4GHz / 최대 클럭 : 4.6GHz / L2 캐시 : 4MB / L3 캐시 : 32MB / TDP : 65W / PCIe4.0 / 3200MHz / 기술 지원 : StoreMI , VR Ready 프리미엄 , SMT(하이퍼스레딩) , AMD Ryzen Master / 쿨러 : 미포함 / 시네벤치R23(싱글) : 1527 / 시네벤치R23(멀티) : 13293 / 출시가: 299달러(VAT별도) 닫기",https://img.danuri.io/catalog-image/349/741/016/57d76ed6f1054e0092b9878f4e654167.jpg?shrink=130:130&_v=20260921080444,https://prod.danawa.com/info/?pcode=16741349&cate=112747
143,AMD,AMD 라이젠7-4세대 5800X3D AM4 10주년 기념 에디션 (버미어),"581,680","AMD(소켓AM4) / 8코어 / 16스레드 / 메모리 규격 : DDR4 / 미탑재 / 4세대(Zen3) / 7nm / 기본 클럭 : 3.4GHz / 최대 클럭 : 4.5GHz / L2 캐시 : 4MB / L3 캐시 : 96MB / TDP : 105W / PPT : 142W / PCIe4.0 / 3200MHz / 기술 지원 : StoreMI , AMD 3D V캐시 , VR Ready 프리미엄 , SMT(하이퍼스레딩) / 쿨러 : 미포함 / 시네벤치R23(싱글) : 1452 / 시네벤치R23(멀티) : 14414 닫기",https://img.danuri.io/catalog-image/750/711/122/0765bf4fb5d74b9a91c93eac0f232f58.jpeg?shrink=130:130&_v=20260921080458,https://prod.danawa.com/info/?pcode=122711750&cate=112747
144,AMD,AMD 라이젠5-4세대 5600GT (세잔),"224,460","AMD(소켓AM4) / 6코어 / 12스레드 / 메모리 규격 : DDR4 / 탑재 / 4세대(Zen3) / 7nm / 기본 클럭 : 3.6GHz / 최대 클럭 : 4.6GHz / L2 캐시 : 3MB / L3 캐시 : 16MB / TDP : 65W / PCIe3.0 / 3200MHz / AMD 라데온 그래픽 / 기술 지원 : AMD Ryzen Master , SMT(하이퍼스레딩) , SenseMI / 쿨러 : Wraith Stealth 포함 닫기",https://img.danuri.io/catalog-image/690/167/060/a922a03bc40a4fca92cc948f0048d21a.jpg?shrink=130:130&_v=20260921080609,https://prod.danawa.com/info/?pcode=60167690&cate=112747
145,AMD,AMD 라이젠3-2세대 3200G (피카소),"92,250",AMD(소켓AM4) / 4코어 / 4스레드 / 메모리 규격 : DDR4 / 탑재 / 2세대(Zen+) / 12nm / 기본 클럭 : 3.6GHz / 최대 클럭 : 4GHz / L2 캐시 : 2MB / L3 캐시 : 4MB / TDP : 65W / PCIe3.0 / 2933MHz / AMD 라데온 Vega 8 / 기술 지원 : SenseMI / 쿨러 : Wraith Stealth 포함 닫기,https://img.danuri.io/catalog-image/438/401/012/f52d403b41d14711ab80aca354f76f3e.jpg?shrink=130:130&_v=20260921110209,https://prod.danawa.com/info/?pcode=12401438&cate=112747
146,AMD,AMD 라이젠5-4세대 5600G (세잔),"219,490","AMD(소켓AM4) / 6코어 / 12스레드 / 메모리 규격 : DDR4 / 탑재 / 4세대(Zen3) / 7nm / 기본 클럭 : 3.9GHz / 최대 클럭 : 4.4GHz / L2 캐시 : 3MB / L3 캐시 : 16MB / TDP : 65W / PCIe3.0 / 3200MHz / AMD 라데온 그래픽 7 / 기술 지원 : AMD Ryzen Master , SMT(하이퍼스레딩) , SenseMI / 쿨러 : Wraith Stealth 포함 / 시네벤치R23(싱글) : 1446 / 시네벤치R23(멀티) : 10489 닫기",https://img.danuri.io/catalog-image/675/927/014/0bd22220b83943abbdc72a4133e61bac.jpg?shrink=130:130&_v=20260921102733,https://prod.danawa.com/info/?pcode=14927675&cate=112747
147,AMD,AMD 라이젠7-4세대 5800X3D (버미어),"565,440","AMD(소켓AM4) / 8코어 / 16스레드 / 메모리 규격 : DDR4 / 미탑재 / 4세대(Zen3) / 7nm / 기본 클럭 : 3.4GHz / 최대 클럭 : 4.5GHz / L2 캐시 : 4MB / L3 캐시 : 96MB / TDP : 105W / PPT : 142W / PCIe4.0 / 3200MHz / 기술 지원 : StoreMI , AMD 3D V캐시 , VR Ready 프리미엄 , SMT(하이퍼스레딩) / 쿨러 : 미포함 / 시네벤치R23(싱글) : 1452 / 시네벤치R23(멀티) : 14414 / 출시가: 449달러(VAT별도) 닫기",https://img.danuri.io/catalog-image/231/521/027/2ac0c3e74a434ce29e57ca26f9595a6f.jpg?shrink=130:130&_v=20260921080444,https://prod.danawa.com/info/?pcode=27521231&cate=112747
148,AMD,AMD 라이젠7-4세대 5700G (세잔),"322,990","AMD(소켓AM4) / 8코어 / 16스레드 / 메모리 규격 : DDR4 / 탑재 / 4세대(Zen3) / 7nm / 기본 클럭 : 3.8GHz / 최대 클럭 : 4.6GHz / L2 캐시 : 4MB / L3 캐시 : 16MB / TDP : 65W / PCIe3.0 / 3200MHz / AMD 라데온 그래픽 8 / 기술 지원 : AMD Ryzen Master , SMT(하이퍼스레딩) , SenseMI / 쿨러 : Wraith Stealth 포함 / 시네벤치R23(싱글) : 1507 / 시네벤치R23(멀티) : 13898 닫기",https://img.danuri.io/catalog-image/759/927/014/f43a74610ca94399bdd688b7b2fb6b13.jpg?shrink=130:130&_v=20260921080609,https://prod.danawa.com/info/?pcode=14927759&cate=112747
149,AMD,AMD 라이젠7-4세대 5700X3D (버미어),"699,500","AMD(소켓AM4) / 8코어 / 16스레드 / 메모리 규격 : DDR4 / 미탑재 / 4세대(Zen3) / 7nm / 기본 클럭 : 3.0GHz / 최대 클럭 : 4.1GHz / L2 캐시 : 4MB / L3 캐시 : 96MB / TDP : 105W / PPT : 142W / PCIe4.0 / 3200MHz / 기술 지원 : AMD Ryzen Master , StoreMI , AMD 3D V캐시 , VR Ready 프리미엄 , SMT(하이퍼스레딩) / 쿨러 : 미포함 / 시네벤치R23(싱글) : 1367 / 시네벤치R23(멀티) : 13788 닫기",https://img.danuri.io/catalog-image/865/336/034/ef3c4457fd794528a38815e8fa66fa20.jpg?shrink=130:130&_v=20260921080457,https://prod.danawa.com/info/?pcode=34336865&cate=112747
150,AMD,AMD 라이젠5-4세대 5600X (버미어),"600,000","AMD(소켓AM4) / 6코어 / 12스레드 / 메모리 규격 : DDR4 / 미탑재 / 4세대(Zen3) / 7nm / 기본 클럭 : 3.7GHz / 최대 클럭 : 4.6GHz / L2 캐시 : 3MB / L3 캐시 : 32MB / TDP : 65W / PCIe4.0 / 3200MHz / 기술 지원 : AMD Ryzen Master , StoreMI , VR Ready 프리미엄 , SMT(하이퍼스레딩) / 쿨러 : Wraith Stealth 포함 / 시네벤치R23(싱글) : 1502 / 시네벤치R23(멀티) : 11073 닫기",https://img.danuri.io/catalog-image/265/625/012/ae11273cf1854e46873670b244e18469.jpg?shrink=130:130&_v=20260921080609,https://prod.danawa.com/info/?pcode=12625265&cate=112747
151,AMD,AMD 라이젠5-4세대 5500 (세잔),"159,690","AMD(소켓AM4) / 6코어 / 12스레드 / 메모리 규격 : DDR4 / 미탑재 / 4세대(Zen3) / 7nm / 기본 클럭 : 3.6GHz / 최대 클럭 : 4.2GHz / L2 캐시 : 3MB / L3 캐시 : 16MB / TDP : 65W / PCIe3.0 / 3200MHz / 기술 지원 : AMD Ryzen Master , StoreMI , VR Ready 프리미엄 , SMT(하이퍼스레딩) 닫기",https://img.danuri.io/catalog-image/090/688/106/1e86161e13e846509ddc3265f14d2c76.jpg?shrink=130:130&_v=20260921080444,https://prod.danawa.com/info/?pcode=106688090&cate=112747
152,AMD,AMD 라이젠7-4세대 5800X (버미어),"365,000","AMD(소켓AM4) / 8코어 / 16스레드 / 메모리 규격 : DDR4 / 미탑재 / 4세대(Zen3) / 7nm / 기본 클럭 : 3.8GHz / 최대 클럭 : 4.7GHz / L2 캐시 : 4MB / L3 캐시 : 32MB / TDP : 105W / PCIe4.0 / 3200MHz / 기술 지원 : AMD Ryzen Master , StoreMI , VR Ready 프리미엄 , SMT(하이퍼스레딩) / 쿨러 : 미포함 / 시네벤치R23(싱글) : 1593 / 시네벤치R23(멀티) : 15416 닫기",https://img.danuri.io/catalog-image/422/902/013/e96a372453444b87bd8ab5d284606bcd.jpg?shrink=130:130&_v=20260921080622,https://prod.danawa.com/info/?pcode=13902422&cate=112747
153,AMD,AMD 라이젠9-4세대 5900X (버미어),"759,000","AMD(소켓AM4) / 12코어 / 24스레드 / 메모리 규격 : DDR4 / 미탑재 / 4세대(Zen3) / 7nm / 기본 클럭 : 3.7GHz / 최대 클럭 : 4.8GHz / L2 캐시 : 6MB / L3 캐시 : 64MB / TDP : 105W / PCIe4.0 / 3200MHz / 기술 지원 : AMD Ryzen Master , StoreMI , VR Ready 프리미엄 , SMT(하이퍼스레딩) / 쿨러 : 미포함 닫기",https://img.danuri.io/catalog-image/425/837/012/121cb4fb4893400ea195b3fdfb3e621e.jpg?shrink=130:130&_v=20260921080444,https://prod.danawa.com/info/?pcode=12837425&cate=112747
154,AMD,AMD 라이젠9-4세대 5950X (버미어),"735,000","AMD(소켓AM4) / 16코어 / 32스레드 / 메모리 규격 : DDR4 / 미탑재 / 4세대(Zen3) / 7nm / 기본 클럭 : 3.4GHz / 최대 클럭 : 4.9GHz / L2 캐시 : 8MB / L3 캐시 : 64MB / TDP : 105W / PCIe4.0 / 3200MHz / 기술 지원 : AMD Ryzen Master , StoreMI , VR Ready 프리미엄 , SMT(하이퍼스레딩) / 쿨러 : 미포함 닫기",https://img.danuri.io/catalog-image/262/172/013/75b500e1e64b483e8b1d104db8037e2c.jpg?shrink=130:130&_v=20260921080455,https://prod.danawa.com/info/?pcode=13172262&cate=112747
155,AMD,AMD 라이젠 스레드리퍼 PRO 5955WX (샤갈 프로),"1,627,610",AMD(소켓sWRX8) / 16코어 / 32스레드 / 메모리 규격 : DDR4 / 미탑재 / 4세대(Zen3) / 7nm / 기본 클럭 : 4.0GHz / 최대 클럭 : 4.5GHz / L2 캐시 : 8MB / L3 캐시 : 64MB / TDP : 280W / PCIe4.0 / 3200MHz / 기술 지원 : SMT(하이퍼스레딩) / 쿨러 : 미포함 / 8채널 ECC 메모리 지원 닫기,https://img.danuri.io/catalog-image/820/055/018/6d379afd02a242a0a34591d6af6d5cf1.jpg?shrink=130:130&_v=20260921140252,https://prod.danawa.com/info/?pcode=18055820&cate=112747
156,AMD,AMD 라이젠 스레드리퍼 PRO 5995WX (샤갈 프로),"7,074,300",AMD(소켓sWRX8) / 64코어 / 128스레드 / 메모리 규격 : DDR4 / 미탑재 / 4세대(Zen3) / 7nm / 기본 클럭 : 2.7GHz / 최대 클럭 : 4.5GHz / L2 캐시 : 32MB / L3 캐시 : 256MB / TDP : 280W / PCIe4.0 / 3200MHz / 기술 지원 : SMT(하이퍼스레딩) / 쿨러 : 미포함 / 8채널 ECC 메모리 지원 닫기,https://img.danuri.io/catalog-image/783/570/017/072becb48c1a499ebb81d20d3a769ff1.jpg?shrink=130:130&_v=20260921080443,https://prod.danawa.com/info/?pcode=17570783&cate=112747
157,AMD,AMD 라이젠 스레드리퍼 PRO 5975WX (샤갈 프로),"3,113,320",AMD(소켓sWRX8) / 32코어 / 64스레드 / 메모리 규격 : DDR4 / 미탑재 / 4세대(Zen3) / 7nm / 기본 클럭 : 3.6GHz / 최대 클럭 : 4.5GHz / L2 캐시 : 16MB / L3 캐시 : 128MB / TDP : 280W / PCIe4.0 / 3200MHz / 기술 지원 : SMT(하이퍼스레딩) / 쿨러 : 미포함 / 8채널 ECC 메모리 지원 닫기,https://img.danuri.io/catalog-image/467/685/020/f74ead8515114cd3ab5455808a344d38.jpg?shrink=130:130&_v=20260921080609,https://prod.danawa.com/info/?pcode=20685467&cate=112747
158,AMD,AMD 라이젠 스레드리퍼 PRO 5965WX (샤갈 프로),"2,100,000",AMD(소켓sWRX8) / 24코어 / 48스레드 / 메모리 규격 : DDR4 / 미탑재 / 4세대(Zen3) / 7nm / 기본 클럭 : 3.8GHz / 최대 클럭 : 4.5GHz / L2 캐시 : 12MB / L3 캐시 : 128MB / TDP : 280W / PCIe4.0 / 3200MHz / 기술 지원 : SMT(하이퍼스레딩) / 쿨러 : 미포함 / 8채널 ECC 메모리 지원 닫기,https://img.danuri.io/catalog-image/816/570/017/4c3f7b55b1c2460db33e8653ad7b2024.jpg?shrink=130:130&_v=20260921080444,https://prod.danawa.com/info/?pcode=17570816&cate=112747
159,AMD,AMD 라이젠3 PRO 5350GE  (세잔),"168,000","AMD(소켓AM4) / 4코어 / 8스레드 / 메모리 규격 : DDR4 / 탑재 / 4세대(Zen3) / 7nm / 기본 클럭 : 3.6GHz / 최대 클럭 : 4.2GHz / L2 캐시 : 2MB / L3 캐시 : 8MB / TDP : 35W / PCIe3.0 / 3200MHz / AMD 라데온 그래픽 / 기술 지원 : SMT(하이퍼스레딩) , SenseMI , AMD Ryzen Master / 쿨러 : Wraith Stealth 포함 닫기",https://img.danuri.io/catalog-image/216/217/124/050dd449ce9a43ee8efc624228213f21.jpeg?shrink=130:130&_v=20260921080404,https://prod.danawa.com/info/?pcode=124217216&cate=112747
160,AMD,AMD 라이젠5-4세대 5600XT (버미어),"398,000","AMD(소켓AM4) / 6코어 / 12스레드 / 메모리 규격 : DDR4 / 미탑재 / 4세대(Zen3) / 7nm / 기본 클럭 : 3.7GHz / 최대 클럭 : 4.7GHz / L2 캐시 : 3MB / L3 캐시 : 32MB / TDP : 65W / PCIe4.0 / 3200MHz / 기술 지원 : AMD Ryzen Master , StoreMI , VR Ready 프리미엄 , SMT(하이퍼스레딩) / 쿨러 : Wraith Stealth 포함 닫기",https://img.danuri.io/catalog-image/159/051/074/1ba367af17b2420191b5d0838ce4abd3.jpg?shrink=130:130&_v=20260921080444,https://prod.danawa.com/info/?pcode=74051159&cate=112747
161,AMD,AMD 라이젠9-4세대 5900XT (버미어),"700,000","AMD(소켓AM4) / 16코어 / 32스레드 / 메모리 규격 : DDR4 / 미탑재 / 4세대(Zen3) / 7nm / 기본 클럭 : 3.3GHz / 최대 클럭 : 4.8GHz / L2 캐시 : 8MB / L3 캐시 : 64MB / TDP : 105W / PCIe4.0 / 3200MHz / 기술 지원 : AMD Ryzen Master , StoreMI , VR Ready 프리미엄 , SMT(하이퍼스레딩) / 쿨러 : 미포함 / 출시가: 349달러(VAT별도) 닫기",https://img.danuri.io/catalog-image/036/165/062/57faaf6d0e984d65b3ead520681d5bc5.jpg?shrink=130:130&_v=20260921080444,https://prod.danawa.com/info/?pcode=62165036&cate=112747
162,AMD,AMD 라이젠5-4세대 5600T (버미어),"230,170","AMD(소켓AM4) / 6코어 / 12스레드 / 메모리 규격 : DDR4 / 미탑재 / 4세대(Zen3) / 7nm / 기본 클럭 : 3.5GHz / 최대 클럭 : 4.5GHz / L2 캐시 : 3MB / L3 캐시 : 32MB / TDP : 65W / PCIe4.0 / 3200MHz / 기술 지원 : StoreMI , VR Ready 프리미엄 , SMT(하이퍼스레딩) / 쿨러 : Wraith Stealth 포함 닫기",https://img.danuri.io/catalog-image/059/254/070/faf343dbf0384665a74e6de8b776b003.jpg?shrink=130:130&_v=20260921080454,https://prod.danawa.com/info/?pcode=70254059&cate=112747
163,AMD,AMD 라이젠7-4세대 5700 (세잔),"334,810","AMD(소켓AM4) / 8코어 / 16스레드 / 메모리 규격 : DDR4 / 미탑재 / 4세대(Zen3) / 7nm / 기본 클럭 : 3.7GHz / 최대 클럭 : 4.6GHz / L2 캐시 : 4MB / L3 캐시 : 16MB / TDP : 65W / PCIe3.0 / 3200MHz / 기술 지원 : AMD Ryzen Master , StoreMI , VR Ready 프리미엄 , SMT(하이퍼스레딩) / 쿨러 : Wraith Stealth 포함 닫기",https://img.danuri.io/catalog-image/090/337/034/7565267e82b44a3fb8c68378266364e9.jpg?shrink=130:130&_v=20260921080609,https://prod.danawa.com/info/?pcode=34337090&cate=112747
164,AMD,AMD 라이젠3-4세대 5300G (세잔),"178,670","AMD(소켓AM4) / 4코어 / 8스레드 / 메모리 규격 : DDR4 / 탑재 / 4세대(Zen3) / 7nm / 기본 클럭 : 4GHz / 최대 클럭 : 4.2GHz / L2 캐시 : 2MB / L3 캐시 : 8MB / TDP : 65W / PCIe3.0 / 3200MHz / AMD 라데온 그래픽 / 기술 지원 : AMD Ryzen Master , SMT(하이퍼스레딩) , SenseMI / 쿨러 : Wraith Stealth 포함 닫기",https://img.danuri.io/catalog-image/251/254/070/05ec9e33bf5941e09205f2b3ebd00daf.jpg?shrink=130:130&_v=20260921080443,https://prod.danawa.com/info/?pcode=70254251&cate=112747
165,AMD,AMD 라이젠7-5세대 7800X3D (라파엘),"441,380","AMD(소켓AM5) / 8코어 / 16스레드 / 메모리 규격 : DDR5 / 탑재 / 5세대(Zen4) / 5nm / 기본 클럭 : 4.2GHz / 최대 클럭 : 5.0GHz / L2 캐시 : 8MB / L3 캐시 : 96MB / TDP : 120W / PPT : 162W / PCIe5.0 / 5200MHz / AMD 라데온 그래픽 / 기술 지원 : AMD Ryzen Master , AMD 3D V캐시 , SMT(하이퍼스레딩) / 쿨러 : 미포함 / 시네벤치R23(싱글) : 1788 / 시네벤치R23(멀티) : 18208 닫기",https://img.danuri.io/catalog-image/934/627/019/06dbb694db084f5b8ddca38ffa95d717.jpg?shrink=130:130&_v=20260921140353,https://prod.danawa.com/info/?pcode=19627934&cate=112747
166,AMD,AMD 라이젠5-5세대 7500F (라파엘),"174,800",AMD(소켓AM5) / 6코어 / 12스레드 / 메모리 규격 : DDR5 / 미탑재 / 5세대(Zen4) / 5nm / 기본 클럭 : 3.7GHz / 최대 클럭 : 5.0GHz / L2 캐시 : 6MB / L3 캐시 : 32MB / TDP : 65W / PPT : 88W / PCIe5.0 / 5200MHz / 기술 지원 : SMT(하이퍼스레딩) / 쿨러 : Wraith Stealth 포함 / 시네벤치R23(싱글) : 1824 / 시네벤치R23(멀티) : 13824 / 출시가: 179달러(VAT별도) 닫기,https://img.danuri.io/catalog-image/499/694/021/def25f4b749f47b499d21a4023537502.jpg?shrink=130:130&_v=20260921110334,https://prod.danawa.com/info/?pcode=21694499&cate=112747
167,AMD,AMD 라이젠5-5세대 7500X3D (라파엘),"324,690","AMD(소켓AM5) / 6코어 / 12스레드 / 메모리 규격 : DDR5 / 탑재 / 5세대(Zen4) / 5nm / 기본 클럭 : 4.0GHz / 최대 클럭 : 4.5GHz / L2 캐시 : 6MB / L3 캐시 : 96MB / TDP : 65W / PPT : 88W / PCIe5.0 / 5200MHz / AMD 라데온 그래픽 / 기술 지원 : AMD Ryzen Master , AMD 3D V캐시 , SMT(하이퍼스레딩) / 쿨러 : 미포함 닫기",https://img.danuri.io/catalog-image/188/223/104/024ce0eba5f0448fab82a5962975de0d.jpg?shrink=130:130&_v=20260921080443,https://prod.danawa.com/info/?pcode=104223188&cate=112747
168,AMD,AMD 라이젠7-5세대 7700X3D (라파엘),"433,180","AMD(소켓AM5) / 8코어 / 16스레드 / 메모리 규격 : DDR5 / 탑재 / 5세대(Zen4) / 5nm / 기본 클럭 : 4.0GHz / 최대 클럭 : 4.5GHz / L2 캐시 : 8MB / L3 캐시 : 96MB / TDP : 120W / PPT : 162W / PCIe5.0 / 5200MHz / AMD 라데온 그래픽 / 기술 지원 : SMT(하이퍼스레딩) , AMD Ryzen Master , AMD 3D V캐시 / 쿨러 : 미포함 닫기",https://img.danuri.io/catalog-image/946/234/123/407d7ff17c024d2cbd88b8336b57805b.jpeg?shrink=130:130&_v=20260921110548,https://prod.danawa.com/info/?pcode=123234946&cate=112747
169,AMD,AMD 라이젠5-5세대 7600 (라파엘),"221,760",AMD(소켓AM5) / 6코어 / 12스레드 / 메모리 규격 : DDR5 / 탑재 / 5세대(Zen4) / 5nm / 기본 클럭 : 3.8GHz / 최대 클럭 : 5.1GHz / L2 캐시 : 6MB / L3 캐시 : 32MB / TDP : 65W / PPT : 88W / PCIe5.0 / 5200MHz / AMD 라데온 그래픽 / 기술 지원 : SMT(하이퍼스레딩) / 쿨러 : Wraith Stealth 포함 / 시네벤치R23(싱글) : 1864 / 시네벤치R23(멀티) : 14387 닫기,https://img.danuri.io/catalog-image/496/718/018/031ab8fed06846d89d6b4f8acbf4f953.jpg?shrink=130:130&_v=20260921092724,https://prod.danawa.com/info/?pcode=18718496&cate=112747
170,AMD,AMD 라이젠9-5세대 7900X (라파엘),"415,000",AMD(소켓AM5) / 12코어 / 24스레드 / 메모리 규격 : DDR5 / 탑재 / 5세대(Zen4) / 5nm / 기본 클럭 : 4.7GHz / 최대 클럭 : 5.6GHz / L2 캐시 : 12MB / L3 캐시 : 64MB / TDP : 170W / PPT : 230W / PCIe5.0 / 5200MHz / AMD 라데온 그래픽 / 기술 지원 : SMT(하이퍼스레딩) / 쿨러 : 미포함 / 시네벤치R23(싱글) : 2034 / 시네벤치R23(멀티) : 29349 닫기,https://img.danuri.io/catalog-image/418/402/028/38a8c5af5a6f489ca8a8020db05f5982.jpg?shrink=130:130&_v=20260921080457,https://prod.danawa.com/info/?pcode=28402418&cate=112747
171,AMD,AMD 라이젠7-5세대 7700 (라파엘),"345,990",AMD(소켓AM5) / 8코어 / 16스레드 / 메모리 규격 : DDR5 / 탑재 / 5세대(Zen4) / 5nm / 기본 클럭 : 3.8GHz / 최대 클럭 : 5.3GHz / L2 캐시 : 8MB / L3 캐시 : 32MB / TDP : 65W / PPT : 88W / PCIe5.0 / 5200MHz / AMD 라데온 그래픽 / 기술 지원 : SMT(하이퍼스레딩) / 쿨러 : Wraith Stealth 포함 / 시네벤치R23(싱글) : 1933 / 시네벤치R23(멀티) : 18854 / 25년 9월부로 제공쿨러 변경 닫기,https://img.danuri.io/catalog-image/538/718/018/acced76a7e814740af194b9c6d1d9678.jpg?shrink=130:130&_v=20260921080455,https://prod.danawa.com/info/?pcode=18718538&cate=112747
172,AMD,AMD 라이젠9-5세대 7900 (라파엘),"484,930",AMD(소켓AM5) / 12코어 / 24스레드 / 메모리 규격 : DDR5 / 탑재 / 5세대(Zen4) / 5nm / 기본 클럭 : 3.7GHz / 최대 클럭 : 5.4GHz / L2 캐시 : 12MB / L3 캐시 : 64MB / TDP : 65W / PPT : 88W / PCIe5.0 / 5200MHz / AMD 라데온 그래픽 / 기술 지원 : SMT(하이퍼스레딩) / 쿨러 : Wraith PRISM 포함 / 시네벤치R23(싱글) : 1969 / 시네벤치R23(멀티) : 24527 닫기,https://img.danuri.io/catalog-image/631/718/018/6543339aba9a40919760e175ab568f77.jpg?shrink=130:130&_v=20260921080458,https://prod.danawa.com/info/?pcode=18718631&cate=112747
173,AMD,AMD 라이젠9-5세대 7950X3D (라파엘),"689,550","AMD(소켓AM5) / 16코어 / 32스레드 / 메모리 규격 : DDR5 / 탑재 / 5세대(Zen4) / 5nm / 기본 클럭 : 4.2GHz / 최대 클럭 : 5.7GHz / L2 캐시 : 16MB / L3 캐시 : 128MB / TDP : 120W / PPT : 162W / PCIe5.0 / 5200MHz / AMD 라데온 그래픽 / 기술 지원 : AMD Ryzen Master , AMD 3D V캐시 , SMT(하이퍼스레딩) / 쿨러 : 미포함 / 시네벤치R23(싱글) : 2060 / 시네벤치R23(멀티) : 36372 닫기",https://img.danuri.io/catalog-image/601/627/019/2b263713649947868d8f1477bb39b4a6.jpg?shrink=130:130&_v=20260921111718,https://prod.danawa.com/info/?pcode=19627601&cate=112747
174,AMD,AMD 라이젠7-5세대 7700X (라파엘),"363,000",AMD(소켓AM5) / 8코어 / 16스레드 / 메모리 규격 : DDR5 / 탑재 / 5세대(Zen4) / 5nm / 기본 클럭 : 4.5GHz / 최대 클럭 : 5.4GHz / L2 캐시 : 8MB / L3 캐시 : 32MB / TDP : 105W / PPT : 142W / PCIe5.0 / 5200MHz / AMD 라데온 그래픽 / 기술 지원 : SMT(하이퍼스레딩) / 쿨러 : 미포함 / 시네벤치R23(싱글) : 2018 / 시네벤치R23(멀티) : 20059 닫기,https://img.danuri.io/catalog-image/140/945/027/b7f63096e7e445e19ea42c5c5153e305.jpg?shrink=130:130&_v=20260921140949,https://prod.danawa.com/info/?pcode=27945140&cate=112747
175,AMD,AMD 라이젠5-5세대 7400F (라파엘),"169,310","AMD(소켓AM5) / 6코어 / 12스레드 / 메모리 규격 : DDR5 / 미탑재 / 5세대(Zen4) / 5nm / 기본 클럭 : 3.7GHz / 최대 클럭 : 4.7GHz / L2 캐시 : 6MB / L3 캐시 : 32MB / TDP : 65W / PPT : 88W / PCIe5.0 / 5200MHz / 기술 지원 : VR Ready 프리미엄 , SMT(하이퍼스레딩) / 쿨러 : Wraith Stealth 포함 / 시네벤치R23(싱글) : 1646 / 시네벤치R23(멀티) : 13508 닫기",https://img.danuri.io/catalog-image/328/705/097/a43ab1d1050847c085ff1a78c3547a25.jpg?shrink=130:130&_v=20260921134638,https://prod.danawa.com/info/?pcode=97705328&cate=112747
176,AMD,AMD 라이젠9-5세대 7950X (라파엘),"1,500,000",AMD(소켓AM5) / 16코어 / 32스레드 / 메모리 규격 : DDR5 / 탑재 / 5세대(Zen4) / 5nm / 기본 클럭 : 4.5GHz / 최대 클럭 : 5.7GHz / L2 캐시 : 16MB / L3 캐시 : 64MB / TDP : 170W / PPT : 230W / PCIe5.0 / 5200MHz / AMD 라데온 그래픽 / 기술 지원 : SMT(하이퍼스레딩) / 쿨러 : 미포함 / 시네벤치R23(싱글) : 2025 / 시네벤치R23(멀티) : 36836 닫기,https://img.danuri.io/catalog-image/197/613/020/06af130126d4459fa5b9d31fc2f0306f.jpg?shrink=130:130&_v=20260921080444,https://prod.danawa.com/info/?pcode=20613197&cate=112747
177,AMD,AMD 라이젠5-5세대 7400 (라파엘),"189,230",AMD(소켓AM5) / 6코어 / 12스레드 / 메모리 규격 : DDR5 / 탑재 / 5세대(Zen4) / 5nm / 기본 클럭 : 3.3GHz / 최대 클럭 : 4.3GHz / L2 캐시 : 6MB / L3 캐시 : 16MB / TDP : 65W / PPT : 88W / PCIe5.0 / 5200MHz / AMD 라데온 그래픽 / 기술 지원 : SMT(하이퍼스레딩) / 쿨러 : Wraith Stealth 포함 닫기,https://img.danuri.io/catalog-image/163/705/097/595c39eba53c4fb5a241a5b954c139a4.jpg?shrink=130:130&_v=20260921080442,https://prod.danawa.com/info/?pcode=97705163&cate=112747
178,AMD,AMD 라이젠5-5세대 7600X (라파엘),"292,390",AMD(소켓AM5) / 6코어 / 12스레드 / 메모리 규격 : DDR5 / 탑재 / 5세대(Zen4) / 5nm / 기본 클럭 : 4.7GHz / 최대 클럭 : 5.3GHz / L2 캐시 : 6MB / L3 캐시 : 32MB / TDP : 105W / PPT : 142W / PCIe5.0 / 5200MHz / AMD 라데온 그래픽 / 기술 지원 : SMT(하이퍼스레딩) / 쿨러 : 미포함 / 시네벤치R23(싱글) : 1961 / 시네벤치R23(멀티) : 15215 닫기,https://img.danuri.io/catalog-image/619/757/027/401fe76f11614244af4830e37873f663.jpg?shrink=130:130&_v=20260921080609,https://prod.danawa.com/info/?pcode=27757619&cate=112747
179,AMD,AMD 라이젠9-5세대 7900X3D (라파엘),"804,590","AMD(소켓AM5) / 12코어 / 24스레드 / 메모리 규격 : DDR5 / 탑재 / 5세대(Zen4) / 5nm / 기본 클럭 : 4.4GHz / 최대 클럭 : 5.6GHz / L2 캐시 : 12MB / L3 캐시 : 128MB / TDP : 120W / PPT : 162W / PCIe5.0 / 5200MHz / AMD 라데온 그래픽 / 기술 지원 : AMD Ryzen Master , AMD 3D V캐시 , SMT(하이퍼스레딩) / 쿨러 : 미포함 / 시네벤치R23(싱글) : 2058 / 시네벤치R23(멀티) : 27997 닫기",https://img.danuri.io/catalog-image/457/627/019/6ac35c3ef4a147debe3a094bf431d8b4.jpg?shrink=130:130&_v=20260921080442,https://prod.danawa.com/info/?pcode=19627457&cate=112747
180,AMD,AMD 라이젠 스레드리퍼 PRO 7995WX (스톰 픽),"14,142,380",AMD(소켓sTR5) / 96코어 / 192스레드 / 메모리 규격 : DDR5 / 미탑재 / 5세대(Zen4) / 5(6)nm / 기본 클럭 : 2.5GHz / 최대 클럭 : 5.1GHz / L2 캐시 : 96MB / L3 캐시 : 384MB / TDP : 350W / PCIe5.0 / 5200MHz / 기술 지원 : SMT(하이퍼스레딩) / 쿨러 : 미포함 / 8채널 ECC 메모리 지원 닫기,https://img.danuri.io/catalog-image/979/142/030/7d168578800e48058ae48e57427e0080.jpg?shrink=130:130&_v=20260921080455,https://prod.danawa.com/info/?pcode=30142979&cate=112747
181,AMD,AMD 라이젠 스레드리퍼 PRO 7975WX (스톰 픽),"6,082,420",AMD(소켓sTR5) / 32코어 / 64스레드 / 메모리 규격 : DDR5 / 미탑재 / 5세대(Zen4) / 5(6)nm / 기본 클럭 : 4.0GHz / 최대 클럭 : 5.3GHz / L2 캐시 : 32MB / L3 캐시 : 128MB / TDP : 350W / PCIe5.0 / 5200MHz / 기술 지원 : SMT(하이퍼스레딩) / 쿨러 : 미포함 / 8채널 ECC 메모리 지원 닫기,https://img.danuri.io/catalog-image/105/143/030/dc5b3d8c6fea4b97846f1cfade4d491d.jpg?shrink=130:130&_v=20260921140356,https://prod.danawa.com/info/?pcode=30143105&cate=112747
182,AMD,AMD 라이젠 스레드리퍼 7960X (스톰 픽),"1,935,280",AMD(소켓sTR5) / 24코어 / 48스레드 / 메모리 규격 : DDR5 / 미탑재 / 5세대(Zen4) / 5(6)nm / 기본 클럭 : 4.2GHz / 최대 클럭 : 5.3GHz / L2 캐시 : 24MB / L3 캐시 : 128MB / TDP : 350W / PCIe5.0 / 5200MHz / 기술 지원 : SMT(하이퍼스레딩) / 쿨러 : 미포함 / 4채널 ECC 메모리 지원 닫기,https://img.danuri.io/catalog-image/825/131/030/1b2872f874e444d9a76f4d2f18aefaae.jpg?shrink=130:130&_v=20260921080622,https://prod.danawa.com/info/?pcode=30131825&cate=112747
183,AMD,AMD 라이젠 스레드리퍼 7980X (스톰 픽),"6,919,990",AMD(소켓sTR5) / 64코어 / 128스레드 / 메모리 규격 : DDR5 / 미탑재 / 5세대(Zen4) / 5(6)nm / 기본 클럭 : 3.2GHz / 최대 클럭 : 5.1GHz / L2 캐시 : 64MB / L3 캐시 : 256MB / TDP : 350W / PCIe5.0 / 5200MHz / 기술 지원 : SMT(하이퍼스레딩) / 쿨러 : 미포함 / 4채널 ECC 메모리 지원 닫기,https://img.danuri.io/catalog-image/798/131/030/79c15eac15484d76a58209fc7fad2889.jpg?shrink=130:130&_v=20260921080609,https://prod.danawa.com/info/?pcode=30131798&cate=112747
184,AMD,AMD 라이젠 스레드리퍼 7970X (스톰 픽),"3,690,000",AMD(소켓sTR5) / 32코어 / 64스레드 / 메모리 규격 : DDR5 / 미탑재 / 5세대(Zen4) / 5(6)nm / 기본 클럭 : 4.0GHz / 최대 클럭 : 5.3GHz / L2 캐시 : 32MB / L3 캐시 : 128MB / TDP : 350W / PCIe5.0 / 5200MHz / 기술 지원 : SMT(하이퍼스레딩) / 쿨러 : 미포함 / 4채널 ECC 메모리 지원 닫기,https://img.danuri.io/catalog-image/816/131/030/12753ee4fc75496eb53aea5a11772bbc.jpg?shrink=130:130&_v=20260921080442,https://prod.danawa.com/info/?pcode=30131816&cate=112747
185,AMD,AMD 라이젠 스레드리퍼 PRO 7985WX (스톰 픽),"9,899,990",AMD(소켓sTR5) / 64코어 / 128스레드 / 메모리 규격 : DDR5 / 미탑재 / 5세대(Zen4) / 5(6)nm / 기본 클럭 : 3.2GHz / 최대 클럭 : 5.1GHz / L2 캐시 : 64MB / L3 캐시 : 256MB / TDP : 350W / PCIe5.0 / 5200MHz / 기술 지원 : SMT(하이퍼스레딩) / 쿨러 : 미포함 / 8채널 ECC 메모리 지원 닫기,https://img.danuri.io/catalog-image/060/143/030/b6089419da9e4ac8b9959f3ebe2f620e.jpg?shrink=130:130&_v=20260921080444,https://prod.danawa.com/info/?pcode=30143060&cate=112747
186,AMD,AMD 라이젠 스레드리퍼 PRO 7965WX (스톰 픽),"4,234,110",AMD(소켓sTR5) / 24코어 / 48스레드 / 메모리 규격 : DDR5 / 미탑재 / 5세대(Zen4) / 5(6)nm / 기본 클럭 : 4.2GHz / 최대 클럭 : 5.3GHz / L2 캐시 : 24MB / L3 캐시 : 128MB / TDP : 350W / PCIe5.0 / 5200MHz / 기술 지원 : SMT(하이퍼스레딩) / 쿨러 : 미포함 / 8채널 ECC 메모리 지원 닫기,https://img.danuri.io/catalog-image/039/143/030/f7c77490f11940e5a9dd86fcbe0b2720.jpg?shrink=130:130&_v=20260921100113,https://prod.danawa.com/info/?pcode=30143039&cate=112747
187,AMD,AMD 라이젠 스레드리퍼 PRO 7955WX (스톰 픽),"2,403,350",AMD(소켓sTR5) / 16코어 / 32스레드 / 메모리 규격 : DDR5 / 미탑재 / 5세대(Zen4) / 5nm / 기본 클럭 : 4.5GHz / 최대 클럭 : 5.3GHz / L2 캐시 : 16MB / L3 캐시 : 64MB / TDP : 350W / PCIe5.0 / 5200MHz / 기술 지원 : SMT(하이퍼스레딩) / 쿨러 : 미포함 닫기,https://img.danuri.io/catalog-image/036/674/072/6210ba0b84cd402aa763e321054b882a.jpg?shrink=130:130&_v=20260921080456,https://prod.danawa.com/info/?pcode=72674036&cate=112747
188,AMD,AMD 라이젠5 PRO 7645 (라파엘),"269,380","AMD(소켓AM5) / 6코어 / 12스레드 / 메모리 규격 : DDR5 / 탑재 / 5세대(Zen4) / 5nm / 기본 클럭 : 3.8GHz / 최대 클럭 : 5.1GHz / L2 캐시 : 6MB / L3 캐시 : 32MB / TDP : 65W / PCIe5.0 / 5200MHz / AMD 라데온 그래픽 / 기술 지원 : AMD PRO , SMT(하이퍼스레딩) / 쿨러 : Wraith Spire 포함 닫기",https://img.danuri.io/catalog-image/575/658/029/0ee122c95f57419a9fcbc10bd50d02d5.jpeg?shrink=130:130&_v=20260921080444,https://prod.danawa.com/info/?pcode=29658575&cate=112747
189,AMD,AMD 라이젠7 PRO 7745 (라파엘),"513,620","AMD(소켓AM5) / 8코어 / 16스레드 / 메모리 규격 : DDR5 / 탑재 / 5세대(Zen4) / 5nm / 기본 클럭 : 3.8GHz / 최대 클럭 : 5.3GHz / L2 캐시 : 8MB / L3 캐시 : 32MB / TDP : 65W / PCIe5.0 / 5200MHz / AMD 라데온 그래픽 / 기술 지원 : AMD PRO , SMT(하이퍼스레딩) / 쿨러 : Wraith Spire 포함 닫기",https://img.danuri.io/catalog-image/509/658/029/c9f6667535464bfa9ae9295ff17e8161.jpeg?shrink=130:130&_v=20260921080441,https://prod.danawa.com/info/?pcode=29658509&cate=112747
190,AMD,AMD 라이젠9 PRO 7945 (라파엘),"751,890","AMD(소켓AM5) / 12코어 / 24스레드 / 메모리 규격 : DDR5 / 탑재 / 5세대(Zen4) / 5nm / 기본 클럭 : 3.7GHz / 최대 클럭 : 5.4GHz / L2 캐시 : 12MB / L3 캐시 : 64MB / TDP : 65W / PCIe5.0 / 5200MHz / AMD 라데온 그래픽 / 기술 지원 : AMD PRO , SMT(하이퍼스레딩) / 쿨러 : Wraith Spire 포함 닫기",https://img.danuri.io/catalog-image/350/658/029/957b40cb69994b31aaa415d4cb9c0c92.jpeg?shrink=130:130&_v=20260917080531,https://prod.danawa.com/info/?pcode=29658350&cate=112747
191,AMD,AMD 라이젠5-5세대 8600G (피닉스),"268,480","AMD(소켓AM5) / 6코어 / 12스레드 / 메모리 규격 : DDR5 / 탑재 / 5세대(Zen4) / 4nm / 기본 클럭 : 4.3GHz / 최대 클럭 : 5.0GHz / L2 캐시 : 6MB / L3 캐시 : 16MB / TDP : 65W / PCIe4.0 / 5200MHz / AMD 라데온 760M / 기술 지원 : AMD Ryzen AI , SMT(하이퍼스레딩) / 쿨러 : Wraith Stealth 포함 / 시네벤치R23(싱글) : 1662 / 시네벤치R23(멀티) : 13513 / 출시가: 229달러(VAT별도) 닫기",https://img.danuri.io/catalog-image/204/170/060/aa27cf4ab30a4e05bcc9321292e58654.jpg?shrink=130:130&_v=20260921125423,https://prod.danawa.com/info/?pcode=60170204&cate=112747
192,AMD,AMD 라이젠7-5세대 8700G (피닉스),"412,900","AMD(소켓AM5) / 8코어 / 16스레드 / 메모리 규격 : DDR5 / 탑재 / 5세대(Zen4) / 4nm / 기본 클럭 : 4.2GHz / 최대 클럭 : 5.1GHz / L2 캐시 : 8MB / L3 캐시 : 16MB / TDP : 65W / PPT : 88W / PCIe4.0 / 5200MHz / AMD 라데온 780M / 기술 지원 : AMD Ryzen AI , SMT(하이퍼스레딩) / 쿨러 : Wraith Stealth 포함 / 시네벤치R23(싱글) : 1705 / 시네벤치R23(멀티) : 17654 / 출시가: 329달러(VAT별도) 닫기",https://img.danuri.io/catalog-image/169/933/058/ee8db602bea340d98e08afa99c3f2a7a.jpg?shrink=130:130&_v=20260921080458,https://prod.danawa.com/info/?pcode=58933169&cate=112747
193,AMD,AMD 라이젠5-5세대 8500G (피닉스),"236,760",AMD(소켓AM5) / 2C+4c코어 / 12스레드 / 메모리 규격 : DDR5 / 탑재 / 5세대(Zen4) / 4nm / 기본 클럭 : 3.5GHz / 최대 클럭 : 5.0GHz / L2 캐시 : 6MB / L3 캐시 : 16MB / TDP : 65W / PCIe4.0 / 5200MHz / AMD 라데온 740M / 기술 지원 : SMT(하이퍼스레딩) / 쿨러 : Wraith Stealth 포함 / 시네벤치R23(싱글) : 1807 / 시네벤치R23(멀티) : 11541 / 출시가: 179달러(VAT별도) 닫기,https://img.danuri.io/catalog-image/150/170/060/0ee6f732c94c4c2bade65ea082db94ca.jpg?shrink=130:130&_v=20260921080458,https://prod.danawa.com/info/?pcode=60170150&cate=112747
194,AMD,AMD 라이젠7-5세대 8700F (피닉스),"232,990","AMD(소켓AM5) / 8코어 / 16스레드 / 메모리 규격 : DDR5 / 미탑재 / 5세대(Zen4) / 4nm / 기본 클럭 : 4.1GHz / 최대 클럭 : 5.0GHz / L2 캐시 : 8MB / L3 캐시 : 16MB / TDP : 65W / PPT : 88W / PCIe4.0 / 5200MHz / 기술 지원 : AMD Ryzen AI , AMD Ryzen Master , SMT(하이퍼스레딩) / 쿨러 : AMD 기본쿨러 포함 닫기",https://img.danuri.io/catalog-image/649/779/053/0d076cec6c4649348b31a36811f4eb15.jpg?shrink=130:130&_v=20260921080443,https://prod.danawa.com/info/?pcode=53779649&cate=112747
195,AMD,AMD 라이젠5-5세대 8400F (피닉스),"172,340","AMD(소켓AM5) / 6코어 / 12스레드 / 메모리 규격 : DDR5 / 5세대(Zen4) / 4nm / 기본 클럭 : 4.2GHz / 최대 클럭 : 4.7GHz / L2 캐시 : 6MB / L3 캐시 : 16MB / TDP : 65W / PCIe4.0 / 5200MHz / 기술 지원 : AMD Ryzen Master , SMT(하이퍼스레딩) / 쿨러 : AMD 기본쿨러 포함 닫기",https://img.danuri.io/catalog-image/130/626/053/7a238831e22e466b91c8a767c68a738e.jpg?shrink=130:130&_v=20260921080609,https://prod.danawa.com/info/?pcode=53626130&cate=112747
196,AMD,AMD 라이젠5 PRO 8600G (피닉스),"305,750",AMD(소켓AM5) / 6코어 / 12스레드 / 메모리 규격 : DDR5 / 탑재 / 5세대(Zen4) / 4nm / 기본 클럭 : 4.3GHz / 최대 클럭 : 5.0GHz / L2 캐시 : 6MB / L3 캐시 : 16MB / TDP : 65W / PCIe4.0 / 5200MHz / AMD 라데온 760M / 기술 지원 : AMD Ryzen AI / 쿨러 : Wraith Stealth 포함 닫기,https://img.danuri.io/catalog-image/460/222/106/a994791baa63491baf4a051fbe4b74aa.jpg?shrink=130:130&_v=20260921080458,https://prod.danawa.com/info/?pcode=106222460&cate=112747
197,AMD,AMD 라이젠5 PRO 8500G (피닉스),"285,890",AMD(소켓AM5) / 2C+4c코어 / 12스레드 / 메모리 규격 : DDR5 / 탑재 / 5세대(Zen4) / 4nm / 기본 클럭 : 3.5GHz / 최대 클럭 : 5.0GHz / L2 캐시 : 6MB / L3 캐시 : 16MB / TDP : 65W / PCIe4.0 / 5200MHz / AMD 라데온 740M / 기술 지원 : SMT(하이퍼스레딩) / 쿨러 : Wraith Stealth 포함 / 시네벤치R23(싱글) : 1807 / 시네벤치R23(멀티) : 11541 닫기,https://img.danuri.io/catalog-image/789/621/122/a5a10a34e59e4e5cbb74683d66394022.jpeg?shrink=130:130&_v=20260921080443,https://prod.danawa.com/info/?pcode=122621789&cate=112747
198,AMD,AMD 라이젠7-6세대 9800X3D (그래니트 릿지),"646,720","AMD(소켓AM5) / 8코어 / 16스레드 / 메모리 규격 : DDR5 / 탑재 / 6세대(Zen5) / TSMC 4nm / 기본 클럭 : 4.7GHz / 최대 클럭 : 5.2GHz / L2 캐시 : 8MB / L3 캐시 : 96MB / TDP : 120W / PCIe5.0 / 5600MHz / AMD 라데온 그래픽 / 기술 지원 : AMD Ryzen Master , AMD 3D V캐시 , SMT(하이퍼스레딩) / 쿨러 : 미포함 / 시네벤치R23(싱글) : 2073 / 시네벤치R23(멀티) : 23334 / 출시가: 479달러(VAT별도) 닫기",https://img.danuri.io/catalog-image/547/531/070/749fd202aa5d4ebaac1438998c3addd2.jpeg?shrink=130:130&_v=20260921140353,https://prod.danawa.com/info/?pcode=70531547&cate=112747
199,AMD,AMD 라이젠5-6세대 9600X (그래니트 릿지),"271,660",AMD(소켓AM5) / 6코어 / 12스레드 / 메모리 규격 : DDR5 / 탑재 / 6세대(Zen5) / TSMC 4nm / 기본 클럭 : 3.9GHz / 최대 클럭 : 5.4GHz / L2 캐시 : 6MB / L3 캐시 : 32MB / TDP : 65W / PPT : 88W / PCIe5.0 / 5600MHz / AMD 라데온 그래픽 / 기술 지원 : SMT(하이퍼스레딩) / 쿨러 : Wraith Stealth 포함 / 시네벤치R23(싱글) : 2223 / 시네벤치R23(멀티) : 16998 / 출시가: 279달러(VAT별도) 닫기,https://img.danuri.io/catalog-image/079/794/062/a21e7ef2993f4154ba69804f7264dde5.jpg?shrink=130:130&_v=20260921133723,https://prod.danawa.com/info/?pcode=62794079&cate=112747
200,AMD,AMD 라이젠9-6세대 9950X3D (그래니트 릿지),"935,720","AMD(소켓AM5) / 16코어 / 32스레드 / 메모리 규격 : DDR5 / 탑재 / 6세대(Zen5) / TSMC 4nm / 기본 클럭 : 4.3GHz / 최대 클럭 : 5.7GHz / L2 캐시 : 16MB / L3 캐시 : 128MB / TDP : 170W / PCIe5.0 / 5600MHz / AMD 라데온 그래픽 / 기술 지원 : AMD Ryzen Master , AMD 3D V캐시 , SMT(하이퍼스레딩) / 쿨러 : 미포함 / 시네벤치R23(싱글) : 2242 / 시네벤치R23(멀티) : 42377 / 출시가: 699달러(VAT별도) 닫기",https://img.danuri.io/catalog-image/914/790/077/f80e6f0109e4459da565e989f77c7c8a.jpg?shrink=130:130&_v=20260921125358,https://prod.danawa.com/info/?pcode=77790914&cate=112747
201,AMD,AMD 라이젠7-6세대 9700X (그래니트 릿지),"392,950","AMD(소켓AM5) / 8코어 / 16스레드 / 메모리 규격 : DDR5 / 탑재 / 6세대(Zen5) / TSMC 4nm / 기본 클럭 : 3.8GHz / 최대 클럭 : 5.5GHz / L2 캐시 : 8MB / L3 캐시 : 32MB / TDP : 65W / PPT : 88W / PCIe5.0 / 5600MHz / AMD 라데온 그래픽 / 기술 지원 : AMD Ryzen Master , SMT(하이퍼스레딩) / 쿨러 : Wraith Stealth 포함 / 시네벤치R23(싱글) : 2260 / 시네벤치R23(멀티) : 21436 / 출시가: 359달러(VAT별도) 닫기",https://img.danuri.io/catalog-image/082/794/062/87e11a2d022646898224f79f01fc402b.jpg?shrink=130:130&_v=20260921133043,https://prod.danawa.com/info/?pcode=62794082&cate=112747
202,AMD,AMD 라이젠7-6세대 9850X3D (그래니트 릿지),"715,980","AMD(소켓AM5) / 8코어 / 16스레드 / 메모리 규격 : DDR5 / 탑재 / 6세대(Zen5) / TSMC 4nm / 기본 클럭 : 4.7GHz / 최대 클럭 : 5.6GHz / L2 캐시 : 8MB / L3 캐시 : 96MB / TDP : 120W / PCIe5.0 / 5600MHz / AMD 라데온 그래픽 / 기술 지원 : SMT(하이퍼스레딩) , AMD Ryzen Master , AMD 3D V캐시 / 쿨러 : 미포함 닫기",https://img.danuri.io/catalog-image/873/627/104/b5f564ff6f4347658844c3feb6f2e965.jpg?shrink=130:130&_v=20260921132623,https://prod.danawa.com/info/?pcode=104627873&cate=112747
203,AMD,AMD 라이젠9-6세대 9950X3D2 (그래니트 릿지),"1,419,620","AMD(소켓AM5) / 16코어 / 32스레드 / 메모리 규격 : DDR5 / 탑재 / 6세대(Zen5) / TSMC 4nm / 기본 클럭 : 4.3GHz / 최대 클럭 : 5.6GHz / L2 캐시 : 16MB / L3 캐시 : 192MB / TDP : 200W / PCIe5.0 / 5600MHz / AMD 라데온 그래픽 / 기술 지원 : AMD Ryzen Master , AMD 3D V캐시 , SMT(하이퍼스레딩) / 쿨러 : 미포함 닫기",https://img.danuri.io/catalog-image/011/634/122/8c8805d983984bc68a255b1155c1cb8a.jpeg?shrink=130:130&_v=20260921080456,https://prod.danawa.com/info/?pcode=122634011&cate=112747
204,AMD,AMD 라이젠5-6세대 9500F (그래니트 릿지),"235,000",AMD(소켓AM5) / 6코어 / 12스레드 / 메모리 규격 : DDR5 / 미탑재 / 6세대(Zen5) / TSMC 4nm / 기본 클럭 : 3.8GHz / 최대 클럭 : 5.0GHz / L2 캐시 : 6MB / L3 캐시 : 32MB / TDP : 65W / PPT : 88W / PCIe5.0 / 5600MHz / 기술 지원 : SMT(하이퍼스레딩) / 쿨러 : Wraith Stealth 포함 / 시네벤치R23(싱글) : 1689 / 시네벤치R23(멀티) : 12803 닫기,https://img.danuri.io/catalog-image/881/704/097/71d47148647d4c56abf5802e5e8c44a1.jpeg?shrink=130:130&_v=20260921080458,https://prod.danawa.com/info/?pcode=97704881&cate=112747
205,AMD,AMD 라이젠9-6세대 9950X (그래니트 릿지),"827,440","AMD(소켓AM5) / 16코어 / 32스레드 / 메모리 규격 : DDR5 / 탑재 / 6세대(Zen5) / TSMC 4nm / 기본 클럭 : 4.3GHz / 최대 클럭 : 5.7GHz / L2 캐시 : 16MB / L3 캐시 : 64MB / TDP : 170W / PPT : 230W / PCIe5.0 / 5600MHz / AMD 라데온 그래픽 / 기술 지원 : AMD Ryzen Master , SMT(하이퍼스레딩) / 쿨러 : 미포함 / 시네벤치R23(싱글) : 2243 / 시네벤치R23(멀티) : 42103 / 출시가: 649달러(VAT별도) 닫기",https://img.danuri.io/catalog-image/417/140/063/8b3e09b7b0f344798024a07b1e4d770b.jpg?shrink=130:130&_v=20260921080609,https://prod.danawa.com/info/?pcode=63140417&cate=112747
206,AMD,AMD 라이젠9-6세대 9900X (그래니트 릿지),"620,370","AMD(소켓AM5) / 12코어 / 24스레드 / 메모리 규격 : DDR5 / 탑재 / 6세대(Zen5) / TSMC 4nm / 기본 클럭 : 4.4GHz / 최대 클럭 : 5.6GHz / L2 캐시 : 12MB / L3 캐시 : 64MB / TDP : 120W / PPT : 162W / PCIe5.0 / 5600MHz / AMD 라데온 그래픽 / 기술 지원 : AMD Ryzen Master , SMT(하이퍼스레딩) / 쿨러 : 미포함 / 시네벤치R23(싱글) : 2220 / 시네벤치R23(멀티) : 32038 / 출시가: 499달러(VAT별도) 닫기",https://img.danuri.io/catalog-image/387/140/063/79f289fdd4a24638b3d962033adc4db3.jpg?shrink=130:130&_v=20260921134303,https://prod.danawa.com/info/?pcode=63140387&cate=112747
207,AMD,AMD 라이젠 스레드리퍼 PRO 9975WX (시마다 픽),"6,496,040","AMD(소켓sTR5) / 32코어 / 64스레드 / 메모리 규격 : DDR5 / 미탑재 / 기본 클럭 : 4.0GHz / 최대 클럭 : 5.4GHz / L2 캐시 : 32MB / L3 캐시 : 128MB / TDP : 350W / PCIe5.0 / 6400MHz / 기술 지원 : AMD PRO , SMT(하이퍼스레딩) / 쿨러 : 미포함 닫기",https://img.danuri.io/catalog-image/814/690/094/be09413464d64d7e87f1c66fbdb8cd9f.jpg?shrink=130:130&_v=20260921080454,https://prod.danawa.com/info/?pcode=94690814&cate=112747
208,AMD,AMD 라이젠 스레드리퍼 PRO 9955WX (시마다 픽),"2,551,950","AMD(소켓sTR5) / 16코어 / 32스레드 / 메모리 규격 : DDR5 / 미탑재 / 기본 클럭 : 4.5GHz / 최대 클럭 : 5.4GHz / L2 캐시 : 16MB / L3 캐시 : 64MB / TDP : 350W / PCIe5.0 / 6400MHz / 기술 지원 : AMD PRO , SMT(하이퍼스레딩) / 쿨러 : 미포함 닫기",https://img.danuri.io/catalog-image/237/691/094/009933c033a94ccbab0cdb5a846e4af6.jpg?shrink=130:130&_v=20260921120043,https://prod.danawa.com/info/?pcode=94691237&cate=112747
209,AMD,AMD 라이젠5-6세대 9600 (그래니트 릿지),"262,280",AMD(소켓AM5) / 6코어 / 12스레드 / 메모리 규격 : DDR5 / 탑재 / 6세대(Zen5) / TSMC 4nm / 기본 클럭 : 3.8GHz / 최대 클럭 : 5.2GHz / L2 캐시 : 6MB / L3 캐시 : 32MB / TDP : 65W / PPT : 88W / PCIe5.0 / 5600MHz / AMD 라데온 그래픽 / 기술 지원 : SMT(하이퍼스레딩) / 쿨러 : Wraith Stealth 포함 / 시네벤치R23(싱글) : 2223 / 시네벤치R23(멀티) : 16998 닫기,https://img.danuri.io/catalog-image/280/465/076/8f0ce5a51f7d4b638200caf529ecb91f.jpg?shrink=130:130&_v=20260921080458,https://prod.danawa.com/info/?pcode=76465280&cate=112747
210,AMD,AMD 라이젠 스레드리퍼 PRO 9995WX (시마다 픽),"18,358,250","AMD(소켓sTR5) / 96코어 / 192스레드 / 메모리 규격 : DDR5 / 미탑재 / 기본 클럭 : 2.5GHz / 최대 클럭 : 5.4GHz / L2 캐시 : 96MB / L3 캐시 : 384MB / TDP : 350W / PCIe5.0 / 6400MHz / 기술 지원 : AMD PRO , SMT(하이퍼스레딩) / 쿨러 : 미포함 닫기",https://img.danuri.io/catalog-image/457/690/094/a65e1c53707e4ebcb82b1b5391da159d.jpg?shrink=130:130&_v=20260921140459,https://prod.danawa.com/info/?pcode=94690457&cate=112747
211,AMD,AMD 라이젠9-6세대 9900X3D (그래니트 릿지),"809,370","AMD(소켓AM5) / 12코어 / 24스레드 / 메모리 규격 : DDR5 / 탑재 / 6세대(Zen5) / TSMC 4nm / 기본 클럭 : 4.4GHz / 최대 클럭 : 5.5GHz / L2 캐시 : 12MB / L3 캐시 : 128MB / TDP : 120W / PCIe5.0 / 5600MHz / AMD 라데온 그래픽 / 기술 지원 : AMD Ryzen Master , AMD 3D V캐시 , SMT(하이퍼스레딩) / 쿨러 : 미포함 / 시네벤치R23(싱글) : 2258 / 시네벤치R23(멀티) : 34549 / 출시가: 599달러(VAT별도) 닫기",https://img.danuri.io/catalog-image/890/790/077/3cde2c2726494fbe9f73ba767d73c3cf.jpg?shrink=130:130&_v=20260921080455,https://prod.danawa.com/info/?pcode=77790890&cate=112747
212,AMD,AMD 라이젠 스레드리퍼 PRO 9985WX (시마다 픽),"12,299,990","AMD(소켓sTR5) / 64코어 / 128스레드 / 메모리 규격 : DDR5 / 미탑재 / 기본 클럭 : 3.2GHz / 최대 클럭 : 5.4GHz / L2 캐시 : 64MB / L3 캐시 : 256MB / TDP : 350W / PCIe5.0 / 6400MHz / 기술 지원 : AMD PRO , SMT(하이퍼스레딩) / 쿨러 : 미포함 닫기",https://img.danuri.io/catalog-image/649/690/094/090ce254eb8041109593f40e0bc32751.jpg?shrink=130:130&_v=20260921080609,https://prod.danawa.com/info/?pcode=94690649&cate=112747
213,AMD,AMD 라이젠 스레드리퍼 9970X (시마다 픽),"3,854,830",AMD(소켓sTR5) / 32코어 / 64스레드 / 메모리 규격 : DDR5 / 미탑재 / 기본 클럭 : 4.0GHz / 최대 클럭 : 5.4GHz / L2 캐시 : 32MB / L3 캐시 : 128MB / TDP : 350W / PCIe5.0 / 6400MHz / 기술 지원 : SMT(하이퍼스레딩) / 쿨러 : 미포함 닫기,https://img.danuri.io/catalog-image/554/932/094/2917ef9c7dda41c68dce51909e37d67b.jpg?shrink=130:130&_v=20260921080404,https://prod.danawa.com/info/?pcode=94932554&cate=112747
214,AMD,AMD 라이젠 스레드리퍼 9980X (시마다 픽),"7,749,990",AMD(소켓sTR5) / 64코어 / 128스레드 / 메모리 규격 : DDR5 / 미탑재 / 기본 클럭 : 3.2GHz / 최대 클럭 : 5.4GHz / L2 캐시 : 64MB / L3 캐시 : 256MB / TDP : 350W / PCIe5.0 / 6400MHz / 기술 지원 : SMT(하이퍼스레딩) / 쿨러 : 미포함 닫기,https://img.danuri.io/catalog-image/239/932/094/e7a97a57624f4e87a9c8b887a19006be.jpg?shrink=130:130&_v=20260921080444,https://prod.danawa.com/info/?pcode=94932239&cate=112747
215,AMD,AMD 라이젠 스레드리퍼 9960X (시마다 픽),"3,450,000",AMD(소켓sTR5) / 24코어 / 48스레드 / 메모리 규격 : DDR5 / 미탑재 / 기본 클럭 : 4.2GHz / 최대 클럭 : 5.4GHz / L2 캐시 : 24MB / L3 캐시 : 128MB / TDP : 350W / PCIe5.0 / 6400MHz / 기술 지원 : SMT(하이퍼스레딩) / 쿨러 : 미포함 닫기,https://img.danuri.io/catalog-image/623/932/094/33feaf4fa3ed4912b45453785d4cd60d.jpg?shrink=130:130&_v=20260921080404,https://prod.danawa.com/info/?pcode=94932623&cate=112747
216,AMD,AMD 라이젠 스레드리퍼 PRO 9965WX (시마다 픽),"4,506,940","AMD(소켓sTR5) / 24코어 / 48스레드 / 메모리 규격 : DDR5 / 미탑재 / 기본 클럭 : 4.2GHz / 최대 클럭 : 5.4GHz / L2 캐시 : 24MB / L3 캐시 : 128MB / TDP : 350W / PCIe5.0 / 6400MHz / 기술 지원 : AMD PRO , SMT(하이퍼스레딩) / 쿨러 : 미포함 닫기",https://img.danuri.io/catalog-image/922/690/094/632b865feff143f288cad85a4e768357.jpg?shrink=130:130&_v=20260921140450,https://prod.danawa.com/info/?pcode=94690922&cate=112747
