번호,제조사,제품명,가격,세부스펙,이미지,상품주소
1,ASUS,ASUS TUF Gaming B550M-PLUS STCOM,"153,690","AMD(소켓AM4) / AMD B550 / DDR4 / VGA 연결 : PCIe4.0 x16 / M-ATX (24.4x24.4cm) / 전원부 : 8+2페이즈 / 50A / Vcore출력합계 : 400 / 메모리 4800MHz (PC4-38400) / 4개 / 메모리 용량 : 최대 128GB / 확장슬롯 PCIe버전 : PCIe4.0 , PCIe3.0 / PCIex16 : 1개 / PCIex16(at x4) : 1개 / PCIex1 : 1개 / CrossFire X / 저장장치 SATA3 : 4개 / M.2 : 2개 / M.2 연결 : PCIe , NVMe , SATA / 후면단자 HDMI / DP / USB3.x 10Gbps / USB3.x 5Gbps / USB 2.0 / RJ-45 / S/PDIF / 오디오잭 / PS/2 / USB A타입 : 7개 / USB C타입 : 1개 / 랜/오디오 유선랜 칩셋 : Realtek RTL8125B / 2.5Gbps / RJ-45 : 1개 / 오디오 칩셋 : Realtek ALC S1200A / 7.1채널(8ch) / 내부I/O USB/팬 헤더 : USB3.0 헤더 , USB2.0 헤더 , RGB 12V 4핀 헤더 , ARGB 5V 3핀 헤더 / 시스템팬 4핀 : 2개 / I/O 헤더 : TPM 헤더 / 특징 DrMOS / M.2 히트싱크 / LED라이트 / UEFI 닫기",https://img.danuri.io/catalog-image/368/571/011/2c90536df0e74012bf1668d9e427c763.jpg?shrink=130:130&_v=20260921110112,https://prod.danawa.com/info/?pcode=11571368&cate=112751
2,ASUS,ASUS PRIME A520M-A II 대원씨티에스,"79,770","AMD(소켓AM4) / AMD A520 / DDR4 / VGA 연결 : PCIe3.0 x16 / M-ATX (24.4x24.4cm) / 전원부 : 4+2페이즈 / 메모리 4866MHz (PC4-38900) / 4개 / 확장슬롯 PCIe버전 : PCIe3.0 , PCIe / PCIex16 : 1개 / PCIex1 : 2개 / 저장장치 SATA3 : 4개 / M.2 : 1개 / M.2 연결 : PCIe , NVMe , SATA / 후면단자 HDMI / DP / D-SUB / USB3.x 5Gbps / USB 2.0 / RJ-45 / 오디오잭 / PS/2 / USB A타입 : 6개 / 랜/오디오 유선랜 칩셋 : Realtek 1Gb / 1Gbps / RJ-45 : 1개 / 오디오 칩셋 : Realtek ALC887/897 / 7.1채널(8ch) / 내부I/O USB/팬 헤더 : USB3.0 헤더 , USB2.0 헤더 , RGB 12V 4핀 헤더 , ARGB 5V 3핀 헤더 / 시스템팬 4핀 : 2개 / I/O 헤더 : TPM 헤더 / 특징 UEFI 닫기",https://img.danuri.io/catalog-image/179/284/016/fb70cf4490884c50a4349a550ee4a9c0.jpg?shrink=130:130&_v=20260921080458,https://prod.danawa.com/info/?pcode=16284179&cate=112751
3,ASUS,ASUS PRIME A520M-K 대원씨티에스,"60,300","AMD(소켓AM4) / AMD A520 / DDR4 / VGA 연결 : PCIe3.0 x16 / M-ATX (22.6x22.1cm) / 전원부 : 4+2페이즈 / 메모리 4600MHz (PC4-36800) / 2개 / 메모리 용량 : 최대 64GB / 확장슬롯 PCIe버전 : PCIe3.0 / PCIex16 : 1개 / PCIex1 : 2개 / 저장장치 SATA3 : 4개 / M.2 : 1개 / M.2 연결 : PCIe , NVMe , SATA / 후면단자 HDMI / D-SUB / USB3.x 5Gbps / USB 2.0 / RJ-45 / 오디오잭 / PS/2 / USB A타입 : 6개 / 랜/오디오 유선랜 칩셋 : Realtek RTL8111H / 1Gbps / RJ-45 : 1개 / 오디오 칩셋 : Realtek ALC887 / 7.1채널(8ch) / 내부I/O USB/팬 헤더 : USB3.0 헤더 , USB2.0 헤더 / 시스템팬 4핀 : 1개 / I/O 헤더 : TPM 헤더 / 특징 UEFI 닫기",https://img.danuri.io/catalog-image/566/069/012/91d527634a8f4e9ea6dfa28b815d0e13.jpg?shrink=130:130&_v=20260921080444,https://prod.danawa.com/info/?pcode=12069566&cate=112751
4,ASUS,ASUS PRIME B550M-K ARGB 대원씨티에스,"108,170","AMD(소켓AM4) / AMD B550 / DDR4 / VGA 연결 : PCIe4.0 x16 / M-ATX (24.4x24.4cm) / [메모리] 5100MHz (PC4-40800) / 2개 / 메모리 용량 : 최대 64GB / [확장슬롯] PCIe버전 : PCIe4.0 , PCIe3.0 / PCIex16 : 2개 / PCIex1 : 1개 / [저장장치] M.2 : 2개 / SATA3 : 4개 / M.2 연결 : PCIe4.0 , PCIe , NVMe , SATA / [후면단자] HDMI / DP / USB3.x 5Gbps / USB 2.0 / RJ-45 / 오디오잭 / PS/2 / USB A타입 : 6개 / [랜/오디오] 유선랜 칩셋 : Realtek / 1Gbps / RJ-45 : 1개 / 오디오 칩셋 : Realtek / 7.1채널(8ch) / [내부I/O] USB/팬 헤더 : USB3.0 헤더 , USB2.0 헤더 , ARGB 5V 3핀 헤더 / 시스템팬 4핀 : 2개 / I/O 헤더 : TPM 헤더 , 프론트오디오AAFP 헤더 , COM포트 헤더 , S/PDIF OUT 헤더 / [특징] UEFI 닫기",https://img.danuri.io/catalog-image/849/968/105/7ff224dd12da44808b591160f5c39cbc.jpg?shrink=130:130&_v=20260921110333,https://prod.danawa.com/info/?pcode=105968849&cate=112751
5,ASUS,ASUS PRIME B550M-A 대원씨티에스,"123,380","AMD(소켓AM4) / AMD B550 / DDR4 / VGA 연결 : PCIe4.0 x16 / M-ATX (24.4x24.4cm) / [메모리] 4800MHz (PC4-38400) / 4개 / 메모리 용량 : 최대 128GB / [확장슬롯] PCIe버전 : PCIe4.0 , PCIe3.0 / PCIex16 : 1개 / PCIex1 : 2개 / [저장장치] M.2 : 2개 / SATA3 : 4개 / M.2 연결 : PCIe , NVMe , SATA / [후면단자] HDMI / DVI / D-SUB / USB3.x 10Gbps / USB3.x 5Gbps / RJ-45 / 오디오잭 / PS/2 / USB A타입 : 6개 / [랜/오디오] 유선랜 칩셋 : Realtek RTL8111H / 1Gbps / RJ-45 : 1개 / 오디오 칩셋 : Realtek ALC887 / 7.1채널(8ch) / [내부I/O] USB/팬 헤더 : USB3.0 헤더 , USB2.0 헤더 , RGB 12V 4핀 헤더 , ARGB 5V 3핀 헤더 / 시스템팬 4핀 : 2개 / I/O 헤더 : TPM 헤더 / [특징] UEFI 닫기",https://img.danuri.io/catalog-image/458/574/011/2577db3f96e846129a1ce93837a37624.jpg?shrink=130:130&_v=20260921080444,https://prod.danawa.com/info/?pcode=11574458&cate=112751
6,ASUS,ASUS PRIME A520M-K 아이보라,"64,000","AMD(소켓AM4) / AMD A520 / DDR4 / VGA 연결 : PCIe3.0 x16 / M-ATX (22.6x22.1cm) / 전원부 : 4+2페이즈 / [메모리] 4600MHz (PC4-36800) / 2개 / 메모리 용량 : 최대 64GB / [확장슬롯] PCIe버전 : PCIe3.0 / PCIex16 : 1개 / PCIex1 : 2개 / [저장장치] M.2 : 1개 / SATA3 : 4개 / M.2 연결 : PCIe , NVMe , SATA / [후면단자] HDMI / D-SUB / USB3.x 5Gbps / USB 2.0 / RJ-45 / 오디오잭 / PS/2 / USB A타입 : 6개 / [랜/오디오] 유선랜 칩셋 : Realtek RTL8111H / 1Gbps / RJ-45 : 1개 / 오디오 칩셋 : Realtek ALC887 / 7.1채널(8ch) / [내부I/O] USB/팬 헤더 : USB3.0 헤더 , USB2.0 헤더 / 시스템팬 4핀 : 1개 / I/O 헤더 : TPM 헤더 / [특징] UEFI 닫기",https://img.danuri.io/catalog-image/610/067/012/be5c8d4dfdb744caaf1ac425acb187ff.jpg?shrink=130:130&_v=20260921080457,https://prod.danawa.com/info/?pcode=12067610&cate=112751
7,ASUS,ASUS PRIME A520M-K ARGB 대원씨티에스,"66,560","AMD(소켓AM4) / AMD A520 / DDR4 / VGA 연결 : PCIe3.0 x16 / M-ATX (22.6x22.6cm) / 전원부 : 4+2페이즈 / 메모리 5100MHz (PC4-40800) / 2개 / 메모리 용량 : 최대 64GB / 확장슬롯 PCIe버전 : PCIe3.0 / PCIex16 : 1개 / PCIex1 : 1개 / 저장장치 SATA3 : 4개 / M.2 : 2개 / M.2 연결 : PCIe , NVMe , SATA / 후면단자 HDMI / DP / USB3.x 5Gbps / USB 2.0 / RJ-45 / 오디오잭 / PS/2 / USB A타입 : 6개 / 랜/오디오 유선랜 칩셋 : Realtek RTL8111H / 1Gbps / RJ-45 : 1개 / 오디오 칩셋 : Realtek / 7.1채널(8ch) / 내부I/O USB/팬 헤더 : USB3.0 헤더 , USB2.0 헤더 , ARGB 5V 3핀 헤더 / 시스템팬 4핀 : 1개 / I/O 헤더 : TPM 헤더 , 프론트오디오AAFP 헤더 , COM포트 헤더 / 특징 UEFI 닫기",https://img.danuri.io/catalog-image/897/721/122/e64a32718e6e4afcbcd7b729fc80b87a.jpeg?shrink=130:130&_v=20260921100223,https://prod.danawa.com/info/?pcode=122721897&cate=112751
8,ASUS,ASUS PRIME A520M-K 인텍앤컴퍼니,"62,520","AMD(소켓AM4) / AMD A520 / DDR4 / VGA 연결 : PCIe3.0 x16 / M-ATX (22.6x22.1cm) / 전원부 : 4+2페이즈 / 메모리 4600MHz (PC4-36800) / 2개 / 메모리 용량 : 최대 64GB / 확장슬롯 PCIe버전 : PCIe3.0 / PCIex16 : 1개 / PCIex1 : 2개 / 저장장치 SATA3 : 4개 / M.2 : 1개 / M.2 연결 : PCIe , NVMe , SATA / 후면단자 HDMI / D-SUB / USB3.x 5Gbps / USB 2.0 / RJ-45 / 오디오잭 / PS/2 / USB A타입 : 6개 / 랜/오디오 유선랜 칩셋 : Realtek RTL8111H / 1Gbps / RJ-45 : 1개 / 오디오 칩셋 : Realtek ALC887 / 7.1채널(8ch) / 내부I/O USB/팬 헤더 : USB3.0 헤더 , USB2.0 헤더 / 시스템팬 4핀 : 1개 / I/O 헤더 : TPM 헤더 / 특징 UEFI 닫기",https://img.danuri.io/catalog-image/555/643/122/6cd8dbc2c0ea4e3f88164faef50a9a1c.jpeg?shrink=130:130&_v=20260921080443,https://prod.danawa.com/info/?pcode=122643555&cate=112751
9,ASUS,ASUS PRIME A520M-K STCOM,"62,070","AMD(소켓AM4) / AMD A520 / DDR4 / VGA 연결 : PCIe3.0 x16 / M-ATX (22.6x22.1cm) / 전원부 : 4+2페이즈 / [메모리] 4600MHz (PC4-36800) / 2개 / 메모리 용량 : 최대 64GB / [확장슬롯] PCIe버전 : PCIe3.0 / PCIex16 : 1개 / PCIex1 : 2개 / [저장장치] M.2 : 1개 / SATA3 : 4개 / M.2 연결 : PCIe , NVMe , SATA / [후면단자] HDMI / D-SUB / USB3.x 5Gbps / USB 2.0 / RJ-45 / 오디오잭 / PS/2 / USB A타입 : 6개 / [랜/오디오] 유선랜 칩셋 : Realtek RTL8111H / 1Gbps / RJ-45 : 1개 / 오디오 칩셋 : Realtek ALC887 / 7.1채널(8ch) / [내부I/O] USB/팬 헤더 : USB3.0 헤더 , USB2.0 헤더 / 시스템팬 4핀 : 1개 / I/O 헤더 : TPM 헤더 / [특징] UEFI 닫기",https://img.danuri.io/catalog-image/293/060/012/179e4bf8ca96485b8111c10aa592630d.jpg?shrink=130:130&_v=20260921080609,https://prod.danawa.com/info/?pcode=12060293&cate=112751
10,ASUS,ASUS EX A320M-GAMING 대원씨티에스,"116,000","AMD(소켓AM4) / AMD A320 / DDR4 / VGA 연결 : PCIe3.0 x16 / M-ATX (24.4x24.4cm) / 전원부 : 6페이즈 / [메모리] 2666MHz (PC4-21300) / 4개 / 메모리 용량 : 최대 64GB / [확장슬롯] PCIe버전 : PCIe3.0 / PCIex16 : 1개 / PCIex4 : 1개 / PCIex1 : 1개 / [저장장치] M.2 : 1개 / SATA3 : 4개 / M.2 연결 : PCIe , SATA / [후면단자] HDMI / DVI / USB3.x 5Gbps / USB 2.0 / RJ-45 / 오디오잭 / PS/2 / USB A타입 : 6개 / [랜/오디오] 유선랜 칩셋 : Realtek RTL8111H / 1Gbps / RJ-45 : 1개 / 오디오 칩셋 : Realtek ALC887 / 7.1채널(8ch) / [특징] LED라이트 / UEFI 닫기",https://img.danuri.io/catalog-image/148/452/007/2853193b82404f9eb784f2507616b71a.jpg?shrink=130:130&_v=20260921080444,https://prod.danawa.com/info/?pcode=7452148&cate=112751
11,ASUS,ASUS ROG CROSSHAIR VIII DARK HERO STCOM,"750,000","AMD(소켓AM4) / AMD X570 / DDR4 / VGA 연결 : PCIe4.0 x16 / ATX (30.5x24.4cm) / 전원부 : 14+2페이즈 / 페이즈당90A / Vcore출력합계 : 1260A / [메모리] 4866MHz (PC4-38900) / 4개 / 메모리 용량 : 최대 128GB / [확장슬롯] PCIe버전 : PCIe4.0 , PCIe3.0 / PCIex16 : 3개 / PCIex1 : 1개 / CrossFire X / SLI / [저장장치] M.2 : 2개 / SATA3 : 8개 / M.2 연결 : PCIe , NVMe , SATA / [후면단자] USB3.x 10Gbps / USB3.x 5Gbps / RJ-45 / S/PDIF / 오디오잭 / USB A타입 : 11개 / USB C타입 : 1개 / [랜/오디오] 유선랜 칩셋 : Realtek RTL8125-CG , Intel I211-AT / 2.5Gbps / RJ-45 : 2개 / 듀얼LAN / 무선랜(Wi-Fi) / 블루투스 / 오디오 칩셋 : SupremeFX / 7.1채널(8ch) / [내부I/O] USB/팬 헤더 : USB3.0 헤더 , USB2.0 헤더 , USB3.1 Type C 헤더 , RGB 12V 4핀 헤더 , ARGB 5V 3핀 헤더 / 시스템팬 4핀 : 3개 / [특징] M.2 히트싱크 / LED라이트 / UEFI 닫기",https://img.danuri.io/catalog-image/975/701/012/7316cda4d3a9409dbb260e1927af91e7.jpg?shrink=130:130&_v=20260921080444,https://prod.danawa.com/info/?pcode=12701975&cate=112751
12,ASUS,ASUS PRIME B550M-K ARGB STCOM,"113,940","AMD(소켓AM4) / AMD B550 / DDR4 / VGA 연결 : PCIe4.0 x16 / M-ATX (24.4x24.4cm) / [메모리] 5100MHz (PC4-40800) / 2개 / 메모리 용량 : 최대 64GB / [확장슬롯] PCIe버전 : PCIe4.0 , PCIe3.0 / PCIex16 : 2개 / PCIex1 : 1개 / [저장장치] M.2 : 2개 / SATA3 : 4개 / M.2 연결 : PCIe4.0 , PCIe , NVMe , SATA / [후면단자] HDMI / DP / USB3.x 5Gbps / USB 2.0 / RJ-45 / 오디오잭 / PS/2 / USB A타입 : 6개 / [랜/오디오] 유선랜 칩셋 : Realtek / 1Gbps / RJ-45 : 1개 / 오디오 칩셋 : Realtek / 7.1채널(8ch) / [내부I/O] USB/팬 헤더 : USB3.0 헤더 , USB2.0 헤더 , ARGB 5V 3핀 헤더 / 시스템팬 4핀 : 2개 / I/O 헤더 : TPM 헤더 , 프론트오디오AAFP 헤더 , COM포트 헤더 , S/PDIF OUT 헤더 / [특징] UEFI 닫기",https://img.danuri.io/catalog-image/858/968/105/4cf3ffc3422a408da523760a4e503b01.jpg?shrink=130:130&_v=20260921080442,https://prod.danawa.com/info/?pcode=105968858&cate=112751
13,ASUS,ASUS TUF B450M-PRO GAMING (해외구매),"171,420","AMD(소켓AM4) / DDR4 / AMD B450 / VGA 연결 : PCIe3.0 x16 / M-ATX (24.4x24.4cm) / 전원부 : 10페이즈 / [메모리] 3533MHz (PC4-28200) / 4개 / 메모리 용량 : 최대 64GB / [확장슬롯] PCIe버전 : PCIe3.0 / PCIex16 : 2개 / PCIex1 : 1개 / CrossFire X / [저장장치] M.2 : 2개 / SATA3 : 6개 / M.2 연결 : PCIe , NVMe , SATA / [후면단자] HDMI / DVI / USB3.x 10Gbps / USB3.x 5Gbps / USB 2.0 / RJ-45 / 오디오잭 / PS/2 / USB A타입 : 5개 / USB C타입 : 1개 / [랜/오디오] 유선랜 칩셋 : Realtek RTL8111H / 1Gbps / RJ-45 : 1개 / 오디오 칩셋 : Realtek ALC S1200A / 7.1채널(8ch) / [내부I/O] [특징] LED라이트 / UEFI 닫기",https://img.danuri.io/catalog-image/157/396/013/9f766b7d80024f1c96d7c32488d7c525.jpg?shrink=130:130&_v=20260921080441,https://prod.danawa.com/info/?pcode=13396157&cate=112751
14,ASUS,ASUS TUF Gaming B850M-PLUS WIFI7 STCOM,"268,990","AMD(소켓AM5) / AMD B850 / DDR5 / VGA 연결 : PCIe5.0 x16 / M-ATX (24.4x24.4cm) / 전원부 : 14+2+1페이즈 / 80A / Vcore출력합계 : 1120 / [메모리] 8000MHz (PC5-64000) / 4개 / 메모리 용량 : 최대 256GB / EXPO / [확장슬롯] PCIe버전 : PCIe5.0 , PCIe4.0 / PCIex16 : 1개 / PCIex1 : 1개 / [저장장치] SATA3 : 4개 / M.2 : 3개 / M.2 연결 : PCIe5.0 , PCIe4.0 , NVMe , PCIe 레인공유 / [후면단자] HDMI / DP / USB3.x 20Gbps / USB3.x 10Gbps / USB3.x 5Gbps / USB 2.0 / RJ-45 / 오디오잭 / BIOS플래시백 / USB A타입 : 11개 / USB C타입 : 1개 / [랜/오디오] 유선랜 칩셋 : Realtek / 2.5Gbps / RJ-45 : 1개 / 무선랜(Wi-Fi) / 블루투스 / 오디오 칩셋 : Realtek ALC1220P / 7.1채널(8ch) / [내부I/O] USB/팬 헤더 : USB3.0 헤더 , USB2.0 헤더 , USB3.1 Type C 헤더 , ARGB 5V 3핀 헤더 , CPU추가팬(OPT) 헤더 , 펌프전용 헤더 / 시스템팬 4핀 : 3개 / I/O 헤더 : 프론트오디오AAFP 헤더 , 침입감지 헤더 , COM포트 헤더 / [특징] DrMOS / 전원부 방열판 / M.2 히트싱크 / 일체형IO실드 / LED라이트 / UEFI 닫기",https://img.danuri.io/catalog-image/710/988/095/65ccf36625b84800af2b694e9bd8fb8a.jpg?shrink=130:130&_v=20260921143403,https://prod.danawa.com/info/?pcode=95988710&cate=112751
15,ASUS,ASUS TUF Gaming B650EM-E WIFI 대원씨티에스,"183,100","AMD(소켓AM5) / AMD B650 / DDR5 / VGA 연결 : PCIe5.0 x16 / M-ATX (24.4x24.4cm) / 전원부 : 8+2+1페이즈 / 페이즈당80A / Vcore출력합계 : 640A / [메모리] 8000MHz (PC5-64000) / 4개 / 메모리 용량 : 최대 256GB / EXPO / [확장슬롯] PCIe버전 : PCIe5.0 , PCIe4.0 / PCIex16 : 1개 / PCIex1 : 1개 / [저장장치] M.2 : 3개 / SATA3 : 4개 / M.2 연결 : PCIe5.0 , PCIe4.0 / [후면단자] HDMI / DP / USB3.x 10Gbps / USB3.x 5Gbps / USB 2.0 / RJ-45 / 오디오잭 / PS/2 / BIOS플래시백 / USB A타입 : 7개 / USB C타입 : 1개 / [랜/오디오] 유선랜 칩셋 : Realtek / 2.5Gbps / RJ-45 : 1개 / 무선랜(Wi-Fi) / 블루투스 / 오디오 칩셋 : Realtek / 7.1채널(8ch) / [내부I/O] USB/팬 헤더 : USB3.0 헤더 , USB2.0 헤더 , USB3.0 Type C 헤더 , CPU추가팬(OPT) 헤더 , 펌프전용 헤더 / 시스템팬 4핀 : 2개 / I/O 헤더 : 프론트오디오AAFP 헤더 , 침입감지 헤더 , COM포트 헤더 / [특징] DrMOS / 전원부 방열판 / M.2 히트싱크 / 일체형IO실드 / UEFI 닫기",https://img.danuri.io/catalog-image/418/703/093/09e84372ca7d49d8801e09a536050afc.jpg?shrink=130:130&_v=20260921080458,https://prod.danawa.com/info/?pcode=93703418&cate=112751
16,ASUS,ASUS TUF Gaming B850M-PLUS WIFI7 W STCOM,"265,980","AMD(소켓AM5) / AMD B850 / DDR5 / VGA 연결 : PCIe5.0 x16 / M-ATX (24.4x24.4cm) / 전원부 : 14+2+1페이즈 / 페이즈당80A / Vcore출력합계 : 1120A / [메모리] 8000MHz (PC5-64000) / 4개 / 메모리 용량 : 최대 256GB / EXPO / [확장슬롯] PCIe버전 : PCIe5.0 , PCIe4.0 / PCIex16 : 1개 / PCIex1 : 1개 / [저장장치] M.2 : 3개 / SATA3 : 4개 / M.2 연결 : PCIe5.0 , PCIe4.0 , NVMe , PCIe 레인공유 / [후면단자] HDMI / DP / USB3.x 20Gbps / USB3.x 10Gbps / USB3.x 5Gbps / USB 2.0 / RJ-45 / 오디오잭 / BIOS플래시백 / USB A타입 : 11개 / USB C타입 : 1개 / [랜/오디오] 유선랜 칩셋 : Realtek / 2.5Gbps / RJ-45 : 1개 / 무선랜(Wi-Fi) / 블루투스 / 오디오 칩셋 : Realtek ALC1220P / 7.1채널(8ch) / [내부I/O] USB/팬 헤더 : USB3.0 헤더 , USB2.0 헤더 , USB3.1 Type C 헤더 , ARGB 5V 3핀 헤더 , CPU추가팬(OPT) 헤더 , 펌프전용 헤더 / 시스템팬 4핀 : 3개 / I/O 헤더 : 프론트오디오AAFP 헤더 , 침입감지 헤더 , COM포트 헤더 / [특징] DrMOS / 전원부 방열판 / M.2 히트싱크 / 일체형IO실드 / UEFI 닫기",https://img.danuri.io/catalog-image/944/988/095/7bfb27c8d3844224aeb4418523f2cf2a.jpg?shrink=130:130&_v=20260921092600,https://prod.danawa.com/info/?pcode=95988944&cate=112751
17,ASUS,ASUS ROG STRIX B850-I GAMING WIFI 인텍앤컴퍼니,"376,670","AMD(소켓AM5) / AMD B850 / DDR5 / VGA 연결 : PCIe5.0 x16 / M-iTX (17.0x17.0cm) / 전원부 : 10+2+1페이즈 / 페이즈당70A / Vcore출력합계 : 700A / [메모리] 8200MHz (PC5-65600) / 2개 / 메모리 용량 : 최대 96GB / EXPO / [확장슬롯] PCIe버전 : PCIe5.0 / PCIex16 : 1개 / [저장장치] M.2 : 2개 / SATA3 : 2개 / M.2 연결 : PCIe5.0 , NVMe / [후면단자] HDMI / Type-C / USB3.x 20Gbps / USB3.x 10Gbps / USB 2.0 / RJ-45 / S/PDIF / 오디오잭 / BIOS플래시백 / 클리어CMOS / USB A타입 : 6개 / USB C타입 : 2개 / [랜/오디오] 유선랜 칩셋 : Intel / 2.5Gbps / RJ-45 : 1개 / 무선랜(Wi-Fi) / 블루투스 / 오디오 칩셋 : SupremeFX ALC4080 / 7.1채널(8ch) / [내부I/O] USB/팬 헤더 : USB4 헤더 , USB3.0 헤더 , USB2.0 헤더 , USB3.1 Type C 헤더 , 펌프전용 헤더 / 시스템팬 4핀 : 1개 / I/O 헤더 : 디버그LED , 프론트오디오AAFP 헤더 , 온도 센서 / [특징] 전원부 방열판 / M.2 히트싱크 / 일체형IO실드 / UEFI 닫기",https://img.danuri.io/catalog-image/525/946/076/02d6cb25bf114792b2dfe5a5b72f83ac.jpg?shrink=130:130&_v=20260921080443,https://prod.danawa.com/info/?pcode=76946525&cate=112751
18,ASUS,ASUS PRIME B650EM-A 대원씨티에스,"135,000","AMD(소켓AM5) / AMD B650 / DDR5 / VGA 연결 : PCIe5.0 x16 / M-ATX (24.4x24.4cm) / 전원부 : 8+2+1페이즈 / [메모리] 8000MHz (PC5-64000) / 4개 / 메모리 용량 : 최대 256GB / EXPO / [확장슬롯] PCIe버전 : PCIe5.0 , PCIe4.0 / PCIex16 : 1개 / PCIex16(at x1) : 1개 / [저장장치] M.2 : 3개 / SATA3 : 4개 / M.2 연결 : PCIe5.0 , PCIe4.0 , NVMe / [후면단자] HDMI / DP / USB3.x 10Gbps / USB3.x 5Gbps / USB 2.0 / RJ-45 / 오디오잭 / BIOS플래시백 / USB A타입 : 8개 / [랜/오디오] 유선랜 칩셋 : Realtek / 2.5Gbps / RJ-45 : 1개 / 오디오 칩셋 : Realtek / 7.1채널(8ch) / [내부I/O] USB/팬 헤더 : USB3.0 헤더 , USB2.0 헤더 , USB3.0 Type C 헤더 , CPU추가팬(OPT) 헤더 , 펌프전용 헤더 / 시스템팬 4핀 : 3개 / I/O 헤더 : TPM 헤더 , 프론트오디오AAFP 헤더 , 침입감지 헤더 , COM포트 헤더 , S/PDIF OUT 헤더 / [특징] 전원부 방열판 / M.2 히트싱크 닫기",https://img.danuri.io/catalog-image/959/119/097/d53ab5ed8b1541ca9390988025669fdd.jpg?shrink=130:130&_v=20260921080444,https://prod.danawa.com/info/?pcode=97119959&cate=112751
19,ASUS,ASUS TUF Gaming B850-PLUS WIFI 대원씨티에스,"309,430","AMD(소켓AM5) / AMD B850 / DDR5 / VGA 연결 : PCIe5.0 x16 / ATX (30.5x24.4cm) / 전원부 : 14+2+1페이즈 / 80A / Vcore출력합계 : 1120 / [메모리] 8000MHz (PC5-64000) / 4개 / 메모리 용량 : 최대 192GB / XMP / EXPO / [확장슬롯] PCIe버전 : PCIe5.0 , PCIe4.0 / PCIex16 : 1개 / PCIex16(at x4) : 1개 / PCIex1 : 2개 / [저장장치] SATA3 : 4개 / M.2 : 3개 / M.2 연결 : PCIe5.0 , PCIe4.0 , NVMe , PCIe 레인공유 / [후면단자] HDMI / DP / USB3.x 20Gbps / USB3.x 10Gbps / USB3.x 5Gbps / USB 2.0 / RJ-45 / 오디오잭 / BIOS플래시백 / USB A타입 : 9개 / USB C타입 : 1개 / [랜/오디오] 유선랜 칩셋 : Realtek / 2.5Gbps / RJ-45 : 1개 / 무선랜(Wi-Fi) / 블루투스 / 오디오 칩셋 : Realtek ALC1220P / 7.1채널(8ch) / [내부I/O] USB/팬 헤더 : USB4 헤더 , USB3.0 헤더 , USB2.0 헤더 , USB3.1 Type C 헤더 , CPU추가팬(OPT) 헤더 , 펌프전용 헤더 / 시스템팬 4핀 : 4개 / I/O 헤더 : 프론트오디오AAFP 헤더 / [특징] DrMOS / 전원부 방열판 / M.2 히트싱크 / 일체형IO실드 / LED라이트 / UEFI 닫기",https://img.danuri.io/catalog-image/492/763/073/210a87f6757d49e6b4492c470bfc98b3.jpg?shrink=130:130&_v=20260921130304,https://prod.danawa.com/info/?pcode=73763492&cate=112751
20,ASUS,ASUS ProArt X870E-CREATOR WIFI 대원씨티에스,"744,030","AMD(소켓AM5) / AMD X870E / DDR5 / VGA 연결 : PCIe5.0 x16 / ATX (30.5x24.4cm) / 전원부 : 16+2+2페이즈 / 페이즈당80A / Vcore출력합계 : 1280A / [메모리] 8000MHz (PC5-64000) / 4개 / 메모리 용량 : 최대 192GB / EXPO / [확장슬롯] PCIe버전 : PCIe5.0 , PCIe4.0 / PCIex16 : 1개 / PCIex16(at x4) : 1개 / [저장장치] M.2 : 4개 / SATA3 : 4개 / M.2 연결 : PCIe5.0 , PCIe4.0 , NVMe , PCIe 레인공유 / [후면단자] HDMI / Type-C / USB4 40Gbps / USB3.x 20Gbps / USB3.x 10Gbps / USB 2.0 / RJ-45 / 오디오잭 / BIOS플래시백 / 클리어CMOS / USB A타입 : 8개 / USB C타입 : 3개 / [랜/오디오] 유선랜 칩셋 : Marvell AQtion, Intel / 10Gbps, 2.5Gbps / RJ-45 : 2개 / 듀얼LAN / 무선랜(Wi-Fi) / 블루투스 / 오디오 칩셋 : Realtek S1220A / 7.1채널(8ch) / [내부I/O] USB/팬 헤더 : USB3.0 헤더 , USB2.0 헤더 , USB3.1 Type C 헤더 , ARGB 5V 3핀 헤더 , CPU추가팬(OPT) 헤더 , 펌프전용 헤더 / 시스템팬 4핀 : 5개 / I/O 헤더 : TPM 헤더 , 디버그LED , 프론트오디오AAFP 헤더 , 침입감지 헤더 , COM포트 헤더 , 온도 센서 / [특징] DrMOS / 전원부 방열판 / M.2 히트싱크 / 일체형IO실드 / UEFI 닫기",https://img.danuri.io/catalog-image/106/852/067/e8fada26e8164bc284b1a0d3d66cc655.jpg?shrink=130:130&_v=20260921125729,https://prod.danawa.com/info/?pcode=67852106&cate=112751
21,ASUS,ASUS ProArt B850-CREATOR WIFI NEO 인텍앤컴퍼니,"368,610","AMD(소켓AM5) / AMD B850 / DDR5 / VGA 연결 : PCIe5.0 x16 / ATX (30.5x24.4cm) / 전원부 : 14+2+1페이즈 / 80A / Vcore출력합계 : 1120 / [메모리] 8000MHz (PC5-64000) / 4개 / 메모리 용량 : 최대 256GB / XMP / EXPO / [확장슬롯] PCIe버전 : PCIe5.0 , PCIe4.0 / PCIex16 : 1개 / PCIex16(at x8) : 1개 / PCIex16(at x4) : 1개 / PCIex1 : 1개 / [저장장치] SATA3 : 4개 / M.2 : 3개 / M.2 연결 : PCIe5.0 , PCIe4.0 , NVMe / [후면단자] HDMI / DP / Type-C / USB3.x 10Gbps / USB3.x 5Gbps / USB 2.0 / RJ-45 / 오디오잭 / BIOS플래시백 / USB A타입 : 6개 / USB C타입 : 2개 / [랜/오디오] 유선랜 칩셋 : Realtek / 5Gbps / RJ-45 : 2개 / 무선랜(Wi-Fi) / 블루투스 / 오디오 칩셋 : Realtek RTL8922AE / 7.1채널(8ch) / [내부I/O] USB/팬 헤더 : USB3.0 헤더 , USB2.0 헤더 , USB3.2 Type C 헤더 , ARGB 5V 3핀 헤더 , CPU추가팬(OPT) 헤더 , 펌프전용 헤더 / 시스템팬 4핀 : 4개 / I/O 헤더 : TPM 헤더 , 프론트오디오AAFP 헤더 / [특징] DrMOS / 전원부 방열판 / M.2 히트싱크 / 일체형IO실드 / UEFI 닫기",https://img.danuri.io/catalog-image/533/663/122/497f045e04cc436484ef35f54c7ccf26.jpeg?shrink=130:130&_v=20260921080444,https://prod.danawa.com/info/?pcode=122663533&cate=112751
22,ASUS,ASUS ROG CROSSHAIR X870E APEX 대원씨티에스,"833,490","AMD(소켓AM5) / AMD X870E / DDR5 / VGA 연결 : PCIe5.0 x16 / ATX (30.5x24.4cm) / 전원부 : 18+2+2페이즈 / 페이즈당110A / Vcore출력합계 : 1980A / [메모리] 8200MHz (PC5-65600) / 2개 / 메모리 용량 : 최대 128GB / EXPO / [확장슬롯] PCIe버전 : PCIe5.0 , PCIe4.0 , PCIe3.0 / PCIex16 : 2개 (동시사용시 at x8) / PCIex4 : 1개 / PCIex1 : 1개 / [저장장치] M.2 : 5개 / SATA3 : 4개 / M.2 연결 : PCIe5.0 , PCIe4.0 , NVMe , DIMM.2 , PCIe 레인공유 / [후면단자] HDMI / Type-C / USB4 40Gbps / USB3.x 10Gbps / USB3.x 5Gbps / RJ-45 / S/PDIF / 오디오잭 / PS/2 / BIOS플래시백 / 클리어CMOS / USB A타입 : 7개 / USB C타입 : 3개 / [랜/오디오] 유선랜 칩셋 : Realtek / 5Gbps / RJ-45 : 1개 / 무선랜(Wi-Fi) / 블루투스 / 오디오 칩셋 : Realtek ALC4082 / 7.1채널(8ch) / [내부I/O] USB/팬 헤더 : USB3.0 헤더 , USB2.0 헤더 , USB3.2 Type C 헤더 , ARGB 5V 3핀 헤더 , CPU추가팬(OPT) 헤더 , 펌프전용 헤더 / 시스템팬 4핀 : 5개 / I/O 헤더 : 디버그LED , 프론트오디오AAFP 헤더 , 온도 센서 / [특징] DrMOS / 전원부 방열판 / M.2 히트싱크 / 일체형IO실드 / UEFI 닫기",https://img.danuri.io/catalog-image/088/019/093/e1843e702380436c912e3182ab3abb3f.jpg?shrink=130:130&_v=20260921080455,https://prod.danawa.com/info/?pcode=93019088&cate=112751
23,ASUS,ASUS TUF Gaming B650EM-E WIFI STCOM,"189,000","AMD(소켓AM5) / AMD B650 / DDR5 / VGA 연결 : PCIe5.0 x16 / M-ATX (24.4x24.4cm) / 전원부 : 8+2+1페이즈 / 페이즈당80A / Vcore출력합계 : 640A / [메모리] 8000MHz (PC5-64000) / 4개 / 메모리 용량 : 최대 256GB / EXPO / [확장슬롯] PCIe버전 : PCIe5.0 , PCIe4.0 / PCIex16 : 1개 / PCIex1 : 1개 / [저장장치] M.2 : 3개 / SATA3 : 4개 / M.2 연결 : PCIe5.0 , PCIe4.0 / [후면단자] HDMI / DP / USB3.x 10Gbps / USB3.x 5Gbps / USB 2.0 / RJ-45 / 오디오잭 / PS/2 / BIOS플래시백 / USB A타입 : 7개 / USB C타입 : 1개 / [랜/오디오] 유선랜 칩셋 : Realtek / 2.5Gbps / RJ-45 : 1개 / 무선랜(Wi-Fi) / 블루투스 / 오디오 칩셋 : Realtek / 7.1채널(8ch) / [내부I/O] USB/팬 헤더 : USB3.0 헤더 , USB2.0 헤더 , USB3.0 Type C 헤더 , CPU추가팬(OPT) 헤더 , 펌프전용 헤더 / 시스템팬 4핀 : 2개 / I/O 헤더 : 프론트오디오AAFP 헤더 , 침입감지 헤더 , COM포트 헤더 / [특징] DrMOS / 전원부 방열판 / M.2 히트싱크 / 일체형IO실드 / UEFI 닫기",https://img.danuri.io/catalog-image/218/421/095/ef86b8c4b993436387791728f4019600.jpg?shrink=130:130&_v=20260921080443,https://prod.danawa.com/info/?pcode=95421218&cate=112751
24,ASUS,ASUS TUF Gaming B850-PLUS WIFI STCOM,"317,750","AMD(소켓AM5) / AMD B850 / DDR5 / VGA 연결 : PCIe5.0 x16 / ATX (30.5x24.4cm) / 전원부 : 14+2+1페이즈 / 80A / Vcore출력합계 : 1120 / [메모리] 8000MHz (PC5-64000) / 4개 / 메모리 용량 : 최대 256GB / XMP / EXPO / [확장슬롯] PCIe버전 : PCIe5.0 , PCIe4.0 / PCIex16 : 1개 / PCIex16(at x4) : 1개 / PCIex1 : 2개 / [저장장치] SATA3 : 4개 / M.2 : 3개 / M.2 연결 : PCIe5.0 , PCIe4.0 , NVMe , PCIe 레인공유 / [후면단자] HDMI / DP / USB3.x 20Gbps / USB3.x 10Gbps / USB3.x 5Gbps / USB 2.0 / RJ-45 / 오디오잭 / BIOS플래시백 / USB A타입 : 9개 / USB C타입 : 1개 / [랜/오디오] 유선랜 칩셋 : Realtek / 2.5Gbps / RJ-45 : 1개 / 무선랜(Wi-Fi) / 블루투스 / 오디오 칩셋 : Realtek ALC1220P / 7.1채널(8ch) / [내부I/O] USB/팬 헤더 : USB4 헤더 , USB3.0 헤더 , USB2.0 헤더 , USB3.1 Type C 헤더 , CPU추가팬(OPT) 헤더 , 펌프전용 헤더 / 시스템팬 4핀 : 4개 / I/O 헤더 : 프론트오디오AAFP 헤더 / [특징] DrMOS / 전원부 방열판 / M.2 히트싱크 / 일체형IO실드 / LED라이트 / UEFI 닫기",https://img.danuri.io/catalog-image/083/884/073/b526340878d047f89874a46c394b3e50.jpg?shrink=130:130&_v=20260921110333,https://prod.danawa.com/info/?pcode=73884083&cate=112751
25,ASUS,ASUS ROG CROSSHAIR X870E DARK HERO 대원씨티에스,"1,050,180","AMD(소켓AM5) / AMD X870E / DDR5 / VGA 연결 : PCIe5.0 x16 / ATX (30.5x24.4cm) / 전원부 : 20+2+2페이즈 / 페이즈당110A / Vcore출력합계 : 2200A / [메모리] 8600MHz (PC5-68800) / 4개 / 메모리 용량 : 최대 256GB / EXPO / [확장슬롯] PCIe버전 : PCIe5.0 / PCIex16 : 2개 (동시사용시 at x8) / [저장장치] M.2 : 5개 / SATA3 : 4개 / M.2 연결 : PCIe5.0 , PCIe4.0 , NVMe , USB4 레인공유 / [후면단자] HDMI / Type-C / USB4 40Gbps / USB3.x 10Gbps / RJ-45 / S/PDIF / 오디오잭 / BIOS플래시백 / 클리어CMOS / USB A타입 : 6개 / USB C타입 : 5개 / [랜/오디오] 유선랜 칩셋 : Realtek / 10Gbps, 5Gbps / RJ-45 : 2개 / 듀얼LAN / 무선랜(Wi-Fi) / 블루투스 / 오디오 칩셋 : Realtek ALC4082 / 7.1채널(8ch) / [내부I/O] USB/팬 헤더 : USB3.0 헤더 , USB2.0 헤더 , USB3.2 Type C 헤더 , ARGB 5V 3핀 헤더 , CPU추가팬(OPT) 헤더 , 펌프전용 헤더 / 시스템팬 4핀 : 4개 / I/O 헤더 : 프론트오디오AAFP 헤더 , S/PDIF OUT 헤더 , 온도 센서 / [특징] DrMOS / 전원부 방열판 / M.2 히트싱크 / 일체형IO실드 / LED라이트 / UEFI 닫기",https://img.danuri.io/catalog-image/463/989/104/9c9c2f28b13d486b8d00fac8c8e2a9da.jpg?shrink=130:130&_v=20260921080442,https://prod.danawa.com/info/?pcode=104989463&cate=112751
26,ASUS,ASUS TUF Gaming B650EM-E WIFI 인텍앤컴퍼니,"182,430","AMD(소켓AM5) / AMD B650 / DDR5 / VGA 연결 : PCIe5.0 x16 / M-ATX (24.4x24.4cm) / 전원부 : 8+2+1페이즈 / 페이즈당80A / Vcore출력합계 : 640A / [메모리] 8000MHz (PC5-64000) / 4개 / 메모리 용량 : 최대 256GB / EXPO / [확장슬롯] PCIe버전 : PCIe5.0 , PCIe4.0 / PCIex16 : 1개 / PCIex1 : 1개 / [저장장치] M.2 : 3개 / SATA3 : 4개 / M.2 연결 : PCIe5.0 , PCIe4.0 / [후면단자] HDMI / DP / USB3.x 10Gbps / USB3.x 5Gbps / USB 2.0 / RJ-45 / 오디오잭 / PS/2 / BIOS플래시백 / USB A타입 : 7개 / USB C타입 : 1개 / [랜/오디오] 유선랜 칩셋 : Realtek / 2.5Gbps / RJ-45 : 1개 / 무선랜(Wi-Fi) / 블루투스 / 오디오 칩셋 : Realtek / 7.1채널(8ch) / [내부I/O] USB/팬 헤더 : USB3.0 헤더 , USB2.0 헤더 , USB3.0 Type C 헤더 , ARGB 5V 3핀 헤더 , CPU추가팬(OPT) 헤더 , 펌프전용 헤더 / 시스템팬 4핀 : 2개 / I/O 헤더 : 프론트오디오AAFP 헤더 , 침입감지 헤더 , COM포트 헤더 / [특징] DrMOS / 전원부 방열판 / M.2 히트싱크 / 일체형IO실드 / UEFI 닫기",https://img.danuri.io/catalog-image/756/893/099/8f45c51701574a328e13f990524e7ead.jpg?shrink=130:130&_v=20260920080524,https://prod.danawa.com/info/?pcode=99893756&cate=112751
27,ASUS,ASUS ProArt X870E-CREATOR WIFI STCOM,"768,000","AMD(소켓AM5) / AMD X870E / DDR5 / VGA 연결 : PCIe5.0 x16 / ATX (30.5x24.4cm) / 전원부 : 16+2+2페이즈 / 페이즈당80A / Vcore출력합계 : 1280A / [메모리] 8000MHz (PC5-64000) / 4개 / 메모리 용량 : 최대 192GB / EXPO / [확장슬롯] PCIe버전 : PCIe5.0 , PCIe4.0 / PCIex16 : 1개 / PCIex16(at x4) : 1개 / [저장장치] M.2 : 4개 / SATA3 : 4개 / M.2 연결 : PCIe5.0 , PCIe4.0 , NVMe , PCIe 레인공유 / [후면단자] HDMI / Type-C / USB4 40Gbps / USB3.x 20Gbps / USB3.x 10Gbps / USB 2.0 / RJ-45 / 오디오잭 / BIOS플래시백 / 클리어CMOS / USB A타입 : 8개 / USB C타입 : 3개 / [랜/오디오] 유선랜 칩셋 : Marvell AQtion, Intel / 10Gbps, 2.5Gbps / RJ-45 : 2개 / 듀얼LAN / 무선랜(Wi-Fi) / 블루투스 / 오디오 칩셋 : Realtek S1220A / 7.1채널(8ch) / [내부I/O] USB/팬 헤더 : USB3.0 헤더 , USB2.0 헤더 , USB3.1 Type C 헤더 , ARGB 5V 3핀 헤더 , CPU추가팬(OPT) 헤더 , 펌프전용 헤더 / 시스템팬 4핀 : 5개 / I/O 헤더 : TPM 헤더 , 디버그LED , 프론트오디오AAFP 헤더 , 침입감지 헤더 , COM포트 헤더 , 온도 센서 / [특징] DrMOS / 전원부 방열판 / M.2 히트싱크 / 일체형IO실드 / UEFI 닫기",https://img.danuri.io/catalog-image/132/694/067/25b8e5954f7442d6a7590e657ee49112.jpg?shrink=130:130&_v=20260921085836,https://prod.danawa.com/info/?pcode=67694132&cate=112751
28,ASUS,ASUS PRIME B650M-A II 대원씨티에스,"129,810","AMD(소켓AM5) / AMD B650 / DDR5 / VGA 연결 : PCIe4.0 x16 / M-ATX (24.4x24.4cm) / [메모리] 6400MHz (PC5-51200) / 4개 / 메모리 용량 : 최대 128GB / EXPO / [확장슬롯] PCIe버전 : PCIe4.0 / PCIex16 : 1개 / PCIex16(at x1) : 2개 / [저장장치] M.2 : 2개 / SATA3 : 4개 / M.2 연결 : PCIe5.0 , PCIe4.0 , NVMe / [후면단자] HDMI / DP / D-SUB / USB3.x 10Gbps / USB3.x 5Gbps / USB 2.0 / RJ-45 / 오디오잭 / PS/2 / USB A타입 : 8개 / [랜/오디오] 유선랜 칩셋 : Realtek / 2.5Gbps / RJ-45 : 1개 / 오디오 칩셋 : Realtek / 7.1채널(8ch) / [내부I/O] USB/팬 헤더 : USB3.0 헤더 , USB2.0 헤더 , RGB 12V 4핀 헤더 , ARGB 5V 3핀 헤더 / 시스템팬 4핀 : 3개 / I/O 헤더 : TPM 헤더 / [특징] UEFI 닫기",https://img.danuri.io/catalog-image/519/691/019/dfcfd3ee75ef438cb3434ca88a392e22.jpg?shrink=130:130&_v=20260921080622,https://prod.danawa.com/info/?pcode=19691519&cate=112751
29,ASUS,ASUS TUF Gaming X870-PLUS WIFI 인텍앤컴퍼니,"330,850","AMD(소켓AM5) / AMD X870 / DDR5 / VGA 연결 : PCIe5.0 x16 / ATX (30.5x24.4cm) / 전원부 : 16+2+1페이즈 / 페이즈당80A / Vcore출력합계 : 1280A / [메모리] 8000MHz (PC5-64000) / 4개 / 메모리 용량 : 최대 192GB / EXPO / [확장슬롯] PCIe버전 : PCIe5.0 , PCIe4.0 / PCIex16 : 1개 / PCIex16(at x4) : 1개 / [저장장치] M.2 : 4개 / SATA3 : 2개 / M.2 연결 : PCIe5.0 , PCIe4.0 , NVMe , PCIe 레인공유 / [후면단자] HDMI / Type-C / USB4 40Gbps / USB3.x 10Gbps / USB3.x 5Gbps / RJ-45 / 오디오잭 / BIOS플래시백 / USB A타입 : 8개 / USB C타입 : 2개 / [랜/오디오] 유선랜 칩셋 : Realtek / 2.5Gbps / RJ-45 : 1개 / 무선랜(Wi-Fi) / 블루투스 / 오디오 칩셋 : Realtek ALC1220P / 7.1채널(8ch) / [내부I/O] USB/팬 헤더 : USB3.0 헤더 , USB2.0 헤더 , USB3.2 Type C 헤더 , ARGB 5V 3핀 헤더 , CPU추가팬(OPT) 헤더 , 펌프전용 헤더 / 시스템팬 4핀 : 4개 / I/O 헤더 : 디버그LED , 프론트오디오AAFP 헤더 , 침입감지 헤더 , 온도 센서 / [특징] SPS(DrMOS) / 전원부 방열판 / M.2 히트싱크 / 일체형IO실드 / LED라이트 / UEFI 닫기",https://img.danuri.io/catalog-image/188/814/074/2ce3b62647944f73aa0d112a6f392f7a.jpg?shrink=130:130&_v=20260921080609,https://prod.danawa.com/info/?pcode=74814188&cate=112751
30,ASUS,ASUS TUF Gaming B850M-PLUS II 대원씨티에스,"230,240","AMD(소켓AM5) / AMD B850 / DDR5 / VGA 연결 : PCIe5.0 x16 / M-ATX (24.4x24.4cm) / 전원부 : 14+2+1페이즈 / 페이즈당80A / Vcore출력합계 : 1120A / [메모리] 8000MHz (PC5-64000) / 4개 / 메모리 용량 : 최대 256GB / EXPO / [확장슬롯] PCIe버전 : PCIe5.0 , PCIe4.0 / PCIex16 : 1개 / PCIex1 : 1개 / [저장장치] M.2 : 3개 / SATA3 : 4개 / M.2 연결 : PCIe5.0 , PCIe4.0 , NVMe / [후면단자] HDMI / DP / USB3.x 20Gbps / USB3.x 10Gbps / USB3.x 5Gbps / USB 2.0 / RJ-45 / 오디오잭 / BIOS플래시백 / USB A타입 : 11개 / USB C타입 : 1개 / [랜/오디오] 유선랜 칩셋 : Realtek / 2.5Gbps / RJ-45 : 1개 / 오디오 칩셋 : Realtek ALC1220P / 7.1채널(8ch) / [내부I/O] USB/팬 헤더 : USB3.0 헤더 , USB2.0 헤더 , USB3.1 Type C 헤더 , RGB 12V 4핀 헤더 , ARGB 5V 3핀 헤더 , CPU추가팬(OPT) 헤더 , 펌프전용 헤더 / 시스템팬 4핀 : 3개 / I/O 헤더 : 프론트오디오AAFP 헤더 , 침입감지 헤더 , COM포트 헤더 / [특징] DrMOS / 전원부 방열판 / M.2 히트싱크 / 일체형IO실드 / UEFI 닫기",https://img.danuri.io/catalog-image/116/119/097/98b6b3a0d5bf41fc9c4ffb3df88fd39f.jpg?shrink=130:130&_v=20260921095715,https://prod.danawa.com/info/?pcode=97119116&cate=112751
31,ASUS,ASUS ROG STRIX X870-I GAMING WIFI 인텍앤컴퍼니,"520,000","AMD(소켓AM5) / AMD X870 / DDR5 / VGA 연결 : PCIe5.0 x16 / M-iTX (17.0x17.0cm) / 전원부 : 10+2+1페이즈 / 110A / Vcore출력합계 : 1100 / 메모리 8600MHz (PC5-68800) / 2개 / 메모리 용량 : 최대 128GB / EXPO / 확장슬롯 PCIe버전 : PCIe5.0 / PCIex16 : 1개 / 저장장치 SATA3 : 2개 / M.2 : 2개 / M.2 연결 : PCIe5.0 , PCIe4.0 , NVMe / 후면단자 HDMI / Type-C / USB4 40Gbps / USB3.x 10Gbps / USB3.x 5Gbps / RJ-45 / BIOS플래시백 / 클리어CMOS / USB A타입 : 7개 / USB C타입 : 3개 / 랜/오디오 유선랜 칩셋 : Intel / 2.5Gbps / RJ-45 : 1개 / 무선랜(Wi-Fi) / 블루투스 / 오디오 칩셋 : ESS SABRE9260Q / 내부I/O USB/팬 헤더 : USB3.0 헤더 , USB3.1 Type C 헤더 , ARGB 5V 3핀 헤더 , 펌프전용 헤더 / 시스템팬 4핀 : 1개 / I/O 헤더 : 온도 센서 / 특징 SPS(DrMOS) / 전원부 방열판 / M.2 히트싱크 / 일체형IO실드 / UEFI / 추가 구성품: ROG STRIX HIVE II (USB 타입A 10Gbps + 타입C 10Gbps, 헤드폰단자, 파워버튼, 볼륨노브 및 디버그LED) / ROG FPS 카드(SATA 6Gbps x2, USB 2.0 헤더 x2) 닫기",https://img.danuri.io/catalog-image/700/930/122/318595297f1a442f9f706d25ffc42505.jpeg?shrink=130:130&_v=20260921124658,https://prod.danawa.com/info/?pcode=122930700&cate=112751
32,ASUS,ASUS ROG STRIX X870E-E GAMING WIFI7 NEO STCOM,"910,980","AMD(소켓AM5) / AMD X870E / DDR5 / VGA 연결 : PCIe5.0 x16 / ATX (30.5x24.4cm) / 전원부 : 18+2+2페이즈 / 110A / Vcore출력합계 : 1980 / 메모리 9600MHz (PC5-76800) / 4개 / 메모리 용량 : 최대 256GB / XMP / EXPO / 확장슬롯 PCIe버전 : PCIe5.0 , PCIe4.0 / PCIex16 : 1개 / PCIex16(at x4) : 1개 / 저장장치 SATA3 : 4개 / M.2 : 5개 / M.2 연결 : PCIe5.0 , PCIe4.0 , NVMe , PCIe 레인공유 / 후면단자 HDMI / Type-C / USB4 40Gbps / USB3.x 10Gbps / RJ-45 / S/PDIF / 오디오잭 / BIOS플래시백 / 클리어CMOS / USB A타입 : 9개 / USB C타입 : 4개 / 랜/오디오 유선랜 칩셋 : Realtek / 5Gbps / RJ-45 : 1개 / 무선랜(Wi-Fi) / 블루투스 / 오디오 칩셋 : SupremeFX ALC4080 / 7.1채널(8ch) / 내부I/O USB/팬 헤더 : USB3.0 헤더 , USB2.0 헤더 , ARGB 5V 3핀 헤더 , CPU추가팬(OPT) 헤더 , 펌프전용 헤더 / 시스템팬 4핀 : 5개 / I/O 헤더 : 디버그LED , 프론트오디오AAFP 헤더 , 온도 센서 / 특징 SPS(DrMOS) / 전원부 방열판 / M.2 히트싱크 / 일체형IO실드 / LED라이트 / UEFI 닫기",https://img.danuri.io/catalog-image/807/684/122/0cbebf9a3c5646a8bbc03cdb8c218878.jpeg?shrink=130:130&_v=20260921080457,https://prod.danawa.com/info/?pcode=122684807&cate=112751
33,ASUS,ASUS ROG CROSSHAIR X870E EXTREME STCOM,"1,473,290","AMD(소켓AM5) / AMD X870E / DDR5 / VGA 연결 : PCIe5.0 x16 / E-ATX (30.5x27.7cm) / 전원부 : 20+2+2페이즈 / 페이즈당110A / Vcore출력합계 : 2200A / [메모리] 8200MHz (PC5-65600) / 4개 / 메모리 용량 : 최대 256GB / EXPO / [확장슬롯] PCIe버전 : PCIe5.0 / PCIex16 : 2개 (동시사용시 at x8) / [저장장치] M.2 : 5개 / SATA3 : 4개 / M.2 연결 : PCIe5.0 , PCIe4.0 , NVMe , DIMM.2 , PCIe 레인공유 / [후면단자] HDMI / Type-C / USB4 40Gbps / USB3.x 10Gbps / RJ-45 / S/PDIF / 오디오잭 / BIOS플래시백 / 클리어CMOS / USB A타입 : 8개 / USB C타입 : 4개 / [랜/오디오] 유선랜 칩셋 : Marvell, Realtek / 10Gbps, 5Gbps / RJ-45 : 2개 / 듀얼LAN / 무선랜(Wi-Fi) / 블루투스 / 오디오 칩셋 : Realtek ALC4082 / 7.1채널(8ch) / [내부I/O] USB/팬 헤더 : USB3.0 헤더 , USB2.0 헤더 , USB3.2 Type C 헤더 , USB3.1 Type C 헤더 , ARGB 5V 3핀 헤더 , ARGB 6핀 헤더 , CPU추가팬(OPT) 헤더 , 펌프전용 헤더 / 시스템팬 4핀 : 4개 / I/O 헤더 : 디버그LED , 프론트오디오AAFP 헤더 , 온도 센서 / [특징] DrMOS / 전원부 방열판 / M.2 히트싱크 / 일체형IO실드 / LCD(커스텀) / UEFI 닫기",https://img.danuri.io/catalog-image/986/018/093/254182470ecc495786630ed54331804a.jpg?shrink=130:130&_v=20260921140458,https://prod.danawa.com/info/?pcode=93018986&cate=112751
34,ASUS,ASUS B850M MAX GAMING WIFI 인텍앤컴퍼니,"180,030","AMD(소켓AM5) / AMD B850 / DDR5 / VGA 연결 : PCIe5.0 x16 / M-ATX (24.4x24.4cm) / 전원부 : 8+2+1페이즈 / [메모리] 8000MHz (PC5-64000) / 4개 / 메모리 용량 : 최대 256GB / EXPO / [확장슬롯] PCIe버전 : PCIe5.0 , PCIe4.0 / PCIex16 : 1개 / PCIex16(at x1) : 3개 / [저장장치] M.2 : 3개 / SATA3 : 4개 / M.2 연결 : PCIe5.0 , PCIe4.0 , NVMe / [후면단자] HDMI / DP / USB3.x 10Gbps / USB3.x 5Gbps / USB 2.0 / RJ-45 / 오디오잭 / BIOS플래시백 / USB A타입 : 8개 / USB C타입 : 1개 / [랜/오디오] 유선랜 칩셋 : Realtek / 1Gbps / RJ-45 : 1개 / 무선랜(Wi-Fi) / 블루투스 / 오디오 칩셋 : Realtek / 7.1채널(8ch) / [내부I/O] USB/팬 헤더 : USB3.0 헤더 , USB2.0 헤더 , USB3.0 Type C 헤더 , CPU추가팬(OPT) 헤더 , 펌프전용 헤더 / 시스템팬 4핀 : 4개 / I/O 헤더 : TPM 헤더 , 프론트오디오AAFP 헤더 , 침입감지 헤더 , COM포트 헤더 , S/PDIF OUT 헤더 / [특징] 전원부 방열판 / 일체형IO실드 / UEFI 닫기",https://img.danuri.io/catalog-image/218/188/103/554bcaddbdad4c509527af2b5d877847.jpg?shrink=130:130&_v=20260921080457,https://prod.danawa.com/info/?pcode=103188218&cate=112751
35,ASUS,ASUS ROG STRIX X870E-A GAMING WIFI7 NEO STCOM,"652,300","AMD(소켓AM5) / AMD X870E / DDR5 / VGA 연결 : PCIe5.0 x16 / ATX (30.5x24.4cm) / 전원부 : 18+2+2페이즈 / 110A / Vcore출력합계 : 1980 / 메모리 9600MHz (PC5-76800) / 4개 / 메모리 용량 : 최대 256GB / XMP / EXPO / 확장슬롯 PCIe버전 : PCIe5.0 , PCIe4.0 / PCIex16 : 1개 / PCIex16(at x4) : 1개 / 저장장치 SATA3 : 4개 / M.2 : 4개 / M.2 연결 : PCIe5.0 , PCIe4.0 , NVMe , PCIe 레인공유 / 후면단자 HDMI / Type-C / USB4 40Gbps / USB3.x 10Gbps / RJ-45 / S/PDIF / 오디오잭 / BIOS플래시백 / 클리어CMOS / USB A타입 : 9개 / USB C타입 : 3개 / 랜/오디오 유선랜 칩셋 : Realtek / 5Gbps / RJ-45 : 1개 / 무선랜(Wi-Fi) / 블루투스 / 오디오 칩셋 : SupremeFX ALC4080 / 7.1채널(8ch) / 내부I/O USB/팬 헤더 : USB3.0 헤더 , USB2.0 헤더 , ARGB 5V 3핀 헤더 , CPU추가팬(OPT) 헤더 , 펌프전용 헤더 / 시스템팬 4핀 : 5개 / I/O 헤더 : 디버그LED , 프론트오디오AAFP 헤더 , 온도 센서 / 특징 SPS(DrMOS) / 전원부 방열판 / M.2 히트싱크 / 일체형IO실드 / LED라이트 / UEFI 닫기",https://img.danuri.io/catalog-image/913/676/122/7996ec51682f416baac0c17c4f8167dc.jpeg?shrink=130:130&_v=20260921080457,https://prod.danawa.com/info/?pcode=122676913&cate=112751
36,ASUS,ASUS TUF Gaming B850M-PLUS II STCOM,"230,890","AMD(소켓AM5) / AMD B850 / DDR5 / VGA 연결 : PCIe5.0 x16 / M-ATX (24.4x24.4cm) / 전원부 : 14+2+1페이즈 / 80A / Vcore출력합계 : 1120 / [메모리] 8000MHz (PC5-64000) / 4개 / 메모리 용량 : 최대 256GB / EXPO / [확장슬롯] PCIe버전 : PCIe5.0 , PCIe4.0 / PCIex16 : 1개 / PCIex1 : 1개 / [저장장치] SATA3 : 4개 / M.2 : 3개 / M.2 연결 : PCIe5.0 , PCIe4.0 , NVMe / [후면단자] HDMI / DP / USB3.x 20Gbps / USB3.x 10Gbps / USB3.x 5Gbps / USB 2.0 / RJ-45 / 오디오잭 / BIOS플래시백 / USB A타입 : 11개 / USB C타입 : 1개 / [랜/오디오] 유선랜 칩셋 : Realtek / 2.5Gbps / RJ-45 : 1개 / 오디오 칩셋 : Realtek ALC1220P / 7.1채널(8ch) / [내부I/O] USB/팬 헤더 : USB3.0 헤더 , USB2.0 헤더 , USB3.1 Type C 헤더 , RGB 12V 4핀 헤더 , ARGB 5V 3핀 헤더 , CPU추가팬(OPT) 헤더 , 펌프전용 헤더 / 시스템팬 4핀 : 3개 / I/O 헤더 : 프론트오디오AAFP 헤더 , 침입감지 헤더 , COM포트 헤더 / [특징] DrMOS / 전원부 방열판 / M.2 히트싱크 / 일체형IO실드 / UEFI 닫기",https://img.danuri.io/catalog-image/578/988/095/24f95538e6564d378d9be9a5411fd41a.jpg?shrink=130:130&_v=20260921095748,https://prod.danawa.com/info/?pcode=95988578&cate=112751
37,ASUS,ASUS TUF Gaming X870E-PLUS WIFI7 STCOM,"418,980","AMD(소켓AM5) / AMD X870E / DDR5 / VGA 연결 : PCIe5.0 x16 / ATX (30.5x24.4cm) / 전원부 : 16+2+1페이즈 / 페이즈당80A / Vcore출력합계 : 1280A / [메모리] 8000MHz (PC5-64000) / 4개 / 메모리 용량 : 최대 256GB / EXPO / [확장슬롯] PCIe버전 : PCIe5.0 , PCIe4.0 / PCIex16 : 1개 / PCIex16(at x4) : 1개 / PCIex1 : 1개 / [저장장치] M.2 : 4개 / SATA3 : 4개 / M.2 연결 : PCIe5.0 , PCIe4.0 , NVMe , PCIe 레인공유 / [후면단자] HDMI / Type-C / USB4 40Gbps / USB3.x 10Gbps / USB3.x 5Gbps / USB 2.0 / RJ-45 / 오디오잭 / BIOS플래시백 / USB A타입 : 11개 / USB C타입 : 2개 / [랜/오디오] 유선랜 칩셋 : Realtek / 2.5Gbps / RJ-45 : 1개 / 무선랜(Wi-Fi) / 블루투스 / 오디오 칩셋 : Realtek ALC1220P / 7.1채널(8ch) / [내부I/O] USB/팬 헤더 : USB3.0 헤더 , USB2.0 헤더 , USB3.2 Type C 헤더 , ARGB 5V 3핀 헤더 , CPU추가팬(OPT) 헤더 , 펌프전용 헤더 / 시스템팬 4핀 : 4개 / I/O 헤더 : 디버그LED , 프론트오디오AAFP 헤더 , 침입감지 헤더 , 온도 센서 / [특징] SPS(DrMOS) / 전원부 방열판 / M.2 히트싱크 / 일체형IO실드 / UEFI 닫기",https://img.danuri.io/catalog-image/957/475/097/d3af4e5acd294a81ac5c1c4fbf4bd221.jpg?shrink=130:130&_v=20260921080443,https://prod.danawa.com/info/?pcode=97475957&cate=112751
38,ASUS,ASUS TUF Gaming B650M-PLUS WIFI STCOM,"250,120","AMD(소켓AM5) / AMD B650 / DDR5 / VGA 연결 : PCIe4.0 x16 / M-ATX (24.4x24.4cm) / 전원부 : 12+2페이즈 / 페이즈당60A / Vcore출력합계 : 720A / [메모리] 7600MHz (PC5-60800) / 4개 / 메모리 용량 : 최대 192GB / EXPO / [확장슬롯] PCIe버전 : PCIe4.0 , PCIe3.0 / PCIex16 : 1개 / PCIex16(at x4) : 1개 / PCIex1 : 1개 / [저장장치] M.2 : 2개 / SATA3 : 4개 / M.2 연결 : PCIe5.0 , PCIe4.0 , NVMe / [후면단자] HDMI / DP / USB3.x 20Gbps / USB3.x 10Gbps / USB3.x 5Gbps / USB 2.0 / RJ-45 / 오디오잭 / BIOS플래시백 / USB A타입 : 7개 / USB C타입 : 1개 / [랜/오디오] 유선랜 칩셋 : Realtek / 2.5Gbps / RJ-45 : 1개 / 무선랜(Wi-Fi) / 블루투스 / 오디오 칩셋 : Realtek / 7.1채널(8ch) / [내부I/O] USB/팬 헤더 : USB4 헤더 , USB3.0 헤더 , USB2.0 헤더 , USB3.0 Type C 헤더 , RGB 12V 4핀 헤더 , ARGB 5V 3핀 헤더 / 시스템팬 4핀 : 3개 / [특징] DrMOS / 전원부 방열판 / M.2 히트싱크 / UEFI / 24년 4월부로 지원메모리 용량&속도 확장 닫기",https://img.danuri.io/catalog-image/522/044/018/5f9d3fc89f8a43b58c925d90743dc07e.jpg?shrink=130:130&_v=20260921080457,https://prod.danawa.com/info/?pcode=18044522&cate=112751
39,ASUS,ASUS ROG STRIX X870E-H GAMING WIFI7 STCOM,"557,550","AMD(소켓AM5) / AMD X870E / DDR5 / VGA 연결 : PCIe5.0 x16 / ATX (30.5x24.4cm) / 전원부 : 16+2+1페이즈 / 페이즈당80A / Vcore출력합계 : 1280A / [메모리] 8000MHz (PC5-64000) / 4개 / 메모리 용량 : 최대 256GB / EXPO / [확장슬롯] PCIe버전 : PCIe5.0 , PCIe4.0 / PCIex16 : 1개 / PCIex16(at x4) : 1개 / [저장장치] M.2 : 4개 / SATA3 : 4개 / M.2 연결 : PCIe5.0 , PCIe4.0 , NVMe , PCIe 레인공유 / [후면단자] HDMI / Type-C / USB4 40Gbps / USB3.x 20Gbps / USB3.x 10Gbps / RJ-45 / S/PDIF / 오디오잭 / BIOS플래시백 / 클리어CMOS / USB A타입 : 11개 / USB C타입 : 3개 / [랜/오디오] 유선랜 칩셋 : Realtek / 5Gbps / RJ-45 : 1개 / Realtek RTL8922AE / 무선랜(Wi-Fi) / 블루투스 / 오디오 칩셋 : Realtek ALC1220P / 7.1채널(8ch) / [내부I/O] USB/팬 헤더 : USB3.0 헤더 , USB2.0 헤더 , USB3.2 Type C 헤더 , ARGB 5V 3핀 헤더 , CPU추가팬(OPT) 헤더 , 펌프전용 헤더 / 시스템팬 4핀 : 5개 / I/O 헤더 : 디버그LED , 프론트오디오AAFP 헤더 , 침입감지 헤더 , 온도 센서 / [특징] SPS(DrMOS) / 전원부 방열판 / M.2 히트싱크 / 일체형IO실드 / LED라이트 / UEFI 닫기",https://img.danuri.io/catalog-image/215/476/097/d80ab85f8d6f4c03ab53a65a84fb0ded.jpg?shrink=130:130&_v=20260921080443,https://prod.danawa.com/info/?pcode=97476215&cate=112751
40,ASUS,ASUS ROG STRIX B850-E GAMING WIFI 인텍앤컴퍼니,"528,990","AMD(소켓AM5) / AMD B850 / DDR5 / VGA 연결 : PCIe5.0 x16 / ATX (30.5x24.4cm) / 전원부 : 16+2+2페이즈 / 90A / Vcore출력합계 : 1440 / [메모리] 8000MHz (PC5-64000) / 4개 / 메모리 용량 : 최대 192GB / EXPO / [확장슬롯] PCIe버전 : PCIe5.0 , PCIe4.0 / PCIex16 : 1개 / PCIex16(at x4) : 1개 / [저장장치] SATA3 : 4개 / M.2 : 5개 / M.2 연결 : PCIe5.0 , PCIe4.0 , NVMe , PCIe 레인공유 / [후면단자] HDMI / DP / USB4 40Gbps / USB3.x 20Gbps / USB3.x 10Gbps / USB 2.0 / RJ-45 / S/PDIF / 오디오잭 / BIOS플래시백 / 클리어CMOS / USB A타입 : 10개 / USB C타입 : 2개 / [랜/오디오] 유선랜 칩셋 : Realtek RTL8126 / 5Gbps / RJ-45 : 1개 / 무선랜(Wi-Fi) / 블루투스 / 오디오 칩셋 : SupremeFX ALC4080 / 7.1채널(8ch) / [내부I/O] USB/팬 헤더 : USB4 헤더 , USB3.0 헤더 , USB2.0 헤더 , USB3.1 Type C 헤더 , CPU추가팬(OPT) 헤더 , 펌프전용 헤더 / 시스템팬 4핀 : 5개 / I/O 헤더 : 디버그LED , 프론트오디오AAFP 헤더 , 온도 센서 / [특징] 전원부 방열판 / M.2 히트싱크 / 일체형IO실드 / UEFI 닫기",https://img.danuri.io/catalog-image/890/460/077/3c48b549382c4e4196a3a8e3ee9b2d96.jpg?shrink=130:130&_v=20260921080622,https://prod.danawa.com/info/?pcode=77460890&cate=112751
41,ASUS,ASUS ROG STRIX B850-G GAMING WIFI STCOM,"368,330","AMD(소켓AM5) / AMD B850 / DDR5 / VGA 연결 : PCIe5.0 x16 / M-ATX (24.4x24.4cm) / 전원부 : 14+2+1페이즈 / 페이즈당80A / Vcore출력합계 : 1120A / [메모리] 8000MHz (PC5-64000) / 4개 / 메모리 용량 : 최대 256GB / EXPO / [확장슬롯] PCIe버전 : PCIe5.0 / PCIex16 : 1개 / [저장장치] M.2 : 4개 / SATA3 : 2개 / M.2 연결 : PCIe5.0 , PCIe4.0 , NVMe / [후면단자] HDMI / DP / USB3.x 20Gbps / USB3.x 10Gbps / USB3.x 5Gbps / USB 2.0 / RJ-45 / S/PDIF / 오디오잭 / BIOS플래시백 / 클리어CMOS / USB A타입 : 8개 / USB C타입 : 2개 / [랜/오디오] 유선랜 칩셋 : Intel / 2.5Gbps / RJ-45 : 1개 / 무선랜(Wi-Fi) / 블루투스 / 오디오 칩셋 : Realtek ALC1220P / 7.1채널(8ch) / [내부I/O] USB/팬 헤더 : USB3.0 헤더 , USB2.0 헤더 , USB3.1 Type C 헤더 , CPU추가팬(OPT) 헤더 , 펌프전용 헤더 / 시스템팬 4핀 : 3개 / I/O 헤더 : 디버그LED , 프론트오디오AAFP 헤더 , 침입감지 헤더 , 온도 센서 / [특징] 전원부 방열판 / M.2 히트싱크 / 일체형IO실드 / UEFI 닫기",https://img.danuri.io/catalog-image/465/420/095/74df42d0824d4d5f9a46b3036e93a9b2.jpg?shrink=130:130&_v=20260921080442,https://prod.danawa.com/info/?pcode=95420465&cate=112751
42,ASUS,ASUS TUF Gaming B850M-PLUS WIFI7 인텍앤컴퍼니,"265,880","AMD(소켓AM5) / AMD B850 / DDR5 / VGA 연결 : PCIe5.0 x16 / M-ATX (24.4x24.4cm) / 전원부 : 14+2+1페이즈 / 페이즈당80A / Vcore출력합계 : 1120A / [메모리] 8000MHz (PC5-64000) / 4개 / 메모리 용량 : 최대 256GB / EXPO / [확장슬롯] PCIe버전 : PCIe5.0 , PCIe4.0 / PCIex16 : 1개 / PCIex1 : 1개 / [저장장치] M.2 : 3개 / SATA3 : 4개 / M.2 연결 : PCIe5.0 , PCIe4.0 , NVMe , PCIe 레인공유 / [후면단자] HDMI / DP / USB3.x 20Gbps / USB3.x 10Gbps / USB3.x 5Gbps / USB 2.0 / RJ-45 / 오디오잭 / BIOS플래시백 / USB A타입 : 11개 / USB C타입 : 1개 / [랜/오디오] 유선랜 칩셋 : Realtek / 2.5Gbps / RJ-45 : 1개 / 무선랜(Wi-Fi) / 블루투스 / 오디오 칩셋 : Realtek ALC1220P / 7.1채널(8ch) / [내부I/O] USB/팬 헤더 : USB3.0 헤더 , USB2.0 헤더 , USB3.1 Type C 헤더 , ARGB 5V 3핀 헤더 , CPU추가팬(OPT) 헤더 , 펌프전용 헤더 / 시스템팬 4핀 : 3개 / I/O 헤더 : 프론트오디오AAFP 헤더 , 침입감지 헤더 , COM포트 헤더 / [특징] DrMOS / 전원부 방열판 / M.2 히트싱크 / 일체형IO실드 / LED라이트 / UEFI 닫기",https://img.danuri.io/catalog-image/263/894/099/fc3c0c4e9d684be985b3db5e2d68d1da.jpg?shrink=130:130&_v=20260921080444,https://prod.danawa.com/info/?pcode=99894263&cate=112751
43,ASUS,ASUS TUF Gaming B850-PRO WIFI7 W NEO STCOM,"338,260","AMD(소켓AM5) / AMD B850 / DDR5 / VGA 연결 : PCIe5.0 x16 / ATX (30.5x24.4cm) / 전원부 : 14+2+1페이즈 / 80A / Vcore출력합계 : 1120 / [메모리] 9000MHz (PC5-72000) / 4개 / 메모리 용량 : 최대 256GB / XMP / EXPO / [확장슬롯] PCIe버전 : PCIe5.0 , PCIe4.0 / PCIex16 : 1개 / PCIex16(at x4) : 1개 / [저장장치] SATA3 : 4개 / M.2 : 3개 / M.2 연결 : PCIe5.0 , PCIe4.0 , NVMe / [후면단자] HDMI / DP / USB3.x 10Gbps / USB3.x 5Gbps / USB 2.0 / RJ-45 / 오디오잭 / BIOS플래시백 / USB A타입 : 8개 / USB C타입 : 2개 / [랜/오디오] 유선랜 칩셋 : Realtek / 2.5Gbps / RJ-45 : 1개 / 무선랜(Wi-Fi) / 블루투스 / 오디오 칩셋 : Realtek ALC1220P / 7.1채널(8ch) / [내부I/O] USB/팬 헤더 : 썬더볼트4 헤더 , USB3.0 헤더 , USB2.0 헤더 , USB3.1 Type C 헤더 , ARGB 5V 3핀 헤더 , CPU추가팬(OPT) 헤더 , 펌프전용 헤더 / 시스템팬 4핀 : 4개 / I/O 헤더 : 프론트오디오AAFP 헤더 , 침입감지 헤더 , COM포트 헤더 / [특징] DrMOS / 전원부 방열판 / M.2 히트싱크 / 일체형IO실드 / LED라이트 / UEFI 닫기",https://img.danuri.io/catalog-image/820/670/122/52168b0f6675450287e0735ac97434b1.jpeg?shrink=130:130&_v=20260921080443,https://prod.danawa.com/info/?pcode=122670820&cate=112751
44,ASUS,ASUS ROG CROSSHAIR X870E HERO BTF STCOM,"1,123,980","AMD(소켓AM5) / AMD X870E / DDR5 / VGA 연결 : PCIe5.0 x16 / ATX (후면커넥터) / 전원부 : 18+2+2페이즈 / 페이즈당110A / Vcore출력합계 : 1980A / [메모리] 8600MHz (PC5-68800) / 4개 / 메모리 용량 : 최대 256GB / EXPO / [확장슬롯] PCIe버전 : PCIe5.0 , PCIe4.0 / PCIex16 : 1개 / PCIex4 : 1개 / [저장장치] M.2 : 5개 / SATA3 : 4개 / M.2 연결 : PCIe5.0 , PCIe4.0 , NVMe , PCIe 레인공유 / [후면단자] HDMI / Type-C / USB4 40Gbps / USB3.x 10Gbps / RJ-45 / S/PDIF / 오디오잭 / BIOS플래시백 / 클리어CMOS / USB A타입 : 6개 / USB C타입 : 4개 / [랜/오디오] 유선랜 칩셋 : Realtek, Intel / 5Gbps, 2.5Gbps / RJ-45 : 2개 / 듀얼LAN / MediaTek MT7927 / 무선랜(Wi-Fi) / 블루투스 / 오디오 칩셋 : ESS ES9219 x4 / 7.1채널(8ch) / [내부I/O] USB/팬 헤더 : USB3.0 헤더 , USB2.0 헤더 , USB3.2 Type C 헤더 , ARGB 5V 3핀 헤더 , CPU추가팬(OPT) 헤더 , 펌프전용 헤더 / 시스템팬 4핀 : 4+1개 / I/O 헤더 : 디버그LED , 프론트오디오AAFP 헤더 , 온도 센서 / [특징] DrMOS / 전원부 방열판 / M.2 히트싱크 / GC-HPWR슬롯 / 일체형IO실드 / LED라이트 / UEFI 닫기",https://img.danuri.io/catalog-image/398/476/097/49aae4f77c8844b59650ddeaab99c3bc.jpg?shrink=130:130&_v=20260921080622,https://prod.danawa.com/info/?pcode=97476398&cate=112751
45,ASUS,ASUS TUF Gaming B850M-PLUS II 인텍앤컴퍼니,"240,370","AMD(소켓AM5) / AMD B850 / DDR5 / VGA 연결 : PCIe5.0 x16 / M-ATX (24.4x24.4cm) / 전원부 : 14+2+1페이즈 / 페이즈당80A / Vcore출력합계 : 1120A / [메모리] 8000MHz (PC5-64000) / 4개 / 메모리 용량 : 최대 256GB / EXPO / [확장슬롯] PCIe버전 : PCIe5.0 , PCIe4.0 / PCIex16 : 1개 / PCIex1 : 1개 / [저장장치] M.2 : 3개 / SATA3 : 4개 / M.2 연결 : PCIe5.0 , PCIe4.0 , NVMe / [후면단자] HDMI / DP / USB3.x 20Gbps / USB3.x 10Gbps / USB3.x 5Gbps / USB 2.0 / RJ-45 / 오디오잭 / BIOS플래시백 / USB A타입 : 11개 / USB C타입 : 1개 / [랜/오디오] 유선랜 칩셋 : Realtek / 2.5Gbps / RJ-45 : 1개 / 오디오 칩셋 : Realtek ALC1220P / 7.1채널(8ch) / [내부I/O] USB/팬 헤더 : USB3.0 헤더 , USB2.0 헤더 , USB3.1 Type C 헤더 , RGB 12V 4핀 헤더 , ARGB 5V 3핀 헤더 , CPU추가팬(OPT) 헤더 , 펌프전용 헤더 / 시스템팬 4핀 : 3개 / I/O 헤더 : 프론트오디오AAFP 헤더 , 침입감지 헤더 , COM포트 헤더 / [특징] DrMOS / 전원부 방열판 / M.2 히트싱크 / 일체형IO실드 / UEFI 닫기",https://img.danuri.io/catalog-image/215/188/103/a741f67851874399b5ffd6e8325b688c.jpg?shrink=130:130&_v=20260921080444,https://prod.danawa.com/info/?pcode=103188215&cate=112751
46,ASUS,ASUS PRIME A620AM-A 대원씨티에스,"108,450","AMD(소켓AM5) / AMD A620A / DDR5 / VGA 연결 : PCIe4.0 x16 / M-ATX (24.4x24.4cm) / [메모리] 7600MHz (PC5-60800) / 4개 / 메모리 용량 : 최대 256GB / EXPO / [확장슬롯] PCIe버전 : PCIe4.0 , PCIe3.0 / PCIex16 : 1개 / PCIex1 : 1개 / [저장장치] M.2 : 2개 / SATA3 : 4개 / M.2 연결 : PCIe4.0 , NVMe / [후면단자] HDMI / DP / D-SUB / USB3.x 10Gbps / USB 2.0 / RJ-45 / 오디오잭 / PS/2 / BIOS플래시백 / USB A타입 : 6개 / [랜/오디오] 유선랜 칩셋 : Realtek / 1Gbps / RJ-45 : 1개 / 오디오 칩셋 : Realtek / 7.1채널(8ch) / [내부I/O] USB/팬 헤더 : USB3.0 헤더 , USB2.0 헤더 , USB3.0 Type C 헤더 , ARGB 5V 3핀 헤더 / 시스템팬 4핀 : 2개 / I/O 헤더 : TPM 헤더 , 프론트오디오AAFP 헤더 , COM포트 헤더 , S/PDIF OUT 헤더 / [특징] UEFI 닫기",https://img.danuri.io/catalog-image/432/703/106/98d27e2a62304a03aece16c5d3a573c6.jpg?shrink=130:130&_v=20260921080457,https://prod.danawa.com/info/?pcode=106703432&cate=112751
47,ASUS,ASUS ROG STRIX X870-A GAMING WIFI STCOM,"537,990","AMD(소켓AM5) / AMD X870 / DDR5 / VGA 연결 : PCIe5.0 x16 / ATX (30.5x24.4cm) / 전원부 : 16+2+2페이즈 / 페이즈당90A / Vcore출력합계 : 1440A / [메모리] 8000MHz (PC5-64000) / 4개 / 메모리 용량 : 최대 192GB / EXPO / [확장슬롯] PCIe버전 : PCIe5.0 , PCIe4.0 / PCIex16 : 1개 / PCIex16(at x4) : 1개 / [저장장치] M.2 : 4개 / SATA3 : 2개 / M.2 연결 : PCIe5.0 , PCIe4.0 , NVMe , PCIe 레인공유 / [후면단자] HDMI / DP / Type-C / USB4 40Gbps / USB3.x 10Gbps / USB3.x 5Gbps / RJ-45 / S/PDIF / 오디오잭 / BIOS플래시백 / 클리어CMOS / USB A타입 : 9개 / USB C타입 : 3개 / [랜/오디오] 유선랜 칩셋 : Intel / 2.5Gbps / RJ-45 : 1개 / 무선랜(Wi-Fi) / 블루투스 / 오디오 칩셋 : SupremeFX ALC4080 / 7.1채널(8ch) / [내부I/O] USB/팬 헤더 : USB3.0 헤더 , USB2.0 헤더 , USB3.2 Type C 헤더 , ARGB 5V 3핀 헤더 , CPU추가팬(OPT) 헤더 , 펌프전용 헤더 / 시스템팬 4핀 : 5개 / I/O 헤더 : 디버그LED , 프론트오디오AAFP 헤더 , 침입감지 헤더 , 온도 센서 / [특징] SPS(DrMOS) / 전원부 방열판 / M.2 히트싱크 / 일체형IO실드 / LED라이트 / UEFI 닫기",https://img.danuri.io/catalog-image/840/694/067/862aa906b9f54ceeb95c3495763e7951.jpg?shrink=130:130&_v=20260921080444,https://prod.danawa.com/info/?pcode=67694840&cate=112751
48,ASUS,ASUS TUF Gaming B850-PLUS WIFI 인텍앤컴퍼니,"310,070","AMD(소켓AM5) / AMD B850 / DDR5 / VGA 연결 : PCIe5.0 x16 / ATX (30.5x24.4cm) / 전원부 : 14+2+1페이즈 / 페이즈당80A / Vcore출력합계 : 1120A / [메모리] 8000MHz (PC5-64000) / 4개 / 메모리 용량 : 최대 192GB / XMP / EXPO / [확장슬롯] PCIe버전 : PCIe5.0 , PCIe4.0 / PCIex16 : 1개 / PCIex16(at x4) : 1개 / PCIex1 : 2개 / [저장장치] M.2 : 3개 / SATA3 : 4개 / M.2 연결 : PCIe5.0 , PCIe4.0 , NVMe , PCIe 레인공유 / [후면단자] HDMI / DP / USB3.x 20Gbps / USB3.x 10Gbps / USB3.x 5Gbps / USB 2.0 / RJ-45 / 오디오잭 / BIOS플래시백 / USB A타입 : 9개 / USB C타입 : 1개 / [랜/오디오] 유선랜 칩셋 : Realtek / 2.5Gbps / RJ-45 : 1개 / 무선랜(Wi-Fi) / 블루투스 / 오디오 칩셋 : Realtek ALC1220P / 7.1채널(8ch) / [내부I/O] USB/팬 헤더 : USB4 헤더 , USB3.0 헤더 , USB2.0 헤더 , USB3.1 Type C 헤더 , CPU추가팬(OPT) 헤더 , 펌프전용 헤더 / 시스템팬 4핀 : 4개 / I/O 헤더 : 프론트오디오AAFP 헤더 / [특징] DrMOS / 전원부 방열판 / M.2 히트싱크 / 일체형IO실드 / LED라이트 / UEFI 닫기",https://img.danuri.io/catalog-image/911/460/077/b2fafbf2d2f14454b18503d811c8f479.jpg?shrink=130:130&_v=20260921110458,https://prod.danawa.com/info/?pcode=77460911&cate=112751
49,ASUS,ASUS TUF Gaming X870E-PLUS WIFI7 대원씨티에스,"403,150","AMD(소켓AM5) / AMD X870E / DDR5 / VGA 연결 : PCIe5.0 x16 / ATX (30.5x24.4cm) / 전원부 : 16+2+1페이즈 / 페이즈당80A / Vcore출력합계 : 1280A / [메모리] 8000MHz (PC5-64000) / 4개 / 메모리 용량 : 최대 256GB / EXPO / [확장슬롯] PCIe버전 : PCIe5.0 , PCIe4.0 / PCIex16 : 1개 / PCIex16(at x4) : 1개 / PCIex1 : 1개 / [저장장치] M.2 : 4개 / SATA3 : 4개 / M.2 연결 : PCIe5.0 , PCIe4.0 , NVMe , PCIe 레인공유 / [후면단자] HDMI / Type-C / USB4 40Gbps / USB3.x 10Gbps / USB3.x 5Gbps / USB 2.0 / RJ-45 / 오디오잭 / BIOS플래시백 / USB A타입 : 11개 / USB C타입 : 2개 / [랜/오디오] 유선랜 칩셋 : Realtek / 2.5Gbps / RJ-45 : 1개 / 무선랜(Wi-Fi) / 블루투스 / 오디오 칩셋 : Realtek ALC1220P / 7.1채널(8ch) / [내부I/O] USB/팬 헤더 : USB3.0 헤더 , USB2.0 헤더 , USB3.2 Type C 헤더 , ARGB 5V 3핀 헤더 , CPU추가팬(OPT) 헤더 , 펌프전용 헤더 / 시스템팬 4핀 : 4개 / I/O 헤더 : 디버그LED , 프론트오디오AAFP 헤더 , 침입감지 헤더 , 온도 센서 / [특징] SPS(DrMOS) / 전원부 방열판 / M.2 히트싱크 / 일체형IO실드 / LED라이트 / UEFI 닫기",https://img.danuri.io/catalog-image/923/288/099/8be6e28f1d6a4e9db5be06edcfc48dc8.jpg?shrink=130:130&_v=20260921080457,https://prod.danawa.com/info/?pcode=99288923&cate=112751
50,ASUS,ASUS ROG CROSSHAIR X870E APEX STCOM,"967,670","AMD(소켓AM5) / AMD X870E / DDR5 / VGA 연결 : PCIe5.0 x16 / ATX (30.5x24.4cm) / 전원부 : 18+2+2페이즈 / 페이즈당110A / Vcore출력합계 : 1980A / [메모리] 8200MHz (PC5-65600) / 2개 / 메모리 용량 : 최대 128GB / EXPO / [확장슬롯] PCIe버전 : PCIe5.0 , PCIe4.0 , PCIe3.0 / PCIex16 : 2개 (동시사용시 at x8) / PCIex4 : 1개 / PCIex1 : 1개 / [저장장치] M.2 : 5개 / SATA3 : 4개 / M.2 연결 : PCIe5.0 , PCIe4.0 , NVMe , DIMM.2 , PCIe 레인공유 / [후면단자] HDMI / Type-C / USB4 40Gbps / USB3.x 10Gbps / USB3.x 5Gbps / RJ-45 / S/PDIF / 오디오잭 / PS/2 / BIOS플래시백 / 클리어CMOS / USB A타입 : 7개 / USB C타입 : 3개 / [랜/오디오] 유선랜 칩셋 : Realtek / 5Gbps / RJ-45 : 1개 / 무선랜(Wi-Fi) / 블루투스 / 오디오 칩셋 : Realtek ALC4082 / 7.1채널(8ch) / [내부I/O] USB/팬 헤더 : USB3.0 헤더 , USB2.0 헤더 , USB3.2 Type C 헤더 , ARGB 5V 3핀 헤더 , CPU추가팬(OPT) 헤더 , 펌프전용 헤더 / 시스템팬 4핀 : 5개 / I/O 헤더 : 디버그LED , 프론트오디오AAFP 헤더 , 온도 센서 / [특징] DrMOS / 전원부 방열판 / M.2 히트싱크 / 일체형IO실드 / UEFI 닫기",https://img.danuri.io/catalog-image/469/971/092/cc223e97ccd54e93a47066e547c1d256.jpg?shrink=130:130&_v=20260921142539,https://prod.danawa.com/info/?pcode=92971469&cate=112751
51,ASUS,ASUS TUF Gaming B850M-PLUS WIFI7 W 인텍앤컴퍼니,"269,950","AMD(소켓AM5) / AMD B850 / DDR5 / VGA 연결 : PCIe5.0 x16 / M-ATX (24.4x24.4cm) / 전원부 : 14+2+1페이즈 / 페이즈당80A / Vcore출력합계 : 1120A / [메모리] 8000MHz (PC5-64000) / 4개 / 메모리 용량 : 최대 256GB / EXPO / [확장슬롯] PCIe버전 : PCIe5.0 , PCIe4.0 / PCIex16 : 1개 / PCIex1 : 1개 / [저장장치] M.2 : 3개 / SATA3 : 4개 / M.2 연결 : PCIe5.0 , PCIe4.0 , NVMe , PCIe 레인공유 / [후면단자] HDMI / DP / USB3.x 20Gbps / USB3.x 10Gbps / USB3.x 5Gbps / USB 2.0 / RJ-45 / 오디오잭 / BIOS플래시백 / USB A타입 : 11개 / USB C타입 : 1개 / [랜/오디오] 유선랜 칩셋 : Realtek / 2.5Gbps / RJ-45 : 1개 / 무선랜(Wi-Fi) / 블루투스 / 오디오 칩셋 : Realtek ALC1220P / 7.1채널(8ch) / [내부I/O] USB/팬 헤더 : USB3.0 헤더 , USB2.0 헤더 , USB3.1 Type C 헤더 , ARGB 5V 3핀 헤더 , CPU추가팬(OPT) 헤더 , 펌프전용 헤더 / 시스템팬 4핀 : 3개 / I/O 헤더 : 프론트오디오AAFP 헤더 , 침입감지 헤더 , COM포트 헤더 / [특징] DrMOS / 전원부 방열판 / M.2 히트싱크 / 일체형IO실드 / UEFI 닫기",https://img.danuri.io/catalog-image/935/184/101/25a8d747b2f14467aebcf6a09c43bc2f.jpg?shrink=130:130&_v=20260921080444,https://prod.danawa.com/info/?pcode=101184935&cate=112751
52,ASUS,ASUS ROG CROSSHAIR X870E HERO STCOM,"1,017,610","AMD(소켓AM5) / AMD X870E / DDR5 / VGA 연결 : PCIe5.0 x16 / ATX (30.5x24.4cm) / 전원부 : 18+2+2페이즈 / 페이즈당110A / Vcore출력합계 : 1980A / [메모리] 8600MHz (PC5-68800) / 4개 / 메모리 용량 : 최대 256GB / EXPO / [확장슬롯] PCIe버전 : PCIe5.0 / PCIex16 : 2개 (동시사용시 at x8) / [저장장치] M.2 : 5개 / SATA3 : 4개 / M.2 연결 : PCIe5.0 , PCIe4.0 , NVMe , PCIe 레인공유 / [후면단자] HDMI / Type-C / USB4 40Gbps / USB3.x 10Gbps / RJ-45 / S/PDIF / 오디오잭 / BIOS플래시백 / 클리어CMOS / USB A타입 : 6개 / USB C타입 : 4개 / [랜/오디오] 유선랜 칩셋 : Realtek, Intel / 5Gbps, 2.5Gbps / RJ-45 : 2개 / 듀얼LAN / 무선랜(Wi-Fi) / 블루투스 / 오디오 칩셋 : Realtek ALC4082 / 7.1채널(8ch) / [내부I/O] USB/팬 헤더 : USB3.0 헤더 , USB2.0 헤더 , USB3.2 Type C 헤더 , ARGB 5V 3핀 헤더 , CPU추가팬(OPT) 헤더 , 펌프전용 헤더 / 시스템팬 4핀 : 4+1개 / I/O 헤더 : 디버그LED , 프론트오디오AAFP 헤더 , 온도 센서 / [특징] DrMOS / 전원부 방열판 / M.2 히트싱크 / 일체형IO실드 / LED라이트 / UEFI 닫기",https://img.danuri.io/catalog-image/456/694/067/87057c0d6c5c42d798e2616d4d53081f.jpg?shrink=130:130&_v=20260921080458,https://prod.danawa.com/info/?pcode=67694456&cate=112751
53,ASUS,ASUS ROG CROSSHAIR X870E DARK HERO STCOM,"1,115,700","AMD(소켓AM5) / AMD X870E / DDR5 / VGA 연결 : PCIe5.0 x16 / ATX (30.5x24.4cm) / 전원부 : 20+2+2페이즈 / 페이즈당110A / Vcore출력합계 : 2200A / [메모리] 8600MHz (PC5-68800) / 4개 / 메모리 용량 : 최대 256GB / EXPO / [확장슬롯] PCIe버전 : PCIe5.0 / PCIex16 : 2개 (동시사용시 at x8) / [저장장치] M.2 : 5개 / SATA3 : 4개 / M.2 연결 : PCIe5.0 , PCIe4.0 , NVMe , USB4 레인공유 / [후면단자] HDMI / Type-C / USB4 40Gbps / USB3.x 10Gbps / RJ-45 / S/PDIF / 오디오잭 / BIOS플래시백 / 클리어CMOS / USB A타입 : 6개 / USB C타입 : 5개 / [랜/오디오] 유선랜 칩셋 : Realtek / 10Gbps, 5Gbps / RJ-45 : 2개 / 듀얼LAN / 무선랜(Wi-Fi) / 블루투스 / 오디오 칩셋 : Realtek ALC4082 / 7.1채널(8ch) / [내부I/O] USB/팬 헤더 : USB3.0 헤더 , USB2.0 헤더 , USB3.2 Type C 헤더 , ARGB 5V 3핀 헤더 , CPU추가팬(OPT) 헤더 , 펌프전용 헤더 / 시스템팬 4핀 : 4개 / I/O 헤더 : 프론트오디오AAFP 헤더 , S/PDIF OUT 헤더 , 온도 센서 / [특징] DrMOS / 전원부 방열판 / M.2 히트싱크 / 일체형IO실드 / LED라이트 / UEFI 닫기",https://img.danuri.io/catalog-image/913/554/104/3f2f8f0532b84235ae4f2a8269b7ad0d.jpg?shrink=130:130&_v=20260921080456,https://prod.danawa.com/info/?pcode=104554913&cate=112751
54,ASUS,ASUS TUF Gaming X870-PRO WIFI7 W NEO STCOM,"406,500","AMD(소켓AM5) / AMD X870 / DDR5 / VGA 연결 : PCIe5.0 x16 / ATX (30.5x24.4cm) / 전원부 : 16+2+1페이즈 / 80A / Vcore출력합계 : 1280 / 메모리 8600MHz (PC5-68800) / 4개 / 메모리 용량 : 최대 256GB / XMP / EXPO / 확장슬롯 PCIe버전 : PCIe5.0 , PCIe4.0 / PCIex16 : 1개 / PCIex16(at x8) : 1개 / 저장장치 SATA3 : 2개 / M.2 : 4개 / M.2 연결 : PCIe5.0 , PCIe4.0 , NVMe , PCIe 레인공유 / 후면단자 HDMI / Type-C / USB4 40Gbps / USB3.x 10Gbps / USB3.x 5Gbps / RJ-45 / 오디오잭 / BIOS플래시백 / USB A타입 : 8개 / USB C타입 : 2개 / 랜/오디오 유선랜 칩셋 : Realtek / 5Gbps / RJ-45 : 1개 / 무선랜(Wi-Fi) / 블루투스 / 오디오 칩셋 : Realtek ALC1220P / 7.1채널(8ch) / 내부I/O USB/팬 헤더 : USB3.0 헤더 , USB2.0 헤더 , USB3.2 Type C 헤더 , ARGB 5V 3핀 헤더 , CPU추가팬(OPT) 헤더 , 펌프전용 헤더 / 시스템팬 4핀 : 4개 / I/O 헤더 : 프론트오디오AAFP 헤더 , 침입감지 헤더 , COM포트 헤더 , S/PDIF OUT 헤더 , 온도 센서 / 특징 SPS(DrMOS) / 일체형IO실드 / UEFI 닫기",https://img.danuri.io/catalog-image/357/621/122/03ddbe5b864c4d01bb56f27781c526d1.jpeg?shrink=130:130&_v=20260921140254,https://prod.danawa.com/info/?pcode=122621357&cate=112751
55,ASUS,ASUS ROG STRIX X870-I GAMING WIFI STCOM,"745,990","AMD(소켓AM5) / AMD X870 / DDR5 / VGA 연결 : PCIe5.0 x16 / M-iTX (17.0x17.0cm) / 전원부 : 10+2+1페이즈 / 페이즈당110A / Vcore출력합계 : 1100A / [메모리] 8600MHz (PC5-68800) / 2개 / 메모리 용량 : 최대 128GB / EXPO / [확장슬롯] PCIe버전 : PCIe5.0 / PCIex16 : 1개 / [저장장치] M.2 : 2개 / SATA3 : 2개 / M.2 연결 : PCIe5.0 , PCIe4.0 , NVMe / [후면단자] HDMI / Type-C / USB4 40Gbps / USB3.x 10Gbps / USB3.x 5Gbps / RJ-45 / BIOS플래시백 / 클리어CMOS / USB A타입 : 7개 / USB C타입 : 3개 / [랜/오디오] 유선랜 칩셋 : Intel / 2.5Gbps / RJ-45 : 1개 / 무선랜(Wi-Fi) / 블루투스 / 오디오 칩셋 : ESS SABRE9260Q / [내부I/O] USB/팬 헤더 : USB3.0 헤더 , USB3.1 Type C 헤더 , ARGB 5V 3핀 헤더 , 펌프전용 헤더 / 시스템팬 4핀 : 1개 / I/O 헤더 : 온도 센서 / [특징] SPS(DrMOS) / 전원부 방열판 / M.2 히트싱크 / 일체형IO실드 / UEFI / 추가 구성품: ROG STRIX HIVE II (USB 타입A 10Gbps + 타입C 10Gbps, 헤드폰단자, 파워버튼, 볼륨노브 및 디버그LED) / ROG FPS 카드(SATA 6Gbps x2, USB 2.0 헤더 x2) 닫기",https://img.danuri.io/catalog-image/948/976/067/3ad14febf8684481946832ee4057d567.jpg?shrink=130:130&_v=20260921142703,https://prod.danawa.com/info/?pcode=67976948&cate=112751
56,ASUS,ASUS PRO WS B850M-ACE SE STCOM,"622,480","AMD(소켓AM5) / AMD B850 / DDR5 / VGA 연결 : PCIe5.0 x16 / M-ATX (24.4x24.4cm) / 전원부 : 8+2+1페이즈 / 80A / Vcore출력합계 : 640 / [메모리] 8000MHz (PC5-64000) / 4개 / 메모리 용량 : 최대 256GB / EXPO / [확장슬롯] PCIe버전 : PCIe5.0 , PCIe4.0 / PCIex16 : 1개 / PCIex16(at x4) : 1개 / [저장장치] SATA3 : 4개 / U.2 : 1개 / M.2 : 2개 / M.2 연결 : PCIe5.0 , NVMe / [후면단자] HDMI / DP / D-SUB / USB3.x 10Gbps / USB 2.0 / RJ-45 / 오디오잭 / 클리어CMOS / USB A타입 : 5개 / USB C타입 : 2개 / [랜/오디오] 유선랜 칩셋 : Realtek / 10Gbps, 2.5Gbps, 1Gbps / RJ-45 : 3개 / 듀얼LAN / IPMI(BMC)관리단자 / [내부I/O] USB/팬 헤더 : USB4 헤더 , USB3.0 헤더 , USB2.0 헤더 , USB3.2 Type C 헤더 , CPU추가팬(OPT) 헤더 , 펌프전용 헤더 / 시스템팬 4핀 : 3개 / I/O 헤더 : TPM 헤더 , 디버그LED , 프론트오디오AAFP 헤더 , 침입감지 헤더 , COM포트 헤더 / [특징] 전원부 방열판 / M.2 히트싱크 닫기",https://img.danuri.io/catalog-image/676/913/099/deb042bf4dba44df94041a5d342ff564.jpg?shrink=130:130&_v=20260921080609,https://prod.danawa.com/info/?pcode=99913676&cate=112751
57,ASUS,ASUS ROG STRIX B850-F GAMING WIFI7 NEO 인텍앤컴퍼니,"441,430","AMD(소켓AM5) / AMD B850 / DDR5 / VGA 연결 : PCIe5.0 x16 / ATX (30.5x24.4cm) / 전원부 : 16+2+2페이즈 / 80A / Vcore출력합계 : 1280 / [메모리] 9000MHz (PC5-72000) / 4개 / 메모리 용량 : 최대 256GB / EXPO / [확장슬롯] PCIe버전 : PCIe5.0 , PCIe4.0 / PCIex16 : 1개 / PCIex16(at x4) : 1개 / [저장장치] SATA3 : 2개 / M.2 : 4개 / M.2 연결 : PCIe5.0 , PCIe4.0 , NVMe , PCIe 레인공유 / [후면단자] HDMI / USB3.x 20Gbps / USB3.x 10Gbps / USB 2.0 / RJ-45 / S/PDIF / 오디오잭 / BIOS플래시백 / 클리어CMOS / USB A타입 : 9개 / USB C타입 : 3개 / [랜/오디오] 유선랜 칩셋 : Realtek / 5Gbps / RJ-45 : 1개 / 무선랜(Wi-Fi) / 블루투스 / 오디오 칩셋 : SupremeFX ALC4080 / 7.1채널(8ch) / [내부I/O] USB/팬 헤더 : USB4 헤더 , USB3.0 헤더 , USB2.0 헤더 , USB3.1 Type C 헤더 , CPU추가팬(OPT) 헤더 , 펌프전용 헤더 / 시스템팬 4핀 : 4개 / I/O 헤더 : 디버그LED , 프론트오디오AAFP 헤더 , 온도 센서 / [특징] 전원부 방열판 / M.2 히트싱크 / 일체형IO실드 / UEFI 닫기",https://img.danuri.io/catalog-image/559/663/122/640a3a3658db4576ba48fd6794f721ab.jpeg?shrink=130:130&_v=20260921080457,https://prod.danawa.com/info/?pcode=122663559&cate=112751
58,ASUS,ASUS ROG CROSSHAIR X870E EXTREME 대원씨티에스,"1,449,000","AMD(소켓AM5) / AMD X870E / DDR5 / VGA 연결 : PCIe5.0 x16 / E-ATX (30.5x27.7cm) / 전원부 : 20+2+2페이즈 / 페이즈당110A / Vcore출력합계 : 2200A / [메모리] 8200MHz (PC5-65600) / 4개 / 메모리 용량 : 최대 256GB / EXPO / [확장슬롯] PCIe버전 : PCIe5.0 / PCIex16 : 2개 (동시사용시 at x8) / [저장장치] M.2 : 5개 / SATA3 : 4개 / M.2 연결 : PCIe5.0 , PCIe4.0 , NVMe , DIMM.2 , PCIe 레인공유 / [후면단자] HDMI / Type-C / USB4 40Gbps / USB3.x 10Gbps / RJ-45 / S/PDIF / 오디오잭 / BIOS플래시백 / 클리어CMOS / USB A타입 : 8개 / USB C타입 : 4개 / [랜/오디오] 유선랜 칩셋 : Marvell, Realtek / 10Gbps, 5Gbps / RJ-45 : 2개 / 듀얼LAN / 무선랜(Wi-Fi) / 블루투스 / 오디오 칩셋 : Realtek ALC4082 / 7.1채널(8ch) / [내부I/O] USB/팬 헤더 : USB3.0 헤더 , USB2.0 헤더 , USB3.2 Type C 헤더 , USB3.1 Type C 헤더 , ARGB 5V 3핀 헤더 , ARGB 6핀 헤더 , CPU추가팬(OPT) 헤더 , 펌프전용 헤더 / 시스템팬 4핀 : 4개 / I/O 헤더 : 디버그LED , 프론트오디오AAFP 헤더 , 온도 센서 / [특징] DrMOS / 전원부 방열판 / M.2 히트싱크 / 일체형IO실드 / LCD(커스텀) / UEFI 닫기",https://img.danuri.io/catalog-image/430/022/093/2654b328d08646c793ebd940644fd742.jpg?shrink=130:130&_v=20260921082629,https://prod.danawa.com/info/?pcode=93022430&cate=112751
59,ASUS,ASUS B850M MAX GAMING WIFI 대원씨티에스,"181,200","AMD(소켓AM5) / AMD B850 / DDR5 / VGA 연결 : PCIe5.0 x16 / M-ATX (24.4x24.4cm) / 전원부 : 8+2+1페이즈 / [메모리] 8000MHz (PC5-64000) / 4개 / 메모리 용량 : 최대 256GB / EXPO / [확장슬롯] PCIe버전 : PCIe5.0 , PCIe4.0 / PCIex16 : 1개 / PCIex16(at x1) : 3개 / [저장장치] M.2 : 3개 / SATA3 : 4개 / M.2 연결 : PCIe5.0 , PCIe4.0 , NVMe / [후면단자] HDMI / DP / USB3.x 10Gbps / USB3.x 5Gbps / USB 2.0 / RJ-45 / 오디오잭 / BIOS플래시백 / USB A타입 : 8개 / USB C타입 : 1개 / [랜/오디오] 유선랜 칩셋 : Realtek / 1Gbps / RJ-45 : 1개 / 무선랜(Wi-Fi) / 블루투스 / 오디오 칩셋 : Realtek / 7.1채널(8ch) / [내부I/O] USB/팬 헤더 : USB3.0 헤더 , USB2.0 헤더 , USB3.0 Type C 헤더 , CPU추가팬(OPT) 헤더 , 펌프전용 헤더 / 시스템팬 4핀 : 4개 / I/O 헤더 : TPM 헤더 , 프론트오디오AAFP 헤더 , 침입감지 헤더 , COM포트 헤더 , S/PDIF OUT 헤더 / [특징] 전원부 방열판 / 일체형IO실드 / UEFI 닫기",https://img.danuri.io/catalog-image/258/071/093/52edb204012946be8c66ec9863cac619.jpg?shrink=130:130&_v=20260921095800,https://prod.danawa.com/info/?pcode=93071258&cate=112751
60,ASUS,ASUS ROG CROSSHAIR 2006 STCOM,"1,244,960","AMD(소켓AM5) / AMD X870E / DDR5 / VGA 연결 : PCIe5.0 x16 / ATX (30.5x24.4cm) / 메모리 8600MHz (PC5-68800) / 4개 / 메모리 용량 : 최대 256GB / EXPO / 확장슬롯 PCIe버전 : PCIe5.0 / PCIex16 : 2개 (동시사용시 at x8) / 저장장치 SATA3 : 4개 / M.2 : 5개 / M.2 연결 : PCIe5.0 , PCIe4.0 , NVMe , USB4 레인공유 / 후면단자 HDMI / Type-C / USB4 40Gbps / USB3.x 10Gbps / RJ-45 / S/PDIF / 오디오잭 / BIOS플래시백 / 클리어CMOS / USB A타입 : 6개 / USB C타입 : 5개 / 랜/오디오 유선랜 칩셋 : Realtek / 10Gbps, 5Gbps / RJ-45 : 2개 / 듀얼LAN / 무선랜(Wi-Fi) / 블루투스 / 오디오 칩셋 : Realtek ALC4082 / 7.1채널(8ch) / 내부I/O USB/팬 헤더 : USB3.0 헤더 , USB2.0 헤더 , USB3.2 Type C 헤더 , ARGB 5V 3핀 헤더 , CPU추가팬(OPT) 헤더 , 펌프전용 헤더 / 시스템팬 4핀 : 4개 / I/O 헤더 : 프론트오디오AAFP 헤더 , S/PDIF OUT 헤더 , 온도 센서 / 특징 DrMOS / 전원부 방열판 / M.2 히트싱크 / 일체형IO실드 / LED라이트 / UEFI 닫기",https://img.danuri.io/catalog-image/875/690/122/e3455280334f44d8a238a788c5593a1d.jpeg?shrink=130:130&_v=20260921080441,https://prod.danawa.com/info/?pcode=122690875&cate=112751
61,ASUS,ASUS ProArt B850-CREATOR WIFI NEO STCOM,"403,210","AMD(소켓AM5) / AMD B850 / DDR5 / VGA 연결 : PCIe5.0 x16 / ATX (30.5x24.4cm) / 전원부 : 14+2+1페이즈 / 80A / Vcore출력합계 : 1120 / [메모리] 8000MHz (PC5-64000) / 4개 / 메모리 용량 : 최대 256GB / XMP / EXPO / [확장슬롯] PCIe버전 : PCIe5.0 , PCIe4.0 / PCIex16 : 1개 / PCIex16(at x8) : 1개 / PCIex16(at x4) : 1개 / PCIex1 : 1개 / [저장장치] SATA3 : 4개 / M.2 : 3개 / M.2 연결 : PCIe5.0 , PCIe4.0 , NVMe / [후면단자] HDMI / DP / Type-C / USB3.x 10Gbps / USB3.x 5Gbps / USB 2.0 / RJ-45 / 오디오잭 / BIOS플래시백 / USB A타입 : 6개 / USB C타입 : 2개 / [랜/오디오] 유선랜 칩셋 : Realtek / 5Gbps / RJ-45 : 2개 / 무선랜(Wi-Fi) / 블루투스 / 오디오 칩셋 : Realtek RTL8922AE / 7.1채널(8ch) / [내부I/O] USB/팬 헤더 : USB3.0 헤더 , USB2.0 헤더 , USB3.2 Type C 헤더 , ARGB 5V 3핀 헤더 , CPU추가팬(OPT) 헤더 , 펌프전용 헤더 / 시스템팬 4핀 : 4개 / I/O 헤더 : TPM 헤더 , 프론트오디오AAFP 헤더 / [특징] DrMOS / 전원부 방열판 / M.2 히트싱크 / 일체형IO실드 / UEFI 닫기",https://img.danuri.io/catalog-image/803/670/122/71f5d1e7dc53402e865035e6952b9387.jpeg?shrink=130:130&_v=20260920080524,https://prod.danawa.com/info/?pcode=122670803&cate=112751
62,ASUS,ASUS ROG STRIX X870E-A GAMING WIFI7 NEO 인텍앤컴퍼니,"657,290","AMD(소켓AM5) / AMD X870E / DDR5 / VGA 연결 : PCIe5.0 x16 / ATX (30.5x24.4cm) / 전원부 : 18+2+2페이즈 / 110A / Vcore출력합계 : 1980 / 메모리 9600MHz (PC5-76800) / 4개 / 메모리 용량 : 최대 256GB / XMP / EXPO / 확장슬롯 PCIe버전 : PCIe5.0 , PCIe4.0 / PCIex16 : 1개 / PCIex16(at x4) : 1개 / 저장장치 SATA3 : 4개 / M.2 : 4개 / M.2 연결 : PCIe5.0 , PCIe4.0 , NVMe , PCIe 레인공유 / 후면단자 HDMI / Type-C / USB4 40Gbps / USB3.x 10Gbps / RJ-45 / S/PDIF / 오디오잭 / BIOS플래시백 / 클리어CMOS / USB A타입 : 9개 / USB C타입 : 3개 / 랜/오디오 유선랜 칩셋 : Realtek / 5Gbps / RJ-45 : 1개 / 무선랜(Wi-Fi) / 블루투스 / 오디오 칩셋 : SupremeFX ALC4080 / 7.1채널(8ch) / 내부I/O USB/팬 헤더 : USB3.0 헤더 , USB2.0 헤더 , ARGB 5V 3핀 헤더 , CPU추가팬(OPT) 헤더 , 펌프전용 헤더 / 시스템팬 4핀 : 5개 / I/O 헤더 : 디버그LED , 프론트오디오AAFP 헤더 , 온도 센서 / 특징 SPS(DrMOS) / 전원부 방열판 / M.2 히트싱크 / 일체형IO실드 / LED라이트 / UEFI 닫기",https://img.danuri.io/catalog-image/659/663/122/5d6f8fb8e40b40b5859fb0065c81313c.jpeg?shrink=130:130&_v=20260921080456,https://prod.danawa.com/info/?pcode=122663659&cate=112751
63,ASUS,ASUS TUF Gaming X870-PRO WIFI7 W NEO 대원씨티에스,"391,710","AMD(소켓AM5) / AMD X870 / DDR5 / VGA 연결 : PCIe5.0 x16 / ATX (30.5x24.4cm) / 전원부 : 16+2+1페이즈 / 80A / Vcore출력합계 : 1280 / 메모리 8600MHz (PC5-68800) / 4개 / 메모리 용량 : 최대 256GB / XMP / EXPO / 확장슬롯 PCIe버전 : PCIe5.0 , PCIe4.0 / PCIex16 : 1개 / PCIex16(at x8) : 1개 / 저장장치 SATA3 : 2개 / M.2 : 4개 / M.2 연결 : PCIe5.0 , PCIe4.0 , NVMe , PCIe 레인공유 / 후면단자 HDMI / Type-C / USB4 40Gbps / USB3.x 10Gbps / USB3.x 5Gbps / RJ-45 / 오디오잭 / BIOS플래시백 / USB A타입 : 8개 / USB C타입 : 2개 / 랜/오디오 유선랜 칩셋 : Realtek / 5Gbps / RJ-45 : 1개 / 무선랜(Wi-Fi) / 블루투스 / 오디오 칩셋 : Realtek ALC1220P / 7.1채널(8ch) / 내부I/O USB/팬 헤더 : USB3.0 헤더 , USB2.0 헤더 , USB3.2 Type C 헤더 , ARGB 5V 3핀 헤더 , CPU추가팬(OPT) 헤더 , 펌프전용 헤더 / 시스템팬 4핀 : 4개 / I/O 헤더 : 프론트오디오AAFP 헤더 , 침입감지 헤더 , COM포트 헤더 , S/PDIF OUT 헤더 , 온도 센서 / 특징 SPS(DrMOS) / 일체형IO실드 / UEFI 닫기",https://img.danuri.io/catalog-image/452/746/106/a3f402b20f144402bc7dbcc8c99c26e9.jpg?shrink=130:130&_v=20260921135043,https://prod.danawa.com/info/?pcode=106746452&cate=112751
64,ASUS,ASUS PRIME B840M-A-CSM 인텍앤컴퍼니,"144,250","AMD(소켓AM5) / AMD B840 / DDR5 / VGA 연결 : PCIe4.0 x16 / M-ATX (24.4x24.4cm) / 전원부 : 8+2+1페이즈 / [메모리] 7600MHz (PC5-60800) / 4개 / 메모리 용량 : 최대 192GB / EXPO / [확장슬롯] PCIe버전 : PCIe4.0 , PCIe3.0 / PCIex16 : 1개 / PCIex16(at x1) : 2개 / [저장장치] M.2 : 3개 / SATA3 : 4개 / M.2 연결 : PCIe4.0 , PCIe , NVMe / [후면단자] HDMI / DP / USB3.x 10Gbps / USB3.x 5Gbps / USB 2.0 / RJ-45 / 오디오잭 / BIOS플래시백 / USB A타입 : 6개 / USB C타입 : 1개 / [랜/오디오] 유선랜 칩셋 : Realtek / 2.5Gbps / 오디오 칩셋 : Realtek / 7.1채널(8ch) / [내부I/O] USB/팬 헤더 : USB3.0 헤더 , USB2.0 헤더 , USB3.0 Type C 헤더 , CPU추가팬(OPT) 헤더 , 펌프전용 헤더 / 시스템팬 4핀 : 3개 / I/O 헤더 : TPM 헤더 , 프론트오디오AAFP 헤더 , COM포트 헤더 , S/PDIF OUT 헤더 / [특징] 전원부 방열판 / M.2 히트싱크 / 일체형IO실드 / UEFI 닫기",https://img.danuri.io/catalog-image/244/491/074/afd94cc792e24ba2863b7c5c0ae4fa1e.jpg?shrink=130:130&_v=20260921080444,https://prod.danawa.com/info/?pcode=74491244&cate=112751
65,ASUS,ASUS ROG STRIX B850-A GAMING WIFI7 NEO STCOM,"389,000","AMD(소켓AM5) / AMD B850 / DDR5 / VGA 연결 : PCIe5.0 x16 / ATX (30.5x24.4cm) / 전원부 : 14+2+2페이즈 / 80A / Vcore출력합계 : 1120 / [메모리] 8000MHz (PC5-64000) / 4개 / 메모리 용량 : 최대 256GB / XMP / EXPO / [확장슬롯] PCIe버전 : PCIe5.0 , PCIe4.0 / PCIex16 : 1개 / PCIex16(at x4) : 1개 / [저장장치] SATA3 : 2개 / M.2 : 4개 / M.2 연결 : PCIe5.0 , PCIe4.0 , NVMe , PCIe 레인공유 / [후면단자] HDMI / USB3.x 10Gbps / USB3.x 5Gbps / USB 2.0 / RJ-45 / S/PDIF / 오디오잭 / BIOS플래시백 / 클리어CMOS / USB A타입 : 8개 / USB C타입 : 2개 / [랜/오디오] 유선랜 칩셋 : Realtek / 5Gbps / RJ-45 : 1개 / 무선랜(Wi-Fi) / 블루투스 / 오디오 칩셋 : SupremeFX ALC4080 / 7.1채널(8ch) / [내부I/O] USB/팬 헤더 : USB4 헤더 , USB3.0 헤더 , USB2.0 헤더 , USB3.1 Type C 헤더 , CPU추가팬(OPT) 헤더 , 펌프전용 헤더 / 시스템팬 4핀 : 4개 / I/O 헤더 : 프론트오디오AAFP 헤더 / [특징] 전원부 방열판 / M.2 히트싱크 / 일체형IO실드 / UEFI 닫기",https://img.danuri.io/catalog-image/765/670/122/ed0ed6d8ab7c42afaadf3b073a789a3b.jpeg?shrink=130:130&_v=20260921080444,https://prod.danawa.com/info/?pcode=122670765&cate=112751
66,ASUS,ASUS ROG CROSSHAIR 2006 인텍앤컴퍼니,"1,189,050","AMD(소켓AM5) / AMD X870E / DDR5 / VGA 연결 : PCIe5.0 x16 / ATX (30.5x24.4cm) / 메모리 8600MHz (PC5-68800) / 4개 / 메모리 용량 : 최대 256GB / EXPO / 확장슬롯 PCIe버전 : PCIe5.0 / PCIex16 : 2개 (동시사용시 at x8) / 저장장치 SATA3 : 4개 / M.2 : 5개 / M.2 연결 : PCIe5.0 , PCIe4.0 , NVMe , USB4 레인공유 / 후면단자 HDMI / Type-C / USB4 40Gbps / USB3.x 10Gbps / RJ-45 / S/PDIF / 오디오잭 / BIOS플래시백 / 클리어CMOS / USB A타입 : 6개 / USB C타입 : 5개 / 랜/오디오 유선랜 칩셋 : Realtek / 10Gbps, 5Gbps / RJ-45 : 2개 / 듀얼LAN / 무선랜(Wi-Fi) / 블루투스 / 오디오 칩셋 : Realtek ALC4082 / 7.1채널(8ch) / 내부I/O USB/팬 헤더 : USB3.0 헤더 , USB2.0 헤더 , USB3.2 Type C 헤더 , ARGB 5V 3핀 헤더 , CPU추가팬(OPT) 헤더 , 펌프전용 헤더 / 시스템팬 4핀 : 4개 / I/O 헤더 : 프론트오디오AAFP 헤더 , S/PDIF OUT 헤더 , 온도 센서 / 특징 DrMOS / 전원부 방열판 / M.2 히트싱크 / 일체형IO실드 / LED라이트 / UEFI 닫기",https://img.danuri.io/catalog-image/643/705/122/8bccf49fe8ae48efb97bea354648faf3.jpeg?shrink=130:130&_v=20260921080458,https://prod.danawa.com/info/?pcode=122705643&cate=112751
67,ASUS,ASUS TUF Gaming B850M-E WIFI 대원씨티에스,"238,990","AMD(소켓AM5) / AMD B850 / DDR5 / VGA 연결 : PCIe5.0 x16 / M-ATX (24.4x24.4cm) / 전원부 : 8+2+1페이즈 / 80A / Vcore출력합계 : 640 / [메모리] 8000MHz (PC5-64000) / 4개 / 메모리 용량 : 최대 256GB / EXPO / [확장슬롯] PCIe버전 : PCIe5.0 , PCIe4.0 / PCIex16 : 1개 / PCIex1 : 1개 / [저장장치] SATA3 : 4개 / M.2 : 3개 / M.2 연결 : PCIe5.0 , PCIe4.0 , NVMe / [후면단자] HDMI / DP / USB3.x 10Gbps / USB3.x 5Gbps / USB 2.0 / RJ-45 / 오디오잭 / PS/2 / BIOS플래시백 / USB A타입 : 7개 / USB C타입 : 1개 / [랜/오디오] 유선랜 칩셋 : Realtek / 2.5Gbps / RJ-45 : 1개 / 무선랜(Wi-Fi) / 블루투스 / 오디오 칩셋 : Realtek / 7.1채널(8ch) / [내부I/O] USB/팬 헤더 : USB3.0 헤더 , USB2.0 헤더 , USB3.0 Type C 헤더 , CPU추가팬(OPT) 헤더 , 펌프전용 헤더 / 시스템팬 4핀 : 2개 / I/O 헤더 : 프론트오디오AAFP 헤더 , 침입감지 헤더 , COM포트 헤더 / [특징] DrMOS / 전원부 방열판 / M.2 히트싱크 / 일체형IO실드 / UEFI 닫기",https://img.danuri.io/catalog-image/303/121/097/ac435b92e349494c970ed55ad05469df.jpg?shrink=130:130&_v=20260921142604,https://prod.danawa.com/info/?pcode=97121303&cate=112751
68,ASUS,ASUS ROG STRIX B850-F GAMING WIFI7 NEO 대원씨티에스,"425,060","AMD(소켓AM5) / AMD B850 / DDR5 / VGA 연결 : PCIe5.0 x16 / ATX (30.5x24.4cm) / 전원부 : 16+2+2페이즈 / 80A / Vcore출력합계 : 1280 / [메모리] 9000MHz (PC5-72000) / 4개 / 메모리 용량 : 최대 256GB / EXPO / [확장슬롯] PCIe버전 : PCIe5.0 , PCIe4.0 / PCIex16 : 1개 / PCIex16(at x4) : 1개 / [저장장치] SATA3 : 2개 / M.2 : 4개 / M.2 연결 : PCIe5.0 , PCIe4.0 , NVMe , PCIe 레인공유 / [후면단자] HDMI / USB3.x 20Gbps / USB3.x 10Gbps / USB 2.0 / RJ-45 / S/PDIF / 오디오잭 / BIOS플래시백 / 클리어CMOS / USB A타입 : 9개 / USB C타입 : 3개 / [랜/오디오] 유선랜 칩셋 : Realtek / 5Gbps / RJ-45 : 1개 / 무선랜(Wi-Fi) / 블루투스 / 오디오 칩셋 : SupremeFX ALC4080 / 7.1채널(8ch) / [내부I/O] USB/팬 헤더 : USB4 헤더 , USB3.0 헤더 , USB2.0 헤더 , USB3.1 Type C 헤더 , CPU추가팬(OPT) 헤더 , 펌프전용 헤더 / 시스템팬 4핀 : 4개 / I/O 헤더 : 디버그LED , 프론트오디오AAFP 헤더 , 온도 센서 / [특징] 전원부 방열판 / M.2 히트싱크 / 일체형IO실드 / UEFI 닫기",https://img.danuri.io/catalog-image/236/642/122/a015e5606de0475d91e92950d300d7c7.jpeg?shrink=130:130&_v=20260921135038,https://prod.danawa.com/info/?pcode=122642236&cate=112751
69,ASUS,ASUS TUF Gaming B850M-PLUS WIFI7 W 대원씨티에스,"270,620","AMD(소켓AM5) / AMD B850 / DDR5 / VGA 연결 : PCIe5.0 x16 / M-ATX (24.4x24.4cm) / 전원부 : 14+2+1페이즈 / 페이즈당80A / Vcore출력합계 : 1120A / [메모리] 8000MHz (PC5-64000) / 4개 / 메모리 용량 : 최대 256GB / EXPO / [확장슬롯] PCIe버전 : PCIe5.0 , PCIe4.0 / PCIex16 : 1개 / PCIex1 : 1개 / [저장장치] M.2 : 3개 / SATA3 : 4개 / M.2 연결 : PCIe5.0 , PCIe4.0 , NVMe , PCIe 레인공유 / [후면단자] HDMI / DP / USB3.x 20Gbps / USB3.x 10Gbps / USB3.x 5Gbps / USB 2.0 / RJ-45 / 오디오잭 / BIOS플래시백 / USB A타입 : 11개 / USB C타입 : 1개 / [랜/오디오] 유선랜 칩셋 : Realtek / 2.5Gbps / RJ-45 : 1개 / 무선랜(Wi-Fi) / 블루투스 / 오디오 칩셋 : Realtek ALC1220P / 7.1채널(8ch) / [내부I/O] USB/팬 헤더 : USB3.0 헤더 , USB2.0 헤더 , USB3.1 Type C 헤더 , ARGB 5V 3핀 헤더 , CPU추가팬(OPT) 헤더 , 펌프전용 헤더 / 시스템팬 4핀 : 3개 / I/O 헤더 : 프론트오디오AAFP 헤더 , 침입감지 헤더 , COM포트 헤더 / [특징] DrMOS / 전원부 방열판 / M.2 히트싱크 / 일체형IO실드 / UEFI 닫기",https://img.danuri.io/catalog-image/361/120/097/991139685b944627955299d6b74029f2.jpg?shrink=130:130&_v=20260921105640,https://prod.danawa.com/info/?pcode=97120361&cate=112751
70,ASUS,ASUS ROG STRIX B850-E GAMING WIFI STCOM,"516,080","AMD(소켓AM5) / AMD B850 / DDR5 / VGA 연결 : PCIe5.0 x16 / ATX (30.5x24.4cm) / 전원부 : 16+2+2페이즈 / 페이즈당90A / Vcore출력합계 : 1440A / [메모리] 8000MHz (PC5-64000) / 4개 / 메모리 용량 : 최대 256GB / EXPO / [확장슬롯] PCIe버전 : PCIe5.0 , PCIe4.0 / PCIex16 : 1개 / PCIex16(at x4) : 1개 / [저장장치] M.2 : 5개 / SATA3 : 4개 / M.2 연결 : PCIe5.0 , PCIe4.0 , NVMe , PCIe 레인공유 / [후면단자] HDMI / DP / USB4 40Gbps / USB3.x 20Gbps / USB3.x 10Gbps / USB 2.0 / RJ-45 / S/PDIF / 오디오잭 / BIOS플래시백 / 클리어CMOS / USB A타입 : 10개 / USB C타입 : 2개 / [랜/오디오] 유선랜 칩셋 : Intel / 2.5Gbps / RJ-45 : 1개 / 무선랜(Wi-Fi) / 블루투스 / 오디오 칩셋 : SupremeFX ALC4080 / 7.1채널(8ch) / [내부I/O] USB/팬 헤더 : USB4 헤더 , USB3.0 헤더 , USB2.0 헤더 , USB3.1 Type C 헤더 , CPU추가팬(OPT) 헤더 , 펌프전용 헤더 / 시스템팬 4핀 : 5개 / I/O 헤더 : 디버그LED , 프론트오디오AAFP 헤더 , 온도 센서 / [특징] 전원부 방열판 / M.2 히트싱크 / 일체형IO실드 / UEFI 닫기",https://img.danuri.io/catalog-image/858/618/077/716e312a25fd49979f127749589f934d.jpg?shrink=130:130&_v=20260921142539,https://prod.danawa.com/info/?pcode=77618858&cate=112751
71,ASUS,ASUS ROG STRIX B850-I GAMING WIFI STCOM,"408,290","AMD(소켓AM5) / AMD B850 / DDR5 / VGA 연결 : PCIe5.0 x16 / M-iTX (17.0x17.0cm) / 전원부 : 10+2+1페이즈 / 페이즈당90A / Vcore출력합계 : 900A / [메모리] 8200MHz (PC5-65600) / 2개 / 메모리 용량 : 최대 96GB / EXPO / [확장슬롯] PCIe버전 : PCIe5.0 / PCIex16 : 1개 / [저장장치] M.2 : 2개 / SATA3 : 2개 / M.2 연결 : PCIe5.0 , NVMe / [후면단자] HDMI / Type-C / USB3.x 20Gbps / USB3.x 10Gbps / USB 2.0 / RJ-45 / S/PDIF / 오디오잭 / BIOS플래시백 / 클리어CMOS / USB A타입 : 6개 / USB C타입 : 2개 / [랜/오디오] 유선랜 칩셋 : Intel / 2.5Gbps / RJ-45 : 1개 / 무선랜(Wi-Fi) / 블루투스 / 오디오 칩셋 : SupremeFX ALC4080 / 7.1채널(8ch) / [내부I/O] USB/팬 헤더 : USB4 헤더 , USB3.0 헤더 , USB2.0 헤더 , USB3.1 Type C 헤더 , 펌프전용 헤더 / 시스템팬 4핀 : 1개 / I/O 헤더 : 디버그LED , 프론트오디오AAFP 헤더 , 온도 센서 / [특징] 전원부 방열판 / M.2 히트싱크 / 일체형IO실드 / UEFI 닫기",https://img.danuri.io/catalog-image/963/883/073/c84e37feeaf945dcaf96e5bb5e5925de.jpg?shrink=130:130&_v=20260921080442,https://prod.danawa.com/info/?pcode=73883963&cate=112751
72,ASUS,ASUS TUF Gaming B850M-PLUS WIFI7 대원씨티에스,"260,920","AMD(소켓AM5) / AMD B850 / DDR5 / VGA 연결 : PCIe5.0 x16 / M-ATX (24.4x24.4cm) / 전원부 : 14+2+1페이즈 / 페이즈당80A / Vcore출력합계 : 1120A / [메모리] 8000MHz (PC5-64000) / 4개 / 메모리 용량 : 최대 256GB / EXPO / [확장슬롯] PCIe버전 : PCIe5.0 , PCIe4.0 / PCIex16 : 1개 / PCIex1 : 1개 / [저장장치] M.2 : 3개 / SATA3 : 4개 / M.2 연결 : PCIe5.0 , PCIe4.0 , NVMe / [후면단자] HDMI / DP / USB3.x 20Gbps / USB3.x 10Gbps / USB3.x 5Gbps / USB 2.0 / RJ-45 / 오디오잭 / BIOS플래시백 / USB A타입 : 11개 / USB C타입 : 1개 / [랜/오디오] 유선랜 칩셋 : Realtek / 2.5Gbps / RJ-45 : 1개 / 무선랜(Wi-Fi) / 블루투스 / 오디오 칩셋 : Realtek ALC1220P / 7.1채널(8ch) / [내부I/O] USB/팬 헤더 : USB3.0 헤더 , USB2.0 헤더 , USB3.1 Type C 헤더 , ARGB 5V 3핀 헤더 , CPU추가팬(OPT) 헤더 , 펌프전용 헤더 / 시스템팬 4핀 : 3개 / I/O 헤더 : 프론트오디오AAFP 헤더 , 침입감지 헤더 , COM포트 헤더 / [특징] DrMOS / 전원부 방열판 / M.2 히트싱크 / 일체형IO실드 / LED라이트 / UEFI 닫기",https://img.danuri.io/catalog-image/543/118/097/390deb33ec564efbaf18f50429a150cf.jpg?shrink=130:130&_v=20260921080455,https://prod.danawa.com/info/?pcode=97118543&cate=112751
73,ASUS,ASUS TUF Gaming B850-BTF WIFI W STCOM,"401,420","AMD(소켓AM5) / AMD B850 / DDR5 / VGA 연결 : PCIe5.0 x16 / ATX (후면커넥터) / BTF / 전원부 : 14+2+1페이즈 / 페이즈당80A / Vcore출력합계 : 1120A / [메모리] 8000MHz (PC5-64000) / 4개 / 메모리 용량 : 최대 256GB / EXPO / [확장슬롯] PCIe버전 : PCIe5.0 / PCIex16 : 1개 / PCIex16(at x4) : 1개 / PCIex1 : 1개 / [저장장치] M.2 : 3개 / SATA3 : 4개 / M.2 연결 : PCIe5.0 , PCIe4.0 , PCIe / [후면단자] HDMI / DP / USB3.x 5Gbps / USB 2.0 / RJ-45 / USB A타입 : 9개 / USB C타입 : 1개 / [랜/오디오] 유선랜 칩셋 : Realtek / 2.5Gbps / RJ-45 : 1개 / 무선랜(Wi-Fi) / 블루투스 / 오디오 칩셋 : Realtek ALC1220P / 7.1채널(8ch) / [내부I/O] USB/팬 헤더 : 썬더볼트 헤더 , CPU추가팬(OPT) 헤더 , 펌프전용 헤더 / 시스템팬 4핀 : 4개 / I/O 헤더 : 디버그LED , 프론트오디오AAFP 헤더 , 침입감지 헤더 , COM포트 헤더 / [특징] DrMOS / 전원부 방열판 / M.2 히트싱크 / GC-HPWR슬롯 / 일체형IO실드 닫기",https://img.danuri.io/catalog-image/717/656/096/41665a66189649e6b9dacf14ca4997fe.jpg?shrink=130:130&_v=20260921092644,https://prod.danawa.com/info/?pcode=96656717&cate=112751
74,ASUS,ASUS ROG STRIX B650E-E GAMING WIFI STCOM,"476,500","AMD(소켓AM5) / AMD B650E / DDR5 / VGA 연결 : PCIe5.0 x16 / ATX (30.5x24.4cm) / 전원부 : 16+2페이즈 / 페이즈당70A / Vcore출력합계 : 1120A / [메모리] 6400MHz (PC5-51200) / 4개 / 메모리 용량 : 최대 128GB / EXPO / [확장슬롯] PCIe버전 : PCIe5.0 , PCIe4.0 / PCIex16 : 1개 / PCIex16(at x4) : 2개 / PCIex1 : 2개 / [저장장치] M.2 : 4개 / SATA3 : 4개 / M.2 연결 : PCIe5.0 , PCIe4.0 , NVMe / [후면단자] HDMI / DP / USB3.x 20Gbps / USB3.x 10Gbps / USB 2.0 / RJ-45 / S/PDIF / 오디오잭 / USB A타입 : 10개 / USB C타입 : 2개 / [랜/오디오] 유선랜 칩셋 : Intel 2.5Gb / 2.5Gbps / RJ-45 : 1개 / 무선랜(Wi-Fi) / 블루투스 / 오디오 칩셋 : SupremeFX ALC4080 / 7.1채널(8ch) / [내부I/O] USB/팬 헤더 : USB4 헤더 , USB3.0 헤더 , USB2.0 헤더 , USB3.1 Type C 헤더 , RGB 12V 4핀 헤더 , ARGB 5V 3핀 헤더 / 시스템팬 4핀 : 5개 / [특징] 전원부 방열판 / M.2 히트싱크 / LED라이트 / UEFI 닫기",https://img.danuri.io/catalog-image/582/044/018/fdecfa47e6784d2cb62cbe2ca078aab1.jpg?shrink=130:130&_v=20260921080455,https://prod.danawa.com/info/?pcode=18044582&cate=112751
75,ASUS,ASUS TUF Gaming A620-PRO WIFI STCOM,"270,270","AMD(소켓AM5) / AMD A620 / DDR5 / VGA 연결 : PCIe4.0 x16 / ATX (30.5x24.4cm) / 전원부 : 12+2페이즈 / [메모리] 6400MHz (PC5-51200) / 4개 / 메모리 용량 : 최대 192GB / EXPO / [확장슬롯] PCIe버전 : PCIe4.0 , PCIe3.0 / PCIex16 : 1개 / PCIex16(at x2) : 1개 / PCIex1 : 2개 / [저장장치] M.2 : 2개 / SATA3 : 4개 / M.2 연결 : PCIe4.0 / [후면단자] HDMI / DP / USB3.x 10Gbps / USB3.x 5Gbps / USB 2.0 / RJ-45 / 오디오잭 / BIOS플래시백 / USB A타입 : 5개 / USB C타입 : 1개 / [랜/오디오] 유선랜 칩셋 : Realtek / 2.5Gbps / RJ-45 : 1개 / 무선랜(Wi-Fi) / 블루투스 / 오디오 칩셋 : Realtek / 7.1채널(8ch) / [내부I/O] USB/팬 헤더 : USB3.0 Type C 헤더 , RGB 12V 4핀 헤더 , ARGB 5V 3핀 헤더 , CPU추가팬(OPT) 헤더 , 펌프전용 헤더 / 시스템팬 4핀 : 3개 / I/O 헤더 : 디버그LED , 프론트오디오AAFP 헤더 , S/PDIF OUT 헤더 / [특징] DrMOS / 전원부 방열판 / M.2 히트싱크 / UEFI 닫기",https://img.danuri.io/catalog-image/291/318/020/5f10952072134e55b1cb9f4ce309e985.jpg?shrink=130:130&_v=20260921085758,https://prod.danawa.com/info/?pcode=20318291&cate=112751
76,ASUS,ASUS TUF Gaming B850-BTF WIFI W 인텍앤컴퍼니,"390,730","AMD(소켓AM5) / AMD B850 / DDR5 / VGA 연결 : PCIe5.0 x16 / ATX (후면커넥터) / BTF / 전원부 : 14+2+1페이즈 / 페이즈당80A / Vcore출력합계 : 1120A / [메모리] 8000MHz (PC5-64000) / 4개 / 메모리 용량 : 최대 256GB / EXPO / [확장슬롯] PCIe버전 : PCIe5.0 / PCIex16 : 1개 / PCIex16(at x4) : 1개 / PCIex1 : 1개 / [저장장치] M.2 : 3개 / SATA3 : 4개 / M.2 연결 : PCIe5.0 , PCIe4.0 , PCIe / [후면단자] HDMI / DP / USB3.x 5Gbps / USB 2.0 / RJ-45 / USB A타입 : 9개 / USB C타입 : 1개 / [랜/오디오] 유선랜 칩셋 : Realtek / 2.5Gbps / RJ-45 : 1개 / 무선랜(Wi-Fi) / 블루투스 / 오디오 칩셋 : Realtek ALC1220P / 7.1채널(8ch) / [내부I/O] USB/팬 헤더 : 썬더볼트 헤더 , CPU추가팬(OPT) 헤더 , 펌프전용 헤더 / 시스템팬 4핀 : 4개 / I/O 헤더 : 디버그LED , 프론트오디오AAFP 헤더 , COM포트 헤더 / [특징] DrMOS / 전원부 방열판 / M.2 히트싱크 / GC-HPWR슬롯 / 일체형IO실드 닫기",https://img.danuri.io/catalog-image/840/678/092/6a8beaa676aa44129cb1321b19a12899.jpg?shrink=130:130&_v=20260921080444,https://prod.danawa.com/info/?pcode=92678840&cate=112751
77,ASUS,ASUS TUF Gaming X870E-PLUS WIFI7 인텍앤컴퍼니,"418,990","AMD(소켓AM5) / AMD X870E / DDR5 / VGA 연결 : PCIe5.0 x16 / ATX (30.5x24.4cm) / 전원부 : 16+2+1페이즈 / 페이즈당80A / Vcore출력합계 : 1280A / [메모리] 8000MHz (PC5-64000) / 4개 / 메모리 용량 : 최대 256GB / EXPO / [확장슬롯] PCIe버전 : PCIe5.0 , PCIe4.0 / PCIex16 : 1개 / PCIex16(at x4) : 1개 / PCIex1 : 1개 / [저장장치] M.2 : 4개 / SATA3 : 4개 / M.2 연결 : PCIe5.0 , PCIe4.0 , NVMe , PCIe 레인공유 / [후면단자] HDMI / Type-C / USB4 40Gbps / USB3.x 10Gbps / USB3.x 5Gbps / USB 2.0 / RJ-45 / 오디오잭 / BIOS플래시백 / USB A타입 : 11개 / USB C타입 : 2개 / [랜/오디오] 유선랜 칩셋 : Realtek / 2.5Gbps / RJ-45 : 1개 / 무선랜(Wi-Fi) / 블루투스 / 오디오 칩셋 : Realtek ALC1220P / 7.1채널(8ch) / [내부I/O] USB/팬 헤더 : USB3.0 헤더 , USB2.0 헤더 , USB3.2 Type C 헤더 , CPU추가팬(OPT) 헤더 , 펌프전용 헤더 / 시스템팬 4핀 : 4개 / I/O 헤더 : 프론트오디오AAFP 헤더 , 침입감지 헤더 , 온도 센서 / [특징] SPS(DrMOS) / 전원부 방열판 / M.2 히트싱크 / 일체형IO실드 / UEFI 닫기",https://img.danuri.io/catalog-image/034/183/103/d8928542114741a5a2a3c649ce9c6c9d.jpg?shrink=130:130&_v=20260921080404,https://prod.danawa.com/info/?pcode=103183034&cate=112751
78,ASUS,ASUS ROG STRIX X870E-E GAMING WIFI 대원씨티에스,"1,050,000","AMD(소켓AM5) / AMD X870E / DDR5 / VGA 연결 : PCIe5.0 x16 / ATX (30.5x24.4cm) / 전원부 : 18+2+2페이즈 / 페이즈당110A / Vcore출력합계 : 1980A / [메모리] 8400MHz (PC5-67200) / 4개 / 메모리 용량 : 최대 192GB / EXPO / [확장슬롯] PCIe버전 : PCIe5.0 , PCIe4.0 / PCIex16 : 1개 / PCIex16(at x4) : 1개 / [저장장치] M.2 : 5개 / SATA3 : 4개 / M.2 연결 : PCIe5.0 , PCIe4.0 , NVMe , PCIe 레인공유 / [후면단자] HDMI / Type-C / USB4 40Gbps / USB3.x 20Gbps / USB3.x 10Gbps / RJ-45 / S/PDIF / 오디오잭 / BIOS플래시백 / 클리어CMOS / USB A타입 : 9개 / USB C타입 : 4개 / [랜/오디오] 유선랜 칩셋 : Realtek / 5Gbps / RJ-45 : 1개 / 무선랜(Wi-Fi) / 블루투스 / 오디오 칩셋 : SupremeFX ALC4080 / 7.1채널(8ch) / [내부I/O] USB/팬 헤더 : USB3.0 헤더 , USB2.0 헤더 , USB3.2 Type C 헤더 , ARGB 5V 3핀 헤더 , CPU추가팬(OPT) 헤더 , 펌프전용 헤더 / 시스템팬 4핀 : 5+1개 / I/O 헤더 : 디버그LED , 프론트오디오AAFP 헤더 , 온도 센서 / [특징] SPS(DrMOS) / 전원부 방열판 / M.2 히트싱크 / 일체형IO실드 / LED라이트 / UEFI 닫기",https://img.danuri.io/catalog-image/766/852/067/c8033d0b16ba4a2f8d1aba22bc3b8b7d.jpg?shrink=130:130&_v=20260921080444,https://prod.danawa.com/info/?pcode=67852766&cate=112751
79,ASUS,ASUS TUF Gaming B850M-PLUS WIFI 인텍앤컴퍼니,"277,280","AMD(소켓AM5) / AMD B850 / DDR5 / VGA 연결 : PCIe5.0 x16 / M-ATX (24.4x24.4cm) / 전원부 : 14+2+1페이즈 / 페이즈당80A / Vcore출력합계 : 1120A / [메모리] 8000MHz (PC5-64000) / 4개 / 메모리 용량 : 최대 192GB / XMP / EXPO / [확장슬롯] PCIe버전 : PCIe5.0 , PCIe4.0 / PCIex16 : 1개 / PCIex16(at x8) : 1개 / PCIex1 : 1개 / [저장장치] M.2 : 3개 / SATA3 : 4개 / M.2 연결 : PCIe5.0 , PCIe4.0 , NVMe , PCIe 레인공유 / [후면단자] HDMI / DP / USB3.x 20Gbps / USB3.x 10Gbps / USB3.x 5Gbps / USB 2.0 / RJ-45 / 오디오잭 / BIOS플래시백 / USB A타입 : 11개 / USB C타입 : 1개 / [랜/오디오] 유선랜 칩셋 : Realtek / 2.5Gbps / RJ-45 : 1개 / 무선랜(Wi-Fi) / 블루투스 / 오디오 칩셋 : Realtek ALC1220P / 7.1채널(8ch) / [내부I/O] USB/팬 헤더 : USB3.0 헤더 , USB2.0 헤더 , USB3.1 Type C 헤더 , CPU추가팬(OPT) 헤더 , 펌프전용 헤더 / 시스템팬 4핀 : 3개 / I/O 헤더 : 프론트오디오AAFP 헤더 , 침입감지 헤더 , COM포트 헤더 / [특징] DrMOS / 전원부 방열판 / M.2 히트싱크 / 일체형IO실드 / LED라이트 / UEFI 닫기",https://img.danuri.io/catalog-image/250/491/074/4a542d2d724e40a2b014799e39037e77.jpg?shrink=130:130&_v=20260921140458,https://prod.danawa.com/info/?pcode=74491250&cate=112751
80,ASUS,ASUS ROG STRIX X870-F GAMING WIFI 대원씨티에스,"647,460","AMD(소켓AM5) / AMD X870 / DDR5 / VGA 연결 : PCIe5.0 x16 / ATX (30.5x24.4cm) / 전원부 : 16+2+2페이즈 / 페이즈당110A / Vcore출력합계 : 1760A / [메모리] 8000MHz (PC5-64000) / 4개 / 메모리 용량 : 최대 192GB / EXPO / [확장슬롯] PCIe버전 : PCIe5.0 , PCIe4.0 / PCIex16 : 1개 / PCIex16(at x4) : 1개 / [저장장치] M.2 : 4개 / SATA3 : 2개 / M.2 연결 : PCIe5.0 , PCIe4.0 , NVMe , PCIe 레인공유 / [후면단자] HDMI / DP / Type-C / USB4 40Gbps / USB3.x 10Gbps / USB3.x 5Gbps / RJ-45 / S/PDIF / 오디오잭 / BIOS플래시백 / 클리어CMOS / USB A타입 : 9개 / USB C타입 : 3개 / [랜/오디오] 유선랜 칩셋 : Intel / 2.5Gbps / RJ-45 : 1개 / 무선랜(Wi-Fi) / 블루투스 / 오디오 칩셋 : SupremeFX ALC4080 / 7.1채널(8ch) / [내부I/O] USB/팬 헤더 : USB3.0 헤더 , USB2.0 헤더 , USB3.2 Type C 헤더 , ARGB 5V 3핀 헤더 , CPU추가팬(OPT) 헤더 , 펌프전용 헤더 / 시스템팬 4핀 : 5개 / I/O 헤더 : 디버그LED , 프론트오디오AAFP 헤더 , 침입감지 헤더 , 온도 센서 / [특징] SPS(DrMOS) / 전원부 방열판 / M.2 히트싱크 / 일체형IO실드 / LED라이트 / UEFI 닫기",https://img.danuri.io/catalog-image/793/852/067/ba54f0bf0d4944188665be3e85181ee0.jpg?shrink=130:130&_v=20260921085814,https://prod.danawa.com/info/?pcode=67852793&cate=112751
81,ASUS,ASUS ROG CROSSHAIR X870E HERO 인텍앤컴퍼니,"919,190","AMD(소켓AM5) / AMD X870E / DDR5 / VGA 연결 : PCIe5.0 x16 / ATX (30.5x24.4cm) / 전원부 : 18+2+2페이즈 / 페이즈당110A / Vcore출력합계 : 1980A / [메모리] 8600MHz (PC5-68800) / 4개 / 메모리 용량 : 최대 192GB / EXPO / [확장슬롯] PCIe버전 : PCIe5.0 / PCIex16 : 2개 (동시사용시 at x8) / [저장장치] M.2 : 5개 / SATA3 : 4개 / M.2 연결 : PCIe5.0 , PCIe4.0 , NVMe , PCIe 레인공유 / [후면단자] HDMI / Type-C / USB4 40Gbps / USB3.x 10Gbps / RJ-45 / S/PDIF / 오디오잭 / BIOS플래시백 / 클리어CMOS / USB A타입 : 6개 / USB C타입 : 4개 / [랜/오디오] 유선랜 칩셋 : Realtek, Intel / 5Gbps, 2.5Gbps / RJ-45 : 2개 / 듀얼LAN / 무선랜(Wi-Fi) / 블루투스 / 오디오 칩셋 : Realtek ALC4082 / 7.1채널(8ch) / [내부I/O] USB/팬 헤더 : USB3.0 헤더 , USB2.0 헤더 , USB3.2 Type C 헤더 , ARGB 5V 3핀 헤더 , CPU추가팬(OPT) 헤더 , 펌프전용 헤더 / 시스템팬 4핀 : 4+1개 / I/O 헤더 : 디버그LED , 프론트오디오AAFP 헤더 , 온도 센서 / [특징] DrMOS / 전원부 방열판 / M.2 히트싱크 / 일체형IO실드 / LED라이트 / UEFI 닫기",https://img.danuri.io/catalog-image/956/460/077/a3152e83435b4c1780d4d2bbb4df57c4.jpg?shrink=130:130&_v=20260921080454,https://prod.danawa.com/info/?pcode=77460956&cate=112751
82,ASUS,ASUS TUF Gaming B850-PRO WIFI7 W NEO 인텍앤컴퍼니,"324,940","AMD(소켓AM5) / AMD B850 / DDR5 / VGA 연결 : PCIe5.0 x16 / ATX (30.5x24.4cm) / 전원부 : 14+2+1페이즈 / 80A / Vcore출력합계 : 1120 / [메모리] 9000MHz (PC5-72000) / 4개 / 메모리 용량 : 최대 256GB / XMP / EXPO / [확장슬롯] PCIe버전 : PCIe5.0 , PCIe4.0 / PCIex16 : 1개 / PCIex16(at x4) : 1개 / [저장장치] SATA3 : 4개 / M.2 : 3개 / M.2 연결 : PCIe5.0 , PCIe4.0 , NVMe / [후면단자] HDMI / DP / USB3.x 10Gbps / USB3.x 5Gbps / USB 2.0 / RJ-45 / 오디오잭 / BIOS플래시백 / USB A타입 : 8개 / USB C타입 : 2개 / [랜/오디오] 유선랜 칩셋 : Realtek / 2.5Gbps / RJ-45 : 1개 / 무선랜(Wi-Fi) / 블루투스 / 오디오 칩셋 : Realtek ALC1220P / 7.1채널(8ch) / [내부I/O] USB/팬 헤더 : 썬더볼트4 헤더 , USB3.0 헤더 , USB2.0 헤더 , USB3.1 Type C 헤더 , ARGB 5V 3핀 헤더 , CPU추가팬(OPT) 헤더 , 펌프전용 헤더 / 시스템팬 4핀 : 4개 / I/O 헤더 : 프론트오디오AAFP 헤더 , 침입감지 헤더 , COM포트 헤더 / [특징] DrMOS / 전원부 방열판 / M.2 히트싱크 / 일체형IO실드 / LED라이트 / UEFI 닫기",https://img.danuri.io/catalog-image/671/663/122/6e78b7d8b5d640eab560bc82f8d2190b.jpeg?shrink=130:130&_v=20260921080458,https://prod.danawa.com/info/?pcode=122663671&cate=112751
83,ASUS,ASUS TUF Gaming B850M-E WIFI STCOM,"253,000","AMD(소켓AM5) / AMD B850 / DDR5 / VGA 연결 : PCIe5.0 x16 / M-ATX (24.4x24.4cm) / 전원부 : 8+2+1페이즈 / 80A / Vcore출력합계 : 640 / [메모리] 8000MHz (PC5-64000) / 4개 / 메모리 용량 : 최대 256GB / EXPO / [확장슬롯] PCIe버전 : PCIe5.0 , PCIe4.0 / PCIex16 : 1개 / PCIex1 : 1개 / [저장장치] SATA3 : 4개 / M.2 : 3개 / M.2 연결 : PCIe5.0 , PCIe4.0 , NVMe / [후면단자] HDMI / DP / USB3.x 10Gbps / USB3.x 5Gbps / USB 2.0 / RJ-45 / 오디오잭 / PS/2 / BIOS플래시백 / USB A타입 : 7개 / USB C타입 : 1개 / [랜/오디오] 유선랜 칩셋 : Realtek / 2.5Gbps / RJ-45 : 1개 / 무선랜(Wi-Fi) / 블루투스 / 오디오 칩셋 : Realtek / 7.1채널(8ch) / [내부I/O] USB/팬 헤더 : USB3.0 헤더 , USB2.0 헤더 , USB3.0 Type C 헤더 , CPU추가팬(OPT) 헤더 , 펌프전용 헤더 / 시스템팬 4핀 : 2개 / I/O 헤더 : 프론트오디오AAFP 헤더 , 침입감지 헤더 , COM포트 헤더 / [특징] DrMOS / 전원부 방열판 / M.2 히트싱크 / 일체형IO실드 / UEFI 닫기",https://img.danuri.io/catalog-image/443/988/095/7ad9dbc37ea440b08908d02710c31aba.jpg?shrink=130:130&_v=20260921095701,https://prod.danawa.com/info/?pcode=95988443&cate=112751
84,ASUS,ASUS B850M MAX GAMING WIFI STCOM,"188,000","AMD(소켓AM5) / AMD B850 / DDR5 / VGA 연결 : PCIe5.0 x16 / M-ATX (24.4x24.4cm) / 전원부 : 8+2+1페이즈 / [메모리] 8000MHz (PC5-64000) / 4개 / 메모리 용량 : 최대 256GB / EXPO / [확장슬롯] PCIe버전 : PCIe5.0 , PCIe4.0 / PCIex16 : 1개 / PCIex16(at x1) : 3개 / [저장장치] M.2 : 3개 / SATA3 : 4개 / M.2 연결 : PCIe5.0 , PCIe4.0 , NVMe / [후면단자] HDMI / DP / USB3.x 10Gbps / USB3.x 5Gbps / USB 2.0 / RJ-45 / 오디오잭 / BIOS플래시백 / USB A타입 : 8개 / USB C타입 : 1개 / [랜/오디오] 유선랜 칩셋 : Realtek / 1Gbps / RJ-45 : 1개 / 무선랜(Wi-Fi) / 블루투스 / 오디오 칩셋 : Realtek / 7.1채널(8ch) / [내부I/O] USB/팬 헤더 : USB3.0 헤더 , USB2.0 헤더 , USB3.0 Type C 헤더 , CPU추가팬(OPT) 헤더 , 펌프전용 헤더 / 시스템팬 4핀 : 4개 / I/O 헤더 : TPM 헤더 , 프론트오디오AAFP 헤더 , 침입감지 헤더 , COM포트 헤더 , S/PDIF OUT 헤더 / [특징] 전원부 방열판 / 일체형IO실드 / UEFI 닫기",https://img.danuri.io/catalog-image/366/420/095/8bd9af57aef94004b10cebd8804ddca2.jpg?shrink=130:130&_v=20260921080457,https://prod.danawa.com/info/?pcode=95420366&cate=112751
85,ASUS,ASUS PRIME B850M-A-CSM 인텍앤컴퍼니,"194,060","AMD(소켓AM5) / AMD B850 / DDR5 / VGA 연결 : PCIe5.0 x16 / M-ATX (24.4x24.4cm) / 전원부 : 8+2+1페이즈 / [메모리] 8000MHz (PC5-64000) / 4개 / 메모리 용량 : 최대 192GB / XMP / EXPO / [확장슬롯] PCIe버전 : PCIe5.0 , PCIe4.0 / PCIex16 : 1개 / PCIex16(at x1) : 1개 / [저장장치] M.2 : 3개 / SATA3 : 4개 / M.2 연결 : PCIe5.0 , PCIe4.0 , NVMe , PCIe 레인공유 / [후면단자] HDMI / DP / USB3.x 10Gbps / USB3.x 5Gbps / USB 2.0 / RJ-45 / 오디오잭 / BIOS플래시백 / USB A타입 : 8개 / [랜/오디오] 유선랜 칩셋 : Realtek / 2.5Gbps / RJ-45 : 1개 / 오디오 칩셋 : Realtek / 7.1채널(8ch) / [내부I/O] USB/팬 헤더 : USB3.0 헤더 , USB2.0 헤더 , USB3.0 Type C 헤더 , ARGB 5V 3핀 헤더 , CPU추가팬(OPT) 헤더 , 펌프전용 헤더 / 시스템팬 4핀 : 3개 / I/O 헤더 : TPM 헤더 , 프론트오디오AAFP 헤더 , 침입감지 헤더 , COM포트 헤더 , S/PDIF OUT 헤더 / [특징] 전원부 방열판 / M.2 히트싱크 / 일체형IO실드 / UEFI 닫기",https://img.danuri.io/catalog-image/890/184/101/8975722713324a518915cb431d436415.jpg?shrink=130:130&_v=20260921080404,https://prod.danawa.com/info/?pcode=101184890&cate=112751
86,ASUS,ASUS ROG STRIX B850-E GAMING WIFI 대원씨티에스,"513,520","AMD(소켓AM5) / AMD B850 / DDR5 / VGA 연결 : PCIe5.0 x16 / ATX (30.5x24.4cm) / 전원부 : 16+2+2페이즈 / 페이즈당90A / Vcore출력합계 : 1440A / [메모리] 8000MHz (PC5-64000) / 4개 / 메모리 용량 : 최대 192GB / EXPO / [확장슬롯] PCIe버전 : PCIe5.0 , PCIe4.0 / PCIex16 : 1개 / PCIex16(at x4) : 1개 / [저장장치] M.2 : 5개 / SATA3 : 4개 / M.2 연결 : PCIe5.0 , PCIe4.0 , NVMe , PCIe 레인공유 / [후면단자] HDMI / DP / USB4 40Gbps / USB3.x 20Gbps / USB3.x 10Gbps / USB 2.0 / RJ-45 / S/PDIF / 오디오잭 / BIOS플래시백 / 클리어CMOS / USB A타입 : 10개 / USB C타입 : 2개 / [랜/오디오] 유선랜 칩셋 : Intel / 2.5Gbps / RJ-45 : 1개 / 무선랜(Wi-Fi) / 블루투스 / 오디오 칩셋 : SupremeFX ALC4080 / 7.1채널(8ch) / [내부I/O] USB/팬 헤더 : USB4 헤더 , USB3.0 헤더 , USB2.0 헤더 , USB3.1 Type C 헤더 , CPU추가팬(OPT) 헤더 , 펌프전용 헤더 / 시스템팬 4핀 : 5개 / I/O 헤더 : 디버그LED , 프론트오디오AAFP 헤더 , 온도 센서 / [특징] 전원부 방열판 / M.2 히트싱크 / 일체형IO실드 / UEFI 닫기",https://img.danuri.io/catalog-image/836/767/073/b66cf7fc28c44901a85b0531e9413d7e.jpg?shrink=130:130&_v=20260921080456,https://prod.danawa.com/info/?pcode=73767836&cate=112751
87,ASUS,ASUS PRIME B840M-A-CSM 대원씨티에스,"223,110","AMD(소켓AM5) / AMD B840 / DDR5 / VGA 연결 : PCIe4.0 x16 / M-ATX (24.4x24.4cm) / 전원부 : 8+2+1페이즈 / [메모리] 7600MHz (PC5-60800) / 4개 / 메모리 용량 : 최대 192GB / EXPO / [확장슬롯] PCIe버전 : PCIe4.0 , PCIe3.0 / PCIex16 : 1개 / PCIex16(at x1) : 2개 / [저장장치] M.2 : 3개 / SATA3 : 4개 / M.2 연결 : PCIe4.0 , PCIe , NVMe / [후면단자] HDMI / DP / USB3.x 10Gbps / USB3.x 5Gbps / USB 2.0 / RJ-45 / 오디오잭 / BIOS플래시백 / USB A타입 : 6개 / USB C타입 : 1개 / [랜/오디오] 유선랜 칩셋 : Realtek / 2.5Gbps / 오디오 칩셋 : Realtek / 7.1채널(8ch) / [내부I/O] USB/팬 헤더 : USB3.0 헤더 , USB2.0 헤더 , USB3.0 Type C 헤더 , CPU추가팬(OPT) 헤더 , 펌프전용 헤더 / 시스템팬 4핀 : 3개 / I/O 헤더 : TPM 헤더 , 프론트오디오AAFP 헤더 , COM포트 헤더 , S/PDIF OUT 헤더 / [특징] 전원부 방열판 / M.2 히트싱크 / 일체형IO실드 / UEFI 닫기",https://img.danuri.io/catalog-image/342/769/073/dd4fe5b264604a5b819a41b17857df93.jpg?shrink=130:130&_v=20260921102650,https://prod.danawa.com/info/?pcode=73769342&cate=112751
88,ASUS,ASUS ROG CROSSHAIR X870E HERO 대원씨티에스,"1,357,700","AMD(소켓AM5) / AMD X870E / DDR5 / VGA 연결 : PCIe5.0 x16 / ATX (30.5x24.4cm) / 전원부 : 18+2+2페이즈 / 페이즈당110A / Vcore출력합계 : 1980A / [메모리] 8600MHz (PC5-68800) / 4개 / 메모리 용량 : 최대 192GB / EXPO / [확장슬롯] PCIe버전 : PCIe5.0 / PCIex16 : 2개 (동시사용시 at x8) / [저장장치] M.2 : 5개 / SATA3 : 4개 / M.2 연결 : PCIe5.0 , PCIe4.0 , NVMe , PCIe 레인공유 / [후면단자] HDMI / Type-C / USB4 40Gbps / USB3.x 10Gbps / RJ-45 / S/PDIF / 오디오잭 / BIOS플래시백 / 클리어CMOS / USB A타입 : 6개 / USB C타입 : 4개 / [랜/오디오] 유선랜 칩셋 : Realtek, Intel / 5Gbps, 2.5Gbps / RJ-45 : 2개 / 듀얼LAN / 무선랜(Wi-Fi) / 블루투스 / 오디오 칩셋 : Realtek ALC4082 / 7.1채널(8ch) / [내부I/O] USB/팬 헤더 : USB3.0 헤더 , USB2.0 헤더 , USB3.2 Type C 헤더 , ARGB 5V 3핀 헤더 , CPU추가팬(OPT) 헤더 , 펌프전용 헤더 / 시스템팬 4핀 : 4+1개 / I/O 헤더 : 디버그LED , 프론트오디오AAFP 헤더 , 온도 센서 / [특징] DrMOS / 전원부 방열판 / M.2 히트싱크 / 일체형IO실드 / LED라이트 / UEFI 닫기",https://img.danuri.io/catalog-image/211/852/067/5a7eb9962a6e428c83d48542fe2c852d.jpg?shrink=130:130&_v=20260921080609,https://prod.danawa.com/info/?pcode=67852211&cate=112751
89,ASUS,ASUS ROG STRIX B850-G GAMING WIFI 대원씨티에스,"338,530","AMD(소켓AM5) / AMD B850 / DDR5 / VGA 연결 : PCIe5.0 x16 / M-ATX (24.4x24.4cm) / 전원부 : 14+2+1페이즈 / 페이즈당80A / Vcore출력합계 : 1120A / [메모리] 8000MHz (PC5-64000) / 4개 / 메모리 용량 : 최대 256GB / EXPO / [확장슬롯] PCIe버전 : PCIe5.0 / PCIex16 : 1개 / [저장장치] M.2 : 4개 / SATA3 : 2개 / M.2 연결 : PCIe5.0 , PCIe4.0 , NVMe / [후면단자] HDMI / DP / USB3.x 20Gbps / USB3.x 10Gbps / USB3.x 5Gbps / USB 2.0 / RJ-45 / S/PDIF / 오디오잭 / BIOS플래시백 / 클리어CMOS / USB A타입 : 8개 / USB C타입 : 2개 / [랜/오디오] 유선랜 칩셋 : Intel / 2.5Gbps / RJ-45 : 1개 / 무선랜(Wi-Fi) / 블루투스 / 오디오 칩셋 : Realtek ALC1220P / 7.1채널(8ch) / [내부I/O] USB/팬 헤더 : USB3.0 헤더 , USB2.0 헤더 , USB3.1 Type C 헤더 , CPU추가팬(OPT) 헤더 , 펌프전용 헤더 / 시스템팬 4핀 : 3개 / I/O 헤더 : 디버그LED , 프론트오디오AAFP 헤더 , 침입감지 헤더 , 온도 센서 / [특징] 전원부 방열판 / M.2 히트싱크 / 일체형IO실드 / UEFI 닫기",https://img.danuri.io/catalog-image/752/815/094/6798a86cb3284cc6bad2e5a58c3e78d5.jpg?shrink=130:130&_v=20260921080609,https://prod.danawa.com/info/?pcode=94815752&cate=112751
90,ASUS,ASUS ROG STRIX B850-F GAMING WIFI7 NEO STCOM,"425,250","AMD(소켓AM5) / AMD B850 / DDR5 / VGA 연결 : PCIe5.0 x16 / ATX (30.5x24.4cm) / 전원부 : 16+2+2페이즈 / 80A / Vcore출력합계 : 1280 / [메모리] 9000MHz (PC5-72000) / 4개 / 메모리 용량 : 최대 256GB / EXPO / [확장슬롯] PCIe버전 : PCIe5.0 , PCIe4.0 / PCIex16 : 1개 / PCIex16(at x4) : 1개 / [저장장치] SATA3 : 2개 / M.2 : 4개 / M.2 연결 : PCIe5.0 , PCIe4.0 , NVMe , PCIe 레인공유 / [후면단자] HDMI / USB3.x 20Gbps / USB3.x 10Gbps / USB 2.0 / RJ-45 / S/PDIF / 오디오잭 / BIOS플래시백 / 클리어CMOS / USB A타입 : 9개 / USB C타입 : 3개 / [랜/오디오] 유선랜 칩셋 : Realtek / 5Gbps / RJ-45 : 1개 / 무선랜(Wi-Fi) / 블루투스 / 오디오 칩셋 : SupremeFX ALC4080 / 7.1채널(8ch) / [내부I/O] USB/팬 헤더 : USB4 헤더 , USB3.0 헤더 , USB2.0 헤더 , USB3.1 Type C 헤더 , CPU추가팬(OPT) 헤더 , 펌프전용 헤더 / 시스템팬 4핀 : 4개 / I/O 헤더 : 디버그LED , 프론트오디오AAFP 헤더 , 온도 센서 / [특징] 전원부 방열판 / M.2 히트싱크 / 일체형IO실드 / UEFI 닫기",https://img.danuri.io/catalog-image/941/637/122/7069bfe130fb43d9be7836d6509fff02.jpeg?shrink=130:130&_v=20260921080458,https://prod.danawa.com/info/?pcode=122637941&cate=112751
91,ASUS,ASUS ROG STRIX X870-I GAMING WIFI 대원씨티에스,"742,480","AMD(소켓AM5) / AMD X870 / DDR5 / VGA 연결 : PCIe5.0 x16 / M-iTX (17.0x17.0cm) / 전원부 : 10+2+1페이즈 / 110A / Vcore출력합계 : 1100 / 메모리 8600MHz (PC5-68800) / 2개 / 메모리 용량 : 최대 128GB / EXPO / 확장슬롯 PCIe버전 : PCIe5.0 / PCIex16 : 1개 / 저장장치 SATA3 : 2개 / M.2 : 2개 / M.2 연결 : PCIe5.0 , PCIe4.0 , NVMe / 후면단자 HDMI / Type-C / USB4 40Gbps / USB3.x 10Gbps / USB3.x 5Gbps / RJ-45 / BIOS플래시백 / 클리어CMOS / USB A타입 : 7개 / USB C타입 : 3개 / 랜/오디오 유선랜 칩셋 : Intel / 2.5Gbps / RJ-45 : 1개 / 무선랜(Wi-Fi) / 블루투스 / 오디오 칩셋 : ESS SABRE9260Q / 내부I/O USB/팬 헤더 : USB3.0 헤더 , USB3.1 Type C 헤더 , ARGB 5V 3핀 헤더 , 펌프전용 헤더 / 시스템팬 4핀 : 1개 / I/O 헤더 : 온도 센서 / 특징 SPS(DrMOS) / 전원부 방열판 / M.2 히트싱크 / 일체형IO실드 / UEFI / 추가 구성품: ROG STRIX HIVE II (USB 타입A 10Gbps + 타입C 10Gbps, 헤드폰단자, 파워버튼, 볼륨노브 및 디버그LED) / ROG FPS 카드(SATA 6Gbps x2, USB 2.0 헤더 x2) 닫기",https://img.danuri.io/catalog-image/946/852/067/c16e1de524164cfeb3f95cab98681497.jpg?shrink=130:130&_v=20260921112633,https://prod.danawa.com/info/?pcode=67852946&cate=112751
92,ASUS,ASUS PRIME A620M-K 대원씨티에스,"117,300","AMD(소켓AM5) / AMD A620 / DDR5 / VGA 연결 : PCIe4.0 x16 / M-ATX (22.6x22.1cm) / [메모리] 6400MHz (PC5-51200) / 2개 / 메모리 용량 : 최대 96GB / EXPO / [확장슬롯] PCIe버전 : PCIe4.0 , PCIe3.0 / PCIex16 : 1개 / PCIex1 : 1개 / [저장장치] M.2 : 1개 / SATA3 : 4개 / M.2 연결 : PCIe4.0 , NVMe / [후면단자] HDMI / D-SUB / USB3.x 5Gbps / USB 2.0 / RJ-45 / 오디오잭 / PS/2 / USB A타입 : 6개 / [랜/오디오] 유선랜 칩셋 : Realtek / 1Gbps / RJ-45 : 1개 / 오디오 칩셋 : Realtek / 7.1채널(8ch) / [내부I/O] USB/팬 헤더 : USB3.0 헤더 , USB2.0 헤더 , RGB 12V 4핀 헤더 , ARGB 5V 3핀 헤더 / 시스템팬 4핀 : 1개 / I/O 헤더 : TPM 헤더 , 프론트오디오AAFP 헤더 , COM포트 헤더 , S/PDIF OUT 헤더 / [특징] UEFI 닫기",https://img.danuri.io/catalog-image/693/428/021/70bbd0ea111d42f99b9997e1b89539dd.jpg?shrink=130:130&_v=20260921080444,https://prod.danawa.com/info/?pcode=21428693&cate=112751
93,ASUS,ASUS PRIME X870-P-CSM STCOM,"346,000","AMD(소켓AM5) / AMD X870 / DDR5 / VGA 연결 : PCIe5.0 x16 / ATX (30.5x24.4cm) / 전원부 : 14+2+1페이즈 / 페이즈당80A / Vcore출력합계 : 1120A / [메모리] 8000MHz (PC5-64000) / 4개 / 메모리 용량 : 최대 192GB / EXPO / [확장슬롯] PCIe버전 : PCIe5.0 , PCIe4.0 / PCIex16 : 1개 / PCIex16(at x1) : 3개 / [저장장치] M.2 : 4개 / SATA3 : 2개 / M.2 연결 : PCIe5.0 , PCIe4.0 , PCIe , NVMe , PCIe 레인공유 / [후면단자] HDMI / Type-C / USB4 40Gbps / USB3.x 10Gbps / USB3.x 5Gbps / USB 2.0 / RJ-45 / 오디오잭 / BIOS플래시백 / USB A타입 : 8개 / USB C타입 : 2개 / [랜/오디오] 유선랜 칩셋 : Realtek / 2.5Gbps / 오디오 칩셋 : Realtek / 7.1채널(8ch) / [내부I/O] USB/팬 헤더 : USB3.0 헤더 , USB2.0 헤더 , USB3.1 Type C 헤더 , ARGB 5V 3핀 헤더 , CPU추가팬(OPT) 헤더 , 펌프전용 헤더 / 시스템팬 4핀 : 4개 / I/O 헤더 : TPM 헤더 , 디버그LED , 프론트오디오AAFP 헤더 , COM포트 헤더 , S/PDIF OUT 헤더 / [특징] DrMOS / 전원부 방열판 / M.2 히트싱크 / 일체형IO실드 / UEFI 닫기",https://img.danuri.io/catalog-image/952/693/067/fc33e8605f354c688be31a9ef0648b40.jpg?shrink=130:130&_v=20260921104643,https://prod.danawa.com/info/?pcode=67693952&cate=112751
94,ASUS,ASUS PRIME X870-P WIFI-CSM STCOM,"346,500","AMD(소켓AM5) / AMD X870 / DDR5 / VGA 연결 : PCIe5.0 x16 / ATX (30.5x24.4cm) / 전원부 : 14+2+1페이즈 / 페이즈당80A / Vcore출력합계 : 1120A / [메모리] 8000MHz (PC5-64000) / 4개 / 메모리 용량 : 최대 192GB / EXPO / [확장슬롯] PCIe버전 : PCIe5.0 , PCIe4.0 / PCIex16 : 1개 / PCIex16(at x1) : 3개 / [저장장치] M.2 : 4개 / SATA3 : 2개 / M.2 연결 : PCIe5.0 , PCIe4.0 , PCIe , NVMe , PCIe 레인공유 / [후면단자] HDMI / Type-C / USB4 40Gbps / USB3.x 10Gbps / USB3.x 5Gbps / USB 2.0 / RJ-45 / 오디오잭 / BIOS플래시백 / USB A타입 : 8개 / USB C타입 : 2개 / [랜/오디오] 유선랜 칩셋 : Realtek / 2.5Gbps / 무선랜(Wi-Fi) / 블루투스 / 오디오 칩셋 : Realtek / 7.1채널(8ch) / [내부I/O] USB/팬 헤더 : USB3.0 헤더 , USB2.0 헤더 , USB3.1 Type C 헤더 , ARGB 5V 3핀 헤더 , CPU추가팬(OPT) 헤더 , 펌프전용 헤더 / 시스템팬 4핀 : 4개 / I/O 헤더 : TPM 헤더 , 디버그LED , 프론트오디오AAFP 헤더 , COM포트 헤더 , S/PDIF OUT 헤더 / [특징] DrMOS / 전원부 방열판 / M.2 히트싱크 / 일체형IO실드 / UEFI 닫기",https://img.danuri.io/catalog-image/886/693/067/af9cb7f1f9644245afc63ac1fc32abad.jpg?shrink=130:130&_v=20260921080443,https://prod.danawa.com/info/?pcode=67693886&cate=112751
95,ASUS,ASUS PRIME B840M-A WIFI-CSM STCOM,"236,880","AMD(소켓AM5) / AMD B840 / DDR5 / VGA 연결 : PCIe4.0 x16 / M-ATX (24.4x24.4cm) / 전원부 : 8+2+1페이즈 / [메모리] 7600MHz (PC5-60800) / 4개 / 메모리 용량 : 최대 192GB / EXPO / [확장슬롯] PCIe버전 : PCIe4.0 , PCIe3.0 / PCIex16 : 1개 / PCIex16(at x1) : 2개 / [저장장치] M.2 : 3개 / SATA3 : 4개 / M.2 연결 : PCIe4.0 , PCIe , NVMe / [후면단자] HDMI / DP / USB3.x 10Gbps / USB3.x 5Gbps / USB 2.0 / RJ-45 / 오디오잭 / BIOS플래시백 / USB A타입 : 6개 / USB C타입 : 1개 / [랜/오디오] 유선랜 칩셋 : Realtek / 2.5Gbps / 무선랜(Wi-Fi) / 블루투스 / 오디오 칩셋 : Realtek / 7.1채널(8ch) / [내부I/O] USB/팬 헤더 : USB3.0 헤더 , USB2.0 헤더 , USB3.0 Type C 헤더 , CPU추가팬(OPT) 헤더 , 펌프전용 헤더 / 시스템팬 4핀 : 3개 / I/O 헤더 : TPM 헤더 , 프론트오디오AAFP 헤더 , COM포트 헤더 , S/PDIF OUT 헤더 / [특징] 전원부 방열판 / M.2 히트싱크 / 일체형IO실드 / UEFI 닫기",https://img.danuri.io/catalog-image/143/884/073/093062a7fa2e4bb9a39a8081a69e71c8.jpg?shrink=130:130&_v=20260919080510,https://prod.danawa.com/info/?pcode=73884143&cate=112751
96,ASUS,ASUS ROG STRIX B650E-F GAMING WIFI 대원씨티에스,"593,000","AMD(소켓AM5) / AMD B650E / DDR5 / VGA 연결 : PCIe5.0 x16 / ATX (30.5x24.4cm) / 전원부 : 12+2페이즈 / 페이즈당80A / Vcore출력합계 : 960A / [메모리] 6400MHz (PC5-51200) / 4개 / 메모리 용량 : 최대 128GB / EXPO / [확장슬롯] PCIe버전 : PCIe5.0 , PCIe4.0 , PCIe3.0 / PCIex16 : 1개 / PCIex16(at x4) : 1개 / PCIex1 : 2개 / [저장장치] M.2 : 3개 / SATA3 : 4개 / M.2 연결 : PCIe5.0 , PCIe4.0 , NVMe / [후면단자] HDMI / DP / USB3.x 20Gbps / USB3.x 10Gbps / USB3.x 5Gbps / USB 2.0 / RJ-45 / 오디오잭 / USB A타입 : 10개 / USB C타입 : 2개 / [랜/오디오] 유선랜 칩셋 : Intel I225-V / 2.5Gbps / RJ-45 : 1개 / 무선랜(Wi-Fi) / 블루투스 / 오디오 칩셋 : SupremeFX ALC4080 / 7.1채널(8ch) / [내부I/O] USB/팬 헤더 : USB3.0 헤더 , USB2.0 헤더 , USB3.1 Type C 헤더 , RGB 12V 4핀 헤더 , ARGB 5V 3핀 헤더 / 시스템팬 4핀 : 4개 / [특징] DrMOS / 전원부 방열판 / M.2 히트싱크 / LED라이트 / UEFI 닫기",https://img.danuri.io/catalog-image/715/265/018/78f63485d2c643399b6953ed729c479d.jpg?shrink=130:130&_v=20260921080444,https://prod.danawa.com/info/?pcode=18265715&cate=112751
97,ASUS,ASUS ROG STRIX B850-I GAMING WIFI 대원씨티에스,"460,740","AMD(소켓AM5) / AMD B850 / DDR5 / VGA 연결 : PCIe5.0 x16 / M-iTX (17.0x17.0cm) / 전원부 : 10+2+1페이즈 / 페이즈당70A / Vcore출력합계 : 700A / [메모리] 8200MHz (PC5-65600) / 2개 / 메모리 용량 : 최대 96GB / EXPO / [확장슬롯] PCIe버전 : PCIe5.0 / PCIex16 : 1개 / [저장장치] M.2 : 2개 / SATA3 : 2개 / M.2 연결 : PCIe5.0 , NVMe / [후면단자] HDMI / Type-C / USB3.x 20Gbps / USB3.x 10Gbps / USB 2.0 / RJ-45 / S/PDIF / 오디오잭 / BIOS플래시백 / 클리어CMOS / USB A타입 : 6개 / USB C타입 : 2개 / [랜/오디오] 유선랜 칩셋 : Intel / 2.5Gbps / RJ-45 : 1개 / 무선랜(Wi-Fi) / 블루투스 / 오디오 칩셋 : SupremeFX ALC4080 / 7.1채널(8ch) / [내부I/O] USB/팬 헤더 : USB4 헤더 , USB3.0 헤더 , USB2.0 헤더 , USB3.1 Type C 헤더 , 펌프전용 헤더 / 시스템팬 4핀 : 1개 / I/O 헤더 : 디버그LED , 프론트오디오AAFP 헤더 , 온도 센서 / [특징] 전원부 방열판 / M.2 히트싱크 / 일체형IO실드 / UEFI 닫기",https://img.danuri.io/catalog-image/364/768/073/92a4d147b70c4e05bf6d8d4f57bc1c4f.jpg?shrink=130:130&_v=20260921080443,https://prod.danawa.com/info/?pcode=73768364&cate=112751
98,ASUS,ASUS PRIME X870-P WIFI-CSM 대원씨티에스,"330,700","AMD(소켓AM5) / AMD X870 / DDR5 / VGA 연결 : PCIe5.0 x16 / ATX (30.5x24.4cm) / 전원부 : 14+2+1페이즈 / 페이즈당80A / Vcore출력합계 : 1120A / [메모리] 8000MHz (PC5-64000) / 4개 / 메모리 용량 : 최대 192GB / EXPO / [확장슬롯] PCIe버전 : PCIe5.0 , PCIe4.0 / PCIex16 : 1개 / PCIex16(at x1) : 3개 / [저장장치] M.2 : 4개 / SATA3 : 2개 / M.2 연결 : PCIe5.0 , PCIe4.0 , PCIe , NVMe , PCIe 레인공유 / [후면단자] HDMI / Type-C / USB4 40Gbps / USB3.x 10Gbps / USB3.x 5Gbps / USB 2.0 / RJ-45 / 오디오잭 / BIOS플래시백 / USB A타입 : 8개 / USB C타입 : 2개 / [랜/오디오] 유선랜 칩셋 : Realtek / 2.5Gbps / 무선랜(Wi-Fi) / 블루투스 / 오디오 칩셋 : Realtek / 7.1채널(8ch) / [내부I/O] USB/팬 헤더 : USB3.0 헤더 , USB2.0 헤더 , USB3.1 Type C 헤더 , ARGB 5V 3핀 헤더 , CPU추가팬(OPT) 헤더 , 펌프전용 헤더 / 시스템팬 4핀 : 4개 / I/O 헤더 : TPM 헤더 , 디버그LED , 프론트오디오AAFP 헤더 , COM포트 헤더 , S/PDIF OUT 헤더 / [특징] DrMOS / 전원부 방열판 / M.2 히트싱크 / 일체형IO실드 / UEFI 닫기",https://img.danuri.io/catalog-image/653/851/067/04a8d40563874b40947ab33fb943a2cd.jpg?shrink=130:130&_v=20260921040632,https://prod.danawa.com/info/?pcode=67851653&cate=112751
99,ASUS,ASUS ROG STRIX X670E-A GAMING WIFI STCOM,"670,900","AMD(소켓AM5) / AMD X670E / DDR5 / VGA 연결 : PCIe5.0 x16 / ATX (30.5x24.4cm) / 전원부 : 16+2페이즈 / [메모리] 6400MHz (PC5-51200) / 4개 / 메모리 용량 : 최대 128GB / EXPO / [확장슬롯] PCIe버전 : PCIe5.0 , PCIe4.0 , PCIe3.0 / PCIex16 : 1개 / PCIex16(at x4) : 1개 / PCIex16(at x1) : 1개 / [저장장치] M.2 : 4개 / SATA3 : 4개 / M.2 연결 : PCIe5.0 , PCIe4.0 , NVMe / [후면단자] HDMI / DP / USB3.x 20Gbps / USB3.x 10Gbps / USB3.x 5Gbps / USB 2.0 / RJ-45 / S/PDIF / 오디오잭 / USB A타입 : 10개 / USB C타입 : 2개 / [랜/오디오] 유선랜 칩셋 : Intel I225-V / 2.5Gbps / RJ-45 : 1개 / 무선랜(Wi-Fi) / 블루투스 / 오디오 칩셋 : SupremeFX ALC4080 / 7.1채널(8ch) / [내부I/O] USB/팬 헤더 : USB3.0 헤더 , USB2.0 헤더 , USB3.2 Type C 헤더 , RGB 12V 4핀 헤더 , ARGB 5V 3핀 헤더 / 시스템팬 4핀 : 5개 / [특징] M.2 히트싱크 / LED라이트 / UEFI 닫기",https://img.danuri.io/catalog-image/748/926/017/2e1a805210f149a4890b56655047daae.jpg?shrink=130:130&_v=20260921104643,https://prod.danawa.com/info/?pcode=17926748&cate=112751
100,ASUS,ASUS PRIME B840M-A-CSM STCOM,"219,020","AMD(소켓AM5) / AMD B840 / DDR5 / VGA 연결 : PCIe4.0 x16 / M-ATX (24.4x24.4cm) / 전원부 : 8+2+1페이즈 / [메모리] 7600MHz (PC5-60800) / 4개 / 메모리 용량 : 최대 192GB / EXPO / [확장슬롯] PCIe버전 : PCIe4.0 , PCIe3.0 / PCIex16 : 1개 / PCIex16(at x1) : 2개 / [저장장치] M.2 : 3개 / SATA3 : 4개 / M.2 연결 : PCIe4.0 , PCIe , NVMe / [후면단자] HDMI / DP / USB3.x 10Gbps / USB3.x 5Gbps / USB 2.0 / RJ-45 / 오디오잭 / BIOS플래시백 / USB A타입 : 6개 / USB C타입 : 1개 / [랜/오디오] 유선랜 칩셋 : Realtek / 2.5Gbps / 오디오 칩셋 : Realtek / 7.1채널(8ch) / [내부I/O] USB/팬 헤더 : USB3.0 헤더 , USB2.0 헤더 , USB3.0 Type C 헤더 , CPU추가팬(OPT) 헤더 , 펌프전용 헤더 / 시스템팬 4핀 : 3개 / I/O 헤더 : TPM 헤더 , 프론트오디오AAFP 헤더 , COM포트 헤더 , S/PDIF OUT 헤더 / [특징] 전원부 방열판 / M.2 히트싱크 / 일체형IO실드 / UEFI 닫기",https://img.danuri.io/catalog-image/173/884/073/c7a71695b51e44cb9a30aa3f965aeae6.jpg?shrink=130:130&_v=20260920080422,https://prod.danawa.com/info/?pcode=73884173&cate=112751
101,ASUS,ASUS PRIME B650EM-A 인텍앤컴퍼니,"144,000","AMD(소켓AM5) / AMD B650 / DDR5 / VGA 연결 : PCIe5.0 x16 / M-ATX (24.4x24.4cm) / 전원부 : 8+2+1페이즈 / [메모리] 8000MHz (PC5-64000) / 4개 / 메모리 용량 : 최대 256GB / EXPO / [확장슬롯] PCIe버전 : PCIe5.0 , PCIe4.0 / PCIex16 : 1개 / PCIex16(at x1) : 1개 / [저장장치] M.2 : 3개 / SATA3 : 4개 / M.2 연결 : PCIe5.0 , PCIe4.0 , NVMe / [후면단자] HDMI / DP / USB3.x 10Gbps / USB3.x 5Gbps / RJ-45 / 오디오잭 / BIOS플래시백 / USB A타입 : 8개 / [랜/오디오] 유선랜 칩셋 : Realtek / 2.5Gbps / RJ-45 : 1개 / 오디오 칩셋 : Realtek / 7.1채널(8ch) / [내부I/O] USB/팬 헤더 : USB3.0 헤더 , USB2.0 헤더 , USB3.0 Type C 헤더 , CPU추가팬(OPT) 헤더 , 펌프전용 헤더 / 시스템팬 4핀 : 3개 / I/O 헤더 : TPM 헤더 , 프론트오디오AAFP 헤더 , 침입감지 헤더 , COM포트 헤더 , S/PDIF OUT 헤더 / [특징] 전원부 방열판 / M.2 히트싱크 닫기",https://img.danuri.io/catalog-image/853/004/102/a06707f0473c473aaaad6c31c4c2248b.jpg?shrink=130:130&_v=20260921080458,https://prod.danawa.com/info/?pcode=102004853&cate=112751
102,ASUS,ASUS PRIME A620AM-K 대원씨티에스,"109,280","AMD(소켓AM5) / AMD A620A / DDR5 / VGA 연결 : PCIe4.0 x16 / M-ATX (22.6x22.1cm) / [메모리] 7600MHz (PC5-60800) / 2개 / 메모리 용량 : 최대 128GB / EXPO / [확장슬롯] PCIe버전 : PCIe4.0 , PCIe3.0 / PCIex16 : 1개 / PCIex1 : 1개 / [저장장치] M.2 : 1개 / SATA3 : 4개 / M.2 연결 : PCIe4.0 , NVMe / [후면단자] HDMI / DP / USB3.x 5Gbps / USB 2.0 / RJ-45 / 오디오잭 / PS/2 / USB A타입 : 6개 / [랜/오디오] 유선랜 칩셋 : Realtek / 1Gbps / RJ-45 : 1개 / 오디오 칩셋 : Realtek / 7.1채널(8ch) / [내부I/O] USB/팬 헤더 : USB3.0 헤더 , USB2.0 헤더 , ARGB 5V 3핀 헤더 / 시스템팬 4핀 : 2개 / I/O 헤더 : TPM 헤더 , 프론트오디오AAFP 헤더 , COM포트 헤더 , S/PDIF OUT 헤더 / [특징] UEFI 닫기",https://img.danuri.io/catalog-image/318/703/106/312aac48d2ad4fb39833228ebf670d76.jpg?shrink=130:130&_v=20260921080444,https://prod.danawa.com/info/?pcode=106703318&cate=112751
103,ASUS,ASUS ROG STRIX B650-A GAMING WIFI 대원씨티에스,"302,150","AMD(소켓AM5) / AMD B650 / DDR5 / VGA 연결 : PCIe4.0 x16 / ATX (30.5x24.4cm) / 전원부 : 12+2페이즈 / 페이즈당60A / Vcore출력합계 : 720A / [메모리] 6400MHz (PC5-51200) / 4개 / 메모리 용량 : 최대 128GB / EXPO / [확장슬롯] PCIe버전 : PCIe4.0 , PCIe3.0 / PCIex16 : 1개 / PCIex16(at x4) : 1개 / PCIex1 : 2개 / [저장장치] M.2 : 3개 / SATA3 : 4개 / M.2 연결 : PCIe5.0 , PCIe4.0 , NVMe / [후면단자] HDMI / DP / USB3.x 20Gbps / USB3.x 10Gbps / USB 2.0 / RJ-45 / 오디오잭 / USB A타입 : 7개 / USB C타입 : 2개 / [랜/오디오] 유선랜 칩셋 : Intel 2.5Gb / 2.5Gbps / RJ-45 : 1개 / 무선랜(Wi-Fi) / 블루투스 / 오디오 칩셋 : SupremeFX ALC4080 / 7.1채널(8ch) / [내부I/O] USB/팬 헤더 : USB3.0 헤더 , USB2.0 헤더 , USB3.1 Type C 헤더 , RGB 12V 4핀 헤더 , ARGB 5V 3핀 헤더 / 시스템팬 4핀 : 4개 / [특징] DrMOS / 전원부 방열판 / M.2 히트싱크 / LED라이트 / UEFI 닫기",https://img.danuri.io/catalog-image/842/021/018/e4420340900f4ecfb2e6aa13b4bc5836.jpg?shrink=130:130&_v=20260921080444,https://prod.danawa.com/info/?pcode=18021842&cate=112751
104,ASUS,ASUS PRIME B850M-A-CSM 대원씨티에스,"191,040","AMD(소켓AM5) / AMD B850 / DDR5 / VGA 연결 : PCIe5.0 x16 / M-ATX (24.4x24.4cm) / 전원부 : 8+2+1페이즈 / [메모리] 8000MHz (PC5-64000) / 4개 / 메모리 용량 : 최대 192GB / XMP / EXPO / [확장슬롯] PCIe버전 : PCIe5.0 , PCIe4.0 / PCIex16 : 1개 / PCIex16(at x1) : 1개 / [저장장치] M.2 : 3개 / SATA3 : 4개 / M.2 연결 : PCIe5.0 , PCIe4.0 , NVMe , PCIe 레인공유 / [후면단자] HDMI / DP / USB3.x 10Gbps / USB3.x 5Gbps / USB 2.0 / RJ-45 / 오디오잭 / BIOS플래시백 / USB A타입 : 8개 / [랜/오디오] 유선랜 칩셋 : Realtek / 2.5Gbps / RJ-45 : 1개 / 오디오 칩셋 : Realtek / 7.1채널(8ch) / [내부I/O] USB/팬 헤더 : USB3.0 헤더 , USB2.0 헤더 , USB3.0 Type C 헤더 , ARGB 5V 3핀 헤더 , CPU추가팬(OPT) 헤더 , 펌프전용 헤더 / 시스템팬 4핀 : 3개 / I/O 헤더 : TPM 헤더 , 프론트오디오AAFP 헤더 , 침입감지 헤더 , COM포트 헤더 , S/PDIF OUT 헤더 / [특징] 전원부 방열판 / M.2 히트싱크 / UEFI 닫기",https://img.danuri.io/catalog-image/751/022/093/8db434ebe532490c9cec639bf7c77942.jpg?shrink=130:130&_v=20260921110328,https://prod.danawa.com/info/?pcode=93022751&cate=112751
105,ASUS,ASUS TUF Gaming B850M-PLUS WIFI STCOM,"251,000","AMD(소켓AM5) / AMD B850 / DDR5 / VGA 연결 : PCIe5.0 x16 / M-ATX (24.4x24.4cm) / 전원부 : 14+2+1페이즈 / 페이즈당80A / Vcore출력합계 : 1120A / [메모리] 8000MHz (PC5-64000) / 4개 / 메모리 용량 : 최대 256GB / XMP / EXPO / [확장슬롯] PCIe버전 : PCIe5.0 , PCIe4.0 / PCIex16 : 1개 / PCIex16(at x8) : 1개 / PCIex1 : 1개 / [저장장치] M.2 : 3개 / SATA3 : 4개 / M.2 연결 : PCIe5.0 , PCIe4.0 , NVMe , PCIe 레인공유 / [후면단자] HDMI / DP / USB3.x 20Gbps / USB3.x 10Gbps / USB3.x 5Gbps / USB 2.0 / RJ-45 / 오디오잭 / BIOS플래시백 / USB A타입 : 11개 / USB C타입 : 1개 / [랜/오디오] 유선랜 칩셋 : Realtek / 2.5Gbps / RJ-45 : 1개 / 무선랜(Wi-Fi) / 블루투스 / 오디오 칩셋 : Realtek ALC1220P / 7.1채널(8ch) / [내부I/O] USB/팬 헤더 : USB3.0 헤더 , USB2.0 헤더 , USB3.1 Type C 헤더 , CPU추가팬(OPT) 헤더 , 펌프전용 헤더 / 시스템팬 4핀 : 3개 / I/O 헤더 : 프론트오디오AAFP 헤더 , 침입감지 헤더 , COM포트 헤더 / [특징] DrMOS / 전원부 방열판 / M.2 히트싱크 / 일체형IO실드 / LED라이트 / UEFI 닫기",https://img.danuri.io/catalog-image/041/884/073/0ca04ad239394f22953461330872e606.jpg?shrink=130:130&_v=20260921080458,https://prod.danawa.com/info/?pcode=73884041&cate=112751
106,ASUS,ASUS PRIME B650EM-A STCOM,"147,000","AMD(소켓AM5) / AMD B650 / DDR5 / VGA 연결 : PCIe5.0 x16 / M-ATX (24.4x24.4cm) / 전원부 : 8+2+1페이즈 / [메모리] 8000MHz (PC5-64000) / 4개 / 메모리 용량 : 최대 256GB / EXPO / [확장슬롯] PCIe버전 : PCIe5.0 , PCIe4.0 / PCIex16 : 1개 / PCIex16(at x1) : 1개 / [저장장치] M.2 : 3개 / SATA3 : 4개 / M.2 연결 : PCIe5.0 , PCIe4.0 , NVMe / [후면단자] HDMI / DP / USB3.x 10Gbps / USB3.x 5Gbps / RJ-45 / 오디오잭 / BIOS플래시백 / USB A타입 : 8개 / [랜/오디오] 유선랜 칩셋 : Realtek / 2.5Gbps / RJ-45 : 1개 / 오디오 칩셋 : Realtek / 7.1채널(8ch) / [내부I/O] USB/팬 헤더 : USB3.0 헤더 , USB2.0 헤더 , USB3.0 Type C 헤더 , CPU추가팬(OPT) 헤더 , 펌프전용 헤더 / 시스템팬 4핀 : 3개 / I/O 헤더 : TPM 헤더 , 프론트오디오AAFP 헤더 , 침입감지 헤더 , COM포트 헤더 , S/PDIF OUT 헤더 / [특징] 전원부 방열판 / M.2 히트싱크 닫기",https://img.danuri.io/catalog-image/895/712/096/f4c87a761592482ea6bcb8e2d8c54f47.jpg?shrink=130:130&_v=20260921080609,https://prod.danawa.com/info/?pcode=96712895&cate=112751
107,ASUS,ASUS TUF Gaming A620M-PLUS 대원씨티에스,"154,990","AMD(소켓AM5) / AMD A620 / DDR5 / VGA 연결 : PCIe4.0 x16 / M-ATX (24.4x24.4cm) / [메모리] 6400MHz (PC5-51200) / 4개 / 메모리 용량 : 최대 128GB / EXPO / PCIe버전 : PCIe4.0 , PCIe3.0 / PCIex16 : 1개 / PCIex1 : 2개 / [저장장치] M.2 : 2개 / SATA3 : 4개 / M.2 연결 : PCIe4.0 , NVMe / [후면단자] HDMI / DP / USB3.x 5Gbps / USB 2.0 / RJ-45 / 오디오잭 / PS/2 / USB A타입 : 6개 / [랜/오디오] 유선랜 칩셋 : Realtek / 2.5Gbps / RJ-45 : 1개 / 오디오 칩셋 : Realtek / 7.1채널(8ch) / [내부I/O] USB/팬 헤더 : USB3.0 헤더 , USB2.0 헤더 , USB3.0 Type C 헤더 , RGB 12V 4핀 헤더 , ARGB 5V 3핀 헤더 / 시스템팬 4핀 : 2개 / I/O 헤더 : 프론트오디오AAFP 헤더 , S/PDIF OUT 헤더 / [특징] 전원부 방열판 / UEFI 닫기",https://img.danuri.io/catalog-image/731/926/019/0ba812b30a394d00858f8b0f6c20247a.jpg?shrink=130:130&_v=20260921080444,https://prod.danawa.com/info/?pcode=19926731&cate=112751
108,ASUS,ASUS PRIME B840M-A WIFI-CSM 대원씨티에스,"234,980","AMD(소켓AM5) / AMD B840 / DDR5 / VGA 연결 : PCIe4.0 x16 / M-ATX (24.4x24.4cm) / 전원부 : 8+2+1페이즈 / [메모리] 7600MHz (PC5-60800) / 4개 / 메모리 용량 : 최대 192GB / EXPO / [확장슬롯] PCIe버전 : PCIe4.0 , PCIe3.0 / PCIex16 : 1개 / PCIex16(at x1) : 2개 / [저장장치] M.2 : 3개 / SATA3 : 4개 / M.2 연결 : PCIe4.0 , PCIe , NVMe / [후면단자] HDMI / DP / USB3.x 10Gbps / USB3.x 5Gbps / USB 2.0 / RJ-45 / 오디오잭 / BIOS플래시백 / USB A타입 : 6개 / USB C타입 : 1개 / [랜/오디오] 유선랜 칩셋 : Realtek / 2.5Gbps / 무선랜(Wi-Fi) / 블루투스 / 오디오 칩셋 : Realtek / 7.1채널(8ch) / [내부I/O] USB/팬 헤더 : USB3.0 헤더 , USB2.0 헤더 , USB3.0 Type C 헤더 , CPU추가팬(OPT) 헤더 , 펌프전용 헤더 / 시스템팬 4핀 : 3개 / I/O 헤더 : TPM 헤더 , 프론트오디오AAFP 헤더 , COM포트 헤더 , S/PDIF OUT 헤더 / [특징] 전원부 방열판 / M.2 히트싱크 / 일체형IO실드 / UEFI 닫기",https://img.danuri.io/catalog-image/318/769/073/c16249e6eb19412da39e3f63e93324a1.jpg?shrink=130:130&_v=20260921072635,https://prod.danawa.com/info/?pcode=73769318&cate=112751
109,ASUS,ASUS ROG STRIX B850-A GAMING WIFI7 NEO 인텍앤컴퍼니,"392,630","AMD(소켓AM5) / AMD B850 / DDR5 / VGA 연결 : PCIe5.0 x16 / ATX (30.5x24.4cm) / 전원부 : 14+2+2페이즈 / 80A / Vcore출력합계 : 1120 / [메모리] 8000MHz (PC5-64000) / 4개 / 메모리 용량 : 최대 256GB / XMP / EXPO / [확장슬롯] PCIe버전 : PCIe5.0 , PCIe4.0 / PCIex16 : 1개 / PCIex16(at x4) : 1개 / [저장장치] SATA3 : 2개 / M.2 : 4개 / M.2 연결 : PCIe5.0 , PCIe4.0 , NVMe , PCIe 레인공유 / [후면단자] HDMI / USB3.x 10Gbps / USB3.x 5Gbps / USB 2.0 / RJ-45 / S/PDIF / 오디오잭 / BIOS플래시백 / 클리어CMOS / USB A타입 : 8개 / USB C타입 : 2개 / [랜/오디오] 유선랜 칩셋 : Realtek / 5Gbps / RJ-45 : 1개 / 무선랜(Wi-Fi) / 블루투스 / 오디오 칩셋 : SupremeFX ALC4080 / 7.1채널(8ch) / [내부I/O] USB/팬 헤더 : USB4 헤더 , USB3.0 헤더 , USB2.0 헤더 , USB3.1 Type C 헤더 , CPU추가팬(OPT) 헤더 , 펌프전용 헤더 / 시스템팬 4핀 : 4개 / I/O 헤더 : 프론트오디오AAFP 헤더 / [특징] 전원부 방열판 / M.2 히트싱크 / 일체형IO실드 / UEFI 닫기",https://img.danuri.io/catalog-image/567/663/122/f7fbe279b98a4297b63ad76d466b12a7.jpeg?shrink=130:130&_v=20260921080622,https://prod.danawa.com/info/?pcode=122663567&cate=112751
110,ASUS,ASUS TUF Gaming B850M-PLUS STCOM,"254,000","AMD(소켓AM5) / AMD B850 / DDR5 / VGA 연결 : PCIe5.0 x16 / M-ATX (24.4x24.4cm) / 전원부 : 14+2+1페이즈 / 페이즈당80A / Vcore출력합계 : 1120A / [메모리] 8000MHz (PC5-64000) / 4개 / 메모리 용량 : 최대 256GB / XMP / EXPO / [확장슬롯] PCIe버전 : PCIe5.0 , PCIe4.0 / PCIex16 : 1개 / PCIex16(at x8) : 1개 / PCIex1 : 1개 / [저장장치] M.2 : 3개 / SATA3 : 4개 / M.2 연결 : PCIe5.0 , PCIe4.0 , NVMe , PCIe 레인공유 / [후면단자] HDMI / DP / USB3.x 20Gbps / USB3.x 10Gbps / USB3.x 5Gbps / USB 2.0 / RJ-45 / 오디오잭 / BIOS플래시백 / USB A타입 : 11개 / USB C타입 : 1개 / [랜/오디오] 유선랜 칩셋 : Realtek / 2.5Gbps / RJ-45 : 1개 / 오디오 칩셋 : Realtek ALC1220P / 7.1채널(8ch) / [내부I/O] USB/팬 헤더 : USB3.0 헤더 , USB2.0 헤더 , USB3.1 Type C 헤더 , CPU추가팬(OPT) 헤더 , 펌프전용 헤더 / 시스템팬 4핀 : 3개 / I/O 헤더 : 프론트오디오AAFP 헤더 , 침입감지 헤더 , COM포트 헤더 / [특징] DrMOS / 전원부 방열판 / M.2 히트싱크 / 일체형IO실드 / LED라이트 / UEFI 닫기",https://img.danuri.io/catalog-image/029/884/073/d87c81165bb14a33829b19287bd5eb72.jpg?shrink=130:130&_v=20260921080442,https://prod.danawa.com/info/?pcode=73884029&cate=112751
111,ASUS,ASUS ROG STRIX X870E-E GAMING WIFI STCOM,"835,000","AMD(소켓AM5) / AMD X870E / DDR5 / VGA 연결 : PCIe5.0 x16 / ATX (30.5x24.4cm) / 전원부 : 18+2+2페이즈 / 페이즈당110A / Vcore출력합계 : 1980A / [메모리] 8400MHz (PC5-67200) / 4개 / 메모리 용량 : 최대 192GB / EXPO / [확장슬롯] PCIe버전 : PCIe5.0 , PCIe4.0 / PCIex16 : 1개 / PCIex16(at x4) : 1개 / [저장장치] M.2 : 5개 / SATA3 : 4개 / M.2 연결 : PCIe5.0 , PCIe4.0 , NVMe , PCIe 레인공유 / [후면단자] HDMI / Type-C / USB4 40Gbps / USB3.x 20Gbps / USB3.x 10Gbps / RJ-45 / S/PDIF / 오디오잭 / BIOS플래시백 / 클리어CMOS / USB A타입 : 9개 / USB C타입 : 4개 / [랜/오디오] 유선랜 칩셋 : Realtek / 5Gbps / RJ-45 : 1개 / 무선랜(Wi-Fi) / 블루투스 / 오디오 칩셋 : SupremeFX ALC4080 / 7.1채널(8ch) / [내부I/O] USB/팬 헤더 : USB3.0 헤더 , USB2.0 헤더 , USB3.2 Type C 헤더 , ARGB 5V 3핀 헤더 , CPU추가팬(OPT) 헤더 , 펌프전용 헤더 / 시스템팬 4핀 : 5+1개 / I/O 헤더 : 디버그LED , 프론트오디오AAFP 헤더 , 온도 센서 / [특징] SPS(DrMOS) / 전원부 방열판 / M.2 히트싱크 / 일체형IO실드 / LED라이트 / UEFI 닫기",https://img.danuri.io/catalog-image/921/694/067/a7ae96d95ad84078bc7e26bdc4e18ef2.jpg?shrink=130:130&_v=20260921080444,https://prod.danawa.com/info/?pcode=67694921&cate=112751
112,ASUS,ASUS PRIME A620AM-A STCOM,"124,850","AMD(소켓AM5) / AMD A620A / DDR5 / VGA 연결 : PCIe4.0 x16 / M-ATX (24.4x24.4cm) / [메모리] 7600MHz (PC5-60800) / 4개 / 메모리 용량 : 최대 256GB / EXPO / [확장슬롯] PCIe버전 : PCIe4.0 , PCIe3.0 / PCIex16 : 1개 / PCIex1 : 1개 / [저장장치] M.2 : 2개 / SATA3 : 4개 / M.2 연결 : PCIe4.0 , NVMe / [후면단자] HDMI / DP / D-SUB / USB3.x 10Gbps / USB 2.0 / RJ-45 / 오디오잭 / PS/2 / USB A타입 : 6개 / [랜/오디오] 유선랜 칩셋 : Realtek / 1Gbps / RJ-45 : 1개 / 오디오 칩셋 : Realtek / 7.1채널(8ch) / USB/팬 헤더 : USB3.0 헤더 , USB2.0 헤더 , USB3.0 Type C 헤더 , ARGB 5V 3핀 헤더 / 시스템팬 4핀 : 2개 / I/O 헤더 : TPM 헤더 , 프론트오디오AAFP 헤더 , COM포트 헤더 , S/PDIF OUT 헤더 / [특징] 전원부 방열판 / UEFI 닫기",https://img.danuri.io/catalog-image/559/989/104/a28dac4a74724ca1930a9e8b794292c8.jpg?shrink=130:130&_v=20260921074604,https://prod.danawa.com/info/?pcode=104989559&cate=112751
113,ASUS,ASUS PRIME X870-P-CSM 대원씨티에스,"319,540","AMD(소켓AM5) / AMD X870 / DDR5 / VGA 연결 : PCIe5.0 x16 / ATX (30.5x24.4cm) / 전원부 : 14+2+1페이즈 / 페이즈당80A / Vcore출력합계 : 1120A / [메모리] 8000MHz (PC5-64000) / 4개 / 메모리 용량 : 최대 192GB / EXPO / [확장슬롯] PCIe버전 : PCIe5.0 , PCIe4.0 / PCIex16 : 1개 / PCIex16(at x1) : 3개 / [저장장치] M.2 : 4개 / SATA3 : 2개 / M.2 연결 : PCIe5.0 , PCIe4.0 , PCIe , NVMe , PCIe 레인공유 / [후면단자] HDMI / Type-C / USB4 40Gbps / USB3.x 10Gbps / USB3.x 5Gbps / USB 2.0 / RJ-45 / 오디오잭 / BIOS플래시백 / USB A타입 : 8개 / USB C타입 : 2개 / [랜/오디오] 유선랜 칩셋 : Realtek / 2.5Gbps / RJ-45 : 1개 / 오디오 칩셋 : Realtek / 7.1채널(8ch) / [내부I/O] USB/팬 헤더 : USB3.0 헤더 , USB2.0 헤더 , USB3.1 Type C 헤더 , ARGB 5V 3핀 헤더 , CPU추가팬(OPT) 헤더 , 펌프전용 헤더 / 시스템팬 4핀 : 4개 / I/O 헤더 : TPM 헤더 , 디버그LED , 프론트오디오AAFP 헤더 , COM포트 헤더 , S/PDIF OUT 헤더 / [특징] DrMOS / 전원부 방열판 / M.2 히트싱크 / 일체형IO실드 / UEFI 닫기",https://img.danuri.io/catalog-image/971/851/067/363d3ac2a7004e7885455f9156b7a551.jpg?shrink=130:130&_v=20260921080444,https://prod.danawa.com/info/?pcode=67851971&cate=112751
114,ASUS,ASUS TUF Gaming B650-PLUS WIFI STCOM,"376,650","AMD(소켓AM5) / AMD B650 / DDR5 / VGA 연결 : PCIe4.0 x16 / ATX (30.5x24.4cm) / 전원부 : 12+2페이즈 / 페이즈당60A / Vcore출력합계 : 720A / [메모리] 6400MHz (PC5-51200) / 4개 / 메모리 용량 : 최대 128GB / EXPO / [확장슬롯] PCIe버전 : PCIe4.0 , PCIe3.0 / PCIex16 : 1개 / PCIex16(at x4) : 1개 / PCIex1 : 2개 / [저장장치] M.2 : 3개 / SATA3 : 4개 / M.2 연결 : PCIe5.0 , PCIe4.0 , NVMe / [후면단자] HDMI / DP / USB3.x 20Gbps / USB3.x 10Gbps / USB 2.0 / RJ-45 / 오디오잭 / USB A타입 : 6개 / USB C타입 : 2개 / [랜/오디오] 유선랜 칩셋 : Realtek / 2.5Gbps / RJ-45 : 1개 / 무선랜(Wi-Fi) / 블루투스 / 오디오 칩셋 : Realtek / 7.1채널(8ch) / [내부I/O] USB/팬 헤더 : USB4 헤더 , USB3.0 헤더 , USB2.0 헤더 , USB3.0 Type C 헤더 , RGB 12V 4핀 헤더 , ARGB 5V 3핀 헤더 / 시스템팬 4핀 : 4개 / [특징] DrMOS / 전원부 방열판 / M.2 히트싱크 / UEFI 닫기",https://img.danuri.io/catalog-image/558/044/018/4ba86ed512354dfc9ddcaec96c3944e7.jpg?shrink=130:130&_v=20260921080444,https://prod.danawa.com/info/?pcode=18044558&cate=112751
115,ASUS,ASUS ROG STRIX X870-F GAMING WIFI STCOM,"668,000","AMD(소켓AM5) / AMD X870 / DDR5 / VGA 연결 : PCIe5.0 x16 / ATX (30.5x24.4cm) / 전원부 : 16+2+2페이즈 / 페이즈당110A / Vcore출력합계 : 1760A / [메모리] 8000MHz (PC5-64000) / 4개 / 메모리 용량 : 최대 192GB / EXPO / [확장슬롯] PCIe버전 : PCIe5.0 , PCIe4.0 / PCIex16 : 1개 / PCIex16(at x4) : 1개 / [저장장치] M.2 : 4개 / SATA3 : 2개 / M.2 연결 : PCIe5.0 , PCIe4.0 , NVMe , PCIe 레인공유 / [후면단자] HDMI / DP / Type-C / USB4 40Gbps / USB3.x 10Gbps / USB3.x 5Gbps / RJ-45 / S/PDIF / 오디오잭 / BIOS플래시백 / 클리어CMOS / USB A타입 : 9개 / USB C타입 : 3개 / [랜/오디오] 유선랜 칩셋 : Intel / 2.5Gbps / RJ-45 : 1개 / 무선랜(Wi-Fi) / 블루투스 / 오디오 칩셋 : SupremeFX ALC4080 / 7.1채널(8ch) / [내부I/O] USB/팬 헤더 : USB3.0 헤더 , USB2.0 헤더 , USB3.2 Type C 헤더 , ARGB 5V 3핀 헤더 , CPU추가팬(OPT) 헤더 , 펌프전용 헤더 / 시스템팬 4핀 : 5개 / I/O 헤더 : 디버그LED , 프론트오디오AAFP 헤더 , 침입감지 헤더 , 온도 센서 / [특징] SPS(DrMOS) / 전원부 방열판 / M.2 히트싱크 / 일체형IO실드 / LED라이트 / UEFI 닫기",https://img.danuri.io/catalog-image/545/695/067/ef23239753334595a59fa7de8700c524.jpg?shrink=130:130&_v=20260921080454,https://prod.danawa.com/info/?pcode=67695545&cate=112751
116,ASUS,ASUS ROG STRIX B850-F GAMING WIFI 인텍앤컴퍼니,"394,000","AMD(소켓AM5) / AMD B850 / DDR5 / VGA 연결 : PCIe5.0 x16 / ATX (30.5x24.4cm) / 전원부 : 16+2+2페이즈 / 페이즈당80A / Vcore출력합계 : 1280A / [메모리] 8000MHz (PC5-64000) / 4개 / 메모리 용량 : 최대 192GB / EXPO / [확장슬롯] PCIe버전 : PCIe5.0 , PCIe4.0 / PCIex16 : 1개 / PCIex16(at x4) : 1개 / [저장장치] M.2 : 4개 / SATA3 : 2개 / M.2 연결 : PCIe5.0 , PCIe4.0 , NVMe , PCIe 레인공유 / [후면단자] HDMI / DP / USB3.x 20Gbps / USB3.x 10Gbps / USB 2.0 / RJ-45 / S/PDIF / 오디오잭 / BIOS플래시백 / 클리어CMOS / USB A타입 : 10개 / USB C타입 : 2개 / [랜/오디오] 유선랜 칩셋 : Intel / 2.5Gbps / RJ-45 : 1개 / 무선랜(Wi-Fi) / 블루투스 / 오디오 칩셋 : SupremeFX ALC4080 / 7.1채널(8ch) / [내부I/O] USB/팬 헤더 : USB4 헤더 , USB3.0 헤더 , USB2.0 헤더 , USB3.1 Type C 헤더 , CPU추가팬(OPT) 헤더 , 펌프전용 헤더 / 시스템팬 4핀 : 4개 / I/O 헤더 : 디버그LED , 프론트오디오AAFP 헤더 , 온도 센서 / [특징] 전원부 방열판 / M.2 히트싱크 / 일체형IO실드 / UEFI 닫기",https://img.danuri.io/catalog-image/080/944/076/9a1da0466d5c452d8842455558cb7adb.jpg?shrink=130:130&_v=20260921080609,https://prod.danawa.com/info/?pcode=76944080&cate=112751
117,ASUS,ASUS ROG STRIX X670E-F GAMING WIFI STCOM,"749,000","AMD(소켓AM5) / AMD X670E / DDR5 / VGA 연결 : PCIe5.0 x16 / ATX (30.5x24.4cm) / 전원부 : 16+2페이즈 / 페이즈당90A / Vcore출력합계 : 1440A / [메모리] 6400MHz (PC5-51200) / 4개 / 메모리 용량 : 최대 128GB / EXPO / [확장슬롯] PCIe버전 : PCIe5.0 , PCIe4.0 , PCIe3.0 / PCIex16 : 1개 / PCIex16(at x4) : 1개 / PCIex1 : 1개 / [저장장치] M.2 : 4개 / SATA3 : 4개 / M.2 연결 : PCIe5.0 , PCIe4.0 , NVMe / [후면단자] HDMI / DP / USB3.x 20Gbps / USB3.x 10Gbps / USB 2.0 / RJ-45 / S/PDIF / 오디오잭 / USB A타입 : 9개 / USB C타입 : 3개 / [랜/오디오] 유선랜 칩셋 : Intel 2.5Gb / 2.5Gbps / RJ-45 : 1개 / 무선랜(Wi-Fi) / 블루투스 / 오디오 칩셋 : SupremeFX ALC4080 / 7.1채널(8ch) / [내부I/O] USB/팬 헤더 : USB4 헤더 , USB3.0 헤더 , USB2.0 헤더 , USB3.2 Type C 헤더 , RGB 12V 4핀 헤더 , ARGB 5V 3핀 헤더 / 시스템팬 4핀 : 5개 / [특징] M.2 히트싱크 / LED라이트 / UEFI 닫기",https://img.danuri.io/catalog-image/504/158/013/d3dd17c5764346bcba849d7701f55529.jpg?shrink=130:130&_v=20260921080454,https://prod.danawa.com/info/?pcode=13158504&cate=112751
118,ASUS,ASUS TUF Gaming B650M-PLUS STCOM,"267,430","AMD(소켓AM5) / AMD B650 / DDR5 / VGA 연결 : PCIe4.0 x16 / M-ATX (24.4x24.4cm) / 전원부 : 12+2페이즈 / 페이즈당60A / Vcore출력합계 : 720A / [메모리] 7600MHz (PC5-60800) / 4개 / 메모리 용량 : 최대 192GB / EXPO / [확장슬롯] PCIe버전 : PCIe4.0 , PCIe3.0 / PCIex16 : 1개 / PCIex16(at x4) : 1개 / PCIex1 : 1개 / [저장장치] M.2 : 2개 / SATA3 : 4개 / M.2 연결 : PCIe5.0 , PCIe4.0 , NVMe / [후면단자] HDMI / DP / USB3.x 20Gbps / USB3.x 10Gbps / USB3.x 5Gbps / USB 2.0 / RJ-45 / 오디오잭 / BIOS플래시백 / USB A타입 : 7개 / USB C타입 : 1개 / [랜/오디오] 유선랜 칩셋 : Realtek / 2.5Gbps / RJ-45 : 1개 / 오디오 칩셋 : Realtek / 7.1채널(8ch) / [내부I/O] USB/팬 헤더 : 썬더볼트 헤더 , USB4 헤더 , USB3.0 헤더 , USB2.0 헤더 , USB3.0 Type C 헤더 , RGB 12V 4핀 헤더 , ARGB 5V 3핀 헤더 / 시스템팬 4핀 : 3개 / I/O 헤더 : 프론트오디오AAFP 헤더 , 침입감지 헤더 / [특징] DrMOS / 전원부 방열판 / M.2 히트싱크 / UEFI / 24년 4월부로 지원메모리 용량&속도 확장 닫기",https://img.danuri.io/catalog-image/519/044/018/78b604010c4f471a8ca07ca02a07def5.jpg?shrink=130:130&_v=20260921080609,https://prod.danawa.com/info/?pcode=18044519&cate=112751
119,ASUS,ASUS TUF Gaming B650M-E WIFI 대원씨티에스,"267,000","AMD(소켓AM5) / AMD B650 / DDR5 / VGA 연결 : PCIe4.0 x16 / M-ATX (24.4x24.4cm) / 전원부 : 8+2페이즈 / 페이즈당60A / [메모리] 6400MHz (PC5-51200) / 4개 / 메모리 용량 : 최대 128GB / EXPO / [확장슬롯] PCIe버전 : PCIe4.0 / PCIex16 : 1개 / PCIex1 : 2개 / [저장장치] M.2 : 2개 / SATA3 : 4개 / M.2 연결 : PCIe5.0 , PCIe4.0 , NVMe / [후면단자] HDMI / DP / USB3.x 10Gbps / USB3.x 5Gbps / USB 2.0 / RJ-45 / 오디오잭 / PS/2 / BIOS플래시백 / USB A타입 : 7개 / USB C타입 : 1개 / [랜/오디오] 유선랜 칩셋 : Realtek / 2.5Gbps / RJ-45 : 1개 / 무선랜(Wi-Fi) / 블루투스 / 오디오 칩셋 : Realtek / 7.1채널(8ch) / [내부I/O] USB/팬 헤더 : USB3.0 헤더 , USB2.0 헤더 , USB3.0 Type C 헤더 , RGB 12V 4핀 헤더 , ARGB 5V 3핀 헤더 , CPU추가팬(OPT) 헤더 , 펌프전용 헤더 / 시스템팬 4핀 : 2개 / I/O 헤더 : 디버그LED , 프론트오디오AAFP 헤더 , 침입감지 헤더 , COM포트 헤더 / [특징] DrMOS / 전원부 방열판 / M.2 히트싱크 / UEFI 닫기",https://img.danuri.io/catalog-image/535/427/021/7c76bea3ef924227a628b33c83228383.jpg?shrink=130:130&_v=20260921080457,https://prod.danawa.com/info/?pcode=21427535&cate=112751
120,ASUS,ASUS TUF Gaming X870-PLUS WIFI STCOM,"395,950","AMD(소켓AM5) / AMD X870 / DDR5 / VGA 연결 : PCIe5.0 x16 / ATX (30.5x24.4cm) / 전원부 : 16+2+1페이즈 / 페이즈당80A / Vcore출력합계 : 1280A / [메모리] 8000MHz (PC5-64000) / 4개 / 메모리 용량 : 최대 192GB / EXPO / [확장슬롯] PCIe버전 : PCIe5.0 , PCIe4.0 / PCIex16 : 1개 / PCIex16(at x4) : 1개 / [저장장치] M.2 : 4개 / SATA3 : 2개 / M.2 연결 : PCIe5.0 , PCIe4.0 , NVMe , PCIe 레인공유 / [후면단자] HDMI / Type-C / USB4 40Gbps / USB3.x 10Gbps / USB3.x 5Gbps / RJ-45 / 오디오잭 / BIOS플래시백 / USB A타입 : 8개 / USB C타입 : 2개 / [랜/오디오] 유선랜 칩셋 : Realtek / 2.5Gbps / RJ-45 : 1개 / 무선랜(Wi-Fi) / 블루투스 / 오디오 칩셋 : Realtek ALC1220P / 7.1채널(8ch) / [내부I/O] USB/팬 헤더 : USB3.0 헤더 , USB2.0 헤더 , USB3.2 Type C 헤더 , ARGB 5V 3핀 헤더 , CPU추가팬(OPT) 헤더 , 펌프전용 헤더 / 시스템팬 4핀 : 4개 / I/O 헤더 : 디버그LED , 프론트오디오AAFP 헤더 , 침입감지 헤더 , 온도 센서 / [특징] SPS(DrMOS) / 전원부 방열판 / M.2 히트싱크 / 일체형IO실드 / LED라이트 / UEFI 닫기",https://img.danuri.io/catalog-image/563/695/067/43a5d6875c594df186e0a2c06aa13934.jpg?shrink=130:130&_v=20260921080457,https://prod.danawa.com/info/?pcode=67695563&cate=112751
121,ASUS,ASUS TUF Gaming B650M-E STCOM,"193,800","AMD(소켓AM5) / AMD B650 / DDR5 / VGA 연결 : PCIe4.0 x16 / M-ATX (24.4x24.4cm) / 전원부 : 8+2페이즈 / 페이즈당60A / Vcore출력합계 : 480A / [메모리] 7600MHz (PC5-60800) / 4개 / 메모리 용량 : 최대 192GB / EXPO / [확장슬롯] PCIe버전 : PCIe4.0 / PCIex16 : 1개 / PCIex1 : 2개 / [저장장치] M.2 : 2개 / SATA3 : 4개 / M.2 연결 : PCIe5.0 , PCIe4.0 , NVMe / [후면단자] HDMI / DP / USB3.x 10Gbps / USB3.x 5Gbps / USB 2.0 / RJ-45 / 오디오잭 / PS/2 / BIOS플래시백 / USB A타입 : 7개 / USB C타입 : 1개 / [랜/오디오] 유선랜 칩셋 : Realtek / 2.5Gbps / RJ-45 : 1개 / 오디오 칩셋 : Realtek / 7.1채널(8ch) / [내부I/O] USB/팬 헤더 : USB3.0 헤더 , USB2.0 헤더 , USB3.0 Type C 헤더 , RGB 12V 4핀 헤더 , ARGB 5V 3핀 헤더 , CPU추가팬(OPT) 헤더 , 펌프전용 헤더 / 시스템팬 4핀 : 2개 / I/O 헤더 : 디버그LED , 프론트오디오AAFP 헤더 , 침입감지 헤더 , COM포트 헤더 / [특징] DrMOS / 전원부 방열판 / M.2 히트싱크 / UEFI 닫기",https://img.danuri.io/catalog-image/933/476/048/ae5ce5d675dd4d9a9ae408f6737d6567.jpg?shrink=130:130&_v=20260921080444,https://prod.danawa.com/info/?pcode=48476933&cate=112751
122,ASUS,ASUS ROG STRIX X870-A GAMING WIFI 인텍앤컴퍼니,"539,000","AMD(소켓AM5) / AMD X870 / DDR5 / VGA 연결 : PCIe5.0 x16 / ATX (30.5x24.4cm) / 전원부 : 16+2+2페이즈 / 페이즈당90A / Vcore출력합계 : 1440A / [메모리] 8000MHz (PC5-64000) / 4개 / 메모리 용량 : 최대 192GB / EXPO / [확장슬롯] PCIe버전 : PCIe5.0 , PCIe4.0 / PCIex16 : 1개 / PCIex16(at x4) : 1개 / [저장장치] M.2 : 4개 / SATA3 : 2개 / M.2 연결 : PCIe5.0 , PCIe4.0 , NVMe , PCIe 레인공유 / [후면단자] HDMI / Type-C / USB4 40Gbps / USB3.x 10Gbps / USB3.x 5Gbps / RJ-45 / S/PDIF / 오디오잭 / BIOS플래시백 / 클리어CMOS / USB A타입 : 9개 / USB C타입 : 3개 / [랜/오디오] 유선랜 칩셋 : Intel / 2.5Gbps / RJ-45 : 1개 / 무선랜(Wi-Fi) / 블루투스 / 오디오 칩셋 : SupremeFX ALC4080 / 7.1채널(8ch) / [내부I/O] USB/팬 헤더 : USB3.0 헤더 , USB2.0 헤더 , USB3.2 Type C 헤더 , ARGB 5V 3핀 헤더 , CPU추가팬(OPT) 헤더 , 펌프전용 헤더 / 시스템팬 4핀 : 5개 / I/O 헤더 : 디버그LED , 프론트오디오AAFP 헤더 , 침입감지 헤더 , 온도 센서 / [특징] SPS(DrMOS) / 전원부 방열판 / M.2 히트싱크 / 일체형IO실드 / LED라이트 / UEFI 닫기",https://img.danuri.io/catalog-image/980/460/077/58abbe0b74ad4b69a80067f42e867555.jpg?shrink=130:130&_v=20260920080635,https://prod.danawa.com/info/?pcode=77460980&cate=112751
123,ASUS,ASUS TUF Gaming X870-PLUS WIFI 대원씨티에스,"381,960","AMD(소켓AM5) / AMD X870 / DDR5 / VGA 연결 : PCIe5.0 x16 / ATX (30.5x24.4cm) / 전원부 : 16+2+1페이즈 / 페이즈당80A / Vcore출력합계 : 1280A / [메모리] 8000MHz (PC5-64000) / 4개 / 메모리 용량 : 최대 192GB / EXPO / [확장슬롯] PCIe버전 : PCIe5.0 , PCIe4.0 / PCIex16 : 1개 / PCIex16(at x4) : 1개 / [저장장치] M.2 : 4개 / SATA3 : 2개 / M.2 연결 : PCIe5.0 , PCIe4.0 , NVMe , PCIe 레인공유 / [후면단자] HDMI / Type-C / USB4 40Gbps / USB3.x 10Gbps / USB3.x 5Gbps / RJ-45 / 오디오잭 / BIOS플래시백 / USB A타입 : 8개 / USB C타입 : 2개 / [랜/오디오] 유선랜 칩셋 : Realtek / 2.5Gbps / RJ-45 : 1개 / 무선랜(Wi-Fi) / 블루투스 / 오디오 칩셋 : Realtek ALC1220P / 7.1채널(8ch) / [내부I/O] USB/팬 헤더 : USB3.0 헤더 , USB2.0 헤더 , USB3.2 Type C 헤더 , ARGB 5V 3핀 헤더 , CPU추가팬(OPT) 헤더 , 펌프전용 헤더 / 시스템팬 4핀 : 4+1개 / I/O 헤더 : 디버그LED , 프론트오디오AAFP 헤더 , 침입감지 헤더 , 온도 센서 / [특징] SPS(DrMOS) / 전원부 방열판 / M.2 히트싱크 / 일체형IO실드 / LED라이트 / UEFI 닫기",https://img.danuri.io/catalog-image/838/852/067/b8d253d241614abebcdc5ba0771a24b3.jpg?shrink=130:130&_v=20260921080444,https://prod.danawa.com/info/?pcode=67852838&cate=112751
124,ASUS,ASUS PRIME B840-PLUS WIFI-CSM 대원씨티에스,"282,720","AMD(소켓AM5) / AMD B840 / DDR5 / VGA 연결 : PCIe4.0 x16 / ATX (30.5x24.4cm) / 전원부 : 8+2+1페이즈 / [메모리] 7600MHz (PC5-60800) / 4개 / 메모리 용량 : 최대 192GB / EXPO / [확장슬롯] PCIe버전 : PCIe4.0 , PCIe3.0 / PCIex16 : 1개 / PCIex16(at x4) : 1개 / PCIex16(at x1) : 2개 / PCIex1 : 1개 / [저장장치] M.2 : 3개 / SATA3 : 4개 / M.2 연결 : PCIe4.0 , PCIe , NVMe / [후면단자] HDMI / DP / USB3.x 10Gbps / USB3.x 5Gbps / USB 2.0 / RJ-45 / 오디오잭 / BIOS플래시백 / USB A타입 : 7개 / USB C타입 : 1개 / [랜/오디오] 유선랜 칩셋 : Realtek / 2.5Gbps / 무선랜(Wi-Fi) / 블루투스 / 오디오 칩셋 : Realtek / 7.1채널(8ch) / [내부I/O] USB/팬 헤더 : USB4 헤더 , USB3.0 헤더 , USB2.0 헤더 , USB3.0 Type C 헤더 , CPU추가팬(OPT) 헤더 , 펌프전용 헤더 / 시스템팬 4핀 : 4개 / I/O 헤더 : TPM 헤더 , 프론트오디오AAFP 헤더 , COM포트 헤더 , S/PDIF OUT 헤더 / [특징] 전원부 방열판 / M.2 히트싱크 / 일체형IO실드 / UEFI 닫기",https://img.danuri.io/catalog-image/357/769/073/42dcee2a0a224e1db25b3ff650705e70.jpg?shrink=130:130&_v=20260920080509,https://prod.danawa.com/info/?pcode=73769357&cate=112751
125,ASUS,ASUS TUF Gaming B650-PLUS WIFI 대원씨티에스,"377,200","AMD(소켓AM5) / AMD B650 / DDR5 / VGA 연결 : PCIe4.0 x16 / ATX (30.5x24.4cm) / 전원부 : 12+2페이즈 / 페이즈당60A / Vcore출력합계 : 720A / [메모리] 6400MHz (PC5-51200) / 4개 / 메모리 용량 : 최대 128GB / EXPO / [확장슬롯] PCIe버전 : PCIe4.0 , PCIe3.0 / PCIex16 : 1개 / PCIex16(at x4) : 1개 / PCIex1 : 2개 / [저장장치] M.2 : 3개 / SATA3 : 4개 / M.2 연결 : PCIe5.0 , PCIe4.0 , NVMe / [후면단자] HDMI / DP / USB3.x 20Gbps / USB3.x 10Gbps / USB 2.0 / RJ-45 / 오디오잭 / USB A타입 : 6개 / USB C타입 : 2개 / [랜/오디오] 유선랜 칩셋 : Realtek / 2.5Gbps / RJ-45 : 1개 / 무선랜(Wi-Fi) / 블루투스 / 오디오 칩셋 : Realtek / 7.1채널(8ch) / [내부I/O] USB/팬 헤더 : USB4 헤더 , USB3.0 헤더 , USB2.0 헤더 , USB3.0 Type C 헤더 , RGB 12V 4핀 헤더 , ARGB 5V 3핀 헤더 / 시스템팬 4핀 : 4개 / [특징] DrMOS / 전원부 방열판 / M.2 히트싱크 / UEFI 닫기",https://img.danuri.io/catalog-image/662/021/018/be33e98dee33480598bb8e8ae5baa2bc.jpg?shrink=130:130&_v=20260921080444,https://prod.danawa.com/info/?pcode=18021662&cate=112751
126,ASUS,ASUS ROG STRIX X670E-A GAMING WIFI 대원씨티에스,"421,940","AMD(소켓AM5) / AMD X670E / DDR5 / VGA 연결 : PCIe5.0 x16 / ATX (30.5x24.4cm) / 전원부 : 16+2페이즈 / [메모리] 6400MHz (PC5-51200) / 4개 / 메모리 용량 : 최대 128GB / EXPO / [확장슬롯] PCIe버전 : PCIe5.0 , PCIe4.0 , PCIe3.0 / PCIex16 : 1개 / PCIex16(at x4) : 1개 / PCIex16(at x1) : 1개 / [저장장치] M.2 : 4개 / SATA3 : 4개 / M.2 연결 : PCIe5.0 , PCIe4.0 , NVMe / [후면단자] HDMI / DP / USB3.x 20Gbps / USB3.x 10Gbps / USB3.x 5Gbps / USB 2.0 / RJ-45 / S/PDIF / 오디오잭 / USB A타입 : 10개 / USB C타입 : 2개 / [랜/오디오] 유선랜 칩셋 : Intel I225-V / 2.5Gbps / RJ-45 : 1개 / 무선랜(Wi-Fi) / 블루투스 / 오디오 칩셋 : SupremeFX ALC4080 / 7.1채널(8ch) / [내부I/O] USB/팬 헤더 : USB3.0 헤더 , USB2.0 헤더 , USB3.2 Type C 헤더 , RGB 12V 4핀 헤더 , ARGB 5V 3핀 헤더 / 시스템팬 4핀 : 5개 / [특징] M.2 히트싱크 / LED라이트 / UEFI 닫기",https://img.danuri.io/catalog-image/787/926/017/82fc2defe29a4e418035137a063c2df0.jpg?shrink=130:130&_v=20260919080417,https://prod.danawa.com/info/?pcode=17926787&cate=112751
127,ASUS,ASUS ROG STRIX X870E-H GAMING WIFI7 대원씨티에스,"626,000","AMD(소켓AM5) / AMD X870E / DDR5 / VGA 연결 : PCIe5.0 x16 / ATX (30.5x24.4cm) / 전원부 : 16+2+1페이즈 / 페이즈당80A / Vcore출력합계 : 1280A / [메모리] 8000MHz (PC5-64000) / 4개 / 메모리 용량 : 최대 256GB / EXPO / [확장슬롯] PCIe버전 : PCIe5.0 , PCIe4.0 / PCIex16 : 1개 / PCIex16(at x4) : 1개 / [저장장치] M.2 : 4개 / SATA3 : 4개 / M.2 연결 : PCIe5.0 , PCIe4.0 , NVMe , PCIe 레인공유 / [후면단자] HDMI / Type-C / USB4 40Gbps / USB3.x 20Gbps / USB3.x 10Gbps / RJ-45 / S/PDIF / 오디오잭 / BIOS플래시백 / 클리어CMOS / USB A타입 : 11개 / USB C타입 : 3개 / [랜/오디오] 유선랜 칩셋 : Realtek / 5Gbps / RJ-45 : 1개 / Realtek RTL8922AE / 무선랜(Wi-Fi) / 블루투스 / 오디오 칩셋 : Realtek ALC1220P / 7.1채널(8ch) / [내부I/O] USB/팬 헤더 : USB3.0 헤더 , USB2.0 헤더 , USB3.2 Type C 헤더 , ARGB 5V 3핀 헤더 , CPU추가팬(OPT) 헤더 , 펌프전용 헤더 / 시스템팬 4핀 : 5개 / I/O 헤더 : 디버그LED , 프론트오디오AAFP 헤더 , 침입감지 헤더 , 온도 센서 / [특징] SPS(DrMOS) / 전원부 방열판 / M.2 히트싱크 / 일체형IO실드 / LED라이트 / UEFI 닫기",https://img.danuri.io/catalog-image/125/544/098/9063ea18e3bf4d779396c318d912727a.jpg?shrink=130:130&_v=20260921080442,https://prod.danawa.com/info/?pcode=98544125&cate=112751
128,ASUS,ASUS ROG STRIX X870-A GAMING WIFI 대원씨티에스,"559,000","AMD(소켓AM5) / AMD X870 / DDR5 / VGA 연결 : PCIe5.0 x16 / ATX (30.5x24.4cm) / 전원부 : 16+2+2페이즈 / 페이즈당90A / Vcore출력합계 : 1440A / [메모리] 8000MHz (PC5-64000) / 4개 / 메모리 용량 : 최대 192GB / EXPO / [확장슬롯] PCIe버전 : PCIe5.0 , PCIe4.0 / PCIex16 : 1개 / PCIex16(at x4) : 1개 / [저장장치] M.2 : 4개 / SATA3 : 2개 / M.2 연결 : PCIe5.0 , PCIe4.0 , NVMe , PCIe 레인공유 / [후면단자] HDMI / Type-C / USB4 40Gbps / USB3.x 10Gbps / USB3.x 5Gbps / RJ-45 / S/PDIF / 오디오잭 / BIOS플래시백 / 클리어CMOS / USB A타입 : 9개 / USB C타입 : 3개 / [랜/오디오] 유선랜 칩셋 : Intel / 2.5Gbps / RJ-45 : 1개 / 무선랜(Wi-Fi) / 블루투스 / 오디오 칩셋 : SupremeFX ALC4080 / 7.1채널(8ch) / [내부I/O] USB/팬 헤더 : USB3.0 헤더 , USB2.0 헤더 , USB3.2 Type C 헤더 , ARGB 5V 3핀 헤더 , CPU추가팬(OPT) 헤더 , 펌프전용 헤더 / 시스템팬 4핀 : 5개 / I/O 헤더 : 디버그LED , 프론트오디오AAFP 헤더 , 침입감지 헤더 , 온도 센서 / [특징] SPS(DrMOS) / 전원부 방열판 / M.2 히트싱크 / 일체형IO실드 / LED라이트 / UEFI 닫기",https://img.danuri.io/catalog-image/265/852/067/f61d24bd34254d0aa56c643b88a9fe4f.jpg?shrink=130:130&_v=20260921124711,https://prod.danawa.com/info/?pcode=67852265&cate=112751
129,ASUS,ASUS PRIME A620M-A 대원씨티에스,"142,990","AMD(소켓AM5) / AMD A620 / DDR5 / VGA 연결 : PCIe4.0 x16 / M-ATX (24.4x24.4cm) / [메모리] 6400MHz (PC5-51200) / 4개 / 메모리 용량 : 최대 128GB / EXPO / [확장슬롯] PCIe버전 : PCIe4.0 , PCIe3.0 / PCIex16 : 1개 / PCIex1 : 2개 / [저장장치] M.2 : 2개 / SATA3 : 4개 / M.2 연결 : PCIe4.0 , NVMe / [후면단자] HDMI / DP / D-SUB / USB3.x 5Gbps / USB 2.0 / RJ-45 / 오디오잭 / PS/2 / USB A타입 : 6개 / [랜/오디오] 유선랜 칩셋 : Realtek / 1Gbps / RJ-45 : 1개 / 오디오 칩셋 : Realtek / 7.1채널(8ch) / USB/팬 헤더 : USB3.0 헤더 , USB2.0 헤더 , USB3.0 Type C 헤더 , RGB 12V 4핀 헤더 , ARGB 5V 3핀 헤더 / 시스템팬 4핀 : 2개 / I/O 헤더 : TPM 헤더 , 프론트오디오AAFP 헤더 , COM포트 헤더 , S/PDIF OUT 헤더 / [특징] 전원부 방열판 / UEFI 닫기",https://img.danuri.io/catalog-image/611/926/019/d2848ea4aafc4e2ab5432af0e7fce197.jpg?shrink=130:130&_v=20260921051128,https://prod.danawa.com/info/?pcode=19926611&cate=112751
130,ASUS,ASUS PRIME B650-PLUS STCOM,"339,990","AMD(소켓AM5) / AMD B650 / DDR5 / VGA 연결 : PCIe4.0 x16 / ATX (30.5x24.4cm) / [메모리] 6400MHz (PC5-51200) / 4개 / 메모리 용량 : 최대 128GB / EXPO / [확장슬롯] PCIe버전 : PCIe4.0 / PCIex16 : 1개 / PCIex16(at x4) : 1개 / PCIex1 : 2개 / [저장장치] M.2 : 2개 / SATA3 : 4개 / M.2 연결 : PCIe5.0 , PCIe4.0 , NVMe / [후면단자] HDMI / DP / USB3.x 10Gbps / USB3.x 5Gbps / USB 2.0 / RJ-45 / S/PDIF / 오디오잭 / USB A타입 : 7개 / USB C타입 : 1개 / [랜/오디오] 유선랜 칩셋 : Realtek / 2.5Gbps / RJ-45 : 1개 / M.2 Key-E(모듈별매) / 오디오 칩셋 : Realtek / 7.1채널(8ch) / [내부I/O] USB/팬 헤더 : USB4 헤더 , USB3.0 헤더 , USB2.0 헤더 , USB3.0 Type C 헤더 , RGB 12V 4핀 헤더 , ARGB 5V 3핀 헤더 / 시스템팬 4핀 : 3개 / I/O 헤더 : TPM 헤더 / [특징] 전원부 방열판 / M.2 히트싱크 / UEFI 닫기",https://img.danuri.io/catalog-image/375/128/018/9281a17ef5504213b98f813c7ed2aecd.jpg?shrink=130:130&_v=20260920080650,https://prod.danawa.com/info/?pcode=18128375&cate=112751
131,ASUS,ASUS TUF Gaming B850M-PLUS WIFI 대원씨티에스,"278,380","AMD(소켓AM5) / AMD B850 / DDR5 / VGA 연결 : PCIe5.0 x16 / M-ATX (24.4x24.4cm) / 전원부 : 14+2+1페이즈 / 페이즈당80A / Vcore출력합계 : 1120A / [메모리] 8000MHz (PC5-64000) / 4개 / 메모리 용량 : 최대 192GB / XMP / EXPO / [확장슬롯] PCIe버전 : PCIe5.0 , PCIe4.0 / PCIex16 : 1개 / PCIex16(at x8) : 1개 / PCIex1 : 1개 / [저장장치] M.2 : 3개 / SATA3 : 4개 / M.2 연결 : PCIe5.0 , PCIe4.0 , NVMe , PCIe 레인공유 / [후면단자] HDMI / DP / USB3.x 20Gbps / USB3.x 10Gbps / USB3.x 5Gbps / USB 2.0 / RJ-45 / 오디오잭 / BIOS플래시백 / USB A타입 : 11개 / USB C타입 : 1개 / [랜/오디오] 유선랜 칩셋 : Realtek / 2.5Gbps / RJ-45 : 1개 / 무선랜(Wi-Fi) / 블루투스 / 오디오 칩셋 : Realtek ALC1220P / 7.1채널(8ch) / [내부I/O] USB/팬 헤더 : USB3.0 헤더 , USB2.0 헤더 , USB3.1 Type C 헤더 , CPU추가팬(OPT) 헤더 , 펌프전용 헤더 / 시스템팬 4핀 : 3개 / I/O 헤더 : 프론트오디오AAFP 헤더 , 침입감지 헤더 , COM포트 헤더 / [특징] DrMOS / 전원부 방열판 / M.2 히트싱크 / 일체형IO실드 / LED라이트 / UEFI 닫기",https://img.danuri.io/catalog-image/909/763/073/d2d72a7ec50649828a7a066bd138d75b.jpg?shrink=130:130&_v=20260921140458,https://prod.danawa.com/info/?pcode=73763909&cate=112751
132,ASUS,ASUS TUF Gaming A620M-PLUS WIFI STCOM,"205,000","AMD(소켓AM5) / AMD A620 / DDR5 / VGA 연결 : PCIe4.0 x16 / M-ATX (24.4x24.4cm) / [메모리] 6400MHz (PC5-51200) / 4개 / 메모리 용량 : 최대 128GB / EXPO / PCIe버전 : PCIe4.0 , PCIe3.0 / PCIex16 : 1개 / PCIex1 : 2개 / [저장장치] M.2 : 2개 / SATA3 : 4개 / M.2 연결 : PCIe4.0 , NVMe / [후면단자] HDMI / DP / USB3.x 5Gbps / USB 2.0 / RJ-45 / 오디오잭 / PS/2 / USB A타입 : 6개 / [랜/오디오] 유선랜 칩셋 : Realtek / 2.5Gbps / RJ-45 : 1개 / 무선랜(Wi-Fi) / 블루투스 / 오디오 칩셋 : Realtek / 7.1채널(8ch) / [내부I/O] USB/팬 헤더 : USB3.0 헤더 , USB2.0 헤더 , USB3.0 Type C 헤더 , RGB 12V 4핀 헤더 , ARGB 5V 3핀 헤더 / 시스템팬 4핀 : 2개 / I/O 헤더 : 프론트오디오AAFP 헤더 , S/PDIF OUT 헤더 / [특징] 전원부 방열판 / UEFI 닫기",https://img.danuri.io/catalog-image/059/926/019/e02b2c90c89247268aa415877efb4edf.jpg?shrink=130:130&_v=20260920080519,https://prod.danawa.com/info/?pcode=19926059&cate=112751
133,ASUS,ASUS TUF Gaming B850M-PLUS 대원씨티에스,"328,890","AMD(소켓AM5) / AMD B850 / DDR5 / VGA 연결 : PCIe5.0 x16 / M-ATX (24.4x24.4cm) / 전원부 : 14+2+1페이즈 / 페이즈당80A / Vcore출력합계 : 1120A / [메모리] 8000MHz (PC5-64000) / 4개 / 메모리 용량 : 최대 192GB / XMP / EXPO / [확장슬롯] PCIe버전 : PCIe5.0 , PCIe4.0 / PCIex16 : 1개 / PCIex16(at x8) : 1개 / PCIex1 : 1개 / [저장장치] M.2 : 3개 / SATA3 : 4개 / M.2 연결 : PCIe5.0 , PCIe4.0 , NVMe , PCIe 레인공유 / [후면단자] HDMI / DP / USB3.x 20Gbps / USB3.x 10Gbps / USB3.x 5Gbps / USB 2.0 / RJ-45 / 오디오잭 / BIOS플래시백 / USB A타입 : 11개 / USB C타입 : 1개 / [랜/오디오] 유선랜 칩셋 : Realtek / 2.5Gbps / RJ-45 : 1개 / 오디오 칩셋 : Realtek ALC1220P / 7.1채널(8ch) / [내부I/O] USB/팬 헤더 : USB3.0 헤더 , USB2.0 헤더 , USB3.1 Type C 헤더 , ARGB 5V 3핀 헤더 , CPU추가팬(OPT) 헤더 , 펌프전용 헤더 / 시스템팬 4핀 : 3개 / I/O 헤더 : 프론트오디오AAFP 헤더 , 침입감지 헤더 , COM포트 헤더 / [특징] DrMOS / 전원부 방열판 / M.2 히트싱크 / 일체형IO실드 / LED라이트 / UEFI 닫기",https://img.danuri.io/catalog-image/426/883/073/51c5270a7db646fb9488b5ded8427ade.jpg?shrink=130:130&_v=20260921080444,https://prod.danawa.com/info/?pcode=73883426&cate=112751
134,ASUS,ASUS PRIME B850M-A-CSM STCOM,"199,000","AMD(소켓AM5) / AMD B850 / DDR5 / VGA 연결 : PCIe5.0 x16 / M-ATX (24.4x24.4cm) / 전원부 : 8+2+1페이즈 / [메모리] 8000MHz (PC5-64000) / 4개 / 메모리 용량 : 최대 256GB / XMP / EXPO / [확장슬롯] PCIe버전 : PCIe5.0 , PCIe4.0 / PCIex16 : 1개 / PCIex16(at x1) : 1개 / [저장장치] M.2 : 3개 / SATA3 : 4개 / M.2 연결 : PCIe5.0 , PCIe4.0 , NVMe , PCIe 레인공유 / [후면단자] HDMI / DP / USB3.x 10Gbps / USB3.x 5Gbps / USB 2.0 / RJ-45 / 오디오잭 / BIOS플래시백 / USB A타입 : 8개 / [랜/오디오] 유선랜 칩셋 : Realtek / 2.5Gbps / RJ-45 : 1개 / 오디오 칩셋 : Realtek / 7.1채널(8ch) / [내부I/O] USB/팬 헤더 : USB3.0 헤더 , USB2.0 헤더 , USB3.0 Type C 헤더 , ARGB 5V 3핀 헤더 , CPU추가팬(OPT) 헤더 , 펌프전용 헤더 / 시스템팬 4핀 : 3개 / I/O 헤더 : TPM 헤더 , 프론트오디오AAFP 헤더 , 침입감지 헤더 , COM포트 헤더 , S/PDIF OUT 헤더 / [특징] 전원부 방열판 / M.2 히트싱크 / UEFI 닫기",https://img.danuri.io/catalog-image/537/420/095/85167753b29743059f4a9124a7478632.jpg?shrink=130:130&_v=20260921002733,https://prod.danawa.com/info/?pcode=95420537&cate=112751
135,ASUS,ASUS ROG STRIX B850-F GAMING WIFI 대원씨티에스,"422,550","AMD(소켓AM5) / AMD B850 / DDR5 / VGA 연결 : PCIe5.0 x16 / ATX (30.5x24.4cm) / 전원부 : 16+2+2페이즈 / 페이즈당80A / Vcore출력합계 : 1280A / [메모리] 8000MHz (PC5-64000) / 4개 / 메모리 용량 : 최대 192GB / EXPO / [확장슬롯] PCIe버전 : PCIe5.0 , PCIe4.0 / PCIex16 : 1개 / PCIex16(at x4) : 1개 / [저장장치] M.2 : 4개 / SATA3 : 2개 / M.2 연결 : PCIe5.0 , PCIe4.0 , NVMe , PCIe 레인공유 / [후면단자] HDMI / DP / USB3.x 20Gbps / USB3.x 10Gbps / USB 2.0 / RJ-45 / S/PDIF / 오디오잭 / BIOS플래시백 / 클리어CMOS / USB A타입 : 10개 / USB C타입 : 2개 / [랜/오디오] 유선랜 칩셋 : Intel / 2.5Gbps / RJ-45 : 1개 / 무선랜(Wi-Fi) / 블루투스 / 오디오 칩셋 : SupremeFX ALC4080 / 7.1채널(8ch) / [내부I/O] USB/팬 헤더 : USB4 헤더 , USB3.0 헤더 , USB2.0 헤더 , USB3.1 Type C 헤더 , CPU추가팬(OPT) 헤더 , 펌프전용 헤더 / 시스템팬 4핀 : 4개 / I/O 헤더 : 디버그LED , 프론트오디오AAFP 헤더 , 온도 센서 / [특징] 전원부 방열판 / M.2 히트싱크 / 일체형IO실드 / UEFI 닫기",https://img.danuri.io/catalog-image/989/767/073/4ef5accdd1174d1eaf4aaa56d73b4fbe.jpg?shrink=130:130&_v=20260918080512,https://prod.danawa.com/info/?pcode=73767989&cate=112751
136,ASUS,ASUS ROG STRIX B850-A GAMING WIFI 인텍앤컴퍼니,"408,990","AMD(소켓AM5) / AMD B850 / DDR5 / VGA 연결 : PCIe5.0 x16 / ATX (30.5x24.4cm) / 전원부 : 14+2+2페이즈 / 페이즈당80A / Vcore출력합계 : 1120A / [메모리] 8000MHz (PC5-64000) / 4개 / 메모리 용량 : 최대 192GB / EXPO / [확장슬롯] PCIe버전 : PCIe5.0 , PCIe4.0 / PCIex16 : 1개 / PCIex16(at x4) : 1개 / [저장장치] M.2 : 4개 / SATA3 : 2개 / M.2 연결 : PCIe5.0 , PCIe4.0 , NVMe , PCIe 레인공유 / [후면단자] HDMI / DP / USB3.x 20Gbps / USB3.x 10Gbps / USB3.x 5Gbps / USB 2.0 / RJ-45 / S/PDIF / 오디오잭 / BIOS플래시백 / 클리어CMOS / USB A타입 : 8개 / USB C타입 : 2개 / [랜/오디오] 유선랜 칩셋 : Intel / 2.5Gbps / RJ-45 : 1개 / 무선랜(Wi-Fi) / 블루투스 / 오디오 칩셋 : SupremeFX ALC4080 / 7.1채널(8ch) / [내부I/O] USB/팬 헤더 : USB4 헤더 , USB3.0 헤더 , USB2.0 헤더 , USB3.1 Type C 헤더 , CPU추가팬(OPT) 헤더 , 펌프전용 헤더 / 시스템팬 4핀 : 4개 / I/O 헤더 : 디버그LED , 프론트오디오AAFP 헤더 , 온도 센서 / [특징] 전원부 방열판 / M.2 히트싱크 / 일체형IO실드 / UEFI 닫기",https://img.danuri.io/catalog-image/548/099/078/65c1abcd0f9d41efa686e174d5e3ac25.jpg?shrink=130:130&_v=20260921080404,https://prod.danawa.com/info/?pcode=78099548&cate=112751
137,ASUS,ASUS PRIME B650M-A II STCOM,"227,000","AMD(소켓AM5) / AMD B650 / DDR5 / VGA 연결 : PCIe4.0 x16 / M-ATX (24.4x24.4cm) / [메모리] 6400MHz (PC5-51200) / 4개 / 메모리 용량 : 최대 128GB / EXPO / [확장슬롯] PCIe버전 : PCIe4.0 / PCIex16 : 1개 / PCIex16(at x1) : 2개 / [저장장치] M.2 : 2개 / SATA3 : 4개 / M.2 연결 : PCIe5.0 , PCIe4.0 , NVMe / [후면단자] HDMI / DP / D-SUB / USB3.x 10Gbps / USB3.x 5Gbps / USB 2.0 / RJ-45 / 오디오잭 / PS/2 / USB A타입 : 8개 / [랜/오디오] 유선랜 칩셋 : Realtek / 2.5Gbps / RJ-45 : 1개 / 오디오 칩셋 : Realtek / 7.1채널(8ch) / [내부I/O] USB/팬 헤더 : USB3.0 헤더 , USB2.0 헤더 , USB3.0 Type C 헤더 , RGB 12V 4핀 헤더 , ARGB 5V 3핀 헤더 / 시스템팬 4핀 : 3개 / I/O 헤더 : TPM 헤더 / [특징] 전원부 방열판 / UEFI 닫기",https://img.danuri.io/catalog-image/258/163/019/3d68e679bb4a4e4d864ff75cb7dc462e.jpg?shrink=130:130&_v=20260921080457,https://prod.danawa.com/info/?pcode=19163258&cate=112751
138,ASUS,ASUS ROG STRIX B650-A GAMING WIFI STCOM,"364,000","AMD(소켓AM5) / AMD B650 / DDR5 / VGA 연결 : PCIe4.0 x16 / ATX (30.5x24.4cm) / 전원부 : 12+2페이즈 / 페이즈당60A / Vcore출력합계 : 720A / [메모리] 6400MHz (PC5-51200) / 4개 / 메모리 용량 : 최대 128GB / EXPO / [확장슬롯] PCIe버전 : PCIe4.0 , PCIe3.0 / PCIex16 : 1개 / PCIex16(at x4) : 1개 / PCIex1 : 2개 / [저장장치] M.2 : 3개 / SATA3 : 4개 / M.2 연결 : PCIe5.0 , PCIe4.0 , NVMe / [후면단자] HDMI / DP / USB3.x 20Gbps / USB3.x 10Gbps / USB 2.0 / RJ-45 / 오디오잭 / USB A타입 : 7개 / USB C타입 : 2개 / [랜/오디오] 유선랜 칩셋 : Intel 2.5Gb / 2.5Gbps / RJ-45 : 1개 / 무선랜(Wi-Fi) / 블루투스 / 오디오 칩셋 : SupremeFX ALC4080 / 7.1채널(8ch) / [내부I/O] USB/팬 헤더 : USB3.0 헤더 , USB2.0 헤더 , USB3.1 Type C 헤더 , RGB 12V 4핀 헤더 , ARGB 5V 3핀 헤더 / 시스템팬 4핀 : 4개 / [특징] DrMOS / 전원부 방열판 / M.2 히트싱크 / LED라이트 / UEFI 닫기",https://img.danuri.io/catalog-image/567/044/018/b80d00bf53e642c0bb2ed87b456de219.jpg?shrink=130:130&_v=20260919080636,https://prod.danawa.com/info/?pcode=18044567&cate=112751
139,ASUS,ASUS TUF Gaming B650M-PLUS WIFI 대원씨티에스,"250,660","AMD(소켓AM5) / AMD B650 / DDR5 / VGA 연결 : PCIe4.0 x16 / M-ATX (24.4x24.4cm) / 전원부 : 12+2페이즈 / 페이즈당60A / Vcore출력합계 : 720A / [메모리] 6400MHz (PC5-51200) / 4개 / 메모리 용량 : 최대 128GB / EXPO / [확장슬롯] PCIe버전 : PCIe4.0 , PCIe3.0 / PCIex16 : 1개 / PCIex16(at x4) : 1개 / PCIex1 : 1개 / [저장장치] M.2 : 2개 / SATA3 : 4개 / M.2 연결 : PCIe5.0 , PCIe4.0 , NVMe / [후면단자] HDMI / DP / USB3.x 20Gbps / USB3.x 10Gbps / USB3.x 5Gbps / USB 2.0 / RJ-45 / 오디오잭 / USB A타입 : 7개 / USB C타입 : 1개 / [랜/오디오] 유선랜 칩셋 : Realtek / 2.5Gbps / RJ-45 : 1개 / 무선랜(Wi-Fi) / 블루투스 / 오디오 칩셋 : Realtek / 7.1채널(8ch) / [내부I/O] USB/팬 헤더 : USB4 헤더 , USB3.0 헤더 , USB2.0 헤더 , USB3.0 Type C 헤더 , RGB 12V 4핀 헤더 , ARGB 5V 3핀 헤더 / 시스템팬 4핀 : 3개 / [특징] DrMOS / 전원부 방열판 / M.2 히트싱크 / UEFI 닫기",https://img.danuri.io/catalog-image/491/021/018/23f59f8756004ce1a05fd25926659b15.jpg?shrink=130:130&_v=20260921080404,https://prod.danawa.com/info/?pcode=18021491&cate=112751
140,ASUS,ASUS TUF Gaming A620M-PLUS STCOM,"186,000","AMD(소켓AM5) / AMD A620 / DDR5 / VGA 연결 : PCIe4.0 x16 / M-ATX (24.4x24.4cm) / [메모리] 6400MHz (PC5-51200) / 4개 / 메모리 용량 : 최대 128GB / EXPO / PCIe버전 : PCIe4.0 , PCIe3.0 / PCIex16 : 1개 / PCIex1 : 2개 / [저장장치] M.2 : 2개 / SATA3 : 4개 / M.2 연결 : PCIe4.0 , NVMe / [후면단자] HDMI / DP / USB3.x 5Gbps / USB 2.0 / RJ-45 / 오디오잭 / PS/2 / USB A타입 : 6개 / [랜/오디오] 유선랜 칩셋 : Realtek / 2.5Gbps / RJ-45 : 1개 / 오디오 칩셋 : Realtek / 7.1채널(8ch) / [내부I/O] USB/팬 헤더 : USB3.0 헤더 , USB2.0 헤더 , USB3.0 Type C 헤더 , RGB 12V 4핀 헤더 , ARGB 5V 3핀 헤더 / 시스템팬 4핀 : 2개 / I/O 헤더 : 프론트오디오AAFP 헤더 , S/PDIF OUT 헤더 / [특징] 전원부 방열판 / UEFI 닫기",https://img.danuri.io/catalog-image/807/925/019/90c87ac4c6704d4780a32373facb1ac1.jpg?shrink=130:130&_v=20260918080649,https://prod.danawa.com/info/?pcode=19925807&cate=112751
141,ASUS,ASUS PRIME A620M-A STCOM,"280,000","AMD(소켓AM5) / AMD A620 / DDR5 / VGA 연결 : PCIe4.0 x16 / M-ATX (24.4x24.4cm) / [메모리] 6400MHz (PC5-51200) / 4개 / 메모리 용량 : 최대 128GB / EXPO / [확장슬롯] PCIe버전 : PCIe4.0 , PCIe3.0 / PCIex16 : 1개 / PCIex1 : 2개 / [저장장치] M.2 : 2개 / SATA3 : 4개 / M.2 연결 : PCIe4.0 , NVMe / [후면단자] HDMI / DP / D-SUB / USB3.x 5Gbps / USB 2.0 / RJ-45 / 오디오잭 / PS/2 / USB A타입 : 6개 / [랜/오디오] 유선랜 칩셋 : Realtek / 1Gbps / RJ-45 : 1개 / 오디오 칩셋 : Realtek / 7.1채널(8ch) / USB/팬 헤더 : USB3.0 헤더 , USB2.0 헤더 , USB3.0 Type C 헤더 , RGB 12V 4핀 헤더 , ARGB 5V 3핀 헤더 / 시스템팬 4핀 : 2개 / I/O 헤더 : TPM 헤더 , 프론트오디오AAFP 헤더 , COM포트 헤더 , S/PDIF OUT 헤더 / [특징] 전원부 방열판 / UEFI 닫기",https://img.danuri.io/catalog-image/310/924/019/f2c2b1595f1847e7ab17afb9f476cd3c.jpg?shrink=130:130&_v=20260921080458,https://prod.danawa.com/info/?pcode=19924310&cate=112751
142,ASUS,ASUS ROG STRIX B850-A GAMING WIFI 대원씨티에스,"411,270","AMD(소켓AM5) / AMD B850 / DDR5 / VGA 연결 : PCIe5.0 x16 / ATX (30.5x24.4cm) / 전원부 : 14+2+2페이즈 / 페이즈당80A / Vcore출력합계 : 1120A / [메모리] 8000MHz (PC5-64000) / 4개 / 메모리 용량 : 최대 192GB / EXPO / [확장슬롯] PCIe버전 : PCIe5.0 , PCIe4.0 / PCIex16 : 1개 / PCIex16(at x4) : 1개 / [저장장치] M.2 : 4개 / SATA3 : 2개 / M.2 연결 : PCIe5.0 , PCIe4.0 , NVMe , PCIe 레인공유 / [후면단자] HDMI / DP / USB3.x 20Gbps / USB3.x 10Gbps / USB3.x 5Gbps / USB 2.0 / RJ-45 / S/PDIF / 오디오잭 / BIOS플래시백 / 클리어CMOS / USB A타입 : 8개 / USB C타입 : 2개 / [랜/오디오] 유선랜 칩셋 : Intel / 2.5Gbps / RJ-45 : 1개 / 무선랜(Wi-Fi) / 블루투스 / 오디오 칩셋 : SupremeFX ALC4080 / 7.1채널(8ch) / [내부I/O] USB/팬 헤더 : USB4 헤더 , USB3.0 헤더 , USB2.0 헤더 , USB3.1 Type C 헤더 , CPU추가팬(OPT) 헤더 , 펌프전용 헤더 / 시스템팬 4핀 : 4개 / I/O 헤더 : 디버그LED , 프론트오디오AAFP 헤더 , 온도 센서 / [특징] 전원부 방열판 / M.2 히트싱크 / 일체형IO실드 / UEFI 닫기",https://img.danuri.io/catalog-image/137/764/073/cde9229383d84ce9b2347e5951419759.jpg?shrink=130:130&_v=20260921122623,https://prod.danawa.com/info/?pcode=73764137&cate=112751
143,ASUS,ASUS TUF Gaming A620M-PLUS WIFI 대원씨티에스,"181,000","AMD(소켓AM5) / AMD A620 / DDR5 / VGA 연결 : PCIe4.0 x16 / M-ATX (24.4x24.4cm) / [메모리] 6400MHz (PC5-51200) / 4개 / 메모리 용량 : 최대 128GB / EXPO / PCIe버전 : PCIe4.0 , PCIe3.0 / PCIex16 : 1개 / PCIex1 : 2개 / [저장장치] M.2 : 2개 / SATA3 : 4개 / M.2 연결 : PCIe4.0 , NVMe / [후면단자] HDMI / DP / USB3.x 5Gbps / USB 2.0 / RJ-45 / 오디오잭 / PS/2 / USB A타입 : 6개 / [랜/오디오] 유선랜 칩셋 : Realtek / 2.5Gbps / RJ-45 : 1개 / 무선랜(Wi-Fi) / 블루투스 / 오디오 칩셋 : Realtek / 7.1채널(8ch) / [내부I/O] USB/팬 헤더 : USB3.0 헤더 , USB2.0 헤더 , USB3.0 Type C 헤더 , RGB 12V 4핀 헤더 , ARGB 5V 3핀 헤더 / 시스템팬 4핀 : 2개 / I/O 헤더 : 프론트오디오AAFP 헤더 , S/PDIF OUT 헤더 / [특징] 전원부 방열판 / UEFI 닫기",https://img.danuri.io/catalog-image/037/927/019/046ee8b9bf444d87aac700d4d372c254.jpg?shrink=130:130&_v=20260919080517,https://prod.danawa.com/info/?pcode=19927037&cate=112751
144,ASUS,ASUS ROG CROSSHAIR 2006 대원씨티에스,"1,245,390","AMD(소켓AM5) / AMD X870E / DDR5 / VGA 연결 : PCIe5.0 x16 / ATX (30.5x24.4cm) / 메모리 8600MHz (PC5-68800) / 4개 / 메모리 용량 : 최대 256GB / EXPO / 확장슬롯 PCIe버전 : PCIe5.0 / PCIex16 : 2개 (동시사용시 at x8) / 저장장치 SATA3 : 4개 / M.2 : 5개 / M.2 연결 : PCIe5.0 , PCIe4.0 , NVMe , USB4 레인공유 / 후면단자 HDMI / Type-C / USB4 40Gbps / USB3.x 10Gbps / RJ-45 / S/PDIF / 오디오잭 / BIOS플래시백 / 클리어CMOS / USB A타입 : 6개 / USB C타입 : 5개 / 랜/오디오 유선랜 칩셋 : Realtek / 10Gbps, 5Gbps / RJ-45 : 2개 / 듀얼LAN / 무선랜(Wi-Fi) / 블루투스 / 오디오 칩셋 : Realtek ALC4082 / 7.1채널(8ch) / 내부I/O USB/팬 헤더 : USB3.0 헤더 , USB2.0 헤더 , USB3.2 Type C 헤더 , ARGB 5V 3핀 헤더 , CPU추가팬(OPT) 헤더 , 펌프전용 헤더 / 시스템팬 4핀 : 4개 / I/O 헤더 : 프론트오디오AAFP 헤더 , S/PDIF OUT 헤더 , 온도 센서 / 특징 DrMOS / 전원부 방열판 / M.2 히트싱크 / 일체형IO실드 / LED라이트 / UEFI 닫기",https://img.danuri.io/catalog-image/170/651/123/3851c6ea30744673adedda054967bfb0.jpeg?shrink=130:130&_v=20260921080444,https://prod.danawa.com/info/?pcode=123651170&cate=112751
145,ASUS,ASUS PRIME B650EM-A WIFI-CSM 대원씨티에스,"163,880","AMD(소켓AM5) / AMD B650 / DDR5 / VGA 연결 : PCIe5.0 x16 / M-ATX (24.4x24.4cm) / [메모리] 8000MHz (PC5-64000) / 4개 / 메모리 용량 : 최대 256GB / EXPO / [확장슬롯] PCIe버전 : PCIe5.0 , PCIe4.0 / PCIex16 : 1개 / PCIex16(at x1) : 1개 / [저장장치] SATA3 : 4개 / M.2 : 3개 / M.2 연결 : PCIe5.0 , PCIe4.0 , NVMe / [후면단자] HDMI / DP / USB3.x 10Gbps / USB3.x 5Gbps / USB 2.0 / RJ-45 / 오디오잭 / BIOS플래시백 / USB A타입 : 8개 / [랜/오디오] 유선랜 칩셋 : Realtek / 2.5Gbps / RJ-45 : 1개 / 무선랜(Wi-Fi) / 블루투스 / 오디오 칩셋 : Realtek / 7.1채널(8ch) / [내부I/O] USB/팬 헤더 : USB3.0 헤더 , USB2.0 헤더 , USB3.0 Type C 헤더 , CPU추가팬(OPT) 헤더 , 펌프전용 헤더 / 시스템팬 4핀 : 3개 / I/O 헤더 : TPM 헤더 , 프론트오디오AAFP 헤더 , 침입감지 헤더 , COM포트 헤더 , S/PDIF OUT 헤더 / [특징] 전원부 방열판 / M.2 히트싱크 닫기",https://img.danuri.io/catalog-image/330/723/122/1bf03d18c55c4bcc8240ef2d243b9a02.jpeg?shrink=130:130&_v=20260921113328,https://prod.danawa.com/info/?pcode=122723330&cate=112751
146,ASUS,ASUS ProArt B850-CREATOR WIFI NEO 대원씨티에스,"368,110","AMD(소켓AM5) / AMD B850 / DDR5 / VGA 연결 : PCIe5.0 x16 / ATX (30.5x24.4cm) / 전원부 : 14+2+1페이즈 / 80A / Vcore출력합계 : 1120 / [메모리] 8000MHz (PC5-64000) / 4개 / 메모리 용량 : 최대 256GB / XMP / EXPO / [확장슬롯] PCIe버전 : PCIe5.0 , PCIe4.0 / PCIex16 : 1개 / PCIex16(at x8) : 1개 / PCIex16(at x4) : 1개 / PCIex1 : 1개 / [저장장치] SATA3 : 4개 / M.2 : 3개 / M.2 연결 : PCIe5.0 , PCIe4.0 , NVMe / [후면단자] HDMI / DP / Type-C / USB3.x 10Gbps / USB3.x 5Gbps / USB 2.0 / RJ-45 / 오디오잭 / BIOS플래시백 / USB A타입 : 6개 / USB C타입 : 2개 / [랜/오디오] 유선랜 칩셋 : Realtek / 5Gbps / RJ-45 : 2개 / 무선랜(Wi-Fi) / 블루투스 / 오디오 칩셋 : Realtek RTL8922AE / 7.1채널(8ch) / [내부I/O] USB/팬 헤더 : USB3.0 헤더 , USB2.0 헤더 , USB3.2 Type C 헤더 , ARGB 5V 3핀 헤더 , CPU추가팬(OPT) 헤더 , 펌프전용 헤더 / 시스템팬 4핀 : 4개 / I/O 헤더 : TPM 헤더 , 프론트오디오AAFP 헤더 / [특징] DrMOS / 전원부 방열판 / M.2 히트싱크 / 일체형IO실드 / UEFI 닫기",https://img.danuri.io/catalog-image/599/641/122/9bd4249e8848430f85791482af924bfb.jpeg?shrink=130:130&_v=20260921125714,https://prod.danawa.com/info/?pcode=122641599&cate=112751
147,ASUS,ASUS ROG STRIX X870E-E GAMING WIFI7 NEO 대원씨티에스,"891,130","AMD(소켓AM5) / AMD X870E / DDR5 / VGA 연결 : PCIe5.0 x16 / ATX (30.5x24.4cm) / 전원부 : 18+2+2페이즈 / 110A / Vcore출력합계 : 1980 / 메모리 9600MHz (PC5-76800) / 4개 / 메모리 용량 : 최대 256GB / XMP / EXPO / 확장슬롯 PCIe버전 : PCIe5.0 , PCIe4.0 / PCIex16 : 1개 / PCIex16(at x4) : 1개 / 저장장치 SATA3 : 4개 / M.2 : 5개 / M.2 연결 : PCIe5.0 , PCIe4.0 , NVMe , PCIe 레인공유 / 후면단자 HDMI / Type-C / USB4 40Gbps / USB3.x 10Gbps / RJ-45 / S/PDIF / 오디오잭 / BIOS플래시백 / 클리어CMOS / USB A타입 : 9개 / USB C타입 : 4개 / 랜/오디오 유선랜 칩셋 : Realtek / 5Gbps / RJ-45 : 1개 / 무선랜(Wi-Fi) / 블루투스 / 오디오 칩셋 : SupremeFX ALC4080 / 7.1채널(8ch) / 내부I/O USB/팬 헤더 : USB3.0 헤더 , USB2.0 헤더 , ARGB 5V 3핀 헤더 , CPU추가팬(OPT) 헤더 , 펌프전용 헤더 / 시스템팬 4핀 : 5개 / I/O 헤더 : 디버그LED , 프론트오디오AAFP 헤더 , 온도 센서 / 특징 SPS(DrMOS) / 전원부 방열판 / M.2 히트싱크 / 일체형IO실드 / LED라이트 / UEFI 닫기",https://img.danuri.io/catalog-image/210/642/122/156874c80acf46a583264a9764768ada.jpeg?shrink=130:130&_v=20260921080444,https://prod.danawa.com/info/?pcode=122642210&cate=112751
148,ASUS,ASUS ROG STRIX B850-A GAMING WIFI7 NEO 대원씨티에스,"378,280","AMD(소켓AM5) / AMD B850 / DDR5 / VGA 연결 : PCIe5.0 x16 / ATX (30.5x24.4cm) / 전원부 : 14+2+2페이즈 / 80A / Vcore출력합계 : 1120 / [메모리] 8000MHz (PC5-64000) / 4개 / 메모리 용량 : 최대 256GB / XMP / EXPO / [확장슬롯] PCIe버전 : PCIe5.0 , PCIe4.0 / PCIex16 : 1개 / PCIex16(at x4) : 1개 / [저장장치] SATA3 : 2개 / M.2 : 4개 / M.2 연결 : PCIe5.0 , PCIe4.0 , NVMe , PCIe 레인공유 / [후면단자] HDMI / USB3.x 10Gbps / USB3.x 5Gbps / USB 2.0 / RJ-45 / S/PDIF / 오디오잭 / BIOS플래시백 / 클리어CMOS / USB A타입 : 8개 / USB C타입 : 2개 / [랜/오디오] 유선랜 칩셋 : Realtek / 5Gbps / RJ-45 : 1개 / 무선랜(Wi-Fi) / 블루투스 / 오디오 칩셋 : SupremeFX ALC4080 / 7.1채널(8ch) / [내부I/O] USB/팬 헤더 : USB4 헤더 , USB3.0 헤더 , USB2.0 헤더 , USB3.1 Type C 헤더 , CPU추가팬(OPT) 헤더 , 펌프전용 헤더 / 시스템팬 4핀 : 4개 / I/O 헤더 : 프론트오디오AAFP 헤더 / [특징] 전원부 방열판 / M.2 히트싱크 / 일체형IO실드 / UEFI 닫기",https://img.danuri.io/catalog-image/245/642/122/eda36c3c27d84a31ac688bb324560459.jpeg?shrink=130:130&_v=20260921110123,https://prod.danawa.com/info/?pcode=122642245&cate=112751
149,ASUS,ASUS ROG STRIX B850-A GAMING WIFI STCOM,"374,980","AMD(소켓AM5) / AMD B850 / DDR5 / VGA 연결 : PCIe5.0 x16 / ATX (30.5x24.4cm) / 전원부 : 14+2+2페이즈 / 페이즈당80A / Vcore출력합계 : 1120A / [메모리] 8000MHz (PC5-64000) / 4개 / 메모리 용량 : 최대 256GB / EXPO / [확장슬롯] PCIe버전 : PCIe5.0 , PCIe4.0 / PCIex16 : 1개 / PCIex16(at x4) : 1개 / [저장장치] M.2 : 4개 / SATA3 : 2개 / M.2 연결 : PCIe5.0 , PCIe4.0 , NVMe , PCIe 레인공유 / [후면단자] HDMI / DP / USB3.x 20Gbps / USB3.x 10Gbps / USB3.x 5Gbps / USB 2.0 / RJ-45 / S/PDIF / 오디오잭 / BIOS플래시백 / 클리어CMOS / USB A타입 : 8개 / USB C타입 : 2개 / [랜/오디오] 유선랜 칩셋 : Intel / 2.5Gbps / RJ-45 : 1개 / 무선랜(Wi-Fi) / 블루투스 / 오디오 칩셋 : SupremeFX ALC4080 / 7.1채널(8ch) / [내부I/O] USB/팬 헤더 : USB4 헤더 , USB3.0 헤더 , USB2.0 헤더 , USB3.1 Type C 헤더 , CPU추가팬(OPT) 헤더 , 펌프전용 헤더 / 시스템팬 4핀 : 4개 / I/O 헤더 : 디버그LED , 프론트오디오AAFP 헤더 , 온도 센서 / [특징] 전원부 방열판 / M.2 히트싱크 / 일체형IO실드 / UEFI 닫기",https://img.danuri.io/catalog-image/867/883/073/ca319517568b4c5297252f8ad7a84597.jpg?shrink=130:130&_v=20260921080454,https://prod.danawa.com/info/?pcode=73883867&cate=112751
150,ASUS,ASUS ROG STRIX B850-F GAMING WIFI STCOM,"390,370","AMD(소켓AM5) / AMD B850 / DDR5 / VGA 연결 : PCIe5.0 x16 / ATX (30.5x24.4cm) / 전원부 : 16+2+2페이즈 / 페이즈당80A / Vcore출력합계 : 1280A / [메모리] 8000MHz (PC5-64000) / 4개 / 메모리 용량 : 최대 256GB / EXPO / [확장슬롯] PCIe버전 : PCIe5.0 , PCIe4.0 / PCIex16 : 1개 / PCIex16(at x4) : 1개 / [저장장치] M.2 : 4개 / SATA3 : 2개 / M.2 연결 : PCIe5.0 , PCIe4.0 , NVMe , PCIe 레인공유 / [후면단자] HDMI / DP / USB3.x 20Gbps / USB3.x 10Gbps / USB 2.0 / RJ-45 / S/PDIF / 오디오잭 / BIOS플래시백 / 클리어CMOS / USB A타입 : 10개 / USB C타입 : 2개 / [랜/오디오] 유선랜 칩셋 : Intel / 2.5Gbps / RJ-45 : 1개 / 무선랜(Wi-Fi) / 블루투스 / 오디오 칩셋 : SupremeFX ALC4080 / 7.1채널(8ch) / [내부I/O] USB/팬 헤더 : USB4 헤더 , USB3.0 헤더 , USB2.0 헤더 , USB3.1 Type C 헤더 , CPU추가팬(OPT) 헤더 , 펌프전용 헤더 / 시스템팬 4핀 : 4개 / I/O 헤더 : 디버그LED , 프론트오디오AAFP 헤더 , 온도 센서 / [특징] 전원부 방열판 / M.2 히트싱크 / 일체형IO실드 / UEFI 닫기",https://img.danuri.io/catalog-image/918/883/073/e691c920ea514abf85a49c80f7ecb274.jpg?shrink=130:130&_v=20260921080609,https://prod.danawa.com/info/?pcode=73883918&cate=112751
151,ASUS,ASUS TUF Gaming B850-PRO WIFI7 W NEO 대원씨티에스,"327,990","AMD(소켓AM5) / AMD B850 / DDR5 / VGA 연결 : PCIe5.0 x16 / ATX (30.5x24.4cm) / 전원부 : 14+2+1페이즈 / 80A / Vcore출력합계 : 1120 / [메모리] 9000MHz (PC5-72000) / 4개 / 메모리 용량 : 최대 256GB / XMP / EXPO / [확장슬롯] PCIe버전 : PCIe5.0 , PCIe4.0 / PCIex16 : 1개 / PCIex16(at x4) : 1개 / [저장장치] SATA3 : 4개 / M.2 : 3개 / M.2 연결 : PCIe5.0 , PCIe4.0 , NVMe / [후면단자] HDMI / DP / USB3.x 10Gbps / USB3.x 5Gbps / USB 2.0 / RJ-45 / 오디오잭 / BIOS플래시백 / USB A타입 : 8개 / USB C타입 : 2개 / [랜/오디오] 유선랜 칩셋 : Realtek / 2.5Gbps / RJ-45 : 1개 / 무선랜(Wi-Fi) / 블루투스 / 오디오 칩셋 : Realtek ALC1220P / 7.1채널(8ch) / [내부I/O] USB/팬 헤더 : 썬더볼트4 헤더 , USB3.0 헤더 , USB2.0 헤더 , USB3.1 Type C 헤더 , ARGB 5V 3핀 헤더 , CPU추가팬(OPT) 헤더 , 펌프전용 헤더 / 시스템팬 4핀 : 4개 / I/O 헤더 : 프론트오디오AAFP 헤더 , 침입감지 헤더 , COM포트 헤더 / [특징] DrMOS / 전원부 방열판 / M.2 히트싱크 / 일체형IO실드 / LED라이트 / UEFI 닫기",https://img.danuri.io/catalog-image/328/642/122/0553174c5a39419fab3958e1003b4836.jpeg?shrink=130:130&_v=20260921135043,https://prod.danawa.com/info/?pcode=122642328&cate=112751
152,ASUS,ASUS ROG STRIX X870E-A GAMING WIFI7 NEO 대원씨티에스,"670,660","AMD(소켓AM5) / AMD X870E / DDR5 / VGA 연결 : PCIe5.0 x16 / ATX (30.5x24.4cm) / 전원부 : 18+2+2페이즈 / 110A / Vcore출력합계 : 1980 / 메모리 9600MHz (PC5-76800) / 4개 / 메모리 용량 : 최대 256GB / XMP / EXPO / 확장슬롯 PCIe버전 : PCIe5.0 , PCIe4.0 / PCIex16 : 1개 / PCIex16(at x4) : 1개 / 저장장치 SATA3 : 4개 / M.2 : 4개 / M.2 연결 : PCIe5.0 , PCIe4.0 , NVMe , PCIe 레인공유 / 후면단자 HDMI / Type-C / USB4 40Gbps / USB3.x 10Gbps / RJ-45 / S/PDIF / 오디오잭 / BIOS플래시백 / 클리어CMOS / USB A타입 : 9개 / USB C타입 : 3개 / 랜/오디오 유선랜 칩셋 : Realtek / 5Gbps / RJ-45 : 1개 / 무선랜(Wi-Fi) / 블루투스 / 오디오 칩셋 : SupremeFX ALC4080 / 7.1채널(8ch) / 내부I/O USB/팬 헤더 : USB3.0 헤더 , USB2.0 헤더 , ARGB 5V 3핀 헤더 , CPU추가팬(OPT) 헤더 , 펌프전용 헤더 / 시스템팬 4핀 : 5개 / I/O 헤더 : 디버그LED , 프론트오디오AAFP 헤더 , 온도 센서 / 특징 SPS(DrMOS) / 전원부 방열판 / M.2 히트싱크 / 일체형IO실드 / LED라이트 / UEFI 닫기",https://img.danuri.io/catalog-image/205/645/122/5ffa6ac101284d078645b4a12003e161.jpeg?shrink=130:130&_v=20260921080443,https://prod.danawa.com/info/?pcode=122645205&cate=112751
153,ASUS,ASUS PRIME H510M-K R2.0 STCOM,"115,390","인텔 H470 / 인텔(소켓1200) / DDR4 / VGA 연결 : PCIe4.0 x16 / M-ATX (22.6x20.3cm) / [메모리] 3200MHz (PC4-25600) / 2개 / 메모리 용량 : 최대 64GB / XMP / [확장슬롯] PCIe버전 : PCIe4.0 , PCIe3.0 / PCIex16 : 1개 / PCIex1 : 1개 / [저장장치] M.2 : 1개 / SATA3 : 4개 / M.2 연결 : PCIe , NVMe , SATA / [후면단자] HDMI / D-SUB / USB3.x 5Gbps / USB 2.0 / RJ-45 / 오디오잭 / PS/2 / USB A타입 : 6개 / [랜/오디오] 유선랜 칩셋 : Intel I219-V / 1Gbps / RJ-45 : 1개 / 오디오 칩셋 : Realtek ALC897/887 / 7.1채널(8ch) / [내부I/O] USB/팬 헤더 : USB3.0 헤더 , USB2.0 헤더 , RGB 12V 4핀 헤더 / 시스템팬 4핀 : 1개 / I/O 헤더 : TPM 헤더 , 프론트오디오AAFP 헤더 , COM포트 헤더 , S/PDIF OUT 헤더 / [특징] UEFI 닫기",https://img.danuri.io/catalog-image/822/511/028/7058d35abd584d72acc74dc589a419e2.jpg?shrink=130:130&_v=20260921080457,https://prod.danawa.com/info/?pcode=28511822&cate=112751
154,ASUS,ASUS P12R-I STCOM,"358,980","인텔 C252 / 인텔(소켓1200) / DDR4 / M-iTX (17.0x17.0cm) / [메모리] 3200MHz (PC4-25600) / 2개 / 메모리 용량 : 최대 64GB / [확장슬롯] PCIe버전 : PCIe4.0 / PCIex16 : 1개 / [저장장치] M.2 : 1개 / SATA3 : 2개 / [후면단자] D-SUB / USB3.x 5Gbps / USB A타입 : 4개 / [랜/오디오] 유선랜 칩셋 : Intel I210AT / 1Gbps / RJ-45 : 2개 / 듀얼LAN / [내부I/O] USB/팬 헤더 : USB3.0 헤더 / I/O 헤더 : TPM 헤더 , COM포트 헤더 닫기",https://img.danuri.io/catalog-image/871/927/019/e5d7848308684dbdbfc5376647e5318e.jpg?shrink=130:130&_v=20260921080444,https://prod.danawa.com/info/?pcode=19927871&cate=112751
155,ASUS,ASUS TUF Gaming Z590-PLUS 인텍앤컴퍼니,"500,000","인텔 Z590 / 인텔(소켓1200) / DDR4 / VGA 연결 : PCIe4.0 x16 / ATX (30.5x24.4cm) / [메모리] PC4-41000 (5,133MHz) / 4개 / 메모리 용량 : 최대 128GB / XMP / 옵테인 / PCIe버전 : PCIe4.0 , PCIe3.0 / PCIex16 : 2개 / PCIex1 : 2개 / [저장장치] M.2 : 3개 / SATA3 : 6개 / M.2 연결 : PCIe4.0 , PCIe , NVMe , SATA / [후면단자] HDMI / DP / USB3.x 20Gbps / USB3.x 10Gbps / USB3.x 5Gbps / USB 2.0 / RJ-45 / S/PDIF / 오디오잭 / PS/2 / USB A타입 : 6개 / USB C타입 : 1개 / [랜/오디오] 유선랜 칩셋 : Intel I225-V / 2.5Gbps / RJ-45 : 1개 / 오디오 칩셋 : Realtek ALC S1200A / 7.1채널(8ch) / [내부I/O] USB/팬 헤더 : 썬더볼트4 헤더 , USB3.0 헤더 , USB2.0 헤더 , USB3.0 Type C 헤더 , RGB 12V 4핀 헤더 , ARGB 5V 3핀 헤더 / 시스템팬 4핀 : 3개 / [특징] M.2 히트싱크 / LED라이트 / UEFI 닫기",https://img.danuri.io/catalog-image/644/587/013/c7123290580942dba3c460e772a1df3e.jpg?shrink=130:130&_v=20260921080444,https://prod.danawa.com/info/?pcode=13587644&cate=112751
156,ASUS,ASUS PRIME H510M-K 인텍앤컴퍼니,"142,100","인텔 H510 / 인텔(소켓1200) / DDR4 / VGA 연결 : PCIe4.0 x16 / M-ATX (22.6x20.3cm) / [메모리] 3200MHz (PC4-25600) / 2개 / 메모리 용량 : 최대 64GB / XMP / [확장슬롯] PCIe버전 : PCIe4.0 , PCIe3.0 / PCIex16 : 1개 / PCIex1 : 1개 / [저장장치] M.2 : 1개 / SATA3 : 4개 / M.2 연결 : PCIe , NVMe , SATA / [후면단자] HDMI / D-SUB / USB3.x 5Gbps / USB 2.0 / RJ-45 / 오디오잭 / PS/2 / USB A타입 : 6개 / [랜/오디오] 유선랜 칩셋 : Intel I219-V / 1Gbps / RJ-45 : 1개 / 오디오 칩셋 : Realtek ALC897/887 / 7.1채널(8ch) / [내부I/O] USB/팬 헤더 : USB3.0 헤더 , USB2.0 헤더 , RGB 12V 4핀 헤더 / 시스템팬 4핀 : 1개 / I/O 헤더 : TPM 헤더 / [특징] UEFI 닫기",https://img.danuri.io/catalog-image/334/005/014/d71fe143fa0a405cbfa59e4123b715be.jpg?shrink=130:130&_v=20260921080609,https://prod.danawa.com/info/?pcode=14005334&cate=112751
157,ASUS,ASUS ROG MAXIMUS XIII APEX 인텍앤컴퍼니,"650,000","인텔 Z590 / 인텔(소켓1200) / DDR4 / VGA 연결 : PCIe4.0 x16 / ATX (30.5x24.4cm) / 전원부 : 18페이즈 / [메모리] 5333MHz (PC4-42600) / 4개 / 메모리 용량 : 최대 64GB / XMP / 옵테인 / [확장슬롯] PCIe버전 : PCIe4.0 , PCIe3.0 / PCIex16 : 2개 / PCIex4 : 1개 / SLI / [저장장치] M.2 : 4개 / SATA3 : 8개 / M.2 연결 : PCIe4.0 , PCIe , NVMe , SATA / [후면단자] USB3.x 20Gbps / USB3.x 10Gbps / USB3.x 5Gbps / RJ-45 / S/PDIF / 오디오잭 / PS/2 / USB A타입 : 9개 / USB C타입 : 1개 / [랜/오디오] 유선랜 칩셋 : Intel I225-V / 2.5Gbps / RJ-45 : 1개 / 무선랜(Wi-Fi) / 블루투스 / 오디오 칩셋 : SupremeFX ALC4080 / 7.1채널(8ch) / [내부I/O] USB/팬 헤더 : 썬더볼트4 헤더 , USB3.0 헤더 , USB2.0 헤더 , USB3.2 Type C 헤더 , RGB 12V 4핀 헤더 , ARGB 5V 3핀 헤더 / 시스템팬 4핀 : 3개 / [특징] M.2 히트싱크 / LED라이트 / UEFI 닫기",https://img.danuri.io/catalog-image/599/875/013/db5c80f6e90c4da2ac93d57444d85f0e.jpg?shrink=130:130&_v=20260921080622,https://prod.danawa.com/info/?pcode=13875599&cate=112751
158,ASUS,ASUS PRIME H410M-A STCOM,"120,000","인텔 H410 / 인텔(소켓1200) / DDR4 / VGA 연결 : PCIe3.0 x16 / M-ATX (22.6x20.3cm) / 전원부 : 6+2페이즈 / [메모리] 2933MHz (PC4-23400) / 2개 / 메모리 용량 : 최대 64GB / XMP / [확장슬롯] PCIe버전 : PCIe3.0 / PCIex16 : 1개 / PCIex1 : 2개 / [저장장치] M.2 : 1개 / SATA3 : 4개 / M.2 연결 : PCIe , NVMe , SATA / [후면단자] HDMI / DVI / D-SUB / USB3.x 5Gbps / USB 2.0 / RJ-45 / S/PDIF / 오디오잭 / PS/2 / USB A타입 : 4개 / [랜/오디오] 유선랜 칩셋 : Realtek RTL8111H / 1Gbps / RJ-45 : 1개 / 오디오 칩셋 : Realtek ALC887 / 7.1채널(8ch) / [내부I/O] USB/팬 헤더 : USB3.0 헤더 , USB2.0 헤더 / 시스템팬 4핀 : 2개 / I/O 헤더 : TPM 헤더 / [특징] UEFI 닫기",https://img.danuri.io/catalog-image/290/971/016/2f95a0a8c5dc4ed496d2b7201d162cda.jpg?shrink=130:130&_v=20260921080622,https://prod.danawa.com/info/?pcode=16971290&cate=112751
159,ASUS,ASUS TUF Gaming B560M-PLUS WIFI 인텍앤컴퍼니,"330,000","인텔 B560 / 인텔(소켓1200) / DDR4 / VGA 연결 : PCIe4.0 x16 / M-ATX (24.4x24.4cm) / 전원부 : 8+1페이즈 / [메모리] 5000MHz (PC4-40000) / 4개 / 메모리 용량 : 최대 128GB / XMP / 옵테인 / PCIe버전 : PCIe4.0 , PCIe3.0 / PCIex16 : 2개 / PCIex1 : 1개 / [저장장치] M.2 : 2개 / SATA3 : 6개 / M.2 연결 : PCIe4.0 , PCIe , NVMe , SATA / [후면단자] HDMI / DP / USB3.x 10Gbps / USB3.x 5Gbps / USB 2.0 / RJ-45 / S/PDIF / 오디오잭 / USB A타입 : 8개 / USB C타입 : 1개 / [랜/오디오] 유선랜 칩셋 : Realtek / 2.5Gbps / RJ-45 : 1개 / 무선랜(Wi-Fi) / 블루투스 / 오디오 칩셋 : Realtek ALC887/897 / 7.1채널(8ch) / [내부I/O] USB/팬 헤더 : 썬더볼트4 헤더 , USB3.0 헤더 , USB2.0 헤더 , USB3.0 Type C 헤더 , RGB 12V 4핀 헤더 , ARGB 5V 3핀 헤더 / 시스템팬 4핀 : 2개 / [특징] LED라이트 / UEFI 닫기",https://img.danuri.io/catalog-image/976/561/013/bcb3013aa02540b6a1298e0671e661ff.jpg?shrink=130:130&_v=20260921080444,https://prod.danawa.com/info/?pcode=13561976&cate=112751
160,ASUS,ASUS ROG STRIX Z490-E GAMING STCOM,"500,000","인텔 Z490 / 인텔(소켓1200) / DDR4 / VGA 연결 : PCIe3.0 x16 / ATX (30.5x24.4cm) / 전원부 : 14+2페이즈 / [메모리] 4600MHz (PC4-36800) / 4개 / 메모리 용량 : 최대 128GB / 옵테인 / PCIe버전 : PCIe3.0 , PCIe / PCIex16 : 3개 / PCIex1 : 3개 / CrossFire X / SLI / [저장장치] M.2 : 2개 / SATA3 : 6개 / M.2 연결 : PCIe , NVMe , SATA / [후면단자] HDMI / DP / USB3.x 10Gbps / USB3.x 5Gbps / USB 2.0 / RJ-45 / S/PDIF / 오디오잭 / [랜/오디오] 유선랜 칩셋 : Intel I225-V / 2.5Gbps / RJ-45 : 1개 / 무선랜(Wi-Fi) / 블루투스 / 오디오 칩셋 : SupremeFX S1220A / 7.1채널(8ch) / [특징] M.2 히트싱크 / LED라이트 / UEFI 닫기",https://img.danuri.io/catalog-image/097/210/011/f4142a2098334364bec3f85c0efb03c3.jpg?shrink=130:130&_v=20260921080457,https://prod.danawa.com/info/?pcode=11210097&cate=112751
161,ASUS,ASUS PRIME H510M-K R2.0 인텍앤컴퍼니,"300,000","인텔 H470 / 인텔(소켓1200) / DDR4 / VGA 연결 : PCIe4.0 x16 / M-ATX (22.6x20.3cm) / [메모리] 3200MHz (PC4-25600) / 2개 / 메모리 용량 : 최대 64GB / XMP / [확장슬롯] PCIe버전 : PCIe4.0 , PCIe3.0 / PCIex16 : 1개 / PCIex1 : 1개 / [저장장치] M.2 : 1개 / SATA3 : 4개 / M.2 연결 : PCIe , NVMe , SATA / [후면단자] HDMI / D-SUB / USB3.x 5Gbps / USB 2.0 / RJ-45 / 오디오잭 / PS/2 / [랜/오디오] 유선랜 칩셋 : Intel I219-V / 1Gbps / RJ-45 : 1개 / 오디오 칩셋 : Realtek ALC897/887 / 7.1채널(8ch) / [내부I/O] USB/팬 헤더 : USB3.0 헤더 , USB2.0 헤더 , RGB 12V 4핀 헤더 / 시스템팬 4핀 : 1개 / I/O 헤더 : TPM 헤더 , 프론트오디오AAFP 헤더 , COM포트 헤더 , S/PDIF OUT 헤더 / [특징] UEFI 닫기",https://img.danuri.io/catalog-image/564/027/020/1a2028125fc644e0a2259c0531ee7034.jpg?shrink=130:130&_v=20260921080457,https://prod.danawa.com/info/?pcode=20027564&cate=112751
162,ASUS,ASUS ROG STRIX B560-A GAMING WIFI STCOM,"500,000","인텔 B560 / 인텔(소켓1200) / DDR4 / VGA 연결 : PCIe4.0 x16 / ATX (30.5x24.4cm) / 전원부 : 8+2페이즈 / [메모리] 5000MHz (PC4-40000) / 4개 / 메모리 용량 : 최대 128GB / XMP / [확장슬롯] PCIe버전 : PCIe4.0 , PCIe3.0 , PCIe / PCIex16 : 2개 / PCIex1 : 1개 / [저장장치] M.2 : 2개 / SATA3 : 6개 / M.2 연결 : PCIe4.0 , PCIe , NVMe , SATA / [후면단자] HDMI / DP / USB3.x 20Gbps / USB3.x 10Gbps / USB3.x 5Gbps / USB 2.0 / RJ-45 / 오디오잭 / Type-C(오디오) / USB A타입 : 7개 / USB C타입 : 2개 / 유선랜 칩셋 : Realtek / 2.5Gbps / RJ-45 : 1개 / 무선랜(Wi-Fi) / 블루투스 / 오디오 칩셋 : SupremeFX S1220A / [내부I/O] USB/팬 헤더 : USB3.0 헤더 , USB2.0 헤더 , USB3.0 Type C 헤더 , RGB 12V 4핀 헤더 , ARGB 5V 3핀 헤더 / 시스템팬 4핀 : 3개 / I/O 헤더 : TPM 헤더 / [특징] M.2 히트싱크 / UEFI 닫기",https://img.danuri.io/catalog-image/805/924/013/6a3fb30e677b4c40b4f8deaf5e55e8e7.jpg?shrink=130:130&_v=20260921080622,https://prod.danawa.com/info/?pcode=13924805&cate=112751
163,ASUS,ASUS ROG STRIX Z590-F GAMING WIFI 인텍앤컴퍼니,"600,000","인텔 Z590 / 인텔(소켓1200) / DDR4 / VGA 연결 : PCIe4.0 x16 / ATX (30.5x24.4cm) / [메모리] 5333MHz (PC4-42600) / 4개 / 메모리 용량 : 최대 128GB / XMP / 옵테인 / PCIe버전 : PCIe4.0 , PCIe3.0 / PCIex16 : 3개 / [저장장치] M.2 : 4개 / SATA3 : 6개 / M.2 연결 : PCIe4.0 , PCIe , NVMe , SATA / [후면단자] HDMI / DP / USB3.x 20Gbps / USB3.x 10Gbps / USB3.x 5Gbps / USB 2.0 / RJ-45 / S/PDIF / 오디오잭 / [랜/오디오] 유선랜 칩셋 : Intel I225-V / 2.5Gbps / RJ-45 : 1개 / 무선랜(Wi-Fi) / 블루투스 / 오디오 칩셋 : SupremeFX ALC4082 / 7.1채널(8ch) / [내부I/O] USB/팬 헤더 : 썬더볼트4 헤더 , USB3.0 헤더 , USB2.0 헤더 , USB3.1 Type C 헤더 , RGB 12V 4핀 헤더 , ARGB 5V 3핀 헤더 / 시스템팬 4핀 : 3개 / I/O 헤더 : TPM 헤더 / [특징] M.2 히트싱크 / LED라이트 / UEFI 닫기",https://img.danuri.io/catalog-image/441/355/013/cc534e76de4444f7a6e421139032911c.jpg?shrink=130:130&_v=20260921080444,https://prod.danawa.com/info/?pcode=13355441&cate=112751
164,ASUS,ASUS TUF Gaming B560M-PLUS WIFI (해외구매),"257,800","인텔(소켓1200) / DDR4 / 인텔 B560 / VGA 연결 : PCIe4.0 x16 / M-ATX (24.4x24.4cm) / 전원부 : 8+1페이즈 / [메모리] 5000MHz (PC4-40000) / 4개 / 메모리 용량 : 최대 128GB / XMP / 옵테인 / PCIe버전 : PCIe4.0 , PCIe3.0 / PCIex16 : 2개 / PCIex1 : 1개 / [저장장치] M.2 : 2개 / SATA3 : 6개 / M.2 연결 : PCIe4.0 , PCIe , NVMe , SATA / [후면단자] HDMI / DP / USB3.x 10Gbps / USB3.x 5Gbps / USB 2.0 / RJ-45 / S/PDIF / 오디오잭 / USB A타입 : 8개 / USB C타입 : 1개 / [랜/오디오] 유선랜 칩셋 : Realtek / 2.5Gbps / RJ-45 : 1개 / 무선랜(Wi-Fi) / 블루투스 / 오디오 칩셋 : Realtek ALC887/897 / 7.1채널(8ch) / [내부I/O] USB/팬 헤더 : 썬더볼트4 헤더 , USB3.0 헤더 , USB2.0 헤더 , USB3.0 Type C 헤더 , RGB 12V 4핀 헤더 , ARGB 5V 3핀 헤더 / 시스템팬 4핀 : 2개 / [특징] LED라이트 / UEFI 닫기",https://img.danuri.io/catalog-image/498/398/018/3acfc202bf354691ab568d3c2e3cd9d8.jpg?shrink=130:130&_v=20260921080458,https://prod.danawa.com/info/?pcode=18398498&cate=112751
165,ASUS,ASUS PRIME H610M-K D4 인텍앤컴퍼니,"76,600","인텔 H610 / 인텔(소켓1700) / DDR4 / VGA 연결 : PCIe4.0 x16 / M-ATX (23.4x20.3cm) / [메모리] 3200MHz (PC4-25600) / 2개 / 메모리 용량 : 최대 64GB / XMP / 옵테인 / [확장슬롯] PCIe버전 : PCIe4.0 , PCIe3.0 , PCIe / PCIex16 : 1개 / PCIex1 : 1개 / [저장장치] M.2 : 1개 / SATA3 : 4개 / M.2 연결 : PCIe , NVMe , SATA / [후면단자] HDMI / D-SUB / USB3.x 5Gbps / USB 2.0 / RJ-45 / 오디오잭 / PS/2 / USB A타입 : 6개 / [랜/오디오] 유선랜 칩셋 : Realtek 1Gb / 1Gbps / RJ-45 : 1개 / 오디오 칩셋 : Realtek / 7.1채널(8ch) / [내부I/O] USB/팬 헤더 : USB3.0 헤더 , USB2.0 헤더 , RGB 12V 4핀 헤더 / 시스템팬 4핀 : 1개 / I/O 헤더 : TPM 헤더 / [특징] UEFI 닫기",https://img.danuri.io/catalog-image/650/083/016/6374b5603cd7476ca5bec5f5a6a83bb1.jpg?shrink=130:130&_v=20260921080444,https://prod.danawa.com/info/?pcode=16083650&cate=112751
166,ASUS,ASUS PRIME B760M-A D4 STCOM,"128,990","인텔(소켓1700) / 인텔 B760 / DDR4 / VGA 연결 : PCIe4.0 x16 / M-ATX (24.4x24.4cm) / 전원부 : 8페이즈 / 메모리 5333MHz (PC4-42600) / 4개 / 메모리 용량 : 최대 128GB / XMP / 확장슬롯 PCIe버전 : PCIe4.0 / PCIex16 : 1개 / PCIex16(at x4) : 1개 / PCIex16(at x1) : 1개 / 저장장치 SATA3 : 4개 / M.2 : 2개 / M.2 연결 : PCIe4.0 , NVMe / 후면단자 HDMI / DP / USB3.x 10Gbps / USB 2.0 / RJ-45 / 오디오잭 / PS/2 / USB A타입 : 6개 / 랜/오디오 유선랜 칩셋 : Realtek / 2.5Gbps / RJ-45 : 1개 / 7.1채널(8ch) / 내부I/O USB/팬 헤더 : USB3.0 헤더 , USB2.0 헤더 , USB3.0 Type C 헤더 , RGB 12V 4핀 헤더 , ARGB 5V 3핀 헤더 / 시스템팬 4핀 : 2개 / I/O 헤더 : TPM 헤더 / 특징 전원부 방열판 / M.2 히트싱크 / UEFI 닫기",https://img.danuri.io/catalog-image/898/652/018/4583a8aa0dd14c4a88e79cc3681fc073.jpg?shrink=130:130&_v=20260921080444,https://prod.danawa.com/info/?pcode=18652898&cate=112751
167,ASUS,ASUS PRIME H610M-CS D4 코잇,"75,080","인텔 H610 / 인텔(소켓1700) / DDR4 / VGA 연결 : PCIe4.0 x16 / M-ATX (22.6x19.3cm) / [메모리] 3200MHz (PC4-25600) / 2개 / 메모리 용량 : 최대 64GB / XMP / [확장슬롯] PCIe버전 : PCIe4.0 , PCIe3.0 / PCIex16 : 1개 / PCIex1 : 1개 / [저장장치] M.2 : 1개 / SATA3 : 4개 / M.2 연결 : PCIe , NVMe / [후면단자] HDMI / D-SUB / USB3.x 5Gbps / USB 2.0 / RJ-45 / 오디오잭 / PS/2 / USB A타입 : 6개 / [랜/오디오] 유선랜 칩셋 : Realtek / 1Gbps / RJ-45 : 1개 / 오디오 칩셋 : Realtek / 7.1채널(8ch) / [내부I/O] 시스템팬 4핀 : 1개 / I/O 헤더 : TPM 헤더 , 프론트오디오AAFP 헤더 , 침입감지 헤더 , COM포트 헤더 , LPT포트 헤더 / [특징] UEFI 닫기",https://img.danuri.io/catalog-image/700/344/020/39bce927a60c40c6a8e7ecc1d34387ae.jpg?shrink=130:130&_v=20260921110257,https://prod.danawa.com/info/?pcode=20344700&cate=112751
168,ASUS,ASUS PRIME Z790-P-CSM 코잇,"340,180","인텔 Z790 / 인텔(소켓1700) / DDR5 / VGA 연결 : PCIe5.0 x16 / ATX (30.5x23.4cm) / 전원부 : 14+1페이즈 / 페이즈당50A / Vcore출력합계 : 700A / [메모리] 7200MHz (PC5-57600) / 4개 / 메모리 용량 : 최대 128GB / XMP / [확장슬롯] PCIe버전 : PCIe5.0 , PCIe4.0 , PCIe3.0 / PCIex16 : 1개 / PCIex16(at x4) : 3개 / PCIex1 : 1개 / [저장장치] M.2 : 3개 / SATA3 : 4개 / M.2 연결 : PCIe4.0 , NVMe , SATA / [후면단자] HDMI / DP / USB3.x 20Gbps / USB3.x 10Gbps / USB3.x 5Gbps / USB 2.0 / RJ-45 / 오디오잭 / PS/2 / USB A타입 : 7개 / USB C타입 : 1개 / [랜/오디오] 유선랜 칩셋 : Realtek / 2.5Gbps / RJ-45 : 1개 / M.2 Key-E(모듈별매) / 오디오 칩셋 : Realtek / 7.1채널(8ch) / [내부I/O] USB/팬 헤더 : USB4 헤더 , USB3.0 헤더 , USB2.0 헤더 , USB3.1 Type C 헤더 , RGB 12V 4핀 헤더 , ARGB 5V 3핀 헤더 / 시스템팬 4핀 : 3개 / I/O 헤더 : TPM 헤더 / [특징] DrMOS / 전원부 방열판 / M.2 히트싱크 / UEFI 닫기",https://img.danuri.io/catalog-image/803/054/018/d583f2fdf96d425bbf4e6f9803704058.jpg?shrink=130:130&_v=20260921135139,https://prod.danawa.com/info/?pcode=18054803&cate=112751
169,ASUS,ASUS ROG STRIX B760-G GAMING WIFI 인텍앤컴퍼니,"219,750","인텔 B760 / 인텔(소켓1700) / DDR5 / VGA 연결 : PCIe5.0 x16 / M-ATX (24.4x24.4cm) / 전원부 : 12+1+페이즈 / 페이즈당60A / Vcore출력합계 : 720A / [메모리] 7800MHz (PC5-62400) / 4개 / 메모리 용량 : 최대 192GB / XMP / [확장슬롯] PCIe버전 : PCIe5.0 , PCIe4.0 / PCIex16 : 1개 / PCIex16(at x4) : 1개 / PCIex1 : 2개 / [저장장치] M.2 : 2개 / SATA3 : 4개 / M.2 연결 : PCIe4.0 , NVMe / [후면단자] HDMI / DP / USB3.x 20Gbps / USB3.x 10Gbps / USB3.x 5Gbps / USB 2.0 / RJ-45 / 오디오잭 / BIOS플래시백 / USB A타입 : 7개 / USB C타입 : 2개 / [랜/오디오] 유선랜 칩셋 : Intel 2.5Gb / 2.5Gbps / RJ-45 : 1개 / 무선랜(Wi-Fi) / 블루투스 / 오디오 칩셋 : SupremeFX S1220A / 7.1채널(8ch) / [내부I/O] USB/팬 헤더 : USB4 헤더 , USB3.0 헤더 , USB2.0 헤더 , USB3.1 Type C 헤더 , RGB 12V 4핀 헤더 , ARGB 5V 3핀 헤더 / 시스템팬 4핀 : 2개 / I/O 헤더 : 디버그LED / [특징] 전원부 방열판 / M.2 히트싱크 / LED라이트 / UEFI / 23년 9월부로 지원메모리 속도 및 용량 확장 닫기",https://img.danuri.io/catalog-image/675/772/019/e502347c4e60477fbd968ca37cc51756.jpg?shrink=130:130&_v=20260921080609,https://prod.danawa.com/info/?pcode=19772675&cate=112751
170,ASUS,ASUS PRIME B760M-A 인텍앤컴퍼니,"143,800","인텔 B760 / 인텔(소켓1700) / DDR5 / VGA 연결 : PCIe4.0 x16 / M-ATX (24.4x24.4cm) / 전원부 : 8페이즈 / [메모리] 7200MHz (PC5-57600) / 4개 / 메모리 용량 : 최대 128GB / XMP / [확장슬롯] PCIe버전 : PCIe4.0 / PCIex16 : 1개 / PCIex16(at x4) : 1개 / PCIex16(at x1) : 1개 / [저장장치] M.2 : 2개 / SATA3 : 4개 / M.2 연결 : PCIe4.0 , NVMe / [후면단자] HDMI / DP / USB3.x 10Gbps / USB 2.0 / RJ-45 / 오디오잭 / PS/2 / USB A타입 : 6개 / [랜/오디오] 유선랜 칩셋 : Realtek / 2.5Gbps / RJ-45 : 1개 / 7.1채널(8ch) / [내부I/O] USB/팬 헤더 : USB3.0 헤더 , USB2.0 헤더 , USB3.0 Type C 헤더 , RGB 12V 4핀 헤더 , ARGB 5V 3핀 헤더 / 시스템팬 4핀 : 2개 / I/O 헤더 : TPM 헤더 / [특징] 전원부 방열판 / M.2 히트싱크 / UEFI 닫기",https://img.danuri.io/catalog-image/375/772/019/f54c11a7fbf5426a96b6cd23076c28f6.jpg?shrink=130:130&_v=20260921080454,https://prod.danawa.com/info/?pcode=19772375&cate=112751
171,ASUS,ASUS PRIME Z790-P WIFI-CSM 코잇,"368,500","인텔 Z790 / 인텔(소켓1700) / DDR5 / VGA 연결 : PCIe5.0 x16 / ATX (30.5x23.4cm) / 전원부 : 14+1페이즈 / 페이즈당50A / Vcore출력합계 : 700A / [메모리] 7200MHz (PC5-57600) / 4개 / 메모리 용량 : 최대 128GB / XMP / [확장슬롯] PCIe버전 : PCIe5.0 , PCIe4.0 , PCIe3.0 / PCIex16 : 1개 / PCIex16(at x4) : 3개 / PCIex1 : 1개 / [저장장치] M.2 : 3개 / SATA3 : 4개 / M.2 연결 : PCIe4.0 , NVMe , SATA / [후면단자] HDMI / DP / USB3.x 20Gbps / USB3.x 10Gbps / USB3.x 5Gbps / USB 2.0 / RJ-45 / 오디오잭 / PS/2 / USB A타입 : 7개 / USB C타입 : 1개 / [랜/오디오] 유선랜 칩셋 : Realtek / 2.5Gbps / RJ-45 : 1개 / 무선랜(Wi-Fi) / 블루투스 / 오디오 칩셋 : Realtek / 7.1채널(8ch) / [내부I/O] USB/팬 헤더 : USB4 헤더 , USB3.0 헤더 , USB2.0 헤더 , USB3.1 Type C 헤더 , RGB 12V 4핀 헤더 , ARGB 5V 3핀 헤더 / 시스템팬 4핀 : 3개 / I/O 헤더 : TPM 헤더 / [특징] DrMOS / 전원부 방열판 / M.2 히트싱크 / UEFI 닫기",https://img.danuri.io/catalog-image/881/054/018/703ce71dacfb45aebbe8810c54eb4884.jpg?shrink=130:130&_v=20260921080442,https://prod.danawa.com/info/?pcode=18054881&cate=112751
172,ASUS,ASUS Pro H610T/CSM D4 코잇 (벌크),"173,990","인텔 H610 / 인텔(소켓1700) / DDR4 노트북용 / M-iTX (17.0x17.0cm) / [메모리] 3200MHz (PC4-25600) / 2개 / 메모리 용량 : 최대 64GB / [저장장치] M.2 : 1개 / SATA3 : 2개 / M.2 연결 : PCIe4.0 , PCIe , NVMe , SATA / [후면단자] HDMI / DP / USB3.x 10Gbps / USB 2.0 / RJ-45 / 오디오잭 / USB A타입 : 4개 / [랜/오디오] 유선랜 칩셋 : Realtek 1Gb / 1Gbps / RJ-45 : 1개 / M.2 Key-E(모듈별매) / 오디오 칩셋 : Realtek / 7.1채널(8ch) / [내부I/O] USB/팬 헤더 : USB3.0 헤더 , USB2.0 헤더 / 시스템팬 4핀 : 1개 / I/O 헤더 : TPM 헤더 / [특징] UEFI / LVDS커넥터 / 전원: 19V DC(어댑터 미포함) 닫기",https://img.danuri.io/catalog-image/002/193/017/ae8dd47d740b491e8f068c094a2bb2f0.jpg?shrink=130:130&_v=20260921080609,https://prod.danawa.com/info/?pcode=17193002&cate=112751
173,ASUS,ASUS PRIME H610M-A D4 STCOM,"106,490","인텔 H610 / 인텔(소켓1700) / DDR4 / VGA 연결 : PCIe4.0 x16 / M-ATX (24.4x21.1cm) / [메모리] 3200MHz (PC4-25600) / 2개 / 메모리 용량 : 최대 64GB / XMP / 옵테인 / [확장슬롯] PCIe버전 : PCIe4.0 , PCIe3.0 , PCIe / PCIex16 : 1개 / PCIex1 : 1개 / [저장장치] M.2 : 2개 / SATA3 : 4개 / M.2 연결 : PCIe , NVMe / [후면단자] HDMI / DP / D-SUB / USB3.x 5Gbps / USB 2.0 / RJ-45 / 오디오잭 / PS/2 / USB A타입 : 6개 / [랜/오디오] 유선랜 칩셋 : Intel / 1Gbps / RJ-45 : 1개 / M.2 Key-E(모듈별매) / 오디오 칩셋 : Realtek / 7.1채널(8ch) / [내부I/O] USB/팬 헤더 : USB3.0 헤더 , USB2.0 헤더 , RGB 12V 4핀 헤더 , ARGB 5V 3핀 헤더 / 시스템팬 4핀 : 2개 / I/O 헤더 : TPM 헤더 / [특징] UEFI 닫기",https://img.danuri.io/catalog-image/177/103/016/115be85023074cc990ba9392d21bbab2.jpg?shrink=130:130&_v=20260921080444,https://prod.danawa.com/info/?pcode=16103177&cate=112751
174,ASUS,ASUS TUF Gaming B760M-PLUS II 코잇,"161,960","인텔 B760 / 인텔(소켓1700) / DDR5 / VGA 연결 : PCIe5.0 x16 / M-ATX (24.4x24.4cm) / 전원부 : 12+1+1페이즈 / 페이즈당50A / Vcore출력합계 : 600A / [메모리] 7800MHz (PC5-62400) / 4개 / 메모리 용량 : 최대 192GB / XMP / [확장슬롯] PCIe버전 : PCIe5.0 , PCIe4.0 , PCIe3.0 / PCIex16 : 1개 / PCIex4 : 1개 / PCIex1 : 1개 / [저장장치] M.2 : 3개 / SATA3 : 4개 / M.2 연결 : PCIe4.0 , NVMe / [후면단자] HDMI / DP / USB3.x 20Gbps / USB3.x 10Gbps / USB3.x 5Gbps / USB 2.0 / RJ-45 / S/PDIF / 오디오잭 / USB A타입 : 7개 / USB C타입 : 1개 / [랜/오디오] 유선랜 칩셋 : Realtek / 2.5Gbps / RJ-45 : 1개 / 오디오 칩셋 : Realtek / 7.1채널(8ch) / [내부I/O] USB/팬 헤더 : 썬더볼트4 헤더 , USB4 헤더 , USB3.0 헤더 , USB2.0 헤더 , USB3.1 Type C 헤더 , RGB 12V 4핀 헤더 , ARGB 5V 3핀 헤더 , CPU추가팬(OPT) 헤더 , 펌프전용 헤더 / 시스템팬 4핀 : 3개 / I/O 헤더 : 디버그LED , 프론트오디오AAFP 헤더 , 침입감지 헤더 / [특징] DrMOS / 전원부 방열판 / M.2 히트싱크 / UEFI 닫기",https://img.danuri.io/catalog-image/659/815/034/6444babdd8ba4c2d90e8e70445c2ed54.jpg?shrink=130:130&_v=20260921080458,https://prod.danawa.com/info/?pcode=34815659&cate=112751
175,ASUS,ASUS PRIME B760-PLUS 코잇,"250,250","인텔 B760 / 인텔(소켓1700) / DDR5 / VGA 연결 : PCIe5.0 x16 / ATX (30.5x24.4cm) / [메모리] 7200MHz (PC5-57600) / 4개 / 메모리 용량 : 최대 128GB / XMP / [확장슬롯] PCIe버전 : PCIe5.0 , PCIe4.0 , PCIe3.0 / PCIex16 : 1개 / PCIex16(at x4) : 1개 / PCIex1 : 2개 / [저장장치] M.2 : 3개 / SATA3 : 4개 / M.2 연결 : PCIe4.0 , NVMe / [후면단자] HDMI / DP / D-SUB / USB3.x 20Gbps / USB3.x 10Gbps / USB3.x 5Gbps / USB 2.0 / RJ-45 / S/PDIF / 오디오잭 / USB A타입 : 5개 / USB C타입 : 1개 / [랜/오디오] 유선랜 칩셋 : Realtek / 2.5Gbps / RJ-45 : 1개 / M.2 Key-E(모듈별매) / 오디오 칩셋 : Realtek / 7.1채널(8ch) / [내부I/O] USB/팬 헤더 : USB4 헤더 , USB3.0 헤더 , USB2.0 헤더 , USB3.0 Type C 헤더 , RGB 12V 4핀 헤더 , ARGB 5V 3핀 헤더 / 시스템팬 4핀 : 3개 / I/O 헤더 : TPM 헤더 / [특징] 전원부 방열판 / M.2 히트싱크 / UEFI 닫기",https://img.danuri.io/catalog-image/130/756/019/ab2033c7347e4c95a8f65fae32e4dbf7.jpg?shrink=130:130&_v=20260921110122,https://prod.danawa.com/info/?pcode=19756130&cate=112751
176,ASUS,ASUS ROG STRIX B760-G GAMING WIFI 코잇,"219,230","인텔 B760 / 인텔(소켓1700) / DDR5 / VGA 연결 : PCIe5.0 x16 / M-ATX (24.4x24.4cm) / 전원부 : 12+1+1페이즈 / 페이즈당60A / Vcore출력합계 : 720A / [메모리] 7800MHz (PC5-62400) / 4개 / 메모리 용량 : 최대 192GB / XMP / [확장슬롯] PCIe버전 : PCIe5.0 , PCIe4.0 / PCIex16 : 1개 / PCIex16(at x4) : 1개 / PCIex1 : 2개 / [저장장치] M.2 : 2개 / SATA3 : 4개 / M.2 연결 : PCIe4.0 , NVMe / [후면단자] HDMI / DP / USB3.x 20Gbps / USB3.x 10Gbps / USB3.x 5Gbps / USB 2.0 / RJ-45 / 오디오잭 / BIOS플래시백 / USB A타입 : 7개 / USB C타입 : 2개 / [랜/오디오] 유선랜 칩셋 : Intel / 2.5Gbps / RJ-45 : 1개 / 무선랜(Wi-Fi) / 블루투스 / 오디오 칩셋 : SupremeFX S1220A / 7.1채널(8ch) / [내부I/O] USB/팬 헤더 : USB4 헤더 , USB3.0 헤더 , USB2.0 헤더 , USB3.1 Type C 헤더 , RGB 12V 4핀 헤더 , ARGB 5V 3핀 헤더 , CPU추가팬(OPT) 헤더 / 시스템팬 4핀 : 2개 / I/O 헤더 : 디버그LED / [특징] DrMOS / 전원부 방열판 / M.2 히트싱크 / LED라이트 / UEFI / 23년 9월부로 지원메모리 속도 및 용량 확장 닫기",https://img.danuri.io/catalog-image/481/903/019/0ab95686768c4ac69822ddf540899c18.jpg?shrink=130:130&_v=20260921080622,https://prod.danawa.com/info/?pcode=19903481&cate=112751
177,ASUS,ASUS PRIME B760M-K D4 STCOM,"123,740","인텔 B760 / 인텔(소켓1700) / DDR4 / VGA 연결 : PCIe4.0 x16 / M-ATX (24.4x21.1cm) / 전원부 : 8페이즈 / [메모리] 5333MHz (PC4-42600) / 2개 / 메모리 용량 : 최대 64GB / XMP / [확장슬롯] PCIe버전 : PCIe4.0 / PCIex16 : 1개 / PCIex1 : 2개 / [저장장치] M.2 : 2개 / SATA3 : 4개 / M.2 연결 : PCIe4.0 , NVMe / [후면단자] HDMI / D-SUB / USB3.x 5Gbps / USB 2.0 / RJ-45 / 오디오잭 / PS/2 / USB A타입 : 6개 / [랜/오디오] 유선랜 칩셋 : Realtek / 2.5Gbps / RJ-45 : 1개 / 오디오 칩셋 : Realtek / 7.1채널(8ch) / [내부I/O] USB/팬 헤더 : USB3.0 헤더 , USB2.0 헤더 , RGB 12V 4핀 헤더 , ARGB 5V 3핀 헤더 / 시스템팬 4핀 : 1개 / I/O 헤더 : TPM 헤더 / [특징] 전원부 방열판 / UEFI 닫기",https://img.danuri.io/catalog-image/895/652/018/952312b3ffbf484097c08ca6920aea22.jpg?shrink=130:130&_v=20260921080444,https://prod.danawa.com/info/?pcode=18652895&cate=112751
178,ASUS,ASUS ROG MAXIMUS Z790 APEX ENCORE STCOM,"897,990","인텔 Z790 / 인텔(소켓1700) / DDR5 / VGA 연결 : PCIe5.0 x16 / ATX (30.5x24.4cm) / [메모리] 8400MHz (PC5-67200) / 2개 / 메모리 용량 : 최대 96GB / XMP / [확장슬롯] PCIe버전 : PCIe5.0 , PCIe4.0 / PCIex16 : 1개 / PCIex16(at x8) : 1개 / PCIex4 : 2개 / M.2 : 5개 / SATA3 : 4개 / M.2 연결 : PCIe5.0 , PCIe4.0 , NVMe , DIMM.2 , PCIe 레인공유 / [후면단자] USB3.x 20Gbps / USB3.x 10Gbps / USB3.x 5Gbps / RJ-45 / S/PDIF / 오디오잭 / PS/2 / BIOS플래시백 / 클리어CMOS / USB A타입 : 9개 / USB C타입 : 1개 / [랜/오디오] 유선랜 칩셋 : Intel / 2.5Gbps / RJ-45 : 1개 / Intel / 무선랜(Wi-Fi) / 블루투스 / 오디오 칩셋 : SupremeFX / 7.1채널(8ch) / [내부I/O] USB/팬 헤더 : 썬더볼트4 헤더 , USB3.0 헤더 , USB2.0 헤더 , USB3.2 Type C 헤더 , RGB 12V 4핀 헤더 , ARGB 5V 3핀 헤더 , CPU추가팬(OPT) 헤더 , 펌프전용 헤더 / 시스템팬 4핀 : 4개 / I/O 헤더 : 프론트오디오AAFP 헤더 / [특징] 전원부 방열판 / M.2 히트싱크 / 일체형IO실드 / UEFI 닫기",https://img.danuri.io/catalog-image/482/803/028/14dbe176a5ed4b2381c758813c3af279.jpg?shrink=130:130&_v=20260921080622,https://prod.danawa.com/info/?pcode=28803482&cate=112751
179,ASUS,ASUS TUF Gaming B760-PLUS WIFI 코잇,"278,090","인텔 B760 / 인텔(소켓1700) / DDR5 / VGA 연결 : PCIe5.0 x16 / ATX (30.5x24.4cm) / 전원부 : 12+1+1페이즈 / 페이즈당50A / Vcore출력합계 : 600A / [메모리] 6600MHz (PC5-52800) / 4개 / 메모리 용량 : 최대 128GB / XMP / [확장슬롯] PCIe버전 : PCIe5.0 , PCIe3.0 / PCIex16 : 1개 / PCIex16(at x4) : 1개 / PCIex1 : 2개 / [저장장치] M.2 : 3개 / SATA3 : 4개 / M.2 연결 : PCIe4.0 , NVMe / [후면단자] HDMI / DP / USB3.x 20Gbps / USB3.x 10Gbps / USB3.x 5Gbps / USB 2.0 / RJ-45 / S/PDIF / 오디오잭 / USB A타입 : 5개 / USB C타입 : 1개 / [랜/오디오] 유선랜 칩셋 : Realtek / 2.5Gbps / RJ-45 : 1개 / 무선랜(Wi-Fi) / 블루투스 / 오디오 칩셋 : Realtek / 7.1채널(8ch) / [내부I/O] USB/팬 헤더 : USB4 헤더 , USB3.0 헤더 , USB2.0 헤더 , USB3.1 Type C 헤더 , RGB 12V 4핀 헤더 , ARGB 5V 3핀 헤더 / 시스템팬 4핀 : 4개 / [특징] DrMOS / 전원부 방열판 / M.2 히트싱크 / LED라이트 / UEFI 닫기",https://img.danuri.io/catalog-image/199/756/019/e5c3853d4c054e70922cd848abcc6f69.jpg?shrink=130:130&_v=20260921102644,https://prod.danawa.com/info/?pcode=19756199&cate=112751
180,ASUS,ASUS PRIME B760M-K D4 코잇,"123,490","인텔 B760 / 인텔(소켓1700) / DDR4 / VGA 연결 : PCIe4.0 x16 / M-ATX (24.4x21.1cm) / [메모리] 5333MHz (PC4-42600) / 2개 / 메모리 용량 : 최대 64GB / XMP / [확장슬롯] PCIe버전 : PCIe4.0 / PCIex16 : 1개 / PCIex1 : 2개 / [저장장치] M.2 : 2개 / SATA3 : 4개 / M.2 연결 : PCIe4.0 , NVMe / [후면단자] HDMI / D-SUB / USB3.x 5Gbps / USB 2.0 / RJ-45 / 오디오잭 / PS/2 / USB A타입 : 6개 / [랜/오디오] 유선랜 칩셋 : Realtek / 2.5Gbps / RJ-45 : 1개 / 오디오 칩셋 : Realtek / 7.1채널(8ch) / [내부I/O] USB/팬 헤더 : USB3.0 헤더 , USB2.0 헤더 , RGB 12V 4핀 헤더 , ARGB 5V 3핀 헤더 / 시스템팬 4핀 : 1개 / I/O 헤더 : TPM 헤더 / [특징] 전원부 방열판 / UEFI 닫기",https://img.danuri.io/catalog-image/442/652/018/ad8325a2acc44defbc98933bbcc24899.jpg?shrink=130:130&_v=20260921102533,https://prod.danawa.com/info/?pcode=18652442&cate=112751
181,ASUS,ASUS ROG STRIX B760-I GAMING WIFI 코잇,"376,970","인텔 B760 / 인텔(소켓1700) / DDR5 / VGA 연결 : PCIe5.0 x16 / M-iTX (17.0x17.0cm) / 전원부 : 8+1+2페이즈 / 페이즈당80A / Vcore출력합계 : 640A / [메모리] 7600MHz (PC5-60800) / 2개 / 메모리 용량 : 최대 64GB / XMP / [확장슬롯] PCIe버전 : PCIe5.0 / PCIex16 : 1개 / [저장장치] M.2 : 2개 / SATA3 : 4개 / M.2 연결 : PCIe4.0 , NVMe / [후면단자] HDMI / DP / USB3.x 20Gbps / USB3.x 5Gbps / USB 2.0 / RJ-45 / S/PDIF / 오디오잭 / USB A타입 : 6개 / USB C타입 : 2개 / [랜/오디오] 유선랜 칩셋 : Intel 2.5Gb / 2.5Gbps / RJ-45 : 1개 / 무선랜(Wi-Fi) / 블루투스 / 오디오 칩셋 : SupremeFX S1220A / 7.1채널(8ch) / [내부I/O] USB/팬 헤더 : USB3.0 헤더 , USB2.0 헤더 , USB3.1 Type C 헤더 , RGB 12V 4핀 헤더 , ARGB 5V 3핀 헤더 / 시스템팬 4핀 : 1개 / [특징] 전원부 방열판 / M.2 히트싱크 / LED라이트 / UEFI 닫기",https://img.danuri.io/catalog-image/924/716/018/176ce26124d24536840e97d900953f4f.jpg?shrink=130:130&_v=20260921110213,https://prod.danawa.com/info/?pcode=18716924&cate=112751
182,ASUS,ASUS ROG MAXIMUS Z790 HERO 코잇,"1,038,490","인텔 Z790 / 인텔(소켓1700) / DDR5 / VGA 연결 : PCIe5.0 x16 / ATX (30.5x24.4cm) / 전원부 : 20+1페이즈 / 페이즈당90A / Vcore출력합계 : 1800A / [메모리] 7800MHz (PC5-62400) / 4개 / 메모리 용량 : 최대 128GB / XMP / [확장슬롯] PCIe버전 : PCIe5.0 , PCIe4.0 / PCIex16 : 1개 / PCIex16(at x8) : 1개 / PCIex16(at x4) : 1개 / [저장장치] M.2 : 3개 / SATA3 : 6개 / M.2 연결 : PCIe4.0 , NVMe , SATA / [후면단자] HDMI / Type-C / 썬더볼트4 / USB3.x 10Gbps / USB3.x 5Gbps / RJ-45 / S/PDIF / 오디오잭 / USB A타입 : 9개 / USB C타입 : 3개 / [랜/오디오] 유선랜 칩셋 : Intel 2.5Gb / 2.5Gbps / RJ-45 : 1개 / 무선랜(Wi-Fi) / 블루투스 / 오디오 칩셋 : SupremeFX ALC4082 / 7.1채널(8ch) / [내부I/O] USB/팬 헤더 : USB3.0 헤더 , USB2.0 헤더 , USB3.2 Type C 헤더 , RGB 12V 4핀 헤더 , ARGB 5V 3핀 헤더 / 시스템팬 4핀 : 4개 / [특징] 전원부 방열판 / M.2 히트싱크 / LED라이트 / UEFI / PCIe5.0 HYPER M.2카드 포함 닫기",https://img.danuri.io/catalog-image/819/254/018/775d1882e37b4fe8be3925ebdcfff494.jpg?shrink=130:130&_v=20260921080457,https://prod.danawa.com/info/?pcode=18254819&cate=112751
183,ASUS,ASUS PRO WS W680-ACE IPMI STCOM,"729,980","인텔(소켓1700) / 인텔 W680 / DDR5 / VGA 연결 : PCIe5.0 x16 / ATX (30.5x24.4cm) / 메모리 4800MHz (PC5-38400) / 4개 / 메모리 용량 : 최대 128GB / XMP / 옵테인 / 확장슬롯 PCIe버전 : PCIe5.0 , PCIe3.0 / PCIex16 : 2개 / PCIex16(at x4) : 2개 / PCIex1 : 1개 / 저장장치 SATA3 : 8개 / M.2 : 3개 / M.2 연결 : PCIe , NVMe , SATA / 후면단자 HDMI / DP / D-SUB / USB3.x 10Gbps / USB3.x 5Gbps / USB 2.0 / 오디오잭 / USB A타입 : 7개 / USB C타입 : 1개 / 랜/오디오 유선랜 칩셋 : Intel / 2.5Gbps / RJ-45 : 2개 / 듀얼LAN / IPMI(BMC)관리단자 / M.2 Key-E(모듈별매) / 오디오 칩셋 : Realtek / 7.1채널(8ch) / USB/팬 헤더 : 썬더볼트 헤더 , USB3.0 헤더 , USB2.0 헤더 , USB3.1 Type C 헤더 / 시스템팬 4핀 : 3개 / I/O 헤더 : TPM 헤더 / 특징 전원부 방열판 / M.2 히트싱크 / UEFI / IPMI 확장카드 닫기",https://img.danuri.io/catalog-image/732/556/019/0929cd0c0399412cbdbf2050f4584fbb.jpg?shrink=130:130&_v=20260921095715,https://prod.danawa.com/info/?pcode=19556732&cate=112751
184,ASUS,ASUS TUF Gaming B660M-E D4 인텍앤컴퍼니,"226,900","인텔 B660 / 인텔(소켓1700) / DDR4 / VGA 연결 : PCIe4.0 x16 / M-ATX (24.4x24.4cm) / 전원부 : 10페이즈 / [메모리] 5333MHz (PC4-42600) / 4개 / 메모리 용량 : 최대 128GB / XMP / 옵테인 / [확장슬롯] PCIe버전 : PCIe4.0 , PCIe3.0 , PCIe / PCIex16 : 2개 / PCIex1 : 1개 / [저장장치] M.2 : 2개 / SATA3 : 4개 / M.2 연결 : PCIe4.0 , PCIe , NVMe / [후면단자] HDMI / DP / USB3.x 10Gbps / USB3.x 5Gbps / USB 2.0 / RJ-45 / 오디오잭 / PS/2 / USB A타입 : 6개 / [랜/오디오] 유선랜 칩셋 : Realtek / 2.5Gbps / RJ-45 : 1개 / M.2 Key-E(모듈별매) / 오디오 칩셋 : Realtek ALC897 / 7.1채널(8ch) / [내부I/O] USB/팬 헤더 : USB3.0 헤더 , USB2.0 헤더 , USB3.1 Type C 헤더 , RGB 12V 4핀 헤더 , ARGB 5V 3핀 헤더 / 시스템팬 4핀 : 2개 / [특징] M.2 히트싱크 / LED라이트 / UEFI 닫기",https://img.danuri.io/catalog-image/327/085/016/a408865d46534b1189d135980115ade9.jpg?shrink=130:130&_v=20260921080609,https://prod.danawa.com/info/?pcode=16085327&cate=112751
185,ASUS,ASUS PRIME H610M-D 코잇,"108,620","인텔 H610 / 인텔(소켓1700) / DDR5 / VGA 연결 : PCIe4.0 x16 / M-ATX (23.4x20.3cm) / [메모리] 5600MHz (PC5-44800) / 2개 / 메모리 용량 : 최대 96GB / XMP / [확장슬롯] PCIe버전 : PCIe4.0 , PCIe3.0 / PCIex16 : 1개 / PCIex1 : 1개 / [저장장치] M.2 : 1개 / SATA3 : 4개 / M.2 연결 : PCIe , NVMe / [후면단자] HDMI / D-SUB / USB3.x 5Gbps / USB 2.0 / RJ-45 / 오디오잭 / PS/2 / 시리얼포트 / USB A타입 : 6개 / [랜/오디오] 유선랜 칩셋 : Realtek / 1Gbps / RJ-45 : 1개 / 오디오 칩셋 : Realtek / 7.1채널(8ch) / [내부I/O] USB/팬 헤더 : USB3.0 헤더 , USB2.0 헤더 , RGB 12V 4핀 헤더 / 시스템팬 4핀 : 2개 / I/O 헤더 : TPM 헤더 , 프론트오디오AAFP 헤더 , S/PDIF OUT 헤더 / [특징] UEFI 닫기",https://img.danuri.io/catalog-image/195/942/029/a490067f38fc4db7a66d95750cc5477c.jpg?shrink=130:130&_v=20260921134243,https://prod.danawa.com/info/?pcode=29942195&cate=112751
186,ASUS,ASUS PRIME H610I-PLUS 코잇,"190,470","인텔 H610 / 인텔(소켓1700) / DDR5 / VGA 연결 : PCIe4.0 x16 / M-iTX (17.0x17.0cm) / 전원부 : 5+1+1페이즈 / [메모리] 5600MHz (PC5-44800) / 2개 / 메모리 용량 : 최대 96GB / XMP / [확장슬롯] PCIe버전 : PCIe4.0 / PCIex16 : 1개 / [저장장치] M.2 : 1개 / SATA3 : 4개 / M.2 연결 : PCIe , NVMe / [후면단자] HDMI / DP / D-SUB / USB3.x 5Gbps / USB 2.0 / RJ-45 / 오디오잭 / PS/2 / USB A타입 : 4개 / [랜/오디오] 유선랜 칩셋 : Intel / 1Gbps / RJ-45 : 1개 / M.2 Key-E(모듈별매) / 오디오 칩셋 : Realtek / 7.1채널(8ch) / [내부I/O] USB/팬 헤더 : USB3.0 헤더 , USB2.0 헤더 , CPU추가팬(OPT) 헤더 / 시스템팬 4핀 : 1개 / I/O 헤더 : TPM 헤더 , 프론트오디오AAFP 헤더 , COM포트 헤더 / [특징] DrMOS / 전원부 방열판 / UEFI 닫기",https://img.danuri.io/catalog-image/921/393/029/1a2086d44bea48fc83c18f6ad7ddbcd6.jpg?shrink=130:130&_v=20260921110213,https://prod.danawa.com/info/?pcode=29393921&cate=112751
187,ASUS,ASUS EX B760M-V5 D4 코잇,"121,990","인텔 B760 / 인텔(소켓1700) / DDR4 / VGA 연결 : PCIe4.0 x16 / M-ATX (24.4x21.1cm) / [메모리] 5333MHz (PC4-42600) / 2개 / 메모리 용량 : 최대 64GB / XMP / [확장슬롯] PCIe버전 : PCIe4.0 / PCIex16 : 1개 / PCIex1 : 2개 / [저장장치] M.2 : 2개 / SATA3 : 4개 / M.2 연결 : PCIe4.0 , NVMe / [후면단자] HDMI / D-SUB / USB3.x 5Gbps / USB 2.0 / RJ-45 / 오디오잭 / PS/2 / USB A타입 : 6개 / [랜/오디오] 유선랜 칩셋 : Realtek / 2.5Gbps / RJ-45 : 1개 / 오디오 칩셋 : Realtek / 7.1채널(8ch) / [내부I/O] USB/팬 헤더 : USB3.0 헤더 , USB2.0 헤더 / 시스템팬 4핀 : 1개 / [특징] UEFI 닫기",https://img.danuri.io/catalog-image/511/652/018/4bd226440345457c8a3c3b30018d2b8a.jpg?shrink=130:130&_v=20260921080622,https://prod.danawa.com/info/?pcode=18652511&cate=112751
188,ASUS,ASUS PRIME B760M-K 인텍앤컴퍼니,"130,890","인텔 B760 / 인텔(소켓1700) / DDR5 / VGA 연결 : PCIe4.0 x16 / M-ATX (24.4x21.1cm) / 전원부 : 8페이즈 / [메모리] 8000MHz (PC5-64000) / 2개 / 메모리 용량 : 최대 96GB / XMP / [확장슬롯] PCIe버전 : PCIe4.0 / PCIex16 : 1개 / PCIex1 : 2개 / [저장장치] M.2 : 2개 / SATA3 : 4개 / M.2 연결 : PCIe4.0 , NVMe / [후면단자] HDMI / D-SUB / USB3.x 5Gbps / USB 2.0 / RJ-45 / 오디오잭 / PS/2 / USB A타입 : 6개 / [랜/오디오] 유선랜 칩셋 : Realtek / 2.5Gbps / RJ-45 : 1개 / 오디오 칩셋 : Realtek / 7.1채널(8ch) / [내부I/O] USB/팬 헤더 : USB3.0 헤더 , USB2.0 헤더 , RGB 12V 4핀 헤더 , ARGB 5V 3핀 헤더 / 시스템팬 4핀 : 2개 / I/O 헤더 : TPM 헤더 , 프론트오디오AAFP 헤더 , COM포트 헤더 , S/PDIF OUT 헤더 / [특징] 전원부 방열판 / UEFI 닫기",https://img.danuri.io/catalog-image/217/710/020/363c2a536a394f918a66ff527ec3c4b6.jpg?shrink=130:130&_v=20260921080442,https://prod.danawa.com/info/?pcode=20710217&cate=112751
189,ASUS,ASUS PRIME Z790M-PLUS-CSM 코잇,"348,990","인텔 Z790 / 인텔(소켓1700) / DDR5 / VGA 연결 : PCIe5.0 x16 / M-ATX (24.4x24.4cm) / 전원부 : 10+1페이즈 / 페이즈당50A / [메모리] 7200MHz (PC5-57600) / 4개 / 메모리 용량 : 최대 128GB / XMP / [확장슬롯] PCIe버전 : PCIe5.0 , PCIe4.0 / PCIex16 : 1개 / PCIex16(at x4) : 1개 / PCIex16(at x1) : 2개 / [저장장치] M.2 : 3개 / SATA3 : 4개 / M.2 연결 : PCIe4.0 , NVMe , SATA / [후면단자] HDMI / DP / USB3.x 20Gbps / USB3.x 10Gbps / USB3.x 5Gbps / USB 2.0 / RJ-45 / 오디오잭 / USB A타입 : 7개 / USB C타입 : 1개 / [랜/오디오] 유선랜 칩셋 : Intel / 1Gbps / RJ-45 : 1개 / M.2 Key-E(모듈별매) / 오디오 칩셋 : Realtek / 7.1채널(8ch) / [내부I/O] USB/팬 헤더 : 썬더볼트 헤더 , USB3.0 헤더 , USB2.0 헤더 , USB3.0 Type C 헤더 , RGB 12V 4핀 헤더 , ARGB 5V 3핀 헤더 , CPU추가팬(OPT) 헤더 , 펌프전용 헤더 / 시스템팬 4핀 : 3개 / I/O 헤더 : TPM 헤더 , 프론트오디오AAFP 헤더 , COM포트 헤더 , S/PDIF OUT 헤더 / [특징] DrMOS / 전원부 방열판 / UEFI 닫기",https://img.danuri.io/catalog-image/008/079/020/7ebb846c0e6d42cb942334e6da7a8978.jpg?shrink=130:130&_v=20260921080444,https://prod.danawa.com/info/?pcode=20079008&cate=112751
190,ASUS,ASUS PRIME B760M-A 코잇,"141,000","인텔 B760 / 인텔(소켓1700) / DDR5 / VGA 연결 : PCIe4.0 x16 / M-ATX (24.4x24.4cm) / [메모리] 7200MHz (PC5-57600) / 4개 / 메모리 용량 : 최대 128GB / XMP / [확장슬롯] PCIe버전 : PCIe4.0 / PCIex16 : 1개 / PCIex16(at x4) : 1개 / PCIex16(at x1) : 1개 / [저장장치] M.2 : 2개 / SATA3 : 4개 / M.2 연결 : PCIe4.0 , NVMe / [후면단자] HDMI / DP / USB3.x 10Gbps / USB 2.0 / RJ-45 / 오디오잭 / PS/2 / USB A타입 : 6개 / [랜/오디오] 유선랜 칩셋 : Realtek / 2.5Gbps / RJ-45 : 1개 / 오디오 칩셋 : Realtek / 7.1채널(8ch) / [내부I/O] USB/팬 헤더 : USB3.0 헤더 , USB2.0 헤더 , USB3.0 Type C 헤더 , RGB 12V 4핀 헤더 , ARGB 5V 3핀 헤더 / 시스템팬 4핀 : 2개 / I/O 헤더 : TPM 헤더 / [특징] 전원부 방열판 / M.2 히트싱크 / UEFI 닫기",https://img.danuri.io/catalog-image/527/704/019/30ecfc56c8714a95a7bb65605c942e08.jpg?shrink=130:130&_v=20260921080443,https://prod.danawa.com/info/?pcode=19704527&cate=112751
191,ASUS,ASUS PRIME B760M-A STCOM,"156,000","인텔 B760 / 인텔(소켓1700) / DDR5 / VGA 연결 : PCIe4.0 x16 / M-ATX (24.4x24.4cm) / 전원부 : 8페이즈 / [메모리] 7200MHz (PC5-57600) / 4개 / 메모리 용량 : 최대 128GB / XMP / [확장슬롯] PCIe버전 : PCIe4.0 / PCIex16 : 1개 / PCIex16(at x4) : 1개 / PCIex16(at x1) : 1개 / [저장장치] M.2 : 2개 / SATA3 : 4개 / M.2 연결 : PCIe4.0 , NVMe / [후면단자] HDMI / DP / USB3.x 10Gbps / USB 2.0 / RJ-45 / 오디오잭 / PS/2 / USB A타입 : 6개 / [랜/오디오] 유선랜 칩셋 : Realtek / 2.5Gbps / RJ-45 : 1개 / 7.1채널(8ch) / [내부I/O] USB/팬 헤더 : USB3.0 헤더 , USB2.0 헤더 , USB3.0 Type C 헤더 , RGB 12V 4핀 헤더 , ARGB 5V 3핀 헤더 / 시스템팬 4핀 : 2개 / I/O 헤더 : TPM 헤더 / [특징] 전원부 방열판 / M.2 히트싱크 / UEFI 닫기",https://img.danuri.io/catalog-image/602/605/019/2b526624fec24d23bded1020e76b3903.jpg?shrink=130:130&_v=20260921080609,https://prod.danawa.com/info/?pcode=19605602&cate=112751
192,ASUS,ASUS PRO WS W680-ACE STCOM,"690,990","인텔 W680 / 인텔(소켓1700) / DDR5 / VGA 연결 : PCIe5.0 x16 / ATX (30.5x24.4cm) / [메모리] 4800MHz (PC5-38400) / 4개 / 메모리 용량 : 최대 128GB / XMP / 옵테인 / [확장슬롯] PCIe버전 : PCIe5.0 , PCIe3.0 / PCIex16 : 2개 / PCIex16(at x4) : 2개 / PCIex1 : 1개 / [저장장치] M.2 : 3개 / SATA3 : 4개 / M.2 연결 : PCIe , NVMe , SATA / [후면단자] HDMI / DP / D-SUB / USB3.x 10Gbps / USB3.x 5Gbps / USB 2.0 / 오디오잭 / USB A타입 : 7개 / USB C타입 : 1개 / [랜/오디오] 유선랜 칩셋 : Intel / 2.5Gbps / RJ-45 : 2개 / M.2 Key-E(모듈별매) / 오디오 칩셋 : Realtek / 7.1채널(8ch) / USB/팬 헤더 : 썬더볼트 헤더 , USB3.0 헤더 , USB2.0 헤더 , USB3.1 Type C 헤더 / 시스템팬 4핀 : 3개 / I/O 헤더 : TPM 헤더 / [특징] 전원부 방열판 / M.2 히트싱크 / UEFI 닫기",https://img.danuri.io/catalog-image/996/556/019/2f2140728972441c8720679013d4303c.jpg?shrink=130:130&_v=20260921080457,https://prod.danawa.com/info/?pcode=19556996&cate=112751
193,ASUS,ASUS EX H610M-V3 D4 STCOM,"95,220","인텔 H610 / 인텔(소켓1700) / DDR4 / VGA 연결 : PCIe4.0 x16 / M-ATX (23.4x20.3cm) / [메모리] 3200MHz (PC4-25600) / 2개 / 메모리 용량 : 최대 64GB / XMP / [확장슬롯] PCIe버전 : PCIe4.0 , PCIe3.0 , PCIe / PCIex16 : 1개 / PCIex1 : 1개 / [저장장치] SATA3 : 3개 / [후면단자] HDMI / USB3.x 5Gbps / USB 2.0 / RJ-45 / 오디오잭 / PS/2 / USB A타입 : 6개 / [랜/오디오] 유선랜 칩셋 : Intel / 1Gbps / RJ-45 : 1개 / 오디오 칩셋 : Realtek / 7.1채널(8ch) / [내부I/O] USB/팬 헤더 : USB3.0 헤더 , USB2.0 헤더 / 시스템팬 4핀 : 1개 / [특징] UEFI 닫기",https://img.danuri.io/catalog-image/506/260/016/f3c22706aed04d42a1c74a9cedb5e4bc.jpg?shrink=130:130&_v=20260921080455,https://prod.danawa.com/info/?pcode=16260506&cate=112751
194,ASUS,ASUS TUF Gaming B760M-PLUS 코잇,"190,890","인텔 B760 / 인텔(소켓1700) / DDR5 / VGA 연결 : PCIe5.0 x16 / M-ATX (24.4x24.4cm) / 전원부 : 12+1+1페이즈 / 페이즈당50A / Vcore출력합계 : 600A / [메모리] 7200MHz (PC5-57600) / 4개 / 메모리 용량 : 최대 128GB / XMP / [확장슬롯] PCIe버전 : PCIe5.0 , PCIe4.0 / PCIex16 : 1개 / PCIex16(at x4) : 1개 / PCIex1 : 1개 / [저장장치] M.2 : 2개 / SATA3 : 4개 / M.2 연결 : PCIe4.0 , NVMe / [후면단자] HDMI / DP / USB3.x 20Gbps / USB3.x 10Gbps / USB3.x 5Gbps / USB 2.0 / RJ-45 / S/PDIF / 오디오잭 / USB A타입 : 7개 / USB C타입 : 1개 / [랜/오디오] 유선랜 칩셋 : Realtek / 2.5Gbps / RJ-45 : 1개 / 오디오 칩셋 : Realtek / 7.1채널(8ch) / [내부I/O] USB/팬 헤더 : USB4 헤더 , USB3.0 헤더 , USB2.0 헤더 , USB3.1 Type C 헤더 , RGB 12V 4핀 헤더 , ARGB 5V 3핀 헤더 / 시스템팬 4핀 : 3개 / [특징] DrMOS / 전원부 방열판 / M.2 히트싱크 / UEFI 닫기",https://img.danuri.io/catalog-image/207/628/019/685d33a28ee34a20a91cd4990029bc13.jpg?shrink=130:130&_v=20260921080444,https://prod.danawa.com/info/?pcode=19628207&cate=112751
195,ASUS,ASUS PRIME H610M-E 코잇,"103,950","인텔 H610 / 인텔(소켓1700) / DDR5 / VGA 연결 : PCIe4.0 x16 / M-ATX (24.4x21.1cm) / [메모리] 5600MHz (PC5-44800) / 2개 / 메모리 용량 : 최대 96GB / XMP / [확장슬롯] PCIe버전 : PCIe4.0 , PCIe3.0 / PCIex16 : 1개 / PCIex1 : 1개 / [저장장치] M.2 : 2개 / SATA3 : 4개 / M.2 연결 : PCIe , NVMe / [후면단자] HDMI / DP / D-SUB / USB3.x 5Gbps / USB 2.0 / RJ-45 / 오디오잭 / PS/2 / USB A타입 : 4개 / [랜/오디오] 유선랜 칩셋 : Realtek / 1Gbps / RJ-45 : 1개 / 오디오 칩셋 : Realtek / 7.1채널(8ch) / [내부I/O] USB/팬 헤더 : USB3.0 헤더 , USB2.0 헤더 , RGB 12V 4핀 헤더 , ARGB 5V 3핀 헤더 / 시스템팬 4핀 : 2개 / I/O 헤더 : TPM 헤더 , 프론트오디오AAFP 헤더 , COM포트 헤더 , S/PDIF OUT 헤더 / [특징] UEFI 닫기",https://img.danuri.io/catalog-image/110/675/027/7b9bb904e5e5403fac4fdd696ef8ee7b.jpg?shrink=130:130&_v=20260921080444,https://prod.danawa.com/info/?pcode=27675110&cate=112751
196,ASUS,ASUS PRIME B760M-K 코잇,"158,990","인텔 B760 / 인텔(소켓1700) / DDR5 / VGA 연결 : PCIe4.0 x16 / M-ATX (24.4x21.1cm) / [메모리] 8000MHz (PC5-64000) / 2개 / 메모리 용량 : 최대 96GB / XMP / [확장슬롯] PCIe버전 : PCIe4.0 / PCIex16 : 1개 / PCIex1 : 2개 / [저장장치] M.2 : 2개 / SATA3 : 4개 / M.2 연결 : PCIe4.0 , NVMe / [후면단자] HDMI / D-SUB / USB3.x 5Gbps / USB 2.0 / RJ-45 / 오디오잭 / PS/2 / USB A타입 : 6개 / [랜/오디오] 유선랜 칩셋 : Realtek / 2.5Gbps / RJ-45 : 1개 / 오디오 칩셋 : Realtek / 7.1채널(8ch) / [내부I/O] USB/팬 헤더 : USB3.0 헤더 , USB2.0 헤더 , RGB 12V 4핀 헤더 , ARGB 5V 3핀 헤더 / 시스템팬 4핀 : 2개 / I/O 헤더 : TPM 헤더 , 프론트오디오AAFP 헤더 , COM포트 헤더 , S/PDIF OUT 헤더 / [특징] 전원부 방열판 / UEFI 닫기",https://img.danuri.io/catalog-image/650/343/020/7118422f19b946e18f96f36fd2232123.jpg?shrink=130:130&_v=20260921080444,https://prod.danawa.com/info/?pcode=20343650&cate=112751
197,ASUS,ASUS PRIME H610M-CS 2.5G 코잇,"112,990","인텔 H610 / 인텔(소켓1700) / DDR5 / VGA 연결 : PCIe4.0 x16 / M-ATX (22.6x19.5cm) / [메모리] 5600MHz (PC5-44800) / 2개 / 메모리 용량 : 최대 96GB / XMP / [확장슬롯] PCIe버전 : PCIe4.0 , PCIe3.0 / PCIex16 : 1개 / PCIex1 : 1개 / [저장장치] M.2 : 1개 / SATA3 : 4개 / M.2 연결 : PCIe , NVMe / [후면단자] HDMI / D-SUB / USB3.x 5Gbps / USB 2.0 / RJ-45 / 오디오잭 / PS/2 / USB A타입 : 6개 / [랜/오디오] 유선랜 칩셋 : Realtek / 2.5Gbps / RJ-45 : 1개 / 오디오 칩셋 : Realtek / 7.1채널(8ch) / [내부I/O] USB/팬 헤더 : USB3.0 헤더 , USB2.0 헤더 / 시스템팬 4핀 : 1개 / I/O 헤더 : TPM 헤더 , 디버그LED , 프론트오디오AAFP 헤더 , 침입감지 헤더 , COM포트 헤더 , LPT포트 헤더 / [특징] UEFI 닫기",https://img.danuri.io/catalog-image/282/739/034/64cffbfa54024b2d8be51ed6ba549c87.jpg?shrink=130:130&_v=20260921041313,https://prod.danawa.com/info/?pcode=34739282&cate=112751
198,ASUS,ASUS P13R-E STCOM,"807,410","인텔(소켓1700) / 인텔 C266 / DDR5 / VGA 연결 : PCIe5.0 x16 / ATX (30.5x24.4cm) / [메모리] 4400MHz (PC4-35200) / 4개 / 메모리 용량 : 최대 128GB / [확장슬롯] PCIe버전 : PCIe5.0 , PCIe4.0 / PCIex16 : 1개 (동시사용시 x8) / PCIex8 : 1개 / [저장장치] SATA3 : 4개 / M.2 : 2개 / M.2 연결 : PCIe4.0 , NVMe / [후면단자] D-SUB / USB3.x 10Gbps / USB 2.0 / USB A타입 : 6개 / [랜/오디오] 유선랜 칩셋 : Intel I210AT2 / 1Gbps / RJ-45 : 3개 / 듀얼LAN / IPMI(BMC)관리단자 / [내부I/O] USB/팬 헤더 : USB3.0 헤더 , USB2.0 헤더 / 시스템팬 4핀 : 6개 / I/O 헤더 : TPM 헤더 , 침입감지 헤더 , COM포트 헤더 닫기",https://img.danuri.io/catalog-image/137/033/123/ac525fdbd51b4dccbb27489f1658450f.jpeg?shrink=130:130&_v=20260921080458,https://prod.danawa.com/info/?pcode=123033137&cate=112751
199,ASUS,ASUS P13R-M STCOM,"743,320","인텔(소켓1700) / 인텔 C262 / DDR5 / VGA 연결 : PCIe5.0 x16 / M-ATX (24.4x24.4cm) / [메모리] 4400MHz (PC4-35200) / 4개 / 메모리 용량 : 최대 128GB / [확장슬롯] PCIe버전 : PCIe5.0 , PCIe4.0 / PCIex16 : 1개 / PCIex8 : 1개 / [저장장치] SATA3 : 8개 / M.2 : 1개 / M.2 연결 : NVMe / [후면단자] D-SUB / USB3.x 10Gbps / USB A타입 : 3개 / [랜/오디오] 유선랜 칩셋 : Intel I210AT / 1Gbps / RJ-45 : 1개 / 듀얼LAN / [내부I/O] USB/팬 헤더 : USB3.0 헤더 , USB2.0 헤더 / 시스템팬 4핀 : 6개 / I/O 헤더 : TPM 헤더 , 침입감지 헤더 , COM포트 헤더 닫기",https://img.danuri.io/catalog-image/415/712/122/6b3f0b6d970541bf81275b29216d2b79.jpeg?shrink=130:130&_v=20260921080404,https://prod.danawa.com/info/?pcode=122712415&cate=112751
200,ASUS,ASUS ROG MAXIMUS Z690 EXTREME GLACIAL STCOM,"2,994,000","인텔 Z690 / 인텔(소켓1700) / DDR5 / VGA 연결 : PCIe5.0 x16 / E-ATX (30.5x27.7cm) / 전원부 : 24+1페이즈 / 페이즈당105A / Vcore출력합계 : 2520A / [메모리] 6400MHz (PC5-51200) / 4개 / 메모리 용량 : 최대 128GB / XMP / 옵테인 / [확장슬롯] PCIe버전 : PCIe5.0 , PCIe4.0 , PCIe3.0 , PCIe / PCIex16 : 2개 / PCIex1 : 1개 / [저장장치] M.2 : 5개 / SATA3 : 6개 / M.2 연결 : PCIe5.0 , PCIe4.0 , PCIe , NVMe , SATA / [후면단자] HDMI / Type-C / 썬더볼트4 / USB3.x 20Gbps / USB3.x 10Gbps / RJ-45 / S/PDIF / 오디오잭 / USB A타입 : 7개 / USB C타입 : 3개 / [랜/오디오] 유선랜 칩셋 : Aquantia 10G, 인텔 2.5G / 10Gbps / RJ-45 : 2개 / 듀얼LAN / 무선랜(Wi-Fi) / 블루투스 / 오디오 칩셋 : SupremeFX ALC4082 / 7.1채널(8ch) / [내부I/O] USB/팬 헤더 : 썬더볼트4 헤더 , USB3.0 헤더 , USB2.0 헤더 , USB3.2 Type C 헤더 , RGB 12V 4핀 헤더 , ARGB 5V 3핀 헤더 , ARGB 6핀 헤더 / 시스템팬 4핀 : 2개 / [특징] M.2 히트싱크 / LED라이트 / UEFI 닫기",https://img.danuri.io/catalog-image/538/285/016/47cc66cd40f6485fa34a53536f1a385f.jpg?shrink=130:130&_v=20260921080404,https://prod.danawa.com/info/?pcode=16285538&cate=112751
201,ASUS,ASUS PRIME B760M-PLUS-CSM 인텍앤컴퍼니,"169,000","인텔 B760 / 인텔(소켓1700) / DDR5 / VGA 연결 : PCIe4.0 x16 / M-ATX (24.4x24.4cm) / 전원부 : 7+1+1페이즈 / 페이즈당50A / Vcore출력합계 : 350A / [메모리] 7200MHz (PC5-57600) / 4개 / 메모리 용량 : 최대 192GB / XMP / [확장슬롯] PCIe버전 : PCIe4.0 , PCIe3.0 / PCIex16 : 1개 / PCIex16(at x4) : 1개 / PCIex1 : 1개 / [저장장치] M.2 : 2개 / SATA3 : 4개 / M.2 연결 : PCIe4.0 , NVMe / [후면단자] HDMI / DP / USB3.x 10Gbps / USB 2.0 / RJ-45 / S/PDIF / 오디오잭 / PS/2 / USB A타입 : 6개 / [랜/오디오] 유선랜 칩셋 : Realtek / 2.5Gbps / RJ-45 : 1개 / 오디오 칩셋 : Realtek / 7.1채널(8ch) / [내부I/O] USB/팬 헤더 : USB3.0 헤더 , USB2.0 헤더 , USB3.0 Type C 헤더 , RGB 12V 4핀 헤더 , ARGB 5V 3핀 헤더 , CPU추가팬(OPT) 헤더 / 시스템팬 4핀 : 2개 / I/O 헤더 : TPM 헤더 , 디버그LED , 프론트오디오AAFP 헤더 , 침입감지 헤더 , COM포트 헤더 , LPT포트 헤더 , S/PDIF OUT 헤더 / [특징] DrMOS / 전원부 방열판 / M.2 히트싱크 / 일체형IO실드 / UEFI 닫기",https://img.danuri.io/catalog-image/925/810/034/1aa0d09d7113452db6d189a58695da20.jpg?shrink=130:130&_v=20260921080444,https://prod.danawa.com/info/?pcode=34810925&cate=112751
202,ASUS,ASUS PRIME B760M-KS 코잇 (벌크),"134,710","인텔 B760 / 인텔(소켓1700) / DDR5 / VGA 연결 : PCIe5.0 x16 / M-ATX (24.4x22cm) / [메모리] 2개 / 메모리 용량 : 최대 64GB / XMP / [확장슬롯] PCIe버전 : PCIe5.0 , PCIe3.0 / PCIex16 : 1개 / PCIex1 : 1개 / PCI : 1개 / [저장장치] M.2 : 2개 / SATA3 : 4개 / M.2 연결 : PCIe4.0 , NVMe / [후면단자] HDMI / DP / DVI / D-SUB / USB3.x 10Gbps / USB3.x 5Gbps / USB 2.0 / RJ-45 / 오디오잭 / PS/2 / 시리얼포트 / USB A타입 : 5개 / USB C타입 : 1개 / [랜/오디오] 유선랜 칩셋 : Realtek / 2.5Gbps / RJ-45 : 1개 / 오디오 칩셋 : Realtek / 7.1채널(8ch) / [내부I/O] USB/팬 헤더 : USB3.0 헤더 , USB2.0 헤더 / 시스템팬 4핀 : 2개 / I/O 헤더 : TPM 헤더 , 프론트오디오AAFP 헤더 , 침입감지 헤더 , COM포트 헤더 , LPT포트 헤더 / UEFI 닫기",https://img.danuri.io/catalog-image/690/612/020/4a91e671573d49bcbd8e248569ae70b9.jpg?shrink=130:130&_v=20260921080609,https://prod.danawa.com/info/?pcode=20612690&cate=112751
203,ASUS,ASUS PRIME B760M-K D4 인텍앤컴퍼니,"123,350","인텔 B760 / 인텔(소켓1700) / DDR4 / VGA 연결 : PCIe4.0 x16 / M-ATX (24.4x21.1cm) / 전원부 : 8페이즈 / [메모리] 5333MHz (PC4-42600) / 2개 / 메모리 용량 : 최대 64GB / XMP / [확장슬롯] PCIe버전 : PCIe4.0 / PCIex16 : 1개 / PCIex1 : 2개 / [저장장치] M.2 : 2개 / SATA3 : 4개 / M.2 연결 : PCIe4.0 , NVMe / [후면단자] HDMI / D-SUB / USB3.x 5Gbps / USB 2.0 / RJ-45 / 오디오잭 / PS/2 / USB A타입 : 6개 / [랜/오디오] 유선랜 칩셋 : Realtek / 2.5Gbps / RJ-45 : 1개 / 오디오 칩셋 : Realtek / 7.1채널(8ch) / [내부I/O] USB/팬 헤더 : USB3.0 헤더 , USB2.0 헤더 , RGB 12V 4핀 헤더 , ARGB 5V 3핀 헤더 / 시스템팬 4핀 : 1개 / I/O 헤더 : TPM 헤더 / [특징] 전원부 방열판 / UEFI 닫기",https://img.danuri.io/catalog-image/312/725/018/8d40db599b494a63bb9242344e7a3a33.jpg?shrink=130:130&_v=20260921080455,https://prod.danawa.com/info/?pcode=18725312&cate=112751
204,ASUS,ASUS PRIME B760-PLUS 인텍앤컴퍼니,"279,000","인텔 B760 / 인텔(소켓1700) / DDR5 / VGA 연결 : PCIe5.0 x16 / ATX (30.5x24.4cm) / 전원부 : 10페이즈 / [메모리] 7200MHz (PC5-57600) / 4개 / 메모리 용량 : 최대 128GB / XMP / [확장슬롯] PCIe버전 : PCIe5.0 , PCIe4.0 , PCIe3.0 / PCIex16 : 1개 / PCIex16(at x4) : 1개 / PCIex1 : 2개 / [저장장치] M.2 : 3개 / SATA3 : 4개 / M.2 연결 : PCIe4.0 , NVMe / [후면단자] HDMI / DP / D-SUB / USB3.x 20Gbps / USB3.x 10Gbps / USB3.x 5Gbps / USB 2.0 / RJ-45 / S/PDIF / 오디오잭 / USB A타입 : 5개 / USB C타입 : 1개 / [랜/오디오] 유선랜 칩셋 : Realtek / 2.5Gbps / RJ-45 : 1개 / M.2 Key-E(모듈별매) / 오디오 칩셋 : Realtek / 7.1채널(8ch) / [내부I/O] USB/팬 헤더 : USB4 헤더 , USB3.0 헤더 , USB2.0 헤더 , USB3.0 Type C 헤더 , RGB 12V 4핀 헤더 , ARGB 5V 3핀 헤더 / 시스템팬 4핀 : 3개 / I/O 헤더 : TPM 헤더 / [특징] 전원부 방열판 / M.2 히트싱크 / UEFI 닫기",https://img.danuri.io/catalog-image/519/772/019/ac3d251d914f41f7becec0c83452868e.jpg?shrink=130:130&_v=20260921080404,https://prod.danawa.com/info/?pcode=19772519&cate=112751
205,ASUS,ASUS PRIME H610M-E 인텍앤컴퍼니,"166,170","인텔 H610 / 인텔(소켓1700) / DDR5 / VGA 연결 : PCIe4.0 x16 / M-ATX (24.4x21.1cm) / [메모리] 5600MHz (PC5-44800) / 2개 / 메모리 용량 : 최대 96GB / XMP / [확장슬롯] PCIe버전 : PCIe4.0 , PCIe3.0 / PCIex16 : 1개 / PCIex1 : 1개 / [저장장치] M.2 : 2개 / SATA3 : 4개 / M.2 연결 : PCIe , NVMe / [후면단자] HDMI / DP / D-SUB / USB3.x 5Gbps / USB 2.0 / RJ-45 / 오디오잭 / PS/2 / USB A타입 : 4개 / [랜/오디오] 유선랜 칩셋 : Realtek / 1Gbps / RJ-45 : 1개 / 오디오 칩셋 : Realtek / 7.1채널(8ch) / [내부I/O] USB/팬 헤더 : USB3.0 헤더 , USB2.0 헤더 , RGB 12V 4핀 헤더 , ARGB 5V 3핀 헤더 / 시스템팬 4핀 : 2개 / I/O 헤더 : TPM 헤더 , 프론트오디오AAFP 헤더 , COM포트 헤더 , S/PDIF OUT 헤더 / [특징] UEFI 닫기",https://img.danuri.io/catalog-image/138/572/027/25335f4b715947f498081ec40d8f1067.jpg?shrink=130:130&_v=20260921080458,https://prod.danawa.com/info/?pcode=27572138&cate=112751
206,ASUS,ASUS ROG STRIX B760-I GAMING WIFI STCOM,"386,980","인텔 B760 / 인텔(소켓1700) / DDR5 / VGA 연결 : PCIe5.0 x16 / M-iTX (17.0x17.0cm) / 전원부 : 8+1+2페이즈 / 페이즈당80A / Vcore출력합계 : 640A / [메모리] 7600MHz (PC5-60800) / 2개 / 메모리 용량 : 최대 64GB / XMP / [확장슬롯] PCIe버전 : PCIe5.0 / PCIex16 : 1개 / [저장장치] M.2 : 2개 / SATA3 : 4개 / M.2 연결 : PCIe4.0 , NVMe / [후면단자] HDMI / DP / USB3.x 20Gbps / USB3.x 5Gbps / USB 2.0 / RJ-45 / S/PDIF / 오디오잭 / USB A타입 : 6개 / USB C타입 : 2개 / [랜/오디오] 유선랜 칩셋 : Intel 2.5Gb / 2.5Gbps / RJ-45 : 1개 / 무선랜(Wi-Fi) / 블루투스 / 오디오 칩셋 : SupremeFX S1220A / 7.1채널(8ch) / [내부I/O] USB/팬 헤더 : USB3.0 헤더 , USB2.0 헤더 , USB3.1 Type C 헤더 , RGB 12V 4핀 헤더 , ARGB 5V 3핀 헤더 / 시스템팬 4핀 : 1개 / [특징] 전원부 방열판 / M.2 히트싱크 / LED라이트 / UEFI / 23년 9월부로 전원부 AUX표기 추가 닫기",https://img.danuri.io/catalog-image/789/662/018/edebc1404c8346cdb3a9a85bdcf8225d.jpg?shrink=130:130&_v=20260921080441,https://prod.danawa.com/info/?pcode=18662789&cate=112751
207,ASUS,ASUS PRIME H610M-K D5 인텍앤컴퍼니,"79,900","인텔 H610 / 인텔(소켓1700) / DDR5 / VGA 연결 : PCIe4.0 x16 / M-ATX (23.4x20.3cm) / [메모리] 5600MHz (PC5-44800) / 2개 / 메모리 용량 : 최대 96GB / XMP / 옵테인 / [확장슬롯] PCIe버전 : PCIe4.0 , PCIe3.0 / PCIex16 : 1개 / PCIex1 : 1개 / [저장장치] M.2 : 1개 / SATA3 : 4개 / M.2 연결 : PCIe , NVMe / [후면단자] HDMI / D-SUB / USB3.x 5Gbps / USB 2.0 / RJ-45 / 오디오잭 / PS/2 / USB A타입 : 6개 / [랜/오디오] 유선랜 칩셋 : Realtek 1Gb / 1Gbps / RJ-45 : 1개 / 오디오 칩셋 : Realtek / 7.1채널(8ch) / [내부I/O] USB/팬 헤더 : USB3.0 헤더 , USB2.0 헤더 , RGB 12V 4핀 헤더 / 시스템팬 4핀 : 2개 / I/O 헤더 : TPM 헤더 , 프론트오디오AAFP 헤더 , COM포트 헤더 , S/PDIF OUT 헤더 / [특징] UEFI 닫기",https://img.danuri.io/catalog-image/518/857/028/5d3444119c234c9fb8e920c4290cb6e4.jpg?shrink=130:130&_v=20260920080509,https://prod.danawa.com/info/?pcode=28857518&cate=112751
208,ASUS,ASUS TUF Gaming B760-PLUS WIFI 인텍앤컴퍼니,"462,000","인텔 B760 / 인텔(소켓1700) / DDR5 / VGA 연결 : PCIe5.0 x16 / ATX (30.5x24.4cm) / 전원부 : 12+1+1페이즈 / 페이즈당50A / Vcore출력합계 : 600A / [메모리] 6600MHz (PC5-52800) / 4개 / 메모리 용량 : 최대 128GB / XMP / [확장슬롯] PCIe버전 : PCIe5.0 , PCIe3.0 / PCIex16 : 1개 / PCIex16(at x4) : 1개 / PCIex1 : 2개 / [저장장치] M.2 : 3개 / SATA3 : 4개 / M.2 연결 : PCIe4.0 , NVMe / [후면단자] HDMI / DP / USB3.x 20Gbps / USB3.x 10Gbps / USB3.x 5Gbps / USB 2.0 / RJ-45 / S/PDIF / 오디오잭 / USB A타입 : 5개 / USB C타입 : 1개 / [랜/오디오] 유선랜 칩셋 : Realtek / 2.5Gbps / RJ-45 : 1개 / 무선랜(Wi-Fi) / 블루투스 / 오디오 칩셋 : Realtek / 7.1채널(8ch) / [내부I/O] USB/팬 헤더 : USB4 헤더 , USB3.0 헤더 , USB2.0 헤더 , USB3.1 Type C 헤더 , RGB 12V 4핀 헤더 , ARGB 5V 3핀 헤더 / 시스템팬 4핀 : 4개 / [특징] DrMOS / 전원부 방열판 / M.2 히트싱크 / LED라이트 / UEFI 닫기",https://img.danuri.io/catalog-image/598/306/019/e1c82176e757411f9a985bb2a21d7431.jpg?shrink=130:130&_v=20260920080505,https://prod.danawa.com/info/?pcode=19306598&cate=112751
209,ASUS,ASUS ROG MAXIMUS Z790 HERO STCOM,"1,444,980","인텔 Z790 / 인텔(소켓1700) / DDR5 / VGA 연결 : PCIe5.0 x16 / ATX (30.5x24.4cm) / 전원부 : 20+1페이즈 / 페이즈당90A / Vcore출력합계 : 1800A / [메모리] 7800MHz (PC5-62400) / 4개 / 메모리 용량 : 최대 128GB / XMP / [확장슬롯] PCIe버전 : PCIe5.0 , PCIe4.0 / PCIex16 : 1개 / PCIex16(at x8) : 1개 / PCIex16(at x4) : 1개 / [저장장치] M.2 : 3개 / SATA3 : 6개 / M.2 연결 : PCIe4.0 , NVMe , SATA / [후면단자] HDMI / Type-C / 썬더볼트4 / USB3.x 10Gbps / USB3.x 5Gbps / RJ-45 / S/PDIF / 오디오잭 / USB A타입 : 9개 / USB C타입 : 3개 / [랜/오디오] 유선랜 칩셋 : Intel 2.5Gb / 2.5Gbps / RJ-45 : 1개 / 무선랜(Wi-Fi) / 블루투스 / 오디오 칩셋 : SupremeFX ALC4082 / 7.1채널(8ch) / [내부I/O] USB/팬 헤더 : USB3.0 헤더 , USB2.0 헤더 , USB3.2 Type C 헤더 , RGB 12V 4핀 헤더 , ARGB 5V 3핀 헤더 / 시스템팬 4핀 : 4개 / [특징] 전원부 방열판 / M.2 히트싱크 / LED라이트 / UEFI / PCIe5.0 HYPER M.2카드 포함 닫기",https://img.danuri.io/catalog-image/849/059/018/cc79be722c6b4bd28474cb84ec5ab9a4.jpg?shrink=130:130&_v=20260920080509,https://prod.danawa.com/info/?pcode=18059849&cate=112751
210,ASUS,ASUS PRIME B760M-PLUS-CSM STCOM,"224,630","인텔 B760 / 인텔(소켓1700) / DDR5 / VGA 연결 : PCIe4.0 x16 / M-ATX (24.4x24.4cm) / 전원부 : 7+1+1페이즈 / 페이즈당50A / Vcore출력합계 : 350A / [메모리] 7200MHz (PC5-57600) / 4개 / 메모리 용량 : 최대 192GB / XMP / [확장슬롯] PCIe버전 : PCIe4.0 , PCIe3.0 / PCIex16 : 1개 / PCIex16(at x4) : 1개 / PCIex1 : 1개 / [저장장치] M.2 : 2개 / SATA3 : 4개 / M.2 연결 : PCIe4.0 , NVMe / [후면단자] HDMI / DP / USB3.x 10Gbps / USB 2.0 / RJ-45 / S/PDIF / 오디오잭 / PS/2 / USB A타입 : 6개 / [랜/오디오] 유선랜 칩셋 : Realtek / 2.5Gbps / RJ-45 : 1개 / 오디오 칩셋 : Realtek / 7.1채널(8ch) / [내부I/O] USB/팬 헤더 : USB3.0 헤더 , USB2.0 헤더 , USB3.0 Type C 헤더 , RGB 12V 4핀 헤더 , ARGB 5V 3핀 헤더 , CPU추가팬(OPT) 헤더 / 시스템팬 4핀 : 2개 / I/O 헤더 : TPM 헤더 , 디버그LED , 프론트오디오AAFP 헤더 , 침입감지 헤더 , COM포트 헤더 , LPT포트 헤더 , S/PDIF OUT 헤더 / [특징] DrMOS / 전원부 방열판 / M.2 히트싱크 / 일체형IO실드 / UEFI 닫기",https://img.danuri.io/catalog-image/580/372/034/8ddf1bf8d9214eb48705f42b00c24f0e.jpg?shrink=130:130&_v=20260921100228,https://prod.danawa.com/info/?pcode=34372580&cate=112751
211,ASUS,ASUS PRIME H610M-K ARGB 인텍앤컴퍼니,"127,000","인텔 H610 / 인텔(소켓1700) / DDR5 / VGA 연결 : PCIe4.0 x16 / M-ATX (23.4x20.3cm) / [메모리] 5600MHz (PC5-44800) / 2개 / 메모리 용량 : 최대 96GB / XMP / 옵테인 / [확장슬롯] PCIe버전 : PCIe4.0 , PCIe3.0 / PCIex16 : 1개 / PCIex1 : 1개 / [저장장치] M.2 : 1개 / SATA3 : 4개 / M.2 연결 : PCIe , NVMe / [후면단자] HDMI / D-SUB / USB3.x 5Gbps / USB 2.0 / RJ-45 / 오디오잭 / PS/2 / USB A타입 : 6개 / [랜/오디오] 유선랜 칩셋 : Realtek 1Gb / 1Gbps / RJ-45 : 1개 / 오디오 칩셋 : Realtek / 7.1채널(8ch) / [내부I/O] USB/팬 헤더 : USB3.0 헤더 , USB2.0 헤더 , ARGB 5V 3핀 헤더 / 시스템팬 4핀 : 2개 / I/O 헤더 : TPM 헤더 , 프론트오디오AAFP 헤더 , COM포트 헤더 , S/PDIF OUT 헤더 / [특징] UEFI 닫기",https://img.danuri.io/catalog-image/623/857/028/8db42947f74b43f690b8af5445b02547.jpg?shrink=130:130&_v=20260921080404,https://prod.danawa.com/info/?pcode=28857623&cate=112751
212,ASUS,ASUS PRIME B760-PLUS STCOM,"288,000","인텔 B760 / 인텔(소켓1700) / DDR5 / VGA 연결 : PCIe5.0 x16 / ATX (30.5x24.4cm) / 전원부 : 10페이즈 / [메모리] 7200MHz (PC5-57600) / 4개 / 메모리 용량 : 최대 128GB / XMP / [확장슬롯] PCIe버전 : PCIe5.0 , PCIe4.0 , PCIe3.0 / PCIex16 : 1개 / PCIex16(at x4) : 1개 / PCIex1 : 2개 / [저장장치] M.2 : 3개 / SATA3 : 4개 / M.2 연결 : PCIe4.0 , NVMe / [후면단자] HDMI / DP / D-SUB / USB3.x 20Gbps / USB3.x 10Gbps / USB3.x 5Gbps / USB 2.0 / RJ-45 / S/PDIF / 오디오잭 / USB A타입 : 5개 / USB C타입 : 1개 / [랜/오디오] 유선랜 칩셋 : Realtek / 2.5Gbps / RJ-45 : 1개 / M.2 Key-E(모듈별매) / 오디오 칩셋 : Realtek / 7.1채널(8ch) / [내부I/O] USB/팬 헤더 : USB4 헤더 , USB3.0 헤더 , USB2.0 헤더 , USB3.0 Type C 헤더 , RGB 12V 4핀 헤더 , ARGB 5V 3핀 헤더 / 시스템팬 4핀 : 3개 / I/O 헤더 : TPM 헤더 / [특징] 전원부 방열판 / M.2 히트싱크 / UEFI 닫기",https://img.danuri.io/catalog-image/325/429/019/57f76aa8c6cb4989bbda6bd55f60478a.jpg?shrink=130:130&_v=20260917080531,https://prod.danawa.com/info/?pcode=19429325&cate=112751
213,ASUS,ASUS PRIME B760M-PLUS-CSM 코잇,"200,990","인텔 B760 / 인텔(소켓1700) / DDR5 / VGA 연결 : PCIe4.0 x16 / M-ATX (24.4x24.4cm) / 전원부 : 7+1+1페이즈 / 페이즈당50A / Vcore출력합계 : 350A / [메모리] 7200MHz (PC5-57600) / 4개 / 메모리 용량 : 최대 192GB / XMP / [확장슬롯] PCIe버전 : PCIe4.0 , PCIe3.0 / PCIex16 : 1개 / PCIex16(at x4) : 1개 / PCIex1 : 1개 / [저장장치] M.2 : 2개 / SATA3 : 4개 / M.2 연결 : PCIe4.0 , NVMe / [후면단자] HDMI / DP / USB3.x 10Gbps / USB 2.0 / RJ-45 / S/PDIF / 오디오잭 / PS/2 / USB A타입 : 6개 / [랜/오디오] 유선랜 칩셋 : Realtek / 2.5Gbps / RJ-45 : 1개 / 오디오 칩셋 : Realtek / 7.1채널(8ch) / [내부I/O] USB/팬 헤더 : USB3.0 헤더 , USB2.0 헤더 , USB3.0 Type C 헤더 , RGB 12V 4핀 헤더 , ARGB 5V 3핀 헤더 , CPU추가팬(OPT) 헤더 / 시스템팬 4핀 : 2개 / I/O 헤더 : TPM 헤더 , 디버그LED , 프론트오디오AAFP 헤더 , 침입감지 헤더 , COM포트 헤더 , LPT포트 헤더 , S/PDIF OUT 헤더 / [특징] DrMOS / 전원부 방열판 / M.2 히트싱크 / 일체형IO실드 / UEFI 닫기",https://img.danuri.io/catalog-image/323/815/034/0e724b346caa454a96c5c1e13224310e.jpg?shrink=130:130&_v=20260916080628,https://prod.danawa.com/info/?pcode=34815323&cate=112751
214,ASUS,ASUS PRIME B760M-A D4 코잇,"132,710","인텔 B760 / 인텔(소켓1700) / DDR4 / VGA 연결 : PCIe4.0 x16 / M-ATX (24.4x24.4cm) / 전원부 : 8페이즈 / [메모리] 5333MHz (PC4-42600) / 4개 / 메모리 용량 : 최대 128GB / XMP / [확장슬롯] PCIe버전 : PCIe4.0 / PCIex16 : 1개 / PCIex16(at x4) : 1개 / PCIex16(at x1) : 1개 / [저장장치] M.2 : 2개 / SATA3 : 4개 / M.2 연결 : PCIe4.0 , NVMe / [후면단자] HDMI / DP / USB3.x 10Gbps / USB 2.0 / RJ-45 / 오디오잭 / PS/2 / USB A타입 : 6개 / [랜/오디오] 유선랜 칩셋 : Realtek / 2.5Gbps / RJ-45 : 1개 / 7.1채널(8ch) / [내부I/O] USB/팬 헤더 : USB3.0 헤더 , USB2.0 헤더 , USB3.0 Type C 헤더 , RGB 12V 4핀 헤더 , ARGB 5V 3핀 헤더 / 시스템팬 4핀 : 2개 / I/O 헤더 : TPM 헤더 / [특징] 전원부 방열판 / M.2 히트싱크 / UEFI 닫기",https://img.danuri.io/catalog-image/949/708/106/e8083270671d4ae5b6cfcf1001ea2c23.jpg?shrink=130:130&_v=20260921080622,https://prod.danawa.com/info/?pcode=106708949&cate=112751
215,ASUS,ASUS PRIME B760M-A II 코잇,"148,310","인텔 B760 / 인텔(소켓1700) / DDR5 / VGA 연결 : PCIe5.0 x16 / M-ATX (24.4x24.4cm) / [메모리] 7200MHz (PC5-57600) / 4개 / 메모리 용량 : 최대 256GB / XMP / [확장슬롯] PCIe버전 : PCIe5.0 , PCIe4.0 / PCIex16 : 1개 / PCIex16(at x4) : 1개 / PCIex16(at x1) : 1개 / [저장장치] M.2 : 2개 / SATA3 : 4개 / M.2 연결 : PCIe4.0 , NVMe / [후면단자] HDMI / DP / USB3.x 10Gbps / USB 2.0 / RJ-45 / 오디오잭 / PS/2 / USB A타입 : 6개 / [랜/오디오] 유선랜 칩셋 : Realtek / 2.5Gbps / RJ-45 : 1개 / 오디오 칩셋 : Realtek / 7.1채널(8ch) / [내부I/O] USB/팬 헤더 : USB3.0 헤더 , USB2.0 헤더 , USB3.0 Type C 헤더 , RGB 12V 4핀 헤더 , ARGB 5V 3핀 헤더 , CPU추가팬(OPT) 헤더 / 시스템팬 4핀 : 2개 / I/O 헤더 : TPM 헤더 , 프론트오디오AAFP 헤더 , 침입감지 헤더 , COM포트 헤더 , S/PDIF OUT 헤더 / [특징] 전원부 방열판 / M.2 히트싱크 / UEFI 닫기",https://img.danuri.io/catalog-image/238/733/099/e29eec3f7f374379a6d84fb228168087.jpg?shrink=130:130&_v=20260921080455,https://prod.danawa.com/info/?pcode=99733238&cate=112751
216,ASUS,ASUS ROG MAXIMUS Z690 EXTREME GLACIAL 아이보라,"3,264,000","인텔 Z690 / 인텔(소켓1700) / DDR5 / VGA 연결 : PCIe5.0 x16 / E-ATX (30.5x27.7cm) / 전원부 : 24+1페이즈 / 페이즈당105A / Vcore출력합계 : 2520A / [메모리] 6400MHz (PC5-51200) / 4개 / 메모리 용량 : 최대 128GB / XMP / 옵테인 / [확장슬롯] PCIe버전 : PCIe5.0 , PCIe4.0 , PCIe3.0 , PCIe / PCIex16 : 2개 / PCIex1 : 1개 / [저장장치] M.2 : 5개 / SATA3 : 6개 / M.2 연결 : PCIe5.0 , PCIe4.0 , PCIe , NVMe , SATA / [후면단자] HDMI / Type-C / 썬더볼트4 / USB3.x 20Gbps / USB3.x 10Gbps / RJ-45 / S/PDIF / 오디오잭 / USB A타입 : 7개 / USB C타입 : 3개 / [랜/오디오] 유선랜 칩셋 : Aquantia 10G, 인텔 2.5G / 10Gbps / RJ-45 : 2개 / 듀얼LAN / 무선랜(Wi-Fi) / 블루투스 / 오디오 칩셋 : SupremeFX ALC4082 / 7.1채널(8ch) / [내부I/O] USB/팬 헤더 : 썬더볼트4 헤더 , USB3.0 헤더 , USB2.0 헤더 , USB3.2 Type C 헤더 , RGB 12V 4핀 헤더 , ARGB 5V 3핀 헤더 , ARGB 6핀 헤더 / 시스템팬 4핀 : 2개 / [특징] M.2 히트싱크 / LED라이트 / UEFI 닫기",https://img.danuri.io/catalog-image/778/673/015/8fb6c8ddb59d4daf89f9437b74de6089.jpg?shrink=130:130&_v=20260921080609,https://prod.danawa.com/info/?pcode=15673778&cate=112751
217,ASUS,ASUS Pro H610T-CSM D5 코잇 (벌크),"201,590","인텔 H610 / 인텔(소켓1700) / DDR5 노트북용 / M-iTX (17.0x17.0cm) / [메모리] 5600MHz (PC5-44800) / 2개 / 메모리 용량 : 최대 64GB / [저장장치] M.2 : 1개 / SATA3 : 2개 / M.2 연결 : PCIe4.0 , PCIe , NVMe , SATA / [후면단자] HDMI / DP / USB3.x 10Gbps / USB 2.0 / RJ-45 / 오디오잭 / USB A타입 : 4개 / [랜/오디오] 유선랜 칩셋 : Realtek 1Gb / 1Gbps / RJ-45 : 1개 / M.2 Key-E(모듈별매) / 오디오 칩셋 : Realtek / 7.1채널(8ch) / [내부I/O] USB/팬 헤더 : USB3.0 헤더 , USB2.0 헤더 / 시스템팬 4핀 : 1개 / I/O 헤더 : TPM 헤더 , 프론트오디오AAFP 헤더 , 침입감지 헤더 , COM포트 헤더 / [특징] UEFI / LVDS커넥터 / 전원: 19V DC 닫기",https://img.danuri.io/catalog-image/704/426/096/9e38a9377e0c4af9911caad8183af73d.jpg?shrink=130:130&_v=20260921080609,https://prod.danawa.com/info/?pcode=96426704&cate=112751
218,ASUS,ASUS PRIME H610M-K D4 아이보라,"79,530","인텔 H610 / 인텔(소켓1700) / DDR4 / VGA 연결 : PCIe4.0 x16 / M-ATX (23.4x20.3cm) / [메모리] 3200MHz (PC4-25600) / 2개 / 메모리 용량 : 최대 64GB / XMP / 옵테인 / [확장슬롯] PCIe버전 : PCIe4.0 , PCIe3.0 , PCIe / PCIex16 : 1개 / PCIex1 : 1개 / [저장장치] M.2 : 1개 / SATA3 : 4개 / M.2 연결 : PCIe , NVMe , SATA / [후면단자] HDMI / D-SUB / USB3.x 5Gbps / USB 2.0 / RJ-45 / 오디오잭 / PS/2 / USB A타입 : 6개 / [랜/오디오] 유선랜 칩셋 : Realtek 1Gb / 1Gbps / RJ-45 : 1개 / 오디오 칩셋 : Realtek / 7.1채널(8ch) / [내부I/O] USB/팬 헤더 : USB3.0 헤더 , USB2.0 헤더 , RGB 12V 4핀 헤더 / 시스템팬 4핀 : 1개 / I/O 헤더 : TPM 헤더 / [특징] UEFI 닫기",https://img.danuri.io/catalog-image/409/523/018/5cfda3ba172c43a482b617007f442ad0.jpg?shrink=130:130&_v=20260921080443,https://prod.danawa.com/info/?pcode=18523409&cate=112751
219,ASUS,ASUS ROG MAXIMUS Z790 HERO (해외구매),"1,541,000","인텔(소켓1700) / DDR5 / 인텔 Z790 / VGA 연결 : PCIe5.0 x16 / ATX (30.5x24.4cm) / 전원부 : 20+1페이즈 / 페이즈당90A / Vcore출력합계 : 1800A / [메모리] 7800MHz (PC5-62400) / 4개 / 메모리 용량 : 최대 128GB / XMP / [확장슬롯] PCIe버전 : PCIe5.0 , PCIe4.0 / PCIex16 : 1개 / PCIex16(at x8) : 1개 / PCIex16(at x4) : 1개 / [저장장치] M.2 : 3개 / SATA3 : 6개 / M.2 연결 : PCIe4.0 , NVMe , SATA / [후면단자] HDMI / Type-C / 썬더볼트4 / USB3.x 10Gbps / USB3.x 5Gbps / RJ-45 / S/PDIF / 오디오잭 / USB A타입 : 9개 / USB C타입 : 3개 / [랜/오디오] 유선랜 칩셋 : Intel 2.5Gb / 2.5Gbps / RJ-45 : 1개 / 무선랜(Wi-Fi) / 블루투스 / 오디오 칩셋 : SupremeFX ALC4082 / 7.1채널(8ch) / [내부I/O] USB/팬 헤더 : USB3.0 헤더 , USB2.0 헤더 , USB3.2 Type C 헤더 , RGB 12V 4핀 헤더 , ARGB 5V 3핀 헤더 / 시스템팬 4핀 : 4개 / [특징] 전원부 방열판 / M.2 히트싱크 / LED라이트 / UEFI / PCIe5.0 HYPER M.2카드 포함 닫기",https://img.danuri.io/catalog-image/316/169/018/038314dd763b4ee783b31c8cfc7b24e6.jpg?shrink=130:130&_v=20260919080509,https://prod.danawa.com/info/?pcode=18169316&cate=112751
220,ASUS,ASUS P13R-E,"859,000","인텔 C266 / 인텔(소켓1700) / DDR5 / VGA 연결 : PCIe5.0 x16 / ATX (30.5x24.4cm) / [메모리] 4400MHz (PC4-35200) / 4개 / 메모리 용량 : 최대 128GB / [확장슬롯] PCIe버전 : PCIe5.0 , PCIe4.0 / PCIex16 : 1개 (동시사용시 x8) / PCIex8 : 1개 / [저장장치] M.2 : 2개 / SATA3 : 4개 / M.2 연결 : PCIe4.0 , NVMe / [후면단자] D-SUB / USB3.x 10Gbps / USB 2.0 / USB A타입 : 6개 / [랜/오디오] 유선랜 칩셋 : Intel I210AT2 / 1Gbps / RJ-45 : 3개 / 듀얼LAN / IPMI(BMC)관리단자 / [내부I/O] USB/팬 헤더 : USB3.0 헤더 , USB2.0 헤더 / 시스템팬 4핀 : 6개 / I/O 헤더 : TPM 헤더 , 침입감지 헤더 , COM포트 헤더 닫기",https://img.danuri.io/catalog-image/018/059/096/6c8c251a9ae74e3fa3e33e878ceddefb.jpg?shrink=130:130&_v=20260920080509,https://prod.danawa.com/info/?pcode=96059018&cate=112751
221,ASUS,ASUS PRIME H610M-E D4 아이보라,"157,560","인텔 H610 / 인텔(소켓1700) / DDR4 / VGA 연결 : PCIe4.0 x16 / M-ATX (24.4x21.1cm) / [메모리] 3200MHz (PC4-25600) / 2개 / 메모리 용량 : 최대 64GB / XMP / 옵테인 / [확장슬롯] PCIe버전 : PCIe4.0 , PCIe3.0 , PCIe / PCIex16 : 1개 / PCIex1 : 1개 / [저장장치] M.2 : 2개 / SATA3 : 4개 / M.2 연결 : PCIe , NVMe / [후면단자] HDMI / DP / D-SUB / USB3.x 5Gbps / USB 2.0 / RJ-45 / 오디오잭 / PS/2 / USB A타입 : 4개 / [랜/오디오] 유선랜 칩셋 : Realtek 1Gb / 1Gbps / RJ-45 : 1개 / 오디오 칩셋 : Realtek / 7.1채널(8ch) / [내부I/O] USB/팬 헤더 : USB3.0 헤더 , USB2.0 헤더 , RGB 12V 4핀 헤더 / 시스템팬 4핀 : 2개 / I/O 헤더 : TPM 헤더 / [특징] UEFI 닫기",https://img.danuri.io/catalog-image/297/103/016/f7c6d6e8235d4f51aa18b94c12802d2e.jpg?shrink=130:130&_v=20260913080447,https://prod.danawa.com/info/?pcode=16103297&cate=112751
222,ASUS,ASUS ROG STRIX B860-G GAMING WIFI 코잇,"280,300","인텔(소켓1851) / 인텔 B860 / DDR5 / VGA 연결 : PCIe5.0 x16 / M-ATX (24.4x24.4cm) / 전원부 : 14+1+2+1페이즈 / 80A / Vcore출력합계 : 1120 / [메모리] 9066MHz (PC5-72500) / 4개 / 메모리 용량 : 최대 192GB / XMP / [확장슬롯] PCIe버전 : PCIe5.0 , PCIe4.0 / PCIex16 : 1개 / [저장장치] SATA3 : 4개 / M.2 : 4개 / M.2 연결 : PCIe5.0 , PCIe4.0 , NVMe / [후면단자] HDMI / DP / Type-C / 썬더볼트4 / USB3.x 20Gbps / USB3.x 10Gbps / USB3.x 5Gbps / USB 2.0 / RJ-45 / S/PDIF / 오디오잭 / BIOS플래시백 / 클리어CMOS / USB A타입 : 8개 / USB C타입 : 2개 / [랜/오디오] 유선랜 칩셋 : Intel / 2.5Gbps / RJ-45 : 1개 / 무선랜(Wi-Fi) / 블루투스 / 오디오 칩셋 : Realtek ALC1220P / 7.1채널(8ch) / [내부I/O] USB/팬 헤더 : USB3.0 헤더 , USB2.0 헤더 , USB3.1 Type C 헤더 , ARGB 5V 3핀 헤더 , CPU추가팬(OPT) 헤더 , 펌프전용 헤더 / 시스템팬 4핀 : 2개 / I/O 헤더 : 디버그LED , 프론트오디오AAFP 헤더 , 온도 센서 / [특징] DrMOS / 전원부 방열판 / M.2 히트싱크 / 일체형IO실드 / UEFI 닫기",https://img.danuri.io/catalog-image/115/338/074/13b4830843164038b4dae87db0283a50.jpg?shrink=130:130&_v=20260921080458,https://prod.danawa.com/info/?pcode=74338115&cate=112751
223,ASUS,ASUS PRIME B860M-A-CSM 코잇,"178,050","인텔 B860 / 인텔(소켓1851) / DDR5 / VGA 연결 : PCIe5.0 x16 / M-ATX (24.4x24.4cm) / 전원부 : 7+1+1+1페이즈 / 페이즈당80A / Vcore출력합계 : 560A / [메모리] 8400MHz (PC5-67200) / 4개 / 메모리 용량 : 최대 192GB / XMP / [확장슬롯] PCIe버전 : PCIe5.0 , PCIe4.0 / PCIex16 : 1개 / PCIex16(at x4) : 1개 / PCIex1 : 1개 / [저장장치] M.2 : 2개 / SATA3 : 4개 / M.2 연결 : PCIe5.0 , PCIe4.0 , NVMe , PCIe 레인공유 / [후면단자] HDMI / DP / USB3.x 10Gbps / USB3.x 5Gbps / USB 2.0 / RJ-45 / 오디오잭 / USB A타입 : 7개 / USB C타입 : 1개 / [랜/오디오] 유선랜 칩셋 : Realtek / 2.5Gbps / RJ-45 : 1개 / 오디오 칩셋 : Realtek / 7.1채널(8ch) / [내부I/O] USB/팬 헤더 : 썬더볼트 헤더 , USB3.0 헤더 , USB2.0 헤더 , USB3.1 Type C 헤더 , ARGB 5V 3핀 헤더 , CPU추가팬(OPT) 헤더 , 펌프전용 헤더 / 시스템팬 4핀 : 3개 / I/O 헤더 : TPM 헤더 , 디버그LED , 프론트오디오AAFP 헤더 , 침입감지 헤더 , COM포트 헤더 , S/PDIF OUT 헤더 / [특징] DrMOS / 전원부 방열판 / M.2 히트싱크 / 일체형IO실드 / UEFI 닫기",https://img.danuri.io/catalog-image/680/337/074/75c64da016064022a4896cadfa8e7198.jpg?shrink=130:130&_v=20260921080441,https://prod.danawa.com/info/?pcode=74337680&cate=112751
224,ASUS,ASUS PRIME B860-PLUS-CSM STCOM,"274,980","인텔 B860 / 인텔(소켓1851) / DDR5 / VGA 연결 : PCIe5.0 x16 / ATX (30.5x24.4cm) / 전원부 : 8+1+1+1페이즈 / 페이즈당80A / Vcore출력합계 : 640A / [메모리] 8666MHz (PC5-69300) / 4개 / 메모리 용량 : 최대 256GB / XMP / [확장슬롯] PCIe버전 : PCIe5.0 , PCIe4.0 / PCIex16 : 1개 / PCIex16(at x4) : 1개 / [저장장치] M.2 : 3개 / SATA3 : 4개 / M.2 연결 : PCIe5.0 , PCIe4.0 , NVMe / [후면단자] HDMI / DP / USB3.x 20Gbps / USB3.x 10Gbps / USB3.x 5Gbps / USB 2.0 / RJ-45 / 오디오잭 / USB A타입 : 5개 / USB C타입 : 1개 / [랜/오디오] 유선랜 칩셋 : Realtek / 2.5Gbps / RJ-45 : 1개 / 오디오 칩셋 : Realtek / 7.1채널(8ch) / [내부I/O] USB/팬 헤더 : 썬더볼트 헤더 , USB3.0 헤더 , USB2.0 헤더 , USB3.1 Type C 헤더 , RGB 12V 4핀 헤더 , ARGB 5V 3핀 헤더 , CPU추가팬(OPT) 헤더 , 펌프전용 헤더 / 시스템팬 4핀 : 4개 / I/O 헤더 : TPM 헤더 , 디버그LED , 프론트오디오AAFP 헤더 , 침입감지 헤더 , COM포트 헤더 , S/PDIF OUT 헤더 / [특징] DrMOS / 전원부 방열판 / M.2 히트싱크 / 일체형IO실드 / UEFI 닫기",https://img.danuri.io/catalog-image/114/255/074/0192522553504845b35bad6b2d686cf3.jpg?shrink=130:130&_v=20260921080609,https://prod.danawa.com/info/?pcode=74255114&cate=112751
225,ASUS,ASUS PRIME H810M-X 2.5G Gen5 코잇,"118,340","인텔(소켓1851) / 인텔 H810 / DDR5 / VGA 연결 : PCIe5.0 x16 / M-ATX (23.4x20.8cm) / [메모리] 6400MHz (PC5-51200) / 2개 / 메모리 용량 : 최대 128GB / XMP / [확장슬롯] PCIe버전 : PCIe5.0 , PCIe4.0 / PCIex16 : 1개 / PCIex1 : 1개 / [저장장치] SATA3 : 4개 / M.2 : 1개 / M.2 연결 : PCIe4.0 , NVMe / [후면단자] HDMI / D-SUB / USB3.x 5Gbps / USB 2.0 / RJ-45 / 오디오잭 / USB A타입 : 6개 / [랜/오디오] 유선랜 칩셋 : Realtek / 2.5Gbps / RJ-45 : 1개 / 오디오 칩셋 : Realtek / 7.1채널(8ch) / [내부I/O] USB/팬 헤더 : USB3.0 헤더 , USB2.0 헤더 / 시스템팬 4핀 : 1개 / I/O 헤더 : TPM 헤더 , 프론트오디오AAFP 헤더 , 침입감지 헤더 , COM포트 헤더 , S/PDIF OUT 헤더 / [특징] UEFI 닫기",https://img.danuri.io/catalog-image/225/167/108/e45a19140d674c64a7318a3e0cb10668.jpg?shrink=130:130&_v=20260921110218,https://prod.danawa.com/info/?pcode=108167225&cate=112751
226,ASUS,ASUS B860M AYW GAMING WIFI 인텍앤컴퍼니,"174,990","인텔 B860 / 인텔(소켓1851) / DDR5 / VGA 연결 : PCIe4.0 x16 / M-ATX (24.4x22.2cm) / 전원부 : 6+1+1+1페이즈 / [메모리] 8800MHz (PC5-70400) / 2개 / 메모리 용량 : 최대 128GB / XMP / [확장슬롯] PCIe버전 : PCIe4.0 / PCIex16 : 1개 / PCIex1 : 2개 / [저장장치] M.2 : 2개 / SATA3 : 4개 / M.2 연결 : PCIe5.0 , PCIe4.0 , NVMe , PCIe 레인공유 / [후면단자] HDMI / USB3.x 10Gbps / USB3.x 5Gbps / USB 2.0 / RJ-45 / 오디오잭 / USB A타입 : 6개 / [랜/오디오] 유선랜 칩셋 : Realtek / 2.5Gbps / RJ-45 : 1개 / 무선랜(Wi-Fi) / 블루투스 / 오디오 칩셋 : Realtek / 7.1채널(8ch) / [내부I/O] USB/팬 헤더 : USB3.0 헤더 , USB2.0 헤더 , USB3.0 Type C 헤더 , ARGB 5V 3핀 헤더 / 시스템팬 4핀 : 2개 / I/O 헤더 : TPM 헤더 , 프론트오디오AAFP 헤더 , COM포트 헤더 , S/PDIF OUT 헤더 / [특징] 전원부 방열판 / M.2 히트싱크 / 일체형IO실드 / UEFI 닫기",https://img.danuri.io/catalog-image/555/536/075/3c373378925f4a48a56d5f03da2c3404.jpg?shrink=130:130&_v=20260921080442,https://prod.danawa.com/info/?pcode=75536555&cate=112751
227,ASUS,ASUS TUF Gaming Z890-PLUS WIFI 코잇,"397,420","인텔 Z890 / 인텔(소켓1851) / DDR5 / VGA 연결 : PCIe5.0 x16 / ATX (30.5x24.4cm) / 전원부 : 16+1+2+1페이즈 / 페이즈당80A / Vcore출력합계 : 1280A / [메모리] 9066MHz (PC5-72500) / 4개 / 메모리 용량 : 최대 192GB / XMP / [확장슬롯] PCIe버전 : PCIe5.0 , PCIe4.0 / PCIex16 : 1개 / PCIex16(at x4) : 1개 / PCIex4 : 1개 / PCIex1 : 1개 / [저장장치] M.2 : 4개 / SATA3 : 4개 / M.2 연결 : PCIe5.0 , PCIe4.0 , NVMe , SATA / [후면단자] HDMI / DP / Type-C / 썬더볼트4 / USB3.x 20Gbps / USB3.x 10Gbps / USB3.x 5Gbps / RJ-45 / S/PDIF / 오디오잭 / BIOS플래시백 / USB A타입 : 6개 / USB C타입 : 2개 / [랜/오디오] 유선랜 칩셋 : Intel / 2.5Gbps / RJ-45 : 1개 / 무선랜(Wi-Fi) / 블루투스 / 오디오 칩셋 : Realtek ALC1220P / 7.1채널(8ch) / [내부I/O] USB/팬 헤더 : 썬더볼트 헤더 , USB3.0 헤더 , USB2.0 헤더 , USB3.2 Type C 헤더 , ARGB 5V 3핀 헤더 , CPU추가팬(OPT) 헤더 , 펌프전용 헤더 / 시스템팬 4핀 : 4개 / I/O 헤더 : 디버그LED , 프론트오디오AAFP 헤더 , 침입감지 헤더 , COM포트 헤더 / [특징] SPS(DrMOS) / 전원부 방열판 / M.2 히트싱크 / 일체형IO실드 / UEFI 닫기",https://img.danuri.io/catalog-image/058/697/069/353caecf4f954d2a9cb5e31432653444.jpg?shrink=130:130&_v=20260921102704,https://prod.danawa.com/info/?pcode=69697058&cate=112751
228,ASUS,ASUS PRIME H810M-K 인텍앤컴퍼니,"87,970","인텔(소켓1851) / 인텔 H810 / DDR5 / VGA 연결 : PCIe4.0 x16 / M-ATX (23.4x21.1cm) / 전원부 : 6+1+1+1페이즈 / [메모리] 6400MHz (PC5-51200) / 2개 / 메모리 용량 : 최대 128GB / XMP / [확장슬롯] PCIe버전 : PCIe4.0 / PCIex16 : 1개 / PCIex1 : 1개 / [저장장치] SATA3 : 4개 / M.2 : 1개 / M.2 연결 : PCIe4.0 , NVMe / [후면단자] HDMI / USB3.x 5Gbps / USB 2.0 / RJ-45 / 오디오잭 / PS/2 / USB A타입 : 6개 / [랜/오디오] 유선랜 칩셋 : Intel / 1Gbps / RJ-45 : 1개 / 오디오 칩셋 : Realtek / 7.1채널(8ch) / [내부I/O] USB/팬 헤더 : USB3.0 헤더 , USB2.0 헤더 , USB3.0 Type C 헤더 , RGB 12V 4핀 헤더 / 시스템팬 4핀 : 2개 / I/O 헤더 : TPM 헤더 , 프론트오디오AAFP 헤더 , COM포트 헤더 , S/PDIF OUT 헤더 / [특징] UEFI 닫기",https://img.danuri.io/catalog-image/128/616/104/8d47515167464012b8ae370638e40eb6.jpg?shrink=130:130&_v=20260921080442,https://prod.danawa.com/info/?pcode=104616128&cate=112751
229,ASUS,ASUS ROG STRIX Z890-A GAMING WIFI 인텍앤컴퍼니,"518,900","인텔 Z890 / 인텔(소켓1851) / DDR5 / VGA 연결 : PCIe5.0 x16 / ATX (30.5x24.4cm) / 전원부 : 16+1+2+2페이즈 / 페이즈당90A / Vcore출력합계 : 1440A / [메모리] 8600MHz (PC5-68800) / 4개 / 메모리 용량 : 최대 192GB / XMP / [확장슬롯] PCIe버전 : PCIe5.0 , PCIe4.0 / PCIex16 : 1개 / PCIex16(at x4) : 1개 / [저장장치] M.2 : 5개 / SATA3 : 4개 / M.2 연결 : PCIe5.0 , PCIe4.0 , NVMe , SATA / [후면단자] HDMI / DP / Type-C / 썬더볼트4 / USB3.x 10Gbps / USB3.x 5Gbps / RJ-45 / S/PDIF / 오디오잭 / BIOS플래시백 / 클리어CMOS / USB A타입 : 7개 / USB C타입 : 3개 / [랜/오디오] 유선랜 칩셋 : Intel / 2.5Gbps / RJ-45 : 1개 / 무선랜(Wi-Fi) / 블루투스 / 오디오 칩셋 : SupremeFX ALC4080 / 7.1채널(8ch) / [내부I/O] USB/팬 헤더 : 썬더볼트 헤더 , USB3.0 헤더 , USB2.0 헤더 , USB3.2 Type C 헤더 , CPU추가팬(OPT) 헤더 , 펌프전용 헤더 / 시스템팬 4핀 : 5개 / I/O 헤더 : 프론트오디오AAFP 헤더 , 온도 센서 / [특징] SPS(DrMOS) / 전원부 방열판 / M.2 히트싱크 / 일체형IO실드 / LED라이트 / UEFI 닫기",https://img.danuri.io/catalog-image/168/656/069/e78f134a0ce04995ac4497c2d1484ab0.jpg?shrink=130:130&_v=20260921080442,https://prod.danawa.com/info/?pcode=69656168&cate=112751
230,ASUS,ASUS ROG MAXIMUS Z890 APEX 인텍앤컴퍼니,"724,350","인텔 Z890 / 인텔(소켓1851) / DDR5 / VGA 연결 : PCIe5.0 x16 / ATX (30.5x24.4cm) / 전원부 : 22+1+2+2페이즈 / 페이즈당110A / Vcore출력합계 : 2420A / [메모리] 9600MHz (PC5-76800) / 2개 / 메모리 용량 : 최대 96GB / XMP / [확장슬롯] PCIe버전 : PCIe5.0 , PCIe4.0 / PCIex16 : 1개 (동시사용시 at x8) / PCIex16(at x8) : 1개 / PCIex4 : 2개 / [저장장치] M.2 : 4+2개 / SATA3 : 4개 / M.2 연결 : PCIe5.0 , PCIe4.0 , NVMe , DIMM.2 , PCIe 레인공유 / [후면단자] Type-C / 썬더볼트4 / USB3.x 20Gbps / USB3.x 10Gbps / USB3.x 5Gbps / RJ-45 / S/PDIF / 오디오잭 / PS/2 / BIOS플래시백 / 클리어CMOS / USB A타입 : 8개 / USB C타입 : 3개 / [랜/오디오] 유선랜 칩셋 : Realtek / 5Gbps / RJ-45 : 1개 / 무선랜(Wi-Fi) / 블루투스 / 오디오 칩셋 : SupremeFX ALC4080 / 7.1채널(8ch) / [내부I/O] USB/팬 헤더 : 썬더볼트4 헤더 , USB3.0 헤더 , USB2.0 헤더 , USB3.2 Type C 헤더 , USB3.1 Type C 헤더 , ARGB 5V 3핀 헤더 , CPU추가팬(OPT) 헤더 , 펌프전용 헤더 / 시스템팬 4핀 : 2+3개 / I/O 헤더 : 디버그LED , 프론트오디오AAFP 헤더 , 온도 센서 / [특징] SPS(DrMOS) / 전원부 방열판 / M.2 히트싱크 / 일체형IO실드 / LED라이트 / UEFI / ROG Q-DIMM.2 포함 닫기",https://img.danuri.io/catalog-image/399/566/069/b881dd630226453aa9330333cfa082fc.jpg?shrink=130:130&_v=20260921080458,https://prod.danawa.com/info/?pcode=69566399&cate=112751
231,ASUS,ASUS PRIME Z890-P-CSM 인텍앤컴퍼니,"328,960","인텔 Z890 / 인텔(소켓1851) / DDR5 / VGA 연결 : PCIe5.0 x16 / ATX (30.5x24.4cm) / 전원부 : 14+1+2+1페이즈 / 페이즈당80A / Vcore출력합계 : 1120A / [메모리] 8400MHz (PC5-67200) / 4개 / 메모리 용량 : 최대 192GB / XMP / [확장슬롯] PCIe버전 : PCIe5.0 , PCIe4.0 / PCIex16 : 1개 / PCIex16(at x4) : 2개 / PCIex16(at x1) : 1개 / [저장장치] M.2 : 4개 / SATA3 : 4개 / M.2 연결 : PCIe5.0 , PCIe4.0 , NVMe , SATA / [후면단자] HDMI / DP / Type-C / USB3.x 20Gbps / USB3.x 10Gbps / USB3.x 5Gbps / USB 2.0 / RJ-45 / 오디오잭 / BIOS플래시백 / USB A타입 : 7개 / USB C타입 : 1개 / [랜/오디오] 유선랜 칩셋 : Realtek / 2.5Gbps / RJ-45 : 1개 / 오디오 칩셋 : Realtek / 7.1채널(8ch) / [내부I/O] USB/팬 헤더 : 썬더볼트 헤더 , USB3.0 헤더 , USB2.0 헤더 , USB3.1 Type C 헤더 , CPU추가팬(OPT) 헤더 , 펌프전용 헤더 / 시스템팬 4핀 : 4개 / I/O 헤더 : TPM 헤더 , 프론트오디오AAFP 헤더 , COM포트 헤더 , S/PDIF OUT 헤더 / [특징] DrMOS / 전원부 방열판 / M.2 히트싱크 / 일체형IO실드 / UEFI 닫기",https://img.danuri.io/catalog-image/858/656/069/bf2911561e764d2f8ee3c3a5316c098d.jpg?shrink=130:130&_v=20260921102643,https://prod.danawa.com/info/?pcode=69656858&cate=112751
232,ASUS,ASUS TUF Gaming B860M-PLUS STCOM,"240,010","인텔(소켓1851) / 인텔 B860 / DDR5 / VGA 연결 : PCIe5.0 x16 / M-ATX (24.4x24.4cm) / 전원부 : 12+1+2+1페이즈 / 80A / Vcore출력합계 : 960 / [메모리] 8800MHz (PC5-70400) / 4개 / 메모리 용량 : 최대 256GB / XMP / [확장슬롯] PCIe버전 : PCIe5.0 , PCIe4.0 / PCIex16 : 1개 / PCIex4 : 1개 / [저장장치] SATA3 : 4개 / M.2 : 3개 / M.2 연결 : PCIe5.0 , PCIe4.0 , NVMe , PCIe 레인공유 / [후면단자] HDMI / DP / Type-C / USB3.x 20Gbps / USB3.x 10Gbps / USB3.x 5Gbps / USB 2.0 / RJ-45 / S/PDIF / 오디오잭 / BIOS플래시백 / USB A타입 : 7개 / USB C타입 : 1개 / [랜/오디오] 유선랜 칩셋 : Realtek / 2.5Gbps / RJ-45 : 1개 / 오디오 칩셋 : Realtek / 7.1채널(8ch) / [내부I/O] USB/팬 헤더 : 썬더볼트 헤더 , USB3.0 헤더 , USB2.0 헤더 , USB3.1 Type C 헤더 , ARGB 5V 3핀 헤더 , CPU추가팬(OPT) 헤더 , 펌프전용 헤더 / 시스템팬 4핀 : 3개 / I/O 헤더 : 디버그LED , 프론트오디오AAFP 헤더 , 침입감지 헤더 / [특징] DrMOS / 전원부 방열판 / M.2 히트싱크 / 일체형IO실드 / UEFI 닫기",https://img.danuri.io/catalog-image/832/254/074/b8e626b07bd74ac4bffa80a47be6cc7f.jpg?shrink=130:130&_v=20260921080458,https://prod.danawa.com/info/?pcode=74254832&cate=112751
233,ASUS,ASUS PRO WS Z890-ACE SE STCOM,"853,500","인텔(소켓1851) / 인텔 Z890 / DDR5 / VGA 연결 : PCIe5.0 x16 / ATX (30.5x24.4cm) / 전원부 : 16+1+2+2페이즈 / [메모리] 9066MHz (PC5-72500) / 4개 / 메모리 용량 : 최대 256GB / XMP / [확장슬롯] PCIe버전 : PCIe5.0 , PCIe4.0 / PCIex16 : 2개 (동시사용시 at x8) / PCIex16(at x4) : 1개 / [저장장치] SATA3 : 4개 / M.2 : 4개 / M.2 연결 : PCIe5.0 , PCIe4.0 , NVMe / [후면단자] HDMI / Type-C / USB3.x 20Gbps / USB3.x 10Gbps / RJ-45 / 오디오잭 / BIOS플래시백 / 클리어CMOS / USB A타입 : 6개 / USB C타입 : 2개 / [랜/오디오] 유선랜 칩셋 : Marvell AQtion 10Gb, Intel 2.5Gb / RJ-45 : 3개 / 듀얼LAN / IPMI(BMC)관리단자 / 오디오 칩셋 : Realtek ALC1220P / 7.1채널(8ch) / USB/팬 헤더 : USB4 헤더 , USB3.0 헤더 , USB2.0 헤더 , USB3.2 Type C 헤더 , CPU추가팬(OPT) 헤더 , 펌프전용 헤더 / 시스템팬 4핀 : 5개 / I/O 헤더 : 디버그LED , 프론트오디오AAFP 헤더 , 침입감지 헤더 , COM포트 헤더 , 온도 센서 / [특징] 닫기",https://img.danuri.io/catalog-image/695/382/077/45b3417b44704807ae783f4cd91caf8a.jpg?shrink=130:130&_v=20260921110209,https://prod.danawa.com/info/?pcode=77382695&cate=112751
234,ASUS,ASUS ProArt Z890-CREATOR WIFI 코잇,"837,620","인텔 Z890 / 인텔(소켓1851) / DDR5 / VGA 연결 : PCIe5.0 x16 / ATX (30.5x24.4cm) / 전원부 : 16+2+1+2페이즈 / 페이즈당80A / Vcore출력합계 : 1280A / [메모리] 8600MHz (PC5-68800) / 4개 / 메모리 용량 : 최대 192GB / XMP / [확장슬롯] PCIe버전 : PCIe5.0 , PCIe4.0 / PCIex16 : 2개 (동시사용시 at x8) / PCIex16(at x4) : 1개 / [저장장치] M.2 : 5개 / SATA3 : 4개 / M.2 연결 : PCIe5.0 , PCIe4.0 , NVMe , SATA , PCIe 레인공유 / [후면단자] HDMI / Type-C / 썬더볼트5 / 썬더볼트4 / USB3.x 10Gbps / USB 2.0 / RJ-45 / 오디오잭 / BIOS플래시백 / USB A타입 : 7개 / USB C타입 : 3개 / [랜/오디오] 유선랜 칩셋 : Marvell AQtion, Intel / 10Gbps, 2.5Gbps / RJ-45 : 2개 / 듀얼LAN / 무선랜(Wi-Fi) / 블루투스 / 오디오 칩셋 : Realtek ALC1220P / 7.1채널(8ch) / [내부I/O] USB/팬 헤더 : USB3.0 헤더 , USB2.0 헤더 , USB3.2 Type C 헤더 , ARGB 5V 3핀 헤더 , CPU추가팬(OPT) 헤더 , 펌프전용 헤더 / 시스템팬 4핀 : 5개 / I/O 헤더 : 디버그LED , 프론트오디오AAFP 헤더 , 침입감지 헤더 , COM포트 헤더 , 온도 센서 / [특징] DrMOS / 전원부 방열판 / M.2 히트싱크 / 일체형IO실드 / UEFI 닫기",https://img.danuri.io/catalog-image/563/696/069/30d90f610474489daa1e4492e26eb08d.jpg?shrink=130:130&_v=20260921080444,https://prod.danawa.com/info/?pcode=69696563&cate=112751
235,ASUS,ASUS PRIME H810M-A 인텍앤컴퍼니,"122,260","인텔(소켓1851) / 인텔 H810 / DDR5 / VGA 연결 : PCIe4.0 x16 / M-ATX (24.4x24.4cm) / 전원부 : 6+1+1+1페이즈 / [메모리] 6400MHz (PC5-51200) / 2개 / 메모리 용량 : 최대 128GB / XMP / [확장슬롯] PCIe버전 : PCIe4.0 / PCIex16 : 1개 / PCIex1 : 1개 / [저장장치] SATA3 : 4개 / M.2 : 2개 / M.2 연결 : PCIe4.0 , NVMe / [후면단자] HDMI / DP / USB3.x 10Gbps / USB 2.0 / RJ-45 / 오디오잭 / PS/2 / [랜/오디오] 유선랜 칩셋 : Intel / 1Gbps / RJ-45 : 1개 / M.2 Key-E(모듈별매) / 오디오 칩셋 : Realtek / 7.1채널(8ch) / [내부I/O] USB/팬 헤더 : USB3.0 헤더 , USB2.0 헤더 , USB3.0 Type C 헤더 , ARGB 5V 3핀 헤더 / 시스템팬 4핀 : 2개 / I/O 헤더 : TPM 헤더 , 프론트오디오AAFP 헤더 , COM포트 헤더 , S/PDIF OUT 헤더 / [특징] 전원부 방열판 / UEFI 닫기",https://img.danuri.io/catalog-image/068/720/075/46e510f359e6466da7eef74810d50a48.jpg?shrink=130:130&_v=20260921080444,https://prod.danawa.com/info/?pcode=75720068&cate=112751
236,ASUS,ASUS ROG MAXIMUS Z890 HERO 인텍앤컴퍼니,"934,990","인텔 Z890 / 인텔(소켓1851) / DDR5 / VGA 연결 : PCIe5.0 x16 / ATX (30.5x24.4cm) / 전원부 : 22+1+2+2페이즈 / 페이즈당110A / Vcore출력합계 : 2420A / [메모리] 8600MHz (PC5-68800) / 4개 / 메모리 용량 : 최대 192GB / XMP / [확장슬롯] PCIe버전 : PCIe5.0 , PCIe4.0 / PCIex16 : 1개 / PCIex16(at x4) : 1개 / PCIex1 : 1개 / [저장장치] M.2 : 6개 / SATA3 : 4개 / M.2 연결 : PCIe5.0 , PCIe4.0 , NVMe , PCIe 레인공유 / [후면단자] Type-C / 썬더볼트4 / USB3.x 10Gbps / USB3.x 5Gbps / RJ-45 / S/PDIF / 오디오잭 / BIOS플래시백 / 클리어CMOS / USB A타입 : 8개 / USB C타입 : 3개 / [랜/오디오] 유선랜 칩셋 : Realtek, Intel / 5Gbps, 2.5Gbps / RJ-45 : 2개 / 듀얼LAN / 무선랜(Wi-Fi) / 블루투스 / 오디오 칩셋 : ESS ES9219 x4 / 7.1채널(8ch) / [내부I/O] USB/팬 헤더 : 썬더볼트4 헤더 , USB3.0 헤더 , USB2.0 헤더 , USB3.2 Type C 헤더 , USB3.1 Type C 헤더 , ARGB 5V 3핀 헤더 , CPU추가팬(OPT) 헤더 , 펌프전용 헤더 / 시스템팬 4핀 : 4+1개 / I/O 헤더 : 디버그LED , 프론트오디오AAFP 헤더 , 온도 센서 / [특징] SPS(DrMOS) / 전원부 방열판 / M.2 히트싱크 / 일체형IO실드 / LED라이트 / UEFI 닫기",https://img.danuri.io/catalog-image/996/566/069/89f1e59159e94ae69f711ede59cb54c3.jpg?shrink=130:130&_v=20260921080455,https://prod.danawa.com/info/?pcode=69566996&cate=112751
237,ASUS,ASUS PRIME H810M-A 코잇,"120,440","인텔(소켓1851) / 인텔 H810 / DDR5 / VGA 연결 : PCIe4.0 x16 / M-ATX (24.4x24.4cm) / 전원부 : 6+1+1+1페이즈 / [메모리] 6400MHz (PC5-51200) / 2개 / 메모리 용량 : 최대 128GB / XMP / [확장슬롯] PCIe버전 : PCIe4.0 / PCIex16 : 1개 / PCIex1 : 1개 / [저장장치] SATA3 : 4개 / M.2 : 2개 / M.2 연결 : PCIe4.0 , NVMe / [후면단자] HDMI / DP / USB3.x 10Gbps / USB 2.0 / RJ-45 / 오디오잭 / PS/2 / [랜/오디오] 유선랜 칩셋 : Intel / 1Gbps / RJ-45 : 1개 / M.2 Key-E(모듈별매) / 오디오 칩셋 : Realtek / 7.1채널(8ch) / [내부I/O] USB/팬 헤더 : USB3.0 헤더 , USB2.0 헤더 , USB3.0 Type C 헤더 , ARGB 5V 3핀 헤더 / 시스템팬 4핀 : 2개 / I/O 헤더 : TPM 헤더 , 프론트오디오AAFP 헤더 , COM포트 헤더 , S/PDIF OUT 헤더 / [특징] 전원부 방열판 / UEFI 닫기",https://img.danuri.io/catalog-image/181/083/077/d65e4e9fa60d4a67a472ac5e12ad76e7.jpg?shrink=130:130&_v=20260921110118,https://prod.danawa.com/info/?pcode=77083181&cate=112751
238,ASUS,ASUS ROG STRIX B860-I GAMING WIFI STCOM,"429,000","인텔 B860 / 인텔(소켓1851) / DDR5 / VGA 연결 : PCIe5.0 x16 / M-iTX (17.0x17.0cm) / 전원부 : 10+1+2+1페이즈 / 페이즈당80A / Vcore출력합계 : 800A / [메모리] 9066MHz (PC5-72500) / 2개 / 메모리 용량 : 최대 128GB / XMP / [확장슬롯] PCIe버전 : PCIe5.0 / PCIex16 : 1개 / [저장장치] M.2 : 2개 / SATA3 : 4개 / M.2 연결 : PCIe5.0 , PCIe4.0 , NVMe / [후면단자] HDMI / DP / Type-C / 썬더볼트4 / USB3.x 20Gbps / USB3.x 10Gbps / USB3.x 5Gbps / USB 2.0 / RJ-45 / S/PDIF / 오디오잭 / 클리어CMOS / USB A타입 : 6개 / USB C타입 : 2개 / [랜/오디오] 유선랜 칩셋 : Intel / 2.5Gbps / RJ-45 : 1개 / 무선랜(Wi-Fi) / 블루투스 / 오디오 칩셋 : Realtek ALC1220P / 7.1채널(8ch) / [내부I/O] USB/팬 헤더 : USB3.0 헤더 , USB2.0 헤더 , USB3.1 Type C 헤더 , ARGB 5V 3핀 헤더 , 펌프전용 헤더 / 시스템팬 4핀 : 1개 / I/O 헤더 : 프론트오디오AAFP 헤더 , 온도 센서 / [특징] DrMOS / 전원부 방열판 / M.2 히트싱크 / 일체형IO실드 / UEFI 닫기",https://img.danuri.io/catalog-image/203/253/074/d3630e33721747dbad9754b767c72a28.jpg?shrink=130:130&_v=20260921080609,https://prod.danawa.com/info/?pcode=74253203&cate=112751
239,ASUS,ASUS TUF Gaming B860M-PLUS WIFI STCOM,"270,000","인텔(소켓1851) / 인텔 B860 / DDR5 / VGA 연결 : PCIe5.0 x16 / M-ATX (24.4x24.4cm) / 전원부 : 12+1+2+1페이즈 / 80A / Vcore출력합계 : 960 / [메모리] 8666MHz (PC5-69300) / 4개 / 메모리 용량 : 최대 256GB / XMP / [확장슬롯] PCIe버전 : PCIe5.0 , PCIe4.0 / PCIex16 : 1개 / PCIex4 : 1개 / [저장장치] SATA3 : 4개 / M.2 : 3개 / M.2 연결 : PCIe5.0 , PCIe4.0 , NVMe , PCIe 레인공유 / [후면단자] HDMI / DP / Type-C / USB3.x 20Gbps / USB3.x 10Gbps / USB3.x 5Gbps / USB 2.0 / RJ-45 / S/PDIF / 오디오잭 / BIOS플래시백 / USB A타입 : 7개 / USB C타입 : 1개 / [랜/오디오] 유선랜 칩셋 : Realtek / 2.5Gbps / RJ-45 : 1개 / 무선랜(Wi-Fi) / 블루투스 / 오디오 칩셋 : Realtek / 7.1채널(8ch) / [내부I/O] USB/팬 헤더 : 썬더볼트 헤더 , USB3.0 헤더 , USB2.0 헤더 , USB3.1 Type C 헤더 , ARGB 5V 3핀 헤더 , CPU추가팬(OPT) 헤더 , 펌프전용 헤더 / 시스템팬 4핀 : 3개 / I/O 헤더 : 디버그LED , 프론트오디오AAFP 헤더 , 침입감지 헤더 / [특징] DrMOS / 전원부 방열판 / M.2 히트싱크 / 일체형IO실드 / UEFI 닫기",https://img.danuri.io/catalog-image/814/254/074/b21c008dbde642f3b67935e37044716d.jpg?shrink=130:130&_v=20260921080609,https://prod.danawa.com/info/?pcode=74254814&cate=112751
240,ASUS,ASUS TUF Gaming Z890-PRO WIFI STCOM,"417,340","인텔 Z890 / 인텔(소켓1851) / DDR5 / VGA 연결 : PCIe5.0 x16 / ATX (30.5x24.4cm) / 전원부 : 16+1+2+1페이즈 / 페이즈당80A / Vcore출력합계 : 1280A / [메모리] 9066MHz (PC5-72500) / 4개 / 메모리 용량 : 최대 192GB / XMP / [확장슬롯] PCIe버전 : PCIe5.0 , PCIe4.0 / PCIex16 : 1개 / PCIex16(at x4) : 1개 / PCIex4 : 1개 / PCIex1 : 1개 / [저장장치] M.2 : 4개 / SATA3 : 4개 / M.2 연결 : PCIe5.0 , PCIe4.0 , NVMe , SATA / [후면단자] HDMI / DP / Type-C / 썬더볼트4 / USB3.x 20Gbps / USB3.x 10Gbps / USB3.x 5Gbps / RJ-45 / S/PDIF / 오디오잭 / BIOS플래시백 / USB A타입 : 6개 / USB C타입 : 2개 / [랜/오디오] 유선랜 칩셋 : Intel / 2.5Gbps / RJ-45 : 1개 / 무선랜(Wi-Fi) / 블루투스 / 오디오 칩셋 : Realtek ALC1220P / 7.1채널(8ch) / [내부I/O] USB/팬 헤더 : 썬더볼트 헤더 , USB3.0 헤더 , USB2.0 헤더 , USB3.2 Type C 헤더 , ARGB 5V 3핀 헤더 , CPU추가팬(OPT) 헤더 , 펌프전용 헤더 / 시스템팬 4핀 : 4개 / I/O 헤더 : 디버그LED , 프론트오디오AAFP 헤더 , 온도 센서 / [특징] SPS(DrMOS) / 전원부 방열판 / M.2 히트싱크 / 일체형IO실드 / UEFI 닫기",https://img.danuri.io/catalog-image/171/662/069/ba11c8d8ade44a87ace83e1f30be1e54.jpg?shrink=130:130&_v=20260921080443,https://prod.danawa.com/info/?pcode=69662171&cate=112751
241,ASUS,ASUS ProArt Z890-CREATOR WIFI STCOM,"841,990","인텔 Z890 / 인텔(소켓1851) / DDR5 / VGA 연결 : PCIe5.0 x16 / ATX (30.5x24.4cm) / 전원부 : 16+2+1+2페이즈 / 페이즈당80A / Vcore출력합계 : 1280A / [메모리] 9066MHz (PC5-72500) / 4개 / 메모리 용량 : 최대 192GB / XMP / [확장슬롯] PCIe버전 : PCIe5.0 , PCIe4.0 / PCIex16 : 2개 (동시사용시 at x8) / PCIex16(at x4) : 1개 / [저장장치] M.2 : 5개 / SATA3 : 4개 / M.2 연결 : PCIe5.0 , PCIe4.0 , NVMe , SATA , PCIe 레인공유 / [후면단자] HDMI / Type-C / 썬더볼트5 / 썬더볼트4 / USB3.x 10Gbps / USB 2.0 / RJ-45 / 오디오잭 / BIOS플래시백 / USB A타입 : 7개 / USB C타입 : 3개 / [랜/오디오] 유선랜 칩셋 : Marvell AQtion, Intel / 10Gbps, 2.5Gbps / RJ-45 : 2개 / 듀얼LAN / 무선랜(Wi-Fi) / 블루투스 / 오디오 칩셋 : Realtek ALC1220P / 7.1채널(8ch) / [내부I/O] USB/팬 헤더 : USB3.0 헤더 , USB2.0 헤더 , USB3.2 Type C 헤더 , ARGB 5V 3핀 헤더 , CPU추가팬(OPT) 헤더 , 펌프전용 헤더 / 시스템팬 4핀 : 5개 / I/O 헤더 : 디버그LED , 프론트오디오AAFP 헤더 , 침입감지 헤더 , COM포트 헤더 , 온도 센서 / [특징] DrMOS / 전원부 방열판 / M.2 히트싱크 / 일체형IO실드 / UEFI 닫기",https://img.danuri.io/catalog-image/147/001/070/7eb27b816c3e4fe4b5b2308b117c2cba.jpg?shrink=130:130&_v=20260921080441,https://prod.danawa.com/info/?pcode=70001147&cate=112751
242,ASUS,ASUS ROG MAXIMUS Z890 HERO 코잇,"911,160","인텔 Z890 / 인텔(소켓1851) / DDR5 / VGA 연결 : PCIe5.0 x16 / ATX (30.5x24.4cm) / 전원부 : 22+1+2+2페이즈 / 페이즈당110A / Vcore출력합계 : 2420A / [메모리] 8600MHz (PC5-68800) / 4개 / 메모리 용량 : 최대 192GB / XMP / [확장슬롯] PCIe버전 : PCIe5.0 , PCIe4.0 / PCIex16 : 1개 / PCIex16(at x4) : 1개 / PCIex1 : 1개 / [저장장치] M.2 : 6개 / SATA3 : 4개 / M.2 연결 : PCIe5.0 , PCIe4.0 , NVMe , PCIe 레인공유 / [후면단자] HDMI / Type-C / 썬더볼트4 / USB3.x 10Gbps / USB3.x 5Gbps / RJ-45 / S/PDIF / 오디오잭 / BIOS플래시백 / 클리어CMOS / USB A타입 : 8개 / USB C타입 : 3개 / [랜/오디오] 유선랜 칩셋 : Realtek, Intel / 5Gbps, 2.5Gbps / RJ-45 : 2개 / 듀얼LAN / 무선랜(Wi-Fi) / 블루투스 / 오디오 칩셋 : ESS ES9219 x4 / 7.1채널(8ch) / [내부I/O] USB/팬 헤더 : 썬더볼트4 헤더 , USB3.0 헤더 , USB2.0 헤더 , USB3.2 Type C 헤더 , USB3.1 Type C 헤더 , ARGB 5V 3핀 헤더 , CPU추가팬(OPT) 헤더 , 펌프전용 헤더 / 시스템팬 4핀 : 4+1개 / I/O 헤더 : 디버그LED , 프론트오디오AAFP 헤더 , 온도 센서 / [특징] SPS(DrMOS) / 전원부 방열판 / M.2 히트싱크 / 일체형IO실드 / LED라이트 / UEFI 닫기",https://img.danuri.io/catalog-image/719/696/069/e6b6807798664d759f8422b5cd19661c.jpg?shrink=130:130&_v=20260921143304,https://prod.danawa.com/info/?pcode=69696719&cate=112751
243,ASUS,ASUS PRIME B860-PLUS WIFI-CSM STCOM,"292,440","인텔 B860 / 인텔(소켓1851) / DDR5 / VGA 연결 : PCIe5.0 x16 / ATX (30.5x24.4cm) / 전원부 : 8+1+1+1페이즈 / 페이즈당80A / Vcore출력합계 : 640A / [메모리] 8666MHz (PC5-69300) / 4개 / 메모리 용량 : 최대 256GB / XMP / [확장슬롯] PCIe버전 : PCIe5.0 , PCIe4.0 / PCIex16 : 1개 / PCIex16(at x4) : 1개 / PCIex16(at x1) : 3개 / [저장장치] M.2 : 2개 / SATA3 : 4개 / M.2 연결 : PCIe5.0 , PCIe4.0 , NVMe / [후면단자] HDMI / DP / USB3.x 20Gbps / USB3.x 10Gbps / USB3.x 5Gbps / USB 2.0 / RJ-45 / 오디오잭 / USB A타입 : 7개 / USB C타입 : 1개 / [랜/오디오] 유선랜 칩셋 : Realtek / 2.5Gbps / RJ-45 : 1개 / 무선랜(Wi-Fi) / 블루투스 / 오디오 칩셋 : Realtek / 7.1채널(8ch) / [내부I/O] USB/팬 헤더 : 썬더볼트 헤더 , USB3.0 헤더 , USB2.0 헤더 , USB3.1 Type C 헤더 , RGB 12V 4핀 헤더 , ARGB 5V 3핀 헤더 , CPU추가팬(OPT) 헤더 , 펌프전용 헤더 / 시스템팬 4핀 : 4개 / I/O 헤더 : TPM 헤더 , 디버그LED , 프론트오디오AAFP 헤더 , 침입감지 헤더 , COM포트 헤더 , S/PDIF OUT 헤더 / [특징] DrMOS / 전원부 방열판 / M.2 히트싱크 / 일체형IO실드 / UEFI 닫기",https://img.danuri.io/catalog-image/120/255/074/b8e9b0bb100b4451ba56c89cc568c4cb.jpg?shrink=130:130&_v=20260921130308,https://prod.danawa.com/info/?pcode=74255120&cate=112751
244,ASUS,ASUS PRO WS W880-ACE SE STCOM,"786,090","인텔(소켓1851) / 인텔 W880 / VGA 연결 : PCIe5.0 x16 / 전원부 : 8+1+2+2페이즈 / 90A / Vcore출력합계 : 720 / [메모리] 9066MHz (PC5-72500) / 4개 / 메모리 용량 : 최대 256GB / XMP / [확장슬롯] PCIe버전 : PCIe5.0 / PCIex16 : 2개 (동시사용시 at x8) / PCIex16(at x4) : 1개 / [저장장치] SATA3 : 4개 / M.2 : 4개 / [후면단자] HDMI / D-SUB / Type-C / 썬더볼트4 / USB3.x 10Gbps / RJ-45 / 오디오잭 / BIOS플래시백 / 클리어CMOS / USB A타입 : 6개 / USB C타입 : 2개 / [랜/오디오] 유선랜 칩셋 : Intel / 2.5Gbps / RJ-45 : 3개 / 듀얼LAN / IPMI(BMC)관리단자 / 오디오 칩셋 : Realtek ALC1220P / 7.1채널(8ch) / [내부I/O] USB/팬 헤더 : 썬더볼트4 헤더 , USB3.0 헤더 , USB2.0 헤더 , USB3.2 Type C 헤더 , CPU추가팬(OPT) 헤더 , 펌프전용 헤더 / 시스템팬 4핀 : 5개 / I/O 헤더 : 디버그LED , 프론트오디오AAFP 헤더 , 침입감지 헤더 , COM포트 헤더 , 온도 센서 / [특징] 전원부 방열판 / M.2 히트싱크 / 일체형IO실드 닫기",https://img.danuri.io/catalog-image/522/687/092/474beafab7b940cf920e4d91e4f2a7f9.jpg?shrink=130:130&_v=20260921083248,https://prod.danawa.com/info/?pcode=92687522&cate=112751
245,ASUS,ASUS PRIME H810M-E 코잇,"113,170","인텔 H810 / 인텔(소켓1851) / DDR5 / VGA 연결 : PCIe4.0 x16 / M-ATX (24.4x22cm) / 전원부 : 6+1+1+1페이즈 / [메모리] 6400MHz (PC5-51200) / 2개 / 메모리 용량 : 최대 128GB / XMP / [확장슬롯] PCIe버전 : PCIe4.0 / PCIex16 : 1개 / PCIex1 : 1개 / [저장장치] M.2 : 2개 / SATA3 : 4개 / M.2 연결 : PCIe4.0 , NVMe / [후면단자] HDMI / DP / USB3.x 5Gbps / USB 2.0 / RJ-45 / 오디오잭 / USB A타입 : 6개 / [랜/오디오] 유선랜 칩셋 : Realtek / 1Gbps / RJ-45 : 1개 / 오디오 칩셋 : Realtek / 7.1채널(8ch) / [내부I/O] USB/팬 헤더 : USB3.0 헤더 , USB2.0 헤더 , USB3.0 Type C 헤더 , ARGB 5V 3핀 헤더 / 시스템팬 4핀 : 2개 / I/O 헤더 : TPM 헤더 , 프론트오디오AAFP 헤더 , 침입감지 헤더 , COM포트 헤더 , S/PDIF OUT 헤더 / [특징] UEFI 닫기",https://img.danuri.io/catalog-image/990/691/100/6b1c61ea638540f0a7c814184f6aca75.jpg?shrink=130:130&_v=20260921080444,https://prod.danawa.com/info/?pcode=100691990&cate=112751
246,ASUS,ASUS ROG STRIX Z890-I GAMING WIFI 코잇,"738,280","인텔 Z890 / 인텔(소켓1851) / DDR5 / VGA 연결 : PCIe5.0 x16 / M-iTX (17.0x17.0cm) / 전원부 : 10+1+2+1페이즈 / 페이즈당110A / Vcore출력합계 : 1100A / [메모리] 8800MHz (PC5-70400) / 2개 / 메모리 용량 : 최대 96GB / XMP / [확장슬롯] PCIe버전 : PCIe5.0 / PCIex16 : 1개 / [저장장치] M.2 : 2개 / SATA3 : 2개 / M.2 연결 : PCIe5.0 , NVMe , SATA , PCIe 레인공유 / [후면단자] HDMI / 썬더볼트4 / USB3.x 20Gbps / USB3.x 10Gbps / USB3.x 5Gbps / RJ-45 / 클리어CMOS / USB A타입 : 6개 / USB C타입 : 3개 / [랜/오디오] 유선랜 칩셋 : Intel / 2.5Gbps / RJ-45 : 1개 / 무선랜(Wi-Fi) / 블루투스 / 오디오 칩셋 : ESS SABRE9260Q / [내부I/O] USB/팬 헤더 : USB3.0 헤더 , USB3.2 Type C 헤더 , ARGB 5V 3핀 헤더 , 펌프전용 헤더 / 시스템팬 4핀 : 1개 / I/O 헤더 : 온도 센서 / [특징] SPS(DrMOS) / 전원부 방열판 / M.2 히트싱크 / 일체형IO실드 / UEFI / 추가 구성품: ROG STRIX HIVE II (USB 타입A 10Gbps + 타입C 10Gbps, 헤드폰단자, 파워버튼, 볼륨노브 및 디버그LED) / ROG FPS 카드(SATA 6Gbps x2, USB 2.0 헤더 x2) 닫기",https://img.danuri.io/catalog-image/016/697/069/16d0b81b683b4ab09e2ce63e482aef74.jpg?shrink=130:130&_v=20260921131219,https://prod.danawa.com/info/?pcode=69697016&cate=112751
247,ASUS,ASUS ROG MAXIMUS Z890 APEX STCOM,"748,980","인텔 Z890 / 인텔(소켓1851) / DDR5 / VGA 연결 : PCIe5.0 x16 / ATX (30.5x24.4cm) / 전원부 : 22+1+2+2페이즈 / 페이즈당110A / Vcore출력합계 : 2420A / [메모리] 9600MHz (PC5-76800) / 2개 / 메모리 용량 : 최대 96GB / XMP / [확장슬롯] PCIe버전 : PCIe5.0 , PCIe4.0 / PCIex16 : 1개 (동시사용시 at x8) / PCIex16(at x8) : 1개 / PCIex4 : 2개 / [저장장치] M.2 : 4+2개 / SATA3 : 4개 / M.2 연결 : PCIe5.0 , PCIe4.0 , NVMe , DIMM.2 , PCIe 레인공유 / [후면단자] Type-C / 썬더볼트4 / USB3.x 20Gbps / USB3.x 10Gbps / USB3.x 5Gbps / RJ-45 / S/PDIF / 오디오잭 / PS/2 / BIOS플래시백 / 클리어CMOS / USB A타입 : 8개 / USB C타입 : 3개 / [랜/오디오] 유선랜 칩셋 : Realtek / 5Gbps / RJ-45 : 1개 / 무선랜(Wi-Fi) / 블루투스 / 오디오 칩셋 : SupremeFX ALC4080 / 7.1채널(8ch) / [내부I/O] USB/팬 헤더 : 썬더볼트4 헤더 , USB3.0 헤더 , USB2.0 헤더 , USB3.2 Type C 헤더 , USB3.1 Type C 헤더 , ARGB 5V 3핀 헤더 , CPU추가팬(OPT) 헤더 , 펌프전용 헤더 / 시스템팬 4핀 : 2+3개 / I/O 헤더 : 디버그LED , 프론트오디오AAFP 헤더 , 온도 센서 / [특징] SPS(DrMOS) / 전원부 방열판 / M.2 히트싱크 / 일체형IO실드 / LED라이트 / UEFI / ROG Q-DIMM.2 포함 닫기",https://img.danuri.io/catalog-image/643/661/069/7a5fbdb37a6f450aa9800272971993b5.jpg?shrink=130:130&_v=20260921080457,https://prod.danawa.com/info/?pcode=69661643&cate=112751
248,ASUS,ASUS Z890 AYW GAMING WIFI W 코잇,"392,300","인텔 Z890 / 인텔(소켓1851) / DDR5 / VGA 연결 : PCIe5.0 x16 / ATX (30.5x24.4cm) / 전원부 : 12+1+2+1페이즈 / 페이즈당80A / Vcore출력합계 : 960A / [메모리] 9066MHz (PC5-72500) / 4개 / 메모리 용량 : 최대 192GB / XMP / [확장슬롯] PCIe버전 : PCIe5.0 , PCIe4.0 / PCIex16 : 1개 / PCIex16(at x4) : 2개 / PCIex16(at x1) : 1개 / [저장장치] M.2 : 4개 / SATA3 : 4개 / M.2 연결 : PCIe5.0 , PCIe4.0 , NVMe , SATA / [후면단자] DP / Type-C / USB3.x 20Gbps / USB3.x 10Gbps / USB 2.0 / RJ-45 / 오디오잭 / BIOS플래시백 / USB A타입 : 7개 / USB C타입 : 1개 / [랜/오디오] 유선랜 칩셋 : Realtek / 2.5Gbps / RJ-45 : 1개 / 무선랜(Wi-Fi) / 블루투스 / 오디오 칩셋 : Realtek / 7.1채널(8ch) / [내부I/O] USB/팬 헤더 : 썬더볼트 헤더 , USB3.0 헤더 , USB2.0 헤더 , USB3.2 Type C 헤더 , CPU추가팬(OPT) 헤더 , 펌프전용 헤더 / 시스템팬 4핀 : 4개 / I/O 헤더 : TPM 헤더 , 디버그LED , 프론트오디오AAFP 헤더 , COM포트 헤더 , S/PDIF OUT 헤더 / [특징] DrMOS / 전원부 방열판 / M.2 히트싱크 / 일체형IO실드 / UEFI 닫기",https://img.danuri.io/catalog-image/280/697/069/afa05858776041359cfb62308fdcbc07.jpg?shrink=130:130&_v=20260921080444,https://prod.danawa.com/info/?pcode=69697280&cate=112751
249,ASUS,ASUS PRIME Z890-P-CSM 코잇,"330,220","인텔 Z890 / 인텔(소켓1851) / DDR5 / VGA 연결 : PCIe5.0 x16 / ATX (30.5x24.4cm) / 전원부 : 14+1+2+1페이즈 / 페이즈당80A / Vcore출력합계 : 1120A / [메모리] 8400MHz (PC5-67200) / 4개 / 메모리 용량 : 최대 192GB / XMP / [확장슬롯] PCIe버전 : PCIe5.0 , PCIe4.0 / PCIex16 : 1개 / PCIex16(at x4) : 2개 / PCIex16(at x1) : 1개 / [저장장치] M.2 : 4개 / SATA3 : 4개 / M.2 연결 : PCIe5.0 , PCIe4.0 , NVMe , SATA / [후면단자] HDMI / DP / Type-C / USB3.x 20Gbps / USB3.x 10Gbps / USB3.x 5Gbps / USB 2.0 / RJ-45 / 오디오잭 / BIOS플래시백 / USB A타입 : 7개 / USB C타입 : 1개 / [랜/오디오] 유선랜 칩셋 : Realtek / 2.5Gbps / RJ-45 : 1개 / 오디오 칩셋 : Realtek / 7.1채널(8ch) / [내부I/O] USB/팬 헤더 : 썬더볼트 헤더 , USB3.0 헤더 , USB2.0 헤더 , USB3.1 Type C 헤더 , CPU추가팬(OPT) 헤더 , 펌프전용 헤더 / 시스템팬 4핀 : 4개 / I/O 헤더 : TPM 헤더 , 프론트오디오AAFP 헤더 , COM포트 헤더 , S/PDIF OUT 헤더 / [특징] DrMOS / 전원부 방열판 / M.2 히트싱크 / 일체형IO실드 / UEFI 닫기",https://img.danuri.io/catalog-image/269/696/069/f8611941fbd14487b6d7108aadeff8dc.jpg?shrink=130:130&_v=20260921112628,https://prod.danawa.com/info/?pcode=69696269&cate=112751
250,ASUS,ASUS TUF Gaming B860-PLUS WIFI STCOM,"297,830","인텔 B860 / 인텔(소켓1851) / DDR5 / VGA 연결 : PCIe5.0 x16 / ATX (30.5x24.4cm) / 전원부 : 12+1+2+1페이즈 / 페이즈당80A / Vcore출력합계 : 960A / [메모리] 8666MHz (PC5-69300) / 4개 / 메모리 용량 : 최대 192GB / XMP / [확장슬롯] PCIe버전 : PCIe5.0 , PCIe4.0 / PCIex16 : 1개 / PCIex16(at x4) : 1개 / PCIex1 : 1개 / [저장장치] M.2 : 3개 / SATA3 : 4개 / M.2 연결 : PCIe5.0 , PCIe4.0 , NVMe , PCIe 레인공유 / [후면단자] HDMI / DP / Type-C / USB3.x 20Gbps / USB3.x 10Gbps / USB3.x 5Gbps / USB 2.0 / RJ-45 / S/PDIF / 오디오잭 / BIOS플래시백 / USB A타입 : 7개 / USB C타입 : 1개 / [랜/오디오] 유선랜 칩셋 : Realtek / 2.5Gbps / RJ-45 : 1개 / 무선랜(Wi-Fi) / 블루투스 / 오디오 칩셋 : Realtek / 7.1채널(8ch) / [내부I/O] USB/팬 헤더 : 썬더볼트 헤더 , USB3.0 헤더 , USB2.0 헤더 , USB3.1 Type C 헤더 , ARGB 5V 3핀 헤더 , CPU추가팬(OPT) 헤더 , 펌프전용 헤더 / 시스템팬 4핀 : 4개 / I/O 헤더 : 디버그LED , 프론트오디오AAFP 헤더 , 침입감지 헤더 , COM포트 헤더 / [특징] DrMOS / 전원부 방열판 / M.2 히트싱크 / 일체형IO실드 / LED라이트 / UEFI 닫기",https://img.danuri.io/catalog-image/724/254/074/15e610b2efb84d4693e65d2dfdaa8777.jpg?shrink=130:130&_v=20260921080444,https://prod.danawa.com/info/?pcode=74254724&cate=112751
251,ASUS,ASUS PRIME Z890-P WIFI-CSM 코잇,"375,900","인텔 Z890 / 인텔(소켓1851) / DDR5 / VGA 연결 : PCIe5.0 x16 / ATX (30.5x24.4cm) / 전원부 : 14+1+2+1페이즈 / 페이즈당80A / Vcore출력합계 : 1120A / [메모리] 8400MHz (PC5-67200) / 4개 / 메모리 용량 : 최대 192GB / XMP / [확장슬롯] PCIe버전 : PCIe5.0 , PCIe4.0 / PCIex16 : 1개 / PCIex16(at x4) : 2개 / PCIex16(at x1) : 1개 / [저장장치] M.2 : 4개 / SATA3 : 4개 / M.2 연결 : PCIe5.0 , PCIe4.0 , NVMe , SATA / [후면단자] HDMI / DP / Type-C / 썬더볼트4 / USB3.x 10Gbps / USB3.x 5Gbps / USB 2.0 / RJ-45 / 오디오잭 / BIOS플래시백 / USB A타입 : 7개 / USB C타입 : 1개 / [랜/오디오] 유선랜 칩셋 : Realtek / 2.5Gbps / RJ-45 : 1개 / 무선랜(Wi-Fi) / 블루투스 / 오디오 칩셋 : Realtek / 7.1채널(8ch) / [내부I/O] USB/팬 헤더 : 썬더볼트 헤더 , USB3.0 헤더 , USB2.0 헤더 , USB3.1 Type C 헤더 , CPU추가팬(OPT) 헤더 , 펌프전용 헤더 / 시스템팬 4핀 : 4개 / I/O 헤더 : TPM 헤더 , 디버그LED , 프론트오디오AAFP 헤더 , COM포트 헤더 , S/PDIF OUT 헤더 / [특징] DrMOS / 전원부 방열판 / M.2 히트싱크 / 일체형IO실드 / UEFI 닫기",https://img.danuri.io/catalog-image/089/696/069/aab19cc5155e41e7bd57dfbfdaf6b31e.jpg?shrink=130:130&_v=20260921110223,https://prod.danawa.com/info/?pcode=69696089&cate=112751
252,ASUS,ASUS ROG MAXIMUS Z890 EXTREME 코잇,"1,874,000","인텔 Z890 / 인텔(소켓1851) / DDR5 / VGA 연결 : PCIe5.0 x16 / E-ATX (30.5x27.7cm) / 전원부 : 24+1+2+2페이즈 / 페이즈당110A / Vcore출력합계 : 2640A / [메모리] 8400MHz (PC5-67200) / 4개 / 메모리 용량 : 최대 192GB / XMP / [확장슬롯] PCIe버전 : PCIe5.0 , PCIe4.0 / PCIex16 : 1개 (동시사용시 at x8) / PCIex16(at x8) : 1개 / PCIex4 : 1개 / [저장장치] M.2 : 4+2개 / SATA3 : 4개 / M.2 연결 : PCIe5.0 , PCIe4.0 , NVMe , DIMM.2 , PCIe 레인공유 / [후면단자] HDMI / Type-C / 썬더볼트5 / USB3.x 20Gbps / USB3.x 10Gbps / RJ-45 / S/PDIF / 오디오잭 / BIOS플래시백 / 클리어CMOS / USB A타입 : 5개 / USB C타입 : 5개 / [랜/오디오] 유선랜 칩셋 : Marvell AQtion, Intel / 10Gbps, 2.5Gbpsbps / RJ-45 : 2개 / 듀얼LAN / 무선랜(Wi-Fi) / 블루투스 / 오디오 칩셋 : ESS ES9219 x4 / 7.1채널(8ch) / [내부I/O] USB/팬 헤더 : 썬더볼트4 헤더 , USB3.0 헤더 , USB2.0 헤더 , USB3.2 Type C 헤더 , USB3.1 Type C 헤더 , ARGB 5V 3핀 헤더 , CPU추가팬(OPT) 헤더 , 펌프전용 헤더 / 시스템팬 4핀 : 4+1개 / I/O 헤더 : 디버그LED , 프론트오디오AAFP 헤더 , 온도 센서 / [특징] SPS(DrMOS) / 전원부 방열판 / M.2 히트싱크 / 일체형IO실드 / LCD(커스텀) / UEFI / ROG Q-DIMM.2 포함 닫기",https://img.danuri.io/catalog-image/641/696/069/071f1f4cc2454415bcbadc131f20e908.jpg?shrink=130:130&_v=20260921142623,https://prod.danawa.com/info/?pcode=69696641&cate=112751
253,ASUS,ASUS PRIME Z890-P WIFI-CSM STCOM,"407,090","인텔 Z890 / 인텔(소켓1851) / DDR5 / VGA 연결 : PCIe5.0 x16 / ATX (30.5x24.4cm) / 전원부 : 14+1+2+1페이즈 / 페이즈당80A / Vcore출력합계 : 1120A / [메모리] 8666MHz (PC5-69300) / 4개 / 메모리 용량 : 최대 192GB / XMP / [확장슬롯] PCIe버전 : PCIe5.0 , PCIe4.0 / PCIex16 : 1개 / PCIex16(at x4) : 2개 / PCIex16(at x1) : 1개 / [저장장치] M.2 : 4개 / SATA3 : 4개 / M.2 연결 : PCIe5.0 , PCIe4.0 , NVMe , SATA / [후면단자] HDMI / DP / Type-C / 썬더볼트4 / USB3.x 10Gbps / USB3.x 5Gbps / USB 2.0 / RJ-45 / 오디오잭 / BIOS플래시백 / USB A타입 : 7개 / USB C타입 : 1개 / [랜/오디오] 유선랜 칩셋 : Realtek / 2.5Gbps / RJ-45 : 1개 / 무선랜(Wi-Fi) / 블루투스 / 오디오 칩셋 : Realtek / 7.1채널(8ch) / [내부I/O] USB/팬 헤더 : 썬더볼트 헤더 , USB3.0 헤더 , USB2.0 헤더 , USB3.1 Type C 헤더 , CPU추가팬(OPT) 헤더 , 펌프전용 헤더 / 시스템팬 4핀 : 4개 / I/O 헤더 : TPM 헤더 , 디버그LED , 프론트오디오AAFP 헤더 , COM포트 헤더 , S/PDIF OUT 헤더 / [특징] DrMOS / 전원부 방열판 / M.2 히트싱크 / 일체형IO실드 / UEFI 닫기",https://img.danuri.io/catalog-image/250/661/069/2f7fac20262249cc82af1319761673d6.jpg?shrink=130:130&_v=20260921104643,https://prod.danawa.com/info/?pcode=69661250&cate=112751
254,ASUS,ASUS ROG STRIX Z890-I GAMING WIFI 인텍앤컴퍼니,"784,730","인텔 Z890 / 인텔(소켓1851) / DDR5 / VGA 연결 : PCIe5.0 x16 / M-iTX (17.0x17.0cm) / 전원부 : 10+1+2+1페이즈 / 페이즈당110A / Vcore출력합계 : 1100A / [메모리] 8800MHz (PC5-70400) / 2개 / 메모리 용량 : 최대 96GB / XMP / [확장슬롯] PCIe버전 : PCIe5.0 / PCIex16 : 1개 / [저장장치] M.2 : 2개 / SATA3 : 2개 / M.2 연결 : PCIe5.0 , NVMe , SATA , PCIe 레인공유 / [후면단자] HDMI / Type-C / 썬더볼트4 / USB3.x 20Gbps / USB3.x 10Gbps / USB3.x 5Gbps / RJ-45 / 클리어CMOS / USB A타입 : 6개 / USB C타입 : 3개 / [랜/오디오] 유선랜 칩셋 : Intel / 2.5Gbps / RJ-45 : 1개 / 무선랜(Wi-Fi) / 블루투스 / 오디오 칩셋 : ESS SABRE9260Q / [내부I/O] USB/팬 헤더 : USB3.0 헤더 , USB3.2 Type C 헤더 , ARGB 5V 3핀 헤더 , 펌프전용 헤더 / 시스템팬 4핀 : 1개 / I/O 헤더 : 온도 센서 / [특징] SPS(DrMOS) / 전원부 방열판 / M.2 히트싱크 / 일체형IO실드 / UEFI / 추가 구성품: ROG STRIX HIVE II (USB 타입A 10Gbps + 타입C 10Gbps, 헤드폰단자, 파워버튼, 볼륨노브 및 디버그LED) / ROG FPS 카드(SATA 6Gbps x2, USB 2.0 헤더 x2) 닫기",https://img.danuri.io/catalog-image/266/808/074/243cbdf7de4e439fb488a0bee04ce322.jpg?shrink=130:130&_v=20260921080609,https://prod.danawa.com/info/?pcode=74808266&cate=112751
255,ASUS,ASUS ROG STRIX B860-F GAMING WIFI STCOM,"428,140","인텔 B860 / 인텔(소켓1851) / DDR5 / VGA 연결 : PCIe5.0 x16 / ATX (30.5x24.4cm) / 전원부 : 16+1+2+1페이즈 / 페이즈당80A / Vcore출력합계 : 1280A / [메모리] 9066MHz (PC5-72500) / 4개 / 메모리 용량 : 최대 256GB / XMP / [확장슬롯] PCIe버전 : PCIe5.0 , PCIe4.0 / PCIex16 : 1개 / PCIex16(at x4) : 1개 / [저장장치] M.2 : 4개 / SATA3 : 4개 / M.2 연결 : PCIe5.0 , PCIe4.0 , NVMe , PCIe 레인공유 / [후면단자] HDMI / DP / Type-C / 썬더볼트4 / USB3.x 20Gbps / USB3.x 10Gbps / USB3.x 5Gbps / USB 2.0 / RJ-45 / S/PDIF / 오디오잭 / BIOS플래시백 / 클리어CMOS / USB A타입 : 7개 / USB C타입 : 2개 / [랜/오디오] 유선랜 칩셋 : Intel / 2.5Gbps / RJ-45 : 1개 / 무선랜(Wi-Fi) / 블루투스 / 오디오 칩셋 : SupremeFX ALC4080 / 7.1채널(8ch) / [내부I/O] USB/팬 헤더 : 썬더볼트 헤더 , USB3.0 헤더 , USB2.0 헤더 , USB3.1 Type C 헤더 , ARGB 5V 3핀 헤더 , CPU추가팬(OPT) 헤더 , 펌프전용 헤더 / 시스템팬 4핀 : 4개 / I/O 헤더 : 디버그LED , 프론트오디오AAFP 헤더 , 침입감지 헤더 , 온도 센서 / [특징] DrMOS / 전원부 방열판 / M.2 히트싱크 / 일체형IO실드 / UEFI 닫기",https://img.danuri.io/catalog-image/692/253/074/bceff538474e456b8f05da650bdb511d.jpg?shrink=130:130&_v=20260921080456,https://prod.danawa.com/info/?pcode=74253692&cate=112751
256,ASUS,ASUS Z890 AYW GAMING WIFI W 인텍앤컴퍼니,"391,880","인텔 Z890 / 인텔(소켓1851) / DDR5 / VGA 연결 : PCIe5.0 x16 / ATX (30.5x24.4cm) / 전원부 : 12+1+2+1페이즈 / 페이즈당80A / Vcore출력합계 : 960A / [메모리] 9066MHz (PC5-72500) / 4개 / 메모리 용량 : 최대 192GB / XMP / [확장슬롯] PCIe버전 : PCIe5.0 , PCIe4.0 / PCIex16 : 1개 / PCIex16(at x4) : 2개 / PCIex16(at x1) : 1개 / [저장장치] M.2 : 4개 / SATA3 : 4개 / M.2 연결 : PCIe5.0 , PCIe4.0 , NVMe , SATA / [후면단자] DP / Type-C / USB3.x 20Gbps / USB3.x 10Gbps / USB 2.0 / RJ-45 / 오디오잭 / BIOS플래시백 / USB A타입 : 7개 / USB C타입 : 1개 / [랜/오디오] 유선랜 칩셋 : Realtek / 2.5Gbps / RJ-45 : 1개 / 무선랜(Wi-Fi) / 블루투스 / 오디오 칩셋 : Realtek / 7.1채널(8ch) / [내부I/O] USB/팬 헤더 : 썬더볼트 헤더 , USB3.0 헤더 , USB2.0 헤더 , USB3.2 Type C 헤더 , CPU추가팬(OPT) 헤더 , 펌프전용 헤더 / 시스템팬 4핀 : 4개 / I/O 헤더 : TPM 헤더 , 프론트오디오AAFP 헤더 , COM포트 헤더 , S/PDIF OUT 헤더 / [특징] DrMOS / 전원부 방열판 / M.2 히트싱크 / 일체형IO실드 / UEFI 닫기",https://img.danuri.io/catalog-image/004/661/069/cbe465fccc114489bb6ec61a919b5670.jpg?shrink=130:130&_v=20260921080622,https://prod.danawa.com/info/?pcode=69661004&cate=112751
257,ASUS,ASUS PRIME Z890M-PLUS WIFI-CSM STCOM,"378,980","인텔 Z890 / 인텔(소켓1851) / DDR5 / VGA 연결 : PCIe5.0 x16 / M-ATX (24.4x24.4cm) / 전원부 : 10+1+2+1페이즈 / 페이즈당80A / Vcore출력합계 : 800A / [메모리] 8666MHz (PC5-69300) / 4개 / 메모리 용량 : 최대 192GB / XMP / [확장슬롯] PCIe버전 : PCIe5.0 , PCIe4.0 / PCIex16 : 1개 / PCIex16(at x4) : 1개 / PCIex16(at x1) : 2개 / [저장장치] M.2 : 3개 / SATA3 : 6개 / M.2 연결 : PCIe5.0 , PCIe4.0 , NVMe , SATA / [후면단자] HDMI / DP / Type-C / USB3.x 20Gbps / USB3.x 10Gbps / USB3.x 5Gbps / USB 2.0 / RJ-45 / 오디오잭 / BIOS플래시백 / USB A타입 : 7개 / USB C타입 : 1개 / [랜/오디오] 유선랜 칩셋 : Realtek / 2.5Gbps / RJ-45 : 1개 / 무선랜(Wi-Fi) / 블루투스 / 오디오 칩셋 : Realtek / 7.1채널(8ch) / [내부I/O] USB/팬 헤더 : 썬더볼트 헤더 , USB3.0 헤더 , USB2.0 헤더 , USB3.0 Type C 헤더 , CPU추가팬(OPT) 헤더 , 펌프전용 헤더 / 시스템팬 4핀 : 4개 / I/O 헤더 : TPM 헤더 , 디버그LED , 프론트오디오AAFP 헤더 , 침입감지 헤더 , COM포트 헤더 , S/PDIF OUT 헤더 / [특징] DrMOS / 전원부 방열판 / 일체형IO실드 / UEFI 닫기",https://img.danuri.io/catalog-image/455/002/070/401c58437f07495083f1c1e3b318177d.jpg?shrink=130:130&_v=20260921080454,https://prod.danawa.com/info/?pcode=70002455&cate=112751
258,ASUS,ASUS ROG MAXIMUS Z890 APEX 코잇,"699,000","인텔 Z890 / 인텔(소켓1851) / DDR5 / VGA 연결 : PCIe5.0 x16 / ATX (30.5x24.4cm) / 전원부 : 22+1+2+2페이즈 / 페이즈당110A / Vcore출력합계 : 2420A / [메모리] 9000MHz (PC5-72000) / 2개 / 메모리 용량 : 최대 96GB / XMP / [확장슬롯] PCIe버전 : PCIe5.0 , PCIe4.0 / PCIex16 : 1개 (동시사용시 at x8) / PCIex16(at x8) : 1개 / PCIex4 : 2개 / [저장장치] M.2 : 4+2개 / SATA3 : 4개 / M.2 연결 : PCIe5.0 , PCIe4.0 , NVMe , DIMM.2 , PCIe 레인공유 / [후면단자] Type-C / 썬더볼트4 / USB3.x 20Gbps / USB3.x 10Gbps / USB3.x 5Gbps / RJ-45 / S/PDIF / 오디오잭 / PS/2 / BIOS플래시백 / 클리어CMOS / USB A타입 : 8개 / USB C타입 : 3개 / [랜/오디오] 유선랜 칩셋 : Realtek / 5Gbps / RJ-45 : 1개 / 무선랜(Wi-Fi) / 블루투스 / 오디오 칩셋 : SupremeFX ALC4080 / 7.1채널(8ch) / [내부I/O] USB/팬 헤더 : 썬더볼트4 헤더 , USB3.0 헤더 , USB2.0 헤더 , USB3.2 Type C 헤더 , USB3.1 Type C 헤더 , ARGB 5V 3핀 헤더 , CPU추가팬(OPT) 헤더 , 펌프전용 헤더 / 시스템팬 4핀 : 2+3개 / I/O 헤더 : 디버그LED , 프론트오디오AAFP 헤더 , 온도 센서 / [특징] SPS(DrMOS) / 전원부 방열판 / M.2 히트싱크 / 일체형IO실드 / LED라이트 / UEFI / ROG Q-DIMM.2 포함 닫기",https://img.danuri.io/catalog-image/602/696/069/1abe36bf46fd4c40b0eecd76e7ddb003.jpg?shrink=130:130&_v=20260921080455,https://prod.danawa.com/info/?pcode=69696602&cate=112751
259,ASUS,ASUS PRIME Z890M-PLUS WIFI-CSM 코잇,"365,320","인텔 Z890 / 인텔(소켓1851) / DDR5 / VGA 연결 : PCIe5.0 x16 / M-ATX (24.4x24.4cm) / 전원부 : 10+1+2+1페이즈 / 페이즈당80A / Vcore출력합계 : 800A / [메모리] 8400MHz (PC5-67200) / 4개 / 메모리 용량 : 최대 192GB / XMP / [확장슬롯] PCIe버전 : PCIe5.0 , PCIe4.0 / PCIex16 : 1개 / PCIex16(at x4) : 1개 / PCIex16(at x1) : 2개 / [저장장치] M.2 : 3개 / SATA3 : 6개 / M.2 연결 : PCIe5.0 , PCIe4.0 , NVMe , SATA / [후면단자] HDMI / DP / Type-C / USB3.x 20Gbps / USB3.x 10Gbps / USB3.x 5Gbps / USB 2.0 / RJ-45 / 오디오잭 / BIOS플래시백 / USB A타입 : 7개 / USB C타입 : 1개 / [랜/오디오] 유선랜 칩셋 : Realtek / 2.5Gbps / RJ-45 : 1개 / 무선랜(Wi-Fi) / 블루투스 / 오디오 칩셋 : Realtek / 7.1채널(8ch) / [내부I/O] USB/팬 헤더 : 썬더볼트 헤더 , USB3.0 헤더 , USB2.0 헤더 , USB3.0 Type C 헤더 , CPU추가팬(OPT) 헤더 , 펌프전용 헤더 / 시스템팬 4핀 : 4개 / I/O 헤더 : TPM 헤더 , 디버그LED , 프론트오디오AAFP 헤더 , 침입감지 헤더 , COM포트 헤더 , S/PDIF OUT 헤더 / [특징] DrMOS / 전원부 방열판 / 일체형IO실드 / UEFI 닫기",https://img.danuri.io/catalog-image/464/696/069/115acd6e17a544f3b029954e07629b44.jpg?shrink=130:130&_v=20260921110123,https://prod.danawa.com/info/?pcode=69696464&cate=112751
260,ASUS,ASUS PRIME B860M-A-CSM STCOM,"189,500","인텔 B860 / 인텔(소켓1851) / DDR5 / VGA 연결 : PCIe5.0 x16 / M-ATX (24.4x24.4cm) / 전원부 : 7+1+1+1페이즈 / 페이즈당80A / Vcore출력합계 : 560A / [메모리] 8666MHz (PC5-69300) / 4개 / 메모리 용량 : 최대 256GB / XMP / [확장슬롯] PCIe버전 : PCIe5.0 , PCIe4.0 / PCIex16 : 1개 / PCIex16(at x4) : 1개 / PCIex1 : 1개 / [저장장치] M.2 : 2개 / SATA3 : 4개 / M.2 연결 : PCIe5.0 , PCIe4.0 , NVMe , PCIe 레인공유 / [후면단자] HDMI / DP / USB3.x 10Gbps / USB3.x 5Gbps / USB 2.0 / RJ-45 / 오디오잭 / USB A타입 : 7개 / USB C타입 : 1개 / [랜/오디오] 유선랜 칩셋 : Realtek / 2.5Gbps / RJ-45 : 1개 / 오디오 칩셋 : Realtek / 7.1채널(8ch) / [내부I/O] USB/팬 헤더 : 썬더볼트 헤더 , USB3.0 헤더 , USB2.0 헤더 , USB3.1 Type C 헤더 , ARGB 5V 3핀 헤더 , CPU추가팬(OPT) 헤더 , 펌프전용 헤더 / 시스템팬 4핀 : 3개 / I/O 헤더 : TPM 헤더 , 디버그LED , 프론트오디오AAFP 헤더 , 침입감지 헤더 , COM포트 헤더 , S/PDIF OUT 헤더 / [특징] DrMOS / 전원부 방열판 / M.2 히트싱크 / 일체형IO실드 / UEFI 닫기",https://img.danuri.io/catalog-image/060/255/074/71f9ffc4add447809dc096144b904c9c.jpg?shrink=130:130&_v=20260921080458,https://prod.danawa.com/info/?pcode=74255060&cate=112751
261,ASUS,ASUS PRIME H810M-A WIFI-CSM STCOM,"158,980","인텔(소켓1851) / 인텔 H810 / DDR5 / VGA 연결 : PCIe4.0 x16 / M-ATX (24.4x24.4cm) / 전원부 : 6+1+1+1페이즈 / [메모리] 6400MHz (PC5-51200) / 2개 / 메모리 용량 : 최대 128GB / XMP / [확장슬롯] PCIe버전 : PCIe4.0 / PCIex16 : 1개 / PCIex1 : 1개 / [저장장치] SATA3 : 4개 / M.2 : 2개 / M.2 연결 : PCIe4.0 , NVMe / [후면단자] HDMI / DP / USB3.x 10Gbps / USB 2.0 / RJ-45 / 오디오잭 / PS/2 / [랜/오디오] 유선랜 칩셋 : Intel / 1Gbps / RJ-45 : 1개 / 무선랜(Wi-Fi) / 블루투스 / 오디오 칩셋 : Realtek / 7.1채널(8ch) / [내부I/O] USB/팬 헤더 : USB3.0 헤더 , USB2.0 헤더 , USB3.0 Type C 헤더 , ARGB 5V 3핀 헤더 / 시스템팬 4핀 : 2개 / I/O 헤더 : TPM 헤더 , 프론트오디오AAFP 헤더 , COM포트 헤더 , S/PDIF OUT 헤더 / [특징] 전원부 방열판 / UEFI 닫기",https://img.danuri.io/catalog-image/894/336/074/ab736db2c68a47f2b8a79acefc866a9d.jpg?shrink=130:130&_v=20260921080444,https://prod.danawa.com/info/?pcode=74336894&cate=112751
262,ASUS,ASUS PRIME B860M-K-CSM STCOM,"186,000","인텔 B860 / 인텔(소켓1851) / DDR5 / VGA 연결 : PCIe4.0 x16 / M-ATX (24.4x24.4cm) / 전원부 : 6+1+1+1페이즈 / [메모리] 8800MHz (PC5-70400) / 2개 / 메모리 용량 : 최대 128GB / XMP / [확장슬롯] PCIe버전 : PCIe4.0 / PCIex16 : 1개 / PCIex1 : 2개 / [저장장치] M.2 : 2개 / SATA3 : 4개 / M.2 연결 : PCIe5.0 , PCIe4.0 , NVMe / [후면단자] HDMI / DP / USB3.x 10Gbps / USB3.x 5Gbps / USB 2.0 / RJ-45 / 오디오잭 / PS/2 / USB A타입 : 6개 / [랜/오디오] 유선랜 칩셋 : Realtek / 2.5Gbps / RJ-45 : 1개 / 오디오 칩셋 : Realtek / 7.1채널(8ch) / [내부I/O] USB/팬 헤더 : USB3.0 헤더 , USB2.0 헤더 , USB3.0 Type C 헤더 , RGB 12V 4핀 헤더 , ARGB 5V 3핀 헤더 / 시스템팬 4핀 : 2개 / I/O 헤더 : TPM 헤더 , 프론트오디오AAFP 헤더 , COM포트 헤더 , S/PDIF OUT 헤더 / [특징] 전원부 방열판 / UEFI 닫기",https://img.danuri.io/catalog-image/084/255/074/64a50f5730d342339506eeca2a5fa1df.jpg?shrink=130:130&_v=20260921130449,https://prod.danawa.com/info/?pcode=74255084&cate=112751
263,ASUS,ASUS H810M AYW GAMING WIFI 코잇,"153,470","인텔 H810 / 인텔(소켓1851) / DDR5 / VGA 연결 : PCIe4.0 x16 / M-ATX (24.4x22.2cm) / 전원부 : 6+1+1+1페이즈 / [메모리] 6400MHz (PC5-51200) / 2개 / 메모리 용량 : 최대 128GB / XMP / [확장슬롯] PCIe버전 : PCIe4.0 / PCIex16 : 1개 / PCIex1 : 1개 / [저장장치] M.2 : 2개 / SATA3 : 4개 / M.2 연결 : PCIe4.0 , NVMe / [후면단자] HDMI / DP / USB3.x 10Gbps / USB 2.0 / RJ-45 / 오디오잭 / USB A타입 : 6개 / [랜/오디오] 유선랜 칩셋 : Intel / 1Gbps / RJ-45 : 1개 / 무선랜(Wi-Fi) / 블루투스 / 오디오 칩셋 : Realtek / 7.1채널(8ch) / [내부I/O] USB/팬 헤더 : USB3.0 헤더 , USB2.0 헤더 , USB3.0 Type C 헤더 , ARGB 5V 3핀 헤더 / 시스템팬 4핀 : 2개 / I/O 헤더 : TPM 헤더 , 디버그LED , 프론트오디오AAFP 헤더 , COM포트 헤더 , S/PDIF OUT 헤더 / [특징] 전원부 방열판 / UEFI 닫기",https://img.danuri.io/catalog-image/265/083/077/02bf124d3dec4a19a3a7f5361c2b8797.jpg?shrink=130:130&_v=20260921080609,https://prod.danawa.com/info/?pcode=77083265&cate=112751
264,ASUS,ASUS Z890 AYW GAMING WIFI W STCOM,"409,000","인텔 Z890 / 인텔(소켓1851) / DDR5 / VGA 연결 : PCIe5.0 x16 / ATX (30.5x24.4cm) / 전원부 : 12+1+2+1페이즈 / 페이즈당80A / Vcore출력합계 : 960A / [메모리] 9066MHz (PC5-72500) / 4개 / 메모리 용량 : 최대 192GB / XMP / [확장슬롯] PCIe버전 : PCIe5.0 , PCIe4.0 / PCIex16 : 1개 / PCIex16(at x4) : 2개 / PCIex16(at x1) : 1개 / [저장장치] M.2 : 4개 / SATA3 : 4개 / M.2 연결 : PCIe5.0 , PCIe4.0 , NVMe , SATA / [후면단자] DP / Type-C / USB3.x 20Gbps / USB3.x 10Gbps / USB 2.0 / RJ-45 / 오디오잭 / BIOS플래시백 / USB A타입 : 7개 / USB C타입 : 1개 / [랜/오디오] 유선랜 칩셋 : Realtek / 2.5Gbps / RJ-45 : 1개 / 무선랜(Wi-Fi) / 블루투스 / 오디오 칩셋 : Realtek / 7.1채널(8ch) / [내부I/O] USB/팬 헤더 : 썬더볼트 헤더 , USB3.0 헤더 , USB2.0 헤더 , USB3.2 Type C 헤더 , CPU추가팬(OPT) 헤더 , 펌프전용 헤더 / 시스템팬 4핀 : 4개 / I/O 헤더 : TPM 헤더 , 디버그LED , 프론트오디오AAFP 헤더 , COM포트 헤더 , S/PDIF OUT 헤더 / [특징] DrMOS / 전원부 방열판 / M.2 히트싱크 / 일체형IO실드 / UEFI 닫기",https://img.danuri.io/catalog-image/327/662/069/6cfd407deb0e4e2ab22851218b80a901.jpg?shrink=130:130&_v=20260921080609,https://prod.danawa.com/info/?pcode=69662327&cate=112751
265,ASUS,ASUS ProArt Z890-CREATOR WIFI 인텍앤컴퍼니,"810,600","인텔 Z890 / 인텔(소켓1851) / DDR5 / VGA 연결 : PCIe5.0 x16 / ATX (30.5x24.4cm) / 전원부 : 16+2+1+2페이즈 / 페이즈당80A / Vcore출력합계 : 1280A / [메모리] 8600MHz (PC5-68800) / 4개 / 메모리 용량 : 최대 192GB / XMP / [확장슬롯] PCIe버전 : PCIe5.0 , PCIe4.0 / PCIex16 : 2개 (동시사용시 at x8) / PCIex16(at x4) : 1개 / [저장장치] M.2 : 5개 / SATA3 : 4개 / M.2 연결 : PCIe5.0 , PCIe4.0 , NVMe , SATA / [후면단자] HDMI / Type-C / 썬더볼트5 / 썬더볼트4 / USB3.x 10Gbps / USB 2.0 / RJ-45 / 오디오잭 / BIOS플래시백 / USB A타입 : 7개 / USB C타입 : 3개 / [랜/오디오] 유선랜 칩셋 : Marvell AQtion, Intel / 10Gbps, 2.5Gbps / RJ-45 : 2개 / 듀얼LAN / 무선랜(Wi-Fi) / 블루투스 / 오디오 칩셋 : Realtek ALC1220P / 7.1채널(8ch) / [내부I/O] USB/팬 헤더 : USB3.0 헤더 , USB2.0 헤더 , USB3.2 Type C 헤더 , ARGB 5V 3핀 헤더 , CPU추가팬(OPT) 헤더 , 펌프전용 헤더 / 시스템팬 4핀 : 5개 / I/O 헤더 : 디버그LED , 프론트오디오AAFP 헤더 , 침입감지 헤더 , COM포트 헤더 , 온도 센서 / [특징] DrMOS / 전원부 방열판 / M.2 히트싱크 / 일체형IO실드 / UEFI 닫기",https://img.danuri.io/catalog-image/214/661/069/0c2fd8aaf23045b5babb291ac316c46f.jpg?shrink=130:130&_v=20260921080404,https://prod.danawa.com/info/?pcode=69661214&cate=112751
266,ASUS,ASUS PRIME B860M-A-CSM 인텍앤컴퍼니,"178,990","인텔(소켓1851) / 인텔 B860 / DDR5 / VGA 연결 : PCIe5.0 x16 / M-ATX (24.4x24.4cm) / 전원부 : 7+1+1+1페이즈 / 80A / Vcore출력합계 : 560 / [메모리] 8666MHz (PC5-69300) / 4개 / 메모리 용량 : 최대 256GB / XMP / [확장슬롯] PCIe버전 : PCIe5.0 , PCIe4.0 / PCIex16 : 1개 / PCIex16(at x4) : 1개 / PCIex1 : 1개 / [저장장치] SATA3 : 4개 / M.2 : 2개 / M.2 연결 : PCIe5.0 , PCIe4.0 , NVMe , PCIe 레인공유 / [후면단자] HDMI / DP / USB3.x 10Gbps / USB3.x 5Gbps / USB 2.0 / RJ-45 / 오디오잭 / USB A타입 : 7개 / USB C타입 : 1개 / [랜/오디오] 유선랜 칩셋 : Realtek / 2.5Gbps / RJ-45 : 1개 / 오디오 칩셋 : Realtek / 7.1채널(8ch) / [내부I/O] USB/팬 헤더 : 썬더볼트 헤더 , USB3.0 헤더 , USB2.0 헤더 , USB3.1 Type C 헤더 , ARGB 5V 3핀 헤더 , CPU추가팬(OPT) 헤더 , 펌프전용 헤더 / 시스템팬 4핀 : 3개 / I/O 헤더 : TPM 헤더 , 디버그LED , 프론트오디오AAFP 헤더 , 침입감지 헤더 , COM포트 헤더 , S/PDIF OUT 헤더 / [특징] DrMOS / 전원부 방열판 / M.2 히트싱크 / 일체형IO실드 / UEFI 닫기",https://img.danuri.io/catalog-image/321/255/074/7caf950ee9b4496bac10cf519bb53b85.jpg?shrink=130:130&_v=20260921080443,https://prod.danawa.com/info/?pcode=74255321&cate=112751
267,ASUS,ASUS PRIME B860M-A WIFI-CSM STCOM,"207,690","인텔 B860 / 인텔(소켓1851) / DDR5 / VGA 연결 : PCIe5.0 x16 / M-ATX (24.4x24.4cm) / 전원부 : 7+1+1+1페이즈 / 페이즈당80A / Vcore출력합계 : 560A / [메모리] 8400MHz (PC5-67200) / 4개 / 메모리 용량 : 최대 192GB / XMP / [확장슬롯] PCIe버전 : PCIe5.0 , PCIe4.0 / PCIex16 : 1개 / PCIex16(at x4) : 1개 / PCIex1 : 1개 / [저장장치] M.2 : 2개 / SATA3 : 4개 / M.2 연결 : PCIe5.0 , PCIe4.0 , NVMe , PCIe 레인공유 / [후면단자] HDMI / DP / USB3.x 20Gbps / USB3.x 10Gbps / USB3.x 5Gbps / USB 2.0 / RJ-45 / 오디오잭 / USB A타입 : 7개 / USB C타입 : 1개 / [랜/오디오] 유선랜 칩셋 : Realtek / 2.5Gbps / RJ-45 : 1개 / 오디오 칩셋 : Realtek / 7.1채널(8ch) / [내부I/O] USB/팬 헤더 : 썬더볼트 헤더 , USB3.0 헤더 , USB2.0 헤더 , USB3.1 Type C 헤더 , ARGB 5V 3핀 헤더 , CPU추가팬(OPT) 헤더 , 펌프전용 헤더 / 시스템팬 4핀 : 3개 / I/O 헤더 : 디버그LED , 프론트오디오AAFP 헤더 , 침입감지 헤더 , COM포트 헤더 / [특징] DrMOS / 전원부 방열판 / M.2 히트싱크 / 일체형IO실드 / UEFI 닫기",https://img.danuri.io/catalog-image/033/255/074/c2aa798da34944f584ad51255259ba18.jpg?shrink=130:130&_v=20260921080443,https://prod.danawa.com/info/?pcode=74255033&cate=112751
268,ASUS,ASUS ROG MAXIMUS Z890 HERO STCOM,"1,192,320","인텔 Z890 / 인텔(소켓1851) / DDR5 / VGA 연결 : PCIe5.0 x16 / ATX (30.5x24.4cm) / 전원부 : 22+1+2+2페이즈 / 페이즈당110A / Vcore출력합계 : 2420A / [메모리] 9200MHz (PC5-73600) / 4개 / 메모리 용량 : 최대 192GB / XMP / [확장슬롯] PCIe버전 : PCIe5.0 , PCIe4.0 / PCIex16 : 1개 / PCIex16(at x4) : 1개 / PCIex1 : 1개 / [저장장치] M.2 : 6개 / SATA3 : 4개 / M.2 연결 : PCIe5.0 , PCIe4.0 , NVMe , PCIe 레인공유 / [후면단자] HDMI / Type-C / 썬더볼트4 / USB3.x 10Gbps / USB3.x 5Gbps / RJ-45 / S/PDIF / 오디오잭 / BIOS플래시백 / 클리어CMOS / USB A타입 : 8개 / USB C타입 : 3개 / [랜/오디오] 유선랜 칩셋 : Realtek, Intel / 5Gbps, 2.5Gbps / RJ-45 : 2개 / 듀얼LAN / 무선랜(Wi-Fi) / 블루투스 / 오디오 칩셋 : ESS ES9219 x4 / 7.1채널(8ch) / [내부I/O] USB/팬 헤더 : 썬더볼트4 헤더 , USB3.0 헤더 , USB2.0 헤더 , USB3.2 Type C 헤더 , USB3.1 Type C 헤더 , ARGB 5V 3핀 헤더 , CPU추가팬(OPT) 헤더 , 펌프전용 헤더 / 시스템팬 4핀 : 4+1개 / I/O 헤더 : 디버그LED , 프론트오디오AAFP 헤더 , 온도 센서 / [특징] SPS(DrMOS) / 전원부 방열판 / M.2 히트싱크 / 일체형IO실드 / LED라이트 / UEFI 닫기",https://img.danuri.io/catalog-image/799/661/069/702c84f6764f4e228466edbad5e2f2f3.jpg?shrink=130:130&_v=20260921080458,https://prod.danawa.com/info/?pcode=69661799&cate=112751
269,ASUS,ASUS PRIME H810M-A STCOM,"125,390","인텔(소켓1851) / 인텔 H810 / DDR5 / VGA 연결 : PCIe4.0 x16 / M-ATX (24.4x24.4cm) / 전원부 : 6+1+1+1페이즈 / [메모리] 6400MHz (PC5-51200) / 2개 / 메모리 용량 : 최대 128GB / XMP / [확장슬롯] PCIe버전 : PCIe4.0 / PCIex16 : 1개 / PCIex1 : 1개 / [저장장치] SATA3 : 4개 / M.2 : 2개 / M.2 연결 : PCIe4.0 , NVMe / [후면단자] HDMI / DP / USB3.x 10Gbps / USB 2.0 / RJ-45 / 오디오잭 / PS/2 / [랜/오디오] 유선랜 칩셋 : Intel / 1Gbps / RJ-45 : 1개 / M.2 Key-E(모듈별매) / 오디오 칩셋 : Realtek / 7.1채널(8ch) / [내부I/O] USB/팬 헤더 : USB3.0 헤더 , USB2.0 헤더 , USB3.0 Type C 헤더 , ARGB 5V 3핀 헤더 / 시스템팬 4핀 : 2개 / I/O 헤더 : TPM 헤더 , 프론트오디오AAFP 헤더 , COM포트 헤더 , S/PDIF OUT 헤더 / [특징] 전원부 방열판 / UEFI 닫기",https://img.danuri.io/catalog-image/033/336/074/d6ab27d8dcd64ecca2f94b9c7819a647.jpg?shrink=130:130&_v=20260921080444,https://prod.danawa.com/info/?pcode=74336033&cate=112751
270,ASUS,ASUS PRIME H810M-A-CSM STCOM,"140,180","인텔(소켓1851) / 인텔 H810 / DDR5 / VGA 연결 : PCIe4.0 x16 / M-ATX (24.4x24.4cm) / 전원부 : 6+1+1+1페이즈 / [메모리] 6400MHz (PC5-51200) / 2개 / 메모리 용량 : 최대 128GB / XMP / [확장슬롯] PCIe버전 : PCIe4.0 / PCIex16 : 1개 / PCIex1 : 1개 / [저장장치] SATA3 : 4개 / M.2 : 2개 / M.2 연결 : PCIe4.0 , NVMe / [후면단자] HDMI / DP / USB3.x 10Gbps / USB 2.0 / RJ-45 / 오디오잭 / PS/2 / [랜/오디오] 유선랜 칩셋 : Intel / 1Gbps / RJ-45 : 1개 / M.2 Key-E(모듈별매) / 오디오 칩셋 : Realtek / 7.1채널(8ch) / [내부I/O] USB/팬 헤더 : USB3.0 헤더 , USB2.0 헤더 , USB3.0 Type C 헤더 , ARGB 5V 3핀 헤더 / 시스템팬 4핀 : 2개 / I/O 헤더 : TPM 헤더 , 프론트오디오AAFP 헤더 , COM포트 헤더 , S/PDIF OUT 헤더 / [특징] 전원부 방열판 / UEFI 닫기",https://img.danuri.io/catalog-image/102/336/074/9c3c09773e9a4669b41a800daa89b948.jpg?shrink=130:130&_v=20260921045121,https://prod.danawa.com/info/?pcode=74336102&cate=112751
271,ASUS,ASUS PRIME B860M-A WIFI-CSM 인텍앤컴퍼니,"207,670","인텔 B860 / 인텔(소켓1851) / DDR5 / VGA 연결 : PCIe5.0 x16 / M-ATX (24.4x24.4cm) / 전원부 : 7+1+1+1페이즈 / 페이즈당80A / Vcore출력합계 : 560A / [메모리] 8400MHz (PC5-67200) / 4개 / 메모리 용량 : 최대 192GB / XMP / [확장슬롯] PCIe버전 : PCIe5.0 , PCIe4.0 / PCIex16 : 1개 / PCIex16(at x4) : 1개 / PCIex1 : 1개 / [저장장치] M.2 : 2개 / SATA3 : 4개 / M.2 연결 : PCIe5.0 , PCIe4.0 , NVMe , PCIe 레인공유 / [후면단자] HDMI / DP / USB3.x 20Gbps / USB3.x 10Gbps / USB3.x 5Gbps / USB 2.0 / RJ-45 / 오디오잭 / USB A타입 : 7개 / USB C타입 : 1개 / [랜/오디오] 유선랜 칩셋 : Realtek / 2.5Gbps / RJ-45 : 1개 / 오디오 칩셋 : Realtek / 7.1채널(8ch) / [내부I/O] USB/팬 헤더 : 썬더볼트 헤더 , USB3.0 헤더 , USB2.0 헤더 , USB3.1 Type C 헤더 , ARGB 5V 3핀 헤더 , CPU추가팬(OPT) 헤더 , 펌프전용 헤더 / 시스템팬 4핀 : 3개 / I/O 헤더 : 디버그LED , 프론트오디오AAFP 헤더 , 침입감지 헤더 , COM포트 헤더 , S/PDIF OUT 헤더 / [특징] DrMOS / 전원부 방열판 / M.2 히트싱크 / 일체형IO실드 / UEFI 닫기",https://img.danuri.io/catalog-image/204/255/074/8d474cee88144209847d9c4427cf2ecf.jpg?shrink=130:130&_v=20260921065719,https://prod.danawa.com/info/?pcode=74255204&cate=112751
272,ASUS,ASUS PRIME B860-PLUS WIFI-CSM 인텍앤컴퍼니,"214,000","인텔 B860 / 인텔(소켓1851) / DDR5 / VGA 연결 : PCIe5.0 x16 / ATX (30.5x24.4cm) / 전원부 : 8+1+1+1페이즈 / 페이즈당80A / Vcore출력합계 : 640A / [메모리] 8666MHz (PC5-69300) / 4개 / 메모리 용량 : 최대 256GB / XMP / [확장슬롯] PCIe버전 : PCIe5.0 , PCIe4.0 / PCIex16 : 1개 / PCIex16(at x4) : 1개 / PCIex16(at x1) : 3개 / [저장장치] M.2 : 2개 / SATA3 : 4개 / M.2 연결 : PCIe5.0 , PCIe4.0 , NVMe / [후면단자] HDMI / DP / USB3.x 20Gbps / USB3.x 10Gbps / USB3.x 5Gbps / USB 2.0 / RJ-45 / 오디오잭 / USB A타입 : 7개 / USB C타입 : 1개 / [랜/오디오] 유선랜 칩셋 : Realtek / 2.5Gbps / RJ-45 : 1개 / 무선랜(Wi-Fi) / 블루투스 / 오디오 칩셋 : Realtek / 7.1채널(8ch) / [내부I/O] USB/팬 헤더 : 썬더볼트 헤더 , USB3.0 헤더 , USB2.0 헤더 , USB3.1 Type C 헤더 , RGB 12V 4핀 헤더 , ARGB 5V 3핀 헤더 , CPU추가팬(OPT) 헤더 , 펌프전용 헤더 / 시스템팬 4핀 : 4개 / I/O 헤더 : TPM 헤더 , 디버그LED , 프론트오디오AAFP 헤더 , 침입감지 헤더 , COM포트 헤더 , S/PDIF OUT 헤더 / [특징] DrMOS / 전원부 방열판 / M.2 히트싱크 / 일체형IO실드 / UEFI 닫기",https://img.danuri.io/catalog-image/327/255/074/88884ab66a2941e3bc944d401da8d287.jpg?shrink=130:130&_v=20260921080457,https://prod.danawa.com/info/?pcode=74255327&cate=112751
273,ASUS,ASUS H810M AYW GAMING WIFI-CSM STCOM,"161,000","인텔 H810 / 인텔(소켓1851) / DDR5 / VGA 연결 : PCIe4.0 x16 / M-ATX (24.4x22.2cm) / 전원부 : 6+1+1+1페이즈 / [메모리] 6400MHz (PC5-51200) / 2개 / 메모리 용량 : 최대 128GB / XMP / [확장슬롯] PCIe버전 : PCIe4.0 / PCIex16 : 1개 / PCIex1 : 1개 / [저장장치] M.2 : 2개 / SATA3 : 4개 / M.2 연결 : PCIe4.0 , NVMe / [후면단자] HDMI / DP / USB3.x 10Gbps / USB 2.0 / RJ-45 / 오디오잭 / USB A타입 : 6개 / [랜/오디오] 유선랜 칩셋 : Intel / 1Gbps / RJ-45 : 1개 / 무선랜(Wi-Fi) / 블루투스 / 오디오 칩셋 : Realtek / 7.1채널(8ch) / [내부I/O] USB/팬 헤더 : USB3.0 헤더 , USB2.0 헤더 , USB3.0 Type C 헤더 , ARGB 5V 3핀 헤더 / 시스템팬 4핀 : 2개 / I/O 헤더 : TPM 헤더 , 디버그LED , 프론트오디오AAFP 헤더 , COM포트 헤더 , S/PDIF OUT 헤더 / [특징] 전원부 방열판 / UEFI 닫기",https://img.danuri.io/catalog-image/777/463/076/e954133432124f6982920ae32835f255.jpg?shrink=130:130&_v=20260921080444,https://prod.danawa.com/info/?pcode=76463777&cate=112751
274,ASUS,ASUS PRIME H810M-A WIFI STCOM,"154,980","인텔(소켓1851) / 인텔 H810 / DDR5 / VGA 연결 : PCIe4.0 x16 / M-ATX (24.4x24.4cm) / 전원부 : 6+1+1+1페이즈 / [메모리] 6400MHz (PC5-51200) / 2개 / 메모리 용량 : 최대 128GB / XMP / [확장슬롯] PCIe버전 : PCIe4.0 / PCIex16 : 1개 / PCIex1 : 1개 / [저장장치] SATA3 : 4개 / M.2 : 2개 / M.2 연결 : PCIe4.0 , NVMe / [후면단자] HDMI / DP / USB3.x 10Gbps / USB 2.0 / RJ-45 / 오디오잭 / PS/2 / [랜/오디오] 유선랜 칩셋 : Intel / 1Gbps / RJ-45 : 1개 / 무선랜(Wi-Fi) / 블루투스 / 오디오 칩셋 : Realtek / 7.1채널(8ch) / [내부I/O] USB/팬 헤더 : USB3.0 헤더 , USB2.0 헤더 , USB3.0 Type C 헤더 , ARGB 5V 3핀 헤더 / 시스템팬 4핀 : 2개 / I/O 헤더 : TPM 헤더 , 프론트오디오AAFP 헤더 , COM포트 헤더 , S/PDIF OUT 헤더 / [특징] 전원부 방열판 / UEFI 닫기",https://img.danuri.io/catalog-image/888/336/074/b92a1f4876224f9390b4f3096adcc21b.jpg?shrink=130:130&_v=20260921080443,https://prod.danawa.com/info/?pcode=74336888&cate=112751
275,ASUS,ASUS TUF Gaming B860-PLUS WIFI 인텍앤컴퍼니,"278,310","인텔 B860 / 인텔(소켓1851) / DDR5 / VGA 연결 : PCIe5.0 x16 / ATX (30.5x24.4cm) / 전원부 : 12+1+2+1페이즈 / 페이즈당80A / Vcore출력합계 : 960A / [메모리] 8666MHz (PC5-69300) / 4개 / 메모리 용량 : 최대 192GB / XMP / [확장슬롯] PCIe버전 : PCIe5.0 , PCIe4.0 / PCIex16 : 1개 / PCIex16(at x4) : 1개 / PCIex1 : 1개 / [저장장치] M.2 : 3개 / SATA3 : 4개 / M.2 연결 : PCIe5.0 , PCIe4.0 , NVMe , PCIe 레인공유 / [후면단자] HDMI / DP / Type-C / USB3.x 20Gbps / USB3.x 10Gbps / USB3.x 5Gbps / USB 2.0 / RJ-45 / S/PDIF / 오디오잭 / BIOS플래시백 / USB A타입 : 7개 / USB C타입 : 1개 / [랜/오디오] 유선랜 칩셋 : Realtek / 2.5Gbps / RJ-45 : 1개 / 무선랜(Wi-Fi) / 블루투스 / 오디오 칩셋 : Realtek / 7.1채널(8ch) / [내부I/O] USB/팬 헤더 : 썬더볼트 헤더 , USB3.0 헤더 , USB2.0 헤더 , USB3.1 Type C 헤더 , ARGB 5V 3핀 헤더 , CPU추가팬(OPT) 헤더 , 펌프전용 헤더 / 시스템팬 4핀 : 4개 / I/O 헤더 : 디버그LED , 프론트오디오AAFP 헤더 , 침입감지 헤더 , COM포트 헤더 / [특징] DrMOS / 전원부 방열판 / M.2 히트싱크 / 일체형IO실드 / LED라이트 / UEFI 닫기",https://img.danuri.io/catalog-image/378/255/074/b82b939210f745dca201e7436252e23d.jpg?shrink=130:130&_v=20260921080457,https://prod.danawa.com/info/?pcode=74255378&cate=112751
276,ASUS,ASUS PRIME Z890-P WIFI-CSM 인텍앤컴퍼니,"398,880","인텔 Z890 / 인텔(소켓1851) / DDR5 / VGA 연결 : PCIe5.0 x16 / ATX (30.5x24.4cm) / 전원부 : 14+1+2+1페이즈 / 페이즈당80A / Vcore출력합계 : 1120A / [메모리] 8400MHz (PC5-67200) / 4개 / 메모리 용량 : 최대 192GB / XMP / [확장슬롯] PCIe버전 : PCIe5.0 , PCIe4.0 / PCIex16 : 1개 / PCIex16(at x4) : 2개 / PCIex16(at x1) : 1개 / [저장장치] M.2 : 4개 / SATA3 : 4개 / M.2 연결 : PCIe5.0 , PCIe4.0 , NVMe , SATA / [후면단자] HDMI / DP / Type-C / 썬더볼트4 / USB3.x 10Gbps / USB3.x 5Gbps / USB 2.0 / RJ-45 / 오디오잭 / BIOS플래시백 / USB A타입 : 7개 / USB C타입 : 1개 / [랜/오디오] 유선랜 칩셋 : Realtek / 2.5Gbps / RJ-45 : 1개 / 무선랜(Wi-Fi) / 블루투스 / 오디오 칩셋 : Realtek / 7.1채널(8ch) / [내부I/O] USB/팬 헤더 : 썬더볼트 헤더 , USB3.0 헤더 , USB2.0 헤더 , USB3.1 Type C 헤더 , CPU추가팬(OPT) 헤더 , 펌프전용 헤더 / 시스템팬 4핀 : 4개 / I/O 헤더 : TPM 헤더 , 디버그LED , 프론트오디오AAFP 헤더 , COM포트 헤더 , S/PDIF OUT 헤더 / [특징] DrMOS / 전원부 방열판 / M.2 히트싱크 / 일체형IO실드 / UEFI 닫기",https://img.danuri.io/catalog-image/816/656/069/a0d159e9cecb4e92974f16dc3bc92780.jpg?shrink=130:130&_v=20260921080443,https://prod.danawa.com/info/?pcode=69656816&cate=112751
277,ASUS,ASUS PRIME H810M-K STCOM,"119,490","인텔 H810 / 인텔(소켓1851) / DDR5 / VGA 연결 : PCIe4.0 x16 / M-ATX (23.4x21.1cm) / 전원부 : 6+1+1+1페이즈 / [메모리] 6400MHz (PC5-51200) / 2개 / 메모리 용량 : 최대 128GB / XMP / [확장슬롯] PCIe버전 : PCIe4.0 / PCIex16 : 1개 / PCIex1 : 1개 / [저장장치] M.2 : 1개 / SATA3 : 4개 / M.2 연결 : PCIe4.0 , NVMe / [후면단자] HDMI / USB3.x 5Gbps / USB 2.0 / RJ-45 / 오디오잭 / PS/2 / USB A타입 : 6개 / [랜/오디오] 유선랜 칩셋 : Intel / 1Gbps / RJ-45 : 1개 / 오디오 칩셋 : Realtek / 7.1채널(8ch) / [내부I/O] USB/팬 헤더 : USB3.0 헤더 , USB2.0 헤더 , USB3.0 Type C 헤더 , RGB 12V 4핀 헤더 / 시스템팬 4핀 : 2개 / I/O 헤더 : TPM 헤더 , 프론트오디오AAFP 헤더 , COM포트 헤더 , S/PDIF OUT 헤더 / [특징] UEFI 닫기",https://img.danuri.io/catalog-image/499/989/104/48d1b4aaedd44677b1b4443b4e23c1e6.jpg?shrink=130:130&_v=20260921074617,https://prod.danawa.com/info/?pcode=104989499&cate=112751
278,ASUS,ASUS PRIME Z890-P-CSM STCOM,"336,330","인텔 Z890 / 인텔(소켓1851) / DDR5 / VGA 연결 : PCIe5.0 x16 / ATX (30.5x24.4cm) / 전원부 : 14+1+2+1페이즈 / 페이즈당80A / Vcore출력합계 : 1120A / [메모리] 8666MHz (PC5-69300) / 4개 / 메모리 용량 : 최대 192GB / XMP / [확장슬롯] PCIe버전 : PCIe5.0 , PCIe4.0 / PCIex16 : 1개 / PCIex16(at x4) : 2개 / PCIex16(at x1) : 1개 / [저장장치] M.2 : 4개 / SATA3 : 4개 / M.2 연결 : PCIe5.0 , PCIe4.0 , NVMe , SATA / [후면단자] HDMI / DP / Type-C / USB3.x 20Gbps / USB3.x 10Gbps / USB3.x 5Gbps / USB 2.0 / RJ-45 / 오디오잭 / BIOS플래시백 / USB A타입 : 7개 / USB C타입 : 1개 / [랜/오디오] 유선랜 칩셋 : Realtek / 2.5Gbps / RJ-45 : 1개 / 오디오 칩셋 : Realtek / 7.1채널(8ch) / [내부I/O] USB/팬 헤더 : 썬더볼트 헤더 , USB3.0 헤더 , USB2.0 헤더 , USB3.1 Type C 헤더 , CPU추가팬(OPT) 헤더 , 펌프전용 헤더 / 시스템팬 4핀 : 4개 / I/O 헤더 : TPM 헤더 , 프론트오디오AAFP 헤더 , COM포트 헤더 , S/PDIF OUT 헤더 / [특징] DrMOS / 전원부 방열판 / M.2 히트싱크 / 일체형IO실드 / UEFI 닫기",https://img.danuri.io/catalog-image/526/661/069/42617f3047d34fcd9566dd97971701ea.jpg?shrink=130:130&_v=20260921080457,https://prod.danawa.com/info/?pcode=69661526&cate=112751
279,ASUS,ASUS ROG STRIX Z890-F GAMING WIFI STCOM,"722,240","인텔 Z890 / 인텔(소켓1851) / DDR5 / VGA 연결 : PCIe5.0 x16 / ATX (30.5x24.4cm) / 전원부 : 16+1+2+2페이즈 / 페이즈당110A / Vcore출력합계 : 1760A / [메모리] 8600MHz (PC5-68800) / 4개 / 메모리 용량 : 최대 192GB / XMP / [확장슬롯] PCIe버전 : PCIe5.0 , PCIe4.0 / PCIex16 : 1개 / PCIex16(at x4) : 1개 / [저장장치] M.2 : 5개 / SATA3 : 4개 / M.2 연결 : PCIe5.0 , PCIe4.0 , NVMe , SATA / [후면단자] HDMI / DP / Type-C / 썬더볼트4 / USB3.x 10Gbps / USB3.x 5Gbps / USB 2.0 / RJ-45 / S/PDIF / 오디오잭 / BIOS플래시백 / 클리어CMOS / USB A타입 : 10개 / USB C타입 : 4개 / [랜/오디오] 유선랜 칩셋 : Intel / 2.5Gbps / RJ-45 : 1개 / 무선랜(Wi-Fi) / 블루투스 / 오디오 칩셋 : SupremeFX ALC4080 / 7.1채널(8ch) / [내부I/O] USB/팬 헤더 : 썬더볼트 헤더 , USB3.0 헤더 , USB2.0 헤더 , USB3.2 Type C 헤더 , CPU추가팬(OPT) 헤더 , 펌프전용 헤더 / 시스템팬 4핀 : 5개 / I/O 헤더 : 디버그LED , 프론트오디오AAFP 헤더 , 침입감지 헤더 , 온도 센서 / [특징] SPS(DrMOS) / 전원부 방열판 / M.2 히트싱크 / 일체형IO실드 / LED라이트 / UEFI 닫기",https://img.danuri.io/catalog-image/114/662/069/00a5e1b24f5e45d0aace3788a56eaac7.jpg?shrink=130:130&_v=20260921080456,https://prod.danawa.com/info/?pcode=69662114&cate=112751
280,ASUS,ASUS H810M AYW GAMING WIFI STCOM,"154,720","인텔 H810 / 인텔(소켓1851) / DDR5 / VGA 연결 : PCIe4.0 x16 / M-ATX (24.4x22.2cm) / 전원부 : 6+1+1+1페이즈 / [메모리] 6400MHz (PC5-51200) / 2개 / 메모리 용량 : 최대 128GB / XMP / [확장슬롯] PCIe버전 : PCIe4.0 / PCIex16 : 1개 / PCIex1 : 1개 / [저장장치] M.2 : 2개 / SATA3 : 4개 / M.2 연결 : PCIe4.0 , NVMe / [후면단자] HDMI / DP / USB3.x 10Gbps / USB 2.0 / RJ-45 / 오디오잭 / USB A타입 : 6개 / [랜/오디오] 유선랜 칩셋 : Intel / 1Gbps / RJ-45 : 1개 / 무선랜(Wi-Fi) / 블루투스 / 오디오 칩셋 : Realtek / 7.1채널(8ch) / [내부I/O] USB/팬 헤더 : USB3.0 헤더 , USB2.0 헤더 , USB3.0 Type C 헤더 , ARGB 5V 3핀 헤더 / 시스템팬 4핀 : 2개 / I/O 헤더 : TPM 헤더 , 디버그LED , 프론트오디오AAFP 헤더 , COM포트 헤더 , S/PDIF OUT 헤더 / [특징] 전원부 방열판 / UEFI 닫기",https://img.danuri.io/catalog-image/696/463/076/f50cc9319ba24e5086adbd50452ea9ce.jpg?shrink=130:130&_v=20260921040202,https://prod.danawa.com/info/?pcode=76463696&cate=112751
281,ASUS,ASUS ROG STRIX Z890-F GAMING WIFI 코잇,"758,950","인텔 Z890 / 인텔(소켓1851) / DDR5 / VGA 연결 : PCIe5.0 x16 / ATX (30.5x24.4cm) / 전원부 : 16+1+2+2페이즈 / 페이즈당110A / Vcore출력합계 : 1760A / [메모리] 8600MHz (PC5-68800) / 4개 / 메모리 용량 : 최대 192GB / XMP / [확장슬롯] PCIe버전 : PCIe5.0 , PCIe4.0 / PCIex16 : 1개 / PCIex16(at x4) : 1개 / [저장장치] M.2 : 5개 / SATA3 : 4개 / M.2 연결 : PCIe5.0 , PCIe4.0 , NVMe , SATA / [후면단자] HDMI / DP / Type-C / 썬더볼트4 / USB3.x 10Gbps / USB3.x 5Gbps / USB 2.0 / RJ-45 / S/PDIF / 오디오잭 / BIOS플래시백 / 클리어CMOS / USB A타입 : 10개 / USB C타입 : 4개 / [랜/오디오] 유선랜 칩셋 : Intel / 2.5Gbps / RJ-45 : 1개 / 무선랜(Wi-Fi) / 블루투스 / 오디오 칩셋 : SupremeFX ALC4080 / 7.1채널(8ch) / [내부I/O] USB/팬 헤더 : 썬더볼트 헤더 , USB3.0 헤더 , USB2.0 헤더 , USB3.2 Type C 헤더 , CPU추가팬(OPT) 헤더 , 펌프전용 헤더 / 시스템팬 4핀 : 5개 / I/O 헤더 : 디버그LED , 프론트오디오AAFP 헤더 , 침입감지 헤더 , 온도 센서 / [특징] SPS(DrMOS) / 전원부 방열판 / M.2 히트싱크 / 일체형IO실드 / LED라이트 / UEFI 닫기",https://img.danuri.io/catalog-image/959/696/069/7343a8431bef4b299d8d0c62fa6353dd.jpg?shrink=130:130&_v=20260921124759,https://prod.danawa.com/info/?pcode=69696959&cate=112751
282,ASUS,ASUS ROG STRIX B860-A GAMING WIFI STCOM,"399,000","인텔 B860 / 인텔(소켓1851) / DDR5 / VGA 연결 : PCIe5.0 x16 / ATX (30.5x24.4cm) / 전원부 : 14+1+2+1페이즈 / 페이즈당80A / Vcore출력합계 : 1120A / [메모리] 8600MHz (PC5-68800) / 4개 / 메모리 용량 : 최대 256GB / XMP / [확장슬롯] PCIe버전 : PCIe5.0 , PCIe4.0 / PCIex16 : 1개 / PCIex16(at x4) : 1개 / [저장장치] M.2 : 4개 / SATA3 : 4개 / M.2 연결 : PCIe5.0 , PCIe4.0 , NVMe , PCIe 레인공유 / [후면단자] HDMI / DP / Type-C / USB4 20Gbps / RJ-45 / S/PDIF / 오디오잭 / BIOS플래시백 / 클리어CMOS / USB A타입 : 8개 / USB C타입 : 2개 / [랜/오디오] 유선랜 칩셋 : Intel / 2.5Gbps / RJ-45 : 1개 / 무선랜(Wi-Fi) / 블루투스 / 오디오 칩셋 : Realtek ALC1220P / 7.1채널(8ch) / [내부I/O] USB/팬 헤더 : 썬더볼트 헤더 , USB3.0 헤더 , USB2.0 헤더 , USB3.1 Type C 헤더 , ARGB 5V 3핀 헤더 , CPU추가팬(OPT) 헤더 , 펌프전용 헤더 / 시스템팬 4핀 : 4개 / I/O 헤더 : 디버그LED , 프론트오디오AAFP 헤더 , 온도 센서 / [특징] DrMOS / 전원부 방열판 / M.2 히트싱크 / 일체형IO실드 / UEFI 닫기",https://img.danuri.io/catalog-image/586/254/074/0e4f82f0ebfe47ed98076f8661d3525e.jpg?shrink=130:130&_v=20260921110619,https://prod.danawa.com/info/?pcode=74254586&cate=112751
283,ASUS,ASUS ROG STRIX B860-F GAMING WIFI 인텍앤컴퍼니,"431,940","인텔 B860 / 인텔(소켓1851) / DDR5 / VGA 연결 : PCIe5.0 x16 / ATX (30.5x24.4cm) / 전원부 : 16+1+2+1페이즈 / 페이즈당80A / Vcore출력합계 : 1280A / [메모리] 9066MHz (PC5-72500) / 4개 / 메모리 용량 : 최대 192GB / XMP / [확장슬롯] PCIe버전 : PCIe5.0 , PCIe4.0 / PCIex16 : 1개 / PCIex16(at x4) : 1개 / [저장장치] M.2 : 4개 / SATA3 : 4개 / M.2 연결 : PCIe5.0 , PCIe4.0 , NVMe , PCIe 레인공유 / [후면단자] HDMI / DP / Type-C / 썬더볼트4 / USB3.x 20Gbps / USB3.x 10Gbps / USB3.x 5Gbps / USB 2.0 / RJ-45 / S/PDIF / 오디오잭 / BIOS플래시백 / 클리어CMOS / USB A타입 : 7개 / USB C타입 : 2개 / [랜/오디오] 유선랜 칩셋 : Intel / 2.5Gbps / RJ-45 : 1개 / 무선랜(Wi-Fi) / 블루투스 / 오디오 칩셋 : SupremeFX ALC4080 / 7.1채널(8ch) / [내부I/O] USB/팬 헤더 : 썬더볼트 헤더 , USB3.0 헤더 , USB2.0 헤더 , USB3.1 Type C 헤더 , ARGB 5V 3핀 헤더 , CPU추가팬(OPT) 헤더 , 펌프전용 헤더 / 시스템팬 4핀 : 4개 / I/O 헤더 : 디버그LED , 프론트오디오AAFP 헤더 , 침입감지 헤더 , 온도 센서 / [특징] DrMOS / 전원부 방열판 / M.2 히트싱크 / 일체형IO실드 / UEFI 닫기",https://img.danuri.io/catalog-image/336/255/074/a4108309d3434da38b7d7d7535e8bc78.jpg?shrink=130:130&_v=20260921080444,https://prod.danawa.com/info/?pcode=74255336&cate=112751
284,ASUS,ASUS ROG STRIX Z890-E GAMING WIFI 인텍앤컴퍼니,"784,730","인텔 Z890 / 인텔(소켓1851) / DDR5 / VGA 연결 : PCIe5.0 x16 / ATX (30.5x24.4cm) / 전원부 : 18+1+2+2페이즈 / 페이즈당110A / Vcore출력합계 : 1980A / [메모리] 8800MHz (PC5-70400) / 4개 / 메모리 용량 : 최대 192GB / XMP / [확장슬롯] PCIe버전 : PCIe5.0 , PCIe4.0 / PCIex16 : 1개 / PCIex16(at x4) : 1개 / [저장장치] M.2 : 7개 / SATA3 : 4개 / M.2 연결 : PCIe5.0 , PCIe4.0 , NVMe , SATA , PCIe 레인공유 / [후면단자] HDMI / DP / Type-C / 썬더볼트4 / USB3.x 10Gbps / USB3.x 5Gbps / RJ-45 / S/PDIF / 오디오잭 / BIOS플래시백 / 클리어CMOS / USB A타입 : 10개 / USB C타입 : 4개 / [랜/오디오] 유선랜 칩셋 : Realtek / 5Gbps / RJ-45 : 1개 / 무선랜(Wi-Fi) / 블루투스 / 오디오 칩셋 : SupremeFX ALC4082 / 7.1채널(8ch) / [내부I/O] USB/팬 헤더 : 썬더볼트 헤더 , USB3.0 헤더 , USB2.0 헤더 , USB3.2 Type C 헤더 , CPU추가팬(OPT) 헤더 , 펌프전용 헤더 / 시스템팬 4핀 : 5개 / I/O 헤더 : 디버그LED , 프론트오디오AAFP 헤더 , 온도 센서 / [특징] SPS(DrMOS) / 전원부 방열판 / M.2 히트싱크 / 일체형IO실드 / LED라이트 / UEFI 닫기",https://img.danuri.io/catalog-image/276/656/069/35b2c3df5968405088b753da4307d6e5.jpg?shrink=130:130&_v=20260921080443,https://prod.danawa.com/info/?pcode=69656276&cate=112751
285,ASUS,ASUS ROG STRIX B860-A GAMING WIFI 인텍앤컴퍼니,"398,590","인텔 B860 / 인텔(소켓1851) / DDR5 / VGA 연결 : PCIe5.0 x16 / ATX (30.5x24.4cm) / 전원부 : 14+1+2+1페이즈 / 페이즈당80A / Vcore출력합계 : 1120A / [메모리] 9066MHz (PC5-72500) / 4개 / 메모리 용량 : 최대 192GB / XMP / [확장슬롯] PCIe버전 : PCIe5.0 , PCIe4.0 / PCIex16 : 1개 / PCIex16(at x4) : 1개 / [저장장치] M.2 : 4개 / SATA3 : 4개 / M.2 연결 : PCIe5.0 , PCIe4.0 , NVMe , PCIe 레인공유 / [후면단자] HDMI / DP / Type-C / USB4 20Gbps / RJ-45 / S/PDIF / 오디오잭 / BIOS플래시백 / 클리어CMOS / USB A타입 : 8개 / USB C타입 : 2개 / [랜/오디오] 유선랜 칩셋 : Intel / 2.5Gbps / RJ-45 : 1개 / 무선랜(Wi-Fi) / 블루투스 / 오디오 칩셋 : Realtek ALC1220P / 7.1채널(8ch) / [내부I/O] USB/팬 헤더 : 썬더볼트 헤더 , USB3.0 헤더 , USB2.0 헤더 , USB3.1 Type C 헤더 , ARGB 5V 3핀 헤더 , CPU추가팬(OPT) 헤더 , 펌프전용 헤더 / 시스템팬 4핀 : 4개 / I/O 헤더 : 디버그LED , 프론트오디오AAFP 헤더 , 온도 센서 / [특징] DrMOS / 전원부 방열판 / M.2 히트싱크 / 일체형IO실드 / UEFI 닫기",https://img.danuri.io/catalog-image/333/255/074/6317796f57bb401db9bbfc13c3338a6b.jpg?shrink=130:130&_v=20260921072724,https://prod.danawa.com/info/?pcode=74255333&cate=112751
286,ASUS,ASUS ROG STRIX Z890-E GAMING WIFI 코잇,"839,000","인텔 Z890 / 인텔(소켓1851) / DDR5 / VGA 연결 : PCIe5.0 x16 / ATX (30.5x24.4cm) / 전원부 : 18+1+2+2페이즈 / 페이즈당110A / Vcore출력합계 : 1980A / [메모리] 8800MHz (PC5-70400) / 4개 / 메모리 용량 : 최대 192GB / XMP / [확장슬롯] PCIe버전 : PCIe5.0 , PCIe4.0 / PCIex16 : 1개 / PCIex16(at x4) : 1개 / [저장장치] M.2 : 7개 / SATA3 : 4개 / M.2 연결 : PCIe5.0 , PCIe4.0 , NVMe , SATA , PCIe 레인공유 / [후면단자] HDMI / DP / Type-C / 썬더볼트4 / USB3.x 10Gbps / USB3.x 5Gbps / RJ-45 / S/PDIF / 오디오잭 / BIOS플래시백 / 클리어CMOS / USB A타입 : 10개 / USB C타입 : 4개 / [랜/오디오] 유선랜 칩셋 : Realtek / 5Gbps / RJ-45 : 1개 / 무선랜(Wi-Fi) / 블루투스 / 오디오 칩셋 : SupremeFX ALC4082 / 7.1채널(8ch) / [내부I/O] USB/팬 헤더 : 썬더볼트 헤더 , USB3.0 헤더 , USB2.0 헤더 , USB3.2 Type C 헤더 , CPU추가팬(OPT) 헤더 , 펌프전용 헤더 / 시스템팬 4핀 : 5개 / I/O 헤더 : 디버그LED , 프론트오디오AAFP 헤더 , 온도 센서 / [특징] SPS(DrMOS) / 전원부 방열판 / M.2 히트싱크 / 일체형IO실드 / LED라이트 / UEFI 닫기",https://img.danuri.io/catalog-image/863/696/069/cf78867625d942fb86e82969ccfcccdb.jpg?shrink=130:130&_v=20260921080609,https://prod.danawa.com/info/?pcode=69696863&cate=112751
287,ASUS,ASUS ROG STRIX Z890-F GAMING WIFI 인텍앤컴퍼니,"716,830","인텔 Z890 / 인텔(소켓1851) / DDR5 / VGA 연결 : PCIe5.0 x16 / ATX (30.5x24.4cm) / 전원부 : 16+1+2+2페이즈 / 페이즈당110A / Vcore출력합계 : 1760A / [메모리] 8600MHz (PC5-68800) / 4개 / 메모리 용량 : 최대 192GB / XMP / [확장슬롯] PCIe버전 : PCIe5.0 , PCIe4.0 / PCIex16 : 1개 / PCIex16(at x4) : 1개 / [저장장치] M.2 : 5개 / SATA3 : 4개 / M.2 연결 : PCIe5.0 , PCIe4.0 , NVMe , SATA / [후면단자] HDMI / DP / Type-C / 썬더볼트4 / USB3.x 10Gbps / USB3.x 5Gbps / USB 2.0 / RJ-45 / S/PDIF / 오디오잭 / BIOS플래시백 / 클리어CMOS / USB A타입 : 10개 / USB C타입 : 4개 / [랜/오디오] 유선랜 칩셋 : Intel / 2.5Gbps / RJ-45 : 1개 / 무선랜(Wi-Fi) / 블루투스 / 오디오 칩셋 : SupremeFX ALC4080 / 7.1채널(8ch) / [내부I/O] USB/팬 헤더 : 썬더볼트 헤더 , USB3.0 헤더 , USB2.0 헤더 , USB3.2 Type C 헤더 , CPU추가팬(OPT) 헤더 , 펌프전용 헤더 / 시스템팬 4핀 : 5개 / I/O 헤더 : 디버그LED , 프론트오디오AAFP 헤더 , 침입감지 헤더 , 온도 센서 / [특징] SPS(DrMOS) / 전원부 방열판 / M.2 히트싱크 / 일체형IO실드 / LED라이트 / UEFI 닫기",https://img.danuri.io/catalog-image/426/656/069/b8cc46c90d2342a49ef7ade704ad107c.jpg?shrink=130:130&_v=20260921080609,https://prod.danawa.com/info/?pcode=69656426&cate=112751
288,ASUS,ASUS PRIME B860M-A WIFI-CSM 코잇,"205,960","인텔 B860 / 인텔(소켓1851) / DDR5 / VGA 연결 : PCIe5.0 x16 / M-ATX (24.4x24.4cm) / 전원부 : 7+1+1+1페이즈 / 페이즈당80A / Vcore출력합계 : 560A / [메모리] 8666MHz (PC5-69300) / 4개 / 메모리 용량 : 최대 256GB / XMP / [확장슬롯] PCIe버전 : PCIe5.0 , PCIe4.0 / PCIex16 : 1개 / PCIex16(at x4) : 1개 / PCIex1 : 1개 / [저장장치] M.2 : 2개 / SATA3 : 4개 / M.2 연결 : PCIe5.0 , PCIe4.0 , NVMe , PCIe 레인공유 / [후면단자] HDMI / DP / USB3.x 20Gbps / USB3.x 10Gbps / USB3.x 5Gbps / USB 2.0 / RJ-45 / 오디오잭 / USB A타입 : 7개 / USB C타입 : 1개 / [랜/오디오] 유선랜 칩셋 : Realtek / 2.5Gbps / RJ-45 : 1개 / 오디오 칩셋 : Realtek / 7.1채널(8ch) / [내부I/O] USB/팬 헤더 : 썬더볼트 헤더 , USB3.0 헤더 , USB2.0 헤더 , USB3.1 Type C 헤더 , ARGB 5V 3핀 헤더 , CPU추가팬(OPT) 헤더 , 펌프전용 헤더 / 시스템팬 4핀 : 3개 / I/O 헤더 : 디버그LED , 프론트오디오AAFP 헤더 , 침입감지 헤더 , COM포트 헤더 / [특징] DrMOS / 전원부 방열판 / M.2 히트싱크 / 일체형IO실드 / UEFI 닫기",https://img.danuri.io/catalog-image/416/698/100/ba660b177928489290d79bd6d7579431.jpg?shrink=130:130&_v=20260921080609,https://prod.danawa.com/info/?pcode=100698416&cate=112751
289,ASUS,ASUS ROG STRIX B860-F GAMING WIFI 코잇,"424,710","인텔 B860 / 인텔(소켓1851) / DDR5 / VGA 연결 : PCIe5.0 x16 / ATX (30.5x24.4cm) / 전원부 : 16+1+2+1페이즈 / 페이즈당80A / Vcore출력합계 : 1280A / [메모리] 9066MHz (PC5-72500) / 4개 / 메모리 용량 : 최대 192GB / XMP / [확장슬롯] PCIe버전 : PCIe5.0 , PCIe4.0 / PCIex16 : 1개 / PCIex16(at x4) : 1개 / [저장장치] M.2 : 4개 / SATA3 : 4개 / M.2 연결 : PCIe5.0 , PCIe4.0 , NVMe , PCIe 레인공유 / [후면단자] HDMI / DP / Type-C / 썬더볼트4 / USB3.x 20Gbps / USB3.x 10Gbps / USB3.x 5Gbps / USB 2.0 / RJ-45 / S/PDIF / 오디오잭 / BIOS플래시백 / 클리어CMOS / USB A타입 : 7개 / USB C타입 : 2개 / [랜/오디오] 유선랜 칩셋 : Intel / 2.5Gbps / RJ-45 : 1개 / 무선랜(Wi-Fi) / 블루투스 / 오디오 칩셋 : SupremeFX ALC4080 / 7.1채널(8ch) / [내부I/O] USB/팬 헤더 : 썬더볼트 헤더 , USB3.0 헤더 , USB2.0 헤더 , USB3.1 Type C 헤더 , ARGB 5V 3핀 헤더 , CPU추가팬(OPT) 헤더 , 펌프전용 헤더 / 시스템팬 4핀 : 4개 / I/O 헤더 : 디버그LED , 프론트오디오AAFP 헤더 , 침입감지 헤더 , 온도 센서 / [특징] DrMOS / 전원부 방열판 / M.2 히트싱크 / 일체형IO실드 / UEFI 닫기",https://img.danuri.io/catalog-image/013/338/074/81076c99158b43d7b6b3d74ff3b69e5d.jpg?shrink=130:130&_v=20260921110121,https://prod.danawa.com/info/?pcode=74338013&cate=112751
290,ASUS,ASUS TUF Gaming B860-PLUS WIFI 코잇,"289,710","인텔 B860 / 인텔(소켓1851) / DDR5 / VGA 연결 : PCIe5.0 x16 / ATX (30.5x24.4cm) / 전원부 : 12+1+2+1페이즈 / 페이즈당80A / Vcore출력합계 : 960A / [메모리] 8666MHz (PC5-69300) / 4개 / 메모리 용량 : 최대 192GB / XMP / [확장슬롯] PCIe버전 : PCIe5.0 , PCIe4.0 / PCIex16 : 1개 / PCIex16(at x4) : 1개 / PCIex1 : 1개 / [저장장치] M.2 : 3개 / SATA3 : 4개 / M.2 연결 : PCIe5.0 , PCIe4.0 , NVMe , PCIe 레인공유 / [후면단자] HDMI / DP / Type-C / USB3.x 20Gbps / USB3.x 10Gbps / USB3.x 5Gbps / USB 2.0 / RJ-45 / S/PDIF / 오디오잭 / BIOS플래시백 / USB A타입 : 7개 / USB C타입 : 1개 / [랜/오디오] 유선랜 칩셋 : Realtek / 2.5Gbps / RJ-45 : 1개 / 무선랜(Wi-Fi) / 블루투스 / 오디오 칩셋 : Realtek / 7.1채널(8ch) / [내부I/O] USB/팬 헤더 : 썬더볼트 헤더 , USB3.0 헤더 , USB2.0 헤더 , USB3.1 Type C 헤더 , ARGB 5V 3핀 헤더 , CPU추가팬(OPT) 헤더 , 펌프전용 헤더 / 시스템팬 4핀 : 4개 / I/O 헤더 : 디버그LED , 프론트오디오AAFP 헤더 , 침입감지 헤더 , COM포트 헤더 / [특징] DrMOS / 전원부 방열판 / M.2 히트싱크 / 일체형IO실드 / LED라이트 / UEFI 닫기",https://img.danuri.io/catalog-image/622/338/074/9112934d9c9748bb8e7b52b4e0a4ec96.jpg?shrink=130:130&_v=20260921110213,https://prod.danawa.com/info/?pcode=74338622&cate=112751
291,ASUS,ASUS PRIME B860-PLUS-CSM 코잇,"275,000","인텔 B860 / 인텔(소켓1851) / DDR5 / VGA 연결 : PCIe5.0 x16 / ATX (30.5x24.4cm) / 전원부 : 8+1+1+1페이즈 / 페이즈당80A / Vcore출력합계 : 640A / [메모리] 8200MHz (PC5-65600) / 4개 / 메모리 용량 : 최대 192GB / XMP / [확장슬롯] PCIe버전 : PCIe5.0 , PCIe4.0 / PCIex16 : 1개 / PCIex16(at x4) : 1개 / [저장장치] M.2 : 3개 / SATA3 : 4개 / M.2 연결 : PCIe5.0 , PCIe4.0 , NVMe / [후면단자] HDMI / DP / USB3.x 20Gbps / USB3.x 10Gbps / USB3.x 5Gbps / USB 2.0 / RJ-45 / 오디오잭 / USB A타입 : 5개 / USB C타입 : 1개 / [랜/오디오] 유선랜 칩셋 : Realtek / 2.5Gbps / RJ-45 : 1개 / 오디오 칩셋 : Realtek / 7.1채널(8ch) / [내부I/O] USB/팬 헤더 : 썬더볼트 헤더 , USB3.0 헤더 , USB2.0 헤더 , USB3.1 Type C 헤더 , RGB 12V 4핀 헤더 , ARGB 5V 3핀 헤더 , CPU추가팬(OPT) 헤더 , 펌프전용 헤더 / 시스템팬 4핀 : 4개 / I/O 헤더 : TPM 헤더 , 디버그LED , 프론트오디오AAFP 헤더 , 침입감지 헤더 , COM포트 헤더 , S/PDIF OUT 헤더 / [특징] DrMOS / 전원부 방열판 / M.2 히트싱크 / 일체형IO실드 / UEFI 닫기",https://img.danuri.io/catalog-image/014/337/074/ec494e68bf044d8691d66168c6bdcf78.jpg?shrink=130:130&_v=20260921080444,https://prod.danawa.com/info/?pcode=74337014&cate=112751
292,ASUS,ASUS PRIME H810M-A WIFI 코잇,"137,990","인텔(소켓1851) / 인텔 H810 / DDR5 / VGA 연결 : PCIe4.0 x16 / M-ATX (24.4x22.2cm) / 전원부 : 6+1+1+1페이즈 / [메모리] 6400MHz (PC5-51200) / 2개 / 메모리 용량 : 최대 128GB / XMP / [확장슬롯] PCIe버전 : PCIe4.0 / PCIex16 : 1개 / PCIex1 : 1개 / [저장장치] SATA3 : 4개 / M.2 : 2개 / M.2 연결 : PCIe4.0 , NVMe / [후면단자] HDMI / DP / USB3.x 10Gbps / USB 2.0 / RJ-45 / 오디오잭 / PS/2 / [랜/오디오] 유선랜 칩셋 : Intel / 1Gbps / RJ-45 : 1개 / 무선랜(Wi-Fi) / 블루투스 / 오디오 칩셋 : Realtek / 7.1채널(8ch) / [내부I/O] USB/팬 헤더 : USB3.0 헤더 , USB2.0 헤더 , USB3.0 Type C 헤더 , ARGB 5V 3핀 헤더 / 시스템팬 4핀 : 2개 / I/O 헤더 : TPM 헤더 , 프론트오디오AAFP 헤더 , COM포트 헤더 , S/PDIF OUT 헤더 / [특징] 전원부 방열판 / UEFI 닫기",https://img.danuri.io/catalog-image/238/083/077/c0172aa7191f4146b390ab68a4c260b0.jpg?shrink=130:130&_v=20260921092614,https://prod.danawa.com/info/?pcode=77083238&cate=112751
293,ASUS,ASUS Pro H810T-CSM,"209,240","인텔 H810 / 인텔(소켓1851) / DDR5 노트북용 / M-iTX (17.0x17.0cm) / [메모리] 6400MHz (PC5-51200) / 2개 / 메모리 용량 : 최대 128GB / [저장장치] M.2 : 1개 / SATA3 : 2개 / M.2 연결 : PCIe5.0 , SATA / [후면단자] HDMI / DP / USB3.x 10Gbps / USB 2.0 / RJ-45 / 오디오잭 / USB A타입 : 4개 / [랜/오디오] 유선랜 칩셋 : Realtek 1Gb / 1Gbps / RJ-45 : 1개 / M.2 Key-E(모듈별매) / 오디오 칩셋 : Realtek / 7.1채널(8ch) / [내부I/O] USB/팬 헤더 : USB3.0 헤더 , USB2.0 헤더 , USB3.0 Type C 헤더 / 시스템팬 4핀 : 1개 / I/O 헤더 : TPM 헤더 , 프론트오디오AAFP 헤더 , 침입감지 헤더 , COM포트 헤더 / [특징] 닫기",https://img.danuri.io/catalog-image/754/414/103/0eb3537c0ec54ce1b6c85c5b260a42fa.jpg?shrink=130:130&_v=20260921080458,https://prod.danawa.com/info/?pcode=103414754&cate=112751
294,ASUS,ASUS ROG STRIX B860-A GAMING WIFI 코잇,"369,000","인텔 B860 / 인텔(소켓1851) / DDR5 / VGA 연결 : PCIe5.0 x16 / ATX (30.5x24.4cm) / 전원부 : 14+1+2+1페이즈 / 페이즈당80A / Vcore출력합계 : 1120A / [메모리] 9066MHz (PC5-72500) / 4개 / 메모리 용량 : 최대 192GB / XMP / [확장슬롯] PCIe버전 : PCIe5.0 , PCIe4.0 / PCIex16 : 1개 / PCIex16(at x4) : 1개 / [저장장치] M.2 : 4개 / SATA3 : 4개 / M.2 연결 : PCIe5.0 , PCIe4.0 , NVMe , PCIe 레인공유 / [후면단자] HDMI / DP / Type-C / USB4 20Gbps / RJ-45 / S/PDIF / 오디오잭 / BIOS플래시백 / 클리어CMOS / USB A타입 : 8개 / USB C타입 : 2개 / [랜/오디오] 유선랜 칩셋 : Intel / 2.5Gbps / RJ-45 : 1개 / 무선랜(Wi-Fi) / 블루투스 / 오디오 칩셋 : Realtek ALC1220P / 7.1채널(8ch) / [내부I/O] USB/팬 헤더 : 썬더볼트 헤더 , USB3.0 헤더 , USB2.0 헤더 , USB3.1 Type C 헤더 , ARGB 5V 3핀 헤더 , CPU추가팬(OPT) 헤더 , 펌프전용 헤더 / 시스템팬 4핀 : 4개 / I/O 헤더 : 디버그LED , 프론트오디오AAFP 헤더 , 온도 센서 / [특징] DrMOS / 전원부 방열판 / M.2 히트싱크 / 일체형IO실드 / UEFI 닫기",https://img.danuri.io/catalog-image/722/337/074/734359861aa143f0bc249cc0dfc79780.jpg?shrink=130:130&_v=20260921092705,https://prod.danawa.com/info/?pcode=74337722&cate=112751
295,ASUS,ASUS PRO WS W880-ACE SE 아이보라,"768,830","인텔(소켓1851) / 인텔 W880 / VGA 연결 : PCIe5.0 x16 / 전원부 : 8+1+2+2페이즈 / 90A / Vcore출력합계 : 720 / [메모리] 9066MHz (PC5-72500) / 4개 / 메모리 용량 : 최대 256GB / XMP / [확장슬롯] PCIe버전 : PCIe5.0 / PCIex16 : 2개 (동시사용시 at x8) / PCIex16(at x4) : 1개 / [저장장치] SATA3 : 4개 / M.2 : 4개 / [후면단자] HDMI / D-SUB / Type-C / 썬더볼트4 / USB3.x 10Gbps / RJ-45 / 오디오잭 / BIOS플래시백 / 클리어CMOS / USB A타입 : 6개 / USB C타입 : 2개 / [랜/오디오] 유선랜 칩셋 : Intel / 2.5Gbps / RJ-45 : 3개 / 듀얼LAN / IPMI(BMC)관리단자 / 오디오 칩셋 : Realtek ALC1220P / 7.1채널(8ch) / [내부I/O] USB/팬 헤더 : 썬더볼트4 헤더 , USB3.0 헤더 , USB2.0 헤더 , USB3.2 Type C 헤더 , CPU추가팬(OPT) 헤더 , 펌프전용 헤더 / 시스템팬 4핀 : 5개 / I/O 헤더 : 디버그LED , 프론트오디오AAFP 헤더 , 침입감지 헤더 , COM포트 헤더 , 온도 센서 / [특징] 전원부 방열판 / M.2 히트싱크 / 일체형IO실드 닫기",https://img.danuri.io/catalog-image/088/701/122/bd8c63d920ad4608992724c9026d5eac.jpeg?shrink=130:130&_v=20260921080457,https://prod.danawa.com/info/?pcode=122701088&cate=112751
296,ASUS,ASUS ROG STRIX B860-I GAMING WIFI 코잇,"502,850","인텔 B860 / 인텔(소켓1851) / DDR5 / VGA 연결 : PCIe5.0 x16 / M-iTX (17.0x17.0cm) / 전원부 : 10+1+2+1페이즈 / 페이즈당80A / Vcore출력합계 : 800A / [메모리] 9066MHz (PC5-72500) / 2개 / 메모리 용량 : 최대 96GB / XMP / [확장슬롯] PCIe버전 : PCIe5.0 / PCIex16 : 1개 / [저장장치] M.2 : 2개 / SATA3 : 4개 / M.2 연결 : PCIe5.0 , PCIe4.0 , NVMe / [후면단자] HDMI / DP / Type-C / 썬더볼트4 / USB3.x 20Gbps / USB3.x 10Gbps / USB3.x 5Gbps / USB 2.0 / RJ-45 / S/PDIF / 오디오잭 / 클리어CMOS / USB A타입 : 6개 / USB C타입 : 2개 / [랜/오디오] 유선랜 칩셋 : Intel / 2.5Gbps / RJ-45 : 1개 / 무선랜(Wi-Fi) / 블루투스 / 오디오 칩셋 : Realtek ALC1220P / 7.1채널(8ch) / [내부I/O] USB/팬 헤더 : USB3.0 헤더 , USB2.0 헤더 , USB3.1 Type C 헤더 , ARGB 5V 3핀 헤더 , 펌프전용 헤더 / 시스템팬 4핀 : 1개 / I/O 헤더 : 프론트오디오AAFP 헤더 , 온도 센서 / [특징] DrMOS / 전원부 방열판 / M.2 히트싱크 / 일체형IO실드 / UEFI 닫기",https://img.danuri.io/catalog-image/499/338/074/1f204ef943ed447eaadb7b2ea9d8a029.jpg?shrink=130:130&_v=20260921080458,https://prod.danawa.com/info/?pcode=74338499&cate=112751
297,ASUS,ASUS TUF Gaming B860M-PLUS 코잇,"240,900","인텔 B860 / 인텔(소켓1851) / DDR5 / VGA 연결 : PCIe5.0 x16 / M-ATX (24.4x24.4cm) / 전원부 : 12+1+2+1페이즈 / 페이즈당80A / Vcore출력합계 : 960A / [메모리] 8800MHz (PC5-70400) / 4개 / 메모리 용량 : 최대 256GB / XMP / [확장슬롯] PCIe버전 : PCIe5.0 , PCIe4.0 / PCIex16 : 1개 / PCIex4 : 1개 / [저장장치] M.2 : 3개 / SATA3 : 4개 / M.2 연결 : PCIe5.0 , PCIe4.0 , NVMe , PCIe 레인공유 / [후면단자] HDMI / DP / Type-C / USB3.x 20Gbps / USB3.x 10Gbps / USB3.x 5Gbps / USB 2.0 / RJ-45 / S/PDIF / 오디오잭 / BIOS플래시백 / USB A타입 : 7개 / USB C타입 : 1개 / [랜/오디오] 유선랜 칩셋 : Realtek / 2.5Gbps / RJ-45 : 1개 / 오디오 칩셋 : Realtek / 7.1채널(8ch) / [내부I/O] USB/팬 헤더 : 썬더볼트 헤더 , USB3.0 헤더 , USB2.0 헤더 , USB3.1 Type C 헤더 , ARGB 5V 3핀 헤더 , CPU추가팬(OPT) 헤더 , 펌프전용 헤더 / 시스템팬 4핀 : 3개 / I/O 헤더 : 디버그LED , 프론트오디오AAFP 헤더 , 침입감지 헤더 / [특징] DrMOS / 전원부 방열판 / M.2 히트싱크 / 일체형IO실드 / UEFI 닫기",https://img.danuri.io/catalog-image/374/621/102/6e4c885391b346f1a558017388c2f57a.jpg?shrink=130:130&_v=20260921080622,https://prod.danawa.com/info/?pcode=102621374&cate=112751
298,ASUS,ASUS PRIME Z890-P WIFI-CSM STCOM (중고),"335,200","인텔(소켓1851) / DDR5 / 인텔 Z890 / VGA 연결 : PCIe5.0 x16 / ATX (30.5x24.4cm) / 전원부 : 14+1+2+1페이즈 / 페이즈당80A / Vcore출력합계 : 1120A / [메모리] 8666MHz (PC5-69300) / 4개 / 메모리 용량 : 최대 192GB / XMP / [확장슬롯] PCIe버전 : PCIe5.0 , PCIe4.0 / PCIex16 : 1개 / PCIex16(at x4) : 2개 / PCIex16(at x1) : 1개 / [저장장치] M.2 : 4개 / SATA3 : 4개 / M.2 연결 : PCIe5.0 , PCIe4.0 , NVMe , SATA / [후면단자] HDMI / DP / Type-C / 썬더볼트4 / USB3.x 10Gbps / USB3.x 5Gbps / USB 2.0 / RJ-45 / 오디오잭 / BIOS플래시백 / USB A타입 : 7개 / USB C타입 : 1개 / [랜/오디오] 유선랜 칩셋 : Realtek / 2.5Gbps / RJ-45 : 1개 / 무선랜(Wi-Fi) / 블루투스 / 오디오 칩셋 : Realtek / 7.1채널(8ch) / [내부I/O] USB/팬 헤더 : 썬더볼트 헤더 , USB3.0 헤더 , USB2.0 헤더 , USB3.1 Type C 헤더 , CPU추가팬(OPT) 헤더 , 펌프전용 헤더 / 시스템팬 4핀 : 4개 / I/O 헤더 : TPM 헤더 , 디버그LED , 프론트오디오AAFP 헤더 , COM포트 헤더 , S/PDIF OUT 헤더 / [특징] DrMOS / 전원부 방열판 / M.2 히트싱크 / 일체형IO실드 / UEFI 닫기",https://img.danuri.io/catalog-image/170/711/096/926cf748af204918827027d0896f7974.jpg?shrink=130:130&_v=20260918080419,https://prod.danawa.com/info/?pcode=96711170&cate=112751
299,GIGABYTE,GIGABYTE B550M AORUS ELITE 제이씨현,"117,680","AMD(소켓AM4) / AMD B550 / DDR4 / VGA 연결 : PCIe4.0 x16 / M-ATX (24.4x24.4cm) / 전원부 : 5+3페이즈 / 메모리 4733MHz (PC4-37800) / 4개 / 메모리 용량 : 최대 128GB / XMP / 확장슬롯 PCIe버전 : PCIe4.0 , PCIe3.0 / PCIex16 : 2개 / PCIex1 : 1개 / 저장장치 SATA3 : 4개 / M.2 : 2개 / M.2 연결 : PCIe , NVMe , SATA / 후면단자 HDMI / DVI / USB3.x 5Gbps / USB 2.0 / RJ-45 / 오디오잭 / PS/2 / USB A타입 : 8개 / 랜/오디오 유선랜 칩셋 : Realtek / 1Gbps / RJ-45 : 1개 / 오디오 칩셋 : Realtek ALC887 / 5.1채널(6ch) / 내부I/O USB/팬 헤더 : USB3.0 헤더 , USB2.0 헤더 , RGB 12V 4핀 헤더 , ARGB 5V 3핀 헤더 / 시스템팬 4핀 : 2개 / I/O 헤더 : TPM 헤더 / 특징 UEFI 닫기",https://img.danuri.io/catalog-image/576/684/011/e283c35758ca45b6b399e6c855ccc4de.jpg?shrink=130:130&_v=20260921080454,https://prod.danawa.com/info/?pcode=11684576&cate=112751
300,GIGABYTE,GIGABYTE A520M K V2 제이씨현,"55,990","AMD(소켓AM4) / AMD A520 / DDR4 / VGA 연결 : PCIe3.0 x16 / M-ATX (23.3x19.8cm) / 전원부 : 3+3페이즈 / 메모리 5100MHz (PC4-40800) / 2개 / 메모리 용량 : 최대 64GB / XMP / 확장슬롯 PCIe버전 : PCIe3.0 / PCIex16 : 1개 / PCIex1 : 1개 / 저장장치 SATA3 : 4개 / M.2 : 1개 / M.2 연결 : PCIe , NVMe , SATA / 후면단자 HDMI / D-SUB / USB3.x 5Gbps / USB 2.0 / RJ-45 / 오디오잭 / PS/2 / USB A타입 : 6개 / 랜/오디오 유선랜 칩셋 : Realtek / 1Gbps / RJ-45 : 1개 / 오디오 칩셋 : Realtek / 7.1채널(8ch) / 내부I/O USB/팬 헤더 : USB3.0 헤더 , USB2.0 헤더 / 시스템팬 4핀 : 1개 / I/O 헤더 : TPM 헤더 , 프론트오디오AAFP 헤더 / 특징 UEFI 닫기",https://img.danuri.io/catalog-image/081/459/020/8fe00fee8e334a799a17192e80150f41.jpg?shrink=130:130&_v=20260921115823,https://prod.danawa.com/info/?pcode=20459081&cate=112751
301,GIGABYTE,GIGABYTE B550M AORUS ELITE 피씨디렉트,"116,960","AMD(소켓AM4) / AMD B550 / DDR4 / VGA 연결 : PCIe4.0 x16 / M-ATX (24.4x24.4cm) / 전원부 : 5+3페이즈 / [메모리] 4733MHz (PC4-37800) / 4개 / 메모리 용량 : 최대 128GB / XMP / [확장슬롯] PCIe버전 : PCIe4.0 , PCIe3.0 / PCIex16 : 2개 / PCIex1 : 1개 / [저장장치] M.2 : 2개 / SATA3 : 4개 / M.2 연결 : PCIe , NVMe , SATA / [후면단자] HDMI / DVI / USB3.x 5Gbps / USB 2.0 / RJ-45 / 오디오잭 / PS/2 / USB A타입 : 8개 / [랜/오디오] 유선랜 칩셋 : Realtek / 1Gbps / RJ-45 : 1개 / 오디오 칩셋 : Realtek / 5.1채널(6ch) / [내부I/O] USB/팬 헤더 : USB3.0 헤더 , USB2.0 헤더 , RGB 12V 4핀 헤더 , ARGB 5V 3핀 헤더 / 시스템팬 4핀 : 2개 / I/O 헤더 : TPM 헤더 / [특징] UEFI 닫기",https://img.danuri.io/catalog-image/599/751/011/fbca88484fdf4fce84ca6292e10ad456.jpg?shrink=130:130&_v=20260921114843,https://prod.danawa.com/info/?pcode=11751599&cate=112751
302,GIGABYTE,GIGABYTE A520M K V2 피씨디렉트,"60,210","AMD(소켓AM4) / AMD A520 / DDR4 / VGA 연결 : PCIe3.0 x16 / M-ATX (23.3x19.8cm) / [메모리] 5100MHz (PC4-40800) / 2개 / 메모리 용량 : 최대 64GB / XMP / [확장슬롯] PCIe버전 : PCIe3.0 / PCIex16 : 1개 / PCIex1 : 1개 / [저장장치] M.2 : 1개 / SATA3 : 4개 / M.2 연결 : PCIe , NVMe , SATA / [후면단자] HDMI / D-SUB / USB3.x 5Gbps / USB 2.0 / RJ-45 / 오디오잭 / PS/2 / USB A타입 : 6개 / [랜/오디오] 유선랜 칩셋 : Realtek / 1Gbps / RJ-45 : 1개 / 오디오 칩셋 : Realtek / 7.1채널(8ch) / [내부I/O] USB/팬 헤더 : USB3.0 헤더 , USB2.0 헤더 / 시스템팬 4핀 : 1개 / I/O 헤더 : TPM 헤더 / [특징] UEFI 닫기",https://img.danuri.io/catalog-image/530/431/019/245533182b4b42bf95e936267fec39c1.jpg?shrink=130:130&_v=20260921115948,https://prod.danawa.com/info/?pcode=19431530&cate=112751
303,GIGABYTE,GIGABYTE A320M-H 듀러블에디션 피씨디렉트,"110,000","AMD(소켓AM4) / AMD A320 / DDR4 / VGA 연결 : PCIe3.0 x16 / M-ATX (24.4x19.5cm) / 전원부 : 6페이즈 / [메모리] 3200MHz (PC4-25600) / 2개 / 메모리 용량 : 최대 32GB / XMP / [확장슬롯] PCIe버전 : PCIe3.0 / PCIex16 : 1개 / PCIex1 : 2개 / [저장장치] M.2 : 1개 / SATA3 : 4개 / M.2 연결 : PCIe , SATA / [후면단자] HDMI / DVI / USB3.x 5Gbps / USB 2.0 / RJ-45 / S/PDIF / 오디오잭 / PS/2 / USB A타입 : 6개 / [랜/오디오] 유선랜 칩셋 : Realtek / 1Gbps / RJ-45 : 1개 / 오디오 칩셋 : Realtek ALC 887 / 7.1채널(8ch) / [특징] UEFI 닫기",https://img.danuri.io/catalog-image/307/500/006/17a90a9e823f40abb99f68e9324f0b08.jpg?shrink=130:130&_v=20260921080456,https://prod.danawa.com/info/?pcode=6500307&cate=112751
304,GIGABYTE,GIGABYTE GA-A320M-S2H 듀러블에디션 피씨디렉트,"110,000","AMD(소켓AM4) / AMD A320 / DDR4 / VGA 연결 : PCIe3.0 x16 / M-ATX (24.4x19.5cm) / 전원부 : 6페이즈 / [메모리] 3200MHz (PC4-25600) / 2개 / 메모리 용량 : 최대 32GB / XMP / [확장슬롯] PCIe버전 : PCIe3.0 / PCIex16 : 1개 / PCIex1 : 2개 / [저장장치] M.2 : 1개 / SATA3 : 4개 / M.2 연결 : PCIe , NVMe , SATA / [후면단자] HDMI / DVI / D-SUB / USB3.x 5Gbps / USB 2.0 / RJ-45 / 오디오잭 / PS/2 / USB A타입 : 6개 / [랜/오디오] 유선랜 칩셋 : Realtek / 1Gbps / RJ-45 : 1개 / 오디오 칩셋 : Realtek ALC887 / 7.1채널(8ch) / [특징] UEFI 닫기",https://img.danuri.io/catalog-image/948/997/005/c132687195234485a81af3399faada79.jpg?shrink=130:130&_v=20260921080444,https://prod.danawa.com/info/?pcode=5997948&cate=112751
305,GIGABYTE,GIGABYTE A520M S2H 듀러블에디션 제이씨현,"480,000","AMD(소켓AM4) / AMD A520 / DDR4 / VGA 연결 : PCIe3.0 x16 / M-ATX (24.4x20.5cm) / 전원부 : 4+3페이즈 / [메모리] 5000MHz (PC4-40000) / 2개 / 메모리 용량 : 최대 64GB / XMP / [확장슬롯] PCIe버전 : PCIe3.0 / PCIex16 : 1개 / PCIex1 : 2개 / [저장장치] M.2 : 1개 / SATA3 : 4개 / M.2 연결 : PCIe , NVMe , SATA / [후면단자] HDMI / DVI / D-SUB / USB3.x 5Gbps / USB 2.0 / RJ-45 / 오디오잭 / PS/2 / USB A타입 : 6개 / [랜/오디오] 유선랜 칩셋 : Realtek / 1Gbps / RJ-45 : 1개 / 오디오 칩셋 : Realtek ALC887 / 5.1채널(6ch) / [내부I/O] USB/팬 헤더 : USB3.0 헤더 , USB2.0 헤더 , RGB 12V 4핀 헤더 , ARGB 5V 3핀 헤더 / 시스템팬 4핀 : 2개 / I/O 헤더 : TPM 헤더 / [특징] UEFI 닫기",https://img.danuri.io/catalog-image/093/077/012/209f9e1e33414adabb98fdb97ca74358.jpg?shrink=130:130&_v=20260921080457,https://prod.danawa.com/info/?pcode=12077093&cate=112751
306,GIGABYTE,GIGABYTE B850M GAMING X WIFI6E 제이씨현,"188,070","AMD(소켓AM5) / AMD B850 / DDR5 / VGA 연결 : PCIe5.0 x16 / M-ATX (24.4x24.4cm) / 전원부 : 10+2+2페이즈 / 60A / Vcore출력합계 : 600 / 메모리 8200MHz (PC5-65600) / 4개 / 메모리 용량 : 최대 256GB / XMP / EXPO / 확장슬롯 PCIe버전 : PCIe5.0 , PCIe3.0 / PCIex16 : 1개 / PCIex16(at x4) : 1개 / 저장장치 SATA3 : 4개 / M.2 : 2개 / M.2 연결 : PCIe5.0 , PCIe4.0 , NVMe / 후면단자 HDMI / DP / USB3.x 10Gbps / USB3.x 5Gbps / USB 2.0 / RJ-45 / 오디오잭 / BIOS플래시백 / USB A타입 : 7개 / USB C타입 : 1개 / 랜/오디오 유선랜 칩셋 : Realtek / 2.5Gbps / RJ-45 : 1개 / Realtek RTL8852CE / 무선랜(Wi-Fi) / 블루투스 / 오디오 칩셋 : Realtek / 7.1채널(8ch) / [내부I/O] USB/팬 헤더 : USB3.0 헤더 , USB2.0 헤더 , USB3.2 Type C 헤더 , RGB 12V 4핀 헤더 , ARGB 5V 3핀 헤더 , CPU추가팬(OPT) 헤더 , 펌프전용 헤더 / 시스템팬 4핀 : 1개 / I/O 헤더 : TPM 헤더 , 프론트오디오AAFP 헤더 / 특징 M.2 히트싱크 / UEFI 닫기",https://img.danuri.io/catalog-image/197/697/122/8c2152c5c6144a0a8b54e189fedfbff5.png?shrink=130:130&_v=20260921080443,https://prod.danawa.com/info/?pcode=122697197&cate=112751
307,GIGABYTE,GIGABYTE B850M AORUS ELITE WIFI6E ICE 피씨디렉트,"220,740","AMD(소켓AM5) / AMD B850 / DDR5 / VGA 연결 : PCIe5.0 x16 / M-ATX (24.4x24.4cm) / 전원부 : 12+2+2페이즈 / 60A / Vcore출력합계 : 720 / 메모리 8200MHz (PC5-65600) / 4개 / 메모리 용량 : 최대 256GB / XMP3.0 / EXPO / 확장슬롯 PCIe버전 : PCIe5.0 , PCIe3.0 / PCIex16 : 1개 / PCIex16(at x4) : 1개 / 저장장치 SATA3 : 4개 / M.2 : 2개 / M.2 연결 : PCIe5.0 , PCIe4.0 , NVMe / 후면단자 DP / USB3.x 10Gbps / USB3.x 5Gbps / USB 2.0 / RJ-45 / S/PDIF / 오디오잭 / BIOS플래시백 / USB A타입 : 11개 / USB C타입 : 1개 / 랜/오디오 유선랜 칩셋 : Realtek / 2.5Gbps / RJ-45 : 1개 / Realtek RTL8852CE / 무선랜(Wi-Fi) / 블루투스 / 오디오 칩셋 : Realtek / [내부I/O] USB/팬 헤더 : USB3.0 헤더 , USB2.0 헤더 , USB3.2 Type C 헤더 / 특징 DrMOS / 전원부 방열판 / M.2 히트싱크 / 일체형IO실드 / LED라이트 / UEFI 닫기",https://img.danuri.io/catalog-image/000/892/073/02c13af6f28f43cc9f654c489d2e92ed.jpeg?shrink=130:130&_v=20260921142643,https://prod.danawa.com/info/?pcode=73892000&cate=112751
308,GIGABYTE,GIGABYTE B650M K 피씨디렉트,"112,210","AMD(소켓AM5) / AMD B650 / DDR5 / VGA 연결 : PCIe4.0 x16 / M-ATX (24.4x24.4cm) / 전원부 : 8+2+2페이즈 / [메모리] 8000MHz (PC5-64000) / 4개 / 메모리 용량 : 최대 192GB / XMP3.0 / EXPO / [확장슬롯] PCIe버전 : PCIe4.0 , PCIe3.0 / PCIex16 : 1개 / PCIex1 : 1개 / [저장장치] M.2 : 2개 / SATA3 : 4개 / M.2 연결 : PCIe4.0 , NVMe / [후면단자] HDMI / DP / USB3.x 10Gbps / USB3.x 5Gbps / USB 2.0 / RJ-45 / 오디오잭 / PS/2 / BIOS플래시백 / USB A타입 : 7개 / USB C타입 : 1개 / [랜/오디오] 유선랜 칩셋 : Realtek / 2.5Gbps / RJ-45 : 1개 / 오디오 칩셋 : Realtek / 7.1채널(8ch) / [내부I/O] USB/팬 헤더 : USB3.0 헤더 , USB2.0 헤더 , USB3.0 Type C 헤더 , RGB 12V 4핀 헤더 , ARGB 5V 3핀 헤더 / 시스템팬 4핀 : 2개 / I/O 헤더 : TPM 헤더 , 프론트오디오AAFP 헤더 / M.2 히트싱크 / UEFI / 24년 1월부로 리비전 1.1 변경에 따른 전원부페이즈 수정 및 ARGB 헤더 1개 추가 닫기",https://img.danuri.io/catalog-image/307/727/021/ae16eb7d429241e5bc56043aaa1d4577.jpg?shrink=130:130&_v=20260921080444,https://prod.danawa.com/info/?pcode=21727307&cate=112751
309,GIGABYTE,GIGABYTE B850 AORUS ELITE-P ICE 피씨디렉트,"319,710","AMD(소켓AM5) / AMD B850 / DDR5 / VGA 연결 : PCIe5.0 x16 / ATX (30.5x24.4cm) / 전원부 : 16+2+2 페이즈 / 60A / Vcore출력합계 : 960 / 메모리 8200MHz (PC5-65600) / 4개 / 메모리 용량 : 최대 256GB / XMP / EXPO / 확장슬롯 PCIe버전 : PCIe5.0 , PCIe4.0 / PCIex16 : 1개 / PCIex16(at x4) : 1개 / 저장장치 SATA3 : 2개 / M.2 : 4개 / M.2 연결 : PCIe5.0 , PCIe4.0 , NVMe / 후면단자 HDMI / USB3.x 10Gbps / USB3.x 5Gbps / USB 2.0 / RJ-45 / S/PDIF / 오디오잭 / BIOS플래시백 / USB A타입 : 10개 / USB C타입 : 2개 / 랜/오디오 유선랜 칩셋 : Realtek / 5Gbps / RJ-45 : 1개 / Realtek RTL8922AE / 무선랜(Wi-Fi) / 블루투스 / 오디오 칩셋 : Realtek / 7.1채널(8ch) / [내부I/O] USB/팬 헤더 : USB3.0 헤더 , USB2.0 헤더 , USB3.2 Type C 헤더 , RGB 12V 4핀 헤더 , ARGB 5V 3핀 헤더 / 시스템팬 4핀 : 4개 / I/O 헤더 : TPM 헤더 , 프론트오디오AAFP 헤더 , 온도 센서 / 특징 DrMOS / 전원부 방열판 / M.2 히트싱크 / 일체형IO실드 / LED라이트 / UEFI 닫기",https://img.danuri.io/catalog-image/429/130/124/30692d764b1d493f9a6faf3d1709e351.jpeg?shrink=130:130&_v=20260921125624,https://prod.danawa.com/info/?pcode=124130429&cate=112751
310,GIGABYTE,GIGABYTE X870E AORUS ELITE X3D 피씨디렉트,"416,910","AMD(소켓AM5) / AMD X870E / DDR5 / VGA 연결 : PCIe5.0 x16 / ATX (30.5x24.4cm) / 전원부 : 16+2+2페이즈 / 페이즈당80A / Vcore출력합계 : 1280A / [메모리] 9000MHz (PC5-72000) / 4개 / 메모리 용량 : 최대 256GB / XMP / EXPO / [확장슬롯] PCIe버전 : PCIe5.0 , PCIe4.0 , PCIe3.0 / PCIex16 : 1개 / PCIex16(at x4) : 1개 / PCIex16(at x2) : 1개 / [저장장치] M.2 : 4개 / SATA3 : 4개 / M.2 연결 : PCIe5.0 , PCIe4.0 , NVMe , USB4 레인공유 / [후면단자] HDMI / Type-C / USB4 40Gbps / USB3.x 10Gbps / USB3.x 5Gbps / RJ-45 / S/PDIF / 오디오잭 / BIOS플래시백 / 클리어CMOS / 파워 버튼 / 리셋 버튼 / USB A타입 : 8개 / USB C타입 : 3개 / [랜/오디오] 유선랜 칩셋 : Realtek / 5Gbps / RJ-45 : 1개 / Qualcomm QCNCM865 / 무선랜(Wi-Fi) / 블루투스 / 오디오 칩셋 : Realtek ALC1220 / 7.1채널(8ch) / [내부I/O] USB/팬 헤더 : USB3.0 헤더 , USB2.0 헤더 , USB3.2 Type C 헤더 , RGB 12V 4핀 헤더 , ARGB 5V 3핀 헤더 , CPU추가팬(OPT) 헤더 / 시스템팬 4핀 : 4+2개 / I/O 헤더 : TPM 헤더 , 디버그LED , 프론트오디오AAFP 헤더 , 온도 센서 / [특징] SPS(DrMOS) / 전원부 방열판 / M.2 히트싱크 / 일체형IO실드 / LED라이트 / UEFI 닫기",https://img.danuri.io/catalog-image/977/764/106/c20e5316d4284e638c90b489f9bfb4d8.jpg?shrink=130:130&_v=20260921125448,https://prod.danawa.com/info/?pcode=106764977&cate=112751
311,GIGABYTE,GIGABYTE B850M AORUS ELITE WIFI6E ICE 제이씨현,"218,180","AMD(소켓AM5) / AMD B850 / DDR5 / VGA 연결 : PCIe5.0 x16 / M-ATX (24.4x24.4cm) / 전원부 : 12+2+2페이즈 / 60A / Vcore출력합계 : 720 / 메모리 8200MHz (PC5-65600) / 4개 / 메모리 용량 : 최대 256GB / XMP3.0 / EXPO / 확장슬롯 PCIe버전 : PCIe5.0 , PCIe3.0 / PCIex16 : 1개 / PCIex16(at x4) : 1개 / 저장장치 SATA3 : 4개 / M.2 : 2개 / M.2 연결 : PCIe5.0 , PCIe4.0 , NVMe / 후면단자 DP / USB3.x 10Gbps / USB3.x 5Gbps / USB 2.0 / RJ-45 / S/PDIF / 오디오잭 / BIOS플래시백 / USB A타입 : 11개 / USB C타입 : 1개 / 랜/오디오 유선랜 칩셋 : Realtek / 2.5Gbps / RJ-45 : 1개 / Realtek RTL8852CE / 무선랜(Wi-Fi) / 블루투스 / 오디오 칩셋 : Realtek / [내부I/O] USB/팬 헤더 : USB3.0 헤더 , USB2.0 헤더 , USB3.2 Type C 헤더 / 특징 DrMOS / 전원부 방열판 / M.2 히트싱크 / 일체형IO실드 / LED라이트 / UEFI 닫기",https://img.danuri.io/catalog-image/423/892/073/3884f311766e4db59002a568888515af.jpg?shrink=130:130&_v=20260921120101,https://prod.danawa.com/info/?pcode=73892423&cate=112751
312,GIGABYTE,GIGABYTE B850 AORUS ELITE-P ICE 제이씨현,"319,020","AMD(소켓AM5) / AMD B850 / DDR5 / VGA 연결 : PCIe5.0 x16 / ATX (30.5x24.4cm) / 전원부 : 16+2+2 페이즈 / 60A / Vcore출력합계 : 960 / 메모리 8200MHz (PC5-65600) / 4개 / 메모리 용량 : 최대 256GB / XMP / EXPO / 확장슬롯 PCIe버전 : PCIe5.0 , PCIe4.0 / PCIex16 : 1개 / PCIex16(at x4) : 1개 / 저장장치 SATA3 : 2개 / M.2 : 4개 / M.2 연결 : PCIe5.0 , PCIe4.0 , NVMe / 후면단자 HDMI / USB3.x 10Gbps / USB3.x 5Gbps / USB 2.0 / RJ-45 / S/PDIF / 오디오잭 / BIOS플래시백 / USB A타입 : 10개 / USB C타입 : 2개 / 랜/오디오 유선랜 칩셋 : Realtek / 5Gbps / RJ-45 : 1개 / Realtek RTL8922AE / 무선랜(Wi-Fi) / 블루투스 / 오디오 칩셋 : Realtek / 7.1채널(8ch) / [내부I/O] USB/팬 헤더 : USB3.0 헤더 , USB2.0 헤더 , USB3.2 Type C 헤더 , RGB 12V 4핀 헤더 , ARGB 5V 3핀 헤더 / 시스템팬 4핀 : 4개 / I/O 헤더 : TPM 헤더 , 프론트오디오AAFP 헤더 , 온도 센서 / 특징 DrMOS / 전원부 방열판 / M.2 히트싱크 / 일체형IO실드 / LED라이트 / UEFI 닫기",https://img.danuri.io/catalog-image/229/088/124/4f26951ede7b427ab3b1a3545e36f31b.jpeg?shrink=130:130&_v=20260921080444,https://prod.danawa.com/info/?pcode=124088229&cate=112751
313,GIGABYTE,GIGABYTE B850M GAMING X WIFI6E 피씨디렉트,"194,990","AMD(소켓AM5) / AMD B850 / DDR5 / VGA 연결 : PCIe5.0 x16 / M-ATX (24.4x24.4cm) / 전원부 : 10+2+2페이즈 / 60A / Vcore출력합계 : 600 / 메모리 8200MHz (PC5-65600) / 4개 / 메모리 용량 : 최대 256GB / XMP / EXPO / 확장슬롯 PCIe버전 : PCIe5.0 , PCIe3.0 / PCIex16 : 1개 / PCIex16(at x4) : 1개 / 저장장치 SATA3 : 4개 / M.2 : 2개 / M.2 연결 : PCIe5.0 , PCIe4.0 , NVMe / 후면단자 HDMI / DP / USB3.x 10Gbps / USB3.x 5Gbps / USB 2.0 / RJ-45 / S/PDIF / 오디오잭 / BIOS플래시백 / USB A타입 : 6개 / USB C타입 : 7개 / 랜/오디오 유선랜 칩셋 : Realtek / 2.5Gbps / RJ-45 : 1개 / Realtek RTL8852CE / 무선랜(Wi-Fi) / 블루투스 / 오디오 칩셋 : Realtek / 7.1채널(8ch) / [내부I/O] USB/팬 헤더 : USB3.0 헤더 , USB2.0 헤더 , USB3.2 Type C 헤더 , RGB 12V 4핀 헤더 , ARGB 5V 3핀 헤더 , CPU추가팬(OPT) 헤더 , 펌프전용 헤더 / 시스템팬 4핀 : 3개 / I/O 헤더 : TPM 헤더 , 프론트오디오AAFP 헤더 / 특징 M.2 히트싱크 / UEFI 닫기",https://img.danuri.io/catalog-image/530/694/122/d7c4b8ec55fb4dedaac3ed2338f3af8d.jpeg?shrink=130:130&_v=20260921103331,https://prod.danawa.com/info/?pcode=122694530&cate=112751
314,GIGABYTE,GIGABYTE B650M K 제이씨현,"115,170","AMD(소켓AM5) / AMD B650 / DDR5 / VGA 연결 : PCIe4.0 x16 / M-ATX (24.4x24.4cm) / 전원부 : 8+2+2페이즈 / 메모리 8000MHz (PC5-64000) / 4개 / 메모리 용량 : 최대 192GB / XMP3.0 / EXPO / 확장슬롯 PCIe버전 : PCIe4.0 , PCIe3.0 / PCIex16 : 1개 / PCIex1 : 1개 / 저장장치 SATA3 : 4개 / M.2 : 2개 / M.2 연결 : PCIe4.0 , NVMe / 후면단자 HDMI / DP / USB3.x 10Gbps / USB3.x 5Gbps / USB 2.0 / RJ-45 / 오디오잭 / PS/2 / BIOS플래시백 / USB A타입 : 7개 / USB C타입 : 1개 / 랜/오디오 유선랜 칩셋 : Realtek / 2.5Gbps / RJ-45 : 1개 / 오디오 칩셋 : Realtek / 7.1채널(8ch) / 내부I/O USB/팬 헤더 : USB3.0 헤더 , USB2.0 헤더 , USB3.0 Type C 헤더 , RGB 12V 4핀 헤더 , ARGB 5V 3핀 헤더 / 시스템팬 4핀 : 2개 / I/O 헤더 : TPM 헤더 , 프론트오디오AAFP 헤더 / 특징 전원부 방열판 / M.2 히트싱크 / UEFI / 23년 12월부로 Rev 1.1 변경(전원부, 메모리, ARGB헤더 변경) 닫기",https://img.danuri.io/catalog-image/882/324/020/8a13429eca6544eb983c4820c6912413.jpg?shrink=130:130&_v=20260921080444,https://prod.danawa.com/info/?pcode=20324882&cate=112751
315,GIGABYTE,GIGABYTE B850M AORUS ELITE WIFI6E 피씨디렉트,"222,440","AMD(소켓AM5) / AMD B850 / DDR5 / VGA 연결 : PCIe5.0 x16 / M-ATX (24.4x24.4cm) / 전원부 : 12+2+2페이즈 / 60A / Vcore출력합계 : 720 / 메모리 8200MHz (PC5-65600) / 4개 / 메모리 용량 : 최대 256GB / XMP3.0 / EXPO / 확장슬롯 PCIe버전 : PCIe5.0 , PCIe3.0 / PCIex16 : 1개 / PCIex16(at x4) : 1개 / 저장장치 SATA3 : 4개 / M.2 : 2개 / M.2 연결 : PCIe5.0 , PCIe4.0 , NVMe / 후면단자 DP / USB3.x 10Gbps / USB3.x 5Gbps / USB 2.0 / RJ-45 / S/PDIF / 오디오잭 / BIOS플래시백 / USB A타입 : 11개 / USB C타입 : 1개 / 랜/오디오 유선랜 칩셋 : Realtek / 2.5Gbps / RJ-45 : 1개 / Realtek RTL8852CE / 무선랜(Wi-Fi) / 블루투스 / 오디오 칩셋 : Realtek / 7.1채널(8ch) / [내부I/O] USB/팬 헤더 : USB3.0 헤더 , USB2.0 헤더 , USB3.2 Type C 헤더 , RGB 12V 4핀 헤더 , ARGB 5V 3핀 헤더 , CPU추가팬(OPT) 헤더 / 시스템팬 4핀 : 4개 / I/O 헤더 : TPM 헤더 , 프론트오디오AAFP 헤더 / 특징 DrMOS / 전원부 방열판 / M.2 히트싱크 / 일체형IO실드 / LED라이트 / UEFI 닫기",https://img.danuri.io/catalog-image/790/000/079/b615041cee4e484ebd59117da7c53882.jpg?shrink=130:130&_v=20260921115824,https://prod.danawa.com/info/?pcode=79000790&cate=112751
316,GIGABYTE,GIGABYTE X870E AORUS ELITE X3D 제이씨현,"420,070","AMD(소켓AM5) / AMD X870E / DDR5 / VGA 연결 : PCIe5.0 x16 / ATX (30.5x24.4cm) / 전원부 : 16+2+2페이즈 / 80A / Vcore출력합계 : 1280 / 메모리 9000MHz (PC5-72000) / 4개 / 메모리 용량 : 최대 256GB / XMP / EXPO / 확장슬롯 PCIe버전 : PCIe5.0 , PCIe4.0 , PCIe3.0 / PCIex16 : 1개 / PCIex16(at x4) : 1개 / PCIex16(at x2) : 1개 / 저장장치 SATA3 : 4개 / M.2 : 4개 / M.2 연결 : PCIe5.0 , PCIe4.0 , NVMe , USB4 레인공유 / 후면단자 HDMI / Type-C / USB4 40Gbps / USB3.x 10Gbps / USB3.x 5Gbps / RJ-45 / S/PDIF / 오디오잭 / BIOS플래시백 / 클리어CMOS / 파워 버튼 / 리셋 버튼 / USB A타입 : 8개 / USB C타입 : 3개 / 랜/오디오 유선랜 칩셋 : Realtek / 5Gbps / RJ-45 : 1개 / Qualcomm QCNCM865 / 무선랜(Wi-Fi) / 블루투스 / 오디오 칩셋 : Realtek ALC1220 / 7.1채널(8ch) / 내부I/O USB/팬 헤더 : USB3.0 헤더 , USB2.0 헤더 , USB3.2 Type C 헤더 , RGB 12V 4핀 헤더 , ARGB 5V 3핀 헤더 , CPU추가팬(OPT) 헤더 / 시스템팬 4핀 : 4+2개 / I/O 헤더 : TPM 헤더 , 디버그LED , 프론트오디오AAFP 헤더 , 온도 센서 / 특징 SPS(DrMOS) / 전원부 방열판 / M.2 히트싱크 / 일체형IO실드 / LED라이트 / UEFI 닫기",https://img.danuri.io/catalog-image/658/989/107/e8319b10c6b744c7817595049dcb38c3.jpg?shrink=130:130&_v=20260921120303,https://prod.danawa.com/info/?pcode=107989658&cate=112751
317,GIGABYTE,GIGABYTE B850M AORUS ELITE WIFI6E 제이씨현,"217,840","AMD(소켓AM5) / AMD B850 / DDR5 / VGA 연결 : PCIe5.0 x16 / M-ATX (24.4x24.4cm) / 전원부 : 12+2+2페이즈 / 60A / Vcore출력합계 : 720 / 메모리 8200MHz (PC5-65600) / 4개 / 메모리 용량 : 최대 256GB / XMP3.0 / EXPO / 확장슬롯 PCIe버전 : PCIe5.0 , PCIe3.0 / PCIex16 : 1개 / PCIex16(at x4) : 1개 / 저장장치 SATA3 : 4개 / M.2 : 2개 / M.2 연결 : PCIe5.0 , PCIe4.0 , NVMe / 후면단자 DP / USB3.x 10Gbps / USB3.x 5Gbps / USB 2.0 / RJ-45 / S/PDIF / 오디오잭 / BIOS플래시백 / USB A타입 : 11개 / USB C타입 : 1개 / 랜/오디오 유선랜 칩셋 : Realtek / 2.5Gbps / RJ-45 : 1개 / Realtek RTL8852CE / 무선랜(Wi-Fi) / 블루투스 / 오디오 칩셋 : Realtek / 7.1채널(8ch) / [내부I/O] USB/팬 헤더 : USB3.0 헤더 , USB2.0 헤더 , USB3.2 Type C 헤더 , RGB 12V 4핀 헤더 , ARGB 5V 3핀 헤더 , CPU추가팬(OPT) 헤더 / 시스템팬 4핀 : 4개 / I/O 헤더 : TPM 헤더 , 프론트오디오AAFP 헤더 / 특징 DrMOS / 전원부 방열판 / M.2 히트싱크 / 일체형IO실드 / LED라이트 / UEFI 닫기",https://img.danuri.io/catalog-image/671/843/078/a1b4f112e6574c1696040a31a35da1a1.jpeg?shrink=130:130&_v=20260921115823,https://prod.danawa.com/info/?pcode=78843671&cate=112751
318,GIGABYTE,GIGABYTE B850M AORUS PRO WIFI7 피씨디렉트,"255,010","AMD(소켓AM5) / AMD B850 / DDR5 / VGA 연결 : PCIe5.0 x16 / M-ATX (24.4x24.4cm) / 전원부 : 12+2+2페이즈 / 페이즈당80A / Vcore출력합계 : 960A / [메모리] 8600MHz (PC5-68800) / 4개 / 메모리 용량 : 최대 256GB / XMP / EXPO / [확장슬롯] PCIe버전 : PCIe5.0 , PCIe4.0 / PCIex16 : 1개 / PCIex4 : 1개 / [저장장치] M.2 : 2개 / SATA3 : 4개 / M.2 연결 : PCIe5.0 , PCIe4.0 , NVMe / [후면단자] HDMI / Type-C / USB3.x 10Gbps / USB3.x 5Gbps / USB 2.0 / RJ-45 / S/PDIF / 오디오잭 / USB A타입 : 9개 / USB C타입 : 2개 / [랜/오디오] 유선랜 칩셋 : Realtek / 2.5Gbps / RJ-45 : 1개 / Realtek RTL8922AE / 무선랜(Wi-Fi) / 블루투스 / 오디오 칩셋 : Realtek ALC1220 / 7.1채널(8ch) / [내부I/O] USB/팬 헤더 : USB3.0 헤더 , USB2.0 헤더 , USB3.2 Type C 헤더 , USB3.1 Type C 헤더 , RGB 12V 4핀 헤더 , ARGB 5V 3핀 헤더 , CPU추가팬(OPT) 헤더 / 시스템팬 4핀 : 3개 / I/O 헤더 : TPM 헤더 / [특징] 전원부 방열판 / M.2 히트싱크 / 일체형IO실드 / UEFI 닫기",https://img.danuri.io/catalog-image/713/695/106/9670c0bb3f44481ca7edd1de70a82bdc.jpg?shrink=130:130&_v=20260921114708,https://prod.danawa.com/info/?pcode=106695713&cate=112751
319,GIGABYTE,GIGABYTE B850 AORUS ELITE WIFI7 제이씨현,"280,370","AMD(소켓AM5) / AMD B850 / DDR5 / VGA 연결 : PCIe5.0 x16 / ATX (30.5x24.4cm) / 전원부 : 14+2+2페이즈 / 60A / Vcore출력합계 : 840 / 메모리 8200MHz (PC5-65600) / 4개 / 메모리 용량 : 최대 256GB / XMP3.0 / EXPO / 확장슬롯 PCIe버전 : PCIe5.0 , PCIe3.0 / PCIex16 : 1개 / PCIex16(at x1) : 2개 / 저장장치 SATA3 : 4개 / M.2 : 3개 / M.2 연결 : PCIe5.0 , PCIe4.0 , NVMe / 후면단자 DP / USB3.x 10Gbps / USB3.x 5Gbps / USB 2.0 / RJ-45 / S/PDIF / 오디오잭 / BIOS플래시백 / USB A타입 : 11개 / USB C타입 : 1개 / 랜/오디오 유선랜 칩셋 : Realtek / 2.5Gbps / RJ-45 : 1개 / Realtek RTL8922AW / 무선랜(Wi-Fi) / 블루투스 / 오디오 칩셋 : Realtek / 7.1채널(8ch) / [내부I/O] USB/팬 헤더 : USB3.0 헤더 , USB2.0 헤더 , USB3.2 Type C 헤더 , RGB 12V 4핀 헤더 , ARGB 5V 3핀 헤더 / 특징 DrMOS / 전원부 방열판 / M.2 히트싱크 / 일체형IO실드 / LED라이트 / UEFI 닫기",https://img.danuri.io/catalog-image/309/892/073/f78558ed8dbb452da99316f5934e7c2c.jpg?shrink=130:130&_v=20260921080622,https://prod.danawa.com/info/?pcode=73892309&cate=112751
320,GIGABYTE,GIGABYTE X870 AORUS ELITE WIFI7 ICE 피씨디렉트,"342,910","AMD(소켓AM5) / AMD X870 / DDR5 / VGA 연결 : PCIe5.0 x16 / ATX (30.5x24.4cm) / 전원부 : 16+2+2페이즈 / 페이즈당60A / Vcore출력합계 : 960A / [메모리] 8000MHz (PC5-64000) / 4개 / 메모리 용량 : 최대 256GB / XMP / EXPO / [확장슬롯] PCIe버전 : PCIe5.0 , PCIe4.0 , PCIe3.0 / PCIex16 : 1개 / PCIex16(at x4) : 1개 / PCIex16(at x2) : 1개 / [저장장치] M.2 : 4개 / SATA3 : 4개 / M.2 연결 : PCIe5.0 , PCIe4.0 , NVMe , PCIe 레인공유 / [후면단자] HDMI / Type-C / USB4 40Gbps / USB3.x 10Gbps / USB3.x 5Gbps / USB 2.0 / RJ-45 / S/PDIF / 오디오잭 / BIOS플래시백 / USB A타입 : 10개 / USB C타입 : 2개 / [랜/오디오] 유선랜 칩셋 : Realtek / 2.5Gbps / RJ-45 : 1개 / MediaTek MT7925(at v1.0) / 무선랜(Wi-Fi) / 블루투스 / 오디오 칩셋 : Realtek ALC1220 / 7.1채널(8ch) / [내부I/O] USB/팬 헤더 : USB3.0 헤더 , USB2.0 헤더 , USB3.2 Type C 헤더 , ARGB 5V 3핀 헤더 , CPU추가팬(OPT) 헤더 / 시스템팬 4핀 : 4+2개 / I/O 헤더 : TPM 헤더 , 디버그LED , 프론트오디오AAFP 헤더 , 온도 센서 / [특징] DrMOS / 전원부 방열판 / M.2 히트싱크 / 일체형IO실드 / LED라이트 / UEFI 닫기",https://img.danuri.io/catalog-image/492/847/067/bc5f4b5894fc4de09e2a0c79ae7d9928.jpg?shrink=130:130&_v=20260921080443,https://prod.danawa.com/info/?pcode=67847492&cate=112751
321,GIGABYTE,GIGABYTE B850M FORCE V2 피씨디렉트,"160,160","AMD(소켓AM5) / AMD B850 / DDR5 / VGA 연결 : PCIe5.0 x16 / M-ATX (24.4x24.4cm) / 전원부 : 8+2+2페이즈 / [메모리] 9600MHz (PC5-76800) / 2개 / 메모리 용량 : 최대 128GB / XMP / EXPO / [확장슬롯] PCIe버전 : PCIe5.0 , PCIe4.0 / PCIex16 : 1개 / PCIex16(at x4) : 1개 / [저장장치] M.2 : 3개 / SATA3 : 4개 / M.2 연결 : PCIe5.0 , NVMe / [후면단자] HDMI / DP / USB3.x 10Gbps / USB3.x 5Gbps / USB 2.0 / RJ-45 / 오디오잭 / PS/2 / USB A타입 : 5개 / USB C타입 : 1개 / [랜/오디오] 유선랜 칩셋 : Realtek / 2.5Gbps / RJ-45 : 1개 / 오디오 칩셋 : Realtek / 7.1채널(8ch) / [내부I/O] USB/팬 헤더 : USB3.0 헤더 , USB2.0 헤더 , USB3.0 Type C 헤더 , RGB 12V 4핀 헤더 , ARGB 5V 3핀 헤더 , 펌프전용 헤더 / 시스템팬 4핀 : 1개 / I/O 헤더 : TPM 헤더 / 전원부 방열판 / M.2 히트싱크 / 일체형IO실드 / UEFI 닫기",https://img.danuri.io/catalog-image/263/704/106/7c2e4ce93e4d41f88686a0cae0a9c759.jpg?shrink=130:130&_v=20260921140719,https://prod.danawa.com/info/?pcode=106704263&cate=112751
322,GIGABYTE,GIGABYTE X870E AORUS PRO 제이씨현,"428,000","AMD(소켓AM5) / AMD X870E / DDR5 / VGA 연결 : PCIe5.0 x16 / ATX (30.5x24.4cm) / 전원부 : 16+2+2페이즈 / 페이즈당80A / Vcore출력합계 : 1280A / [메모리] 8200MHz (PC5-65600) / 4개 / 메모리 용량 : 최대 256GB / XMP / EXPO / [확장슬롯] PCIe버전 : PCIe5.0 , PCIe4.0 , PCIe3.0 / PCIex16 : 1개 / PCIex16(at x4) : 2개 / [저장장치] M.2 : 4개 / SATA3 : 4개 / M.2 연결 : PCIe5.0 , PCIe4.0 , NVMe , PCIe 레인공유 / [후면단자] HDMI / Type-C / USB4 40Gbps / USB3.x 10Gbps / USB3.x 5Gbps / USB 2.0 / RJ-45 / S/PDIF / 오디오잭 / BIOS플래시백 / USB A타입 : 9개 / USB C타입 : 2개 / [랜/오디오] 유선랜 칩셋 : Realtek / 2.5Gbps / RJ-45 : 1개 / Qualcomm QCNCM865 / 무선랜(Wi-Fi) / 블루투스 / 오디오 칩셋 : Realtek ALC1220 / 7.1채널(8ch) / [내부I/O] USB/팬 헤더 : USB3.0 헤더 , USB2.0 헤더 , USB3.2 Type C 헤더 , ARGB 5V 3핀 헤더 , CPU추가팬(OPT) 헤더 / 시스템팬 4핀 : 4+2개 / I/O 헤더 : TPM 헤더 , 디버그LED , 프론트오디오AAFP 헤더 , 온도 센서 / [특징] SPS(DrMOS) / 전원부 방열판 / M.2 히트싱크 / 일체형IO실드 / LED라이트 / UEFI 닫기",https://img.danuri.io/catalog-image/170/600/075/bee582aa87634aa5bf984ed8af68d293.jpg?shrink=130:130&_v=20260921080456,https://prod.danawa.com/info/?pcode=75600170&cate=112751
323,GIGABYTE,GIGABYTE X870E AERO X3D DARK WOOD 피씨디렉트,"562,040","AMD(소켓AM5) / AMD X870E / DDR5 / VGA 연결 : PCIe5.0 x16 / ATX (30.5x24.4cm) / 전원부 : 16+2+2페이즈 / 60A / Vcore출력합계 : 960 / 메모리 9000MHz (PC5-72000) / 4개 / 메모리 용량 : 최대 256GB / XMP / EXPO / 확장슬롯 PCIe버전 : PCIe5.0 , PCIe4.0 / PCIex16 : 1개 / PCIex16(at x8) : 1개 / PCIex16(at x4) : 1개 / 저장장치 SATA3 : 4개 / M.2 : 4개 / M.2 연결 : PCIe5.0 , PCIe4.0 , NVMe / 후면단자 HDMI / Type-C / USB4 40Gbps / USB3.x 10Gbps / USB3.x 5Gbps / RJ-45 / S/PDIF / 오디오잭 / BIOS플래시백 / 클리어CMOS / 파워 버튼 / 리셋 버튼 / USB A타입 : 8개 / USB C타입 : 3개 / 랜/오디오 유선랜 칩셋 : Realtek / 5Gbps / RJ-45 : 2개 / MediaTek MT7927, RZ738 / 무선랜(Wi-Fi) / 블루투스 / 오디오 칩셋 : Realtek ALC1220 / 7.1채널(8ch) / 내부I/O USB/팬 헤더 : USB3.0 헤더 , USB2.0 헤더 , USB3.2 Type C 헤더 , RGB 12V 4핀 헤더 , ARGB 5V 3핀 헤더 , CPU추가팬(OPT) 헤더 / 시스템팬 4핀 : 4+2개 / I/O 헤더 : TPM 헤더 , 디버그LED , 프론트오디오AAFP 헤더 , 온도 센서 / 특징 SPS(DrMOS) / 전원부 방열판 / M.2 히트싱크 / 일체형IO실드 / LED라이트 / UEFI 닫기",https://img.danuri.io/catalog-image/102/681/122/aca2ba2905de4a27882fe5d0db06347f.jpeg?shrink=130:130&_v=20260921135038,https://prod.danawa.com/info/?pcode=122681102&cate=112751
324,GIGABYTE,GIGABYTE X870E AORUS MASTER X3D ICE 피씨디렉트,"839,000","AMD(소켓AM5) / AMD X870E / DDR5 / VGA 연결 : PCIe5.0 x16 / ATX (30.5x24.4cm) / 전원부 : 18+2+2페이즈 / 페이즈당110A / Vcore출력합계 : 1980A / [메모리] 9000MHz (PC5-72000) / 4개 / 메모리 용량 : 최대 256GB / XMP / EXPO / [확장슬롯] PCIe버전 : PCIe5.0 , PCIe4.0 / PCIex16 : 1개 (동시사용시 at x8) / PCIex16(at x8) : 1개 / PCIex16(at x4) : 1개 / [저장장치] M.2 : 5개 / SATA3 : 2개 / M.2 연결 : PCIe5.0 , PCIe4.0 , NVMe , USB4 레인공유 / [후면단자] HDMI / Type-C / USB4 40Gbps / USB3.x 10Gbps / USB3.x 5Gbps / USB 2.0 / RJ-45 / S/PDIF / 오디오잭 / BIOS플래시백 / 클리어CMOS / 파워 버튼 / 리셋 버튼 / USB A타입 : 7개 / USB C타입 : 4개 / [랜/오디오] 유선랜 칩셋 : Realtek / 10Gbps, 5Gbps / RJ-45 : 2개 / 듀얼LAN / MediaTek MT7927 / 무선랜(Wi-Fi) / 블루투스 / 오디오 칩셋 : Realtek ALC1220 / 7.1채널(8ch) / [내부I/O] USB/팬 헤더 : USB3.0 헤더 , USB2.0 헤더 , USB3.2 Type C 헤더 , ARGB 5V 3핀 헤더 , CPU추가팬(OPT) 헤더 / 시스템팬 4핀 : 4+2개 / I/O 헤더 : TPM 헤더 , 디버그LED , 프론트오디오AAFP 헤더 , 침입감지 헤더 , 온도 센서 / [특징] SPS(DrMOS) / 전원부 방열판 / M.2 히트싱크 / 일체형IO실드 / LED라이트 / UEFI 닫기",https://img.danuri.io/catalog-image/731/613/098/a406f6c682eb4670991efc89f3b5785d.jpg?shrink=130:130&_v=20260921124659,https://prod.danawa.com/info/?pcode=98613731&cate=112751
325,GIGABYTE,GIGABYTE B850M AORUS STEALTH ICE 피씨디렉트,"281,020","AMD(소켓AM5) / AMD B850 / DDR5 / VGA 연결 : PCIe5.0 x16 / M-ATX (후면커넥터) / 스텔스 / 전원부 : 8+2+2페이즈 / 60A / Vcore출력합계 : 480A / 메모리 8200MHz (PC5-65600) / 4개 / 메모리 용량 : 최대 256GB / XMP / EXPO / 확장슬롯 PCIe버전 : PCIe5.0 , PCIe4.0 / PCIex16 : 1개 / PCIex16(at x4) : 1개 / 저장장치 SATA3 : 2개 / M.2 : 3개 / M.2 연결 : PCIe5.0 , PCIe4.0 , NVMe , PCIe 레인공유 / 후면단자 HDMI / DP / USB3.x 10Gbps / USB3.x 5Gbps / USB 2.0 / RJ-45 / S/PDIF / 오디오잭 / USB A타입 : 8개 / USB C타입 : 1개 / 랜/오디오 유선랜 칩셋 : Realtek / 5Gbps / RJ-45 : 1개 / Realtek RTL8922AE / 무선랜(Wi-Fi) / 블루투스 / 오디오 칩셋 : Realtek ALC1220 / 7.1채널(8ch) / [내부I/O] USB/팬 헤더 : USB3.0 헤더 , USB2.0 헤더 , USB3.2 Type C 헤더 , RGB 12V 4핀 헤더 , ARGB 5V 3핀 헤더 , 펌프전용 헤더 / 시스템팬 4핀 : 1개 / I/O 헤더 : TPM 헤더 , 프론트오디오AAFP 헤더 , 온도 센서 / 특징 SPS(DrMOS) / 전원부 방열판 / M.2 히트싱크 / 일체형IO실드 / UEFI 닫기",https://img.danuri.io/catalog-image/775/710/122/68d2291df327467e8b3688a9b5632a0e.jpeg?shrink=130:130&_v=20260921125723,https://prod.danawa.com/info/?pcode=122710775&cate=112751
326,GIGABYTE,GIGABYTE B850M FORCE V2 제이씨현,"161,400","AMD(소켓AM5) / AMD B850 / DDR5 / VGA 연결 : PCIe5.0 x16 / M-ATX (24.4x24.4cm) / 전원부 : 8+2+2페이즈 / 메모리 9600MHz (PC5-76800) / 2개 / 메모리 용량 : 최대 128GB / XMP / EXPO / 확장슬롯 PCIe버전 : PCIe5.0 , PCIe4.0 / PCIex16 : 1개 / PCIex16(at x4) : 1개 / 저장장치 SATA3 : 4개 / M.2 : 3개 / M.2 연결 : PCIe5.0 , NVMe / 후면단자 HDMI / DP / USB3.x 10Gbps / USB3.x 5Gbps / USB 2.0 / RJ-45 / 오디오잭 / PS/2 / USB A타입 : 5개 / USB C타입 : 1개 / 랜/오디오 유선랜 칩셋 : Realtek / 2.5Gbps / RJ-45 : 1개 / 오디오 칩셋 : Realtek / 7.1채널(8ch) / 내부I/O USB/팬 헤더 : USB3.0 헤더 , USB2.0 헤더 , USB3.0 Type C 헤더 , RGB 12V 4핀 헤더 , ARGB 5V 3핀 헤더 , 펌프전용 헤더 / 시스템팬 4핀 : 1개 / I/O 헤더 : TPM 헤더 / 전원부 방열판 / M.2 히트싱크 / 일체형IO실드 / UEFI 닫기",https://img.danuri.io/catalog-image/665/699/122/d530ceda3eef451d882cb8105ff1a1bc.jpeg?shrink=130:130&_v=20260921102706,https://prod.danawa.com/info/?pcode=122699665&cate=112751
327,GIGABYTE,GIGABYTE B850 AORUS ELITE X3D 제이씨현,"317,980","AMD(소켓AM5) / AMD B850 / DDR5 / VGA 연결 : PCIe5.0 x16 / ATX (30.5x24.4cm) / 메모리 8200MHz (PC5-65600) / 4개 / 메모리 용량 : 최대 256GB / XMP / EXPO / 확장슬롯 PCIe버전 : PCIe5.0 , PCIe4.0 / PCIex16 : 1개 / PCIex16(at x4) : 1개 / 저장장치 SATA3 : 2개 / M.2 : 4개 / M.2 연결 : PCIe5.0 , PCIe4.0 , NVMe / 후면단자 HDMI / USB3.x 10Gbps / USB3.x 5Gbps / USB 2.0 / RJ-45 / S/PDIF / 오디오잭 / BIOS플래시백 / USB A타입 : 10개 / USB C타입 : 2개 / 랜/오디오 유선랜 칩셋 : Realtek / 5Gbps / RJ-45 : 1개 / Realtek RTL8922AE / 무선랜(Wi-Fi) / 블루투스 / 오디오 칩셋 : Realtek / 7.1채널(8ch) / [내부I/O] USB/팬 헤더 : USB3.0 헤더 , USB2.0 헤더 , USB3.2 Type C 헤더 , RGB 12V 4핀 헤더 , ARGB 5V 3핀 헤더 / 시스템팬 4핀 : 4개 / I/O 헤더 : TPM 헤더 , 프론트오디오AAFP 헤더 , 온도 센서 / 특징 DrMOS / 전원부 방열판 / M.2 히트싱크 / 일체형IO실드 / LED라이트 / UEFI 닫기",https://img.danuri.io/catalog-image/156/726/122/9db5a34af0114475b3e00d33f6a64c94.jpeg?shrink=130:130&_v=20260921102703,https://prod.danawa.com/info/?pcode=122726156&cate=112751
328,GIGABYTE,GIGABYTE B850 AORUS STEALTH ICE 피씨디렉트,"378,210","AMD(소켓AM5) / AMD B850 / DDR5 / VGA 연결 : PCIe5.0 x16 / ATX (후면커넥터) / 스텔스 / 전원부 : 14+2+2페이즈 / 80A / Vcore출력합계 : 1120 / 메모리 8200MHz (PC5-65600) / 4개 / 메모리 용량 : 최대 256GB / EXPO / 확장슬롯 PCIe버전 : PCIe5.0 , PCIe4.0 / PCIex16 : 1개 / PCIex16(at x4) : 1개 / 저장장치 SATA3 : 2개 / M.2 : 4개 / M.2 연결 : PCIe5.0 , PCIe4.0 , NVMe , PCIe 레인공유 / 후면단자 HDMI / USB3.x 10Gbps / USB3.x 5Gbps / USB 2.0 / RJ-45 / S/PDIF / 오디오잭 / USB A타입 : 10개 / USB C타입 : 1개 / 랜/오디오 유선랜 칩셋 : Realtek / 5Gbps / RJ-45 : 1개 / Realtek RTL8922AE / 무선랜(Wi-Fi) / 블루투스 / 오디오 칩셋 : Realtek ALC1220 / 7.1채널(8ch) / [내부I/O] USB/팬 헤더 : USB3.0 헤더 , USB2.0 헤더 , USB3.2 Type C 헤더 , RGB 12V 4핀 헤더 , ARGB 5V 3핀 헤더 , 펌프전용 헤더 / 시스템팬 4핀 : 6개 / I/O 헤더 : 프론트오디오AAFP 헤더 , 온도 센서 / 특징 SPS(DrMOS) / 전원부 방열판 / M.2 히트싱크 / 일체형IO실드 / UEFI 닫기",https://img.danuri.io/catalog-image/604/442/093/7ed22296cd2d48439c408d91c294f773.jpg?shrink=130:130&_v=20260921115809,https://prod.danawa.com/info/?pcode=93442604&cate=112751
329,GIGABYTE,GIGABYTE X870 AORUS ELITE WIFI7 ICE 제이씨현,"342,900","AMD(소켓AM5) / AMD X870 / DDR5 / VGA 연결 : PCIe5.0 x16 / ATX (30.5x24.4cm) / 전원부 : 16+2+2페이즈 / 60A / Vcore출력합계 : 960 / 메모리 8000MHz (PC5-64000) / 4개 / 메모리 용량 : 최대 256GB / XMP3.0 / EXPO / 확장슬롯 PCIe버전 : PCIe5.0 , PCIe4.0 , PCIe3.0 / PCIex16 : 1개 / PCIex16(at x4) : 1개 / PCIex16(at x2) : 1개 / 저장장치 SATA3 : 4개 / M.2 : 4개 / M.2 연결 : PCIe5.0 , PCIe4.0 , NVMe , PCIe 레인공유 / 후면단자 HDMI / Type-C / USB4 40Gbps / USB3.x 10Gbps / USB3.x 5Gbps / USB 2.0 / RJ-45 / S/PDIF / 오디오잭 / BIOS플래시백 / USB A타입 : 10개 / USB C타입 : 2개 / 랜/오디오 유선랜 칩셋 : Realtek / 2.5Gbps / RJ-45 : 1개 / MediaTek MT7925(at v1.0) / 무선랜(Wi-Fi) / 블루투스 / 오디오 칩셋 : Realtek ALC1220 / 7.1채널(8ch) / 내부I/O USB/팬 헤더 : USB3.0 헤더 , USB2.0 헤더 , USB3.2 Type C 헤더 , ARGB 5V 3핀 헤더 , CPU추가팬(OPT) 헤더 / 시스템팬 4핀 : 4+2개 / I/O 헤더 : TPM 헤더 , 디버그LED , 프론트오디오AAFP 헤더 , 온도 센서 / 특징 DrMOS / 전원부 방열판 / M.2 히트싱크 / 일체형IO실드 / LED라이트 / UEFI 닫기",https://img.danuri.io/catalog-image/863/845/067/402321a48aa04d7e8362d3b17ec0ab90.jpg?shrink=130:130&_v=20260921080457,https://prod.danawa.com/info/?pcode=67845863&cate=112751
330,GIGABYTE,GIGABYTE X870E AORUS ELITE X3D ICE 제이씨현,"421,590","AMD(소켓AM5) / AMD X870E / DDR5 / VGA 연결 : PCIe5.0 x16 / ATX (30.5x24.4cm) / 전원부 : 16+2+2페이즈 / 80A / Vcore출력합계 : 1280 / 메모리 9000MHz (PC5-72000) / 4개 / 메모리 용량 : 최대 256GB / XMP / EXPO / 확장슬롯 PCIe버전 : PCIe5.0 , PCIe4.0 , PCIe3.0 / PCIex16 : 1개 / PCIex16(at x4) : 1개 / PCIex16(at x2) : 1개 / 저장장치 SATA3 : 4개 / M.2 : 4개 / M.2 연결 : PCIe5.0 , PCIe4.0 , NVMe , USB4 레인공유 / 후면단자 HDMI / Type-C / USB4 40Gbps / USB3.x 10Gbps / USB3.x 5Gbps / RJ-45 / S/PDIF / 오디오잭 / BIOS플래시백 / 클리어CMOS / 파워 버튼 / 리셋 버튼 / USB A타입 : 8개 / USB C타입 : 3개 / 랜/오디오 유선랜 칩셋 : Realtek / 5Gbps / RJ-45 : 1개 / Qualcomm QCNCM865 / 무선랜(Wi-Fi) / 블루투스 / 오디오 칩셋 : Realtek ALC1220 / 7.1채널(8ch) / 내부I/O USB/팬 헤더 : USB3.0 헤더 , USB2.0 헤더 , USB3.2 Type C 헤더 , RGB 12V 4핀 헤더 , ARGB 5V 3핀 헤더 , CPU추가팬(OPT) 헤더 / 시스템팬 4핀 : 4+2개 / I/O 헤더 : TPM 헤더 , 디버그LED , 프론트오디오AAFP 헤더 , 온도 센서 / 특징 SPS(DrMOS) / 전원부 방열판 / M.2 히트싱크 / 일체형IO실드 / LED라이트 / UEFI 닫기",https://img.danuri.io/catalog-image/464/767/106/54a3d6fe57c7476da62f006aa5e0ec1d.jpg?shrink=130:130&_v=20260921142624,https://prod.danawa.com/info/?pcode=106767464&cate=112751
331,GIGABYTE,GIGABYTE B850M FORCE 제이씨현,"147,760","AMD(소켓AM5) / AMD B850 / DDR5 / VGA 연결 : PCIe5.0 x16 / M-ATX (24.4x24.4cm) / 전원부 : 8+2+2페이즈 / 60A / Vcore출력합계 : 480 / 메모리 9600MHz (PC5-76800) / 2개 / 메모리 용량 : 최대 128GB / XMP / EXPO / 확장슬롯 PCIe버전 : PCIe5.0 , PCIe4.0 / PCIex16 : 1개 / PCIex16(at x4) : 1개 / 저장장치 SATA3 : 4개 / M.2 : 3개 / M.2 연결 : PCIe4.0 , NVMe / 후면단자 HDMI / DP / USB3.x 10Gbps / USB3.x 5Gbps / USB 2.0 / RJ-45 / 오디오잭 / PS/2 / USB A타입 : 5개 / USB C타입 : 1개 / 랜/오디오 유선랜 칩셋 : Realtek / 2.5Gbps / RJ-45 : 1개 / 오디오 칩셋 : Realtek / 7.1채널(8ch) / 내부I/O USB/팬 헤더 : USB3.0 헤더 , USB2.0 헤더 , USB3.0 Type C 헤더 , RGB 12V 4핀 헤더 , ARGB 5V 3핀 헤더 , 펌프전용 헤더 / 시스템팬 4핀 : 2개 / I/O 헤더 : TPM 헤더 , 프론트오디오AAFP 헤더 / 전원부 방열판 / M.2 히트싱크 / 일체형IO실드 / UEFI 닫기",https://img.danuri.io/catalog-image/263/280/095/a8396678b0244dba9804d693058c8297.jpg?shrink=130:130&_v=20260921092604,https://prod.danawa.com/info/?pcode=95280263&cate=112751
332,GIGABYTE,GIGABYTE B850 EAGLE ICE 피씨디렉트,"220,230","AMD(소켓AM5) / AMD B850 / DDR5 / VGA 연결 : PCIe5.0 x16 / ATX (30.5x24.4cm) / 전원부 : 8+2+2페이즈 / 페이즈당60A / Vcore출력합계 : 480A / [메모리] 8200MHz (PC5-65600) / 4개 / 메모리 용량 : 최대 256GB / XMP3.0 / EXPO / [확장슬롯] PCIe버전 : PCIe5.0 , PCIe4.0 , PCIe3.0 / PCIex16 : 1개 / PCIex16(at x4) : 1개 / PCIex16(at x1) : 2개 / [저장장치] M.2 : 3개 / SATA3 : 4개 / M.2 연결 : PCIe5.0 , PCIe4.0 , NVMe , PCIe 레인공유 / [후면단자] HDMI / DP / USB3.x 10Gbps / USB3.x 5Gbps / USB 2.0 / RJ-45 / 오디오잭 / PS/2 / BIOS플래시백 / USB A타입 : 8개 / USB C타입 : 1개 / [랜/오디오] 유선랜 칩셋 : Realtek / 2.5Gbps / RJ-45 : 1개 / 오디오 칩셋 : Realtek ALC897 / 7.1채널(8ch) / [내부I/O] USB/팬 헤더 : USB3.0 헤더 , USB2.0 헤더 , USB3.0 Type C 헤더 , RGB 12V 4핀 헤더 , ARGB 5V 3핀 헤더 , 펌프전용 헤더 / 시스템팬 4핀 : 3개 / I/O 헤더 : TPM 헤더 , 프론트오디오AAFP 헤더 / [특징] SPS(DrMOS) / 전원부 방열판 / M.2 히트싱크 / 일체형IO실드 / UEFI 닫기",https://img.danuri.io/catalog-image/475/192/100/59d934edfd0d45169385b12de7716311.jpg?shrink=130:130&_v=20260921114703,https://prod.danawa.com/info/?pcode=100192475&cate=112751
333,GIGABYTE,GIGABYTE X870 AORUS ELITE WIFI7 피씨디렉트,"337,000","AMD(소켓AM5) / AMD X870 / DDR5 / VGA 연결 : PCIe5.0 x16 / ATX (30.5x24.4cm) / 전원부 : 16+2+2페이즈 / 페이즈당60A / Vcore출력합계 : 960A / [메모리] 8000MHz (PC5-64000) / 4개 / 메모리 용량 : 최대 256GB / XMP / EXPO / [확장슬롯] PCIe버전 : PCIe5.0 , PCIe4.0 , PCIe3.0 / PCIex16 : 1개 / PCIex16(at x4) : 1개 / PCIex16(at x2) : 1개 / [저장장치] M.2 : 4개 / SATA3 : 4개 / M.2 연결 : PCIe5.0 , PCIe4.0 , NVMe , PCIe 레인공유 / [후면단자] HDMI / Type-C / USB4 40Gbps / USB3.x 10Gbps / USB3.x 5Gbps / USB 2.0 / RJ-45 / S/PDIF / 오디오잭 / BIOS플래시백 / USB A타입 : 10개 / USB C타입 : 2개 / [랜/오디오] 유선랜 칩셋 : Realtek / 2.5Gbps / RJ-45 : 1개 / MediaTek MT7925(at v1.0) / 무선랜(Wi-Fi) / 블루투스 / 오디오 칩셋 : Realtek ALC1220 / 7.1채널(8ch) / [내부I/O] USB/팬 헤더 : USB3.0 헤더 , USB2.0 헤더 , USB3.2 Type C 헤더 , ARGB 5V 3핀 헤더 , CPU추가팬(OPT) 헤더 / 시스템팬 4핀 : 4+2개 / I/O 헤더 : TPM 헤더 , 디버그LED , 프론트오디오AAFP 헤더 , 온도 센서 / [특징] DrMOS / 전원부 방열판 / M.2 히트싱크 / 일체형IO실드 / LED라이트 / UEFI 닫기",https://img.danuri.io/catalog-image/474/847/067/0220898743144d099489daa6372203a5.jpg?shrink=130:130&_v=20260921115928,https://prod.danawa.com/info/?pcode=67847474&cate=112751
334,GIGABYTE,GIGABYTE X870E AORUS MASTER X3D ICE 제이씨현,"820,850","AMD(소켓AM5) / AMD X870E / DDR5 / VGA 연결 : PCIe5.0 x16 / ATX (30.5x24.4cm) / 전원부 : 18+2+2페이즈 / 110A / Vcore출력합계 : 1980 / 메모리 9000MHz (PC5-72000) / 4개 / 메모리 용량 : 최대 256GB / XMP / EXPO / 확장슬롯 PCIe버전 : PCIe5.0 , PCIe4.0 / PCIex16 : 1개 (동시사용시 at x8) / PCIex16(at x8) : 1개 / PCIex16(at x4) : 1개 / 저장장치 SATA3 : 2개 / M.2 : 5개 / M.2 연결 : PCIe5.0 , PCIe4.0 , NVMe , USB4 레인공유 / 후면단자 HDMI / Type-C / USB4 40Gbps / USB3.x 10Gbps / USB3.x 5Gbps / USB 2.0 / RJ-45 / S/PDIF / 오디오잭 / BIOS플래시백 / 클리어CMOS / 파워 버튼 / 리셋 버튼 / USB A타입 : 7개 / USB C타입 : 4개 / 랜/오디오 유선랜 칩셋 : Realtek / 10Gbps, 5Gbps / RJ-45 : 2개 / 듀얼LAN / MediaTek MT7927 / 무선랜(Wi-Fi) / 블루투스 / 오디오 칩셋 : Realtek ALC1220 / 7.1채널(8ch) / 내부I/O USB/팬 헤더 : USB3.0 헤더 , USB2.0 헤더 , USB3.2 Type C 헤더 , ARGB 5V 3핀 헤더 , CPU추가팬(OPT) 헤더 / 시스템팬 4핀 : 4+2개 / I/O 헤더 : TPM 헤더 , 디버그LED , 프론트오디오AAFP 헤더 , 침입감지 헤더 , 온도 센서 / 특징 SPS(DrMOS) / 전원부 방열판 / M.2 히트싱크 / 일체형IO실드 / LED라이트 / UEFI 닫기",https://img.danuri.io/catalog-image/940/227/098/d72400f63c9e4cb1ab8a75e197dc79aa.jpg?shrink=130:130&_v=20260921080443,https://prod.danawa.com/info/?pcode=98227940&cate=112751
335,GIGABYTE,GIGABYTE B850 AORUS ELITE X3D 피씨디렉트,"312,960","AMD(소켓AM5) / AMD B850 / DDR5 / VGA 연결 : PCIe5.0 x16 / ATX (30.5x24.4cm) / 메모리 8200MHz (PC5-65600) / 4개 / 메모리 용량 : 최대 256GB / XMP / EXPO / 확장슬롯 PCIe버전 : PCIe5.0 , PCIe4.0 / PCIex16 : 1개 / PCIex16(at x4) : 1개 / 저장장치 SATA3 : 2개 / M.2 : 4개 / M.2 연결 : PCIe5.0 , PCIe4.0 , NVMe / 후면단자 HDMI / USB3.x 10Gbps / USB3.x 5Gbps / USB 2.0 / RJ-45 / S/PDIF / 오디오잭 / BIOS플래시백 / USB A타입 : 10개 / USB C타입 : 2개 / 랜/오디오 유선랜 칩셋 : Realtek / 5Gbps / RJ-45 : 1개 / Realtek RTL8922AE / 무선랜(Wi-Fi) / 블루투스 / 오디오 칩셋 : Realtek / 7.1채널(8ch) / [내부I/O] USB/팬 헤더 : USB3.0 헤더 , USB2.0 헤더 , USB3.2 Type C 헤더 , RGB 12V 4핀 헤더 , ARGB 5V 3핀 헤더 / 시스템팬 4핀 : 4개 / I/O 헤더 : TPM 헤더 , 프론트오디오AAFP 헤더 , 온도 센서 / 특징 DrMOS / 전원부 방열판 / M.2 히트싱크 / 일체형IO실드 / LED라이트 / UEFI 닫기",https://img.danuri.io/catalog-image/466/718/122/3007fdfa4c034f738e81f6257fe09914.jpeg?shrink=130:130&_v=20260921125711,https://prod.danawa.com/info/?pcode=122718466&cate=112751
336,GIGABYTE,GIGABYTE B850I AORUS PRO 피씨디렉트,"324,990","AMD(소켓AM5) / AMD B850 / DDR5 / VGA 연결 : PCIe5.0 x16 / M-iTX (17.0x17.0cm) / 전원부 : 8+2+1페이즈 / 페이즈당80A / Vcore출력합계 : 640A / [메모리] 8400MHz (PC5-67200) / 2개 / 메모리 용량 : 최대 128GB / XMP / EXPO / [확장슬롯] PCIe버전 : PCIe5.0 / PCIex16 : 1개 / [저장장치] M.2 : 2개 / SATA3 : 2개 / M.2 연결 : PCIe5.0 , PCIe4.0 , NVMe / [후면단자] HDMI / USB3.x 10Gbps / USB3.x 5Gbps / USB 2.0 / RJ-45 / 오디오잭 / USB A타입 : 6개 / USB C타입 : 1개 / [랜/오디오] 유선랜 칩셋 : Realtek / 2.5Gbps / RJ-45 : 1개 / Realtek RTL8922AE / 무선랜(Wi-Fi) / 블루투스 / 오디오 칩셋 : Realtek ALC4080 / 2채널 / [내부I/O] USB/팬 헤더 : USB3.0 헤더 , USB2.0 헤더 , USB3.1 Type C 헤더 , CPU추가팬(OPT) 헤더 / 시스템팬 4핀 : 1개 / [특징] SPS(DrMOS) / 전원부 방열판 / M.2 히트싱크 / 일체형IO실드 / UEFI 닫기",https://img.danuri.io/catalog-image/971/856/077/cecd989d1b6040d6aae5de6ce577d7a8.jpg?shrink=130:130&_v=20260921142623,https://prod.danawa.com/info/?pcode=77856971&cate=112751
337,GIGABYTE,GIGABYTE X870E AORUS ELITE X3D ICE 피씨디렉트,"416,370","AMD(소켓AM5) / AMD X870E / DDR5 / VGA 연결 : PCIe5.0 x16 / ATX (30.5x24.4cm) / 전원부 : 16+2+2페이즈 / 페이즈당80A / Vcore출력합계 : 1280A / [메모리] 9000MHz (PC5-72000) / 4개 / 메모리 용량 : 최대 256GB / XMP / EXPO / [확장슬롯] PCIe버전 : PCIe5.0 , PCIe4.0 , PCIe3.0 / PCIex16 : 1개 / PCIex16(at x4) : 1개 / PCIex16(at x2) : 1개 / [저장장치] M.2 : 4개 / SATA3 : 4개 / M.2 연결 : PCIe5.0 , PCIe4.0 , NVMe , USB4 레인공유 / [후면단자] HDMI / Type-C / USB4 40Gbps / USB3.x 10Gbps / USB3.x 5Gbps / RJ-45 / S/PDIF / 오디오잭 / BIOS플래시백 / 클리어CMOS / 파워 버튼 / 리셋 버튼 / USB A타입 : 8개 / USB C타입 : 3개 / [랜/오디오] 유선랜 칩셋 : Realtek / 5Gbps / RJ-45 : 1개 / Qualcomm QCNCM865 / 무선랜(Wi-Fi) / 블루투스 / 오디오 칩셋 : Realtek ALC1220 / 7.1채널(8ch) / [내부I/O] USB/팬 헤더 : USB3.0 헤더 , USB2.0 헤더 , USB3.2 Type C 헤더 , RGB 12V 4핀 헤더 , ARGB 5V 3핀 헤더 , CPU추가팬(OPT) 헤더 / 시스템팬 4핀 : 4+2개 / I/O 헤더 : TPM 헤더 , 디버그LED , 프론트오디오AAFP 헤더 , 온도 센서 / [특징] SPS(DrMOS) / 전원부 방열판 / M.2 히트싱크 / 일체형IO실드 / LED라이트 / UEFI 닫기",https://img.danuri.io/catalog-image/016/765/106/dc2d957a4abd4333b420dad8a3f7f535.jpg?shrink=130:130&_v=20260921110121,https://prod.danawa.com/info/?pcode=106765016&cate=112751
338,GIGABYTE,GIGABYTE B850M DS3H 피씨디렉트,"174,490","AMD(소켓AM5) / AMD B850 / DDR5 / VGA 연결 : PCIe5.0 x16 / M-ATX (24.4x24.4cm) / 전원부 : 8+2+2페이즈 / 페이즈당60A / Vcore출력합계 : 480A / [메모리] 8200MHz (PC5-65600) / 4개 / 메모리 용량 : 최대 256GB / XMP3.0 / EXPO / [확장슬롯] PCIe버전 : PCIe5.0 , PCIe3.0 / PCIex16 : 1개 / PCIex16(at x4) : 1개 / [저장장치] M.2 : 2개 / SATA3 : 4개 / M.2 연결 : PCIe5.0 , PCIe4.0 , NVMe / [후면단자] HDMI / DP / USB3.x 10Gbps / USB3.x 5Gbps / USB 2.0 / RJ-45 / 오디오잭 / BIOS플래시백 / USB A타입 : 7개 / USB C타입 : 1개 / [랜/오디오] 유선랜 칩셋 : Realtek / 2.5Gbps / RJ-45 : 1개 / 오디오 칩셋 : Realtek / 7.1채널(8ch) / [내부I/O] USB/팬 헤더 : USB3.1 Type C 헤더 / I/O 헤더 : 디버그LED / [특징] DrMOS / 전원부 방열판 / M.2 히트싱크 / UEFI 닫기",https://img.danuri.io/catalog-image/084/892/073/ad381bbc3f004d2ea03b1caaf16e62fd.jpg?shrink=130:130&_v=20260921115928,https://prod.danawa.com/info/?pcode=73892084&cate=112751
339,GIGABYTE,GIGABYTE B850 AORUS STEALTH 제이씨현,"288,000","AMD(소켓AM5) / AMD B850 / DDR5 / VGA 연결 : PCIe5.0 x16 / ATX (후면커넥터) / 스텔스 / 전원부 : 14+2+2페이즈 / 80A / Vcore출력합계 : 1120 / 메모리 8200MHz (PC5-65600) / 4개 / 메모리 용량 : 최대 256GB / EXPO / 확장슬롯 PCIe버전 : PCIe5.0 , PCIe4.0 / PCIex16 : 1개 / PCIex16(at x4) : 1개 / 저장장치 SATA3 : 2개 / M.2 : 4개 / M.2 연결 : PCIe5.0 , PCIe4.0 , NVMe , PCIe 레인공유 / 후면단자 HDMI / USB3.x 10Gbps / USB3.x 5Gbps / USB 2.0 / RJ-45 / S/PDIF / 오디오잭 / USB A타입 : 10개 / USB C타입 : 1개 / 랜/오디오 유선랜 칩셋 : Realtek / 5Gbps / RJ-45 : 1개 / Realtek RTL8922AE / 무선랜(Wi-Fi) / 블루투스 / 오디오 칩셋 : Realtek ALC1220 / 7.1채널(8ch) / [내부I/O] USB/팬 헤더 : USB3.0 헤더 , USB2.0 헤더 , USB3.2 Type C 헤더 , RGB 12V 4핀 헤더 , ARGB 5V 3핀 헤더 , 펌프전용 헤더 / 시스템팬 4핀 : 6개 / I/O 헤더 : 프론트오디오AAFP 헤더 , 온도 센서 / 특징 SPS(DrMOS) / 전원부 방열판 / M.2 히트싱크 / 일체형IO실드 / UEFI 닫기",https://img.danuri.io/catalog-image/489/227/108/5d4610548e7e41f185c46c0dd853104a.jpg?shrink=130:130&_v=20260921080609,https://prod.danawa.com/info/?pcode=108227489&cate=112751
340,GIGABYTE,GIGABYTE X870E AERO X3D WOOD 피씨디렉트,"553,950","AMD(소켓AM5) / AMD X870E / DDR5 / VGA 연결 : PCIe5.0 x16 / ATX (30.5x24.4cm) / 전원부 : 16+2+2페이즈 / 60A / Vcore출력합계 : 960 / 메모리 9000MHz (PC5-72000) / 4개 / 메모리 용량 : 최대 256GB / XMP / EXPO / 확장슬롯 PCIe버전 : PCIe5.0 , PCIe4.0 / PCIex16 : 1개 / PCIex16(at x8) : 1개 / PCIex16(at x4) : 1개 / 저장장치 SATA3 : 4개 / M.2 : 4개 / M.2 연결 : PCIe5.0 , PCIe4.0 , NVMe / 후면단자 HDMI / Type-C / USB4 40Gbps / USB3.x 10Gbps / USB3.x 5Gbps / RJ-45 / S/PDIF / 오디오잭 / BIOS플래시백 / 클리어CMOS / 파워 버튼 / 리셋 버튼 / USB A타입 : 8개 / USB C타입 : 3개 / 랜/오디오 유선랜 칩셋 : Realtek / 5Gbps / RJ-45 : 2개 / MediaTek MT7927, RZ738 / 무선랜(Wi-Fi) / 블루투스 / 오디오 칩셋 : Realtek ALC1220 / 7.1채널(8ch) / 내부I/O USB/팬 헤더 : USB3.0 헤더 , USB2.0 헤더 , USB3.2 Type C 헤더 , RGB 12V 4핀 헤더 , ARGB 5V 3핀 헤더 , CPU추가팬(OPT) 헤더 / 시스템팬 4핀 : 4+2개 / I/O 헤더 : TPM 헤더 , 디버그LED , 프론트오디오AAFP 헤더 , 온도 센서 / 특징 SPS(DrMOS) / 전원부 방열판 / M.2 히트싱크 / 일체형IO실드 / LED라이트 / UEFI 닫기",https://img.danuri.io/catalog-image/806/829/122/46ef2fb4254e43c989e4a332aa8c5cb4.jpeg?shrink=130:130&_v=20260921095648,https://prod.danawa.com/info/?pcode=122829806&cate=112751
341,GIGABYTE,GIGABYTE B850M DS3H ICE 피씨디렉트,"165,250","AMD(소켓AM5) / AMD B850 / DDR5 / VGA 연결 : PCIe5.0 x16 / M-ATX (24.4x24.4cm) / 전원부 : 8+2+2페이즈 / 페이즈당60A / Vcore출력합계 : 480A / [메모리] 8200MHz (PC5-65600) / 4개 / 메모리 용량 : 최대 256GB / XMP3.0 / EXPO / [확장슬롯] PCIe버전 : PCIe5.0 , PCIe3.0 / PCIex16 : 1개 / PCIex16(at x1) : 1개 / [저장장치] M.2 : 2개 / SATA3 : 4개 / M.2 연결 : PCIe5.0 , PCIe4.0 , NVMe / [후면단자] HDMI / DP / USB3.x 10Gbps / USB3.x 5Gbps / USB 2.0 / RJ-45 / 오디오잭 / PS/2 / BIOS플래시백 / USB A타입 : 7개 / USB C타입 : 1개 / [랜/오디오] 유선랜 칩셋 : Realtek / 2.5Gbps / RJ-45 : 1개 / 오디오 칩셋 : Realtek / 7.1채널(8ch) / [내부I/O] USB/팬 헤더 : USB3.0 헤더 , USB2.0 헤더 , USB3.1 Type C 헤더 , RGB 12V 4핀 헤더 , ARGB 5V 3핀 헤더 , CPU추가팬(OPT) 헤더 , 펌프전용 헤더 / 시스템팬 4핀 : 1개 / I/O 헤더 : TPM 헤더 , 디버그LED , 프론트오디오AAFP 헤더 / [특징] DrMOS / 전원부 방열판 / M.2 히트싱크 / UEFI 닫기",https://img.danuri.io/catalog-image/880/620/077/8fa76305e6ee4c508f606c7d691fb23f.jpg?shrink=130:130&_v=20260921115823,https://prod.danawa.com/info/?pcode=77620880&cate=112751
342,GIGABYTE,GIGABYTE X870E AORUS PRO X3D ICE 피씨디렉트,"593,080","AMD(소켓AM5) / AMD X870E / DDR5 / VGA 연결 : PCIe5.0 x16 / ATX (30.5x24.4cm) / 전원부 : 18+2+2페이즈 / 페이즈당110A / Vcore출력합계 : 1980A / [메모리] 9000MHz (PC5-72000) / 4개 / 메모리 용량 : 최대 256GB / XMP / EXPO / [확장슬롯] PCIe버전 : PCIe5.0 , PCIe4.0 , PCIe3.0 / PCIex16 : 1개 / PCIex16(at x4) : 1개 / PCIex16(at x2) : 1개 / [저장장치] M.2 : 4개 / SATA3 : 4개 / M.2 연결 : PCIe5.0 , PCIe4.0 , NVMe , USB4 레인공유 / [후면단자] HDMI / Type-C / USB4 40Gbps / USB3.x 10Gbps / USB3.x 5Gbps / RJ-45 / S/PDIF / 오디오잭 / BIOS플래시백 / 클리어CMOS / 파워 버튼 / 리셋 버튼 / USB A타입 : 8개 / USB C타입 : 4개 / [랜/오디오] 유선랜 칩셋 : Realtek / 5Gbps / RJ-45 : 1개 / Qualcomm QCNCM865 / 무선랜(Wi-Fi) / 블루투스 / 오디오 칩셋 : Realtek ALC1220 / 7.1채널(8ch) / [내부I/O] USB/팬 헤더 : USB3.0 헤더 , USB2.0 헤더 , USB3.2 Type C 헤더 , ARGB 5V 3핀 헤더 , CPU추가팬(OPT) 헤더 / 시스템팬 4핀 : 4+2개 / I/O 헤더 : TPM 헤더 , 디버그LED , 프론트오디오AAFP 헤더 , 온도 센서 / [특징] SPS(DrMOS) / 전원부 방열판 / M.2 히트싱크 / 일체형IO실드 / LED라이트 / UEFI 닫기",https://img.danuri.io/catalog-image/660/543/098/396d0d5a6a2b42f3bb5e3ad6c269edaa.jpg?shrink=130:130&_v=20260921095700,https://prod.danawa.com/info/?pcode=98543660&cate=112751
343,GIGABYTE,GIGABYTE X870 AORUS STEALTH ICE 피씨디렉트,"446,880","AMD(소켓AM5) / AMD X870 / DDR5 / VGA 연결 : PCIe5.0 x16 / ATX (후면커넥터) / 스텔스 / 전원부 : 16+2+2페이즈 / 페이즈당80A / Vcore출력합계 : 1280A / [메모리] 8200MHz (PC5-65600) / 4개 / 메모리 용량 : 최대 256GB / XMP / EXPO / [확장슬롯] PCIe버전 : PCIe5.0 , PCIe4.0 / PCIex16 : 1개 / PCIex16(at x4) : 1개 / [저장장치] M.2 : 4개 / SATA3 : 2개 / M.2 연결 : PCIe5.0 , PCIe4.0 , NVMe / [후면단자] HDMI / Type-C / USB4 40Gbps / USB3.x 10Gbps / USB3.x 5Gbps / USB 2.0 / RJ-45 / S/PDIF / 오디오잭 / BIOS플래시백 / USB A타입 : 10개 / USB C타입 : 2개 / [랜/오디오] 유선랜 칩셋 : Realtek / 5Gbps / RJ-45 : 1개 / Qualcomm QCNCM865 / 무선랜(Wi-Fi) / 블루투스 / 오디오 칩셋 : Realtek ALC1220 / 7.1채널(8ch) / [내부I/O] USB/팬 헤더 : USB3.0 헤더 , USB2.0 헤더 , USB3.2 Type C 헤더 , ARGB 5V 3핀 헤더 , CPU추가팬(OPT) 헤더 / 시스템팬 4핀 : 3개 / I/O 헤더 : TPM 헤더 , 프론트오디오AAFP 헤더 / [특징] SPS(DrMOS) / 전원부 방열판 / M.2 히트싱크 / 일체형IO실드 / UEFI 닫기",https://img.danuri.io/catalog-image/367/073/093/d7afa928a0b54c1f950fab045830c5d7.jpg?shrink=130:130&_v=20260921132638,https://prod.danawa.com/info/?pcode=93073367&cate=112751
344,GIGABYTE,GIGABYTE B850 AORUS ELITE WIFI7 ICE 피씨디렉트,"295,200","AMD(소켓AM5) / AMD B850 / DDR5 / VGA 연결 : PCIe5.0 x16 / ATX (30.5x24.4cm) / 전원부 : 14+2+2페이즈 / 페이즈당60A / Vcore출력합계 : 840A / [메모리] 8200MHz (PC5-65600) / 4개 / 메모리 용량 : 최대 256GB / XMP3.0 / EXPO / [확장슬롯] PCIe버전 : PCIe5.0 , PCIe3.0 / PCIex16 : 1개 / PCIex16(at x1) : 2개 / [저장장치] M.2 : 3개 / SATA3 : 4개 / M.2 연결 : PCIe5.0 , PCIe4.0 , NVMe / [후면단자] DP / USB3.x 10Gbps / USB3.x 5Gbps / USB 2.0 / RJ-45 / S/PDIF / 오디오잭 / BIOS플래시백 / USB A타입 : 11개 / USB C타입 : 1개 / [랜/오디오] 유선랜 칩셋 : Realtek / 2.5Gbps / RJ-45 : 1개 / Realtek RTL8922AW / 무선랜(Wi-Fi) / 블루투스 / 오디오 칩셋 : Realtek / 7.1채널(8ch) / [내부I/O] USB/팬 헤더 : USB3.0 헤더 , USB2.0 헤더 , USB3.2 Type C 헤더 , RGB 12V 4핀 헤더 , ARGB 5V 3핀 헤더 / [특징] DrMOS / 전원부 방열판 / M.2 히트싱크 / 일체형IO실드 / LED라이트 / UEFI 닫기",https://img.danuri.io/catalog-image/778/891/073/92547fecf4e642268f08a220564df834.jpg?shrink=130:130&_v=20260921130429,https://prod.danawa.com/info/?pcode=73891778&cate=112751
345,GIGABYTE,GIGABYTE B850M AORUS STEALTH 피씨디렉트,"283,460","AMD(소켓AM5) / AMD B850 / DDR5 / VGA 연결 : PCIe5.0 x16 / M-ATX (후면커넥터) / 스텔스 / 전원부 : 8+2+2페이즈 / 60A / Vcore출력합계 : 480A / 메모리 8200MHz (PC5-65600) / 4개 / 메모리 용량 : 최대 256GB / XMP / EXPO / 확장슬롯 PCIe버전 : PCIe5.0 , PCIe4.0 / PCIex16 : 1개 / PCIex16(at x4) : 1개 / 저장장치 SATA3 : 2개 / M.2 : 3개 / M.2 연결 : PCIe5.0 , PCIe4.0 , NVMe , PCIe 레인공유 / 후면단자 HDMI / DP / USB3.x 10Gbps / USB3.x 5Gbps / USB 2.0 / RJ-45 / S/PDIF / 오디오잭 / USB A타입 : 8개 / USB C타입 : 2개 / 랜/오디오 유선랜 칩셋 : Realtek / 5Gbps / RJ-45 : 1개 / Realtek RTL8922AE / 무선랜(Wi-Fi) / 블루투스 / 오디오 칩셋 : Realtek ALC1220 / 7.1채널(8ch) / [내부I/O] USB/팬 헤더 : USB3.0 헤더 , USB2.0 헤더 , USB3.2 Type C 헤더 , RGB 12V 4핀 헤더 , ARGB 5V 3핀 헤더 , 펌프전용 헤더 / 시스템팬 4핀 : 1개 / I/O 헤더 : TPM 헤더 , 프론트오디오AAFP 헤더 , 온도 센서 / 특징 SPS(DrMOS) / 전원부 방열판 / M.2 히트싱크 / 일체형IO실드 / UEFI 닫기",https://img.danuri.io/catalog-image/792/710/122/e7077bec514044aeb9944425eaee60ef.jpeg?shrink=130:130&_v=20260921125648,https://prod.danawa.com/info/?pcode=122710792&cate=112751
346,GIGABYTE,GIGABYTE X870E AERO X3D DARK WOOD 제이씨현,"560,440","AMD(소켓AM5) / AMD X870E / DDR5 / VGA 연결 : PCIe5.0 x16 / ATX (30.5x24.4cm) / 전원부 : 16+2+2페이즈 / 60A / Vcore출력합계 : 960 / 메모리 9000MHz (PC5-72000) / 4개 / 메모리 용량 : 최대 256GB / XMP / EXPO / 확장슬롯 PCIe버전 : PCIe5.0 , PCIe4.0 / PCIex16 : 1개 / PCIex16(at x8) : 1개 / PCIex16(at x4) : 1개 / 저장장치 SATA3 : 4개 / M.2 : 4개 / M.2 연결 : PCIe5.0 , PCIe4.0 , NVMe / 후면단자 HDMI / Type-C / USB4 40Gbps / USB3.x 10Gbps / USB3.x 5Gbps / RJ-45 / S/PDIF / 오디오잭 / BIOS플래시백 / 클리어CMOS / 파워 버튼 / 리셋 버튼 / USB A타입 : 8개 / USB C타입 : 3개 / 랜/오디오 유선랜 칩셋 : Realtek / 5Gbps / RJ-45 : 2개 / MediaTek MT7927, RZ738 / 무선랜(Wi-Fi) / 블루투스 / 오디오 칩셋 : Realtek ALC1220 / 7.1채널(8ch) / 내부I/O USB/팬 헤더 : USB3.0 헤더 , USB2.0 헤더 , USB3.2 Type C 헤더 , RGB 12V 4핀 헤더 , ARGB 5V 3핀 헤더 , CPU추가팬(OPT) 헤더 / 시스템팬 4핀 : 4+2개 / I/O 헤더 : TPM 헤더 , 디버그LED , 프론트오디오AAFP 헤더 , 온도 센서 / 특징 SPS(DrMOS) / 전원부 방열판 / M.2 히트싱크 / 일체형IO실드 / LED라이트 / UEFI 닫기",https://img.danuri.io/catalog-image/050/662/122/6a9fb4c1f5524c9d9b05f350b11ef869.jpeg?shrink=130:130&_v=20260921110333,https://prod.danawa.com/info/?pcode=122662050&cate=112751
347,GIGABYTE,GIGABYTE B850M AORUS ELITE WIFI7 ICE-P 피씨디렉트,"258,990","AMD(소켓AM5) / AMD B850 / DDR5 / VGA 연결 : PCIe5.0 x16 / M-ATX (24.4x24.4cm) / 전원부 : 12+2+2페이즈 / 페이즈당60A / Vcore출력합계 : 720A / [메모리] 8200MHz (PC5-65600) / 4개 / 메모리 용량 : 최대 256GB / XMP / EXPO / [확장슬롯] PCIe버전 : PCIe5.0 , PCIe3.0 / PCIex16 : 1개 / PCIex16(at x4) : 1개 / [저장장치] M.2 : 2개 / SATA3 : 4개 / M.2 연결 : PCIe5.0 , PCIe4.0 , NVMe / [후면단자] DP / USB3.x 10Gbps / USB3.x 5Gbps / USB 2.0 / RJ-45 / S/PDIF / 오디오잭 / BIOS플래시백 / USB A타입 : 11개 / USB C타입 : 1개 / [랜/오디오] 유선랜 칩셋 : Realtek / 2.5Gbps / RJ-45 : 1개 / Realtek RTL8922AE / 무선랜(Wi-Fi) / 블루투스 / 오디오 칩셋 : Realtek ALC1220 / 7.1채널(8ch) / [내부I/O] USB/팬 헤더 : USB3.0 헤더 , USB2.0 헤더 , USB3.2 Type C 헤더 , RGB 12V 4핀 헤더 , ARGB 5V 3핀 헤더 , CPU추가팬(OPT) 헤더 , 펌프전용 헤더 / 시스템팬 4핀 : 3개 / I/O 헤더 : TPM 헤더 , 프론트오디오AAFP 헤더 / [특징] DrMOS / 전원부 방열판 / M.2 히트싱크 / 일체형IO실드 / LED라이트 / UEFI 닫기",https://img.danuri.io/catalog-image/386/945/099/b50c724a34d74c2396e2efa8937fe052.jpg?shrink=130:130&_v=20260921080442,https://prod.danawa.com/info/?pcode=99945386&cate=112751
348,GIGABYTE,GIGABYTE X870E AORUS XTREME AI TOP 피씨디렉트,"939,000","AMD(소켓AM5) / AMD X870E / DDR5 / VGA 연결 : PCIe5.0 x16 / E-ATX (30.5x26.9cm) / 전원부 : 18+1+2페이즈 / 페이즈당110A / Vcore출력합계 : 1980A / [메모리] 8800MHz (PC5-70400) / 4개 / 메모리 용량 : 최대 256GB / XMP3.0 / EXPO / [확장슬롯] PCIe버전 : PCIe5.0 , PCIe4.0 / PCIex16 : 1개 / PCIex16(at x8) : 1개 / PCIex16(at x2) : 1개 / [저장장치] M.2 : 4개 / SATA3 : 4개 / M.2 연결 : PCIe5.0 , PCIe4.0 , NVMe / [후면단자] HDMI / Type-C / USB4 40Gbps / USB3.x 10Gbps / USB3.x 5Gbps / USB 2.0 / RJ-45 / S/PDIF / 오디오잭 / BIOS플래시백 / 클리어CMOS / USB A타입 : 8개 / USB C타입 : 2개 / [랜/오디오] 유선랜 칩셋 : Marvell AQC113C / 10Gbps / RJ-45 : 1개 / Qualcomm QCNCM865 / 무선랜(Wi-Fi) / 블루투스 / 오디오 칩셋 : ESS ES9118 / 5.1채널(6ch) / [내부I/O] USB/팬 헤더 : USB3.0 헤더 , USB2.0 헤더 , USB3.2 Type C 헤더 , RGB 12V 4핀 헤더 , ARGB 5V 3핀 헤더 , CPU추가팬(OPT) 헤더 / 시스템팬 4핀 : 4+4개 / I/O 헤더 : TPM 헤더 , 프론트오디오AAFP 헤더 , 온도 센서 / [특징] SPS(DrMOS) / 전원부 방열판 / M.2 히트싱크 / 일체형IO실드 / LED라이트 / UEFI 닫기",https://img.danuri.io/catalog-image/854/770/073/23793950c2f54616a8ff756109a8c1bf.jpg?shrink=130:130&_v=20260921080443,https://prod.danawa.com/info/?pcode=73770854&cate=112751
349,GIGABYTE,GIGABYTE X870 AORUS INFINITY 피씨디렉트,"1,022,690","AMD(소켓AM5) / AMD X870 / DDR5 / VGA 연결 : PCIe5.0 x16 / E-ATX (30.5x27.5cm) / 스텔스 / 전원부 : 18+2+2페이즈 / 110A / Vcore출력합계 : 1980 / 메모리 8200MHz (PC5-65600) / 2개 / 메모리 용량 : 최대 128GB / XMP / EXPO / 확장슬롯 PCIe버전 : PCIe5.0 , PCIe4.0 / PCIex16 : 1개 / PCIex16(at x8) : 1개 / 저장장치 SATA3 : 4개 / M.2 : 3개 / M.2 연결 : PCIe5.0 , PCIe4.0 , NVMe / 후면단자 HDMI / Type-C / USB4 40Gbps / USB3.x 10Gbps / USB3.x 5Gbps / USB 2.0 / RJ-45 / S/PDIF / 오디오잭 / PS/2 / BIOS플래시백 / USB A타입 : 7개 / USB C타입 : 1개 / 랜/오디오 유선랜 칩셋 : Realtek / 5Gbps / RJ-45 : 1개 / Qualcomm QCNCM865 / 무선랜(Wi-Fi) / 블루투스 / 오디오 칩셋 : Realtek ALC1220 / 7.1채널(8ch) / 내부I/O USB/팬 헤더 : USB3.0 헤더 , USB2.0 헤더 , USB3.2 Type C 헤더 , RGB 12V 4핀 헤더 , ARGB 5V 3핀 헤더 , CPU추가팬(OPT) 헤더 / 시스템팬 4핀 : 4개 / I/O 헤더 : TPM 헤더 , 프론트오디오AAFP 헤더 , 온도 센서 / 특징 SPS(DrMOS) / 전원부 방열판 / M.2 히트싱크 / 일체형IO실드 / UEFI 닫기",https://img.danuri.io/catalog-image/583/726/122/565edad1d23447cd961b93d428f11102.jpeg?shrink=130:130&_v=20260921140230,https://prod.danawa.com/info/?pcode=122726583&cate=112751
350,GIGABYTE,GIGABYTE B850M DS3H ICE 제이씨현,"165,700","AMD(소켓AM5) / AMD B850 / DDR5 / VGA 연결 : PCIe5.0 x16 / M-ATX (24.4x24.4cm) / 전원부 : 8+2+2페이즈 / 60A / Vcore출력합계 : 480 / 메모리 8200MHz (PC5-65600) / 4개 / 메모리 용량 : 최대 256GB / XMP3.0 / EXPO / 확장슬롯 PCIe버전 : PCIe5.0 , PCIe3.0 / PCIex16 : 1개 / PCIex16(at x1) : 1개 / 저장장치 SATA3 : 4개 / M.2 : 2개 / M.2 연결 : PCIe5.0 , PCIe4.0 , NVMe / 후면단자 HDMI / DP / USB3.x 10Gbps / USB3.x 5Gbps / USB 2.0 / RJ-45 / 오디오잭 / PS/2 / BIOS플래시백 / USB A타입 : 7개 / USB C타입 : 1개 / 랜/오디오 유선랜 칩셋 : Realtek / 2.5Gbps / RJ-45 : 1개 / 오디오 칩셋 : Realtek / 7.1채널(8ch) / [내부I/O] USB/팬 헤더 : USB3.0 헤더 , USB2.0 헤더 , USB3.1 Type C 헤더 , RGB 12V 4핀 헤더 , ARGB 5V 3핀 헤더 , CPU추가팬(OPT) 헤더 , 펌프전용 헤더 / 시스템팬 4핀 : 1개 / I/O 헤더 : TPM 헤더 , 디버그LED , 프론트오디오AAFP 헤더 / 특징 DrMOS / 전원부 방열판 / M.2 히트싱크 / UEFI 닫기",https://img.danuri.io/catalog-image/818/460/077/9088dec620fa48668c7514f79b4de83c.jpeg?shrink=130:130&_v=20260921115948,https://prod.danawa.com/info/?pcode=77460818&cate=112751
351,GIGABYTE,GIGABYTE B850 AORUS ELITE WIFI7 피씨디렉트,"279,310","AMD(소켓AM5) / AMD B850 / DDR5 / VGA 연결 : PCIe5.0 x16 / ATX (30.5x24.4cm) / 전원부 : 14+2+2페이즈 / 페이즈당60A / Vcore출력합계 : 840A / [메모리] 8200MHz (PC5-65600) / 4개 / 메모리 용량 : 최대 256GB / XMP3.0 / EXPO / [확장슬롯] PCIe버전 : PCIe5.0 , PCIe3.0 / PCIex16 : 1개 / PCIex16(at x1) : 2개 / [저장장치] M.2 : 3개 / SATA3 : 4개 / M.2 연결 : PCIe5.0 , PCIe4.0 , NVMe / [후면단자] DP / USB3.x 10Gbps / USB3.x 5Gbps / USB 2.0 / RJ-45 / S/PDIF / 오디오잭 / BIOS플래시백 / USB A타입 : 11개 / USB C타입 : 1개 / [랜/오디오] 유선랜 칩셋 : Realtek / 2.5Gbps / RJ-45 : 1개 / Realtek RTL8922AE / 무선랜(Wi-Fi) / 블루투스 / 오디오 칩셋 : Realtek / 7.1채널(8ch) / [내부I/O] USB/팬 헤더 : USB3.0 헤더 , USB2.0 헤더 , USB3.2 Type C 헤더 , RGB 12V 4핀 헤더 , ARGB 5V 3핀 헤더 / [특징] DrMOS / 전원부 방열판 / M.2 히트싱크 / 일체형IO실드 / LED라이트 / UEFI 닫기",https://img.danuri.io/catalog-image/739/891/073/68d3ff5d017a475f87e901f41e32f7b0.jpg?shrink=130:130&_v=20260921110116,https://prod.danawa.com/info/?pcode=73891739&cate=112751
352,GIGABYTE,GIGABYTE X870 AORUS STEALTH 피씨디렉트,"447,180","AMD(소켓AM5) / AMD X870 / DDR5 / VGA 연결 : PCIe5.0 x16 / ATX (후면커넥터) / 스텔스 / 전원부 : 16+2+2페이즈 / 페이즈당80A / Vcore출력합계 : 1280A / [메모리] 8200MHz (PC5-65600) / 4개 / 메모리 용량 : 최대 256GB / XMP / EXPO / [확장슬롯] PCIe버전 : PCIe5.0 , PCIe4.0 / PCIex16 : 1개 / PCIex16(at x4) : 1개 / [저장장치] M.2 : 4개 / SATA3 : 2개 / M.2 연결 : PCIe5.0 , PCIe4.0 , NVMe / [후면단자] HDMI / Type-C / USB4 40Gbps / USB3.x 10Gbps / USB3.x 5Gbps / USB 2.0 / RJ-45 / S/PDIF / 오디오잭 / BIOS플래시백 / USB A타입 : 10개 / USB C타입 : 2개 / [랜/오디오] 유선랜 칩셋 : Realtek / 5Gbps / RJ-45 : 1개 / Qualcomm QCNCM865 / 무선랜(Wi-Fi) / 블루투스 / 오디오 칩셋 : Realtek ALC1220 / 7.1채널(8ch) / [내부I/O] USB/팬 헤더 : USB3.0 헤더 , USB2.0 헤더 , USB3.2 Type C 헤더 , ARGB 5V 3핀 헤더 , CPU추가팬(OPT) 헤더 / 시스템팬 4핀 : 3개 / I/O 헤더 : TPM 헤더 , 프론트오디오AAFP 헤더 / [특징] SPS(DrMOS) / 전원부 방열판 / M.2 히트싱크 / 일체형IO실드 / UEFI 닫기",https://img.danuri.io/catalog-image/306/966/104/15ad5d17be574f14b3d8d6d263746458.jpg?shrink=130:130&_v=20260921110334,https://prod.danawa.com/info/?pcode=104966306&cate=112751
353,GIGABYTE,GIGABYTE X870 AORUS INFINITY 제이씨현,"1,064,520","AMD(소켓AM5) / AMD X870 / DDR5 / VGA 연결 : PCIe5.0 x16 / E-ATX (30.5x27.5cm) / 스텔스 / 전원부 : 18+2+2페이즈 / 110A / Vcore출력합계 : 1980 / 메모리 8200MHz (PC5-65600) / 2개 / 메모리 용량 : 최대 128GB / XMP / EXPO / 확장슬롯 PCIe버전 : PCIe5.0 , PCIe4.0 / PCIex16 : 1개 / PCIex16(at x8) : 1개 / 저장장치 SATA3 : 4개 / M.2 : 3개 / M.2 연결 : PCIe5.0 , PCIe4.0 , NVMe / 후면단자 HDMI / Type-C / USB4 40Gbps / USB3.x 10Gbps / USB3.x 5Gbps / USB 2.0 / RJ-45 / S/PDIF / 오디오잭 / PS/2 / BIOS플래시백 / USB A타입 : 7개 / USB C타입 : 1개 / 랜/오디오 유선랜 칩셋 : Realtek / 5Gbps / RJ-45 : 1개 / Qualcomm QCNCM865 / 무선랜(Wi-Fi) / 블루투스 / 오디오 칩셋 : Realtek ALC1220 / 7.1채널(8ch) / 내부I/O USB/팬 헤더 : USB3.0 헤더 , USB2.0 헤더 , USB3.2 Type C 헤더 , RGB 12V 4핀 헤더 , ARGB 5V 3핀 헤더 , CPU추가팬(OPT) 헤더 / 시스템팬 4핀 : 4개 / I/O 헤더 : TPM 헤더 , 프론트오디오AAFP 헤더 , 온도 센서 / 특징 SPS(DrMOS) / 전원부 방열판 / M.2 히트싱크 / 일체형IO실드 / UEFI 닫기",https://img.danuri.io/catalog-image/388/728/122/c9383a2c9efc488a93002eb4c1ac9be7.jpeg?shrink=130:130&_v=20260921080458,https://prod.danawa.com/info/?pcode=122728388&cate=112751
354,GIGABYTE,GIGABYTE B850M AORUS PRO WIFI7 제이씨현,"250,870","AMD(소켓AM5) / AMD B850 / DDR5 / VGA 연결 : PCIe5.0 x16 / M-ATX (24.4x24.4cm) / [메모리] 8600MHz (PC5-68800) / 4개 / 메모리 용량 : 최대 256GB / XMP / EXPO / [확장슬롯] PCIe버전 : PCIe5.0 , PCIe4.0 / PCIex16 : 1개 / PCIex4 : 1개 / [저장장치] SATA3 : 4개 / M.2 : 2개 / M.2 연결 : PCIe5.0 , PCIe4.0 , NVMe / [후면단자] HDMI / Type-C / USB3.x 10Gbps / USB3.x 5Gbps / USB 2.0 / RJ-45 / S/PDIF / 오디오잭 / USB A타입 : 9개 / USB C타입 : 2개 / [랜/오디오] 유선랜 칩셋 : Realtek / 2.5Gbps / RJ-45 : 1개 / Realtek RTL8922AE / 무선랜(Wi-Fi) / 블루투스 / 오디오 칩셋 : Realtek ALC1220 / 7.1채널(8ch) / [내부I/O] USB/팬 헤더 : USB3.0 헤더 , USB2.0 헤더 , USB3.2 Type C 헤더 , USB3.1 Type C 헤더 , RGB 12V 4핀 헤더 , ARGB 5V 3핀 헤더 , CPU추가팬(OPT) 헤더 / 시스템팬 4핀 : 3개 / I/O 헤더 : TPM 헤더 / [특징] 전원부 방열판 / M.2 히트싱크 / 일체형IO실드 / UEFI 닫기",https://img.danuri.io/catalog-image/312/727/106/ac2adce409a3444ab965a08768b3348c.jpg?shrink=130:130&_v=20260921110219,https://prod.danawa.com/info/?pcode=106727312&cate=112751
355,GIGABYTE,GIGABYTE B850M AORUS STEALTH 제이씨현,"280,370","AMD(소켓AM5) / AMD B850 / DDR5 / VGA 연결 : PCIe5.0 x16 / M-ATX (후면커넥터) / 스텔스 / 전원부 : 8+2+2페이즈 / 60A / Vcore출력합계 : 480A / 메모리 8200MHz (PC5-65600) / 4개 / 메모리 용량 : 최대 256GB / XMP / EXPO / 확장슬롯 PCIe버전 : PCIe5.0 , PCIe4.0 / PCIex16 : 1개 / PCIex16(at x4) : 1개 / 저장장치 SATA3 : 2개 / M.2 : 3개 / M.2 연결 : PCIe5.0 , PCIe4.0 , NVMe , PCIe 레인공유 / 후면단자 HDMI / DP / USB3.x 10Gbps / USB3.x 5Gbps / USB 2.0 / RJ-45 / S/PDIF / 오디오잭 / USB A타입 : 8개 / USB C타입 : 2개 / 랜/오디오 유선랜 칩셋 : Realtek / 5Gbps / RJ-45 : 1개 / Realtek RTL8922AE / 무선랜(Wi-Fi) / 블루투스 / 오디오 칩셋 : Realtek ALC1220 / 7.1채널(8ch) / [내부I/O] USB/팬 헤더 : USB3.0 헤더 , USB2.0 헤더 , USB3.2 Type C 헤더 , RGB 12V 4핀 헤더 , ARGB 5V 3핀 헤더 , 펌프전용 헤더 / 시스템팬 4핀 : 1개 / I/O 헤더 : TPM 헤더 , 프론트오디오AAFP 헤더 , 온도 센서 / 특징 SPS(DrMOS) / 전원부 방열판 / M.2 히트싱크 / 일체형IO실드 / UEFI 닫기",https://img.danuri.io/catalog-image/072/711/122/ae940e75ed7f4287af565866b3af65d9.jpeg?shrink=130:130&_v=20260921125119,https://prod.danawa.com/info/?pcode=122711072&cate=112751
356,GIGABYTE,GIGABYTE A620M H 피씨디렉트,"94,540","AMD(소켓AM5) / AMD A620A / DDR5 / VGA 연결 : PCIe4.0 x16 / M-ATX (23x22.5cm) / 전원부 : 5+2+2페이즈 / [메모리] 7600MHz (PC5-60800) / 2개 / 메모리 용량 : 최대 128GB / XMP / EXPO / [확장슬롯] PCIe버전 : PCIe4.0 , PCIe3.0 / PCIex16 : 1개 / PCIex1 : 1개 / [저장장치] M.2 : 1개 / SATA3 : 4개 / M.2 연결 : PCIe4.0 , NVMe / [후면단자] HDMI / DP / USB3.x 5Gbps / USB 2.0 / RJ-45 / 오디오잭 / PS/2 / BIOS플래시백 / USB A타입 : 6개 / [랜/오디오] 유선랜 칩셋 : Realtek / 1Gbps / RJ-45 : 1개 / 오디오 칩셋 : Realtek / 7.1채널(8ch) / [내부I/O] USB/팬 헤더 : USB3.0 헤더 , USB2.0 헤더 , RGB 12V 4핀 헤더 , ARGB 5V 3핀 헤더 / 시스템팬 4핀 : 2개 / I/O 헤더 : TPM 헤더 , 프론트오디오AAFP 헤더 / [특징] UEFI 닫기",https://img.danuri.io/catalog-image/508/465/106/6f4d8eb31a794974913df9283e2cd270.jpg?shrink=130:130&_v=20260921110223,https://prod.danawa.com/info/?pcode=106465508&cate=112751
357,GIGABYTE,GIGABYTE X870I AORUS PRO ICE 피씨디렉트,"463,190","AMD(소켓AM5) / AMD X870 / DDR5 / VGA 연결 : PCIe5.0 x16 / M-iTX (17.0x17.0cm) / 전원부 : 8+2+1페이즈 / 페이즈당110A / Vcore출력합계 : 880A / [메모리] 8400MHz (PC5-67200) / 2개 / 메모리 용량 : 최대 128GB / XMP / EXPO / [확장슬롯] PCIe버전 : PCIe5.0 / PCIex16 : 1개 / [저장장치] M.2 : 2개 / SATA3 : 2개 / M.2 연결 : PCIe5.0 , PCIe4.0 , NVMe / [후면단자] HDMI / Type-C / USB4 40Gbps / USB3.x 10Gbps / USB3.x 5Gbps / USB 2.0 / RJ-45 / 오디오잭 / USB A타입 : 6개 / USB C타입 : 2개 / [랜/오디오] 유선랜 칩셋 : Realtek / 2.5Gbps / RJ-45 : 1개 / Realtek RTL8922AE / 무선랜(Wi-Fi) / 블루투스 / 오디오 칩셋 : Realtek ALC4080 / 2채널 / [내부I/O] USB/팬 헤더 : USB3.0 헤더 , USB2.0 헤더 , USB3.1 Type C 헤더 , RGB 12V 4핀 헤더 , ARGB 5V 3핀 헤더 , CPU추가팬(OPT) 헤더 / 시스템팬 4핀 : 1개 / I/O 헤더 : 프론트오디오AAFP 헤더 , 침입감지 헤더 / [특징] SPS(DrMOS) / 전원부 방열판 / M.2 히트싱크 / 일체형IO실드 / UEFI 닫기",https://img.danuri.io/catalog-image/190/791/077/5fba78fa30474a6f8912fb9c3df0fdbd.jpg?shrink=130:130&_v=20260921132703,https://prod.danawa.com/info/?pcode=77791190&cate=112751
358,GIGABYTE,GIGABYTE B850M FORCE 피씨디렉트,"152,406","AMD(소켓AM5) / AMD B850 / DDR5 / VGA 연결 : PCIe5.0 x16 / M-ATX (24.4x24.4cm) / 전원부 : 8+2+2페이즈 / [메모리] 9600MHz (PC5-76800) / 2개 / 메모리 용량 : 최대 128GB / XMP / EXPO / [확장슬롯] PCIe버전 : PCIe5.0 , PCIe4.0 / PCIex16 : 1개 / PCIex16(at x4) : 1개 / [저장장치] M.2 : 3개 / SATA3 : 4개 / M.2 연결 : PCIe4.0 , NVMe / [후면단자] HDMI / DP / USB3.x 10Gbps / USB3.x 5Gbps / USB 2.0 / RJ-45 / 오디오잭 / PS/2 / USB A타입 : 5개 / USB C타입 : 1개 / [랜/오디오] 유선랜 칩셋 : Realtek / 2.5Gbps / RJ-45 : 1개 / 오디오 칩셋 : Realtek / 7.1채널(8ch) / [내부I/O] USB/팬 헤더 : USB3.0 헤더 , USB2.0 헤더 , USB3.0 Type C 헤더 , RGB 12V 4핀 헤더 , ARGB 5V 3핀 헤더 , 펌프전용 헤더 / 시스템팬 4핀 : 2개 / I/O 헤더 : TPM 헤더 , 프론트오디오AAFP 헤더 / 전원부 방열판 / M.2 히트싱크 / 일체형IO실드 / UEFI 닫기",https://img.danuri.io/catalog-image/499/200/095/cb9bd177642c4ba687211651ad7f7e36.jpg?shrink=130:130&_v=20260921114233,https://prod.danawa.com/info/?pcode=95200499&cate=112751
359,GIGABYTE,GIGABYTE B850M DS3H 제이씨현,"166,190","AMD(소켓AM5) / AMD B850 / DDR5 / VGA 연결 : PCIe5.0 x16 / M-ATX (24.4x24.4cm) / 전원부 : 8+2+2페이즈 / 60A / Vcore출력합계 : 480 / 메모리 8200MHz (PC5-65600) / 4개 / 메모리 용량 : 최대 256GB / XMP3.0 / EXPO / 확장슬롯 PCIe버전 : PCIe5.0 , PCIe3.0 / PCIex16 : 1개 / PCIex16(at x1) : 1개 / 저장장치 SATA3 : 4개 / M.2 : 2개 / M.2 연결 : PCIe5.0 , PCIe4.0 , NVMe / 후면단자 HDMI / DP / USB3.x 10Gbps / USB3.x 5Gbps / USB 2.0 / RJ-45 / 오디오잭 / BIOS플래시백 / USB A타입 : 7개 / USB C타입 : 1개 / 랜/오디오 유선랜 칩셋 : Realtek / 2.5Gbps / RJ-45 : 1개 / 오디오 칩셋 : Realtek / 7.1채널(8ch) / [내부I/O] USB/팬 헤더 : USB3.1 Type C 헤더 / I/O 헤더 : 디버그LED / 특징 DrMOS / 전원부 방열판 / M.2 히트싱크 / UEFI 닫기",https://img.danuri.io/catalog-image/354/892/073/e02b2dc9072b4ba8bc8093a8c335df55.jpg?shrink=130:130&_v=20260921115823,https://prod.danawa.com/info/?pcode=73892354&cate=112751
360,GIGABYTE,GIGABYTE B650 AORUS ELITE V2 피씨디렉트,"209,000","AMD(소켓AM5) / AMD B650 / DDR5 / VGA 연결 : PCIe4.0 x16 / ATX (30.5x24.4cm) / 전원부 : 12+2+2페이즈 / 페이즈당60A / Vcore출력합계 : 720A / [메모리] 8000MHz (PC5-64000) / 4개 / 메모리 용량 : 최대 192GB / XMP / EXPO / [확장슬롯] PCIe버전 : PCIe4.0 , PCIe3.0 / PCIex16 : 1개 / PCIex16(at x1) : 2개 / [저장장치] M.2 : 3개 / SATA3 : 4개 / M.2 연결 : PCIe5.0 , PCIe4.0 , NVMe / [후면단자] HDMI / DP / USB3.x 10Gbps / USB3.x 5Gbps / USB 2.0 / RJ-45 / 오디오잭 / BIOS플래시백 / USB A타입 : 11개 / USB C타입 : 1개 / [랜/오디오] 유선랜 칩셋 : Realtek / 2.5Gbps / RJ-45 : 1개 / 오디오 칩셋 : Realtek / 7.1채널(8ch) / [내부I/O] USB/팬 헤더 : USB3.0 헤더 , USB2.0 헤더 , USB3.2 Type C 헤더 , RGB 12V 4핀 헤더 , ARGB 5V 3핀 헤더 , CPU추가팬(OPT) 헤더 / 시스템팬 4핀 : 4개 / I/O 헤더 : TPM 헤더 , 프론트오디오AAFP 헤더 / [특징] DrMOS / 전원부 방열판 / M.2 히트싱크 / 일체형IO실드 / UEFI 닫기",https://img.danuri.io/catalog-image/067/071/032/ee9ea18b9e564346bc912aef8c2ac55f.jpg?shrink=130:130&_v=20260921143453,https://prod.danawa.com/info/?pcode=32071067&cate=112751
361,GIGABYTE,GIGABYTE X870 EAGLE WIFI7 피씨디렉트,"296,900","AMD(소켓AM5) / AMD X870 / DDR5 / VGA 연결 : PCIe5.0 x16 / ATX (30.5x24.4cm) / 전원부 : 14+2+2페이즈 / 페이즈당60A / Vcore출력합계 : 840A / [메모리] 8000MHz (PC5-64000) / 4개 / 메모리 용량 : 최대 256GB / XMP / EXPO / [확장슬롯] PCIe버전 : PCIe5.0 , PCIe3.0 / PCIex16 : 1개 / PCIex16(at x1) : 2개 / [저장장치] M.2 : 3개 / SATA3 : 4개 / M.2 연결 : PCIe5.0 , PCIe4.0 , NVMe , M.2간 레인공유 / [후면단자] HDMI / Type-C / USB4 40Gbps / USB3.x 10Gbps / USB3.x 5Gbps / USB 2.0 / RJ-45 / 오디오잭 / BIOS플래시백 / USB A타입 : 8개 / USB C타입 : 2개 / [랜/오디오] 유선랜 칩셋 : Realtek / 2.5Gbps / RJ-45 : 1개 / MediaTek MT7925(at v1.0) / 무선랜(Wi-Fi) / 블루투스 / 오디오 칩셋 : Realtek / 7.1채널(8ch) / [내부I/O] USB/팬 헤더 : USB3.0 헤더 , USB2.0 헤더 , USB3.2 Type C 헤더 , ARGB 5V 3핀 헤더 , CPU추가팬(OPT) 헤더 / 시스템팬 4핀 : 4개 / I/O 헤더 : TPM 헤더 , 프론트오디오AAFP 헤더 / [특징] DrMOS / 전원부 방열판 / M.2 히트싱크 / 일체형IO실드 / LED라이트 / UEFI 닫기",https://img.danuri.io/catalog-image/706/852/067/e6a9260dc4554485b0ddd0448476c2a1.jpg?shrink=130:130&_v=20260921110323,https://prod.danawa.com/info/?pcode=67852706&cate=112751
362,GIGABYTE,GIGABYTE B850 AORUS STEALTH 피씨디렉트,"375,900","AMD(소켓AM5) / AMD B850 / DDR5 / VGA 연결 : PCIe5.0 x16 / ATX (후면커넥터) / 스텔스 / 전원부 : 14+2+2페이즈 / 페이즈당80A / Vcore출력합계 : 1120A / [메모리] 8200MHz (PC5-65600) / 4개 / 메모리 용량 : 최대 256GB / EXPO / [확장슬롯] PCIe버전 : PCIe5.0 , PCIe4.0 / PCIex16 : 1개 / PCIex16(at x4) : 1개 / [저장장치] M.2 : 4개 / SATA3 : 2개 / M.2 연결 : PCIe5.0 , PCIe4.0 , NVMe , PCIe 레인공유 / [후면단자] HDMI / USB3.x 10Gbps / USB3.x 5Gbps / USB 2.0 / RJ-45 / S/PDIF / 오디오잭 / USB A타입 : 10개 / USB C타입 : 1개 / [랜/오디오] 유선랜 칩셋 : Realtek / 5Gbps / RJ-45 : 1개 / Realtek RTL8922AE / 무선랜(Wi-Fi) / 블루투스 / 오디오 칩셋 : Realtek ALC1220 / 7.1채널(8ch) / [내부I/O] USB/팬 헤더 : USB3.0 헤더 , USB2.0 헤더 , USB3.2 Type C 헤더 , RGB 12V 4핀 헤더 , ARGB 5V 3핀 헤더 , 펌프전용 헤더 / 시스템팬 4핀 : 6개 / I/O 헤더 : 프론트오디오AAFP 헤더 , 온도 센서 / [특징] SPS(DrMOS) / 전원부 방열판 / M.2 히트싱크 / 일체형IO실드 / UEFI 닫기",https://img.danuri.io/catalog-image/336/966/104/a14014cfb7da4bc5b2b4092af6fcee97.jpg?shrink=130:130&_v=20260921135028,https://prod.danawa.com/info/?pcode=104966336&cate=112751
363,GIGABYTE,GIGABYTE B850 EAGLE ICE 제이씨현,"224,890","AMD(소켓AM5) / AMD B850 / DDR5 / VGA 연결 : PCIe5.0 x16 / ATX (30.5x24.4cm) / 전원부 : 8+2+2페이즈 / 60A / Vcore출력합계 : 480 / 메모리 8200MHz (PC5-65600) / 4개 / 메모리 용량 : 최대 256GB / XMP3.0 / EXPO / 확장슬롯 PCIe버전 : PCIe5.0 , PCIe4.0 , PCIe3.0 / PCIex16 : 1개 / PCIex16(at x4) : 1개 / PCIex16(at x1) : 2개 / 저장장치 SATA3 : 4개 / M.2 : 3개 / M.2 연결 : PCIe5.0 , PCIe4.0 , NVMe , PCIe 레인공유 / 후면단자 HDMI / DP / USB3.x 10Gbps / USB3.x 5Gbps / USB 2.0 / RJ-45 / 오디오잭 / PS/2 / BIOS플래시백 / USB A타입 : 8개 / USB C타입 : 1개 / 랜/오디오 유선랜 칩셋 : Realtek / 2.5Gbps / RJ-45 : 1개 / 오디오 칩셋 : Realtek ALC897 / 7.1채널(8ch) / [내부I/O] USB/팬 헤더 : USB3.0 헤더 , USB2.0 헤더 , USB3.0 Type C 헤더 , RGB 12V 4핀 헤더 , ARGB 5V 3핀 헤더 , 펌프전용 헤더 / 시스템팬 4핀 : 3개 / I/O 헤더 : TPM 헤더 , 프론트오디오AAFP 헤더 / 특징 SPS(DrMOS) / 전원부 방열판 / M.2 히트싱크 / 일체형IO실드 / UEFI 닫기",https://img.danuri.io/catalog-image/582/746/099/8e403e91d2ea4abda176457331680242.jpg?shrink=130:130&_v=20260921080444,https://prod.danawa.com/info/?pcode=99746582&cate=112751
364,GIGABYTE,GIGABYTE X870E AORUS PRO X3D ICE 제이씨현,"603,320","AMD(소켓AM5) / AMD X870E / DDR5 / VGA 연결 : PCIe5.0 x16 / ATX (30.5x24.4cm) / 전원부 : 18+2+2페이즈 / 110A / Vcore출력합계 : 1980 / 메모리 9000MHz (PC5-72000) / 4개 / 메모리 용량 : 최대 256GB / XMP / EXPO / 확장슬롯 PCIe버전 : PCIe5.0 , PCIe4.0 , PCIe3.0 / PCIex16 : 1개 / PCIex16(at x4) : 1개 / PCIex16(at x2) : 1개 / 저장장치 SATA3 : 4개 / M.2 : 4개 / M.2 연결 : PCIe5.0 , PCIe4.0 , NVMe , USB4 레인공유 / 후면단자 HDMI / Type-C / USB4 40Gbps / USB3.x 10Gbps / USB3.x 5Gbps / RJ-45 / S/PDIF / 오디오잭 / BIOS플래시백 / 클리어CMOS / 파워 버튼 / 리셋 버튼 / USB A타입 : 8개 / USB C타입 : 4개 / 랜/오디오 유선랜 칩셋 : Realtek / 5Gbps / RJ-45 : 1개 / Qualcomm QCNCM865 / 무선랜(Wi-Fi) / 블루투스 / 오디오 칩셋 : Realtek ALC1220 / 7.1채널(8ch) / 내부I/O USB/팬 헤더 : USB3.0 헤더 , USB2.0 헤더 , USB3.2 Type C 헤더 , ARGB 5V 3핀 헤더 , CPU추가팬(OPT) 헤더 / 시스템팬 4핀 : 4+2개 / I/O 헤더 : TPM 헤더 , 디버그LED , 프론트오디오AAFP 헤더 , 온도 센서 / 특징 SPS(DrMOS) / 전원부 방열판 / M.2 히트싱크 / 일체형IO실드 / LED라이트 / UEFI 닫기",https://img.danuri.io/catalog-image/074/229/098/ae014ed060674f67a692d7df2fdd9978.jpg?shrink=130:130&_v=20260921080457,https://prod.danawa.com/info/?pcode=98229074&cate=112751
365,GIGABYTE,GIGABYTE B850M AORUS STEALTH ICE 제이씨현,"295,110","AMD(소켓AM5) / AMD B850 / DDR5 / VGA 연결 : PCIe5.0 x16 / M-ATX (후면커넥터) / 스텔스 / 전원부 : 8+2+2페이즈 / 60A / Vcore출력합계 : 480A / 메모리 8200MHz (PC5-65600) / 4개 / 메모리 용량 : 최대 256GB / XMP / EXPO / 확장슬롯 PCIe버전 : PCIe5.0 , PCIe4.0 / PCIex16 : 1개 / PCIex16(at x4) : 1개 / 저장장치 SATA3 : 2개 / M.2 : 3개 / M.2 연결 : PCIe5.0 , PCIe4.0 , NVMe , PCIe 레인공유 / 후면단자 HDMI / DP / USB3.x 10Gbps / USB3.x 5Gbps / USB 2.0 / RJ-45 / S/PDIF / 오디오잭 / USB A타입 : 8개 / USB C타입 : 1개 / 랜/오디오 유선랜 칩셋 : Realtek / 5Gbps / RJ-45 : 1개 / Realtek RTL8922AE / 무선랜(Wi-Fi) / 블루투스 / 오디오 칩셋 : Realtek ALC1220 / 7.1채널(8ch) / [내부I/O] USB/팬 헤더 : USB3.0 헤더 , USB2.0 헤더 , USB3.2 Type C 헤더 , RGB 12V 4핀 헤더 , ARGB 5V 3핀 헤더 , 펌프전용 헤더 / 시스템팬 4핀 : 1개 / I/O 헤더 : TPM 헤더 , 프론트오디오AAFP 헤더 , 온도 센서 / 특징 SPS(DrMOS) / 전원부 방열판 / M.2 히트싱크 / 일체형IO실드 / UEFI 닫기",https://img.danuri.io/catalog-image/070/711/122/e1887038e5044aa88ddbe7bf850ba9dd.jpeg?shrink=130:130&_v=20260921080454,https://prod.danawa.com/info/?pcode=122711070&cate=112751
366,GIGABYTE,GIGABYTE X870 AORUS STEALTH 제이씨현,"444,570","AMD(소켓AM5) / AMD X870 / DDR5 / VGA 연결 : PCIe5.0 x16 / ATX (후면커넥터) / 스텔스 / 전원부 : 16+2+2페이즈 / 80A / Vcore출력합계 : 1280 / 메모리 8200MHz (PC5-65600) / 4개 / 메모리 용량 : 최대 256GB / XMP / EXPO / 확장슬롯 PCIe버전 : PCIe5.0 , PCIe4.0 / PCIex16 : 1개 / PCIex16(at x4) : 1개 / 저장장치 SATA3 : 2개 / M.2 : 4개 / M.2 연결 : PCIe5.0 , PCIe4.0 , NVMe / 후면단자 HDMI / Type-C / USB4 40Gbps / USB3.x 10Gbps / USB3.x 5Gbps / USB 2.0 / RJ-45 / S/PDIF / 오디오잭 / BIOS플래시백 / USB A타입 : 10개 / USB C타입 : 2개 / 랜/오디오 유선랜 칩셋 : Realtek / 5Gbps / RJ-45 : 1개 / Qualcomm QCNCM865 / 무선랜(Wi-Fi) / 블루투스 / 오디오 칩셋 : Realtek ALC1220 / 7.1채널(8ch) / 내부I/O USB/팬 헤더 : USB3.0 헤더 , USB2.0 헤더 , USB3.2 Type C 헤더 , ARGB 5V 3핀 헤더 , CPU추가팬(OPT) 헤더 / 시스템팬 4핀 : 3개 / I/O 헤더 : TPM 헤더 , 프론트오디오AAFP 헤더 / 특징 SPS(DrMOS) / 전원부 방열판 / M.2 히트싱크 / 일체형IO실드 / UEFI 닫기",https://img.danuri.io/catalog-image/564/227/108/8205cec3755a467e8b486b246a18e350.jpg?shrink=130:130&_v=20260921080622,https://prod.danawa.com/info/?pcode=108227564&cate=112751
367,GIGABYTE,GIGABYTE B650M AORUS ELITE 제이씨현,"164,230","AMD(소켓AM5) / AMD B650 / DDR5 / VGA 연결 : PCIe4.0 x16 / M-ATX (24.4x24.4cm) / 전원부 : 12+2+2페이즈 / 페이즈당60A / Vcore출력합계 : 720A / [메모리] 6600MHz (PC5-52800) / 4개 / 메모리 용량 : 최대 128GB / XMP / EXPO / [확장슬롯] PCIe버전 : PCIe4.0 / PCIex16 : 1개 / PCIex16(at x4) : 1개 / [저장장치] M.2 : 2개 / SATA3 : 4개 / M.2 연결 : PCIe5.0 , PCIe4.0 , NVMe / [후면단자] HDMI / DP / USB3.x 10Gbps / USB3.x 5Gbps / USB 2.0 / RJ-45 / S/PDIF / 오디오잭 / USB A타입 : 11개 / USB C타입 : 1개 / [랜/오디오] 유선랜 칩셋 : Realtek / 2.5Gbps / RJ-45 : 1개 / 오디오 칩셋 : Realtek / 7.1채널(8ch) / [내부I/O] USB/팬 헤더 : USB4 헤더 , USB3.0 헤더 , USB2.0 헤더 , USB3.2 Type C 헤더 , RGB 12V 4핀 헤더 , ARGB 5V 3핀 헤더 / 시스템팬 4핀 : 4개 / I/O 헤더 : TPM 헤더 / [특징] SPS(DrMOS) / 전원부 방열판 / M.2 히트싱크 / LED라이트 / UEFI 닫기",https://img.danuri.io/catalog-image/338/970/017/c6aaa5fe6790440a8be78c36b3e54ff7.jpg?shrink=130:130&_v=20260921080609,https://prod.danawa.com/info/?pcode=17970338&cate=112751
368,GIGABYTE,GIGABYTE B650 AORUS ELITE AX ICE 제이씨현,"262,000","AMD(소켓AM5) / AMD B650 / DDR5 / VGA 연결 : PCIe4.0 x16 / ATX (30.5x24.4cm) / 전원부 : 12+2+2페이즈 / 페이즈당60A / Vcore출력합계 : 720A / [메모리] 8000MHz (PC5-64000) / 4개 / 메모리 용량 : 최대 192GB / XMP / EXPO / [확장슬롯] PCIe버전 : PCIe4.0 / PCIex16 : 1개 / PCIex16(at x1) : 2개 / [저장장치] M.2 : 3개 / SATA3 : 4개 / M.2 연결 : PCIe5.0 , PCIe4.0 , NVMe / [후면단자] HDMI / DP / USB3.x 10Gbps / USB3.x 5Gbps / USB 2.0 / RJ-45 / 오디오잭 / BIOS플래시백 / USB A타입 : 11개 / USB C타입 : 1개 / [랜/오디오] 유선랜 칩셋 : Realtek / 2.5Gbps / RJ-45 : 1개 / Realtek RTL8852CE / 무선랜(Wi-Fi) / 블루투스 / 오디오 칩셋 : Realtek / 7.1채널(8ch) / [내부I/O] USB/팬 헤더 : 썬더볼트 헤더 , USB3.2 Type C 헤더 , RGB 12V 4핀 헤더 , ARGB 5V 3핀 헤더 , CPU추가팬(OPT) 헤더 , 펌프전용 헤더 / 시스템팬 4핀 : 3개 / I/O 헤더 : TPM 헤더 , 프론트오디오AAFP 헤더 , COM포트 헤더 / [특징] DrMOS / 전원부 방열판 / M.2 히트싱크 / 일체형IO실드 / LED라이트 / UEFI 닫기",https://img.danuri.io/catalog-image/400/070/030/47ccdf7da565483989b228c262481b55.jpg?shrink=130:130&_v=20260921080444,https://prod.danawa.com/info/?pcode=30070400&cate=112751
369,GIGABYTE,GIGABYTE B650M AORUS ELITE AX ICE 제이씨현,"291,400","AMD(소켓AM5) / AMD B650 / DDR5 / VGA 연결 : PCIe4.0 x16 / M-ATX (24.4x24.4cm) / 전원부 : 12+2+2페이즈 / 페이즈당60A / Vcore출력합계 : 720A / [메모리] 8000MHz (PC5-64000) / 4개 / 메모리 용량 : 최대 192GB / XMP3.0 / EXPO / [확장슬롯] PCIe버전 : PCIe4.0 / PCIex16 : 1개 / PCIex16(at x4) : 1개 / [저장장치] M.2 : 2개 / SATA3 : 4개 / M.2 연결 : PCIe5.0 , PCIe4.0 , NVMe / [후면단자] HDMI / DP / USB3.x 10Gbps / USB3.x 5Gbps / USB 2.0 / RJ-45 / S/PDIF / 오디오잭 / BIOS플래시백 / USB A타입 : 11개 / USB C타입 : 1개 / [랜/오디오] 유선랜 칩셋 : Realtek / 2.5Gbps / RJ-45 : 1개 / Realtek RTL8852CE / 무선랜(Wi-Fi) / 블루투스 / 오디오 칩셋 : Realtek / 7.1채널(8ch) / [내부I/O] USB/팬 헤더 : 썬더볼트 헤더 , USB3.2 Type C 헤더 , CPU추가팬(OPT) 헤더 , 펌프전용 헤더 / 시스템팬 4핀 : 3개 / I/O 헤더 : TPM 헤더 , 프론트오디오AAFP 헤더 , COM포트 헤더 / [특징] DrMOS / 전원부 방열판 / M.2 히트싱크 / 일체형IO실드 / LED라이트 / UEFI 닫기",https://img.danuri.io/catalog-image/127/863/029/8c33a8e3f52342d0a07b877a2f6d3b5b.jpg?shrink=130:130&_v=20260921080458,https://prod.danawa.com/info/?pcode=29863127&cate=112751
370,GIGABYTE,GIGABYTE B850 AORUS ELITE WIFI7 ICE 제이씨현,"289,040","AMD(소켓AM5) / AMD B850 / DDR5 / VGA 연결 : PCIe5.0 x16 / ATX (30.5x24.4cm) / 전원부 : 14+2+2페이즈 / 60A / Vcore출력합계 : 840 / 메모리 8200MHz (PC5-65600) / 4개 / 메모리 용량 : 최대 256GB / XMP3.0 / EXPO / 확장슬롯 PCIe버전 : PCIe5.0 , PCIe3.0 / PCIex16 : 1개 / PCIex16(at x1) : 2개 / 저장장치 SATA3 : 4개 / M.2 : 3개 / M.2 연결 : PCIe5.0 , PCIe4.0 , NVMe / 후면단자 DP / USB3.x 10Gbps / USB3.x 5Gbps / USB 2.0 / RJ-45 / S/PDIF / 오디오잭 / BIOS플래시백 / USB A타입 : 11개 / USB C타입 : 1개 / 랜/오디오 유선랜 칩셋 : Realtek / 2.5Gbps / RJ-45 : 1개 / Realtek RTL8922AW / 무선랜(Wi-Fi) / 블루투스 / 오디오 칩셋 : Realtek / 7.1채널(8ch) / [내부I/O] USB/팬 헤더 : USB3.0 헤더 , USB2.0 헤더 , USB3.2 Type C 헤더 , RGB 12V 4핀 헤더 , ARGB 5V 3핀 헤더 / 특징 DrMOS / 전원부 방열판 / M.2 히트싱크 / 일체형IO실드 / LED라이트 / UEFI 닫기",https://img.danuri.io/catalog-image/279/892/073/6f3c170ddb4a4819a730168d82d8fbcc.jpg?shrink=130:130&_v=20260921110339,https://prod.danawa.com/info/?pcode=73892279&cate=112751
371,GIGABYTE,GIGABYTE B850 AORUS STEALTH ICE 제이씨현,"379,000","AMD(소켓AM5) / AMD B850 / DDR5 / VGA 연결 : PCIe5.0 x16 / ATX (후면커넥터) / 스텔스 / 전원부 : 14+2+2페이즈 / 페이즈당80A / Vcore출력합계 : 1120A / [메모리] 8200MHz (PC5-65600) / 4개 / 메모리 용량 : 최대 256GB / EXPO / [확장슬롯] PCIe버전 : PCIe5.0 , PCIe4.0 / PCIex16 : 1개 / PCIex16(at x4) : 1개 / [저장장치] M.2 : 4개 / SATA3 : 2개 / M.2 연결 : PCIe5.0 , PCIe4.0 , NVMe , PCIe 레인공유 / [후면단자] HDMI / USB3.x 10Gbps / USB3.x 5Gbps / USB 2.0 / RJ-45 / S/PDIF / 오디오잭 / USB A타입 : 10개 / USB C타입 : 1개 / [랜/오디오] 유선랜 칩셋 : Realtek / 5Gbps / RJ-45 : 1개 / Realtek RTL8922AE / 무선랜(Wi-Fi) / 블루투스 / 오디오 칩셋 : Realtek ALC1220 / 7.1채널(8ch) / [내부I/O] USB/팬 헤더 : USB3.0 헤더 , USB2.0 헤더 , USB3.2 Type C 헤더 , RGB 12V 4핀 헤더 , ARGB 5V 3핀 헤더 , 펌프전용 헤더 / 시스템팬 4핀 : 6개 / I/O 헤더 : 프론트오디오AAFP 헤더 , 온도 센서 / [특징] SPS(DrMOS) / 전원부 방열판 / M.2 히트싱크 / 일체형IO실드 / UEFI 닫기",https://img.danuri.io/catalog-image/939/500/093/ceeaab002f9a46d18860d9bbbe3364c9.jpg?shrink=130:130&_v=20260921080404,https://prod.danawa.com/info/?pcode=93500939&cate=112751
372,GIGABYTE,GIGABYTE X870 AORUS STEALTH ICE 제이씨현,"444,790","AMD(소켓AM5) / AMD X870 / DDR5 / VGA 연결 : PCIe5.0 x16 / ATX (후면커넥터) / 스텔스 / 전원부 : 16+2+2페이즈 / 80A / Vcore출력합계 : 1280 / 메모리 8200MHz (PC5-65600) / 4개 / 메모리 용량 : 최대 256GB / XMP / EXPO / 확장슬롯 PCIe버전 : PCIe5.0 , PCIe4.0 , PCIe3.0 / PCIex16 : 1개 / PCIex16(at x4) : 1개 / 저장장치 SATA3 : 2개 / M.2 : 4개 / M.2 연결 : PCIe5.0 , PCIe4.0 , NVMe / 후면단자 HDMI / Type-C / USB4 40Gbps / USB3.x 10Gbps / USB3.x 5Gbps / USB 2.0 / RJ-45 / S/PDIF / 오디오잭 / BIOS플래시백 / USB A타입 : 10개 / USB C타입 : 2개 / 랜/오디오 유선랜 칩셋 : Realtek / 5Gbps / RJ-45 : 1개 / Qualcomm QCNCM865 / 무선랜(Wi-Fi) / 블루투스 / 오디오 칩셋 : Realtek ALC1220 / 7.1채널(8ch) / 내부I/O USB/팬 헤더 : USB3.0 헤더 , USB2.0 헤더 , USB3.2 Type C 헤더 , ARGB 5V 3핀 헤더 , CPU추가팬(OPT) 헤더 / 시스템팬 4핀 : 3개 / I/O 헤더 : TPM 헤더 , 프론트오디오AAFP 헤더 / 특징 SPS(DrMOS) / 전원부 방열판 / M.2 히트싱크 / 일체형IO실드 / UEFI 닫기",https://img.danuri.io/catalog-image/223/073/093/8cbb48ea975348d3a790a33d816efd62.jpg?shrink=130:130&_v=20260921095625,https://prod.danawa.com/info/?pcode=93073223&cate=112751
373,GIGABYTE,GIGABYTE X870 AORUS ELITE WIFI7 제이씨현,"334,510","AMD(소켓AM5) / AMD X870 / DDR5 / VGA 연결 : PCIe5.0 x16 / ATX (30.5x24.4cm) / 전원부 : 16+2+2페이즈 / 60A / Vcore출력합계 : 960 / 메모리 8000MHz (PC5-64000) / 4개 / 메모리 용량 : 최대 256GB / XMP3.0 / EXPO / 확장슬롯 PCIe버전 : PCIe5.0 , PCIe4.0 , PCIe3.0 / PCIex16 : 1개 / PCIex16(at x4) : 1개 / PCIex16(at x2) : 1개 / 저장장치 SATA3 : 4개 / M.2 : 4개 / M.2 연결 : PCIe5.0 , PCIe4.0 , NVMe , PCIe 레인공유 / 후면단자 HDMI / Type-C / USB4 40Gbps / USB3.x 10Gbps / USB3.x 5Gbps / USB 2.0 / RJ-45 / S/PDIF / 오디오잭 / BIOS플래시백 / USB A타입 : 10개 / USB C타입 : 2개 / 랜/오디오 유선랜 칩셋 : Realtek / 2.5Gbps / RJ-45 : 1개 / MediaTek MT7925(at v1.0) / 무선랜(Wi-Fi) / 블루투스 / 오디오 칩셋 : Realtek ALC1220 / 7.1채널(8ch) / 내부I/O USB/팬 헤더 : USB3.0 헤더 , USB2.0 헤더 , USB3.2 Type C 헤더 , ARGB 5V 3핀 헤더 , CPU추가팬(OPT) 헤더 / 시스템팬 4핀 : 4+2개 / I/O 헤더 : TPM 헤더 , 디버그LED , 프론트오디오AAFP 헤더 , 온도 센서 / 특징 DrMOS / 전원부 방열판 / M.2 히트싱크 / 일체형IO실드 / LED라이트 / UEFI 닫기",https://img.danuri.io/catalog-image/815/845/067/19713604f450412b8829a88db7d4e64b.jpg?shrink=130:130&_v=20260921115904,https://prod.danawa.com/info/?pcode=67845815&cate=112751
374,GIGABYTE,GIGABYTE B850M AORUS ELITE WIFI7 ICE-P 제이씨현,"295,000","AMD(소켓AM5) / AMD B850 / DDR5 / VGA 연결 : PCIe5.0 x16 / M-ATX (24.4x24.4cm) / 전원부 : 12+2+2페이즈 / 페이즈당60A / Vcore출력합계 : 720A / [메모리] 8200MHz (PC5-65600) / 4개 / 메모리 용량 : 최대 256GB / XMP / EXPO / [확장슬롯] PCIe버전 : PCIe5.0 , PCIe3.0 / PCIex16 : 1개 / PCIex16(at x4) : 1개 / [저장장치] M.2 : 2개 / SATA3 : 4개 / M.2 연결 : PCIe5.0 , PCIe4.0 , NVMe / [후면단자] DP / USB3.x 10Gbps / USB3.x 5Gbps / USB 2.0 / RJ-45 / S/PDIF / 오디오잭 / BIOS플래시백 / USB A타입 : 11개 / USB C타입 : 1개 / [랜/오디오] 유선랜 칩셋 : Realtek / 2.5Gbps / RJ-45 : 1개 / Realtek RTL8922AE / 무선랜(Wi-Fi) / 블루투스 / 오디오 칩셋 : Realtek ALC1220 / 7.1채널(8ch) / [내부I/O] USB/팬 헤더 : USB3.0 헤더 , USB2.0 헤더 , USB3.2 Type C 헤더 , RGB 12V 4핀 헤더 , ARGB 5V 3핀 헤더 , CPU추가팬(OPT) 헤더 , 펌프전용 헤더 / 시스템팬 4핀 : 3개 / I/O 헤더 : TPM 헤더 , 프론트오디오AAFP 헤더 / [특징] DrMOS / 전원부 방열판 / M.2 히트싱크 / 일체형IO실드 / LED라이트 / UEFI 닫기",https://img.danuri.io/catalog-image/822/746/099/55684f7fcf364962aa4bc9fa85e63a65.jpg?shrink=130:130&_v=20260921080457,https://prod.danawa.com/info/?pcode=99746822&cate=112751
375,GIGABYTE,GIGABYTE X870E AORUS PRO ICE 피씨디렉트,"621,550","AMD(소켓AM5) / AMD X870E / DDR5 / VGA 연결 : PCIe5.0 x16 / ATX (30.5x24.4cm) / 전원부 : 16+2+2페이즈 / 페이즈당80A / Vcore출력합계 : 1280A / [메모리] 8000MHz (PC5-64000) / 4개 / 메모리 용량 : 최대 256GB / XMP / EXPO / [확장슬롯] PCIe버전 : PCIe5.0 , PCIe4.0 , PCIe3.0 / PCIex16 : 1개 / PCIex16(at x4) : 2개 / [저장장치] M.2 : 4개 / SATA3 : 4개 / M.2 연결 : PCIe5.0 , PCIe4.0 , NVMe , PCIe 레인공유 / [후면단자] HDMI / Type-C / USB4 40Gbps / USB3.x 10Gbps / USB3.x 5Gbps / USB 2.0 / RJ-45 / S/PDIF / 오디오잭 / BIOS플래시백 / USB A타입 : 9개 / USB C타입 : 2개 / [랜/오디오] 유선랜 칩셋 : Realtek / 2.5Gbps / RJ-45 : 1개 / Qualcomm QCNCM865 / 무선랜(Wi-Fi) / 블루투스 / 오디오 칩셋 : Realtek ALC1220 / 7.1채널(8ch) / [내부I/O] USB/팬 헤더 : USB3.0 헤더 , USB2.0 헤더 , USB3.2 Type C 헤더 , ARGB 5V 3핀 헤더 , CPU추가팬(OPT) 헤더 / 시스템팬 4핀 : 4+2개 / I/O 헤더 : TPM 헤더 , 디버그LED , 프론트오디오AAFP 헤더 , 온도 센서 / [특징] SPS(DrMOS) / 전원부 방열판 / M.2 히트싱크 / 일체형IO실드 / LED라이트 / UEFI 닫기",https://img.danuri.io/catalog-image/609/847/067/3cb4ada7624748c88620404e67943c1e.jpg?shrink=130:130&_v=20260921132558,https://prod.danawa.com/info/?pcode=67847609&cate=112751
376,GIGABYTE,GIGABYTE X870I AORUS PRO ICE 제이씨현,"477,000","AMD(소켓AM5) / AMD X870 / DDR5 / VGA 연결 : PCIe5.0 x16 / M-iTX (17.0x17.0cm) / 전원부 : 8+2+1페이즈 / 페이즈당110A / Vcore출력합계 : 880A / [메모리] 8400MHz (PC5-67200) / 2개 / 메모리 용량 : 최대 128GB / XMP / EXPO / [확장슬롯] PCIe버전 : PCIe5.0 / PCIex16 : 1개 / [저장장치] M.2 : 2개 / SATA3 : 2개 / M.2 연결 : PCIe5.0 , PCIe4.0 , NVMe / [후면단자] HDMI / Type-C / USB4 40Gbps / USB3.x 5Gbps / USB 2.0 / RJ-45 / 오디오잭 / USB A타입 : 6개 / USB C타입 : 2개 / [랜/오디오] 유선랜 칩셋 : Realtek / 2.5Gbps / RJ-45 : 1개 / Realtek RTL8922AE / 무선랜(Wi-Fi) / 블루투스 / 오디오 칩셋 : Realtek ALC4080 / 2채널 / [내부I/O] USB/팬 헤더 : USB3.0 헤더 , USB2.0 헤더 , USB3.1 Type C 헤더 , RGB 12V 4핀 헤더 , ARGB 5V 3핀 헤더 , CPU추가팬(OPT) 헤더 / 시스템팬 4핀 : 1개 / I/O 헤더 : 프론트오디오AAFP 헤더 , 침입감지 헤더 / [특징] SPS(DrMOS) / 전원부 방열판 / M.2 히트싱크 / 일체형IO실드 / UEFI 닫기",https://img.danuri.io/catalog-image/439/402/079/a3722bf03ef246ac993dbfd7fae0f65f.jpg?shrink=130:130&_v=20260921135038,https://prod.danawa.com/info/?pcode=79402439&cate=112751
377,GIGABYTE,GIGABYTE B650E AORUS ELITE X AX ICE 제이씨현,"251,690","AMD(소켓AM5) / AMD B650E / DDR5 / VGA 연결 : PCIe5.0 x16 / ATX (30.5x24.4cm) / 전원부 : 12+2+2페이즈 / 페이즈당60A / Vcore출력합계 : 720A / [메모리] 8000MHz (PC5-64000) / 4개 / 메모리 용량 : 최대 192GB / XMP / EXPO / [확장슬롯] PCIe버전 : PCIe5.0 , PCIe3.0 / PCIex16 : 1개 / PCIex16(at x1) : 2개 / [저장장치] M.2 : 3개 / SATA3 : 4개 / M.2 연결 : PCIe5.0 , PCIe4.0 , NVMe / [후면단자] HDMI / USB3.x 10Gbps / USB3.x 5Gbps / USB 2.0 / RJ-45 / 오디오잭 / BIOS플래시백 / USB A타입 : 11개 / USB C타입 : 1개 / [랜/오디오] 유선랜 칩셋 : Realtek / 2.5Gbps / RJ-45 : 1개 / Realtek RTL8852CE / 무선랜(Wi-Fi) / 블루투스 / 오디오 칩셋 : Realtek / 7.1채널(8ch) / [내부I/O] USB/팬 헤더 : 썬더볼트 헤더 , USB3.0 헤더 , USB2.0 헤더 , USB3.2 Type C 헤더 , RGB 12V 4핀 헤더 , ARGB 5V 3핀 헤더 , CPU추가팬(OPT) 헤더 , 펌프전용 헤더 / 시스템팬 4핀 : 3개 / I/O 헤더 : TPM 헤더 , 프론트오디오AAFP 헤더 / [특징] DrMOS / 전원부 방열판 / M.2 히트싱크 / 일체형IO실드 / LED라이트 / UEFI 닫기",https://img.danuri.io/catalog-image/730/741/034/31ab5ea9ad8442d2b2733b53f78c7420.jpg?shrink=130:130&_v=20260921080443,https://prod.danawa.com/info/?pcode=34741730&cate=112751
378,GIGABYTE,GIGABYTE X870 EAGLE WIFI7 제이씨현,"308,990","AMD(소켓AM5) / AMD X870 / DDR5 / VGA 연결 : PCIe5.0 x16 / ATX (30.5x24.4cm) / 전원부 : 14+2+2페이즈 / 60A / Vcore출력합계 : 840 / 메모리 8000MHz (PC5-64000) / 4개 / 메모리 용량 : 최대 256GB / XMP3.0 / EXPO / 확장슬롯 PCIe버전 : PCIe5.0 , PCIe3.0 / PCIex16 : 1개 / PCIex16(at x1) : 2개 / 저장장치 SATA3 : 4개 / M.2 : 3개 / M.2 연결 : PCIe5.0 , PCIe4.0 , NVMe , M.2간 레인공유 / 후면단자 HDMI / Type-C / USB4 40Gbps / USB3.x 10Gbps / USB3.x 5Gbps / USB 2.0 / RJ-45 / 오디오잭 / BIOS플래시백 / USB A타입 : 8개 / USB C타입 : 2개 / 랜/오디오 유선랜 칩셋 : Realtek / 2.5Gbps / RJ-45 : 1개 / MediaTek MT7925(at v1.0) / 무선랜(Wi-Fi) / 블루투스 / 오디오 칩셋 : Realtek / 7.1채널(8ch) / 내부I/O USB/팬 헤더 : USB3.0 헤더 , USB2.0 헤더 , USB3.2 Type C 헤더 , ARGB 5V 3핀 헤더 , CPU추가팬(OPT) 헤더 / 시스템팬 4핀 : 4개 / I/O 헤더 : TPM 헤더 , 프론트오디오AAFP 헤더 / 특징 DrMOS / 전원부 방열판 / M.2 히트싱크 / 일체형IO실드 / LED라이트 / UEFI 닫기",https://img.danuri.io/catalog-image/052/846/067/dc726f636602458484b92a927933ea12.jpg?shrink=130:130&_v=20260921080444,https://prod.danawa.com/info/?pcode=67846052&cate=112751
379,GIGABYTE,GIGABYTE X870E AORUS PRO 피씨디렉트,"425,120","AMD(소켓AM5) / AMD X870E / DDR5 / VGA 연결 : PCIe5.0 x16 / ATX (30.5x24.4cm) / 전원부 : 16+2+2페이즈 / 페이즈당80A / Vcore출력합계 : 1280A / [메모리] 8200MHz (PC5-65600) / 4개 / 메모리 용량 : 최대 256GB / XMP / EXPO / [확장슬롯] PCIe버전 : PCIe5.0 , PCIe4.0 , PCIe3.0 / PCIex16 : 1개 / PCIex16(at x4) : 2개 / [저장장치] M.2 : 4개 / SATA3 : 4개 / M.2 연결 : PCIe5.0 , PCIe4.0 , NVMe , PCIe 레인공유 / [후면단자] HDMI / Type-C / USB4 40Gbps / USB3.x 10Gbps / USB3.x 5Gbps / USB 2.0 / RJ-45 / S/PDIF / 오디오잭 / BIOS플래시백 / USB A타입 : 9개 / USB C타입 : 2개 / [랜/오디오] 유선랜 칩셋 : Realtek / 2.5Gbps / RJ-45 : 1개 / Qualcomm QCNCM865 / 무선랜(Wi-Fi) / 블루투스 / 오디오 칩셋 : Realtek ALC1220 / 7.1채널(8ch) / [내부I/O] USB/팬 헤더 : USB3.0 헤더 , USB2.0 헤더 , USB3.2 Type C 헤더 , ARGB 5V 3핀 헤더 , CPU추가팬(OPT) 헤더 / 시스템팬 4핀 : 4+2개 / I/O 헤더 : TPM 헤더 , 디버그LED , 프론트오디오AAFP 헤더 , 온도 센서 / [특징] SPS(DrMOS) / 전원부 방열판 / M.2 히트싱크 / 일체형IO실드 / LED라이트 / UEFI 닫기",https://img.danuri.io/catalog-image/548/560/073/10ad3c893894442d975b628a4b0c1e30.jpg?shrink=130:130&_v=20260921140458,https://prod.danawa.com/info/?pcode=73560548&cate=112751
380,GIGABYTE,GIGABYTE B650 AORUS ELITE AX 피씨디렉트,"216,140","AMD(소켓AM5) / AMD B650 / DDR5 / VGA 연결 : PCIe4.0 x16 / ATX (30.5x24.4cm) / 전원부 : 14+2+1페이즈 / 페이즈당70A / Vcore출력합계 : 980A / [메모리] 8000MHz (PC5-64000) / 4개 / 메모리 용량 : 최대 192GB / XMP / EXPO / [확장슬롯] PCIe버전 : PCIe4.0 , PCIe3.0 / PCIex16 : 1개 / PCIex16(at x1) : 2개 / [저장장치] M.2 : 3개 / SATA3 : 4개 / M.2 연결 : PCIe5.0 , PCIe4.0 , NVMe / [후면단자] HDMI / DP / USB3.x 10Gbps / USB3.x 5Gbps / USB 2.0 / RJ-45 / 오디오잭 / USB A타입 : 11개 / USB C타입 : 1개 / [랜/오디오] 유선랜 칩셋 : Realtek / 2.5Gbps / RJ-45 : 1개 / AMD RZ616, Intel AX210 / 무선랜(Wi-Fi) / 블루투스 / 오디오 칩셋 : Realtek / 7.1채널(8ch) / [내부I/O] USB/팬 헤더 : USB3.0 헤더 , USB2.0 헤더 , USB3.2 Type C 헤더 , RGB 12V 4핀 헤더 , ARGB 5V 3핀 헤더 / 시스템팬 4핀 : 4개 / I/O 헤더 : TPM 헤더 / [특징] 전원부 방열판 / M.2 히트싱크 / UEFI / 23년 9월부로 지원 메모리 용량&속도 확장 닫기",https://img.danuri.io/catalog-image/146/970/017/67a0c38f4643401ab715d6900bf1e8f8.jpg?shrink=130:130&_v=20260921080405,https://prod.danawa.com/info/?pcode=17970146&cate=112751
381,GIGABYTE,GIGABYTE A620M GAMING X 피씨디렉트,"166,350","AMD(소켓AM5) / AMD A620 / DDR5 / VGA 연결 : PCIe4.0 x16 / M-ATX (24.4x24.4cm) / 전원부 : 8+2+1페이즈 / [메모리] 6400MHz (PC5-51200) / 4개 / 메모리 용량 : 최대 128GB / XMP / EXPO / [확장슬롯] PCIe버전 : PCIe4.0 , PCIe3.0 / PCIex16 : 1개 / PCIex1 : 1개 / [저장장치] M.2 : 1개 / SATA3 : 4개 / M.2 연결 : PCIe4.0 , NVMe / [후면단자] HDMI / DP / USB3.x 10Gbps / USB3.x 5Gbps / USB 2.0 / RJ-45 / 오디오잭 / PS/2 / USB A타입 : 5개 / USB C타입 : 1개 / [랜/오디오] 유선랜 칩셋 : Realtek / 1Gbps / RJ-45 : 1개 / 오디오 칩셋 : Realtek / 7.1채널(8ch) / USB/팬 헤더 : USB3.0 헤더 , USB2.0 헤더 , USB3.0 Type C 헤더 , RGB 12V 4핀 헤더 , ARGB 5V 3핀 헤더 / 시스템팬 4핀 : 2개 / I/O 헤더 : TPM 헤더 / [특징] 전원부 방열판 / M.2 히트싱크 / UEFI 닫기",https://img.danuri.io/catalog-image/299/725/019/cee7aa11415840c7b606a41665444be8.jpg?shrink=130:130&_v=20260921110324,https://prod.danawa.com/info/?pcode=19725299&cate=112751
382,GIGABYTE,GIGABYTE X870E AORUS PRO ICE 제이씨현,"648,080","AMD(소켓AM5) / AMD X870E / DDR5 / VGA 연결 : PCIe5.0 x16 / ATX (30.5x24.4cm) / 전원부 : 16+2+2페이즈 / 페이즈당80A / Vcore출력합계 : 1280A / [메모리] 8000MHz (PC5-64000) / 4개 / 메모리 용량 : 최대 256GB / XMP3.0 / EXPO / [확장슬롯] PCIe버전 : PCIe5.0 , PCIe4.0 , PCIe3.0 / PCIex16 : 1개 / PCIex16(at x4) : 2개 / [저장장치] M.2 : 4개 / SATA3 : 4개 / M.2 연결 : PCIe5.0 , PCIe4.0 , NVMe , PCIe 레인공유 / [후면단자] HDMI / Type-C / USB4 40Gbps / USB3.x 10Gbps / USB3.x 5Gbps / USB 2.0 / RJ-45 / S/PDIF / 오디오잭 / BIOS플래시백 / USB A타입 : 9개 / USB C타입 : 2개 / [랜/오디오] 유선랜 칩셋 : Realtek / 2.5Gbps / RJ-45 : 1개 / Qualcomm QCNCM865 / 무선랜(Wi-Fi) / 블루투스 / 오디오 칩셋 : Realtek ALC1220 / 7.1채널(8ch) / [내부I/O] USB/팬 헤더 : USB3.0 헤더 , USB2.0 헤더 , USB3.2 Type C 헤더 , ARGB 5V 3핀 헤더 , CPU추가팬(OPT) 헤더 / 시스템팬 4핀 : 4+2개 / I/O 헤더 : TPM 헤더 , 디버그LED , 프론트오디오AAFP 헤더 , 온도 센서 / [특징] SPS(DrMOS) / 전원부 방열판 / M.2 히트싱크 / 일체형IO실드 / LED라이트 / UEFI 닫기",https://img.danuri.io/catalog-image/785/845/067/fd572cce4bc947409a6e618f57935a66.jpg?shrink=130:130&_v=20260921124659,https://prod.danawa.com/info/?pcode=67845785&cate=112751
383,GIGABYTE,GIGABYTE B650 AORUS ELITE 피씨디렉트,"212,500","AMD(소켓AM5) / AMD B650 / DDR5 / VGA 연결 : PCIe4.0 x16 / ATX (30.5x24.4cm) / 전원부 : 14+2+1페이즈 / 페이즈당70A / Vcore출력합계 : 980A / [메모리] 8000MHz (PC5-64000) / 4개 / 메모리 용량 : 최대 192GB / XMP / EXPO / [확장슬롯] PCIe버전 : PCIe4.0 , PCIe3.0 / PCIex16 : 1개 / PCIex16(at x1) : 2개 / [저장장치] M.2 : 3개 / SATA3 : 4개 / M.2 연결 : PCIe5.0 , PCIe4.0 , NVMe / [후면단자] HDMI / DP / USB3.x 10Gbps / USB3.x 5Gbps / USB 2.0 / RJ-45 / 오디오잭 / USB A타입 : 11개 / USB C타입 : 1개 / [랜/오디오] 유선랜 칩셋 : Realtek / 2.5Gbps / RJ-45 : 1개 / 오디오 칩셋 : Realtek / 7.1채널(8ch) / [내부I/O] USB/팬 헤더 : USB3.0 헤더 , USB2.0 헤더 , USB3.2 Type C 헤더 , RGB 12V 4핀 헤더 , ARGB 5V 3핀 헤더 / 시스템팬 4핀 : 4개 / I/O 헤더 : TPM 헤더 / [특징] SPS(DrMOS) / 전원부 방열판 / M.2 히트싱크 / LED라이트 / UEFI / 23년 9월부로 지원 메모리 용량&속도 확장 닫기",https://img.danuri.io/catalog-image/497/189/018/1b6b46659fb54096808df7e82e2738c5.jpg?shrink=130:130&_v=20260921080444,https://prod.danawa.com/info/?pcode=18189497&cate=112751
384,GIGABYTE,GIGABYTE X670 AORUS ELITE AX 제이씨현,"279,000","AMD(소켓AM5) / AMD X670 / DDR5 / VGA 연결 : PCIe4.0 x16 / ATX (30.5x24.4cm) / 전원부 : 16+2+2페이즈 / 페이즈당70A / Vcore출력합계 : 1120A / [메모리] 8000MHz (PC5-64000) / 4개 / 메모리 용량 : 최대 192GB / XMP / EXPO / [확장슬롯] PCIe버전 : PCIe4.0 , PCIe3.0 / PCIex16 : 1개 / PCIex16(at x4) : 1개 / PCIex16(at x2) : 1개 / CrossFire / [저장장치] M.2 : 4개 / SATA3 : 4개 / M.2 연결 : PCIe5.0 , PCIe4.0 , NVMe / [후면단자] HDMI / USB3.x 20Gbps / USB3.x 10Gbps / USB3.x 5Gbps / USB 2.0 / RJ-45 / 오디오잭 / USB A타입 : 12개 / USB C타입 : 1개 / [랜/오디오] 유선랜 칩셋 : Realtek / 2.5Gbps / RJ-45 : 1개 / AMD RZ616 / 무선랜(Wi-Fi) / 블루투스 / 오디오 칩셋 : Realtek / 7.1채널(8ch) / [내부I/O] USB/팬 헤더 : USB4 헤더 , USB3.0 헤더 , USB2.0 헤더 , USB3.2 Type C 헤더 , RGB 12V 4핀 헤더 , ARGB 5V 3핀 헤더 / 시스템팬 4핀 : 3개 / I/O 헤더 : TPM 헤더 / [특징] SPS(DrMOS) / M.2 히트싱크 / UEFI / 23년 12월 부로 메모리 속도 8000MHz 및 용량 192GB로 확장 닫기",https://img.danuri.io/catalog-image/426/915/017/47ed088e5d224643b49b08adac2bc2da.jpg?shrink=130:130&_v=20260921080441,https://prod.danawa.com/info/?pcode=17915426&cate=112751
385,GIGABYTE,GIGABYTE B650M S2H 제이씨현,"174,720","AMD(소켓AM5) / AMD B650 / DDR5 / VGA 연결 : PCIe4.0 x16 / M-ATX (23x22.5cm) / 전원부 : 5+2+2페이즈 / [메모리] 6400MHz (PC5-51200) / 2개 / 메모리 용량 : 최대 96GB / XMP3.0 / EXPO / [확장슬롯] PCIe버전 : PCIe4.0 , PCIe3.0 / PCIex16 : 1개 / PCIex1 : 1개 / [저장장치] M.2 : 1개 / SATA3 : 4개 / M.2 연결 : PCIe4.0 , NVMe / [후면단자] HDMI / DP / D-SUB / USB3.x 5Gbps / USB 2.0 / RJ-45 / 오디오잭 / PS/2 / USB A타입 : 6개 / [랜/오디오] 유선랜 칩셋 : Realtek / 1Gbps / RJ-45 : 1개 / 오디오 칩셋 : Realtek / 7.1채널(8ch) / [내부I/O] USB/팬 헤더 : USB3.0 헤더 , USB2.0 헤더 , RGB 12V 4핀 헤더 , ARGB 5V 3핀 헤더 / 시스템팬 4핀 : 1개 / I/O 헤더 : 프론트오디오AAFP 헤더 / [특징] UEFI 닫기",https://img.danuri.io/catalog-image/021/731/021/8090c8746dd74244bfad212e1ce6e2bd.jpg?shrink=130:130&_v=20260921080456,https://prod.danawa.com/info/?pcode=21731021&cate=112751
386,GIGABYTE,GIGABYTE B650M AORUS ELITE AX 피씨디렉트,"198,990","AMD(소켓AM5) / AMD B650 / DDR5 / VGA 연결 : PCIe4.0 x16 / M-ATX (24.4x24.4cm) / 전원부 : 12+2+1페이즈 / 페이즈당60A / Vcore출력합계 : 720A / [메모리] 6666MHz (PC5-53300) / 4개 / 메모리 용량 : 최대 128GB / XMP / EXPO / [확장슬롯] PCIe버전 : PCIe4.0 / PCIex16 : 1개 / PCIex16(at x4) : 1개 / [저장장치] M.2 : 2개 / SATA3 : 4개 / M.2 연결 : PCIe5.0 , PCIe4.0 , NVMe / [후면단자] HDMI / DP / USB3.x 10Gbps / USB3.x 5Gbps / USB 2.0 / RJ-45 / S/PDIF / 오디오잭 / USB A타입 : 11개 / USB C타입 : 1개 / [랜/오디오] 유선랜 칩셋 : Realtek / 2.5Gbps / RJ-45 : 1개 / AMD RZ616, Intel AX210 / 무선랜(Wi-Fi) / 블루투스 / 오디오 칩셋 : Realtek / 7.1채널(8ch) / [내부I/O] USB/팬 헤더 : USB4 헤더 , USB3.0 헤더 , USB2.0 헤더 , USB3.2 Type C 헤더 , RGB 12V 4핀 헤더 , ARGB 5V 3핀 헤더 / 시스템팬 4핀 : 4개 / I/O 헤더 : TPM 헤더 / [특징] 전원부 방열판 / M.2 히트싱크 / LED라이트 / UEFI 닫기",https://img.danuri.io/catalog-image/015/113/018/50ae96f992f74d88992ce5aa26d830c5.jpg?shrink=130:130&_v=20260921134944,https://prod.danawa.com/info/?pcode=18113015&cate=112751
387,GIGABYTE,GIGABYTE A620M GAMING X 제이씨현,"151,520","AMD(소켓AM5) / AMD A620 / DDR5 / VGA 연결 : PCIe4.0 x16 / M-ATX (24.4x24.4cm) / 전원부 : 8+2+1페이즈 / [메모리] 6400MHz (PC5-51200) / 4개 / 메모리 용량 : 최대 128GB / XMP / EXPO / [확장슬롯] PCIe버전 : PCIe4.0 , PCIe3.0 / PCIex16 : 1개 / PCIex1 : 1개 / [저장장치] M.2 : 1개 / SATA3 : 4개 / M.2 연결 : PCIe4.0 , NVMe / [후면단자] HDMI / DP / USB3.x 10Gbps / USB3.x 5Gbps / USB 2.0 / RJ-45 / 오디오잭 / PS/2 / USB A타입 : 5개 / USB C타입 : 1개 / [랜/오디오] 유선랜 칩셋 : Realtek / 1Gbps / RJ-45 : 1개 / 오디오 칩셋 : Realtek / 7.1채널(8ch) / USB/팬 헤더 : USB3.0 헤더 , USB2.0 헤더 , USB3.0 Type C 헤더 , RGB 12V 4핀 헤더 , ARGB 5V 3핀 헤더 / 시스템팬 4핀 : 2개 / I/O 헤더 : TPM 헤더 / [특징] 전원부 방열판 / M.2 히트싱크 / UEFI 닫기",https://img.danuri.io/catalog-image/600/673/019/0a965fa6ef5d494f81fd4d97e7cf85ea.jpg?shrink=130:130&_v=20260921080622,https://prod.danawa.com/info/?pcode=19673600&cate=112751
388,GIGABYTE,GIGABYTE B650 AORUS ELITE V2 제이씨현,"297,000","AMD(소켓AM5) / AMD B650 / DDR5 / VGA 연결 : PCIe4.0 x16 / ATX (30.5x24.4cm) / 전원부 : 12+2+2페이즈 / 페이즈당60A / Vcore출력합계 : 720A / [메모리] 8000MHz (PC5-64000) / 4개 / 메모리 용량 : 최대 192GB / XMP3.0 / EXPO / [확장슬롯] PCIe버전 : PCIe4.0 , PCIe3.0 / PCIex16 : 1개 / PCIex16(at x1) : 2개 / [저장장치] M.2 : 3개 / SATA3 : 4개 / M.2 연결 : PCIe5.0 , PCIe4.0 , NVMe / [후면단자] HDMI / DP / USB3.x 10Gbps / USB3.x 5Gbps / USB 2.0 / RJ-45 / 오디오잭 / BIOS플래시백 / USB A타입 : 11개 / USB C타입 : 1개 / [랜/오디오] 유선랜 칩셋 : Realtek / 2.5Gbps / RJ-45 : 1개 / 오디오 칩셋 : Realtek / 7.1채널(8ch) / [내부I/O] USB/팬 헤더 : USB3.0 헤더 , USB2.0 헤더 , USB3.2 Type C 헤더 , RGB 12V 4핀 헤더 , ARGB 5V 3핀 헤더 , CPU추가팬(OPT) 헤더 / 시스템팬 4핀 : 4개 / I/O 헤더 : TPM 헤더 , 프론트오디오AAFP 헤더 / [특징] DrMOS / 전원부 방열판 / M.2 히트싱크 / 일체형IO실드 / UEFI 닫기",https://img.danuri.io/catalog-image/006/078/032/46e8c969f2cb4c559b4d096c698cf4ab.jpg?shrink=130:130&_v=20260921101833,https://prod.danawa.com/info/?pcode=32078006&cate=112751
389,GIGABYTE,GIGABYTE B650M AORUS ELITE AX ICE 피씨디렉트,"199,000","AMD(소켓AM5) / AMD B650 / DDR5 / VGA 연결 : PCIe4.0 x16 / M-ATX (24.4x24.4cm) / 전원부 : 12+2+2페이즈 / 페이즈당60A / Vcore출력합계 : 720A / [메모리] 8000MHz (PC5-64000) / 4개 / 메모리 용량 : 최대 192GB / XMP3.0 / EXPO / [확장슬롯] PCIe버전 : PCIe4.0 / PCIex16 : 1개 / PCIex16(at x4) : 1개 / [저장장치] M.2 : 2개 / SATA3 : 4개 / M.2 연결 : PCIe5.0 , PCIe4.0 , NVMe / [후면단자] HDMI / DP / USB3.x 10Gbps / USB3.x 5Gbps / USB 2.0 / RJ-45 / S/PDIF / 오디오잭 / BIOS플래시백 / USB A타입 : 11개 / USB C타입 : 1개 / [랜/오디오] 유선랜 칩셋 : Realtek / 2.5Gbps / RJ-45 : 1개 / Realtek RTL8852CE / 무선랜(Wi-Fi) / 블루투스 / 오디오 칩셋 : Realtek / 7.1채널(8ch) / [내부I/O] USB/팬 헤더 : 썬더볼트 헤더 , USB3.2 Type C 헤더 , CPU추가팬(OPT) 헤더 , 펌프전용 헤더 / 시스템팬 4핀 : 3개 / I/O 헤더 : TPM 헤더 , 프론트오디오AAFP 헤더 , COM포트 헤더 / [특징] DrMOS / 전원부 방열판 / M.2 히트싱크 / 일체형IO실드 / LED라이트 / UEFI 닫기",https://img.danuri.io/catalog-image/821/916/029/26351c8d3e7d4d07a5615df8fe7e1544.jpg?shrink=130:130&_v=20260921143238,https://prod.danawa.com/info/?pcode=29916821&cate=112751
390,GIGABYTE,GIGABYTE B850M AORUS ELITE WIFI6E ICE 제이씨현 (중고),"235,470","AMD(소켓AM5) / DDR5 / AMD B850 / VGA 연결 : PCIe5.0 x16 / M-ATX (24.4x24.4cm) / 전원부 : 12+2+2페이즈 / 페이즈당60A / Vcore출력합계 : 720A / [메모리] 8200MHz (PC5-65600) / 4개 / 메모리 용량 : 최대 256GB / XMP3.0 / EXPO / [확장슬롯] PCIe버전 : PCIe5.0 , PCIe3.0 / PCIex16 : 1개 / PCIex16(at x4) : 1개 / [저장장치] M.2 : 2개 / SATA3 : 4개 / M.2 연결 : PCIe5.0 , PCIe4.0 , NVMe / [후면단자] DP / USB3.x 10Gbps / USB3.x 5Gbps / USB 2.0 / RJ-45 / S/PDIF / 오디오잭 / BIOS플래시백 / USB A타입 : 11개 / USB C타입 : 1개 / [랜/오디오] 유선랜 칩셋 : Realtek / 2.5Gbps / RJ-45 : 1개 / Realtek RTL8852CE / 무선랜(Wi-Fi) / 블루투스 / 오디오 칩셋 : Realtek / [내부I/O] USB/팬 헤더 : USB3.0 헤더 , USB2.0 헤더 , USB3.2 Type C 헤더 / [특징] DrMOS / 전원부 방열판 / M.2 히트싱크 / 일체형IO실드 / LED라이트 / UEFI 닫기",https://img.danuri.io/catalog-image/327/904/097/bf31f0e879c1427f84a6ed8490a011a5.jpg?shrink=130:130&_v=20260921080443,https://prod.danawa.com/info/?pcode=97904327&cate=112751
391,GIGABYTE,GIGABYTE B650M K 제이씨현 (벌크),"115,900","AMD(소켓AM5) / AMD B650 / DDR5 / VGA 연결 : PCIe4.0 x16 / M-ATX (24.4x24.4cm) / 전원부 : 8+2+2페이즈 / [메모리] 8000MHz (PC5-64000) / 4개 / 메모리 용량 : 최대 192GB / XMP3.0 / EXPO / [확장슬롯] PCIe버전 : PCIe4.0 , PCIe3.0 / PCIex16 : 1개 / PCIex1 : 1개 / [저장장치] M.2 : 2개 / SATA3 : 4개 / M.2 연결 : PCIe4.0 , NVMe / [후면단자] HDMI / DP / USB3.x 10Gbps / USB3.x 5Gbps / USB 2.0 / RJ-45 / 오디오잭 / PS/2 / BIOS플래시백 / USB A타입 : 7개 / USB C타입 : 1개 / [랜/오디오] 유선랜 칩셋 : Realtek / 2.5Gbps / RJ-45 : 1개 / 오디오 칩셋 : Realtek / 7.1채널(8ch) / [내부I/O] USB/팬 헤더 : USB3.0 헤더 , USB2.0 헤더 , USB3.0 Type C 헤더 , RGB 12V 4핀 헤더 , ARGB 5V 3핀 헤더 / 시스템팬 4핀 : 2개 / I/O 헤더 : TPM 헤더 , 프론트오디오AAFP 헤더 / [특징] 전원부 방열판 / M.2 히트싱크 / UEFI 닫기",https://img.danuri.io/catalog-image/773/080/094/acfb312075c442c090dbd8a0d8106ba4.jpg?shrink=130:130&_v=20260920080508,https://prod.danawa.com/info/?pcode=94080773&cate=112751
392,GIGABYTE,GIGABYTE X870E AORUS ELITE WIFI7 (해외구매),"422,080","AMD(소켓AM5) / DDR5 / AMD X870E / VGA 연결 : PCIe5.0 x16 / ATX (30.5x24.4cm) / 전원부 : 16+2+2페이즈 / 페이즈당60A / Vcore출력합계 : 960A / [메모리] 8200MHz (PC5-65600) / 4개 / 메모리 용량 : 최대 256GB / XMP / EXPO / [확장슬롯] PCIe버전 : PCIe5.0 , PCIe4.0 , PCIe3.0 / PCIex16 : 1개 / PCIex16(at x4) : 2개 / [저장장치] M.2 : 4개 / SATA3 : 4개 / M.2 연결 : PCIe5.0 , PCIe4.0 , NVMe , PCIe 레인공유 / [후면단자] HDMI / Type-C / USB4 40Gbps / USB3.x 10Gbps / USB3.x 5Gbps / USB 2.0 / RJ-45 / S/PDIF / 오디오잭 / BIOS플래시백 / USB A타입 : 10개 / USB C타입 : 2개 / [랜/오디오] 유선랜 칩셋 : Realtek / 2.5Gbps / RJ-45 : 1개 / 무선랜(Wi-Fi) / 블루투스 / 오디오 칩셋 : Realtek ALC1220 / 7.1채널(8ch) / [내부I/O] USB/팬 헤더 : USB3.0 헤더 , USB2.0 헤더 , USB3.2 Type C 헤더 , ARGB 5V 3핀 헤더 , CPU추가팬(OPT) 헤더 , 펌프전용 헤더 / 시스템팬 4핀 : 3개 / I/O 헤더 : TPM 헤더 , 디버그LED , 프론트오디오AAFP 헤더 , 온도 센서 / [특징] SPS(DrMOS) / 전원부 방열판 / M.2 히트싱크 / 일체형IO실드 / LED라이트 / UEFI 닫기",https://img.danuri.io/catalog-image/327/949/073/0240e75f1a3b44bbadd66ce24fea0904.jpg?shrink=130:130&_v=20260921080444,https://prod.danawa.com/info/?pcode=73949327&cate=112751
393,GIGABYTE,GIGABYTE B650M AORUS ELITE AX (해외구매),"418,970","AMD(소켓AM5) / DDR5 / AMD B650 / VGA 연결 : PCIe4.0 x16 / M-ATX (24.4x24.4cm) / 전원부 : 12+2+1페이즈 / 페이즈당60A / Vcore출력합계 : 720A / [메모리] 6666MHz (PC5-53300) / 4개 / 메모리 용량 : 최대 128GB / XMP / EXPO / [확장슬롯] PCIe버전 : PCIe4.0 / PCIex16 : 1개 / PCIex16(at x4) : 1개 / [저장장치] M.2 : 2개 / SATA3 : 4개 / M.2 연결 : PCIe5.0 , PCIe4.0 , NVMe / [후면단자] HDMI / DP / USB3.x 10Gbps / USB3.x 5Gbps / USB 2.0 / RJ-45 / S/PDIF / 오디오잭 / USB A타입 : 11개 / USB C타입 : 1개 / [랜/오디오] 유선랜 칩셋 : Realtek / 2.5Gbps / RJ-45 : 1개 / AMD RZ616, Intel AX210 / 무선랜(Wi-Fi) / 블루투스 / 오디오 칩셋 : Realtek / 7.1채널(8ch) / [내부I/O] USB/팬 헤더 : USB4 헤더 , USB3.0 헤더 , USB2.0 헤더 , USB3.2 Type C 헤더 , RGB 12V 4핀 헤더 , ARGB 5V 3핀 헤더 / 시스템팬 4핀 : 4개 / I/O 헤더 : TPM 헤더 / [특징] 전원부 방열판 / M.2 히트싱크 / LED라이트 / UEFI 닫기",https://img.danuri.io/catalog-image/240/344/018/83c9b1c0dad04c1e95d36cabdbef00e5.jpg?shrink=130:130&_v=20260921080443,https://prod.danawa.com/info/?pcode=18344240&cate=112751
394,GIGABYTE,GIGABYTE H510M H 듀러블에디션 제이씨현,"960,000","인텔 H510 / 인텔(소켓1200) / DDR4 / VGA 연결 : PCIe4.0 x16 / M-ATX (24.4x21.0cm) / 전원부 : 6+2페이즈 / [메모리] 3200MHz (PC4-25600) / 2개 / 메모리 용량 : 최대 64GB / XMP / [확장슬롯] PCIe버전 : PCIe4.0 , PCIe3.0 / PCIex16 : 1개 / PCIex1 : 1개 / [저장장치] M.2 : 1개 / SATA3 : 4개 / M.2 연결 : PCIe , NVMe , SATA / [후면단자] HDMI / D-SUB / USB3.x 5Gbps / USB 2.0 / RJ-45 / 오디오잭 / PS/2 / USB A타입 : 6개 / [랜/오디오] 유선랜 칩셋 : Realtek / 1Gbps / RJ-45 : 1개 / 오디오 칩셋 : Realtek / 7.1채널(8ch) / [내부I/O] USB/팬 헤더 : USB3.0 헤더 , USB2.0 헤더 , RGB 12V 4핀 헤더 / 시스템팬 4핀 : 1개 / I/O 헤더 : TPM 헤더 / [특징] UEFI 닫기",https://img.danuri.io/catalog-image/011/830/013/357493db66aa4553b5e0a03f08d966b8.jpg?shrink=130:130&_v=20260921080454,https://prod.danawa.com/info/?pcode=13830011&cate=112751
395,GIGABYTE,GIGABYTE Z590 AORUS ULTRA 제이씨현,"550,000","인텔 Z590 / 인텔(소켓1200) / DDR4 / VGA 연결 : PCIe4.0 x16 / ATX (30.5x24.4cm) / 전원부 : 16+1페이즈 / [메모리] 4800MHz (PC4-38400) / 4개 / 메모리 용량 : 최대 128GB / XMP / 옵테인 / PCIe버전 : PCIe4.0 , PCIe3.0 / PCIex16 : 3개 / CrossFire / [저장장치] M.2 : 3개 / SATA3 : 6개 / M.2 연결 : PCIe4.0 , PCIe , NVMe , SATA / [후면단자] DP / USB3.x 20Gbps / USB3.x 10Gbps / USB3.x 5Gbps / USB 2.0 / RJ-45 / S/PDIF / 오디오잭 / USB A타입 : 12개 / USB C타입 : 1개 / [랜/오디오] 유선랜 칩셋 : Intel / 2.5Gbps / RJ-45 : 1개 / 무선랜(Wi-Fi) / 블루투스 / 오디오 칩셋 : Realtek ALC4080 / 7.1채널(8ch) / [내부I/O] USB/팬 헤더 : USB3.0 헤더 , USB2.0 헤더 , USB3.1 Type C 헤더 , RGB 12V 4핀 헤더 , ARGB 5V 3핀 헤더 / 시스템팬 4핀 : 6개 / I/O 헤더 : TPM 헤더 / [특징] M.2 히트싱크 / UEFI 닫기",https://img.danuri.io/catalog-image/568/537/013/017269aaaf214ab19ec8c36d77b1ac26.jpg?shrink=130:130&_v=20260921080443,https://prod.danawa.com/info/?pcode=13537568&cate=112751
396,GIGABYTE,GIGABYTE Z590 AORUS ULTRA 피씨디렉트,"550,000","인텔 Z590 / 인텔(소켓1200) / DDR4 / VGA 연결 : PCIe4.0 x16 / ATX (30.5x24.4cm) / 전원부 : 16+1페이즈 / [메모리] 3200MHz (PC4-25600) / 4개 / 메모리 용량 : 최대 128GB / XMP / 옵테인 / PCIe버전 : PCIe4.0 , PCIe3.0 / PCIex16 : 3개 / CrossFire / [저장장치] M.2 : 3개 / SATA3 : 6개 / M.2 연결 : PCIe4.0 , PCIe , NVMe , SATA / [후면단자] DP / USB3.x 20Gbps / USB3.x 10Gbps / USB3.x 5Gbps / USB 2.0 / RJ-45 / S/PDIF / 오디오잭 / USB A타입 : 12개 / USB C타입 : 1개 / [랜/오디오] 유선랜 칩셋 : Intel / 2.5Gbps / RJ-45 : 1개 / 무선랜(Wi-Fi) / 블루투스 / 오디오 칩셋 : Realtek ALC4080 / 7.1채널(8ch) / [내부I/O] USB/팬 헤더 : USB3.0 헤더 , USB2.0 헤더 , USB3.1 Type C 헤더 , RGB 12V 4핀 헤더 , ARGB 5V 3핀 헤더 / 시스템팬 4핀 : 6개 / I/O 헤더 : TPM 헤더 / [특징] M.2 히트싱크 / UEFI 닫기",https://img.danuri.io/catalog-image/285/448/013/43ceb561b4a041a3aae8c8ea6ad00ed3.jpg?shrink=130:130&_v=20260918080633,https://prod.danawa.com/info/?pcode=13448285&cate=112751
397,GIGABYTE,GIGABYTE B560M AORUS PRO AX (해외구매),"278,200","인텔(소켓1200) / DDR4 / 인텔 B560 / VGA 연결 : PCIe4.0 x16 / M-ATX (24.4x24.4cm) / 전원부 : 12+1페이즈 / [메모리] 5333MHz (PC4-42600) / 4개 / 메모리 용량 : 최대 128GB / XMP / 옵테인 / PCIe버전 : PCIe4.0 , PCIe3.0 , PCIe / PCIex16 : 2개 / PCIex1 : 1개 / CrossFire / [저장장치] M.2 : 2개 / SATA3 : 6개 / M.2 연결 : PCIe4.0 , PCIe , NVMe , SATA / [후면단자] HDMI / DP / USB3.x 20Gbps / USB3.x 10Gbps / USB3.x 5Gbps / USB 2.0 / RJ-45 / 오디오잭 / PS/2 / USB A타입 : 9개 / USB C타입 : 1개 / [랜/오디오] 유선랜 칩셋 : Intel / 2.5Gbps / RJ-45 : 1개 / 오디오 칩셋 : Realtek / 7.1채널(8ch) / [내부I/O] USB/팬 헤더 : USB3.0 헤더 , USB2.0 헤더 , USB3.0 Type C 헤더 , RGB 12V 4핀 헤더 , ARGB 5V 3핀 헤더 / 시스템팬 4핀 : 3개 / I/O 헤더 : TPM 헤더 / [특징] M.2 히트싱크 / UEFI 닫기",https://img.danuri.io/catalog-image/403/397/018/1eddd0bba2604d35aa6e3cd087f579e2.jpg?shrink=130:130&_v=20260921080444,https://prod.danawa.com/info/?pcode=18397403&cate=112751
398,GIGABYTE,GIGABYTE B760M DS3H D4 피씨디렉트,"126,880","인텔 B760 / 인텔(소켓1700) / DDR4 / VGA 연결 : PCIe4.0 x16 / M-ATX (24.4x24.4cm) / 전원부 : 6+2+1페이즈 / [메모리] 5333MHz (PC4-42600) / 4개 / 메모리 용량 : 최대 128GB / XMP3.0 / [확장슬롯] PCIe버전 : PCIe4.0 , PCIe3.0 / PCIex16 : 1개 / PCIex1 : 2개 / [저장장치] M.2 : 2개 / SATA3 : 4개 / M.2 연결 : PCIe4.0 , NVMe / [후면단자] HDMI / DP / D-SUB / USB3.x 10Gbps / USB3.x 5Gbps / USB 2.0 / RJ-45 / 오디오잭 / PS/2 / USB A타입 : 5개 / USB C타입 : 1개 / [랜/오디오] 유선랜 칩셋 : Realtek / 2.5Gbps / RJ-45 : 1개 / 오디오 칩셋 : Realtek / 7.1채널(8ch) / [내부I/O] USB/팬 헤더 : USB3.0 헤더 , USB2.0 헤더 , RGB 12V 4핀 헤더 , ARGB 5V 3핀 헤더 / 시스템팬 4핀 : 3개 / I/O 헤더 : TPM 헤더 / [특징] 전원부 방열판 / M.2 히트싱크 / UEFI 닫기",https://img.danuri.io/catalog-image/560/651/018/57e2383efe6d480698404a34717ddd6a.jpg?shrink=130:130&_v=20260921115843,https://prod.danawa.com/info/?pcode=18651560&cate=112751
399,GIGABYTE,GIGABYTE B760M AORUS ELITE D4 GEN5 피씨디렉트,"173,400","인텔 B760 / 인텔(소켓1700) / DDR4 / VGA 연결 : PCIe5.0 x16 / M-ATX (24.4x24.4cm) / 전원부 : 12+1+1페이즈 / 페이즈당60A / Vcore출력합계 : 720A / [메모리] 3200MHz (PC4-25600) / 4개 / 메모리 용량 : 최대 128GB / XMP / [확장슬롯] PCIe버전 : PCIe5.0 , PCIe4.0 / PCIex16 : 1개 / PCIex16(at x4) : 1개 / [저장장치] M.2 : 2개 / SATA3 : 4개 / M.2 연결 : PCIe4.0 , NVMe / [후면단자] HDMI / DP / USB3.x 20Gbps / USB3.x 10Gbps / USB3.x 5Gbps / USB 2.0 / RJ-45 / S/PDIF / 오디오잭 / USB A타입 : 8개 / USB C타입 : 1개 / [랜/오디오] 유선랜 칩셋 : Realtek / 2.5Gbps / RJ-45 : 1개 / 오디오 칩셋 : Realtek ALC1220 / 7.1채널(8ch) / [내부I/O] USB/팬 헤더 : 썬더볼트 헤더 , USB3.0 헤더 , USB2.0 헤더 , USB3.1 Type C 헤더 , RGB 12V 4핀 헤더 , ARGB 5V 3핀 헤더 / 시스템팬 4핀 : 3개 / I/O 헤더 : TPM 헤더 , 프론트오디오AAFP 헤더 / [특징] DrMOS / 전원부 방열판 / M.2 히트싱크 / 일체형IO실드 / LED라이트 / UEFI 닫기",https://img.danuri.io/catalog-image/494/813/105/17e2cb61b6454ca7bec9e982578075f6.jpg?shrink=130:130&_v=20260921102644,https://prod.danawa.com/info/?pcode=105813494&cate=112751
400,GIGABYTE,GIGABYTE H610M K D4 제이씨현,"71,310","인텔(소켓1700) / 인텔 H610 / DDR4 / VGA 연결 : PCIe4.0 x16 / M-ATX (22.6x18.5cm) / 전원부 : 3+1+1페이즈 / 50A / Vcore출력합계 : 150 / 메모리 3200MHz (PC4-25600) / 2개 / 메모리 용량 : 최대 64GB / XMP / 확장슬롯 PCIe버전 : PCIe4.0 , PCIe3.0 / PCIex16 : 1개 / PCIex1 : 1개 / 저장장치 SATA3 : 2개 / M.2 : 1개 / M.2 연결 : PCIe , NVMe / 후면단자 HDMI / USB3.x 5Gbps / USB 2.0 / RJ-45 / 오디오잭 / USB A타입 : 6개 / 랜/오디오 유선랜 칩셋 : Realtek / 1Gbps / RJ-45 : 1개 / 오디오 칩셋 : Realtek / 7.1채널(8ch) / 내부I/O USB/팬 헤더 : USB3.0 헤더 , USB2.0 헤더 / 시스템팬 4핀 : 1개 / I/O 헤더 : TPM 헤더 / 특징 UEFI 닫기",https://img.danuri.io/catalog-image/778/670/018/4a255d221ec84b9bb36d2771d238a219.jpg?shrink=130:130&_v=20260921131209,https://prod.danawa.com/info/?pcode=18670778&cate=112751
401,GIGABYTE,GIGABYTE B760M DS3H WIFI6E D4 GEN5 피씨디렉트,"150,820","인텔 B760 / 인텔(소켓1700) / DDR4 / VGA 연결 : PCIe5.0 x16 / M-ATX (24.4x24.4cm) / [메모리] 5333MHz (PC4-42600) / 4개 / 메모리 용량 : 최대 128GB / XMP / [확장슬롯] PCIe버전 : PCIe5.0 , PCIe3.0 / PCIex16 : 1개 / PCIex1 : 2개 / [저장장치] M.2 : 2개 / SATA3 : 4개 / M.2 연결 : PCIe4.0 , NVMe / [후면단자] HDMI / DP / USB3.x 10Gbps / USB3.x 5Gbps / USB 2.0 / RJ-45 / 오디오잭 / PS/2 / USB A타입 : 5개 / USB C타입 : 1개 / [랜/오디오] 유선랜 칩셋 : Realtek / 2.5Gbps / RJ-45 : 1개 / Intel AX210 / 무선랜(Wi-Fi) / 블루투스 / 오디오 칩셋 : Realtek / 7.1채널(8ch) / [내부I/O] USB/팬 헤더 : USB3.0 헤더 , USB2.0 헤더 , RGB 12V 4핀 헤더 , ARGB 5V 3핀 헤더 / 시스템팬 4핀 : 3개 / I/O 헤더 : TPM 헤더 , 프론트오디오AAFP 헤더 , COM포트 헤더 , S/PDIF OUT 헤더 / [특징] M.2 히트싱크 / UEFI 닫기",https://img.danuri.io/catalog-image/915/968/105/9558f358f1414a65a65204da9fc57606.jpg?shrink=130:130&_v=20260921114233,https://prod.danawa.com/info/?pcode=105968915&cate=112751
402,GIGABYTE,GIGABYTE B760M DS3H D4 GEN5 피씨디렉트,"129,750","인텔 B760 / 인텔(소켓1700) / DDR4 / VGA 연결 : PCIe5.0 x16 / M-ATX (24.4x24.4cm) / 전원부 : 6+2+1페이즈 / [메모리] 5333MHz (PC4-42600) / 4개 / 메모리 용량 : 최대 128GB / XMP / [확장슬롯] PCIe버전 : PCIe5.0 , PCIe3.0 / PCIex16 : 1개 / PCIex1 : 2개 / [저장장치] M.2 : 2개 / SATA3 : 4개 / M.2 연결 : PCIe4.0 , NVMe / [후면단자] HDMI / DP / D-SUB / USB3.x 10Gbps / USB3.x 5Gbps / USB 2.0 / RJ-45 / 오디오잭 / PS/2 / USB A타입 : 5개 / USB C타입 : 1개 / [랜/오디오] 유선랜 칩셋 : Realtek / 2.5Gbps / RJ-45 : 1개 / 오디오 칩셋 : Realtek / 7.1채널(8ch) / [내부I/O] USB/팬 헤더 : USB3.0 헤더 , USB2.0 헤더 , RGB 12V 4핀 헤더 , ARGB 5V 3핀 헤더 / 시스템팬 4핀 : 3개 / I/O 헤더 : TPM 헤더 , 프론트오디오AAFP 헤더 , S/PDIF OUT 헤더 / [특징] UEFI 닫기",https://img.danuri.io/catalog-image/367/597/109/d5efd90dbccb4e67b81af64065183a48.jpg?shrink=130:130&_v=20260921080622,https://prod.danawa.com/info/?pcode=109597367&cate=112751
403,GIGABYTE,GIGABYTE H610M H V2 D4 피씨디렉트,"82,800","인텔 H610 / 인텔(소켓1700) / DDR4 / VGA 연결 : PCIe4.0 x16 / M-ATX (23.0x21.5cm) / 전원부 : 6+1+1페이즈 / [메모리] 3200MHz (PC4-25600) / 2개 / 메모리 용량 : 최대 64GB / XMP / [확장슬롯] PCIe버전 : PCIe4.0 , PCIe3.0 / PCIex16 : 1개 / PCIex1 : 1개 / [저장장치] M.2 : 1개 / SATA3 : 4개 / M.2 연결 : PCIe , NVMe / [후면단자] HDMI / D-SUB / USB3.x 5Gbps / USB 2.0 / RJ-45 / 오디오잭 / PS/2 / USB A타입 : 6개 / [랜/오디오] 유선랜 칩셋 : Realtek / 1Gbps / RJ-45 : 1개 / 오디오 칩셋 : Realtek / 7.1채널(8ch) / [내부I/O] USB/팬 헤더 : USB3.0 헤더 , USB2.0 헤더 / 시스템팬 4핀 : 2개 / I/O 헤더 : TPM 헤더 , 프론트오디오AAFP 헤더 , COM포트 헤더 / UEFI 닫기",https://img.danuri.io/catalog-image/583/119/020/60aef7325a6d4c43aa62d323b7f883e3.jpg?shrink=130:130&_v=20260921112718,https://prod.danawa.com/info/?pcode=20119583&cate=112751
404,GIGABYTE,GIGABYTE B760M DS3H WIFI6E D4 GEN5 제이씨현,"155,000","인텔(소켓1700) / 인텔 B760 / DDR4 / VGA 연결 : PCIe5.0 x16 / M-ATX (24.4x24.4cm) / 메모리 5333MHz (PC4-42600) / 4개 / 메모리 용량 : 최대 128GB / XMP / 확장슬롯 PCIe버전 : PCIe5.0 , PCIe3.0 / PCIex16 : 1개 / PCIex1 : 2개 / 저장장치 SATA3 : 4개 / M.2 : 2개 / M.2 연결 : PCIe4.0 , NVMe / 후면단자 HDMI / DP / USB3.x 10Gbps / USB3.x 5Gbps / USB 2.0 / RJ-45 / 오디오잭 / PS/2 / USB A타입 : 5개 / USB C타입 : 1개 / 랜/오디오 유선랜 칩셋 : Realtek / 2.5Gbps / RJ-45 : 1개 / Intel AX210 / 무선랜(Wi-Fi) / 블루투스 / 오디오 칩셋 : Realtek / 7.1채널(8ch) / 내부I/O USB/팬 헤더 : USB3.0 헤더 , USB2.0 헤더 , RGB 12V 4핀 헤더 , ARGB 5V 3핀 헤더 / 시스템팬 4핀 : 3개 / I/O 헤더 : TPM 헤더 , 프론트오디오AAFP 헤더 , COM포트 헤더 , S/PDIF OUT 헤더 / 특징 M.2 히트싱크 / UEFI 닫기",https://img.danuri.io/catalog-image/329/047/106/8aa0c3f9a59644a6a93d9f9d0f0a35a9.jpg?shrink=130:130&_v=20260921080442,https://prod.danawa.com/info/?pcode=106047329&cate=112751
405,GIGABYTE,GIGABYTE B760M AORUS ELITE GEN5 피씨디렉트,"178,970","인텔 B760 / 인텔(소켓1700) / DDR5 / VGA 연결 : PCIe5.0 x16 / M-ATX (24.4x24.4cm) / 전원부 : 12+1+1페이즈 / 페이즈당60A / Vcore출력합계 : 720A / [메모리] 5600MHz (PC5-44800) / 4개 / 메모리 용량 : 최대 256GB / XMP3.0 / [확장슬롯] PCIe버전 : PCIe5.0 , PCIe4.0 / PCIex16 : 1개 / PCIex16(at x4) : 1개 / [저장장치] M.2 : 2개 / SATA3 : 4개 / M.2 연결 : PCIe4.0 , NVMe / [후면단자] HDMI / DP / USB3.x 20Gbps / USB3.x 10Gbps / USB3.x 5Gbps / USB 2.0 / RJ-45 / S/PDIF / 오디오잭 / USB A타입 : 8개 / USB C타입 : 1개 / [랜/오디오] 유선랜 칩셋 : Realtek / 2.5Gbps / RJ-45 : 1개 / 오디오 칩셋 : Realtek ALC1220 / 7.1채널(8ch) / [내부I/O] USB/팬 헤더 : 썬더볼트 헤더 , USB3.0 헤더 , USB2.0 헤더 , USB3.1 Type C 헤더 , RGB 12V 4핀 헤더 , ARGB 5V 3핀 헤더 / 시스템팬 4핀 : 3개 / I/O 헤더 : TPM 헤더 , 프론트오디오AAFP 헤더 / [특징] DrMOS / 전원부 방열판 / M.2 히트싱크 / 일체형IO실드 / LED라이트 / UEFI 닫기",https://img.danuri.io/catalog-image/931/502/090/01d70c624bfd439cb6e044306c4fcd40.jpg?shrink=130:130&_v=20260921110333,https://prod.danawa.com/info/?pcode=90502931&cate=112751
406,GIGABYTE,GIGABYTE B760M AORUS ELITE D4 GEN5 제이씨현,"177,480","인텔(소켓1700) / 인텔 B760 / DDR4 / VGA 연결 : PCIe5.0 x16 / M-ATX (24.4x24.4cm) / 전원부 : 12+1+1페이즈 / 60A / Vcore출력합계 : 720 / 메모리 3200MHz (PC4-25600) / 4개 / 메모리 용량 : 최대 128GB / XMP / 확장슬롯 PCIe버전 : PCIe5.0 , PCIe4.0 / PCIex16 : 1개 / PCIex16(at x4) : 1개 / 저장장치 SATA3 : 4개 / M.2 : 2개 / M.2 연결 : PCIe4.0 , NVMe / 후면단자 HDMI / DP / USB3.x 20Gbps / USB3.x 10Gbps / USB3.x 5Gbps / USB 2.0 / RJ-45 / S/PDIF / 오디오잭 / USB A타입 : 8개 / USB C타입 : 1개 / 랜/오디오 유선랜 칩셋 : Realtek / 2.5Gbps / RJ-45 : 1개 / 오디오 칩셋 : Realtek ALC1220 / 7.1채널(8ch) / 내부I/O USB/팬 헤더 : 썬더볼트 헤더 , USB3.0 헤더 , USB2.0 헤더 , USB3.1 Type C 헤더 , RGB 12V 4핀 헤더 , ARGB 5V 3핀 헤더 / 시스템팬 4핀 : 3개 / I/O 헤더 : TPM 헤더 , 프론트오디오AAFP 헤더 / 특징 DrMOS / 전원부 방열판 / M.2 히트싱크 / 일체형IO실드 / LED라이트 / UEFI 닫기",https://img.danuri.io/catalog-image/802/817/105/01739ac1c356455a8027c53ce33897eb.jpg?shrink=130:130&_v=20260921080444,https://prod.danawa.com/info/?pcode=105817802&cate=112751
407,GIGABYTE,GIGABYTE B760M DS3H GEN5 피씨디렉트,"134,340","인텔 B760 / 인텔(소켓1700) / DDR5 / VGA 연결 : PCIe5.0 x16 / M-ATX (24.4x24.4cm) / 전원부 : 6+2+1페이즈 / [메모리] 7600MHz (PC5-60800) / 4개 / 메모리 용량 : 최대 256GB / XMP3.0 / [확장슬롯] PCIe버전 : PCIe5.0 , PCIe3.0 / PCIex16 : 1개 / PCIex1 : 2개 / [저장장치] M.2 : 2개 / SATA3 : 4개 / M.2 연결 : PCIe4.0 , NVMe / [후면단자] HDMI / DP / D-SUB / USB3.x 10Gbps / USB3.x 5Gbps / USB 2.0 / RJ-45 / 오디오잭 / PS/2 / USB A타입 : 5개 / USB C타입 : 1개 / [랜/오디오] 유선랜 칩셋 : Realtek / 2.5Gbps / RJ-45 : 1개 / 오디오 칩셋 : Realtek / 7.1채널(8ch) / [내부I/O] USB/팬 헤더 : USB3.0 헤더 , USB2.0 헤더 , RGB 12V 4핀 헤더 , ARGB 5V 3핀 헤더 / 시스템팬 4핀 : 3개 / I/O 헤더 : TPM 헤더 , 프론트오디오AAFP 헤더 , COM포트 헤더 , LPT포트 헤더 , S/PDIF OUT 헤더 / [특징] 전원부 방열판 / M.2 히트싱크 / UEFI 닫기",https://img.danuri.io/catalog-image/095/872/091/c6b6e2275398419092bdcf45966263a9.jpg?shrink=130:130&_v=20260921110334,https://prod.danawa.com/info/?pcode=91872095&cate=112751
408,GIGABYTE,GIGABYTE H610I D4 듀러블에디션 피씨디렉트,"161,970","인텔 H610 / 인텔(소켓1700) / DDR4 / VGA 연결 : PCIe4.0 x16 / M-iTX (17.0x17.0cm) / 전원부 : 4+1+1페이즈 / 페이즈당60A / Vcore출력합계 : 240A / [메모리] 3200MHz (PC4-25600) / 2개 / 메모리 용량 : 최대 64GB / XMP / [확장슬롯] PCIe버전 : PCIe4.0 / PCIex16 : 1개 / [저장장치] M.2 : 1개 / SATA3 : 4개 / M.2 연결 : PCIe , NVMe / [후면단자] HDMI / DP / D-SUB / USB3.x 5Gbps / USB 2.0 / RJ-45 / 오디오잭 / PS/2 / USB A타입 : 6개 / [랜/오디오] 유선랜 칩셋 : Intel / 1Gbps / RJ-45 : 1개 / 오디오 칩셋 : Realtek / 7.1채널(8ch) / [내부I/O] USB/팬 헤더 : USB3.0 헤더 , USB2.0 헤더 , RGB 12V 4핀 헤더 / 시스템팬 4핀 : 2개 / I/O 헤더 : TPM 헤더 / [특징] DrMOS / UEFI 닫기",https://img.danuri.io/catalog-image/992/697/017/6e9b0daa276e4386a79bb9da151b3e47.jpg?shrink=130:130&_v=20260921085821,https://prod.danawa.com/info/?pcode=17697992&cate=112751
409,GIGABYTE,GIGABYTE H610M K D4 피씨디렉트,"71,310","인텔 H610 / 인텔(소켓1700) / DDR4 / VGA 연결 : PCIe4.0 x16 / M-ATX (22.6x18.5cm) / 전원부 : 3+1+1페이즈 / 페이즈당50A / Vcore출력합계 : 150A / [메모리] 3200MHz (PC4-25600) / 2개 / 메모리 용량 : 최대 64GB / XMP / [확장슬롯] PCIe버전 : PCIe4.0 , PCIe3.0 / PCIex16 : 1개 / PCIex1 : 1개 / [저장장치] M.2 : 1개 / SATA3 : 2개 / M.2 연결 : PCIe , NVMe / [후면단자] HDMI / USB3.x 5Gbps / USB 2.0 / RJ-45 / 오디오잭 / USB A타입 : 6개 / [랜/오디오] 유선랜 칩셋 : Realtek / 1Gbps / RJ-45 : 1개 / 오디오 칩셋 : Realtek / 7.1채널(8ch) / [내부I/O] USB/팬 헤더 : USB3.0 헤더 , USB2.0 헤더 / 시스템팬 4핀 : 1개 / I/O 헤더 : TPM 헤더 / [특징] UEFI 닫기",https://img.danuri.io/catalog-image/455/663/018/b7b6a6af01824bb99549ae8c1bd63693.jpg?shrink=130:130&_v=20260921080444,https://prod.danawa.com/info/?pcode=18663455&cate=112751
410,GIGABYTE,GIGABYTE Z790 UD 피씨디렉트,"301,950","인텔 Z790 / 인텔(소켓1700) / DDR5 / VGA 연결 : PCIe5.0 x16 / ATX (30.5x24.4cm) / 전원부 : 16+1+1페이즈 / 페이즈당60A / Vcore출력합계 : 960A / [메모리] 7600MHz (PC5-60800) / 4개 / 메모리 용량 : 최대 128GB / XMP3.0 / [확장슬롯] PCIe버전 : PCIe5.0 , PCIe4.0 , PCIe3.0 / PCIex16 : 1개 / PCIex16(at x4) : 1개 / PCIex16(at x1) : 1개 / PCIex1 : 1개 / CrossFire / [저장장치] M.2 : 3개 / SATA3 : 6개 / M.2 연결 : PCIe4.0 , NVMe / [후면단자] HDMI / DP / USB3.x 20Gbps / USB3.x 10Gbps / USB3.x 5Gbps / USB 2.0 / RJ-45 / 오디오잭 / USB A타입 : 9개 / USB C타입 : 1개 / [랜/오디오] 유선랜 칩셋 : Realtek / 2.5Gbps / RJ-45 : 1개 / 오디오 칩셋 : Realtek / 7.1채널(8ch) / [내부I/O] USB/팬 헤더 : USB3.0 헤더 , USB2.0 헤더 , USB3.0 Type C 헤더 , RGB 12V 4핀 헤더 , ARGB 5V 3핀 헤더 / 시스템팬 4핀 : 4개 / I/O 헤더 : TPM 헤더 / [특징] DrMOS / 전원부 방열판 / M.2 히트싱크 / UEFI 닫기",https://img.danuri.io/catalog-image/245/261/018/4c272a371f6344b893ca504b305b0793.jpg?shrink=130:130&_v=20260921125710,https://prod.danawa.com/info/?pcode=18261245&cate=112751
411,GIGABYTE,GIGABYTE B760M DS3H D4 제이씨현,"126,880","인텔(소켓1700) / 인텔 B760 / DDR4 / VGA 연결 : PCIe4.0 x16 / M-ATX (24.4x24.4cm) / 전원부 : 6+2+1페이즈 / 메모리 5333MHz (PC4-42600) / 4개 / 메모리 용량 : 최대 128GB / XMP3.0 / 확장슬롯 PCIe버전 : PCIe4.0 , PCIe3.0 / PCIex16 : 1개 / PCIex1 : 2개 / 저장장치 SATA3 : 4개 / M.2 : 2개 / M.2 연결 : PCIe4.0 , NVMe / 후면단자 HDMI / DP / D-SUB / USB3.x 10Gbps / USB3.x 5Gbps / USB 2.0 / RJ-45 / 오디오잭 / PS/2 / USB A타입 : 5개 / USB C타입 : 1개 / 랜/오디오 유선랜 칩셋 : Realtek / 2.5Gbps / RJ-45 : 1개 / 오디오 칩셋 : Realtek / 7.1채널(8ch) / 내부I/O USB/팬 헤더 : USB3.0 헤더 , USB2.0 헤더 , RGB 12V 4핀 헤더 , ARGB 5V 3핀 헤더 / 시스템팬 4핀 : 3개 / I/O 헤더 : TPM 헤더 / 특징 전원부 방열판 / M.2 히트싱크 / UEFI 닫기",https://img.danuri.io/catalog-image/483/650/018/1958a6f18bfc4b2bb58ec278510e8851.jpg?shrink=130:130&_v=20260921115929,https://prod.danawa.com/info/?pcode=18650483&cate=112751
412,GIGABYTE,GIGABYTE B760M AORUS ELITE GEN5 제이씨현,"176,390","인텔(소켓1700) / 인텔 B760 / DDR5 / VGA 연결 : PCIe5.0 x16 / M-ATX (24.4x24.4cm) / 전원부 : 12+1+1페이즈 / 60A / Vcore출력합계 : 720 / 메모리 5600MHz (PC4-44800) / 4개 / 메모리 용량 : 최대 256GB / XMP3.0 / 확장슬롯 PCIe버전 : PCIe5.0 , PCIe4.0 / PCIex16 : 1개 / PCIex16(at x4) : 1개 / 저장장치 SATA3 : 4개 / M.2 : 2개 / M.2 연결 : PCIe4.0 , NVMe / 후면단자 HDMI / DP / USB3.x 20Gbps / USB3.x 10Gbps / USB3.x 5Gbps / USB 2.0 / RJ-45 / S/PDIF / 오디오잭 / USB A타입 : 8개 / USB C타입 : 1개 / 랜/오디오 유선랜 칩셋 : Realtek / 2.5Gbps / RJ-45 : 1개 / 오디오 칩셋 : Realtek ALC1220 / 7.1채널(8ch) / 내부I/O USB/팬 헤더 : 썬더볼트 헤더 , USB3.0 헤더 , USB2.0 헤더 , USB3.1 Type C 헤더 , RGB 12V 4핀 헤더 , ARGB 5V 3핀 헤더 / 시스템팬 4핀 : 3개 / I/O 헤더 : TPM 헤더 , 프론트오디오AAFP 헤더 / 특징 DrMOS / 전원부 방열판 / M.2 히트싱크 / 일체형IO실드 / LED라이트 / UEFI 닫기",https://img.danuri.io/catalog-image/250/271/090/9ade02abd0a34c15bcae18458176afd6.jpg?shrink=130:130&_v=20260921110213,https://prod.danawa.com/info/?pcode=90271250&cate=112751
413,GIGABYTE,GIGABYTE B760M D2HX LITE SI GEN5 피씨디렉트 (벌크),"99,060","인텔(소켓1700) / 인텔 B760 / DDR5 / VGA 연결 : PCIe5.0 x16 / M-ATX (24.4x22.5cm) / 전원부 : 6+2+1페이즈 / [메모리] 5200MHz (PC5-41600) / 2개 / 메모리 용량 : 최대 96GB / XMP / [확장슬롯] PCIe버전 : PCIe5.0 , PCIe3.0 / PCIex16 : 1개 / PCIex1 : 2개 / [저장장치] SATA3 : 4개 / M.2 : 2개 / M.2 연결 : PCIe4.0 , PCIe / [후면단자] HDMI / D-SUB / USB3.x 5Gbps / USB 2.0 / RJ-45 / 오디오잭 / PS/2 / USB A타입 : 6개 / [랜/오디오] 유선랜 칩셋 : Realtek / 2.5Gbps / RJ-45 : 1개 / 오디오 칩셋 : Realtek / 7.1채널(8ch) / [내부I/O] USB/팬 헤더 : USB3.0 헤더 , USB2.0 헤더 , ARGB 5V 3핀 헤더 / 시스템팬 4핀 : 2개 / I/O 헤더 : TPM 헤더 , COM포트 헤더 , S/PDIF OUT 헤더 / UEFI 닫기",https://img.danuri.io/catalog-image/226/888/094/0632a71116f647e18bcbcaf8a63714a0.jpg?shrink=130:130&_v=20260921131209,https://prod.danawa.com/info/?pcode=94888226&cate=112751
414,GIGABYTE,GIGABYTE B760M DS3H D4 GEN5 제이씨현,"133,050","인텔(소켓1700) / 인텔 B760 / DDR4 / VGA 연결 : PCIe5.0 x16 / M-ATX (24.4x24.4cm) / 메모리 5333MHz (PC4-42600) / 4개 / 메모리 용량 : 최대 128GB / XMP / 확장슬롯 PCIe버전 : PCIe5.0 , PCIe3.0 / PCIex16 : 1개 / PCIex1 : 2개 / 저장장치 SATA3 : 4개 / M.2 : 2개 / M.2 연결 : PCIe4.0 , NVMe / 후면단자 HDMI / DP / D-SUB / USB3.x 10Gbps / USB3.x 5Gbps / USB 2.0 / RJ-45 / 오디오잭 / PS/2 / USB A타입 : 5개 / USB C타입 : 1개 / 랜/오디오 유선랜 칩셋 : Realtek / 2.5Gbps / RJ-45 : 1개 / 오디오 칩셋 : Realtek / 7.1채널(8ch) / 내부I/O USB/팬 헤더 : USB3.0 헤더 , USB2.0 헤더 , RGB 12V 4핀 헤더 , ARGB 5V 3핀 헤더 / 시스템팬 4핀 : 3개 / I/O 헤더 : TPM 헤더 , 프론트오디오AAFP 헤더 , COM포트 헤더 , S/PDIF OUT 헤더 / 특징 M.2 히트싱크 / UEFI 닫기",https://img.danuri.io/catalog-image/725/044/106/390230f55daf46cb9114207d6594a1cf.jpg?shrink=130:130&_v=20260921110124,https://prod.danawa.com/info/?pcode=106044725&cate=112751
415,GIGABYTE,GIGABYTE H610M K V2 피씨디렉트,"72,990","인텔 H610 / 인텔(소켓1700) / DDR5 / VGA 연결 : PCIe4.0 x16 / M-ATX (22.6x18.5cm) / 전원부 : 3+1+1페이즈 / 페이즈당50A / Vcore출력합계 : 150A / [메모리] 5600MHz (PC4-44800) / 2개 / 메모리 용량 : 최대 128GB / XMP3.0 / [확장슬롯] PCIe버전 : PCIe4.0 , PCIe3.0 / PCIex16 : 1개 / PCIex1 : 1개 / [저장장치] M.2 : 1개 / SATA3 : 2개 / M.2 연결 : PCIe , NVMe / [후면단자] HDMI / DP / USB3.x 5Gbps / USB 2.0 / RJ-45 / 오디오잭 / USB A타입 : 6개 / [랜/오디오] 유선랜 칩셋 : Realtek / 1Gbps / RJ-45 : 1개 / 오디오 칩셋 : Realtek / 7.1채널(8ch) / [내부I/O] USB/팬 헤더 : USB3.0 헤더 , USB2.0 헤더 / 시스템팬 4핀 : 1개 / I/O 헤더 : TPM 헤더 , 프론트오디오AAFP 헤더 / UEFI 닫기",https://img.danuri.io/catalog-image/283/678/067/224712f157cb4fc2b07f7fb257bd374a.jpg?shrink=130:130&_v=20260921100243,https://prod.danawa.com/info/?pcode=67678283&cate=112751
416,GIGABYTE,GIGABYTE Z790 AORUS ELITE 제이씨현,"234,380","인텔 Z790 / 인텔(소켓1700) / DDR5 / VGA 연결 : PCIe5.0 x16 / ATX (30.5x24.4cm) / 전원부 : 16+1+2페이즈 / 페이즈당70A / Vcore출력합계 : 1120A / [메모리] 7600MHz (PC5-60800) / 4개 / 메모리 용량 : 최대 128GB / XMP / [확장슬롯] PCIe버전 : PCIe5.0 , PCIe3.0 / PCIex16 : 1개 / PCIex16(at x4) : 2개 / CrossFire / [저장장치] M.2 : 4개 / SATA3 : 6개 / M.2 연결 : PCIe4.0 , NVMe , SATA / [후면단자] HDMI / DP / USB3.x 20Gbps / USB3.x 10Gbps / USB3.x 5Gbps / USB 2.0 / RJ-45 / S/PDIF / 오디오잭 / USB A타입 : 9개 / USB C타입 : 1개 / [랜/오디오] 유선랜 칩셋 : Realtek / 2.5Gbps / RJ-45 : 1개 / 오디오 칩셋 : Realtek / 7.1채널(8ch) / [내부I/O] USB/팬 헤더 : USB3.0 헤더 , USB2.0 헤더 , USB3.1 Type C 헤더 , RGB 12V 4핀 헤더 , ARGB 5V 3핀 헤더 / 시스템팬 4핀 : 4개 / I/O 헤더 : TPM 헤더 / [특징] DrMOS / 전원부 방열판 / M.2 히트싱크 / UEFI 닫기",https://img.danuri.io/catalog-image/316/112/018/d521d4d4f12346c7b7914f47c3bf0a74.jpg?shrink=130:130&_v=20260921142623,https://prod.danawa.com/info/?pcode=18112316&cate=112751
417,GIGABYTE,GIGABYTE B760M DS3H GEN5 제이씨현,"132,990","인텔(소켓1700) / 인텔 B760 / DDR5 / VGA 연결 : PCIe5.0 x16 / M-ATX (24.4x24.4cm) / 전원부 : 6+2+1페이즈 / 메모리 7600MHz (PC5-60800) / 4개 / 메모리 용량 : 최대 256GB / XMP3.0 / 확장슬롯 PCIe버전 : PCIe5.0 , PCIe3.0 / PCIex16 : 1개 / PCIex1 : 2개 / 저장장치 SATA3 : 4개 / M.2 : 2개 / M.2 연결 : PCIe4.0 , NVMe / 후면단자 HDMI / DP / D-SUB / USB3.x 10Gbps / USB3.x 5Gbps / USB 2.0 / RJ-45 / 오디오잭 / PS/2 / USB A타입 : 5개 / USB C타입 : 1개 / 랜/오디오 유선랜 칩셋 : Realtek / 2.5Gbps / RJ-45 : 1개 / 오디오 칩셋 : Realtek / 7.1채널(8ch) / 내부I/O USB/팬 헤더 : USB3.0 헤더 , USB2.0 헤더 , RGB 12V 4핀 헤더 , ARGB 5V 3핀 헤더 / 시스템팬 4핀 : 3개 / I/O 헤더 : TPM 헤더 , 프론트오디오AAFP 헤더 , COM포트 헤더 , LPT포트 헤더 , S/PDIF OUT 헤더 / 특징 전원부 방열판 / M.2 히트싱크 / UEFI 닫기",https://img.danuri.io/catalog-image/951/871/091/1e26342b1f6a4b25a6ad5c0776c8334b.jpg?shrink=130:130&_v=20260921080444,https://prod.danawa.com/info/?pcode=91871951&cate=112751
418,GIGABYTE,GIGABYTE B760M AORUS ELITE D4 피씨디렉트,"197,330","인텔 B760 / 인텔(소켓1700) / DDR4 / VGA 연결 : PCIe4.0 x16 / M-ATX (24.4x24.4cm) / 전원부 : 12+1+1페이즈 / 페이즈당60A / Vcore출력합계 : 720A / [메모리] 5333MHz (PC4-42600) / 4개 / 메모리 용량 : 최대 128GB / XMP3.0 / [확장슬롯] PCIe버전 : PCIe4.0 / PCIex16 : 1개 / PCIex16(at x4) : 1개 / [저장장치] M.2 : 2개 / SATA3 : 4개 / M.2 연결 : PCIe4.0 , NVMe / [후면단자] HDMI / DP / USB3.x 20Gbps / USB3.x 10Gbps / USB3.x 5Gbps / USB 2.0 / RJ-45 / S/PDIF / 오디오잭 / USB A타입 : 8개 / USB C타입 : 1개 / [랜/오디오] 유선랜 칩셋 : Realtek / 2.5Gbps / RJ-45 : 1개 / 오디오 칩셋 : Realtek / 7.1채널(8ch) / [내부I/O] USB/팬 헤더 : USB3.0 헤더 , USB2.0 헤더 , USB3.1 Type C 헤더 , RGB 12V 4핀 헤더 , ARGB 5V 3핀 헤더 / [특징] DrMOS / 전원부 방열판 / M.2 히트싱크 / LED라이트 / UEFI 닫기",https://img.danuri.io/catalog-image/545/651/018/f83a06bae3034bef8f01461ece03ab41.jpg?shrink=130:130&_v=20260921080458,https://prod.danawa.com/info/?pcode=18651545&cate=112751
419,GIGABYTE,GIGABYTE H610M S2H V2 D4 듀러블에디션 제이씨현,"104,990","인텔(소켓1700) / 인텔 H610 / DDR4 / VGA 연결 : PCIe4.0 x16 / M-ATX (23.0x21.5cm) / 전원부 : 6+1+1페이즈 / 50A / Vcore출력합계 : 300 / 메모리 3200MHz (PC4-25600) / 2개 / 메모리 용량 : 최대 64GB / XMP / 확장슬롯 PCIe버전 : PCIe4.0 , PCIe3.0 / PCIex16 : 1개 / PCIex1 : 1개 / 저장장치 SATA3 : 4개 / M.2 : 1개 / M.2 연결 : PCIe , NVMe / 후면단자 HDMI / DP / DVI / D-SUB / USB3.x 5Gbps / USB 2.0 / RJ-45 / 오디오잭 / PS/2 / USB A타입 : 6개 / 랜/오디오 유선랜 칩셋 : Realtek / 1Gbps / RJ-45 : 1개 / 오디오 칩셋 : Realtek / 7.1채널(8ch) / 내부I/O USB/팬 헤더 : USB3.0 헤더 , USB2.0 헤더 , RGB 12V 4핀 헤더 / 시스템팬 4핀 : 2개 / I/O 헤더 : TPM 헤더 / 특징 UEFI 닫기",https://img.danuri.io/catalog-image/146/242/019/50e51c5d1faf43d3948ebe2cd7352a96.jpg?shrink=130:130&_v=20260921080444,https://prod.danawa.com/info/?pcode=19242146&cate=112751
420,GIGABYTE,GIGABYTE Z790 AORUS ELITE 피씨디렉트,"216,690","인텔 Z790 / 인텔(소켓1700) / DDR5 / VGA 연결 : PCIe5.0 x16 / ATX (30.5x24.4cm) / 전원부 : 16+1+2페이즈 / 페이즈당90A / Vcore출력합계 : 1440A / [메모리] 7600MHz (PC5-60800) / 4개 / 메모리 용량 : 최대 128GB / XMP / [확장슬롯] PCIe버전 : PCIe5.0 , PCIe4.0 , PCIe3.0 / PCIex16 : 1개 / PCIex16(at x4) : 2개 / CrossFire / [저장장치] M.2 : 4개 / SATA3 : 6개 / M.2 연결 : PCIe4.0 , NVMe , SATA / [후면단자] HDMI / DP / USB3.x 20Gbps / USB3.x 10Gbps / USB3.x 5Gbps / USB 2.0 / RJ-45 / S/PDIF / 오디오잭 / USB A타입 : 9개 / USB C타입 : 1개 / [랜/오디오] 유선랜 칩셋 : Realtek / 2.5Gbps / RJ-45 : 1개 / 오디오 칩셋 : Realtek / 7.1채널(8ch) / [내부I/O] USB/팬 헤더 : USB3.0 헤더 , USB2.0 헤더 , USB3.1 Type C 헤더 , RGB 12V 4핀 헤더 , ARGB 5V 3핀 헤더 / 시스템팬 4핀 : 4개 / I/O 헤더 : TPM 헤더 / [특징] DrMOS / 전원부 방열판 / M.2 히트싱크 / UEFI / 23년 11월 부로 제품 리비전 되어 전원부 70→90A, PCB디자인 변경. 구매시 각 판매처에 리비전 여부 확인 바랍니다. 닫기",https://img.danuri.io/catalog-image/350/060/018/f969f07f33c344748dc380e19b713d4e.jpg?shrink=130:130&_v=20260921080444,https://prod.danawa.com/info/?pcode=18060350&cate=112751
421,GIGABYTE,GIGABYTE Z790 AORUS XTREME X ICE + AORUS 지포스 RTX 4080 SUPER XTREME ICE 패키지 피씨디렉트,"3,115,260","인텔 Z790 / 인텔(소켓1700) / DDR5 / VGA 연결 : PCIe5.0 x16 / E-ATX (30.5x28.5cm) / 전원부 : 24+1+2페이즈 / 페이즈당105A / Vcore출력합계 : 2520A / [메모리] 8266MHz (PC5-66128) / 4개 / 메모리 용량 : 최대 192GB / XMP / [확장슬롯] PCIe버전 : PCIe5.0 , PCIe3.0 / PCIex16 : 1개 / PCIex16(at x4) : 1개 / CrossFire / [저장장치] M.2 : 5개 / SATA3 : 4개 / M.2 연결 : PCIe5.0 , PCIe4.0 , NVMe , SATA , PCIe 레인공유 / [후면단자] Type-C / 썬더볼트4 / USB3.x 10Gbps / RJ-45 / S/PDIF / 오디오잭 / BIOS플래시백 / USB A타입 : 10개 / USB C타입 : 2개 / [랜/오디오] 유선랜 칩셋 : Marvell AQtion AQC107, Intel / 10Gbps, 2.5Gbps / RJ-45 : 2개 / 듀얼LAN / 무선랜(Wi-Fi) / 블루투스 / 오디오 칩셋 : ESS ES9280AC / 2채널 / [내부I/O] USB/팬 헤더 : USB3.0 헤더 , USB2.0 헤더 , USB3.2 Type C 헤더 , RGB 12V 4핀 헤더 , ARGB 5V 3핀 헤더 , CPU추가팬(OPT) 헤더 / 시스템팬 4핀 : 1개(3개확장) / [특징] SPS(DrMOS) / 전원부 방열판 / M.2 히트싱크 / 일체형IO실드 / LCD(인디게이터) / LED라이트 / UEFI 닫기",https://img.danuri.io/catalog-image/606/326/054/7347bad60aaa42408f8967a80c5cd282.jpg?shrink=130:130&_v=20260921080444,https://prod.danawa.com/info/?pcode=54326606&cate=112751
422,GIGABYTE,GIGABYTE H610M K V2 제이씨현,"74,500","인텔(소켓1700) / 인텔 H610 / DDR5 / VGA 연결 : PCIe4.0 x16 / M-ATX (22.6x18.5cm) / 전원부 : 3+1+1페이즈 / 50A / Vcore출력합계 : 150 / 메모리 5600MHz (PC4-44800) / 2개 / 메모리 용량 : 최대 128GB / XMP3.0 / 확장슬롯 PCIe버전 : PCIe4.0 , PCIe3.0 / PCIex16 : 1개 / PCIex1 : 1개 / 저장장치 SATA3 : 2개 / M.2 : 1개 / M.2 연결 : PCIe , NVMe / 후면단자 HDMI / DP / USB3.x 5Gbps / USB 2.0 / RJ-45 / 오디오잭 / USB A타입 : 6개 / 랜/오디오 유선랜 칩셋 : Realtek / 1Gbps / RJ-45 : 1개 / 오디오 칩셋 : Realtek / 7.1채널(8ch) / 내부I/O USB/팬 헤더 : USB3.0 헤더 , USB2.0 헤더 / 시스템팬 4핀 : 1개 / I/O 헤더 : TPM 헤더 , 프론트오디오AAFP 헤더 / UEFI 닫기",https://img.danuri.io/catalog-image/349/046/066/c7cb7d19ee4445d5b2ff02d677215b1e.jpg?shrink=130:130&_v=20260921080444,https://prod.danawa.com/info/?pcode=66046349&cate=112751
423,GIGABYTE,GIGABYTE Z790 AORUS ELITE AX 피씨디렉트,"450,000","인텔 Z790 / 인텔(소켓1700) / DDR5 / VGA 연결 : PCIe5.0 x16 / ATX (30.5x24.4cm) / 전원부 : 16+1+2페이즈 / 페이즈당90A / Vcore출력합계 : 1440A / [메모리] 7600MHz (PC5-60800) / 4개 / 메모리 용량 : 최대 128GB / XMP / [확장슬롯] PCIe버전 : PCIe5.0 , PCIe4.0 , PCIe3.0 / PCIex16 : 1개 / PCIex16(at x4) : 2개 / CrossFire / [저장장치] M.2 : 4개 / SATA3 : 6개 / M.2 연결 : PCIe4.0 , NVMe , SATA / [후면단자] HDMI / DP / USB3.x 20Gbps / USB3.x 10Gbps / USB3.x 5Gbps / USB 2.0 / RJ-45 / S/PDIF / 오디오잭 / USB A타입 : 9개 / USB C타입 : 1개 / [랜/오디오] 유선랜 칩셋 : Realtek / 2.5Gbps / RJ-45 : 1개 / Intel AX211 or Realtek RTL8852CE / 무선랜(Wi-Fi) / 블루투스 / 오디오 칩셋 : Realtek / 7.1채널(8ch) / [내부I/O] USB/팬 헤더 : USB3.0 헤더 , USB2.0 헤더 , USB3.1 Type C 헤더 , RGB 12V 4핀 헤더 , ARGB 5V 3핀 헤더 / 시스템팬 4핀 : 4개 / I/O 헤더 : TPM 헤더 / [특징] DrMOS / 전원부 방열판 / M.2 히트싱크 / UEFI / 23년 11월 부로 제품 리비전 되어 전원부 70→90A, PCB디자인, 무선모듈 변경. 구매시 각 판매처에 리비전 여부 확인 바랍니다. 닫기",https://img.danuri.io/catalog-image/176/261/018/b1bfe69b3bb24e0f8a13c3afbc30baf0.jpg?shrink=130:130&_v=20260921080442,https://prod.danawa.com/info/?pcode=18261176&cate=112751
424,GIGABYTE,GIGABYTE H610M S2H V2 제이씨현,"112,500","인텔(소켓1700) / 인텔 H610 / DDR5 / VGA 연결 : PCIe4.0 x16 / M-ATX (22.3x19.6cm) / 전원부 : 4+1+1페이즈 / 50A / Vcore출력합계 : 200 / 메모리 5600MHz (PC5-44800) / 2개 / 메모리 용량 : 최대 128GB / XMP / 확장슬롯 PCIe버전 : PCIe4.0 , PCIe3.0 / PCIex16 : 1개 / PCIex1 : 1개 / 저장장치 SATA3 : 4개 / M.2 : 1개 / M.2 연결 : PCIe , NVMe / 후면단자 HDMI / DP / D-SUB / USB3.x 5Gbps / USB 2.0 / RJ-45 / 오디오잭 / PS/2 / USB A타입 : 6개 / 랜/오디오 유선랜 칩셋 : Realtek / 1Gbps / RJ-45 : 1개 / 오디오 칩셋 : Realtek / 7.1채널(8ch) / 내부I/O USB/팬 헤더 : USB3.0 헤더 , USB2.0 헤더 , RGB 12V 4핀 헤더 / 시스템팬 4핀 : 2개 / I/O 헤더 : TPM 헤더 , 프론트오디오AAFP 헤더 , 침입감지 헤더 , COM포트 헤더 / 특징 UEFI 닫기",https://img.danuri.io/catalog-image/067/046/066/1fdc61a410274b0b90437b59aa06b955.jpg?shrink=130:130&_v=20260921102604,https://prod.danawa.com/info/?pcode=66046067&cate=112751
425,GIGABYTE,GIGABYTE H610M H V2 제이씨현,"98,540","인텔(소켓1700) / 인텔 H610 / DDR5 / VGA 연결 : PCIe4.0 x16 / M-ATX (22.3x19.6cm) / 전원부 : 4+1+1페이즈 / 50A / Vcore출력합계 : 200 / 메모리 5600MHz (PC5-44800) / 2개 / 메모리 용량 : 최대 128GB / XMP / 확장슬롯 PCIe버전 : PCIe4.0 , PCIe3.0 / PCIex16 : 1개 / PCIex1 : 1개 / 저장장치 SATA3 : 4개 / M.2 : 1개 / M.2 연결 : PCIe , NVMe / 후면단자 HDMI / D-SUB / USB3.x 5Gbps / USB 2.0 / RJ-45 / 오디오잭 / PS/2 / USB A타입 : 6개 / 랜/오디오 유선랜 칩셋 : Realtek / 1Gbps / RJ-45 : 1개 / 오디오 칩셋 : Realtek / 7.1채널(8ch) / 내부I/O USB/팬 헤더 : USB3.0 헤더 , USB2.0 헤더 / 시스템팬 4핀 : 2개 / I/O 헤더 : TPM 헤더 , 프론트오디오AAFP 헤더 , 침입감지 헤더 , COM포트 헤더 / UEFI 닫기",https://img.danuri.io/catalog-image/259/046/066/f0d040bf798f4324977ea395c1388104.jpg?shrink=130:130&_v=20260921080444,https://prod.danawa.com/info/?pcode=66046259&cate=112751
426,GIGABYTE,GIGABYTE H610M H V2 피씨디렉트,"99,500","인텔 H610 / 인텔(소켓1700) / DDR5 / VGA 연결 : PCIe4.0 x16 / M-ATX (22.3x19.6cm) / 전원부 : 4+1+1페이즈 / 페이즈당50A / Vcore출력합계 : 200A / [메모리] 5600MHz (PC5-44800) / 2개 / 메모리 용량 : 최대 64GB / XMP / [확장슬롯] PCIe버전 : PCIe4.0 , PCIe3.0 / PCIex16 : 1개 / PCIex1 : 1개 / [저장장치] M.2 : 1개 / SATA3 : 4개 / M.2 연결 : PCIe , NVMe / [후면단자] HDMI / D-SUB / USB3.x 5Gbps / USB 2.0 / RJ-45 / 오디오잭 / PS/2 / USB A타입 : 6개 / [랜/오디오] 유선랜 칩셋 : Realtek / 1Gbps / RJ-45 : 1개 / 오디오 칩셋 : Realtek / 7.1채널(8ch) / [내부I/O] USB/팬 헤더 : USB3.0 헤더 , USB2.0 헤더 / 시스템팬 4핀 : 2개 / I/O 헤더 : TPM 헤더 , 프론트오디오AAFP 헤더 , 침입감지 헤더 , COM포트 헤더 / UEFI 닫기",https://img.danuri.io/catalog-image/265/375/064/042eed4fd15a44feac6b8eeb3f40361b.jpg?shrink=130:130&_v=20260921082643,https://prod.danawa.com/info/?pcode=64375265&cate=112751
427,GIGABYTE,GIGABYTE H610M S2H V2 피씨디렉트,"107,990","인텔 H610 / 인텔(소켓1700) / DDR5 / VGA 연결 : PCIe4.0 x16 / M-ATX (22.3x19.6cm) / 전원부 : 4+1+1페이즈 / 페이즈당50A / Vcore출력합계 : 200A / [메모리] 5600MHz (PC5-44800) / 2개 / 메모리 용량 : 최대 128GB / XMP / [확장슬롯] PCIe버전 : PCIe4.0 , PCIe3.0 / PCIex16 : 1개 / PCIex1 : 1개 / [저장장치] M.2 : 1개 / SATA3 : 4개 / M.2 연결 : PCIe , NVMe / [후면단자] HDMI / DP / D-SUB / USB3.x 5Gbps / USB 2.0 / RJ-45 / 오디오잭 / PS/2 / USB A타입 : 6개 / [랜/오디오] 유선랜 칩셋 : Realtek / 1Gbps / RJ-45 : 1개 / 오디오 칩셋 : Realtek / 7.1채널(8ch) / [내부I/O] USB/팬 헤더 : USB3.0 헤더 , USB2.0 헤더 , RGB 12V 4핀 헤더 / 시스템팬 4핀 : 2개 / I/O 헤더 : TPM 헤더 , 프론트오디오AAFP 헤더 , 침입감지 헤더 , COM포트 헤더 / [특징] UEFI 닫기",https://img.danuri.io/catalog-image/479/307/065/7d7cba7a55ee401380f2aa2b2b7d13e0.jpg?shrink=130:130&_v=20260921110112,https://prod.danawa.com/info/?pcode=65307479&cate=112751
428,GIGABYTE,GIGABYTE Z790 AORUS XTREME 제이씨현,"1,550,000","인텔 Z790 / 인텔(소켓1700) / DDR5 / VGA 연결 : PCIe5.0 x16 / E-ATX (30.5x28.5cm) / 전원부 : 20+1+2페이즈 / 페이즈당105A / Vcore출력합계 : 2100A / [메모리] 8000MHz (PC5-64000) / 4개 / 메모리 용량 : 최대 128GB / XMP / [확장슬롯] PCIe버전 : PCIe5.0 , PCIe3.0 / PCIex16 : 1개 / PCIex16(at x4) : 1개 / PCIex16(at x1) : 1개 / CrossFire / [저장장치] M.2 : 5개 / SATA3 : 4개 / M.2 연결 : PCIe5.0 , PCIe4.0 , NVMe , SATA / [후면단자] Type-C / 썬더볼트4 / USB3.x 10Gbps / RJ-45 / S/PDIF / 오디오잭 / USB A타입 : 10개 / USB C타입 : 2개 / [랜/오디오] 유선랜 칩셋 : Marvell AQtion AQC107, Intel 2.5GbE / 10Gbps / RJ-45 : 2개 / Killer AX1690 / 무선랜(Wi-Fi) / 블루투스 / 오디오 칩셋 : ESS ES9280AC / 2채널 / [내부I/O] USB/팬 헤더 : USB3.0 헤더 , USB2.0 헤더 , USB3.2 Type C 헤더 , ARGB 5V 3핀 헤더 / 시스템팬 4핀 : 8개 / [특징] SPS(DrMOS) / 전원부 방열판 / M.2 히트싱크 / LED라이트 / UEFI 닫기",https://img.danuri.io/catalog-image/412/460/018/e446fae8f6584757860b08db458006dc.jpg?shrink=130:130&_v=20260921080458,https://prod.danawa.com/info/?pcode=18460412&cate=112751
429,GIGABYTE,GIGABYTE H610M S2H D4 듀러블에디션 제이씨현,"129,000","인텔 H610 / 인텔(소켓1700) / DDR4 / VGA 연결 : PCIe4.0 x16 / M-ATX (23.0x21.5cm) / 전원부 : 6+1+1페이즈 / [메모리] 3200MHz (PC4-25600) / 2개 / 메모리 용량 : 최대 64GB / XMP / 옵테인 / [확장슬롯] PCIe버전 : PCIe4.0 , PCIe3.0 , PCIe / PCIex16 : 1개 / PCIex1 : 1개 / [저장장치] M.2 : 1개 / SATA3 : 4개 / M.2 연결 : PCIe , NVMe / [후면단자] HDMI / DP / DVI / D-SUB / USB3.x 5Gbps / USB 2.0 / RJ-45 / 오디오잭 / PS/2 / USB A타입 : 6개 / [랜/오디오] 유선랜 칩셋 : Intel / 1Gbps / RJ-45 : 1개 / 오디오 칩셋 : Realtek ALC897 / 7.1채널(8ch) / [내부I/O] USB/팬 헤더 : USB3.0 헤더 , USB2.0 헤더 , RGB 12V 4핀 헤더 / 시스템팬 4핀 : 2개 / I/O 헤더 : TPM 헤더 / [특징] UEFI 닫기",https://img.danuri.io/catalog-image/667/102/016/595879287d81471286125164118815c7.jpg?shrink=130:130&_v=20260921080454,https://prod.danawa.com/info/?pcode=16102667&cate=112751
430,GIGABYTE,GIGABYTE B760M AORUS ELITE 제이씨현,"190,000","인텔 B760 / 인텔(소켓1700) / DDR5 / VGA 연결 : PCIe4.0 x16 / M-ATX (24.4x24.4cm) / 전원부 : 12+1+1페이즈 / 페이즈당60A / Vcore출력합계 : 720A / [메모리] 7600MHz (PC5-60800) / 4개 / 메모리 용량 : 최대 128GB / XMP3.0 / [확장슬롯] PCIe버전 : PCIe4.0 / PCIex16 : 1개 / PCIex16(at x4) : 1개 / [저장장치] M.2 : 2개 / SATA3 : 4개 / M.2 연결 : PCIe4.0 , NVMe / [후면단자] HDMI / DP / USB3.x 20Gbps / USB3.x 10Gbps / USB3.x 5Gbps / USB 2.0 / RJ-45 / S/PDIF / 오디오잭 / USB A타입 : 8개 / USB C타입 : 1개 / [랜/오디오] 유선랜 칩셋 : Realtek / 2.5Gbps / RJ-45 : 1개 / 오디오 칩셋 : Realtek / 7.1채널(8ch) / [내부I/O] USB/팬 헤더 : USB3.0 헤더 , USB2.0 헤더 , USB3.1 Type C 헤더 , RGB 12V 4핀 헤더 , ARGB 5V 3핀 헤더 / [특징] DrMOS / 전원부 방열판 / M.2 히트싱크 / LED라이트 / UEFI 닫기",https://img.danuri.io/catalog-image/997/649/018/ece6b401f5ab49f29622971ab69b8a52.jpg?shrink=130:130&_v=20260921080457,https://prod.danawa.com/info/?pcode=18649997&cate=112751
431,GIGABYTE,GIGABYTE Z690 AORUS XTREME WATERFORCE 피씨디렉트,"1,080,000","인텔 Z690 / 인텔(소켓1700) / DDR5 / VGA 연결 : PCIe5.0 x16 / E-ATX (30.5x28.5cm) / 전원부 : 20+1+2페이즈 / 페이즈당105A / Vcore출력합계 : 2100A / [메모리] 6600MHz (PC5-52800) / 4개 / 메모리 용량 : 최대 128GB / XMP3.0 / 옵테인 / [확장슬롯] PCIe버전 : PCIe5.0 , PCIe4.0 , PCIe3.0 , PCIe / PCIex16 : 3개 / CrossFire / [저장장치] M.2 : 4개 / SATA3 : 4개 / M.2 연결 : PCIe4.0 , PCIe , NVMe , SATA / [후면단자] Type-C / 썬더볼트4 / USB3.x 10Gbps / RJ-45 / S/PDIF / 오디오잭 / USB A타입 : 10개 / USB C타입 : 2개 / [랜/오디오] 유선랜 칩셋 : Aquantia AQtion AQC113C, 인텔 2.5G / 10Gbps / RJ-45 : 2개 / 듀얼LAN / 무선랜(Wi-Fi) / 블루투스 / 오디오 칩셋 : ESS ES9280AC / 2채널 / [내부I/O] USB/팬 헤더 : USB3.0 헤더 , USB2.0 헤더 , USB3.2 Type C 헤더 , RGB 12V 4핀 헤더 , ARGB 5V 3핀 헤더 / 시스템팬 4핀 : 8개 / [특징] DrMOS / M.2 히트싱크 / LED라이트 / UEFI 닫기",https://img.danuri.io/catalog-image/150/932/015/dfca1dc9e70f4e4db556349f568b66c4.jpg?shrink=130:130&_v=20260921080444,https://prod.danawa.com/info/?pcode=15932150&cate=112751
432,GIGABYTE,GIGABYTE H610M S2H V2 D4 듀러블에디션 피씨디렉트,"114,000","인텔 H610 / 인텔(소켓1700) / DDR4 / VGA 연결 : PCIe4.0 x16 / M-ATX (23.0x21.5cm) / 전원부 : 6+1+1페이즈 / 페이즈당50A / Vcore출력합계 : 300A / [메모리] 3200MHz (PC4-25600) / 2개 / 메모리 용량 : 최대 64GB / XMP / [확장슬롯] PCIe버전 : PCIe4.0 , PCIe3.0 / PCIex16 : 1개 / PCIex1 : 1개 / [저장장치] M.2 : 1개 / SATA3 : 4개 / M.2 연결 : PCIe , NVMe / [후면단자] HDMI / DP / DVI / D-SUB / USB3.x 5Gbps / USB 2.0 / RJ-45 / 오디오잭 / PS/2 / USB A타입 : 6개 / [랜/오디오] 유선랜 칩셋 : Realtek / 1Gbps / RJ-45 : 1개 / 오디오 칩셋 : Realtek / 7.1채널(8ch) / [내부I/O] USB/팬 헤더 : USB3.0 헤더 , USB2.0 헤더 , RGB 12V 4핀 헤더 / 시스템팬 4핀 : 2개 / I/O 헤더 : TPM 헤더 / [특징] UEFI 닫기",https://img.danuri.io/catalog-image/107/170/019/8c480ababf204329baa112e3710c592c.jpg?shrink=130:130&_v=20260921080457,https://prod.danawa.com/info/?pcode=19170107&cate=112751
433,GIGABYTE,GIGABYTE Z690 AORUS ELITE 피씨디렉트,"450,000","인텔 Z690 / 인텔(소켓1700) / DDR5 / VGA 연결 : PCIe5.0 x16 / ATX (30.5x24.4cm) / 전원부 : 16+1+2페이즈 / 페이즈당60A / Vcore출력합계 : 960A / [메모리] 6000MHz (PC5-48000) / 4개 / 메모리 용량 : 최대 128GB / XMP / 옵테인 / [확장슬롯] PCIe버전 : PCIe5.0 , PCIe4.0 , PCIe3.0 , PCIe / PCIex16 : 3개 / CrossFire / [저장장치] M.2 : 4개 / SATA3 : 6개 / M.2 연결 : PCIe4.0 , PCIe , NVMe , SATA / [후면단자] HDMI / DP / USB3.x 20Gbps / USB3.x 10Gbps / USB3.x 5Gbps / USB 2.0 / RJ-45 / S/PDIF / 오디오잭 / USB A타입 : 9개 / USB C타입 : 1개 / 유선랜 칩셋 : Realtek / 2.5Gbps / RJ-45 : 1개 / 오디오 칩셋 : Realtek ALC1220-VB / [내부I/O] USB/팬 헤더 : USB3.0 헤더 , USB2.0 헤더 , USB3.1 Type C 헤더 , RGB 12V 4핀 헤더 , ARGB 5V 3핀 헤더 / 시스템팬 4핀 : 3개 / I/O 헤더 : TPM 헤더 / [특징] DrMOS / M.2 히트싱크 / LED라이트 / UEFI 닫기",https://img.danuri.io/catalog-image/582/653/015/4b1eb545df484b53beb8a41e5dd0560d.jpg?shrink=130:130&_v=20260921080444,https://prod.danawa.com/info/?pcode=15653582&cate=112751
434,GIGABYTE,GIGABYTE H610M H 듀러블에디션 제이씨현,"108,000","인텔 H610 / 인텔(소켓1700) / DDR5 / VGA 연결 : PCIe4.0 x16 / M-ATX (23.0x21.5cm) / 전원부 : 6+1+1페이즈 / [메모리] 5600MHz (PC4-44800) / 2개 / 메모리 용량 : 최대 64GB / XMP3.0 / [확장슬롯] PCIe버전 : PCIe4.0 , PCIe3.0 / PCIex16 : 1개 / PCIex1 : 1개 / [저장장치] M.2 : 1개 / SATA3 : 4개 / M.2 연결 : PCIe , NVMe / [후면단자] HDMI / D-SUB / USB3.x 5Gbps / USB 2.0 / RJ-45 / 오디오잭 / PS/2 / USB A타입 : 6개 / [랜/오디오] 유선랜 칩셋 : Realtek 1GbE / 1Gbps / RJ-45 : 1개 / 오디오 칩셋 : Realtek 오디오 / 7.1채널(8ch) / [내부I/O] USB/팬 헤더 : USB3.0 헤더 , USB2.0 헤더 , RGB 12V 4핀 헤더 / 시스템팬 4핀 : 2개 / I/O 헤더 : TPM 헤더 / [특징] UEFI 닫기",https://img.danuri.io/catalog-image/507/619/019/15c1e7e392624e5fa4410bd8e6e18ae7.jpg?shrink=130:130&_v=20260921080443,https://prod.danawa.com/info/?pcode=19619507&cate=112751
435,GIGABYTE,GIGABYTE B760M DS3H 피씨디렉트,"151,720","인텔 B760 / 인텔(소켓1700) / DDR5 / VGA 연결 : PCIe4.0 x16 / M-ATX (24.4x24.4cm) / 전원부 : 6+2+1페이즈 / [메모리] 7600MHz (PC5-60800) / 4개 / 메모리 용량 : 최대 128GB / XMP3.0 / [확장슬롯] PCIe버전 : PCIe4.0 , PCIe3.0 / PCIex16 : 1개 / PCIex1 : 2개 / [저장장치] M.2 : 2개 / SATA3 : 4개 / M.2 연결 : PCIe4.0 , NVMe / [후면단자] HDMI / DP / D-SUB / USB3.x 10Gbps / USB3.x 5Gbps / USB 2.0 / RJ-45 / 오디오잭 / PS/2 / USB A타입 : 5개 / USB C타입 : 1개 / [랜/오디오] 유선랜 칩셋 : Realtek / 2.5Gbps / RJ-45 : 1개 / 오디오 칩셋 : Realtek / 7.1채널(8ch) / [내부I/O] USB/팬 헤더 : USB3.0 헤더 , USB2.0 헤더 , RGB 12V 4핀 헤더 , ARGB 5V 3핀 헤더 / 시스템팬 4핀 : 3개 / I/O 헤더 : TPM 헤더 / [특징] 전원부 방열판 / M.2 히트싱크 / UEFI 닫기",https://img.danuri.io/catalog-image/991/781/018/59e44b8a455443b3818469d4bf31a298.jpg?shrink=130:130&_v=20260921080444,https://prod.danawa.com/info/?pcode=18781991&cate=112751
436,GIGABYTE,GIGABYTE Z790 AORUS ELITE AX 제이씨현,"450,000","인텔 Z790 / 인텔(소켓1700) / DDR5 / VGA 연결 : PCIe5.0 x16 / ATX (30.5x24.4cm) / 전원부 : 16+1+2페이즈 / 페이즈당70A / Vcore출력합계 : 1120A / [메모리] 7600MHz (PC5-60800) / 4개 / 메모리 용량 : 최대 128GB / XMP / [확장슬롯] PCIe버전 : PCIe5.0 , PCIe4.0 , PCIe3.0 / PCIex16 : 1개 / PCIex16(at x4) : 2개 / CrossFire / [저장장치] M.2 : 4개 / SATA3 : 6개 / M.2 연결 : PCIe4.0 , NVMe , SATA / [후면단자] HDMI / DP / USB3.x 20Gbps / USB3.x 10Gbps / USB3.x 5Gbps / USB 2.0 / RJ-45 / S/PDIF / 오디오잭 / USB A타입 : 9개 / USB C타입 : 1개 / [랜/오디오] 유선랜 칩셋 : Realtek / 2.5Gbps / RJ-45 : 1개 / Intel AX211 / 무선랜(Wi-Fi) / 블루투스 / 오디오 칩셋 : Realtek / 7.1채널(8ch) / [내부I/O] USB/팬 헤더 : USB3.0 헤더 , USB2.0 헤더 , USB3.1 Type C 헤더 , RGB 12V 4핀 헤더 , ARGB 5V 3핀 헤더 / 시스템팬 4핀 : 4개 / I/O 헤더 : TPM 헤더 / [특징] DrMOS / 전원부 방열판 / M.2 히트싱크 / UEFI 닫기",https://img.danuri.io/catalog-image/857/264/018/392af8d447df4117835e09e2979552f0.jpg?shrink=130:130&_v=20260921080443,https://prod.danawa.com/info/?pcode=18264857&cate=112751
437,GIGABYTE,GIGABYTE B760M DS3H 제이씨현,"139,000","인텔 B760 / 인텔(소켓1700) / DDR5 / VGA 연결 : PCIe4.0 x16 / M-ATX (24.4x24.4cm) / 전원부 : 6+2+1페이즈 / [메모리] 7600MHz (PC5-60800) / 4개 / 메모리 용량 : 최대 128GB / XMP3.0 / [확장슬롯] PCIe버전 : PCIe4.0 , PCIe3.0 / PCIex16 : 1개 / PCIex1 : 2개 / [저장장치] M.2 : 2개 / SATA3 : 4개 / M.2 연결 : PCIe4.0 , NVMe / [후면단자] HDMI / DP / D-SUB / USB3.x 10Gbps / USB3.x 5Gbps / USB 2.0 / RJ-45 / 오디오잭 / PS/2 / USB A타입 : 5개 / USB C타입 : 1개 / [랜/오디오] 유선랜 칩셋 : Realtek / 2.5Gbps / RJ-45 : 1개 / 오디오 칩셋 : Realtek / 7.1채널(8ch) / [내부I/O] USB/팬 헤더 : USB3.0 헤더 , USB2.0 헤더 , RGB 12V 4핀 헤더 , ARGB 5V 3핀 헤더 / 시스템팬 4핀 : 3개 / I/O 헤더 : TPM 헤더 / [특징] 전원부 방열판 / M.2 히트싱크 / UEFI 닫기",https://img.danuri.io/catalog-image/608/813/018/a8f47ee3741c4987bde853edc62cf9e2.jpg?shrink=130:130&_v=20260921080609,https://prod.danawa.com/info/?pcode=18813608&cate=112751
438,GIGABYTE,GIGABYTE B760M AORUS ELITE 피씨디렉트,"189,990","인텔 B760 / 인텔(소켓1700) / DDR5 / VGA 연결 : PCIe4.0 x16 / M-ATX (24.4x24.4cm) / 전원부 : 12+1+1페이즈 / 페이즈당60A / Vcore출력합계 : 720A / [메모리] 7800MHz (PC5-62400) / 4개 / 메모리 용량 : 최대 192GB / XMP3.0 / [확장슬롯] PCIe버전 : PCIe4.0 / PCIex16 : 1개 / PCIex16(at x4) : 1개 / [저장장치] M.2 : 2개 / SATA3 : 4개 / M.2 연결 : PCIe4.0 , NVMe / [후면단자] HDMI / DP / USB3.x 20Gbps / USB3.x 10Gbps / USB3.x 5Gbps / USB 2.0 / RJ-45 / S/PDIF / 오디오잭 / USB A타입 : 8개 / USB C타입 : 1개 / [랜/오디오] 유선랜 칩셋 : Realtek / 2.5Gbps / RJ-45 : 1개 / 오디오 칩셋 : Realtek / 7.1채널(8ch) / [내부I/O] USB/팬 헤더 : USB3.0 헤더 , USB2.0 헤더 , USB3.1 Type C 헤더 , RGB 12V 4핀 헤더 , ARGB 5V 3핀 헤더 / [특징] DrMOS / 전원부 방열판 / M.2 히트싱크 / LED라이트 / UEFI / 24년 4월부로 지원메모리 용량&속도 확장 닫기",https://img.danuri.io/catalog-image/431/651/018/f64db52e0cc644d4821b78c8c92d4b17.jpg?shrink=130:130&_v=20260920080505,https://prod.danawa.com/info/?pcode=18651431&cate=112751
439,GIGABYTE,GIGABYTE H610M K 제이씨현,"82,990","인텔 H610 / 인텔(소켓1700) / DDR5 / VGA 연결 : PCIe4.0 x16 / M-ATX (23.0x21.5cm) / 전원부 : 3+1+1페이즈 / 페이즈당50A / Vcore출력합계 : 150A / [메모리] 5600MHz (PC4-44800) / 2개 / 메모리 용량 : 최대 96GB / XMP3.0 / XMP / [확장슬롯] PCIe버전 : PCIe4.0 , PCIe3.0 / PCIex16 : 1개 / PCIex1 : 1개 / [저장장치] M.2 : 1개 / SATA3 : 2개 / M.2 연결 : PCIe , NVMe / [후면단자] HDMI / DP / USB3.x 5Gbps / USB 2.0 / RJ-45 / 오디오잭 / USB A타입 : 6개 / [랜/오디오] 유선랜 칩셋 : Realtek / 1Gbps / RJ-45 : 1개 / 오디오 칩셋 : Realtek / 7.1채널(8ch) / [내부I/O] USB/팬 헤더 : USB3.0 헤더 , USB2.0 헤더 / 시스템팬 4핀 : 1개 / I/O 헤더 : TPM 헤더 , 프론트오디오AAFP 헤더 / [특징] UEFI 닫기",https://img.danuri.io/catalog-image/515/938/019/6c0638a3abb04f4a9da61260d91c39f9.jpg?shrink=130:130&_v=20260921080443,https://prod.danawa.com/info/?pcode=19938515&cate=112751
440,GIGABYTE,GIGABYTE Z690 AORUS ELITE 제이씨현,"369,000","인텔 Z690 / 인텔(소켓1700) / DDR5 / VGA 연결 : PCIe5.0 x16 / ATX (30.5x24.4cm) / 전원부 : 16+1+2페이즈 / 페이즈당60A / Vcore출력합계 : 960A / [메모리] 6000MHz (PC5-48000) / 4개 / 메모리 용량 : 최대 128GB / XMP / 옵테인 / [확장슬롯] PCIe버전 : PCIe5.0 , PCIe4.0 , PCIe3.0 , PCIe / PCIex16 : 3개 / CrossFire / [저장장치] M.2 : 4개 / SATA3 : 6개 / M.2 연결 : PCIe4.0 , PCIe , NVMe , SATA / [후면단자] HDMI / DP / USB3.x 20Gbps / USB3.x 10Gbps / USB3.x 5Gbps / USB 2.0 / RJ-45 / S/PDIF / 오디오잭 / USB A타입 : 9개 / USB C타입 : 1개 / 유선랜 칩셋 : Realtek / 2.5Gbps / RJ-45 : 1개 / 오디오 칩셋 : Realtek ALC1220-VB / [내부I/O] USB/팬 헤더 : USB3.0 헤더 , USB2.0 헤더 , USB3.1 Type C 헤더 , RGB 12V 4핀 헤더 , ARGB 5V 3핀 헤더 / 시스템팬 4핀 : 3개 / I/O 헤더 : TPM 헤더 / [특징] DrMOS / M.2 히트싱크 / LED라이트 / UEFI 닫기",https://img.danuri.io/catalog-image/012/791/015/c681d555b1774b87b4073ed2f492c7c2.jpg?shrink=130:130&_v=20260920080422,https://prod.danawa.com/info/?pcode=15791012&cate=112751
441,GIGABYTE,GIGABYTE H610M H V2 D4 제이씨현,"92,120","인텔 H610 / 인텔(소켓1700) / DDR4 / VGA 연결 : PCIe4.0 x16 / M-ATX (23.0x21.5cm) / 전원부 : 6+1+1페이즈 / [메모리] 3200MHz (PC4-25600) / 2개 / 메모리 용량 : 최대 64GB / XMP / [확장슬롯] PCIe버전 : PCIe4.0 , PCIe3.0 / PCIex16 : 1개 / PCIex1 : 1개 / [저장장치] M.2 : 1개 / SATA3 : 4개 / M.2 연결 : PCIe , NVMe / [후면단자] HDMI / D-SUB / USB3.x 5Gbps / USB 2.0 / RJ-45 / 오디오잭 / PS/2 / USB A타입 : 6개 / [랜/오디오] 유선랜 칩셋 : Realtek / 1Gbps / RJ-45 : 1개 / 오디오 칩셋 : Realtek / 7.1채널(8ch) / [내부I/O] USB/팬 헤더 : USB3.0 헤더 , USB2.0 헤더 / 시스템팬 4핀 : 2개 / I/O 헤더 : TPM 헤더 , 프론트오디오AAFP 헤더 , COM포트 헤더 / UEFI 닫기",https://img.danuri.io/catalog-image/924/462/020/d9b50140cfc14d968ad637c3ad15091d.jpg?shrink=130:130&_v=20260920080422,https://prod.danawa.com/info/?pcode=20462924&cate=112751
442,GIGABYTE,GIGABYTE H610M K 피씨디렉트,"81,000","인텔 H610 / 인텔(소켓1700) / DDR5 / VGA 연결 : PCIe4.0 x16 / M-ATX (23.0x21.5cm) / 전원부 : 3+1+1페이즈 / 페이즈당50A / Vcore출력합계 : 150A / [메모리] 5600MHz (PC4-44800) / 2개 / 메모리 용량 : 최대 96GB / XMP3.0 / XMP / [확장슬롯] PCIe버전 : PCIe4.0 , PCIe3.0 / PCIex16 : 1개 / PCIex1 : 1개 / [저장장치] M.2 : 1개 / SATA3 : 2개 / M.2 연결 : PCIe , NVMe / [후면단자] HDMI / DP / USB3.x 5Gbps / USB 2.0 / RJ-45 / 오디오잭 / USB A타입 : 6개 / [랜/오디오] 유선랜 칩셋 : Realtek / 1Gbps / RJ-45 : 1개 / 오디오 칩셋 : Realtek / 7.1채널(8ch) / [내부I/O] USB/팬 헤더 : USB3.0 헤더 , USB2.0 헤더 / 시스템팬 4핀 : 1개 / I/O 헤더 : TPM 헤더 , 프론트오디오AAFP 헤더 / [특징] UEFI 닫기",https://img.danuri.io/catalog-image/916/999/019/201a357e18dd4142a564e3d54727ac23.jpg?shrink=130:130&_v=20260919080431,https://prod.danawa.com/info/?pcode=19999916&cate=112751
443,GIGABYTE,GIGABYTE H610M S2H 듀러블에디션 피씨디렉트,"121,000","인텔 H610 / 인텔(소켓1700) / DDR5 / VGA 연결 : PCIe4.0 x16 / M-ATX (23.0x21.5cm) / 전원부 : 6+1+1페이즈 / [메모리] 5600MHz (PC4-44800) / 2개 / 메모리 용량 : 최대 64GB / XMP3.0 / [확장슬롯] PCIe버전 : PCIe4.0 , PCIe3.0 / PCIex16 : 1개 / PCIex1 : 1개 / [저장장치] M.2 : 1개 / SATA3 : 4개 / M.2 연결 : PCIe , NVMe / [후면단자] HDMI / DP / DVI / D-SUB / USB3.x 5Gbps / USB 2.0 / RJ-45 / 오디오잭 / PS/2 / USB A타입 : 6개 / [랜/오디오] 유선랜 칩셋 : Realtek GbE / 1Gbps / RJ-45 : 1개 / 오디오 칩셋 : Realtek / 7.1채널(8ch) / [내부I/O] USB/팬 헤더 : USB3.0 헤더 , USB2.0 헤더 , RGB 12V 4핀 헤더 / 시스템팬 4핀 : 2개 / I/O 헤더 : TPM 헤더 / [특징] UEFI 닫기",https://img.danuri.io/catalog-image/694/834/019/128bb454520e4b0eb39eb5c9396d507b.jpg?shrink=130:130&_v=20260918080634,https://prod.danawa.com/info/?pcode=19834694&cate=112751
444,GIGABYTE,GIGABYTE H610M S2H 듀러블에디션 제이씨현,"135,000","인텔 H610 / 인텔(소켓1700) / DDR5 / VGA 연결 : PCIe4.0 x16 / M-ATX (23.0x21.5cm) / 전원부 : 6+1+1페이즈 / [메모리] 5600MHz (PC4-44800) / 2개 / 메모리 용량 : 최대 64GB / XMP3.0 / [확장슬롯] PCIe버전 : PCIe4.0 , PCIe3.0 / PCIex16 : 1개 / PCIex1 : 1개 / [저장장치] M.2 : 1개 / SATA3 : 4개 / M.2 연결 : PCIe , NVMe / [후면단자] HDMI / DP / DVI / D-SUB / USB3.x 5Gbps / USB 2.0 / RJ-45 / 오디오잭 / PS/2 / USB A타입 : 6개 / [랜/오디오] 유선랜 칩셋 : Realtek GbE / 1Gbps / RJ-45 : 1개 / 오디오 칩셋 : Realtek / 7.1채널(8ch) / [내부I/O] USB/팬 헤더 : USB3.0 헤더 , USB2.0 헤더 , RGB 12V 4핀 헤더 / 시스템팬 4핀 : 2개 / I/O 헤더 : TPM 헤더 / [특징] UEFI 닫기",https://img.danuri.io/catalog-image/558/610/019/2f2e7364969e44a19008d6d458a5c4a5.jpg?shrink=130:130&_v=20260920080635,https://prod.danawa.com/info/?pcode=19610558&cate=112751
445,GIGABYTE,GIGABYTE H610M H D4 듀러블에디션 제이씨현,"102,000","인텔 H610 / 인텔(소켓1700) / DDR4 / VGA 연결 : PCIe4.0 x16 / M-ATX (23.0x21.5cm) / 전원부 : 6+1+1페이즈 / [메모리] 3200MHz (PC4-25600) / 2개 / 메모리 용량 : 최대 64GB / XMP / 옵테인 / [확장슬롯] PCIe버전 : PCIe4.0 , PCIe3.0 , PCIe / PCIex16 : 1개 / PCIex1 : 1개 / [저장장치] M.2 : 1개 / SATA3 : 4개 / M.2 연결 : PCIe , NVMe / [후면단자] HDMI / D-SUB / USB3.x 5Gbps / USB 2.0 / RJ-45 / 오디오잭 / PS/2 / USB A타입 : 6개 / [랜/오디오] 유선랜 칩셋 : Realtek 1GbE / 1Gbps / RJ-45 : 1개 / 오디오 칩셋 : Realtek ALC897 / 7.1채널(8ch) / [내부I/O] USB/팬 헤더 : USB3.0 헤더 , USB2.0 헤더 , RGB 12V 4핀 헤더 / 시스템팬 4핀 : 2개 / I/O 헤더 : TPM 헤더 / [특징] UEFI / 2022년 5월부로 랜칩셋 인텔→리얼텍으로 변경 닫기",https://img.danuri.io/catalog-image/367/102/016/0f0f6d3ef4704e0fb681393f067cf2a7.jpg?shrink=130:130&_v=20260918080528,https://prod.danawa.com/info/?pcode=16102367&cate=112751
446,GIGABYTE,GIGABYTE Z790 UD 제이씨현,"514,500","인텔 Z790 / 인텔(소켓1700) / DDR5 / VGA 연결 : PCIe5.0 x16 / ATX (30.5x24.4cm) / 전원부 : 16+1+1페이즈 / 페이즈당60A / Vcore출력합계 : 960A / [메모리] 7600MHz (PC5-60800) / 4개 / 메모리 용량 : 최대 128GB / XMP3.0 / [확장슬롯] PCIe버전 : PCIe5.0 , PCIe4.0 , PCIe3.0 / PCIex16 : 1개 / PCIex16(at x4) : 1개 / PCIex16(at x1) : 1개 / PCIex1 : 1개 / CrossFire / [저장장치] M.2 : 3개 / SATA3 : 6개 / M.2 연결 : PCIe4.0 , NVMe / [후면단자] HDMI / DP / USB3.x 20Gbps / USB3.x 10Gbps / USB3.x 5Gbps / USB 2.0 / RJ-45 / 오디오잭 / USB A타입 : 9개 / USB C타입 : 1개 / [랜/오디오] 유선랜 칩셋 : Realtek / 2.5Gbps / RJ-45 : 1개 / 오디오 칩셋 : Realtek / 7.1채널(8ch) / [내부I/O] USB/팬 헤더 : USB3.0 헤더 , USB2.0 헤더 , USB3.0 Type C 헤더 , RGB 12V 4핀 헤더 , ARGB 5V 3핀 헤더 / 시스템팬 4핀 : 4개 / I/O 헤더 : TPM 헤더 / [특징] DrMOS / 전원부 방열판 / M.2 히트싱크 / UEFI 닫기",https://img.danuri.io/catalog-image/187/265/018/6195e27f82d4425e970cb2a545be03a0.jpg?shrink=130:130&_v=20260920080422,https://prod.danawa.com/info/?pcode=18265187&cate=112751
447,GIGABYTE,GIGABYTE H610M K D4 제이씨현 (벌크),"70,380","인텔 H610 / 인텔(소켓1700) / DDR4 / VGA 연결 : PCIe4.0 x16 / M-ATX (22.6x18.5cm) / 전원부 : 3+1+1페이즈 / 페이즈당50A / Vcore출력합계 : 150A / [메모리] 3200MHz (PC4-25600) / 2개 / 메모리 용량 : 최대 64GB / XMP / [확장슬롯] PCIe버전 : PCIe4.0 , PCIe3.0 / PCIex16 : 1개 / PCIex1 : 1개 / [저장장치] M.2 : 1개 / SATA3 : 2개 / M.2 연결 : PCIe , NVMe / [후면단자] HDMI / USB3.x 5Gbps / USB 2.0 / RJ-45 / 오디오잭 / USB A타입 : 6개 / [랜/오디오] 유선랜 칩셋 : Realtek / 1Gbps / RJ-45 : 1개 / 오디오 칩셋 : Realtek / 7.1채널(8ch) / [내부I/O] USB/팬 헤더 : USB3.0 헤더 , USB2.0 헤더 / 시스템팬 4핀 : 1개 / I/O 헤더 : TPM 헤더 / [특징] UEFI 닫기",https://img.danuri.io/catalog-image/067/002/032/02cbe4f323a349a08bfae820a28e0953.jpg?shrink=130:130&_v=20260921092724,https://prod.danawa.com/info/?pcode=32002067&cate=112751
448,GIGABYTE,GIGABYTE H610M K D4 피씨디렉트 (벌크),"71,500","인텔 H610 / 인텔(소켓1700) / DDR4 / VGA 연결 : PCIe4.0 x16 / M-ATX (22.6x18.5cm) / 전원부 : 3+1+1페이즈 / 페이즈당50A / Vcore출력합계 : 150A / [메모리] 3200MHz (PC4-25600) / 2개 / 메모리 용량 : 최대 64GB / XMP / [확장슬롯] PCIe버전 : PCIe4.0 , PCIe3.0 / PCIex16 : 1개 / PCIex1 : 1개 / [저장장치] M.2 : 1개 / SATA3 : 2개 / M.2 연결 : PCIe , NVMe / [후면단자] HDMI / USB3.x 5Gbps / USB 2.0 / RJ-45 / 오디오잭 / [랜/오디오] 유선랜 칩셋 : Realtek / 1Gbps / RJ-45 : 1개 / 오디오 칩셋 : Realtek / 7.1채널(8ch) / [내부I/O] USB/팬 헤더 : USB3.0 헤더 , USB2.0 헤더 / 시스템팬 4핀 : 1개 / I/O 헤더 : TPM 헤더 / [특징] UEFI 닫기",https://img.danuri.io/catalog-image/501/286/037/c545fda9f62a418682783b83bac57878.jpg?shrink=130:130&_v=20260921095634,https://prod.danawa.com/info/?pcode=37286501&cate=112751
449,GIGABYTE,GIGABYTE H610M K 피씨디렉트 (벌크),"95,450","인텔 H610 / 인텔(소켓1700) / DDR5 / VGA 연결 : PCIe4.0 x16 / M-ATX (23.0x21.5cm) / 전원부 : 3+1+1페이즈 / 페이즈당50A / Vcore출력합계 : 150A / [메모리] 5600MHz (PC4-44800) / 2개 / 메모리 용량 : 최대 96GB / XMP3.0 / XMP / [확장슬롯] PCIe버전 : PCIe4.0 , PCIe3.0 / PCIex16 : 1개 / PCIex1 : 1개 / [저장장치] M.2 : 1개 / SATA3 : 2개 / M.2 연결 : PCIe , NVMe / [후면단자] HDMI / DP / USB3.x 5Gbps / USB 2.0 / RJ-45 / 오디오잭 / USB A타입 : 6개 / [랜/오디오] 유선랜 칩셋 : Realtek / 1Gbps / RJ-45 : 1개 / 오디오 칩셋 : Realtek / 7.1채널(8ch) / [내부I/O] USB/팬 헤더 : USB3.0 헤더 , USB2.0 헤더 / 시스템팬 4핀 : 1개 / I/O 헤더 : TPM 헤더 , 프론트오디오AAFP 헤더 / [특징] UEFI 닫기",https://img.danuri.io/catalog-image/687/286/037/3632cbed95564a45b05235eeaaa722e0.jpg?shrink=130:130&_v=20260921110323,https://prod.danawa.com/info/?pcode=37286687&cate=112751
450,GIGABYTE,GIGABYTE H610M K V2 제이씨현 (벌크),"73,000","인텔 H610 / 인텔(소켓1700) / DDR5 / VGA 연결 : PCIe4.0 x16 / M-ATX (22.6x18.5cm) / 전원부 : 3+1+1페이즈 / 페이즈당50A / Vcore출력합계 : 150A / [메모리] 5600MHz (PC4-44800) / 2개 / 메모리 용량 : 최대 128GB / XMP3.0 / [확장슬롯] PCIe버전 : PCIe4.0 , PCIe3.0 / PCIex16 : 1개 / PCIex1 : 1개 / [저장장치] M.2 : 1개 / SATA3 : 2개 / M.2 연결 : PCIe , NVMe / [후면단자] HDMI / DP / USB3.x 5Gbps / USB 2.0 / RJ-45 / 오디오잭 / USB A타입 : 6개 / [랜/오디오] 유선랜 칩셋 : Realtek / 1Gbps / RJ-45 : 1개 / 오디오 칩셋 : Realtek / 7.1채널(8ch) / [내부I/O] USB/팬 헤더 : USB3.0 헤더 , USB2.0 헤더 / 시스템팬 4핀 : 1개 / I/O 헤더 : TPM 헤더 , 프론트오디오AAFP 헤더 / UEFI 닫기",https://img.danuri.io/catalog-image/806/080/094/b87032521a44452f97e94e96804c974b.jpg?shrink=130:130&_v=20260921080609,https://prod.danawa.com/info/?pcode=94080806&cate=112751
451,GIGABYTE,GIGABYTE H610M H V2 D4 피씨디렉트 (벌크),"86,380","인텔 H610 / 인텔(소켓1700) / DDR4 / VGA 연결 : PCIe4.0 x16 / M-ATX (23.0x21.5cm) / 전원부 : 6+1+1페이즈 / [메모리] 3200MHz (PC4-25600) / 2개 / 메모리 용량 : 최대 64GB / XMP / [확장슬롯] PCIe버전 : PCIe4.0 , PCIe3.0 / PCIex16 : 1개 / PCIex1 : 1개 / [저장장치] M.2 : 1개 / SATA3 : 4개 / M.2 연결 : PCIe , NVMe / [후면단자] HDMI / D-SUB / USB3.x 5Gbps / USB 2.0 / RJ-45 / 오디오잭 / PS/2 / USB A타입 : 6개 / [랜/오디오] 유선랜 칩셋 : Realtek / 1Gbps / RJ-45 : 1개 / 오디오 칩셋 : Realtek / 7.1채널(8ch) / [내부I/O] USB/팬 헤더 : USB3.0 헤더 , USB2.0 헤더 / 시스템팬 4핀 : 2개 / I/O 헤더 : TPM 헤더 , 프론트오디오AAFP 헤더 , COM포트 헤더 / UEFI 닫기",https://img.danuri.io/catalog-image/591/286/037/e843dbc72e7242e794077bf5b2934e2d.jpg?shrink=130:130&_v=20260918080633,https://prod.danawa.com/info/?pcode=37286591&cate=112751
452,GIGABYTE,GIGABYTE H610M H V2 D4 제이씨현 (벌크),"99,000","인텔 H610 / 인텔(소켓1700) / DDR4 / VGA 연결 : PCIe4.0 x16 / M-ATX (23.0x21.5cm) / 전원부 : 6+1+1페이즈 / [메모리] 3200MHz (PC4-25600) / 2개 / 메모리 용량 : 최대 64GB / XMP / [확장슬롯] PCIe버전 : PCIe4.0 , PCIe3.0 / PCIex16 : 1개 / PCIex1 : 1개 / [저장장치] M.2 : 1개 / SATA3 : 4개 / M.2 연결 : PCIe , NVMe / [후면단자] HDMI / D-SUB / USB3.x 5Gbps / USB 2.0 / RJ-45 / 오디오잭 / PS/2 / USB A타입 : 6개 / [랜/오디오] 유선랜 칩셋 : Realtek / 1Gbps / RJ-45 : 1개 / 오디오 칩셋 : Realtek / 7.1채널(8ch) / [내부I/O] USB/팬 헤더 : USB3.0 헤더 , USB2.0 헤더 / 시스템팬 4핀 : 2개 / I/O 헤더 : TPM 헤더 , 프론트오디오AAFP 헤더 , COM포트 헤더 / UEFI 닫기",https://img.danuri.io/catalog-image/158/534/027/8ca7f32b1e61488998d3f21c16085f1b.jpg?shrink=130:130&_v=20260921080622,https://prod.danawa.com/info/?pcode=27534158&cate=112751
453,GIGABYTE,GIGABYTE Z790 AORUS ELITE AX (해외구매),"556,570","인텔(소켓1700) / DDR5 / 인텔 Z790 / VGA 연결 : PCIe5.0 x16 / ATX (30.5x24.4cm) / 전원부 : 16+1+2페이즈 / 페이즈당70A / Vcore출력합계 : 1120A / [메모리] 7600MHz (PC5-60800) / 4개 / 메모리 용량 : 최대 128GB / XMP / [확장슬롯] PCIe버전 : PCIe5.0 , PCIe4.0 , PCIe3.0 / PCIex16 : 1개 / PCIex16(at x4) : 2개 / CrossFire / [저장장치] M.2 : 4개 / SATA3 : 6개 / M.2 연결 : PCIe4.0 , NVMe , SATA / [후면단자] HDMI / DP / USB3.x 20Gbps / USB3.x 10Gbps / USB3.x 5Gbps / USB 2.0 / RJ-45 / S/PDIF / 오디오잭 / USB A타입 : 9개 / USB C타입 : 1개 / [랜/오디오] 유선랜 칩셋 : Realtek / 2.5Gbps / RJ-45 : 1개 / Intel AX211 / 무선랜(Wi-Fi) / 블루투스 / 오디오 칩셋 : Realtek / 7.1채널(8ch) / [내부I/O] USB/팬 헤더 : USB3.0 헤더 , USB2.0 헤더 , USB3.1 Type C 헤더 , RGB 12V 4핀 헤더 , ARGB 5V 3핀 헤더 / 시스템팬 4핀 : 4개 / I/O 헤더 : TPM 헤더 / [특징] DrMOS / 전원부 방열판 / M.2 히트싱크 / UEFI 닫기",https://img.danuri.io/catalog-image/078/344/018/4f7ee5f11fb44c5b97f141eba270d4f2.jpg?shrink=130:130&_v=20260920080506,https://prod.danawa.com/info/?pcode=18344078&cate=112751
454,GIGABYTE,GIGABYTE H610M K 피씨디렉트 (중고),"81,000","인텔(소켓1700) / DDR5 / 인텔 H610 / VGA 연결 : PCIe4.0 x16 / M-ATX (23.0x21.5cm) / 전원부 : 3+1+1페이즈 / 페이즈당50A / Vcore출력합계 : 150A / [메모리] 5600MHz (PC4-44800) / 2개 / 메모리 용량 : 최대 96GB / XMP3.0 / XMP / [확장슬롯] PCIe버전 : PCIe4.0 , PCIe3.0 / PCIex16 : 1개 / PCIex1 : 1개 / [저장장치] M.2 : 1개 / SATA3 : 2개 / M.2 연결 : PCIe , NVMe / [후면단자] HDMI / DP / USB3.x 5Gbps / USB 2.0 / RJ-45 / 오디오잭 / USB A타입 : 6개 / [랜/오디오] 유선랜 칩셋 : Realtek / 1Gbps / RJ-45 : 1개 / 오디오 칩셋 : Realtek / 7.1채널(8ch) / [내부I/O] USB/팬 헤더 : USB3.0 헤더 , USB2.0 헤더 / 시스템팬 4핀 : 1개 / I/O 헤더 : TPM 헤더 , 프론트오디오AAFP 헤더 / [특징] UEFI 닫기",https://img.danuri.io/catalog-image/954/314/096/3ab76c3fa1f74d209c3c2d7c5ad4cdf6.jpg?shrink=130:130&_v=20260823080511,https://prod.danawa.com/info/?pcode=96314954&cate=112751
455,GIGABYTE,GIGABYTE B860M DS3H 제이씨현,"167,460","인텔(소켓1851) / 인텔 B860 / DDR5 / VGA 연결 : PCIe5.0 x16 / M-ATX (24.4x24.4cm) / 전원부 : 5+1+2페이즈 / [메모리] 9066MHz (PC5-72500) / 4개 / 메모리 용량 : 최대 256GB / XMP / [확장슬롯] PCIe버전 : PCIe5.0 , PCIe4.0 / PCIex16 : 1개 / PCIex16(at x1) : 2개 / [저장장치] SATA3 : 4개 / M.2 : 2개 / M.2 연결 : PCIe5.0 , PCIe4.0 , NVMe / [후면단자] HDMI / DP / USB3.x 10Gbps / USB3.x 5Gbps / USB 2.0 / RJ-45 / 오디오잭 / PS/2 / USB A타입 : 6개 / [랜/오디오] 유선랜 칩셋 : Realtek / 2.5Gbps / RJ-45 : 1개 / 오디오 칩셋 : Realtek / 7.1채널(8ch) / [내부I/O] USB/팬 헤더 : 썬더볼트 헤더 , USB3.0 헤더 , USB2.0 헤더 , USB3.0 Type C 헤더 , RGB 12V 4핀 헤더 , ARGB 5V 3핀 헤더 , CPU추가팬(OPT) 헤더 , 펌프전용 헤더 / 시스템팬 4핀 : 1개 / I/O 헤더 : TPM 헤더 , 프론트오디오AAFP 헤더 / [특징] 일체형IO실드 / UEFI 닫기",https://img.danuri.io/catalog-image/349/251/074/62ce9d2b2a1548ccb1d917e02e3a2690.jpg?shrink=130:130&_v=20260921115948,https://prod.danawa.com/info/?pcode=74251349&cate=112751
456,GIGABYTE,GIGABYTE B860M GAMING X 피씨디렉트,"180,740","인텔(소켓1851) / 인텔 B860 / DDR5 / VGA 연결 : PCIe5.0 x16 / M-ATX (24.4x24.4cm) / 전원부 : 8+1+2페이즈 / 60A / Vcore출력합계 : 480 / [메모리] 9200MHz (PC5-73600) / 4개 / 메모리 용량 : 최대 256GB / XMP / [확장슬롯] PCIe버전 : PCIe5.0 , PCIe4.0 / PCIex16 : 1개 / PCIex16(at x4) : 1개 / [저장장치] SATA3 : 4개 / M.2 : 2개 / M.2 연결 : PCIe5.0 , PCIe4.0 , NVMe / [후면단자] HDMI / DP / Type-C / USB4 20Gbps / USB3.x 5Gbps / USB 2.0 / RJ-45 / S/PDIF / 오디오잭 / USB A타입 : 8개 / USB C타입 : 1개 / [랜/오디오] 유선랜 칩셋 : Realtek / 2.5Gbps / RJ-45 : 1개 / 오디오 칩셋 : Realtek / 7.1채널(8ch) / [내부I/O] USB/팬 헤더 : USB3.0 헤더 , USB2.0 헤더 , USB3.1 Type C 헤더 , RGB 12V 4핀 헤더 , ARGB 5V 3핀 헤더 , CPU추가팬(OPT) 헤더 , 펌프전용 헤더 / 시스템팬 4핀 : 1개 / I/O 헤더 : TPM 헤더 , 프론트오디오AAFP 헤더 / [특징] DrMOS / 전원부 방열판 / M.2 히트싱크 / 일체형IO실드 / UEFI 닫기",https://img.danuri.io/catalog-image/173/669/122/a1d75890ebf04e67baba63f7677a56fe.jpeg?shrink=130:130&_v=20260921135018,https://prod.danawa.com/info/?pcode=122669173&cate=112751
457,GIGABYTE,GIGABYTE B860M AORUS ELITE WIFI6E 피씨디렉트,"245,500","인텔 B860 / 인텔(소켓1851) / DDR5 / VGA 연결 : PCIe5.0 x16 / M-ATX (24.4x24.4cm) / 전원부 : 12+1+2페이즈 / 페이즈당60A / Vcore출력합계 : 720A / [메모리] 9200MHz (PC5-73600) / 4개 / 메모리 용량 : 최대 256GB / XMP / [확장슬롯] PCIe버전 : PCIe5.0 , PCIe4.0 / PCIex16 : 1개 / PCIex16(at x4) : 1개 / [저장장치] M.2 : 3개 / SATA3 : 4개 / M.2 연결 : PCIe5.0 , PCIe4.0 , NVMe / [후면단자] HDMI / DP / Type-C / USB4 40Gbps / USB3.x 10Gbps / USB3.x 5Gbps / USB 2.0 / RJ-45 / S/PDIF / 오디오잭 / USB A타입 : 10개 / USB C타입 : 1개 / [랜/오디오] 유선랜 칩셋 : Realtek / 2.5Gbps / RJ-45 : 1개 / Intel(v1.0), Realtek(v1.1) / 무선랜(Wi-Fi) / 블루투스 / 오디오 칩셋 : Realtek / 7.1채널(8ch) / [내부I/O] USB/팬 헤더 : 썬더볼트 헤더 , USB3.0 헤더 , USB2.0 헤더 , USB3.1 Type C 헤더 , RGB 12V 4핀 헤더 , ARGB 5V 3핀 헤더 , CPU추가팬(OPT) 헤더 , 펌프전용 헤더 / 시스템팬 4핀 : 3개 / I/O 헤더 : TPM 헤더 , 프론트오디오AAFP 헤더 / [특징] DrMOS / 전원부 방열판 / M.2 히트싱크 / 일체형IO실드 / LED라이트 / UEFI 닫기",https://img.danuri.io/catalog-image/390/255/074/b23c27663c3146d981d68540ecfd10de.jpg?shrink=130:130&_v=20260921132624,https://prod.danawa.com/info/?pcode=74255390&cate=112751
458,GIGABYTE,GIGABYTE Z890 AORUS ELITE WIFI7 제이씨현,"347,190","인텔(소켓1851) / 인텔 Z890 / DDR5 / VGA 연결 : PCIe5.0 x16 / ATX (30.5x24.4cm) / 전원부 : 16+1+2페이즈 / 80A / Vcore출력합계 : 1280 / 메모리 9200MHz (PC5-73600) / 4개 / 메모리 용량 : 최대 256GB / XMP / 확장슬롯 PCIe버전 : PCIe5.0 , PCIe4.0 / PCIex16 : 1개 / PCIex16(at x4) : 2개 / 저장장치 SATA3 : 4개 / M.2 : 4개 / M.2 연결 : PCIe5.0 , PCIe4.0 , NVMe , SATA / 후면단자 DP / Type-C / 썬더볼트4 / USB3.x 10Gbps / USB3.x 5Gbps / USB 2.0 / RJ-45 / S/PDIF / 오디오잭 / USB A타입 : 9개 / USB C타입 : 1개 / 랜/오디오 유선랜 칩셋 : Realtek / 2.5Gbps / RJ-45 : 1개 / MediaTek MT7925(at v1.0) / 무선랜(Wi-Fi) / 블루투스 / 오디오 칩셋 : Realtek ALC1220 / 7.1채널(8ch) / 내부I/O USB/팬 헤더 : USB3.0 헤더 , USB2.0 헤더 , USB3.2 Type C 헤더 , RGB 12V 4핀 헤더 , ARGB 5V 3핀 헤더 , CPU추가팬(OPT) 헤더 , 펌프전용 헤더 / 시스템팬 4핀 : 3개 / I/O 헤더 : TPM 헤더 , 디버그LED , 프론트오디오AAFP 헤더 / 특징 SPS(DrMOS) / 전원부 방열판 / M.2 히트싱크 / 일체형IO실드 / LED라이트 / UEFI 닫기",https://img.danuri.io/catalog-image/182/699/069/00143fb6525c4466827abba7d4d297d0.jpg?shrink=130:130&_v=20260921110208,https://prod.danawa.com/info/?pcode=69699182&cate=112751
459,GIGABYTE,GIGABYTE Z890 AORUS XTREME AI TOP 피씨디렉트,"1,650,240","인텔 Z890 / 인텔(소켓1851) / DDR5 / VGA 연결 : PCIe5.0 x16 / E-ATX (30.5x30.5cm) / 전원부 : 22+1+2페이즈 / 페이즈당110A / Vcore출력합계 : 2420A / [메모리] 9500MHz (PC5-76000) / 4개 / 메모리 용량 : 최대 256GB / XMP3.0 / [확장슬롯] PCIe버전 : PCIe5.0 , PCIe4.0 / PCIex16 : 1개 / PCIex16(at x8) : 1개 / PCIex16(at x4) : 1개 / [저장장치] M.2 : 4개 / SATA3 : 4개 / M.2 연결 : PCIe5.0 , PCIe4.0 , NVMe , SATA , PCIe 레인공유 / [후면단자] Type-C / 썬더볼트5 / USB3.x 10Gbps / RJ-45 / S/PDIF / 오디오잭 / BIOS플래시백 / USB A타입 : 10개 / USB C타입 : 2개 / [랜/오디오] 유선랜 칩셋 : Marvell AQtion AQC113C / 10Gbps / RJ-45 : 2개 / Intel BE200NGW / 무선랜(Wi-Fi) / 블루투스 / 오디오 칩셋 : ESS ES9280AC + ES9080 x2 / 2채널 / [내부I/O] USB/팬 헤더 : 썬더볼트4 헤더 , USB3.0 헤더 , USB2.0 헤더 , USB3.2 Type C 헤더 , RGB 12V 4핀 헤더 , ARGB 5V 3핀 헤더 , CPU추가팬(OPT) 헤더 / 시스템팬 4핀 : 3개 / I/O 헤더 : 프론트오디오AAFP 헤더 , 온도 센서 / [특징] SPS(DrMOS) / 전원부 방열판 / M.2 히트싱크 / 일체형IO실드 / LED라이트 / UEFI 닫기",https://img.danuri.io/catalog-image/675/227/072/02f584fdf10a477d977c67eef096798c.jpg?shrink=130:130&_v=20260921080458,https://prod.danawa.com/info/?pcode=72227675&cate=112751
460,GIGABYTE,GIGABYTE H810M S2H GEN5 피씨디렉트,"115,260","인텔 H810 / 인텔(소켓1851) / DDR5 / VGA 연결 : PCIe5.0 x16 / M-ATX (24.4x21.5cm) / [메모리] 6400MHz (PC5-51200) / 2개 / 메모리 용량 : 최대 128GB / XMP / [확장슬롯] PCIe버전 : PCIe5.0 , PCIe3.0 / PCIex16 : 1개 / PCIex1 : 1개 / [저장장치] M.2 : 1개 / SATA3 : 4개 / M.2 연결 : PCIe4.0 , NVMe / [후면단자] HDMI / DP / D-SUB / USB3.x 5Gbps / USB 2.0 / RJ-45 / 오디오잭 / PS/2 / USB A타입 : 6개 / [랜/오디오] 유선랜 칩셋 : Realtek / 1Gbps / 오디오 칩셋 : Realtek / 7.1채널(8ch) / [내부I/O] USB/팬 헤더 : USB3.0 헤더 , USB2.0 헤더 , USB3.0 Type C 헤더 , ARGB 5V 3핀 헤더 / 시스템팬 4핀 : 2개 / I/O 헤더 : TPM 헤더 , 프론트오디오AAFP 헤더 , S/PDIF OUT 헤더 닫기",https://img.danuri.io/catalog-image/174/688/106/bb763b011d5a4472b796d8754e334006.jpg?shrink=130:130&_v=20260921110213,https://prod.danawa.com/info/?pcode=106688174&cate=112751
461,GIGABYTE,GIGABYTE H810M H 제이씨현,"100,320","인텔(소켓1851) / 인텔 H810 / DDR5 / VGA 연결 : PCIe4.0 x16 / M-ATX (24.4x21.5cm) / 전원부 : 4+1+2페이즈 / [메모리] 6400MHz (PC5-51200) / 2개 / 메모리 용량 : 최대 128GB / XMP / [확장슬롯] PCIe버전 : PCIe4.0 , PCIe3.0 / PCIex16 : 1개 / PCIex1 : 1개 / [저장장치] SATA3 : 4개 / M.2 : 1개 / M.2 연결 : PCIe4.0 , NVMe / [후면단자] HDMI / D-SUB / USB3.x 5Gbps / USB 2.0 / RJ-45 / 오디오잭 / PS/2 / USB A타입 : 6개 / [랜/오디오] 유선랜 칩셋 : Realtek / 1Gbps / 오디오 칩셋 : Realtek / [내부I/O] USB/팬 헤더 : USB3.0 헤더 , USB2.0 헤더 , USB3.0 Type C 헤더 , ARGB 5V 3핀 헤더 / 시스템팬 4핀 : 2개 / I/O 헤더 : 프론트오디오AAFP 헤더 , COM포트 헤더 , S/PDIF OUT 헤더 닫기",https://img.danuri.io/catalog-image/815/941/076/ef74169124764df9ba93cc787145bb7b.jpg?shrink=130:130&_v=20260921110255,https://prod.danawa.com/info/?pcode=76941815&cate=112751
462,GIGABYTE,GIGABYTE Z890M AORUS ELITE WIFI7 ICE 피씨디렉트,"319,680","인텔(소켓1851) / 인텔 Z890 / DDR5 / VGA 연결 : PCIe5.0 x16 / M-ATX (24.4x24.4cm) / 전원부 : 12+1+2페이즈 / 60A / Vcore출력합계 : 720 / 메모리 9200MHz (PC5-73600) / 4개 / 메모리 용량 : 최대 256GB / XMP / 확장슬롯 PCIe버전 : PCIe5.0 , PCIe4.0 / PCIex16 : 1개 / PCIex16(at x4) : 1개 / 저장장치 SATA3 : 4개 / M.2 : 1개 / M.2 연결 : PCIe5.0 , PCIe4.0 , NVMe / 후면단자 DP / Type-C / 썬더볼트4 / USB3.x 10Gbps / USB3.x 5Gbps / USB 2.0 / RJ-45 / S/PDIF / 오디오잭 / USB A타입 : 9개 / USB C타입 : 1개 / 랜/오디오 유선랜 칩셋 : Realtek / 2.5Gbps / RJ-45 : 1개 / MediaTek MT7925(PCB rev. 1.0) / 무선랜(Wi-Fi) / 블루투스 / 오디오 칩셋 : Realtek / 7.1채널(8ch) / 내부I/O USB/팬 헤더 : USB3.0 헤더 , USB2.0 헤더 , USB3.2 Type C 헤더 , RGB 12V 4핀 헤더 , ARGB 5V 3핀 헤더 , CPU추가팬(OPT) 헤더 , 펌프전용 헤더 / 시스템팬 4핀 : 3개 / I/O 헤더 : TPM 헤더 , 프론트오디오AAFP 헤더 / 특징 전원부 방열판 / M.2 히트싱크 / 일체형IO실드 / LED라이트 / UEFI 닫기",https://img.danuri.io/catalog-image/854/617/122/b67d85b4e0aa440c8944eaa1b310e43e.jpeg?shrink=130:130&_v=20260921110112,https://prod.danawa.com/info/?pcode=122617854&cate=112751
463,GIGABYTE,GIGABYTE Z890 AORUS ELITE WIFI7 PLUS 피씨디렉트,"331,770","인텔(소켓1851) / 인텔 Z890 / DDR5 / VGA 연결 : PCIe5.0 x16 / ATX (30.5x24.4cm) / 전원부 : 16+1+2페이즈 / 60A / Vcore출력합계 : 960 / 메모리 9466MHz (PC5-75700) / 4개 / 메모리 용량 : 최대 256GB / XMP / 확장슬롯 PCIe버전 : PCIe5.0 , PCIe4.0 / PCIex16 : 1개 / PCIex16(at x4) : 2개 / 저장장치 SATA3 : 4개 / M.2 : 1개 / M.2 연결 : PCIe5.0 , PCIe4.0 , NVMe / 후면단자 DP / Type-C / 썬더볼트4 / USB3.x 10Gbps / USB3.x 5Gbps / USB 2.0 / RJ-45 / S/PDIF / 오디오잭 / USB A타입 : 9개 / USB C타입 : 1개 / 랜/오디오 유선랜 칩셋 : Realtek / 5Gbps / RJ-45 : 1개 / Intel BE200NGW / 무선랜(Wi-Fi) / 블루투스 / 오디오 칩셋 : Realtek ALC1220 / 7.1채널(8ch) / 내부I/O USB/팬 헤더 : USB3.0 헤더 , USB2.0 헤더 , USB3.2 Type C 헤더 , RGB 12V 4핀 헤더 , ARGB 5V 3핀 헤더 , CPU추가팬(OPT) 헤더 , 펌프전용 헤더 / 시스템팬 4핀 : 3개 / I/O 헤더 : TPM 헤더 , 프론트오디오AAFP 헤더 / 특징 전원부 방열판 / M.2 히트싱크 / 일체형IO실드 / LED라이트 / UEFI 닫기",https://img.danuri.io/catalog-image/802/617/122/aa5fc84e67104d1db7cc68d4a590c9ed.jpeg?shrink=130:130&_v=20260921082644,https://prod.danawa.com/info/?pcode=122617802&cate=112751
464,GIGABYTE,GIGABYTE B860 AORUS ELITE WIFI7 ICE 피씨디렉트,"283,790","인텔 B860 / 인텔(소켓1851) / DDR5 / VGA 연결 : PCIe5.0 x16 / ATX (30.5x24.4cm) / 전원부 : 14+1+2페이즈 / 페이즈당60A / Vcore출력합계 : 840A / [메모리] 9200MHz (PC5-73600) / 4개 / 메모리 용량 : 최대 256GB / XMP / [확장슬롯] PCIe버전 : PCIe5.0 , PCIe4.0 / PCIex16 : 1개 / PCIex16(at x1) : 2개 / [저장장치] M.2 : 3개 / SATA3 : 4개 / M.2 연결 : PCIe5.0 , PCIe4.0 , NVMe / [후면단자] HDMI / DP / Type-C / USB4 40Gbps / USB3.x 10Gbps / USB3.x 5Gbps / USB 2.0 / RJ-45 / S/PDIF / 오디오잭 / USB A타입 : 10개 / USB C타입 : 1개 / [랜/오디오] 유선랜 칩셋 : Realtek / 2.5Gbps / RJ-45 : 1개 / Realtek(v1.0), MediaTek(v1.1) / 무선랜(Wi-Fi) / 블루투스 / [내부I/O] USB/팬 헤더 : USB3.0 헤더 , USB2.0 헤더 , USB3.1 Type C 헤더 , RGB 12V 4핀 헤더 , ARGB 5V 3핀 헤더 , CPU추가팬(OPT) 헤더 , 펌프전용 헤더 / 시스템팬 4핀 : 3개 / I/O 헤더 : 프론트오디오AAFP 헤더 / [특징] DrMOS / 전원부 방열판 / M.2 히트싱크 / 일체형IO실드 / LED라이트 / UEFI 닫기",https://img.danuri.io/catalog-image/381/255/074/8e9f642093a8420d903f3dd1ebc93c4c.jpg?shrink=130:130&_v=20260921114638,https://prod.danawa.com/info/?pcode=74255381&cate=112751
465,GIGABYTE,GIGABYTE B860M AORUS ELITE 피씨디렉트,"212,990","인텔(소켓1851) / 인텔 B860 / DDR5 / VGA 연결 : PCIe5.0 x16 / M-ATX (24.4x24.4cm) / 전원부 : 12+1+2페이즈 / 60A / Vcore출력합계 : 720 / [메모리] 9200MHz (PC5-73600) / 4개 / 메모리 용량 : 최대 256GB / XMP / [확장슬롯] PCIe버전 : PCIe5.0 , PCIe4.0 / PCIex16 : 1개 / PCIex16(at x4) : 1개 / [저장장치] SATA3 : 4개 / M.2 : 3개 / M.2 연결 : PCIe5.0 , PCIe4.0 , NVMe / [후면단자] HDMI / DP / Type-C / USB4 40Gbps / USB3.x 10Gbps / USB3.x 5Gbps / USB 2.0 / RJ-45 / S/PDIF / 오디오잭 / USB A타입 : 10개 / USB C타입 : 1개 / [랜/오디오] 유선랜 칩셋 : Realtek / 2.5Gbps / RJ-45 : 1개 / 오디오 칩셋 : Realtek / 7.1채널(8ch) / [내부I/O] USB/팬 헤더 : 썬더볼트 헤더 , USB3.0 헤더 , USB2.0 헤더 , USB3.1 Type C 헤더 , RGB 12V 4핀 헤더 , ARGB 5V 3핀 헤더 , CPU추가팬(OPT) 헤더 , 펌프전용 헤더 / 시스템팬 4핀 : 3개 / I/O 헤더 : TPM 헤더 , 프론트오디오AAFP 헤더 / [특징] DrMOS / 전원부 방열판 / M.2 히트싱크 / 일체형IO실드 / LED라이트 / UEFI 닫기",https://img.danuri.io/catalog-image/384/255/074/67bda226f5e5420a99852d52f50b6099.jpeg?shrink=130:130&_v=20260921110334,https://prod.danawa.com/info/?pcode=74255384&cate=112751
466,GIGABYTE,GIGABYTE B860M AORUS ELITE WIFI6E ICE 피씨디렉트,"248,100","인텔(소켓1851) / 인텔 B860 / DDR5 / VGA 연결 : PCIe5.0 x16 / M-ATX (24.4x24.4cm) / 전원부 : 12+1+2페이즈 / 60A / Vcore출력합계 : 720 / [메모리] 9200MHz (PC5-73600) / 4개 / 메모리 용량 : 최대 256GB / XMP / [확장슬롯] PCIe버전 : PCIe5.0 , PCIe4.0 / PCIex16 : 1개 / PCIex16(at x4) : 1개 / [저장장치] SATA3 : 4개 / M.2 : 3개 / M.2 연결 : PCIe5.0 , PCIe4.0 , NVMe / [후면단자] HDMI / DP / Type-C / USB4 40Gbps / USB3.x 10Gbps / USB3.x 5Gbps / USB 2.0 / RJ-45 / S/PDIF / 오디오잭 / USB A타입 : 10개 / USB C타입 : 1개 / [랜/오디오] 유선랜 칩셋 : Realtek / 2.5Gbps / RJ-45 : 1개 / Intel(v1.0), Realtek(v1.1) / 무선랜(Wi-Fi) / 블루투스 / 오디오 칩셋 : Realtek / 7.1채널(8ch) / [내부I/O] USB/팬 헤더 : 썬더볼트 헤더 , USB3.0 헤더 , USB2.0 헤더 , USB3.1 Type C 헤더 , RGB 12V 4핀 헤더 , ARGB 5V 3핀 헤더 , CPU추가팬(OPT) 헤더 , 펌프전용 헤더 / 시스템팬 4핀 : 3개 / I/O 헤더 : TPM 헤더 , 프론트오디오AAFP 헤더 / [특징] DrMOS / 전원부 방열판 / M.2 히트싱크 / 일체형IO실드 / LED라이트 / UEFI 닫기",https://img.danuri.io/catalog-image/387/255/074/e0c38a9e81d34372a3f8f5859e710520.jpg?shrink=130:130&_v=20260921115823,https://prod.danawa.com/info/?pcode=74255387&cate=112751
467,GIGABYTE,GIGABYTE Z890I AORUS ULTRA 피씨디렉트,"469,620","인텔 Z890 / 인텔(소켓1851) / DDR5 / VGA 연결 : PCIe5.0 x16 / M-iTX (17.0x17.0cm) / 전원부 : 8+1+2페이즈 / 페이즈당105A / Vcore출력합계 : 840A / [메모리] 9200MHz (PC5-73600) / 2개 / 메모리 용량 : 최대 128GB / XMP / [확장슬롯] PCIe버전 : PCIe5.0 / PCIex16 : 1개 / [저장장치] M.2 : 2개 / SATA3 : 2개 / M.2 연결 : PCIe5.0 , PCIe4.0 , NVMe , SATA / [후면단자] HDMI / DP / Type-C / 썬더볼트4 / USB3.x 10Gbps / USB3.x 5Gbps / RJ-45 / S/PDIF / 오디오잭 / BIOS플래시백 / USB A타입 : 5개 / USB C타입 : 1개 / [랜/오디오] 유선랜 칩셋 : Realtek / 2.5Gbps / RJ-45 : 1개 / Intel BE202 / 무선랜(Wi-Fi) / 블루투스 / 오디오 칩셋 : Realtek / 7.1채널(8ch) / [내부I/O] USB/팬 헤더 : USB3.0 헤더 , USB2.0 헤더 , USB3.1 Type C 헤더 , ARGB 5V 3핀 헤더 , CPU추가팬(OPT) 헤더 / 시스템팬 4핀 : 1개 / I/O 헤더 : TPM 헤더 , 프론트오디오AAFP 헤더 / [특징] SPS(DrMOS) / 전원부 방열판 / M.2 히트싱크 / 일체형IO실드 / LED라이트 / UEFI 닫기",https://img.danuri.io/catalog-image/695/699/069/344f2718383848e2a8248467d5cfd5d7.jpg?shrink=130:130&_v=20260921095649,https://prod.danawa.com/info/?pcode=69699695&cate=112751
468,GIGABYTE,GIGABYTE B860M AORUS ELITE 제이씨현,"216,980","인텔(소켓1851) / 인텔 B860 / DDR5 / VGA 연결 : PCIe5.0 x16 / M-ATX (24.4x24.4cm) / 전원부 : 12+1+2페이즈 / 60A / Vcore출력합계 : 720 / [메모리] 9200MHz (PC5-73600) / 4개 / 메모리 용량 : 최대 256GB / XMP / [확장슬롯] PCIe버전 : PCIe5.0 , PCIe4.0 / PCIex16 : 1개 / PCIex16(at x4) : 1개 / [저장장치] SATA3 : 4개 / M.2 : 3개 / M.2 연결 : PCIe5.0 , PCIe4.0 , NVMe / [후면단자] HDMI / DP / Type-C / USB4 40Gbps / USB3.x 10Gbps / USB3.x 5Gbps / USB 2.0 / RJ-45 / S/PDIF / 오디오잭 / USB A타입 : 10개 / USB C타입 : 1개 / [랜/오디오] 유선랜 칩셋 : Realtek / 2.5Gbps / RJ-45 : 1개 / 오디오 칩셋 : Realtek / 7.1채널(8ch) / [내부I/O] USB/팬 헤더 : 썬더볼트 헤더 , USB3.0 헤더 , USB2.0 헤더 , USB3.1 Type C 헤더 , RGB 12V 4핀 헤더 , ARGB 5V 3핀 헤더 , CPU추가팬(OPT) 헤더 , 펌프전용 헤더 / 시스템팬 4핀 : 3개 / I/O 헤더 : TPM 헤더 , 프론트오디오AAFP 헤더 / [특징] DrMOS / 전원부 방열판 / M.2 히트싱크 / 일체형IO실드 / LED라이트 / UEFI 닫기",https://img.danuri.io/catalog-image/253/251/074/ea139d98811546798cc854cc98ea66b6.jpg?shrink=130:130&_v=20260921080444,https://prod.danawa.com/info/?pcode=74251253&cate=112751
469,GIGABYTE,GIGABYTE Z890 AORUS PRO ICE 제이씨현,"414,890","인텔(소켓1851) / 인텔 Z890 / DDR5 / VGA 연결 : PCIe5.0 x16 / ATX (30.5x24.4cm) / 전원부 : 16+1+2페이즈 / 90A / Vcore출력합계 : 1440 / 메모리 9500MHz (PC5-76000) / 4개 / 메모리 용량 : 최대 256GB / XMP / 확장슬롯 PCIe버전 : PCIe5.0 , PCIe4.0 / PCIex16 : 1개 / PCIex16(at x4) : 1개 / PCIex16(at x1) : 1개 / 저장장치 SATA3 : 4개 / M.2 : 5개 / M.2 연결 : PCIe5.0 , PCIe4.0 , NVMe , SATA / 후면단자 Type-C / 썬더볼트4 / USB3.x 10Gbps / USB3.x 5Gbps / USB 2.0 / RJ-45 / S/PDIF / 오디오잭 / USB A타입 : 10개 / USB C타입 : 2개 / 랜/오디오 유선랜 칩셋 : Realtek / 5Gbps / RJ-45 : 1개 / Intel BE200 / 무선랜(Wi-Fi) / 블루투스 / 오디오 칩셋 : Realtek ALC1220 / 7.1채널(8ch) / 내부I/O USB/팬 헤더 : USB3.0 헤더 , USB2.0 헤더 , USB3.2 Type C 헤더 , RGB 12V 4핀 헤더 , ARGB 5V 3핀 헤더 , CPU추가팬(OPT) 헤더 / 시스템팬 4핀 : 6개 / I/O 헤더 : TPM 헤더 , 디버그LED , 프론트오디오AAFP 헤더 / 특징 SPS(DrMOS) / 전원부 방열판 / M.2 히트싱크 / 일체형IO실드 / LED라이트 / UEFI 닫기",https://img.danuri.io/catalog-image/870/698/069/458c8c9b6b184c748639535abd2ba535.jpg?shrink=130:130&_v=20260921110258,https://prod.danawa.com/info/?pcode=69698870&cate=112751
470,GIGABYTE,GIGABYTE Z890 AORUS ELITE WIFI7 ICE 피씨디렉트,"348,500","인텔(소켓1851) / 인텔 Z890 / DDR5 / VGA 연결 : PCIe5.0 x16 / ATX (30.5x24.4cm) / 전원부 : 16+1+2페이즈 / 80A / Vcore출력합계 : 1280 / 메모리 9200MHz (PC5-73600) / 4개 / 메모리 용량 : 최대 256GB / XMP / 확장슬롯 PCIe버전 : PCIe5.0 , PCIe4.0 / PCIex16 : 1개 / PCIex16(at x4) : 2개 / 저장장치 SATA3 : 4개 / M.2 : 4개 / M.2 연결 : PCIe5.0 , PCIe4.0 , NVMe , SATA / 후면단자 DP / Type-C / 썬더볼트4 / USB3.x 10Gbps / USB3.x 5Gbps / USB 2.0 / RJ-45 / S/PDIF / 오디오잭 / USB A타입 : 9개 / USB C타입 : 1개 / 랜/오디오 유선랜 칩셋 : Realtek / 2.5Gbps / RJ-45 : 1개 / MediaTek MT7925(at v1.0) / 무선랜(Wi-Fi) / 블루투스 / 오디오 칩셋 : Realtek ALC1220 / 7.1채널(8ch) / 내부I/O USB/팬 헤더 : USB3.0 헤더 , USB2.0 헤더 , USB3.2 Type C 헤더 , RGB 12V 4핀 헤더 , ARGB 5V 3핀 헤더 , CPU추가팬(OPT) 헤더 , 펌프전용 헤더 / 시스템팬 4핀 : 3개 / I/O 헤더 : TPM 헤더 , 디버그LED , 프론트오디오AAFP 헤더 / 특징 SPS(DrMOS) / 전원부 방열판 / M.2 히트싱크 / 일체형IO실드 / LED라이트 / UEFI 닫기",https://img.danuri.io/catalog-image/599/699/069/b5b36dc681b14dccb6a8321d5dd43b04.jpg?shrink=130:130&_v=20260921125638,https://prod.danawa.com/info/?pcode=69699599&cate=112751
471,GIGABYTE,GIGABYTE Z890 AORUS ELITE DUO X 피씨디렉트,"409,000","인텔(소켓1851) / 인텔 Z890 / DDR5 / VGA 연결 : PCIe5.0 x16 / ATX (30.5x24.4cm) / 전원부 : 16+1+2페이즈 / 60A / Vcore출력합계 : 960 / 메모리 8000MHz (PC5-64000) / 2개 / 메모리 용량 : 최대 256GB / XMP / 확장슬롯 PCIe버전 : PCIe5.0 , PCIe4.0 / PCIex16 : 1개 / PCIex16(at x4) : 2개 / 저장장치 SATA3 : 4개 / M.2 : 2개 / M.2 연결 : PCIe5.0 , PCIe4.0 , NVMe , SATA / 후면단자 DP / Type-C / 썬더볼트4 / USB3.x 10Gbps / USB3.x 5Gbps / USB 2.0 / RJ-45 / S/PDIF / 오디오잭 / USB A타입 : 9개 / USB C타입 : 1개 / 랜/오디오 유선랜 칩셋 : Realtek / 5Gbps / RJ-45 : 1개 / Intel BE200NGW / 무선랜(Wi-Fi) / 블루투스 / 오디오 칩셋 : Realtek ALC1220 / 7.1채널(8ch) / 내부I/O USB/팬 헤더 : USB3.0 헤더 , USB2.0 헤더 , USB3.2 Type C 헤더 , RGB 12V 4핀 헤더 , ARGB 5V 3핀 헤더 , CPU추가팬(OPT) 헤더 , 펌프전용 헤더 / 시스템팬 4핀 : 3개 / I/O 헤더 : TPM 헤더 , 디버그LED , 프론트오디오AAFP 헤더 / 특징 전원부 방열판 / M.2 히트싱크 / 일체형IO실드 / LED라이트 / UEFI 닫기",https://img.danuri.io/catalog-image/482/680/109/7f84c68e63184ec58f368bdeea774159.jpg?shrink=130:130&_v=20260921080458,https://prod.danawa.com/info/?pcode=109680482&cate=112751
472,GIGABYTE,GIGABYTE Z890 AORUS MASTER 피씨디렉트,"638,520","인텔 Z890 / 인텔(소켓1851) / DDR5 / VGA 연결 : PCIe5.0 x16 / ATX (30.5x24.4cm) / 전원부 : 18+1+2페이즈 / 페이즈당110A / Vcore출력합계 : 1980A / [메모리] 9500MHz (PC5-76000) / 4개 / 메모리 용량 : 최대 256GB / XMP / [확장슬롯] PCIe버전 : PCIe5.0 , PCIe4.0 / PCIex16 : 1개 / PCIex16(at x4) : 1개 / PCIex16(at x1) : 1개 / [저장장치] M.2 : 5개 / SATA3 : 4개 / M.2 연결 : PCIe5.0 , PCIe4.0 , NVMe , SATA , PCIe 레인공유 / [후면단자] Type-C / 썬더볼트4 / USB3.x 10Gbps / USB3.x 5Gbps / USB 2.0 / S/PDIF / 오디오잭 / BIOS플래시백 / 클리어CMOS / USB A타입 : 12개 / USB C타입 : 2개 / [랜/오디오] 유선랜 칩셋 : Marvell AQtion AQC113C / 10Gbps / RJ-45 : 1개 / Intel BE200NGW / 무선랜(Wi-Fi) / 블루투스 / 오디오 칩셋 : ESS ES9118 / 5.1채널(6ch) / [내부I/O] USB/팬 헤더 : USB3.0 헤더 , USB2.0 헤더 , USB3.2 Type C 헤더 , RGB 12V 4핀 헤더 , ARGB 5V 3핀 헤더 , CPU추가팬(OPT) 헤더 / 시스템팬 4핀 : 8개 / I/O 헤더 : TPM 헤더 , 디버그LED , 프론트오디오AAFP 헤더 , 온도 센서 / [특징] SPS(DrMOS) / 전원부 방열판 / M.2 히트싱크 / 일체형IO실드 / LED라이트 / UEFI 닫기",https://img.danuri.io/catalog-image/467/699/069/da129bf26ee4422daa62c3ee1cde1274.jpg?shrink=130:130&_v=20260921125712,https://prod.danawa.com/info/?pcode=69699467&cate=112751
473,GIGABYTE,GIGABYTE Z890M AORUS ELITE WIFI7 피씨디렉트,"295,490","인텔(소켓1851) / 인텔 Z890 / DDR5 / VGA 연결 : PCIe5.0 x16 / M-ATX (24.4x24.4cm) / 전원부 : 12+1+2페이즈 / 60A / Vcore출력합계 : 720 / 메모리 9200MHz (PC5-73600) / 4개 / 메모리 용량 : 최대 256GB / XMP / 확장슬롯 PCIe버전 : PCIe5.0 , PCIe4.0 / PCIex16 : 1개 / PCIex16(at x4) : 1개 / 저장장치 SATA3 : 4개 / M.2 : 3개 / M.2 연결 : PCIe5.0 , PCIe4.0 , NVMe / 후면단자 DP / Type-C / 썬더볼트4 / USB3.x 10Gbps / USB3.x 5Gbps / USB 2.0 / RJ-45 / S/PDIF / 오디오잭 / USB A타입 : 9개 / USB C타입 : 1개 / 랜/오디오 유선랜 칩셋 : Realtek / 2.5Gbps / RJ-45 : 1개 / MediaTek MT7925(PCB rev. 1.0) / 무선랜(Wi-Fi) / 블루투스 / 오디오 칩셋 : Realtek / 7.1채널(8ch) / 내부I/O USB/팬 헤더 : USB3.0 헤더 , USB2.0 헤더 , USB3.2 Type C 헤더 , RGB 12V 4핀 헤더 , ARGB 5V 3핀 헤더 , CPU추가팬(OPT) 헤더 , 펌프전용 헤더 / 시스템팬 4핀 : 3개 / I/O 헤더 : TPM 헤더 , 프론트오디오AAFP 헤더 / 특징 전원부 방열판 / M.2 히트싱크 / 일체형IO실드 / LED라이트 / UEFI 닫기",https://img.danuri.io/catalog-image/914/617/122/5b8ff2ddfc664349851609d036381e31.jpeg?shrink=130:130&_v=20260921093358,https://prod.danawa.com/info/?pcode=122617914&cate=112751
474,GIGABYTE,GIGABYTE Z890 AORUS PRO ICE 피씨디렉트,"418,910","인텔 Z890 / 인텔(소켓1851) / DDR5 / VGA 연결 : PCIe5.0 x16 / ATX (30.5x24.4cm) / 전원부 : 16+1+2페이즈 / 페이즈당90A / Vcore출력합계 : 1440A / [메모리] 9500MHz (PC5-76000) / 4개 / 메모리 용량 : 최대 256GB / XMP / [확장슬롯] PCIe버전 : PCIe5.0 , PCIe4.0 / PCIex16 : 1개 / PCIex16(at x4) : 1개 / PCIex16(at x1) : 1개 / [저장장치] M.2 : 5개 / SATA3 : 4개 / M.2 연결 : PCIe5.0 , PCIe4.0 , NVMe , SATA / [후면단자] Type-C / 썬더볼트4 / USB3.x 10Gbps / USB3.x 5Gbps / USB 2.0 / RJ-45 / S/PDIF / 오디오잭 / USB A타입 : 10개 / USB C타입 : 2개 / [랜/오디오] 유선랜 칩셋 : Realtek / 5Gbps / RJ-45 : 1개 / Intel BE200 / 무선랜(Wi-Fi) / 블루투스 / 오디오 칩셋 : Realtek ALC1220 / 7.1채널(8ch) / [내부I/O] USB/팬 헤더 : USB3.0 헤더 , USB2.0 헤더 , USB3.2 Type C 헤더 , RGB 12V 4핀 헤더 , ARGB 5V 3핀 헤더 , CPU추가팬(OPT) 헤더 / 시스템팬 4핀 : 6개 / I/O 헤더 : TPM 헤더 , 디버그LED , 프론트오디오AAFP 헤더 / [특징] SPS(DrMOS) / 전원부 방열판 / M.2 히트싱크 / 일체형IO실드 / LED라이트 / UEFI 닫기",https://img.danuri.io/catalog-image/584/699/069/49b8e099e3d14388ae8e88f35176c9e8.jpg?shrink=130:130&_v=20260921124753,https://prod.danawa.com/info/?pcode=69699584&cate=112751
475,GIGABYTE,GIGABYTE B860M GAMING X 제이씨현,"181,590","인텔(소켓1851) / 인텔 B860 / DDR5 / VGA 연결 : PCIe5.0 x16 / M-ATX (24.4x24.4cm) / 전원부 : 8+1+2페이즈 / 60A / Vcore출력합계 : 480 / [메모리] 9200MHz (PC5-73600) / 4개 / 메모리 용량 : 최대 256GB / XMP / [확장슬롯] PCIe버전 : PCIe5.0 , PCIe4.0 / PCIex16 : 1개 / PCIex16(at x4) : 1개 / [저장장치] SATA3 : 4개 / M.2 : 2개 / M.2 연결 : PCIe5.0 , PCIe4.0 , NVMe / [후면단자] HDMI / DP / Type-C / USB4 20Gbps / USB3.x 5Gbps / USB 2.0 / RJ-45 / S/PDIF / 오디오잭 / USB A타입 : 8개 / USB C타입 : 1개 / [랜/오디오] 유선랜 칩셋 : Realtek / 2.5Gbps / RJ-45 : 1개 / 오디오 칩셋 : Realtek / 7.1채널(8ch) / [내부I/O] USB/팬 헤더 : USB3.0 헤더 , USB2.0 헤더 , USB3.1 Type C 헤더 , RGB 12V 4핀 헤더 , ARGB 5V 3핀 헤더 , CPU추가팬(OPT) 헤더 , 펌프전용 헤더 / 시스템팬 4핀 : 1개 / I/O 헤더 : TPM 헤더 , 프론트오디오AAFP 헤더 / [특징] 전원부 방열판 / M.2 히트싱크 / 일체형IO실드 / UEFI 닫기",https://img.danuri.io/catalog-image/874/676/122/862ba47b35884bc4936d82f28633ba23.jpeg?shrink=130:130&_v=20260921110329,https://prod.danawa.com/info/?pcode=122676874&cate=112751
476,GIGABYTE,GIGABYTE Z890 UD 제이씨현,"289,040","인텔(소켓1851) / 인텔 Z890 / DDR5 / VGA 연결 : PCIe5.0 x16 / ATX (30.5x24.4cm) / 전원부 : 12+1+2페이즈 / 60A / Vcore출력합계 : 720 / 메모리 8800MHz (PC5-70400) / 4개 / 메모리 용량 : 최대 256GB / XMP / 확장슬롯 PCIe버전 : PCIe5.0 , PCIe4.0 / PCIex16 : 1개 / PCIex16(at x4) : 2개 / 저장장치 SATA3 : 4개 / M.2 : 4개 / M.2 연결 : PCIe5.0 , PCIe4.0 , NVMe , SATA / 후면단자 DP / Type-C / USB4 40Gbps / USB3.x 10Gbps / USB3.x 5Gbps / USB 2.0 / RJ-45 / 오디오잭 / PS/2 / USB A타입 : 9개 / USB C타입 : 1개 / 랜/오디오 유선랜 칩셋 : Realtek / 2.5Gbps / RJ-45 : 1개 / 오디오 칩셋 : Realtek / 7.1채널(8ch) / 내부I/O USB/팬 헤더 : 썬더볼트 헤더 , USB3.0 헤더 , USB2.0 헤더 , USB3.0 Type C 헤더 , RGB 12V 4핀 헤더 , ARGB 5V 3핀 헤더 , CPU추가팬(OPT) 헤더 / 시스템팬 4핀 : 4개 / I/O 헤더 : TPM 헤더 , 디버그LED , 프론트오디오AAFP 헤더 , COM포트 헤더 / 특징 DrMOS / 전원부 방열판 / M.2 히트싱크 / UEFI 닫기",https://img.danuri.io/catalog-image/317/699/069/21e3c26823b94ab1b62eb0174ba5b071.jpg?shrink=130:130&_v=20260921102630,https://prod.danawa.com/info/?pcode=69699317&cate=112751
477,GIGABYTE,GIGABYTE Z890 AORUS ELITE WIFI7 PLUS 제이씨현,"341,720","인텔(소켓1851) / 인텔 Z890 / DDR5 / VGA 연결 : PCIe5.0 x16 / ATX (30.5x24.4cm) / 전원부 : 16+1+2페이즈 / 60A / Vcore출력합계 : 960 / 메모리 9466MHz (PC5-75700) / 4개 / 메모리 용량 : 최대 256GB / XMP / 확장슬롯 PCIe버전 : PCIe5.0 , PCIe4.0 / PCIex16 : 1개 / PCIex16(at x4) : 2개 / 저장장치 SATA3 : 4개 / M.2 : 1개 / M.2 연결 : PCIe5.0 , PCIe4.0 , NVMe / 후면단자 DP / Type-C / 썬더볼트4 / USB3.x 10Gbps / USB3.x 5Gbps / USB 2.0 / RJ-45 / S/PDIF / 오디오잭 / USB A타입 : 9개 / USB C타입 : 1개 / 랜/오디오 유선랜 칩셋 : Realtek / 5Gbps / RJ-45 : 1개 / Intel BE200NGW / 무선랜(Wi-Fi) / 블루투스 / 오디오 칩셋 : Realtek ALC1220 / 7.1채널(8ch) / 내부I/O USB/팬 헤더 : USB3.0 헤더 , USB2.0 헤더 , USB3.2 Type C 헤더 , RGB 12V 4핀 헤더 , ARGB 5V 3핀 헤더 , CPU추가팬(OPT) 헤더 , 펌프전용 헤더 / 시스템팬 4핀 : 3개 / I/O 헤더 : TPM 헤더 , 프론트오디오AAFP 헤더 / 특징 전원부 방열판 / M.2 히트싱크 / 일체형IO실드 / LED라이트 / UEFI 닫기",https://img.danuri.io/catalog-image/900/618/122/92a5f0bcf90e4370aa5fbcf157c26eac.jpeg?shrink=130:130&_v=20260921110255,https://prod.danawa.com/info/?pcode=122618900&cate=112751
478,GIGABYTE,GIGABYTE Z890 AORUS ELITE WIFI7 ICE 제이씨현,"350,510","인텔(소켓1851) / 인텔 Z890 / DDR5 / VGA 연결 : PCIe5.0 x16 / ATX (30.5x24.4cm) / 전원부 : 16+1+2페이즈 / 80A / Vcore출력합계 : 1280 / 메모리 9200MHz (PC5-73600) / 4개 / 메모리 용량 : 최대 256GB / XMP / 확장슬롯 PCIe버전 : PCIe5.0 , PCIe4.0 / PCIex16 : 1개 / PCIex16(at x4) : 2개 / 저장장치 SATA3 : 4개 / M.2 : 4개 / M.2 연결 : PCIe5.0 , PCIe4.0 , NVMe , SATA / 후면단자 DP / Type-C / 썬더볼트4 / USB3.x 10Gbps / USB3.x 5Gbps / USB 2.0 / RJ-45 / S/PDIF / 오디오잭 / USB A타입 : 9개 / USB C타입 : 1개 / 랜/오디오 유선랜 칩셋 : Realtek / 2.5Gbps / RJ-45 : 1개 / MediaTek MT7925(at v1.0) / 무선랜(Wi-Fi) / 블루투스 / 오디오 칩셋 : Realtek ALC1220 / 7.1채널(8ch) / 내부I/O USB/팬 헤더 : USB3.0 헤더 , USB2.0 헤더 , USB3.2 Type C 헤더 , RGB 12V 4핀 헤더 , ARGB 5V 3핀 헤더 , CPU추가팬(OPT) 헤더 , 펌프전용 헤더 / 시스템팬 4핀 : 3개 / I/O 헤더 : TPM 헤더 , 디버그LED , 프론트오디오AAFP 헤더 / 특징 SPS(DrMOS) / 전원부 방열판 / M.2 히트싱크 / 일체형IO실드 / LED라이트 / UEFI 닫기",https://img.danuri.io/catalog-image/071/699/069/ed577ccf035f44a28ad1ac1ec65c99d3.jpg?shrink=130:130&_v=20260921110220,https://prod.danawa.com/info/?pcode=69699071&cate=112751
479,GIGABYTE,GIGABYTE Z890 UD 피씨디렉트,"285,690","인텔 Z890 / 인텔(소켓1851) / DDR5 / VGA 연결 : PCIe5.0 x16 / ATX (30.5x24.4cm) / 전원부 : 12+1+2페이즈 / 페이즈당60A / Vcore출력합계 : 720A / [메모리] 9200MHz (PC5-73600) / 4개 / 메모리 용량 : 최대 256GB / XMP / [확장슬롯] PCIe버전 : PCIe5.0 , PCIe4.0 / PCIex16 : 1개 / PCIex16(at x4) : 2개 / [저장장치] M.2 : 4개 / SATA3 : 4개 / M.2 연결 : PCIe5.0 , PCIe4.0 , NVMe , SATA / [후면단자] DP / Type-C / USB4 40Gbps / USB3.x 10Gbps / USB3.x 5Gbps / USB 2.0 / RJ-45 / 오디오잭 / PS/2 / USB A타입 : 9개 / USB C타입 : 1개 / [랜/오디오] 유선랜 칩셋 : Realtek / 2.5Gbps / RJ-45 : 1개 / 오디오 칩셋 : Realtek / 7.1채널(8ch) / [내부I/O] USB/팬 헤더 : 썬더볼트 헤더 , USB3.0 헤더 , USB2.0 헤더 , USB3.0 Type C 헤더 , RGB 12V 4핀 헤더 , ARGB 5V 3핀 헤더 , CPU추가팬(OPT) 헤더 / 시스템팬 4핀 : 4개 / I/O 헤더 : TPM 헤더 , 디버그LED , 프론트오디오AAFP 헤더 , COM포트 헤더 / [특징] DrMOS / 전원부 방열판 / M.2 히트싱크 / UEFI 닫기",https://img.danuri.io/catalog-image/425/699/069/7bc74d2b1ced40ebacdd63dd09da2489.jpg?shrink=130:130&_v=20260921114843,https://prod.danawa.com/info/?pcode=69699425&cate=112751
480,GIGABYTE,GIGABYTE B860M DS3H 피씨디렉트,"167,750","인텔(소켓1851) / 인텔 B860 / DDR5 / VGA 연결 : PCIe5.0 x16 / M-ATX (24.4x24.4cm) / 전원부 : 5+1+2페이즈 / [메모리] 9066MHz (PC5-72500) / 4개 / 메모리 용량 : 최대 256GB / XMP / [확장슬롯] PCIe버전 : PCIe5.0 , PCIe4.0 / PCIex16 : 1개 / PCIex16(at x1) : 2개 / [저장장치] SATA3 : 4개 / M.2 : 2개 / M.2 연결 : PCIe5.0 , PCIe4.0 , NVMe / [후면단자] HDMI / DP / USB3.x 10Gbps / USB3.x 5Gbps / USB 2.0 / RJ-45 / 오디오잭 / PS/2 / USB A타입 : 6개 / [랜/오디오] 유선랜 칩셋 : Realtek / 2.5Gbps / RJ-45 : 1개 / 오디오 칩셋 : Realtek / 7.1채널(8ch) / [내부I/O] USB/팬 헤더 : 썬더볼트 헤더 , USB3.0 헤더 , USB2.0 헤더 , USB3.0 Type C 헤더 , RGB 12V 4핀 헤더 , ARGB 5V 3핀 헤더 , CPU추가팬(OPT) 헤더 , 펌프전용 헤더 / 시스템팬 4핀 : 1개 / I/O 헤더 : TPM 헤더 , 프론트오디오AAFP 헤더 / [특징] UEFI 닫기",https://img.danuri.io/catalog-image/393/255/074/f8cc11d0038a44b8b6e6f39dbda9cdd2.jpeg?shrink=130:130&_v=20260921115823,https://prod.danawa.com/info/?pcode=74255393&cate=112751
481,GIGABYTE,GIGABYTE Z890 AORUS ELITE DUO X 제이씨현,"437,000","인텔(소켓1851) / 인텔 Z890 / DDR5 / VGA 연결 : PCIe5.0 x16 / ATX (30.5x24.4cm) / 전원부 : 16+1+2페이즈 / 60A / Vcore출력합계 : 960 / 메모리 10266MHz (PC5-82100) / 2개 / 메모리 용량 : 최대 256GB / XMP / 확장슬롯 PCIe버전 : PCIe5.0 , PCIe4.0 / PCIex16 : 1개 / PCIex16(at x4) : 2개 / 저장장치 SATA3 : 4개 / M.2 : 5개 / M.2 연결 : PCIe5.0 , PCIe4.0 , NVMe , SATA / 후면단자 DP / Type-C / 썬더볼트4 / USB3.x 10Gbps / USB3.x 5Gbps / USB 2.0 / RJ-45 / S/PDIF / 오디오잭 / USB A타입 : 9개 / USB C타입 : 1개 / 랜/오디오 유선랜 칩셋 : Realtek / 5Gbps / RJ-45 : 1개 / Intel BE200NGW / 무선랜(Wi-Fi) / 블루투스 / 오디오 칩셋 : Realtek ALC1220 / 7.1채널(8ch) / 내부I/O USB/팬 헤더 : USB3.0 헤더 , USB2.0 헤더 , USB3.2 Type C 헤더 , RGB 12V 4핀 헤더 , ARGB 5V 3핀 헤더 , CPU추가팬(OPT) 헤더 , 펌프전용 헤더 / 시스템팬 4핀 : 3개 / I/O 헤더 : TPM 헤더 , 디버그LED , 프론트오디오AAFP 헤더 / 특징 DrMOS / 전원부 방열판 / M.2 히트싱크 / 일체형IO실드 / LED라이트 / UEFI 닫기",https://img.danuri.io/catalog-image/006/618/122/730f764b5faf4c91a3f78440e638123b.jpeg?shrink=130:130&_v=20260921080444,https://prod.danawa.com/info/?pcode=122618006&cate=112751
482,GIGABYTE,GIGABYTE B860 AORUS ELITE WIFI7 ICE 제이씨현,"281,320","인텔(소켓1851) / 인텔 B860 / DDR5 / VGA 연결 : PCIe5.0 x16 / ATX (30.5x24.4cm) / 전원부 : 14+1+2페이즈 / 60A / Vcore출력합계 : 840 / [메모리] 9200MHz (PC5-73600) / 4개 / 메모리 용량 : 최대 256GB / XMP / [확장슬롯] PCIe버전 : PCIe5.0 , PCIe4.0 / PCIex16 : 1개 / PCIex16(at x1) : 2개 / [저장장치] SATA3 : 4개 / M.2 : 3개 / M.2 연결 : PCIe5.0 , PCIe4.0 , NVMe / [후면단자] HDMI / DP / Type-C / USB4 40Gbps / USB3.x 10Gbps / USB3.x 5Gbps / USB 2.0 / RJ-45 / S/PDIF / 오디오잭 / USB A타입 : 10개 / USB C타입 : 1개 / [랜/오디오] 유선랜 칩셋 : Realtek / 2.5Gbps / RJ-45 : 1개 / Realtek(v1.0), MediaTek(v1.1) / 무선랜(Wi-Fi) / 블루투스 / [내부I/O] USB/팬 헤더 : USB3.0 헤더 , USB2.0 헤더 , USB3.1 Type C 헤더 , RGB 12V 4핀 헤더 , ARGB 5V 3핀 헤더 , CPU추가팬(OPT) 헤더 , 펌프전용 헤더 / 시스템팬 4핀 : 3개 / I/O 헤더 : 프론트오디오AAFP 헤더 / [특징] DrMOS / 전원부 방열판 / M.2 히트싱크 / 일체형IO실드 / LED라이트 / UEFI 닫기",https://img.danuri.io/catalog-image/827/250/074/a11a0faa399b489b934f42f51dc48f67.jpg?shrink=130:130&_v=20260921110122,https://prod.danawa.com/info/?pcode=74250827&cate=112751
483,GIGABYTE,GIGABYTE B860M AORUS ELITE WIFI6E ICE 제이씨현,"257,980","인텔(소켓1851) / 인텔 B860 / DDR5 / VGA 연결 : PCIe5.0 x16 / M-ATX (24.4x24.4cm) / 전원부 : 12+1+2페이즈 / 60A / Vcore출력합계 : 720 / [메모리] 9200MHz (PC5-73600) / 4개 / 메모리 용량 : 최대 256GB / XMP / [확장슬롯] PCIe버전 : PCIe5.0 , PCIe4.0 / PCIex16 : 1개 / PCIex16(at x4) : 1개 / [저장장치] SATA3 : 4개 / M.2 : 3개 / M.2 연결 : PCIe5.0 , PCIe4.0 , NVMe / [후면단자] HDMI / DP / Type-C / USB4 40Gbps / USB3.x 10Gbps / USB3.x 5Gbps / USB 2.0 / RJ-45 / S/PDIF / 오디오잭 / USB A타입 : 10개 / USB C타입 : 1개 / [랜/오디오] 유선랜 칩셋 : Realtek / 2.5Gbps / RJ-45 : 1개 / Intel(v1.0), Realtek(v1.1) / 무선랜(Wi-Fi) / 블루투스 / 오디오 칩셋 : Realtek / 7.1채널(8ch) / [내부I/O] USB/팬 헤더 : 썬더볼트 헤더 , USB3.0 헤더 , USB2.0 헤더 , USB3.1 Type C 헤더 , RGB 12V 4핀 헤더 , ARGB 5V 3핀 헤더 , CPU추가팬(OPT) 헤더 , 펌프전용 헤더 / 시스템팬 4핀 : 3개 / I/O 헤더 : TPM 헤더 , 프론트오디오AAFP 헤더 / [특징] DrMOS / 전원부 방열판 / M.2 히트싱크 / 일체형IO실드 / LED라이트 / UEFI 닫기",https://img.danuri.io/catalog-image/974/250/074/bf4b9e68309141e2a933d09dd0d79445.jpg?shrink=130:130&_v=20260921142855,https://prod.danawa.com/info/?pcode=74250974&cate=112751
484,GIGABYTE,GIGABYTE H810M D2HX SI GEN5 피씨디렉트,"115,340","인텔(소켓1851) / 인텔 H810 / DDR5 / VGA 연결 : PCIe5.0 x16 / M-ATX (22.6x21.5cm) / 전원부 : 6+1+1페이즈 / 60A / Vcore출력합계 : 360 / [메모리] 6400MHz (PC5-51200) / 2개 / 메모리 용량 : 최대 128GB / XMP / [확장슬롯] PCIe버전 : PCIe5.0 , PCIe3.0 / PCIex16 : 1개 / PCIex1 : 1개 / [저장장치] SATA3 : 4개 / M.2 : 1개 / M.2 연결 : PCIe4.0 , NVMe / [후면단자] HDMI / D-SUB / USB3.x 5Gbps / USB 2.0 / RJ-45 / 오디오잭 / PS/2 / USB A타입 : 6개 / [랜/오디오] 유선랜 칩셋 : Realtek / 2.5Gbps / 오디오 칩셋 : Realtek / 7.1채널(8ch) / [내부I/O] USB/팬 헤더 : USB3.0 헤더 , USB2.0 헤더 , RGB 12V 4핀 헤더 , ARGB 5V 3핀 헤더 / 시스템팬 4핀 : 2개 / I/O 헤더 : TPM 헤더 , 프론트오디오AAFP 헤더 / DrMOS 닫기",https://img.danuri.io/catalog-image/550/735/106/121bfc2b8cc640a4870f5e7d24a52c2b.jpg?shrink=130:130&_v=20260921110334,https://prod.danawa.com/info/?pcode=106735550&cate=112751
485,GIGABYTE,GIGABYTE H810M K 피씨디렉트,"100,990","인텔 H810 / 인텔(소켓1851) / DDR5 / VGA 연결 : PCIe4.0 x16 / M-ATX (22.6x18.5cm) / 전원부 : 3+1+2페이즈 / [메모리] 6400MHz (PC5-51200) / 2개 / 메모리 용량 : 최대 128GB / XMP / [확장슬롯] PCIe버전 : PCIe4.0 , PCIe3.0 / PCIex16 : 1개 / PCIex1 : 1개 / [저장장치] M.2 : 1개 / SATA3 : 4개 / M.2 연결 : PCIe4.0 , NVMe / [후면단자] HDMI / DP / USB3.x 5Gbps / USB 2.0 / RJ-45 / 오디오잭 / PS/2 / USB A타입 : 6개 / [랜/오디오] 유선랜 칩셋 : Realtek / 1Gbps / 오디오 칩셋 : Realtek / 7.1채널(8ch) / [내부I/O] USB/팬 헤더 : USB3.0 헤더 , USB2.0 헤더 / 시스템팬 4핀 : 1개 / I/O 헤더 : TPM 헤더 , 프론트오디오AAFP 헤더 , COM포트 헤더 닫기",https://img.danuri.io/catalog-image/073/942/076/047a95b822154208bf5c4b2817d359ce.jpg?shrink=130:130&_v=20260921115928,https://prod.danawa.com/info/?pcode=76942073&cate=112751
486,GIGABYTE,GIGABYTE B860M AORUS ELITE WIFI6E 제이씨현,"261,090","인텔(소켓1851) / 인텔 B860 / DDR5 / VGA 연결 : PCIe5.0 x16 / M-ATX (24.4x24.4cm) / 전원부 : 12+1+2페이즈 / 60A / Vcore출력합계 : 720 / [메모리] 9200MHz (PC5-73600) / 4개 / 메모리 용량 : 최대 256GB / XMP / [확장슬롯] PCIe버전 : PCIe5.0 , PCIe4.0 / PCIex16 : 1개 / PCIex16(at x4) : 1개 / [저장장치] SATA3 : 4개 / M.2 : 3개 / M.2 연결 : PCIe5.0 , PCIe4.0 , NVMe / [후면단자] HDMI / DP / Type-C / USB4 40Gbps / USB3.x 10Gbps / USB3.x 5Gbps / USB 2.0 / RJ-45 / S/PDIF / 오디오잭 / USB A타입 : 10개 / USB C타입 : 1개 / [랜/오디오] 유선랜 칩셋 : Realtek / 2.5Gbps / RJ-45 : 1개 / Intel(v1.0), Realtek(v1.1) / 무선랜(Wi-Fi) / 블루투스 / 오디오 칩셋 : Realtek / 7.1채널(8ch) / [내부I/O] USB/팬 헤더 : 썬더볼트 헤더 , USB3.0 헤더 , USB2.0 헤더 , USB3.1 Type C 헤더 , RGB 12V 4핀 헤더 , ARGB 5V 3핀 헤더 , CPU추가팬(OPT) 헤더 , 펌프전용 헤더 / 시스템팬 4핀 : 3개 / I/O 헤더 : TPM 헤더 , 프론트오디오AAFP 헤더 / [특징] DrMOS / 전원부 방열판 / M.2 히트싱크 / 일체형IO실드 / LED라이트 / UEFI 닫기",https://img.danuri.io/catalog-image/187/251/074/f23527f3cd40489facf35049d0e0b6cc.jpg?shrink=130:130&_v=20260921115903,https://prod.danawa.com/info/?pcode=74251187&cate=112751
487,GIGABYTE,GIGABYTE H810M K 제이씨현,"104,990","인텔 H810 / 인텔(소켓1851) / DDR5 / VGA 연결 : PCIe4.0 x16 / M-ATX (22.6x18.5cm) / 전원부 : 3+1+2페이즈 / [메모리] 6400MHz (PC5-51200) / 2개 / 메모리 용량 : 최대 128GB / XMP / [확장슬롯] PCIe버전 : PCIe4.0 , PCIe3.0 / PCIex16 : 1개 / PCIex1 : 1개 / [저장장치] M.2 : 1개 / SATA3 : 4개 / M.2 연결 : PCIe4.0 , NVMe / [후면단자] HDMI / DP / USB3.x 5Gbps / USB 2.0 / RJ-45 / 오디오잭 / PS/2 / USB A타입 : 6개 / [랜/오디오] 유선랜 칩셋 : Realtek / 1Gbps / 오디오 칩셋 : Realtek / 7.1채널(8ch) / [내부I/O] USB/팬 헤더 : USB3.0 헤더 , USB2.0 헤더 / 시스템팬 4핀 : 1개 / I/O 헤더 : TPM 헤더 , 프론트오디오AAFP 헤더 , COM포트 헤더 닫기",https://img.danuri.io/catalog-image/983/941/076/68f0fe5472f849a1b4628978419eb91f.jpg?shrink=130:130&_v=20260921115823,https://prod.danawa.com/info/?pcode=76941983&cate=112751
488,GIGABYTE,GIGABYTE H810M K GEN5 제이씨현,"101,030","인텔(소켓1851) / 인텔 H810 / DDR5 / VGA 연결 : PCIe5.0 x16 / M-ATX (22.6x18.5cm) / [메모리] 6400MHz (PC5-51200) / 2개 / 메모리 용량 : 최대 128GB / XMP / [확장슬롯] PCIe버전 : PCIe5.0 , PCIe3.0 / PCIex16 : 1개 / PCIex1 : 1개 / [저장장치] SATA3 : 4개 / M.2 : 1개 / M.2 연결 : PCIe4.0 , NVMe / [후면단자] HDMI / DP / USB3.x 5Gbps / USB 2.0 / RJ-45 / 오디오잭 / PS/2 / USB A타입 : 6개 / [랜/오디오] 유선랜 칩셋 : Realtek / 1Gbps / 오디오 칩셋 : Realtek / 7.1채널(8ch) / [내부I/O] USB/팬 헤더 : USB3.0 헤더 , USB2.0 헤더 / 시스템팬 4핀 : 1개 / I/O 헤더 : TPM 헤더 , 프론트오디오AAFP 헤더 닫기",https://img.danuri.io/catalog-image/528/401/108/24f5db644ae44f3b8d93319e5569a856.jpg?shrink=130:130&_v=20260921110328,https://prod.danawa.com/info/?pcode=108401528&cate=112751
489,GIGABYTE,GIGABYTE Z890 AORUS ELITE WIFI7 피씨디렉트,"353,000","인텔 Z890 / 인텔(소켓1851) / DDR5 / VGA 연결 : PCIe5.0 x16 / ATX (30.5x24.4cm) / 전원부 : 16+1+2페이즈 / 페이즈당80A / Vcore출력합계 : 1280A / [메모리] 9200MHz (PC5-73600) / 4개 / 메모리 용량 : 최대 256GB / XMP / [확장슬롯] PCIe버전 : PCIe5.0 , PCIe4.0 / PCIex16 : 1개 / PCIex16(at x4) : 2개 / [저장장치] M.2 : 4개 / SATA3 : 4개 / M.2 연결 : PCIe5.0 , PCIe4.0 , NVMe , SATA / [후면단자] DP / Type-C / 썬더볼트4 / USB3.x 10Gbps / USB3.x 5Gbps / USB 2.0 / RJ-45 / S/PDIF / 오디오잭 / USB A타입 : 9개 / USB C타입 : 1개 / [랜/오디오] 유선랜 칩셋 : Realtek / 2.5Gbps / RJ-45 : 1개 / MediaTek MT7925(at v1.0) / 무선랜(Wi-Fi) / 블루투스 / 오디오 칩셋 : Realtek ALC1220 / 7.1채널(8ch) / [내부I/O] USB/팬 헤더 : USB3.0 헤더 , USB2.0 헤더 , USB3.2 Type C 헤더 , RGB 12V 4핀 헤더 , ARGB 5V 3핀 헤더 , CPU추가팬(OPT) 헤더 , 펌프전용 헤더 / 시스템팬 4핀 : 3개 / I/O 헤더 : TPM 헤더 , 디버그LED , 프론트오디오AAFP 헤더 / [특징] SPS(DrMOS) / 전원부 방열판 / M.2 히트싱크 / 일체형IO실드 / LED라이트 / UEFI 닫기",https://img.danuri.io/catalog-image/671/699/069/2f0bf7f2f58f4c25a7cf550b2e11d351.jpg?shrink=130:130&_v=20260921110648,https://prod.danawa.com/info/?pcode=69699671&cate=112751
490,GIGABYTE,GIGABYTE H810M S2H GEN5 제이씨현,"111,070","인텔(소켓1851) / 인텔 H810 / DDR5 / VGA 연결 : PCIe5.0 x16 / M-ATX (24.4x21.5cm) / [메모리] 6400MHz (PC5-51200) / 2개 / 메모리 용량 : 최대 128GB / XMP / [확장슬롯] PCIe버전 : PCIe5.0 , PCIe3.0 / PCIex16 : 1개 / PCIex1 : 1개 / [저장장치] SATA3 : 4개 / M.2 : 1개 / M.2 연결 : PCIe4.0 , NVMe / [후면단자] HDMI / DP / D-SUB / USB3.x 5Gbps / USB 2.0 / RJ-45 / 오디오잭 / PS/2 / USB A타입 : 6개 / [랜/오디오] 유선랜 칩셋 : Realtek / 1Gbps / 오디오 칩셋 : Realtek / 7.1채널(8ch) / [내부I/O] USB/팬 헤더 : USB3.0 헤더 , USB2.0 헤더 , USB3.0 Type C 헤더 , ARGB 5V 3핀 헤더 / 시스템팬 4핀 : 2개 / I/O 헤더 : TPM 헤더 , 프론트오디오AAFP 헤더 , S/PDIF OUT 헤더 닫기",https://img.danuri.io/catalog-image/782/687/122/1d192eacc8194147a6a4b474e9c5f5e8.jpeg?shrink=130:130&_v=20260921085855,https://prod.danawa.com/info/?pcode=122687782&cate=112751
491,GIGABYTE,GIGABYTE H810M D2HX SI GEN5 제이씨현,"111,980","인텔(소켓1851) / 인텔 H810 / DDR5 / VGA 연결 : PCIe5.0 x16 / M-ATX (22.6x21.5cm) / [메모리] 6400MHz (PC5-51200) / 2개 / 메모리 용량 : 최대 128GB / XMP / [확장슬롯] PCIe버전 : PCIe5.0 , PCIe3.0 / PCIex16 : 1개 / PCIex1 : 1개 / [저장장치] SATA3 : 4개 / M.2 : 1개 / M.2 연결 : PCIe4.0 , NVMe / [후면단자] HDMI / D-SUB / USB3.x 5Gbps / USB 2.0 / RJ-45 / 오디오잭 / PS/2 / USB A타입 : 6개 / [랜/오디오] 유선랜 칩셋 : Realtek / 2.5Gbps / 오디오 칩셋 : Realtek / 7.1채널(8ch) / [내부I/O] USB/팬 헤더 : USB3.0 헤더 , USB2.0 헤더 , RGB 12V 4핀 헤더 , ARGB 5V 3핀 헤더 / 시스템팬 4핀 : 2개 / I/O 헤더 : TPM 헤더 , 프론트오디오AAFP 헤더 / DrMOS 닫기",https://img.danuri.io/catalog-image/201/454/106/22cc7625b6b04fac8346f5828f9745e9.jpg?shrink=130:130&_v=20260921081229,https://prod.danawa.com/info/?pcode=106454201&cate=112751
492,GIGABYTE,GIGABYTE Z890 AORUS MASTER 제이씨현,"669,000","인텔 Z890 / 인텔(소켓1851) / DDR5 / VGA 연결 : PCIe5.0 x16 / ATX (30.5x24.4cm) / 전원부 : 18+1+2페이즈 / 페이즈당110A / Vcore출력합계 : 1980A / [메모리] 9500MHz (PC5-76000) / 4개 / 메모리 용량 : 최대 256GB / XMP / [확장슬롯] PCIe버전 : PCIe5.0 , PCIe4.0 / PCIex16 : 1개 / PCIex16(at x4) : 1개 / PCIex16(at x1) : 1개 / [저장장치] M.2 : 5개 / SATA3 : 4개 / M.2 연결 : PCIe5.0 , PCIe4.0 , NVMe , SATA , PCIe 레인공유 / [후면단자] Type-C / 썬더볼트4 / USB3.x 10Gbps / USB3.x 5Gbps / USB 2.0 / S/PDIF / 오디오잭 / BIOS플래시백 / 클리어CMOS / USB A타입 : 12개 / USB C타입 : 2개 / [랜/오디오] 유선랜 칩셋 : Marvell AQtion AQC113C / 10Gbps / RJ-45 : 1개 / Intel BE200NGW / 무선랜(Wi-Fi) / 블루투스 / 오디오 칩셋 : ESS ES9118 / 5.1채널(6ch) / [내부I/O] USB/팬 헤더 : USB3.0 헤더 , USB2.0 헤더 , USB3.2 Type C 헤더 , RGB 12V 4핀 헤더 , ARGB 5V 3핀 헤더 , CPU추가팬(OPT) 헤더 / 시스템팬 4핀 : 8개 / I/O 헤더 : TPM 헤더 , 디버그LED , 프론트오디오AAFP 헤더 , 온도 센서 / SPS(DrMOS) / 전원부 방열판 / M.2 히트싱크 / 일체형IO실드 / LED라이트 / UEFI 닫기",https://img.danuri.io/catalog-image/756/698/069/e2f0ae4869b647daa5744ce8543c3860.jpg?shrink=130:130&_v=20260921080444,https://prod.danawa.com/info/?pcode=69698756&cate=112751
493,GIGABYTE,GIGABYTE Z890I AORUS ULTRA 제이씨현,"487,990","인텔 Z890 / 인텔(소켓1851) / DDR5 / VGA 연결 : PCIe5.0 x16 / M-iTX (17.0x17.0cm) / 전원부 : 8+1+2페이즈 / 페이즈당105A / Vcore출력합계 : 840A / [메모리] 8800MHz (PC5-70400) / 2개 / 메모리 용량 : 최대 128GB / XMP / [확장슬롯] PCIe버전 : PCIe5.0 / PCIex16 : 1개 / [저장장치] M.2 : 2개 / SATA3 : 2개 / M.2 연결 : PCIe5.0 , PCIe4.0 , NVMe , SATA / [후면단자] HDMI / DP / Type-C / 썬더볼트4 / USB3.x 10Gbps / USB3.x 5Gbps / RJ-45 / S/PDIF / 오디오잭 / BIOS플래시백 / USB A타입 : 5개 / USB C타입 : 1개 / [랜/오디오] 유선랜 칩셋 : Realtek / 2.5Gbps / RJ-45 : 1개 / Intel BE202 / 무선랜(Wi-Fi) / 블루투스 / 오디오 칩셋 : Realtek / 7.1채널(8ch) / [내부I/O] USB/팬 헤더 : USB3.0 헤더 , USB2.0 헤더 , USB3.1 Type C 헤더 , ARGB 5V 3핀 헤더 , CPU추가팬(OPT) 헤더 / 시스템팬 4핀 : 1개 / I/O 헤더 : TPM 헤더 , 프론트오디오AAFP 헤더 / [특징] SPS(DrMOS) / 전원부 방열판 / M.2 히트싱크 / 일체형IO실드 / LED라이트 / UEFI 닫기",https://img.danuri.io/catalog-image/389/699/069/c76b14a5a75f403381a134eb692e4efe.jpg?shrink=130:130&_v=20260921114653,https://prod.danawa.com/info/?pcode=69699389&cate=112751
494,GIGABYTE,GIGABYTE H810M S2H 피씨디렉트,"115,970","인텔 H810 / 인텔(소켓1851) / DDR5 / VGA 연결 : PCIe4.0 x16 / M-ATX (24.4x21.5cm) / 전원부 : 4+1+2페이즈 / [메모리] 6400MHz (PC5-51200) / 2개 / 메모리 용량 : 최대 128GB / XMP / [확장슬롯] PCIe버전 : PCIe4.0 , PCIe3.0 / PCIex16 : 1개 / PCIex1 : 1개 / [저장장치] M.2 : 1개 / SATA3 : 4개 / M.2 연결 : PCIe4.0 , NVMe / [후면단자] HDMI / DP / D-SUB / USB3.x 5Gbps / USB 2.0 / RJ-45 / 오디오잭 / PS/2 / USB A타입 : 6개 / [랜/오디오] 유선랜 칩셋 : Realtek / 1Gbps / 오디오 칩셋 : Realtek / [내부I/O] USB/팬 헤더 : USB3.0 헤더 , USB2.0 헤더 , USB3.0 Type C 헤더 , ARGB 5V 3핀 헤더 / 시스템팬 4핀 : 2개 / I/O 헤더 : 프론트오디오AAFP 헤더 , COM포트 헤더 , S/PDIF OUT 헤더 닫기",https://img.danuri.io/catalog-image/094/942/076/44101e1ce4594367a48219e4c716935f.jpg?shrink=130:130&_v=20260921110124,https://prod.danawa.com/info/?pcode=76942094&cate=112751
495,GIGABYTE,GIGABYTE H810M H 피씨디렉트,"109,800","인텔 H810 / 인텔(소켓1851) / DDR5 / VGA 연결 : PCIe4.0 x16 / M-ATX (24.4x21.5cm) / 전원부 : 4+1+2페이즈 / [메모리] 6400MHz (PC5-51200) / 2개 / 메모리 용량 : 최대 128GB / XMP / [확장슬롯] PCIe버전 : PCIe4.0 , PCIe3.0 / PCIex16 : 1개 / PCIex1 : 1개 / [저장장치] M.2 : 1개 / SATA3 : 4개 / M.2 연결 : PCIe4.0 , NVMe / [후면단자] HDMI / D-SUB / USB3.x 5Gbps / USB 2.0 / RJ-45 / 오디오잭 / PS/2 / USB A타입 : 6개 / [랜/오디오] 유선랜 칩셋 : Realtek / 1Gbps / 오디오 칩셋 : Realtek / [내부I/O] USB/팬 헤더 : USB3.0 헤더 , USB2.0 헤더 , USB3.0 Type C 헤더 , ARGB 5V 3핀 헤더 / 시스템팬 4핀 : 2개 / I/O 헤더 : 프론트오디오AAFP 헤더 , COM포트 헤더 , S/PDIF OUT 헤더 닫기",https://img.danuri.io/catalog-image/061/942/076/a4d668d128b347359f07e799fe891ed8.jpg?shrink=130:130&_v=20260921082609,https://prod.danawa.com/info/?pcode=76942061&cate=112751
496,GIGABYTE,GIGABYTE H810M S2H 제이씨현,"113,450","인텔 H810 / 인텔(소켓1851) / DDR5 / VGA 연결 : PCIe4.0 x16 / M-ATX (24.4x21.5cm) / 전원부 : 4+1+2페이즈 / [메모리] 6400MHz (PC5-51200) / 2개 / 메모리 용량 : 최대 128GB / XMP / [확장슬롯] PCIe버전 : PCIe4.0 , PCIe3.0 / PCIex16 : 1개 / PCIex1 : 1개 / [저장장치] M.2 : 1개 / SATA3 : 4개 / M.2 연결 : PCIe4.0 , NVMe / [후면단자] HDMI / DP / D-SUB / USB3.x 5Gbps / USB 2.0 / RJ-45 / 오디오잭 / PS/2 / USB A타입 : 6개 / [랜/오디오] 유선랜 칩셋 : Realtek / 1Gbps / 오디오 칩셋 : Realtek / [내부I/O] USB/팬 헤더 : USB3.0 헤더 , USB2.0 헤더 , USB3.0 Type C 헤더 , ARGB 5V 3핀 헤더 / 시스템팬 4핀 : 2개 / I/O 헤더 : 프론트오디오AAFP 헤더 , COM포트 헤더 , S/PDIF OUT 헤더 닫기",https://img.danuri.io/catalog-image/716/941/076/5f815ce02198433bbe4741ba340bd498.jpg?shrink=130:130&_v=20260921130429,https://prod.danawa.com/info/?pcode=76941716&cate=112751
497,GIGABYTE,GIGABYTE H810M K GEN5 피씨디렉트,"101,230","인텔 H810 / 인텔(소켓1851) / DDR5 / VGA 연결 : PCIe5.0 x16 / M-ATX (22.6x18.5cm) / [메모리] 6400MHz (PC5-51200) / 2개 / 메모리 용량 : 최대 128GB / XMP / [확장슬롯] PCIe버전 : PCIe5.0 , PCIe3.0 / PCIex16 : 1개 / PCIex1 : 1개 / [저장장치] M.2 : 1개 / SATA3 : 4개 / M.2 연결 : PCIe4.0 , NVMe / [후면단자] HDMI / DP / USB3.x 5Gbps / USB 2.0 / RJ-45 / 오디오잭 / PS/2 / USB A타입 : 6개 / [랜/오디오] 유선랜 칩셋 : Realtek / 1Gbps / 오디오 칩셋 : Realtek / 7.1채널(8ch) / [내부I/O] USB/팬 헤더 : USB3.0 헤더 , USB2.0 헤더 / 시스템팬 4핀 : 1개 / I/O 헤더 : TPM 헤더 , 프론트오디오AAFP 헤더 닫기",https://img.danuri.io/catalog-image/718/045/106/086ca5be42384420a2af728190d599ed.jpg?shrink=130:130&_v=20260921082719,https://prod.danawa.com/info/?pcode=106045718&cate=112751
498,GIGABYTE,GIGABYTE H810M H GEN5 피씨디렉트,"112,750","인텔 H810 / 인텔(소켓1851) / DDR5 / VGA 연결 : PCIe5.0 x16 / M-ATX (24.4x21.5cm) / [메모리] 6400MHz (PC5-51200) / 2개 / 메모리 용량 : 최대 128GB / XMP / [확장슬롯] PCIe버전 : PCIe5.0 , PCIe3.0 / PCIex16 : 1개 / PCIex1 : 1개 / [저장장치] M.2 : 1개 / SATA3 : 4개 / M.2 연결 : PCIe4.0 , NVMe / [후면단자] HDMI / D-SUB / USB3.x 5Gbps / USB 2.0 / RJ-45 / 오디오잭 / PS/2 / USB A타입 : 6개 / [랜/오디오] 유선랜 칩셋 : Realtek / 1Gbps / 오디오 칩셋 : Realtek / 7.1채널(8ch) / [내부I/O] USB/팬 헤더 : USB3.0 헤더 , USB2.0 헤더 , USB3.0 Type C 헤더 , ARGB 5V 3핀 헤더 / 시스템팬 4핀 : 2개 / I/O 헤더 : TPM 헤더 , 프론트오디오AAFP 헤더 , S/PDIF OUT 헤더 닫기",https://img.danuri.io/catalog-image/001/045/106/6b8c91ba6e6f4fb29e5e3bee95d90674.jpg?shrink=130:130&_v=20260921110123,https://prod.danawa.com/info/?pcode=106045001&cate=112751
499,GIGABYTE,GIGABYTE H810M H GEN5 제이씨현,"114,870","인텔(소켓1851) / 인텔 H810 / DDR5 / VGA 연결 : PCIe5.0 x16 / M-ATX (24.4x21.5cm) / [메모리] 6400MHz (PC5-51200) / 2개 / 메모리 용량 : 최대 128GB / XMP / [확장슬롯] PCIe버전 : PCIe5.0 , PCIe3.0 / PCIex16 : 1개 / PCIex1 : 1개 / [저장장치] SATA3 : 4개 / M.2 : 1개 / M.2 연결 : PCIe4.0 , NVMe / [후면단자] HDMI / D-SUB / USB3.x 5Gbps / USB 2.0 / RJ-45 / 오디오잭 / PS/2 / USB A타입 : 6개 / [랜/오디오] 유선랜 칩셋 : Realtek / 1Gbps / 오디오 칩셋 : Realtek / 7.1채널(8ch) / [내부I/O] USB/팬 헤더 : USB3.0 헤더 , USB2.0 헤더 , USB3.0 Type C 헤더 , ARGB 5V 3핀 헤더 / 시스템팬 4핀 : 2개 / I/O 헤더 : TPM 헤더 , 프론트오디오AAFP 헤더 , S/PDIF OUT 헤더 닫기",https://img.danuri.io/catalog-image/966/033/124/c6f0b27c62b043c6bab076acc3b10b48.jpeg?shrink=130:130&_v=20260921110128,https://prod.danawa.com/info/?pcode=124033966&cate=112751
500,ASRock,ASRock A520M-HVS 대원씨티에스,"55,270","AMD(소켓AM4) / AMD A520 / DDR4 / VGA 연결 : PCIe3.0 x16 / M-ATX (23.0x20.1cm) / 전원부 : 4+2페이즈 / 50A / Vcore출력합계 : 200 / 메모리 4733MHz (PC4-37800) / 2개 / 메모리 용량 : 최대 128GB / XMP / 확장슬롯 PCIe버전 : PCIe3.0 / PCIex16 : 1개 / PCIex1 : 1개 / 저장장치 SATA3 : 4개 / M.2 : 1개 / M.2 연결 : PCIe , NVMe , SATA / 후면단자 HDMI / D-SUB / USB3.x 5Gbps / USB 2.0 / RJ-45 / 오디오잭 / PS/2 / USB A타입 : 6개 / 랜/오디오 유선랜 칩셋 : Realtek RTL8111H / 1Gbps / RJ-45 : 1개 / 오디오 칩셋 : Realtek ALC887 / 7.1채널(8ch) / 내부I/O USB/팬 헤더 : USB3.0 헤더 , USB2.0 헤더 / 시스템팬 4핀 : 2개 / I/O 헤더 : TPM 헤더 , 프론트오디오AAFP 헤더 , 침입감지 헤더 , COM포트 헤더 / 특징 UEFI 닫기",https://img.danuri.io/catalog-image/989/706/077/2a94e07972ee4c81ab449bd11ac22678.jpg?shrink=130:130&_v=20260921144429,https://prod.danawa.com/info/?pcode=77706989&cate=112751
501,ASRock,ASRock B550M Pro-A 대원씨티에스,"107,900","AMD(소켓AM4) / AMD B550 / DDR4 / VGA 연결 : PCIe4.0 x16 / M-ATX (23.0x20.1cm) / 전원부 : 8페이즈 / 메모리 4533MHz (PC4-36300) / 4개 / 메모리 용량 : 최대 128GB / XMP / 확장슬롯 PCIe버전 : PCIe4.0 , PCIe3.0 / PCIex16 : 1개 / PCIex4 : 1개 / PCIex1 : 2개 / 저장장치 SATA3 : 4개 / M.2 : 2개 / M.2 연결 : PCIe , NVMe / 후면단자 HDMI / DVI / D-SUB / USB3.x 5Gbps / USB 2.0 / RJ-45 / 오디오잭 / PS/2 / USB A타입 : 7개 / 랜/오디오 유선랜 칩셋 : Realtek RTL8111H / 1Gbps / RJ-45 : 1개 / 오디오 칩셋 : Realtek ALC887 / 7.1채널(8ch) / 내부I/O USB/팬 헤더 : USB3.0 헤더 , USB2.0 헤더 , USB3.0 Type C 헤더 , RGB 12V 4핀 헤더 , ARGB 5V 3핀 헤더 / 시스템팬 4핀 : 3개 / I/O 헤더 : TPM 헤더 , 프론트오디오AAFP 헤더 / 특징 일체형IO실드 / UEFI 닫기",https://img.danuri.io/catalog-image/135/398/108/4f1b15e7e057484baf311908ee74d961.jpg?shrink=130:130&_v=20260921144434,https://prod.danawa.com/info/?pcode=108398135&cate=112751
502,ASRock,ASRock B550M Pro RS 대원씨티에스,"116,990","AMD(소켓AM4) / AMD B550 / DDR4 / VGA 연결 : PCIe4.0 x16 / M-ATX (24.4x24.4cm) / 전원부 : 8페이즈 / 메모리 4733MHz (PC4-37800) / 4개 / 메모리 용량 : 최대 128GB / XMP / 확장슬롯 PCIe버전 : PCIe4.0 , PCIe3.0 / PCIex16 : 2개 / PCIex1 : 1개 / 저장장치 SATA3 : 4개 / M.2 : 2개 / M.2 연결 : PCIe4.0 , PCIe , NVMe / 후면단자 HDMI / DP / USB3.x 5Gbps / USB 2.0 / RJ-45 / 오디오잭 / PS/2 / USB A타입 : 6개 / 랜/오디오 유선랜 칩셋 : Realtek RTL8125BG / 2.5Gbps / RJ-45 : 1개 / 오디오 칩셋 : Realtek ALC897 / 7.1채널(8ch) / 내부I/O USB/팬 헤더 : USB3.0 헤더 , USB2.0 헤더 / 시스템팬 4핀 : 3개 / I/O 헤더 : TPM 헤더 , 프론트오디오AAFP 헤더 / 특징 전원부 방열판 / M.2 히트싱크 / 일체형IO실드 / UEFI 닫기",https://img.danuri.io/catalog-image/851/995/049/ed8a2c13640e475f85457653f37741eb.jpg?shrink=130:130&_v=20260921080458,https://prod.danawa.com/info/?pcode=49995851&cate=112751
503,ASRock,ASRock B550M Pro-A + WiFi6E 랜카드 패키지 디앤디컴,"143,320","AMD(소켓AM4) / AMD B550 / DDR4 / VGA 연결 : PCIe4.0 x16 / M-ATX (24.4x24.4cm) / 전원부 : 8페이즈 / 메모리 4733MHz (PC4-37800) / 4개 / 메모리 용량 : 최대 128GB / XMP / 확장슬롯 PCIe버전 : PCIe4.0 , PCIe3.0 / PCIex16 : 2개 / PCIex1 : 2개 / CrossFire / 저장장치 SATA3 : 4개 / M.2 : 2개 / M.2 연결 : PCIe4.0 , PCIe , NVMe / 후면단자 HDMI / USB3.x 5Gbps / USB 2.0 / RJ-45 / 오디오잭 / PS/2 / USB A타입 : 7개 / USB C타입 : 1개 / 랜/오디오 유선랜 칩셋 : Realtek RTL8111H / 1Gbps / RJ-45 : 1개 / 무선랜(Wi-Fi) / 오디오 칩셋 : Realtek ALC887 / 7.1채널(8ch) / 내부I/O USB/팬 헤더 : USB3.0 헤더 , USB2.0 헤더 , USB3.0 Type C 헤더 , RGB 12V 4핀 헤더 , ARGB 5V 3핀 헤더 / 시스템팬 4핀 : 4개 / I/O 헤더 : TPM 헤더 , 프론트오디오AAFP 헤더 / 특징 전원부 방열판 / 일체형IO실드 / UEFI 닫기",https://img.danuri.io/catalog-image/100/829/122/237a8418605f452fbe3298f63ea31e12.jpeg?shrink=130:130&_v=20260921135033,https://prod.danawa.com/info/?pcode=122829100&cate=112751
504,ASRock,ASRock A520M-ITX/ac 디앤디컴,"172,430","AMD(소켓AM4) / AMD A520 / DDR4 / VGA 연결 : PCIe3.0 x16 / M-iTX (17.0x17.0cm) / 전원부 : 6+2페이즈 / 페이즈당50A / Vcore출력합계 : 300A / [메모리] 4733MHz (PC4-37800) / 2개 / 메모리 용량 : 최대 64GB / XMP / [확장슬롯] PCIe버전 : PCIe3.0 / PCIex16 : 1개 / [저장장치] M.2 : 1개 / SATA3 : 4개 / M.2 연결 : PCIe , NVMe , SATA / [후면단자] HDMI / DP / USB3.x 5Gbps / USB 2.0 / RJ-45 / 오디오잭 / PS/2 / USB A타입 : 5개 / USB C타입 : 1개 / [랜/오디오] 유선랜 칩셋 : Realtek RTL8111H / 1Gbps / RJ-45 : 1개 / 블루투스 / 오디오 칩셋 : Realtek ALC887 / 7.1채널(8ch) / [내부I/O] USB/팬 헤더 : USB3.0 헤더 , USB2.0 헤더 , RGB 12V 4핀 헤더 , ARGB 5V 3핀 헤더 / 시스템팬 4핀 : 2개 / [특징] DrMOS / M.2 히트싱크 / UEFI 닫기",https://img.danuri.io/catalog-image/013/121/012/3cd6b465feae4007b9de29e9ff948d56.jpg?shrink=130:130&_v=20260921142703,https://prod.danawa.com/info/?pcode=12121013&cate=112751
505,ASRock,ASRock B550M Phantom Gaming 4 대원씨티에스,"109,710","AMD(소켓AM4) / AMD B550 / DDR4 / VGA 연결 : PCIe4.0 x16 / M-ATX (24.4x24.4cm) / 전원부 : 8페이즈 / 메모리 4733MHz (PC4-37800) / 4개 / 메모리 용량 : 최대 128GB / XMP / 확장슬롯 PCIe버전 : PCIe4.0 , PCIe3.0 / PCIex16 : 1개 / PCIex16(at x4) : 1개 / PCIex1 : 1개 / CrossFire X / 저장장치 SATA3 : 4개 / M.2 : 2개 / M.2 연결 : PCIe4.0 , PCIe , NVMe , SATA / 후면단자 HDMI / DP / USB3.x 5Gbps / USB 2.0 / RJ-45 / 오디오잭 / PS/2 / USB A타입 : 6개 / 랜/오디오 유선랜 칩셋 : Realtek RTL8111H / 1Gbps / RJ-45 : 1개 / 오디오 칩셋 : Realtek ALC887 / 7.1채널(8ch) / 내부I/O USB/팬 헤더 : USB3.0 헤더 , USB2.0 헤더 , RGB 12V 4핀 헤더 , ARGB 5V 3핀 헤더 / 시스템팬 4핀 : 3개 / I/O 헤더 : TPM 헤더 / 특징 UEFI 닫기",https://img.danuri.io/catalog-image/397/627/019/4b95a6baa0d642b7a0cf783259e44a85.jpg?shrink=130:130&_v=20260921143813,https://prod.danawa.com/info/?pcode=19627397&cate=112751
506,ASRock,ASRock B550M Phantom Gaming 4 에즈윈,"110,830","AMD(소켓AM4) / AMD B550 / DDR4 / VGA 연결 : PCIe4.0 x16 / M-ATX (24.4x24.4cm) / 전원부 : 8페이즈 / [메모리] 4733MHz (PC4-37800) / 4개 / 메모리 용량 : 최대 128GB / XMP / [확장슬롯] PCIe버전 : PCIe4.0 , PCIe3.0 / PCIex16 : 2개 / PCIex1 : 1개 / CrossFire X / [저장장치] M.2 : 2개 / SATA3 : 4개 / M.2 연결 : PCIe , NVMe , SATA / [후면단자] HDMI / DP / USB3.x 5Gbps / USB 2.0 / RJ-45 / 오디오잭 / PS/2 / USB A타입 : 6개 / [랜/오디오] 유선랜 칩셋 : Realtek RTL8111H / 1Gbps / RJ-45 : 1개 / 오디오 칩셋 : Realtek ALC887 / 7.1채널(8ch) / [내부I/O] USB/팬 헤더 : USB3.0 헤더 , USB2.0 헤더 , RGB 12V 4핀 헤더 , ARGB 5V 3핀 헤더 / 시스템팬 4핀 : 3개 / I/O 헤더 : TPM 헤더 / [특징] UEFI 닫기",https://img.danuri.io/catalog-image/213/464/012/77d1dc7319bd47df8a5bbaf29de67d15.jpg?shrink=130:130&_v=20260921090357,https://prod.danawa.com/info/?pcode=12464213&cate=112751
507,ASRock,ASRock B550M Pro RS + WiFi6E 랜카드 패키지 디앤디컴,"159,600","AMD(소켓AM4) / AMD B550 / DDR4 / VGA 연결 : PCIe4.0 x16 / M-ATX (24.4x24.4cm) / 전원부 : 8페이즈 / [메모리] 4733MHz (PC4-37800) / 4개 / 메모리 용량 : 최대 128GB / XMP / [확장슬롯] PCIe버전 : PCIe4.0 , PCIe3.0 / PCIex16 : 2개 / PCIex1 : 1개 / [저장장치] M.2 : 2개 / SATA3 : 4개 / M.2 연결 : PCIe4.0 , PCIe , NVMe / [후면단자] HDMI / DP / RJ-45 / 오디오잭 / PS/2 / USB A타입 : 6개 / [랜/오디오] 유선랜 칩셋 : Realtek RTL8125BG / 2.5Gbps / RJ-45 : 1개 / 무선랜(Wi-Fi) / 블루투스 / 오디오 칩셋 : Realtek ALC897 / 7.1채널(8ch) / [내부I/O] USB/팬 헤더 : USB3.0 헤더 , USB2.0 헤더 / 시스템팬 4핀 : 3개 / I/O 헤더 : TPM 헤더 , 프론트오디오AAFP 헤더 / [특징] 전원부 방열판 / M.2 히트싱크 / 일체형IO실드 / UEFI 닫기",https://img.danuri.io/catalog-image/822/538/049/2771e0ae014f41b19abf297e814f5246.jpg?shrink=130:130&_v=20260921110338,https://prod.danawa.com/info/?pcode=49538822&cate=112751
508,ASRock,ASRock B550M Pro RS 디앤디컴,"121,180","AMD(소켓AM4) / AMD B550 / DDR4 / VGA 연결 : PCIe4.0 x16 / M-ATX (24.4x24.4cm) / 전원부 : 8페이즈 / [메모리] 4733MHz (PC4-37800) / 4개 / 메모리 용량 : 최대 128GB / XMP / [확장슬롯] PCIe버전 : PCIe4.0 , PCIe3.0 / PCIex16 : 2개 / PCIex1 : 1개 / [저장장치] M.2 : 2개 / SATA3 : 4개 / M.2 연결 : PCIe4.0 , PCIe , NVMe / [후면단자] HDMI / DP / RJ-45 / 오디오잭 / PS/2 / USB A타입 : 6개 / [랜/오디오] 유선랜 칩셋 : Realtek RTL8125BG / 2.5Gbps / RJ-45 : 1개 / 오디오 칩셋 : Realtek ALC897 / 7.1채널(8ch) / [내부I/O] USB/팬 헤더 : USB3.0 헤더 , USB2.0 헤더 / 시스템팬 4핀 : 3개 / I/O 헤더 : TPM 헤더 , 프론트오디오AAFP 헤더 / [특징] 전원부 방열판 / M.2 히트싱크 / 일체형IO실드 / UEFI 닫기",https://img.danuri.io/catalog-image/646/162/049/dda7ad448a4642ea80022fd34d50ec75.jpg?shrink=130:130&_v=20260921125729,https://prod.danawa.com/info/?pcode=49162646&cate=112751
509,ASRock,ASRock A520M-HDV 디앤디컴,"68,390","AMD(소켓AM4) / AMD A520 / DDR4 / VGA 연결 : PCIe3.0 x16 / M-ATX (23.0x20.1cm) / 전원부 : 4+2페이즈 / [메모리] 4733MHz (PC4-37800) / 2개 / 메모리 용량 : 최대 64GB / [확장슬롯] PCIe버전 : PCIe3.0 / PCIex16 : 1개 / PCIex1 : 1개 / [저장장치] M.2 : 1개 / SATA3 : 4개 / M.2 연결 : PCIe , NVMe , SATA / [후면단자] HDMI / DVI / D-SUB / USB3.x 5Gbps / USB 2.0 / RJ-45 / 오디오잭 / PS/2 / USB A타입 : 6개 / [랜/오디오] 유선랜 칩셋 : Realtek RTL8111H / 1Gbps / RJ-45 : 1개 / 오디오 칩셋 : Realtek ALC887 / 7.1채널(8ch) / [내부I/O] USB/팬 헤더 : USB3.0 헤더 , USB2.0 헤더 / 시스템팬 4핀 : 2개 / I/O 헤더 : TPM 헤더 / [특징] UEFI 닫기",https://img.danuri.io/catalog-image/663/092/012/e49218014a8d422aaff1acdbeb80d24f.jpg?shrink=130:130&_v=20260921125646,https://prod.danawa.com/info/?pcode=12092663&cate=112751
510,ASRock,ASRock B550M Pro RS 에즈윈,"123,000","AMD(소켓AM4) / AMD B550 / DDR4 / VGA 연결 : PCIe4.0 x16 / M-ATX (24.4x24.4cm) / 전원부 : 8페이즈 / [메모리] 4733MHz (PC4-37800) / 4개 / 메모리 용량 : 최대 128GB / XMP / [확장슬롯] PCIe버전 : PCIe4.0 , PCIe3.0 / PCIex16 : 2개 / PCIex1 : 1개 / [저장장치] M.2 : 2개 / SATA3 : 4개 / M.2 연결 : PCIe4.0 , PCIe , NVMe / [후면단자] HDMI / DP / USB3.x 5Gbps / USB 2.0 / RJ-45 / 오디오잭 / PS/2 / USB A타입 : 6개 / [랜/오디오] 유선랜 칩셋 : Realtek RTL8125BG / 2.5Gbps / RJ-45 : 1개 / 오디오 칩셋 : Realtek ALC897 / 7.1채널(8ch) / [내부I/O] USB/팬 헤더 : USB3.0 헤더 , USB2.0 헤더 / 시스템팬 4핀 : 3개 / I/O 헤더 : TPM 헤더 , 프론트오디오AAFP 헤더 / [특징] 전원부 방열판 / M.2 히트싱크 / 일체형IO실드 / UEFI 닫기",https://img.danuri.io/catalog-image/182/740/049/d316ea2cdff44598aa718f9cd261c8e5.jpg?shrink=130:130&_v=20260921092705,https://prod.danawa.com/info/?pcode=49740182&cate=112751
511,ASRock,ASRock B550M Pro RS + WiFi7 랜카드 패키지 디앤디컴,"174,930","AMD(소켓AM4) / AMD B550 / DDR4 / VGA 연결 : PCIe4.0 x16 / M-ATX (24.4x24.4cm) / 전원부 : 8페이즈 / 메모리 4733MHz (PC4-37800) / 4개 / 메모리 용량 : 최대 128GB / XMP / 확장슬롯 PCIe버전 : PCIe4.0 , PCIe3.0 / PCIex16 : 2개 / PCIex1 : 1개 / 저장장치 SATA3 : 4개 / M.2 : 2개 / M.2 연결 : PCIe4.0 , PCIe , NVMe / 후면단자 HDMI / DP / RJ-45 / 오디오잭 / PS/2 / USB A타입 : 6개 / 랜/오디오 유선랜 칩셋 : Realtek RTL8125BG / 2.5Gbps / RJ-45 : 1개 / 무선랜(Wi-Fi) / 블루투스 / 오디오 칩셋 : Realtek ALC897 / 7.1채널(8ch) / 내부I/O USB/팬 헤더 : USB3.0 헤더 , USB2.0 헤더 / 시스템팬 4핀 : 3개 / I/O 헤더 : TPM 헤더 , 프론트오디오AAFP 헤더 / 특징 전원부 방열판 / M.2 히트싱크 / 일체형IO실드 / UEFI 닫기",https://img.danuri.io/catalog-image/538/618/122/849324c9e3974e6787ec716981ddac9e.jpeg?shrink=130:130&_v=20260921125010,https://prod.danawa.com/info/?pcode=122618538&cate=112751
512,ASRock,ASRock B550M Pro-A 디앤디컴,"116,650","AMD(소켓AM4) / AMD B550 / DDR4 / VGA 연결 : PCIe4.0 x16 / M-ATX (24.4x24.4cm) / 전원부 : 8페이즈 / 메모리 4733MHz (PC4-37800) / 4개 / 메모리 용량 : 최대 128GB / XMP / 확장슬롯 PCIe버전 : PCIe4.0 , PCIe3.0 / PCIex16 : 2개 / PCIex1 : 2개 / CrossFire / 저장장치 SATA3 : 4개 / M.2 : 2개 / M.2 연결 : PCIe4.0 , PCIe , NVMe / 후면단자 HDMI / USB3.x 5Gbps / USB 2.0 / RJ-45 / 오디오잭 / PS/2 / USB A타입 : 7개 / USB C타입 : 1개 / 랜/오디오 유선랜 칩셋 : Realtek RTL8111H / 1Gbps / RJ-45 : 1개 / 오디오 칩셋 : Realtek ALC887 / 7.1채널(8ch) / 내부I/O USB/팬 헤더 : USB3.0 헤더 , USB2.0 헤더 , USB3.0 Type C 헤더 , RGB 12V 4핀 헤더 , ARGB 5V 3핀 헤더 / 시스템팬 4핀 : 4개 / I/O 헤더 : TPM 헤더 , 프론트오디오AAFP 헤더 / 특징 전원부 방열판 / 일체형IO실드 / UEFI 닫기",https://img.danuri.io/catalog-image/258/726/122/e34125a9a83b492c8433e0579fedff5c.jpeg?shrink=130:130&_v=20260921125014,https://prod.danawa.com/info/?pcode=122726258&cate=112751
513,ASRock,ASRock A520M-HDV 에즈윈,"65,840","AMD(소켓AM4) / AMD A520 / DDR4 / VGA 연결 : PCIe3.0 x16 / M-ATX (23.0x20.1cm) / 전원부 : 4+2페이즈 / 메모리 4733MHz (PC4-37800) / 2개 / 메모리 용량 : 최대 64GB / 확장슬롯 PCIe버전 : PCIe3.0 / PCIex16 : 1개 / PCIex1 : 1개 / 저장장치 SATA3 : 4개 / M.2 : 1개 / M.2 연결 : PCIe , NVMe , SATA / 후면단자 HDMI / DVI / D-SUB / USB3.x 5Gbps / USB 2.0 / RJ-45 / 오디오잭 / PS/2 / USB A타입 : 6개 / 랜/오디오 유선랜 칩셋 : Realtek RTL8111H / 1Gbps / RJ-45 : 1개 / 오디오 칩셋 : Realtek ALC887 / 7.1채널(8ch) / 내부I/O USB/팬 헤더 : USB3.0 헤더 , USB2.0 헤더 / 시스템팬 4핀 : 2개 / I/O 헤더 : TPM 헤더 / 특징 UEFI 닫기",https://img.danuri.io/catalog-image/286/130/012/88b54b9b61a84018b77c9a2ff233b6f0.jpg?shrink=130:130&_v=20260921102559,https://prod.danawa.com/info/?pcode=12130286&cate=112751
514,ASRock,ASRock B450 PRO4 디앤디컴,"166,000","AMD(소켓AM4) / AMD B450 / DDR4 / VGA 연결 : PCIe3.0 x16 / ATX (30.5x22.4cm) / 전원부 : 9페이즈 / [메모리] 3200MHz (PC4-25600) / 4개 / 메모리 용량 : 최대 64GB / [확장슬롯] PCIe버전 : PCIe3.0 / PCIex16 : 2개 / PCIex1 : 4개 / CrossFire X / [저장장치] M.2 : 2개 / SATA3 : 6개 / M.2 연결 : PCIe , NVMe , SATA / [후면단자] HDMI / DP / D-SUB / USB3.x 10Gbps / USB3.x 5Gbps / USB 2.0 / RJ-45 / 오디오잭 / USB A타입 : 7개 / USB C타입 : 1개 / [랜/오디오] 유선랜 칩셋 : Realtek RTL8111H / 1Gbps / RJ-45 : 1개 / 오디오 칩셋 : Realtek ALC892 / 7.1채널(8ch) / [특징] 닫기",https://img.danuri.io/catalog-image/014/494/006/f734e95bb81c465c9f1a72b6c09464cd.jpg?shrink=130:130&_v=20260921080454,https://prod.danawa.com/info/?pcode=6494014&cate=112751
515,ASRock,ASRock B550M Phantom Gaming 4 + WiFi6E 랜카드 패키지 디앤디컴,"136,590","AMD(소켓AM4) / AMD B550 / DDR4 / VGA 연결 : PCIe4.0 x16 / M-ATX (24.4x24.4cm) / 전원부 : 8페이즈 / [메모리] 4733MHz (PC4-37800) / 4개 / 메모리 용량 : 최대 128GB / XMP / [확장슬롯] PCIe버전 : PCIe4.0 , PCIe3.0 / PCIex16 : 2개 / PCIex1 : 1개 / [저장장치] M.2 : 2개 / SATA3 : 4개 / M.2 연결 : PCIe , NVMe , SATA / [후면단자] HDMI / DP / USB3.x 5Gbps / USB 2.0 / RJ-45 / 오디오잭 / PS/2 / USB A타입 : 6개 / [랜/오디오] 유선랜 칩셋 : Realtek RTL8111H / 1Gbps / RJ-45 : 1개 / 오디오 칩셋 : Realtek ALC887 / 7.1채널(8ch) / [내부I/O] USB/팬 헤더 : USB3.0 헤더 , USB2.0 헤더 , RGB 12V 4핀 헤더 , ARGB 5V 3핀 헤더 / 시스템팬 4핀 : 3개 / I/O 헤더 : TPM 헤더 / [특징] UEFI 닫기",https://img.danuri.io/catalog-image/583/382/093/b6760702305742ab8850a4e6e4759256.jpg?shrink=130:130&_v=20260921110333,https://prod.danawa.com/info/?pcode=93382583&cate=112751
516,ASRock,ASRock B450M 스틸레전드 디앤디컴,"157,000","AMD(소켓AM4) / AMD B450 / DDR4 / VGA 연결 : PCIe3.0 x16 / M-ATX (24.4x24.4cm) / 전원부 : 6페이즈 / [메모리] 3466MHz (PC4-27700) / 4개 / 메모리 용량 : 최대 128GB / [확장슬롯] PCIe버전 : PCIe3.0 / PCIex16 : 1개 / PCIex1 : 1개 / CrossFire X / [저장장치] M.2 : 2개 / SATA3 : 4개 / M.2 연결 : PCIe , NVMe , SATA / [후면단자] HDMI / DP / USB3.x 10Gbps / USB3.x 5Gbps / USB 2.0 / RJ-45 / S/PDIF / 오디오잭 / PS/2 / USB A타입 : 7개 / USB C타입 : 1개 / [랜/오디오] 유선랜 칩셋 : Realtek RTL8111H / 1Gbps / RJ-45 : 1개 / 오디오 칩셋 : Realtek ALC892 / 7.1채널(8ch) / [특징] LED라이트 닫기",https://img.danuri.io/catalog-image/008/097/007/f42b79febc9949cea715956f97c08bb8.jpg?shrink=130:130&_v=20260921080444,https://prod.danawa.com/info/?pcode=7097008&cate=112751
517,ASRock,ASRock B550M Phantom Gaming 4 디앤디컴,"111,690","AMD(소켓AM4) / AMD B550 / DDR4 / VGA 연결 : PCIe4.0 x16 / M-ATX (24.4x24.4cm) / 전원부 : 8페이즈 / [메모리] 4733MHz (PC4-37800) / 4개 / 메모리 용량 : 최대 128GB / XMP / [확장슬롯] PCIe버전 : PCIe4.0 , PCIe3.0 / PCIex16 : 2개 / PCIex1 : 1개 / [저장장치] M.2 : 2개 / SATA3 : 4개 / M.2 연결 : PCIe , NVMe , SATA / [후면단자] HDMI / DP / USB3.x 5Gbps / USB 2.0 / RJ-45 / 오디오잭 / PS/2 / USB A타입 : 6개 / [랜/오디오] 유선랜 칩셋 : Realtek RTL8111H / 1Gbps / RJ-45 : 1개 / 오디오 칩셋 : Realtek ALC887 / 7.1채널(8ch) / [내부I/O] USB/팬 헤더 : USB3.0 헤더 , USB2.0 헤더 , RGB 12V 4핀 헤더 , ARGB 5V 3핀 헤더 / 시스템팬 4핀 : 3개 / I/O 헤더 : TPM 헤더 / [특징] UEFI 닫기",https://img.danuri.io/catalog-image/823/487/012/bb1e650d8f40447a912c4758c6aa31e0.jpg?shrink=130:130&_v=20260921125620,https://prod.danawa.com/info/?pcode=12487823&cate=112751
518,ASRock,ASRock B450M-HDV R4.0 대원씨티에스,"980,000","AMD(소켓AM4) / AMD B450 / DDR4 / VGA 연결 : PCIe3.0 x16 / M-ATX (23.0x20.1cm) / 전원부 : 6페이즈 / [메모리] 3200MHz (PC4-25600) / 2개 / 메모리 용량 : 최대 64GB / [확장슬롯] PCIe버전 : PCIe3.0 / PCIex16 : 1개 / PCIex1 : 1개 / [저장장치] M.2 : 1개 / SATA3 : 4개 / M.2 연결 : PCIe , NVMe , SATA / [후면단자] HDMI / DVI / D-SUB / USB3.x 5Gbps / USB 2.0 / RJ-45 / 오디오잭 / PS/2 / USB A타입 : 6개 / [랜/오디오] 유선랜 칩셋 : Realtek RTL8111H / 1Gbps / RJ-45 : 1개 / 오디오 칩셋 : Realtek ALC887 / 7.1채널(8ch) / [내부I/O] USB/팬 헤더 : USB3.0 헤더 , USB2.0 헤더 / 시스템팬 4핀 : 1개 / I/O 헤더 : TPM 헤더 , 프론트오디오AAFP 헤더 , COM포트 헤더 / [특징] UEFI 닫기",https://img.danuri.io/catalog-image/357/879/029/da9834239aac4156a4c9154d2c7b5876.jpg?shrink=130:130&_v=20260921080442,https://prod.danawa.com/info/?pcode=29879357&cate=112751
519,ASRock,ASRock A520M-HDV 에즈윈 (벌크),"65,120","AMD(소켓AM4) / AMD A520 / DDR4 / VGA 연결 : PCIe3.0 x16 / M-ATX (23.0x20.1cm) / 전원부 : 4+2페이즈 / [메모리] 4733MHz (PC4-37800) / 2개 / 메모리 용량 : 최대 64GB / [확장슬롯] PCIe버전 : PCIe3.0 / PCIex16 : 1개 / PCIex1 : 1개 / [저장장치] M.2 : 1개 / SATA3 : 4개 / M.2 연결 : PCIe , NVMe , SATA / [후면단자] HDMI / DVI / D-SUB / USB3.x 5Gbps / USB 2.0 / RJ-45 / 오디오잭 / PS/2 / USB A타입 : 6개 / [랜/오디오] 유선랜 칩셋 : Realtek RTL8111H / 1Gbps / RJ-45 : 1개 / 오디오 칩셋 : Realtek ALC887 / 7.1채널(8ch) / [내부I/O] USB/팬 헤더 : USB3.0 헤더 , USB2.0 헤더 / 시스템팬 4핀 : 2개 / I/O 헤더 : TPM 헤더 , 프론트오디오AAFP 헤더 , 침입감지 헤더 , COM포트 헤더 / [특징] UEFI 닫기",https://img.danuri.io/catalog-image/067/213/025/f98dab2f64b64bc3a96fe32821409d56.jpg?shrink=130:130&_v=20260921080442,https://prod.danawa.com/info/?pcode=25213067&cate=112751
520,ASRock,ASRock B450 스틸레전드 디앤디컴,"166,000","AMD(소켓AM4) / AMD B450 / DDR4 / VGA 연결 : PCIe3.0 x16 / ATX (30.5x24.4cm) / 전원부 : 6페이즈 / [메모리] 4개 / 메모리 용량 : 최대 64GB / XMP / [확장슬롯] PCIe버전 : PCIe3.0 / PCIex16 : 2개 / PCIex1 : 4개 / CrossFire X / [저장장치] M.2 : 2개 / SATA3 : 6개 / M.2 연결 : PCIe , NVMe , SATA / [후면단자] HDMI / DP / USB3.x 10Gbps / USB3.x 5Gbps / RJ-45 / 오디오잭 / PS/2 / USB A타입 : 7개 / USB C타입 : 1개 / [랜/오디오] 유선랜 칩셋 : Realtek RTL8111H / 1Gbps / RJ-45 : 1개 / 오디오 칩셋 : Realtek ALC892 / 7.1채널(8ch) / [특징] M.2 히트싱크 / LED라이트 / UEFI 닫기",https://img.danuri.io/catalog-image/291/015/007/4e15d7e2bfd54913b08abba048ba8028.jpg?shrink=130:130&_v=20260921080458,https://prod.danawa.com/info/?pcode=7015291&cate=112751
521,ASRock,ASRock A520M-HDV 대원씨티에스,"69,890","AMD(소켓AM4) / AMD A520 / DDR4 / VGA 연결 : PCIe3.0 x16 / M-ATX (23.0x20.1cm) / 전원부 : 4+2페이즈 / [메모리] 4733MHz (PC4-37800) / 2개 / 메모리 용량 : 최대 64GB / [확장슬롯] PCIe버전 : PCIe3.0 / PCIex16 : 1개 / PCIex1 : 1개 / [저장장치] M.2 : 1개 / SATA3 : 4개 / M.2 연결 : PCIe , NVMe , SATA / [후면단자] HDMI / DVI / D-SUB / USB3.x 5Gbps / USB 2.0 / RJ-45 / 오디오잭 / PS/2 / USB A타입 : 6개 / [랜/오디오] 유선랜 칩셋 : Realtek RTL8111H / 1Gbps / RJ-45 : 1개 / 오디오 칩셋 : Realtek ALC887 / 7.1채널(8ch) / [내부I/O] USB/팬 헤더 : USB3.0 헤더 , USB2.0 헤더 / 시스템팬 4핀 : 2개 / I/O 헤더 : TPM 헤더 / [특징] UEFI 닫기",https://img.danuri.io/catalog-image/331/403/018/0a0d0f15b9f14d94abc8ea243d00f1a0.jpg?shrink=130:130&_v=20260921080443,https://prod.danawa.com/info/?pcode=18403331&cate=112751
522,ASRock,ASRock A320M-HDVP 디앤디컴,"150,000","AMD(소켓AM4) / AMD A320 / DDR4 / VGA 연결 : PCIe3.0 x16 / M-ATX (23.0x20.1cm) / 전원부 : 6페이즈 / [메모리] 3200MHz (PC4-25600) / 2개 / 메모리 용량 : 최대 32GB / [확장슬롯] PCIe버전 : PCIe3.0 / PCIex16 : 1개 / PCIex1 : 2개 / PCI : 1개 / [저장장치] M.2 : 1개 / SATA3 : 4개 / M.2 연결 : PCIe , NVMe , SATA / [후면단자] HDMI / DVI / D-SUB / USB3.x 5Gbps / USB 2.0 / RJ-45 / 오디오잭 / PS/2 / 시리얼포트 / USB A타입 : 6개 / [랜/오디오] 유선랜 칩셋 : Realtek RTL8111H / 1Gbps / RJ-45 : 1개 / 오디오 칩셋 : Realtek ALC887 / 7.1채널(8ch) / [특징] UEFI 닫기",https://img.danuri.io/catalog-image/752/864/010/58366164e9a742a48186e944e0966e9c.jpg?shrink=130:130&_v=20260920080524,https://prod.danawa.com/info/?pcode=10864752&cate=112751
523,ASRock,ASRock B550M Phantom Gaming 4 + WiFi7 랜카드 패키지 디앤디컴,"153,470","AMD(소켓AM4) / AMD B550 / DDR4 / VGA 연결 : PCIe4.0 x16 / M-ATX (24.4x24.4cm) / 전원부 : 8페이즈 / 메모리 4733MHz (PC4-37800) / 4개 / 메모리 용량 : 최대 128GB / XMP / 확장슬롯 PCIe버전 : PCIe4.0 , PCIe3.0 / PCIex16 : 2개 / PCIex1 : 1개 / 저장장치 SATA3 : 4개 / M.2 : 2개 / M.2 연결 : PCIe , NVMe , SATA / 후면단자 HDMI / DP / USB3.x 5Gbps / USB 2.0 / RJ-45 / 오디오잭 / PS/2 / USB A타입 : 6개 / 랜/오디오 유선랜 칩셋 : Realtek RTL8111H / 1Gbps / RJ-45 : 1개 / 오디오 칩셋 : Realtek ALC887 / 7.1채널(8ch) / 내부I/O USB/팬 헤더 : USB3.0 헤더 , USB2.0 헤더 , RGB 12V 4핀 헤더 , ARGB 5V 3핀 헤더 / 시스템팬 4핀 : 3개 / I/O 헤더 : TPM 헤더 / 특징 UEFI 닫기",https://img.danuri.io/catalog-image/520/618/122/7b0bec461ead4b8e9d3e60d867ef6639.jpeg?shrink=130:130&_v=20260921125128,https://prod.danawa.com/info/?pcode=122618520&cate=112751
524,ASRock,ASRock A520M-HDV 디앤디컴 (벌크),"66,650","AMD(소켓AM4) / AMD A520 / DDR4 / VGA 연결 : PCIe3.0 x16 / M-ATX (23.0x20.1cm) / 전원부 : 4+2페이즈 / [메모리] 4733MHz (PC4-37800) / 2개 / 메모리 용량 : 최대 64GB / [확장슬롯] PCIe버전 : PCIe3.0 / PCIex16 : 1개 / PCIex1 : 1개 / [저장장치] M.2 : 1개 / SATA3 : 4개 / M.2 연결 : PCIe , NVMe , SATA / [후면단자] HDMI / DVI / D-SUB / USB3.x 5Gbps / USB 2.0 / RJ-45 / 오디오잭 / PS/2 / USB A타입 : 6개 / [랜/오디오] 유선랜 칩셋 : Realtek RTL8111H / 1Gbps / RJ-45 : 1개 / 오디오 칩셋 : Realtek ALC887 / 7.1채널(8ch) / [내부I/O] USB/팬 헤더 : USB3.0 헤더 , USB2.0 헤더 / 시스템팬 4핀 : 2개 / I/O 헤더 : TPM 헤더 / [특징] UEFI 닫기",https://img.danuri.io/catalog-image/353/660/012/640a4d79c52c46888e40b5df68f499fd.jpg?shrink=130:130&_v=20260921090356,https://prod.danawa.com/info/?pcode=12660353&cate=112751
525,ASRock,ASRock B650M Pro X3D 에즈윈,"122,810","AMD(소켓AM5) / AMD B650 / DDR5 / VGA 연결 : PCIe5.0 x16 / M-ATX (24.4x24.4cm) / 전원부 : 8+2+1페이즈 / [메모리] 8000MHz (PC5-64000) / 4개 / 메모리 용량 : 최대 256GB / EXPO / [확장슬롯] PCIe버전 : PCIe5.0 , PCIe4.0 / PCIex16 : 1개 / PCIex4 : 1개 / [저장장치] M.2 : 3개 / SATA3 : 4개 / M.2 연결 : PCIe5.0 , PCIe4.0 , NVMe , PCIe 레인공유 / [후면단자] HDMI / DP / USB3.x 10Gbps / USB3.x 5Gbps / USB 2.0 / RJ-45 / 오디오잭 / BIOS플래시백 / USB A타입 : 7개 / USB C타입 : 1개 / [랜/오디오] 유선랜 칩셋 : Dragon RTL8125BG / 2.5Gbps / RJ-45 : 1개 / M.2 Key-E(모듈별매) / 오디오 칩셋 : Realtek ALC897 / 7.1채널(8ch) / [내부I/O] USB/팬 헤더 : USB3.0 헤더 , USB2.0 헤더 , USB3.2 Type C 헤더 , USB3.0 Type C 헤더 , RGB 12V 4핀 헤더 , ARGB 5V 3핀 헤더 , CPU추가팬(OPT) 헤더 / 시스템팬 4핀 : 3개 / I/O 헤더 : TPM 헤더 , 프론트오디오AAFP 헤더 / [특징] DrMOS / 전원부 방열판 / M.2 히트싱크 / 일체형IO실드 / LED라이트 / UEFI / 23년 11월부로 지원메모리 속도 및 용량 192GB로 확장 닫기",https://img.danuri.io/catalog-image/641/509/076/3c1e7557f65c4f8483a65ac7a482db3e.jpg?shrink=130:130&_v=20260921080443,https://prod.danawa.com/info/?pcode=76509641&cate=112751
526,ASRock,ASRock B850 Pro-A WiFi 디앤디컴,"181,000","AMD(소켓AM5) / AMD B850 / DDR5 / VGA 연결 : PCIe5.0 x16 / ATX (30.5x24.4cm) / 전원부 : 14+2+1페이즈 / 페이즈당80A / Vcore출력합계 : 1120A / [메모리] 8000MHz (PC5-64000) / 4개 / 메모리 용량 : 최대 256GB / XMP / EXPO / [확장슬롯] PCIe버전 : PCIe5.0 , PCIe4.0 / PCIex16 : 1개 / PCIex16(at x4) : 1개 / [저장장치] M.2 : 4개 / SATA3 : 4개 / M.2 연결 : PCIe5.0 , PCIe4.0 , PCIe , NVMe , PCIe 레인공유 / [후면단자] HDMI / Type-C / USB3.x 10Gbps / USB3.x 5Gbps / USB 2.0 / RJ-45 / 오디오잭 / BIOS플래시백 / USB A타입 : 10개 / USB C타입 : 2개 / [랜/오디오] 유선랜 칩셋 : Dragon RTL8125BG / 2.5Gbps / RJ-45 : 1개 / 무선랜(Wi-Fi) / 블루투스 / 오디오 칩셋 : Realtek ALC897 / 7.1채널(8ch) / [내부I/O] USB/팬 헤더 : USB3.0 헤더 , USB2.0 헤더 , USB3.2 Type C 헤더 , RGB 12V 4핀 헤더 , ARGB 5V 3핀 헤더 , CPU추가팬(OPT) 헤더 , 펌프전용 헤더 / 시스템팬 4핀 : 4개 / I/O 헤더 : TPM 헤더 , 프론트오디오AAFP 헤더 / [특징] DrMOS / 전원부 방열판 / M.2 히트싱크 / UEFI 닫기",https://img.danuri.io/catalog-image/761/410/079/bcc13fc985014456bee404ce0befbadf.jpg?shrink=130:130&_v=20260921080609,https://prod.danawa.com/info/?pcode=79410761&cate=112751
527,ASRock,ASRock B650M Pro X3D 대원씨티에스,"128,510","AMD(소켓AM5) / AMD B650 / DDR5 / VGA 연결 : PCIe5.0 x16 / M-ATX (24.4x24.4cm) / 전원부 : 8+2+1페이즈 / 60A / Vcore출력합계 : 480 / 메모리 8000MHz (PC5-64000) / 4개 / 메모리 용량 : 최대 256GB / XMP / EXPO / 확장슬롯 PCIe버전 : PCIe5.0 , PCIe4.0 / PCIex16 : 1개 / PCIex16(at x4) : 1개 / 저장장치 SATA3 : 4개 / M.2 : 3개 / M.2 연결 : PCIe5.0 , PCIe4.0 , NVMe / 후면단자 HDMI / DP / USB3.x 10Gbps / USB3.x 5Gbps / USB 2.0 / RJ-45 / 오디오잭 / BIOS플래시백 / USB A타입 : 7개 / USB C타입 : 1개 / 랜/오디오 유선랜 칩셋 : Realtek Dragon RTL8125BG / 2.5Gbps / RJ-45 : 1개 / M.2 Key-E(모듈별매) / 오디오 칩셋 : Realtek ALC897 / 7.1채널(8ch) / 내부I/O USB/팬 헤더 : USB3.0 헤더 , USB2.0 헤더 , USB3.0 Type C 헤더 , RGB 12V 4핀 헤더 , ARGB 5V 3핀 헤더 , CPU추가팬(OPT) 헤더 / 시스템팬 4핀 : 3개 / I/O 헤더 : TPM 헤더 , 프론트오디오AAFP 헤더 / 특징 DrMOS / 전원부 방열판 / M.2 히트싱크 / LED라이트 / UEFI 닫기",https://img.danuri.io/catalog-image/647/706/077/4d762ebc310d43cbba561e01912e0374.jpg?shrink=130:130&_v=20260921080609,https://prod.danawa.com/info/?pcode=77706647&cate=112751
528,ASRock,ASRock B850M 스틸레전드 WiFi 디앤디컴,"221,280","AMD(소켓AM5) / AMD B850 / DDR5 / VGA 연결 : PCIe5.0 x16 / M-ATX (24.4x24.4cm) / 전원부 : 12+2+1페이즈 / 페이즈당50A / Vcore출력합계 : 600A / [메모리] 8000MHz (PC5-64000) / 4개 / 메모리 용량 : 최대 256GB / XMP / EXPO / [확장슬롯] PCIe버전 : PCIe5.0 , PCIe4.0 / PCIex16 : 1개 / PCIex16(at x4) : 1개 / [저장장치] M.2 : 3개 / SATA3 : 4개 / M.2 연결 : PCIe5.0 , PCIe4.0 , PCIe , NVMe , PCIe 레인공유 / [후면단자] HDMI / DP / USB3.x 10Gbps / USB3.x 5Gbps / USB 2.0 / RJ-45 / 오디오잭 / BIOS플래시백 / USB A타입 : 7개 / USB C타입 : 1개 / [랜/오디오] 유선랜 칩셋 : Dragon RTL8125BG / 2.5Gbps / RJ-45 : 1개 / 무선랜(Wi-Fi) / 블루투스 / 오디오 칩셋 : Realtek ALC1220 / 7.1채널(8ch) / [내부I/O] USB/팬 헤더 : USB3.0 헤더 , USB2.0 헤더 , USB3.2 Type C 헤더 , RGB 12V 4핀 헤더 , ARGB 5V 3핀 헤더 , CPU추가팬(OPT) 헤더 / 시스템팬 4핀 : 3개 / I/O 헤더 : TPM 헤더 , 프론트오디오AAFP 헤더 , 온도 센서 / [특징] DrMOS / 전원부 방열판 / M.2 히트싱크 / 일체형IO실드 / LED라이트 / UEFI 닫기",https://img.danuri.io/catalog-image/476/102/078/853d09ebf92c421fb15ac38195f45ee7.jpg?shrink=130:130&_v=20260921125619,https://prod.danawa.com/info/?pcode=78102476&cate=112751
529,ASRock,ASRock B650M Pro X3D 디앤디컴,"132,990","AMD(소켓AM5) / AMD B650 / DDR5 / VGA 연결 : PCIe5.0 x16 / M-ATX (24.4x24.4cm) / 전원부 : 8+2+1페이즈 / 페이즈당60A / Vcore출력합계 : 480AA / [메모리] 8000MHz (PC5-64000) / 4개 / 메모리 용량 : 최대 256GB / XMP / EXPO / [확장슬롯] PCIe버전 : PCIe5.0 , PCIe4.0 / PCIex16 : 1개 / PCIex4 : 1개 / [저장장치] M.2 : 3개 / SATA3 : 4개 / M.2 연결 : PCIe5.0 , PCIe4.0 , NVMe / [후면단자] HDMI / DP / USB3.x 10Gbps / USB3.x 5Gbps / USB 2.0 / RJ-45 / 오디오잭 / BIOS플래시백 / USB A타입 : 7개 / USB C타입 : 1개 / [랜/오디오] 유선랜 칩셋 : Dragon RTL8125BG / 2.5Gbps / RJ-45 : 1개 / M.2 Key-E(모듈별매) / 오디오 칩셋 : Realtek ALC897 / 7.1채널(8ch) / [내부I/O] USB/팬 헤더 : USB3.0 헤더 , USB2.0 헤더 , USB3.0 Type C 헤더 , RGB 12V 4핀 헤더 , ARGB 5V 3핀 헤더 , CPU추가팬(OPT) 헤더 / 시스템팬 4핀 : 3개 / I/O 헤더 : TPM 헤더 , 프론트오디오AAFP 헤더 / [특징] DrMOS / 전원부 방열판 / M.2 히트싱크 / LED라이트 / UEFI 닫기",https://img.danuri.io/catalog-image/816/786/077/7f043a0f953243abae976407c9082870.jpg?shrink=130:130&_v=20260921095801,https://prod.danawa.com/info/?pcode=77786816&cate=112751
530,ASRock,ASRock X870 Pro RS 에즈윈,"287,980","AMD(소켓AM5) / AMD X870 / DDR5 / VGA 연결 : PCIe5.0 x16 / ATX (30.5x24.4cm) / 전원부 : 14+2+1페이즈 / 페이즈당80A / Vcore출력합계 : 1120A / [메모리] 8000MHz (PC5-64000) / 4개 / 메모리 용량 : 최대 256GB / EXPO / [확장슬롯] PCIe버전 : PCIe5.0 , PCIe4.0 / PCIex16 : 1개 / PCIex16(at x4) : 1개 / [저장장치] M.2 : 3개 / SATA3 : 4개 / M.2 연결 : PCIe5.0 , PCIe4.0 , PCIe , NVMe , PCIe 레인공유 / [후면단자] HDMI / Type-C / USB4 40Gbps / USB3.x 5Gbps / USB 2.0 / RJ-45 / S/PDIF / 오디오잭 / BIOS플래시백 / USB A타입 : 10개 / USB C타입 : 2개 / [랜/오디오] 유선랜 칩셋 : Dragon RTL8125BG / 2.5Gbps / RJ-45 : 1개 / M.2 Key-E(모듈별매) / 오디오 칩셋 : Realtek ALC1220 / 7.1채널(8ch) / [내부I/O] USB/팬 헤더 : USB3.0 헤더 , USB2.0 헤더 , USB3.2 Type C 헤더 , RGB 12V 4핀 헤더 , ARGB 5V 3핀 헤더 , CPU추가팬(OPT) 헤더 , 펌프전용 헤더 / 시스템팬 4핀 : 4개 / I/O 헤더 : 디버그LED , 프론트오디오AAFP 헤더 , 온도 센서 / [특징] DrMOS / 전원부 방열판 / M.2 히트싱크 / 일체형IO실드 / LED라이트 / UEFI 닫기",https://img.danuri.io/catalog-image/641/695/067/442fef19c0af4405bf3c5bbf2a9cec55.jpg?shrink=130:130&_v=20260921092639,https://prod.danawa.com/info/?pcode=67695641&cate=112751
531,ASRock,ASRock X870E Taichi WHITE 디앤디컴,"800,010","AMD(소켓AM5) / AMD X870E / DDR5 / VGA 연결 : PCIe5.0 x16 / E-ATX (30.5x26.7cm) / 전원부 : 24+2+1페이즈 / 110A / Vcore출력합계 : 2640 / 메모리 8200MHz (PC5-65600) / 4개 / 메모리 용량 : 최대 256GB / XMP / EXPO / 확장슬롯 PCIe버전 : PCIe5.0 / PCIex16 : 2개(동시사용시x8) / CrossFire / 저장장치 SATA3 : 3개 / M.2 : 4개 / M.2 연결 : PCIe5.0 , PCIe4.0 , NVMe / 후면단자 HDMI / Type-C / USB4 40Gbps / USB3.x 10Gbps / USB3.x 5Gbps / USB 2.0 / RJ-45 / S/PDIF / 오디오잭 / BIOS플래시백 / 클리어CMOS / USB A타입 : 10개 / USB C타입 : 2개 / 랜/오디오 유선랜 칩셋 : Marvell AQC113 / 10Gbps / RJ-45 : 1개 / 무선랜(Wi-Fi) / 블루투스 / 오디오 칩셋 : Realtek ALC4082 / 7.1채널(8ch) / 내부I/O USB/팬 헤더 : USB3.0 헤더 , USB2.0 헤더 , USB3.2 Type C 헤더 , RGB 12V 4핀 헤더 , ARGB 5V 3핀 헤더 , CPU추가팬(OPT) 헤더 , 펌프전용 헤더 / 시스템팬 4핀 : 4+1개 / I/O 헤더 : 디버그LED , 프론트오디오AAFP 헤더 , 온도 센서 / 특징 SPS(DrMOS) / 전원부 방열판 / M.2 히트싱크 / 일체형IO실드 / LED라이트 / UEFI 닫기",https://img.danuri.io/catalog-image/572/056/124/8ab0243745a847f49502d1a79971a4f2.jpeg?shrink=130:130&_v=20260921125123,https://prod.danawa.com/info/?pcode=124056572&cate=112751
532,ASRock,ASRock B650M PG Lightning 대원씨티에스,"113,880","AMD(소켓AM5) / AMD B650 / DDR5 / VGA 연결 : PCIe4.0 x16 / M-ATX (24.4x24.4cm) / 전원부 : 6+2+1페이즈 / 50A / Vcore출력합계 : 300 / 메모리 7200MHz (PC5-57600) / 4개 / 메모리 용량 : 최대 192GB / XMP3.0 / EXPO / 확장슬롯 PCIe버전 : PCIe4.0 , PCIe3.0 / PCIex16 : 1개 / PCIex16(at x4) : 1개 / 저장장치 SATA3 : 4개 / M.2 : 3개 / M.2 연결 : PCIe5.0 , PCIe4.0 , NVMe / 후면단자 HDMI / DP / USB3.x 10Gbps / USB3.x 5Gbps / USB 2.0 / RJ-45 / 오디오잭 / BIOS플래시백 / USB A타입 : 7개 / USB C타입 : 1개 / 랜/오디오 유선랜 칩셋 : Realtek RTL8125BG / 2.5Gbps / RJ-45 : 1개 / M.2 Key-E(모듈별매) / 오디오 칩셋 : Realtek ALC897 / 7.1채널(8ch) / 내부I/O USB/팬 헤더 : 썬더볼트4 헤더 , USB3.0 헤더 , USB2.0 헤더 , USB3.0 Type C 헤더 , RGB 12V 4핀 헤더 , ARGB 5V 3핀 헤더 , CPU추가팬(OPT) 헤더 / 시스템팬 4핀 : 3개 / I/O 헤더 : TPM 헤더 , 프론트오디오AAFP 헤더 / 특징 DrMOS / 전원부 방열판 / UEFI 닫기",https://img.danuri.io/catalog-image/260/300/030/4d8108ee3ea24d0290cf9008df1698dc.jpg?shrink=130:130&_v=20260921143808,https://prod.danawa.com/info/?pcode=30300260&cate=112751
533,ASRock,ASRock X870 스틸레전드 WiFi 대원씨티에스,"338,590","AMD(소켓AM5) / AMD X870 / DDR5 / VGA 연결 : PCIe5.0 x16 / ATX (30.5x24.4cm) / 전원부 : 14+2+1페이즈 / 80A / Vcore출력합계 : 1120 / 메모리 8000MHz (PC5-64000) / 4개 / 메모리 용량 : 최대 256GB / XMP / EXPO / 확장슬롯 PCIe버전 : PCIe5.0 , PCIe4.0 / PCIex16 : 1개 / PCIex16(at x4) : 1개 / 저장장치 SATA3 : 4개 / M.2 : 3개 / M.2 연결 : PCIe5.0 , PCIe4.0 , NVMe , PCIe 레인공유 / 후면단자 HDMI / Type-C / USB4 40Gbps / USB3.x 10Gbps / USB3.x 5Gbps / USB 2.0 / RJ-45 / S/PDIF / 오디오잭 / BIOS플래시백 / USB A타입 : 9개 / USB C타입 : 2개 / 랜/오디오 유선랜 칩셋 : Dragon RTL8125BG / 2.5Gbps / RJ-45 : 1개 / 무선랜(Wi-Fi) / 블루투스 / 오디오 칩셋 : Realtek ALC4082 / 7.1채널(8ch) / 내부I/O USB/팬 헤더 : USB3.0 헤더 , USB2.0 헤더 , USB3.2 Type C 헤더 , RGB 12V 4핀 헤더 , ARGB 5V 3핀 헤더 , CPU추가팬(OPT) 헤더 , 펌프전용 헤더 / 시스템팬 4핀 : 3개 / I/O 헤더 : 디버그LED , 프론트오디오AAFP 헤더 , 온도 센서 / 특징 DrMOS / 전원부 방열판 / M.2 히트싱크 / 일체형IO실드 / LED라이트 / UEFI 닫기",https://img.danuri.io/catalog-image/061/242/068/245c353c5d854cd5bd4a58950125bac3.jpg?shrink=130:130&_v=20260921143803,https://prod.danawa.com/info/?pcode=68242061&cate=112751
534,ASRock,ASRock A620AI WiFi 대원씨티에스,"226,610","AMD(소켓AM5) / AMD A620A / DDR5 / VGA 연결 : PCIe4.0 x16 / M-iTX (17.0x17.0cm) / 전원부 : 8+2+1페이즈 / 80A / Vcore출력합계 : 640 / [메모리] 8200MHz (PC5-65600) / 2개 / 메모리 용량 : 최대 128GB / [확장슬롯] PCIe버전 : PCIe4.0 / PCIex16 : 1개 / [저장장치] SATA3 : 2개 / M.2 : 2개 / M.2 연결 : PCIe4.0 , PCIe , NVMe / [후면단자] HDMI / USB3.x 10Gbps / USB A타입 : 4개 / USB C타입 : 1개 / [랜/오디오] 유선랜 칩셋 : Realtek RTL8125BG, RTL8111 / 2.5Gbps, 1Gbps / RJ-45 : 2개 / 듀얼LAN / 오디오 칩셋 : Realtek ALC897 / 7.1채널(8ch) / [내부I/O] USB/팬 헤더 : USB3.0 헤더 , USB2.0 헤더 , USB3.0 Type C 헤더 , ARGB 5V 3핀 헤더 , 펌프전용 헤더 / 시스템팬 4핀 : 1개 / [특징] 전원부 방열판 / M.2 히트싱크 닫기",https://img.danuri.io/catalog-image/858/565/097/80ccda74c61c4e8c853bca3b9ebc0a97.jpg?shrink=130:130&_v=20260921143813,https://prod.danawa.com/info/?pcode=97565858&cate=112751
535,ASRock,ASRock B850I Lightning WiFi 대원씨티에스,"335,210","AMD(소켓AM5) / AMD B850 / DDR5 / VGA 연결 : PCIe5.0 x16 / M-iTX (17.0x17.0cm) / 전원부 : 10+1+1페이즈 / 110A / Vcore출력합계 : 1100 / [메모리] 8200MHz (PC5-65600) / 2개 / 메모리 용량 : 최대 128GB / XMP / EXPO / [확장슬롯] PCIe버전 : PCIe5.0 / PCIex16 : 1개 / [저장장치] SATA3 : 2개 / M.2 : 2개 / M.2 연결 : PCIe5.0 , PCIe4.0 , NVMe / [후면단자] HDMI / Type-C / USB3.x 10Gbps / USB3.x 5Gbps / USB 2.0 / RJ-45 / S/PDIF / 오디오잭 / BIOS플래시백 / USB A타입 : 7개 / USB C타입 : 1개 / [랜/오디오] 유선랜 칩셋 : Killer E3100G / 2.5Gbps / RJ-45 : 1개 / 무선랜(Wi-Fi) / 블루투스 / 오디오 칩셋 : Realtek ALC1220 / 7.1채널(8ch) / [내부I/O] USB/팬 헤더 : USB3.0 헤더 , USB2.0 헤더 , USB3.0 Type C 헤더 , RGB 12V 4핀 헤더 , ARGB 5V 3핀 헤더 , CPU추가팬(OPT) 헤더 / 시스템팬 4핀 : 1개 / I/O 헤더 : TPM 헤더 , 프론트오디오AAFP 헤더 , 온도 센서 / [특징] SPS(DrMOS) / 전원부 방열판 / M.2 히트싱크 / 일체형IO실드 / UEFI 닫기",https://img.danuri.io/catalog-image/676/278/077/a463c6c135ac4e568a29f2ecb6ca7f6e.jpg?shrink=130:130&_v=20260921080444,https://prod.danawa.com/info/?pcode=77278676&cate=112751
536,ASRock,ASRock B850M Rock WiFi 대원씨티에스,"178,230","AMD(소켓AM5) / AMD B850 / DDR5 / VGA 연결 : PCIe5.0 x16 / M-ATX (24.4x22.6cm) / 전원부 : 6+1+1페이즈 / [메모리] 8200MHz (PC5-65600) / 2개 / 메모리 용량 : 최대 128GB / XMP / EXPO / [확장슬롯] PCIe버전 : PCIe5.0 , PCIe3.0 / PCIex16 : 1개 / PCIex16(at x4) : 1개 / [저장장치] SATA3 : 4개 / M.2 : 2개 / M.2 연결 : PCIe5.0 , PCIe4.0 , NVMe / [후면단자] HDMI / DP / USB3.x 5Gbps / USB 2.0 / RJ-45 / 오디오잭 / BIOS플래시백 / USB A타입 : 7개 / USB C타입 : 1개 / [랜/오디오] 유선랜 칩셋 : Dragon RTL8125BG / 2.5Gbps / RJ-45 : 1개 / 무선랜(Wi-Fi) / 블루투스 / 오디오 칩셋 : Realtek ALC897 / 7.1채널(8ch) / [내부I/O] USB/팬 헤더 : USB3.0 헤더 , USB2.0 헤더 , CPU추가팬(OPT) 헤더 , 펌프전용 헤더 / 시스템팬 4핀 : 2개 / I/O 헤더 : TPM 헤더 , 프론트오디오AAFP 헤더 / [특징] DrMOS / 전원부 방열판 / M.2 히트싱크 / 일체형IO실드 / UEFI 닫기",https://img.danuri.io/catalog-image/645/960/107/ed95b44a417b44c2b130d26852cf2400.jpg?shrink=130:130&_v=20260921144438,https://prod.danawa.com/info/?pcode=107960645&cate=112751
537,ASRock,ASRock A620AM-HVS 에즈윈,"90,750","AMD(소켓AM5) / AMD A620A / DDR5 / VGA 연결 : PCIe4.0 x16 / M-ATX (24.4x22.9cm) / 전원부 : 4+1+1페이즈 / [메모리] 6800MHz (PC5-54400) / 2개 / 메모리 용량 : 최대 128GB / XMP / EXPO / [확장슬롯] PCIe버전 : PCIe4.0 , PCIe3.0 / PCIex16 : 1개 / PCIex1 : 2개 / M.2 : 2개 / SATA3 : 2개 / M.2 연결 : PCIe4.0 , NVMe / [후면단자] HDMI / D-SUB / USB3.x 5Gbps / USB 2.0 / RJ-45 / 오디오잭 / BIOS플래시백 / USB A타입 : 8개 / [랜/오디오] 유선랜 칩셋 : Realtek RTL8111H / 1Gbps / RJ-45 : 1개 / M.2 Key-E(모듈별매) / 오디오 칩셋 : Realtek ALC897 / 7.1채널(8ch) / [내부I/O] USB/팬 헤더 : USB3.0 헤더 , USB2.0 헤더 , USB3.0 Type C 헤더 , RGB 12V 4핀 헤더 , ARGB 5V 3핀 헤더 / I/O 헤더 : 프론트오디오AAFP 헤더 / [특징] DrMOS 닫기",https://img.danuri.io/catalog-image/591/360/092/9c22cfbdda204e8ca29bf8f813a42d53.jpg?shrink=130:130&_v=20260921090323,https://prod.danawa.com/info/?pcode=92360591&cate=112751
538,ASRock,ASRock B850 스틸레전드 WiFi 디앤디컴,"278,920","AMD(소켓AM5) / AMD B850 / DDR5 / VGA 연결 : PCIe5.0 x16 / ATX (30.5x24.4cm) / 전원부 : 14+2+1페이즈 / 페이즈당80A / Vcore출력합계 : 1120A / [메모리] 8000MHz (PC5-64000) / 4개 / 메모리 용량 : 최대 256GB / XMP / EXPO / [확장슬롯] PCIe버전 : PCIe5.0 , PCIe4.0 / PCIex16 : 1개 / PCIex16(at x4) : 1개 / [저장장치] M.2 : 4개 / SATA3 : 4개 / M.2 연결 : PCIe5.0 , PCIe4.0 , PCIe , NVMe , PCIe 레인공유 / [후면단자] HDMI / USB3.x 10Gbps / USB3.x 5Gbps / USB 2.0 / RJ-45 / 오디오잭 / BIOS플래시백 / USB A타입 : 9개 / USB C타입 : 2개 / [랜/오디오] 유선랜 칩셋 : Dragon RTL8125BG / 2.5Gbps / RJ-45 : 1개 / 무선랜(Wi-Fi) / 블루투스 / 오디오 칩셋 : Realtek ALC4082 / 7.1채널(8ch) / [내부I/O] USB/팬 헤더 : USB3.0 헤더 , USB2.0 헤더 , USB3.2 Type C 헤더 , RGB 12V 4핀 헤더 , ARGB 5V 3핀 헤더 , CPU추가팬(OPT) 헤더 , 펌프전용 헤더 / 시스템팬 4핀 : 3개 / I/O 헤더 : TPM 헤더 , 프론트오디오AAFP 헤더 , 온도 센서 / [특징] DrMOS / 전원부 방열판 / M.2 히트싱크 / 일체형IO실드 / LED라이트 / UEFI 닫기",https://img.danuri.io/catalog-image/710/340/074/dbd822c6639f4fa0b8dbb9caec6ba1e3.jpg?shrink=130:130&_v=20260921092659,https://prod.danawa.com/info/?pcode=74340710&cate=112751
539,ASRock,ASRock X870E Nova WiFi 에즈윈,"472,400","AMD(소켓AM5) / AMD X870E / DDR5 / VGA 연결 : PCIe5.0 x16 / ATX (30.5x24.4cm) / 전원부 : 20+2+1페이즈 / 페이즈당110A / Vcore출력합계 : 2200A / [메모리] 8200MHz (PC5-65600) / 4개 / 메모리 용량 : 최대 256GB / XMP / EXPO / [확장슬롯] PCIe버전 : PCIe5.0 , PCIe3.0 / PCIex16 : 1개(동시사용시x8) / PCIex16(at x2) : 1개 / PCIex1 : 1개 / [저장장치] M.2 : 5개 / SATA3 : 4개 / M.2 연결 : PCIe5.0 , PCIe4.0 , PCIe , NVMe , SATA , PCIe 레인공유 / [후면단자] HDMI / Type-C / USB4 40Gbps / USB3.x 10Gbps / USB3.x 5Gbps / USB 2.0 / RJ-45 / S/PDIF / 오디오잭 / BIOS플래시백 / 클리어CMOS / USB A타입 : 10개 / USB C타입 : 2개 / [랜/오디오] 유선랜 칩셋 : Realtek RTL8126 / 5Gbps / RJ-45 : 1개 / 무선랜(Wi-Fi) / 블루투스 / 오디오 칩셋 : Realtek ALC4082 / 7.1채널(8ch) / [내부I/O] USB/팬 헤더 : USB3.0 헤더 , USB2.0 헤더 , USB3.2 Type C 헤더 , RGB 12V 4핀 헤더 , ARGB 5V 3핀 헤더 , CPU추가팬(OPT) 헤더 , 펌프전용 헤더 / 시스템팬 4핀 : 3+1개 / I/O 헤더 : 디버그LED , 프론트오디오AAFP 헤더 , 온도 센서 / [특징] SPS(DrMOS) / 전원부 방열판 / M.2 히트싱크 / 일체형IO실드 / LED라이트 / UEFI 닫기",https://img.danuri.io/catalog-image/967/852/067/9919c17a73b7471d9cd3ca2e43847155.jpg?shrink=130:130&_v=20260921092645,https://prod.danawa.com/info/?pcode=67852967&cate=112751
540,ASRock,ASRock A620AM-HVS 디앤디컴,"91,680","AMD(소켓AM5) / AMD A620A / DDR5 / VGA 연결 : PCIe4.0 x16 / M-ATX (24.4x22.9cm) / 전원부 : 4+1+1페이즈 / [메모리] 6800MHz (PC5-54400) / 2개 / 메모리 용량 : 최대 128GB / XMP / EXPO / [확장슬롯] PCIe버전 : PCIe4.0 , PCIe3.0 / PCIex16 : 1개 / PCIex1 : 2개 / M.2 : 2개 / SATA3 : 2개 / M.2 연결 : PCIe4.0 , NVMe / [후면단자] HDMI / D-SUB / USB3.x 5Gbps / USB 2.0 / RJ-45 / 오디오잭 / BIOS플래시백 / USB A타입 : 8개 / [랜/오디오] 유선랜 칩셋 : Realtek RTL8111H / 1Gbps / RJ-45 : 1개 / M.2 Key-E(모듈별매) / 오디오 칩셋 : Realtek ALC897 / 7.1채널(8ch) / [내부I/O] USB/팬 헤더 : USB3.0 헤더 , USB2.0 헤더 , USB3.0 Type C 헤더 , RGB 12V 4핀 헤더 , ARGB 5V 3핀 헤더 / I/O 헤더 : 프론트오디오AAFP 헤더 / [특징] DrMOS 닫기",https://img.danuri.io/catalog-image/667/149/092/e25e2a9b187747739cccf476123f3dd0.jpg?shrink=130:130&_v=20260921110121,https://prod.danawa.com/info/?pcode=92149667&cate=112751
541,ASRock,ASRock B850M Rock WiFi 에즈윈,"187,060","AMD(소켓AM5) / AMD B850 / DDR5 / VGA 연결 : PCIe5.0 x16 / M-ATX (24.4x22.6cm) / 전원부 : 6+1+1페이즈 / [메모리] 8200MHz (PC5-65600) / 2개 / 메모리 용량 : 최대 128GB / XMP / EXPO / [확장슬롯] PCIe버전 : PCIe5.0 , PCIe3.0 / PCIex16 : 1개 / PCIex16(at x4) : 1개 / [저장장치] M.2 : 2개 / SATA3 : 4개 / M.2 연결 : PCIe5.0 , PCIe4.0 , NVMe / [후면단자] HDMI / DP / USB3.x 5Gbps / USB 2.0 / RJ-45 / 오디오잭 / BIOS플래시백 / USB A타입 : 7개 / USB C타입 : 1개 / [랜/오디오] 유선랜 칩셋 : Dragon RTL8125BG / 2.5Gbps / RJ-45 : 1개 / 무선랜(Wi-Fi) / 블루투스 / 오디오 칩셋 : Realtek ALC897 / 7.1채널(8ch) / [내부I/O] USB/팬 헤더 : USB3.0 헤더 , USB2.0 헤더 , CPU추가팬(OPT) 헤더 , 펌프전용 헤더 / 시스템팬 4핀 : 2개 / I/O 헤더 : TPM 헤더 , 프론트오디오AAFP 헤더 / [특징] DrMOS / 전원부 방열판 / M.2 히트싱크 / 일체형IO실드 / UEFI 닫기",https://img.danuri.io/catalog-image/577/717/106/7bd47a900b834a7984038c98994b34c0.jpg?shrink=130:130&_v=20260921080441,https://prod.danawa.com/info/?pcode=106717577&cate=112751
542,ASRock,ASRock B850M Challenger WiFi 7 White 디앤디컴,"226,570","AMD B850 / AMD(소켓AM5) / DDR5 / VGA 연결 : PCIe5.0 x16 / M-ATX (24.4x24.4cm) / 전원부 : 8+1+1페이즈 / [메모리] 8000MHz (PC5-64000) / 4개 / 메모리 용량 : 최대 256GB / XMP / EXPO / [확장슬롯] PCIe버전 : PCIe5.0 , PCIe4.0 / PCIex16 : 1개 / PCIex16(at x4) : 1개 / PCIex1 : 1개 / [저장장치] M.2 : 2개 / SATA3 : 4개 / M.2 연결 : PCIe5.0 , PCIe4.0 , NVMe / [후면단자] HDMI / USB3.x 10Gbps / USB3.x 5Gbps / USB 2.0 / RJ-45 / 오디오잭 / USB A타입 : 8개 / [랜/오디오] 유선랜 칩셋 : Dragon RTL8125BG / 2.5Gbps / RJ-45 : 1개 / 무선랜(Wi-Fi) / 블루투스 / 오디오 칩셋 : Realtek ALC897 / [내부I/O] USB/팬 헤더 : USB3.0 헤더 , USB2.0 헤더 , USB3.0 Type C 헤더 , RGB 12V 4핀 헤더 , ARGB 5V 3핀 헤더 , 펌프전용 헤더 / 시스템팬 4핀 : 3개 / I/O 헤더 : TPM 헤더 , 프론트오디오AAFP 헤더 / [특징] DrMOS / 전원부 방열판 / M.2 히트싱크 / 일체형IO실드 / UEFI 닫기",https://img.danuri.io/catalog-image/525/768/107/fefb6eff94f64612878e1b1701792722.jpg?shrink=130:130&_v=20260921135039,https://prod.danawa.com/info/?pcode=107768525&cate=112751
543,ASRock,ASRock B650M PG Riptide 대원씨티에스,"177,600","AMD(소켓AM5) / AMD B650 / DDR5 / VGA 연결 : PCIe4.0 x16 / M-ATX (24.4x24.4cm) / 전원부 : 12+2+1페이즈 / 50A / Vcore출력합계 : 600 / 메모리 7200MHz (PC5-57600) / 4개 / 메모리 용량 : 최대 192GB / XMP / EXPO / 확장슬롯 PCIe버전 : PCIe4.0 , PCIe3.0 / PCIex16 : 1개 / PCIex16(at x4) : 1개 / PCIex1 : 2개 / CrossFire / 저장장치 SATA3 : 4개 / M.2 : 2개 / M.2 연결 : PCIe5.0 , PCIe4.0 , NVMe / 후면단자 HDMI / DP / USB3.x 10Gbps / USB3.x 5Gbps / USB 2.0 / RJ-45 / 오디오잭 / USB A타입 : 7개 / USB C타입 : 1개 / 랜/오디오 유선랜 칩셋 : Realtek Dragon RTL8125BG / 2.5Gbps / RJ-45 : 1개 / 오디오 칩셋 : Realtek ALC897 / 7.1채널(8ch) / 내부I/O USB/팬 헤더 : 썬더볼트4 헤더 , USB3.0 헤더 , USB2.0 헤더 , USB3.0 Type C 헤더 , RGB 12V 4핀 헤더 , ARGB 5V 3핀 헤더 / 시스템팬 4핀 : 3개 / I/O 헤더 : TPM 헤더 / 특징 SPS(DrMOS) / 전원부 방열판 / M.2 히트싱크 / LED라이트 / UEFI / 24년 1월부로 지원메모리 속도 및 용량 확장 닫기",https://img.danuri.io/catalog-image/604/971/017/e9320eab660a4862b6212680a85e7535.jpg?shrink=130:130&_v=20260921080622,https://prod.danawa.com/info/?pcode=17971604&cate=112751
544,ASRock,ASRock B850I Lightning WiFi 에즈윈,"338,990","AMD(소켓AM5) / AMD B850 / DDR5 / VGA 연결 : PCIe5.0 x16 / M-iTX (17.0x17.0cm) / 전원부 : 10+1+1페이즈 / 페이즈당110A / Vcore출력합계 : 1100A / [메모리] 8200MHz (PC5-65600) / 2개 / 메모리 용량 : 최대 128GB / XMP / EXPO / [확장슬롯] PCIe버전 : PCIe5.0 / PCIex16 : 1개 / [저장장치] M.2 : 2개 / SATA3 : 2개 / M.2 연결 : PCIe5.0 , PCIe4.0 , NVMe / [후면단자] HDMI / Type-C / USB3.x 10Gbps / USB3.x 5Gbps / USB 2.0 / RJ-45 / S/PDIF / 오디오잭 / BIOS플래시백 / USB A타입 : 7개 / USB C타입 : 1개 / [랜/오디오] 유선랜 칩셋 : Killer E3100G / 2.5Gbps / RJ-45 : 1개 / 무선랜(Wi-Fi) / 블루투스 / 오디오 칩셋 : Realtek ALC1220 / 7.1채널(8ch) / [내부I/O] USB/팬 헤더 : USB3.0 헤더 , USB2.0 헤더 , USB3.0 Type C 헤더 , RGB 12V 4핀 헤더 , ARGB 5V 3핀 헤더 , CPU추가팬(OPT) 헤더 / 시스템팬 4핀 : 1개 / I/O 헤더 : TPM 헤더 , 프론트오디오AAFP 헤더 , 온도 센서 / [특징] SPS(DrMOS) / 전원부 방열판 / M.2 히트싱크 / 일체형IO실드 / UEFI 닫기",https://img.danuri.io/catalog-image/591/952/073/71fc2bf88f44436b9536ec7172dd0e67.jpg?shrink=130:130&_v=20260921094208,https://prod.danawa.com/info/?pcode=73952591&cate=112751
545,ASRock,ASRock B850 Pro-A 대원씨티에스,"218,320","AMD(소켓AM5) / AMD B850 / DDR5 / VGA 연결 : PCIe5.0 x16 / ATX (30.5x24.4cm) / 전원부 : 14+2+1페이즈 / 80A / Vcore출력합계 : 1120 / [메모리] 8000MHz (PC5-64000) / 4개 / 메모리 용량 : 최대 256GB / XMP / EXPO / [확장슬롯] PCIe버전 : PCIe5.0 , PCIe4.0 / PCIex16 : 1개 / PCIex16(at x4) : 1개 / [저장장치] SATA3 : 4개 / M.2 : 4개 / M.2 연결 : PCIe5.0 , PCIe4.0 , PCIe , NVMe , PCIe 레인공유 , SATA 레인공유 / [후면단자] HDMI / Type-C / USB3.x 10Gbps / USB3.x 5Gbps / USB 2.0 / RJ-45 / 오디오잭 / BIOS플래시백 / USB A타입 : 10개 / USB C타입 : 2개 / [랜/오디오] 유선랜 칩셋 : Dragon RTL8125BG / 2.5Gbps / RJ-45 : 1개 / M.2 Key-E(모듈별매) / 오디오 칩셋 : Realtek ALC897 / 7.1채널(8ch) / [내부I/O] USB/팬 헤더 : USB3.0 헤더 , USB2.0 헤더 , USB3.2 Type C 헤더 , RGB 12V 4핀 헤더 , ARGB 5V 3핀 헤더 , CPU추가팬(OPT) 헤더 , 펌프전용 헤더 / 시스템팬 4핀 : 4개 / I/O 헤더 : TPM 헤더 , 프론트오디오AAFP 헤더 / [특징] DrMOS / 전원부 방열판 / M.2 히트싱크 / LED라이트 / UEFI 닫기",https://img.danuri.io/catalog-image/455/250/074/0615ca01eff14ca890db6fee368e0f58.jpg?shrink=130:130&_v=20260921143758,https://prod.danawa.com/info/?pcode=74250455&cate=112751
546,ASRock,ASRock B650M PRO-A Gen5 디앤디컴,"132,040","AMD(소켓AM5) / AMD B650 / DDR5 / VGA 연결 : PCIe5.0 x16 / M-ATX (24.4x24.4cm) / 전원부 : 8+2+1페이즈 / 60A / Vcore출력합계 : 480A / 메모리 8000MHz (PC5-64000) / 4개 / 메모리 용량 : 최대 256GB / XMP / EXPO / 확장슬롯 PCIe버전 : PCIe5.0 , PCIe4.0 / PCIex16 : 1개 / PCIex4 : 1개 / 저장장치 SATA3 : 4개 / M.2 : 3개 / M.2 연결 : PCIe5.0 , PCIe4.0 , NVMe / 후면단자 HDMI / DP / USB3.x 10Gbps / USB3.x 5Gbps / USB 2.0 / RJ-45 / 오디오잭 / BIOS플래시백 / USB A타입 : 7개 / USB C타입 : 1개 / 랜/오디오 유선랜 칩셋 : Dragon RTL8125BG / 2.5Gbps / RJ-45 : 1개 / M.2 Key-E(모듈별매) / 오디오 칩셋 : Realtek ALC897 / 7.1채널(8ch) / 내부I/O USB/팬 헤더 : USB3.0 헤더 , USB2.0 헤더 , USB3.0 Type C 헤더 , RGB 12V 4핀 헤더 , ARGB 5V 3핀 헤더 , CPU추가팬(OPT) 헤더 / 시스템팬 4핀 : 3개 / I/O 헤더 : TPM 헤더 , 프론트오디오AAFP 헤더 / 특징 DrMOS / 전원부 방열판 / M.2 히트싱크 / LED라이트 / UEFI 닫기",https://img.danuri.io/catalog-image/250/697/122/3d36c78066ec481e878b28b43ccc36bd.jpeg?shrink=130:130&_v=20260921125123,https://prod.danawa.com/info/?pcode=122697250&cate=112751
547,ASRock,ASRock B850 Challenger WiFi 7 White 디앤디컴,"241,530","AMD(소켓AM5) / AMD B850 / DDR5 / VGA 연결 : PCIe5.0 x16 / ATX (30.5x24.4cm) / 전원부 : 12+2+1페이즈 / 페이즈당50A / Vcore출력합계 : 600A / [메모리] 8000MHz (PC5-64000) / 4개 / 메모리 용량 : 최대 256GB / XMP / EXPO / [확장슬롯] PCIe버전 : PCIe5.0 , PCIe4.0 / PCIex16 : 1개 / PCIex16(at x4) : 1개 / PCIex1 : 2개 / [저장장치] M.2 : 2개 / SATA3 : 4개 / M.2 연결 : PCIe5.0 , PCIe4.0 , NVMe / [후면단자] HDMI / USB3.x 10Gbps / USB3.x 5Gbps / USB 2.0 / RJ-45 / 오디오잭 / BIOS플래시백 / USB A타입 : 9개 / USB C타입 : 1개 / [랜/오디오] 유선랜 칩셋 : Dragon RTL8125BG / 2.5Gbps / RJ-45 : 1개 / 무선랜(Wi-Fi) / 블루투스 / 오디오 칩셋 : Realtek ALC897 / 7.1채널(8ch) / [내부I/O] USB/팬 헤더 : USB3.0 헤더 , USB2.0 헤더 , USB3.0 Type C 헤더 , RGB 12V 4핀 헤더 , ARGB 5V 3핀 헤더 , CPU추가팬(OPT) 헤더 , 펌프전용 헤더 / 시스템팬 4핀 : 3개 / I/O 헤더 : TPM 헤더 , 프론트오디오AAFP 헤더 / [특징] DrMOS / 전원부 방열판 / M.2 히트싱크 / 일체형IO실드 / UEFI 닫기",https://img.danuri.io/catalog-image/896/054/099/738f6c03fe4d41b6ab355dd5f24b91eb.jpg?shrink=130:130&_v=20260921080444,https://prod.danawa.com/info/?pcode=99054896&cate=112751
548,ASRock,ASRock B650M PG Riptide WiFi White 에즈윈,"218,430","AMD(소켓AM5) / AMD B650 / DDR5 / VGA 연결 : PCIe4.0 x16 / M-ATX (24.4x24.4cm) / 전원부 : 12+2+1페이즈 / 페이즈당50A / Vcore출력합계 : 600A / [메모리] 7200MHz (PC5-57600) / 4개 / 메모리 용량 : 최대 192GB / XMP / EXPO / [확장슬롯] PCIe버전 : PCIe4.0 , PCIe3.0 / PCIex16 : 1개 / PCIex16(at x4) : 1개 / PCIex1 : 2개 / [저장장치] M.2 : 2개 / SATA3 : 4개 / M.2 연결 : PCIe5.0 , PCIe4.0 , NVMe / [후면단자] HDMI / DP / USB3.x 10Gbps / USB3.x 5Gbps / USB 2.0 / RJ-45 / 오디오잭 / BIOS플래시백 / USB A타입 : 7개 / USB C타입 : 1개 / [랜/오디오] 유선랜 칩셋 : Realtek RTL8125BG / 2.5Gbps / RJ-45 : 1개 / 무선랜(Wi-Fi) / 블루투스 / 오디오 칩셋 : Realtek ALC897 / 7.1채널(8ch) / [내부I/O] USB/팬 헤더 : 썬더볼트4 헤더 , USB3.0 헤더 , USB2.0 헤더 , USB3.0 Type C 헤더 , RGB 12V 4핀 헤더 , ARGB 5V 3핀 헤더 , 펌프전용 헤더 / 시스템팬 4핀 : 3개 / I/O 헤더 : TPM 헤더 / [특징] DrMOS / 전원부 방열판 / M.2 히트싱크 / 일체형IO실드 / LED라이트 / UEFI 닫기",https://img.danuri.io/catalog-image/640/791/062/69054c18624c4b31bbea19d9793860dc.jpg?shrink=130:130&_v=20260921092640,https://prod.danawa.com/info/?pcode=62791640&cate=112751
549,ASRock,ASRock B850M Rock WiFi 디앤디컴,"189,680","AMD(소켓AM5) / AMD B850 / DDR5 / VGA 연결 : PCIe5.0 x16 / M-ATX (24.4x22.6cm) / 전원부 : 6+1+1페이즈 / [메모리] 8200MHz (PC5-65600) / 2개 / 메모리 용량 : 최대 128GB / XMP / EXPO / [확장슬롯] PCIe버전 : PCIe5.0 , PCIe3.0 / PCIex16 : 1개 / PCIex16(at x4) : 1개 / [저장장치] SATA3 : 4개 / M.2 : 2개 / M.2 연결 : PCIe5.0 , PCIe4.0 , NVMe / [후면단자] HDMI / DP / USB3.x 5Gbps / USB 2.0 / RJ-45 / 오디오잭 / BIOS플래시백 / USB A타입 : 7개 / USB C타입 : 1개 / [랜/오디오] 유선랜 칩셋 : Dragon RTL8125BG / 2.5Gbps / RJ-45 : 1개 / 무선랜(Wi-Fi) / 블루투스 / 오디오 칩셋 : Realtek ALC897 / 7.1채널(8ch) / [내부I/O] USB/팬 헤더 : USB3.0 헤더 , USB2.0 헤더 , CPU추가팬(OPT) 헤더 , 펌프전용 헤더 / 시스템팬 4핀 : 2개 / I/O 헤더 : TPM 헤더 , 프론트오디오AAFP 헤더 / [특징] DrMOS / 전원부 방열판 / M.2 히트싱크 / 일체형IO실드 / UEFI 닫기",https://img.danuri.io/catalog-image/865/694/122/f2ef922a10dd4e769ebb7bf7ced6dea1.jpeg?shrink=130:130&_v=20260921135023,https://prod.danawa.com/info/?pcode=122694865&cate=112751
550,ASRock,ASRock B650M Pro X3D WiFi 디앤디컴,"173,500","AMD(소켓AM5) / AMD B650 / DDR5 / VGA 연결 : PCIe5.0 x16 / M-ATX (24.4x24.4cm) / 전원부 : 8+2+1페이즈 / 페이즈당60A / Vcore출력합계 : 480AA / [메모리] 8000MHz (PC5-64000) / 4개 / 메모리 용량 : 최대 256GB / XMP / EXPO / [확장슬롯] PCIe버전 : PCIe5.0 , PCIe4.0 / PCIex16 : 1개 / PCIex4 : 1개 / [저장장치] M.2 : 3개 / SATA3 : 4개 / M.2 연결 : PCIe5.0 , PCIe4.0 , NVMe / [후면단자] HDMI / DP / USB3.x 10Gbps / USB3.x 5Gbps / USB 2.0 / RJ-45 / 오디오잭 / BIOS플래시백 / USB A타입 : 7개 / USB C타입 : 1개 / [랜/오디오] 유선랜 칩셋 : Dragon RTL8125BG / 2.5Gbps / RJ-45 : 1개 / 무선랜(Wi-Fi) / 블루투스 / 오디오 칩셋 : Realtek ALC897 / 7.1채널(8ch) / [내부I/O] USB/팬 헤더 : USB3.0 헤더 , USB2.0 헤더 , USB3.0 Type C 헤더 , RGB 12V 4핀 헤더 , ARGB 5V 3핀 헤더 , CPU추가팬(OPT) 헤더 / 시스템팬 4핀 : 3개 / I/O 헤더 : TPM 헤더 , 프론트오디오AAFP 헤더 / [특징] DrMOS / 전원부 방열판 / M.2 히트싱크 / LED라이트 / UEFI 닫기",https://img.danuri.io/catalog-image/621/786/077/ff611640cc95493ab54827f30120da06.jpg?shrink=130:130&_v=20260921110324,https://prod.danawa.com/info/?pcode=77786621&cate=112751
551,ASRock,ASRock X870E Nova WiFi 대원씨티에스,"455,000","AMD(소켓AM5) / AMD X870E / DDR5 / VGA 연결 : PCIe5.0 x16 / ATX (30.5x24.4cm) / 전원부 : 20+2+1페이즈 / 110A / Vcore출력합계 : 2200 / 메모리 8200MHz (PC5-65600) / 4개 / 메모리 용량 : 최대 256GB / XMP / EXPO / 확장슬롯 PCIe버전 : PCIe5.0 , PCIe3.0 / PCIex16 : 1개 / PCIex16(at x2) : 1개 / PCIex1 : 1개 / CrossFire / 저장장치 SATA3 : 4개 / M.2 : 5개 / M.2 연결 : PCIe5.0 , PCIe4.0 , PCIe , NVMe , SATA , PCIe 레인공유 / 후면단자 HDMI / Type-C / USB4 40Gbps / USB3.x 10Gbps / USB3.x 5Gbps / USB 2.0 / RJ-45 / S/PDIF / 오디오잭 / BIOS플래시백 / 클리어CMOS / USB A타입 : 10개 / USB C타입 : 2개 / 랜/오디오 유선랜 칩셋 : Realtek RTL8126 / 5Gbps / RJ-45 : 1개 / 무선랜(Wi-Fi) / 블루투스 / 오디오 칩셋 : Realtek ALC4082 / 7.1채널(8ch) / 내부I/O USB/팬 헤더 : USB3.0 헤더 , USB2.0 헤더 , USB3.2 Type C 헤더 , RGB 12V 4핀 헤더 , ARGB 5V 3핀 헤더 , CPU추가팬(OPT) 헤더 , 펌프전용 헤더 / 시스템팬 4핀 : 3+1개 / I/O 헤더 : 디버그LED , 프론트오디오AAFP 헤더 , 온도 센서 / 특징 SPS(DrMOS) / 전원부 방열판 / M.2 히트싱크 / 일체형IO실드 / LED라이트 / UEFI 닫기",https://img.danuri.io/catalog-image/987/769/070/dd0eb9807c154a8ba8e553735a5577e1.jpg?shrink=130:130&_v=20260921080443,https://prod.danawa.com/info/?pcode=70769987&cate=112751
552,ASRock,ASRock B850M Pro-A 디앤디컴,"161,210","AMD(소켓AM5) / AMD B850 / DDR5 / VGA 연결 : PCIe5.0 x16 / M-ATX (24.4x24.4cm) / 전원부 : 8+2+1페이즈 / [메모리] 8000MHz (PC5-64000) / 4개 / 메모리 용량 : 최대 256GB / XMP / EXPO / [확장슬롯] PCIe버전 : PCIe5.0 , PCIe4.0 / PCIex16 : 1개 / PCIex4 : 1개 / [저장장치] M.2 : 3개 / SATA3 : 4개 / M.2 연결 : PCIe5.0 , PCIe4.0 , NVMe , PCIe 레인공유 / [후면단자] HDMI / DP / USB3.x 10Gbps / USB3.x 5Gbps / USB 2.0 / RJ-45 / 오디오잭 / BIOS플래시백 / USB A타입 : 7개 / USB C타입 : 1개 / [랜/오디오] 유선랜 칩셋 : Dragon RTL8125BG / 2.5Gbps / RJ-45 : 1개 / M.2 Key-E(모듈별매) / 오디오 칩셋 : Realtek ALC897 / 7.1채널(8ch) / [내부I/O] USB/팬 헤더 : USB3.0 헤더 , USB2.0 헤더 , USB3.0 Type C 헤더 , RGB 12V 4핀 헤더 , ARGB 5V 3핀 헤더 , CPU추가팬(OPT) 헤더 / 시스템팬 4핀 : 3개 / I/O 헤더 : TPM 헤더 , 프론트오디오AAFP 헤더 / [특징] DrMOS / 전원부 방열판 / M.2 히트싱크 / UEFI 닫기",https://img.danuri.io/catalog-image/184/724/075/3b3fae1cf73b44058be592e2b9236f5e.jpg?shrink=130:130&_v=20260921092645,https://prod.danawa.com/info/?pcode=75724184&cate=112751
553,ASRock,ASRock B850M Pro RS WiFi 디앤디컴,"197,860","AMD(소켓AM5) / AMD B850 / DDR5 / VGA 연결 : PCIe5.0 x16 / M-ATX (24.4x24.4cm) / 전원부 : 8+2+1페이즈 / 페이즈당60A / Vcore출력합계 : 480A / [메모리] 8000MHz (PC5-64000) / 4개 / 메모리 용량 : 최대 256GB / XMP / EXPO / [확장슬롯] PCIe버전 : PCIe5.0 , PCIe4.0 / PCIex16 : 1개 / PCIex4 : 1개 / [저장장치] M.2 : 3개 / SATA3 : 4개 / M.2 연결 : PCIe5.0 , PCIe4.0 , NVMe , PCIe 레인공유 , SATA 레인공유 / [후면단자] HDMI / DP / USB3.x 10Gbps / USB3.x 5Gbps / USB 2.0 / RJ-45 / 오디오잭 / BIOS플래시백 / USB A타입 : 7개 / USB C타입 : 1개 / [랜/오디오] 유선랜 칩셋 : Dragon RTL8125BG / 2.5Gbps / RJ-45 : 1개 / 무선랜(Wi-Fi) / 블루투스 / 오디오 칩셋 : Realtek ALC897 / 7.1채널(8ch) / [내부I/O] USB/팬 헤더 : USB3.0 헤더 , USB2.0 헤더 , USB3.0 Type C 헤더 , RGB 12V 4핀 헤더 , ARGB 5V 3핀 헤더 , CPU추가팬(OPT) 헤더 / 시스템팬 4핀 : 3개 / I/O 헤더 : TPM 헤더 , 프론트오디오AAFP 헤더 / [특징] DrMOS / 전원부 방열판 / M.2 히트싱크 / 일체형IO실드 / UEFI 닫기",https://img.danuri.io/catalog-image/851/600/075/d3ac6b35bb5e46f1becbafbe7ee01d83.jpg?shrink=130:130&_v=20260921140653,https://prod.danawa.com/info/?pcode=75600851&cate=112751
554,ASRock,ASRock B850M Pro RS WiFi WHITE 대원씨티에스,"198,030","AMD(소켓AM5) / AMD B850 / DDR5 / VGA 연결 : PCIe5.0 x16 / M-ATX (24.4x24.4cm) / 전원부 : 8+2+1페이즈 / 60A / Vcore출력합계 : 480 / [메모리] 8000MHz (PC5-64000) / 4개 / 메모리 용량 : 최대 256GB / XMP / EXPO / [확장슬롯] PCIe버전 : PCIe5.0 , PCIe4.0 / PCIex16 : 1개 / PCIex4 : 1개 / [저장장치] SATA3 : 4개 / M.2 : 3개 / M.2 연결 : PCIe5.0 , PCIe4.0 , NVMe , PCIe 레인공유 / [후면단자] HDMI / DP / USB3.x 10Gbps / USB3.x 5Gbps / USB 2.0 / RJ-45 / 오디오잭 / BIOS플래시백 / USB A타입 : 7개 / USB C타입 : 1개 / [랜/오디오] 유선랜 칩셋 : Dragon RTL8125BG / 2.5Gbps / RJ-45 : 1개 / 무선랜(Wi-Fi) / 블루투스 / 오디오 칩셋 : Realtek ALC897 / 7.1채널(8ch) / [내부I/O] USB/팬 헤더 : USB3.0 헤더 , USB2.0 헤더 , USB3.0 Type C 헤더 , RGB 12V 4핀 헤더 , ARGB 5V 3핀 헤더 , CPU추가팬(OPT) 헤더 / 시스템팬 4핀 : 3개 / I/O 헤더 : TPM 헤더 , 프론트오디오AAFP 헤더 / [특징] DrMOS / 전원부 방열판 / M.2 히트싱크 / 일체형IO실드 / UEFI 닫기",https://img.danuri.io/catalog-image/396/028/094/2fadb8fa720d4815848f926f7a6bca42.jpg?shrink=130:130&_v=20260921144448,https://prod.danawa.com/info/?pcode=94028396&cate=112751
555,ASRock,ASRock B850 Pro-A 디앤디컴,"216,220","AMD(소켓AM5) / AMD B850 / DDR5 / VGA 연결 : PCIe5.0 x16 / ATX (30.5x24.4cm) / 전원부 : 14+2+1페이즈 / 페이즈당80A / Vcore출력합계 : 1120A / [메모리] 8000MHz (PC5-64000) / 4개 / 메모리 용량 : 최대 256GB / XMP / EXPO / [확장슬롯] PCIe버전 : PCIe5.0 , PCIe4.0 / PCIex16 : 1개 / PCIex16(at x4) : 1개 / [저장장치] M.2 : 4개 / SATA3 : 4개 / M.2 연결 : PCIe5.0 , PCIe4.0 , PCIe , NVMe , PCIe 레인공유 , SATA 레인공유 / [후면단자] HDMI / Type-C / USB3.x 10Gbps / USB3.x 5Gbps / USB 2.0 / RJ-45 / 오디오잭 / BIOS플래시백 / USB A타입 : 10개 / USB C타입 : 2개 / [랜/오디오] 유선랜 칩셋 : Dragon RTL8125BG / 2.5Gbps / RJ-45 : 1개 / M.2 Key-E(모듈별매) / 오디오 칩셋 : Realtek ALC897 / 7.1채널(8ch) / [내부I/O] USB/팬 헤더 : USB3.0 헤더 , USB2.0 헤더 , USB3.2 Type C 헤더 , RGB 12V 4핀 헤더 , ARGB 5V 3핀 헤더 , CPU추가팬(OPT) 헤더 , 펌프전용 헤더 / 시스템팬 4핀 : 4개 / I/O 헤더 : TPM 헤더 , 프론트오디오AAFP 헤더 / [특징] DrMOS / 전원부 방열판 / M.2 히트싱크 / UEFI 닫기",https://img.danuri.io/catalog-image/610/341/074/1a678d1ba113478caa873b7a813cebd7.jpg?shrink=130:130&_v=20260921092619,https://prod.danawa.com/info/?pcode=74341610&cate=112751
556,ASRock,ASRock B650M Pro RS 대원씨티에스,"165,000","AMD(소켓AM5) / AMD B650 / DDR5 / VGA 연결 : PCIe4.0 x16 / M-ATX (24.4x24.4cm) / 전원부 : 8+2+1페이즈 / 페이즈당50A / Vcore출력합계 : 400AA / [메모리] 7200MHz (PC5-57600) / 4개 / 메모리 용량 : 최대 192GB / XMP / EXPO / [확장슬롯] PCIe버전 : PCIe4.0 , PCIe3.0 / PCIex16 : 1개 / PCIex16(at x4) : 1개 / [저장장치] M.2 : 3개 / SATA3 : 4개 / M.2 연결 : PCIe5.0 , PCIe4.0 , NVMe / [후면단자] HDMI / DP / USB3.x 10Gbps / USB3.x 5Gbps / USB 2.0 / RJ-45 / 오디오잭 / BIOS플래시백 / USB A타입 : 7개 / USB C타입 : 1개 / [랜/오디오] 유선랜 칩셋 : Realtek Dragon RTL8125BG / 2.5Gbps / RJ-45 : 1개 / M.2 Key-E(모듈별매) / 오디오 칩셋 : Realtek ALC897 / 7.1채널(8ch) / [내부I/O] USB/팬 헤더 : USB3.0 헤더 , USB2.0 헤더 , USB3.0 Type C 헤더 , RGB 12V 4핀 헤더 , ARGB 5V 3핀 헤더 , CPU추가팬(OPT) 헤더 / 시스템팬 4핀 : 3개 / I/O 헤더 : TPM 헤더 , 프론트오디오AAFP 헤더 / [특징] DrMOS / 전원부 방열판 / M.2 히트싱크 / LED라이트 / UEFI / 24년 1월부로 지원메모리 속도 및 용량 확장 닫기",https://img.danuri.io/catalog-image/827/627/021/ba6d4deea9f54ce2be9b63cb9814be34.jpg?shrink=130:130&_v=20260921080443,https://prod.danawa.com/info/?pcode=21627827&cate=112751
557,ASRock,ASRock X870 Taichi Creator 대원씨티에스,"634,380","AMD(소켓AM5) / AMD X870 / DDR5 / VGA 연결 : PCIe5.0 x16 / ATX (30.5x24.4cm) / 전원부 : 18+2+1페이즈 / 80A / Vcore출력합계 : 1440 / 메모리 8000MHz (PC5-64000) / 4개 / 메모리 용량 : 최대 256GB / XMP / EXPO / 확장슬롯 PCIe버전 : PCIe5.0 , PCIe3.0 / PCIex16 : 1개(동시사용시x8) / PCIex16(at x8) : 1개 / PCIex16(at x4) : 1개 / CrossFire / 저장장치 SATA3 : 4개 / M.2 : 4개 / M.2 연결 : PCIe5.0 , PCIe4.0 , PCIe , NVMe , PCIe 레인공유 , USB4 레인공유 / 후면단자 HDMI / Type-C / USB4 40Gbps / USB3.x 10Gbps / USB3.x 5Gbps / USB 2.0 / RJ-45 / S/PDIF / 오디오잭 / BIOS플래시백 / 클리어CMOS / USB A타입 : 10개 / USB C타입 : 2개 / 랜/오디오 유선랜 칩셋 : Aquantia AQC113 / 10Gbps / RJ-45 : 1개 / 무선랜(Wi-Fi) / 블루투스 / 오디오 칩셋 : Realtek ALC4082 / 7.1채널(8ch) / 내부I/O USB/팬 헤더 : USB3.0 헤더 , USB2.0 헤더 , USB3.2 Type C 헤더 , RGB 12V 4핀 헤더 , ARGB 5V 3핀 헤더 , CPU추가팬(OPT) 헤더 , 펌프전용 헤더 / 시스템팬 4핀 : 4개 / I/O 헤더 : 디버그LED , 프론트오디오AAFP 헤더 , 온도 센서 / 특징 SPS(DrMOS) / 전원부 방열판 / M.2 히트싱크 / 일체형IO실드 / UEFI 닫기",https://img.danuri.io/catalog-image/595/750/103/97be5da647e54f7a823bcc8cc8759e3f.jpg?shrink=130:130&_v=20260921080443,https://prod.danawa.com/info/?pcode=103750595&cate=112751
558,ASRock,ASRock B850 Pro RS 에즈윈,"241,440","AMD(소켓AM5) / AMD B850 / DDR5 / VGA 연결 : PCIe5.0 x16 / ATX (30.5x24.4cm) / 전원부 : 14+2+1페이즈 / 페이즈당80A / Vcore출력합계 : 1120A / [메모리] 8000MHz (PC5-64000) / 4개 / 메모리 용량 : 최대 256GB / XMP / EXPO / [확장슬롯] PCIe버전 : PCIe5.0 , PCIe4.0 / PCIex16 : 1개 / PCIex16(at x4) : 1개 / [저장장치] M.2 : 4개 / SATA3 : 4개 / M.2 연결 : PCIe5.0 , PCIe4.0 , PCIe , NVMe , PCIe 레인공유 , SATA 레인공유 / [후면단자] HDMI / Type-C / USB3.x 10Gbps / USB3.x 5Gbps / USB 2.0 / RJ-45 / 오디오잭 / BIOS플래시백 / USB A타입 : 10개 / USB C타입 : 2개 / [랜/오디오] 유선랜 칩셋 : Dragon RTL8125BG / 2.5Gbps / RJ-45 : 1개 / M.2 Key-E(모듈별매) / 오디오 칩셋 : Realtek ALC897 / 7.1채널(8ch) / [내부I/O] USB/팬 헤더 : USB3.0 헤더 , USB2.0 헤더 , USB3.2 Type C 헤더 , CPU추가팬(OPT) 헤더 , 펌프전용 헤더 / 시스템팬 4핀 : 4개 / I/O 헤더 : TPM 헤더 , 프론트오디오AAFP 헤더 / [특징] DrMOS / 전원부 방열판 / M.2 히트싱크 / 일체형IO실드 / LED라이트 / UEFI 닫기",https://img.danuri.io/catalog-image/525/952/073/ae9bfb74e9ab4ec88e4db13838c06704.jpg?shrink=130:130&_v=20260921142604,https://prod.danawa.com/info/?pcode=73952525&cate=112751
559,ASRock,ASRock B650M PRO-A Gen5 + WiFi6E 모듈 패키지 디앤디컴,"166,270","AMD(소켓AM5) / AMD B650 / DDR5 / VGA 연결 : PCIe5.0 x16 / M-ATX (24.4x24.4cm) / 전원부 : 8+2+1페이즈 / 60A / Vcore출력합계 : 480A / 메모리 8000MHz (PC5-64000) / 4개 / 메모리 용량 : 최대 256GB / XMP / EXPO / 확장슬롯 PCIe버전 : PCIe5.0 , PCIe4.0 / PCIex16 : 1개 / PCIex4 : 1개 / 저장장치 SATA3 : 4개 / M.2 : 3개 / M.2 연결 : PCIe5.0 , PCIe4.0 , NVMe / 후면단자 HDMI / DP / USB3.x 10Gbps / USB3.x 5Gbps / USB 2.0 / RJ-45 / 오디오잭 / BIOS플래시백 / USB A타입 : 7개 / USB C타입 : 1개 / 랜/오디오 유선랜 칩셋 : Dragon RTL8125BG / 2.5Gbps / RJ-45 : 1개 / 무선랜(Wi-Fi) / 블루투스 / M.2 Key-E(모듈별매) / 오디오 칩셋 : Realtek ALC897 / 7.1채널(8ch) / 내부I/O USB/팬 헤더 : USB3.0 헤더 , USB2.0 헤더 , USB3.0 Type C 헤더 , RGB 12V 4핀 헤더 , ARGB 5V 3핀 헤더 , CPU추가팬(OPT) 헤더 / 시스템팬 4핀 : 3개 / I/O 헤더 : TPM 헤더 , 프론트오디오AAFP 헤더 / 특징 DrMOS / 전원부 방열판 / M.2 히트싱크 / LED라이트 / UEFI 닫기",https://img.danuri.io/catalog-image/411/183/124/8a201306c3f54a04b37ff8f98f605d14.jpeg?shrink=130:130&_v=20260921135024,https://prod.danawa.com/info/?pcode=124183411&cate=112751
560,ASRock,ASRock B650M PRO-A Gen5 + WiFi7 모듈 패키지 디앤디컴,"185,330","AMD(소켓AM5) / AMD B650 / DDR5 / VGA 연결 : PCIe5.0 x16 / M-ATX (24.4x24.4cm) / 전원부 : 8+2+1페이즈 / 60A / Vcore출력합계 : 480A / 메모리 8000MHz (PC5-64000) / 4개 / 메모리 용량 : 최대 256GB / XMP / EXPO / 확장슬롯 PCIe버전 : PCIe5.0 , PCIe4.0 / PCIex16 : 1개 / PCIex4 : 1개 / 저장장치 SATA3 : 4개 / M.2 : 3개 / M.2 연결 : PCIe5.0 , PCIe4.0 , NVMe / 후면단자 HDMI / DP / USB3.x 10Gbps / USB3.x 5Gbps / USB 2.0 / RJ-45 / 오디오잭 / BIOS플래시백 / USB A타입 : 7개 / USB C타입 : 1개 / 랜/오디오 유선랜 칩셋 : Dragon RTL8125BG / 2.5Gbps / RJ-45 : 1개 / 무선랜(Wi-Fi) / 블루투스 / M.2 Key-E(모듈별매) / 오디오 칩셋 : Realtek ALC897 / 7.1채널(8ch) / 내부I/O USB/팬 헤더 : USB3.0 헤더 , USB2.0 헤더 , USB3.0 Type C 헤더 , RGB 12V 4핀 헤더 , ARGB 5V 3핀 헤더 , CPU추가팬(OPT) 헤더 / 시스템팬 4핀 : 3개 / I/O 헤더 : TPM 헤더 , 프론트오디오AAFP 헤더 / 특징 DrMOS / 전원부 방열판 / M.2 히트싱크 / LED라이트 / UEFI 닫기",https://img.danuri.io/catalog-image/390/183/124/19ee1c3714ad4438bf4b413e683eeec6.jpeg?shrink=130:130&_v=20260921131023,https://prod.danawa.com/info/?pcode=124183390&cate=112751
561,ASRock,ASRock B650 스틸레전드 WiFi 대원씨티에스,"220,500","AMD(소켓AM5) / AMD B650 / DDR5 / VGA 연결 : PCIe5.0 x16 / ATX (30.5x24.4cm) / 전원부 : 14+2+1페이즈 / 80A / Vcore출력합계 : 1120 / 메모리 7200MHz (PC5-57600) / 4개 / 메모리 용량 : 최대 256GB / XMP / EXPO / 확장슬롯 PCIe버전 : PCIe5.0 , PCIe4.0 , PCIe3.0 / PCIex16 : 1개 / PCIex16(at x4) : 1개 / PCIex1 : 1개 / CrossFire / 저장장치 SATA3 : 4개 / M.2 : 3개 / M.2 연결 : PCIe5.0 , PCIe4.0 , NVMe / 후면단자 HDMI / DP / USB3.x 20Gbps / USB3.x 10Gbps / RJ-45 / S/PDIF / 오디오잭 / BIOS플래시백 / USB A타입 : 9개 / USB C타입 : 1개 / 랜/오디오 유선랜 칩셋 : Realtek RTL8125BG / 2.5Gbps / RJ-45 : 1개 / 무선랜(Wi-Fi) / 블루투스 / 오디오 칩셋 : Realtek ALC4082 / 7.1채널(8ch) / 내부I/O USB/팬 헤더 : USB3.0 헤더 , USB2.0 헤더 , USB3.0 Type C 헤더 , RGB 12V 4핀 헤더 , ARGB 5V 3핀 헤더 , 펌프전용 헤더 / 시스템팬 4핀 : 4개 / I/O 헤더 : TPM 헤더 , 프론트오디오AAFP 헤더 / DrMOS / 전원부 방열판 / M.2 히트싱크 / 일체형IO실드 / UEFI 닫기",https://img.danuri.io/catalog-image/610/304/072/9c5ffa599dd14929ba532de25981e45d.jpg?shrink=130:130&_v=20260921143758,https://prod.danawa.com/info/?pcode=72304610&cate=112751
562,ASRock,ASRock B850M Pro RS 디앤디컴,"198,460","AMD(소켓AM5) / AMD B850 / DDR5 / VGA 연결 : PCIe5.0 x16 / M-ATX (24.4x24.4cm) / 전원부 : 8+2+1페이즈 / 페이즈당60A / Vcore출력합계 : 480A / [메모리] 8000MHz (PC5-64000) / 4개 / 메모리 용량 : 최대 256GB / XMP / EXPO / [확장슬롯] PCIe버전 : PCIe5.0 , PCIe4.0 / PCIex16 : 1개 / PCIex4 : 1개 / [저장장치] M.2 : 3개 / SATA3 : 4개 / M.2 연결 : PCIe5.0 , PCIe4.0 , NVMe , PCIe 레인공유 , SATA 레인공유 / [후면단자] HDMI / DP / USB3.x 10Gbps / USB3.x 5Gbps / USB 2.0 / RJ-45 / 오디오잭 / BIOS플래시백 / USB A타입 : 7개 / USB C타입 : 1개 / [랜/오디오] 유선랜 칩셋 : Dragon RTL8125BG / 2.5Gbps / RJ-45 : 1개 / M.2 Key-E(모듈별매) / 오디오 칩셋 : Realtek ALC897 / 7.1채널(8ch) / [내부I/O] USB/팬 헤더 : USB3.0 헤더 , USB2.0 헤더 , USB3.0 Type C 헤더 , RGB 12V 4핀 헤더 , ARGB 5V 3핀 헤더 , CPU추가팬(OPT) 헤더 / 시스템팬 4핀 : 3개 / I/O 헤더 : TPM 헤더 , 프론트오디오AAFP 헤더 / [특징] DrMOS / 전원부 방열판 / M.2 히트싱크 / 일체형IO실드 / UEFI 닫기",https://img.danuri.io/catalog-image/842/600/075/a3036749a7b6496fa4b893bb95e8557e.jpg?shrink=130:130&_v=20260921092618,https://prod.danawa.com/info/?pcode=75600842&cate=112751
563,ASRock,ASRock B650M PG Lightning 에즈윈,"129,000","AMD(소켓AM5) / AMD B650 / DDR5 / VGA 연결 : PCIe4.0 x16 / M-ATX (24.4x24.4cm) / 전원부 : 6+2+1페이즈 / 페이즈당50A / Vcore출력합계 : 300A / [메모리] 7200MHz (PC5-57600) / 4개 / 메모리 용량 : 최대 192GB / XMP3.0 / EXPO / [확장슬롯] PCIe버전 : PCIe4.0 , PCIe3.0 / PCIex16 : 1개 / PCIex16(at x4) : 1개 / [저장장치] M.2 : 3개 / SATA3 : 4개 / M.2 연결 : PCIe5.0 , PCIe4.0 , NVMe / [후면단자] HDMI / DP / USB3.x 10Gbps / USB3.x 5Gbps / USB 2.0 / RJ-45 / 오디오잭 / BIOS플래시백 / USB A타입 : 7개 / USB C타입 : 1개 / [랜/오디오] 유선랜 칩셋 : Realtek RTL8125BG / 2.5Gbps / RJ-45 : 1개 / M.2 Key-E(모듈별매) / 오디오 칩셋 : Realtek ALC897 / 7.1채널(8ch) / [내부I/O] USB/팬 헤더 : 썬더볼트4 헤더 , USB3.0 헤더 , USB2.0 헤더 , USB3.0 Type C 헤더 , RGB 12V 4핀 헤더 , ARGB 5V 3핀 헤더 , CPU추가팬(OPT) 헤더 / 시스템팬 4핀 : 3개 / I/O 헤더 : TPM 헤더 , 프론트오디오AAFP 헤더 / [특징] DrMOS / 전원부 방열판 / UEFI 닫기",https://img.danuri.io/catalog-image/964/603/028/643ea5bafdfe44c5aad2fd5ca955d25e.jpg?shrink=130:130&_v=20260921080442,https://prod.danawa.com/info/?pcode=28603964&cate=112751
564,ASRock,ASRock X870E Taichi 대원씨티에스,"768,000","AMD(소켓AM5) / AMD X870E / DDR5 / VGA 연결 : PCIe5.0 x16 / E-ATX (30.5x26.7cm) / 전원부 : 24+2+1페이즈 / 110A / Vcore출력합계 : 2640 / 메모리 8200MHz (PC5-65600) / 4개 / 메모리 용량 : 최대 256GB / XMP / EXPO / 확장슬롯 PCIe버전 : PCIe5.0 / PCIex16 : 1개(동시사용시x8) / PCIex16(at x8) : 1개 / CrossFire / 저장장치 SATA3 : 6개 / M.2 : 4개 / M.2 연결 : PCIe5.0 , PCIe4.0 , NVMe / 후면단자 HDMI / Type-C / USB4 40Gbps / USB3.x 10Gbps / USB3.x 5Gbps / USB 2.0 / RJ-45 / S/PDIF / 오디오잭 / BIOS플래시백 / 클리어CMOS / USB A타입 : 10개 / USB C타입 : 2개 / 랜/오디오 유선랜 칩셋 : Realtek RTL8126 / 5Gbps / RJ-45 : 1개 / 무선랜(Wi-Fi) / 블루투스 / 오디오 칩셋 : Realtek ALC4082 / 7.1채널(8ch) / 내부I/O USB/팬 헤더 : USB3.0 헤더 , USB2.0 헤더 , USB3.2 Type C 헤더 , RGB 12V 4핀 헤더 , ARGB 5V 3핀 헤더 , CPU추가팬(OPT) 헤더 , 펌프전용 헤더 / 시스템팬 4핀 : 4+1개 / I/O 헤더 : 디버그LED , 프론트오디오AAFP 헤더 , 온도 센서 / 특징 SPS(DrMOS) / 전원부 방열판 / M.2 히트싱크 / 일체형IO실드 / LED라이트 / UEFI 닫기",https://img.danuri.io/catalog-image/816/246/068/2923255f29ed490492405d933c803988.jpg?shrink=130:130&_v=20260921080444,https://prod.danawa.com/info/?pcode=68246816&cate=112751
565,ASRock,ASRock B850M Pro-A 에즈윈,"159,790","AMD(소켓AM5) / AMD B850 / DDR5 / VGA 연결 : PCIe5.0 x16 / M-ATX (24.4x24.4cm) / 전원부 : 8+2+1페이즈 / [메모리] 8000MHz (PC5-64000) / 4개 / 메모리 용량 : 최대 256GB / XMP / EXPO / [확장슬롯] PCIe버전 : PCIe5.0 , PCIe4.0 / PCIex16 : 1개 / PCIex4 : 1개 / [저장장치] M.2 : 3개 / SATA3 : 4개 / M.2 연결 : PCIe5.0 , PCIe4.0 , NVMe , PCIe 레인공유 / [후면단자] HDMI / DP / USB3.x 10Gbps / USB3.x 5Gbps / USB 2.0 / RJ-45 / 오디오잭 / BIOS플래시백 / USB A타입 : 7개 / USB C타입 : 1개 / [랜/오디오] 유선랜 칩셋 : Dragon RTL8125BG / 2.5Gbps / RJ-45 : 1개 / M.2 Key-E(모듈별매) / 오디오 칩셋 : Realtek ALC897 / 7.1채널(8ch) / [내부I/O] USB/팬 헤더 : USB3.0 헤더 , USB2.0 헤더 , USB3.0 Type C 헤더 , RGB 12V 4핀 헤더 , ARGB 5V 3핀 헤더 , CPU추가팬(OPT) 헤더 / 시스템팬 4핀 : 3개 / I/O 헤더 : TPM 헤더 , 프론트오디오AAFP 헤더 / [특징] DrMOS / 전원부 방열판 / M.2 히트싱크 / UEFI 닫기",https://img.danuri.io/catalog-image/163/341/074/ec8f7142dbc845a68bf12f0b4e2b46ef.jpg?shrink=130:130&_v=20260921092614,https://prod.danawa.com/info/?pcode=74341163&cate=112751
566,ASRock,ASRock X870E Taichi 에즈윈,"753,000","AMD(소켓AM5) / AMD X870E / DDR5 / VGA 연결 : PCIe5.0 x16 / E-ATX (30.5x26.7cm) / 전원부 : 24+2+1페이즈 / 페이즈당110A / Vcore출력합계 : 2640A / [메모리] 8200MHz (PC5-65600) / 4개 / 메모리 용량 : 최대 256GB / XMP / EXPO / [확장슬롯] PCIe버전 : PCIe5.0 / PCIex16 : 1개(동시사용시x8) / PCIex16(at x8) : 1개 / CrossFire / [저장장치] M.2 : 4개 / SATA3 : 6개 / M.2 연결 : PCIe5.0 , PCIe4.0 , NVMe / [후면단자] HDMI / Type-C / USB4 40Gbps / USB3.x 10Gbps / USB3.x 5Gbps / USB 2.0 / RJ-45 / S/PDIF / 오디오잭 / BIOS플래시백 / 클리어CMOS / USB A타입 : 10개 / USB C타입 : 2개 / [랜/오디오] 유선랜 칩셋 : Realtek RTL8126 / 5Gbps / RJ-45 : 1개 / 무선랜(Wi-Fi) / 블루투스 / 오디오 칩셋 : Realtek ALC4082 / 7.1채널(8ch) / [내부I/O] USB/팬 헤더 : USB3.0 헤더 , USB2.0 헤더 , USB3.2 Type C 헤더 , RGB 12V 4핀 헤더 , ARGB 5V 3핀 헤더 , CPU추가팬(OPT) 헤더 , 펌프전용 헤더 / 시스템팬 4핀 : 4+1개 / I/O 헤더 : 디버그LED , 프론트오디오AAFP 헤더 , 온도 센서 / [특징] SPS(DrMOS) / 전원부 방열판 / M.2 히트싱크 / 일체형IO실드 / LED라이트 / UEFI 닫기",https://img.danuri.io/catalog-image/639/850/067/66fa63c235764b869cb71307d1f4b001.jpg?shrink=130:130&_v=20260921080622,https://prod.danawa.com/info/?pcode=67850639&cate=112751
567,ASRock,ASRock B850M-X 디앤디컴,"147,390","AMD(소켓AM5) / AMD B850 / DDR5 / VGA 연결 : PCIe4.0 x16 / M-ATX (24.4x24.4cm) / 전원부 : 6+1+1페이즈 / 페이즈당50A / Vcore출력합계 : 300A / [메모리] 8200MHz (PC5-65600) / 2개 / 메모리 용량 : 최대 128GB / XMP / EXPO / [확장슬롯] PCIe버전 : PCIe4.0 / PCIex16 : 1개 / PCIex16(at x4) : 1개 / PCIex1 : 1개 / [저장장치] M.2 : 2개 / SATA3 : 4개 / M.2 연결 : PCIe5.0 , PCIe4.0 , NVMe / [후면단자] HDMI / DP / USB3.x 5Gbps / USB 2.0 / RJ-45 / 오디오잭 / BIOS플래시백 / USB A타입 : 5개 / USB C타입 : 1개 / [랜/오디오] 유선랜 칩셋 : Dragon RTL8125BG / 2.5Gbps / RJ-45 : 1개 / M.2 Key-E(모듈별매) / 오디오 칩셋 : Realtek ALC897 / 7.1채널(8ch) / [내부I/O] USB/팬 헤더 : USB3.0 헤더 , USB2.0 헤더 , USB3.0 Type C 헤더 , RGB 12V 4핀 헤더 , ARGB 5V 3핀 헤더 , CPU추가팬(OPT) 헤더 , 펌프전용 헤더 / 시스템팬 4핀 : 3개 / I/O 헤더 : TPM 헤더 , 프론트오디오AAFP 헤더 , 온도 센서 / [특징] DrMOS / 전원부 방열판 / M.2 히트싱크 / UEFI 닫기",https://img.danuri.io/catalog-image/787/341/074/9ec446d79a264b149f9b8463712b803d.jpg?shrink=130:130&_v=20260921125128,https://prod.danawa.com/info/?pcode=74341787&cate=112751
568,ASRock,ASRock B850M Pro-A WiFi 디앤디컴,"180,190","AMD(소켓AM5) / AMD B850 / DDR5 / VGA 연결 : PCIe5.0 x16 / M-ATX (24.4x24.4cm) / 전원부 : 8+2+1페이즈 / [메모리] 8000MHz (PC5-64000) / 4개 / 메모리 용량 : 최대 256GB / XMP / EXPO / [확장슬롯] PCIe버전 : PCIe5.0 , PCIe4.0 / PCIex16 : 1개 / PCIex4 : 1개 / [저장장치] M.2 : 3개 / SATA3 : 4개 / M.2 연결 : PCIe5.0 , PCIe4.0 , NVMe , PCIe 레인공유 / [후면단자] HDMI / DP / USB3.x 10Gbps / USB3.x 5Gbps / USB 2.0 / RJ-45 / 오디오잭 / BIOS플래시백 / USB A타입 : 7개 / USB C타입 : 1개 / [랜/오디오] 유선랜 칩셋 : Dragon RTL8125BG / 2.5Gbps / RJ-45 : 1개 / 무선랜(Wi-Fi) / 블루투스 / 오디오 칩셋 : Realtek ALC897 / 7.1채널(8ch) / [내부I/O] USB/팬 헤더 : USB3.0 헤더 , USB2.0 헤더 , USB3.0 Type C 헤더 , RGB 12V 4핀 헤더 , ARGB 5V 3핀 헤더 , CPU추가팬(OPT) 헤더 / 시스템팬 4핀 : 3개 / I/O 헤더 : TPM 헤더 , 프론트오디오AAFP 헤더 / [특징] DrMOS / 전원부 방열판 / M.2 히트싱크 / UEFI 닫기",https://img.danuri.io/catalog-image/249/553/079/0fff8a328d16447bba80e90db12a86ab.jpg?shrink=130:130&_v=20260921110328,https://prod.danawa.com/info/?pcode=79553249&cate=112751
569,ASRock,ASRock B850 Pro RS WiFi 대원씨티에스,"247,590","AMD(소켓AM5) / AMD B850 / DDR5 / VGA 연결 : PCIe5.0 x16 / ATX (30.5x24.4cm) / 전원부 : 14+2+1페이즈 / 페이즈당80A / Vcore출력합계 : 1120A / [메모리] 8000MHz (PC5-64000) / 4개 / 메모리 용량 : 최대 256GB / XMP / EXPO / [확장슬롯] PCIe버전 : PCIe5.0 , PCIe4.0 / PCIex16 : 1개 / PCIex16(at x4) : 1개 / [저장장치] M.2 : 4개 / SATA3 : 4개 / M.2 연결 : PCIe5.0 , PCIe4.0 , PCIe , NVMe , PCIe 레인공유 , SATA 레인공유 / [후면단자] HDMI / Type-C / USB3.x 10Gbps / USB3.x 5Gbps / USB 2.0 / RJ-45 / 오디오잭 / BIOS플래시백 / USB A타입 : 10개 / USB C타입 : 2개 / [랜/오디오] 유선랜 칩셋 : Dragon RTL8125BG / 2.5Gbps / RJ-45 : 1개 / 무선랜(Wi-Fi) / 블루투스 / 오디오 칩셋 : Realtek ALC897 / 7.1채널(8ch) / [내부I/O] USB/팬 헤더 : USB3.0 헤더 , USB2.0 헤더 , USB3.2 Type C 헤더 , CPU추가팬(OPT) 헤더 , 펌프전용 헤더 / 시스템팬 4핀 : 4개 / I/O 헤더 : TPM 헤더 , 프론트오디오AAFP 헤더 / [특징] DrMOS / 전원부 방열판 / M.2 히트싱크 / 일체형IO실드 / LED라이트 / UEFI 닫기",https://img.danuri.io/catalog-image/005/939/075/bfc1a807e6f5437abdbb3f6a155469b7.jpg?shrink=130:130&_v=20260921080444,https://prod.danawa.com/info/?pcode=75939005&cate=112751
570,ASRock,ASRock B650 스틸레전드 WiFi 디앤디컴,"207,410","AMD(소켓AM5) / AMD B650 / DDR5 / VGA 연결 : PCIe5.0 x16 / ATX (30.5x24.4cm) / 전원부 : 14+2+1페이즈 / 페이즈당80A / Vcore출력합계 : 1120A / [메모리] 7200MHz (PC5-57600) / 4개 / 메모리 용량 : 최대 256GB / XMP / EXPO / [확장슬롯] PCIe버전 : PCIe5.0 , PCIe4.0 , PCIe3.0 / PCIex16 : 1개 / PCIex16(at x4) : 1개 / PCIex1 : 1개 / CrossFire / [저장장치] M.2 : 3개 / SATA3 : 4개 / M.2 연결 : PCIe5.0 , PCIe4.0 , NVMe / [후면단자] HDMI / DP / USB3.x 20Gbps / USB3.x 10Gbps / RJ-45 / S/PDIF / 오디오잭 / BIOS플래시백 / USB A타입 : 8개 / USB C타입 : 2개 / [랜/오디오] 유선랜 칩셋 : Realtek RTL8125BG / 2.5Gbps / RJ-45 : 1개 / 무선랜(Wi-Fi) / 블루투스 / 오디오 칩셋 : Realtek ALC4082 / 7.1채널(8ch) / [내부I/O] USB/팬 헤더 : USB3.0 헤더 , USB2.0 헤더 , USB3.0 Type C 헤더 , RGB 12V 4핀 헤더 , ARGB 5V 3핀 헤더 , 펌프전용 헤더 / 시스템팬 4핀 : 4개 / I/O 헤더 : TPM 헤더 , 프론트오디오AAFP 헤더 / DrMOS / 전원부 방열판 / M.2 히트싱크 / 일체형IO실드 / UEFI 닫기",https://img.danuri.io/catalog-image/135/394/064/27bbe44914b2443f83b2ac3be9c2cafe.jpg?shrink=130:130&_v=20260921080444,https://prod.danawa.com/info/?pcode=64394135&cate=112751
571,ASRock,ASRock B850M-X R2.0 디앤디컴,"149,630","AMD(소켓AM5) / AMD B850 / DDR5 / VGA 연결 : PCIe5.0 x16 / M-ATX (24.4x24.4cm) / 전원부 : 6+1+1페이즈 / [메모리] 8200MHz (PC5-65600) / 2개 / 메모리 용량 : 최대 128GB / XMP / EXPO / [확장슬롯] PCIe버전 : PCIe4.0 / PCIex16 : 1개 / PCIex16(at x4) : 1개 / PCIex1 : 1개 / [저장장치] M.2 : 2개 / SATA3 : 4개 / M.2 연결 : PCIe5.0 , PCIe4.0 , PCIe , NVMe , PCIe 레인공유 , SATA 레인공유 / [후면단자] HDMI / DP / USB3.x 5Gbps / USB 2.0 / RJ-45 / 오디오잭 / BIOS플래시백 / USB A타입 : 5개 / USB C타입 : 1개 / [랜/오디오] 유선랜 칩셋 : Dragon RTL8125BG / 2.5Gbps / RJ-45 : 1개 / M.2 Key-E(모듈별매) / 오디오 칩셋 : Realtek ALC897 / 7.1채널(8ch) / [내부I/O] USB/팬 헤더 : USB3.0 헤더 , USB2.0 헤더 , USB3.0 Type C 헤더 , RGB 12V 4핀 헤더 , ARGB 5V 3핀 헤더 , CPU추가팬(OPT) 헤더 , 펌프전용 헤더 / 시스템팬 4핀 : 3개 / I/O 헤더 : TPM 헤더 , 프론트오디오AAFP 헤더 , 온도 센서 / [특징] DrMOS / 전원부 방열판 / M.2 히트싱크 / UEFI 닫기",https://img.danuri.io/catalog-image/456/553/079/1285fd2bbeb24c90afd295c140a30388.jpg?shrink=130:130&_v=20260921125711,https://prod.danawa.com/info/?pcode=79553456&cate=112751
572,ASRock,ASRock B850 Pro RS WiFi 디앤디컴,"252,000","AMD(소켓AM5) / AMD B850 / DDR5 / VGA 연결 : PCIe5.0 x16 / ATX (30.5x24.4cm) / 전원부 : 14+2+1페이즈 / 페이즈당80A / Vcore출력합계 : 1120A / [메모리] 8000MHz (PC5-64000) / 4개 / 메모리 용량 : 최대 256GB / XMP / EXPO / [확장슬롯] PCIe버전 : PCIe5.0 , PCIe4.0 / PCIex16 : 1개 / PCIex16(at x4) : 1개 / [저장장치] M.2 : 4개 / SATA3 : 4개 / M.2 연결 : PCIe5.0 , PCIe4.0 , PCIe , NVMe , PCIe 레인공유 , SATA 레인공유 / [후면단자] HDMI / Type-C / USB3.x 10Gbps / USB3.x 5Gbps / USB 2.0 / RJ-45 / 오디오잭 / BIOS플래시백 / USB A타입 : 10개 / USB C타입 : 2개 / [랜/오디오] 유선랜 칩셋 : Dragon RTL8125BG / 2.5Gbps / RJ-45 : 1개 / 무선랜(Wi-Fi) / 블루투스 / 오디오 칩셋 : Realtek ALC897 / 7.1채널(8ch) / [내부I/O] USB/팬 헤더 : USB3.0 헤더 , USB2.0 헤더 , USB3.2 Type C 헤더 , RGB 12V 4핀 헤더 , ARGB 5V 3핀 헤더 , CPU추가팬(OPT) 헤더 , 펌프전용 헤더 / 시스템팬 4핀 : 4개 / I/O 헤더 : TPM 헤더 , 프론트오디오AAFP 헤더 / [특징] DrMOS / 전원부 방열판 / M.2 히트싱크 / 일체형IO실드 / LED라이트 / UEFI 닫기",https://img.danuri.io/catalog-image/596/340/074/46a2a71aec4e41d7b0f3a0c0f7769121.jpg?shrink=130:130&_v=20260921110122,https://prod.danawa.com/info/?pcode=74340596&cate=112751
573,ASRock,ASRock B850 Pro-A WiFi 에즈윈,"227,510","AMD(소켓AM5) / AMD B850 / DDR5 / VGA 연결 : PCIe5.0 x16 / ATX (30.5x24.4cm) / 전원부 : 14+2+1페이즈 / 페이즈당80A / Vcore출력합계 : 1120A / [메모리] 8000MHz (PC5-64000) / 4개 / 메모리 용량 : 최대 256GB / XMP / EXPO / [확장슬롯] PCIe버전 : PCIe5.0 , PCIe4.0 / PCIex16 : 1개 / PCIex16(at x4) : 1개 / [저장장치] M.2 : 4개 / SATA3 : 4개 / M.2 연결 : PCIe5.0 , PCIe4.0 , PCIe , NVMe , PCIe 레인공유 / [후면단자] HDMI / Type-C / USB3.x 10Gbps / USB3.x 5Gbps / USB 2.0 / RJ-45 / 오디오잭 / BIOS플래시백 / USB A타입 : 10개 / USB C타입 : 2개 / [랜/오디오] 유선랜 칩셋 : Dragon RTL8125BG / 2.5Gbps / RJ-45 : 1개 / 무선랜(Wi-Fi) / 블루투스 / 오디오 칩셋 : Realtek ALC897 / 7.1채널(8ch) / [내부I/O] USB/팬 헤더 : USB3.0 헤더 , USB2.0 헤더 , USB3.2 Type C 헤더 , RGB 12V 4핀 헤더 , ARGB 5V 3핀 헤더 , CPU추가팬(OPT) 헤더 , 펌프전용 헤더 / 시스템팬 4핀 : 4개 / I/O 헤더 : TPM 헤더 , 프론트오디오AAFP 헤더 / [특징] DrMOS / 전원부 방열판 / M.2 히트싱크 / UEFI 닫기",https://img.danuri.io/catalog-image/293/990/078/60f364a448f54b91b1e796cf697ab54b.jpg?shrink=130:130&_v=20260921122639,https://prod.danawa.com/info/?pcode=78990293&cate=112751
574,ASRock,ASRock B850 Challenger WiFi 7 White 대원씨티에스,"254,350","AMD(소켓AM5) / AMD B850 / DDR5 / VGA 연결 : PCIe5.0 x16 / ATX (30.5x24.4cm) / 전원부 : 12+2+1페이즈 / 50A / Vcore출력합계 : 600 / [메모리] 8000MHz (PC5-64000) / 4개 / 메모리 용량 : 최대 256GB / XMP / EXPO / [확장슬롯] PCIe버전 : PCIe5.0 , PCIe4.0 / PCIex16 : 1개 / PCIex16(at x4) : 1개 / PCIex1 : 2개 / [저장장치] SATA3 : 4개 / M.2 : 2개 / M.2 연결 : PCIe5.0 , PCIe4.0 , NVMe / [후면단자] HDMI / USB3.x 10Gbps / USB3.x 5Gbps / USB 2.0 / RJ-45 / 오디오잭 / BIOS플래시백 / USB A타입 : 9개 / USB C타입 : 1개 / [랜/오디오] 유선랜 칩셋 : Dragon RTL8125BG / 2.5Gbps / RJ-45 : 1개 / 무선랜(Wi-Fi) / 블루투스 / 오디오 칩셋 : Realtek ALC897 / 7.1채널(8ch) / [내부I/O] USB/팬 헤더 : USB3.0 헤더 , USB2.0 헤더 , USB3.0 Type C 헤더 , RGB 12V 4핀 헤더 , ARGB 5V 3핀 헤더 , CPU추가팬(OPT) 헤더 , 펌프전용 헤더 / 시스템팬 4핀 : 3개 / I/O 헤더 : TPM 헤더 , 프론트오디오AAFP 헤더 / [특징] DrMOS / 전원부 방열판 / M.2 히트싱크 / 일체형IO실드 / UEFI 닫기",https://img.danuri.io/catalog-image/355/702/097/0b6c2bdd18cb4b2db609d34730a72971.jpg?shrink=130:130&_v=20260921080443,https://prod.danawa.com/info/?pcode=97702355&cate=112751
575,ASRock,ASRock B850M Riptide WiFi 대원씨티에스,"247,020","AMD(소켓AM5) / AMD B850 / DDR5 / VGA 연결 : PCIe5.0 x16 / M-ATX (24.4x24.4cm) / 전원부 : 12+2+1페이즈 / 50A / Vcore출력합계 : 600 / [메모리] 8000MHz (PC5-64000) / 4개 / 메모리 용량 : 최대 256GB / XMP / EXPO / [확장슬롯] PCIe버전 : PCIe5.0 , PCIe4.0 / PCIex16 : 1개 / PCIex4 : 1개 / [저장장치] SATA3 : 4개 / M.2 : 3개 / M.2 연결 : PCIe5.0 , PCIe4.0 , NVMe / [후면단자] HDMI / DP / USB3.x 10Gbps / USB3.x 5Gbps / USB 2.0 / RJ-45 / 오디오잭 / BIOS플래시백 / USB A타입 : 7개 / USB C타입 : 1개 / [랜/오디오] 유선랜 칩셋 : Dragon RTL8125BG / 2.5Gbps / RJ-45 : 1개 / 무선랜(Wi-Fi) / 블루투스 / 오디오 칩셋 : Realtek ALC1220 / 7.1채널(8ch) / [내부I/O] USB/팬 헤더 : USB3.0 헤더 , USB2.0 헤더 , USB3.2 Type C 헤더 , RGB 12V 4핀 헤더 , ARGB 5V 3핀 헤더 , CPU추가팬(OPT) 헤더 , 펌프전용 헤더 / 시스템팬 4핀 : 3개 / I/O 헤더 : TPM 헤더 , 프론트오디오AAFP 헤더 , 온도 센서 / [특징] DrMOS / 전원부 방열판 / M.2 히트싱크 / LED라이트 / UEFI 닫기",https://img.danuri.io/catalog-image/072/705/077/1aa2026281014a4189796e9a8c1157b8.jpg?shrink=130:130&_v=20260921144453,https://prod.danawa.com/info/?pcode=77705072&cate=112751
576,ASRock,ASRock B650M PG Lightning + WiFi6E 모듈 패키지 디앤디컴,"190,000","AMD(소켓AM5) / AMD B650 / DDR5 / VGA 연결 : PCIe4.0 x16 / M-ATX (24.4x24.4cm) / 전원부 : 6+2+1페이즈 / 페이즈당50A / Vcore출력합계 : 300A / [메모리] 7200MHz (PC5-57600) / 4개 / 메모리 용량 : 최대 192GB / XMP3.0 / EXPO / [확장슬롯] PCIe버전 : PCIe4.0 , PCIe3.0 / PCIex16 : 1개 / PCIex16(at x4) : 1개 / [저장장치] M.2 : 3개 / SATA3 : 4개 / M.2 연결 : PCIe5.0 , PCIe4.0 , NVMe / [후면단자] HDMI / DP / USB3.x 10Gbps / USB3.x 5Gbps / USB 2.0 / RJ-45 / 오디오잭 / BIOS플래시백 / USB A타입 : 7개 / USB C타입 : 1개 / [랜/오디오] 유선랜 칩셋 : Realtek RTL8125BG / 2.5Gbps / RJ-45 : 1개 / 무선랜(Wi-Fi) / 블루투스 / 오디오 칩셋 : Realtek ALC897 / 7.1채널(8ch) / [내부I/O] USB/팬 헤더 : 썬더볼트4 헤더 , USB3.0 헤더 , USB2.0 헤더 , USB3.0 Type C 헤더 , RGB 12V 4핀 헤더 , ARGB 5V 3핀 헤더 , CPU추가팬(OPT) 헤더 / 시스템팬 4핀 : 3개 / I/O 헤더 : TPM 헤더 , 프론트오디오AAFP 헤더 / [특징] DrMOS / 전원부 방열판 / UEFI 닫기",https://img.danuri.io/catalog-image/879/167/030/3187e4b10a5448409b25178dfbb4eb15.jpg?shrink=130:130&_v=20260921080455,https://prod.danawa.com/info/?pcode=30167879&cate=112751
577,ASRock,ASRock B850M Pro Plus WiFi 디앤디컴,"209,330","AMD(소켓AM5) / AMD B850 / DDR5 / VGA 연결 : PCIe5.0 x16 / M-ATX (24.4x24.4cm) / 전원부 : 12+2+1페이즈 / 페이즈당50A / Vcore출력합계 : 600A / [메모리] 8000MHz (PC5-64000) / 4개 / 메모리 용량 : 최대 256GB / XMP / EXPO / [확장슬롯] PCIe버전 : PCIe5.0 , PCIe4.0 / PCIex16 : 1개 / PCIex4 : 1개 / [저장장치] M.2 : 3개 / SATA3 : 4개 / M.2 연결 : PCIe5.0 , PCIe4.0 , NVMe / [후면단자] HDMI / DP / USB3.x 10Gbps / USB3.x 5Gbps / USB 2.0 / RJ-45 / 오디오잭 / BIOS플래시백 / USB A타입 : 7개 / USB C타입 : 1개 / [랜/오디오] 유선랜 칩셋 : Dragon RTL8125BG / 2.5Gbps / RJ-45 : 1개 / 무선랜(Wi-Fi) / 블루투스 / 오디오 칩셋 : Realtek ALC1220 / 7.1채널(8ch) / [내부I/O] USB/팬 헤더 : USB3.0 헤더 , USB2.0 헤더 , USB3.0 Type C 헤더 , RGB 12V 4핀 헤더 , ARGB 5V 3핀 헤더 , CPU추가팬(OPT) 헤더 / 시스템팬 4핀 : 3개 / I/O 헤더 : TPM 헤더 , 프론트오디오AAFP 헤더 / [특징] DrMOS / 전원부 방열판 / M.2 히트싱크 / 일체형IO실드 / LED라이트 / UEFI 닫기",https://img.danuri.io/catalog-image/581/804/093/2d9ab38d560d4925a1e457c33e234a55.jpg?shrink=130:130&_v=20260921095755,https://prod.danawa.com/info/?pcode=93804581&cate=112751
578,ASRock,ASRock X870E Nova WiFi 디앤디컴,"476,680","AMD(소켓AM5) / AMD X870E / DDR5 / VGA 연결 : PCIe5.0 x16 / ATX (30.5x24.4cm) / 전원부 : 20+2+1페이즈 / 페이즈당110A / Vcore출력합계 : 2200A / [메모리] 8200MHz (PC5-65600) / 4개 / 메모리 용량 : 최대 256GB / XMP / EXPO / [확장슬롯] PCIe버전 : PCIe5.0 , PCIe3.0 / PCIex16 : 1개(동시사용시x8) / PCIex16(at x2) : 1개 / PCIex1 : 1개 / [저장장치] M.2 : 5개 / SATA3 : 4개 / M.2 연결 : PCIe5.0 , PCIe4.0 , PCIe , NVMe , SATA , PCIe 레인공유 / [후면단자] HDMI / Type-C / USB4 40Gbps / USB3.x 10Gbps / USB3.x 5Gbps / USB 2.0 / RJ-45 / S/PDIF / 오디오잭 / BIOS플래시백 / 클리어CMOS / USB A타입 : 10개 / USB C타입 : 2개 / [랜/오디오] 유선랜 칩셋 : Realtek RTL8126 / 5Gbps / RJ-45 : 1개 / 무선랜(Wi-Fi) / 블루투스 / 오디오 칩셋 : Realtek ALC4082 / 7.1채널(8ch) / [내부I/O] USB/팬 헤더 : USB3.0 헤더 , USB2.0 헤더 , USB3.2 Type C 헤더 , RGB 12V 4핀 헤더 , ARGB 5V 3핀 헤더 , CPU추가팬(OPT) 헤더 , 펌프전용 헤더 / 시스템팬 4핀 : 3+1개 / I/O 헤더 : 디버그LED , 프론트오디오AAFP 헤더 , 온도 센서 / [특징] SPS(DrMOS) / 전원부 방열판 / M.2 히트싱크 / 일체형IO실드 / LED라이트 / UEFI 닫기",https://img.danuri.io/catalog-image/274/757/072/139b0680d7d84656999130ac50cde0b2.jpg?shrink=130:130&_v=20260921110258,https://prod.danawa.com/info/?pcode=72757274&cate=112751
579,ASRock,ASRock B850M 스틸레전드 WiFi 에즈윈,"229,000","AMD(소켓AM5) / AMD B850 / DDR5 / VGA 연결 : PCIe5.0 x16 / M-ATX (24.4x24.4cm) / 전원부 : 12+2+1페이즈 / [메모리] 8000MHz (PC5-64000) / 4개 / 메모리 용량 : 최대 256GB / XMP / EXPO / [확장슬롯] PCIe버전 : PCIe5.0 , PCIe4.0 / PCIex16 : 1개 / PCIex16(at x4) : 1개 / [저장장치] M.2 : 3개 / SATA3 : 4개 / M.2 연결 : PCIe5.0 , PCIe4.0 , PCIe , NVMe , PCIe 레인공유 / [후면단자] HDMI / DP / USB3.x 10Gbps / USB3.x 5Gbps / USB 2.0 / RJ-45 / 오디오잭 / BIOS플래시백 / USB A타입 : 7개 / USB C타입 : 1개 / [랜/오디오] 유선랜 칩셋 : Dragon RTL8125BG / 2.5Gbps / RJ-45 : 1개 / 무선랜(Wi-Fi) / 블루투스 / 오디오 칩셋 : Realtek ALC1220 / 7.1채널(8ch) / [내부I/O] USB/팬 헤더 : USB3.0 헤더 , USB2.0 헤더 , USB3.2 Type C 헤더 , RGB 12V 4핀 헤더 , ARGB 5V 3핀 헤더 , CPU추가팬(OPT) 헤더 / 시스템팬 4핀 : 3개 / I/O 헤더 : TPM 헤더 , 프론트오디오AAFP 헤더 , 온도 센서 / [특징] DrMOS / 전원부 방열판 / M.2 히트싱크 / 일체형IO실드 / LED라이트 / UEFI 닫기",https://img.danuri.io/catalog-image/418/341/074/99aed3e9794444fa9fd76074f9cdd4e3.jpg?shrink=130:130&_v=20260921092645,https://prod.danawa.com/info/?pcode=74341418&cate=112751
580,ASRock,ASRock B850M-X R2.0 에즈윈,"155,190","AMD(소켓AM5) / AMD B850 / DDR5 / VGA 연결 : PCIe5.0 x16 / M-ATX (24.4x22.6cm) / 전원부 : 6+1+1페이즈 / [메모리] 8200MHz (PC5-65600) / 2개 / 메모리 용량 : 최대 128GB / XMP / EXPO / [확장슬롯] PCIe버전 : PCIe5.0 , PCIe4.0 / PCIex16 : 1개 / PCIex16(at x4) : 1개 / PCIex1 : 1개 / [저장장치] M.2 : 2개 / SATA3 : 4개 / M.2 연결 : PCIe5.0 , PCIe4.0 , NVMe , PCIe 레인공유 / [후면단자] HDMI / DP / USB3.x 5Gbps / USB 2.0 / RJ-45 / 오디오잭 / BIOS플래시백 / USB A타입 : 5개 / USB C타입 : 1개 / [랜/오디오] 유선랜 칩셋 : Dragon RTL8125BG / 2.5Gbps / RJ-45 : 1개 / M.2 Key-E(모듈별매) / 오디오 칩셋 : Realtek ALC897 / 7.1채널(8ch) / [내부I/O] USB/팬 헤더 : USB3.0 헤더 , USB2.0 헤더 , USB3.0 Type C 헤더 , RGB 12V 4핀 헤더 , ARGB 5V 3핀 헤더 , CPU추가팬(OPT) 헤더 , 펌프전용 헤더 / 시스템팬 4핀 : 3개 / I/O 헤더 : 프론트오디오AAFP 헤더 / [특징] DrMOS / 전원부 방열판 / M.2 히트싱크 / UEFI 닫기",https://img.danuri.io/catalog-image/181/093/082/bd88f476674045e3aa9773a93bb28bd3.jpg?shrink=130:130&_v=20260921092639,https://prod.danawa.com/info/?pcode=82093181&cate=112751
581,ASRock,ASRock X870E Taichi 디앤디컴,"809,000","AMD(소켓AM5) / AMD X870E / DDR5 / VGA 연결 : PCIe5.0 x16 / E-ATX (30.5x26.7cm) / 전원부 : 24+2+1페이즈 / 페이즈당110A / Vcore출력합계 : 2640A / [메모리] 8200MHz (PC5-65600) / 4개 / 메모리 용량 : 최대 256GB / XMP / EXPO / [확장슬롯] PCIe버전 : PCIe5.0 / PCIex16 : 1개(동시사용시x8) / PCIex16(at x8) : 1개 / CrossFire / [저장장치] M.2 : 4개 / SATA3 : 6개 / M.2 연결 : PCIe5.0 , PCIe4.0 , NVMe / [후면단자] HDMI / Type-C / USB4 40Gbps / USB3.x 10Gbps / USB3.x 5Gbps / USB 2.0 / RJ-45 / S/PDIF / 오디오잭 / BIOS플래시백 / 클리어CMOS / USB A타입 : 10개 / USB C타입 : 2개 / [랜/오디오] 유선랜 칩셋 : Realtek RTL8126 / 5Gbps / RJ-45 : 1개 / 무선랜(Wi-Fi) / 블루투스 / 오디오 칩셋 : Realtek ALC4082 / 7.1채널(8ch) / [내부I/O] USB/팬 헤더 : USB3.0 헤더 , USB2.0 헤더 , USB3.2 Type C 헤더 , RGB 12V 4핀 헤더 , ARGB 5V 3핀 헤더 , CPU추가팬(OPT) 헤더 , 펌프전용 헤더 / 시스템팬 4핀 : 4+1개 / I/O 헤더 : 디버그LED , 프론트오디오AAFP 헤더 , 온도 센서 / [특징] SPS(DrMOS) / 전원부 방열판 / M.2 히트싱크 / 일체형IO실드 / LED라이트 / UEFI 닫기",https://img.danuri.io/catalog-image/085/440/068/a77c56c888a34745ad2f798d063b3e4d.jpg?shrink=130:130&_v=20260921080454,https://prod.danawa.com/info/?pcode=68440085&cate=112751
582,ASRock,ASRock B850 Rock WiFi 7 디앤디컴,"228,950","AMD(소켓AM5) / AMD B850 / DDR5 / VGA 연결 : PCIe5.0 x16 / ATX (30.5x24.4cm) / 전원부 : 9+2+1페이즈 / [메모리] 8000MHz (PC5-64000) / 4개 / 메모리 용량 : 최대 256GB / XMP / EXPO / [확장슬롯] PCIe버전 : PCIe5.0 , PCIe4.0 / PCIex16 : 1개 / PCIex16(at x4) : 1개 / PCIex1 : 2개 / [저장장치] SATA3 : 4개 / M.2 : 2개 / M.2 연결 : PCIe5.0 , PCIe4.0 , NVMe / [후면단자] HDMI / USB3.x 10Gbps / USB3.x 5Gbps / USB 2.0 / RJ-45 / 오디오잭 / BIOS플래시백 / USB A타입 : 7개 / USB C타입 : 1개 / [랜/오디오] 유선랜 칩셋 : Dragon RTL8125BG / 2.5Gbps / RJ-45 : 1개 / 무선랜(Wi-Fi) / 블루투스 / 오디오 칩셋 : Realtek ALC897 / 7.1채널(8ch) / [내부I/O] USB/팬 헤더 : USB3.0 헤더 , USB2.0 헤더 , CPU추가팬(OPT) 헤더 , 펌프전용 헤더 / 시스템팬 4핀 : 3개 / I/O 헤더 : TPM 헤더 , 프론트오디오AAFP 헤더 / [특징] DrMOS / 전원부 방열판 / M.2 히트싱크 / 일체형IO실드 / UEFI 닫기",https://img.danuri.io/catalog-image/871/694/122/5982ab7fa26d4acfb5b648e5a6986301.jpeg?shrink=130:130&_v=20260921135024,https://prod.danawa.com/info/?pcode=122694871&cate=112751
583,ASRock,ASRock B850 Pro-A 에즈윈,"220,010","AMD(소켓AM5) / AMD B850 / DDR5 / VGA 연결 : PCIe5.0 x16 / ATX (30.5x24.4cm) / 전원부 : 14+2+1페이즈 / 페이즈당80A / Vcore출력합계 : 1120A / [메모리] 8000MHz (PC5-64000) / 4개 / 메모리 용량 : 최대 256GB / XMP / EXPO / [확장슬롯] PCIe버전 : PCIe5.0 , PCIe4.0 / PCIex16 : 1개 / PCIex16(at x4) : 1개 / [저장장치] M.2 : 4개 / SATA3 : 4개 / M.2 연결 : PCIe5.0 , PCIe4.0 , PCIe , NVMe , PCIe 레인공유 , SATA 레인공유 / [후면단자] HDMI / Type-C / USB3.x 10Gbps / USB3.x 5Gbps / USB 2.0 / RJ-45 / 오디오잭 / BIOS플래시백 / USB A타입 : 10개 / USB C타입 : 2개 / [랜/오디오] 유선랜 칩셋 : Dragon RTL8125BG / 2.5Gbps / RJ-45 : 1개 / M.2 Key-E(모듈별매) / 오디오 칩셋 : Realtek ALC897 / 7.1채널(8ch) / [내부I/O] USB/팬 헤더 : USB3.0 헤더 , USB2.0 헤더 , USB3.2 Type C 헤더 , RGB 12V 4핀 헤더 , ARGB 5V 3핀 헤더 , CPU추가팬(OPT) 헤더 , 펌프전용 헤더 / 시스템팬 4핀 : 4개 / I/O 헤더 : TPM 헤더 , 프론트오디오AAFP 헤더 / [특징] DrMOS / 전원부 방열판 / M.2 히트싱크 / UEFI 닫기",https://img.danuri.io/catalog-image/933/999/074/4212326304514072b88a0d422548b8db.jpg?shrink=130:130&_v=20260921092615,https://prod.danawa.com/info/?pcode=74999933&cate=112751
584,ASRock,ASRock X870 스틸레전드 WiFi 디앤디컴,"363,200","AMD(소켓AM5) / AMD X870 / DDR5 / VGA 연결 : PCIe5.0 x16 / ATX (30.5x24.4cm) / 전원부 : 14+2+1페이즈 / 페이즈당80A / Vcore출력합계 : 1120A / [메모리] 8000MHz (PC5-64000) / 4개 / 메모리 용량 : 최대 256GB / XMP / EXPO / [확장슬롯] PCIe버전 : PCIe5.0 , PCIe4.0 / PCIex16 : 1개 / PCIex16(at x4) : 1개 / [저장장치] M.2 : 3개 / SATA3 : 4개 / M.2 연결 : PCIe5.0 , PCIe4.0 , NVMe , PCIe 레인공유 / [후면단자] HDMI / Type-C / USB4 40Gbps / USB3.x 10Gbps / USB3.x 5Gbps / USB 2.0 / RJ-45 / S/PDIF / 오디오잭 / BIOS플래시백 / USB A타입 : 9개 / USB C타입 : 2개 / [랜/오디오] 유선랜 칩셋 : Dragon RTL8125BG / 2.5Gbps / RJ-45 : 1개 / 무선랜(Wi-Fi) / 블루투스 / 오디오 칩셋 : Realtek ALC4082 / 7.1채널(8ch) / [내부I/O] USB/팬 헤더 : USB3.0 헤더 , USB2.0 헤더 , USB3.2 Type C 헤더 , RGB 12V 4핀 헤더 , ARGB 5V 3핀 헤더 , CPU추가팬(OPT) 헤더 , 펌프전용 헤더 / 시스템팬 4핀 : 3개 / I/O 헤더 : 디버그LED , 프론트오디오AAFP 헤더 , 온도 센서 / [특징] DrMOS / 전원부 방열판 / M.2 히트싱크 / 일체형IO실드 / LED라이트 / UEFI 닫기",https://img.danuri.io/catalog-image/103/440/068/722889e1232e410f9a2fab5c1d8a8855.jpg?shrink=130:130&_v=20260921090251,https://prod.danawa.com/info/?pcode=68440103&cate=112751
585,ASRock,ASRock B850 Rock WiFi 7 대원씨티에스,"230,390","AMD(소켓AM5) / AMD B850 / DDR5 / VGA 연결 : PCIe5.0 x16 / ATX (30.5x24.4cm) / 전원부 : 9+2+1페이즈 / [메모리] 8000MHz (PC5-64000) / 4개 / 메모리 용량 : 최대 256GB / XMP / EXPO / [확장슬롯] PCIe버전 : PCIe5.0 , PCIe4.0 / PCIex16 : 1개 / PCIex16(at x4) : 1개 / PCIex1 : 2개 / [저장장치] SATA3 : 4개 / M.2 : 2개 / M.2 연결 : PCIe5.0 , PCIe4.0 , NVMe / [후면단자] HDMI / USB3.x 10Gbps / USB3.x 5Gbps / USB 2.0 / RJ-45 / 오디오잭 / BIOS플래시백 / USB A타입 : 7개 / USB C타입 : 1개 / [랜/오디오] 유선랜 칩셋 : Dragon RTL8125BG / 2.5Gbps / RJ-45 : 1개 / 무선랜(Wi-Fi) / 블루투스 / 오디오 칩셋 : Realtek ALC897 / 7.1채널(8ch) / [내부I/O] USB/팬 헤더 : USB3.0 헤더 , USB2.0 헤더 , CPU추가팬(OPT) 헤더 , 펌프전용 헤더 / 시스템팬 4핀 : 3개 / I/O 헤더 : TPM 헤더 , 프론트오디오AAFP 헤더 / [특징] DrMOS / 전원부 방열판 / M.2 히트싱크 / 일체형IO실드 / UEFI 닫기",https://img.danuri.io/catalog-image/404/958/107/3ce1ac11663d469da52b681c4c9ec84e.jpg?shrink=130:130&_v=20260921144443,https://prod.danawa.com/info/?pcode=107958404&cate=112751
586,ASRock,ASRock B850M Challenger WiFi 7 White 대원씨티에스,"228,500","AMD(소켓AM5) / AMD B850 / DDR5 / VGA 연결 : PCIe5.0 x16 / M-ATX (24.4x24.4cm) / 전원부 : 8+1+1페이즈 / [메모리] 8000MHz (PC5-64000) / 4개 / 메모리 용량 : 최대 256GB / XMP / EXPO / [확장슬롯] PCIe버전 : PCIe5.0 , PCIe4.0 / PCIex16 : 1개 / PCIex16(at x4) : 1개 / PCIex1 : 1개 / [저장장치] SATA3 : 4개 / M.2 : 2개 / M.2 연결 : PCIe5.0 , PCIe4.0 , NVMe / [후면단자] HDMI / USB3.x 10Gbps / USB3.x 5Gbps / USB 2.0 / RJ-45 / 오디오잭 / USB A타입 : 8개 / [랜/오디오] 유선랜 칩셋 : Dragon RTL8125BG / 2.5Gbps / RJ-45 : 1개 / 무선랜(Wi-Fi) / 블루투스 / 오디오 칩셋 : Realtek ALC897 / [내부I/O] USB/팬 헤더 : USB3.0 헤더 , USB2.0 헤더 , USB3.0 Type C 헤더 , RGB 12V 4핀 헤더 , ARGB 5V 3핀 헤더 , 펌프전용 헤더 / 시스템팬 4핀 : 3개 / I/O 헤더 : TPM 헤더 , 프론트오디오AAFP 헤더 / [특징] DrMOS / 전원부 방열판 / M.2 히트싱크 / 일체형IO실드 / UEFI 닫기",https://img.danuri.io/catalog-image/478/956/107/63f8385e68eb4d21b8407f6cfc9987d5.jpg?shrink=130:130&_v=20260921080622,https://prod.danawa.com/info/?pcode=107956478&cate=112751
587,ASRock,ASRock B850 Rock WiFi 7 에즈윈,"228,750","AMD(소켓AM5) / AMD B850 / DDR5 / VGA 연결 : PCIe5.0 x16 / ATX (30.5x24.4cm) / 전원부 : 9+2+1페이즈 / [메모리] 8000MHz (PC5-64000) / 4개 / 메모리 용량 : 최대 256GB / XMP / EXPO / [확장슬롯] PCIe버전 : PCIe5.0 , PCIe4.0 / PCIex16 : 1개 / PCIex16(at x4) : 1개 / PCIex1 : 2개 / [저장장치] M.2 : 2개 / SATA3 : 4개 / M.2 연결 : PCIe5.0 , PCIe4.0 , NVMe / [후면단자] HDMI / USB3.x 10Gbps / USB3.x 5Gbps / USB 2.0 / RJ-45 / 오디오잭 / BIOS플래시백 / USB A타입 : 7개 / USB C타입 : 1개 / [랜/오디오] 유선랜 칩셋 : Dragon RTL8125BG / 2.5Gbps / RJ-45 : 1개 / 무선랜(Wi-Fi) / 블루투스 / 오디오 칩셋 : Realtek ALC897 / 7.1채널(8ch) / [내부I/O] USB/팬 헤더 : USB3.0 헤더 , USB2.0 헤더 , CPU추가팬(OPT) 헤더 , 펌프전용 헤더 / 시스템팬 4핀 : 3개 / I/O 헤더 : TPM 헤더 , 프론트오디오AAFP 헤더 / [특징] DrMOS / 전원부 방열판 / M.2 히트싱크 / 일체형IO실드 / UEFI 닫기",https://img.danuri.io/catalog-image/493/717/106/d2501e45dbb34822884f79b1006516c0.jpg?shrink=130:130&_v=20260921080444,https://prod.danawa.com/info/?pcode=106717493&cate=112751
588,ASRock,ASRock X870 Pro-A WiFi 대원씨티에스,"286,470","AMD(소켓AM5) / AMD X870 / DDR5 / VGA 연결 : PCIe5.0 x16 / ATX (30.5x24.4cm) / 전원부 : 16+2+1페이즈 / 80A / Vcore출력합계 : 1280 / 메모리 8000MHz (PC5-64000) / 4개 / 메모리 용량 : 최대 256GB / XMP / EXPO / 확장슬롯 PCIe버전 : PCIe5.0 , PCIe4.0 / PCIex16 : 1개 / PCIex16(at x4) : 1개 / PCIex16(at x1) : 2개 / 저장장치 SATA3 : 4개 / M.2 : 3개 / M.2 연결 : PCIe5.0 , PCIe4.0 , PCIe , NVMe , SATA 레인공유 / 후면단자 HDMI / Type-C / USB4 40Gbps / USB3.x 10Gbps / USB3.x 5Gbps / USB 2.0 / RJ-45 / 오디오잭 / BIOS플래시백 / USB A타입 : 7개 / USB C타입 : 2개 / 랜/오디오 유선랜 칩셋 : Dragon RTL8125BG / 2.5Gbps / RJ-45 : 1개 / 무선랜(Wi-Fi) / 블루투스 / 오디오 칩셋 : Realtek ALC897 / 7.1채널(8ch) / 내부I/O USB/팬 헤더 : USB3.0 헤더 , USB2.0 헤더 , USB3.0 Type C 헤더 , RGB 12V 4핀 헤더 , ARGB 5V 3핀 헤더 , CPU추가팬(OPT) 헤더 , 펌프전용 헤더 / 시스템팬 4핀 : 3개 / I/O 헤더 : TPM 헤더 , 프론트오디오AAFP 헤더 / 특징 DrMOS / 전원부 방열판 / M.2 히트싱크 / 일체형IO실드 / UEFI 닫기",https://img.danuri.io/catalog-image/365/925/098/b6feede348ea440ea21fe52c34d80717.jpg?shrink=130:130&_v=20260921102610,https://prod.danawa.com/info/?pcode=98925365&cate=112751
589,ASRock,ASRock B850 Pro RS WiFi 에즈윈,"240,400","AMD(소켓AM5) / AMD B850 / DDR5 / VGA 연결 : PCIe5.0 x16 / ATX (30.5x24.4cm) / 전원부 : 14+2+1페이즈 / 페이즈당80A / Vcore출력합계 : 1120A / [메모리] 8000MHz (PC5-64000) / 4개 / 메모리 용량 : 최대 256GB / XMP / EXPO / [확장슬롯] PCIe버전 : PCIe5.0 , PCIe4.0 / PCIex16 : 1개 / PCIex16(at x4) : 1개 / [저장장치] M.2 : 4개 / SATA3 : 4개 / M.2 연결 : PCIe5.0 , PCIe4.0 , PCIe , NVMe , PCIe 레인공유 , SATA 레인공유 / [후면단자] HDMI / Type-C / USB3.x 10Gbps / USB3.x 5Gbps / USB 2.0 / RJ-45 / 오디오잭 / BIOS플래시백 / USB A타입 : 10개 / USB C타입 : 2개 / [랜/오디오] 유선랜 칩셋 : Dragon RTL8125BG / 2.5Gbps / RJ-45 : 1개 / 무선랜(Wi-Fi) / 블루투스 / 오디오 칩셋 : Realtek ALC897 / 7.1채널(8ch) / [내부I/O] USB/팬 헤더 : USB3.0 헤더 , USB2.0 헤더 , USB3.2 Type C 헤더 , CPU추가팬(OPT) 헤더 , 펌프전용 헤더 / 시스템팬 4핀 : 4개 / I/O 헤더 : TPM 헤더 , 프론트오디오AAFP 헤더 / [특징] DrMOS / 전원부 방열판 / M.2 히트싱크 / 일체형IO실드 / LED라이트 / UEFI 닫기",https://img.danuri.io/catalog-image/600/952/073/237134fcf494456c933f19744cfc7dc8.jpg?shrink=130:130&_v=20260921092659,https://prod.danawa.com/info/?pcode=73952600&cate=112751
590,ASRock,ASRock A620AM-HVS 대원씨티에스,"93,500","AMD(소켓AM5) / AMD A620A / DDR5 / VGA 연결 : PCIe4.0 x16 / M-ATX (24.4x22.9cm) / 전원부 : 4+1+1페이즈 / [메모리] 6800MHz (PC5-54400) / 2개 / 메모리 용량 : 최대 128GB / XMP / EXPO / [확장슬롯] PCIe버전 : PCIe4.0 , PCIe3.0 / PCIex16 : 1개 / PCIex1 : 2개 / SATA3 : 2개 / M.2 : 2개 / M.2 연결 : PCIe4.0 , NVMe / [후면단자] HDMI / D-SUB / USB3.x 5Gbps / USB 2.0 / RJ-45 / 오디오잭 / BIOS플래시백 / USB A타입 : 8개 / [랜/오디오] 유선랜 칩셋 : Realtek RTL8111H / 1Gbps / RJ-45 : 1개 / M.2 Key-E(모듈별매) / 오디오 칩셋 : Realtek ALC897 / 7.1채널(8ch) / [내부I/O] USB/팬 헤더 : USB3.0 헤더 , USB2.0 헤더 , USB3.0 Type C 헤더 , RGB 12V 4핀 헤더 , ARGB 5V 3핀 헤더 / I/O 헤더 : 프론트오디오AAFP 헤더 / [특징] DrMOS 닫기",https://img.danuri.io/catalog-image/180/108/092/f2bece37aede493e9d03543eac389f05.jpg?shrink=130:130&_v=20260921080456,https://prod.danawa.com/info/?pcode=92108180&cate=112751
591,ASRock,ASRock B850M Pro RS 에즈윈,"200,490","AMD(소켓AM5) / AMD B850 / DDR5 / VGA 연결 : PCIe5.0 x16 / M-ATX (24.4x24.4cm) / 전원부 : 8+2+1페이즈 / [메모리] 8000MHz (PC5-64000) / 4개 / 메모리 용량 : 최대 256GB / XMP / EXPO / [확장슬롯] PCIe버전 : PCIe5.0 , PCIe4.0 / PCIex16 : 1개 / PCIex4 : 1개 / [저장장치] M.2 : 3개 / SATA3 : 4개 / M.2 연결 : PCIe5.0 , PCIe4.0 , NVMe , PCIe 레인공유 , SATA 레인공유 / [후면단자] HDMI / DP / USB3.x 10Gbps / USB3.x 5Gbps / USB 2.0 / RJ-45 / 오디오잭 / BIOS플래시백 / USB A타입 : 7개 / USB C타입 : 1개 / [랜/오디오] 유선랜 칩셋 : Dragon RTL8125BG / 2.5Gbps / RJ-45 : 1개 / M.2 Key-E(모듈별매) / 오디오 칩셋 : Realtek ALC897 / 7.1채널(8ch) / [내부I/O] USB/팬 헤더 : USB3.0 헤더 , USB2.0 헤더 , USB3.0 Type C 헤더 , RGB 12V 4핀 헤더 , ARGB 5V 3핀 헤더 , CPU추가팬(OPT) 헤더 / 시스템팬 4핀 : 3개 / I/O 헤더 : TPM 헤더 , 프론트오디오AAFP 헤더 / [특징] DrMOS / 전원부 방열판 / M.2 히트싱크 / 일체형IO실드 / UEFI 닫기",https://img.danuri.io/catalog-image/729/952/073/47aa3c7025554eb09baa3dbcfe7a81dd.jpg?shrink=130:130&_v=20260921092705,https://prod.danawa.com/info/?pcode=73952729&cate=112751
592,ASRock,ASRock X870 Pro RS WiFi 에즈윈,"322,850","AMD(소켓AM5) / AMD X870 / DDR5 / VGA 연결 : PCIe5.0 x16 / ATX (30.5x24.4cm) / 전원부 : 14+2+1페이즈 / 페이즈당80A / Vcore출력합계 : 1120A / [메모리] 8000MHz (PC5-64000) / 4개 / 메모리 용량 : 최대 256GB / EXPO / [확장슬롯] PCIe버전 : PCIe5.0 , PCIe4.0 / PCIex16 : 1개 / PCIex16(at x4) : 1개 / [저장장치] M.2 : 3개 / SATA3 : 4개 / M.2 연결 : PCIe5.0 , PCIe4.0 , PCIe , NVMe , PCIe 레인공유 / [후면단자] HDMI / Type-C / USB4 40Gbps / USB3.x 5Gbps / USB 2.0 / RJ-45 / S/PDIF / 오디오잭 / BIOS플래시백 / USB A타입 : 10개 / USB C타입 : 2개 / [랜/오디오] 유선랜 칩셋 : Dragon RTL8125BG / 2.5Gbps / RJ-45 : 1개 / 무선랜(Wi-Fi) / 블루투스 / 오디오 칩셋 : Realtek ALC1220 / 7.1채널(8ch) / [내부I/O] USB/팬 헤더 : USB3.0 헤더 , USB2.0 헤더 , USB3.2 Type C 헤더 , RGB 12V 4핀 헤더 , ARGB 5V 3핀 헤더 , CPU추가팬(OPT) 헤더 , 펌프전용 헤더 / 시스템팬 4핀 : 4개 / I/O 헤더 : 디버그LED , 프론트오디오AAFP 헤더 , 온도 센서 / [특징] DrMOS / 전원부 방열판 / M.2 히트싱크 / 일체형IO실드 / LED라이트 / UEFI 닫기",https://img.danuri.io/catalog-image/260/101/070/f99115995b634206a69caac126411b9a.jpg?shrink=130:130&_v=20260921092603,https://prod.danawa.com/info/?pcode=70101260&cate=112751
593,ASRock,ASRock B850M Pro RS WiFi WHITE 디앤디컴,"197,980","AMD(소켓AM5) / AMD B850 / DDR5 / VGA 연결 : PCIe5.0 x16 / M-ATX (24.4x24.4cm) / 전원부 : 8+2+1페이즈 / 페이즈당60A / Vcore출력합계 : 480A / [메모리] 8000MHz (PC5-64000) / 4개 / 메모리 용량 : 최대 256GB / XMP / EXPO / [확장슬롯] PCIe버전 : PCIe5.0 , PCIe4.0 / PCIex16 : 1개 / PCIex4 : 1개 / [저장장치] M.2 : 3개 / SATA3 : 4개 / M.2 연결 : PCIe5.0 , PCIe4.0 , NVMe , PCIe 레인공유 / [후면단자] HDMI / DP / USB3.x 10Gbps / USB3.x 5Gbps / USB 2.0 / RJ-45 / 오디오잭 / BIOS플래시백 / USB A타입 : 7개 / USB C타입 : 1개 / [랜/오디오] 유선랜 칩셋 : Dragon RTL8125BG / 2.5Gbps / RJ-45 : 1개 / 무선랜(Wi-Fi) / 블루투스 / 오디오 칩셋 : Realtek ALC897 / 7.1채널(8ch) / [내부I/O] USB/팬 헤더 : USB3.0 헤더 , USB2.0 헤더 , USB3.0 Type C 헤더 , RGB 12V 4핀 헤더 , ARGB 5V 3핀 헤더 , CPU추가팬(OPT) 헤더 / 시스템팬 4핀 : 3개 / I/O 헤더 : TPM 헤더 , 프론트오디오AAFP 헤더 / [특징] DrMOS / 전원부 방열판 / M.2 히트싱크 / 일체형IO실드 / UEFI 닫기",https://img.danuri.io/catalog-image/822/803/093/24d2c5714ce342448c90dffac5d31d4e.jpg?shrink=130:130&_v=20260921095734,https://prod.danawa.com/info/?pcode=93803822&cate=112751
594,ASRock,ASRock B850M Pro RS WiFi 에즈윈,"207,990","AMD(소켓AM5) / AMD B850 / DDR5 / VGA 연결 : PCIe5.0 x16 / M-ATX (24.4x24.4cm) / 전원부 : 8+2+1페이즈 / [메모리] 8000MHz (PC5-64000) / 4개 / 메모리 용량 : 최대 256GB / XMP / EXPO / [확장슬롯] PCIe버전 : PCIe5.0 , PCIe4.0 / PCIex16 : 1개 / PCIex4 : 1개 / [저장장치] M.2 : 3개 / SATA3 : 4개 / M.2 연결 : PCIe5.0 , PCIe4.0 , NVMe , PCIe 레인공유 , SATA 레인공유 / [후면단자] HDMI / DP / USB3.x 10Gbps / USB3.x 5Gbps / USB 2.0 / RJ-45 / 오디오잭 / BIOS플래시백 / USB A타입 : 7개 / USB C타입 : 1개 / [랜/오디오] 유선랜 칩셋 : Dragon RTL8125BG / 2.5Gbps / RJ-45 : 1개 / 무선랜(Wi-Fi) / 블루투스 / 오디오 칩셋 : Realtek ALC897 / 7.1채널(8ch) / [내부I/O] USB/팬 헤더 : USB3.0 헤더 , USB2.0 헤더 , USB3.0 Type C 헤더 , RGB 12V 4핀 헤더 , ARGB 5V 3핀 헤더 , CPU추가팬(OPT) 헤더 / 시스템팬 4핀 : 3개 / I/O 헤더 : TPM 헤더 , 프론트오디오AAFP 헤더 / [특징] DrMOS / 전원부 방열판 / M.2 히트싱크 / 일체형IO실드 / UEFI 닫기",https://img.danuri.io/catalog-image/732/952/073/d5e2e3d7c2ab497caf748b9e91c54290.jpg?shrink=130:130&_v=20260921092604,https://prod.danawa.com/info/?pcode=73952732&cate=112751
595,ASRock,ASRock B850M Pro RS 대원씨티에스,"196,990","AMD(소켓AM5) / AMD B850 / DDR5 / VGA 연결 : PCIe5.0 x16 / M-ATX (24.4x24.4cm) / 전원부 : 8+2+1페이즈 / 60A / Vcore출력합계 : 480 / [메모리] 8000MHz (PC5-64000) / 4개 / 메모리 용량 : 최대 256GB / XMP / EXPO / [확장슬롯] PCIe버전 : PCIe5.0 , PCIe4.0 / PCIex16 : 1개 / PCIex4 : 1개 / [저장장치] SATA3 : 4개 / M.2 : 3개 / M.2 연결 : PCIe5.0 , PCIe4.0 , NVMe , PCIe 레인공유 , SATA 레인공유 / [후면단자] HDMI / DP / USB3.x 10Gbps / USB3.x 5Gbps / USB 2.0 / RJ-45 / 오디오잭 / BIOS플래시백 / USB A타입 : 7개 / USB C타입 : 1개 / [랜/오디오] 유선랜 칩셋 : Dragon RTL8125BG / 2.5Gbps / RJ-45 : 1개 / M.2 Key-E(모듈별매) / 오디오 칩셋 : Realtek ALC897 / 7.1채널(8ch) / [내부I/O] USB/팬 헤더 : USB3.0 헤더 , USB2.0 헤더 , USB3.0 Type C 헤더 , RGB 12V 4핀 헤더 , ARGB 5V 3핀 헤더 , CPU추가팬(OPT) 헤더 / 시스템팬 4핀 : 3개 / I/O 헤더 : TPM 헤더 , 프론트오디오AAFP 헤더 / [특징] DrMOS / 전원부 방열판 / M.2 히트싱크 / 일체형IO실드 / UEFI 닫기",https://img.danuri.io/catalog-image/394/538/075/3d2ebf4114d845eb80cd23fe4908a7e9.jpg?shrink=130:130&_v=20260921143754,https://prod.danawa.com/info/?pcode=75538394&cate=112751
596,ASRock,ASRock B850M Pro-A WiFi 에즈윈,"182,000","AMD(소켓AM5) / AMD B850 / DDR5 / VGA 연결 : PCIe5.0 x16 / M-ATX (24.4x24.4cm) / 전원부 : 8+2+1페이즈 / [메모리] 8000MHz (PC5-64000) / 4개 / 메모리 용량 : 최대 256GB / XMP / EXPO / [확장슬롯] PCIe버전 : PCIe5.0 , PCIe4.0 / PCIex16 : 1개 / PCIex4 : 1개 / [저장장치] M.2 : 3개 / SATA3 : 4개 / M.2 연결 : PCIe5.0 , PCIe4.0 , NVMe , PCIe 레인공유 / [후면단자] HDMI / DP / USB3.x 10Gbps / USB3.x 5Gbps / USB 2.0 / RJ-45 / 오디오잭 / BIOS플래시백 / USB A타입 : 7개 / USB C타입 : 1개 / [랜/오디오] 유선랜 칩셋 : Dragon RTL8125BG / 2.5Gbps / RJ-45 : 1개 / 무선랜(Wi-Fi) / 블루투스 / 오디오 칩셋 : Realtek ALC897 / 7.1채널(8ch) / [내부I/O] USB/팬 헤더 : USB3.0 헤더 , USB2.0 헤더 , USB3.0 Type C 헤더 , RGB 12V 4핀 헤더 , ARGB 5V 3핀 헤더 , CPU추가팬(OPT) 헤더 / 시스템팬 4핀 : 3개 / I/O 헤더 : TPM 헤더 , 프론트오디오AAFP 헤더 / [특징] DrMOS / 전원부 방열판 / M.2 히트싱크 / UEFI 닫기",https://img.danuri.io/catalog-image/325/341/074/72cf1428d9d14d2fbe0e93495333cee1.jpg?shrink=130:130&_v=20260921092639,https://prod.danawa.com/info/?pcode=74341325&cate=112751
597,ASRock,ASRock B850M 스틸레전드 WiFi 대원씨티에스,"237,800","AMD(소켓AM5) / AMD B850 / DDR5 / VGA 연결 : PCIe5.0 x16 / M-ATX (24.4x24.4cm) / 전원부 : 12+2+1페이즈 / 50A / Vcore출력합계 : 600 / [메모리] 8000MHz (PC5-64000) / 4개 / 메모리 용량 : 최대 256GB / XMP / EXPO / [확장슬롯] PCIe버전 : PCIe5.0 , PCIe4.0 / PCIex16 : 1개 / PCIex16(at x4) : 1개 / [저장장치] SATA3 : 4개 / M.2 : 3개 / M.2 연결 : PCIe5.0 , PCIe4.0 , PCIe , NVMe , PCIe 레인공유 / [후면단자] HDMI / DP / USB3.x 10Gbps / USB3.x 5Gbps / USB 2.0 / RJ-45 / 오디오잭 / BIOS플래시백 / USB A타입 : 7개 / USB C타입 : 1개 / [랜/오디오] 유선랜 칩셋 : Dragon RTL8125BG / 2.5Gbps / RJ-45 : 1개 / 무선랜(Wi-Fi) / 블루투스 / 오디오 칩셋 : Realtek ALC1220 / 7.1채널(8ch) / [내부I/O] USB/팬 헤더 : USB3.0 헤더 , USB2.0 헤더 , USB3.2 Type C 헤더 , RGB 12V 4핀 헤더 , ARGB 5V 3핀 헤더 , CPU추가팬(OPT) 헤더 / 시스템팬 4핀 : 3개 / I/O 헤더 : TPM 헤더 , 프론트오디오AAFP 헤더 , 온도 센서 / [특징] DrMOS / 전원부 방열판 / M.2 히트싱크 / 일체형IO실드 / LED라이트 / UEFI 닫기",https://img.danuri.io/catalog-image/688/704/077/cdfd3561e0f243a5849fd5632dbf3500.jpg?shrink=130:130&_v=20260921144449,https://prod.danawa.com/info/?pcode=77704688&cate=112751
598,ASRock,ASRock X870 Pro RS 디앤디컴,"283,330","AMD(소켓AM5) / AMD X870 / DDR5 / VGA 연결 : PCIe5.0 x16 / ATX (30.5x24.4cm) / 전원부 : 14+2+1페이즈 / 페이즈당80A / Vcore출력합계 : 1120A / [메모리] 8000MHz (PC5-64000) / 4개 / 메모리 용량 : 최대 256GB / EXPO / [확장슬롯] PCIe버전 : PCIe5.0 , PCIe4.0 / PCIex16 : 1개 / PCIex16(at x4) : 1개 / [저장장치] M.2 : 3개 / SATA3 : 4개 / M.2 연결 : PCIe5.0 , PCIe4.0 , PCIe , NVMe , PCIe 레인공유 / [후면단자] HDMI / Type-C / USB4 40Gbps / USB3.x 5Gbps / USB 2.0 / RJ-45 / S/PDIF / 오디오잭 / BIOS플래시백 / USB A타입 : 10개 / USB C타입 : 2개 / [랜/오디오] 유선랜 칩셋 : Dragon RTL8125BG / 2.5Gbps / RJ-45 : 1개 / M.2 Key-E(모듈별매) / 오디오 칩셋 : Realtek ALC1220 / 7.1채널(8ch) / [내부I/O] USB/팬 헤더 : USB3.0 헤더 , USB2.0 헤더 , USB3.2 Type C 헤더 , RGB 12V 4핀 헤더 , ARGB 5V 3핀 헤더 , CPU추가팬(OPT) 헤더 , 펌프전용 헤더 / 시스템팬 4핀 : 4개 / I/O 헤더 : 디버그LED , 프론트오디오AAFP 헤더 , 온도 센서 / [특징] DrMOS / 전원부 방열판 / M.2 히트싱크 / 일체형IO실드 / LED라이트 / UEFI 닫기",https://img.danuri.io/catalog-image/566/875/070/a7cefcd7fc434bee922e013e5774d456.jpg?shrink=130:130&_v=20260921092704,https://prod.danawa.com/info/?pcode=70875566&cate=112751
599,ASRock,ASRock B650M PG Lightning 디앤디컴,"114,000","AMD(소켓AM5) / AMD B650 / DDR5 / VGA 연결 : PCIe4.0 x16 / M-ATX (24.4x24.4cm) / 전원부 : 6+2+1페이즈 / 페이즈당50A / Vcore출력합계 : 300A / [메모리] 7200MHz (PC5-57600) / 4개 / 메모리 용량 : 최대 192GB / XMP3.0 / EXPO / [확장슬롯] PCIe버전 : PCIe4.0 , PCIe3.0 / PCIex16 : 1개 / PCIex16(at x4) : 1개 / [저장장치] M.2 : 3개 / SATA3 : 4개 / M.2 연결 : PCIe5.0 , PCIe4.0 , NVMe / [후면단자] HDMI / DP / USB3.x 10Gbps / USB3.x 5Gbps / USB 2.0 / RJ-45 / 오디오잭 / BIOS플래시백 / USB A타입 : 7개 / USB C타입 : 1개 / [랜/오디오] 유선랜 칩셋 : Realtek RTL8125BG / 2.5Gbps / RJ-45 : 1개 / M.2 Key-E(모듈별매) / 오디오 칩셋 : Realtek ALC897 / 7.1채널(8ch) / [내부I/O] USB/팬 헤더 : 썬더볼트4 헤더 , USB3.0 헤더 , USB2.0 헤더 , USB3.0 Type C 헤더 , RGB 12V 4핀 헤더 , ARGB 5V 3핀 헤더 , CPU추가팬(OPT) 헤더 / 시스템팬 4핀 : 3개 / I/O 헤더 : TPM 헤더 , 프론트오디오AAFP 헤더 / [특징] DrMOS / 전원부 방열판 / UEFI 닫기",https://img.danuri.io/catalog-image/775/908/029/e2a2eda651a240f3889fde4cdee56b6a.jpg?shrink=130:130&_v=20260921080404,https://prod.danawa.com/info/?pcode=29908775&cate=112751
600,ASRock,ASRock B850M-X R2.0 대원씨티에스,"158,540","AMD(소켓AM5) / AMD B850 / DDR5 / VGA 연결 : PCIe5.0 x16 / M-ATX (24.4x24.4cm) / 전원부 : 6+1+1페이즈 / 50A / Vcore출력합계 : 300 / [메모리] 8200MHz (PC5-65600) / 2개 / 메모리 용량 : 최대 128GB / XMP / EXPO / [확장슬롯] PCIe버전 : PCIe5.0 , PCIe4.0 / PCIex16 : 1개 / PCIex16(at x4) : 1개 / PCIex1 : 1개 / [저장장치] SATA3 : 4개 / M.2 : 2개 / M.2 연결 : PCIe5.0 , PCIe4.0 , PCIe , NVMe , PCIe 레인공유 , SATA 레인공유 / [후면단자] HDMI / DP / USB3.x 5Gbps / USB 2.0 / RJ-45 / 오디오잭 / BIOS플래시백 / USB A타입 : 5개 / USB C타입 : 1개 / [랜/오디오] 유선랜 칩셋 : Dragon RTL8125BG / 2.5Gbps / RJ-45 : 1개 / M.2 Key-E(모듈별매) / 오디오 칩셋 : Realtek ALC897 / 7.1채널(8ch) / [내부I/O] USB/팬 헤더 : USB3.0 헤더 , USB2.0 헤더 , USB3.0 Type C 헤더 , RGB 12V 4핀 헤더 , ARGB 5V 3핀 헤더 , CPU추가팬(OPT) 헤더 , 펌프전용 헤더 / 시스템팬 4핀 : 3개 / I/O 헤더 : TPM 헤더 , 프론트오디오AAFP 헤더 , 온도 센서 / [특징] DrMOS / 전원부 방열판 / M.2 히트싱크 / UEFI 닫기",https://img.danuri.io/catalog-image/738/556/079/fa9a7a309176498da13dd14841bac818.jpg?shrink=130:130&_v=20260921143818,https://prod.danawa.com/info/?pcode=79556738&cate=112751
601,ASRock,ASRock X870 Taichi Creator 에즈윈,"650,320","AMD(소켓AM5) / AMD X870 / DDR5 / VGA 연결 : PCIe5.0 x16 / ATX (30.5x24.4cm) / 전원부 : 18+2+1페이즈 / 페이즈당80A / Vcore출력합계 : 1440A / [메모리] 8000MHz (PC5-64000) / 4개 / 메모리 용량 : 최대 256GB / XMP / EXPO / [확장슬롯] PCIe버전 : PCIe5.0 , PCIe3.0 / PCIex16 : 1개(동시사용시x8) / PCIex16(at x8) : 1개 / PCIex16(at x4) : 1개 / CrossFire / [저장장치] M.2 : 4개 / SATA3 : 4개 / M.2 연결 : PCIe5.0 , PCIe4.0 , PCIe , NVMe , PCIe 레인공유 , USB4 레인공유 / [후면단자] HDMI / Type-C / USB4 40Gbps / USB3.x 10Gbps / USB3.x 5Gbps / USB 2.0 / RJ-45 / S/PDIF / 오디오잭 / BIOS플래시백 / 클리어CMOS / USB A타입 : 10개 / USB C타입 : 2개 / [랜/오디오] 유선랜 칩셋 : Aquantia AQC113 / 10Gbps / RJ-45 : 1개 / 무선랜(Wi-Fi) / 블루투스 / 오디오 칩셋 : Realtek ALC4082 / 7.1채널(8ch) / [내부I/O] USB/팬 헤더 : USB3.0 헤더 , USB2.0 헤더 , USB3.2 Type C 헤더 , RGB 12V 4핀 헤더 , ARGB 5V 3핀 헤더 , CPU추가팬(OPT) 헤더 , 펌프전용 헤더 / 시스템팬 4핀 : 4개 / I/O 헤더 : 디버그LED , 프론트오디오AAFP 헤더 , 온도 센서 / [특징] SPS(DrMOS) / 전원부 방열판 / M.2 히트싱크 / 일체형IO실드 / UEFI 닫기",https://img.danuri.io/catalog-image/254/415/098/ec7cc28a8386436ba48b71bff5a05965.jpg?shrink=130:130&_v=20260921080457,https://prod.danawa.com/info/?pcode=98415254&cate=112751
602,ASRock,ASRock B850 Challenger WiFi 7 White 에즈윈,"266,650","AMD(소켓AM5) / AMD B850 / DDR5 / VGA 연결 : PCIe5.0 x16 / ATX (30.5x24.4cm) / 전원부 : 12+2+1페이즈 / 페이즈당60A / Vcore출력합계 : 720A / [메모리] 8000MHz (PC5-64000) / 4개 / 메모리 용량 : 최대 256GB / XMP / EXPO / [확장슬롯] PCIe버전 : PCIe5.0 , PCIe4.0 / PCIex16 : 1개 / PCIex16(at x4) : 1개 / PCIex1 : 2개 / [저장장치] M.2 : 2개 / SATA3 : 4개 / M.2 연결 : PCIe5.0 , PCIe4.0 , NVMe / [후면단자] HDMI / USB3.x 10Gbps / USB3.x 5Gbps / USB 2.0 / RJ-45 / 오디오잭 / BIOS플래시백 / USB A타입 : 9개 / USB C타입 : 1개 / [랜/오디오] 유선랜 칩셋 : Dragon RTL8125BG / 2.5Gbps / RJ-45 : 1개 / 무선랜(Wi-Fi) / 블루투스 / 오디오 칩셋 : Realtek ALC897 / 7.1채널(8ch) / [내부I/O] USB/팬 헤더 : USB3.0 헤더 , USB2.0 헤더 , USB3.0 Type C 헤더 , RGB 12V 4핀 헤더 , ARGB 5V 3핀 헤더 , CPU추가팬(OPT) 헤더 , 펌프전용 헤더 / 시스템팬 4핀 : 3개 / I/O 헤더 : TPM 헤더 , 프론트오디오AAFP 헤더 / [특징] DrMOS / 전원부 방열판 / M.2 히트싱크 / 일체형IO실드 / UEFI 닫기",https://img.danuri.io/catalog-image/200/383/100/d42420b5fce043c78cbf5f08fab92323.jpg?shrink=130:130&_v=20260921080622,https://prod.danawa.com/info/?pcode=100383200&cate=112751
603,ASRock,ASRock X870 Pro-A WiFi 디앤디컴,"259,000","AMD(소켓AM5) / AMD X870 / DDR5 / VGA 연결 : PCIe5.0 x16 / ATX (30.5x24.4cm) / 전원부 : 16+2+1페이즈 / 페이즈당80A / Vcore출력합계 : 1280A / [메모리] 8000MHz (PC5-64000) / 4개 / 메모리 용량 : 최대 256GB / XMP / EXPO / [확장슬롯] PCIe버전 : PCIe5.0 , PCIe4.0 / PCIex16 : 1개 / PCIex16(at x4) : 1개 / PCIex16(at x1) : 2개 / [저장장치] M.2 : 3개 / SATA3 : 4개 / M.2 연결 : PCIe5.0 , PCIe4.0 , PCIe , NVMe , SATA 레인공유 / [후면단자] HDMI / Type-C / USB4 40Gbps / USB3.x 10Gbps / USB3.x 5Gbps / USB 2.0 / RJ-45 / 오디오잭 / BIOS플래시백 / USB A타입 : 7개 / USB C타입 : 2개 / [랜/오디오] 유선랜 칩셋 : Dragon RTL8125BG / 2.5Gbps / RJ-45 : 1개 / 무선랜(Wi-Fi) / 블루투스 / 오디오 칩셋 : Realtek ALC897 / 7.1채널(8ch) / [내부I/O] USB/팬 헤더 : USB3.0 헤더 , USB2.0 헤더 , USB3.0 Type C 헤더 , RGB 12V 4핀 헤더 , ARGB 5V 3핀 헤더 , CPU추가팬(OPT) 헤더 , 펌프전용 헤더 / 시스템팬 4핀 : 3개 / I/O 헤더 : TPM 헤더 , 프론트오디오AAFP 헤더 / [특징] DrMOS / 전원부 방열판 / M.2 히트싱크 / 일체형IO실드 / UEFI 닫기",https://img.danuri.io/catalog-image/935/224/097/c9bd367fbc344cfd99b7c00421c89419.jpg?shrink=130:130&_v=20260921082623,https://prod.danawa.com/info/?pcode=97224935&cate=112751
604,ASRock,ASRock B850 Challenger WiFi 7 대원씨티에스,"238,460","AMD(소켓AM5) / AMD B850 / DDR5 / VGA 연결 : PCIe5.0 x16 / ATX (30.5x24.4cm) / 전원부 : 12+2+1페이즈 / 60A / Vcore출력합계 : 720 / [메모리] 8000MHz (PC5-64000) / 4개 / 메모리 용량 : 최대 256GB / XMP / EXPO / [확장슬롯] PCIe버전 : PCIe5.0 , PCIe4.0 / PCIex16 : 1개 / PCIex16(at x4) : 1개 / PCIex1 : 2개 / [저장장치] SATA3 : 4개 / M.2 : 2개 / M.2 연결 : PCIe5.0 , PCIe4.0 , NVMe / [후면단자] HDMI / USB3.x 10Gbps / USB3.x 5Gbps / USB 2.0 / RJ-45 / 오디오잭 / BIOS플래시백 / USB A타입 : 9개 / USB C타입 : 1개 / [랜/오디오] 유선랜 칩셋 : Dragon RTL8125BG / 2.5Gbps / RJ-45 : 1개 / 무선랜(Wi-Fi) / 블루투스 / 오디오 칩셋 : Realtek ALC897 / 7.1채널(8ch) / [내부I/O] USB/팬 헤더 : USB3.0 헤더 , USB2.0 헤더 , USB3.2 Type C 헤더 , RGB 12V 4핀 헤더 , ARGB 5V 3핀 헤더 , CPU추가팬(OPT) 헤더 , 펌프전용 헤더 / 시스템팬 4핀 : 3개 / I/O 헤더 : TPM 헤더 , 프론트오디오AAFP 헤더 / [특징] DrMOS / 전원부 방열판 / M.2 히트싱크 / 일체형IO실드 / UEFI 닫기",https://img.danuri.io/catalog-image/418/702/097/e201c5bc8af04416b1b40520e869219c.jpg?shrink=130:130&_v=20260921080458,https://prod.danawa.com/info/?pcode=97702418&cate=112751
605,ASRock,ASRock B850M Pro-A WiFi 대원씨티에스,"185,000","AMD(소켓AM5) / AMD B850 / DDR5 / VGA 연결 : PCIe5.0 x16 / M-ATX (24.4x24.4cm) / 전원부 : 8+2+1페이즈 / 50A / Vcore출력합계 : 400 / [메모리] 8000MHz (PC5-64000) / 4개 / 메모리 용량 : 최대 256GB / XMP / EXPO / [확장슬롯] PCIe버전 : PCIe5.0 , PCIe4.0 / PCIex16 : 1개 / PCIex4 : 1개 / [저장장치] SATA3 : 4개 / M.2 : 3개 / M.2 연결 : PCIe5.0 , PCIe4.0 , NVMe , PCIe 레인공유 / [후면단자] HDMI / DP / USB3.x 10Gbps / USB3.x 5Gbps / USB 2.0 / RJ-45 / 오디오잭 / BIOS플래시백 / USB A타입 : 7개 / USB C타입 : 1개 / [랜/오디오] 유선랜 칩셋 : Dragon RTL8125BG / 2.5Gbps / RJ-45 : 1개 / 무선랜(Wi-Fi) / 블루투스 / 오디오 칩셋 : Realtek ALC897 / 7.1채널(8ch) / [내부I/O] USB/팬 헤더 : USB3.0 헤더 , USB2.0 헤더 , USB3.0 Type C 헤더 , RGB 12V 4핀 헤더 , ARGB 5V 3핀 헤더 , CPU추가팬(OPT) 헤더 / 시스템팬 4핀 : 3개 / I/O 헤더 : TPM 헤더 , 프론트오디오AAFP 헤더 / [특징] DrMOS / 전원부 방열판 / M.2 히트싱크 / UEFI 닫기",https://img.danuri.io/catalog-image/665/540/075/855aa2bf708143fc90d93bfc1a2ab1a0.jpg?shrink=130:130&_v=20260921143758,https://prod.danawa.com/info/?pcode=75540665&cate=112751
606,ASRock,ASRock B650M PG Riptide WiFi White 디앤디컴,"239,500","AMD(소켓AM5) / AMD B650 / DDR5 / VGA 연결 : PCIe4.0 x16 / M-ATX (24.4x24.4cm) / 전원부 : 12+2+1페이즈 / 페이즈당50A / Vcore출력합계 : 600A / [메모리] 7200MHz (PC5-57600) / 4개 / 메모리 용량 : 최대 192GB / XMP / EXPO / [확장슬롯] PCIe버전 : PCIe4.0 , PCIe3.0 / PCIex16 : 1개 / PCIex16(at x4) : 1개 / PCIex1 : 2개 / [저장장치] M.2 : 2개 / SATA3 : 4개 / M.2 연결 : PCIe5.0 , PCIe4.0 , NVMe / [후면단자] HDMI / DP / USB3.x 10Gbps / USB3.x 5Gbps / USB 2.0 / RJ-45 / 오디오잭 / BIOS플래시백 / USB A타입 : 7개 / USB C타입 : 1개 / [랜/오디오] 유선랜 칩셋 : Realtek RTL8125BG / 2.5Gbps / RJ-45 : 1개 / 무선랜(Wi-Fi) / 블루투스 / 오디오 칩셋 : Realtek ALC897 / 7.1채널(8ch) / [내부I/O] USB/팬 헤더 : 썬더볼트4 헤더 , USB3.0 헤더 , USB2.0 헤더 , USB3.0 Type C 헤더 , RGB 12V 4핀 헤더 , ARGB 5V 3핀 헤더 , 펌프전용 헤더 / 시스템팬 4핀 : 3개 / I/O 헤더 : TPM 헤더 / [특징] DrMOS / 전원부 방열판 / M.2 히트싱크 / 일체형IO실드 / LED라이트 / UEFI 닫기",https://img.danuri.io/catalog-image/363/269/063/c54fb91e5bfa49fb938dbef42aa5ca66.jpg?shrink=130:130&_v=20260921080444,https://prod.danawa.com/info/?pcode=63269363&cate=112751
607,ASRock,ASRock B850M Challenger WiFi 7 White 에즈윈,"232,810","AMD(소켓AM5) / AMD B850 / DDR5 / VGA 연결 : PCIe5.0 x16 / M-ATX (24.4x24.4cm) / 전원부 : 8+1+1페이즈 / [메모리] 8000MHz (PC5-64000) / 4개 / 메모리 용량 : 최대 256GB / XMP / EXPO / [확장슬롯] PCIe버전 : PCIe5.0 , PCIe4.0 / PCIex16 : 1개 / PCIex16(at x4) : 1개 / PCIex1 : 1개 / [저장장치] SATA3 : 4개 / M.2 : 2개 / M.2 연결 : PCIe5.0 , PCIe4.0 , NVMe / [후면단자] HDMI / USB3.x 10Gbps / USB3.x 5Gbps / USB 2.0 / RJ-45 / 오디오잭 / USB A타입 : 8개 / [랜/오디오] 유선랜 칩셋 : Dragon RTL8125BG / 2.5Gbps / RJ-45 : 1개 / 무선랜(Wi-Fi) / 블루투스 / 오디오 칩셋 : Realtek ALC897 / [내부I/O] USB/팬 헤더 : USB3.0 헤더 , USB2.0 헤더 , USB3.0 Type C 헤더 , RGB 12V 4핀 헤더 , ARGB 5V 3핀 헤더 , 펌프전용 헤더 / 시스템팬 4핀 : 3개 / I/O 헤더 : TPM 헤더 , 프론트오디오AAFP 헤더 / [특징] DrMOS / 전원부 방열판 / M.2 히트싱크 / 일체형IO실드 / UEFI 닫기",https://img.danuri.io/catalog-image/485/728/106/0506ffc64342419eb255d36880efb930.jpg?shrink=130:130&_v=20260921080609,https://prod.danawa.com/info/?pcode=106728485&cate=112751
608,ASRock,ASRock B850 스틸레전드 WiFi 에즈윈,"287,770","AMD(소켓AM5) / AMD B850 / DDR5 / VGA 연결 : PCIe5.0 x16 / ATX (30.5x24.4cm) / 전원부 : 14+2+1페이즈 / 페이즈당80A / Vcore출력합계 : 1120A / [메모리] 8000MHz (PC5-64000) / 4개 / 메모리 용량 : 최대 256GB / XMP / EXPO / [확장슬롯] PCIe버전 : PCIe5.0 , PCIe4.0 / PCIex16 : 1개 / PCIex16(at x4) : 1개 / [저장장치] M.2 : 4개 / SATA3 : 4개 / M.2 연결 : PCIe5.0 , PCIe4.0 , PCIe , NVMe , PCIe 레인공유 / [후면단자] HDMI / USB3.x 10Gbps / USB3.x 5Gbps / USB 2.0 / RJ-45 / 오디오잭 / BIOS플래시백 / USB A타입 : 9개 / USB C타입 : 2개 / [랜/오디오] 유선랜 칩셋 : Dragon RTL8125BG / 2.5Gbps / RJ-45 : 1개 / 무선랜(Wi-Fi) / 블루투스 / 오디오 칩셋 : Realtek ALC4082 / 7.1채널(8ch) / [내부I/O] USB/팬 헤더 : USB3.0 헤더 , USB2.0 헤더 , USB3.2 Type C 헤더 , RGB 12V 4핀 헤더 , ARGB 5V 3핀 헤더 , CPU추가팬(OPT) 헤더 , 펌프전용 헤더 / 시스템팬 4핀 : 3개 / I/O 헤더 : TPM 헤더 , 프론트오디오AAFP 헤더 , 온도 센서 / [특징] DrMOS / 전원부 방열판 / M.2 히트싱크 / 일체형IO실드 / LED라이트 / UEFI 닫기",https://img.danuri.io/catalog-image/937/278/077/c73b872dd6c44504b1d239133b5cf780.jpg?shrink=130:130&_v=20260921082723,https://prod.danawa.com/info/?pcode=77278937&cate=112751
609,ASRock,ASRock B850 Riptide WiFi 대원씨티에스,"295,200","AMD(소켓AM5) / AMD B850 / DDR5 / VGA 연결 : PCIe5.0 x16 / ATX (30.5x24.4cm) / 전원부 : 14+2+1페이즈 / 80A / Vcore출력합계 : 1120 / [메모리] 8000MHz (PC5-64000) / 4개 / 메모리 용량 : 최대 256GB / XMP / EXPO / [확장슬롯] PCIe버전 : PCIe5.0 , PCIe4.0 / PCIex16 : 1개 / PCIex4 : 1개 / [저장장치] SATA3 : 4개 / M.2 : 4개 / M.2 연결 : PCIe5.0 , PCIe4.0 , NVMe , PCIe 레인공유 / [후면단자] HDMI / USB3.x 10Gbps / USB3.x 5Gbps / USB 2.0 / RJ-45 / S/PDIF / 오디오잭 / BIOS플래시백 / USB A타입 : 9개 / USB C타입 : 2개 / [랜/오디오] 유선랜 칩셋 : Killer E3100G / 2.5Gbps / RJ-45 : 1개 / 무선랜(Wi-Fi) / 블루투스 / 오디오 칩셋 : Realtek ALC4082 / 7.1채널(8ch) / [내부I/O] USB/팬 헤더 : USB3.0 헤더 , USB2.0 헤더 , USB3.2 Type C 헤더 , RGB 12V 4핀 헤더 , ARGB 5V 3핀 헤더 , CPU추가팬(OPT) 헤더 , 펌프전용 헤더 / 시스템팬 4핀 : 3개 / I/O 헤더 : TPM 헤더 , 프론트오디오AAFP 헤더 , 온도 센서 / [특징] DrMOS / 전원부 방열판 / M.2 히트싱크 / LED라이트 / UEFI 닫기",https://img.danuri.io/catalog-image/557/250/074/930f95739c1b44299c33058614007d2d.jpg?shrink=130:130&_v=20260921143803,https://prod.danawa.com/info/?pcode=74250557&cate=112751
610,ASRock,ASRock B850M Pro RS + WiFi6E 모듈 패키지 디앤디컴,"237,900","AMD(소켓AM5) / AMD B850 / DDR5 / VGA 연결 : PCIe5.0 x16 / M-ATX (24.4x24.4cm) / 전원부 : 8+2+1페이즈 / 페이즈당60A / Vcore출력합계 : 480A / [메모리] 8000MHz (PC5-64000) / 4개 / 메모리 용량 : 최대 256GB / XMP / EXPO / [확장슬롯] PCIe버전 : PCIe5.0 , PCIe4.0 / PCIex16 : 1개 / PCIex4 : 1개 / [저장장치] M.2 : 3개 / SATA3 : 4개 / M.2 연결 : PCIe5.0 , PCIe4.0 , NVMe , PCIe 레인공유 , SATA 레인공유 / [후면단자] HDMI / DP / USB3.x 10Gbps / USB3.x 5Gbps / USB 2.0 / RJ-45 / 오디오잭 / BIOS플래시백 / USB A타입 : 7개 / USB C타입 : 1개 / [랜/오디오] 유선랜 칩셋 : Dragon RTL8125BG / 2.5Gbps / RJ-45 : 1개 / 무선랜(Wi-Fi) / 블루투스 / 오디오 칩셋 : Realtek ALC897 / 7.1채널(8ch) / [내부I/O] USB/팬 헤더 : USB3.0 헤더 , USB2.0 헤더 , USB3.0 Type C 헤더 , RGB 12V 4핀 헤더 , ARGB 5V 3핀 헤더 , CPU추가팬(OPT) 헤더 / 시스템팬 4핀 : 3개 / I/O 헤더 : TPM 헤더 , 프론트오디오AAFP 헤더 / [특징] DrMOS / 전원부 방열판 / M.2 히트싱크 / 일체형IO실드 / UEFI 닫기",https://img.danuri.io/catalog-image/680/534/078/5db4bd95e7c04ff2ba6dffcfdc883fac.jpg?shrink=130:130&_v=20260921085903,https://prod.danawa.com/info/?pcode=78534680&cate=112751
611,ASRock,ASRock B850M Pro-A 대원씨티에스,"229,000","AMD(소켓AM5) / AMD B850 / DDR5 / VGA 연결 : PCIe5.0 x16 / M-ATX (24.4x24.4cm) / 전원부 : 8+2+1페이즈 / 50A / Vcore출력합계 : 400 / [메모리] 8000MHz (PC5-64000) / 4개 / 메모리 용량 : 최대 256GB / XMP / EXPO / [확장슬롯] PCIe버전 : PCIe5.0 , PCIe4.0 / PCIex16 : 1개 / PCIex4 : 1개 / [저장장치] SATA3 : 4개 / M.2 : 3개 / M.2 연결 : PCIe5.0 , PCIe4.0 , NVMe , PCIe 레인공유 / [후면단자] HDMI / DP / USB3.x 10Gbps / USB3.x 5Gbps / USB 2.0 / RJ-45 / 오디오잭 / BIOS플래시백 / USB A타입 : 7개 / USB C타입 : 1개 / [랜/오디오] 유선랜 칩셋 : Dragon RTL8125BG / 2.5Gbps / RJ-45 : 1개 / M.2 Key-E(모듈별매) / 오디오 칩셋 : Realtek ALC897 / 7.1채널(8ch) / [내부I/O] USB/팬 헤더 : USB3.0 헤더 , USB2.0 헤더 , USB3.0 Type C 헤더 , RGB 12V 4핀 헤더 , ARGB 5V 3핀 헤더 , CPU추가팬(OPT) 헤더 / 시스템팬 4핀 : 3개 / I/O 헤더 : TPM 헤더 , 프론트오디오AAFP 헤더 / [특징] DrMOS / 전원부 방열판 / M.2 히트싱크 / UEFI 닫기",https://img.danuri.io/catalog-image/754/538/075/595cb5eeedd84446b505a9c0236876f1.jpg?shrink=130:130&_v=20260921144559,https://prod.danawa.com/info/?pcode=75538754&cate=112751
612,ASRock,ASRock B650M-HDV/M.2 에즈윈,"184,710","AMD(소켓AM5) / AMD B650 / DDR5 / VGA 연결 : PCIe4.0 x16 / M-ATX (24.4x22.6cm) / 전원부 : 8+2+1페이즈 / 페이즈당50A / Vcore출력합계 : 400A / [메모리] 7200MHz (PC5-57600) / 2개 / 메모리 용량 : 최대 96GB / XMP / EXPO / [확장슬롯] PCIe버전 : PCIe4.0 / PCIex16 : 1개 / PCIex16(at x4) : 1개 / PCIex1 : 1개 / [저장장치] M.2 : 2개 / SATA3 : 4개 / M.2 연결 : PCIe5.0 , PCIe4.0 , NVMe / [후면단자] HDMI / DP / USB3.x 5Gbps / USB 2.0 / RJ-45 / 오디오잭 / BIOS플래시백 / USB A타입 : 6개 / USB C타입 : 1개 / [랜/오디오] 유선랜 칩셋 : Realtek Dragon RTL8125BG / 2.5Gbps / RJ-45 : 1개 / M.2 Key-E(모듈별매) / 오디오 칩셋 : Realtek ALC897 / 7.1채널(8ch) / [내부I/O] USB/팬 헤더 : 썬더볼트4 헤더 , USB3.0 헤더 , USB2.0 헤더 , USB3.1 Type C 헤더 / 시스템팬 4핀 : 3개 / I/O 헤더 : TPM 헤더 / [특징] SPS(DrMOS) / 전원부 방열판 / M.2 히트싱크 / UEFI 닫기",https://img.danuri.io/catalog-image/692/536/019/3da369db4a0144979ffd67fc8b0a2823.jpg?shrink=130:130&_v=20260921080456,https://prod.danawa.com/info/?pcode=19536692&cate=112751
613,ASRock,ASRock B650 Pro RS 에즈윈,"329,000","AMD(소켓AM5) / AMD B650 / DDR5 / VGA 연결 : PCIe4.0 x16 / ATX (30.5x24.4cm) / 전원부 : 14+2+1페이즈 / 페이즈당60A / Vcore출력합계 : 840A / [메모리] 6200MHz (PC5-49600) / 4개 / 메모리 용량 : 최대 128GB / XMP / EXPO / [확장슬롯] PCIe버전 : PCIe4.0 , PCIe3.0 / PCIex16 : 1개 / PCIex16(at x4) : 1개 / PCIex1 : 1개 / [저장장치] M.2 : 3개 / SATA3 : 4개 / M.2 연결 : PCIe5.0 , PCIe4.0 , NVMe , SATA / [후면단자] HDMI / DP / USB3.x 10Gbps / USB3.x 5Gbps / USB 2.0 / RJ-45 / 오디오잭 / USB A타입 : 9개 / USB C타입 : 1개 / [랜/오디오] 유선랜 칩셋 : Realtek Dragon RTL8125BG / 2.5Gbps / RJ-45 : 1개 / M.2 Key-E(모듈별매) / 오디오 칩셋 : Realtek ALC897 / 7.1채널(8ch) / [내부I/O] USB/팬 헤더 : 썬더볼트4 헤더 , USB3.0 헤더 , USB2.0 헤더 , USB3.2 Type C 헤더 , RGB 12V 4핀 헤더 , ARGB 5V 3핀 헤더 / 시스템팬 4핀 : 4개 / I/O 헤더 : TPM 헤더 / [특징] SPS(DrMOS) / 전원부 방열판 / M.2 히트싱크 / LED라이트 / UEFI 닫기",https://img.danuri.io/catalog-image/247/971/017/add821db69fb4720b8fe520bed6c8a7c.jpg?shrink=130:130&_v=20260921080457,https://prod.danawa.com/info/?pcode=17971247&cate=112751
614,ASRock,ASRock X870 Pro RS 대원씨티에스,"278,000","AMD(소켓AM5) / AMD X870 / DDR5 / VGA 연결 : PCIe5.0 x16 / ATX (30.5x24.4cm) / 전원부 : 14+2+1페이즈 / 페이즈당80A / Vcore출력합계 : 1120A / [메모리] 8000MHz (PC5-64000) / 4개 / 메모리 용량 : 최대 256GB / EXPO / [확장슬롯] PCIe버전 : PCIe5.0 , PCIe4.0 / PCIex16 : 1개 / PCIex16(at x4) : 1개 / [저장장치] M.2 : 3개 / SATA3 : 4개 / M.2 연결 : PCIe5.0 , PCIe4.0 , PCIe , NVMe , PCIe 레인공유 / [후면단자] HDMI / Type-C / USB4 40Gbps / USB3.x 5Gbps / USB 2.0 / RJ-45 / S/PDIF / 오디오잭 / BIOS플래시백 / USB A타입 : 10개 / USB C타입 : 2개 / [랜/오디오] 유선랜 칩셋 : Dragon RTL8125BG / 2.5Gbps / RJ-45 : 1개 / M.2 Key-E(모듈별매) / 오디오 칩셋 : Realtek ALC1220 / 7.1채널(8ch) / [내부I/O] USB/팬 헤더 : USB3.0 헤더 , USB2.0 헤더 , USB3.2 Type C 헤더 , RGB 12V 4핀 헤더 , ARGB 5V 3핀 헤더 , CPU추가팬(OPT) 헤더 , 펌프전용 헤더 / 시스템팬 4핀 : 4개 / I/O 헤더 : 디버그LED , 프론트오디오AAFP 헤더 , 온도 센서 / [특징] DrMOS / 전원부 방열판 / M.2 히트싱크 / 일체형IO실드 / LED라이트 / UEFI 닫기",https://img.danuri.io/catalog-image/145/242/068/7c9ce20757584c90963344ea652e15fd.jpg?shrink=130:130&_v=20260921080458,https://prod.danawa.com/info/?pcode=68242145&cate=112751
615,ASRock,ASRock B650M Pro X3D WiFi 대원씨티에스,"171,590","AMD(소켓AM5) / AMD B650 / DDR5 / VGA 연결 : PCIe5.0 x16 / M-ATX (24.4x24.4cm) / 전원부 : 8+2+1페이즈 / 60A / Vcore출력합계 : 480A / 메모리 8000MHz (PC5-64000) / 4개 / 메모리 용량 : 최대 256GB / XMP / EXPO / [확장슬롯] PCIe버전 : PCIe5.0 , PCIe4.0 / PCIex16 : 1개 / PCIex4 : 1개 / 저장장치 SATA3 : 4개 / M.2 : 3개 / M.2 연결 : PCIe5.0 , PCIe4.0 , NVMe / 후면단자 HDMI / DP / USB3.x 10Gbps / USB3.x 5Gbps / USB 2.0 / RJ-45 / 오디오잭 / BIOS플래시백 / USB A타입 : 7개 / USB C타입 : 1개 / 랜/오디오 유선랜 칩셋 : Dragon RTL8125BG / 2.5Gbps / RJ-45 : 1개 / 무선랜(Wi-Fi) / 블루투스 / 오디오 칩셋 : Realtek ALC897 / 7.1채널(8ch) / 내부I/O USB/팬 헤더 : USB3.0 헤더 , USB2.0 헤더 , USB3.0 Type C 헤더 , RGB 12V 4핀 헤더 , ARGB 5V 3핀 헤더 , CPU추가팬(OPT) 헤더 / 시스템팬 4핀 : 3개 / I/O 헤더 : TPM 헤더 , 프론트오디오AAFP 헤더 / 특징 DrMOS / 전원부 방열판 / M.2 히트싱크 / LED라이트 / UEFI 닫기",https://img.danuri.io/catalog-image/833/702/093/f0df350b42754e63afec6774b3a720ec.jpg?shrink=130:130&_v=20260921072708,https://prod.danawa.com/info/?pcode=93702833&cate=112751
616,ASRock,ASRock X870 Riptide WiFi 대원씨티에스,"315,590","AMD(소켓AM5) / AMD X870 / DDR5 / VGA 연결 : PCIe5.0 x16 / ATX (30.5x24.4cm) / 전원부 : 14+2+1페이즈 / 페이즈당80A / Vcore출력합계 : 1120A / [메모리] 8000MHz (PC5-64000) / 4개 / 메모리 용량 : 최대 256GB / EXPO / [확장슬롯] PCIe버전 : PCIe5.0 , PCIe4.0 / PCIex16 : 1개 / PCIex16(at x4) : 1개 / [저장장치] M.2 : 3개 / SATA3 : 4개 / M.2 연결 : PCIe5.0 , PCIe4.0 , PCIe , NVMe , PCIe 레인공유 / [후면단자] HDMI / Type-C / USB4 40Gbps / USB3.x 10Gbps / USB3.x 5Gbps / USB 2.0 / RJ-45 / S/PDIF / 오디오잭 / BIOS플래시백 / USB A타입 : 9개 / USB C타입 : 2개 / [랜/오디오] 유선랜 칩셋 : Killer E3100G / 2.5Gbps / RJ-45 : 1개 / 무선랜(Wi-Fi) / 블루투스 / 오디오 칩셋 : Realtek ALC4082 / 7.1채널(8ch) / [내부I/O] USB/팬 헤더 : USB3.0 헤더 , USB2.0 헤더 , USB3.2 Type C 헤더 , RGB 12V 4핀 헤더 , ARGB 5V 3핀 헤더 , CPU추가팬(OPT) 헤더 , 펌프전용 헤더 / 시스템팬 4핀 : 3개 / I/O 헤더 : 프론트오디오AAFP 헤더 , 온도 센서 / [특징] SPS(DrMOS) / 전원부 방열판 / M.2 히트싱크 / 일체형IO실드 / LED라이트 / UEFI 닫기",https://img.danuri.io/catalog-image/040/541/075/dd826e43879d48aa8eb5da93defa3054.jpg?shrink=130:130&_v=20260921080622,https://prod.danawa.com/info/?pcode=75541040&cate=112751
617,ASRock,ASRock B650 PG Lightning + WiFi6E 모듈 패키지 디앤디컴,"354,790","AMD(소켓AM5) / AMD B650 / DDR5 / VGA 연결 : PCIe4.0 x16 / ATX (30.5x24.4cm) / 전원부 : 14+2+1페이즈 / 페이즈당60A / Vcore출력합계 : 840A / [메모리] 6400MHz (PC5-51200) / 4개 / 메모리 용량 : 최대 128GB / XMP / EXPO / [확장슬롯] PCIe버전 : PCIe4.0 / PCIex16 : 1개 / PCIex16(at x2) : 1개 / PCIex1 : 1개 / [저장장치] M.2 : 3개 / SATA3 : 4개 / M.2 연결 : PCIe5.0 , PCIe4.0 , NVMe / [후면단자] HDMI / USB3.x 20Gbps / USB3.x 5Gbps / USB 2.0 / RJ-45 / 오디오잭 / USB A타입 : 11개 / USB C타입 : 1개 / [랜/오디오] 유선랜 칩셋 : Realtek Dragon RTL8125BG / 2.5Gbps / RJ-45 : 1개 / M.2 Key-E(모듈별매) / 오디오 칩셋 : Realtek ALC897 / 7.1채널(8ch) / [내부I/O] USB/팬 헤더 : USB3.0 헤더 , USB2.0 헤더 , USB3.1 Type C 헤더 , RGB 12V 4핀 헤더 , ARGB 5V 3핀 헤더 / 시스템팬 4핀 : 4개 / I/O 헤더 : TPM 헤더 / [특징] SPS(DrMOS) / 전원부 방열판 / M.2 히트싱크 / UEFI 닫기",https://img.danuri.io/catalog-image/354/649/019/25f8580d9c1b493289520cbede06f554.jpg?shrink=130:130&_v=20260920080519,https://prod.danawa.com/info/?pcode=19649354&cate=112751
618,ASRock,ASRock B650 PG Lightning 디앤디컴,"323,750","AMD(소켓AM5) / AMD B650 / DDR5 / VGA 연결 : PCIe4.0 x16 / ATX (30.5x24.4cm) / 전원부 : 14+2+1페이즈 / 페이즈당60A / Vcore출력합계 : 840A / [메모리] 7200MHz (PC5-57600) / 4개 / 메모리 용량 : 최대 192GB / XMP / EXPO / [확장슬롯] PCIe버전 : PCIe4.0 / PCIex16 : 1개 / PCIex16(at x2) : 1개 / PCIex1 : 1개 / [저장장치] M.2 : 3개 / SATA3 : 4개 / M.2 연결 : PCIe5.0 , PCIe4.0 , NVMe / [후면단자] HDMI / USB3.x 20Gbps / USB3.x 5Gbps / USB 2.0 / RJ-45 / 오디오잭 / USB A타입 : 11개 / USB C타입 : 1개 / [랜/오디오] 유선랜 칩셋 : Realtek Dragon RTL8125BG / 2.5Gbps / RJ-45 : 1개 / M.2 Key-E(모듈별매) / 오디오 칩셋 : Realtek ALC897 / 7.1채널(8ch) / [내부I/O] USB/팬 헤더 : USB3.0 헤더 , USB2.0 헤더 , USB3.1 Type C 헤더 , RGB 12V 4핀 헤더 , ARGB 5V 3핀 헤더 / 시스템팬 4핀 : 4개 / I/O 헤더 : TPM 헤더 / [특징] SPS(DrMOS) / 전원부 방열판 / M.2 히트싱크 / UEFI / 23년 9월부로 지원메모리 용량&속도 확장 닫기",https://img.danuri.io/catalog-image/196/971/017/361100ae311f493aa75589f5dc018233.jpg?shrink=130:130&_v=20260920080509,https://prod.danawa.com/info/?pcode=17971196&cate=112751
619,ASRock,ASRock B650M Pro X3D WiFi 에즈윈,"178,990","AMD(소켓AM5) / AMD B650 / DDR5 / VGA 연결 : PCIe5.0 x16 / M-ATX (24.4x24.4cm) / 전원부 : 8+2+1페이즈 / [메모리] 8000MHz (PC5-64000) / 4개 / 메모리 용량 : 최대 256GB / EXPO / [확장슬롯] PCIe버전 : PCIe5.0 , PCIe4.0 / PCIex16 : 1개 / PCIex4 : 1개 / [저장장치] M.2 : 3개 / SATA3 : 4개 / M.2 연결 : PCIe5.0 , PCIe4.0 , NVMe , PCIe 레인공유 / [후면단자] HDMI / DP / USB3.x 10Gbps / USB3.x 5Gbps / USB 2.0 / RJ-45 / 오디오잭 / BIOS플래시백 / USB A타입 : 7개 / USB C타입 : 1개 / [랜/오디오] 유선랜 칩셋 : Dragon RTL8125BG / 2.5Gbps / RJ-45 : 1개 / 무선랜(Wi-Fi) / 블루투스 / 오디오 칩셋 : Realtek ALC897 / 7.1채널(8ch) / [내부I/O] USB/팬 헤더 : USB3.0 헤더 , USB2.0 헤더 , USB3.2 Type C 헤더 , USB3.0 Type C 헤더 , RGB 12V 4핀 헤더 , ARGB 5V 3핀 헤더 , CPU추가팬(OPT) 헤더 / 시스템팬 4핀 : 3개 / I/O 헤더 : TPM 헤더 , 프론트오디오AAFP 헤더 / [특징] DrMOS / 전원부 방열판 / M.2 히트싱크 / 일체형IO실드 / LED라이트 / UEFI 닫기",https://img.danuri.io/catalog-image/309/317/093/8d09d66cc89c4a84ab25331f45fe6efb.jpg?shrink=130:130&_v=20260919080431,https://prod.danawa.com/info/?pcode=93317309&cate=112751
620,ASRock,ASRock B850 LiveMixer WiFi 대원씨티에스,"282,970","AMD(소켓AM5) / AMD B850 / DDR5 / VGA 연결 : PCIe5.0 x16 / ATX (30.5x24.4cm) / 전원부 : 14+2+1페이즈 / 80A / Vcore출력합계 : 1120 / [메모리] 8000MHz (PC5-64000) / 4개 / 메모리 용량 : 최대 256GB / XMP / EXPO / [확장슬롯] PCIe버전 : PCIe5.0 , PCIe4.0 / PCIex16 : 1개 / PCIex16(at x4) : 2개 / [저장장치] SATA3 : 2개 / M.2 : 3개 / M.2 연결 : PCIe5.0 , PCIe4.0 , NVMe / [후면단자] HDMI / DP / USB3.x 20Gbps / USB3.x 10Gbps / USB3.x 5Gbps / USB 2.0 / RJ-45 / S/PDIF / 오디오잭 / BIOS플래시백 / USB A타입 : 13개 / USB C타입 : 1개 / [랜/오디오] 유선랜 칩셋 : Dragon RTL8125BG / 2.5Gbps / RJ-45 : 1개 / 무선랜(Wi-Fi) / 블루투스 / 오디오 칩셋 : Realtek ALC1220 / 7.1채널(8ch) / [내부I/O] USB/팬 헤더 : USB3.0 헤더 , USB2.0 헤더 , USB3.2 Type C 헤더 , RGB 12V 4핀 헤더 , ARGB 5V 3핀 헤더 , CPU추가팬(OPT) 헤더 , 펌프전용 헤더 / 시스템팬 4핀 : 3개 / I/O 헤더 : TPM 헤더 , 프론트오디오AAFP 헤더 , 온도 센서 / [특징] DrMOS / 전원부 방열판 / M.2 히트싱크 / 일체형IO실드 / LED라이트 / UEFI 닫기",https://img.danuri.io/catalog-image/353/250/074/0a3c3c12fcec474c93d4c49ed7240783.jpg?shrink=130:130&_v=20260921080443,https://prod.danawa.com/info/?pcode=74250353&cate=112751
621,ASRock,ASRock X870 Pro RS WiFi 대원씨티에스,"314,000","AMD(소켓AM5) / AMD X870 / DDR5 / VGA 연결 : PCIe5.0 x16 / ATX (30.5x24.4cm) / 전원부 : 14+2+1페이즈 / 80A / Vcore출력합계 : 1120 / 메모리 8000MHz (PC5-64000) / 4개 / 메모리 용량 : 최대 256GB / EXPO / 확장슬롯 PCIe버전 : PCIe5.0 , PCIe4.0 / PCIex16 : 1개 / PCIex16(at x4) : 1개 / 저장장치 SATA3 : 4개 / M.2 : 3개 / M.2 연결 : PCIe5.0 , PCIe4.0 , PCIe , NVMe , PCIe 레인공유 / 후면단자 HDMI / Type-C / USB4 40Gbps / USB3.x 5Gbps / USB 2.0 / RJ-45 / S/PDIF / 오디오잭 / BIOS플래시백 / USB A타입 : 10개 / USB C타입 : 2개 / 랜/오디오 유선랜 칩셋 : Dragon RTL8125BG / 2.5Gbps / RJ-45 : 1개 / 무선랜(Wi-Fi) / 블루투스 / 오디오 칩셋 : Realtek ALC1220 / 7.1채널(8ch) / 내부I/O USB/팬 헤더 : USB3.0 헤더 , USB2.0 헤더 , USB3.2 Type C 헤더 , RGB 12V 4핀 헤더 , ARGB 5V 3핀 헤더 , CPU추가팬(OPT) 헤더 , 펌프전용 헤더 / 시스템팬 4핀 : 4개 / I/O 헤더 : 디버그LED , 프론트오디오AAFP 헤더 , 온도 센서 / 특징 DrMOS / 전원부 방열판 / M.2 히트싱크 / 일체형IO실드 / LED라이트 / UEFI 닫기",https://img.danuri.io/catalog-image/124/242/068/cc2b2ae6dac64a40b6d565b048347495.jpg?shrink=130:130&_v=20260921122704,https://prod.danawa.com/info/?pcode=68242124&cate=112751
622,ASRock,ASRock B650 Pro RS 디앤디컴,"379,000","AMD(소켓AM5) / AMD B650 / DDR5 / VGA 연결 : PCIe4.0 x16 / ATX (30.5x24.4cm) / 전원부 : 14+2+1페이즈 / 페이즈당60A / Vcore출력합계 : 840A / [메모리] 7200MHz (PC5-57600) / 4개 / 메모리 용량 : 최대 192GB / XMP / EXPO / [확장슬롯] PCIe버전 : PCIe4.0 , PCIe3.0 / PCIex16 : 1개 / PCIex16(at x4) : 1개 / PCIex1 : 1개 / [저장장치] M.2 : 3개 / SATA3 : 4개 / M.2 연결 : PCIe5.0 , PCIe4.0 , NVMe , SATA / [후면단자] HDMI / DP / USB3.x 10Gbps / USB3.x 5Gbps / USB 2.0 / RJ-45 / 오디오잭 / USB A타입 : 9개 / USB C타입 : 1개 / [랜/오디오] 유선랜 칩셋 : Realtek Dragon RTL8125BG / 2.5Gbps / RJ-45 : 1개 / M.2 Key-E(모듈별매) / 오디오 칩셋 : Realtek ALC897 / 7.1채널(8ch) / [내부I/O] USB/팬 헤더 : 썬더볼트4 헤더 , USB3.0 헤더 , USB2.0 헤더 , USB3.2 Type C 헤더 , RGB 12V 4핀 헤더 , ARGB 5V 3핀 헤더 / 시스템팬 4핀 : 4개 / I/O 헤더 : TPM 헤더 / [특징] SPS(DrMOS) / 전원부 방열판 / M.2 히트싱크 / LED라이트 / UEFI / 23년 9월부로 지원메모리 용량&속도 확장 닫기",https://img.danuri.io/catalog-image/202/971/017/f5f9461951f64f60b061a4ecc1e42316.jpg?shrink=130:130&_v=20260920080509,https://prod.danawa.com/info/?pcode=17971202&cate=112751
623,ASRock,ASRock B650M PG Riptide 에즈윈,"299,000","AMD(소켓AM5) / AMD B650 / DDR5 / VGA 연결 : PCIe4.0 x16 / M-ATX (24.4x24.4cm) / 전원부 : 12+2+1페이즈 / 페이즈당50A / Vcore출력합계 : 600A / [메모리] 7200MHz (PC5-57600) / 4개 / 메모리 용량 : 최대 192GB / XMP3.0 / EXPO / [확장슬롯] PCIe버전 : PCIe4.0 , PCIe3.0 / PCIex16 : 1개 / PCIex16(at x4) : 1개 / PCIex1 : 2개 / CrossFire / [저장장치] M.2 : 2개 / SATA3 : 4개 / M.2 연결 : PCIe5.0 , PCIe4.0 , NVMe / [후면단자] HDMI / DP / USB3.x 10Gbps / USB3.x 5Gbps / USB 2.0 / RJ-45 / 오디오잭 / USB A타입 : 7개 / USB C타입 : 1개 / [랜/오디오] 유선랜 칩셋 : Realtek Dragon RTL8125BG / 2.5Gbps / RJ-45 : 1개 / 오디오 칩셋 : Realtek ALC897 / 7.1채널(8ch) / [내부I/O] USB/팬 헤더 : 썬더볼트4 헤더 , USB3.0 헤더 , USB2.0 헤더 , USB3.0 Type C 헤더 , RGB 12V 4핀 헤더 , ARGB 5V 3핀 헤더 / 시스템팬 4핀 : 3개 / I/O 헤더 : TPM 헤더 / [특징] SPS(DrMOS) / 전원부 방열판 / M.2 히트싱크 / LED라이트 / UEFI / 23년 11월부로 지원메모리 용량&속도 확장 닫기",https://img.danuri.io/catalog-image/253/971/017/7ba7bd1de8d345c6a825360a83469421.jpg?shrink=130:130&_v=20260921080454,https://prod.danawa.com/info/?pcode=17971253&cate=112751
624,ASRock,ASRock X870 Pro RS WiFi 디앤디컴,"324,000","AMD(소켓AM5) / AMD X870 / DDR5 / VGA 연결 : PCIe5.0 x16 / ATX (30.5x24.4cm) / 전원부 : 14+2+1페이즈 / 페이즈당80A / Vcore출력합계 : 1120A / [메모리] 8000MHz (PC5-64000) / 4개 / 메모리 용량 : 최대 256GB / XMP / EXPO / [확장슬롯] PCIe버전 : PCIe5.0 , PCIe4.0 / PCIex16 : 1개 / PCIex16(at x4) : 1개 / [저장장치] M.2 : 3개 / SATA3 : 4개 / M.2 연결 : PCIe5.0 , PCIe4.0 , PCIe , NVMe , PCIe 레인공유 / [후면단자] HDMI / Type-C / USB4 40Gbps / USB3.x 5Gbps / USB 2.0 / RJ-45 / S/PDIF / 오디오잭 / BIOS플래시백 / USB A타입 : 10개 / USB C타입 : 2개 / [랜/오디오] 유선랜 칩셋 : Dragon RTL8125BG / 2.5Gbps / RJ-45 : 1개 / 무선랜(Wi-Fi) / 블루투스 / 오디오 칩셋 : Realtek ALC1220 / 7.1채널(8ch) / [내부I/O] USB/팬 헤더 : USB3.0 헤더 , USB2.0 헤더 , USB3.2 Type C 헤더 , RGB 12V 4핀 헤더 , ARGB 5V 3핀 헤더 , CPU추가팬(OPT) 헤더 , 펌프전용 헤더 / 시스템팬 4핀 : 4개 / I/O 헤더 : 디버그LED , 프론트오디오AAFP 헤더 , 온도 센서 / [특징] DrMOS / 전원부 방열판 / M.2 히트싱크 / 일체형IO실드 / LED라이트 / UEFI 닫기",https://img.danuri.io/catalog-image/686/410/079/75048ffed71246549f3026e6caaf245e.jpg?shrink=130:130&_v=20260921080441,https://prod.danawa.com/info/?pcode=79410686&cate=112751
625,ASRock,ASRock B650M PG Lightning + WiFi6E 모듈 패키지 에즈윈,"197,910","AMD(소켓AM5) / AMD B650 / DDR5 / VGA 연결 : PCIe4.0 x16 / M-ATX (24.4x24.4cm) / 전원부 : 6+2+1페이즈 / 페이즈당50A / Vcore출력합계 : 300A / [메모리] 7200MHz (PC5-57600) / 4개 / 메모리 용량 : 최대 192GB / XMP3.0 / EXPO / [확장슬롯] PCIe버전 : PCIe4.0 , PCIe3.0 / PCIex16 : 1개 / PCIex16(at x4) : 1개 / [저장장치] M.2 : 3개 / SATA3 : 4개 / M.2 연결 : PCIe5.0 , PCIe4.0 , NVMe / [후면단자] HDMI / DP / USB3.x 10Gbps / USB3.x 5Gbps / USB 2.0 / RJ-45 / 오디오잭 / BIOS플래시백 / USB A타입 : 7개 / USB C타입 : 1개 / [랜/오디오] 유선랜 칩셋 : Realtek RTL8125BG / 2.5Gbps / RJ-45 : 1개 / 무선랜(Wi-Fi) / 블루투스 / 오디오 칩셋 : Realtek ALC897 / 7.1채널(8ch) / [내부I/O] USB/팬 헤더 : 썬더볼트4 헤더 , USB3.0 헤더 , USB2.0 헤더 , USB3.0 Type C 헤더 , RGB 12V 4핀 헤더 , ARGB 5V 3핀 헤더 , CPU추가팬(OPT) 헤더 / 시스템팬 4핀 : 3개 / I/O 헤더 : TPM 헤더 , 프론트오디오AAFP 헤더 / [특징] DrMOS / 전원부 방열판 / UEFI 닫기",https://img.danuri.io/catalog-image/283/622/030/87315b5863664b37a22deac27d21dbda.jpg?shrink=130:130&_v=20260921062543,https://prod.danawa.com/info/?pcode=30622283&cate=112751
626,ASRock,ASRock B650E PG Riptide WiFi 대원씨티에스,"355,100","AMD(소켓AM5) / AMD B650E / DDR5 / VGA 연결 : PCIe5.0 x16 / ATX (30.5x24.4cm) / 전원부 : 14+2+1페이즈 / 페이즈당60A / Vcore출력합계 : 840A / [메모리] 7600MHz (PC5-60800) / 4개 / 메모리 용량 : 최대 192GB / XMP / EXPO / [확장슬롯] PCIe버전 : PCIe5.0 , PCIe4.0 , PCIe3.0 / PCIex16 : 1개 / PCIex16(at x4) : 1개 / PCIex1 : 1개 / CrossFire / [저장장치] M.2 : 3개 / SATA3 : 4개 / M.2 연결 : PCIe5.0 , PCIe4.0 , NVMe , SATA / [후면단자] HDMI / USB3.x 10Gbps / USB3.x 5Gbps / USB 2.0 / RJ-45 / 오디오잭 / USB A타입 : 9개 / USB C타입 : 1개 / [랜/오디오] 유선랜 칩셋 : Killer E3100G / 2.5Gbps / RJ-45 : 1개 / 무선랜(Wi-Fi) / 블루투스 / 오디오 칩셋 : Realtek ALC897 / 7.1채널(8ch) / [내부I/O] USB/팬 헤더 : 썬더볼트4 헤더 , USB3.0 헤더 , USB2.0 헤더 , USB3.2 Type C 헤더 , RGB 12V 4핀 헤더 , ARGB 5V 3핀 헤더 / 시스템팬 4핀 : 4개 / I/O 헤더 : TPM 헤더 / [특징] SPS(DrMOS) / 전원부 방열판 / M.2 히트싱크 / UEFI / 24년 1월부로 지원메모리 속도 및 용량 확장 닫기",https://img.danuri.io/catalog-image/478/007/018/b0c4608f75524c6082eea7ff1268e0d2.jpg?shrink=130:130&_v=20260920080635,https://prod.danawa.com/info/?pcode=18007478&cate=112751
627,ASRock,ASRock B650M PG Lightning WiFi 디앤디컴,"170,000","AMD(소켓AM5) / AMD B650 / DDR5 / VGA 연결 : PCIe4.0 x16 / M-ATX (24.4x24.4cm) / 전원부 : 6+2+1페이즈 / 페이즈당50A / Vcore출력합계 : 300A / [메모리] 7200MHz (PC5-57600) / 4개 / 메모리 용량 : 최대 192GB / XMP3.0 / EXPO / [확장슬롯] PCIe버전 : PCIe4.0 , PCIe3.0 / PCIex16 : 1개 / PCIex16(at x4) : 1개 / [저장장치] M.2 : 3개 / SATA3 : 4개 / M.2 연결 : PCIe5.0 , PCIe4.0 , NVMe / [후면단자] HDMI / DP / USB3.x 10Gbps / USB3.x 5Gbps / USB 2.0 / RJ-45 / 오디오잭 / BIOS플래시백 / USB A타입 : 7개 / USB C타입 : 1개 / [랜/오디오] 유선랜 칩셋 : Realtek RTL8125BG / 2.5Gbps / RJ-45 : 1개 / 무선랜(Wi-Fi) / 블루투스 / 오디오 칩셋 : Realtek ALC897 / 7.1채널(8ch) / [내부I/O] USB/팬 헤더 : 썬더볼트4 헤더 , USB3.0 헤더 , USB2.0 헤더 , USB3.0 Type C 헤더 , RGB 12V 4핀 헤더 , ARGB 5V 3핀 헤더 , CPU추가팬(OPT) 헤더 / 시스템팬 4핀 : 3개 / I/O 헤더 : TPM 헤더 , 프론트오디오AAFP 헤더 / [특징] DrMOS / 전원부 방열판 / UEFI 닫기",https://img.danuri.io/catalog-image/996/742/046/fa4eb29c10484657b6e8acc0ad8dc709.jpg?shrink=130:130&_v=20260915080515,https://prod.danawa.com/info/?pcode=46742996&cate=112751
628,ASRock,ASRock B650 Pro RS + WiFi6E 모듈 패키지 디앤디컴,"379,320","AMD(소켓AM5) / AMD B650 / DDR5 / VGA 연결 : PCIe4.0 x16 / ATX (30.5x24.4cm) / 전원부 : 14+2+1페이즈 / 페이즈당60A / Vcore출력합계 : 840A / [메모리] 6200MHz (PC5-49600) / 4개 / 메모리 용량 : 최대 128GB / XMP / EXPO / [확장슬롯] PCIe버전 : PCIe4.0 , PCIe3.0 / PCIex16 : 1개 / PCIex16(at x4) : 1개 / PCIex1 : 1개 / [저장장치] M.2 : 3개 / SATA3 : 4개 / M.2 연결 : PCIe5.0 , PCIe4.0 , NVMe , SATA / [후면단자] HDMI / DP / USB3.x 10Gbps / USB3.x 5Gbps / USB 2.0 / RJ-45 / 오디오잭 / USB A타입 : 9개 / USB C타입 : 1개 / [랜/오디오] 유선랜 칩셋 : Realtek Dragon RTL8125BG / 2.5Gbps / RJ-45 : 1개 / M.2 Key-E(모듈별매) / 오디오 칩셋 : Realtek ALC897 / 7.1채널(8ch) / [내부I/O] USB/팬 헤더 : 썬더볼트4 헤더 , USB3.0 헤더 , USB2.0 헤더 , USB3.2 Type C 헤더 , RGB 12V 4핀 헤더 , ARGB 5V 3핀 헤더 / 시스템팬 4핀 : 4개 / I/O 헤더 : TPM 헤더 / [특징] SPS(DrMOS) / 전원부 방열판 / M.2 히트싱크 / LED라이트 / UEFI 닫기",https://img.danuri.io/catalog-image/718/648/019/82e3bed0acb9470e9d99a3c6e2265130.jpg?shrink=130:130&_v=20260919080523,https://prod.danawa.com/info/?pcode=19648718&cate=112751
629,ASRock,ASRock B650E 스틸레전드 WiFi 대원씨티에스,"438,970","AMD(소켓AM5) / AMD B650E / DDR5 / VGA 연결 : PCIe5.0 x16 / ATX (30.5x24.4cm) / 전원부 : 16+2+1페이즈 / 페이즈당60A / Vcore출력합계 : 960A / [메모리] 7600MHz (PC5-60800) / 4개 / 메모리 용량 : 최대 192GB / XMP / EXPO / [확장슬롯] PCIe버전 : PCIe5.0 , PCIe3.0 / PCIex16 : 1개 / PCIex16(at x4) : 1개 / CrossFire / [저장장치] M.2 : 3개 / SATA3 : 2개 / M.2 연결 : PCIe5.0 , PCIe4.0 , NVMe / [후면단자] HDMI / DP / USB3.x 10Gbps / USB3.x 5Gbps / USB 2.0 / RJ-45 / S/PDIF / 오디오잭 / USB A타입 : 7개 / USB C타입 : 1개 / [랜/오디오] 유선랜 칩셋 : Realtek Dragon RTL8125BG / 2.5Gbps / RJ-45 : 1개 / 무선랜(Wi-Fi) / 블루투스 / 오디오 칩셋 : Realtek ALC897 / 7.1채널(8ch) / [내부I/O] USB/팬 헤더 : 썬더볼트4 헤더 , USB3.0 헤더 , USB2.0 헤더 , USB3.2 Type C 헤더 , RGB 12V 4핀 헤더 , ARGB 5V 3핀 헤더 / I/O 헤더 : TPM 헤더 / [특징] SPS(DrMOS) / 전원부 방열판 / M.2 히트싱크 / LED라이트 / UEFI / 24년 1월부로 지원메모리 속도 및 용량 확장 닫기",https://img.danuri.io/catalog-image/499/007/018/86d10233d3c64ce0bac8aa1ce5aa9110.jpg?shrink=130:130&_v=20260920080505,https://prod.danawa.com/info/?pcode=18007499&cate=112751
630,ASRock,ASRock B650M Pro X3D + WiFi6E 모듈 패키지 디앤디컴,"160,630","AMD(소켓AM5) / AMD B650 / DDR5 / VGA 연결 : PCIe5.0 x16 / M-ATX (24.4x24.4cm) / 전원부 : 8+2+1페이즈 / 60A / Vcore출력합계 : 480A / 메모리 8000MHz (PC5-64000) / 4개 / 메모리 용량 : 최대 256GB / XMP / EXPO / 확장슬롯 PCIe버전 : PCIe5.0 , PCIe4.0 / PCIex16 : 1개 / PCIex4 : 1개 / 저장장치 SATA3 : 4개 / M.2 : 3개 / M.2 연결 : PCIe5.0 , PCIe4.0 , NVMe / 후면단자 HDMI / DP / USB3.x 10Gbps / USB3.x 5Gbps / USB 2.0 / RJ-45 / 오디오잭 / BIOS플래시백 / USB A타입 : 7개 / USB C타입 : 1개 / 랜/오디오 유선랜 칩셋 : Dragon RTL8125BG / 2.5Gbps / RJ-45 : 1개 / 무선랜(Wi-Fi) / 블루투스 / 오디오 칩셋 : Realtek ALC897 / 7.1채널(8ch) / 내부I/O USB/팬 헤더 : USB3.0 헤더 , USB2.0 헤더 , USB3.0 Type C 헤더 , RGB 12V 4핀 헤더 , ARGB 5V 3핀 헤더 , CPU추가팬(OPT) 헤더 / 시스템팬 4핀 : 3개 / I/O 헤더 : TPM 헤더 , 프론트오디오AAFP 헤더 / 특징 DrMOS / 전원부 방열판 / M.2 히트싱크 / LED라이트 / UEFI 닫기",https://img.danuri.io/catalog-image/326/678/122/1a7f19e4594d43efa5b833272b10280b.jpeg?shrink=130:130&_v=20260921125014,https://prod.danawa.com/info/?pcode=122678326&cate=112751
631,ASRock,ASRock B650M PRO-A Gen5 대원씨티에스,"128,130","AMD(소켓AM5) / AMD B650 / DDR5 / VGA 연결 : PCIe5.0 x16 / M-ATX (24.4x24.4cm) / 전원부 : 8+2+1페이즈 / 60A / Vcore출력합계 : 480A / 메모리 8000MHz (PC5-64000) / 4개 / 메모리 용량 : 최대 256GB / XMP / EXPO / 확장슬롯 PCIe버전 : PCIe5.0 , PCIe4.0 / PCIex16 : 1개 / PCIex4 : 1개 / 저장장치 SATA3 : 4개 / M.2 : 3개 / M.2 연결 : PCIe5.0 , PCIe4.0 , NVMe / 후면단자 HDMI / DP / USB3.x 10Gbps / USB3.x 5Gbps / USB 2.0 / RJ-45 / 오디오잭 / BIOS플래시백 / USB A타입 : 7개 / USB C타입 : 1개 / 랜/오디오 유선랜 칩셋 : Dragon RTL8125BG / 2.5Gbps / RJ-45 : 1개 / M.2 Key-E(모듈별매) / 오디오 칩셋 : Realtek ALC897 / 7.1채널(8ch) / 내부I/O USB/팬 헤더 : USB3.0 헤더 , USB2.0 헤더 , USB3.0 Type C 헤더 , RGB 12V 4핀 헤더 , ARGB 5V 3핀 헤더 , CPU추가팬(OPT) 헤더 / 시스템팬 4핀 : 3개 / I/O 헤더 : TPM 헤더 , 프론트오디오AAFP 헤더 / 특징 DrMOS / 전원부 방열판 / M.2 히트싱크 / LED라이트 / UEFI 닫기",https://img.danuri.io/catalog-image/502/699/122/bc355a55d8f64280ae41e5ea0b448a81.jpeg?shrink=130:130&_v=20260921144438,https://prod.danawa.com/info/?pcode=122699502&cate=112751
632,ASRock,ASRock A620AM-X 디앤디컴,"98,390","AMD(소켓AM5) / AMD A620A / DDR5 / VGA 연결 : PCIe4.0 x16 / 전원부 : 6+1+1페이즈 / 페이즈당50A / Vcore출력합계 : 300A / [메모리] 8000MHz (PC5-64000) / 2개 / 메모리 용량 : 최대 128GB / XMP / EXPO / [확장슬롯] PCIe버전 : PCIe4.0 , PCIe3.0 / PCIex16 : 1개 / PCIex1 : 2개 / [저장장치] M.2 : 2개 / SATA3 : 4개 / M.2 연결 : PCIe4.0 , NVMe / [후면단자] HDMI / DP / USB3.x 5Gbps / USB 2.0 / RJ-45 / 오디오잭 / BIOS플래시백 / USB A타입 : 5개 / USB C타입 : 1개 / [랜/오디오] 유선랜 칩셋 : Dragon RTL8125BG / 2.5Gbps / RJ-45 : 1개 / M.2 Key-E(모듈별매) / 오디오 칩셋 : Realtek ALC897 / 7.1채널(8ch) / [내부I/O] USB/팬 헤더 : USB3.0 헤더 , USB2.0 헤더 , USB3.0 Type C 헤더 , RGB 12V 4핀 헤더 , ARGB 5V 3핀 헤더 / 시스템팬 4핀 : 3개 / I/O 헤더 : TPM 헤더 , 프론트오디오AAFP 헤더 / [특징] DrMOS / 전원부 방열판 / UEFI 닫기",https://img.danuri.io/catalog-image/507/506/090/1995afa31ceb470e8d3d46ecf771486f.jpg?shrink=130:130&_v=20260921080622,https://prod.danawa.com/info/?pcode=90506507&cate=112751
633,ASRock,ASRock A620AM-HVS + WiFi6E 랜카드 패키지 디앤디컴,"123,000","AMD(소켓AM5) / AMD A620A / DDR5 / VGA 연결 : PCIe4.0 x16 / M-ATX (24.4x22.9cm) / 전원부 : 4+1+1페이즈 / [메모리] 6800MHz (PC5-54400) / 2개 / 메모리 용량 : 최대 128GB / XMP / EXPO / [확장슬롯] PCIe버전 : PCIe4.0 , PCIe3.0 / PCIex16 : 1개 / PCIex1 : 2개 / M.2 : 2개 / SATA3 : 2개 / M.2 연결 : PCIe4.0 , NVMe / [후면단자] HDMI / D-SUB / USB3.x 5Gbps / USB 2.0 / RJ-45 / 오디오잭 / BIOS플래시백 / USB A타입 : 8개 / [랜/오디오] 유선랜 칩셋 : Realtek RTL8111H / 1Gbps / RJ-45 : 1개 / 무선랜(Wi-Fi) / 블루투스 / 오디오 칩셋 : Realtek ALC897 / 7.1채널(8ch) / [내부I/O] USB/팬 헤더 : USB3.0 헤더 , USB2.0 헤더 , USB3.0 Type C 헤더 , RGB 12V 4핀 헤더 , ARGB 5V 3핀 헤더 / I/O 헤더 : 프론트오디오AAFP 헤더 / [특징] DrMOS 닫기",https://img.danuri.io/catalog-image/679/081/094/16eecf8e47b24af389a01cef6f790447.jpg?shrink=130:130&_v=20260921080458,https://prod.danawa.com/info/?pcode=94081679&cate=112751
634,ASRock,ASRock B650M PG Riptide WiFi White 디앤디컴 (중고),"211,680","AMD(소켓AM5) / DDR5 / AMD B650 / VGA 연결 : PCIe4.0 x16 / M-ATX (24.4x24.4cm) / 전원부 : 12+2+1페이즈 / 페이즈당50A / Vcore출력합계 : 600A / [메모리] 7200MHz (PC5-57600) / 4개 / 메모리 용량 : 최대 192GB / XMP / EXPO / [확장슬롯] PCIe버전 : PCIe4.0 , PCIe3.0 / PCIex16 : 1개 / PCIex16(at x4) : 1개 / PCIex1 : 2개 / [저장장치] M.2 : 2개 / SATA3 : 4개 / M.2 연결 : PCIe5.0 , PCIe4.0 , NVMe / [후면단자] HDMI / DP / USB3.x 10Gbps / USB3.x 5Gbps / USB 2.0 / RJ-45 / 오디오잭 / BIOS플래시백 / USB A타입 : 7개 / USB C타입 : 1개 / [랜/오디오] 유선랜 칩셋 : Realtek RTL8125BG / 2.5Gbps / RJ-45 : 1개 / 무선랜(Wi-Fi) / 블루투스 / 오디오 칩셋 : Realtek ALC897 / 7.1채널(8ch) / [내부I/O] USB/팬 헤더 : 썬더볼트4 헤더 , USB3.0 헤더 , USB2.0 헤더 , USB3.0 Type C 헤더 , RGB 12V 4핀 헤더 , ARGB 5V 3핀 헤더 , 펌프전용 헤더 / 시스템팬 4핀 : 3개 / I/O 헤더 : TPM 헤더 / [특징] DrMOS / 전원부 방열판 / M.2 히트싱크 / 일체형IO실드 / LED라이트 / UEFI 닫기",https://img.danuri.io/catalog-image/482/998/094/05adc6f781fc4ae699f32532e0c0e9ed.jpg?shrink=130:130&_v=20260921080442,https://prod.danawa.com/info/?pcode=94998482&cate=112751
635,ASRock,ASRock A620AM-X + WiFi6E 랜카드 패키지 디앤디컴,"180,700","AMD(소켓AM5) / AMD A620A / DDR5 / VGA 연결 : PCIe4.0 x16 / 전원부 : 6+1+1페이즈 / 페이즈당50A / Vcore출력합계 : 300A / [메모리] 8000MHz (PC5-64000) / 2개 / 메모리 용량 : 최대 128GB / XMP / EXPO / [확장슬롯] PCIe버전 : PCIe4.0 , PCIe3.0 / PCIex16 : 1개 / PCIex1 : 2개 / [저장장치] M.2 : 2개 / SATA3 : 4개 / M.2 연결 : PCIe4.0 , NVMe / [후면단자] HDMI / DP / USB3.x 5Gbps / USB 2.0 / RJ-45 / 오디오잭 / BIOS플래시백 / USB A타입 : 5개 / USB C타입 : 1개 / [랜/오디오] 유선랜 칩셋 : Dragon RTL8125BG / 2.5Gbps / RJ-45 : 1개 / 무선랜(Wi-Fi) / 블루투스 / 오디오 칩셋 : Realtek ALC897 / 7.1채널(8ch) / [내부I/O] USB/팬 헤더 : USB3.0 헤더 , USB2.0 헤더 , USB3.0 Type C 헤더 , RGB 12V 4핀 헤더 , ARGB 5V 3핀 헤더 / 시스템팬 4핀 : 3개 / I/O 헤더 : TPM 헤더 , 프론트오디오AAFP 헤더 / [특징] DrMOS / 전원부 방열판 / UEFI 닫기",https://img.danuri.io/catalog-image/583/081/094/c606057376464adcac1acb2604f2fbc9.jpg?shrink=130:130&_v=20260920080524,https://prod.danawa.com/info/?pcode=94081583&cate=112751
636,ASRock,ASRock B560M PRO4 에즈윈,"226,000","인텔 B560 / 인텔(소켓1200) / DDR4 / VGA 연결 : PCIe4.0 x16 / M-ATX (24.4x24.4cm) / 전원부 : 8페이즈 / [메모리] 4800MHz (PC4-38400) / 4개 / 메모리 용량 : 최대 128GB / XMP / 옵테인 / PCIe버전 : PCIe4.0 , PCIe3.0 , PCIe / PCIex16 : 2개 / PCIex1 : 1개 / CrossFire X / [저장장치] M.2 : 3개 / SATA3 : 6개 / M.2 연결 : PCIe4.0 , PCIe , NVMe , SATA / [후면단자] HDMI / DP / USB3.x 5Gbps / USB 2.0 / RJ-45 / 오디오잭 / PS/2 / USB A타입 : 6개 / [랜/오디오] 유선랜 칩셋 : Intel I219V / 1Gbps / RJ-45 : 1개 / M.2 Key-E(모듈별매) / 오디오 칩셋 : Realtek ALC897 / 7.1채널(8ch) / [내부I/O] USB/팬 헤더 : 썬더볼트4 헤더 , USB3.0 헤더 , USB2.0 헤더 , USB3.0 Type C 헤더 , RGB 12V 4핀 헤더 , ARGB 5V 3핀 헤더 / 시스템팬 4핀 : 3개 / I/O 헤더 : TPM 헤더 / [특징] M.2 히트싱크 / LED라이트 / UEFI 닫기",https://img.danuri.io/catalog-image/171/289/013/edd78f3f1b4643188f7202ec94a0f0cb.jpg?shrink=130:130&_v=20260921080444,https://prod.danawa.com/info/?pcode=13289171&cate=112751
637,ASRock,ASRock B560M-HDV/M.2 디앤디컴,"156,000","인텔 B560 / 인텔(소켓1200) / DDR4 / VGA 연결 : PCIe4.0 x16 / M-ATX (22.6x18.8cm) / 전원부 : 5페이즈 / 4000MHz (PC4-32000) / 2개 / 메모리 용량 : 최대 64GB / XMP / [확장슬롯] PCIe버전 : PCIe4.0 , PCIe3.0 / PCIex16 : 1개 / PCIex1 : 1개 / [저장장치] M.2 : 1개 / SATA3 : 4개 / M.2 연결 : PCIe , NVMe / [후면단자] HDMI / DVI / D-SUB / USB3.x 5Gbps / USB 2.0 / RJ-45 / 오디오잭 / PS/2 / [랜/오디오] 유선랜 칩셋 : Intel I219V / 1Gbps / RJ-45 : 1개 / 오디오 칩셋 : Realtek ALC897 / 7.1채널(8ch) / [내부I/O] USB/팬 헤더 : USB3.0 헤더 , USB2.0 헤더 , CPU추가팬(OPT) 헤더 / 시스템팬 4핀 : 1개 / I/O 헤더 : TPM 헤더 / [특징] UEFI 닫기",https://img.danuri.io/catalog-image/957/754/019/55a5ac7faf604437bc7199b950e52cf4.jpg?shrink=130:130&_v=20260921080443,https://prod.danawa.com/info/?pcode=19754957&cate=112751
638,ASRock,ASRock B560 PRO4 에즈윈,"246,000","인텔 B560 / 인텔(소켓1200) / DDR4 / VGA 연결 : PCIe4.0 x16 / ATX (30.5x24.4cm) / 전원부 : 8페이즈 / [메모리] 4800MHz (PC4-38400) / 4개 / 메모리 용량 : 최대 128GB / XMP / 옵테인 / PCIe버전 : PCIe4.0 , PCIe3.0 , PCIe / PCIex16 : 2개 / PCIex1 : 2개 / [저장장치] M.2 : 3개 / SATA3 : 6개 / M.2 연결 : PCIe4.0 , PCIe , NVMe , SATA / [후면단자] HDMI / DP / USB3.x 5Gbps / USB 2.0 / RJ-45 / 오디오잭 / PS/2 / USB A타입 : 6개 / [랜/오디오] 유선랜 칩셋 : Intel I219V / 1Gbps / RJ-45 : 1개 / M.2 Key-E(모듈별매) / 오디오 칩셋 : Realtek ALC897 / 7.1채널(8ch) / [내부I/O] USB/팬 헤더 : USB3.0 헤더 , USB2.0 헤더 , USB3.0 Type C 헤더 , RGB 12V 4핀 헤더 , ARGB 5V 3핀 헤더 / 시스템팬 4핀 : 5개 / I/O 헤더 : TPM 헤더 / [특징] M.2 히트싱크 / LED라이트 / UEFI 닫기",https://img.danuri.io/catalog-image/012/289/013/17e971cf53ac4f028fa2cce91ea89952.jpg?shrink=130:130&_v=20260921080442,https://prod.danawa.com/info/?pcode=13289012&cate=112751
639,ASRock,ASRock H510M-HDV/M.2 SE 디앤디컴,"103,360","인텔 H470 / 인텔(소켓1200) / DDR4 / VGA 연결 : PCIe4.0 x16 / M-ATX (23.1x19.8cm) / 전원부 : 5페이즈 / 페이즈당50A / [메모리] 3200MHz (PC4-25600) / 2개 / 메모리 용량 : 최대 64GB / XMP / [확장슬롯] PCIe버전 : PCIe4.0 , PCIe3.0 / PCIex16 : 1개 / PCIex1 : 1개 / [저장장치] M.2 : 1개 / SATA3 : 4개 / M.2 연결 : PCIe , NVMe / [후면단자] HDMI / DVI / D-SUB / USB3.x 5Gbps / USB 2.0 / RJ-45 / 오디오잭 / PS/2 / USB A타입 : 6개 / [랜/오디오] 유선랜 칩셋 : Realtek 8111H / 1Gbps / RJ-45 : 1개 / 오디오 칩셋 : Realtek ALC897 / [내부I/O] USB/팬 헤더 : USB3.0 헤더 , USB2.0 헤더 , CPU추가팬(OPT) 헤더 / 시스템팬 4핀 : 2개 / I/O 헤더 : TPM 헤더 , 프론트오디오AAFP 헤더 , 침입감지 헤더 , COM포트 헤더 / [특징] UEFI 닫기",https://img.danuri.io/catalog-image/934/372/067/4b0c45e0d861444ebcb3b2ec5e1a8690.jpg?shrink=130:130&_v=20260921142828,https://prod.danawa.com/info/?pcode=67372934&cate=112751
640,ASRock,ASRock B760M Pro-A/D4 에즈윈,"129,200","인텔(소켓1700) / 인텔 B760 / DDR4 / VGA 연결 : PCIe4.0 x16 / M-ATX (24.4x24.4cm) / 전원부 : 7+1+1페이즈 / 60A / Vcore출력합계 : 420 / 메모리 5333MHz (PC4-42600) / 4개 / 메모리 용량 : 최대 128GB / XMP / 확장슬롯 PCIe버전 : PCIe4.0 / PCIex16 : 1개 / PCIex16(at x4) : 1개 / PCIex1 : 1개 / CrossFire / 저장장치 SATA3 : 4개 / M.2 : 2개 / M.2 연결 : PCIe4.0 , NVMe / 후면단자 HDMI / DP / USB3.x 5Gbps / USB 2.0 / RJ-45 / 오디오잭 / PS/2 / USB A타입 : 5개 / USB C타입 : 1개 / 랜/오디오 유선랜 칩셋 : Realtek RTL8125BG / 2.5Gbps / RJ-45 : 1개 / 오디오 칩셋 : Realtek ALC897 / 7.1채널(8ch) / 내부I/O USB/팬 헤더 : 썬더볼트4 헤더 , USB3.0 헤더 , USB2.0 헤더 , USB3.0 Type C 헤더 , RGB 12V 4핀 헤더 , ARGB 5V 3핀 헤더 / 시스템팬 4핀 : 4개 / I/O 헤더 : TPM 헤더 / 특징 DrMOS / 전원부 방열판 / M.2 히트싱크 / LED라이트 / UEFI 닫기",https://img.danuri.io/catalog-image/313/483/109/19f032f5518749fa8a1174130bfb33da.jpg?shrink=130:130&_v=20260921135024,https://prod.danawa.com/info/?pcode=109483313&cate=112751
641,ASRock,ASRock H610M-H2/M.2 D4 에즈윈,"73,250","인텔 H610 / 인텔(소켓1700) / DDR4 / VGA 연결 : PCIe4.0 x16 / M-ATX (22.0x19.3cm) / 전원부 : 3+1+1페이즈 / [메모리] 3200MHz (PC4-25600) / 2개 / 메모리 용량 : 최대 64GB / XMP / [확장슬롯] PCIe버전 : PCIe4.0 , PCIe3.0 / PCIex16 : 1개 / PCIex1 : 1개 / [저장장치] M.2 : 1개 / SATA3 : 4개 / M.2 연결 : PCIe , NVMe / [후면단자] HDMI / USB3.x 5Gbps / USB 2.0 / RJ-45 / 오디오잭 / PS/2 / USB A타입 : 6개 / [랜/오디오] 유선랜 칩셋 : Realtek 8111H / 1Gbps / RJ-45 : 1개 / 오디오 칩셋 : Realtek ALC897/887 / [내부I/O] USB/팬 헤더 : USB3.0 헤더 , USB2.0 헤더 / 시스템팬 4핀 : 1개 / I/O 헤더 : TPM 헤더 , 프론트오디오AAFP 헤더 , 침입감지 헤더 닫기",https://img.danuri.io/catalog-image/343/432/058/dab9c8d9bd5a4c5089c5c37a0df27ebc.jpg?shrink=130:130&_v=20260921090354,https://prod.danawa.com/info/?pcode=58432343&cate=112751
642,ASRock,ASRock B760M-HDVP D5 에즈윈 (벌크),"120,320","인텔(소켓1700) / 인텔 B760 / DDR5 / VGA 연결 : PCIe5.0 x16 / M-ATX (24.4x19.8cm) / 전원부 : 7+1+1페이즈 / 메모리 7000MHz (PC5-56000) / 2개 / 메모리 용량 : 최대 96GB / XMP3.0 / 확장슬롯 PCIe버전 : PCIe5.0 , PCIe4.0 , PCI / PCIex16 : 1개 / PCIex1 : 2개 / PCI : 1개 / 저장장치 SATA3 : 4개 / M.2 : 2개 / M.2 연결 : PCIe4.0 , NVMe / 후면단자 HDMI / DP / DVI / D-SUB / USB3.x 5Gbps / USB 2.0 / RJ-45 / 오디오잭 / PS/2 / 시리얼포트 / USB A타입 : 6개 / 랜/오디오 유선랜 칩셋 : Realtek / 1Gbps / RJ-45 : 1개 / 오디오 칩셋 : Realtek ALC897 / 7.1채널(8ch) / 내부I/O USB/팬 헤더 : USB3.0 헤더 , USB2.0 헤더 , CPU추가팬(OPT) 헤더 / 시스템팬 4핀 : 1개 / I/O 헤더 : TPM 헤더 , 프론트오디오AAFP 헤더 , COM포트 헤더 , LPT포트 헤더 / 특징 M.2 히트싱크 / UEFI 닫기",https://img.danuri.io/catalog-image/331/536/020/438b111333464c47abc42106fe03cd75.jpg?shrink=130:130&_v=20260921080457,https://prod.danawa.com/info/?pcode=20536331&cate=112751
643,ASRock,ASRock H610M-H2/M.2 D5 디앤디컴,"76,300","인텔 H610 / 인텔(소켓1700) / DDR5 / VGA 연결 : PCIe4.0 x16 / M-ATX (22.0x19.3cm) / 전원부 : 3+1+1페이즈 / [메모리] 5600MHz (PC5-44800) / 2개 / 메모리 용량 : 최대 96GB / XMP3.0 / [확장슬롯] PCIe버전 : PCIe4.0 , PCIe3.0 / PCIex16 : 1개 / PCIex1 : 1개 / [저장장치] M.2 : 1개 / SATA3 : 4개 / M.2 연결 : PCIe , NVMe / [후면단자] HDMI / USB3.x 5Gbps / USB 2.0 / RJ-45 / 오디오잭 / PS/2 / USB A타입 : 6개 / [랜/오디오] 유선랜 칩셋 : Realtek 8111H / 1Gbps / RJ-45 : 1개 / 오디오 칩셋 : Realtek ALC897/887 / [내부I/O] 시스템팬 4핀 : 1개 / I/O 헤더 : TPM 헤더 , 프론트오디오AAFP 헤더 , 침입감지 헤더 닫기",https://img.danuri.io/catalog-image/691/183/028/fb35e79ac482475088177fbce81c20b5.jpg?shrink=130:130&_v=20260921095803,https://prod.danawa.com/info/?pcode=28183691&cate=112751
644,ASRock,ASRock H610M-HDV/M.2 R2.0 D4 디앤디컴,"89,570","인텔 H610 / 인텔(소켓1700) / DDR4 / VGA 연결 : PCIe4.0 x16 / M-ATX (22.0x19.3cm) / 전원부 : 7페이즈 / [메모리] 3200MHz (PC4-25600) / 2개 / 메모리 용량 : 최대 64GB / XMP / [확장슬롯] PCIe버전 : PCIe4.0 , PCIe3.0 / PCIex16 : 1개 / PCIex1 : 1개 / [저장장치] M.2 : 1개 / SATA3 : 4개 / M.2 연결 : PCIe , NVMe / [후면단자] HDMI / DP / D-SUB / USB3.x 5Gbps / USB 2.0 / RJ-45 / 오디오잭 / PS/2 / USB A타입 : 6개 / [랜/오디오] 유선랜 칩셋 : Realtek RTL8111H / 1Gbps / RJ-45 : 1개 / 오디오 칩셋 : Realtek ALC897/887 / 7.1채널(8ch) / [내부I/O] USB/팬 헤더 : USB3.0 헤더 , USB2.0 헤더 / 시스템팬 4핀 : 1개 / I/O 헤더 : TPM 헤더 / [특징] UEFI 닫기",https://img.danuri.io/catalog-image/948/792/017/2a15ee78c71f410e8a25289c9ea7d083.jpg?shrink=130:130&_v=20260921110259,https://prod.danawa.com/info/?pcode=17792948&cate=112751
645,ASRock,ASRock H610M-H2/M.2 D4 인텍앤컴퍼니,"76,000","인텔 H610 / 인텔(소켓1700) / DDR4 / VGA 연결 : PCIe4.0 x16 / M-ATX (22.0x19.3cm) / 전원부 : 3+1+1페이즈 / [메모리] 3200MHz (PC4-25600) / 2개 / 메모리 용량 : 최대 64GB / XMP / [확장슬롯] PCIe버전 : PCIe4.0 , PCIe3.0 / PCIex16 : 1개 / PCIex1 : 1개 / [저장장치] M.2 : 1개 / SATA3 : 4개 / M.2 연결 : PCIe , NVMe / [후면단자] HDMI / USB3.x 5Gbps / USB 2.0 / RJ-45 / 오디오잭 / PS/2 / USB A타입 : 6개 / [랜/오디오] 유선랜 칩셋 : Realtek 8111H / 1Gbps / RJ-45 : 1개 / 오디오 칩셋 : Realtek ALC897/887 / [내부I/O] USB/팬 헤더 : USB3.0 헤더 , USB2.0 헤더 / 시스템팬 4핀 : 1개 / I/O 헤더 : TPM 헤더 , 프론트오디오AAFP 헤더 , 침입감지 헤더 닫기",https://img.danuri.io/catalog-image/189/559/079/d362f02b7cb54676b13acc197a9b480f.jpg?shrink=130:130&_v=20260921080444,https://prod.danawa.com/info/?pcode=79559189&cate=112751
646,ASRock,ASRock B760M Pro-A/D4 디앤디컴,"129,000","인텔(소켓1700) / 인텔 B760 / DDR4 / VGA 연결 : PCIe4.0 x16 / M-ATX (24.4x24.4cm) / 전원부 : 7+1+1페이즈 / 60A / Vcore출력합계 : 420 / 메모리 5333MHz (PC4-42600) / 4개 / 메모리 용량 : 최대 128GB / XMP / 확장슬롯 PCIe버전 : PCIe4.0 / PCIex16 : 1개 / PCIex16(at x4) : 1개 / PCIex1 : 1개 / CrossFire / 저장장치 SATA3 : 4개 / M.2 : 2개 / M.2 연결 : PCIe4.0 , NVMe / 후면단자 HDMI / DP / USB3.x 5Gbps / USB 2.0 / RJ-45 / 오디오잭 / PS/2 / USB A타입 : 5개 / USB C타입 : 1개 / 랜/오디오 유선랜 칩셋 : Realtek RTL8125BG / 2.5Gbps / RJ-45 : 1개 / 오디오 칩셋 : Realtek ALC897 / 7.1채널(8ch) / 내부I/O USB/팬 헤더 : 썬더볼트4 헤더 , USB3.0 헤더 , USB2.0 헤더 , USB3.0 Type C 헤더 , RGB 12V 4핀 헤더 , ARGB 5V 3핀 헤더 / 시스템팬 4핀 : 4개 / I/O 헤더 : TPM 헤더 / 특징 DrMOS / 전원부 방열판 / M.2 히트싱크 / LED라이트 / UEFI 닫기",https://img.danuri.io/catalog-image/107/749/106/c0bd4975d38f442b95b354cc964495f3.jpg?shrink=130:130&_v=20260921110803,https://prod.danawa.com/info/?pcode=106749107&cate=112751
647,ASRock,ASRock B760M Pro RS D5 에즈윈,"142,980","인텔 B760 / 인텔(소켓1700) / DDR5 / VGA 연결 : PCIe5.0 x16 / M-ATX (24.4x24.4cm) / 전원부 : 7+1+1페이즈 / 페이즈당50A / Vcore출력합계 : 350A / [메모리] 7200MHz (PC5-57600) / 4개 / 메모리 용량 : 최대 192GB / XMP3.0 / [확장슬롯] PCIe버전 : PCIe5.0 , PCIe3.0 / PCIex16 : 1개 / PCIex16(at x4) : 1개 / CrossFire / [저장장치] M.2 : 3개 / SATA3 : 4개 / M.2 연결 : PCIe4.0 , NVMe / [후면단자] HDMI / DP / USB3.x 5Gbps / USB 2.0 / RJ-45 / 오디오잭 / PS/2 / USB A타입 : 5개 / USB C타입 : 1개 / [랜/오디오] 유선랜 칩셋 : Realtek RTL8125BG / 2.5Gbps / RJ-45 : 1개 / M.2 Key-E(모듈별매) / 오디오 칩셋 : Realtek ALC897 / 7.1채널(8ch) / [내부I/O] USB/팬 헤더 : 썬더볼트4 헤더 , USB3.0 헤더 , USB2.0 헤더 , USB3.0 Type C 헤더 , RGB 12V 4핀 헤더 , ARGB 5V 3핀 헤더 / 시스템팬 4핀 : 4개 / I/O 헤더 : TPM 헤더 / [특징] DrMOS / 전원부 방열판 / M.2 히트싱크 / LED라이트 / UEFI 닫기",https://img.danuri.io/catalog-image/062/536/019/304327454be34211941673ccca857295.jpg?shrink=130:130&_v=20260921080443,https://prod.danawa.com/info/?pcode=19536062&cate=112751
648,ASRock,ASRock H610TM-ITX 에즈윈 (벌크),"167,700","인텔 H610 / 인텔(소켓1700) / DDR4 / M-iTX (17.0x17.0cm) / 전원부 : 4페이즈 / [메모리] 3200MHz (PC4-25600) / 2개 / 메모리 용량 : 최대 64GB / XMP / [저장장치] M.2 : 2개 / SATA3 : 2개 / M.2 연결 : PCIe5.0 , PCIe , NVMe , SATA / [후면단자] HDMI / D-SUB / USB3.x 10Gbps / USB 2.0 / RJ-45 / 오디오잭 / USB A타입 : 4개 / [랜/오디오] 유선랜 칩셋 : Realtek RTL8111H / 1Gbps / RJ-45 : 1개 / M.2 Key-E(모듈별매) / 오디오 칩셋 : Realtek ALC269 / [내부I/O] I/O 헤더 : 프론트오디오AAFP 헤더 , 침입감지 헤더 , 온도 센서 닫기",https://img.danuri.io/catalog-image/819/187/103/434c6272c26e4c54970d62abfedd1f58.jpg?shrink=130:130&_v=20260921090343,https://prod.danawa.com/info/?pcode=103187819&cate=112751
649,ASRock,ASRock H610M-H2/M.2 D5 에즈윈 (벌크),"68,470","인텔 H610 / 인텔(소켓1700) / DDR5 / VGA 연결 : PCIe4.0 x16 / M-ATX (22.0x19.3cm) / 전원부 : 3+1+1페이즈 / [메모리] 5600MHz (PC5-44800) / 2개 / 메모리 용량 : 최대 96GB / XMP3.0 / [확장슬롯] PCIe버전 : PCIe4.0 , PCIe3.0 / PCIex16 : 1개 / PCIex1 : 1개 / [저장장치] M.2 : 1개 / SATA3 : 4개 / M.2 연결 : PCIe , NVMe / [후면단자] HDMI / USB3.x 5Gbps / USB 2.0 / RJ-45 / 오디오잭 / PS/2 / USB A타입 : 6개 / [랜/오디오] 유선랜 칩셋 : Realtek 8111H / 1Gbps / RJ-45 : 1개 / 오디오 칩셋 : Realtek ALC897/887 / [내부I/O] 시스템팬 4핀 : 1개 / I/O 헤더 : TPM 헤더 , 프론트오디오AAFP 헤더 , 침입감지 헤더 닫기",https://img.danuri.io/catalog-image/617/029/028/d68dc314486a4cb897bb5f1948d3f71f.jpg?shrink=130:130&_v=20260921090344,https://prod.danawa.com/info/?pcode=28029617&cate=112751
650,ASRock,ASRock B760M Pro-A 인텍앤컴퍼니,"124,500","인텔 B760 / 인텔(소켓1700) / DDR5 / VGA 연결 : PCIe5.0 x16 / M-ATX (24.4x24.4cm) / 전원부 : 7+1+1페이즈 / 페이즈당50A / Vcore출력합계 : 350A / [메모리] 7200MHz (PC5-57600) / 4개 / 메모리 용량 : 최대 256GB / XMP3.0 / [확장슬롯] PCIe버전 : PCIe5.0 , PCIe3.0 / PCIex16 : 1개 / PCIex16(at x4) : 1개 / [저장장치] M.2 : 3개 / SATA3 : 4개 / M.2 연결 : PCIe4.0 , NVMe / [후면단자] HDMI / DP / USB3.x 5Gbps / USB 2.0 / RJ-45 / 오디오잭 / PS/2 / USB A타입 : 5개 / USB C타입 : 1개 / [랜/오디오] 유선랜 칩셋 : Realtek RTL8125BG / 2.5Gbps / RJ-45 : 1개 / M.2 Key-E(모듈별매) / 오디오 칩셋 : Realtek ALC897 / [내부I/O] USB/팬 헤더 : 썬더볼트4 헤더 , USB3.0 헤더 , USB2.0 헤더 , USB3.0 Type C 헤더 , RGB 12V 4핀 헤더 , ARGB 5V 3핀 헤더 , CPU추가팬(OPT) 헤더 / 시스템팬 4핀 : 4개 / I/O 헤더 : TPM 헤더 , 프론트오디오AAFP 헤더 , 침입감지 헤더 / [특징] DrMOS / 전원부 방열판 / M.2 히트싱크 / LED라이트 / UEFI 닫기",https://img.danuri.io/catalog-image/977/468/069/1876372188624f419f2c51aa6dade71c.jpg?shrink=130:130&_v=20260921080454,https://prod.danawa.com/info/?pcode=69468977&cate=112751
651,ASRock,ASRock H610M-HDV/M.2+ D5 에즈윈,"80,850","인텔(소켓1700) / 인텔 H610 / DDR5 / VGA 연결 : PCIe4.0 x16 / M-ATX (22.0x19.3cm) / 전원부 : 6+1+1페이즈 / 메모리 5600MHz (PC5-44800) / 2개 / 메모리 용량 : 최대 96GB / XMP3.0 / 확장슬롯 PCIe버전 : PCIe4.0 , PCIe3.0 / PCIex16 : 1개 / PCIex1 : 1개 / 저장장치 SATA3 : 4개 / M.2 : 1개 / M.2 연결 : PCIe , NVMe / 후면단자 HDMI / DP / D-SUB / USB3.x 5Gbps / USB 2.0 / RJ-45 / 오디오잭 / PS/2 / USB A타입 : 5개 / USB C타입 : 1개 / 랜/오디오 유선랜 칩셋 : Realtek 8111H / 1Gbps / RJ-45 : 1개 / 오디오 칩셋 : Realtek ALC897/887 / 7.1채널(8ch) / 내부I/O USB/팬 헤더 : USB3.0 헤더 , USB2.0 헤더 , ARGB 5V 3핀 헤더 / 시스템팬 4핀 : 1개 / I/O 헤더 : TPM 헤더 , 프론트오디오AAFP 헤더 , 침입감지 헤더 / 특징 UEFI 닫기",https://img.danuri.io/catalog-image/491/866/025/28b54eed719b4f81b3a6faa5538baec8.jpg?shrink=130:130&_v=20260921080444,https://prod.danawa.com/info/?pcode=25866491&cate=112751
652,ASRock,ASRock B660M Pro RS D4 에즈윈,"196,000","인텔 B660 / 인텔(소켓1700) / DDR4 / VGA 연결 : PCIe4.0 x16 / M-ATX (24.4x24.4cm) / 전원부 : 8페이즈 / [메모리] 4800MHz (PC4-38400) / 4개 / 메모리 용량 : 최대 128GB / XMP / 옵테인 / [확장슬롯] PCIe버전 : PCIe4.0 , PCIe3.0 , PCIe / PCIex16 : 2개 / PCIex1 : 1개 / CrossFire / [저장장치] M.2 : 2개 / SATA3 : 4개 / M.2 연결 : PCIe4.0 , PCIe , NVMe , SATA / [후면단자] HDMI / DP / USB3.x 5Gbps / USB 2.0 / RJ-45 / 오디오잭 / PS/2 / USB A타입 : 6개 / [랜/오디오] 유선랜 칩셋 : Intel I219V / 1Gbps / RJ-45 : 1개 / M.2 Key-E(모듈별매) / 오디오 칩셋 : Realtek ALC897 / 7.1채널(8ch) / [내부I/O] USB/팬 헤더 : 썬더볼트4 헤더 , USB3.0 헤더 , USB2.0 헤더 , USB3.0 Type C 헤더 , RGB 12V 4핀 헤더 , ARGB 5V 3핀 헤더 / 시스템팬 4핀 : 3개 / I/O 헤더 : TPM 헤더 / [특징] M.2 히트싱크 / LED라이트 / UEFI 닫기",https://img.danuri.io/catalog-image/554/089/016/c33d55a8f74d4ea7bf5cda37c1f0ef8e.jpg?shrink=130:130&_v=20260921080443,https://prod.danawa.com/info/?pcode=16089554&cate=112751
653,ASRock,ASRock H610M-X D5 Gen5 디앤디컴,"112,190","인텔 H610 / 인텔(소켓1700) / DDR5 / VGA 연결 : PCIe5.0 x16 / M-ATX (24.4x19.3cm) / 전원부 : 6+1+1페이즈 / [메모리] 5600MHz (PC5-44800) / 2개 / 메모리 용량 : 최대 128GB / XMP3.0 / [확장슬롯] PCIe버전 : PCIe5.0 , PCIe3.0 / PCIex16 : 1개 / PCIex1 : 1개 / [저장장치] M.2 : 1개 / SATA3 : 4개 / M.2 연결 : PCIe , NVMe / [후면단자] HDMI / D-SUB / USB3.x 5Gbps / USB 2.0 / RJ-45 / 오디오잭 / PS/2 / USB A타입 : 6개 / [랜/오디오] 유선랜 칩셋 : Realtek RTL8125BG / 2.5Gbps / RJ-45 : 1개 / 오디오 칩셋 : Realtek ALC897 / [내부I/O] USB/팬 헤더 : USB3.0 헤더 , USB2.0 헤더 / 시스템팬 4핀 : 1개 / I/O 헤더 : TPM 헤더 , 프론트오디오AAFP 헤더 , 침입감지 헤더 / [특징] UEFI 닫기",https://img.danuri.io/catalog-image/660/069/101/fdba76090d954dcdae4e130422b6eb94.jpg?shrink=130:130&_v=20260921110328,https://prod.danawa.com/info/?pcode=101069660&cate=112751
654,ASRock,ASRock H610M-HVS/M.2 R2.0 D4 디앤디컴,"84,240","인텔 H610 / 인텔(소켓1700) / DDR4 / VGA 연결 : PCIe4.0 x16 / M-ATX (22.3x18.8cm) / 전원부 : 7페이즈 / [메모리] 3200MHz (PC4-25600) / 2개 / 메모리 용량 : 최대 64GB / XMP / [확장슬롯] PCIe버전 : PCIe4.0 , PCIe3.0 / PCIex16 : 1개 / PCIex1 : 1개 / [저장장치] M.2 : 1개 / SATA3 : 4개 / M.2 연결 : PCIe , NVMe / [후면단자] HDMI / D-SUB / USB3.x 5Gbps / USB 2.0 / RJ-45 / 오디오잭 / PS/2 / USB A타입 : 6개 / [랜/오디오] 유선랜 칩셋 : Realtek RTL8111H / 1Gbps / RJ-45 : 1개 / 오디오 칩셋 : Realtek ALC897/887 / 7.1채널(8ch) / [내부I/O] USB/팬 헤더 : USB3.0 헤더 , USB2.0 헤더 / 시스템팬 4핀 : 1개 / I/O 헤더 : TPM 헤더 / [특징] UEFI 닫기",https://img.danuri.io/catalog-image/371/793/017/b5fe6d0a627042d7b15a031180e0234b.jpg?shrink=130:130&_v=20260921125603,https://prod.danawa.com/info/?pcode=17793371&cate=112751
655,ASRock,ASRock H610M-H2/M.2 D5 디앤디컴 (벌크),"76,930","인텔 H610 / 인텔(소켓1700) / DDR5 / VGA 연결 : PCIe4.0 x16 / M-ATX (22.0x19.3cm) / 전원부 : 3+1+1페이즈 / [메모리] 5600MHz (PC5-44800) / 2개 / 메모리 용량 : 최대 96GB / XMP3.0 / [확장슬롯] PCIe버전 : PCIe4.0 , PCIe3.0 / PCIex16 : 1개 / PCIex1 : 1개 / [저장장치] M.2 : 1개 / SATA3 : 4개 / M.2 연결 : PCIe , NVMe / [후면단자] HDMI / USB3.x 5Gbps / USB 2.0 / RJ-45 / 오디오잭 / PS/2 / [랜/오디오] 유선랜 칩셋 : Realtek 8111H / 1Gbps / RJ-45 : 1개 / 오디오 칩셋 : Realtek ALC897/887 / [내부I/O] 시스템팬 4핀 : 1개 / I/O 헤더 : TPM 헤더 , 프론트오디오AAFP 헤더 , 침입감지 헤더 닫기",https://img.danuri.io/catalog-image/721/183/028/4a7a5fb335e0468ab3c712c69c5d23b6.jpg?shrink=130:130&_v=20260921110219,https://prod.danawa.com/info/?pcode=28183721&cate=112751
656,ASRock,ASRock B760M Pro RS D5 디앤디컴,"152,100","인텔 B760 / 인텔(소켓1700) / DDR5 / VGA 연결 : PCIe5.0 x16 / M-ATX (24.4x24.4cm) / 전원부 : 7+1+1페이즈 / 페이즈당50A / Vcore출력합계 : 350A / [메모리] 7200MHz (PC5-57600) / 4개 / 메모리 용량 : 최대 192GB / XMP3.0 / [확장슬롯] PCIe버전 : PCIe5.0 , PCIe3.0 / PCIex16 : 1개 / PCIex16(at x4) : 1개 / CrossFire / [저장장치] M.2 : 3개 / SATA3 : 4개 / M.2 연결 : PCIe4.0 , NVMe / [후면단자] HDMI / DP / USB3.x 5Gbps / USB 2.0 / RJ-45 / 오디오잭 / PS/2 / USB A타입 : 5개 / USB C타입 : 1개 / [랜/오디오] 유선랜 칩셋 : Realtek RTL8125BG / 2.5Gbps / RJ-45 : 1개 / M.2 Key-E(모듈별매) / 오디오 칩셋 : Realtek ALC897 / 7.1채널(8ch) / [내부I/O] USB/팬 헤더 : 썬더볼트4 헤더 , USB3.0 헤더 , USB2.0 헤더 , USB3.0 Type C 헤더 , RGB 12V 4핀 헤더 , ARGB 5V 3핀 헤더 / 시스템팬 4핀 : 4개 / I/O 헤더 : TPM 헤더 , 침입감지 헤더 / [특징] DrMOS / 전원부 방열판 / M.2 히트싱크 / LED라이트 / UEFI 닫기",https://img.danuri.io/catalog-image/640/498/019/ccf27ed714af488584368e3c904facb9.jpg?shrink=130:130&_v=20260921110119,https://prod.danawa.com/info/?pcode=19498640&cate=112751
657,ASRock,ASRock H610M-X D5 Gen5 대원씨티에스,"102,190","인텔(소켓1700) / 인텔 H610 / DDR5 / VGA 연결 : PCIe5.0 x16 / M-ATX (24.4x19.3cm) / 전원부 : 6+1+1페이즈 / 메모리 5600MHz (PC5-44800) / 2개 / 메모리 용량 : 최대 128GB / XMP3.0 / 확장슬롯 PCIe버전 : PCIe5.0 , PCIe3.0 / PCIex16 : 1개 / PCIex1 : 1개 / 저장장치 SATA3 : 4개 / M.2 : 1개 / M.2 연결 : PCIe , NVMe / 후면단자 HDMI / D-SUB / USB3.x 5Gbps / USB 2.0 / RJ-45 / 오디오잭 / PS/2 / USB A타입 : 6개 / 랜/오디오 유선랜 칩셋 : Realtek RTL8125BG / 2.5Gbps / RJ-45 : 1개 / 오디오 칩셋 : Realtek ALC897 / 내부I/O USB/팬 헤더 : USB3.0 헤더 , USB2.0 헤더 / 시스템팬 4핀 : 1개 / I/O 헤더 : TPM 헤더 , 프론트오디오AAFP 헤더 , 침입감지 헤더 / 특징 UEFI 닫기",https://img.danuri.io/catalog-image/728/595/104/4d71f248fa34446db8b54c58e99cad3f.jpg?shrink=130:130&_v=20260921080458,https://prod.danawa.com/info/?pcode=104595728&cate=112751
658,ASRock,ASRock H610M-H2/M.2 D5 에즈윈,"70,030","인텔 H610 / 인텔(소켓1700) / DDR5 / VGA 연결 : PCIe4.0 x16 / M-ATX (22.0x19.3cm) / 전원부 : 3+1+1페이즈 / [메모리] 5600MHz (PC5-44800) / 2개 / 메모리 용량 : 최대 96GB / XMP3.0 / [확장슬롯] PCIe버전 : PCIe4.0 , PCIe3.0 / PCIex16 : 1개 / PCIex1 : 1개 / [저장장치] M.2 : 1개 / SATA3 : 4개 / M.2 연결 : PCIe , NVMe / [후면단자] HDMI / USB3.x 5Gbps / USB 2.0 / RJ-45 / 오디오잭 / PS/2 / USB A타입 : 6개 / [랜/오디오] 유선랜 칩셋 : Realtek 8111H / 1Gbps / RJ-45 : 1개 / 오디오 칩셋 : Realtek ALC897/887 / [내부I/O] 시스템팬 4핀 : 1개 / I/O 헤더 : TPM 헤더 , 프론트오디오AAFP 헤더 , 침입감지 헤더 닫기",https://img.danuri.io/catalog-image/582/776/096/7321bb99270f44b4bf30eab6590b0c7a.jpg?shrink=130:130&_v=20260921090308,https://prod.danawa.com/info/?pcode=96776582&cate=112751
659,ASRock,ASRock H610M-HDV/M.2 R2.0 D4 에즈윈 (벌크),"87,900","인텔 H610 / 인텔(소켓1700) / DDR4 / VGA 연결 : PCIe4.0 x16 / M-ATX (22.0x19.3cm) / 전원부 : 7페이즈 / [메모리] 3200MHz (PC4-25600) / 2개 / 메모리 용량 : 최대 64GB / XMP / [확장슬롯] PCIe버전 : PCIe4.0 , PCIe3.0 / PCIex16 : 1개 / PCIex1 : 1개 / [저장장치] M.2 : 1개 / SATA3 : 4개 / M.2 연결 : PCIe , NVMe / [후면단자] HDMI / DP / D-SUB / USB3.x 5Gbps / USB 2.0 / RJ-45 / 오디오잭 / PS/2 / USB A타입 : 6개 / [랜/오디오] 유선랜 칩셋 : Realtek RTL8111H / 1Gbps / RJ-45 : 1개 / 오디오 칩셋 : Realtek ALC897 / 7.1채널(8ch) / [내부I/O] USB/팬 헤더 : USB3.0 헤더 , USB2.0 헤더 / 시스템팬 4핀 : 1개 / I/O 헤더 : TPM 헤더 / [특징] UEFI 닫기",https://img.danuri.io/catalog-image/233/847/017/d564292c957942118320758bb64d1df1.jpg?shrink=130:130&_v=20260921102635,https://prod.danawa.com/info/?pcode=17847233&cate=112751
660,ASRock,ASRock H610M-HDV/M.2 D5 Gen5 디앤디컴,"95,460","인텔 H610 / 인텔(소켓1700) / DDR5 / VGA 연결 : PCIe5.0 x16 / M-ATX (24.4x19.3cm) / 전원부 : 6+1+1페이즈 / [메모리] 5600MHz (PC5-44800) / 2개 / 메모리 용량 : 최대 128GB / XMP3.0 / [확장슬롯] PCIe버전 : PCIe4.0 , PCIe3.0 / PCIex16 : 1개 / PCIex1 : 1개 / [저장장치] M.2 : 1개 / SATA3 : 4개 / M.2 연결 : PCIe , NVMe / [후면단자] HDMI / DP / D-SUB / USB3.x 5Gbps / USB 2.0 / RJ-45 / 오디오잭 / PS/2 / USB A타입 : 6개 / [랜/오디오] 유선랜 칩셋 : Realtek 8111H / 1Gbps / RJ-45 : 1개 / 오디오 칩셋 : Realtek ALC897 / 7.1채널(8ch) / [내부I/O] USB/팬 헤더 : USB3.0 헤더 , USB2.0 헤더 / 시스템팬 4핀 : 1개 / I/O 헤더 : TPM 헤더 , 프론트오디오AAFP 헤더 , 침입감지 헤더 / [특징] UEFI 닫기",https://img.danuri.io/catalog-image/831/069/101/4821a7438ed346acab64323265c89d4f.jpg?shrink=130:130&_v=20260921110218,https://prod.danawa.com/info/?pcode=101069831&cate=112751
661,ASRock,ASRock H610M-HDV/M.2+ D5 디앤디컴,"89,790","인텔(소켓1700) / 인텔 H610 / DDR5 / VGA 연결 : PCIe4.0 x16 / M-ATX (22.0x19.3cm) / 전원부 : 6+1+1페이즈 / 메모리 5600MHz (PC5-44800) / 2개 / 메모리 용량 : 최대 96GB / XMP3.0 / 확장슬롯 PCIe버전 : PCIe4.0 , PCIe3.0 / PCIex16 : 1개 / PCIex1 : 1개 / 저장장치 SATA3 : 4개 / M.2 : 1개 / M.2 연결 : PCIe , NVMe / 후면단자 HDMI / DP / D-SUB / USB3.x 5Gbps / USB 2.0 / RJ-45 / 오디오잭 / PS/2 / USB A타입 : 5개 / USB C타입 : 1개 / 랜/오디오 유선랜 칩셋 : Realtek 8111H / 1Gbps / RJ-45 : 1개 / 오디오 칩셋 : Realtek ALC897/887 / 7.1채널(8ch) / 내부I/O USB/팬 헤더 : USB3.0 헤더 , USB2.0 헤더 , ARGB 5V 3핀 헤더 / 시스템팬 4핀 : 1개 / I/O 헤더 : TPM 헤더 , 프론트오디오AAFP 헤더 , 침입감지 헤더 / 특징 UEFI 닫기",https://img.danuri.io/catalog-image/910/409/027/69cc1be946074f22a3ecd47240ea6148.jpg?shrink=130:130&_v=20260921090335,https://prod.danawa.com/info/?pcode=27409910&cate=112751
662,ASRock,ASRock H610M-HDV/M.2 D5 Gen5 에즈윈,"98,740","인텔 H610 / 인텔(소켓1700) / DDR5 / VGA 연결 : PCIe5.0 x16 / M-ATX (24.4x19.3cm) / 전원부 : 6+1+1페이즈 / [메모리] 5600MHz (PC5-44800) / 2개 / 메모리 용량 : 최대 128GB / XMP3.0 / [확장슬롯] PCIe버전 : PCIe4.0 , PCIe3.0 / PCIex16 : 1개 / PCIex1 : 1개 / [저장장치] M.2 : 1개 / SATA3 : 4개 / M.2 연결 : PCIe , NVMe / [후면단자] HDMI / DP / D-SUB / USB3.x 5Gbps / USB 2.0 / RJ-45 / 오디오잭 / PS/2 / USB A타입 : 6개 / [랜/오디오] 유선랜 칩셋 : Realtek 8111H / 1Gbps / RJ-45 : 1개 / 오디오 칩셋 : Realtek ALC897 / 7.1채널(8ch) / [내부I/O] USB/팬 헤더 : USB3.0 헤더 , USB2.0 헤더 / 시스템팬 4핀 : 1개 / I/O 헤더 : TPM 헤더 , 프론트오디오AAFP 헤더 , 침입감지 헤더 / [특징] UEFI 닫기",https://img.danuri.io/catalog-image/851/714/099/7fed482bf034494faaec23d220ebf2e2.jpg?shrink=130:130&_v=20260921095234,https://prod.danawa.com/info/?pcode=99714851&cate=112751
663,ASRock,ASRock B760M-X Gen5 에즈윈 (벌크),"123,900","인텔 B760 / 인텔(소켓1700) / DDR5 / VGA 연결 : PCIe5.0 x16 / M-ATX (24.4x22.1cm) / 전원부 : 7+1+1페이즈 / [메모리] 7200MHz (PC5-57600) / 2개 / 메모리 용량 : 최대 128GB / XMP3.0 / [확장슬롯] PCIe버전 : PCIe5.0 , PCIe3.0 / PCIex16 : 1개 / PCIex1 : 1개 / [저장장치] M.2 : 2개 / SATA3 : 4개 / M.2 연결 : PCIe4.0 , PCIe , NVMe / [후면단자] HDMI / DP / USB3.x 5Gbps / USB 2.0 / RJ-45 / 오디오잭 / USB A타입 : 5개 / USB C타입 : 1개 / [랜/오디오] 유선랜 칩셋 : Realtek RTL8125BG / 2.5Gbps / RJ-45 : 1개 / M.2 Key-E(모듈별매) / 오디오 칩셋 : Realtek ALC897 / 7.1채널(8ch) / [내부I/O] USB/팬 헤더 : 썬더볼트4 헤더 , USB3.0 헤더 , USB2.0 헤더 , RGB 12V 4핀 헤더 , ARGB 5V 3핀 헤더 , CPU추가팬(OPT) 헤더 / 시스템팬 4핀 : 2개 / I/O 헤더 : TPM 헤더 , 프론트오디오AAFP 헤더 / [특징] 전원부 방열판 / UEFI 닫기",https://img.danuri.io/catalog-image/806/714/099/b2a89a666c87483f84e732af66bc50ec.jpg?shrink=130:130&_v=20260921090255,https://prod.danawa.com/info/?pcode=99714806&cate=112751
664,ASRock,ASRock H610M-HDV/M.2+ D5 대원씨티에스,"89,820","인텔(소켓1700) / 인텔 H610 / DDR5 / VGA 연결 : PCIe4.0 x16 / M-ATX (22.0x19.3cm) / 전원부 : 6+1+1페이즈 / 메모리 5600MHz (PC5-44800) / 2개 / 메모리 용량 : 최대 96GB / XMP3.0 / 확장슬롯 PCIe버전 : PCIe4.0 , PCIe3.0 / PCIex16 : 1개 / PCIex1 : 1개 / 저장장치 SATA3 : 4개 / M.2 : 1개 / M.2 연결 : PCIe , NVMe / 후면단자 HDMI / DP / D-SUB / USB3.x 5Gbps / USB 2.0 / RJ-45 / 오디오잭 / PS/2 / USB A타입 : 5개 / USB C타입 : 1개 / 랜/오디오 유선랜 칩셋 : Realtek 8111H / 1Gbps / RJ-45 : 1개 / 오디오 칩셋 : Realtek ALC897/887 / 7.1채널(8ch) / 내부I/O USB/팬 헤더 : USB3.0 헤더 , USB2.0 헤더 , ARGB 5V 3핀 헤더 / 시스템팬 4핀 : 1개 / I/O 헤더 : TPM 헤더 , 프론트오디오AAFP 헤더 , 침입감지 헤더 / 특징 UEFI 닫기",https://img.danuri.io/catalog-image/074/546/027/15f0d759d10f447a95bc8c344cd4fd18.jpg?shrink=130:130&_v=20260921143808,https://prod.danawa.com/info/?pcode=27546074&cate=112751
665,ASRock,ASRock B760M Pro RS D5 + WiFi7 모듈 패키지 디앤디컴,"203,030","인텔 B760 / 인텔(소켓1700) / DDR5 / VGA 연결 : PCIe5.0 x16 / M-ATX (24.4x24.4cm) / 전원부 : 7+1+1페이즈 / 페이즈당50A / Vcore출력합계 : 350A / [메모리] 7200MHz (PC5-57600) / 4개 / 메모리 용량 : 최대 192GB / XMP3.0 / [확장슬롯] PCIe버전 : PCIe5.0 , PCIe3.0 / PCIex16 : 1개 / PCIex16(at x4) : 1개 / CrossFire / [저장장치] M.2 : 3개 / SATA3 : 4개 / M.2 연결 : PCIe4.0 , NVMe / [후면단자] HDMI / DP / USB3.x 5Gbps / USB 2.0 / RJ-45 / 오디오잭 / PS/2 / USB A타입 : 5개 / USB C타입 : 1개 / [랜/오디오] 유선랜 칩셋 : Realtek RTL8125BG / 2.5Gbps / RJ-45 : 1개 / M.2 Key-E(모듈별매) / 오디오 칩셋 : Realtek ALC897 / 7.1채널(8ch) / [내부I/O] USB/팬 헤더 : 썬더볼트4 헤더 , USB3.0 헤더 , USB2.0 헤더 , USB3.0 Type C 헤더 , RGB 12V 4핀 헤더 , ARGB 5V 3핀 헤더 / 시스템팬 4핀 : 4개 / I/O 헤더 : TPM 헤더 / [특징] DrMOS / 전원부 방열판 / M.2 히트싱크 / LED라이트 / UEFI 닫기",https://img.danuri.io/catalog-image/920/959/031/8c81de3ee1d14bc39484498769667944.jpg?shrink=130:130&_v=20260921110223,https://prod.danawa.com/info/?pcode=31959920&cate=112751
666,ASRock,ASRock H610M-X D5 에즈윈 (벌크),"102,380","인텔 H610 / 인텔(소켓1700) / DDR5 / VGA 연결 : PCIe4.0 x16 / M-ATX (22.0x19.3cm) / 전원부 : 6+1+1페이즈 / [메모리] 5600MHz (PC5-44800) / 2개 / 메모리 용량 : 최대 96GB / XMP / [확장슬롯] PCIe버전 : PCIe4.0 , PCIe3.0 / PCIex16 : 1개 / PCIex1 : 1개 / [저장장치] M.2 : 1개 / SATA3 : 4개 / M.2 연결 : PCIe , NVMe / [후면단자] HDMI / D-SUB / USB3.x 5Gbps / USB 2.0 / RJ-45 / 오디오잭 / PS/2 / USB A타입 : 6개 / [랜/오디오] 유선랜 칩셋 : Realtek RTL8125BG / 2.5Gbps / RJ-45 : 1개 / 오디오 칩셋 : Realtek ALC897/887 / [내부I/O] USB/팬 헤더 : USB3.0 헤더 , USB2.0 헤더 / 시스템팬 4핀 : 1개 / I/O 헤더 : TPM 헤더 , 프론트오디오AAFP 헤더 , 침입감지 헤더 / [특징] UEFI 닫기",https://img.danuri.io/catalog-image/463/423/061/86942870d44a40c799b1fdb65718ba72.jpg?shrink=130:130&_v=20260921090331,https://prod.danawa.com/info/?pcode=61423463&cate=112751
667,ASRock,ASRock H610M-HDV/M.2 D5 Gen5 디앤디컴 (벌크),"94,120","인텔 H610 / 인텔(소켓1700) / DDR5 / VGA 연결 : PCIe5.0 x16 / M-ATX (24.4x19.3cm) / 전원부 : 6+1+1페이즈 / [메모리] 5600MHz (PC5-44800) / 2개 / 메모리 용량 : 최대 128GB / XMP3.0 / [확장슬롯] PCIe버전 : PCIe4.0 , PCIe3.0 / PCIex16 : 1개 / PCIex1 : 1개 / [저장장치] M.2 : 1개 / SATA3 : 4개 / M.2 연결 : PCIe , NVMe / [후면단자] HDMI / DP / D-SUB / USB3.x 5Gbps / USB 2.0 / RJ-45 / 오디오잭 / PS/2 / USB A타입 : 6개 / [랜/오디오] 유선랜 칩셋 : Realtek 8111H / 1Gbps / RJ-45 : 1개 / 오디오 칩셋 : Realtek ALC897 / 7.1채널(8ch) / [내부I/O] USB/팬 헤더 : USB3.0 헤더 , USB2.0 헤더 / 시스템팬 4핀 : 1개 / I/O 헤더 : TPM 헤더 , 프론트오디오AAFP 헤더 , 침입감지 헤더 / [특징] UEFI 닫기",https://img.danuri.io/catalog-image/493/074/101/0e37c60d5d934542982772cc31913905.jpg?shrink=130:130&_v=20260921110124,https://prod.danawa.com/info/?pcode=101074493&cate=112751
668,ASRock,ASRock H610M-HDV/M.2+ D5 에즈윈 (벌크),"83,690","인텔 H610 / 인텔(소켓1700) / DDR5 / VGA 연결 : PCIe4.0 x16 / M-ATX (22.0x19.3cm) / 전원부 : 6+1+1페이즈 / [메모리] 5600MHz (PC5-44800) / 2개 / 메모리 용량 : 최대 96GB / XMP3.0 / [확장슬롯] PCIe버전 : PCIe4.0 , PCIe3.0 / PCIex16 : 1개 / PCIex1 : 1개 / [저장장치] M.2 : 1개 / SATA3 : 4개 / M.2 연결 : PCIe , NVMe / [후면단자] HDMI / DP / D-SUB / USB3.x 5Gbps / USB 2.0 / RJ-45 / 오디오잭 / PS/2 / USB A타입 : 5개 / USB C타입 : 1개 / [랜/오디오] 유선랜 칩셋 : Realtek 8111H / 1Gbps / RJ-45 : 1개 / 오디오 칩셋 : Realtek ALC897/887 / 7.1채널(8ch) / [내부I/O] USB/팬 헤더 : USB3.0 헤더 , USB2.0 헤더 , ARGB 5V 3핀 헤더 / 시스템팬 4핀 : 1개 / I/O 헤더 : TPM 헤더 , 프론트오디오AAFP 헤더 , 침입감지 헤더 / [특징] UEFI 닫기",https://img.danuri.io/catalog-image/083/869/025/efb13d53f5f542f28d69011b1495d78e.jpg?shrink=130:130&_v=20260921124819,https://prod.danawa.com/info/?pcode=25869083&cate=112751
669,ASRock,ASRock Z790 PG Lightning D5 에즈윈,"361,250","인텔 Z790 / 인텔(소켓1700) / DDR5 / VGA 연결 : PCIe5.0 x16 / ATX (30.5x24.4cm) / 전원부 : 14+1+1페이즈 / 페이즈당50A / Vcore출력합계 : 700A / [메모리] 7200MHz (PC5-57600) / 4개 / 메모리 용량 : 최대 256GB / XMP3.0 / [확장슬롯] PCIe버전 : PCIe5.0 , PCIe4.0 , PCIe3.0 / PCIex16 : 1개 / PCIex16(at x4) : 1개 / PCIex1 : 3개 / CrossFire / [저장장치] M.2 : 4개 / SATA3 : 4개 / M.2 연결 : PCIe4.0 , NVMe , SATA / [후면단자] HDMI / USB3.x 20Gbps / USB3.x 10Gbps / USB3.x 5Gbps / USB 2.0 / RJ-45 / 오디오잭 / PS/2 / USB A타입 : 7개 / USB C타입 : 1개 / [랜/오디오] 유선랜 칩셋 : Realtek Dragon RTL8125BG / 2.5Gbps / RJ-45 : 1개 / M.2 Key-E(모듈별매) / 오디오 칩셋 : Realtek ALC897 / 7.1채널(8ch) / [내부I/O] USB/팬 헤더 : 썬더볼트4 헤더 , USB3.0 헤더 , USB2.0 헤더 , USB3.0 Type C 헤더 , RGB 12V 4핀 헤더 , ARGB 5V 3핀 헤더 / 시스템팬 4핀 : 5개 / I/O 헤더 : TPM 헤더 / [특징] DrMOS / 전원부 방열판 / M.2 히트싱크 / UEFI / 25년 7월부로 메모리 최대용량 128→256GB 변경 닫기",https://img.danuri.io/catalog-image/340/052/018/4b6ea228b6974fffa1fc598a241472ae.jpg?shrink=130:130&_v=20260921080622,https://prod.danawa.com/info/?pcode=18052340&cate=112751
670,ASRock,ASRock H610M-X D5 Gen5 에즈윈 (벌크),"108,660","인텔 H610 / 인텔(소켓1700) / DDR5 / VGA 연결 : PCIe5.0 x16 / M-ATX (24.4x19.3cm) / 전원부 : 6+1+1페이즈 / [메모리] 5600MHz (PC5-44800) / 2개 / 메모리 용량 : 최대 128GB / XMP3.0 / [확장슬롯] PCIe버전 : PCIe5.0 , PCIe3.0 / PCIex16 : 1개 / PCIex1 : 1개 / [저장장치] M.2 : 1개 / SATA3 : 4개 / M.2 연결 : PCIe , NVMe / [후면단자] HDMI / D-SUB / USB3.x 5Gbps / USB 2.0 / RJ-45 / 오디오잭 / PS/2 / USB A타입 : 6개 / [랜/오디오] 유선랜 칩셋 : Realtek RTL8125BG / 2.5Gbps / RJ-45 : 1개 / 오디오 칩셋 : Realtek ALC897 / [내부I/O] USB/팬 헤더 : USB3.0 헤더 , USB2.0 헤더 / 시스템팬 4핀 : 1개 / I/O 헤더 : TPM 헤더 , 프론트오디오AAFP 헤더 , 침입감지 헤더 / [특징] UEFI 닫기",https://img.danuri.io/catalog-image/830/714/099/f66df3999a10439d95a500026a1e65f0.jpg?shrink=130:130&_v=20260921025047,https://prod.danawa.com/info/?pcode=99714830&cate=112751
671,ASRock,ASRock H610M-HDV/M.2+ D5 디앤디컴 (벌크),"90,940","인텔 H610 / 인텔(소켓1700) / DDR5 / VGA 연결 : PCIe4.0 x16 / M-ATX (22.0x19.3cm) / 전원부 : 6+1+1페이즈 / [메모리] 5600MHz (PC5-44800) / 2개 / 메모리 용량 : 최대 96GB / XMP3.0 / [확장슬롯] PCIe버전 : PCIe4.0 , PCIe3.0 / PCIex16 : 1개 / PCIex1 : 1개 / [저장장치] M.2 : 1개 / SATA3 : 4개 / M.2 연결 : PCIe , NVMe / [후면단자] HDMI / DP / D-SUB / USB3.x 5Gbps / USB 2.0 / RJ-45 / 오디오잭 / PS/2 / USB A타입 : 5개 / USB C타입 : 1개 / [랜/오디오] 유선랜 칩셋 : Realtek 8111H / 1Gbps / RJ-45 : 1개 / 오디오 칩셋 : Realtek ALC897/887 / 7.1채널(8ch) / [내부I/O] USB/팬 헤더 : USB3.0 헤더 , USB2.0 헤더 , ARGB 5V 3핀 헤더 / 시스템팬 4핀 : 1개 / I/O 헤더 : TPM 헤더 , 프론트오디오AAFP 헤더 , 침입감지 헤더 / [특징] UEFI 닫기",https://img.danuri.io/catalog-image/134/059/028/0ecec06a42ee48cc84fcd51066b64b8c.jpg?shrink=130:130&_v=20260921065710,https://prod.danawa.com/info/?pcode=28059134&cate=112751
672,ASRock,ASRock B760M Pro-A 에즈윈 (벌크),"134,500","인텔 B760 / 인텔(소켓1700) / DDR5 / VGA 연결 : PCIe5.0 x16 / M-ATX (24.4x24.4cm) / 전원부 : 7+1+1페이즈 / 페이즈당50A / Vcore출력합계 : 350A / [메모리] 7200MHz (PC5-57600) / 4개 / 메모리 용량 : 최대 192GB / XMP3.0 / EXPO / [확장슬롯] PCIe버전 : PCIe5.0 , PCIe3.0 / PCIex16 : 1개 / PCIex16(at x4) : 1개 / [저장장치] M.2 : 3개 / SATA3 : 4개 / M.2 연결 : PCIe4.0 , NVMe / [후면단자] HDMI / DP / USB3.x 5Gbps / USB 2.0 / RJ-45 / 오디오잭 / PS/2 / USB A타입 : 5개 / USB C타입 : 1개 / [랜/오디오] 유선랜 칩셋 : Realtek RTL8125BG / 2.5Gbps / RJ-45 : 1개 / M.2 Key-E(모듈별매) / 오디오 칩셋 : Realtek ALC897 / [내부I/O] USB/팬 헤더 : 썬더볼트4 헤더 , USB3.0 헤더 , USB2.0 헤더 , USB3.0 Type C 헤더 , RGB 12V 4핀 헤더 , ARGB 5V 3핀 헤더 , CPU추가팬(OPT) 헤더 / 시스템팬 4핀 : 4개 / I/O 헤더 : TPM 헤더 , 프론트오디오AAFP 헤더 , 침입감지 헤더 / [특징] DrMOS / 전원부 방열판 / M.2 히트싱크 / LED라이트 / UEFI 닫기",https://img.danuri.io/catalog-image/613/717/106/d8220c8f16f14cc69d008121a4942ec9.jpg?shrink=130:130&_v=20260921090356,https://prod.danawa.com/info/?pcode=106717613&cate=112751
673,ASRock,ASRock H610M-X D5 Gen5 에즈윈,"112,260","인텔 H610 / 인텔(소켓1700) / DDR5 / VGA 연결 : PCIe5.0 x16 / M-ATX (24.4x19.3cm) / 전원부 : 6+1+1페이즈 / [메모리] 5600MHz (PC5-44800) / 2개 / 메모리 용량 : 최대 128GB / XMP3.0 / [확장슬롯] PCIe버전 : PCIe5.0 , PCIe3.0 / PCIex16 : 1개 / PCIex1 : 1개 / [저장장치] M.2 : 1개 / SATA3 : 4개 / M.2 연결 : PCIe , NVMe / [후면단자] HDMI / D-SUB / USB3.x 5Gbps / USB 2.0 / RJ-45 / 오디오잭 / PS/2 / USB A타입 : 6개 / [랜/오디오] 유선랜 칩셋 : Realtek RTL8125BG / 2.5Gbps / RJ-45 : 1개 / 오디오 칩셋 : Realtek ALC897 / [내부I/O] USB/팬 헤더 : USB3.0 헤더 , USB2.0 헤더 / 시스템팬 4핀 : 1개 / I/O 헤더 : TPM 헤더 , 프론트오디오AAFP 헤더 , 침입감지 헤더 / [특징] UEFI 닫기",https://img.danuri.io/catalog-image/738/415/103/80c1111445974e288f4adae94047af9a.jpg?shrink=130:130&_v=20260921023542,https://prod.danawa.com/info/?pcode=103415738&cate=112751
674,ASRock,ASRock H610M-X D5 Gen5 디앤디컴 (벌크),"113,800","인텔 H610 / 인텔(소켓1700) / DDR5 / VGA 연결 : PCIe5.0 x16 / M-ATX (24.4x19.3cm) / 전원부 : 6+1+1페이즈 / [메모리] 5600MHz (PC5-44800) / 2개 / 메모리 용량 : 최대 128GB / XMP3.0 / [확장슬롯] PCIe버전 : PCIe5.0 , PCIe3.0 / PCIex16 : 1개 / PCIex1 : 1개 / [저장장치] M.2 : 1개 / SATA3 : 4개 / M.2 연결 : PCIe , NVMe / [후면단자] HDMI / D-SUB / USB3.x 5Gbps / USB 2.0 / RJ-45 / 오디오잭 / PS/2 / USB A타입 : 6개 / [랜/오디오] 유선랜 칩셋 : Realtek RTL8125BG / 2.5Gbps / RJ-45 : 1개 / 오디오 칩셋 : Realtek ALC897 / [내부I/O] USB/팬 헤더 : USB3.0 헤더 , USB2.0 헤더 / 시스템팬 4핀 : 1개 / I/O 헤더 : TPM 헤더 , 프론트오디오AAFP 헤더 , 침입감지 헤더 / [특징] UEFI 닫기",https://img.danuri.io/catalog-image/490/074/101/9b63e3c1cc304afdb22a9e952d82e2ab.jpg?shrink=130:130&_v=20260921125625,https://prod.danawa.com/info/?pcode=101074490&cate=112751
675,ASRock,ASRock B660M-HDV D4 디앤디컴,"156,000","인텔 B660 / 인텔(소켓1700) / DDR4 / VGA 연결 : PCIe4.0 x16 / M-ATX (24.4x20.1cm) / 전원부 : 6페이즈 / [메모리] 5066MHz (PC4-40500) / 2개 / 메모리 용량 : 최대 64GB / XMP / 옵테인 / [확장슬롯] PCIe버전 : PCIe4.0 , PCIe3.0 , PCIe / PCIex16 : 1개 / PCIex1 : 2개 / [저장장치] M.2 : 2개 / SATA3 : 4개 / M.2 연결 : PCIe4.0 , PCIe , NVMe , SATA / [후면단자] HDMI / DP / D-SUB / USB3.x 5Gbps / USB 2.0 / RJ-45 / 오디오잭 / PS/2 / [랜/오디오] 유선랜 칩셋 : Intel I219V / 1Gbps / RJ-45 : 1개 / M.2 Key-E(모듈별매) / 오디오 칩셋 : Realtek ALC887/897 / 7.1채널(8ch) / [내부I/O] USB/팬 헤더 : USB3.0 헤더 , USB2.0 헤더 / 시스템팬 4핀 : 2개 / I/O 헤더 : TPM 헤더 / [특징] UEFI 닫기",https://img.danuri.io/catalog-image/537/094/016/8261b252f6584970b5a434dd4515739b.jpg?shrink=130:130&_v=20260921080457,https://prod.danawa.com/info/?pcode=16094537&cate=112751
676,ASRock,ASRock B760M Pro RS D5 인텍앤컴퍼니,"146,530","인텔 B760 / 인텔(소켓1700) / DDR5 / VGA 연결 : PCIe5.0 x16 / M-ATX (24.4x24.4cm) / 전원부 : 7+1+1페이즈 / 페이즈당50A / Vcore출력합계 : 350A / [메모리] 7200MHz (PC5-57600) / 4개 / 메모리 용량 : 최대 256GB / XMP3.0 / [확장슬롯] PCIe버전 : PCIe5.0 , PCIe3.0 / PCIex16 : 1개 / PCIex16(at x4) : 1개 / CrossFire / [저장장치] M.2 : 3개 / SATA3 : 4개 / M.2 연결 : PCIe4.0 , NVMe / [후면단자] HDMI / DP / USB3.x 5Gbps / USB 2.0 / RJ-45 / 오디오잭 / PS/2 / USB A타입 : 5개 / USB C타입 : 1개 / [랜/오디오] 유선랜 칩셋 : Realtek RTL8125BG / 2.5Gbps / RJ-45 : 1개 / M.2 Key-E(모듈별매) / 오디오 칩셋 : Realtek ALC897 / 7.1채널(8ch) / [내부I/O] USB/팬 헤더 : 썬더볼트4 헤더 , USB3.0 헤더 , USB2.0 헤더 , USB3.0 Type C 헤더 , RGB 12V 4핀 헤더 , ARGB 5V 3핀 헤더 , 펌프전용 헤더 / 시스템팬 4핀 : 4개 / I/O 헤더 : TPM 헤더 , 침입감지 헤더 / [특징] DrMOS / 전원부 방열판 / M.2 히트싱크 / LED라이트 / UEFI 닫기",https://img.danuri.io/catalog-image/049/469/069/7afdd419172b4899985d05c9eed7d98b.jpg?shrink=130:130&_v=20260921080444,https://prod.danawa.com/info/?pcode=69469049&cate=112751
677,ASRock,ASRock H610M-HDV/M.2 R2.0 D4 에즈윈,"89,820","인텔 H610 / 인텔(소켓1700) / DDR4 / VGA 연결 : PCIe4.0 x16 / M-ATX (22.0x19.3cm) / 전원부 : 7페이즈 / [메모리] 3200MHz (PC4-25600) / 2개 / 메모리 용량 : 최대 64GB / XMP / [확장슬롯] PCIe버전 : PCIe4.0 , PCIe3.0 / PCIex16 : 1개 / PCIex1 : 1개 / [저장장치] M.2 : 1개 / SATA3 : 4개 / M.2 연결 : PCIe , NVMe / [후면단자] HDMI / DP / D-SUB / USB3.x 5Gbps / USB 2.0 / RJ-45 / 오디오잭 / PS/2 / USB A타입 : 6개 / [랜/오디오] 유선랜 칩셋 : Realtek RTL8111H / 1Gbps / RJ-45 : 1개 / 오디오 칩셋 : Realtek ALC897 / 7.1채널(8ch) / [내부I/O] USB/팬 헤더 : USB3.0 헤더 , USB2.0 헤더 / 시스템팬 4핀 : 1개 / I/O 헤더 : TPM 헤더 / [특징] UEFI 닫기",https://img.danuri.io/catalog-image/224/847/017/d0b42468e2e54726aea8e9eda8a37143.jpg?shrink=130:130&_v=20260921080455,https://prod.danawa.com/info/?pcode=17847224&cate=112751
678,ASRock,ASRock H610M-H2/M.2 D4 에즈윈 (벌크),"77,390","인텔 H610 / 인텔(소켓1700) / DDR4 / VGA 연결 : PCIe4.0 x16 / M-ATX (22.0x19.3cm) / 전원부 : 3+1+1페이즈 / [메모리] 3200MHz (PC4-25600) / 2개 / 메모리 용량 : 최대 64GB / XMP / [확장슬롯] PCIe버전 : PCIe4.0 , PCIe3.0 / PCIex16 : 1개 / PCIex1 : 1개 / [저장장치] M.2 : 1개 / SATA3 : 4개 / M.2 연결 : PCIe , NVMe / [후면단자] HDMI / USB3.x 5Gbps / USB 2.0 / RJ-45 / 오디오잭 / PS/2 / USB A타입 : 6개 / [랜/오디오] 유선랜 칩셋 : Realtek 8111H / 1Gbps / RJ-45 : 1개 / 오디오 칩셋 : Realtek ALC897/887 / [내부I/O] USB/팬 헤더 : USB3.0 헤더 , USB2.0 헤더 / 시스템팬 4핀 : 1개 / I/O 헤더 : TPM 헤더 , 프론트오디오AAFP 헤더 , 침입감지 헤더 닫기",https://img.danuri.io/catalog-image/128/623/058/299e7bcd56d34539a650a6fa5422b56f.jpg?shrink=130:130&_v=20260921080609,https://prod.danawa.com/info/?pcode=58623128&cate=112751
679,ASRock,ASRock B760M PG SONIC WiFi D5 에즈윈,"180,000","인텔 B760 / 인텔(소켓1700) / DDR5 / VGA 연결 : PCIe5.0 x16 / M-ATX (24.4x24.4cm) / 전원부 : 12+1+1페이즈 / 페이즈당50A / Vcore출력합계 : 600A / [메모리] 7200MHz (PC5-57600) / 4개 / 메모리 용량 : 최대 128GB / XMP3.0 / [확장슬롯] PCIe버전 : PCIe5.0 , PCIe4.0 / PCIex16 : 1개 / PCIex1 : 1개 / CrossFire / [저장장치] M.2 : 3개 / SATA3 : 4개 / M.2 연결 : PCIe4.0 , NVMe / [후면단자] HDMI / DP / USB3.x 10Gbps / USB3.x 5Gbps / USB 2.0 / RJ-45 / 오디오잭 / PS/2 / USB A타입 : 7개 / USB C타입 : 1개 / [랜/오디오] 유선랜 칩셋 : Realtek RTL8125BG / 2.5Gbps / RJ-45 : 1개 / 무선랜(Wi-Fi) / 블루투스 / 오디오 칩셋 : Realtek ALC897 / 7.1채널(8ch) / [내부I/O] USB/팬 헤더 : USB3.0 헤더 , USB2.0 헤더 , USB3.1 Type C 헤더 , RGB 12V 4핀 헤더 , ARGB 5V 3핀 헤더 / 시스템팬 4핀 : 3개 / I/O 헤더 : TPM 헤더 / [특징] DrMOS / 전원부 방열판 / M.2 히트싱크 / LED라이트 / UEFI 닫기",https://img.danuri.io/catalog-image/154/646/018/2e2c3823d2e042e79bccf1bd9dd00aae.jpg?shrink=130:130&_v=20260921080456,https://prod.danawa.com/info/?pcode=18646154&cate=112751
680,ASRock,ASRock B760M Pro RS D5 + WiFi6E 모듈 패키지 디앤디컴,"184,200","인텔 B760 / 인텔(소켓1700) / DDR5 / VGA 연결 : PCIe5.0 x16 / M-ATX (24.4x24.4cm) / 전원부 : 7+1+1페이즈 / 페이즈당50A / Vcore출력합계 : 350A / [메모리] 7200MHz (PC5-57600) / 4개 / 메모리 용량 : 최대 192GB / XMP3.0 / [확장슬롯] PCIe버전 : PCIe5.0 , PCIe3.0 / PCIex16 : 1개 / PCIex16(at x4) : 1개 / CrossFire / [저장장치] M.2 : 3개 / SATA3 : 4개 / M.2 연결 : PCIe4.0 , NVMe / [후면단자] HDMI / DP / USB3.x 5Gbps / USB 2.0 / RJ-45 / 오디오잭 / PS/2 / USB A타입 : 5개 / USB C타입 : 1개 / [랜/오디오] 유선랜 칩셋 : Realtek RTL8125BG / 2.5Gbps / RJ-45 : 1개 / M.2 Key-E(모듈별매) / 오디오 칩셋 : Realtek ALC897 / 7.1채널(8ch) / [내부I/O] USB/팬 헤더 : 썬더볼트4 헤더 , USB3.0 헤더 , USB2.0 헤더 , USB3.0 Type C 헤더 , RGB 12V 4핀 헤더 , ARGB 5V 3핀 헤더 / 시스템팬 4핀 : 4개 / I/O 헤더 : TPM 헤더 / [특징] DrMOS / 전원부 방열판 / M.2 히트싱크 / LED라이트 / UEFI 닫기",https://img.danuri.io/catalog-image/287/103/020/9fc3ce8e210c4da3926c34a44d76a3ed.jpg?shrink=130:130&_v=20260921080454,https://prod.danawa.com/info/?pcode=20103287&cate=112751
681,ASRock,ASRock H610M-X D5 인텍앤컴퍼니 (벌크),"84,000","인텔 H610 / 인텔(소켓1700) / DDR5 / VGA 연결 : PCIe4.0 x16 / M-ATX (22.0x19.3cm) / 전원부 : 6+1+1페이즈 / [메모리] 5600MHz (PC5-44800) / 2개 / 메모리 용량 : 최대 96GB / XMP / [확장슬롯] PCIe버전 : PCIe4.0 , PCIe3.0 / PCIex16 : 1개 / PCIex1 : 1개 / [저장장치] M.2 : 1개 / SATA3 : 4개 / M.2 연결 : PCIe , NVMe / [후면단자] HDMI / D-SUB / USB3.x 5Gbps / USB 2.0 / RJ-45 / 오디오잭 / PS/2 / USB A타입 : 6개 / [랜/오디오] 유선랜 칩셋 : Realtek RTL8125BG / 2.5Gbps / RJ-45 : 1개 / 오디오 칩셋 : Realtek ALC897/887 / [내부I/O] USB/팬 헤더 : USB3.0 헤더 , USB2.0 헤더 / 시스템팬 4핀 : 1개 / I/O 헤더 : TPM 헤더 , 프론트오디오AAFP 헤더 , 침입감지 헤더 / [특징] UEFI 닫기",https://img.danuri.io/catalog-image/680/468/069/6a8ccdaf6bcb4aa38a5909a74c1dbc67.jpg?shrink=130:130&_v=20260920080523,https://prod.danawa.com/info/?pcode=69468680&cate=112751
682,ASRock,ASRock Z790 Pro RS D5 + WiFi7 모듈 패키지 디앤디컴,"405,000","인텔 Z790 / 인텔(소켓1700) / DDR5 / VGA 연결 : PCIe5.0 x16 / ATX (30.5x24.4cm) / 전원부 : 14+1+1페이즈 / 페이즈당50A / Vcore출력합계 : 700A / [메모리] 7200MHz (PC5-57600) / 4개 / 메모리 용량 : 최대 128GB / XMP3.0 / [확장슬롯] PCIe버전 : PCIe5.0 , PCIe4.0 , PCIe3.0 / PCIex16 : 1개 / PCIex16(at x4) : 1개 / PCIex1 : 2개 / CrossFire / [저장장치] M.2 : 4개 / SATA3 : 8개 / M.2 연결 : PCIe4.0 , NVMe / [후면단자] HDMI / DP / USB3.x 10Gbps / USB3.x 5Gbps / USB 2.0 / RJ-45 / 오디오잭 / PS/2 / USB A타입 : 7개 / USB C타입 : 1개 / [랜/오디오] 유선랜 칩셋 : Realtek Dragon RTL8125BG / 2.5Gbps / RJ-45 : 1개 / M.2 Key-E(모듈별매) / 오디오 칩셋 : Realtek ALC897 / 7.1채널(8ch) / [내부I/O] USB/팬 헤더 : 썬더볼트4 헤더 , USB3.0 헤더 , USB2.0 헤더 , USB3.2 Type C 헤더 , RGB 12V 4핀 헤더 , ARGB 5V 3핀 헤더 / 시스템팬 4핀 : 5개 / I/O 헤더 : TPM 헤더 / [특징] SPS(DrMOS) / 전원부 방열판 / M.2 히트싱크 / LED라이트 / UEFI 닫기",https://img.danuri.io/catalog-image/437/959/031/35f713fc86ac497eb461f217e77dc467.jpg?shrink=130:130&_v=20260920080509,https://prod.danawa.com/info/?pcode=31959437&cate=112751
683,ASRock,ASRock Z790 Pro RS D5 + WiFi6E 모듈 패키지 디앤디컴,"386,000","인텔 Z790 / 인텔(소켓1700) / DDR5 / VGA 연결 : PCIe5.0 x16 / ATX (30.5x24.4cm) / 전원부 : 14+1+1페이즈 / 페이즈당50A / Vcore출력합계 : 700A / [메모리] 7200MHz (PC5-57600) / 4개 / 메모리 용량 : 최대 128GB / XMP3.0 / [확장슬롯] PCIe버전 : PCIe5.0 , PCIe4.0 , PCIe3.0 / PCIex16 : 1개 / PCIex16(at x4) : 1개 / PCIex1 : 2개 / CrossFire / [저장장치] M.2 : 4개 / SATA3 : 8개 / M.2 연결 : PCIe4.0 , NVMe / [후면단자] HDMI / DP / USB3.x 10Gbps / USB3.x 5Gbps / USB 2.0 / RJ-45 / 오디오잭 / PS/2 / USB A타입 : 7개 / USB C타입 : 1개 / [랜/오디오] 유선랜 칩셋 : Realtek Dragon RTL8125BG / 2.5Gbps / RJ-45 : 1개 / M.2 Key-E(모듈별매) / 오디오 칩셋 : Realtek ALC897 / 7.1채널(8ch) / [내부I/O] USB/팬 헤더 : 썬더볼트4 헤더 , USB3.0 헤더 , USB2.0 헤더 , USB3.2 Type C 헤더 , RGB 12V 4핀 헤더 , ARGB 5V 3핀 헤더 / 시스템팬 4핀 : 5개 / I/O 헤더 : TPM 헤더 / [특징] SPS(DrMOS) / 전원부 방열판 / M.2 히트싱크 / LED라이트 / UEFI / 23년 5월부로 와이파이 안테나 변경 닫기",https://img.danuri.io/catalog-image/147/012/020/51a201f76a434f9f8b2de7c40dc89da9.jpg?shrink=130:130&_v=20260921080404,https://prod.danawa.com/info/?pcode=20012147&cate=112751
684,ASRock,ASRock H610M-HDV/M.2 R2.0 D4 디앤디컴 (벌크),"87,900","인텔 H610 / 인텔(소켓1700) / DDR4 / VGA 연결 : PCIe4.0 x16 / M-ATX (22.0x19.3cm) / 전원부 : 7페이즈 / [메모리] 3200MHz (PC4-25600) / 2개 / 메모리 용량 : 최대 64GB / XMP / [확장슬롯] PCIe버전 : PCIe4.0 , PCIe3.0 / PCIex16 : 1개 / PCIex1 : 1개 / [저장장치] M.2 : 1개 / SATA3 : 4개 / M.2 연결 : PCIe , NVMe / [후면단자] HDMI / DP / D-SUB / USB3.x 5Gbps / USB 2.0 / RJ-45 / 오디오잭 / PS/2 / USB A타입 : 6개 / [랜/오디오] 유선랜 칩셋 : Realtek RTL8111H / 1Gbps / RJ-45 : 1개 / 오디오 칩셋 : Realtek ALC897/887 / 7.1채널(8ch) / [내부I/O] USB/팬 헤더 : USB3.0 헤더 , USB2.0 헤더 / 시스템팬 4핀 : 1개 / I/O 헤더 : TPM 헤더 / [특징] UEFI 닫기",https://img.danuri.io/catalog-image/603/831/017/449bddba912d400cb0a4645bb2ea7ed6.jpg?shrink=130:130&_v=20260921090354,https://prod.danawa.com/info/?pcode=17831603&cate=112751
685,ASRock,ASRock Z790 Pro RS WiFi D5 디앤디컴,"354,000","인텔 Z790 / 인텔(소켓1700) / DDR5 / VGA 연결 : PCIe5.0 x16 / ATX (30.5x24.4cm) / 전원부 : 14+1+1페이즈 / 페이즈당50A / Vcore출력합계 : 700A / [메모리] 7200MHz (PC5-57600) / 4개 / 메모리 용량 : 최대 128GB / XMP3.0 / [확장슬롯] PCIe버전 : PCIe5.0 , PCIe4.0 , PCIe3.0 / PCIex16 : 1개 / PCIex16(at x4) : 1개 / PCIex1 : 2개 / CrossFire / [저장장치] M.2 : 4개 / SATA3 : 8개 / M.2 연결 : PCIe4.0 , NVMe / [후면단자] HDMI / DP / USB3.x 10Gbps / USB3.x 5Gbps / USB 2.0 / RJ-45 / 오디오잭 / PS/2 / USB A타입 : 7개 / USB C타입 : 1개 / [랜/오디오] 유선랜 칩셋 : Realtek Dragon RTL8125BG / 2.5Gbps / RJ-45 : 1개 / 무선랜(Wi-Fi) / 블루투스 / 오디오 칩셋 : Realtek ALC897 / 7.1채널(8ch) / [내부I/O] USB/팬 헤더 : 썬더볼트4 헤더 , USB3.0 헤더 , USB2.0 헤더 , USB3.2 Type C 헤더 , RGB 12V 4핀 헤더 , ARGB 5V 3핀 헤더 / 시스템팬 4핀 : 5개 / I/O 헤더 : TPM 헤더 / [특징] SPS(DrMOS) / 전원부 방열판 / M.2 히트싱크 / LED라이트 / UEFI 닫기",https://img.danuri.io/catalog-image/645/485/018/e0a0e8cab8c142d48d755b1b26e8e76a.jpg?shrink=130:130&_v=20260919080417,https://prod.danawa.com/info/?pcode=18485645&cate=112751
686,ASRock,ASRock Z790 Pro RS D5 디앤디컴,"351,000","인텔 Z790 / 인텔(소켓1700) / DDR5 / VGA 연결 : PCIe5.0 x16 / ATX (30.5x24.4cm) / 전원부 : 14+1+1페이즈 / 페이즈당50A / Vcore출력합계 : 700A / [메모리] 7200MHz (PC5-57600) / 4개 / 메모리 용량 : 최대 128GB / XMP3.0 / [확장슬롯] PCIe버전 : PCIe5.0 , PCIe4.0 , PCIe3.0 / PCIex16 : 1개 / PCIex16(at x4) : 1개 / PCIex1 : 2개 / CrossFire / [저장장치] M.2 : 4개 / SATA3 : 8개 / M.2 연결 : PCIe4.0 , NVMe / [후면단자] HDMI / DP / USB3.x 10Gbps / USB3.x 5Gbps / USB 2.0 / RJ-45 / 오디오잭 / PS/2 / USB A타입 : 7개 / USB C타입 : 1개 / [랜/오디오] 유선랜 칩셋 : Realtek Dragon RTL8125BG / 2.5Gbps / RJ-45 : 1개 / M.2 Key-E(모듈별매) / 오디오 칩셋 : Realtek ALC897 / 7.1채널(8ch) / [내부I/O] USB/팬 헤더 : 썬더볼트4 헤더 , USB3.0 헤더 , USB2.0 헤더 , USB3.2 Type C 헤더 , RGB 12V 4핀 헤더 , ARGB 5V 3핀 헤더 / 시스템팬 4핀 : 5개 / I/O 헤더 : TPM 헤더 / [특징] SPS(DrMOS) / 전원부 방열판 / M.2 히트싱크 / LED라이트 / UEFI 닫기",https://img.danuri.io/catalog-image/353/060/018/e8f6652e940e4bfd83c2ece721b9bc8f.jpg?shrink=130:130&_v=20260921080442,https://prod.danawa.com/info/?pcode=18060353&cate=112751
687,ASRock,ASRock B760M Pro-A 에즈윈,"171,500","인텔 B760 / 인텔(소켓1700) / DDR5 / VGA 연결 : PCIe5.0 x16 / M-ATX (24.4x24.4cm) / 전원부 : 7+1+1페이즈 / 페이즈당50A / Vcore출력합계 : 350A / [메모리] 7200MHz (PC5-57600) / 4개 / 메모리 용량 : 최대 192GB / XMP3.0 / EXPO / [확장슬롯] PCIe버전 : PCIe5.0 , PCIe3.0 / PCIex16 : 1개 / PCIex16(at x4) : 1개 / [저장장치] M.2 : 3개 / SATA3 : 4개 / M.2 연결 : PCIe4.0 , NVMe / [후면단자] HDMI / DP / USB3.x 5Gbps / USB 2.0 / RJ-45 / 오디오잭 / PS/2 / USB A타입 : 5개 / USB C타입 : 1개 / [랜/오디오] 유선랜 칩셋 : Realtek RTL8125BG / 2.5Gbps / RJ-45 : 1개 / M.2 Key-E(모듈별매) / 오디오 칩셋 : Realtek ALC897 / [내부I/O] USB/팬 헤더 : 썬더볼트4 헤더 , USB3.0 헤더 , USB2.0 헤더 , USB3.0 Type C 헤더 , RGB 12V 4핀 헤더 , ARGB 5V 3핀 헤더 , CPU추가팬(OPT) 헤더 / 시스템팬 4핀 : 4개 / I/O 헤더 : TPM 헤더 , 프론트오디오AAFP 헤더 , 침입감지 헤더 / [특징] DrMOS / 전원부 방열판 / M.2 히트싱크 / LED라이트 / UEFI 닫기",https://img.danuri.io/catalog-image/255/895/040/9c5a818516b74b3eb2a0356166947d05.jpg?shrink=130:130&_v=20260918080528,https://prod.danawa.com/info/?pcode=40895255&cate=112751
688,ASRock,ASRock H610M-HVS M.2 R2.0 D4 대원씨티에스,"95,000","인텔 H610 / 인텔(소켓1700) / DDR4 / VGA 연결 : PCIe4.0 x16 / M-ATX (22.0x19.3cm) / 전원부 : 6+1+1페이즈 / [메모리] 3200MHz (PC4-25600) / 2개 / 메모리 용량 : 최대 64GB / XMP / [확장슬롯] PCIe버전 : PCIe4.0 , PCIe3.0 / PCIex16 : 1개 / PCIex1 : 1개 / [저장장치] M.2 : 1개 / SATA3 : 4개 / M.2 연결 : PCIe , NVMe / [후면단자] HDMI / D-SUB / USB3.x 5Gbps / USB 2.0 / RJ-45 / 오디오잭 / PS/2 / USB A타입 : 6개 / [랜/오디오] 유선랜 칩셋 : Realtek RTL8111H / 1Gbps / RJ-45 : 1개 / 오디오 칩셋 : Realtek ALC897/887 / 7.1채널(8ch) / [내부I/O] USB/팬 헤더 : USB3.0 헤더 , USB2.0 헤더 , CPU추가팬(OPT) 헤더 / 시스템팬 4핀 : 1개 / I/O 헤더 : TPM 헤더 , 침입감지 헤더 / [특징] UEFI 닫기",https://img.danuri.io/catalog-image/134/880/029/90d5a8aad6424951bd793bf26a18b098.jpg?shrink=130:130&_v=20260920080523,https://prod.danawa.com/info/?pcode=29880134&cate=112751
689,ASRock,ASRock B760M Pro RS D5 + WiFi6E 모듈 패키지 에즈윈,"225,000","인텔 B760 / 인텔(소켓1700) / DDR5 / VGA 연결 : PCIe5.0 x16 / M-ATX (24.4x24.4cm) / 전원부 : 7+1+1페이즈 / 페이즈당50A / Vcore출력합계 : 350A / [메모리] 7200MHz (PC5-57600) / 4개 / 메모리 용량 : 최대 192GB / XMP3.0 / [확장슬롯] PCIe버전 : PCIe5.0 , PCIe3.0 / PCIex16 : 1개 / PCIex16(at x4) : 1개 / CrossFire / [저장장치] M.2 : 3개 / SATA3 : 4개 / M.2 연결 : PCIe4.0 , NVMe / [후면단자] HDMI / DP / USB3.x 5Gbps / USB 2.0 / RJ-45 / 오디오잭 / PS/2 / USB A타입 : 5개 / USB C타입 : 1개 / [랜/오디오] 유선랜 칩셋 : Realtek RTL8125BG / 2.5Gbps / RJ-45 : 1개 / 무선랜(Wi-Fi) / 블루투스 / 오디오 칩셋 : Realtek ALC897 / 7.1채널(8ch) / [내부I/O] USB/팬 헤더 : 썬더볼트4 헤더 , USB3.0 헤더 , USB2.0 헤더 , USB3.0 Type C 헤더 , RGB 12V 4핀 헤더 , ARGB 5V 3핀 헤더 / 시스템팬 4핀 : 4개 / I/O 헤더 : TPM 헤더 / [특징] DrMOS / 전원부 방열판 / M.2 히트싱크 / LED라이트 / UEFI 닫기",https://img.danuri.io/catalog-image/927/638/030/78d93f556a9b4ce1b840a4c428b3fa12.jpg?shrink=130:130&_v=20260920080509,https://prod.danawa.com/info/?pcode=30638927&cate=112751
690,ASRock,ASRock Z790 Pro RS WiFi D5 에즈윈,"389,000","인텔 Z790 / 인텔(소켓1700) / DDR5 / VGA 연결 : PCIe5.0 x16 / ATX (30.5x24.4cm) / 전원부 : 14+1+1페이즈 / 페이즈당50A / Vcore출력합계 : 700A / [메모리] 7200MHz (PC5-57600) / 4개 / 메모리 용량 : 최대 128GB / XMP3.0 / [확장슬롯] PCIe버전 : PCIe5.0 , PCIe4.0 , PCIe3.0 / PCIex16 : 1개 / PCIex16(at x4) : 1개 / PCIex1 : 2개 / CrossFire / [저장장치] M.2 : 4개 / SATA3 : 8개 / M.2 연결 : PCIe4.0 , NVMe / [후면단자] HDMI / DP / USB3.x 10Gbps / USB3.x 5Gbps / USB 2.0 / RJ-45 / 오디오잭 / PS/2 / USB A타입 : 7개 / USB C타입 : 1개 / [랜/오디오] 유선랜 칩셋 : Realtek Dragon RTL8125BG / 2.5Gbps / RJ-45 : 1개 / 무선랜(Wi-Fi) / 블루투스 / 오디오 칩셋 : Realtek ALC897 / 7.1채널(8ch) / [내부I/O] USB/팬 헤더 : 썬더볼트4 헤더 , USB3.0 헤더 , USB2.0 헤더 , USB3.2 Type C 헤더 , RGB 12V 4핀 헤더 , ARGB 5V 3핀 헤더 / 시스템팬 4핀 : 5개 / I/O 헤더 : TPM 헤더 / [특징] SPS(DrMOS) / 전원부 방열판 / M.2 히트싱크 / LED라이트 / UEFI 닫기",https://img.danuri.io/catalog-image/485/348/018/02673a236871468e8df88cf112cdc42e.jpg?shrink=130:130&_v=20260918080527,https://prod.danawa.com/info/?pcode=18348485&cate=112751
691,ASRock,ASRock H610M-HVS M.2 R2.0 D4 인텍앤컴퍼니,"97,200","인텔 H610 / 인텔(소켓1700) / DDR4 / VGA 연결 : PCIe4.0 x16 / M-ATX (22.0x19.3cm) / 전원부 : 6+1+1페이즈 / [메모리] 3200MHz (PC4-25600) / 2개 / 메모리 용량 : 최대 64GB / XMP / [확장슬롯] PCIe버전 : PCIe4.0 , PCIe3.0 / PCIex16 : 1개 / PCIex1 : 1개 / [저장장치] M.2 : 1개 / SATA3 : 4개 / M.2 연결 : PCIe , NVMe , SATA / [후면단자] HDMI / D-SUB / USB3.x 5Gbps / USB 2.0 / RJ-45 / 오디오잭 / PS/2 / USB A타입 : 6개 / [랜/오디오] 유선랜 칩셋 : Realtek RTL8111H / 1Gbps / RJ-45 : 1개 / 오디오 칩셋 : Realtek ALC897/887 / 7.1채널(8ch) / [내부I/O] USB/팬 헤더 : USB3.0 헤더 , USB2.0 헤더 , CPU추가팬(OPT) 헤더 / 시스템팬 4핀 : 1개 / I/O 헤더 : TPM 헤더 , 침입감지 헤더 / [특징] UEFI 닫기",https://img.danuri.io/catalog-image/782/468/069/471703a3f95f4cc0a3729eab2e648406.jpg?shrink=130:130&_v=20260917080519,https://prod.danawa.com/info/?pcode=69468782&cate=112751
692,ASRock,ASRock H610M-H2/M.2 D4 디앤디컴 (벌크),"73,190","인텔 H610 / 인텔(소켓1700) / DDR4 / VGA 연결 : PCIe4.0 x16 / M-ATX (22.0x19.3cm) / 전원부 : 3+1+1페이즈 / [메모리] 3200MHz (PC4-25600) / 2개 / 메모리 용량 : 최대 64GB / XMP / [확장슬롯] PCIe버전 : PCIe4.0 , PCIe3.0 / PCIex16 : 1개 / PCIex1 : 1개 / [저장장치] M.2 : 1개 / SATA3 : 4개 / M.2 연결 : PCIe , NVMe / [후면단자] HDMI / USB3.x 5Gbps / USB 2.0 / RJ-45 / 오디오잭 / PS/2 / USB A타입 : 6개 / [랜/오디오] 유선랜 칩셋 : Realtek 8111H / 1Gbps / RJ-45 : 1개 / 오디오 칩셋 : Realtek ALC897/887 / [내부I/O] USB/팬 헤더 : USB3.0 헤더 , USB2.0 헤더 / 시스템팬 4핀 : 1개 / I/O 헤더 : TPM 헤더 , 프론트오디오AAFP 헤더 , 침입감지 헤더 닫기",https://img.danuri.io/catalog-image/064/827/059/c79713a8bb454a189effcf29af931243.jpg?shrink=130:130&_v=20260921124819,https://prod.danawa.com/info/?pcode=59827064&cate=112751
693,ASRock,ASRock B760M Pro-A/D4 + WiFi7 모듈 패키지 디앤디컴,"187,570","인텔(소켓1700) / 인텔 B760 / DDR4 / VGA 연결 : PCIe4.0 x16 / M-ATX (24.4x24.4cm) / 전원부 : 7+1+1페이즈 / 60A / Vcore출력합계 : 420 / 메모리 5333MHz (PC4-42600) / 4개 / 메모리 용량 : 최대 128GB / XMP / 확장슬롯 PCIe버전 : PCIe4.0 / PCIex16 : 1개 / PCIex16(at x4) : 1개 / PCIex1 : 1개 / CrossFire / 저장장치 SATA3 : 4개 / M.2 : 2개 / M.2 연결 : PCIe4.0 , NVMe / 후면단자 HDMI / DP / USB3.x 5Gbps / USB 2.0 / RJ-45 / 오디오잭 / PS/2 / USB A타입 : 5개 / USB C타입 : 1개 / 랜/오디오 유선랜 칩셋 : Realtek RTL8125BG / 2.5Gbps / RJ-45 : 1개 / 무선랜(Wi-Fi) / 블루투스 / 오디오 칩셋 : Realtek ALC897 / 7.1채널(8ch) / 내부I/O USB/팬 헤더 : 썬더볼트4 헤더 , USB3.0 헤더 , USB2.0 헤더 , USB3.0 Type C 헤더 , RGB 12V 4핀 헤더 , ARGB 5V 3핀 헤더 / 시스템팬 4핀 : 4개 / I/O 헤더 : TPM 헤더 / 특징 DrMOS / 전원부 방열판 / M.2 히트싱크 / LED라이트 / UEFI 닫기",https://img.danuri.io/catalog-image/434/678/122/7c7b00370e3143098c5cf7ffd703c9e2.jpeg?shrink=130:130&_v=20260921124834,https://prod.danawa.com/info/?pcode=122678434&cate=112751
694,ASRock,ASRock B760M Pro-A/D4 + WiFi6E 모듈 패키지 디앤디컴,"165,440","인텔(소켓1700) / 인텔 B760 / DDR4 / VGA 연결 : PCIe4.0 x16 / M-ATX (24.4x24.4cm) / 전원부 : 7+1+1페이즈 / 60A / Vcore출력합계 : 420 / 메모리 5333MHz (PC4-42600) / 4개 / 메모리 용량 : 최대 128GB / XMP / 확장슬롯 PCIe버전 : PCIe4.0 / PCIex16 : 1개 / PCIex16(at x4) : 1개 / PCIex1 : 1개 / CrossFire / 저장장치 SATA3 : 4개 / M.2 : 2개 / M.2 연결 : PCIe4.0 , NVMe / 후면단자 HDMI / DP / USB3.x 5Gbps / USB 2.0 / RJ-45 / 오디오잭 / PS/2 / USB A타입 : 5개 / USB C타입 : 1개 / 랜/오디오 유선랜 칩셋 : Realtek RTL8125BG / 2.5Gbps / RJ-45 : 1개 / 무선랜(Wi-Fi) / 블루투스 / 오디오 칩셋 : Realtek ALC897 / 7.1채널(8ch) / 내부I/O USB/팬 헤더 : 썬더볼트4 헤더 , USB3.0 헤더 , USB2.0 헤더 , USB3.0 Type C 헤더 , RGB 12V 4핀 헤더 , ARGB 5V 3핀 헤더 / 시스템팬 4핀 : 4개 / I/O 헤더 : TPM 헤더 / 특징 DrMOS / 전원부 방열판 / M.2 히트싱크 / LED라이트 / UEFI 닫기",https://img.danuri.io/catalog-image/463/678/122/11676ac2b83d4e3d831b9dd1f19c725f.jpeg?shrink=130:130&_v=20260921124808,https://prod.danawa.com/info/?pcode=122678463&cate=112751
695,ASRock,ASRock H610M-H2/M.2 D4 디앤디컴,"74,820","인텔 H610 / 인텔(소켓1700) / DDR4 / VGA 연결 : PCIe4.0 x16 / M-ATX (22.0x19.3cm) / 전원부 : 3+1+1페이즈 / [메모리] 3200MHz (PC4-25600) / 2개 / 메모리 용량 : 최대 64GB / XMP / [확장슬롯] PCIe버전 : PCIe4.0 , PCIe3.0 / PCIex16 : 1개 / PCIex1 : 1개 / [저장장치] M.2 : 1개 / SATA3 : 4개 / M.2 연결 : PCIe , NVMe / [후면단자] HDMI / USB3.x 5Gbps / USB 2.0 / RJ-45 / 오디오잭 / PS/2 / USB A타입 : 6개 / [랜/오디오] 유선랜 칩셋 : Realtek 8111H / 1Gbps / RJ-45 : 1개 / 오디오 칩셋 : Realtek ALC897/887 / [내부I/O] USB/팬 헤더 : USB3.0 헤더 , USB2.0 헤더 / 시스템팬 4핀 : 1개 / I/O 헤더 : TPM 헤더 , 프론트오디오AAFP 헤더 , 침입감지 헤더 닫기",https://img.danuri.io/catalog-image/524/826/059/e03a4ca7370f4e749c0abbc0dc7512ab.jpg?shrink=130:130&_v=20260921110110,https://prod.danawa.com/info/?pcode=59826524&cate=112751
696,ASRock,ASRock H610M-X D5 디앤디컴,"94,490","인텔 H610 / 인텔(소켓1700) / DDR5 / VGA 연결 : PCIe4.0 x16 / M-ATX (22.0x19.3cm) / 전원부 : 6+1+1페이즈 / [메모리] 5600MHz (PC5-44800) / 2개 / 메모리 용량 : 최대 96GB / XMP / [확장슬롯] PCIe버전 : PCIe4.0 , PCIe3.0 / PCIex16 : 1개 / PCIex1 : 1개 / [저장장치] M.2 : 1개 / SATA3 : 4개 / M.2 연결 : PCIe , NVMe / [후면단자] HDMI / D-SUB / USB3.x 5Gbps / USB 2.0 / RJ-45 / 오디오잭 / PS/2 / USB A타입 : 6개 / [랜/오디오] 유선랜 칩셋 : Realtek RTL8125BG / 2.5Gbps / RJ-45 : 1개 / 오디오 칩셋 : Realtek ALC897/887 / [내부I/O] USB/팬 헤더 : USB3.0 헤더 , USB2.0 헤더 , CPU추가팬(OPT) 헤더 / 시스템팬 4핀 : 1개 / I/O 헤더 : TPM 헤더 , 프론트오디오AAFP 헤더 , 침입감지 헤더 / [특징] UEFI 닫기",https://img.danuri.io/catalog-image/650/087/063/34efc4d17e874c4e828a7733607dc82e.jpg?shrink=130:130&_v=20260921110328,https://prod.danawa.com/info/?pcode=63087650&cate=112751
697,ASRock,ASRock H610M-X D5 디앤디컴 (벌크),"69,000","인텔(소켓1700) / 인텔 H610 / DDR5 / VGA 연결 : PCIe4.0 x16 / M-ATX (22.0x19.3cm) / 전원부 : 6+1+1페이즈 / 메모리 5600MHz (PC5-44800) / 2개 / 메모리 용량 : 최대 96GB / XMP / 확장슬롯 PCIe버전 : PCIe4.0 , PCIe3.0 / PCIex16 : 1개 / PCIex1 : 1개 / 저장장치 SATA3 : 4개 / M.2 : 1개 / M.2 연결 : PCIe , NVMe / 후면단자 HDMI / D-SUB / USB3.x 5Gbps / USB 2.0 / RJ-45 / 오디오잭 / PS/2 / USB A타입 : 6개 / 랜/오디오 유선랜 칩셋 : Realtek RTL8125BG / 2.5Gbps / RJ-45 : 1개 / 오디오 칩셋 : Realtek ALC897/887 / 내부I/O USB/팬 헤더 : USB3.0 헤더 , USB2.0 헤더 , CPU추가팬(OPT) 헤더 / 시스템팬 4핀 : 1개 / I/O 헤더 : TPM 헤더 , 프론트오디오AAFP 헤더 , 침입감지 헤더 / 특징 UEFI 닫기",https://img.danuri.io/catalog-image/087/140/063/9a45889476a54dbca464ca119db5f407.jpg?shrink=130:130&_v=20260921092616,https://prod.danawa.com/info/?pcode=63140087&cate=112751
698,ASRock,ASRock H610TM-ITX 에즈윈,"208,990","인텔 H610 / 인텔(소켓1700) / DDR4 / M-iTX (17.0x17.0cm) / 전원부 : 4페이즈 / [메모리] 3200MHz (PC4-25600) / 2개 / 메모리 용량 : 최대 64GB / XMP / [저장장치] M.2 : 2개 / SATA3 : 2개 / M.2 연결 : PCIe5.0 , PCIe , NVMe , SATA / [후면단자] HDMI / D-SUB / USB3.x 10Gbps / USB 2.0 / RJ-45 / 오디오잭 / USB A타입 : 4개 / [랜/오디오] 유선랜 칩셋 : Realtek RTL8111H / 1Gbps / RJ-45 : 1개 / M.2 Key-E(모듈별매) / 오디오 칩셋 : Realtek ALC269 / [내부I/O] I/O 헤더 : 프론트오디오AAFP 헤더 , 침입감지 헤더 , 온도 센서 닫기",https://img.danuri.io/catalog-image/837/187/103/e67e49fd28e44026ac46cdbdbe22f4a1.jpg?shrink=130:130&_v=20260921080609,https://prod.danawa.com/info/?pcode=103187837&cate=112751
699,ASRock,ASRock B860M LiveMixer WiFi 인텍앤컴퍼니,"208,800","인텔(소켓1851) / 인텔 B860 / DDR5 / VGA 연결 : PCIe5.0 x16 / M-ATX (24.4x24.4cm) / 전원부 : 10+1+1+1+1페이즈 / 60A / Vcore출력합계 : 600 / [메모리] 8666MHz (PC5-69300) / 4개 / 메모리 용량 : 최대 256GB / XMP3.0 / [확장슬롯] PCIe버전 : PCIe5.0 , PCIe4.0 / PCIex16 : 1개 / PCIex16(at x4) : 1개 / [저장장치] SATA3 : 4개 / M.2 : 3개 / M.2 연결 : PCIe5.0 , PCIe4.0 , NVMe / [후면단자] HDMI / Type-C / 썬더볼트4 / USB3.x 5Gbps / USB 2.0 / RJ-45 / S/PDIF / 오디오잭 / BIOS플래시백 / USB A타입 : 12개 / USB C타입 : 1개 / [랜/오디오] 유선랜 칩셋 : Dragon RTL8125BG / 2.5Gbps / RJ-45 : 1개 / 무선랜(Wi-Fi) / 블루투스 / 오디오 칩셋 : Realtek ALC1220 / 7.1채널(8ch) / [내부I/O] USB/팬 헤더 : USB3.0 헤더 , USB2.0 헤더 , USB3.0 Type C 헤더 , RGB 12V 4핀 헤더 , ARGB 5V 3핀 헤더 , CPU추가팬(OPT) 헤더 , 펌프전용 헤더 / 시스템팬 4핀 : 3개 / I/O 헤더 : TPM 헤더 , 프론트오디오AAFP 헤더 , 온도 센서 / [특징] DrMOS / 전원부 방열판 / M.2 히트싱크 / 일체형IO실드 / LED라이트 / UEFI 닫기",https://img.danuri.io/catalog-image/334/116/074/2819b0b57f2e468b998b0fbb181f9099.jpg?shrink=130:130&_v=20260921080609,https://prod.danawa.com/info/?pcode=74116334&cate=112751
700,ASRock,ASRock B860M Pro RS 에즈윈,"200,660","인텔(소켓1851) / 인텔 B860 / DDR5 / VGA 연결 : PCIe5.0 x16 / M-ATX (24.4x24.4cm) / 전원부 : 10+1+1+1+1페이즈 / 50A / Vcore출력합계 : 500 / [메모리] 8666MHz (PC5-69300) / 4개 / 메모리 용량 : 최대 256GB / XMP3.0 / [확장슬롯] PCIe버전 : PCIe5.0 , PCIe4.0 / PCIex16 : 1개 / PCIex4 : 1개 / [저장장치] SATA3 : 4개 / M.2 : 3개 / M.2 연결 : PCIe5.0 , PCIe4.0 , NVMe / [후면단자] HDMI / DP / USB3.x 20Gbps / USB3.x 5Gbps / USB 2.0 / RJ-45 / 오디오잭 / BIOS플래시백 / USB A타입 : 5개 / USB C타입 : 1개 / [랜/오디오] 유선랜 칩셋 : Realtek RTL8125BG / 2.5Gbps / RJ-45 : 1개 / M.2 Key-E(모듈별매) / 오디오 칩셋 : Realtek ALC897 / 7.1채널(8ch) / [내부I/O] USB/팬 헤더 : USB3.0 헤더 , USB2.0 헤더 , USB3.0 Type C 헤더 , RGB 12V 4핀 헤더 , ARGB 5V 3핀 헤더 , CPU추가팬(OPT) 헤더 , 펌프전용 헤더 / 시스템팬 4핀 : 3개 / I/O 헤더 : TPM 헤더 , 프론트오디오AAFP 헤더 / [특징] DrMOS / 전원부 방열판 / M.2 히트싱크 / 일체형IO실드 / LED라이트 / UEFI 닫기",https://img.danuri.io/catalog-image/710/013/074/e7c7b1fef00c4a2987fffdfc30f992f0.jpg?shrink=130:130&_v=20260921092615,https://prod.danawa.com/info/?pcode=74013710&cate=112751
701,ASRock,ASRock Z890 Pro RS WiFi White 디앤디컴,"344,590","인텔 Z890 / 인텔(소켓1851) / DDR5 / VGA 연결 : PCIe5.0 x16 / ATX (30.5x24.4cm) / 전원부 : 16+1+1+1+1페이즈 / 페이즈당50A / Vcore출력합계 : 800A / [메모리] 9066MHz (PC5-72500) / 4개 / 메모리 용량 : 최대 256GB / XMP3.0 / [확장슬롯] PCIe버전 : PCIe5.0 , PCIe4.0 / PCIex16 : 1개 / PCIex4 : 2개 / PCIex1 : 1개 / [저장장치] M.2 : 4개 / SATA3 : 4개 / M.2 연결 : PCIe5.0 , PCIe4.0 , NVMe , SATA / [후면단자] HDMI / DP / Type-C / 썬더볼트4 / USB3.x 10Gbps / USB3.x 5Gbps / USB 2.0 / RJ-45 / 오디오잭 / BIOS플래시백 / USB A타입 : 7개 / USB C타입 : 2개 / [랜/오디오] 유선랜 칩셋 : Dragon RTL8125BG / 2.5Gbps / RJ-45 : 1개 / 무선랜(Wi-Fi) / 블루투스 / 오디오 칩셋 : Realtek ALC897 / 7.1채널(8ch) / [내부I/O] USB/팬 헤더 : USB3.0 헤더 , USB2.0 헤더 , USB3.2 Type C 헤더 , RGB 12V 4핀 헤더 , ARGB 5V 3핀 헤더 , CPU추가팬(OPT) 헤더 , 펌프전용 헤더 / 시스템팬 4핀 : 5개 / I/O 헤더 : TPM 헤더 , 프론트오디오AAFP 헤더 / [특징] DrMOS / 전원부 방열판 / M.2 히트싱크 / 일체형IO실드 / LED라이트 / UEFI 닫기",https://img.danuri.io/catalog-image/251/010/071/0cc207e6283f4f7aaf29f0946d7460cc.jpg?shrink=130:130&_v=20260921092704,https://prod.danawa.com/info/?pcode=71010251&cate=112751
702,ASRock,ASRock Z890 Nova WiFi 에즈윈,"529,000","인텔 Z890 / 인텔(소켓1851) / DDR5 / VGA 연결 : PCIe5.0 x16 / ATX (30.5x24.4cm) / 전원부 : 20+1+2+1+1페이즈 / 페이즈당110A / Vcore출력합계 : 2200A / [메모리] 9200MHz (PC5-73600) / 4개 / 메모리 용량 : 최대 256GB / XMP3.0 / [확장슬롯] PCIe버전 : PCIe5.0 , PCIe4.0 / PCIex16 : 1개 / PCIex16(at x4) : 1개 / [저장장치] M.2 : 6개 / SATA3 : 4개 / M.2 연결 : PCIe5.0 , PCIe4.0 , PCIe 레인공유 / [후면단자] HDMI / Type-C / 썬더볼트4 / USB3.x 10Gbps / USB3.x 5Gbps / USB 2.0 / RJ-45 / S/PDIF / 오디오잭 / BIOS플래시백 / 클리어CMOS / USB A타입 : 10개 / USB C타입 : 2개 / [랜/오디오] 유선랜 칩셋 : Realtek RTL8126, Killer E3100G / 5Gbps, 2.5Gbps / RJ-45 : 2개 / 듀얼LAN / 무선랜(Wi-Fi) / 블루투스 / 오디오 칩셋 : Realtek ALC4082 / 7.1채널(8ch) / [내부I/O] USB/팬 헤더 : USB3.0 헤더 , USB2.0 헤더 , USB3.2 Type C 헤더 , RGB 12V 4핀 헤더 , ARGB 5V 3핀 헤더 , CPU추가팬(OPT) 헤더 , 펌프전용 헤더 / 시스템팬 4핀 : 4+1개 / I/O 헤더 : TPM 헤더 , 디버그LED , 프론트오디오AAFP 헤더 , 온도 센서 / [특징] SPS(DrMOS) / 전원부 방열판 / M.2 히트싱크 / 일체형IO실드 / LED라이트 / UEFI 닫기",https://img.danuri.io/catalog-image/320/471/069/78c32e4d6d8841ceb20dd5d1c5573e10.jpg?shrink=130:130&_v=20260921080457,https://prod.danawa.com/info/?pcode=69471320&cate=112751
703,ASRock,ASRock Z890 Pro RS WiFi White 에즈윈,"343,370","인텔 Z890 / 인텔(소켓1851) / DDR5 / VGA 연결 : PCIe5.0 x16 / ATX (30.5x24.4cm) / 전원부 : 16+1+1+1+1페이즈 / 페이즈당50A / Vcore출력합계 : 800A / [메모리] 8666MHz (PC5-69300) / 4개 / 메모리 용량 : 최대 256GB / XMP3.0 / [확장슬롯] PCIe버전 : PCIe5.0 , PCIe4.0 / PCIex16 : 1개 / PCIex4 : 2개 / PCIex1 : 1개 / [저장장치] M.2 : 4개 / SATA3 : 4개 / M.2 연결 : PCIe5.0 , PCIe4.0 , NVMe , SATA / [후면단자] HDMI / DP / Type-C / 썬더볼트4 / USB3.x 10Gbps / USB3.x 5Gbps / USB 2.0 / RJ-45 / 오디오잭 / BIOS플래시백 / USB A타입 : 7개 / USB C타입 : 2개 / [랜/오디오] 유선랜 칩셋 : Dragon RTL8125BG / 2.5Gbps / RJ-45 : 1개 / 무선랜(Wi-Fi) / 블루투스 / 오디오 칩셋 : Realtek ALC897 / 7.1채널(8ch) / [내부I/O] USB/팬 헤더 : USB3.0 헤더 , USB2.0 헤더 , USB3.2 Type C 헤더 , RGB 12V 4핀 헤더 , ARGB 5V 3핀 헤더 , CPU추가팬(OPT) 헤더 , 펌프전용 헤더 / 시스템팬 4핀 : 5개 / I/O 헤더 : TPM 헤더 , 프론트오디오AAFP 헤더 / [특징] DrMOS / 전원부 방열판 / M.2 히트싱크 / 일체형IO실드 / LED라이트 / UEFI 닫기",https://img.danuri.io/catalog-image/816/687/068/939e077ec3ec4e2eaceb31c8c6065b43.jpg?shrink=130:130&_v=20260921142928,https://prod.danawa.com/info/?pcode=68687816&cate=112751
704,ASRock,ASRock Z890 Nova WiFi 인텍앤컴퍼니,"490,500","인텔 Z890 / 인텔(소켓1851) / DDR5 / VGA 연결 : PCIe5.0 x16 / ATX (30.5x24.4cm) / 전원부 : 20+1+2+1+1페이즈 / 페이즈당110A / Vcore출력합계 : 2200A / [메모리] 9600MHz (PC5-76800) / 4개 / 메모리 용량 : 최대 256GB / XMP3.0 / [확장슬롯] PCIe버전 : PCIe5.0 , PCIe4.0 / PCIex16 : 1개 / PCIex16(at x4) : 1개 / [저장장치] M.2 : 6개 / SATA3 : 4개 / M.2 연결 : PCIe5.0 , PCIe4.0 , PCIe 레인공유 / [후면단자] HDMI / Type-C / 썬더볼트4 / USB3.x 10Gbps / USB3.x 5Gbps / USB 2.0 / RJ-45 / S/PDIF / 오디오잭 / BIOS플래시백 / 클리어CMOS / USB A타입 : 10개 / USB C타입 : 2개 / [랜/오디오] 유선랜 칩셋 : Realtek RTL8126, Killer E3100G / 5Gbps, 2.5Gbps / RJ-45 : 2개 / 듀얼LAN / 무선랜(Wi-Fi) / 블루투스 / 오디오 칩셋 : Realtek ALC4082 / 7.1채널(8ch) / [내부I/O] USB/팬 헤더 : USB3.0 헤더 , USB2.0 헤더 , USB3.2 Type C 헤더 , RGB 12V 4핀 헤더 , ARGB 5V 3핀 헤더 , CPU추가팬(OPT) 헤더 , 펌프전용 헤더 / 시스템팬 4핀 : 4+1개 / I/O 헤더 : TPM 헤더 , 디버그LED , 프론트오디오AAFP 헤더 , 온도 센서 / [특징] SPS(DrMOS) / 전원부 방열판 / M.2 히트싱크 / 일체형IO실드 / LED라이트 닫기",https://img.danuri.io/catalog-image/301/868/069/dc3f9a6078774026b84b987c07606743.jpg?shrink=130:130&_v=20260921080622,https://prod.danawa.com/info/?pcode=69868301&cate=112751
705,ASRock,ASRock Z890 Pro RS WiFi 인텍앤컴퍼니,"318,500","인텔 Z890 / 인텔(소켓1851) / DDR5 / VGA 연결 : PCIe5.0 x16 / ATX (30.5x24.4cm) / 전원부 : 16+1+1+1+1페이즈 / [메모리] 9066MHz (PC5-72500) / 4개 / 메모리 용량 : 최대 256GB / XMP3.0 / [확장슬롯] PCIe버전 : PCIe5.0 , PCIe4.0 / PCIex16 : 1개 / PCIex4 : 2개 / PCIex1 : 1개 / [저장장치] M.2 : 4개 / SATA3 : 4개 / M.2 연결 : PCIe5.0 , PCIe4.0 , NVMe , SATA / [후면단자] HDMI / DP / Type-C / 썬더볼트4 / USB3.x 10Gbps / USB3.x 5Gbps / USB 2.0 / RJ-45 / 오디오잭 / BIOS플래시백 / USB A타입 : 7개 / USB C타입 : 2개 / [랜/오디오] 유선랜 칩셋 : Dragon RTL8125BG / 2.5Gbps / RJ-45 : 1개 / 무선랜(Wi-Fi) / 블루투스 / 오디오 칩셋 : Realtek ALC897 / 7.1채널(8ch) / [내부I/O] USB/팬 헤더 : USB3.0 헤더 , USB2.0 헤더 , USB3.2 Type C 헤더 , RGB 12V 4핀 헤더 , ARGB 5V 3핀 헤더 , CPU추가팬(OPT) 헤더 , 펌프전용 헤더 / 시스템팬 4핀 : 5개 / I/O 헤더 : TPM 헤더 , 프론트오디오AAFP 헤더 / [특징] DrMOS / 전원부 방열판 / M.2 히트싱크 / 일체형IO실드 / LED라이트 / UEFI 닫기",https://img.danuri.io/catalog-image/478/868/069/3d03cd2d9be64c9fbee04f9a18dc2eb9.jpg?shrink=130:130&_v=20260921080443,https://prod.danawa.com/info/?pcode=69868478&cate=112751
706,ASRock,ASRock B860 Rock WiFi7 인텍앤컴퍼니,"221,520","인텔(소켓1851) / 인텔 B860 / DDR5 / VGA 연결 : PCIe5.0 x16 / ATX (30.5x24.4cm) / 전원부 : 11~12페이즈 / [메모리] 8666MHz (PC5-69300) / 4개 / 메모리 용량 : 최대 256GB / XMP3.0 / [확장슬롯] PCIe버전 : PCIe5.0 , PCIe4.0 / PCIex16 : 1개 / PCIex16(at x4) : 1개 / [저장장치] SATA3 : 4개 / M.2 : 3개 / M.2 연결 : PCIe5.0 , PCIe4.0 , NVMe / [후면단자] HDMI / USB3.x 5Gbps / USB 2.0 / RJ-45 / 오디오잭 / USB A타입 : 8개 / USB C타입 : 1개 / [랜/오디오] 유선랜 칩셋 : Dragon RTL8125BG / 2.5Gbps / RJ-45 : 1개 / 무선랜(Wi-Fi) / 블루투스 / 오디오 칩셋 : Realtek ALC897 / [내부I/O] USB/팬 헤더 : USB3.0 헤더 , USB2.0 헤더 , USB3.0 Type C 헤더 , RGB 12V 4핀 헤더 , ARGB 5V 3핀 헤더 , 펌프전용 헤더 / 시스템팬 4핀 : 4개 / I/O 헤더 : TPM 헤더 , 프론트오디오AAFP 헤더 / [특징] DrMOS / 전원부 방열판 / M.2 히트싱크 / 일체형IO실드 / UEFI 닫기",https://img.danuri.io/catalog-image/347/642/122/b72ef968fbad4bbb8bcb25616ee97519.jpeg?shrink=130:130&_v=20260921080455,https://prod.danawa.com/info/?pcode=122642347&cate=112751
707,ASRock,ASRock H810TM-ITX 에즈윈 (벌크),"178,630","인텔 H810 / 인텔(소켓1851) / DDR5 / M-iTX (17.0x17.0cm) / [메모리] 6400MHz (PC5-51200) / 2개 / 메모리 용량 : 최대 128GB / XMP3.0 / [확장슬롯] [저장장치] M.2 : 2개 / SATA3 : 2개 / M.2 연결 : PCIe , NVMe / [후면단자] HDMI / DP / USB3.x 5Gbps / USB 2.0 / RJ-45 / 오디오잭 / USB A타입 : 4개 / [랜/오디오] 유선랜 칩셋 : Intel I226V / 2.5Gbps / 오디오 칩셋 : Realtek ALC269 / [내부I/O] USB/팬 헤더 : USB3.0 헤더 , USB2.0 헤더 / 시스템팬 4핀 : 1개 / I/O 헤더 : 프론트오디오AAFP 헤더 , 침입감지 헤더 , COM포트 헤더 , 온도 센서 / 19V 9.5A 180W 220V 어댑터 포함 닫기",https://img.danuri.io/catalog-image/133/352/108/dd3d2ee7eb234107970c7c0cc88bd9bc.jpg?shrink=130:130&_v=20260921080443,https://prod.danawa.com/info/?pcode=108352133&cate=112751
708,ASRock,ASRock B860I WiFi 에즈윈,"282,140","인텔(소켓1851) / 인텔 B860 / DDR5 / VGA 연결 : PCIe5.0 x16 / M-iTX (17.0x17.0cm) / 전원부 : 12페이즈 / [메모리] 8933MHz (PC5-71400) / 2개 / 메모리 용량 : 최대 128GB / XMP3.0 / [확장슬롯] PCIe버전 : PCIe5.0 / PCIex16 : 1개 / SATA3 : 4개 / M.2 : 2개 / M.2 연결 : PCIe5.0 , PCIe4.0 , NVMe / [후면단자] HDMI / DP / USB3.x 20Gbps / USB3.x 10Gbps / USB3.x 5Gbps / USB 2.0 / RJ-45 / 오디오잭 / [랜/오디오] 유선랜 칩셋 : Dragon RTL8125BG / 2.5Gbps / RJ-45 : 1개 / 무선랜(Wi-Fi) / 블루투스 / 오디오 칩셋 : Realtek ALC897 / 7.1채널(8ch) / [내부I/O] USB/팬 헤더 : USB3.0 헤더 , USB2.0 헤더 , USB3.1 Type C 헤더 , ARGB 5V 3핀 헤더 , 펌프전용 헤더 / 시스템팬 4핀 : 1개 / I/O 헤더 : 프론트오디오AAFP 헤더 / [특징] SPS(DrMOS) / 전원부 방열판 / M.2 히트싱크 / UEFI 닫기",https://img.danuri.io/catalog-image/295/491/074/e637bc12e5044d93a3e7cca32a34c3c1.jpg?shrink=130:130&_v=20260921091814,https://prod.danawa.com/info/?pcode=74491295&cate=112751
709,ASRock,ASRock B860M-X Gen5 디앤디컴,"161,340","인텔 B860 / 인텔(소켓1851) / DDR5 / VGA 연결 : PCIe5.0 x16 / M-ATX (24.4x24.4cm) / 전원부 : 7+1+1+1+1페이즈 / [메모리] 9066MHz (PC5-72500) / 2개 / 메모리 용량 : 최대 128GB / XMP3.0 / [확장슬롯] PCIe버전 : PCIe5.0 , PCIe4.0 / PCIex16 : 1개 / PCIex4 : 1개 / PCIex1 : 1개 / [저장장치] M.2 : 2개 / SATA3 : 4개 / M.2 연결 : PCIe5.0 , PCIe4.0 , NVMe / [후면단자] HDMI / DP / USB3.x 20Gbps / USB3.x 5Gbps / USB 2.0 / RJ-45 / 오디오잭 / BIOS플래시백 / USB A타입 : 5개 / USB C타입 : 1개 / [랜/오디오] 유선랜 칩셋 : Dragon RTL8125BG / 2.5Gbps / RJ-45 : 1개 / M.2 Key-E(모듈별매) / 오디오 칩셋 : Realtek ALC897 / 7.1채널(8ch) / [내부I/O] USB/팬 헤더 : USB3.0 헤더 , USB2.0 헤더 , USB3.0 Type C 헤더 , RGB 12V 4핀 헤더 , ARGB 5V 3핀 헤더 , CPU추가팬(OPT) 헤더 , 펌프전용 헤더 / 시스템팬 4핀 : 2개 / I/O 헤더 : TPM 헤더 , 프론트오디오AAFP 헤더 / [특징] 전원부 방열판 / M.2 히트싱크 / UEFI 닫기",https://img.danuri.io/catalog-image/694/412/102/68b99e5857904314a6490e7dd159f289.jpg?shrink=130:130&_v=20260921080444,https://prod.danawa.com/info/?pcode=102412694&cate=112751
710,ASRock,ASRock B860M-HDVP 에즈윈 (벌크),"146,680","인텔(소켓1851) / 인텔 B860 / DDR5 / VGA 연결 : PCIe5.0 x16 / M-ATX (24.4x21.8cm) / [메모리] 9066MHz (PC5-72500) / 2개 / 메모리 용량 : 최대 128GB / XMP3.0 / [확장슬롯] PCIe버전 : PCIe5.0 , PCIe4.0 / PCIex16 : 1개 / PCIex1 : 2개 / [저장장치] SATA3 : 4개 / M.2 : 2개 / M.2 연결 : PCIe5.0 , PCIe4.0 , NVMe / [후면단자] HDMI / DP / DVI / D-SUB / USB3.x 20Gbps / USB3.x 5Gbps / USB 2.0 / RJ-45 / 오디오잭 / 시리얼포트 / USB A타입 : 7개 / USB C타입 : 1개 / [랜/오디오] 유선랜 칩셋 : Dragon RTL8125BG / 2.5Gbps / RJ-45 : 1개 / 오디오 칩셋 : Realtek ALC897 / [내부I/O] USB/팬 헤더 : USB3.0 헤더 , USB2.0 헤더 , 펌프전용 헤더 / 시스템팬 4핀 : 2개 / I/O 헤더 : TPM 헤더 , 프론트오디오AAFP 헤더 , COM포트 헤더 , LPT포트 헤더 / [특징] M.2 히트싱크 / UEFI 닫기",https://img.danuri.io/catalog-image/820/620/122/c0309e96881e4322a32a914d10aa19a7.jpeg?shrink=130:130&_v=20260921090317,https://prod.danawa.com/info/?pcode=122620820&cate=112751
711,ASRock,ASRock B860M Pro-A 에즈윈,"171,560","인텔 B860 / 인텔(소켓1851) / DDR5 / VGA 연결 : PCIe5.0 x16 / M-ATX (24.4x24.4cm) / 전원부 : 10+1+1+1+1페이즈 / 페이즈당50A / Vcore출력합계 : 500A / [메모리] 8666MHz (PC5-69300) / 4개 / 메모리 용량 : 최대 256GB / XMP3.0 / [확장슬롯] PCIe버전 : PCIe5.0 , PCIe4.0 / PCIex16 : 1개 / PCIex4 : 1개 / [저장장치] M.2 : 3개 / SATA3 : 4개 / M.2 연결 : PCIe5.0 , PCIe4.0 , NVMe / [후면단자] HDMI / DP / USB3.x 20Gbps / USB3.x 5Gbps / USB 2.0 / RJ-45 / 오디오잭 / BIOS플래시백 / USB A타입 : 5개 / USB C타입 : 1개 / [랜/오디오] 유선랜 칩셋 : Dragon RTL8125BG / 2.5Gbps / RJ-45 : 1개 / M.2 Key-E(모듈별매) / 오디오 칩셋 : Realtek ALC897 / 7.1채널(8ch) / [내부I/O] USB/팬 헤더 : USB3.0 헤더 , USB2.0 헤더 , USB3.0 Type C 헤더 , RGB 12V 4핀 헤더 , ARGB 5V 3핀 헤더 , CPU추가팬(OPT) 헤더 , 펌프전용 헤더 / 시스템팬 4핀 : 3개 / I/O 헤더 : TPM 헤더 , 프론트오디오AAFP 헤더 , COM포트 헤더 / [특징] DrMOS / 전원부 방열판 / M.2 히트싱크 / UEFI 닫기",https://img.danuri.io/catalog-image/419/415/098/ecec4a8ef0744ae88cef15dc0f7e3d3f.jpg?shrink=130:130&_v=20260921080444,https://prod.danawa.com/info/?pcode=98415419&cate=112751
712,ASRock,ASRock Z890 Pro-A 디앤디컴,"310,870","인텔 Z890 / 인텔(소켓1851) / DDR5 / VGA 연결 : PCIe5.0 x16 / ATX (30.5x24.4cm) / 전원부 : 16+1+1+1+1페이즈 / 페이즈당50A / Vcore출력합계 : 800A / [메모리] 9066MHz (PC5-72500) / 4개 / 메모리 용량 : 최대 256GB / XMP3.0 / [확장슬롯] PCIe버전 : PCIe5.0 , PCIe4.0 / PCIex16 : 1개 / PCIex4 : 2개 / PCIex1 : 1개 / [저장장치] M.2 : 4개 / SATA3 : 4개 / M.2 연결 : PCIe5.0 , PCIe4.0 , NVMe , SATA / [후면단자] HDMI / DP / Type-C / 썬더볼트4 / USB3.x 20Gbps / USB3.x 10Gbps / USB3.x 5Gbps / USB 2.0 / RJ-45 / 오디오잭 / BIOS플래시백 / USB A타입 : 7개 / USB C타입 : 2개 / [랜/오디오] 유선랜 칩셋 : Dragon RTL8125BG / 2.5Gbps / RJ-45 : 1개 / M.2 Key-E(모듈별매) / 오디오 칩셋 : Realtek ALC897 / 7.1채널(8ch) / [내부I/O] USB/팬 헤더 : USB3.0 헤더 , USB2.0 헤더 , USB3.2 Type C 헤더 , RGB 12V 4핀 헤더 , ARGB 5V 3핀 헤더 , CPU추가팬(OPT) 헤더 , 펌프전용 헤더 / 시스템팬 4핀 : 5개 / I/O 헤더 : TPM 헤더 , 프론트오디오AAFP 헤더 / [특징] DrMOS / 전원부 방열판 / M.2 히트싱크 / 일체형IO실드 / LED라이트 / UEFI 닫기",https://img.danuri.io/catalog-image/610/006/070/7f7a99b9a8af4090ba79ee922718f15d.jpg?shrink=130:130&_v=20260921090825,https://prod.danawa.com/info/?pcode=70006610&cate=112751
713,ASRock,ASRock B860 LiveMixer WiFi 인텍앤컴퍼니,"271,490","인텔 B860 / 인텔(소켓1851) / DDR5 / VGA 연결 : PCIe5.0 x16 / ATX (30.5x24.4cm) / 전원부 : 12+1+1+1+1페이즈 / 페이즈당50A / Vcore출력합계 : 600A / [메모리] 8666MHz (PC5-69300) / 4개 / 메모리 용량 : 최대 256GB / XMP3.0 / [확장슬롯] PCIe버전 : PCIe5.0 , PCIe4.0 / PCIex16 : 1개 / PCIex16(at x4) : 1개 / [저장장치] M.2 : 3개 / SATA3 : 4개 / M.2 연결 : PCIe5.0 , PCIe4.0 , NVMe / [후면단자] HDMI / Type-C / 썬더볼트4 / USB3.x 5Gbps / USB 2.0 / RJ-45 / S/PDIF / 오디오잭 / BIOS플래시백 / USB A타입 : 12개 / USB C타입 : 1개 / [랜/오디오] 유선랜 칩셋 : Dragon RTL8125BG / 2.5Gbps / RJ-45 : 1개 / 무선랜(Wi-Fi) / 블루투스 / 오디오 칩셋 : Realtek ALC1220 / 7.1채널(8ch) / [내부I/O] USB/팬 헤더 : USB3.0 헤더 , USB2.0 헤더 , USB3.0 Type C 헤더 , RGB 12V 4핀 헤더 , ARGB 5V 3핀 헤더 , CPU추가팬(OPT) 헤더 , 펌프전용 헤더 / 시스템팬 4핀 : 5개 / I/O 헤더 : TPM 헤더 , 프론트오디오AAFP 헤더 , 온도 센서 / [특징] DrMOS / 전원부 방열판 / M.2 히트싱크 / 일체형IO실드 / LED라이트 / UEFI 닫기",https://img.danuri.io/catalog-image/181/116/074/4dbc90124c3947f6936d22bade93c43c.jpg?shrink=130:130&_v=20260921142624,https://prod.danawa.com/info/?pcode=74116181&cate=112751
714,ASRock,ASRock Z890 Lightning WiFi 에즈윈,"403,210","인텔 Z890 / 인텔(소켓1851) / DDR5 / VGA 연결 : PCIe5.0 x16 / ATX (30.5x24.4cm) / 전원부 : 18+1+1+1+1 / 페이즈당80A / Vcore출력합계 : 1440A / [메모리] 9466MHz (PC5-75700) / 4개 / 메모리 용량 : 최대 256GB / XMP3.0 / [확장슬롯] PCIe버전 : PCIe5.0 , PCIe4.0 / PCIex16 : 1개 / PCIex16(at x4) : 1개 / PCIex4 : 1개 / [저장장치] M.2 : 4개 / SATA3 : 4개 / M.2 연결 : PCIe5.0 , PCIe4.0 , NVMe , SATA / [후면단자] HDMI / Type-C / 썬더볼트4 / USB3.x 10Gbps / USB3.x 5Gbps / USB 2.0 / RJ-45 / S/PDIF / 오디오잭 / BIOS플래시백 / USB A타입 : 8개 / USB C타입 : 2개 / [랜/오디오] 유선랜 칩셋 : Killer E3100G / 2.5Gbps / RJ-45 : 1개 / 무선랜(Wi-Fi) / 블루투스 / 오디오 칩셋 : Realtek ALC1220 / 7.1채널(8ch) / [내부I/O] USB/팬 헤더 : USB3.0 헤더 , USB2.0 헤더 , USB3.2 Type C 헤더 , RGB 12V 4핀 헤더 , ARGB 5V 3핀 헤더 , CPU추가팬(OPT) 헤더 , 펌프전용 헤더 / 시스템팬 4핀 : 5개 / I/O 헤더 : TPM 헤더 , 프론트오디오AAFP 헤더 , 온도 센서 / [특징] SPS(DrMOS) / 전원부 방열판 / M.2 히트싱크 / 일체형IO실드 / LED라이트 / UEFI 닫기",https://img.danuri.io/catalog-image/920/007/071/21850b2635b54d7bba8ed282d7068bad.jpg?shrink=130:130&_v=20260921092700,https://prod.danawa.com/info/?pcode=71007920&cate=112751
715,ASRock,ASRock Z890 Pro RS WiFi 디앤디컴,"310,870","인텔(소켓1851) / 인텔 Z890 / DDR5 / VGA 연결 : PCIe5.0 x16 / ATX (30.5x24.4cm) / 전원부 : 16+1+1+1+1페이즈 / 메모리 9066MHz (PC5-72500) / 4개 / 메모리 용량 : 최대 256GB / XMP3.0 / 확장슬롯 PCIe버전 : PCIe5.0 , PCIe4.0 / PCIex16 : 1개 / PCIex4 : 2개 / PCIex1 : 1개 / 저장장치 SATA3 : 4개 / M.2 : 4개 / M.2 연결 : PCIe5.0 , PCIe4.0 , NVMe , SATA / 후면단자 HDMI / DP / Type-C / 썬더볼트4 / USB3.x 10Gbps / USB3.x 5Gbps / USB 2.0 / RJ-45 / 오디오잭 / BIOS플래시백 / USB A타입 : 7개 / USB C타입 : 2개 / 랜/오디오 유선랜 칩셋 : Dragon RTL8125BG / 2.5Gbps / RJ-45 : 1개 / 무선랜(Wi-Fi) / 블루투스 / 오디오 칩셋 : Realtek ALC897 / 7.1채널(8ch) / 내부I/O USB/팬 헤더 : USB3.0 헤더 , USB2.0 헤더 , USB3.2 Type C 헤더 , RGB 12V 4핀 헤더 , ARGB 5V 3핀 헤더 , CPU추가팬(OPT) 헤더 , 펌프전용 헤더 / 시스템팬 4핀 : 5개 / I/O 헤더 : TPM 헤더 , 프론트오디오AAFP 헤더 / 특징 DrMOS / 전원부 방열판 / M.2 히트싱크 / 일체형IO실드 / LED라이트 / UEFI 닫기",https://img.danuri.io/catalog-image/851/694/122/1aeedb6ff9eb4b8d99d034ed66b9c519.jpeg?shrink=130:130&_v=20260921135029,https://prod.danawa.com/info/?pcode=122694851&cate=112751
716,ASRock,ASRock B860M-X Gen5 에즈윈,"165,050","인텔 B860 / 인텔(소켓1851) / DDR5 / VGA 연결 : PCIe5.0 x16 / M-ATX (24.4x24.4cm) / 전원부 : 7+1+1+1+1페이즈 / [메모리] 9066MHz (PC5-72500) / 2개 / 메모리 용량 : 최대 128GB / XMP3.0 / [확장슬롯] PCIe버전 : PCIe5.0 , PCIe4.0 / PCIex16 : 1개 / PCIex4 : 1개 / PCIex1 : 1개 / [저장장치] M.2 : 2개 / SATA3 : 4개 / M.2 연결 : PCIe5.0 , PCIe4.0 , NVMe / [후면단자] HDMI / DP / USB3.x 20Gbps / USB3.x 5Gbps / USB 2.0 / RJ-45 / 오디오잭 / BIOS플래시백 / USB A타입 : 5개 / USB C타입 : 1개 / [랜/오디오] 유선랜 칩셋 : Dragon RTL8125BG / 2.5Gbps / RJ-45 : 1개 / M.2 Key-E(모듈별매) / 오디오 칩셋 : Realtek ALC897 / 7.1채널(8ch) / [내부I/O] USB/팬 헤더 : USB3.0 헤더 , USB2.0 헤더 , USB3.0 Type C 헤더 , RGB 12V 4핀 헤더 , ARGB 5V 3핀 헤더 , CPU추가팬(OPT) 헤더 , 펌프전용 헤더 / 시스템팬 4핀 : 2개 / I/O 헤더 : TPM 헤더 , 프론트오디오AAFP 헤더 / [특징] 전원부 방열판 / M.2 히트싱크 / UEFI 닫기",https://img.danuri.io/catalog-image/246/966/104/c7bd43888fec44a68d525cba7a692014.jpg?shrink=130:130&_v=20260921095343,https://prod.danawa.com/info/?pcode=104966246&cate=112751
717,ASRock,ASRock B860M Pro-A 디앤디컴,"171,560","인텔 B860 / 인텔(소켓1851) / DDR5 / VGA 연결 : PCIe5.0 x16 / M-ATX (24.4x24.4cm) / 전원부 : 10+1+1+1+1페이즈 / 페이즈당50A / Vcore출력합계 : 500A / [메모리] 8666MHz (PC5-69300) / 4개 / 메모리 용량 : 최대 256GB / XMP3.0 / [확장슬롯] PCIe버전 : PCIe5.0 , PCIe4.0 / PCIex16 : 1개 / PCIex4 : 1개 / [저장장치] M.2 : 3개 / SATA3 : 4개 / M.2 연결 : PCIe5.0 , PCIe4.0 , NVMe / [후면단자] HDMI / DP / USB3.x 20Gbps / USB3.x 5Gbps / USB 2.0 / RJ-45 / 오디오잭 / BIOS플래시백 / USB A타입 : 5개 / USB C타입 : 1개 / [랜/오디오] 유선랜 칩셋 : Dragon RTL8125BG / 2.5Gbps / RJ-45 : 1개 / M.2 Key-E(모듈별매) / 오디오 칩셋 : Realtek ALC897 / 7.1채널(8ch) / [내부I/O] USB/팬 헤더 : USB3.0 헤더 , USB2.0 헤더 , USB3.0 Type C 헤더 , RGB 12V 4핀 헤더 , ARGB 5V 3핀 헤더 , CPU추가팬(OPT) 헤더 , 펌프전용 헤더 / 시스템팬 4핀 : 3개 / I/O 헤더 : TPM 헤더 , 프론트오디오AAFP 헤더 , COM포트 헤더 / [특징] DrMOS / 전원부 방열판 / M.2 히트싱크 / UEFI 닫기",https://img.danuri.io/catalog-image/697/412/102/bc9f4902cf08489da1c52bf6cf7b6ebf.jpg?shrink=130:130&_v=20260921090645,https://prod.danawa.com/info/?pcode=102412697&cate=112751
718,ASRock,ASRock B860M Rock WiFi 에즈윈,"189,560","인텔 B860 / 인텔(소켓1851) / DDR5 / VGA 연결 : PCIe5.0 x16 / M-ATX (24.4x21.8cm) / 전원부 : 5+1+1+1+1페이즈 / [메모리] 8333MHz (PC5-66600) / 2개 / 메모리 용량 : 최대 128GB / XMP3.0 / [확장슬롯] PCIe버전 : PCIe5.0 , PCIe4.0 / PCIex16 : 1개 / PCIex1 : 1개 / [저장장치] M.2 : 2개 / SATA3 : 4개 / M.2 연결 : PCIe5.0 , PCIe4.0 , NVMe / [후면단자] HDMI / DP / USB3.x 20Gbps / USB3.x 5Gbps / USB 2.0 / RJ-45 / 오디오잭 / USB A타입 : 8개 / USB C타입 : 1개 / [랜/오디오] 유선랜 칩셋 : Dragon RTL8125BG / 2.5Gbps / RJ-45 : 1개 / 무선랜(Wi-Fi) / 블루투스 / 오디오 칩셋 : Realtek ALC897 / [내부I/O] USB/팬 헤더 : USB3.0 헤더 , USB2.0 헤더 , USB3.0 Type C 헤더 , RGB 12V 4핀 헤더 , ARGB 5V 3핀 헤더 , 펌프전용 헤더 / 시스템팬 4핀 : 2개 / I/O 헤더 : TPM 헤더 , 프론트오디오AAFP 헤더 / [특징] 전원부 방열판 / M.2 히트싱크 / 일체형IO실드 / UEFI 닫기",https://img.danuri.io/catalog-image/191/728/106/3e2287a7a3414129b2278119c87d9425.jpg?shrink=130:130&_v=20260921080457,https://prod.danawa.com/info/?pcode=106728191&cate=112751
719,ASRock,ASRock B860M-X Gen5 에즈윈 (벌크),"144,280","인텔 B860 / 인텔(소켓1851) / DDR5 / VGA 연결 : PCIe5.0 x16 / M-ATX (24.4x24.4cm) / 전원부 : 7+1+1+1+1페이즈 / [메모리] 9066MHz (PC5-72500) / 2개 / 메모리 용량 : 최대 128GB / XMP3.0 / [확장슬롯] PCIe버전 : PCIe5.0 , PCIe4.0 / PCIex16 : 1개 / PCIex4 : 1개 / PCIex1 : 1개 / [저장장치] M.2 : 2개 / SATA3 : 4개 / M.2 연결 : PCIe5.0 , PCIe4.0 , NVMe / [후면단자] HDMI / DP / USB3.x 20Gbps / USB3.x 5Gbps / USB 2.0 / RJ-45 / 오디오잭 / BIOS플래시백 / USB A타입 : 5개 / USB C타입 : 1개 / [랜/오디오] 유선랜 칩셋 : Dragon RTL8125BG / 2.5Gbps / RJ-45 : 1개 / M.2 Key-E(모듈별매) / 오디오 칩셋 : Realtek ALC897 / 7.1채널(8ch) / [내부I/O] USB/팬 헤더 : USB3.0 헤더 , USB2.0 헤더 , USB3.0 Type C 헤더 , RGB 12V 4핀 헤더 , ARGB 5V 3핀 헤더 , CPU추가팬(OPT) 헤더 , 펌프전용 헤더 / 시스템팬 4핀 : 2개 / I/O 헤더 : TPM 헤더 , 프론트오디오AAFP 헤더 / [특징] 전원부 방열판 / M.2 히트싱크 / UEFI 닫기",https://img.danuri.io/catalog-image/765/415/103/793dc4f8adff4b969b1083fbee20779b.jpg?shrink=130:130&_v=20260921090352,https://prod.danawa.com/info/?pcode=103415765&cate=112751
720,ASRock,ASRock Z890 Taichi 디앤디컴,"682,830","인텔 Z890 / 인텔(소켓1851) / DDR5 / VGA 연결 : PCIe5.0 x16 / ATX (30.5x24.4cm) / 전원부 : 20+1+2+1+1페이즈 / 페이즈당110A / Vcore출력합계 : 2200A / [메모리] 9200MHz (PC5-73600) / 4개 / 메모리 용량 : 최대 256GB / XMP3.0 / [확장슬롯] PCIe버전 : PCIe5.0 , PCIe4.0 / PCIex16 : 1개 / PCIex16(at x4) : 1개 / [저장장치] M.2 : 6개 / SATA3 : 4개 / M.2 연결 : PCIe5.0 , PCIe4.0 , PCIe 레인공유 / [후면단자] HDMI / Type-C / 썬더볼트4 / USB3.x 10Gbps / USB3.x 5Gbps / USB 2.0 / RJ-45 / S/PDIF / 오디오잭 / BIOS플래시백 / 클리어CMOS / USB A타입 : 10개 / USB C타입 : 2개 / [랜/오디오] 유선랜 칩셋 : Realtek RTL8126, Dragon RTL 8125BG / 5Gbps, 2.5Gbps / RJ-45 : 2개 / 듀얼LAN / 무선랜(Wi-Fi) / 블루투스 / 오디오 칩셋 : Realtek ALC4082 / 5.1채널(6ch) / [내부I/O] USB/팬 헤더 : USB3.0 헤더 , USB2.0 헤더 , USB3.2 Type C 헤더 , RGB 12V 4핀 헤더 , ARGB 5V 3핀 헤더 , CPU추가팬(OPT) 헤더 , 펌프전용 헤더 / 시스템팬 4핀 : 4+1개 / I/O 헤더 : TPM 헤더 , 디버그LED , 프론트오디오AAFP 헤더 / [특징] SPS(DrMOS) / 전원부 방열판 / M.2 히트싱크 / 일체형IO실드 / LED라이트 / UEFI 닫기",https://img.danuri.io/catalog-image/382/000/070/fe12ca0d56b54e1ca7677448116a633c.jpg?shrink=130:130&_v=20260921124218,https://prod.danawa.com/info/?pcode=70000382&cate=112751
721,ASRock,ASRock H810M-P Gen5 디앤디컴,"98,990","인텔 H810 / 인텔(소켓1851) / DDR5 / VGA 연결 : PCIe5.0 x16 / M-ATX (24.4x19.3cm) / 전원부 : 6+1+1+1+1페이즈 / [메모리] 6400MHz (PC5-51200) / 2개 / 메모리 용량 : 최대 128GB / XMP3.0 / [확장슬롯] PCIe버전 : PCIe5.0 , PCIe4.0 / PCIex16 : 1개 / PCIex1 : 1개 / [저장장치] M.2 : 1개 / SATA3 : 4개 / M.2 연결 : PCIe4.0 , NVMe / [후면단자] HDMI / DP / USB3.x 5Gbps / USB 2.0 / RJ-45 / 오디오잭 / USB A타입 : 6개 / [랜/오디오] 유선랜 칩셋 : RTL8111H / 1Gbps / 오디오 칩셋 : Realtek ALC897 / [내부I/O] USB/팬 헤더 : USB3.0 헤더 , USB2.0 헤더 , RGB 12V 4핀 헤더 , ARGB 5V 3핀 헤더 / 시스템팬 4핀 : 1개 / I/O 헤더 : TPM 헤더 , 프론트오디오AAFP 헤더 / [특징] UEFI 닫기",https://img.danuri.io/catalog-image/341/689/106/997ed0152784483f84b5ffe80f6bb33e.jpg?shrink=130:130&_v=20260921080457,https://prod.danawa.com/info/?pcode=106689341&cate=112751
722,ASRock,ASRock B860M Challenger WiFi 7 White 디앤디컴,"252,910","인텔(소켓1851) / 인텔 B860 / DDR5 / VGA 연결 : PCIe5.0 x16 / M-ATX (24.4x24.4cm) / 전원부 : 10+1+1+1+1페이즈 / 60A / Vcore출력합계 : 600A / [메모리] 8666MHz (PC5-69300) / 4개 / 메모리 용량 : 최대 256GB / XMP3.0 / [확장슬롯] PCIe버전 : PCIe5.0 , PCIe4.0 / PCIex16 : 1개 / PCIex4 : 1개 / [저장장치] SATA3 : 4개 / M.2 : 3개 / M.2 연결 : PCIe5.0 , PCIe4.0 , NVMe / [후면단자] HDMI / USB3.x 5Gbps / USB 2.0 / RJ-45 / 오디오잭 / USB A타입 : 5개 / USB C타입 : 1개 / [랜/오디오] 유선랜 칩셋 : Realtek RTL8125BG / 2.5Gbps / RJ-45 : 1개 / 무선랜(Wi-Fi) / 블루투스 / 오디오 칩셋 : Realtek ALC897 / 7.1채널(8ch) / [내부I/O] USB/팬 헤더 : USB3.0 헤더 , USB2.0 헤더 , USB3.0 Type C 헤더 , RGB 12V 4핀 헤더 , ARGB 5V 3핀 헤더 , CPU추가팬(OPT) 헤더 , 펌프전용 헤더 / 시스템팬 4핀 : 5개 / I/O 헤더 : TPM 헤더 , 프론트오디오AAFP 헤더 / [특징] DrMOS / 전원부 방열판 / M.2 히트싱크 / 일체형IO실드 / UEFI 닫기",https://img.danuri.io/catalog-image/205/726/122/c86026e4621242038be3604d6fafa337.jpeg?shrink=130:130&_v=20260921124839,https://prod.danawa.com/info/?pcode=122726205&cate=112751
723,ASRock,ASRock B860M Pro RS WiFi 에즈윈,"211,670","인텔 B860 / 인텔(소켓1851) / DDR5 / VGA 연결 : PCIe5.0 x16 / M-ATX (24.4x24.4cm) / 전원부 : 10+1+1+1+1페이즈 / 페이즈당50A / Vcore출력합계 : 500A / [메모리] 8666MHz (PC5-69300) / 4개 / 메모리 용량 : 최대 256GB / XMP3.0 / [확장슬롯] PCIe버전 : PCIe5.0 , PCIe4.0 / PCIex16 : 1개 / PCIex4 : 1개 / [저장장치] M.2 : 3개 / SATA3 : 4개 / M.2 연결 : PCIe5.0 , PCIe4.0 , NVMe / [후면단자] HDMI / DP / USB3.x 20Gbps / USB3.x 5Gbps / USB 2.0 / RJ-45 / 오디오잭 / BIOS플래시백 / USB A타입 : 5개 / USB C타입 : 1개 / [랜/오디오] 유선랜 칩셋 : Realtek RTL8125BG / 2.5Gbps / RJ-45 : 1개 / 무선랜(Wi-Fi) / 블루투스 / 오디오 칩셋 : Realtek ALC897 / 7.1채널(8ch) / [내부I/O] USB/팬 헤더 : USB3.0 헤더 , USB2.0 헤더 , USB3.0 Type C 헤더 , RGB 12V 4핀 헤더 , ARGB 5V 3핀 헤더 , CPU추가팬(OPT) 헤더 , 펌프전용 헤더 / 시스템팬 4핀 : 3개 / I/O 헤더 : TPM 헤더 , 프론트오디오AAFP 헤더 / [특징] DrMOS / 전원부 방열판 / M.2 히트싱크 / 일체형IO실드 / LED라이트 / UEFI 닫기",https://img.danuri.io/catalog-image/038/415/074/800e2252624141708d0fc84c29d56ba2.jpg?shrink=130:130&_v=20260921092615,https://prod.danawa.com/info/?pcode=74415038&cate=112751
724,ASRock,ASRock Z890 Pro-A WiFi 에즈윈,"320,740","인텔 Z890 / 인텔(소켓1851) / DDR5 / VGA 연결 : PCIe5.0 x16 / ATX (30.5x24.4cm) / 전원부 : 16+1+1+1+1페이즈 / [메모리] 8666MHz (PC5-69300) / 4개 / 메모리 용량 : 최대 256GB / XMP3.0 / [확장슬롯] PCIe버전 : PCIe5.0 , PCIe4.0 / PCIex16 : 1개 / PCIex4 : 2개 / PCIex1 : 1개 / [저장장치] M.2 : 4개 / SATA3 : 4개 / M.2 연결 : PCIe5.0 , PCIe4.0 , NVMe , SATA / [후면단자] HDMI / DP / Type-C / 썬더볼트4 / USB3.x 20Gbps / USB3.x 10Gbps / USB3.x 5Gbps / USB 2.0 / RJ-45 / 오디오잭 / BIOS플래시백 / USB A타입 : 7개 / USB C타입 : 2개 / [랜/오디오] 유선랜 칩셋 : Dragon RTL8125BG / 2.5Gbps / RJ-45 : 1개 / 무선랜(Wi-Fi) / 블루투스 / 오디오 칩셋 : Realtek ALC897 / 7.1채널(8ch) / [내부I/O] USB/팬 헤더 : USB3.0 헤더 , USB2.0 헤더 , USB3.2 Type C 헤더 , RGB 12V 4핀 헤더 , ARGB 5V 3핀 헤더 , CPU추가팬(OPT) 헤더 , 펌프전용 헤더 / 시스템팬 4핀 : 5개 / I/O 헤더 : TPM 헤더 , 프론트오디오AAFP 헤더 / [특징] DrMOS / 전원부 방열판 / M.2 히트싱크 / UEFI 닫기",https://img.danuri.io/catalog-image/765/053/069/bca44ba1482146cb897b5ca59b156c64.jpg?shrink=130:130&_v=20260921090400,https://prod.danawa.com/info/?pcode=69053765&cate=112751
725,ASRock,ASRock Z890I Nova WiFi 에즈윈,"645,000","인텔(소켓1851) / 인텔 Z890 / DDR5 / VGA 연결 : PCIe5.0 x16 / M-iTX (17.0x17.0cm) / 전원부 : 12+1+1+1+1페이즈 / 110A / Vcore출력합계 : 1320 / 메모리 9466MHz (PC5-75700) / 2개 / 메모리 용량 : 최대 128GB / XMP3.0 / 확장슬롯 PCIe버전 : PCIe5.0 / PCIex16 : 1개 / 저장장치 SATA3 : 2개 / M.2 : 3개 / M.2 연결 : PCIe5.0 , PCIe4.0 , NVMe / 후면단자 HDMI / Type-C / 썬더볼트4 / USB3.x 10Gbps / RJ-45 / S/PDIF / 오디오잭 / BIOS플래시백 / USB A타입 : 6개 / USB C타입 : 2개 / 랜/오디오 유선랜 칩셋 : Realtek RTL8126 / 5Gbps / 무선랜(Wi-Fi) / 블루투스 / 오디오 칩셋 : Realtek ALC4082 / 7.1채널(8ch) / 내부I/O USB/팬 헤더 : USB3.0 헤더 , USB2.0 헤더 , USB3.2 Type C 헤더 , ARGB 5V 3핀 헤더 , 펌프전용 헤더 / 시스템팬 4핀 : 1개 / I/O 헤더 : 프론트오디오AAFP 헤더 , 온도 센서 / 특징 SPS(DrMOS) / M.2 히트싱크 / 일체형IO실드 닫기",https://img.danuri.io/catalog-image/116/471/069/1ad2008e7355426daffe06a800c9b42a.jpg?shrink=130:130&_v=20260921080443,https://prod.danawa.com/info/?pcode=69471116&cate=112751
726,ASRock,ASRock Z890 Pro-A 에즈윈,"310,490","인텔 Z890 / 인텔(소켓1851) / DDR5 / VGA 연결 : PCIe5.0 x16 / ATX (30.5x24.4cm) / 전원부 : 16+1+1+1+1페이즈 / [메모리] 8666MHz (PC5-69300) / 4개 / 메모리 용량 : 최대 256GB / XMP3.0 / [확장슬롯] PCIe버전 : PCIe5.0 , PCIe4.0 / PCIex16 : 1개 / PCIex4 : 2개 / PCIex1 : 1개 / [저장장치] M.2 : 4개 / SATA3 : 4개 / M.2 연결 : PCIe5.0 , PCIe4.0 , NVMe , SATA / [후면단자] HDMI / DP / Type-C / 썬더볼트4 / USB3.x 20Gbps / USB3.x 10Gbps / USB3.x 5Gbps / USB 2.0 / RJ-45 / 오디오잭 / BIOS플래시백 / USB A타입 : 7개 / USB C타입 : 2개 / [랜/오디오] 유선랜 칩셋 : Dragon RTL8125BG / 2.5Gbps / RJ-45 : 1개 / M.2 Key-E(모듈별매) / 오디오 칩셋 : Realtek ALC897 / 7.1채널(8ch) / [내부I/O] USB/팬 헤더 : USB3.0 헤더 , USB2.0 헤더 , USB3.2 Type C 헤더 , RGB 12V 4핀 헤더 , ARGB 5V 3핀 헤더 , CPU추가팬(OPT) 헤더 , 펌프전용 헤더 / 시스템팬 4핀 : 5개 / I/O 헤더 : TPM 헤더 , 프론트오디오AAFP 헤더 / [특징] DrMOS / 전원부 방열판 / M.2 히트싱크 / 일체형IO실드 / LED라이트 / UEFI 닫기",https://img.danuri.io/catalog-image/209/919/068/76e40692c6884740a5a1037fae619e13.jpg?shrink=130:130&_v=20260921090320,https://prod.danawa.com/info/?pcode=68919209&cate=112751
727,ASRock,ASRock B860M Rock WiFi 디앤디컴,"180,310","인텔(소켓1851) / 인텔 B860 / DDR5 / VGA 연결 : PCIe5.0 x16 / M-ATX (24.4x21.8cm) / 전원부 : 5+1+1+1+1페이즈 / [메모리] 8333MHz (PC5-66600) / 2개 / 메모리 용량 : 최대 128GB / XMP3.0 / [확장슬롯] PCIe버전 : PCIe5.0 , PCIe4.0 / PCIex16 : 1개 / PCIex1 : 1개 / [저장장치] SATA3 : 4개 / M.2 : 2개 / M.2 연결 : PCIe5.0 , PCIe4.0 , NVMe / [후면단자] HDMI / DP / USB3.x 20Gbps / USB3.x 5Gbps / USB 2.0 / RJ-45 / 오디오잭 / USB A타입 : 8개 / USB C타입 : 1개 / [랜/오디오] 유선랜 칩셋 : Dragon RTL8125BG / 2.5Gbps / RJ-45 : 1개 / 무선랜(Wi-Fi) / 블루투스 / 오디오 칩셋 : Realtek ALC897 / [내부I/O] USB/팬 헤더 : USB3.0 헤더 , USB2.0 헤더 , USB3.0 Type C 헤더 , RGB 12V 4핀 헤더 , ARGB 5V 3핀 헤더 , 펌프전용 헤더 / 시스템팬 4핀 : 2개 / I/O 헤더 : TPM 헤더 , 프론트오디오AAFP 헤더 / [특징] 전원부 방열판 / M.2 히트싱크 / 일체형IO실드 / UEFI 닫기",https://img.danuri.io/catalog-image/855/694/122/f16e76df12c4496ea2501a378e45bb30.jpeg?shrink=130:130&_v=20260921090355,https://prod.danawa.com/info/?pcode=122694855&cate=112751
728,ASRock,ASRock B860I WiFi 디앤디컴,"267,000","인텔 B860 / 인텔(소켓1851) / DDR5 / VGA 연결 : PCIe5.0 x16 / M-iTX (17.0x17.0cm) / 전원부 : 12페이즈 / [메모리] 8933MHz (PC5-71400) / 2개 / 메모리 용량 : 최대 128GB / XMP3.0 / [확장슬롯] PCIe버전 : PCIe5.0 / PCIex16 : 1개 / M.2 : 2개 / SATA3 : 4개 / M.2 연결 : PCIe5.0 , PCIe4.0 , NVMe / [후면단자] HDMI / DP / USB3.x 20Gbps / USB3.x 10Gbps / USB3.x 5Gbps / USB 2.0 / RJ-45 / 오디오잭 / [랜/오디오] 유선랜 칩셋 : Dragon RTL8125BG / 2.5Gbps / RJ-45 : 1개 / 무선랜(Wi-Fi) / 블루투스 / 오디오 칩셋 : Realtek ALC897 / 7.1채널(8ch) / [내부I/O] USB/팬 헤더 : USB3.0 헤더 , USB2.0 헤더 , USB3.1 Type C 헤더 , ARGB 5V 3핀 헤더 , 펌프전용 헤더 / 시스템팬 4핀 : 1개 / I/O 헤더 : 프론트오디오AAFP 헤더 / [특징] SPS(DrMOS) / 전원부 방열판 / M.2 히트싱크 / UEFI 닫기",https://img.danuri.io/catalog-image/729/935/075/99840a7560cf4f058dfc9baf9db5305e.jpg?shrink=130:130&_v=20260921080609,https://prod.danawa.com/info/?pcode=75935729&cate=112751
729,ASRock,ASRock B860 Rock WiFi 7 디앤디컴,"223,270","인텔 B860 / 인텔(소켓1851) / DDR5 / VGA 연결 : PCIe5.0 x16 / ATX (30.5x24.4cm) / 전원부 : 11~12페이즈 / [메모리] 8666MHz (PC5-69300) / 4개 / 메모리 용량 : 최대 256GB / XMP3.0 / [확장슬롯] PCIe버전 : PCIe5.0 , PCIe4.0 / PCIex16 : 1개 / PCIex16(at x4) : 1개 / [저장장치] M.2 : 3개 / SATA3 : 4개 / M.2 연결 : PCIe5.0 , PCIe4.0 , NVMe / [후면단자] HDMI / USB3.x 5Gbps / USB 2.0 / RJ-45 / 오디오잭 / USB A타입 : 8개 / USB C타입 : 1개 / [랜/오디오] 유선랜 칩셋 : Dragon RTL8125BG / 2.5Gbps / RJ-45 : 1개 / 무선랜(Wi-Fi) / 블루투스 / 오디오 칩셋 : Realtek ALC897 / [내부I/O] USB/팬 헤더 : USB3.0 헤더 , USB2.0 헤더 , USB3.0 Type C 헤더 , RGB 12V 4핀 헤더 , ARGB 5V 3핀 헤더 , 펌프전용 헤더 / 시스템팬 4핀 : 4개 / I/O 헤더 : TPM 헤더 , 프론트오디오AAFP 헤더 / [특징] DrMOS / 전원부 방열판 / M.2 히트싱크 / 일체형IO실드 / UEFI 닫기",https://img.danuri.io/catalog-image/744/748/106/9ec454c14a1546d49de3fbc7d37f3ffb.jpg?shrink=130:130&_v=20260921125625,https://prod.danawa.com/info/?pcode=106748744&cate=112751
730,ASRock,ASRock H810M-X 디앤디컴,"115,900","인텔 H810 / 인텔(소켓1851) / DDR5 / VGA 연결 : PCIe4.0 x16 / M-ATX (24.4x24.4cm) / 전원부 : 6+1+1+1+1페이즈 / [메모리] 6400MHz (PC5-51200) / 2개 / 메모리 용량 : 최대 128GB / XMP3.0 / [확장슬롯] PCIe버전 : PCIe4.0 / PCIex16 : 1개 / PCIex1 : 1개 / [저장장치] M.2 : 1개 / SATA3 : 4개 / M.2 연결 : PCIe4.0 , NVMe / [후면단자] HDMI / DP / D-SUB / USB3.x 5Gbps / USB 2.0 / RJ-45 / 오디오잭 / PS/2 / USB A타입 : 6개 / [랜/오디오] 유선랜 칩셋 : Dragon RTL8125BG / 2.5Gbps / RJ-45 : 1개 / M.2 Key-E(모듈별매) / 오디오 칩셋 : Realtek ALC897 / 7.1채널(8ch) / [내부I/O] USB/팬 헤더 : USB3.0 헤더 , USB2.0 헤더 , USB3.0 Type C 헤더 , RGB 12V 4핀 헤더 , ARGB 5V 3핀 헤더 / 시스템팬 4핀 : 1개 / I/O 헤더 : TPM 헤더 , 프론트오디오AAFP 헤더 / [특징] 전원부 방열판 / M.2 히트싱크 / UEFI 닫기",https://img.danuri.io/catalog-image/739/307/078/e07bb4d9ff1447b296fb0dd8fab47eca.jpg?shrink=130:130&_v=20260921105818,https://prod.danawa.com/info/?pcode=78307739&cate=112751
731,ASRock,ASRock H810M-P Gen5 에즈윈,"93,060","인텔 H810 / 인텔(소켓1851) / DDR5 / VGA 연결 : PCIe5.0 x16 / M-ATX (24.4x19.3cm) / 전원부 : 6+1+1+1+1페이즈 / [메모리] 6400MHz (PC5-51200) / 2개 / 메모리 용량 : 최대 128GB / XMP3.0 / [확장슬롯] PCIe버전 : PCIe5.0 , PCIe4.0 / PCIex16 : 1개 / PCIex1 : 1개 / [저장장치] M.2 : 1개 / SATA3 : 4개 / M.2 연결 : PCIe4.0 , NVMe / [후면단자] HDMI / DP / USB3.x 5Gbps / USB 2.0 / RJ-45 / 오디오잭 / USB A타입 : 6개 / [랜/오디오] 유선랜 칩셋 : RTL8111H / 1Gbps / 오디오 칩셋 : Realtek ALC897 / [내부I/O] USB/팬 헤더 : USB3.0 헤더 , USB2.0 헤더 , RGB 12V 4핀 헤더 , ARGB 5V 3핀 헤더 / 시스템팬 4핀 : 1개 / I/O 헤더 : TPM 헤더 , 프론트오디오AAFP 헤더 / [특징] UEFI 닫기",https://img.danuri.io/catalog-image/351/220/106/abb6349c4ec84cb683d1782a56aece3e.jpg?shrink=130:130&_v=20260921080458,https://prod.danawa.com/info/?pcode=106220351&cate=112751
732,ASRock,ASRock B860M 스틸레전드 WiFi 디앤디컴,"265,160","인텔 B860 / 인텔(소켓1851) / DDR5 / VGA 연결 : PCIe5.0 x16 / M-ATX (24.4x24.4cm) / 전원부 : 12+1+1+1+1페이즈 / 페이즈당80A / Vcore출력합계 : 960A / [메모리] 8666MHz (PC5-69300) / 4개 / 메모리 용량 : 최대 256GB / XMP3.0 / [확장슬롯] PCIe버전 : PCIe5.0 / PCIex16 : 1개 / [저장장치] M.2 : 4개 / SATA3 : 4개 / M.2 연결 : PCIe5.0 , PCIe4.0 , NVMe / [후면단자] HDMI / DP / Type-C / 썬더볼트4 / USB3.x 10Gbps / USB3.x 5Gbps / USB 2.0 / RJ-45 / S/PDIF / 오디오잭 / BIOS플래시백 / USB A타입 : 8개 / USB C타입 : 1개 / [랜/오디오] 유선랜 칩셋 : Dragon RTL8125BG / 2.5Gbps / RJ-45 : 1개 / 무선랜(Wi-Fi) / 블루투스 / 오디오 칩셋 : Realtek ALC1220 / 7.1채널(8ch) / [내부I/O] USB/팬 헤더 : USB3.0 헤더 , USB2.0 헤더 , USB3.1 Type C 헤더 , RGB 12V 4핀 헤더 , ARGB 5V 3핀 헤더 , CPU추가팬(OPT) 헤더 , 펌프전용 헤더 / 시스템팬 4핀 : 4개 / I/O 헤더 : TPM 헤더 , 프론트오디오AAFP 헤더 , 온도 센서 / [특징] DrMOS / 전원부 방열판 / M.2 히트싱크 / 일체형IO실드 / LED라이트 / UEFI 닫기",https://img.danuri.io/catalog-image/675/935/075/a256ec678d1c4566ad9b594583ca1cbd.jpg?shrink=130:130&_v=20260921132638,https://prod.danawa.com/info/?pcode=75935675&cate=112751
733,ASRock,ASRock B860 Pro RS 에즈윈,"249,890","인텔 B860 / 인텔(소켓1851) / DDR5 / VGA 연결 : PCIe5.0 x16 / ATX (30.5x24.4cm) / 전원부 : 10+1+1+1+1페이즈 / [메모리] 8666MHz (PC5-69300) / 4개 / 메모리 용량 : 최대 256GB / XMP3.0 / [확장슬롯] PCIe버전 : PCIe5.0 , PCIe4.0 / PCIex16 : 1개 / PCIex16(at x4) : 1개 / [저장장치] M.2 : 3개 / SATA3 : 4개 / M.2 연결 : PCIe5.0 , PCIe4.0 , NVMe / [후면단자] HDMI / DP / USB3.x 20Gbps / USB3.x 5Gbps / USB 2.0 / RJ-45 / 오디오잭 / BIOS플래시백 / USB A타입 : 8개 / USB C타입 : 1개 / [랜/오디오] 유선랜 칩셋 : Dragon RTL8125BG / 2.5Gbps / RJ-45 : 1개 / M.2 Key-E(모듈별매) / 오디오 칩셋 : Realtek ALC897 / [내부I/O] USB/팬 헤더 : USB3.0 헤더 , USB2.0 헤더 , USB3.0 Type C 헤더 , RGB 12V 4핀 헤더 , ARGB 5V 3핀 헤더 , CPU추가팬(OPT) 헤더 , 펌프전용 헤더 / 시스템팬 4핀 : 4개 / I/O 헤더 : TPM 헤더 , 프론트오디오AAFP 헤더 / [특징] DrMOS / 전원부 방열판 / M.2 히트싱크 / 일체형IO실드 / LED라이트 / UEFI 닫기",https://img.danuri.io/catalog-image/482/415/074/712a8a0d4b744fc1b6cbd50d6bb11943.jpg?shrink=130:130&_v=20260921092659,https://prod.danawa.com/info/?pcode=74415482&cate=112751
734,ASRock,ASRock Z890 LiveMixer WiFi 인텍앤컴퍼니,"369,000","인텔 Z890 / 인텔(소켓1851) / DDR5 / VGA 연결 : PCIe5.0 x16 / ATX (30.5x24.4cm) / 전원부 : 18+1+1+1+1페이즈 / 페이즈당80A / Vcore출력합계 : 1440A / [메모리] 9466MHz (PC5-75700) / 4개 / 메모리 용량 : 최대 256GB / XMP3.0 / [확장슬롯] PCIe버전 : PCIe5.0 , PCIe4.0 / PCIex16 : 1개 / PCIex16(at x4) : 2개 / [저장장치] M.2 : 4개 / SATA3 : 4개 / M.2 연결 : PCIe5.0 , PCIe4.0 , NVMe / [후면단자] HDMI / Type-C / 썬더볼트4 / USB3.x 10Gbps / USB3.x 5Gbps / RJ-45 / S/PDIF / 오디오잭 / BIOS플래시백 / USB A타입 : 12개 / USB C타입 : 2개 / [랜/오디오] 유선랜 칩셋 : Dragon RTL8125BG / 2.5Gbps / RJ-45 : 1개 / 무선랜(Wi-Fi) / 블루투스 / 오디오 칩셋 : Realtek ALC1220 / 7.1채널(8ch) / [내부I/O] USB/팬 헤더 : USB3.0 헤더 , USB2.0 헤더 , USB3.2 Type C 헤더 , RGB 12V 4핀 헤더 , ARGB 5V 3핀 헤더 , CPU추가팬(OPT) 헤더 , 펌프전용 헤더 / 시스템팬 4핀 : 5개 / I/O 헤더 : 프론트오디오AAFP 헤더 , 온도 센서 / [특징] SPS(DrMOS) / 전원부 방열판 / M.2 히트싱크 / 일체형IO실드 / LED라이트 / UEFI 닫기",https://img.danuri.io/catalog-image/430/868/069/3044ceae55d84922893151769ca7f379.jpg?shrink=130:130&_v=20260921080444,https://prod.danawa.com/info/?pcode=69868430&cate=112751
735,ASRock,ASRock B860 Pro RS WiFi 에즈윈,"259,690","인텔 B860 / 인텔(소켓1851) / DDR5 / VGA 연결 : PCIe5.0 x16 / ATX (30.5x24.4cm) / 전원부 : 10+1+1+1+1페이즈 / [메모리] 8666MHz (PC5-69300) / 4개 / 메모리 용량 : 최대 256GB / XMP3.0 / [확장슬롯] PCIe버전 : PCIe5.0 , PCIe4.0 / PCIex16 : 1개 / PCIex16(at x4) : 1개 / [저장장치] M.2 : 3개 / SATA3 : 4개 / M.2 연결 : PCIe5.0 , PCIe4.0 , NVMe / [후면단자] HDMI / DP / USB3.x 20Gbps / USB3.x 5Gbps / USB 2.0 / RJ-45 / 오디오잭 / BIOS플래시백 / USB A타입 : 8개 / USB C타입 : 1개 / [랜/오디오] 유선랜 칩셋 : Dragon RTL8125BG / 2.5Gbps / RJ-45 : 1개 / 무선랜(Wi-Fi) / 블루투스 / 오디오 칩셋 : Realtek ALC897 / [내부I/O] USB/팬 헤더 : USB3.0 헤더 , USB2.0 헤더 , USB3.0 Type C 헤더 , RGB 12V 4핀 헤더 , ARGB 5V 3핀 헤더 , CPU추가팬(OPT) 헤더 , 펌프전용 헤더 / 시스템팬 4핀 : 4개 / I/O 헤더 : TPM 헤더 , 프론트오디오AAFP 헤더 / [특징] DrMOS / 전원부 방열판 / M.2 히트싱크 / 일체형IO실드 / LED라이트 / UEFI 닫기",https://img.danuri.io/catalog-image/509/415/074/de28d68f109d4a718c60bd8abd69cea2.jpg?shrink=130:130&_v=20260921092703,https://prod.danawa.com/info/?pcode=74415509&cate=112751
736,ASRock,ASRock B860M Pro RS 디앤디컴,"201,700","인텔 B860 / 인텔(소켓1851) / DDR5 / VGA 연결 : PCIe5.0 x16 / M-ATX (24.4x24.4cm) / 전원부 : 10+1+1+1+1페이즈 / 페이즈당50A / Vcore출력합계 : 500A / [메모리] 8666MHz (PC5-69300) / 4개 / 메모리 용량 : 최대 256GB / XMP3.0 / [확장슬롯] PCIe버전 : PCIe5.0 , PCIe4.0 / PCIex16 : 1개 / PCIex4 : 1개 / [저장장치] M.2 : 3개 / SATA3 : 4개 / M.2 연결 : PCIe5.0 , PCIe4.0 , NVMe / [후면단자] HDMI / DP / USB3.x 20Gbps / USB3.x 5Gbps / USB 2.0 / RJ-45 / 오디오잭 / BIOS플래시백 / USB A타입 : 5개 / USB C타입 : 1개 / [랜/오디오] 유선랜 칩셋 : Realtek RTL8125BG / 2.5Gbps / RJ-45 : 1개 / M.2 Key-E(모듈별매) / 오디오 칩셋 : Realtek ALC897 / [내부I/O] USB/팬 헤더 : USB3.0 헤더 , USB2.0 헤더 , USB3.0 Type C 헤더 , RGB 12V 4핀 헤더 , ARGB 5V 3핀 헤더 , CPU추가팬(OPT) 헤더 , 펌프전용 헤더 / 시스템팬 4핀 : 3개 / I/O 헤더 : TPM 헤더 , 프론트오디오AAFP 헤더 / [특징] DrMOS / 전원부 방열판 / M.2 히트싱크 / 일체형IO실드 / LED라이트 / UEFI 닫기",https://img.danuri.io/catalog-image/025/422/074/35c39740e41642cf93f1628529ead93e.jpg?shrink=130:130&_v=20260921110329,https://prod.danawa.com/info/?pcode=74422025&cate=112751
737,ASRock,ASRock Z890 Taichi 에즈윈,"665,500","인텔 Z890 / 인텔(소켓1851) / DDR5 / VGA 연결 : PCIe5.0 x16 / ATX (30.5x24.4cm) / 전원부 : 20+1+2+1+1페이즈 / 페이즈당110A / Vcore출력합계 : 2200A / [메모리] 9200MHz (PC5-73600) / 4개 / 메모리 용량 : 최대 256GB / XMP3.0 / [확장슬롯] PCIe버전 : PCIe5.0 , PCIe4.0 / PCIex16 : 1개 / PCIex16(at x4) : 1개 / [저장장치] M.2 : 6개 / SATA3 : 4개 / M.2 연결 : PCIe5.0 , PCIe4.0 , PCIe 레인공유 / [후면단자] HDMI / Type-C / 썬더볼트4 / USB3.x 10Gbps / USB3.x 5Gbps / USB 2.0 / RJ-45 / S/PDIF / 오디오잭 / BIOS플래시백 / 클리어CMOS / USB A타입 : 10개 / USB C타입 : 2개 / [랜/오디오] 유선랜 칩셋 : Realtek RTL8126, Dragon RTL 8125BG / 5Gbps, 2.5Gbps / RJ-45 : 2개 / 듀얼LAN / 무선랜(Wi-Fi) / 블루투스 / 오디오 칩셋 : Realtek ALC4082 / 5.1채널(6ch) / [내부I/O] USB/팬 헤더 : USB3.0 헤더 , USB2.0 헤더 , USB3.2 Type C 헤더 , RGB 12V 4핀 헤더 , ARGB 5V 3핀 헤더 , CPU추가팬(OPT) 헤더 , 펌프전용 헤더 / 시스템팬 4핀 : 4+1개 / I/O 헤더 : TPM 헤더 , 디버그LED , 프론트오디오AAFP 헤더 / [특징] SPS(DrMOS) / 전원부 방열판 / M.2 히트싱크 / 일체형IO실드 / LED라이트 / UEFI 닫기",https://img.danuri.io/catalog-image/211/776/068/4e107aa98a4e45668fe66ff4534c7ac4.jpg?shrink=130:130&_v=20260921092728,https://prod.danawa.com/info/?pcode=68776211&cate=112751
738,ASRock,ASRock B860 Pro-A WiFi 에즈윈,"239,000","인텔 B860 / 인텔(소켓1851) / DDR5 / VGA 연결 : PCIe5.0 x16 / ATX (30.5x24.4cm) / 전원부 : 10+1+1+1+1페이즈 / [메모리] 8666MHz (PC5-69300) / 4개 / 메모리 용량 : 최대 256GB / XMP3.0 / [확장슬롯] PCIe버전 : PCIe5.0 , PCIe4.0 / PCIex16 : 1개 / PCIex16(at x4) : 1개 / [저장장치] M.2 : 3개 / SATA3 : 4개 / M.2 연결 : PCIe5.0 , PCIe4.0 , NVMe / [후면단자] HDMI / DP / USB3.x 20Gbps / USB3.x 5Gbps / USB 2.0 / RJ-45 / 오디오잭 / BIOS플래시백 / USB A타입 : 8개 / USB C타입 : 1개 / [랜/오디오] 유선랜 칩셋 : Dragon RTL8125BG / 2.5Gbps / RJ-45 : 1개 / 무선랜(Wi-Fi) / 블루투스 / 오디오 칩셋 : Realtek ALC897 / 7.1채널(8ch) / [내부I/O] USB/팬 헤더 : USB3.0 헤더 , USB2.0 헤더 , USB3.0 Type C 헤더 , RGB 12V 4핀 헤더 , ARGB 5V 3핀 헤더 , CPU추가팬(OPT) 헤더 , 펌프전용 헤더 / 시스템팬 4핀 : 4개 / I/O 헤더 : TPM 헤더 , 프론트오디오AAFP 헤더 / [특징] DrMOS / 전원부 방열판 / M.2 히트싱크 / UEFI 닫기",https://img.danuri.io/catalog-image/941/470/082/10a0c4d5eb70451f8258cea459fba832.jpg?shrink=130:130&_v=20260921092603,https://prod.danawa.com/info/?pcode=82470941&cate=112751
739,ASRock,ASRock B860 Pro RS WiFi 디앤디컴,"219,000","인텔 B860 / 인텔(소켓1851) / DDR5 / VGA 연결 : PCIe5.0 x16 / ATX (30.5x24.4cm) / 전원부 : 10+1+1+1+1페이즈 / 페이즈당50A / Vcore출력합계 : 500A / [메모리] 8666MHz (PC5-69300) / 4개 / 메모리 용량 : 최대 256GB / XMP3.0 / [확장슬롯] PCIe버전 : PCIe5.0 , PCIe4.0 / PCIex16 : 1개 / PCIex16(at x4) : 1개 / [저장장치] M.2 : 3개 / SATA3 : 4개 / M.2 연결 : PCIe5.0 , PCIe4.0 , NVMe / [후면단자] HDMI / DP / USB3.x 20Gbps / USB3.x 5Gbps / USB 2.0 / RJ-45 / 오디오잭 / BIOS플래시백 / USB A타입 : 8개 / USB C타입 : 1개 / [랜/오디오] 유선랜 칩셋 : Dragon RTL8125BG / 2.5Gbps / RJ-45 : 1개 / 무선랜(Wi-Fi) / 블루투스 / 오디오 칩셋 : Realtek ALC897 / [내부I/O] USB/팬 헤더 : USB3.0 헤더 , USB2.0 헤더 , USB3.0 Type C 헤더 , RGB 12V 4핀 헤더 , ARGB 5V 3핀 헤더 , CPU추가팬(OPT) 헤더 , 펌프전용 헤더 / 시스템팬 4핀 : 4개 / I/O 헤더 : TPM 헤더 , 프론트오디오AAFP 헤더 / [특징] DrMOS / 전원부 방열판 / M.2 히트싱크 / 일체형IO실드 / LED라이트 / UEFI 닫기",https://img.danuri.io/catalog-image/651/935/075/8e3badf41f2a4530a817870d2d3bb122.jpg?shrink=130:130&_v=20260921130308,https://prod.danawa.com/info/?pcode=75935651&cate=112751
740,ASRock,ASRock Z890 Pro-A WiFi 디앤디컴,"316,220","인텔 Z890 / 인텔(소켓1851) / DDR5 / VGA 연결 : PCIe5.0 x16 / ATX (30.5x24.4cm) / 전원부 : 16+1+1+1+1페이즈 / 페이즈당50A / Vcore출력합계 : 800A / [메모리] 9066MHz (PC5-72500) / 4개 / 메모리 용량 : 최대 256GB / XMP3.0 / [확장슬롯] PCIe버전 : PCIe5.0 , PCIe4.0 / PCIex16 : 1개 / PCIex4 : 2개 / PCIex1 : 1개 / [저장장치] M.2 : 4개 / SATA3 : 4개 / M.2 연결 : PCIe5.0 , PCIe4.0 , NVMe , SATA / [후면단자] HDMI / DP / Type-C / 썬더볼트4 / USB3.x 20Gbps / USB3.x 10Gbps / USB3.x 5Gbps / USB 2.0 / RJ-45 / 오디오잭 / BIOS플래시백 / USB A타입 : 7개 / USB C타입 : 2개 / [랜/오디오] 유선랜 칩셋 : Dragon RTL8125BG / 2.5Gbps / RJ-45 : 1개 / 무선랜(Wi-Fi) / 블루투스 / 오디오 칩셋 : Realtek ALC897 / 7.1채널(8ch) / [내부I/O] USB/팬 헤더 : USB3.0 헤더 , USB2.0 헤더 , USB3.2 Type C 헤더 , RGB 12V 4핀 헤더 , ARGB 5V 3핀 헤더 , CPU추가팬(OPT) 헤더 , 펌프전용 헤더 / 시스템팬 4핀 : 5개 / I/O 헤더 : TPM 헤더 , 프론트오디오AAFP 헤더 / [특징] DrMOS / 전원부 방열판 / M.2 히트싱크 / UEFI 닫기",https://img.danuri.io/catalog-image/458/102/078/0ea67ae94a454bc890e31e6e025464c8.jpg?shrink=130:130&_v=20260921110100,https://prod.danawa.com/info/?pcode=78102458&cate=112751
741,ASRock,ASRock H810M-P Gen5 인텍앤컴퍼니,"99,000","인텔 H810 / 인텔(소켓1851) / DDR5 / VGA 연결 : PCIe5.0 x16 / M-ATX (24.4x19.3cm) / 전원부 : 6+1+1+1+1페이즈 / [메모리] 6400MHz (PC5-51200) / 2개 / 메모리 용량 : 최대 128GB / XMP3.0 / [확장슬롯] PCIe버전 : PCIe5.0 , PCIe4.0 / PCIex16 : 1개 / PCIex1 : 1개 / [저장장치] M.2 : 1개 / SATA3 : 4개 / M.2 연결 : PCIe4.0 , NVMe / [후면단자] HDMI / DP / USB3.x 5Gbps / USB 2.0 / RJ-45 / 오디오잭 / USB A타입 : 6개 / [랜/오디오] 유선랜 칩셋 : RTL8111H / 1Gbps / 오디오 칩셋 : Realtek ALC897 / [내부I/O] USB/팬 헤더 : USB3.0 헤더 , USB2.0 헤더 , RGB 12V 4핀 헤더 , ARGB 5V 3핀 헤더 / 시스템팬 4핀 : 1개 / I/O 헤더 : TPM 헤더 , 프론트오디오AAFP 헤더 / [특징] UEFI 닫기",https://img.danuri.io/catalog-image/197/746/106/bd456d12cf124baf999517669a893b07.jpg?shrink=130:130&_v=20260921080404,https://prod.danawa.com/info/?pcode=106746197&cate=112751
742,ASRock,ASRock B860M Pro RS WiFi 디앤디컴,"213,390","인텔 B860 / 인텔(소켓1851) / DDR5 / VGA 연결 : PCIe5.0 x16 / M-ATX (24.4x24.4cm) / 전원부 : 10+1+1+1+1페이즈 / 페이즈당50A / Vcore출력합계 : 500A / [메모리] 8666MHz (PC5-69300) / 4개 / 메모리 용량 : 최대 256GB / XMP3.0 / [확장슬롯] PCIe버전 : PCIe5.0 , PCIe4.0 / PCIex16 : 1개 / PCIex4 : 1개 / [저장장치] M.2 : 3개 / SATA3 : 4개 / M.2 연결 : PCIe5.0 , PCIe4.0 , NVMe / [후면단자] HDMI / DP / USB3.x 20Gbps / USB3.x 5Gbps / USB 2.0 / RJ-45 / 오디오잭 / BIOS플래시백 / USB A타입 : 5개 / USB C타입 : 1개 / [랜/오디오] 유선랜 칩셋 : Realtek RTL8125BG / 2.5Gbps / RJ-45 : 1개 / 무선랜(Wi-Fi) / 블루투스 / 오디오 칩셋 : Realtek ALC897 / 7.1채널(8ch) / [내부I/O] USB/팬 헤더 : USB3.0 헤더 , USB2.0 헤더 , USB3.0 Type C 헤더 , RGB 12V 4핀 헤더 , ARGB 5V 3핀 헤더 , CPU추가팬(OPT) 헤더 , 펌프전용 헤더 / 시스템팬 4핀 : 3개 / I/O 헤더 : TPM 헤더 , 프론트오디오AAFP 헤더 / [특징] DrMOS / 전원부 방열판 / M.2 히트싱크 / 일체형IO실드 / LED라이트 / UEFI 닫기",https://img.danuri.io/catalog-image/612/935/075/007d6e3343034338a02b29e1294efcd1.jpg?shrink=130:130&_v=20260921110208,https://prod.danawa.com/info/?pcode=75935612&cate=112751
743,ASRock,ASRock B860 Pro-A 에즈윈,"227,480","인텔 B860 / 인텔(소켓1851) / DDR5 / VGA 연결 : PCIe5.0 x16 / ATX (30.5x24.4cm) / 전원부 : 10+1+1+1+1페이즈 / [메모리] 8666MHz (PC5-69300) / 4개 / 메모리 용량 : 최대 256GB / XMP3.0 / [확장슬롯] PCIe버전 : PCIe5.0 , PCIe4.0 / PCIex16 : 1개 / PCIex16(at x4) : 1개 / [저장장치] M.2 : 3개 / SATA3 : 4개 / M.2 연결 : PCIe5.0 , PCIe4.0 , NVMe / [후면단자] HDMI / DP / USB3.x 20Gbps / USB3.x 5Gbps / USB 2.0 / RJ-45 / 오디오잭 / BIOS플래시백 / USB A타입 : 8개 / USB C타입 : 1개 / [랜/오디오] 유선랜 칩셋 : Dragon RTL8125BG / 2.5Gbps / RJ-45 : 1개 / M.2 Key-E(모듈별매) / 오디오 칩셋 : Realtek ALC897 / 7.1채널(8ch) / [내부I/O] USB/팬 헤더 : USB3.0 헤더 , USB2.0 헤더 , USB3.0 Type C 헤더 , RGB 12V 4핀 헤더 , ARGB 5V 3핀 헤더 , CPU추가팬(OPT) 헤더 , 펌프전용 헤더 / 시스템팬 4핀 : 4개 / I/O 헤더 : TPM 헤더 , 프론트오디오AAFP 헤더 / [특징] DrMOS / 전원부 방열판 / M.2 히트싱크 / UEFI 닫기",https://img.danuri.io/catalog-image/492/360/092/e172ae739c394a1dbcd7f86142e431f6.jpg?shrink=130:130&_v=20260921080458,https://prod.danawa.com/info/?pcode=92360492&cate=112751
744,ASRock,ASRock Z890 Pro-A WiFi 인텍앤컴퍼니,"298,800","인텔 Z890 / 인텔(소켓1851) / DDR5 / VGA 연결 : PCIe5.0 x16 / ATX (30.5x24.4cm) / 전원부 : 16+1+1+1+1페이즈 / [메모리] 9066MHz (PC5-72500) / 4개 / 메모리 용량 : 최대 256GB / XMP3.0 / [확장슬롯] PCIe버전 : PCIe5.0 , PCIe4.0 / PCIex16 : 1개 / PCIex4 : 2개 / PCIex1 : 1개 / [저장장치] M.2 : 4개 / SATA3 : 4개 / M.2 연결 : PCIe5.0 , PCIe4.0 , NVMe , SATA / [후면단자] HDMI / DP / Type-C / 썬더볼트4 / USB3.x 20Gbps / USB3.x 10Gbps / USB3.x 5Gbps / USB 2.0 / RJ-45 / 오디오잭 / BIOS플래시백 / USB A타입 : 7개 / USB C타입 : 2개 / [랜/오디오] 유선랜 칩셋 : Dragon RTL8125BG / 2.5Gbps / RJ-45 : 1개 / 무선랜(Wi-Fi) / 블루투스 / 오디오 칩셋 : Realtek ALC897 / 7.1채널(8ch) / [내부I/O] USB/팬 헤더 : USB3.0 헤더 , USB2.0 헤더 , USB3.2 Type C 헤더 , RGB 12V 4핀 헤더 , ARGB 5V 3핀 헤더 , CPU추가팬(OPT) 헤더 , 펌프전용 헤더 / 시스템팬 4핀 : 5개 / I/O 헤더 : TPM 헤더 , 프론트오디오AAFP 헤더 / [특징] DrMOS / 전원부 방열판 / M.2 히트싱크 / UEFI 닫기",https://img.danuri.io/catalog-image/499/868/069/40dfcc1da739446bbda7068d83b09d64.jpg?shrink=130:130&_v=20260921080442,https://prod.danawa.com/info/?pcode=69868499&cate=112751
745,ASRock,ASRock H810M-X 에즈윈,"124,170","인텔 H810 / 인텔(소켓1851) / DDR5 / VGA 연결 : PCIe4.0 x16 / M-ATX (24.4x24.4cm) / 전원부 : 6+1+1+1+1페이즈 / [메모리] 6400MHz (PC5-51200) / 2개 / 메모리 용량 : 최대 128GB / XMP3.0 / [확장슬롯] PCIe버전 : PCIe4.0 / PCIex16 : 1개 / PCIex1 : 1개 / [저장장치] M.2 : 1개 / SATA3 : 4개 / M.2 연결 : PCIe4.0 , NVMe / [후면단자] HDMI / DP / D-SUB / USB3.x 5Gbps / USB 2.0 / RJ-45 / 오디오잭 / PS/2 / USB A타입 : 6개 / [랜/오디오] 유선랜 칩셋 : Dragon RTL8125BG / 2.5Gbps / M.2 Key-E(모듈별매) / 오디오 칩셋 : Realtek ALC897 / [내부I/O] USB/팬 헤더 : USB3.0 헤더 , USB2.0 헤더 , USB3.0 Type C 헤더 , RGB 12V 4핀 헤더 , ARGB 5V 3핀 헤더 / 시스템팬 4핀 : 1개 / I/O 헤더 : TPM 헤더 , 프론트오디오AAFP 헤더 / [특징] 전원부 방열판 / M.2 히트싱크 / UEFI 닫기",https://img.danuri.io/catalog-image/192/885/074/34fdc422a9c84338895459407afce86c.jpg?shrink=130:130&_v=20260921090403,https://prod.danawa.com/info/?pcode=74885192&cate=112751
746,ASRock,ASRock B860 Rock WiFi 7 에즈윈,"223,550","인텔 B860 / 인텔(소켓1851) / DDR5 / VGA 연결 : PCIe5.0 x16 / ATX (30.5x24.4cm) / 전원부 : 11~12페이즈 / [메모리] 8666MHz (PC5-69300) / 4개 / 메모리 용량 : 최대 256GB / XMP3.0 / [확장슬롯] PCIe버전 : PCIe5.0 , PCIe4.0 / PCIex16 : 1개 / PCIex16(at x4) : 1개 / [저장장치] M.2 : 3개 / SATA3 : 4개 / M.2 연결 : PCIe5.0 , PCIe4.0 , NVMe / [후면단자] HDMI / USB3.x 5Gbps / USB 2.0 / RJ-45 / 오디오잭 / USB A타입 : 8개 / USB C타입 : 1개 / [랜/오디오] 유선랜 칩셋 : Dragon RTL8125BG / 2.5Gbps / RJ-45 : 1개 / 무선랜(Wi-Fi) / 블루투스 / 오디오 칩셋 : Realtek ALC897 / [내부I/O] USB/팬 헤더 : USB3.0 헤더 , USB2.0 헤더 , USB3.0 Type C 헤더 , RGB 12V 4핀 헤더 , ARGB 5V 3핀 헤더 , 펌프전용 헤더 / 시스템팬 4핀 : 4개 / I/O 헤더 : TPM 헤더 , 프론트오디오AAFP 헤더 / [특징] DrMOS / 전원부 방열판 / M.2 히트싱크 / 일체형IO실드 / UEFI 닫기",https://img.danuri.io/catalog-image/086/728/106/924f94caf8964a6a96a4dbcc30a880a3.jpg?shrink=130:130&_v=20260921093453,https://prod.danawa.com/info/?pcode=106728086&cate=112751
747,ASRock,ASRock H810M-HDVP 디앤디컴,"130,010","인텔 H810 / 인텔(소켓1851) / DDR5 / VGA 연결 : PCIe5.0 x16 / M-ATX (24.4x21.8cm) / 전원부 : 6+1+1+1+1페이즈 / [메모리] 6400MHz (PC5-51200) / 2개 / 메모리 용량 : 최대 128GB / XMP3.0 / [확장슬롯] PCIe버전 : PCIe5.0 , PCIe4.0 / PCIex16 : 1개 / PCIex1 : 2개 / [저장장치] M.2 : 2개 / SATA3 : 4개 / M.2 연결 : PCIe4.0 , NVMe / [후면단자] HDMI / DP / DVI / D-SUB / USB3.x 10Gbps / USB3.x 5Gbps / USB 2.0 / RJ-45 / 오디오잭 / PS/2 / USB A타입 : 5개 / [랜/오디오] 유선랜 칩셋 : Intel i219V / 1Gbps / RJ-45 : 1개 / 오디오 칩셋 : Realtek ALC897 / 7.1채널(8ch) / [내부I/O] USB/팬 헤더 : USB3.0 헤더 , USB2.0 헤더 / 시스템팬 4핀 : 2개 / I/O 헤더 : TPM 헤더 , 프론트오디오AAFP 헤더 , COM포트 헤더 / [특징] UEFI 닫기",https://img.danuri.io/catalog-image/083/969/105/244e989471f34a51b20426c03b7a379a.jpg?shrink=130:130&_v=20260921110118,https://prod.danawa.com/info/?pcode=105969083&cate=112751
748,ASRock,ASRock Z890 Pro RS 에즈윈,"331,380","인텔 Z890 / 인텔(소켓1851) / DDR5 / VGA 연결 : PCIe5.0 x16 / ATX (30.5x24.4cm) / 전원부 : 16+1+1+1+1페이즈 / [메모리] 8666MHz (PC5-69300) / 4개 / 메모리 용량 : 최대 256GB / XMP3.0 / [확장슬롯] PCIe버전 : PCIe5.0 , PCIe4.0 / PCIex16 : 1개 / PCIex4 : 2개 / PCIex1 : 1개 / [저장장치] M.2 : 4개 / SATA3 : 4개 / M.2 연결 : PCIe5.0 , PCIe4.0 , NVMe , SATA / [후면단자] HDMI / DP / Type-C / 썬더볼트4 / USB3.x 10Gbps / USB3.x 5Gbps / USB 2.0 / RJ-45 / 오디오잭 / BIOS플래시백 / USB A타입 : 7개 / USB C타입 : 2개 / [랜/오디오] 유선랜 칩셋 : Dragon RTL8125BG / 2.5Gbps / RJ-45 : 1개 / M.2 Key-E(모듈별매) / 오디오 칩셋 : Realtek ALC897 / 7.1채널(8ch) / [내부I/O] USB/팬 헤더 : USB3.0 헤더 , USB2.0 헤더 , USB3.2 Type C 헤더 , RGB 12V 4핀 헤더 , ARGB 5V 3핀 헤더 , CPU추가팬(OPT) 헤더 , 펌프전용 헤더 / 시스템팬 4핀 : 5개 / I/O 헤더 : TPM 헤더 , 프론트오디오AAFP 헤더 / [특징] DrMOS / 전원부 방열판 / M.2 히트싱크 / 일체형IO실드 / LED라이트 / UEFI 닫기",https://img.danuri.io/catalog-image/615/687/068/6e7cfb8740494db095689aec29ffbeb2.jpg?shrink=130:130&_v=20260921080457,https://prod.danawa.com/info/?pcode=68687615&cate=112751
749,ASRock,ASRock H810M-X Gen5 디앤디컴,"129,700","인텔 H810 / 인텔(소켓1851) / DDR5 / VGA 연결 : PCIe5.0 x16 / M-ATX (24.4x19.3cm) / 전원부 : 6+1+1+1+1페이즈 / [메모리] 6400MHz (PC5-51200) / 2개 / 메모리 용량 : 최대 128GB / XMP3.0 / [확장슬롯] PCIe버전 : PCIe5.0 , PCIe4.0 / PCIex16 : 1개 / PCIex1 : 1개 / [저장장치] M.2 : 1개 / SATA3 : 4개 / M.2 연결 : PCIe4.0 , NVMe / [후면단자] HDMI / DP / USB3.x 5Gbps / USB 2.0 / RJ-45 / 오디오잭 / USB A타입 : 6개 / [랜/오디오] 유선랜 칩셋 : Dragon RTL8125BG / 2.5Gbps / M.2 Key-E(모듈별매) / 오디오 칩셋 : Realtek ALC897 / [내부I/O] USB/팬 헤더 : USB3.0 헤더 , USB2.0 헤더 , USB3.0 Type C 헤더 , RGB 12V 4핀 헤더 , ARGB 5V 3핀 헤더 / 시스템팬 4핀 : 1개 / I/O 헤더 : TPM 헤더 , 프론트오디오AAFP 헤더 / [특징] M.2 히트싱크 / UEFI 닫기",https://img.danuri.io/catalog-image/353/689/106/c19c8a0f9d9641b89b51164483554130.jpg?shrink=130:130&_v=20260921064758,https://prod.danawa.com/info/?pcode=106689353&cate=112751
750,ASRock,ASRock H810M-X Gen5 인텍앤컴퍼니,"127,580","인텔 H810 / 인텔(소켓1851) / DDR5 / VGA 연결 : PCIe5.0 x16 / M-ATX (24.4x19.3cm) / 전원부 : 6+1+1+1+1 페이즈 / [메모리] 6400MHz (PC5-51200) / 2개 / 메모리 용량 : 최대 128GB / XMP3.0 / [확장슬롯] PCIe버전 : PCIe5.0 , PCIe4.0 / PCIex16 : 1개 / PCIex1 : 1개 / [저장장치] M.2 : 1개 / SATA3 : 4개 / M.2 연결 : PCIe4.0 , NVMe / [후면단자] HDMI / DP / USB3.x 5Gbps / USB 2.0 / RJ-45 / 오디오잭 / USB A타입 : 6개 / [랜/오디오] 유선랜 칩셋 : Dragon RTL8125BG / 2.5Gbps / RJ-45 : 1개 / M.2 Key-E(모듈별매) / 오디오 칩셋 : Realtek ALC897 / 7.1채널(8ch) / [내부I/O] USB/팬 헤더 : USB3.0 헤더 , USB2.0 헤더 , USB3.0 Type C 헤더 , RGB 12V 4핀 헤더 , ARGB 5V 3핀 헤더 / 시스템팬 4핀 : 1개 / I/O 헤더 : TPM 헤더 , 프론트오디오AAFP 헤더 / [특징] M.2 히트싱크 / UEFI 닫기",https://img.danuri.io/catalog-image/787/184/105/632d56ff0ca349c89dbd011eb467c679.jpg?shrink=130:130&_v=20260921080609,https://prod.danawa.com/info/?pcode=105184787&cate=112751
751,ASRock,ASRock H810M-X Gen5 에즈윈,"129,350","인텔 H810 / 인텔(소켓1851) / DDR5 / VGA 연결 : PCIe5.0 x16 / M-ATX (24.4x19.3cm) / 전원부 : 6+1+1+1+1페이즈 / [메모리] 6400MHz (PC5-51200) / 2개 / 메모리 용량 : 최대 128GB / XMP3.0 / [확장슬롯] PCIe버전 : PCIe5.0 , PCIe4.0 / PCIex16 : 1개 / PCIex1 : 1개 / [저장장치] M.2 : 1개 / SATA3 : 4개 / M.2 연결 : PCIe4.0 , NVMe / [후면단자] HDMI / DP / USB3.x 5Gbps / USB 2.0 / RJ-45 / 오디오잭 / USB A타입 : 6개 / [랜/오디오] 유선랜 칩셋 : Dragon RTL8125BG / 2.5Gbps / M.2 Key-E(모듈별매) / 오디오 칩셋 : Realtek ALC897 / [내부I/O] USB/팬 헤더 : USB3.0 헤더 , USB2.0 헤더 , USB3.0 Type C 헤더 , RGB 12V 4핀 헤더 , ARGB 5V 3핀 헤더 / 시스템팬 4핀 : 1개 / I/O 헤더 : TPM 헤더 , 프론트오디오AAFP 헤더 / [특징] M.2 히트싱크 / UEFI 닫기",https://img.danuri.io/catalog-image/219/966/104/9b698120498a41e9a0612e43fa3df03f.jpg?shrink=130:130&_v=20260921090355,https://prod.danawa.com/info/?pcode=104966219&cate=112751
752,ASRock,ASRock B860M Rock WiFi 인텍앤컴퍼니,"191,480","인텔(소켓1851) / 인텔 B860 / DDR5 / VGA 연결 : PCIe5.0 x16 / M-ATX (24.4x21.8cm) / 전원부 : 5+1+1+1+1페이즈 / [메모리] 8333MHz (PC5-66600) / 2개 / 메모리 용량 : 최대 128GB / XMP3.0 / [확장슬롯] PCIe버전 : PCIe5.0 , PCIe4.0 / PCIex16 : 1개 / PCIex1 : 1개 / [저장장치] SATA3 : 4개 / M.2 : 2개 / M.2 연결 : PCIe5.0 , PCIe4.0 , NVMe / [후면단자] HDMI / DP / USB3.x 20Gbps / USB3.x 5Gbps / USB 2.0 / RJ-45 / 오디오잭 / USB A타입 : 8개 / USB C타입 : 1개 / [랜/오디오] 유선랜 칩셋 : Dragon RTL8125BG / 2.5Gbps / RJ-45 : 1개 / 무선랜(Wi-Fi) / 블루투스 / 오디오 칩셋 : Realtek ALC897 / [내부I/O] USB/팬 헤더 : USB3.0 헤더 , USB2.0 헤더 , USB3.0 Type C 헤더 , RGB 12V 4핀 헤더 , ARGB 5V 3핀 헤더 , 펌프전용 헤더 / 시스템팬 4핀 : 2개 / I/O 헤더 : TPM 헤더 , 프론트오디오AAFP 헤더 / [특징] 전원부 방열판 / M.2 히트싱크 / 일체형IO실드 / UEFI 닫기",https://img.danuri.io/catalog-image/887/456/108/acb53466bad34f099c211e2702bd746f.jpeg?shrink=130:130&_v=20260920080509,https://prod.danawa.com/info/?pcode=108456887&cate=112751
753,ASRock,ASRock H810M-X 디앤디컴 (벌크),"134,970","인텔 H810 / 인텔(소켓1851) / DDR5 / VGA 연결 : PCIe4.0 x16 / M-ATX (24.4x24.4cm) / 전원부 : 6+1+1+1+1페이즈 / [메모리] 6400MHz (PC5-51200) / 2개 / 메모리 용량 : 최대 128GB / XMP3.0 / [확장슬롯] PCIe버전 : PCIe4.0 / PCIex16 : 1개 / PCIex1 : 1개 / [저장장치] M.2 : 1개 / SATA3 : 4개 / M.2 연결 : PCIe4.0 , NVMe / [후면단자] HDMI / DP / D-SUB / USB3.x 5Gbps / USB 2.0 / RJ-45 / 오디오잭 / PS/2 / USB A타입 : 6개 / [랜/오디오] 유선랜 칩셋 : Dragon RTL8125BG / 2.5Gbps / RJ-45 : 1개 / M.2 Key-E(모듈별매) / 오디오 칩셋 : Realtek ALC897 / 7.1채널(8ch) / [내부I/O] USB/팬 헤더 : USB3.0 헤더 , USB2.0 헤더 , USB3.0 Type C 헤더 , RGB 12V 4핀 헤더 , ARGB 5V 3핀 헤더 / 시스템팬 4핀 : 1개 / I/O 헤더 : TPM 헤더 , 프론트오디오AAFP 헤더 / [특징] 전원부 방열판 / M.2 히트싱크 / UEFI 닫기",https://img.danuri.io/catalog-image/209/312/078/05e131c946724898a7a628417b525c6e.jpg?shrink=130:130&_v=20260921090345,https://prod.danawa.com/info/?pcode=78312209&cate=112751
754,ASRock,ASRock B860M-X 인텍앤컴퍼니,"160,960","인텔 B860 / 인텔(소켓1851) / DDR5 / VGA 연결 : PCIe4.0 x16 / M-ATX (24.4x24.4cm) / 전원부 : 7+1+1+1+1페이즈 / [메모리] 9066MHz (PC5-72500) / 2개 / 메모리 용량 : 최대 128GB / XMP3.0 / [확장슬롯] PCIe버전 : PCIe4.0 / PCIex16 : 1개 / PCIex4 : 1개 / PCIex1 : 1개 / [저장장치] M.2 : 2개 / SATA3 : 4개 / M.2 연결 : PCIe5.0 , PCIe4.0 , NVMe / [후면단자] HDMI / DP / USB3.x 20Gbps / USB3.x 5Gbps / USB 2.0 / RJ-45 / 오디오잭 / BIOS플래시백 / USB A타입 : 5개 / USB C타입 : 1개 / [랜/오디오] 유선랜 칩셋 : Dragon RTL8125BG / 2.5Gbps / RJ-45 : 1개 / M.2 Key-E(모듈별매) / 오디오 칩셋 : Realtek ALC897 / 7.1채널(8ch) / [내부I/O] USB/팬 헤더 : USB3.0 헤더 , USB2.0 헤더 , USB3.0 Type C 헤더 , RGB 12V 4핀 헤더 , ARGB 5V 3핀 헤더 , CPU추가팬(OPT) 헤더 , 펌프전용 헤더 / 시스템팬 4핀 : 2개 / I/O 헤더 : TPM 헤더 , 프론트오디오AAFP 헤더 / [특징] 전원부 방열판 / M.2 히트싱크 / UEFI 닫기",https://img.danuri.io/catalog-image/352/122/074/9f8d7d7860db4ce58014e369b6900c37.jpg?shrink=130:130&_v=20260921140214,https://prod.danawa.com/info/?pcode=74122352&cate=112751
755,ASRock,ASRock H810M-P Gen5 디앤디컴 (벌크),"99,360","인텔 H810 / 인텔(소켓1851) / DDR5 / VGA 연결 : PCIe5.0 x16 / M-ATX (24.4x19.3cm) / 전원부 : 6+1+1+1+1페이즈 / [메모리] 6400MHz (PC5-51200) / 2개 / 메모리 용량 : 최대 128GB / XMP3.0 / [확장슬롯] PCIe버전 : PCIe5.0 , PCIe4.0 / PCIex16 : 1개 / PCIex1 : 1개 / [저장장치] M.2 : 1개 / SATA3 : 4개 / M.2 연결 : PCIe4.0 , NVMe / [후면단자] HDMI / DP / USB3.x 5Gbps / USB 2.0 / RJ-45 / 오디오잭 / USB A타입 : 6개 / [랜/오디오] 유선랜 칩셋 : RTL8111H / 1Gbps / 오디오 칩셋 : Realtek ALC897 / [내부I/O] USB/팬 헤더 : USB3.0 헤더 , USB2.0 헤더 , RGB 12V 4핀 헤더 , ARGB 5V 3핀 헤더 / 시스템팬 4핀 : 1개 / I/O 헤더 : TPM 헤더 , 프론트오디오AAFP 헤더 / [특징] UEFI 닫기",https://img.danuri.io/catalog-image/347/689/106/97ca8b4b8a704a76a915393ec922e644.jpg?shrink=130:130&_v=20260921110323,https://prod.danawa.com/info/?pcode=106689347&cate=112751
756,ASRock,ASRock Z890 Taichi 인텍앤컴퍼니,"683,300","인텔 Z890 / 인텔(소켓1851) / DDR5 / VGA 연결 : PCIe5.0 x16 / ATX (30.5x24.4cm) / 전원부 : 20+1+2+1+1페이즈 / 페이즈당110A / Vcore출력합계 : 2200A / [메모리] 9600MHz (PC5-76800) / 4개 / 메모리 용량 : 최대 256GB / XMP3.0 / [확장슬롯] PCIe버전 : PCIe5.0 , PCIe4.0 / PCIex16 : 1개 / PCIex16(at x4) : 1개 / [저장장치] M.2 : 6개 / SATA3 : 4개 / M.2 연결 : PCIe5.0 , PCIe4.0 , PCIe 레인공유 / [후면단자] HDMI / Type-C / 썬더볼트4 / USB3.x 10Gbps / USB3.x 5Gbps / USB 2.0 / RJ-45 / S/PDIF / 오디오잭 / BIOS플래시백 / 클리어CMOS / USB A타입 : 10개 / USB C타입 : 2개 / [랜/오디오] 유선랜 칩셋 : Realtek RTL8126, Dragon RTL 8125BG / 5Gbps, 2.5Gbps / RJ-45 : 2개 / 듀얼LAN / 무선랜(Wi-Fi) / 블루투스 / 오디오 칩셋 : Realtek ALC4082 / 5.1채널(6ch) / [내부I/O] USB/팬 헤더 : USB3.0 헤더 , USB2.0 헤더 , USB3.2 Type C 헤더 , RGB 12V 4핀 헤더 , ARGB 5V 3핀 헤더 , CPU추가팬(OPT) 헤더 , 펌프전용 헤더 / 시스템팬 4핀 : 4+1개 / I/O 헤더 : TPM 헤더 , 디버그LED , 프론트오디오AAFP 헤더 / [특징] SPS(DrMOS) / 전원부 방열판 / M.2 히트싱크 / 일체형IO실드 / LED라이트 닫기",https://img.danuri.io/catalog-image/902/867/069/bd1fe1180b814cc4a2b982a148418b5e.jpg?shrink=130:130&_v=20260921080457,https://prod.danawa.com/info/?pcode=69867902&cate=112751
757,ASRock,ASRock H810M-P Gen5 + WiFi6E 랜카드 패키지 디앤디컴,"131,020","인텔 H810 / 인텔(소켓1851) / DDR5 / VGA 연결 : PCIe5.0 x16 / M-ATX (24.4x19.3cm) / 전원부 : 6+1+1+1+1페이즈 / [메모리] 6400MHz (PC5-51200) / 2개 / 메모리 용량 : 최대 128GB / XMP3.0 / [확장슬롯] PCIe버전 : PCIe5.0 , PCIe4.0 / PCIex16 : 1개 / PCIex1 : 1개 / [저장장치] M.2 : 1개 / SATA3 : 4개 / M.2 연결 : PCIe4.0 , NVMe / [후면단자] HDMI / DP / USB3.x 5Gbps / USB 2.0 / RJ-45 / 오디오잭 / USB A타입 : 6개 / [랜/오디오] 유선랜 칩셋 : RTL8111H / 1Gbps / 무선랜(Wi-Fi) / 블루투스 / 오디오 칩셋 : Realtek ALC897 / [내부I/O] USB/팬 헤더 : USB3.0 헤더 , USB2.0 헤더 , RGB 12V 4핀 헤더 , ARGB 5V 3핀 헤더 / 시스템팬 4핀 : 1개 / I/O 헤더 : TPM 헤더 , 프론트오디오AAFP 헤더 / [특징] UEFI 닫기",https://img.danuri.io/catalog-image/246/709/106/923e1c5ebcb847fdb95d4313f9c8c17a.jpg?shrink=130:130&_v=20260921110122,https://prod.danawa.com/info/?pcode=106709246&cate=112751
758,ASRock,ASRock H810M-P Gen5 + WiFi7 랜카드 패키지 디앤디컴,"150,010","인텔 H810 / 인텔(소켓1851) / DDR5 / VGA 연결 : PCIe5.0 x16 / M-ATX (24.4x19.3cm) / 전원부 : 6+1+1+1+1페이즈 / [메모리] 6400MHz (PC5-51200) / 2개 / 메모리 용량 : 최대 128GB / XMP3.0 / [확장슬롯] PCIe버전 : PCIe5.0 , PCIe4.0 / PCIex16 : 1개 / PCIex1 : 1개 / [저장장치] M.2 : 1개 / SATA3 : 4개 / M.2 연결 : PCIe4.0 , NVMe / [후면단자] HDMI / DP / USB3.x 5Gbps / USB 2.0 / RJ-45 / 오디오잭 / USB A타입 : 6개 / [랜/오디오] 유선랜 칩셋 : RTL8111H / 1Gbps / 무선랜(Wi-Fi) / 블루투스 / 오디오 칩셋 : Realtek ALC897 / [내부I/O] USB/팬 헤더 : USB3.0 헤더 , USB2.0 헤더 , RGB 12V 4핀 헤더 , ARGB 5V 3핀 헤더 / 시스템팬 4핀 : 1개 / I/O 헤더 : TPM 헤더 , 프론트오디오AAFP 헤더 / [특징] UEFI 닫기",https://img.danuri.io/catalog-image/403/729/106/a94060270cf24fac91dae66dccdf999e.jpg?shrink=130:130&_v=20260921135009,https://prod.danawa.com/info/?pcode=106729403&cate=112751
759,ASRock,ASRock H810M-HDVP 에즈윈 (벌크),"130,660","인텔(소켓1851) / 인텔 H810 / DDR5 / VGA 연결 : PCIe5.0 x16 / M-ATX (24.4x21.8cm) / 전원부 : 6+1+1+1+1페이즈 / [메모리] 6400MHz (PC5-51200) / 2개 / 메모리 용량 : 최대 128GB / XMP3.0 / [확장슬롯] PCIe버전 : PCIe5.0 , PCIe4.0 / PCIex16 : 1개 / PCIex1 : 2개 / [저장장치] SATA3 : 4개 / M.2 : 2개 / M.2 연결 : PCIe4.0 , NVMe / [후면단자] HDMI / DP / DVI / D-SUB / USB3.x 10Gbps / USB3.x 5Gbps / USB 2.0 / RJ-45 / 오디오잭 / PS/2 / 시리얼포트 / USB A타입 : 5개 / [랜/오디오] 유선랜 칩셋 : Intel i219V / 1Gbps / RJ-45 : 1개 / 오디오 칩셋 : Realtek ALC897 / 7.1채널(8ch) / [내부I/O] USB/팬 헤더 : USB3.0 헤더 , USB2.0 헤더 / 시스템팬 4핀 : 2개 / I/O 헤더 : TPM 헤더 , 프론트오디오AAFP 헤더 , COM포트 헤더 , LPT포트 헤더 / [특징] UEFI 닫기",https://img.danuri.io/catalog-image/637/717/106/ade6f0de462a46228e528b8c12bd67fb.jpg?shrink=130:130&_v=20260920080635,https://prod.danawa.com/info/?pcode=106717637&cate=112751
760,ASRock,ASRock H810M-X Gen5 + WiFi7 랜카드 패키지 디앤디컴,"177,500","인텔 H810 / 인텔(소켓1851) / DDR5 / VGA 연결 : PCIe5.0 x16 / M-ATX (24.4x19.3cm) / 전원부 : 6+1+1+1+1페이즈 / [메모리] 6400MHz (PC5-51200) / 2개 / 메모리 용량 : 최대 128GB / XMP3.0 / [확장슬롯] PCIe버전 : PCIe5.0 , PCIe4.0 / PCIex16 : 1개 / PCIex1 : 1개 / [저장장치] M.2 : 1개 / SATA3 : 4개 / M.2 연결 : PCIe4.0 , NVMe / [후면단자] HDMI / DP / USB3.x 5Gbps / USB 2.0 / RJ-45 / 오디오잭 / USB A타입 : 6개 / [랜/오디오] 유선랜 칩셋 : Dragon RTL8125BG / 2.5Gbps / 무선랜(Wi-Fi) / 블루투스 / M.2 Key-E(모듈별매) / 오디오 칩셋 : Realtek ALC897 / [내부I/O] USB/팬 헤더 : USB3.0 헤더 , USB2.0 헤더 , USB3.0 Type C 헤더 , RGB 12V 4핀 헤더 , ARGB 5V 3핀 헤더 / 시스템팬 4핀 : 1개 / I/O 헤더 : TPM 헤더 , 프론트오디오AAFP 헤더 / [특징] M.2 히트싱크 / UEFI 닫기",https://img.danuri.io/catalog-image/391/729/106/05cb79206d544822b576be772f74dd5d.jpg?shrink=130:130&_v=20260921135014,https://prod.danawa.com/info/?pcode=106729391&cate=112751
761,ASRock,ASRock H810M-X Gen5 + WiFi6E 랜카드 패키지 디앤디컴,"156,700","인텔 H810 / 인텔(소켓1851) / DDR5 / VGA 연결 : PCIe5.0 x16 / M-ATX (24.4x19.3cm) / 전원부 : 6+1+1+1+1페이즈 / [메모리] 6400MHz (PC5-51200) / 2개 / 메모리 용량 : 최대 128GB / XMP3.0 / [확장슬롯] PCIe버전 : PCIe5.0 , PCIe4.0 / PCIex16 : 1개 / PCIex1 : 1개 / [저장장치] M.2 : 1개 / SATA3 : 4개 / M.2 연결 : PCIe4.0 , NVMe / [후면단자] HDMI / DP / USB3.x 5Gbps / USB 2.0 / RJ-45 / 오디오잭 / USB A타입 : 6개 / [랜/오디오] 유선랜 칩셋 : Dragon RTL8125BG / 2.5Gbps / 무선랜(Wi-Fi) / 블루투스 / M.2 Key-E(모듈별매) / 오디오 칩셋 : Realtek ALC897 / [내부I/O] USB/팬 헤더 : USB3.0 헤더 , USB2.0 헤더 , USB3.0 Type C 헤더 , RGB 12V 4핀 헤더 , ARGB 5V 3핀 헤더 / 시스템팬 4핀 : 1개 / I/O 헤더 : TPM 헤더 , 프론트오디오AAFP 헤더 / [특징] M.2 히트싱크 / UEFI 닫기",https://img.danuri.io/catalog-image/032/710/106/31689132f4d34906bdd97b76daa0f1c2.jpg?shrink=130:130&_v=20260921110219,https://prod.danawa.com/info/?pcode=106710032&cate=112751
762,ASRock,ASRock H810M-X Gen5 디앤디컴 (벌크),"130,660","인텔 H810 / 인텔(소켓1851) / DDR5 / VGA 연결 : PCIe5.0 x16 / M-ATX (24.4x19.3cm) / 전원부 : 6+1+1+1+1페이즈 / [메모리] 6400MHz (PC5-51200) / 2개 / 메모리 용량 : 최대 128GB / XMP3.0 / [확장슬롯] PCIe버전 : PCIe5.0 , PCIe4.0 / PCIex16 : 1개 / PCIex1 : 1개 / [저장장치] M.2 : 1개 / SATA3 : 4개 / M.2 연결 : PCIe4.0 , NVMe / [후면단자] HDMI / DP / USB3.x 5Gbps / USB 2.0 / RJ-45 / 오디오잭 / USB A타입 : 6개 / [랜/오디오] 유선랜 칩셋 : Dragon RTL8125BG / 2.5Gbps / M.2 Key-E(모듈별매) / 오디오 칩셋 : Realtek ALC897 / [내부I/O] USB/팬 헤더 : USB3.0 헤더 , USB2.0 헤더 , USB3.0 Type C 헤더 , RGB 12V 4핀 헤더 , ARGB 5V 3핀 헤더 / 시스템팬 4핀 : 1개 / I/O 헤더 : TPM 헤더 , 프론트오디오AAFP 헤더 / [특징] M.2 히트싱크 / UEFI 닫기",https://img.danuri.io/catalog-image/356/689/106/32c52688f0514efc8648bb2c43352e15.jpg?shrink=130:130&_v=20260921105729,https://prod.danawa.com/info/?pcode=106689356&cate=112751
763,ASRock,ASRock Z890 Taichi OCF 인텍앤컴퍼니,"938,990","인텔 Z890 / 인텔(소켓1851) / DDR5 / VGA 연결 : PCIe5.0 x16 / ATX (30.5x24.4cm) / 전원부 : 22+1+2+1+1페이즈 / 페이즈당110A / Vcore출력합계 : 2420A / [메모리] 2개 / 메모리 용량 : 최대 128GB / XMP3.0 / [확장슬롯] PCIe버전 : PCIe5.0 , PCIe4.0 / PCIex16 : 1개 / PCIex16(at x8) : 1개 / PCIex4 : 1개 / [저장장치] M.2 : 6개 / M.2 연결 : PCIe5.0 , PCIe4.0 , SATA / [후면단자] HDMI / Type-C / 썬더볼트4 / USB3.x 20Gbps / USB3.x 10Gbps / USB3.x 5Gbps / RJ-45 / S/PDIF / 오디오잭 / PS/2 / BIOS플래시백 / 클리어CMOS / BIOS선택 / USB A타입 : 5개 / USB C타입 : 3개 / [랜/오디오] 유선랜 칩셋 : Realtek RTL8126 / 5Gbps / RJ-45 : 1개 / 듀얼LAN / 무선랜(Wi-Fi) / 블루투스 / 오디오 칩셋 : Realtek ALC4082 / 7.1채널(8ch) / [내부I/O] USB/팬 헤더 : USB3.0 헤더 , USB2.0 헤더 , USB3.2 Type C 헤더 , ARGB 5V 3핀 헤더 , CPU추가팬(OPT) 헤더 , 펌프전용 헤더 / 시스템팬 4핀 : 4개 / I/O 헤더 : 디버그LED , 프론트오디오AAFP 헤더 , 온도 센서 / [특징] SPS(DrMOS) / 전원부 방열판 / M.2 히트싱크 / 일체형IO실드 / LED라이트 / 듀얼(멀티)바이오스 / UEFI 닫기",https://img.danuri.io/catalog-image/175/868/069/45feb455fe5646f3a995183d684f3865.jpg?shrink=130:130&_v=20260921080444,https://prod.danawa.com/info/?pcode=69868175&cate=112751
764,ASRock,ASRock H810M-X 에즈윈 (벌크),"131,750","인텔 H810 / 인텔(소켓1851) / DDR5 / VGA 연결 : PCIe4.0 x16 / M-ATX (24.4x24.4cm) / 전원부 : 6+1+1+1+1페이즈 / [메모리] 6400MHz (PC5-51200) / 2개 / 메모리 용량 : 최대 128GB / XMP3.0 / [확장슬롯] PCIe버전 : PCIe4.0 / PCIex16 : 1개 / PCIex1 : 1개 / [저장장치] M.2 : 1개 / SATA3 : 4개 / M.2 연결 : PCIe4.0 , NVMe / [후면단자] HDMI / DP / D-SUB / USB3.x 5Gbps / USB 2.0 / RJ-45 / 오디오잭 / PS/2 / USB A타입 : 6개 / [랜/오디오] 유선랜 칩셋 : Dragon RTL8125BG / 2.5Gbps / M.2 Key-E(모듈별매) / 오디오 칩셋 : Realtek ALC897 / [내부I/O] USB/팬 헤더 : USB3.0 헤더 , USB2.0 헤더 , USB3.0 Type C 헤더 , RGB 12V 4핀 헤더 , ARGB 5V 3핀 헤더 / 시스템팬 4핀 : 1개 / I/O 헤더 : TPM 헤더 , 프론트오디오AAFP 헤더 / [특징] 전원부 방열판 / M.2 히트싱크 / UEFI 닫기",https://img.danuri.io/catalog-image/201/885/074/8a3765141033493389f2e59486b7db13.jpg?shrink=130:130&_v=20260921090359,https://prod.danawa.com/info/?pcode=74885201&cate=112751
765,ASRock,ASRock B860M-X Gen5 인텍앤컴퍼니,"166,110","인텔 B860 / 인텔(소켓1851) / DDR5 / VGA 연결 : PCIe5.0 x16 / M-ATX (24.4x24.4cm) / 전원부 : 7+1+1+1+1페이즈 / [메모리] 9066MHz (PC5-72500) / 2개 / 메모리 용량 : 최대 128GB / XMP3.0 / [확장슬롯] PCIe버전 : PCIe5.0 , PCIe4.0 / PCIex16 : 1개 / PCIex4 : 1개 / PCIex1 : 1개 / [저장장치] M.2 : 2개 / SATA3 : 4개 / M.2 연결 : PCIe5.0 , PCIe4.0 , NVMe / [후면단자] HDMI / DP / USB3.x 20Gbps / USB3.x 5Gbps / USB 2.0 / RJ-45 / 오디오잭 / BIOS플래시백 / USB A타입 : 5개 / USB C타입 : 1개 / [랜/오디오] 유선랜 칩셋 : Dragon RTL8125BG / 2.5Gbps / RJ-45 : 1개 / M.2 Key-E(모듈별매) / 오디오 칩셋 : Realtek ALC897 / 7.1채널(8ch) / [내부I/O] USB/팬 헤더 : USB3.0 헤더 , USB2.0 헤더 , USB3.0 Type C 헤더 , RGB 12V 4핀 헤더 , ARGB 5V 3핀 헤더 , CPU추가팬(OPT) 헤더 , 펌프전용 헤더 / 시스템팬 4핀 : 2개 / I/O 헤더 : TPM 헤더 , 프론트오디오AAFP 헤더 / [특징] 전원부 방열판 / M.2 히트싱크 / UEFI 닫기",https://img.danuri.io/catalog-image/878/628/104/daf39a50704046ab8cde4484c882b283.jpg?shrink=130:130&_v=20260920090839,https://prod.danawa.com/info/?pcode=104628878&cate=112751
766,ASRock,ASRock H810M-X Gen5 에즈윈 (벌크),"128,670","인텔(소켓1851) / 인텔 H810 / DDR5 / VGA 연결 : PCIe5.0 x16 / M-ATX (24.4x19.3cm) / 전원부 : 6+1+1+1+1페이즈 / [메모리] 6400MHz (PC5-51200) / 2개 / 메모리 용량 : 최대 128GB / XMP3.0 / [확장슬롯] PCIe버전 : PCIe5.0 , PCIe4.0 / PCIex16 : 1개 / PCIex1 : 1개 / [저장장치] SATA3 : 4개 / M.2 : 1개 / M.2 연결 : PCIe4.0 , NVMe / [후면단자] HDMI / DP / USB3.x 5Gbps / USB 2.0 / RJ-45 / 오디오잭 / USB A타입 : 6개 / [랜/오디오] 유선랜 칩셋 : Dragon RTL8125BG / 2.5Gbps / M.2 Key-E(모듈별매) / 오디오 칩셋 : Realtek ALC897 / [내부I/O] USB/팬 헤더 : USB3.0 헤더 , USB2.0 헤더 , USB3.0 Type C 헤더 , RGB 12V 4핀 헤더 , ARGB 5V 3핀 헤더 / 시스템팬 4핀 : 1개 / I/O 헤더 : TPM 헤더 , 프론트오디오AAFP 헤더 / [특징] M.2 히트싱크 / UEFI 닫기",https://img.danuri.io/catalog-image/744/663/122/12761cd3151d42198ba668b19214461a.jpeg?shrink=130:130&_v=20260921080442,https://prod.danawa.com/info/?pcode=122663744&cate=112751
767,ASRock,ASRock B860M Pro-A 인텍앤컴퍼니,"174,000","인텔 B860 / 인텔(소켓1851) / DDR5 / VGA 연결 : PCIe5.0 x16 / M-ATX (24.4x24.4cm) / 전원부 : 10+1+1+1+1페이즈 / 페이즈당50A / Vcore출력합계 : 500A / [메모리] 8666MHz (PC5-69300) / 4개 / 메모리 용량 : 최대 256GB / XMP3.0 / [확장슬롯] PCIe버전 : PCIe5.0 , PCIe4.0 / PCIex16 : 1개 / PCIex4 : 1개 / [저장장치] M.2 : 3개 / SATA3 : 4개 / M.2 연결 : PCIe5.0 , PCIe4.0 , NVMe / [후면단자] HDMI / DP / USB3.x 20Gbps / USB3.x 5Gbps / USB 2.0 / RJ-45 / 오디오잭 / BIOS플래시백 / [랜/오디오] 유선랜 칩셋 : Dragon RTL8125BG / 2.5Gbps / RJ-45 : 1개 / M.2 Key-E(모듈별매) / 오디오 칩셋 : Realtek ALC897 / 7.1채널(8ch) / [내부I/O] USB/팬 헤더 : USB3.0 헤더 , USB2.0 헤더 , USB3.0 Type C 헤더 , RGB 12V 4핀 헤더 , ARGB 5V 3핀 헤더 , CPU추가팬(OPT) 헤더 , 펌프전용 헤더 / 시스템팬 4핀 : 3개 / I/O 헤더 : TPM 헤더 , 프론트오디오AAFP 헤더 , COM포트 헤더 / [특징] DrMOS / 전원부 방열판 / M.2 히트싱크 / UEFI 닫기",https://img.danuri.io/catalog-image/643/856/075/06b47e4d5f694a9db7342d54437ff7c1.jpg?shrink=130:130&_v=20260921080457,https://prod.danawa.com/info/?pcode=75856643&cate=112751
768,ASRock,ASRock Z890 Taichi AQUA 인텍앤컴퍼니,"1,514,290","인텔 Z890 / 인텔(소켓1851) / DDR5 / VGA 연결 : PCIe5.0 x16 / ATX (30.5x24.4cm) / 전원부 : 20+1+2+1+1페이즈 / 페이즈당110A / Vcore출력합계 : 2200A / [메모리] 9600MHz (PC5-76800) / 4개 / 메모리 용량 : 최대 256GB / XMP3.0 / [확장슬롯] PCIe버전 : PCIe5.0 , PCIe4.0 / PCIex16 : 2개 (동시사용시 at x8) / PCIex16(at x4) : 1개 / [저장장치] M.2 : 6개 / SATA3 : 4개 / M.2 연결 : PCIe5.0 , PCIe4.0 , PCIe 레인공유 / [후면단자] HDMI / Type-C / 썬더볼트4 / USB3.x 10Gbps / USB3.x 5Gbps / RJ-45 / S/PDIF / 오디오잭 / BIOS플래시백 / 클리어CMOS / USB C타입 : 10개 / [랜/오디오] 유선랜 칩셋 : Marvell AQtion AQC113 / 10Gbps / RJ-45 : 1개 / 무선랜(Wi-Fi) / 블루투스 / 오디오 칩셋 : Realtek ALC4082, ESS SABRE9219(전면) / 5.1채널(6ch) / [내부I/O] USB/팬 헤더 : USB3.0 헤더 , USB2.0 헤더 , USB3.2 Type C 헤더 , RGB 12V 4핀 헤더 , ARGB 5V 3핀 헤더 , CPU추가팬(OPT) 헤더 , 펌프전용 헤더 / 시스템팬 4핀 : 4+1개 / I/O 헤더 : TPM 헤더 , 디버그LED , 프론트오디오AAFP 헤더 , 온도 센서 / [특징] SPS(DrMOS) / 전원부 방열판 / M.2 히트싱크 / 일체형IO실드 / LED라이트 닫기",https://img.danuri.io/catalog-image/004/868/069/5ed49d322a4c4715bccaba15c64a69fc.jpg?shrink=130:130&_v=20260921080441,https://prod.danawa.com/info/?pcode=69868004&cate=112751
769,ASRock,ASRock B860M Pro RS WiFi 인텍앤컴퍼니,"212,180","인텔 B860 / 인텔(소켓1851) / DDR5 / VGA 연결 : PCIe5.0 x16 / M-ATX (24.4x24.4cm) / 전원부 : 10+1+1+1+1페이즈 / 페이즈당50A / Vcore출력합계 : 500A / [메모리] 8666MHz (PC5-69300) / 4개 / 메모리 용량 : 최대 256GB / XMP3.0 / [확장슬롯] PCIe버전 : PCIe5.0 , PCIe4.0 / PCIex16 : 1개 / PCIex4 : 1개 / [저장장치] M.2 : 3개 / SATA3 : 4개 / M.2 연결 : PCIe5.0 , PCIe4.0 , NVMe / [후면단자] HDMI / DP / USB3.x 20Gbps / USB3.x 5Gbps / USB 2.0 / RJ-45 / 오디오잭 / BIOS플래시백 / USB A타입 : 5개 / USB C타입 : 1개 / [랜/오디오] 유선랜 칩셋 : Realtek RTL8125BG / 2.5Gbps / RJ-45 : 1개 / 무선랜(Wi-Fi) / 블루투스 / 오디오 칩셋 : Realtek ALC897 / 7.1채널(8ch) / [내부I/O] USB/팬 헤더 : USB3.0 헤더 , USB2.0 헤더 , USB3.0 Type C 헤더 , RGB 12V 4핀 헤더 , ARGB 5V 3핀 헤더 , CPU추가팬(OPT) 헤더 , 펌프전용 헤더 / 시스템팬 4핀 : 3개 / I/O 헤더 : TPM 헤더 , 프론트오디오AAFP 헤더 / [특징] DrMOS / 전원부 방열판 / M.2 히트싱크 / 일체형IO실드 / LED라이트 / UEFI 닫기",https://img.danuri.io/catalog-image/977/121/074/706748c0fcb24b189442e617e02a6398.jpg?shrink=130:130&_v=20260921080456,https://prod.danawa.com/info/?pcode=74121977&cate=112751
770,ASRock,ASRock Z890 Pro RS 디앤디컴,"339,000","인텔 Z890 / 인텔(소켓1851) / DDR5 / VGA 연결 : PCIe5.0 x16 / ATX (30.5x24.4cm) / 전원부 : 16+1+1+1+1페이즈 / 페이즈당50A / Vcore출력합계 : 800A / [메모리] 9066MHz (PC5-72500) / 4개 / 메모리 용량 : 최대 256GB / XMP3.0 / [확장슬롯] PCIe버전 : PCIe5.0 , PCIe4.0 / PCIex16 : 1개 / PCIex4 : 2개 / PCIex1 : 1개 / [저장장치] M.2 : 4개 / SATA3 : 4개 / M.2 연결 : PCIe5.0 , PCIe4.0 , NVMe , SATA / [후면단자] HDMI / DP / Type-C / 썬더볼트4 / USB3.x 10Gbps / USB3.x 5Gbps / USB 2.0 / RJ-45 / 오디오잭 / BIOS플래시백 / USB A타입 : 7개 / USB C타입 : 2개 / [랜/오디오] 유선랜 칩셋 : Dragon RTL8125BG / 2.5Gbps / RJ-45 : 1개 / M.2 Key-E(모듈별매) / 오디오 칩셋 : Realtek ALC897 / 7.1채널(8ch) / [내부I/O] USB/팬 헤더 : USB3.0 헤더 , USB2.0 헤더 , USB3.2 Type C 헤더 , RGB 12V 4핀 헤더 , ARGB 5V 3핀 헤더 , CPU추가팬(OPT) 헤더 , 펌프전용 헤더 / 시스템팬 4핀 : 5개 / I/O 헤더 : TPM 헤더 , 프론트오디오AAFP 헤더 / [특징] DrMOS / 전원부 방열판 / M.2 히트싱크 / 일체형IO실드 / LED라이트 / UEFI 닫기",https://img.danuri.io/catalog-image/589/006/070/cd800e3b67314747a12f0aa583a0146c.jpg?shrink=130:130&_v=20260921080441,https://prod.danawa.com/info/?pcode=70006589&cate=112751
771,ASRock,ASRock B860M-X 에즈윈,"168,000","인텔 B860 / 인텔(소켓1851) / DDR5 / VGA 연결 : PCIe4.0 x16 / M-ATX (24.4x24.4cm) / 전원부 : 7+1+1+1+1페이즈 / [메모리] 9066MHz (PC5-72500) / 2개 / 메모리 용량 : 최대 128GB / XMP3.0 / [확장슬롯] PCIe버전 : PCIe4.0 / PCIex16 : 1개 / PCIex4 : 1개 / PCIex1 : 1개 / [저장장치] M.2 : 2개 / SATA3 : 4개 / M.2 연결 : PCIe5.0 , PCIe4.0 , NVMe / [후면단자] HDMI / DP / USB3.x 20Gbps / USB3.x 5Gbps / USB 2.0 / RJ-45 / 오디오잭 / BIOS플래시백 / USB A타입 : 5개 / USB C타입 : 1개 / [랜/오디오] 유선랜 칩셋 : Dragon RTL8125BG / 2.5Gbps / RJ-45 : 1개 / M.2 Key-E(모듈별매) / 오디오 칩셋 : Realtek ALC897 / 7.1채널(8ch) / [내부I/O] USB/팬 헤더 : USB3.0 헤더 , USB2.0 헤더 , USB3.0 Type C 헤더 , RGB 12V 4핀 헤더 , ARGB 5V 3핀 헤더 , CPU추가팬(OPT) 헤더 , 펌프전용 헤더 / 시스템팬 4핀 : 2개 / I/O 헤더 : TPM 헤더 , 프론트오디오AAFP 헤더 / [특징] 전원부 방열판 / M.2 히트싱크 / UEFI 닫기",https://img.danuri.io/catalog-image/253/491/074/a08fb9f420ec429a9660ec2c92e80bbd.jpg?shrink=130:130&_v=20260921080456,https://prod.danawa.com/info/?pcode=74491253&cate=112751
772,ASRock,ASRock B860M-X 디앤디컴,"179,000","인텔 B860 / 인텔(소켓1851) / DDR5 / VGA 연결 : PCIe4.0 x16 / M-ATX (24.4x24.4cm) / 전원부 : 7+1+1+1+1페이즈 / [메모리] 9066MHz (PC5-72500) / 2개 / 메모리 용량 : 최대 128GB / XMP3.0 / [확장슬롯] PCIe버전 : PCIe4.0 / PCIex16 : 1개 / PCIex4 : 1개 / PCIex1 : 1개 / [저장장치] M.2 : 2개 / SATA3 : 4개 / M.2 연결 : PCIe5.0 , PCIe4.0 , NVMe / [후면단자] HDMI / DP / USB3.x 20Gbps / USB3.x 5Gbps / USB 2.0 / RJ-45 / 오디오잭 / BIOS플래시백 / USB A타입 : 5개 / USB C타입 : 1개 / [랜/오디오] 유선랜 칩셋 : Dragon RTL8125BG / 2.5Gbps / RJ-45 : 1개 / M.2 Key-E(모듈별매) / 오디오 칩셋 : Realtek ALC897 / 7.1채널(8ch) / [내부I/O] USB/팬 헤더 : USB3.0 헤더 , USB2.0 헤더 , USB3.0 Type C 헤더 , RGB 12V 4핀 헤더 , ARGB 5V 3핀 헤더 , CPU추가팬(OPT) 헤더 , 펌프전용 헤더 / 시스템팬 4핀 : 2개 / I/O 헤더 : TPM 헤더 , 프론트오디오AAFP 헤더 / [특징] 전원부 방열판 / M.2 히트싱크 / UEFI 닫기",https://img.danuri.io/catalog-image/601/307/078/6d7774d72c8342888ae0dc3b4d84de4e.jpg?shrink=130:130&_v=20260920080422,https://prod.danawa.com/info/?pcode=78307601&cate=112751
773,ASRock,ASRock H810M-X WIFI 디앤디컴,"155,000","인텔 H810 / 인텔(소켓1851) / DDR5 / VGA 연결 : PCIe4.0 x16 / M-ATX (24.4x24.4cm) / 전원부 : 6+1+1+1+1페이즈 / [메모리] 6400MHz (PC5-51200) / 2개 / 메모리 용량 : 최대 128GB / XMP3.0 / [확장슬롯] PCIe버전 : PCIe4.0 / PCIex16 : 1개 / PCIex1 : 1개 / [저장장치] M.2 : 1개 / SATA3 : 4개 / M.2 연결 : PCIe4.0 , NVMe / [후면단자] HDMI / DP / D-SUB / USB3.x 5Gbps / USB 2.0 / RJ-45 / 오디오잭 / PS/2 / USB A타입 : 6개 / [랜/오디오] 유선랜 칩셋 : Dragon RTL8125BG / 2.5Gbps / RJ-45 : 1개 / 무선랜(Wi-Fi) / 블루투스 / 오디오 칩셋 : Realtek ALC897 / 7.1채널(8ch) / [내부I/O] USB/팬 헤더 : USB3.0 헤더 , USB2.0 헤더 , USB3.0 Type C 헤더 , RGB 12V 4핀 헤더 , ARGB 5V 3핀 헤더 / 시스템팬 4핀 : 1개 / I/O 헤더 : TPM 헤더 , 프론트오디오AAFP 헤더 / [특징] 전원부 방열판 / M.2 히트싱크 / UEFI 닫기",https://img.danuri.io/catalog-image/670/307/078/3af185db10b54aee9f88b27c2986deee.jpg?shrink=130:130&_v=20260917080531,https://prod.danawa.com/info/?pcode=78307670&cate=112751
774,ASRock,ASRock B860M 스틸레전드 WiFi 인텍앤컴퍼니,"263,520","인텔 B860 / 인텔(소켓1851) / DDR5 / VGA 연결 : PCIe5.0 x16 / M-ATX (24.4x24.4cm) / 전원부 : 12+1+1+1+1페이즈 / 페이즈당80A / Vcore출력합계 : 960A / [메모리] 8666MHz (PC5-69300) / 4개 / 메모리 용량 : 최대 256GB / XMP3.0 / [확장슬롯] PCIe버전 : PCIe5.0 / PCIex16 : 1개 / [저장장치] M.2 : 4개 / SATA3 : 4개 / M.2 연결 : PCIe5.0 , PCIe4.0 , NVMe / [후면단자] HDMI / DP / Type-C / 썬더볼트4 / USB3.x 10Gbps / USB3.x 5Gbps / USB 2.0 / RJ-45 / S/PDIF / 오디오잭 / BIOS플래시백 / USB A타입 : 8개 / USB C타입 : 1개 / [랜/오디오] 유선랜 칩셋 : Dragon RTL8125BG / 2.5Gbps / RJ-45 : 1개 / 무선랜(Wi-Fi) / 블루투스 / 오디오 칩셋 : Realtek ALC1220 / 7.1채널(8ch) / [내부I/O] USB/팬 헤더 : USB3.0 헤더 , USB2.0 헤더 , USB3.1 Type C 헤더 , RGB 12V 4핀 헤더 , ARGB 5V 3핀 헤더 , CPU추가팬(OPT) 헤더 , 펌프전용 헤더 / 시스템팬 4핀 : 4개 / I/O 헤더 : TPM 헤더 , 프론트오디오AAFP 헤더 , 온도 센서 / [특징] DrMOS / 전원부 방열판 / M.2 히트싱크 / 일체형IO실드 / LED라이트 / UEFI 닫기",https://img.danuri.io/catalog-image/682/116/074/1023d51cd0ba4af399702bd5befe632a.jpg?shrink=130:130&_v=20260920080422,https://prod.danawa.com/info/?pcode=74116682&cate=112751
775,ASRock,ASRock H810M-H 인텍앤컴퍼니,"119,000","인텔 H810 / 인텔(소켓1851) / DDR5 / VGA 연결 : PCIe4.0 x16 / M-ATX (22.0x19.3cm) / 전원부 : 6+1+1+1+1페이즈 / [메모리] 6400MHz (PC5-51200) / 2개 / 메모리 용량 : 최대 128GB / XMP3.0 / [확장슬롯] PCIe버전 : PCIe4.0 / PCIex16 : 1개 / PCIex1 : 1개 / [저장장치] M.2 : 1개 / SATA3 : 4개 / M.2 연결 : PCIe4.0 , NVMe / [후면단자] HDMI / USB3.x 5Gbps / USB 2.0 / RJ-45 / 오디오잭 / PS/2 / USB A타입 : 6개 / [랜/오디오] 유선랜 칩셋 : Realtek RTL8111H / 1Gbps / RJ-45 : 1개 / M.2 Key-E(모듈별매) / 오디오 칩셋 : Realtek ALC897 / 7.1채널(8ch) / [내부I/O] USB/팬 헤더 : USB3.0 헤더 , USB2.0 헤더 , RGB 12V 4핀 헤더 , ARGB 5V 3핀 헤더 / 시스템팬 4핀 : 1개 / I/O 헤더 : TPM 헤더 , 프론트오디오AAFP 헤더 / [특징] 전원부 방열판 / UEFI 닫기",https://img.danuri.io/catalog-image/409/971/092/983a6a4905c5469d8f7bf5310f9af9b9.jpg?shrink=130:130&_v=20260917080535,https://prod.danawa.com/info/?pcode=92971409&cate=112751
776,ASRock,ASRock H810M-X 인텍앤컴퍼니,"134,000","인텔 H810 / 인텔(소켓1851) / DDR5 / VGA 연결 : PCIe4.0 x16 / M-ATX (24.4x24.4cm) / 전원부 : 6+1+1+1+1페이즈 / [메모리] 6400MHz (PC5-51200) / 2개 / 메모리 용량 : 최대 128GB / XMP3.0 / [확장슬롯] PCIe버전 : PCIe4.0 / PCIex16 : 1개 / PCIex1 : 1개 / [저장장치] M.2 : 1개 / SATA3 : 4개 / M.2 연결 : PCIe4.0 , NVMe / [후면단자] HDMI / DP / D-SUB / USB3.x 5Gbps / USB 2.0 / RJ-45 / 오디오잭 / PS/2 / USB A타입 : 6개 / [랜/오디오] 유선랜 칩셋 : Dragon RTL8125BG / 2.5Gbps / RJ-45 : 1개 / M.2 Key-E(모듈별매) / 오디오 칩셋 : Realtek ALC897 / 7.1채널(8ch) / [내부I/O] USB/팬 헤더 : USB3.0 헤더 , USB2.0 헤더 , USB3.0 Type C 헤더 , RGB 12V 4핀 헤더 , ARGB 5V 3핀 헤더 / 시스템팬 4핀 : 1개 / I/O 헤더 : TPM 헤더 , 프론트오디오AAFP 헤더 / [특징] 전원부 방열판 / M.2 히트싱크 / UEFI 닫기",https://img.danuri.io/catalog-image/822/977/078/3fb998cde3924ff895686099fb0fb040.jpg?shrink=130:130&_v=20260917080645,https://prod.danawa.com/info/?pcode=78977822&cate=112751
777,ASRock,ASRock B860 스틸레전드 WiFi 인텍앤컴퍼니,"399,000","인텔 B860 / 인텔(소켓1851) / DDR5 / VGA 연결 : PCIe5.0 x16 / ATX (30.5x24.4cm) / 전원부 : 14+1+1+1+1페이즈 / 페이즈당80A / Vcore출력합계 : 1120A / [메모리] 8666MHz (PC5-69300) / 4개 / 메모리 용량 : 최대 256GB / XMP3.0 / [확장슬롯] PCIe버전 : PCIe5.0 , PCIe4.0 / PCIex16 : 1개 / PCIex16(at x2) : 1개 / [저장장치] M.2 : 4개 / SATA3 : 4개 / M.2 연결 : PCIe5.0 , PCIe4.0 , NVMe / [후면단자] HDMI / DP / Type-C / 썬더볼트4 / USB3.x 10Gbps / USB3.x 5Gbps / USB 2.0 / RJ-45 / S/PDIF / 오디오잭 / BIOS플래시백 / USB A타입 : 9개 / USB C타입 : 1개 / [랜/오디오] 유선랜 칩셋 : Dragon RTL8125BG / 2.5Gbps / RJ-45 : 1개 / 무선랜(Wi-Fi) / 블루투스 / 오디오 칩셋 : Realtek ALC1220 / 7.1채널(8ch) / [내부I/O] USB/팬 헤더 : USB3.0 헤더 , USB2.0 헤더 , USB3.2 Type C 헤더 , RGB 12V 4핀 헤더 , ARGB 5V 3핀 헤더 , CPU추가팬(OPT) 헤더 , 펌프전용 헤더 / 시스템팬 4핀 : 5개 / I/O 헤더 : TPM 헤더 , 프론트오디오AAFP 헤더 , 온도 센서 / [특징] DrMOS / 전원부 방열판 / M.2 히트싱크 / 일체형IO실드 / LED라이트 / UEFI 닫기",https://img.danuri.io/catalog-image/589/116/074/153d63144c1b408d869b3a0896804848.jpg?shrink=130:130&_v=20260921080457,https://prod.danawa.com/info/?pcode=74116589&cate=112751
778,MSI,MSI A520M-A PRO,"66,640","AMD(소켓AM4) / AMD A520 / DDR4 / VGA 연결 : PCIe3.0 x16 / M-ATX (23.6x20cm) / [메모리] 4600MHz (PC4-36800) / 2개 / 메모리 용량 : 최대 64GB / XMP / [확장슬롯] PCIe버전 : PCIe3.0 , PCIe / PCIex16 : 1개 / PCIex1 : 1개 / [저장장치] M.2 : 1개 / SATA3 : 4개 / M.2 연결 : PCIe , NVMe , SATA / [후면단자] HDMI / DVI / USB3.x 5Gbps / USB 2.0 / RJ-45 / 오디오잭 / PS/2 / USB A타입 : 6개 / [랜/오디오] 유선랜 칩셋 : Realtek RTL8111H / 1Gbps / RJ-45 : 1개 / 오디오 칩셋 : Realtek ALC892 / 7.1채널(8ch) / [내부I/O] USB/팬 헤더 : USB3.0 헤더 , USB2.0 헤더 / 시스템팬 4핀 : 1개 / I/O 헤더 : TPM 헤더 / [특징] UEFI 닫기",https://img.danuri.io/catalog-image/598/067/012/3ea14718c273498e8a5a8197c6c5cafa.jpg?shrink=130:130&_v=20260921080444,https://prod.danawa.com/info/?pcode=12067598&cate=112751
779,MSI,MSI MPG X470 게이밍 플러스 맥스,"186,990","AMD(소켓AM4) / AMD X470 / DDR4 / VGA 연결 : PCIe3.0 x16 / ATX (30.5x24.4cm) / [메모리] 3466MHz (PC4-27700) / 4개 / 메모리 용량 : 최대 128GB / XMP / [확장슬롯] PCIe버전 : PCIe3.0 / PCIex16 : 3개 / PCIex1 : 3개 / CrossFire / [저장장치] M.2 : 2개 / SATA3 : 6개 / M.2 연결 : PCIe , NVMe , SATA / [후면단자] HDMI / DVI / USB3.x 10Gbps / USB3.x 5Gbps / RJ-45 / S/PDIF / 오디오잭 / PS/2 / USB A타입 : 8개 / [랜/오디오] 유선랜 칩셋 : Realtek RTL8111H / 1Gbps / RJ-45 : 1개 / 오디오 칩셋 : Realtek ALC892 / 7.1채널(8ch) / [특징] LED라이트 / UEFI 닫기",https://img.danuri.io/catalog-image/100/500/009/8c838a732f1347af8bf8ebbad378f080.jpg?shrink=130:130&_v=20260921080609,https://prod.danawa.com/info/?pcode=9500100&cate=112751
780,MSI,MSI 프레스티지 X570 크리에이션 (해외구매),"600,000","AMD(소켓AM4) / DDR4 / AMD X570 / VGA 연결 : PCIe4.0 x16 / E-ATX (30.5x27.2cm) / [메모리] 5000MHz (PC4-40000) / 4개 / 메모리 용량 : 최대 128GB / XMP / [확장슬롯] PCIe버전 : PCIe4.0 , PCIe3.0 , PCIe / PCIex16 : 3개 / PCIex1 : 4개 / CrossFire / SLI / [저장장치] M.2 : 2개 / SATA3 : 6개 / M.2 연결 : PCIe , NVMe , SATA / [후면단자] USB3.x 10Gbps / USB3.x 5Gbps / USB 2.0 / RJ-45 / S/PDIF / 오디오잭 / PS/2 / USB A타입 : 13개 / USB C타입 : 1개 / [랜/오디오] 유선랜 칩셋 : Intel I211AT, Aquantia AQC107 / 10Gbps / RJ-45 : 2개 / 듀얼LAN / 무선랜(Wi-Fi) / 블루투스 / 오디오 칩셋 : Realtek ALC1220 / 7.1채널(8ch) / [내부I/O] USB/팬 헤더 : USB3.0 헤더 , USB2.0 헤더 , USB3.1 Type C 헤더 , RGB 12V 4핀 헤더 , ARGB 5V 3핀 헤더 / 시스템팬 4핀 : 7개 / I/O 헤더 : TPM 헤더 / [특징] LED라이트 닫기",https://img.danuri.io/catalog-image/092/164/013/994d95f4e7d546549a33c51a3c053593.jpg?shrink=130:130&_v=20260921080457,https://prod.danawa.com/info/?pcode=13164092&cate=112751
781,MSI,MSI PRO B550M-P,"115,000","AMD(소켓AM4) / AMD B550 / DDR4 / VGA 연결 : PCIe4.0 x16 / M-ATX (24.4x24.4cm) / 메모리 4400MHz (PC4-35200) / 4개 / 메모리 용량 : 최대 128GB / XMP / 확장슬롯 PCIe버전 : PCIe4.0 , PCIe3.0 / PCIex16 : 1개 / PCIex1 : 2개 / 저장장치 SATA3 : 4개 / M.2 : 2개 / M.2 연결 : PCIe , NVMe , SATA / 후면단자 HDMI / DP / D-SUB / USB3.x 5Gbps / USB 2.0 / RJ-45 / 오디오잭 / PS/2 / USB A타입 : 6개 / 랜/오디오 유선랜 칩셋 : Realtek RTL8111H / 1Gbps / RJ-45 : 1개 / 오디오 칩셋 : Realtek ALC897 / 7.1채널(8ch) / 내부I/O USB/팬 헤더 : USB3.0 헤더 , USB2.0 헤더 , RGB 12V 4핀 헤더 / 시스템팬 4핀 : 2개 / I/O 헤더 : TPM 헤더 , 디버그LED , 프론트오디오AAFP 헤더 , 침입감지 헤더 , COM포트 헤더 / UEFI 닫기",https://img.danuri.io/catalog-image/479/694/122/c2370ec75ae34a999be232dd52b8b5d8.jpeg?shrink=130:130&_v=20260921080444,https://prod.danawa.com/info/?pcode=122694479&cate=112751
782,MSI,MSI B550M-A PRO,"97,400","AMD(소켓AM4) / AMD B550 / DDR4 / VGA 연결 : PCIe4.0 x16 / M-ATX (23.6x20cm) / 메모리 4600MHz (PC4-36800) / 2개 / 메모리 용량 : 최대 64GB / 확장슬롯 PCIe버전 : PCIe4.0 , PCIe3.0 / PCIex16 : 1개 / PCIex1 : 1개 / 저장장치 SATA3 : 4개 / M.2 : 1개 / M.2 연결 : PCIe , NVMe , SATA / 후면단자 HDMI / DVI / USB3.x 5Gbps / USB 2.0 / RJ-45 / S/PDIF / 오디오잭 / PS/2 / 랜/오디오 유선랜 칩셋 : Realtek RTL8111H / 1Gbps / RJ-45 : 1개 / 오디오 칩셋 : Realtek ALC892 / 7.1채널(8ch) / 내부I/O USB/팬 헤더 : USB3.0 헤더 , USB2.0 헤더 , CPU추가팬(OPT) 헤더 / 시스템팬 4핀 : 1개 / I/O 헤더 : TPM 헤더 , 프론트오디오AAFP 헤더 , 침입감지 헤더 / 특징 UEFI 닫기",https://img.danuri.io/catalog-image/411/694/122/a85c9918d6094ea6bb6ee5e0aefadda3.jpeg?shrink=130:130&_v=20260921132608,https://prod.danawa.com/info/?pcode=122694411&cate=112751
783,MSI,MSI MAG B550 토마호크 (해외구매),"302,980","AMD(소켓AM4) / DDR4 / AMD B550 / VGA 연결 : PCIe4.0 x16 / ATX (30.5x24.4cm) / 전원부 : 10+2+1페이즈 / 페이즈당60A / Vcore출력합계 : 600A / [메모리] 5100MHz (PC4-40800) / 4개 / 메모리 용량 : 최대 128GB / XMP / [확장슬롯] PCIe버전 : PCIe4.0 , PCIe3.0 , PCIe / PCIex16 : 2개 / PCIex1 : 2개 / CrossFire / [저장장치] M.2 : 2개 / SATA3 : 6개 / M.2 연결 : PCIe , NVMe , SATA / [후면단자] HDMI / DP / USB3.x 10Gbps / USB3.x 5Gbps / USB 2.0 / RJ-45 / S/PDIF / 오디오잭 / PS/2 / USB A타입 : 5개 / USB C타입 : 1개 / [랜/오디오] 유선랜 칩셋 : Realtek RTL8125B, RTL8111H / 2.5Gbps / RJ-45 : 2개 / 듀얼LAN / 오디오 칩셋 : Realtek ALC1200 / 7.1채널(8ch) / [내부I/O] USB/팬 헤더 : USB3.0 헤더 , USB2.0 헤더 , USB3.0 Type C 헤더 , RGB 12V 4핀 헤더 , ARGB 5V 3핀 헤더 / 시스템팬 4핀 : 6개 / I/O 헤더 : TPM 헤더 / [특징] M.2 히트싱크 / LED라이트 닫기",https://img.danuri.io/catalog-image/252/631/013/6ee1e725e20542fe8cf1f8e95a3afb08.jpg?shrink=130:130&_v=20260921080622,https://prod.danawa.com/info/?pcode=13631252&cate=112751
784,MSI,MSI B550M PRO-VDH WIFI (해외구매),"170,240","AMD(소켓AM4) / DDR4 / AMD B550 / VGA 연결 : PCIe4.0 x16 / M-ATX (24.4x24.4cm) / [메모리] 4400MHz (PC4-35200) / 4개 / 메모리 용량 : 최대 128GB / XMP / [확장슬롯] PCIe버전 : PCIe4.0 , PCIe3.0 / PCIex16 : 1개 / PCIex1 : 2개 / [저장장치] M.2 : 2개 / SATA3 : 4개 / M.2 연결 : PCIe4.0 , PCIe , NVMe , SATA / [후면단자] HDMI / DP / D-SUB / USB3.x 5Gbps / USB 2.0 / RJ-45 / 오디오잭 / PS/2 / USB A타입 : 6개 / [랜/오디오] 유선랜 칩셋 : Realtek 8111HN / 1Gbps / RJ-45 : 1개 / 무선랜(Wi-Fi) / 블루투스 / 오디오 칩셋 : Realtek ALC892/897 / 7.1채널(8ch) / [내부I/O] USB/팬 헤더 : USB3.0 헤더 , USB2.0 헤더 , USB3.0 Type C 헤더 , RGB 12V 4핀 헤더 , ARGB 5V 3핀 헤더 / 시스템팬 4핀 : 3개 / I/O 헤더 : TPM 헤더 / [특징] 전원부 방열판 / M.2 히트싱크 / UEFI 닫기",https://img.danuri.io/catalog-image/965/036/018/9416a015bc7a412a822f857c0724a503.jpg?shrink=130:130&_v=20260921080444,https://prod.danawa.com/info/?pcode=18036965&cate=112751
785,MSI,MSI A520M-A PRO (해외구매),"66,640","AMD(소켓AM4) / DDR4 / AMD A520 / VGA 연결 : PCIe3.0 x16 / M-ATX (23.6x20cm) / [메모리] 4600MHz (PC4-36800) / 2개 / 메모리 용량 : 최대 64GB / XMP / [확장슬롯] PCIe버전 : PCIe3.0 , PCIe / PCIex16 : 1개 / PCIex1 : 1개 / [저장장치] M.2 : 1개 / SATA3 : 4개 / M.2 연결 : PCIe , NVMe , SATA / [후면단자] HDMI / DVI / USB3.x 5Gbps / USB 2.0 / RJ-45 / 오디오잭 / PS/2 / [랜/오디오] 유선랜 칩셋 : Realtek RTL8111H / 1Gbps / RJ-45 : 1개 / 오디오 칩셋 : Realtek ALC892 / 7.1채널(8ch) / [내부I/O] USB/팬 헤더 : USB3.0 헤더 , USB2.0 헤더 / 시스템팬 4핀 : 1개 / I/O 헤더 : TPM 헤더 / [특징] UEFI 닫기",https://img.danuri.io/catalog-image/379/411/013/3eef6fb29e454fb8967f4ed233f86c73.jpg?shrink=130:130&_v=20260921080444,https://prod.danawa.com/info/?pcode=13411379&cate=112751
786,MSI,MSI MAG B850M 박격포 WIFI,"295,590","AMD(소켓AM5) / AMD B850 / DDR5 / VGA 연결 : PCIe5.0 x16 / M-ATX (24.4x24.4cm) / 전원부 : 12+2+1페이즈 / 60A / Vcore출력합계 : 720 / [메모리] 8200MHz (PC5-65600) / 4개 / 메모리 용량 : 최대 256GB / EXPO / [확장슬롯] PCIe버전 : PCIe5.0 / PCIex16 : 1개 / PCIex4 : 1개 / [저장장치] SATA3 : 4개 / M.2 : 3개 / M.2 연결 : PCIe5.0 , PCIe4.0 , NVMe / [후면단자] HDMI / USB3.x 20Gbps / USB3.x 10Gbps / USB3.x 5Gbps / RJ-45 / S/PDIF / 오디오잭 / BIOS플래시백 / 클리어CMOS / USB A타입 : 7개 / USB C타입 : 2개 / [랜/오디오] 유선랜 칩셋 : Realtek 8126VB / 5Gbps / RJ-45 : 1개 / 무선랜(Wi-Fi) / 블루투스 / 오디오 칩셋 : Realtek ALC4080 / 7.1채널(8ch) / [내부I/O] USB/팬 헤더 : USB3.0 헤더 , USB2.0 헤더 , USB3.1 Type C 헤더 , RGB 12V 4핀 헤더 , ARGB 5V 3핀 헤더 , 펌프전용 헤더 / 시스템팬 4핀 : 4개 / I/O 헤더 : TPM 헤더 , 디버그LED , 프론트오디오AAFP 헤더 , 침입감지 헤더 / [특징] SPS(DrMOS) / 전원부 방열판 / M.2 히트싱크 / 일체형IO실드 / UEFI 닫기",https://img.danuri.io/catalog-image/648/397/079/9b1a4bcef5fb4d42be0061f4924834b8.jpg?shrink=130:130&_v=20260921090358,https://prod.danawa.com/info/?pcode=79397648&cate=112751
787,MSI,MSI MAG X870E 토마호크 WIFI,"443,860","AMD(소켓AM5) / AMD X870E / DDR5 / VGA 연결 : PCIe5.0 x16 / ATX (30.5x24.4cm) / 전원부 : 14+2+1페이즈 / 80A / Vcore출력합계 : 1120 / 메모리 8400MHz (PC5-67200) / 4개 / 메모리 용량 : 최대 256GB / XMP / EXPO / 확장슬롯 PCIe버전 : PCIe5.0 , PCIe4.0 , PCIe3.0 / PCIex16 : 1개 / PCIex16(at x4) : 1개 / PCIex16(at x1) : 1개 / 저장장치 SATA3 : 4개 / M.2 : 4개 / M.2 연결 : PCIe5.0 , PCIe4.0 , NVMe , USB4 레인공유 / 후면단자 HDMI / Type-C / USB4 40Gbps / USB3.x 10Gbps / USB3.x 5Gbps / USB 2.0 / RJ-45 / S/PDIF / 오디오잭 / BIOS플래시백 / 클리어CMOS / USB A타입 : 9개 / USB C타입 : 3개 / 랜/오디오 유선랜 칩셋 : Realtek 8126 / 5Gbps / RJ-45 : 1개 / 무선랜(Wi-Fi) / 블루투스 / 오디오 칩셋 : Realtek ALC4080 / 7.1채널(8ch) / 내부I/O USB/팬 헤더 : USB3.0 헤더 , USB2.0 헤더 , USB3.2 Type C 헤더 , RGB 12V 4핀 헤더 , ARGB 5V 3핀 헤더 , CPU추가팬(OPT) 헤더 / 시스템팬 4핀 : 6개 / I/O 헤더 : TPM 헤더 , 디버그LED , 프론트오디오AAFP 헤더 , 침입감지 헤더 / 특징 SPS(DrMOS) / 전원부 방열판 / M.2 히트싱크 / 일체형IO실드 / UEFI 닫기",https://img.danuri.io/catalog-image/021/857/075/ae02013247374dbcaab99e6ca477ac02.jpg?shrink=130:130&_v=20260921140458,https://prod.danawa.com/info/?pcode=75857021&cate=112751
788,MSI,MSI MAG B850 토마호크 맥스 WIFI,"323,880","AMD(소켓AM5) / AMD B850 / DDR5 / VGA 연결 : PCIe5.0 x16 / ATX (30.5x24.4cm) / 전원부 : 14+2+1페이즈 / 페이즈당80A / Vcore출력합계 : 1120A / [메모리] 8400MHz (PC5-67200) / 4개 / 메모리 용량 : 최대 256GB / EXPO / [확장슬롯] PCIe버전 : PCIe5.0 , PCIe4.0 , PCIe3.0 / PCIex16 : 1개 / PCIex16(at x4) : 1개 / PCIex16(at x1) : 1개 / [저장장치] M.2 : 4개 / SATA3 : 4개 / M.2 연결 : PCIe5.0 , PCIe4.0 , NVMe , PCIe 레인공유 / [후면단자] HDMI / USB3.x 10Gbps / USB3.x 5Gbps / USB 2.0 / RJ-45 / S/PDIF / 오디오잭 / BIOS플래시백 / 클리어CMOS / USB A타입 : 7개 / USB C타입 : 3개 / [랜/오디오] 유선랜 칩셋 : Realtek 8126VB / 5Gbps / RJ-45 : 1개 / 무선랜(Wi-Fi) / 블루투스 / 오디오 칩셋 : Realtek ALC4080 / 7.1채널(8ch) / [내부I/O] USB/팬 헤더 : USB3.0 헤더 , USB2.0 헤더 , USB3.2 Type C 헤더 , RGB 12V 4핀 헤더 , ARGB 5V 3핀 헤더 , CPU추가팬(OPT) 헤더 / 시스템팬 4핀 : 6개 / I/O 헤더 : 디버그LED / [특징] SPS(DrMOS) / 전원부 방열판 / M.2 히트싱크 / 일체형IO실드 / UEFI 닫기",https://img.danuri.io/catalog-image/341/814/074/8b559406d12a44688227d5bb89cb6e12.jpg?shrink=130:130&_v=20260921142644,https://prod.danawa.com/info/?pcode=74814341&cate=112751
789,MSI,MSI PRO B650M-A WIFI,"163,980","AMD(소켓AM5) / AMD B650 / DDR5 / VGA 연결 : PCIe4.0 x16 / M-ATX (24.4x24.4cm) / 전원부 : 8페이즈 / [메모리] 7200MHz (PC5-57600) / 4개 / 메모리 용량 : 최대 256GB / EXPO / [확장슬롯] PCIe버전 : PCIe4.0 , PCIe3.0 / PCIex16 : 1개 / PCIex16(at x4) : 1개 / PCIex1 : 1개 / [저장장치] M.2 : 2개 / SATA3 : 4개 / M.2 연결 : PCIe4.0 , NVMe / [후면단자] HDMI / DP / USB3.x 10Gbps / USB3.x 5Gbps / RJ-45 / 오디오잭 / USB A타입 : 8개 / [랜/오디오] 유선랜 칩셋 : Realtek 8125BG / 2.5Gbps / RJ-45 : 1개 / 무선랜(Wi-Fi) / 블루투스 / 오디오 칩셋 : Realtek ALC897 / 7.1채널(8ch) / [내부I/O] USB/팬 헤더 : USB3.0 헤더 , USB2.0 헤더 , USB3.1 Type C 헤더 , RGB 12V 4핀 헤더 , ARGB 5V 3핀 헤더 / 시스템팬 4핀 : 3개 / I/O 헤더 : TPM 헤더 / [특징] DrMOS / 전원부 방열판 / M.2 히트싱크 / UEFI / 24년 12월부로 메모리 최대용량 256GB로 변경 닫기",https://img.danuri.io/catalog-image/184/971/017/17dd200f9ab747019d849e10ae556ecf.jpg?shrink=130:130&_v=20260921090326,https://prod.danawa.com/info/?pcode=17971184&cate=112751
790,MSI,MSI MPG X870E 카본 WIFI,"390,300","AMD(소켓AM5) / AMD X870E / DDR5 / VGA 연결 : PCIe5.0 x16 / ATX (30.5x24.4cm) / 전원부 : 18+2+1페이즈 / 110A / Vcore출력합계 : 1980 / 메모리 8400MHz (PC5-67200) / 4개 / 메모리 용량 : 최대 256GB / XMP / EXPO / 확장슬롯 PCIe버전 : PCIe5.0 , PCIe4.0 / PCIex16 : 1개 / PCIex16(at x4) : 2개 / 저장장치 SATA3 : 4개 / M.2 : 4개 / M.2 연결 : PCIe5.0 , PCIe4.0 , NVMe , PCIe 레인공유 / 후면단자 HDMI / Type-C / USB4 40Gbps / USB3.x 10Gbps / RJ-45 / S/PDIF / 오디오잭 / BIOS플래시백 / 클리어CMOS / USB A타입 : 9개 / USB C타입 : 4개 / 랜/오디오 유선랜 칩셋 : Realtek 8126, 8125 / 5Gbps, 2.5Gbps / RJ-45 : 2개 / 무선랜(Wi-Fi) / 블루투스 / 오디오 칩셋 : Realtek ALC4080 / 7.1채널(8ch) / 내부I/O USB/팬 헤더 : USB3.0 헤더 , USB2.0 헤더 , USB3.2 Type C 헤더 , RGB 12V 4핀 헤더 , ARGB 5V 3핀 헤더 , CPU추가팬(OPT) 헤더 / 시스템팬 4핀 : 5개 / I/O 헤더 : 디버그LED , 프론트오디오AAFP 헤더 , 침입감지 헤더 , 온도 센서 / 특징 SPS(DrMOS) / 전원부 방열판 / M.2 히트싱크 / 일체형IO실드 / LED라이트 / UEFI 닫기",https://img.danuri.io/catalog-image/652/852/067/d9f931973c51494db1c491599f19196a.jpg?shrink=130:130&_v=20260921140653,https://prod.danawa.com/info/?pcode=67852652&cate=112751
791,MSI,MSI MAG B650M 박격포 WIFI,"205,040","AMD(소켓AM5) / AMD B650 / DDR5 / VGA 연결 : PCIe4.0 x16 / M-ATX (24.4x24.4cm) / 전원부 : 12+2+1페이즈 / 페이즈당80A / Vcore출력합계 : 960A / [메모리] 7600MHz (PC5-60800) / 4개 / 메모리 용량 : 최대 256GB / EXPO / [확장슬롯] PCIe버전 : PCIe4.0 , PCIe3.0 / PCIex16 : 1개 / PCIex16(at x4) : 1개 / PCIex1 : 1개 / [저장장치] M.2 : 2개 / SATA3 : 6개 / M.2 연결 : PCIe4.0 , NVMe / [후면단자] HDMI / DP / USB3.x 20Gbps / USB3.x 10Gbps / USB3.x 5Gbps / RJ-45 / S/PDIF / 오디오잭 / USB A타입 : 7개 / USB C타입 : 1개 / [랜/오디오] 유선랜 칩셋 : Realtek RTL8125B / 2.5Gbps / RJ-45 : 1개 / 무선랜(Wi-Fi) / 블루투스 / 오디오 칩셋 : Realtek ALC4080 / 7.1채널(8ch) / [내부I/O] USB/팬 헤더 : USB3.0 헤더 , USB2.0 헤더 , USB3.1 Type C 헤더 , RGB 12V 4핀 헤더 , ARGB 5V 3핀 헤더 / 시스템팬 4핀 : 3개 / I/O 헤더 : TPM 헤더 / [특징] DrMOS / 전원부 방열판 / M.2 히트싱크 / UEFI / 24년 12월부로 메모리 최대용량 256GB로 변경 닫기",https://img.danuri.io/catalog-image/187/971/017/7d2a1b192c9c46b5922dc755a5e3c08d.jpg?shrink=130:130&_v=20260921122624,https://prod.danawa.com/info/?pcode=17971187&cate=112751
792,MSI,MSI MPG X870E 엣지 TI WIFI,"479,200","AMD(소켓AM5) / AMD X870E / DDR5 / VGA 연결 : PCIe5.0 x16 / ATX (30.5x24.4cm) / 전원부 : 14+2+1페이즈 / 페이즈당80A / Vcore출력합계 : 1120A / [메모리] 8400MHz (PC5-67200) / 4개 / 메모리 용량 : 최대 256GB / EXPO / [확장슬롯] PCIe버전 : PCIe5.0 , PCIe4.0 , PCIe3.0 / PCIex16 : 1개 / PCIex16(at x4) : 1개 / PCIex16(at x1) : 1개 / [저장장치] M.2 : 4개 / SATA3 : 4개 / M.2 연결 : PCIe5.0 , PCIe4.0 , NVMe , USB4 레인공유 / [후면단자] HDMI / Type-C / USB4 40Gbps / USB3.x 10Gbps / USB 2.0 / RJ-45 / 오디오잭 / BIOS플래시백 / 클리어CMOS / USB A타입 : 9개 / USB C타입 : 3개 / [랜/오디오] 유선랜 칩셋 : Realtek 8125 / 5Gbps / RJ-45 : 1개 / 무선랜(Wi-Fi) / 블루투스 / 오디오 칩셋 : Realtek ALC4080 / 7.1채널(8ch) / [내부I/O] USB/팬 헤더 : USB3.0 헤더 , USB2.0 헤더 , USB3.2 Type C 헤더 , RGB 12V 4핀 헤더 , ARGB 5V 3핀 헤더 , CPU추가팬(OPT) 헤더 / 시스템팬 4핀 : 6개 / I/O 헤더 : TPM 헤더 , 디버그LED , 프론트오디오AAFP 헤더 , 침입감지 헤더 / [특징] SPS(DrMOS) / 전원부 방열판 / M.2 히트싱크 / 일체형IO실드 / LED라이트 / UEFI 닫기",https://img.danuri.io/catalog-image/472/538/075/922932dc5edf4682aefe1e5c67708200.jpg?shrink=130:130&_v=20260921080622,https://prod.danawa.com/info/?pcode=75538472&cate=112751
793,MSI,MSI MAG X870E 토마호크 맥스 WIFI PZ,"526,490","AMD(소켓AM5) / AMD X870E / DDR5 / VGA 연결 : PCIe5.0 x16 / ATX (30.5x24.4cm) / 전원부 : 14+2+1페이즈 / 80A / Vcore출력합계 : 1120 / 메모리 8400MHz (PC5-67200) / 4개 / 메모리 용량 : 최대 256GB / XMP / EXPO / 확장슬롯 PCIe버전 : PCIe5.0 , PCIe4.0 , PCIe3.0 / PCIex16 : 1개 / PCIex16(at x4) : 1개 / PCIex16(at x1) : 1개 / 저장장치 SATA3 : 4개 / M.2 : 4개 / M.2 연결 : PCIe5.0 , PCIe4.0 , NVMe , USB4 레인공유 / 후면단자 HDMI / Type-C / USB4 40Gbps / USB3.x 10Gbps / USB3.x 5Gbps / USB 2.0 / RJ-45 / S/PDIF / 오디오잭 / BIOS플래시백 / 클리어CMOS / USB A타입 : 9개 / USB C타입 : 3개 / 랜/오디오 유선랜 칩셋 : Realtek 8126 / 5Gbps / RJ-45 : 1개 / 무선랜(Wi-Fi) / 블루투스 / 오디오 칩셋 : Realtek ALC4080 / 7.1채널(8ch) / 내부I/O USB/팬 헤더 : USB3.0 헤더 , USB2.0 헤더 , USB3.2 Type C 헤더 , RGB 12V 4핀 헤더 , ARGB 5V 3핀 헤더 , CPU추가팬(OPT) 헤더 / 시스템팬 4핀 : 6개 / I/O 헤더 : TPM 헤더 , 디버그LED , 프론트오디오AAFP 헤더 , 침입감지 헤더 / 특징 SPS(DrMOS) / 전원부 방열판 / M.2 히트싱크 / 일체형IO실드 / UEFI 닫기",https://img.danuri.io/catalog-image/440/325/104/77fd616ce1ed4f7a8e4822e92aa5e8c7.jpg?shrink=130:130&_v=20260921090336,https://prod.danawa.com/info/?pcode=104325440&cate=112751
794,MSI,MSI MAG B650 토마호크 WIFI,"252,490","AMD(소켓AM5) / AMD B650 / DDR5 / VGA 연결 : PCIe4.0 x16 / ATX (30.5x24.4cm) / 전원부 : 14+2+1페이즈 / 페이즈당80A / Vcore출력합계 : 1120A / [메모리] 7600MHz (PC5-60800) / 4개 / 메모리 용량 : 최대 192GB / EXPO / [확장슬롯] PCIe버전 : PCIe4.0 , PCIe3.0 / PCIex16 : 1개 / PCIex16(at x2) : 1개 / PCIex1 : 1개 / [저장장치] M.2 : 3개 / SATA3 : 6개 / M.2 연결 : PCIe4.0 , NVMe / [후면단자] HDMI / DP / USB3.x 20Gbps / USB3.x 10Gbps / USB3.x 5Gbps / USB 2.0 / RJ-45 / S/PDIF / 오디오잭 / USB A타입 : 9개 / USB C타입 : 1개 / [랜/오디오] 유선랜 칩셋 : Realtek RTL8125B / 2.5Gbps / RJ-45 : 1개 / 무선랜(Wi-Fi) / 블루투스 / 오디오 칩셋 : Realtek ALC4080 / 7.1채널(8ch) / [내부I/O] USB/팬 헤더 : USB3.0 헤더 , USB2.0 헤더 , USB3.1 Type C 헤더 , RGB 12V 4핀 헤더 , ARGB 5V 3핀 헤더 / 시스템팬 4핀 : 6개 / I/O 헤더 : TPM 헤더 / [특징] DrMOS / 전원부 방열판 / M.2 히트싱크 / UEFI / 24년 12월부로 메모리 최대용량 256GB로 변경 닫기",https://img.danuri.io/catalog-image/181/971/017/4adf0a80dad4487683828eab0d973c0d.jpg?shrink=130:130&_v=20260921135618,https://prod.danawa.com/info/?pcode=17971181&cate=112751
795,MSI,MSI PRO A620AM-B EVO,"98,990","AMD(소켓AM5) / AMD A620A / DDR5 / VGA 연결 : PCIe4.0 x16 / M-ATX (24.4x22cm) / 전원부 : 6+2페이즈 / [메모리] 6800MHz (PC5-54400) / 2개 / 메모리 용량 : 최대 128GB / EXPO / [확장슬롯] PCIe버전 : PCIe4.0 , PCIe3.0 , PCI / PCIex16 : 1개 / PCIex1 : 1개 / [저장장치] M.2 : 1개 / SATA3 : 2개 / M.2 연결 : PCIe4.0 , NVMe / [후면단자] HDMI / D-SUB / USB3.x 5Gbps / USB 2.0 / RJ-45 / 오디오잭 / PS/2 / USB A타입 : 6개 / [랜/오디오] 유선랜 칩셋 : Realtek RTL8125 / 2.5Gbps / RJ-45 : 1개 / 오디오 칩셋 : Realtek ALC897 / 7.1채널(8ch) / [내부I/O] USB/팬 헤더 : USB3.0 헤더 , USB2.0 헤더 , USB3.0 Type C 헤더 , RGB 12V 4핀 헤더 , ARGB 5V 3핀 헤더 / 시스템팬 4핀 : 2개 / I/O 헤더 : 디버그LED , 프론트오디오AAFP 헤더 , 침입감지 헤더 , COM포트 헤더 / [특징] UEFI 닫기",https://img.danuri.io/catalog-image/175/192/100/6feb4fe7cd8e478fa8539f61a086245b.jpg?shrink=130:130&_v=20260921090407,https://prod.danawa.com/info/?pcode=100192175&cate=112751
796,MSI,MSI MAG B850M 박격포,"242,580","AMD(소켓AM5) / AMD B850 / DDR5 / VGA 연결 : PCIe5.0 x16 / M-ATX (24.4x24.4cm) / 전원부 : 12+2+1페이즈 / 페이즈당60A / Vcore출력합계 : 720A / [메모리] 8200MHz (PC5-65600) / 4개 / 메모리 용량 : 최대 256GB / EXPO / [확장슬롯] PCIe버전 : PCIe5.0 , PCIe4.0 / PCIex16 : 1개 / PCIex4 : 1개 / [저장장치] M.2 : 3개 / SATA3 : 4개 / M.2 연결 : PCIe5.0 , PCIe4.0 , NVMe / [후면단자] HDMI / USB3.x 20Gbps / USB3.x 10Gbps / USB3.x 5Gbps / RJ-45 / S/PDIF / 오디오잭 / BIOS플래시백 / 클리어CMOS / USB A타입 : 7개 / USB C타입 : 2개 / [랜/오디오] 유선랜 칩셋 : Realtek 8126VB / 5Gbps / RJ-45 : 1개 / 오디오 칩셋 : Realtek ALC4080 / 7.1채널(8ch) / [내부I/O] USB/팬 헤더 : USB3.0 헤더 , USB2.0 헤더 , USB3.1 Type C 헤더 , RGB 12V 4핀 헤더 , ARGB 5V 3핀 헤더 , 펌프전용 헤더 / 시스템팬 4핀 : 4개 / I/O 헤더 : TPM 헤더 , 디버그LED , 프론트오디오AAFP 헤더 , 침입감지 헤더 / [특징] SPS(DrMOS) / 전원부 방열판 / M.2 히트싱크 / 일체형IO실드 / UEFI 닫기",https://img.danuri.io/catalog-image/696/493/091/315d93ca617845748c6fedff3633b8c9.jpg?shrink=130:130&_v=20260921132234,https://prod.danawa.com/info/?pcode=91493696&cate=112751
797,MSI,MSI MAG X870E 토마호크 맥스 WIFI,"473,000","AMD(소켓AM5) / AMD X870E / DDR5 / VGA 연결 : PCIe5.0 x16 / ATX (30.5x24.4cm) / 전원부 : 14+2+1페이즈 / 80A / Vcore출력합계 : 1120 / 메모리 8400MHz (PC5-67200) / 4개 / 메모리 용량 : 최대 256GB / XMP / EXPO / 확장슬롯 PCIe버전 : PCIe5.0 , PCIe4.0 , PCIe3.0 / PCIex16 : 1개 / PCIex16(at x4) : 1개 / PCIex16(at x1) : 1개 / 저장장치 SATA3 : 4개 / M.2 : 4개 / M.2 연결 : PCIe5.0 , PCIe4.0 , NVMe , USB4 레인공유 / 후면단자 HDMI / Type-C / USB4 40Gbps / USB3.x 10Gbps / USB3.x 5Gbps / USB 2.0 / RJ-45 / S/PDIF / 오디오잭 / BIOS플래시백 / 클리어CMOS / USB A타입 : 9개 / USB C타입 : 3개 / 랜/오디오 유선랜 칩셋 : Realtek 8126 / 5Gbps / RJ-45 : 1개 / 무선랜(Wi-Fi) / 블루투스 / 오디오 칩셋 : Realtek ALC4080 / 7.1채널(8ch) / 내부I/O USB/팬 헤더 : USB3.0 헤더 , USB2.0 헤더 , USB3.2 Type C 헤더 , RGB 12V 4핀 헤더 , ARGB 5V 3핀 헤더 , CPU추가팬(OPT) 헤더 / 시스템팬 4핀 : 6개 / I/O 헤더 : TPM 헤더 , 디버그LED , 프론트오디오AAFP 헤더 , 침입감지 헤더 / 특징 SPS(DrMOS) / 전원부 방열판 / M.2 히트싱크 / 일체형IO실드 / UEFI 닫기",https://img.danuri.io/catalog-image/856/011/124/08f850ac4f9a4b26bf1b032e023065fe.jpeg?shrink=130:130&_v=20260921112344,https://prod.danawa.com/info/?pcode=124011856&cate=112751
798,MSI,MSI B850M 게이밍 플러스 WIFI6E,"203,290","AMD(소켓AM5) / AMD B850 / DDR5 / VGA 연결 : PCIe5.0 x16 / M-ATX (24.4x24.4cm) / 전원부 : 10+2+1페이즈 / [메모리] 8200MHz (PC5-65600) / 4개 / 메모리 용량 : 최대 256GB / EXPO / [확장슬롯] PCIe버전 : PCIe4.0 , PCIe3.0 / PCIex16 : 1개 / PCIex16(at x1) : 2개 / [저장장치] SATA3 : 4개 / M.2 : 2개 / M.2 연결 : PCIe5.0 , PCIe4.0 , NVMe / [후면단자] HDMI / DP / USB3.x 10Gbps / USB3.x 5Gbps / RJ-45 / 오디오잭 / BIOS플래시백 / 클리어CMOS / USB A타입 : 7개 / USB C타입 : 1개 / [랜/오디오] 유선랜 칩셋 : Realtek 8125D / 2.5Gbps / RJ-45 : 1개 / 오디오 칩셋 : Realtek ALC897 / 7.1채널(8ch) / [내부I/O] USB/팬 헤더 : USB3.0 헤더 , USB2.0 헤더 , RGB 12V 4핀 헤더 , ARGB 5V 3핀 헤더 / 시스템팬 4핀 : 3개 / I/O 헤더 : TPM 헤더 , 프론트오디오AAFP 헤더 , 침입감지 헤더 / [특징] 전원부 방열판 / M.2 히트싱크 / 일체형IO실드 / UEFI 닫기",https://img.danuri.io/catalog-image/563/639/122/56dc3fe769b4413898ed6f232d0794ca.jpeg?shrink=130:130&_v=20260921111108,https://prod.danawa.com/info/?pcode=122639563&cate=112751
799,MSI,MSI PRO B850M-A WIFI,"183,050","AMD(소켓AM5) / AMD B850 / DDR5 / VGA 연결 : PCIe5.0 x16 / M-ATX (24.4x24.4cm) / 전원부 : 8+2+1페이즈 / 페이즈당60A / Vcore출력합계 : 480A / [메모리] 8200MHz (PC5-65600) / 4개 / 메모리 용량 : 최대 256GB / EXPO / [확장슬롯] PCIe버전 : PCIe5.0 , PCIe4.0 , PCIe3.0 / PCIex16 : 1개 / PCIex16(at x4) : 1개 / PCIex1 : 1개 / [저장장치] M.2 : 2개 / SATA3 : 4개 / M.2 연결 : PCIe5.0 , PCIe4.0 , NVMe / [후면단자] HDMI / DP / USB3.x 10Gbps / USB3.x 5Gbps / RJ-45 / 오디오잭 / BIOS플래시백 / 클리어CMOS / USB A타입 : 6개 / USB C타입 : 2개 / [랜/오디오] 유선랜 칩셋 : Realtek 8126VB / 5Gbps / RJ-45 : 1개 / 무선랜(Wi-Fi) / 블루투스 / 오디오 칩셋 : Realtek ALC897 / 7.1채널(8ch) / [내부I/O] USB/팬 헤더 : USB3.0 헤더 , USB2.0 헤더 , USB3.1 Type C 헤더 , RGB 12V 4핀 헤더 , ARGB 5V 3핀 헤더 , 펌프전용 헤더 / 시스템팬 4핀 : 2개 / [특징] SPS(DrMOS) / 전원부 방열판 / M.2 히트싱크 / 일체형IO실드 / UEFI 닫기",https://img.danuri.io/catalog-image/442/502/093/cac46bbee1b54b8d93ca7193a64ba840.jpg?shrink=130:130&_v=20260921143203,https://prod.danawa.com/info/?pcode=93502442&cate=112751
800,MSI,MSI MPG B850I 엣지 TI WIFI,"378,990","AMD(소켓AM5) / AMD B850 / DDR5 / VGA 연결 : PCIe5.0 x16 / M-iTX (17.0x17.0cm) / 전원부 : 8+2+1페이즈 / 페이즈당90A / Vcore출력합계 : 720A / [메모리] 8200MHz (PC5-65600) / 2개 / 메모리 용량 : 최대 128GB / EXPO / [확장슬롯] PCIe버전 : PCIe5.0 / PCIex16 : 1개 / [저장장치] M.2 : 2개 / SATA3 : 2개 / M.2 연결 : PCIe5.0 , PCIe4.0 , NVMe / [후면단자] HDMI / USB3.x 20Gbps / USB3.x 10Gbps / USB3.x 5Gbps / RJ-45 / S/PDIF / 오디오잭 / BIOS플래시백 / 클리어CMOS / USB A타입 : 5개 / USB C타입 : 1개 / [랜/오디오] 유선랜 칩셋 : Realtek 8126 / 5Gbps / RJ-45 : 1개 / 무선랜(Wi-Fi) / 블루투스 / 오디오 칩셋 : Realtek ALC4080 / 7.1채널(8ch) / [내부I/O] USB/팬 헤더 : USB3.0 헤더 , USB2.0 헤더 , USB3.1 Type C 헤더 , ARGB 5V 3핀 헤더 , 펌프전용 헤더 / 시스템팬 4핀 : 1개 / I/O 헤더 : TPM 헤더 , 프론트오디오AAFP 헤더 , 침입감지 헤더 / [특징] SPS(DrMOS) / 전원부 방열판 / M.2 히트싱크 / 일체형IO실드 / UEFI 닫기",https://img.danuri.io/catalog-image/510/121/097/beec979a117249cba85cb003e07193ca.jpg?shrink=130:130&_v=20260921090353,https://prod.danawa.com/info/?pcode=97121510&cate=112751
801,MSI,MSI PRO B650M-P,"118,900","AMD(소켓AM5) / AMD B650 / DDR5 / VGA 연결 : PCIe4.0 x16 / M-ATX (24.4x24.4cm) / 전원부 : 9페이즈 / [메모리] 7200MHz (PC5-57600) / 4개 / 메모리 용량 : 최대 256GB / EXPO / [확장슬롯] PCIe버전 : PCIe4.0 , PCIe3.0 / PCIex1 : 2개 / [저장장치] M.2 : 2개 / SATA3 : 4개 / M.2 연결 : PCIe4.0 , NVMe / [후면단자] HDMI / DP / D-SUB / USB3.x 10Gbps / USB3.x 5Gbps / USB 2.0 / RJ-45 / 오디오잭 / PS/2 / USB A타입 : 8개 / 유선랜 칩셋 : Realtek RTL8125B / 2.5Gbps / RJ-45 : 1개 / 오디오 칩셋 : Realtek ALC897 / 7.1채널(8ch) / [내부I/O] USB/팬 헤더 : USB3.0 헤더 , USB2.0 헤더 , USB3.1 Type C 헤더 , RGB 12V 4핀 헤더 , ARGB 5V 3핀 헤더 , 펌프전용 헤더 / 시스템팬 4핀 : 3개 / [특징] 전원부 방열판 / UEFI / 24년 12월부로 메모리 최대용량 256GB로 변경 닫기",https://img.danuri.io/catalog-image/249/108/020/f147732d496c4e25aafe1f83f79db9a8.jpg?shrink=130:130&_v=20260921080442,https://prod.danawa.com/info/?pcode=20108249&cate=112751
802,MSI,MSI PRO B650M-A,"145,130","AMD(소켓AM5) / AMD B650 / DDR5 / VGA 연결 : PCIe4.0 x16 / M-ATX (24.3x24.3cm) / 전원부 : 8+2+1페이즈 / [메모리] 7200MHz (PC5-57600) / 4개 / 메모리 용량 : 최대 256GB / [확장슬롯] PCIe버전 : PCIe4.0 , PCIe3.0 / PCIex16 : 1개 / PCIex16(at x4) : 1개 / PCIex1 : 1개 / [저장장치] M.2 : 2개 / SATA3 : 4개 / M.2 연결 : PCIe4.0 , NVMe / [후면단자] HDMI / DP / USB3.x 10Gbps / USB3.x 5Gbps / RJ-45 / 오디오잭 / USB A타입 : 8개 / [랜/오디오] 유선랜 칩셋 : Realtek 8125B / 2.5Gbps / RJ-45 : 1개 / 오디오 칩셋 : Realtek ALC897 / 7.1채널(8ch) / [내부I/O] USB/팬 헤더 : USB3.0 헤더 , USB2.0 헤더 , USB3.1 Type C 헤더 , RGB 12V 4핀 헤더 , ARGB 5V 3핀 헤더 , 펌프전용 헤더 / 시스템팬 4핀 : 3개 / I/O 헤더 : TPM 헤더 , 침입감지 헤더 / [특징] DrMOS / 전원부 방열판 / M.2 히트싱크 / UEFI / 24년 12월부로 메모리 최대용량 256GB로 변경 닫기",https://img.danuri.io/catalog-image/890/568/062/a0a48edcaace468a839bca924582e16f.jpg?shrink=130:130&_v=20260921080442,https://prod.danawa.com/info/?pcode=62568890&cate=112751
803,MSI,MSI MPG B850 엣지 TI WIFI,"368,990","AMD(소켓AM5) / AMD B850 / DDR5 / VGA 연결 : PCIe5.0 x16 / ATX (30.5x24.4cm) / 전원부 : 14+2+1페이즈 / 페이즈당80A / Vcore출력합계 : 1120A / [메모리] 8400MHz (PC5-67200) / 4개 / 메모리 용량 : 최대 256GB / EXPO / [확장슬롯] PCIe버전 : PCIe5.0 , PCIe4.0 , PCIe3.0 / PCIex16 : 1개 / PCIex16(at x4) : 1개 / PCIex16(at x1) : 1개 / [저장장치] M.2 : 4개 / SATA3 : 4개 / M.2 연결 : PCIe5.0 , PCIe4.0 , NVMe / [후면단자] HDMI / USB3.x 10Gbps / USB3.x 5Gbps / USB 2.0 / RJ-45 / S/PDIF / 오디오잭 / BIOS플래시백 / 클리어CMOS / USB A타입 : 7개 / USB C타입 : 3개 / [랜/오디오] 유선랜 칩셋 : Realtek 8126VB / 5Gbps / RJ-45 : 1개 / 무선랜(Wi-Fi) / 블루투스 / 오디오 칩셋 : Realtek ALC4080 / 7.1채널(8ch) / [내부I/O] USB/팬 헤더 : USB3.0 헤더 , USB2.0 헤더 , USB3.2 Type C 헤더 , RGB 12V 4핀 헤더 , ARGB 5V 3핀 헤더 , CPU추가팬(OPT) 헤더 / 시스템팬 4핀 : 6개 / I/O 헤더 : 디버그LED / [특징] SPS(DrMOS) / 전원부 방열판 / M.2 히트싱크 / 일체형IO실드 / LED라이트 / UEFI 닫기",https://img.danuri.io/catalog-image/380/814/074/eff8b74de9984549a9c94aeb255d29a6.jpg?shrink=130:130&_v=20260921105633,https://prod.danawa.com/info/?pcode=74814380&cate=112751
804,MSI,MSI B650M 프로젝트 제로,"220,900","AMD(소켓AM5) / AMD B650 / DDR5 / VGA 연결 : PCIe4.0 x16 / M-ATX (후면커넥터) / 프로젝트 제로 / 전원부 : 10+2+1페이즈 / 페이즈당80A / Vcore출력합계 : 800A / [메모리] 7600MHz (PC5-60800) / 4개 / 메모리 용량 : 최대 256GB / EXPO / [확장슬롯] PCIe버전 : PCIe4.0 , PCIe3.0 / PCIex16 : 1개 / PCIex16(at x4) : 1개 / PCIex1 : 1개 / [저장장치] M.2 : 2개 / SATA3 : 4개 / M.2 연결 : PCIe4.0 , NVMe / [후면단자] HDMI / DP / USB3.x 20Gbps / USB3.x 10Gbps / USB3.x 5Gbps / USB 2.0 / RJ-45 / 오디오잭 / BIOS플래시백 / 클리어CMOS / USB A타입 : 7개 / USB C타입 : 2개 / [랜/오디오] 유선랜 칩셋 : Realtek RTL8125B / 2.5Gbps / RJ-45 : 1개 / AMD / 무선랜(Wi-Fi) / 블루투스 / 오디오 칩셋 : Realtek ALC897 / 7.1채널(8ch) / [내부I/O] USB/팬 헤더 : USB3.0 헤더 , USB2.0 헤더 , USB3.1 Type C 헤더 , RGB 12V 4핀 헤더 , ARGB 5V 3핀 헤더 , 펌프전용 헤더 / 시스템팬 4핀 : 3개 / I/O 헤더 : TPM 헤더 , 디버그LED / [특징] SPS(DrMOS) / 전원부 방열판 / M.2 히트싱크 / 일체형IO실드 / UEFI 닫기",https://img.danuri.io/catalog-image/977/418/053/dd0f29e921864935ba052168b9e95c2e.jpg?shrink=130:130&_v=20260921090342,https://prod.danawa.com/info/?pcode=53418977&cate=112751
805,MSI,MSI PRO B650M-B,"109,970","AMD(소켓AM5) / AMD B650 / DDR5 / VGA 연결 : PCIe4.0 x16 / M-ATX (24.4x24.4cm) / 전원부 : 9페이즈 / [메모리] 6800MHz (PC5-54400) / 2개 / 메모리 용량 : 최대 128GB / EXPO / [확장슬롯] PCIe버전 : PCIe4.0 , PCIe3.0 / PCIex16 : 1개 / PCIex1 : 1개 / [저장장치] M.2 : 1개 / SATA3 : 4개 / M.2 연결 : PCIe4.0 , NVMe / [후면단자] HDMI / D-SUB / USB3.x 5Gbps / USB 2.0 / RJ-45 / 오디오잭 / PS/2 / USB A타입 : 6개 / [랜/오디오] 유선랜 칩셋 : Realtek RTL8125B / 2.5Gbps / RJ-45 : 1개 / 오디오 칩셋 : Realtek ALC897 / 7.1채널(8ch) / [내부I/O] USB/팬 헤더 : USB3.0 헤더 , USB2.0 헤더 , RGB 12V 4핀 헤더 , ARGB 5V 3핀 헤더 / 시스템팬 4핀 : 2개 / I/O 헤더 : TPM 헤더 , 디버그LED , 침입감지 헤더 / [특징] 전원부 방열판 / UEFI 닫기",https://img.danuri.io/catalog-image/043/295/057/fc0e9c0276b1467e82dbdc6c409d2ae9.jpg?shrink=130:130&_v=20260921090403,https://prod.danawa.com/info/?pcode=57295043&cate=112751
806,MSI,MSI PRO B850M-P,"178,990","AMD(소켓AM5) / AMD B850 / DDR5 / VGA 연결 : PCIe5.0 x16 / M-ATX (24.4x24.4cm) / 전원부 : 7+2+1페이즈 / 페이즈당60A / Vcore출력합계 : 480A / [메모리] 8200MHz (PC5-65600) / 4개 / 메모리 용량 : 최대 256GB / EXPO / [확장슬롯] PCIe버전 : PCIe5.0 , PCIe3.0 / PCIex16 : 1개 / PCIex16(at x1) : 3개 / [저장장치] M.2 : 3개 / SATA3 : 4개 / M.2 연결 : PCIe5.0 , PCIe4.0 , NVMe / [후면단자] HDMI / DP / USB3.x 10Gbps / USB3.x 5Gbps / RJ-45 / 오디오잭 / BIOS플래시백 / 클리어CMOS / USB A타입 : 7개 / USB C타입 : 1개 / [랜/오디오] 유선랜 칩셋 : Realtek 8126VB / 5Gbps / RJ-45 : 1개 / 오디오 칩셋 : Realtek ALC897 / 7.1채널(8ch) / [내부I/O] USB/팬 헤더 : USB3.0 헤더 , USB2.0 헤더 , USB3.1 Type C 헤더 , RGB 12V 4핀 헤더 , ARGB 5V 3핀 헤더 , 펌프전용 헤더 / 시스템팬 4핀 : 3개 / I/O 헤더 : TPM 헤더 , 프론트오디오AAFP 헤더 , 침입감지 헤더 , COM포트 헤더 / [특징] SPS(DrMOS) / 전원부 방열판 / M.2 히트싱크 / 일체형IO실드 / UEFI 닫기",https://img.danuri.io/catalog-image/692/544/098/9277cd5bb39a43a9b831a63a903a89a3.jpg?shrink=130:130&_v=20260921090316,https://prod.danawa.com/info/?pcode=98544692&cate=112751
807,MSI,MSI PRO B840-P WIFI,"174,500","AMD(소켓AM5) / AMD B840 / DDR5 / VGA 연결 : PCIe4.0 x16 / ATX (30.5x24.4cm) / 전원부 : 7+2+1페이즈 / [메모리] 8000MHz (PC5-64000) / 4개 / EXPO / [확장슬롯] PCIe버전 : PCIe4.0 , PCIe3.0 / PCIex16 : 1개 / PCIex16(at x4) : 1개 / PCIex16(at x1) : 3개 / [저장장치] M.2 : 2개 / SATA3 : 4개 / M.2 연결 : PCIe4.0 , NVMe / [후면단자] HDMI / USB3.x 10Gbps / USB3.x 5Gbps / USB 2.0 / RJ-45 / 오디오잭 / BIOS플래시백 / 클리어CMOS / USB A타입 : 7개 / USB C타입 : 1개 / [랜/오디오] 유선랜 칩셋 : Realtek 8125D / 2.5Gbps / RJ-45 : 1개 / 무선랜(Wi-Fi) / 블루투스 / 오디오 칩셋 : Realtek ALC897 / 7.1채널(8ch) / [내부I/O] USB/팬 헤더 : USB3.0 헤더 , USB2.0 헤더 , USB3.0 Type C 헤더 , RGB 12V 4핀 헤더 , ARGB 5V 3핀 헤더 , 펌프전용 헤더 / 시스템팬 4핀 : 4개 / I/O 헤더 : TPM 헤더 , 디버그LED , 프론트오디오AAFP 헤더 , 침입감지 헤더 , COM포트 헤더 / [특징] DrMOS / 전원부 방열판 / M.2 히트싱크 / 일체형IO실드 / UEFI 닫기",https://img.danuri.io/catalog-image/922/948/073/3b40803d82b14b2daa2dd86ed4cc8586.jpg?shrink=130:130&_v=20260921080458,https://prod.danawa.com/info/?pcode=73948922&cate=112751
808,MSI,MSI PRO A620M-C EX,"118,990","AMD(소켓AM5) / AMD A620 / DDR5 / VGA 연결 : PCIe4.0 x16 / M-ATX (24.4x22cm) / [메모리] 7800MHz (PC5-62400) / 2개 / 메모리 용량 : 최대 128GB / EXPO / [확장슬롯] PCIe버전 : PCIe4.0 , PCIe3.0 , PCI / PCIex16 : 1개 / PCIex1 : 1개 / PCI : 1개 / [저장장치] M.2 : 2개 / SATA3 : 4개 / M.2 연결 : PCIe4.0 , NVMe / [후면단자] HDMI / DP / DVI / D-SUB / USB3.x 10Gbps / USB3.x 5Gbps / USB 2.0 / RJ-45 / 오디오잭 / PS/2 / 시리얼포트 / USB A타입 : 5개 / USB C타입 : 1개 / [랜/오디오] 유선랜 칩셋 : Realtek RTL8111H / RJ-45 : 1개 / 오디오 칩셋 : Realtek ALC897 / [내부I/O] USB/팬 헤더 : USB3.0 헤더 , USB2.0 헤더 / 시스템팬 4핀 : 2개 / I/O 헤더 : TPM 헤더 , 디버그LED , 프론트오디오AAFP 헤더 , 침입감지 헤더 , COM포트 헤더 , LPT포트 헤더 / [특징] UEFI 닫기",https://img.danuri.io/catalog-image/221/249/039/02b9f228b93748e0aeff6cb57cff38a9.jpg?shrink=130:130&_v=20260921090315,https://prod.danawa.com/info/?pcode=39249221&cate=112751
809,MSI,MSI MAG X870 토마호크 WIFI,"418,160","AMD(소켓AM5) / AMD X870 / DDR5 / VGA 연결 : PCIe5.0 x16 / ATX (30.5x24.4cm) / 전원부 : 14+2+1페이즈 / 페이즈당80A / Vcore출력합계 : 1120A / [메모리] 8400MHz (PC5-67200) / 4개 / 메모리 용량 : 최대 256GB / XMP / EXPO / [확장슬롯] PCIe버전 : PCIe5.0 , PCIe4.0 / PCIex16 : 1개 / PCIex16(at x4) : 1개 / PCIex16(at x1) : 1개 / [저장장치] M.2 : 4개 / SATA3 : 4개 / M.2 연결 : PCIe5.0 , PCIe4.0 , NVMe , PCIe 레인공유 / [후면단자] HDMI / Type-C / USB4 40Gbps / USB3.x 10Gbps / USB3.x 5Gbps / USB 2.0 / RJ-45 / S/PDIF / 오디오잭 / BIOS플래시백 / 클리어CMOS / USB A타입 : 9개 / USB C타입 : 3개 / [랜/오디오] 유선랜 칩셋 : Realtek 8126-CG / 5Gbps / RJ-45 : 1개 / 무선랜(Wi-Fi) / 블루투스 / 오디오 칩셋 : Realtek ALC4080 / 7.1채널(8ch) / [내부I/O] USB/팬 헤더 : USB3.0 헤더 , USB2.0 헤더 , USB3.2 Type C 헤더 , ARGB 5V 3핀 헤더 , CPU추가팬(OPT) 헤더 / 시스템팬 4핀 : 6개 / I/O 헤더 : TPM 헤더 , 프론트오디오AAFP 헤더 , 침입감지 헤더 / [특징] SPS(DrMOS) / 전원부 방열판 / M.2 히트싱크 / 일체형IO실드 / UEFI 닫기",https://img.danuri.io/catalog-image/370/852/067/7454561db2594c209afbfe49619100d8.jpg?shrink=130:130&_v=20260921080404,https://prod.danawa.com/info/?pcode=67852370&cate=112751
810,MSI,MSI MPG B650 엣지 WIFI,"401,490","AMD(소켓AM5) / AMD B650 / DDR5 / VGA 연결 : PCIe4.0 x16 / ATX (30.5x24.4cm) / 전원부 : 14+2+1페이즈 / 페이즈당80A / Vcore출력합계 : 1120A / [메모리] 7800MHz (PC5-62400) / 4개 / 메모리 용량 : 최대 256GB / EXPO / [확장슬롯] PCIe버전 : PCIe4.0 , PCIe3.0 / PCIex16 : 1개 / PCIex16(at x2) : 1개 / PCIex1 : 1개 / [저장장치] M.2 : 3개 / SATA3 : 6개 / M.2 연결 : PCIe5.0 , PCIe4.0 , NVMe / [후면단자] HDMI / DP / USB3.x 20Gbps / USB3.x 10Gbps / USB3.x 5Gbps / USB 2.0 / RJ-45 / S/PDIF / 오디오잭 / USB A타입 : 9개 / USB C타입 : 1개 / [랜/오디오] 유선랜 칩셋 : Realtek RTL8125BG / 2.5Gbps / RJ-45 : 1개 / AMD 계열 / 무선랜(Wi-Fi) / 블루투스 / 오디오 칩셋 : Realtek ALC4080 / 7.1채널(8ch) / [내부I/O] USB/팬 헤더 : USB3.0 헤더 , USB2.0 헤더 , USB3.1 Type C 헤더 , RGB 12V 4핀 헤더 , ARGB 5V 3핀 헤더 / 시스템팬 4핀 : 6개 / I/O 헤더 : TPM 헤더 / [특징] DrMOS / 전원부 방열판 / M.2 히트싱크 / UEFI / 24년 12월부로 메모리 최대용량 256GB로 변경 닫기",https://img.danuri.io/catalog-image/115/172/018/bb35cdffc9874b378868309653575f11.jpg?shrink=130:130&_v=20260921082643,https://prod.danawa.com/info/?pcode=18172115&cate=112751
811,MSI,MSI PRO A620M-E,"109,000","AMD(소켓AM5) / AMD A620 / DDR5 / VGA 연결 : PCIe4.0 x16 / M-ATX (24.4x21.1cm) / [메모리] 6800MHz (PC5-54400) / 2개 / 메모리 용량 : 최대 64GB / EXPO / [확장슬롯] PCIe버전 : PCIe4.0 , PCIe3.0 / PCIex16 : 1개 / PCIex1 : 1개 / [저장장치] M.2 : 1개 / SATA3 : 4개 / M.2 연결 : PCIe4.0 , NVMe / [후면단자] HDMI / D-SUB / USB3.x 5Gbps / USB 2.0 / RJ-45 / 오디오잭 / PS/2 / USB A타입 : 6개 / [랜/오디오] 유선랜 칩셋 : Realtek RTL8111H / 1Gbps / RJ-45 : 1개 / 오디오 칩셋 : Realtek ALC897 / 7.1채널(8ch) / USB/팬 헤더 : USB3.0 헤더 , USB2.0 헤더 , RGB 12V 4핀 헤더 / 시스템팬 4핀 : 2개 / I/O 헤더 : TPM 헤더 / UEFI / 23년 9월부로 지원메모리 속도 및 용량 확장 닫기",https://img.danuri.io/catalog-image/316/705/019/106adb1d5b9f437e919c591ec215c082.jpg?shrink=130:130&_v=20260921080454,https://prod.danawa.com/info/?pcode=19705316&cate=112751
812,MSI,MSI MPG B650 카본 WIFI,"915,000","AMD(소켓AM5) / AMD B650 / DDR5 / VGA 연결 : PCIe4.0 x16 / ATX (30.5x24.4cm) / 전원부 : 16+2+1페이즈 / 페이즈당80A / Vcore출력합계 : 1280A / [메모리] 7800MHz (PC5-62400) / 4개 / 메모리 용량 : 최대 256GB / EXPO / [확장슬롯] PCIe버전 : PCIe4.0 , PCIe3.0 / PCIex16 : 1개 / PCIex16(at x4) : 1개 / PCIex1 : 1개 / CrossFire / [저장장치] M.2 : 4개 / SATA3 : 6개 / M.2 연결 : PCIe5.0 , PCIe4.0 , NVMe / [후면단자] HDMI / DP / USB3.x 20Gbps / USB3.x 10Gbps / USB 2.0 / RJ-45 / S/PDIF / 오디오잭 / USB A타입 : 9개 / USB C타입 : 1개 / [랜/오디오] 유선랜 칩셋 : Realtek RTL8125 / 2.5Gbps / RJ-45 : 1개 / 무선랜(Wi-Fi) / 블루투스 / 오디오 칩셋 : Realtek ALC4080 / 7.1채널(8ch) / [내부I/O] USB/팬 헤더 : USB3.0 헤더 , USB2.0 헤더 , USB3.1 Type C 헤더 , RGB 12V 4핀 헤더 , ARGB 5V 3핀 헤더 / 시스템팬 4핀 : 5개 / I/O 헤더 : TPM 헤더 / [특징] DrMOS / 전원부 방열판 / M.2 히트싱크 / LED라이트 / UEFI / 24년 12월부로 메모리 최대용량 256GB로 변경 닫기",https://img.danuri.io/catalog-image/178/971/017/0d5f58a281af47f9b7c24c80c6ab453d.jpg?shrink=130:130&_v=20260921080458,https://prod.danawa.com/info/?pcode=17971178&cate=112751
813,MSI,MSI MPG X670E 카본 WiFi (해외구매),"644,620","AMD(소켓AM5) / DDR5 / AMD X670E / VGA 연결 : PCIe5.0 x16 / ATX (30.5x24.4cm) / 전원부 : 18+2+1페이즈 / 페이즈당90A / Vcore출력합계 : 1620A / [메모리] 6600MHz (PC5-52800) / 4개 / 메모리 용량 : 최대 128GB / EXPO / [확장슬롯] PCIe버전 : PCIe5.0 , PCIe4.0 / PCIex16 : 1개 / PCIex16(at x8) : 1개 / PCIex16(at x4) : 1개 / CrossFire / [저장장치] M.2 : 4개 / SATA3 : 6개 / M.2 연결 : PCIe5.0 , PCIe4.0 , NVMe / [후면단자] HDMI / DP / Type-C / USB3.x 20Gbps / USB3.x 10Gbps / USB 2.0 / RJ-45 / S/PDIF / 오디오잭 / USB A타입 : 8개 / USB C타입 : 2개 / [랜/오디오] 유선랜 칩셋 : Realtek RTL8125BG / 2.5Gbps / RJ-45 : 1개 / 무선랜(Wi-Fi) / 블루투스 / 오디오 칩셋 : Realtek ALC4080 / 7.1채널(8ch) / [내부I/O] USB/팬 헤더 : USB3.0 헤더 , USB2.0 헤더 , USB3.1 Type C 헤더 , RGB 12V 4핀 헤더 , ARGB 5V 3핀 헤더 / 시스템팬 4핀 : 5개 / I/O 헤더 : TPM 헤더 / [특징] DrMOS / M.2 히트싱크 / LED라이트 / UEFI 닫기",https://img.danuri.io/catalog-image/359/222/018/9697753c1961417c8603243908847865.jpg?shrink=130:130&_v=20260921130403,https://prod.danawa.com/info/?pcode=18222359&cate=112751
814,MSI,MSI MPG X670E 카본 WiFi (중고),"519,200","AMD(소켓AM5) / DDR5 / AMD X670E / VGA 연결 : PCIe5.0 x16 / ATX (30.5x24.4cm) / 전원부 : 18+2+1페이즈 / 페이즈당90A / Vcore출력합계 : 1620A / [메모리] 7800MHz (PC5-62400) / 4개 / 메모리 용량 : 최대 192GB / EXPO / [확장슬롯] PCIe버전 : PCIe5.0 , PCIe4.0 / PCIex16 : 1개 / PCIex16(at x8) : 1개 / PCIex16(at x4) : 1개 / CrossFire / [저장장치] M.2 : 4개 / SATA3 : 6개 / M.2 연결 : PCIe5.0 , PCIe4.0 , NVMe / [후면단자] HDMI / DP / Type-C / USB3.x 20Gbps / USB3.x 10Gbps / USB 2.0 / RJ-45 / S/PDIF / 오디오잭 / USB A타입 : 8개 / USB C타입 : 2개 / [랜/오디오] 유선랜 칩셋 : Realtek RTL8125BG / 2.5Gbps / RJ-45 : 1개 / 무선랜(Wi-Fi) / 블루투스 / 오디오 칩셋 : Realtek ALC4080 / 7.1채널(8ch) / [내부I/O] USB/팬 헤더 : USB3.0 헤더 , USB2.0 헤더 , USB3.1 Type C 헤더 , RGB 12V 4핀 헤더 , ARGB 5V 3핀 헤더 / 시스템팬 4핀 : 5개 / I/O 헤더 : TPM 헤더 / [특징] DrMOS / M.2 히트싱크 / LED라이트 / UEFI / 23년 9월부로 지원메모리 속도 확장 닫기",https://img.danuri.io/catalog-image/919/903/097/888cd01a7bbd443fba4a87ef439d06d7.jpg?shrink=130:130&_v=20260921080609,https://prod.danawa.com/info/?pcode=97903919&cate=112751
815,MSI,MSI MAG X670E 토마호크 WIFI (해외구매),"442,710","AMD(소켓AM5) / DDR5 / AMD X670E / VGA 연결 : PCIe5.0 x16 / ATX (30.5x24.4cm) / 전원부 : 17페이즈 / [메모리] 6000MHz (PC5-48000) / 4개 / 메모리 용량 : 최대 192GB / EXPO / [확장슬롯] PCIe버전 : PCIe5.0 , PCIe4.0 , PCIe3.0 / PCIex16 : 1개 / PCIex16(at x4) : 2개 / PCIex1 : 1개 / [저장장치] M.2 : 4개 / SATA3 : 4개 / M.2 연결 : PCIe5.0 , PCIe4.0 , PCIe 레인공유 / [후면단자] HDMI / DP / Type-C / USB3.x 20Gbps / RJ-45 / S/PDIF / 오디오잭 / BIOS플래시백 / USB A타입 : 6개 / USB C타입 : 2개 / [랜/오디오] 유선랜 칩셋 : Realtek 8125B / 2.5Gbps / RJ-45 : 1개 / AMD / 무선랜(Wi-Fi) / 블루투스 / 오디오 칩셋 : Realtek ALC1200 / 7.1채널(8ch) / [내부I/O] USB/팬 헤더 : USB3.0 헤더 , USB2.0 헤더 , USB3.1 Type C 헤더 , RGB 12V 4핀 헤더 , ARGB 5V 3핀 헤더 , CPU추가팬(OPT) 헤더 / 시스템팬 4핀 : 6개 / I/O 헤더 : 디버그LED / 전원부 방열판 / M.2 히트싱크 / UEFI 닫기",https://img.danuri.io/catalog-image/677/576/027/e114d92a1c764c318a76052ac96a8de1.jpg?shrink=130:130&_v=20260921080622,https://prod.danawa.com/info/?pcode=27576677&cate=112751
816,MSI,MSI MAG B650 토마호크 WIFI (해외구매),"243,300","AMD(소켓AM5) / DDR5 / AMD B650 / VGA 연결 : PCIe4.0 x16 / ATX (30.5x24.4cm) / 전원부 : 14+2+1페이즈 / 페이즈당80A / Vcore출력합계 : 1120A / [메모리] 6600MHz (PC5-52800) / 4개 / 메모리 용량 : 최대 192GB / EXPO / [확장슬롯] PCIe버전 : PCIe4.0 , PCIe3.0 / PCIex16 : 1개 / PCIex16(at x4) : 1개 / PCIex1 : 1개 / [저장장치] M.2 : 3개 / SATA3 : 6개 / M.2 연결 : PCIe4.0 , NVMe / [후면단자] HDMI / DP / USB3.x 20Gbps / USB3.x 10Gbps / USB3.x 5Gbps / USB 2.0 / RJ-45 / S/PDIF / 오디오잭 / USB A타입 : 9개 / USB C타입 : 1개 / [랜/오디오] 유선랜 칩셋 : Realtek RTL8125B / 2.5Gbps / RJ-45 : 1개 / 무선랜(Wi-Fi) / 블루투스 / 오디오 칩셋 : Realtek ALC4080 / 7.1채널(8ch) / [내부I/O] USB/팬 헤더 : USB3.0 헤더 , USB2.0 헤더 , USB3.1 Type C 헤더 , RGB 12V 4핀 헤더 , ARGB 5V 3핀 헤더 / 시스템팬 4핀 : 6개 / I/O 헤더 : TPM 헤더 / [특징] DrMOS / 전원부 방열판 / M.2 히트싱크 / UEFI 닫기",https://img.danuri.io/catalog-image/226/223/018/1e6477451d85400db556fdaf8df638c3.jpg?shrink=130:130&_v=20260919080523,https://prod.danawa.com/info/?pcode=18223226&cate=112751
817,MSI,MSI MPG X870E 엣지 TI WIFI (중고),"451,350","AMD(소켓AM5) / DDR5 / AMD X870E / VGA 연결 : PCIe5.0 x16 / ATX (30.5x24.4cm) / 전원부 : 14+2+1페이즈 / 페이즈당80A / Vcore출력합계 : 1120A / [메모리] 8400MHz (PC5-67200) / 4개 / 메모리 용량 : 최대 256GB / EXPO / [확장슬롯] PCIe버전 : PCIe5.0 , PCIe4.0 , PCIe3.0 / PCIex16 : 1개 / PCIex16(at x4) : 1개 / PCIex16(at x1) : 1개 / [저장장치] M.2 : 4개 / SATA3 : 4개 / M.2 연결 : PCIe5.0 , PCIe4.0 , NVMe , USB4 레인공유 / [후면단자] HDMI / Type-C / USB4 40Gbps / USB3.x 10Gbps / USB 2.0 / RJ-45 / 오디오잭 / BIOS플래시백 / 클리어CMOS / USB A타입 : 9개 / USB C타입 : 3개 / [랜/오디오] 유선랜 칩셋 : Realtek 8125 / 5Gbps / RJ-45 : 1개 / 무선랜(Wi-Fi) / 블루투스 / 오디오 칩셋 : Realtek ALC4080 / 7.1채널(8ch) / [내부I/O] USB/팬 헤더 : USB3.0 헤더 , USB2.0 헤더 , USB3.2 Type C 헤더 , RGB 12V 4핀 헤더 , ARGB 5V 3핀 헤더 , CPU추가팬(OPT) 헤더 / 시스템팬 4핀 : 6개 / I/O 헤더 : TPM 헤더 , 디버그LED , 프론트오디오AAFP 헤더 , 침입감지 헤더 / [특징] SPS(DrMOS) / 전원부 방열판 / M.2 히트싱크 / 일체형IO실드 / LED라이트 / UEFI 닫기",https://img.danuri.io/catalog-image/343/855/097/37f3c6f1cc804738a4d82d4ed08603d0.jpg?shrink=130:130&_v=20260921080441,https://prod.danawa.com/info/?pcode=97855343&cate=112751
818,MSI,MSI MPG B650I 엣지 WIFI (해외구매),"585,200","AMD(소켓AM5) / DDR5 / AMD B650 / VGA 연결 : PCIe4.0 x16 / M-iTX (17.0x17.0cm) / 전원부 : 8+2+1페이즈 / [메모리] 6600MHz (PC5-52800) / 2개 / 메모리 용량 : 최대 64GB / EXPO / [확장슬롯] PCIe버전 : PCIe4.0 / PCIex16 : 1개 / [저장장치] M.2 : 2개 / SATA3 : 4개 / M.2 연결 : PCIe4.0 , NVMe / [후면단자] HDMI / USB3.x 20Gbps / USB3.x 10Gbps / USB3.x 5Gbps / RJ-45 / 오디오잭 / USB A타입 : 5개 / USB C타입 : 1개 / [랜/오디오] 유선랜 칩셋 : Realtek RTL8125BG / 2.5Gbps / RJ-45 : 1개 / AMD 계열 / 무선랜(Wi-Fi) / 블루투스 / 오디오 칩셋 : Realtek ALC4080 / 7.1채널(8ch) / [내부I/O] USB/팬 헤더 : USB3.0 헤더 , USB2.0 헤더 , USB3.1 Type C 헤더 , ARGB 5V 3핀 헤더 / 시스템팬 4핀 : 1개 / I/O 헤더 : TPM 헤더 / [특징] DrMOS / 전원부 방열판 / M.2 히트싱크 / UEFI 닫기",https://img.danuri.io/catalog-image/468/449/018/6c3e07733cf74637a061424a58c22ba6.jpg?shrink=130:130&_v=20260921080444,https://prod.danawa.com/info/?pcode=18449468&cate=112751
819,MSI,MSI MPG B650 엣지 WIFI (해외구매),"310,800","AMD(소켓AM5) / DDR5 / AMD B650 / VGA 연결 : PCIe4.0 x16 / ATX (30.5x24.4cm) / 전원부 : 14+2+1페이즈 / 페이즈당80A / Vcore출력합계 : 1120A / [메모리] 6600MHz (PC5-52800) / 4개 / 메모리 용량 : 최대 192GB / EXPO / [확장슬롯] PCIe버전 : PCIe4.0 , PCIe3.0 / PCIex16 : 1개 / PCIex16(at x2) : 1개 / PCIex1 : 1개 / [저장장치] M.2 : 3개 / SATA3 : 6개 / M.2 연결 : PCIe5.0 , PCIe4.0 , NVMe / [후면단자] HDMI / DP / USB3.x 20Gbps / USB3.x 10Gbps / USB3.x 5Gbps / USB 2.0 / RJ-45 / S/PDIF / 오디오잭 / USB A타입 : 9개 / USB C타입 : 1개 / [랜/오디오] 유선랜 칩셋 : Realtek RTL8125BG / 2.5Gbps / RJ-45 : 1개 / AMD 계열 / 무선랜(Wi-Fi) / 블루투스 / 오디오 칩셋 : Realtek ALC4080 / 7.1채널(8ch) / [내부I/O] USB/팬 헤더 : USB3.0 헤더 , USB2.0 헤더 , USB3.1 Type C 헤더 , RGB 12V 4핀 헤더 , ARGB 5V 3핀 헤더 / 시스템팬 4핀 : 6개 / I/O 헤더 : TPM 헤더 / [특징] DrMOS / 전원부 방열판 / M.2 히트싱크 / UEFI 닫기",https://img.danuri.io/catalog-image/728/204/018/e5fcd228b9b143178cec23561fe8eabd.jpg?shrink=130:130&_v=20260918080512,https://prod.danawa.com/info/?pcode=18204728&cate=112751
820,MSI,MSI H510M-A PRO,"150,000","인텔 H510 / 인텔(소켓1200) / DDR4 / VGA 연결 : PCIe4.0 x16 / M-ATX (23.6x20.2cm) / [메모리] 3200MHz (PC4-25600) / 2개 / 메모리 용량 : 최대 64GB / XMP / [확장슬롯] PCIe버전 : PCIe4.0 , PCIe3.0 / PCIex16 : 1개 / PCIex1 : 1개 / [저장장치] M.2 : 1개 / SATA3 : 4개 / M.2 연결 : PCIe , NVMe , SATA / [후면단자] HDMI / D-SUB / USB3.x 5Gbps / USB 2.0 / RJ-45 / 오디오잭 / PS/2 / USB A타입 : 6개 / [랜/오디오] 유선랜 칩셋 : Intel I219V / 1Gbps / RJ-45 : 1개 / M.2 Key-E(모듈별매) / 오디오 칩셋 : Realtek ALC897 / 7.1채널(8ch) / [내부I/O] USB/팬 헤더 : USB3.0 헤더 , USB2.0 헤더 / 시스템팬 4핀 : 1개 / I/O 헤더 : TPM 헤더 / [특징] 닫기",https://img.danuri.io/catalog-image/021/628/013/f829d7fafa734b4e83097c4a14d68e1d.jpg?shrink=130:130&_v=20260921080455,https://prod.danawa.com/info/?pcode=13628021&cate=112751
821,MSI,MSI MAG B560 토피도 해외구매,"339,000","인텔(소켓1200) / DDR4 / 인텔 B560 / VGA 연결 : PCIe4.0 x16 / ATX (30.5x24.4cm) / 전원부 : 12+2+1페이즈 / [메모리] 5066MHz (PC4-40500) / 4개 / 메모리 용량 : 최대 128GB / XMP / 옵테인 / [확장슬롯] PCIe버전 : PCIe4.0 , PCIe3.0 / PCIex16 : 2개 / PCIex1 : 1개 / CrossFire / [저장장치] M.2 : 3개 / SATA3 : 6개 / M.2 연결 : PCIe , NVMe , SATA / [후면단자] HDMI / DP / USB3.x 20Gbps / USB3.x 5Gbps / USB 2.0 / RJ-45 / S/PDIF / 오디오잭 / [랜/오디오] 유선랜 칩셋 : Realtek RTL8125B , Intel I219V / 2.5Gbps / RJ-45 : 2개 / 듀얼LAN / 오디오 칩셋 : Realtek ALC897 / 7.1채널(8ch) / [내부I/O] USB/팬 헤더 : USB3.0 헤더 , USB2.0 헤더 , USB3.1 Type C 헤더 , RGB 12V 4핀 헤더 , ARGB 5V 3핀 헤더 / 시스템팬 4핀 : 5개 / I/O 헤더 : TPM 헤더 / [특징] M.2 히트싱크 / LED라이트 / UEFI 닫기",https://img.danuri.io/catalog-image/588/438/017/def6b08028bd41fd9f08d4b7a9adf243.jpg?shrink=130:130&_v=20260920080524,https://prod.danawa.com/info/?pcode=17438588&cate=112751
822,MSI,MSI MPG Z490 게이밍 플러스 (해외구매),"209,700","인텔(소켓1200) / DDR4 / 인텔 Z490 / VGA 연결 : PCIe3.0 x16 / ATX (30.5x24.4cm) / 전원부 : 14페이즈 / [메모리] 4800MHz (PC4-38400) / 4개 / 메모리 용량 : 최대 128GB / XMP / 옵테인 / [확장슬롯] PCIe버전 : PCIe3.0 , PCIe / PCIex16 : 2개 / PCIex1 : 3개 / CrossFire / [저장장치] M.2 : 2개 / SATA3 : 6개 / M.2 연결 : PCIe , NVMe , SATA / [후면단자] HDMI / DP / USB3.x 10Gbps / USB3.x 5Gbps / USB 2.0 / RJ-45 / S/PDIF / 오디오잭 / PS/2 / USB A타입 : 5개 / USB C타입 : 1개 / [랜/오디오] 유선랜 칩셋 : Realtek RTL8125B-CG / 2.5Gbps / RJ-45 : 1개 / 듀얼LAN / 오디오 칩셋 : Realtek ALC1200-VD1 / 7.1채널(8ch) / [내부I/O] [특징] M.2 히트싱크 / LED라이트 / UEFI 닫기",https://img.danuri.io/catalog-image/202/513/016/8dd256001fb8453299c29048ce1bee33.jpg?shrink=130:130&_v=20260921080442,https://prod.danawa.com/info/?pcode=16513202&cate=112751
823,MSI,MSI MEG Z490I 유니파이 (해외구매),"301,190","인텔(소켓1200) / DDR4 / 인텔 Z490 / VGA 연결 : PCIe3.0 x16 / M-iTX (17.0x17.0cm) / 전원부 : 8페이즈 / [메모리] 5000MHz (PC4-40000) / 2개 / 메모리 용량 : 최대 64GB / XMP / 옵테인 / [확장슬롯] PCIe버전 : PCIe3.0 / PCIex16 : 1개 / [저장장치] M.2 : 2개 / SATA3 : 4개 / M.2 연결 : PCIe , NVMe , SATA / [후면단자] HDMI / DP / USB3.x 10Gbps / USB3.x 5Gbps / USB 2.0 / 썬더볼트3 / RJ-45 / S/PDIF / 오디오잭 / USB A타입 : 5개 / [랜/오디오] 유선랜 칩셋 : Realtek RTL8125B / 2.5Gbps / RJ-45 : 1개 / 무선랜(Wi-Fi) / 블루투스 / 오디오 칩셋 : Realtek A1220 / 7.1채널(8ch) / [특징] M.2 히트싱크 / UEFI 닫기",https://img.danuri.io/catalog-image/370/612/013/dfbdbb16ebb6467b847bb4877aca7932.jpg?shrink=130:130&_v=20260921080444,https://prod.danawa.com/info/?pcode=13612370&cate=112751
824,MSI,MSI MPG Z590 게이밍 카본 WIFI (해외구매),"550,000","인텔(소켓1200) / DDR4 / 인텔 Z590 / VGA 연결 : PCIe4.0 x16 / ATX (30.5x24.4cm) / [메모리] 5333MHz (PC4-42600) / 4개 / 메모리 용량 : 최대 128GB / XMP / 옵테인 / [확장슬롯] PCIe버전 : PCIe4.0 , PCIe3.0 / PCIex16 : 3개 / PCIex1 : 2개 / CrossFire / [저장장치] M.2 : 3개 / SATA3 : 6개 / M.2 연결 : PCIe4.0 , PCIe , NVMe , SATA / [후면단자] HDMI / DP / USB3.x 20Gbps / USB3.x 10Gbps / USB3.x 5Gbps / USB 2.0 / RJ-45 / S/PDIF / 오디오잭 / [랜/오디오] 유선랜 칩셋 : Intel I225V / 2.5Gbps / RJ-45 : 1개 / 무선랜(Wi-Fi) / 블루투스 / 오디오 칩셋 : Realtek ALC4080 / 7.1채널(8ch) / [내부I/O] USB/팬 헤더 : USB3.0 헤더 , USB2.0 헤더 , USB3.1 Type C 헤더 , RGB 12V 4핀 헤더 , ARGB 5V 3핀 헤더 / 시스템팬 4핀 : 6개 / I/O 헤더 : TPM 헤더 / [특징] M.2 히트싱크 / LED라이트 / UEFI 닫기",https://img.danuri.io/catalog-image/146/504/015/b2199599868a4411b4751bfc1b582fc4.jpg?shrink=130:130&_v=20260917080531,https://prod.danawa.com/info/?pcode=15504146&cate=112751
825,MSI,MSI PRO B760M-A DDR4 II,"142,370","인텔 B760 / 인텔(소켓1700) / DDR4 / VGA 연결 : PCIe4.0 x16 / M-ATX (24.4x24.4cm) / 전원부 : 14페이즈 / [메모리] 5333MHz (PC4-42600) / 4개 / 메모리 용량 : 최대 128GB / XMP / [확장슬롯] PCIe버전 : PCIe4.0 , PCIe3.0 / PCIex16 : 1개 / PCIex16(at x4) : 1개 / PCIex1 : 1개 / [저장장치] M.2 : 2개 / SATA3 : 4개 / M.2 연결 : PCIe4.0 , PCIe , SATA , SATA 레인공유 / [후면단자] HDMI / DP / USB3.x 10Gbps / USB3.x 5Gbps / USB 2.0 / RJ-45 / 오디오잭 / PS/2 / USB A타입 : 6개 / [랜/오디오] 유선랜 칩셋 : Realtek 8125bg / 2.5Gbps / RJ-45 : 1개 / 오디오 칩셋 : Realtek ALC897 / [내부I/O] USB/팬 헤더 : USB3.0 헤더 , USB2.0 헤더 , USB3.0 Type C 헤더 , RGB 12V 4핀 헤더 , ARGB 5V 3핀 헤더 , CPU추가팬(OPT) 헤더 / 시스템팬 4핀 : 2개 / I/O 헤더 : 디버그LED / 전원부 방열판 / M.2 히트싱크 / UEFI 닫기",https://img.danuri.io/catalog-image/755/474/027/1d24ac6027dd49d8822922f89743862a.jpg?shrink=130:130&_v=20260921115923,https://prod.danawa.com/info/?pcode=27474755&cate=112751
826,MSI,MSI MAG B760M 박격포 II,"175,700","인텔 B760 / 인텔(소켓1700) / DDR5 / VGA 연결 : PCIe5.0 x16 / M-ATX (24.4x24.4cm) / 전원부 : 12+1+1페이즈 / 페이즈당75A / Vcore출력합계 : 900A / [메모리] 7800MHz (PC5-62400) / 4개 / 메모리 용량 : 최대 256GB / XMP3.0 / [확장슬롯] PCIe버전 : PCIe5.0 , PCIe3.0 / PCIex16 : 1개 / PCIex4 : 1개 / [저장장치] M.2 : 3개 / SATA3 : 4개 / M.2 연결 : PCIe4.0 , NVMe , SATA / [후면단자] HDMI / DP / USB3.x 20Gbps / USB3.x 10Gbps / USB 2.0 / RJ-45 / S/PDIF / 오디오잭 / USB A타입 : 7개 / USB C타입 : 1개 / [랜/오디오] 유선랜 칩셋 : Realtek 8125BG / 2.5Gbps / RJ-45 : 1개 / 오디오 칩셋 : Realtek ALC897 / 7.1채널(8ch) / [내부I/O] USB/팬 헤더 : USB3.0 헤더 , USB2.0 헤더 , USB3.1 Type C 헤더 , RGB 12V 4핀 헤더 , ARGB 5V 3핀 헤더 , 펌프전용 헤더 / 시스템팬 4핀 : 4개 / I/O 헤더 : TPM 헤더 , 디버그LED , 프론트오디오AAFP 헤더 / [특징] SPS(DrMOS) / 전원부 방열판 / M.2 히트싱크 / UEFI 닫기",https://img.danuri.io/catalog-image/114/226/037/b6a02db66f614c3e810bc8dfea10a065.jpg?shrink=130:130&_v=20260921140445,https://prod.danawa.com/info/?pcode=37226114&cate=112751
827,MSI,MSI PRO H610M-E DDR4,"85,430","인텔 H610 / 인텔(소켓1700) / DDR4 / VGA 연결 : PCIe4.0 x16 / M-ATX (23.6x20cm) / [메모리] 3200MHz (PC4-25600) / 2개 / 메모리 용량 : 최대 64GB / [확장슬롯] PCIe버전 : PCIe4.0 , PCIe3.0 / PCIex16 : 1개 / PCIex1 : 1개 / [저장장치] M.2 : 1개 / SATA3 : 4개 / M.2 연결 : PCIe , NVMe / [후면단자] HDMI / D-SUB / USB3.x 5Gbps / USB 2.0 / RJ-45 / 오디오잭 / PS/2 / USB A타입 : 6개 / [랜/오디오] 유선랜 칩셋 : Realtek RTL8111H / 1Gbps / RJ-45 : 1개 / 오디오 칩셋 : Realtek ALC897 / 7.1채널(8ch) / [내부I/O] USB/팬 헤더 : USB3.0 헤더 , USB2.0 헤더 , RGB 12V 4핀 헤더 / 시스템팬 4핀 : 2개 / I/O 헤더 : TPM 헤더 / [특징] UEFI 닫기",https://img.danuri.io/catalog-image/313/109/018/7f3d519484c94c7fbd4f92827b7a4426.jpg?shrink=130:130&_v=20260921121033,https://prod.danawa.com/info/?pcode=18109313&cate=112751
828,MSI,MSI MAG B760 토마호크 WIFI,"227,820","인텔 B760 / 인텔(소켓1700) / DDR5 / VGA 연결 : PCIe5.0 x16 / ATX (30.5x24.4cm) / 전원부 : 14페이즈 / 페이즈당75A / Vcore출력합계 : 900A / [메모리] 7000MHz (PC5-56000) / 4개 / 메모리 용량 : 최대 192GB / XMP3.0 / [확장슬롯] PCIe버전 : PCIe5.0 , PCIe4.0 , PCIe3.0 / PCIex16 : 1개 / PCIex16(at x4) : 1개 / PCIex1 : 1개 / [저장장치] M.2 : 3개 / SATA3 : 4개 / M.2 연결 : PCIe4.0 , NVMe , SATA / [후면단자] HDMI / DP / USB3.x 20Gbps / USB3.x 10Gbps / USB 2.0 / RJ-45 / S/PDIF / 오디오잭 / USB A타입 : 8개 / USB C타입 : 1개 / [랜/오디오] 유선랜 칩셋 : Realtek 8125BG / 2.5Gbps / RJ-45 : 1개 / Intel 계열 / 무선랜(Wi-Fi) / 블루투스 / 오디오 칩셋 : Realtek ALC897 / 7.1채널(8ch) / [내부I/O] USB/팬 헤더 : USB3.0 헤더 , USB2.0 헤더 , USB3.1 Type C 헤더 , RGB 12V 4핀 헤더 , ARGB 5V 3핀 헤더 / 시스템팬 4핀 : 5개 / [특징] DrMOS / 전원부 방열판 / M.2 히트싱크 / UEFI / 23년 8월부로 메모리 최대용량 192GB로 변경 닫기",https://img.danuri.io/catalog-image/865/652/018/0f3ef4e351bd48d3a752f7dce24d75ba.jpg?shrink=130:130&_v=20260921090326,https://prod.danawa.com/info/?pcode=18652865&cate=112751
829,MSI,MSI PRO B760M-A WIFI,"153,530","인텔 B760 / 인텔(소켓1700) / DDR5 / VGA 연결 : PCIe4.0 x16 / M-ATX (24.4x24.4cm) / 전원부 : 12+1+1페이즈 / [메모리] 6800MHz (PC5-54400) / 4개 / XMP3.0 / [확장슬롯] PCIe버전 : PCIe4.0 , PCIe3.0 / PCIex16 : 1개 / PCIex16(at x4) : 1개 / PCIex1 : 1개 / [저장장치] M.2 : 2개 / SATA3 : 4개 / M.2 연결 : PCIe4.0 , NVMe , SATA / [후면단자] HDMI / DP / USB3.x 10Gbps / USB3.x 5Gbps / USB 2.0 / RJ-45 / 오디오잭 / PS/2 / USB A타입 : 6개 / [랜/오디오] 유선랜 칩셋 : Realtek RTL8125BG / 2.5Gbps / RJ-45 : 1개 / Intel / 무선랜(Wi-Fi) / 블루투스 / 오디오 칩셋 : Realtek ALC897 / 7.1채널(8ch) / [내부I/O] USB/팬 헤더 : USB3.0 헤더 , USB2.0 헤더 , USB3.0 Type C 헤더 , RGB 12V 4핀 헤더 , ARGB 5V 3핀 헤더 / 시스템팬 4핀 : 2개 / I/O 헤더 : TPM 헤더 / [특징] 전원부 방열판 / UEFI 닫기",https://img.danuri.io/catalog-image/759/241/019/671d6152217d43fe94e41f1d70891991.jpg?shrink=130:130&_v=20260921090352,https://prod.danawa.com/info/?pcode=19241759&cate=112751
830,MSI,MSI MAG B660M 박격포 DDR4,"196,000","인텔 B660 / 인텔(소켓1700) / DDR4 / VGA 연결 : PCIe4.0 x16 / M-ATX (24.4x24.4cm) / 전원부 : 12+1+1페이즈 / 페이즈당60A / Vcore출력합계 : 720A / [메모리] 4800MHz (PC4-38400) / 4개 / 메모리 용량 : 최대 128GB / XMP / 옵테인 / [확장슬롯] PCIe버전 : PCIe4.0 , PCIe3.0 , PCIe / PCIex16 : 2개 / PCIex1 : 1개 / CrossFire / [저장장치] M.2 : 2개 / SATA3 : 6개 / M.2 연결 : PCIe4.0 , PCIe , NVMe , SATA / [후면단자] HDMI / DP / USB3.x 20Gbps / USB3.x 10Gbps / USB 2.0 / RJ-45 / S/PDIF / 오디오잭 / USB A타입 : 7개 / USB C타입 : 1개 / [랜/오디오] 유선랜 칩셋 : Realtek 8125BG / 2.5Gbps / RJ-45 : 1개 / 오디오 칩셋 : Realtek ALC1200 / 7.1채널(8ch) / [내부I/O] USB/팬 헤더 : USB3.0 헤더 , USB2.0 헤더 , USB3.1 Type C 헤더 , RGB 12V 4핀 헤더 , ARGB 5V 3핀 헤더 / 시스템팬 4핀 : 2개 / I/O 헤더 : TPM 헤더 / [특징] DrMOS / M.2 히트싱크 / UEFI 닫기",https://img.danuri.io/catalog-image/002/089/016/98e9bac7de3a49208ee8c0f4adf557fd.jpg?shrink=130:130&_v=20260921080609,https://prod.danawa.com/info/?pcode=16089002&cate=112751
831,MSI,MSI PRO B760M-P DDR4,"125,130","인텔 B760 / 인텔(소켓1700) / DDR4 / VGA 연결 : PCIe4.0 x16 / M-ATX (24.4x24.4cm) / 전원부 : 8페이즈 / [메모리] 4800MHz (PC4-38400) / 4개 / 메모리 용량 : 최대 128GB / XMP / [확장슬롯] PCIe버전 : PCIe4.0 / PCIex16 : 1개 / PCIex1 : 2개 / [저장장치] M.2 : 2개 / SATA3 : 4개 / M.2 연결 : PCIe4.0 , NVMe , SATA / [후면단자] HDMI / DP / D-SUB / USB3.x 10Gbps / USB3.x 5Gbps / USB 2.0 / RJ-45 / 오디오잭 / PS/2 / USB A타입 : 5개 / USB C타입 : 1개 / [랜/오디오] 유선랜 칩셋 : Realtek RTL8111H / 1Gbps / RJ-45 : 1개 / 오디오 칩셋 : Realtek ALC897 / 7.1채널(8ch) / [내부I/O] USB/팬 헤더 : USB3.0 헤더 , USB2.0 헤더 , RGB 12V 4핀 헤더 / 시스템팬 4핀 : 2개 / [특징] M.2 히트싱크 / UEFI 닫기",https://img.danuri.io/catalog-image/889/652/018/9f930f304bb94130a23b0b84649dbeb4.jpg?shrink=130:130&_v=20260921092559,https://prod.danawa.com/info/?pcode=18652889&cate=112751
832,MSI,MSI PRO B760M-E DDR4,"117,500","인텔(소켓1700) / 인텔 B760 / DDR4 / VGA 연결 : PCIe4.0 x16 / M-ATX (20.0x23.6cm) / 전원부 : 6+1+1페이즈 / 메모리 4800MHz (PC4-38400) / 2개 / 메모리 용량 : 최대 64GB / XMP / 확장슬롯 PCIe버전 : PCIe4.0 , PCIe3.0 / PCIex16 : 1개 / PCIex1 : 1개 / 저장장치 SATA3 : 4개 / M.2 : 1개 / M.2 연결 : PCIe4.0 , SATA / 후면단자 HDMI / D-SUB / USB3.x 5Gbps / USB 2.0 / RJ-45 / 오디오잭 / PS/2 / USB A타입 : 6개 / 랜/오디오 유선랜 칩셋 : Realtek RTL8111H / 1Gbps / RJ-45 : 1개 / 오디오 칩셋 : Realtek ALC897 / 내부I/O USB/팬 헤더 : USB3.0 헤더 , USB2.0 헤더 , USB3.0 Type C 헤더 , RGB 12V 4핀 헤더 / 시스템팬 4핀 : 2개 / I/O 헤더 : TPM 헤더 , 프론트오디오AAFP 헤더 , 침입감지 헤더 / UEFI 닫기",https://img.danuri.io/catalog-image/313/637/122/a4830b9dc66a4a6bbcc029decf9d022e.jpeg?shrink=130:130&_v=20260921090357,https://prod.danawa.com/info/?pcode=122637313&cate=112751
833,MSI,MSI PRO H610M-C EX,"110,000","인텔 H610 / 인텔(소켓1700) / DDR5 / VGA 연결 : PCIe4.0 x16 / M-ATX (24.4x22.0cm) / [메모리] 5600MHz (PC5-44800) / 2개 / 메모리 용량 : 최대 96GB / [확장슬롯] PCIe버전 : PCIe4.0 , PCIe3.0 , PCI / PCIex16 : 1개 / PCIex1 : 2개 / PCI : 1개 / [저장장치] M.2 : 1개 / SATA3 : 4개 / M.2 연결 : PCIe , NVMe , SATA / [후면단자] HDMI / DP / DVI / D-SUB / USB3.x 5Gbps / USB 2.0 / RJ-45 / 오디오잭 / PS/2 / 시리얼포트 / USB A타입 : 4개 / [랜/오디오] 유선랜 칩셋 : Realtek RTL8111H / 1Gbps / RJ-45 : 1개 / 오디오 칩셋 : Realtek ALC897 / 7.1채널(8ch) / [내부I/O] USB/팬 헤더 : USB3.0 헤더 , USB2.0 헤더 / 시스템팬 4핀 : 1개 / I/O 헤더 : TPM 헤더 / [특징] UEFI / 23년 8월부로 메모리 5600MHz 96GB로 변경 닫기",https://img.danuri.io/catalog-image/543/637/016/bfb95649c4b24816a5b6954d6c726d06.jpg?shrink=130:130&_v=20260921090254,https://prod.danawa.com/info/?pcode=16637543&cate=112751
834,MSI,MSI PRO B760M-P,"134,980","인텔 B760 / 인텔(소켓1700) / DDR5 / VGA 연결 : PCIe4.0 x16 / M-ATX (24.4x24.4cm) / 전원부 : 8페이즈 / [메모리] 6800MHz (PC5-54400) / 4개 / 메모리 용량 : 최대 192GB / XMP / [확장슬롯] PCIe버전 : PCIe4.0 / PCIex16 : 1개 / PCIex1 : 2개 / [저장장치] M.2 : 2개 / SATA3 : 4개 / M.2 연결 : PCIe4.0 , NVMe / [후면단자] HDMI / DP / D-SUB / USB3.x 10Gbps / USB3.x 5Gbps / USB 2.0 / RJ-45 / 오디오잭 / PS/2 / USB A타입 : 5개 / USB C타입 : 1개 / [랜/오디오] 유선랜 칩셋 : Realtek RTL8111H / 1Gbps / RJ-45 : 1개 / 오디오 칩셋 : Realtek ALC897 / 7.1채널(8ch) / [내부I/O] USB/팬 헤더 : USB3.0 헤더 , USB2.0 헤더 , RGB 12V 4핀 헤더 / 시스템팬 4핀 : 2개 / [특징] M.2 히트싱크 / UEFI 닫기",https://img.danuri.io/catalog-image/636/171/020/1eee96409a5244469b28b456b16e6883.jpg?shrink=130:130&_v=20260921090405,https://prod.danawa.com/info/?pcode=20171636&cate=112751
835,MSI,MSI PRO Z790-P WIFI,"283,180","인텔 Z790 / 인텔(소켓1700) / DDR5 / VGA 연결 : PCIe5.0 x16 / ATX (30.5x24.4cm) / 전원부 : 16페이즈 / [메모리] 7000MHz (PC5-56000) / 4개 / 메모리 용량 : 최대 192GB / XMP3.0 / [확장슬롯] PCIe버전 : PCIe5.0 , PCIe4.0 , PCIe3.0 / PCIex16 : 1개 / PCIex16(at x4) : 1개 / PCIex16(at x1) : 1개 / PCIex1 : 1개 / [저장장치] M.2 : 4개 / SATA3 : 6개 / M.2 연결 : PCIe4.0 , NVMe , SATA / [후면단자] HDMI / DP / USB3.x 20Gbps / USB3.x 10Gbps / USB3.x 5Gbps / USB 2.0 / RJ-45 / 오디오잭 / PS/2 / BIOS플래시백 / USB A타입 : 7개 / USB C타입 : 1개 / [랜/오디오] 유선랜 칩셋 : Intel / 2.5Gbps / RJ-45 : 1개 / 무선랜(Wi-Fi) / 블루투스 / 오디오 칩셋 : Realtek ALC897 / 7.1채널(8ch) / [내부I/O] USB/팬 헤더 : USB3.0 헤더 , USB2.0 헤더 , USB3.1 Type C 헤더 , RGB 12V 4핀 헤더 , ARGB 5V 3핀 헤더 , CPU추가팬(OPT) 헤더 / 시스템팬 4핀 : 6개 / I/O 헤더 : 디버그LED / [특징] 전원부 방열판 / M.2 히트싱크 / UEFI 닫기",https://img.danuri.io/catalog-image/169/475/027/0c8941ed2170492cb03dc82c3045837d.jpg?shrink=130:130&_v=20260921080458,https://prod.danawa.com/info/?pcode=27475169&cate=112751
836,MSI,MSI B760M 프로젝트 제로,"236,200","인텔 B760 / 인텔(소켓1700) / DDR5 / VGA 연결 : PCIe5.0 x16 / M-ATX (후면커넥터) / 프로젝트 제로 / 전원부 : 12+1+1페이즈 / 페이즈당75A / Vcore출력합계 : 900A / [메모리] 7800MHz (PC5-62400) / 4개 / 메모리 용량 : 최대 256GB / XMP3.0 / [확장슬롯] PCIe버전 : PCIe5.0 , PCIe4.0 , PCIe3.0 / PCIex16 : 1개 / PCIex16(at x4) : 1개 / PCIex1 : 1개 / [저장장치] M.2 : 2개 / SATA3 : 4개 / M.2 연결 : PCIe4.0 , NVMe , SATA / [후면단자] HDMI / DP / USB3.x 20Gbps / USB3.x 10Gbps / USB 2.0 / RJ-45 / S/PDIF / 오디오잭 / USB A타입 : 7개 / USB C타입 : 1개 / [랜/오디오] 유선랜 칩셋 : Realtek 8125BG / 2.5Gbps / RJ-45 : 1개 / 무선랜(Wi-Fi) / 블루투스 / 오디오 칩셋 : Realtek ALC897 / 7.1채널(8ch) / [내부I/O] USB/팬 헤더 : USB3.0 헤더 , USB2.0 헤더 , USB3.1 Type C 헤더 , RGB 12V 4핀 헤더 , ARGB 5V 3핀 헤더 , 펌프전용 헤더 / 시스템팬 4핀 : 4개 / I/O 헤더 : TPM 헤더 , 디버그LED , 프론트오디오AAFP 헤더 / [특징] DrMOS / 전원부 방열판 / M.2 히트싱크 / 일체형IO실드 / UEFI 닫기",https://img.danuri.io/catalog-image/463/419/053/b1056cf6f0b24c8d812566f82b25edfe.jpg?shrink=130:130&_v=20260921142703,https://prod.danawa.com/info/?pcode=53419463&cate=112751
837,MSI,MSI PRO H610M-E DDR5,"90,000","인텔 H610 / 인텔(소켓1700) / DDR5 / VGA 연결 : PCIe4.0 x16 / M-ATX (23.6x22cm) / [메모리] 5600MHz (PC5-44800) / 2개 / 메모리 용량 : 최대 96GB / XMP3.0 / [확장슬롯] PCIe버전 : PCIe4.0 , PCIe3.0 / PCIex16 : 1개 / PCIex1 : 1개 / [저장장치] M.2 : 1개 / SATA3 : 4개 / M.2 연결 : PCIe , NVMe / [후면단자] HDMI / D-SUB / USB3.x 5Gbps / USB 2.0 / RJ-45 / 오디오잭 / PS/2 / USB A타입 : 6개 / [랜/오디오] 유선랜 칩셋 : Realtek RTL8111H / 1Gbps / RJ-45 : 1개 / 오디오 칩셋 : Realtek ALC897 / 7.1채널(8ch) / [내부I/O] USB/팬 헤더 : USB3.0 헤더 , USB2.0 헤더 , RGB 12V 4핀 헤더 / 시스템팬 4핀 : 2개 / I/O 헤더 : TPM 헤더 , 프론트오디오AAFP 헤더 , 침입감지 헤더 , COM포트 헤더 / [특징] UEFI 닫기",https://img.danuri.io/catalog-image/412/837/097/137039c89e0d4caeb666bba13ce92573.jpg?shrink=130:130&_v=20260921090252,https://prod.danawa.com/info/?pcode=97837412&cate=112751
838,MSI,MSI PRO H610M-G DDR4,"122,000","인텔 H610 / 인텔(소켓1700) / DDR4 / VGA 연결 : PCIe4.0 x16 / M-ATX (23.6x20.2cm) / [메모리] 3200MHz (PC4-25600) / 2개 / 메모리 용량 : 최대 64GB / [확장슬롯] PCIe버전 : PCIe4.0 , PCIe3.0 , PCIe / PCIex16 : 1개 / PCIex1 : 1개 / [저장장치] M.2 : 1개 / SATA3 : 4개 / M.2 연결 : PCIe , NVMe , SATA / [후면단자] HDMI / DP / D-SUB / USB3.x 5Gbps / USB 2.0 / RJ-45 / 오디오잭 / PS/2 / USB A타입 : 6개 / [랜/오디오] 유선랜 칩셋 : Intel I219V / 1Gbps / RJ-45 : 1개 / M.2 Key-E(모듈별매) / 오디오 칩셋 : Realtek ALC897 / 7.1채널(8ch) / [내부I/O] USB/팬 헤더 : USB3.0 헤더 , USB2.0 헤더 , RGB 12V 4핀 헤더 , ARGB 5V 3핀 헤더 / 시스템팬 4핀 : 1개 / I/O 헤더 : TPM 헤더 / [특징] 닫기",https://img.danuri.io/catalog-image/863/314/016/f5ac0792c13b4f52b54a7d9a0b98dcff.jpg?shrink=130:130&_v=20260921080444,https://prod.danawa.com/info/?pcode=16314863&cate=112751
839,MSI,MSI MAG B660M 박격포 WIFI DDR4 (해외구매),"432,580","인텔(소켓1700) / DDR4 / 인텔 B660 / VGA 연결 : PCIe4.0 x16 / M-ATX (24.4x24.4cm) / 전원부 : 12+1+1페이즈 / 페이즈당60A / Vcore출력합계 : 720A / [메모리] 4800MHz (PC4-38400) / 4개 / 메모리 용량 : 최대 128GB / XMP / 옵테인 / [확장슬롯] PCIe버전 : PCIe4.0 , PCIe3.0 , PCIe / PCIex16 : 2개 / PCIex1 : 1개 / CrossFire / [저장장치] M.2 : 2개 / SATA3 : 6개 / M.2 연결 : PCIe4.0 , PCIe , NVMe , SATA / [후면단자] HDMI / DP / USB3.x 20Gbps / USB3.x 10Gbps / USB 2.0 / RJ-45 / S/PDIF / 오디오잭 / USB A타입 : 7개 / USB C타입 : 1개 / [랜/오디오] 유선랜 칩셋 : Realtek 8125BG / 2.5Gbps / RJ-45 : 1개 / 무선랜(Wi-Fi) / 블루투스 / 오디오 칩셋 : Realtek ALC1200 / 7.1채널(8ch) / [내부I/O] USB/팬 헤더 : USB3.0 헤더 , USB2.0 헤더 , USB3.1 Type C 헤더 , RGB 12V 4핀 헤더 , ARGB 5V 3핀 헤더 / 시스템팬 4핀 : 2개 / I/O 헤더 : TPM 헤더 / [특징] DrMOS / M.2 히트싱크 / UEFI 닫기",https://img.danuri.io/catalog-image/394/662/017/45869e89e19143c8818a6d2e4ca7c2e0.jpg?shrink=130:130&_v=20260921080444,https://prod.danawa.com/info/?pcode=17662394&cate=112751
840,MSI,MSI PRO B760M-A WIFI (중고),"108,900","인텔(소켓1700) / DDR5 / 인텔 B760 / VGA 연결 : PCIe4.0 x16 / M-ATX (24.4x24.4cm) / 전원부 : 12+1+1페이즈 / [메모리] 6800MHz (PC5-54400) / 4개 / XMP3.0 / [확장슬롯] PCIe버전 : PCIe4.0 , PCIe3.0 / PCIex16 : 1개 / PCIex16(at x4) : 1개 / PCIex1 : 1개 / [저장장치] M.2 : 2개 / SATA3 : 4개 / M.2 연결 : PCIe4.0 , NVMe , SATA / [후면단자] HDMI / DP / USB3.x 10Gbps / USB3.x 5Gbps / USB 2.0 / RJ-45 / 오디오잭 / PS/2 / USB A타입 : 6개 / [랜/오디오] 유선랜 칩셋 : Realtek RTL8125BG / 2.5Gbps / RJ-45 : 1개 / Intel / 무선랜(Wi-Fi) / 블루투스 / 오디오 칩셋 : Realtek ALC897 / 7.1채널(8ch) / [내부I/O] USB/팬 헤더 : USB3.0 헤더 , USB2.0 헤더 , USB3.0 Type C 헤더 , RGB 12V 4핀 헤더 , ARGB 5V 3핀 헤더 / 시스템팬 4핀 : 2개 / I/O 헤더 : TPM 헤더 / [특징] 전원부 방열판 / UEFI 닫기",https://img.danuri.io/catalog-image/522/904/097/f6a4e60f19d14d3296e1b88ee4b4764b.jpg?shrink=130:130&_v=20260921080622,https://prod.danawa.com/info/?pcode=97904522&cate=112751
841,MSI,MSI PRO H610M-G DDR4 (해외구매),"118,800","인텔(소켓1700) / DDR4 / 인텔 H610 / VGA 연결 : PCIe4.0 x16 / M-ATX (23.6x20.2cm) / [메모리] 3200MHz (PC4-25600) / 2개 / 메모리 용량 : 최대 64GB / [확장슬롯] PCIe버전 : PCIe4.0 , PCIe3.0 , PCIe / PCIex16 : 1개 / PCIex1 : 1개 / [저장장치] M.2 : 1개 / SATA3 : 4개 / M.2 연결 : PCIe , NVMe , SATA / [후면단자] HDMI / DP / D-SUB / USB3.x 5Gbps / USB 2.0 / RJ-45 / 오디오잭 / PS/2 / USB A타입 : 6개 / [랜/오디오] 유선랜 칩셋 : Intel I219V / 1Gbps / RJ-45 : 1개 / M.2 Key-E(모듈별매) / 오디오 칩셋 : Realtek ALC897 / 7.1채널(8ch) / [내부I/O] USB/팬 헤더 : USB3.0 헤더 , USB2.0 헤더 , RGB 12V 4핀 헤더 , ARGB 5V 3핀 헤더 / 시스템팬 4핀 : 1개 / I/O 헤더 : TPM 헤더 / [특징] 닫기",https://img.danuri.io/catalog-image/766/301/018/c2505eef54a645a7afe310376b80434b.jpg?shrink=130:130&_v=20260919145548,https://prod.danawa.com/info/?pcode=18301766&cate=112751
842,MSI,MSI PRO B660M-A WIFI DDR4 (해외구매),"351,520","인텔(소켓1700) / DDR4 / 인텔 B660 / VGA 연결 : PCIe4.0 x16 / M-ATX (24.4x24.4cm) / 전원부 : 14페이즈 / [메모리] 4800MHz (PC4-38400) / 4개 / 메모리 용량 : 최대 128GB / XMP3.0 / 옵테인 / [확장슬롯] PCIe버전 : PCIe4.0 , PCIe3.0 , PCIe / PCIex16 : 2개 / PCIex1 : 1개 / CrossFire / [저장장치] M.2 : 2개 / SATA3 : 4개 / M.2 연결 : PCIe4.0 , PCIe , NVMe , SATA / [후면단자] HDMI / DP / USB3.x 10Gbps / USB3.x 5Gbps / USB 2.0 / RJ-45 / 오디오잭 / PS/2 / USB A타입 : 6개 / [랜/오디오] 유선랜 칩셋 : Realtek 8125BG / 2.5Gbps / RJ-45 : 1개 / 무선랜(Wi-Fi) / 블루투스 / 오디오 칩셋 : Realtek ALC897 / 7.1채널(8ch) / [내부I/O] USB/팬 헤더 : USB3.0 헤더 , USB2.0 헤더 , USB3.0 Type C 헤더 , RGB 12V 4핀 헤더 , ARGB 5V 3핀 헤더 / 시스템팬 4핀 : 2개 / I/O 헤더 : TPM 헤더 / [특징] M.2 히트싱크 / UEFI 닫기",https://img.danuri.io/catalog-image/194/222/018/63398026a31c4867b77e4a44961d03b1.jpg?shrink=130:130&_v=20260921080442,https://prod.danawa.com/info/?pcode=18222194&cate=112751
843,MSI,MSI PRO B660M-A WIFI (해외구매),"458,900","인텔(소켓1700) / DDR5 / 인텔 B660 / VGA 연결 : PCIe4.0 x16 / M-ATX (24.4x24.4cm) / 전원부 : 14페이즈 / [메모리] 6200MHz (PC5-49600) / 4개 / 메모리 용량 : 최대 128GB / XMP3.0 / 옵테인 / [확장슬롯] PCIe버전 : PCIe4.0 , PCIe3.0 , PCIe / PCIex16 : 2개 / PCIex1 : 1개 / CrossFire / [저장장치] M.2 : 2개 / SATA3 : 4개 / M.2 연결 : PCIe4.0 , PCIe , NVMe , SATA / [후면단자] HDMI / DP / USB3.x 10Gbps / USB3.x 5Gbps / USB 2.0 / RJ-45 / 오디오잭 / PS/2 / [랜/오디오] 유선랜 칩셋 : Realtek 8125BG / 2.5Gbps / RJ-45 : 1개 / 무선랜(Wi-Fi) / 블루투스 / 오디오 칩셋 : Realtek ALC897 / 7.1채널(8ch) / [내부I/O] USB/팬 헤더 : USB3.0 헤더 , USB2.0 헤더 , USB3.0 Type C 헤더 , RGB 12V 4핀 헤더 , ARGB 5V 3핀 헤더 / 시스템팬 4핀 : 2개 / I/O 헤더 : TPM 헤더 / [특징] M.2 히트싱크 / UEFI 닫기",https://img.danuri.io/catalog-image/278/222/018/de8d238923fa45f38812ad8974216109.jpg?shrink=130:130&_v=20260920080505,https://prod.danawa.com/info/?pcode=18222278&cate=112751
844,MSI,MSI PRO H610M-C EX (중고),"99,880","인텔(소켓1700) / DDR5 / 인텔 H610 / VGA 연결 : PCIe4.0 x16 / M-ATX (24.4x22.0cm) / [메모리] 5600MHz (PC5-44800) / 2개 / 메모리 용량 : 최대 96GB / [확장슬롯] PCIe버전 : PCIe4.0 , PCIe3.0 , PCI / PCIex16 : 1개 / PCIex1 : 2개 / PCI : 1개 / [저장장치] M.2 : 1개 / SATA3 : 4개 / M.2 연결 : PCIe , NVMe , SATA / [후면단자] HDMI / DP / DVI / D-SUB / USB3.x 5Gbps / USB 2.0 / RJ-45 / 오디오잭 / PS/2 / 시리얼포트 / USB A타입 : 4개 / [랜/오디오] 유선랜 칩셋 : Realtek RTL8111H / 1Gbps / RJ-45 : 1개 / 오디오 칩셋 : Realtek ALC897 / 7.1채널(8ch) / [내부I/O] USB/팬 헤더 : USB3.0 헤더 , USB2.0 헤더 / 시스템팬 4핀 : 1개 / I/O 헤더 : TPM 헤더 / [특징] UEFI / 23년 8월부로 메모리 5600MHz 96GB로 변경 닫기",https://img.danuri.io/catalog-image/688/903/097/a3946111ae15418e816351e4e81db735.jpg?shrink=130:130&_v=20260909080714,https://prod.danawa.com/info/?pcode=97903688&cate=112751
845,MSI,MSI MAG B860M 박격포 WIFI,"266,990","인텔(소켓1851) / 인텔 B860 / DDR5 / VGA 연결 : PCIe5.0 x16 / M-ATX (24.4x24.4cm) / 전원부 : 12+1+1+1페이즈 / 60A / Vcore출력합계 : 720 / [메모리] 9200MHz (PC5-73600) / 4개 / 메모리 용량 : 최대 256GB / XMP3.0 / [확장슬롯] PCIe버전 : PCIe5.0 , PCIe4.0 / PCIex16 : 1개 / PCIex1 : 1개 / [저장장치] SATA3 : 4개 / M.2 : 3개 / M.2 연결 : PCIe5.0 , PCIe4.0 , NVMe / [후면단자] HDMI / DP / Type-C / 썬더볼트4 / USB3.x 10Gbps / USB 2.0 / RJ-45 / S/PDIF / 오디오잭 / BIOS플래시백 / 클리어CMOS / USB A타입 : 7개 / USB C타입 : 2개 / [랜/오디오] 유선랜 칩셋 : Realtek 8126 / 5Gbps / RJ-45 : 1개 / 무선랜(Wi-Fi) / 블루투스 / 오디오 칩셋 : Realtek ALC897 / 7.1채널(8ch) / [내부I/O] USB/팬 헤더 : 썬더볼트5 헤더 , USB3.0 헤더 , USB2.0 헤더 , USB3.1 Type C 헤더 , RGB 12V 4핀 헤더 , ARGB 5V 3핀 헤더 , CPU추가팬(OPT) 헤더 / 시스템팬 4핀 : 4개 / I/O 헤더 : TPM 헤더 , 디버그LED , 프론트오디오AAFP 헤더 , 침입감지 헤더 , COM포트 헤더 / [특징] SPS(DrMOS) / 전원부 방열판 / M.2 히트싱크 / 일체형IO실드 / UEFI 닫기",https://img.danuri.io/catalog-image/266/340/074/777751b46c21424db221a90e8db2b493.jpg?shrink=130:130&_v=20260921140444,https://prod.danawa.com/info/?pcode=74340266&cate=112751
846,MSI,MSI MAG Z890 토마호크 WIFI,"458,990","인텔(소켓1851) / 인텔 Z890 / DDR5 / VGA 연결 : PCIe5.0 x16 / ATX (30.5x24.4cm) / 전원부 : 16+1+1+1페이즈 / 90A / Vcore출력합계 : 1440 / 메모리 9200MHz (PC5-73600) / 4개 / 메모리 용량 : 최대 256GB / XMP3.0 / EXPO / 확장슬롯 PCIe버전 : PCIe5.0 , PCIe4.0 / PCIex16 : 1개 / PCIex16(at x4) : 2개 / 저장장치 SATA3 : 4개 / M.2 : 4개 / M.2 연결 : PCIe5.0 , PCIe4.0 , NVMe / 후면단자 HDMI / Type-C / 썬더볼트4 / USB3.x 10Gbps / USB3.x 5Gbps / USB 2.0 / RJ-45 / S/PDIF / 오디오잭 / BIOS플래시백 / 클리어CMOS / USB A타입 : 7개 / USB C타입 : 3개 / 랜/오디오 유선랜 칩셋 : Intel Killer E5000 / 5Gbps / RJ-45 : 1개 / Intel Killer BE1750x / 무선랜(Wi-Fi) / 블루투스 / 오디오 칩셋 : Realtek ALC1220P / 7.1채널(8ch) / 내부I/O USB/팬 헤더 : 썬더볼트5 헤더 , USB3.0 헤더 , USB2.0 헤더 , USB3.2 Type C 헤더 , USB3.0 Type C 헤더 , RGB 12V 4핀 헤더 , ARGB 5V 3핀 헤더 , CPU추가팬(OPT) 헤더 / 시스템팬 4핀 : 6개 / I/O 헤더 : TPM 헤더 , 프론트오디오AAFP 헤더 , 침입감지 헤더 / 특징 SPS(DrMOS) / 전원부 방열판 / M.2 히트싱크 / 일체형IO실드 / UEFI 닫기",https://img.danuri.io/catalog-image/766/697/069/e8cb1b2c7a7b449eae606eaf1af87618.jpeg?shrink=130:130&_v=20260921080609,https://prod.danawa.com/info/?pcode=69697766&cate=112751
847,MSI,MSI MAG B860M 박격포,"242,620","인텔(소켓1851) / 인텔 B860 / DDR5 / VGA 연결 : PCIe5.0 x16 / M-ATX (24.4x24.4cm) / 전원부 : 12+1+1+1페이즈 / 60A / Vcore출력합계 : 720 / [메모리] 9200MHz (PC5-73600) / 4개 / 메모리 용량 : 최대 256GB / XMP / [확장슬롯] PCIe버전 : PCIe5.0 , PCIe4.0 / PCIex16 : 1개 / PCIex4 : 1개 / [저장장치] SATA3 : 4개 / M.2 : 3개 / M.2 연결 : PCIe5.0 , PCIe4.0 , NVMe / [후면단자] HDMI / DP / Type-C / 썬더볼트4 / USB3.x 10Gbps / USB 2.0 / RJ-45 / S/PDIF / 오디오잭 / BIOS플래시백 / 클리어CMOS / USB A타입 : 7개 / USB C타입 : 2개 / [랜/오디오] 유선랜 칩셋 : Intel Killer E5000 / 5Gbps / RJ-45 : 1개 / 오디오 칩셋 : Realtek ALC897 / 7.1채널(8ch) / [내부I/O] USB/팬 헤더 : 썬더볼트5 헤더 , USB3.0 헤더 , USB2.0 헤더 , USB3.1 Type C 헤더 , RGB 12V 4핀 헤더 , ARGB 5V 3핀 헤더 , CPU추가팬(OPT) 헤더 / 시스템팬 4핀 : 4개 / I/O 헤더 : TPM 헤더 , 디버그LED , 프론트오디오AAFP 헤더 , 침입감지 헤더 , COM포트 헤더 / [특징] SPS(DrMOS) / 전원부 방열판 / M.2 히트싱크 / 일체형IO실드 / UEFI 닫기",https://img.danuri.io/catalog-image/609/636/122/9f16e33de4694e278fb0d9747367782d.jpeg?shrink=130:130&_v=20260921124303,https://prod.danawa.com/info/?pcode=122636609&cate=112751
848,MSI,MSI MAG B860 토마호크 WIFI,"288,890","인텔(소켓1851) / 인텔 B860 / DDR5 / VGA 연결 : PCIe5.0 x16 / ATX (30.5x24.4cm) / 전원부 : 12+1+1+1페이즈 / 60A / Vcore출력합계 : 720 / [메모리] 9200MHz (PC5-73600) / 4개 / 메모리 용량 : 최대 256GB / XMP3.0 / [확장슬롯] PCIe버전 : PCIe5.0 , PCIe4.0 / PCIex16 : 1개 / PCIex16(at x4) : 1개 / PCIex1 : 1개 / [저장장치] SATA3 : 4개 / M.2 : 3개 / M.2 연결 : PCIe5.0 , PCIe4.0 , NVMe / [후면단자] HDMI / DP / Type-C / 썬더볼트4 / USB3.x 10Gbps / USB3.x 5Gbps / RJ-45 / S/PDIF / 오디오잭 / BIOS플래시백 / 클리어CMOS / USB A타입 : 7개 / USB C타입 : 2개 / [랜/오디오] 유선랜 칩셋 : Killer E5000 / 5Gbps / RJ-45 : 1개 / Killer BE1750x / 무선랜(Wi-Fi) / 블루투스 / 오디오 칩셋 : Realtek ALC897 / 7.1채널(8ch) / [내부I/O] USB/팬 헤더 : 썬더볼트5 헤더 , USB3.0 헤더 , USB2.0 헤더 , USB3.1 Type C 헤더 , RGB 12V 4핀 헤더 , ARGB 5V 3핀 헤더 , CPU추가팬(OPT) 헤더 / 시스템팬 4핀 : 5개 / I/O 헤더 : TPM 헤더 , 디버그LED , 프론트오디오AAFP 헤더 , 침입감지 헤더 / [특징] SPS(DrMOS) / 전원부 방열판 / M.2 히트싱크 / 일체형IO실드 / UEFI 닫기",https://img.danuri.io/catalog-image/455/340/074/0b0b034ff7dd483aaeef9531913b94b1.jpg?shrink=130:130&_v=20260921132559,https://prod.danawa.com/info/?pcode=74340455&cate=112751
849,MSI,MSI MPG Z890 카본 WIFI,"594,420","인텔(소켓1851) / 인텔 Z890 / DDR5 / VGA 연결 : PCIe5.0 x16 / ATX (30.5x24.4cm) / 전원부 : 20+1+1+1페이즈 / 110A / Vcore출력합계 : 2200 / 메모리 9200MHz (PC5-73600) / 4개 / 메모리 용량 : 최대 256GB / XMP3.0 / EXPO / 확장슬롯 PCIe버전 : PCIe5.0 , PCIe4.0 / PCIex16 : 1개 (동시사용시 at x8) / PCIex16(at x8) : 1개 / PCIex16(at x4) : 1개 / 저장장치 SATA3 : 4개 / M.2 : 5개 / M.2 연결 : PCIe5.0 , NVMe / 후면단자 썬더볼트4 / USB3.x 10Gbps / RJ-45 / S/PDIF / 오디오잭 / e-SATA / 클리어CMOS / USB A타입 : 10개 / USB C타입 : 3개 / 랜/오디오 유선랜 칩셋 : Intel Killer E5000B, I225V / 5Gbps, 2.5Gbps / RJ-45 : 2개 / Intel Killer BE1750x / 무선랜(Wi-Fi) / 오디오 칩셋 : Realtek ALC1220P / 7.1채널(8ch) / 내부I/O USB/팬 헤더 : USB3.0 헤더 , USB2.0 헤더 , USB3.2 Type C 헤더 , CPU추가팬(OPT) 헤더 / 시스템팬 4핀 : 5개 / I/O 헤더 : TPM 헤더 , 디버그LED , 프론트오디오AAFP 헤더 , 침입감지 헤더 , 온도 센서 / 특징 SPS(DrMOS) / 전원부 방열판 / M.2 히트싱크 / 일체형IO실드 / LED라이트 / UEFI 닫기",https://img.danuri.io/catalog-image/066/698/069/3678300e44204424b7fc435ad04a81dc.jpg?shrink=130:130&_v=20260921130203,https://prod.danawa.com/info/?pcode=69698066&cate=112751
850,MSI,MSI PRO B860M-A WIFI6E,"204,810","인텔(소켓1851) / 인텔 B860 / DDR5 / VGA 연결 : PCIe5.0 x16 / M-ATX (24.4x24.4cm) / 전원부 : 12+1+1+1페이즈 / [메모리] 8800MHz (PC5-70400) / 4개 / 메모리 용량 : 최대 256GB / XMP3.0 / [확장슬롯] PCIe버전 : PCIe5.0 , PCIe4.0 / PCIex16 : 1개 / PCIex16(at x4) : 1개 / PCIex1 : 2개 / [저장장치] SATA3 : 4개 / M.2 : 3개 / M.2 연결 : PCIe5.0 , PCIe4.0 , NVMe / [후면단자] HDMI / DP / USB3.x 10Gbps / USB3.x 5Gbps / USB 2.0 / RJ-45 / 오디오잭 / PS/2 / 클리어CMOS / USB A타입 : 5개 / USB C타입 : 1개 / [랜/오디오] 유선랜 칩셋 : Realtek 8126 / 5Gbps / RJ-45 : 1개 / 무선랜(Wi-Fi) / 블루투스 / 오디오 칩셋 : Realtek ALC897 / 7.1채널(8ch) / [내부I/O] USB/팬 헤더 : 썬더볼트5 헤더 , USB3.0 헤더 , USB2.0 헤더 , USB3.1 Type C 헤더 , RGB 12V 4핀 헤더 , ARGB 5V 3핀 헤더 , CPU추가팬(OPT) 헤더 / 시스템팬 4핀 : 3개 / I/O 헤더 : TPM 헤더 , 디버그LED , 프론트오디오AAFP 헤더 , 침입감지 헤더 , COM포트 헤더 / [특징] 전원부 방열판 / M.2 히트싱크 / 일체형IO실드 / UEFI 닫기",https://img.danuri.io/catalog-image/879/668/123/dba56aaaa0ac43f7ab22045ea325558d.jpeg?shrink=130:130&_v=20260921125643,https://prod.danawa.com/info/?pcode=123668879&cate=112751
851,MSI,MSI MEG Z890 유니파이-X,"694,470","인텔(소켓1851) / 인텔 Z890 / DDR5 / VGA 연결 : PCIe5.0 x16 / ATX (30.5x24.4cm) / 전원부 : 20+2+1+1페이즈 / 90A / Vcore출력합계 : 1800 / 메모리 9600MHz (PC5-76800) / 2개 / 메모리 용량 : 최대 128GB / XMP3.0 / EXPO / 확장슬롯 PCIe버전 : PCIe5.0 , PCIe4.0 / PCIex16 : 1개 / PCIex16(at x8) : 1개 / PCIex16(at x4) : 1개 / PCIex1 : 1개 / 저장장치 SATA3 : 6개 / M.2 : 6개 / M.2 연결 : PCIe5.0 , PCIe4.0 , NVMe , SATA , SATA 레인공유 / 후면단자 썬더볼트4 / USB3.x 10Gbps / RJ-45 / S/PDIF / 오디오잭 / PS/2 / BIOS플래시백 / 클리어CMOS / USB A타입 : 8개 / USB C타입 : 4개 / 랜/오디오 유선랜 칩셋 : Intel Killer E5000B / 5Gbps / RJ-45 : 1개 / Intel Killer BE1750x / 무선랜(Wi-Fi) / 블루투스 / 오디오 칩셋 : Realtek ALC4080 / 7.1채널(8ch) / 내부I/O USB/팬 헤더 : 썬더볼트5 헤더 , USB3.0 헤더 , USB2.0 헤더 , USB3.2 Type C 헤더 , RGB 12V 4핀 헤더 , ARGB 5V 3핀 헤더 , CPU추가팬(OPT) 헤더 , 펌프전용 헤더 / 시스템팬 4핀 : 4개 / I/O 헤더 : TPM 헤더 , 디버그LED , 프론트오디오AAFP 헤더 , 침입감지 헤더 , 온도 센서 / 특징 SPS(DrMOS) / 전원부 방열판 / M.2 히트싱크 / 일체형IO실드 / LED라이트 / 듀얼(멀티)바이오스 / UEFI 닫기",https://img.danuri.io/catalog-image/594/698/069/fab7ccfffd534596bf9b098b97de0269.jpg?shrink=130:130&_v=20260921140450,https://prod.danawa.com/info/?pcode=69698594&cate=112751
852,MSI,MSI PRO Z890-A WIFI,"373,900","인텔(소켓1851) / 인텔 Z890 / DDR5 / VGA 연결 : PCIe5.0 x16 / ATX (30.5x24.4cm) / 전원부 : 16+1+1+1페이즈 / 90A / Vcore출력합계 : 1440 / 메모리 9200MHz (PC5-73600) / 4개 / 메모리 용량 : 최대 256GB / XMP3.0 / EXPO / 확장슬롯 PCIe버전 : PCIe5.0 , PCIe4.0 / PCIex16 : 1개 / PCIex16(at x4) : 2개 / 저장장치 SATA3 : 4개 / M.2 : 4개 / M.2 연결 : PCIe5.0 , PCIe4.0 , NVMe , SATA / 후면단자 HDMI / Type-C / 썬더볼트4 / USB3.x 10Gbps / USB3.x 5Gbps / USB 2.0 / RJ-45 / S/PDIF / 오디오잭 / BIOS플래시백 / USB A타입 : 7개 / USB C타입 : 3개 / 랜/오디오 유선랜 칩셋 : Realtek 8126 / 5Gbps / RJ-45 : 1개 / Intel / 무선랜(Wi-Fi) / 블루투스 / 오디오 칩셋 : Realtek ALC1220P / 7.1채널(8ch) / 내부I/O USB/팬 헤더 : 썬더볼트5 헤더 , USB3.0 헤더 , USB2.0 헤더 , USB3.2 Type C 헤더 , RGB 12V 4핀 헤더 , ARGB 5V 3핀 헤더 , CPU추가팬(OPT) 헤더 / 시스템팬 4핀 : 6개 / I/O 헤더 : TPM 헤더 , 디버그LED , 프론트오디오AAFP 헤더 , 침입감지 헤더 / 특징 SPS(DrMOS) / 전원부 방열판 / M.2 히트싱크 / 일체형IO실드 / UEFI 닫기",https://img.danuri.io/catalog-image/916/697/069/39d0070673454bff866527a2e7ab2329.jpg?shrink=130:130&_v=20260921102645,https://prod.danawa.com/info/?pcode=69697916&cate=112751
853,MSI,MSI MAG Z890 토마호크 WIFI II,"473,000","인텔(소켓1851) / 인텔 Z890 / DDR5 / VGA 연결 : PCIe5.0 x16 / ATX (30.5x24.4cm) / 전원부 : 16+1+1+1페이즈 / 90A / Vcore출력합계 : 1440 / 메모리 9200MHz (PC5-73600) / 4개 / 메모리 용량 : 최대 256GB / XMP3.0 / EXPO / 확장슬롯 PCIe버전 : PCIe5.0 , PCIe4.0 / PCIex16 : 1개 / PCIex16(at x4) : 2개 / 저장장치 SATA3 : 4개 / M.2 : 4개 / M.2 연결 : PCIe5.0 , PCIe4.0 , NVMe / 후면단자 HDMI / Type-C / 썬더볼트4 / USB3.x 10Gbps / USB3.x 5Gbps / USB 2.0 / RJ-45 / S/PDIF / 오디오잭 / BIOS플래시백 / 클리어CMOS / USB A타입 : 7개 / USB C타입 : 3개 / 랜/오디오 유선랜 칩셋 : Intel Killer E5000 / 5Gbps / RJ-45 : 1개 / Intel Killer BE1750x / 무선랜(Wi-Fi) / 블루투스 / 오디오 칩셋 : Realtek ALC1220P / 7.1채널(8ch) / 내부I/O USB/팬 헤더 : 썬더볼트5 헤더 , USB3.0 헤더 , USB2.0 헤더 , USB3.2 Type C 헤더 , USB3.0 Type C 헤더 , RGB 12V 4핀 헤더 , ARGB 5V 3핀 헤더 , CPU추가팬(OPT) 헤더 / 시스템팬 4핀 : 6개 / I/O 헤더 : TPM 헤더 , 프론트오디오AAFP 헤더 , 침입감지 헤더 / 특징 SPS(DrMOS) / 전원부 방열판 / M.2 히트싱크 / 일체형IO실드 / UEFI 닫기",https://img.danuri.io/catalog-image/866/011/124/4768b3c6906048a1894eeb8608b79798.jpeg?shrink=130:130&_v=20260921124508,https://prod.danawa.com/info/?pcode=124011866&cate=112751
854,MSI,MSI MEG Z890 에이스,"948,530","인텔(소켓1851) / 인텔 Z890 / DDR5 / VGA 연결 : PCIe5.0 x16 / ATX (30.5x24.4cm) / 전원부 : 24+1+2+1페이즈 / 110A / Vcore출력합계 : 2640 / 메모리 9200MHz (PC5-73600) / 4개 / 메모리 용량 : 최대 256GB / XMP3.0 / EXPO / 확장슬롯 PCIe버전 : PCIe5.0 / PCIex16 : 1개 (동시사용시 at x8) / PCIex16(at x8) : 1개 / PCIex16(at x4) : 1개 / 저장장치 SATA3 : 4개 / M.2 : 5개 / M.2 연결 : PCIe5.0 , PCIe4.0 , NVMe , SATA / 후면단자 HDMI / Type-C / 썬더볼트4 / USB3.x 10Gbps / RJ-45 / S/PDIF / 오디오잭 / BIOS플래시백 / 클리어CMOS / USB A타입 : 11개 / USB C타입 : 4개 / 랜/오디오 유선랜 칩셋 : Marvell AQC113CS / 10Gbps / RJ-45 : 1개 / Intel Killer BE1750x / 무선랜(Wi-Fi) / 블루투스 / 오디오 칩셋 : ESS ES9219Q / 7.1채널(8ch) / 내부I/O USB/팬 헤더 : 썬더볼트5 헤더 , USB3.0 헤더 , USB2.0 헤더 , USB3.2 Type C 헤더 , RGB 12V 4핀 헤더 , ARGB 5V 3핀 헤더 , CPU추가팬(OPT) 헤더 , 펌프전용 헤더 / 시스템팬 4핀 : 5개 / I/O 헤더 : 디버그LED , 프론트오디오AAFP 헤더 , 침입감지 헤더 / 특징 SPS(DrMOS) / 전원부 방열판 / M.2 히트싱크 / 일체형IO실드 / LED라이트 / UEFI 닫기",https://img.danuri.io/catalog-image/592/697/069/862e081979b5499ea883e8f67ad28a99.jpg?shrink=130:130&_v=20260921092615,https://prod.danawa.com/info/?pcode=69697592&cate=112751
855,MSI,MSI MPG Z890 엣지 TI WIFI,"548,990","인텔(소켓1851) / 인텔 Z890 / DDR5 / VGA 연결 : PCIe5.0 x16 / ATX (30.5x24.4cm) / 전원부 : 16+1+1+1페이즈 / 90A / Vcore출력합계 : 1440 / 메모리 9200MHz (PC5-73600) / 4개 / 메모리 용량 : 최대 256GB / XMP3.0 / EXPO / 확장슬롯 PCIe버전 : PCIe5.0 , PCIe4.0 / PCIex16 : 1개 / PCIex16(at x4) : 1개 / PCIex1 : 1개 / 저장장치 SATA3 : 4개 / M.2 : 5개 / M.2 연결 : PCIe5.0 , PCIe4.0 , NVMe , SATA / 후면단자 HDMI / 썬더볼트4 / USB3.x 10Gbps / USB3.x 5Gbps / USB 2.0 / RJ-45 / S/PDIF / 오디오잭 / BIOS플래시백 / 클리어CMOS / USB A타입 : 9개 / USB C타입 : 3개 / 랜/오디오 유선랜 칩셋 : Intel Killer E5000B / 5Gbps / RJ-45 : 1개 / Intel Killer BE1750x / 무선랜(Wi-Fi) / 블루투스 / 오디오 칩셋 : Realtek ALC1220P / 7.1채널(8ch) / 내부I/O USB/팬 헤더 : 썬더볼트5 헤더 , USB3.0 헤더 , USB2.0 헤더 , USB3.2 Type C 헤더 , RGB 12V 4핀 헤더 , ARGB 5V 3핀 헤더 , CPU추가팬(OPT) 헤더 / 시스템팬 4핀 : 6개 / I/O 헤더 : TPM 헤더 , 디버그LED , 프론트오디오AAFP 헤더 , 침입감지 헤더 , 온도 센서 / 특징 SPS(DrMOS) / 전원부 방열판 / M.2 히트싱크 / 일체형IO실드 / LED라이트 닫기",https://img.danuri.io/catalog-image/492/698/069/4620d7f4126742a5b63ea8cae74a972e.jpg?shrink=130:130&_v=20260921140450,https://prod.danawa.com/info/?pcode=69698492&cate=112751
856,MSI,MSI PRO H810M-B,"120,990","인텔 H810 / 인텔(소켓1851) / DDR5 / VGA 연결 : PCIe5.0 x16 / M-ATX (22x24.4cm) / 전원부 : 6페이즈 / [메모리] 6400MHz (PC5-51200) / 2개 / 메모리 용량 : 최대 128GB / XMP3.0 / [확장슬롯] PCIe버전 : PCIe5.0 , PCIe4.0 / PCIex16 : 1개 / PCIex1 : 2개 / [저장장치] M.2 : 1개 / SATA3 : 4개 / M.2 연결 : PCIe4.0 , NVMe / [후면단자] HDMI / DP / USB3.x 5Gbps / USB 2.0 / RJ-45 / 오디오잭 / USB A타입 : 6개 / [랜/오디오] 유선랜 칩셋 : Realtek 8125 / 2.5Gbps / RJ-45 : 1개 / 오디오 칩셋 : Realtek ALC897 / 7.1채널(8ch) / [내부I/O] USB/팬 헤더 : USB3.0 헤더 , USB2.0 헤더 , USB3.1 Type C 헤더 , RGB 12V 4핀 헤더 , ARGB 5V 3핀 헤더 / 시스템팬 4핀 : 2개 / I/O 헤더 : 프론트오디오AAFP 헤더 , 침입감지 헤더 / [특징] 전원부 방열판 / 일체형IO실드 / UEFI 닫기",https://img.danuri.io/catalog-image/798/121/097/ec2420166b9a46388966abb9b68befac.jpg?shrink=130:130&_v=20260921080458,https://prod.danawa.com/info/?pcode=97121798&cate=112751
857,MSI,MSI PRO B860M-A WIFI,"208,990","인텔(소켓1851) / 인텔 B860 / DDR5 / VGA 연결 : PCIe5.0 x16 / M-ATX (24.4x24.4cm) / 전원부 : 12페이즈 / [메모리] 8600MHz (PC5-68800) / 4개 / 메모리 용량 : 최대 256GB / XMP3.0 / [확장슬롯] PCIe버전 : PCIe5.0 , PCIe4.0 / PCIex16 : 1개 / PCIex16(at x4) : 1개 / PCIex1 : 2개 / [저장장치] SATA3 : 4개 / M.2 : 3개 / M.2 연결 : PCIe5.0 , PCIe4.0 , NVMe / [후면단자] HDMI / DP / Type-C / 썬더볼트4 / USB3.x 10Gbps / USB3.x 5Gbps / USB 2.0 / RJ-45 / 오디오잭 / PS/2 / 클리어CMOS / USB A타입 : 5개 / USB C타입 : 2개 / [랜/오디오] 유선랜 칩셋 : Realtek 8126 / 5Gbps / RJ-45 : 1개 / 무선랜(Wi-Fi) / 블루투스 / 오디오 칩셋 : Realtek ALC897 / 7.1채널(8ch) / [내부I/O] USB/팬 헤더 : 썬더볼트5 헤더 , USB3.0 헤더 , USB2.0 헤더 , USB3.1 Type C 헤더 , RGB 12V 4핀 헤더 , ARGB 5V 3핀 헤더 , CPU추가팬(OPT) 헤더 / 시스템팬 4핀 : 3개 / I/O 헤더 : TPM 헤더 , 디버그LED , 프론트오디오AAFP 헤더 , 침입감지 헤더 , COM포트 헤더 / [특징] 전원부 방열판 / M.2 히트싱크 / 일체형IO실드 / UEFI 닫기",https://img.danuri.io/catalog-image/975/339/074/5fe4292f5bad418fa676f158798bd7d6.jpg?shrink=130:130&_v=20260921080444,https://prod.danawa.com/info/?pcode=74339975&cate=112751
858,MSI,MSI PRO H810M-E,"117,500","인텔(소켓1851) / DDR5 / VGA 연결 : PCIe5.0 x16 / M-ATX (24.4x22cm) / [메모리] 6400MHz (PC5-51200) / 2개 / 메모리 용량 : 최대 128GB / [확장슬롯] PCIe버전 : PCIe5.0 , PCIe4.0 / PCIex16 : 1개 / PCIex1 : 1개 / [저장장치] SATA3 : 4개 / M.2 : 1개 / M.2 연결 : PCIe4.0 , NVMe / [후면단자] HDMI / DP / USB3.x 5Gbps / USB 2.0 / RJ-45 / 오디오잭 / USB A타입 : 6개 / [랜/오디오] 유선랜 칩셋 : Realtek 8125D / 2.5Gbps / RJ-45 : 1개 / 오디오 칩셋 : Realtek ALC897 / 7.1채널(8ch) / [내부I/O] USB/팬 헤더 : USB3.0 헤더 , USB2.0 헤더 / 시스템팬 4핀 : 2개 / I/O 헤더 : TPM 헤더 , 프론트오디오AAFP 헤더 , 침입감지 헤더 / UEFI 닫기",https://img.danuri.io/catalog-image/438/675/122/7dcfc9634eb1403188ee87a14aedbbc0.jpeg?shrink=130:130&_v=20260921090353,https://prod.danawa.com/info/?pcode=122675438&cate=112751
859,MSI,MSI PRO H810M-C EX,"135,000","인텔 H810 / 인텔(소켓1851) / DDR5 / VGA 연결 : PCIe5.0 x16 / M-ATX (22x24.4cm) / [메모리] 6400MHz (PC5-51200) / 2개 / 메모리 용량 : 최대 128GB / [확장슬롯] PCIe버전 : PCIe5.0 , PCIe4.0 / PCIex16 : 1개 / PCIex1 : 1개 / PCI : 1개 / [저장장치] M.2 : 2개 / SATA3 : 4개 / M.2 연결 : PCIe4.0 , NVMe / [후면단자] HDMI / DP / DVI / D-SUB / USB3.x 10Gbps / USB3.x 5Gbps / USB 2.0 / RJ-45 / 오디오잭 / USB A타입 : 5개 / [랜/오디오] 유선랜 칩셋 : Intel I219V / 1Gbps / RJ-45 : 1개 / 오디오 칩셋 : Realtek ALC897 / 7.1채널(8ch) / [내부I/O] 시스템팬 4핀 : 1개 / I/O 헤더 : TPM 헤더 , 침입감지 헤더 , COM포트 헤더 닫기",https://img.danuri.io/catalog-image/161/969/105/e6073e99172940daad9210ee9284c59e.jpg?shrink=130:130&_v=20260921090354,https://prod.danawa.com/info/?pcode=105969161&cate=112751
860,MSI,MSI PRO Z890-P WIFI,"348,990","인텔 Z890 / 인텔(소켓1851) / DDR5 / VGA 연결 : PCIe5.0 x16 / ATX (30.5x24.4cm) / 전원부 : 14+1+1+1페이즈 / 페이즈당55A / Vcore출력합계 : 770A / [메모리] 9200MHz (PC5-73600) / 4개 / 메모리 용량 : 최대 256GB / XMP3.0 / [확장슬롯] PCIe버전 : PCIe5.0 , PCIe4.0 / PCIex16 : 1개 / PCIex16(at x4) : 2개 / PCIex1 : 1개 / [저장장치] M.2 : 4개 / SATA3 : 4개 / M.2 연결 : PCIe5.0 , PCIe4.0 , NVMe , SATA / [후면단자] HDMI / DP / Type-C / 썬더볼트4 / USB3.x 10Gbps / USB3.x 5Gbps / USB 2.0 / RJ-45 / 오디오잭 / PS/2 / BIOS플래시백 / USB A타입 : 7개 / USB C타입 : 2개 / [랜/오디오] 유선랜 칩셋 : Realtek 8126 / 5Gbps / RJ-45 : 1개 / Intel / 무선랜(Wi-Fi) / 블루투스 / 오디오 칩셋 : Realtek ALC897 / 7.1채널(8ch) / [내부I/O] USB/팬 헤더 : 썬더볼트5 헤더 , USB3.0 헤더 , USB2.0 헤더 , USB3.2 Type C 헤더 , RGB 12V 4핀 헤더 , ARGB 5V 3핀 헤더 , CPU추가팬(OPT) 헤더 / 시스템팬 4핀 : 5개 / I/O 헤더 : TPM 헤더 , 디버그LED , 프론트오디오AAFP 헤더 , 침입감지 헤더 / [특징] DrMOS / 전원부 방열판 / M.2 히트싱크 / 일체형IO실드 / UEFI 닫기",https://img.danuri.io/catalog-image/543/216/071/c0509f667c80473d88ecb22dad7293fb.jpg?shrink=130:130&_v=20260921142643,https://prod.danawa.com/info/?pcode=71216543&cate=112751
