번호,제조사,용량_GB,제품명,가격,세부스펙,이미지,상품주소
1,삼성전자,8GB,삼성전자 DDR4-3200 중고,"68,990",데스크탑용 / DDR4 / 3200MHz (PC4-25600) / 램개수 : 1개 / 히트싱크 : 미포함,https://img.danuri.io/catalog-image/048/578/015/0eb8a8efdd134cecbdb4b118bfbcb6ef.jpg?shrink=130:130&_v=20260921155628,https://prod.danawa.com/info/?pcode=15578048&cate=112752
2,삼성전자,8GB,삼성전자 DDR4-3200,"80,190",데스크탑용 / DDR4 / 3200MHz (PC4-25600) / 램개수 : 1개 / 히트싱크 : 미포함 / 단종된 모델이므로 중고상품 주의하시기 바랍니다,https://img.danuri.io/catalog-image/857/541/011/a5cd8f444ed445cf94eefda7d25a45ff.jpg?shrink=130:130&_v=20260921143813,https://prod.danawa.com/info/?pcode=11541857&cate=112752
3,삼성전자,8GB,삼성전자 DDR4-2666 중고,"55,000",데스크탑용 / DDR4 / 2666MHz (PC4-21300) / 램개수 : 1개 / 히트싱크 : 미포함,https://img.danuri.io/catalog-image/972/158/008/c61a9e406e5e4ded92ebecaa56723ab2.jpg?shrink=130:130&_v=20260921161549,https://prod.danawa.com/info/?pcode=8158972&cate=112752
4,삼성전자,8GB,삼성전자 DDR4-2666,"67,790",데스크탑용 / DDR4 / 2666MHz (PC4-21300) / 램개수 : 1개 / 히트싱크 : 미포함 / 단종된 모델이므로 중고상품 주의하시기 바랍니다,https://img.danuri.io/catalog-image/666/937/005/cefa1d5c69ad4e918d512ad0d0fa1587.jpg?shrink=130:130&_v=20260921145348,https://prod.danawa.com/info/?pcode=5937666&cate=112752
5,삼성전자,8GB,삼성전자 DDR4-2400 중고,"53,980",데스크탑용 / DDR4 / 2400MHz (PC4-19200) / 램개수 : 1개 / 히트싱크 : 미포함,https://img.danuri.io/catalog-image/449/236/011/ccb5cb44a01f4785b4f203721b3b66a9.jpg?shrink=130:130&_v=20260921080622,https://prod.danawa.com/info/?pcode=11236449&cate=112752
6,삼성전자,8GB,삼성전자 DDR4-2400,"55,000",데스크탑용 / DDR4 / 2400MHz (PC4-19200) / 램개수 : 1개 / 히트싱크 : 미포함,https://img.danuri.io/catalog-image/051/343/004/5e5d16947c3c418da09cbf110f418303.jpg?shrink=130:130&_v=20260921080455,https://prod.danawa.com/info/?pcode=4343051&cate=112752
7,삼성전자,8GB,삼성전자 DDR4-2133 중고,"50,770",데스크탑용 / DDR4 / 2133MHz (PC4-17000) / 램개수 : 1개 / 히트싱크 : 미포함,https://img.danuri.io/catalog-image/841/676/005/69b084a45b564b7b8fe4a490d7838c77.jpg?shrink=130:130&_v=20260921161049,https://prod.danawa.com/info/?pcode=5676841&cate=112752
8,삼성전자,8GB,삼성전자 DDR4-2933 중고,"95,890",데스크탑용 / DDR4 / 2933MHz (PC4-23400) / 1.20V / 램개수 : 1개 / 히트싱크 : 미포함,https://img.danuri.io/catalog-image/794/844/017/56790e9c0bd54a3082b68135606e7798.jpg?shrink=130:130&_v=20260921142643,https://prod.danawa.com/info/?pcode=17844794&cate=112752
9,삼성전자,8GB,삼성전자 DDR4-2933,"95,000",데스크탑용 / DDR4 / 2933MHz (PC4-23400) / 1.20V / 램개수 : 1개 / 히트싱크 : 미포함,https://img.danuri.io/catalog-image/427/376/010/b17f839a12d5482b90667d9002712525.jpg?shrink=130:130&_v=20260921080444,https://prod.danawa.com/info/?pcode=10376427&cate=112752
10,PATRIOT,8GB,PATRIOT DDR4-3200 CL22 SIGNATURE,"85,480",데스크탑용 / DDR4 / 3200MHz (PC4-25600) / 램타이밍 : CL22-22-22-52 / 1.20V / 램개수 : 1개 / 히트싱크 : 미포함 / 높이 : 31mm / 2022년 12월부로 유통사변경,https://img.danuri.io/catalog-image/204/445/011/02aee2852aae442e84e7ccbbf8c0f43b.jpg?shrink=130:130&_v=20260921080441,https://prod.danawa.com/info/?pcode=11445204&cate=112752
11,ESSENCORE,8GB,ESSENCORE KLEVV DDR4-3200 CL22 파인인포,"85,920",데스크탑용 / DDR4 / 3200MHz (PC4-25600) / 램타이밍 : CL22-22-22-51 / 1.20V / 램개수 : 1개 / 히트싱크 : 미포함 / 모듈제조사 : SK하이닉스,https://img.danuri.io/catalog-image/049/787/011/347bdd54366b42bda45c57e58c8f7458.jpg?shrink=130:130&_v=20260921110809,https://prod.danawa.com/info/?pcode=11787049&cate=112752
12,ESSENCORE,8GB,ESSENCORE KLEVV DDR4-3200 CL16 BOLT X 서린,"119,000",데스크탑용 / DDR4 / 3200MHz (PC4-25600) / 램타이밍 : CL16-18-18-38 / 1.35V / 램개수 : 1개 / XMP / 히트싱크 : 방열판 / 방열판 색상 : 블랙 / 높이 : 33mm / 모듈제조사 : SK하이닉스,https://img.danuri.io/catalog-image/110/867/027/5a0a8963ae364c72b22851f732325fe9.jpg?shrink=130:130&_v=20260921080622,https://prod.danawa.com/info/?pcode=27867110&cate=112752
13,ESSENCORE,8GB,ESSENCORE KLEVV DDR4-3200 CL22 중고,"85,000",데스크탑용 / DDR4 / 3200MHz (PC4-25600) / 램타이밍 : CL22-22-22-51 / 1.20V / 램개수 : 1개 / 히트싱크 : 미포함 / 모듈제조사 : SK하이닉스,https://img.danuri.io/catalog-image/874/133/123/d87f0318f80b4b69a69b3427d26aaf7b.jpg?shrink=130:130&_v=20260921080404,https://prod.danawa.com/info/?pcode=123133874&cate=112752
14,G.SKILL,8GB,G.SKILL DDR4-3200 CL16 AEGIS,"94,000",데스크탑용 / DDR4 / 3200MHz (PC4-25600) / 램타이밍 : CL16-18-18-38 / 1.35V / 램개수 : 1개 / XMP / 히트싱크 : 미포함,https://img.danuri.io/catalog-image/730/593/009/e88cbc1960b54b73a2cdeba056cc3473.jpg?shrink=130:130&_v=20260921142644,https://prod.danawa.com/info/?pcode=9593730&cate=112752
15,G.SKILL,8GB,G.SKILL DDR4-2666 CL19 AEGIS,"96,950",데스크탑용 / DDR4 / 2666MHz (PC4-21300) / 램타이밍 : CL19-19-19-43 / 1.20V / 램개수 : 1개 / 히트싱크 : 미포함,https://img.danuri.io/catalog-image/268/002/006/4fb2be646b5e4d36a484f3b6a5ca44d8.jpg?shrink=130:130&_v=20260921160933,https://prod.danawa.com/info/?pcode=6002268&cate=112752
16,TeamGroup,8GB,TeamGroup DDR4-3200 Elite 서린,"107,000",데스크탑용 / DDR4 / 3200MHz (PC4-25600) / 램타이밍 : CL22-22-22-52 / 1.20V / 램개수 : 1개 / 히트싱크 : 미포함,https://img.danuri.io/catalog-image/443/907/014/bc99606c337e4676b6ad50ec8df0867b.jpg?shrink=130:130&_v=20260921080444,https://prod.danawa.com/info/?pcode=14907443&cate=112752
17,TeamGroup,8GB,TeamGroup DDR4-3200 Elite,"85,480",데스크탑용 / DDR4 / 3200MHz (PC4-25600) / 램타이밍 : CL22-22-22-52 / 1.20V / 램개수 : 1개 / 히트싱크 : 미포함,https://img.danuri.io/catalog-image/141/188/010/506b651d3b5a42568bf2f8f547eed219.jpg?shrink=130:130&_v=20260921080442,https://prod.danawa.com/info/?pcode=10188141&cate=112752
18,TeamGroup,8GB,TeamGroup DDR4-2666 Elite,"86,000",데스크탑용 / DDR4 / 2666MHz (PC4-21300) / 램타이밍 : CL19-19-19-43 / 1.20V / 램개수 : 1개 / 히트싱크 : 미포함 / 2021년 3월 부로 가넷씨앤아이→아인스시스템 으로 유통사가 변경되었습니다,https://img.danuri.io/catalog-image/228/680/005/93e912e85e42400a98456411e54360fb.jpg?shrink=130:130&_v=20260920080635,https://prod.danawa.com/info/?pcode=5680228&cate=112752
19,삼성전자,16GB,삼성전자 DDR4-3200 중고,"164,490",데스크탑용 / DDR4 / 3200MHz (PC4-25600) / 램개수 : 1개 / 히트싱크 : 미포함,https://img.danuri.io/catalog-image/766/126/016/370bda7aeaa04dd6b81a6d96cd55d09a.jpg?shrink=130:130&_v=20260921080441,https://prod.danawa.com/info/?pcode=16126766&cate=112752
20,삼성전자,16GB,삼성전자 DDR4-3200,"193,980",데스크탑용 / DDR4 / 3200MHz (PC4-25600) / 램개수 : 1개 / 히트싱크 : 미포함 / 단종된 모델이므로 중고상품 주의하시기 바랍니다,https://img.danuri.io/catalog-image/199/790/011/2aa64d8e13ee41f291ffd8598e7961a2.jpg?shrink=130:130&_v=20260921080458,https://prod.danawa.com/info/?pcode=11790199&cate=112752
21,삼성전자,16GB,삼성전자 DDR4-2666 중고,"132,900",데스크탑용 / DDR4 / 2666MHz (PC4-21300) / 램개수 : 1개 / 히트싱크 : 미포함,https://img.danuri.io/catalog-image/329/165/008/440844aaa86546b2ba3f925746b0eb94.jpg?shrink=130:130&_v=20260921080458,https://prod.danawa.com/info/?pcode=8165329&cate=112752
22,삼성전자,16GB,삼성전자 DDR4-2400,"128,590",데스크탑용 / DDR4 / 2400MHz (PC4-19200) / 램개수 : 1개 / 히트싱크 : 미포함,https://img.danuri.io/catalog-image/874/519/004/76155a99343d4e90b669929eb79f5a33.jpg?shrink=130:130&_v=20260921080442,https://prod.danawa.com/info/?pcode=4519874&cate=112752
23,삼성전자,16GB,삼성전자 DDR4-2133 중고,"112,680",데스크탑용 / DDR4 / 2133MHz (PC4-17000) / 램개수 : 1개 / 히트싱크 : 미포함,https://img.danuri.io/catalog-image/709/823/012/f67b478abda74d42851bb12eea29a9b0.jpg?shrink=130:130&_v=20260921161048,https://prod.danawa.com/info/?pcode=12823709&cate=112752
24,삼성전자,16GB,삼성전자 DDR4-2400 중고,"122,990",데스크탑용 / DDR4 / 2400MHz (PC4-19200) / 램개수 : 1개 / 히트싱크 : 미포함,https://img.danuri.io/catalog-image/180/298/011/2a42cc5972bd4e57b32d9993bfb565ba.jpg?shrink=130:130&_v=20260921080443,https://prod.danawa.com/info/?pcode=11298180&cate=112752
25,삼성전자,16GB,삼성전자 DDR4-2666,"147,560",데스크탑용 / DDR4 / 2666MHz (PC4-21300) / 램개수 : 1개 / 히트싱크 : 미포함 / 단종된 모델이므로 중고상품 주의하시기 바랍니다,https://img.danuri.io/catalog-image/995/941/005/5cab55f928b14a6a8308eb5b8f132241.jpg?shrink=130:130&_v=20260921080458,https://prod.danawa.com/info/?pcode=5941995&cate=112752
26,삼성전자,16GB,삼성전자 DDR4-2133,"129,900","데스크탑용 / DDR4 / 2,133MHz(PC4-17,000) / 1.20V / 램개수 : 1개",https://img.danuri.io/catalog-image/273/898/116/4c610b6034ae412b8b38827a412187b4.jpg?shrink=130:130&_v=20260921080444,https://prod.danawa.com/info/?pcode=116898273&cate=112752
27,삼성전자,16GB,삼성전자 DDR4-2933,"199,890",데스크탑용 / DDR4 / 2933MHz (PC4-23400) / 1.20V / 램개수 : 1개 / 히트싱크 : 미포함,https://img.danuri.io/catalog-image/242/513/012/c20e8566499b48a8b0057f1cbc409dad.jpg?shrink=130:130&_v=20260921080622,https://prod.danawa.com/info/?pcode=12513242&cate=112752
28,PATRIOT,16GB,PATRIOT DDR4-3200 CL22 SIGNATURE,"166,110",데스크탑용 / DDR4 / 3200MHz (PC4-25600) / 램타이밍 : CL22-22-22-52 / 1.20V / 램개수 : 1개 / 히트싱크 : 미포함 / 높이 : 31mm / 2022년 12월부로 유통사변경,https://img.danuri.io/catalog-image/216/445/011/4da20768569447c8bbd5c930833a3d96.jpg?shrink=130:130&_v=20260921080404,https://prod.danawa.com/info/?pcode=11445216&cate=112752
29,PATRIOT,16GB,PATRIOT DDR4-2666 CL19 SIGNATURE,"150,000",데스크탑용 / DDR4 / 2666MHz (PC4-21300) / 램타이밍 : CL19-19-19-43 / 1.20V / 램개수 : 1개 / 히트싱크 : 미포함 / 높이 : 31mm,https://img.danuri.io/catalog-image/236/607/008/6834b3b7c87e48979a4b8176995d072f.jpg?shrink=130:130&_v=20260919080524,https://prod.danawa.com/info/?pcode=8607236&cate=112752
30,ESSENCORE,16GB,ESSENCORE KLEVV DDR4-3200 CL22 파인인포,"171,670",데스크탑용 / DDR4 / 3200MHz (PC4-25600) / 램타이밍 : CL22-22-22-51 / 1.20V / 램개수 : 1개 / 히트싱크 : 미포함 / 모듈제조사 : SK하이닉스,https://img.danuri.io/catalog-image/091/787/011/c695e1a1e23f43beb0d1cf8a4ab2dc41.jpg?shrink=130:130&_v=20260921111038,https://prod.danawa.com/info/?pcode=11787091&cate=112752
31,ESSENCORE,16GB,ESSENCORE KLEVV DDR4-2666 CL19 파인인포,"181,000",데스크탑용 / DDR4 / 2666MHz (PC4-21300) / 램타이밍 : CL19-19-19-43 / 1.20V / 램개수 : 1개 / 히트싱크 : 미포함 / 모듈제조사 : SK하이닉스,https://img.danuri.io/catalog-image/978/390/009/35073cfc078d4834bdce4c196e1d17d9.jpg?shrink=130:130&_v=20260921080457,https://prod.danawa.com/info/?pcode=9390978&cate=112752
32,G.SKILL,16GB,G.SKILL DDR4-3600 CL18 TRIDENT Z RGB 패키지,"227,040","데스크탑용 / DDR4 / 3600MHz (PC4-28800) / 램타이밍 : CL18-22-22-42 / 1.35V / 램개수 : 2개 / LED 라이트 / XMP / 히트싱크 : 방열판 / 방열판 색상 : 블랙 / LED색상 : RGB / LED 시스템 : AURA SYNC , MYSTIC LIGHT , RGB FUSION , POLYCHROME",https://img.danuri.io/catalog-image/059/431/011/78b676c62ae84713ae48706792e5c1e3.jpg?shrink=130:130&_v=20260921160738,https://prod.danawa.com/info/?pcode=11431059&cate=112752
33,G.SKILL,16GB,G.SKILL DDR4-3200 CL16 AEGIS,"184,350",데스크탑용 / DDR4 / 3200MHz (PC4-25600) / 램타이밍 : CL16-18-18-38 / 1.35V / 램개수 : 1개 / XMP / 히트싱크 : 미포함,https://img.danuri.io/catalog-image/742/593/009/5591d0bf36a3408f8fd2be7a9342780c.jpg?shrink=130:130&_v=20260921080443,https://prod.danawa.com/info/?pcode=9593742&cate=112752
34,G.SKILL,16GB,G.SKILL DDR4-3200 CL16 TRIDENT Z RGB 패키지,"224,090","데스크탑용 / DDR4 / 3200MHz (PC4-25600) / 램타이밍 : CL16-18-18-38 / 1.35V / 램개수 : 2개 / LED 라이트 / XMP / 히트싱크 : 방열판 / 방열판 색상 : 블랙 / LED색상 : RGB / LED 시스템 : AURA SYNC , MYSTIC LIGHT , RGB FUSION , G.SKILL Lighting",https://img.danuri.io/catalog-image/070/905/004/7e3102cb29544f1f82ee3cb2f9a53c92.jpg?shrink=130:130&_v=20260921080609,https://prod.danawa.com/info/?pcode=4905070&cate=112752
35,G.SKILL,16GB,G.SKILL DDR4-3600 CL16 TRIDENT Z NEO C 패키지,"240,000","데스크탑용 / DDR4 / 3600MHz (PC4-28800) / 램타이밍 : CL16-19-19-39 / 1.35V / 램개수 : 2개 / LED 라이트 / XMP / 히트싱크 : 방열판 / 방열판 색상 : 블랙 / LED색상 : RGB / LED 시스템 : AURA SYNC , MYSTIC LIGHT , RGB FUSION , POLYCHROME",https://img.danuri.io/catalog-image/838/470/009/0d533978c873482f9024b19ff3da1373.jpg?shrink=130:130&_v=20260921080454,https://prod.danawa.com/info/?pcode=9470838&cate=112752
36,G.SKILL,16GB,G.SKILL DDR4-3200 CL16 TRIDENT ZKW 패키지,"215,000",데스크탑용 / DDR4 / 3200MHz (PC4-25600) / 램타이밍 : CL16-18-18-38 / 1.35V / 램개수 : 2개 / XMP / 히트싱크 : 방열판 / 방열판 색상 : 블랙,https://img.danuri.io/catalog-image/107/589/004/58f5152002b64f6f9c647908a98db185.jpg?shrink=130:130&_v=20260921080458,https://prod.danawa.com/info/?pcode=4589107&cate=112752
37,G.SKILL,16GB,G.SKILL DDR4-2666 CL19 AEGIS,"161,500",데스크탑용 / DDR4 / 2666MHz (PC4-21300) / 램타이밍 : CL19-19-19-43 / 1.20V / 램개수 : 1개 / 히트싱크 : 미포함,https://img.danuri.io/catalog-image/147/540/006/2a091ffa99b74195b1eae81c1de1c8ae.jpg?shrink=130:130&_v=20260921082725,https://prod.danawa.com/info/?pcode=6540147&cate=112752
38,G.SKILL,16GB,G.SKILL DDR4-3200 CL16 TRIDENT Z 패키지,"214,970",데스크탑용 / DDR4 / 3200MHz (PC4-25600) / 램타이밍 : CL16-18-18-38 / 1.35V / 램개수 : 2개 / XMP / 히트싱크 : 방열판 / 방열판 색상 : 실버/그레이 / 2016년 10월 부로 이노베이션티뮤 → 서린씨앤아이 로 유통사가 변경되었습니다.,https://img.danuri.io/catalog-image/724/439/003/afe8a1635fc64be8af71c774b95c1ca8.jpg?shrink=130:130&_v=20260921160933,https://prod.danawa.com/info/?pcode=3439724&cate=112752
39,G.SKILL,16GB,G.SKILL DDR4-3200 CL14 TRIDENT Z RGB 패키지,"228,010","데스크탑용 / DDR4 / 3200MHz (PC4-25600) / 램타이밍 : CL14-14-14-34 / 1.35V / 램개수 : 2개 / LED 라이트 / XMP / 히트싱크 : 방열판 / 방열판 색상 : 블랙 / LED색상 : RGB / LED 시스템 : AURA SYNC , MYSTIC LIGHT , RGB FUSION , G.SKILL Lighting",https://img.danuri.io/catalog-image/041/905/004/b136bb9e52514f349853f50da3f25221.jpg?shrink=130:130&_v=20260921130049,https://prod.danawa.com/info/?pcode=4905041&cate=112752
40,G.SKILL,16GB,G.SKILL DDR4-3200 CL16 RIPJAWS V VK,"206,230",데스크탑용 / DDR4 / 3200MHz (PC4-25600) / 램타이밍 : CL16-18-18-38 / 1.35V / 램개수 : 1개 / XMP / 히트싱크 : 방열판 / 방열판 색상 : 블랙,https://img.danuri.io/catalog-image/593/571/004/5d787891ea8b4d10ade10d1189802c15.jpg?shrink=130:130&_v=20260921080443,https://prod.danawa.com/info/?pcode=4571593&cate=112752
41,G.SKILL,16GB,G.SKILL DDR4-3600 CL18 TRIDENT Z RGB 패키지 (해외구매),"245,810","데스크탑용 / DDR4 / 3600MHz (PC4-28800) / 램타이밍 : CL18-22-22-42 / 1.35V / 램개수 : 2개 / LED 라이트 / XMP / 히트싱크 : 방열판 / 방열판 색상 : 블랙 / LED색상 : RGB / LED 시스템 : AURA SYNC , MYSTIC LIGHT , RGB FUSION , POLYCHROME",https://img.danuri.io/catalog-image/175/643/018/f1ebf9e465bc4ec2b9da3cedb8c14f58.jpg?shrink=130:130&_v=20260902080656,https://prod.danawa.com/info/?pcode=18643175&cate=112752
42,TeamGroup,16GB,TeamGroup T-Force DDR4-3200 CL16 Delta RGB 화이트 패키지 서린,"230,000","데스크탑용 / DDR4 / 3200MHz (PC4-25600) / 램타이밍 : CL16-18-18-38 / 1.35V / 램개수 : 2개 / LED 라이트 / XMP / 히트싱크 : 방열판 / 방열판 색상 : 화이트 / LED색상 : RGB / LED 시스템 : AURA SYNC , MYSTIC LIGHT , RGB FUSION , POLYCHROME , RAZER CHROMA , TT RGB PLUS",https://img.danuri.io/catalog-image/475/320/007/af2d5d9aa5b144ec967ee7635f7e334d.jpg?shrink=130:130&_v=20260921080442,https://prod.danawa.com/info/?pcode=7320475&cate=112752
43,TeamGroup,16GB,TeamGroup DDR4-3200 Elite 서린,"195,000",데스크탑용 / DDR4 / 3200MHz (PC4-25600) / 램타이밍 : CL22-22-22-52 / 1.20V / 램개수 : 1개 / 히트싱크 : 미포함,https://img.danuri.io/catalog-image/467/907/014/e02d0849155840b7bac2346ebade2645.jpg?shrink=130:130&_v=20260921080441,https://prod.danawa.com/info/?pcode=14907467&cate=112752
44,TeamGroup,16GB,TeamGroup T-Force DDR4-3600 CL18 Delta RGB 화이트 패키지 서린,"233,000","데스크탑용 / DDR4 / 3600MHz (PC4-28800) / 램타이밍 : CL18-22-22-42 / 1.35V / 램개수 : 2개 / LED 라이트 / XMP / 히트싱크 : 방열판 / 방열판 색상 : 화이트 / LED색상 : RGB / LED 시스템 : AURA SYNC , MYSTIC LIGHT , RGB FUSION , POLYCHROME , RAZER CHROMA , TT RGB PLUS , T-FORCE BLITZ",https://img.danuri.io/catalog-image/437/380/011/438aa93f94cd4d42bdeab8b11f827b3e.jpg?shrink=130:130&_v=20260921080442,https://prod.danawa.com/info/?pcode=11380437&cate=112752
45,TeamGroup,16GB,TeamGroup T-Force DDR4-3600 CL18 Delta RGB 패키지 서린,"227,050","데스크탑용 / DDR4 / 3600MHz (PC4-28800) / 램타이밍 : CL18-22-22-42 / 1.35V / 램개수 : 2개 / LED 라이트 / XMP / 히트싱크 : 방열판 / 방열판 색상 : 블랙 / LED색상 : RGB / LED 시스템 : AURA SYNC , MYSTIC LIGHT , RGB FUSION , POLYCHROME , RAZER CHROMA , TT RGB PLUS , T-FORCE BLITZ",https://img.danuri.io/catalog-image/119/380/011/ad0cd5f877fe421d949ef203ec4b0780.jpg?shrink=130:130&_v=20260921151418,https://prod.danawa.com/info/?pcode=11380119&cate=112752
46,TeamGroup,16GB,TeamGroup T-Force DDR4-3200 CL16 Delta RGB 패키지 서린,"223,890","데스크탑용 / DDR4 / 3200MHz (PC4-25600) / 램타이밍 : CL16-18-18-38 / 1.35V / 램개수 : 2개 / LED 라이트 / XMP / 히트싱크 : 방열판 / 방열판 색상 : 블랙 / LED색상 : RGB / LED 시스템 : AURA SYNC , MYSTIC LIGHT , RGB FUSION , POLYCHROME , RAZER CHROMA , TT RGB PLUS",https://img.danuri.io/catalog-image/400/320/007/7de6d35f196048d7ac2f7775c5fe4daf.jpg?shrink=130:130&_v=20260921080404,https://prod.danawa.com/info/?pcode=7320400&cate=112752
47,TeamGroup,16GB,TeamGroup T-CREATE DDR4-3600 CL18 EXPERT OC10L 패키지 서린,"222,000",데스크탑용 / DDR4 / 3600MHz (PC4-28800) / 램타이밍 : CL18-22-22-42 / 1.35V / 램개수 : 2개 / 히트싱크 : 방열판 / 방열판 색상 : 실버/그레이,https://img.danuri.io/catalog-image/076/981/013/1af142637a6643938d837529c8bc3699.jpg?shrink=130:130&_v=20260921080609,https://prod.danawa.com/info/?pcode=13981076&cate=112752
48,TeamGroup,16GB,TeamGroup T-Force DDR4-3600 CL18 Vulcan Z Gray 패키지 서린,"223,140",데스크탑용 / DDR4 / 3600MHz (PC4-28800) / 램타이밍 : CL18-22-22-42 / 1.35V / 램개수 : 2개 / XMP / 히트싱크 : 방열판 / 방열판 색상 : 실버/그레이,https://img.danuri.io/catalog-image/745/747/106/e0cc4a09a552412694692bdeb3692f96.jpg?shrink=130:130&_v=20260921025822,https://prod.danawa.com/info/?pcode=106747745&cate=112752
49,TeamGroup,16GB,TeamGroup T-Force DDR4-3200 CL16 DARK Z RED 패키지,"215,060",데스크탑용 / DDR4 / 3200MHz (PC4-25600) / 램타이밍 : CL16-18-18-38 / 1.35V / 램개수 : 2개 / XMP / 히트싱크 : 방열판 / 방열판 색상 : 레드,https://img.danuri.io/catalog-image/006/389/010/ab620e2c462e48e3a18807342bb4da0f.jpg?shrink=130:130&_v=20260912080528,https://prod.danawa.com/info/?pcode=10389006&cate=112752
50,TeamGroup,16GB,TeamGroup DDR4-3200 Elite,"198,900",데스크탑용 / DDR4 / 3200MHz (PC4-25600) / 램타이밍 : CL22-22-22-52 / 1.20V / 램개수 : 1개 / 히트싱크 : 미포함,https://img.danuri.io/catalog-image/159/188/010/9b37f79203004855b1406be4db566826.jpg?shrink=130:130&_v=20260921080444,https://prod.danawa.com/info/?pcode=10188159&cate=112752
51,TeamGroup,16GB,TeamGroup T-Force DDR4-3200 CL16 XTREEM ARGB 패키지,"226,860","데스크탑용 / DDR4 / 3200MHz (PC4-25600) / 램타이밍 : CL16-18-18-38 / 1.35V / 램개수 : 2개 / LED 라이트 / 히트싱크 : 방열판 / 방열판 색상 : 블루 / LED색상 : RGB / LED 시스템 : AURA SYNC , MYSTIC LIGHT , RGB FUSION , POLYCHROME , T-FORCE BLITZ / 2021년 3월 부로 가넷씨앤아이→아인스시스템 으로 유통사가 변경되었습니다",https://img.danuri.io/catalog-image/262/462/011/ba4c5a2d47f748d6a7fd9cc7a011e822.jpg?shrink=130:130&_v=20260921160743,https://prod.danawa.com/info/?pcode=11462262&cate=112752
52,TeamGroup,16GB,TeamGroup T-Force DDR4-3600 CL18 Delta RGB 화이트 패키지,"233,000","데스크탑용 / DDR4 / 3600MHz (PC4-28800) / 램타이밍 : CL18-22-22-42 / 1.35V / 램개수 : 2개 / LED 라이트 / XMP / 히트싱크 : 방열판 / 방열판 색상 : 화이트 / LED색상 : RGB / LED 시스템 : AURA SYNC , MYSTIC LIGHT , RGB FUSION , POLYCHROME , RAZER CHROMA , TT RGB PLUS , T-FORCE BLITZ / 2021년 3월 부로 가넷씨앤아이→아인스시스템 으로 유통사가 변경되었습니다",https://img.danuri.io/catalog-image/869/858/011/2c9f6ee157cf4c2e89ffabe42552579d.jpg?shrink=130:130&_v=20260921080444,https://prod.danawa.com/info/?pcode=11858869&cate=112752
53,TeamGroup,16GB,TeamGroup T-Force DDR4-3200 CL16 Delta RGB 패키지 중고,"186,000","데스크탑용 / DDR4 / 3200MHz (PC4-25600) / 램타이밍 : CL16-18-18-38 / 1.35V / 램개수 : 2개 / LED 라이트 / XMP / 히트싱크 : 방열판 / 방열판 색상 : 블랙 / LED색상 : RGB / LED 시스템 : AURA SYNC , MYSTIC LIGHT , RGB FUSION , POLYCHROME , RAZER CHROMA , TT RGB PLUS",https://img.danuri.io/catalog-image/160/259/124/67b65e2218284ca582a42e2867b7da58.jpg?shrink=130:130&_v=20260920080650,https://prod.danawa.com/info/?pcode=124259160&cate=112752
54,TeamGroup,16GB,TeamGroup T-Force T-Force DDR4-3600 CL18 Delta RGB 화이트 패키지,"279,650","데스크탑용 / DDR4 / 3,600MHz(PC4-28,800) / 1.35V / 램개수 : 2개 / XMP / 방열판 색상 : 화이트 / LED색상 : RGB / LED 시스템 : AURA SYNC , RGB FUSION , MYSTIC LIGHT , POLYCHROME SYNC",https://img.danuri.io/catalog-image/632/838/118/df4a29d8ffa446b899300185d947c56b.jpg?shrink=130:130&_v=20260918213923,https://prod.danawa.com/info/?pcode=118838632&cate=112752
55,삼성전자,32GB,삼성전자 DDR4-3200,"490,990",데스크탑용 / DDR4 / 3200MHz (PC4-25600) / 램개수 : 1개 / 히트싱크 : 미포함 / 단종된 모델이므로 중고상품 주의하시기 바랍니다,https://img.danuri.io/catalog-image/636/028/011/be1991c834bc4d7d883cc663c9de2e68.jpg?shrink=130:130&_v=20260921080609,https://prod.danawa.com/info/?pcode=11028636&cate=112752
56,삼성전자,32GB,삼성전자 DDR4-3200 중고,"358,980",데스크탑용 / DDR4 / 3200MHz (PC4-25600) / 램개수 : 1개 / 히트싱크 : 미포함,https://img.danuri.io/catalog-image/045/379/016/3ca27668d5f44c5ab40c0b5e0c6eae28.jpg?shrink=130:130&_v=20260921111923,https://prod.danawa.com/info/?pcode=16379045&cate=112752
57,삼성전자,32GB,삼성전자 DDR4-2666 중고,"279,990",데스크탑용 / DDR4 / 2666MHz (PC4-21300) / 램개수 : 1개 / 히트싱크 : 미포함,https://img.danuri.io/catalog-image/414/493/016/241bdf956c9e4e039bae5ab3e4d479dd.jpg?shrink=130:130&_v=20260921151408,https://prod.danawa.com/info/?pcode=16493414&cate=112752
58,삼성전자,32GB,삼성전자 DDR4-2933,"299,000",데스크탑용 / DDR4 / 2933MHz (PC4-23400) / 1.20V / 램개수 : 1개 / 히트싱크 : 미포함,https://img.danuri.io/catalog-image/992/541/011/427bf4323fb84ceeaa00389cf75faea2.jpg?shrink=130:130&_v=20260921080454,https://prod.danawa.com/info/?pcode=11541992&cate=112752
59,삼성전자,32GB,삼성전자 DDR4-2666,"320,570",데스크탑용 / DDR4 / 2666MHz (PC4-21300) / 램개수 : 1개 / 히트싱크 : 미포함 / 단종된 모델이므로 중고상품 주의하시기 바랍니다,https://img.danuri.io/catalog-image/391/239/009/ccd3cba1935b44eca66e365b7f22bc9d.jpg?shrink=130:130&_v=20260921080457,https://prod.danawa.com/info/?pcode=9239391&cate=112752
60,PATRIOT,32GB,PATRIOT DDR4-3200 CL22 SIGNATURE,"338,230",데스크탑용 / DDR4 / 3200MHz (PC4-25600) / 램타이밍 : CL22-22-22-52 / 1.20V / 램개수 : 1개 / 히트싱크 : 미포함 / 높이 : 31mm / 2022년 12월부로 유통사변경,https://img.danuri.io/catalog-image/219/445/011/030a50febdf3451d928880c3b4d0ef5c.jpg?shrink=130:130&_v=20260921154433,https://prod.danawa.com/info/?pcode=11445219&cate=112752
61,ESSENCORE,32GB,ESSENCORE KLEVV DDR4-3200 CL22 파인인포,"369,900",데스크탑용 / DDR4 / 3200MHz (PC4-25600) / 램타이밍 : CL22-22-22-51 / 1.20V / 램개수 : 1개 / 히트싱크 : 미포함 / 모듈제조사 : SK하이닉스,https://img.danuri.io/catalog-image/474/858/014/76d6cfb64668484a914be93d4c4d4eb6.jpg?shrink=130:130&_v=20260921080443,https://prod.danawa.com/info/?pcode=14858474&cate=112752
62,ESSENCORE,32GB,ESSENCORE KLEVV DDR4-3200 CL22 중고,"363,840",데스크탑용 / DDR4 / 3200MHz (PC4-25600) / 램타이밍 : CL22-22-22-51 / 1.20V / 램개수 : 1개 / 히트싱크 : 미포함 / 모듈제조사 : SK하이닉스,https://img.danuri.io/catalog-image/867/133/123/851ff3f41ce442f69c187af4b5c6865b.jpg?shrink=130:130&_v=20260921080609,https://prod.danawa.com/info/?pcode=123133867&cate=112752
63,G.SKILL,32GB,G.SKILL DDR4-3600 CL18 TRIDENT Z RGB 패키지,"429,430","데스크탑용 / DDR4 / 3600MHz (PC4-28800) / 램타이밍 : CL18-22-22-42 / 1.35V / 램개수 : 2개 / LED 라이트 / XMP / 히트싱크 : 방열판 / 방열판 색상 : 블랙 / LED색상 : RGB / LED 시스템 : AURA SYNC , MYSTIC LIGHT , RGB FUSION , POLYCHROME",https://img.danuri.io/catalog-image/083/431/011/6d89d365ce3343659cc66d9079417ac4.jpg?shrink=130:130&_v=20260921150404,https://prod.danawa.com/info/?pcode=11431083&cate=112752
64,G.SKILL,32GB,G.SKILL DDR4-3600 CL16 TRIDENT Z NEO C 패키지,"453,470","데스크탑용 / DDR4 / 3600MHz (PC4-28800) / 램타이밍 : CL16-19-19-39 / 1.35V / 램개수 : 2개 / LED 라이트 / XMP / 히트싱크 : 방열판 / 방열판 색상 : 블랙 / LED색상 : RGB / LED 시스템 : AURA SYNC , MYSTIC LIGHT , RGB FUSION , POLYCHROME",https://img.danuri.io/catalog-image/405/480/009/a61b14fb481643ff859019071efe75c2.jpg?shrink=130:130&_v=20260921130603,https://prod.danawa.com/info/?pcode=9480405&cate=112752
65,G.SKILL,32GB,G.SKILL DDR4-3200 CL16 TRIDENT Z 패키지,"376,210",데스크탑용 / DDR4 / 3200MHz (PC4-25600) / 램타이밍 : CL16 / 1.35V / 램개수 : 2개 / XMP / 히트싱크 : 방열판 / 방열판 색상 : 실버/그레이 / 동작전압 1.35V / 2016년 10월 부로 이노베이션티뮤 → 서린씨앤아이 로 유통사가 변경되었습니다.,https://img.danuri.io/catalog-image/286/717/003/8e747e9f37b14a0ea70ac9c7758d3482.jpg?shrink=130:130&_v=20260921080442,https://prod.danawa.com/info/?pcode=3717286&cate=112752
66,TeamGroup,32GB,TeamGroup T-Force DDR4-3600 CL18 Delta RGB 화이트 패키지 서린,"445,000","데스크탑용 / DDR4 / 3600MHz (PC4-28800) / 램타이밍 : CL18-22-22-42 / 1.35V / 램개수 : 2개 / LED 라이트 / XMP / 히트싱크 : 방열판 / 방열판 색상 : 화이트 / LED색상 : RGB / LED 시스템 : AURA SYNC , MYSTIC LIGHT , RGB FUSION , POLYCHROME , RAZER CHROMA , TT RGB PLUS , T-FORCE BLITZ",https://img.danuri.io/catalog-image/467/380/011/cbe295ec41e148a988833179c136915f.jpg?shrink=130:130&_v=20260921151453,https://prod.danawa.com/info/?pcode=11380467&cate=112752
67,TeamGroup,32GB,TeamGroup T-Force DDR4-3200 CL16-20-20 Delta RGB 패키지 서린,"425,640","데스크탑용 / DDR4 / 3200MHz (PC4-25600) / 램타이밍 : CL16-20-20-40 / 1.35V / 램개수 : 2개 / LED 라이트 / XMP / 히트싱크 : 방열판 / 방열판 색상 : 블랙 / LED색상 : RGB / LED 시스템 : AURA SYNC , MYSTIC LIGHT , RGB FUSION , POLYCHROME , RAZER CHROMA , TT RGB PLUS",https://img.danuri.io/catalog-image/455/876/012/954e7914b7814b69811920323df3ea68.jpg?shrink=130:130&_v=20260921080456,https://prod.danawa.com/info/?pcode=12876455&cate=112752
68,TeamGroup,32GB,TeamGroup T-Force DDR4-3600 CL18 Delta RGB 패키지 서린,"445,000","데스크탑용 / DDR4 / 3600MHz (PC4-28800) / 램타이밍 : CL18-22-22-42 / 1.35V / 램개수 : 2개 / LED 라이트 / XMP / 히트싱크 : 방열판 / 방열판 색상 : 블랙 / LED색상 : RGB / LED 시스템 : AURA SYNC , MYSTIC LIGHT , RGB FUSION , POLYCHROME , RAZER CHROMA , TT RGB PLUS , T-FORCE BLITZ",https://img.danuri.io/catalog-image/332/380/011/61665cd6df5c430190e29538f9a51576.jpg?shrink=130:130&_v=20260921080444,https://prod.danawa.com/info/?pcode=11380332&cate=112752
69,TeamGroup,32GB,TeamGroup T-CREATE DDR4-3600 CL18 EXPERT OC10L 패키지 서린,"429,000",데스크탑용 / DDR4 / 3600MHz (PC4-28800) / 램타이밍 : CL18-22-22-42 / 1.35V / 램개수 : 2개 / 히트싱크 : 방열판 / 방열판 색상 : 실버/그레이,https://img.danuri.io/catalog-image/106/981/013/33b91653bdf0416cbce21eaa595e66a6.jpg?shrink=130:130&_v=20260921080622,https://prod.danawa.com/info/?pcode=13981106&cate=112752
70,TeamGroup,32GB,TeamGroup T-Force DDR4-3200 CL16-20-20 Delta RGB 화이트 패키지 서린,"433,560","데스크탑용 / DDR4 / 3200MHz (PC4-25600) / 램타이밍 : CL16-20-20-40 / 1.35V / 램개수 : 2개 / LED 라이트 / XMP / 히트싱크 : 방열판 / 방열판 색상 : 화이트 / LED색상 : RGB / LED 시스템 : AURA SYNC , MYSTIC LIGHT , RGB FUSION , POLYCHROME , RAZER CHROMA , TT RGB PLUS",https://img.danuri.io/catalog-image/503/876/012/e723d9e9432c42e295a27387a16928f8.jpg?shrink=130:130&_v=20260921080444,https://prod.danawa.com/info/?pcode=12876503&cate=112752
71,TeamGroup,32GB,TeamGroup T-Force DDR4-3200 CL16 Delta RGB 화이트 패키지 서린,"440,000","데스크탑용 / DDR4 / 3200MHz (PC4-25600) / 램타이밍 : CL16-20-20-40 / 1.35V / 램개수 : 2개 / LED 라이트 / XMP / 히트싱크 : 방열판 / 방열판 색상 : 화이트 / LED색상 : RGB / LED 시스템 : AURA SYNC , MYSTIC LIGHT , RGB FUSION , POLYCHROME , RAZER CHROMA , TT RGB PLUS",https://img.danuri.io/catalog-image/865/320/007/b669c444d0e04d5a8e10317a0d3c779e.jpg?shrink=130:130&_v=20260921080444,https://prod.danawa.com/info/?pcode=7320865&cate=112752
72,TeamGroup,32GB,TeamGroup DDR4-3200 Elite 서린,"399,000",데스크탑용 / DDR4 / 3200MHz (PC4-25600) / 램타이밍 : CL22-22-22-52 / 1.20V / 램개수 : 1개 / 히트싱크 : 미포함,https://img.danuri.io/catalog-image/485/907/014/0f223d52fa424865b92f69d1829fb006.jpg?shrink=130:130&_v=20260921080609,https://prod.danawa.com/info/?pcode=14907485&cate=112752
73,TeamGroup,32GB,TeamGroup T-Force DDR4-3200 CL16 Delta RGB 패키지 서린,"440,000","데스크탑용 / DDR4 / 3200MHz (PC4-25600) / 램타이밍 : CL16-18-18-38 / 1.35V / 램개수 : 2개 / LED 라이트 / XMP / 히트싱크 : 방열판 / 방열판 색상 : 블랙 / LED색상 : RGB / LED 시스템 : AURA SYNC , MYSTIC LIGHT , RGB FUSION , POLYCHROME , RAZER CHROMA , TT RGB PLUS",https://img.danuri.io/catalog-image/805/320/007/f421dd17cb0e4a288a6217d099a4a3af.jpg?shrink=130:130&_v=20260919080517,https://prod.danawa.com/info/?pcode=7320805&cate=112752
74,TeamGroup,32GB,TeamGroup DDR4-3200 Elite 중고,"290,000",데스크탑용 / DDR4 / 3200MHz (PC4-25600) / 램타이밍 : CL22-22-22-52 / 1.20V / 램개수 : 1개 / 히트싱크 : 미포함,https://img.danuri.io/catalog-image/860/133/123/c1a97936756a429288a8e75007a9a4a4.jpg?shrink=130:130&_v=20260921080444,https://prod.danawa.com/info/?pcode=123133860&cate=112752
75,TeamGroup,32GB,TeamGroup T-Force DDR4-3200 CL16 Delta RGB 패키지,"413,590","데스크탑용 / DDR4 / 3200MHz (PC4-25600) / 램타이밍 : CL16-18-18-38 / 1.35V / 램개수 : 2개 / LED 라이트 / XMP / 히트싱크 : 방열판 / 방열판 색상 : 블랙 / LED색상 : RGB / LED 시스템 : AURA SYNC , MYSTIC LIGHT , RGB FUSION , POLYCHROME , RAZER CHROMA , TT RGB PLUS / 2021년 3월 부로 가넷씨앤아이→아인스시스템 으로 유통사가 변경되었습니다",https://img.danuri.io/catalog-image/872/935/006/22eb5b27392d411daf696134cd4ce0c0.jpg?shrink=130:130&_v=20260921044832,https://prod.danawa.com/info/?pcode=6935872&cate=112752
76,TeamGroup,32GB,TeamGroup T-Force DDR4-3600 CL18 Delta RGB 패키지,"428,940","데스크탑용 / DDR4 / 3600MHz (PC4-28800) / 램타이밍 : CL18-22-22-42 / 1.35V / 램개수 : 2개 / LED 라이트 / XMP / 히트싱크 : 방열판 / 방열판 색상 : 블랙 / LED색상 : RGB / LED 시스템 : AURA SYNC , MYSTIC LIGHT , RGB FUSION , POLYCHROME , RAZER CHROMA , TT RGB PLUS , T-FORCE BLITZ / 2021년 3월 부로 가넷씨앤아이→아인스시스템 으로 유통사가 변경되었습니다",https://img.danuri.io/catalog-image/860/858/011/880f6ae4d2cd499eb18ba315abfdc8ae.jpg?shrink=130:130&_v=20260921024907,https://prod.danawa.com/info/?pcode=11858860&cate=112752
77,TeamGroup,32GB,TeamGroup T-Force DDR4-3200 CL16-20-20 Delta RGB 패키지,"428,240",데스크탑용 / DDR4 / 3200MHz (PC4-25600) / 램타이밍 : CL16-20-20-40 / 1.35V / 램개수 : 2개 / LED 라이트 / XMP / 히트싱크 : 방열판 / 방열판 색상 : 블랙 / LED색상 : RGB / LED 시스템 : AURA SYNC / 2021년 3월 부로 가넷씨앤아이→아인스시스템 으로 유통사가 변경되었습니다,https://img.danuri.io/catalog-image/028/958/012/01df4d5af142488cb8c763e9655422a0.jpg?shrink=130:130&_v=20260919080524,https://prod.danawa.com/info/?pcode=12958028&cate=112752
78,TeamGroup,32GB,TeamGroup T-Force DDR4-3600 CL18 Delta RGB 화이트 패키지,"445,000","데스크탑용 / DDR4 / 3600MHz (PC4-28800) / 램타이밍 : CL18-22-22-42 / 1.35V / 램개수 : 2개 / LED 라이트 / XMP / 히트싱크 : 방열판 / 방열판 색상 : 화이트 / LED색상 : RGB / LED 시스템 : AURA SYNC , MYSTIC LIGHT , RGB FUSION , POLYCHROME , RAZER CHROMA , TT RGB PLUS , T-FORCE BLITZ / 2021년 3월 부로 가넷씨앤아이→아인스시스템 으로 유통사가 변경되었습니다",https://img.danuri.io/catalog-image/875/858/011/390f4dce39a64cfd8b087c26b50a6689.jpg?shrink=130:130&_v=20260919080509,https://prod.danawa.com/info/?pcode=11858875&cate=112752
79,G.SKILL,64GB,G.SKILL DDR4-3600 CL18 TRIDENT Z NEO 패키지,"770,000","데스크탑용 / DDR4 / 3600MHz (PC4-28800) / 램타이밍 : CL18-22-22-42 / 1.35V / 램개수 : 2개 / LED 라이트 / XMP / 히트싱크 : 방열판 / 방열판 색상 : 실버/그레이 / LED색상 : RGB / LED 시스템 : AURA SYNC , MYSTIC LIGHT , RGB FUSION , POLYCHROME",https://img.danuri.io/catalog-image/452/044/011/31e4daabde92461e866ba1e8a5d8d800.jpg?shrink=130:130&_v=20260921080442,https://prod.danawa.com/info/?pcode=11044452&cate=112752
80,G.SKILL,64GB,G.SKILL DDR4-3200 CL16 RIPJAWS V VK 패키지,"627,010",데스크탑용 / DDR4 / 3200MHz (PC4-25600) / 램타이밍 : CL16-18-18-38 / 1.35V / 램개수 : 2개 / XMP / 히트싱크 : 방열판 / 방열판 색상 : 블랙,https://img.danuri.io/catalog-image/382/019/010/690c3c0f3a344320993c6426083a155b.jpg?shrink=130:130&_v=20260921112710,https://prod.danawa.com/info/?pcode=10019382&cate=112752
81,삼성전자,8GB,삼성전자 DDR5-5600,"182,580","데스크탑용 / DDR5 / 5600MHz (PC5-44800) / 램개수 : 1개 / 히트싱크 : 미포함 / 모듈제조사 : 삼성전자 / 병행수입, 벌크, AS 등 여부 판매처 확인요망",https://img.danuri.io/catalog-image/771/911/018/9d0b8840eb7b4413bfc91bc45fac4970.jpg?shrink=130:130&_v=20260921080454,https://prod.danawa.com/info/?pcode=18911771&cate=112752
82,삼성전자,8GB,삼성전자 DDR5-4800,"182,870","데스크탑용 / DDR5 / 4800MHz (PC5-38400) / 램개수 : 1개 / 히트싱크 : 미포함 / 모듈제조사 : 삼성전자 / 병행수입, 벌크, A/S 등 여부 판매처 확인요망",https://img.danuri.io/catalog-image/927/388/016/4cc3e3ef5e94404aa8b0bd107d5ce38c.jpg?shrink=130:130&_v=20260921151518,https://prod.danawa.com/info/?pcode=16388927&cate=112752
83,삼성전자,8GB,삼성전자 DDR5-6400 CL52 CUDIMM,"181,600",데스크탑용 / DDR5 / 6400MHz (PC5-51200) / 램타이밍 : CL52 / 1.10V / 램개수 : 1개 / 클럭드라이버 / 온다이ECC / 히트싱크 : 미포함 / 모듈제조사 : 삼성전자,https://img.danuri.io/catalog-image/649/391/108/62988408143049909624ea820be34ebe.jpg?shrink=130:130&_v=20260921124924,https://prod.danawa.com/info/?pcode=108391649&cate=112752
84,삼성전자,8GB,삼성전자 DDR5-4800 병행수입,"173,910",데스크탑용 / DDR5 / 4800MHz (PC5-38400) / 램개수 : 1개 / 히트싱크 : 미포함 / 모듈제조사 : 삼성전자,https://img.danuri.io/catalog-image/247/390/016/1ce11be439be4cfe913dec96aa3256f7.jpg?shrink=130:130&_v=20260921080441,https://prod.danawa.com/info/?pcode=16390247&cate=112752
85,삼성전자,8GB,삼성전자 DDR5-5600 중고,"177,410","데스크탑용 / DDR5 / 5600MHz (PC5-44800) / 램개수 : 1개 / 히트싱크 : 미포함 / 모듈제조사 : 삼성전자 / 병행수입, 벌크, A/S 등 여부 판매처 확인요망",https://img.danuri.io/catalog-image/097/623/122/9ce77d1016204fe784d0eb5730a2823c.jpg?shrink=130:130&_v=20260921080441,https://prod.danawa.com/info/?pcode=122623097&cate=112752
86,삼성전자,8GB,삼성전자 DDR5-7200 CL58 CUDIMM,"185,320","데스크탑용 / DDR5 / 7200MHz (PC5-57600) / 1.10V / 램개수 : 1개 / 클럭드라이버 / 온다이ECC / 히트싱크 : 미포함 / 모듈제조사 : 삼성전자 / 병행수입, 중고, A/S 등 여부 판매처 확인요망",https://img.danuri.io/catalog-image/277/237/124/32d24ce029124eccbbbb9ea7a165016b.jpeg?shrink=130:130&_v=20260921143308,https://prod.danawa.com/info/?pcode=124237277&cate=112752
87,PATRIOT,8GB,PATRIOT DDR5-5600 CL46 EVO,"180,000",데스크탑용 / DDR5 / 5600MHz (PC5-44800) / 램타이밍 : CL46-46-46-90 / 1.10V / 램개수 : 1개 / 온다이ECC / 히트싱크 : 미포함 / 높이 : 32mm / 모듈제조사 : SK하이닉스 / PMIC 언락 / 코어 울트라 미지원,https://img.danuri.io/catalog-image/760/709/057/b28104b1a57943ca8ee633d3db01dce6.jpg?shrink=130:130&_v=20260921080622,https://prod.danawa.com/info/?pcode=57709760&cate=112752
88,PATRIOT,8GB,PATRIOT DDR5-5600 CL46 SIGNATURE PREMIUM 블랙,"194,980",데스크탑용 / DDR5 / 5600MHz (PC5-44800) / 램타이밍 : CL46-46-46-90 / 1.10V / 램개수 : 1개 / XMP3.0 / EXPO / 온다이ECC / 히트싱크 : 방열판 / 방열판 색상 : 블랙 / 높이 : 37mm,https://img.danuri.io/catalog-image/529/946/099/69b70a270cc54d189629a83cf370ea26.jpg?shrink=130:130&_v=20260920080509,https://prod.danawa.com/info/?pcode=99946529&cate=112752
89,PATRIOT,8GB,PATRIOT DDR5-5600 CL46 SIGNATURE PREMIUM 화이트,"189,980",데스크탑용 / DDR5 / 5600MHz (PC5-44800) / 램타이밍 : CL46-46-46-90 / 1.10V / 램개수 : 1개 / XMP3.0 / EXPO / 온다이ECC / 히트싱크 : 방열판 / 방열판 색상 : 화이트 / 높이 : 37mm,https://img.danuri.io/catalog-image/297/167/124/d419a5f901d24abc992764e40e8a9968.jpeg?shrink=130:130&_v=20260921080443,https://prod.danawa.com/info/?pcode=124167297&cate=112752
90,ESSENCORE,8GB,ESSENCORE KLEVV DDR5-5600 CL46 AMD 파인인포,"181,600",데스크탑용 / DDR5 / 5600MHz (PC5-44800) / 램타이밍 : CL46-46-46-90 / 1.10V / 램개수 : 1개 / 온다이ECC / 히트싱크 : 미포함 / 높이 : 31.25mm / 모듈제조사 : SK하이닉스 / 코어울트라 미지원,https://img.danuri.io/catalog-image/203/638/094/70f27cf46c8648e5b207ece42a677447.jpg?shrink=130:130&_v=20260921081233,https://prod.danawa.com/info/?pcode=94638203&cate=112752
91,ESSENCORE,8GB,ESSENCORE KLEVV DDR5-5600 CL46 NEO 파인인포,"192,500",데스크탑용 / DDR5 / 5600MHz (PC5-44800) / 램타이밍 : CL46-46-46-90 / 1.10V / 램개수 : 1개 / 온다이ECC / 히트싱크 : 미포함 / 높이 : 31.25mm / 모듈제조사 : SK하이닉스,https://img.danuri.io/catalog-image/489/074/093/14d29b6b5c8a4e17b9a813fbf16120fd.jpg?shrink=130:130&_v=20260920080651,https://prod.danawa.com/info/?pcode=93074489&cate=112752
92,G.SKILL,8GB,G.SKILL DDR5-5600 CL36 FLARE X5 AMD 블랙,"225,000",데스크탑용 / DDR5 / 5600MHz (PC5-44800) / 램타이밍 : CL36-36-36-89 / 1.20V / 램개수 : 1개 / EXPO / 온다이ECC / 히트싱크 : 방열판 / 방열판 색상 : 블랙 / 높이 : 33mm / 코어울트라 미지원,https://img.danuri.io/catalog-image/307/553/102/6a3054edc6b44878b4e692e690178bb3.jpg?shrink=130:130&_v=20260921090357,https://prod.danawa.com/info/?pcode=102553307&cate=112752
93,G.SKILL,8GB,G.SKILL DDR5-6000 CL30 FLARE X5 AMD 블랙,"234,990",데스크탑용 / DDR5 / 6000MHz (PC5-48000) / 램타이밍 : CL30-38-38-96 / 1.35V / 램개수 : 1개 / EXPO / 온다이ECC / 히트싱크 : 방열판 / 방열판 색상 : 블랙 / 높이 : 33mm / 코어울트라 미지원,https://img.danuri.io/catalog-image/352/553/102/6981fd8ac68940bba50e3bd96536ba90.jpg?shrink=130:130&_v=20260921090403,https://prod.danawa.com/info/?pcode=102553352&cate=112752
94,TeamGroup,8GB,TeamGroup DDR5-5600 CL46 Elite 서린,"183,000",데스크탑용 / DDR5 / 5600MHz (PC5-44800) / 램타이밍 : CL46-46-46-90 / 1.10V / 램개수 : 1개 / 온다이ECC / 히트싱크 : 미포함 / 높이 : 32mm,https://img.danuri.io/catalog-image/683/369/033/179d204fb0f94048bcf16c7d8f2e081b.jpg?shrink=130:130&_v=20260921080443,https://prod.danawa.com/info/?pcode=33369683&cate=112752
95,TeamGroup,8GB,TeamGroup DDR5-5600 CL46 Elite,"183,000",데스크탑용 / DDR5 / 5600MHz (PC5-44800) / 램타이밍 : CL46-46-46-90 / 1.10V / 램개수 : 1개 / 온다이ECC / 히트싱크 : 미포함 / 높이 : 32mm,https://img.danuri.io/catalog-image/886/345/037/36c41cc5ac8344dea7a1bab4c4f612c2.jpg?shrink=130:130&_v=20260921080458,https://prod.danawa.com/info/?pcode=37345886&cate=112752
96,TeamGroup,8GB,TeamGroup DDR5-5600 CL46 Elite 중고,"168,750",데스크탑용 / DDR5 / 5600MHz (PC5-44800) / 램타이밍 : CL46-46-46-90 / 1.10V / 램개수 : 1개 / 온다이ECC / 히트싱크 : 미포함 / 높이 : 32mm,https://img.danuri.io/catalog-image/135/259/124/45e7812bdf264b7da4c4d17815753b91.jpg?shrink=130:130&_v=20260920080422,https://prod.danawa.com/info/?pcode=124259135&cate=112752
97,삼성전자,16GB,삼성전자 DDR5-5600,"349,920","데스크탑용 / DDR5 / 5600MHz (PC5-44800) / 램개수 : 1개 / 히트싱크 : 미포함 / 모듈제조사 : 삼성전자 / 병행수입, 벌크, AS 등 여부 판매처 확인요망",https://img.danuri.io/catalog-image/780/911/018/1e7b1c0f060d4bb1b4002868cc9202c2.jpg?shrink=130:130&_v=20260921132659,https://prod.danawa.com/info/?pcode=18911780&cate=112752
98,삼성전자,16GB,삼성전자 DDR5-7200 CL58 CUDIMM,"417,920","데스크탑용 / DDR5 / 7200MHz (PC5-57600) / 1.10V / 램개수 : 1개 / 클럭드라이버 / 온다이ECC / 히트싱크 : 미포함 / 모듈제조사 : 삼성전자 / 병행수입, 중고, A/S 등 여부 판매처 확인요망",https://img.danuri.io/catalog-image/611/658/122/7da5c2d997dd4318af4946d67a64fd7a.jpeg?shrink=130:130&_v=20260921124834,https://prod.danawa.com/info/?pcode=122658611&cate=112752
99,삼성전자,16GB,삼성전자 DDR5-6400 CL52 CUDIMM,"350,180",데스크탑용 / DDR5 / 6400MHz (PC5-51200) / 램타이밍 : CL52 / 1.10V / 램개수 : 1개 / 클럭드라이버 / 온다이ECC / 히트싱크 : 미포함 / 모듈제조사 : 삼성전자,https://img.danuri.io/catalog-image/655/391/108/8fd3760310ef48268d88a45cbfce9e62.jpg?shrink=130:130&_v=20260921080444,https://prod.danawa.com/info/?pcode=108391655&cate=112752
100,삼성전자,16GB,삼성전자 DDR5-4800,"363,950","데스크탑용 / DDR5 / 4800MHz (PC5-38400) / 램개수 : 1개 / 히트싱크 : 미포함 / 모듈제조사 : 삼성전자 / 병행수입, 벌크, A/S 등 여부 판매처 확인요망",https://img.danuri.io/catalog-image/071/759/015/15e0a2ac2c7f403c9468fc62d01b50f5.jpg?shrink=130:130&_v=20260921080444,https://prod.danawa.com/info/?pcode=15759071&cate=112752
101,삼성전자,16GB,삼성전자 DDR5-4800 병행수입,"320,890",데스크탑용 / DDR5 / 4800MHz (PC5-38400) / 램개수 : 1개 / 히트싱크 : 미포함 / 모듈제조사 : 삼성전자,https://img.danuri.io/catalog-image/262/390/016/01757a41076245c88bf4f24d0bd827a3.jpg?shrink=130:130&_v=20260921080458,https://prod.danawa.com/info/?pcode=16390262&cate=112752
102,삼성전자,16GB,삼성전자 DDR5-5600 중고,"337,500","데스크탑용 / DDR5 / 5600MHz (PC5-44800) / 램개수 : 1개 / 히트싱크 : 미포함 / 모듈제조사 : 삼성전자 / 병행수입, 벌크, A/S 등 여부 판매처 확인요망",https://img.danuri.io/catalog-image/367/621/122/5a85f088840d407ebae1e5b4e3287719.jpg?shrink=130:130&_v=20260921160309,https://prod.danawa.com/info/?pcode=122621367&cate=112752
103,삼성전자,16GB,삼성전자 DDR5-4800 중고,"350,000",데스크탑용 / DDR5 / 4800MHz (PC5-38400) / 램개수 : 1개 / 히트싱크 : 미포함 / 모듈제조사 : 삼성전자,https://img.danuri.io/catalog-image/325/799/123/830324745ca448c4a6b60fcbc3419c80.jpg?shrink=130:130&_v=20260921080442,https://prod.danawa.com/info/?pcode=123799325&cate=112752
104,PATRIOT,16GB,PATRIOT DDR5-6000 CL30 SIGNATURE PREMIUM EVO 블랙,"330,000",데스크탑용 / DDR5 / 6000MHz (PC5-48000) / 램타이밍 : CL30-40-40-76 / 1.35V / 램개수 : 1개 / XMP3.0 / EXPO / 온다이ECC / 히트싱크 : 방열판 / 방열판 색상 : 블랙 / 높이 : 37mm,https://img.danuri.io/catalog-image/718/946/099/04e702c3169c41db8c8dc07748d1b3f4.jpg?shrink=130:130&_v=20260921080404,https://prod.danawa.com/info/?pcode=99946718&cate=112752
105,PATRIOT,16GB,PATRIOT DDR5-6000 CL30 SIGNATURE PREMIUM EVO 화이트,"323,970",데스크탑용 / DDR5 / 6000MHz (PC5-48000) / 램타이밍 : CL30-40-40-76 / 1.35V / 램개수 : 1개 / XMP3.0 / EXPO / 온다이ECC / 히트싱크 : 방열판 / 방열판 색상 : 화이트 / 높이 : 37mm,https://img.danuri.io/catalog-image/733/946/099/010b2651f91548b58960ae226a21223f.jpg?shrink=130:130&_v=20260921080455,https://prod.danawa.com/info/?pcode=99946733&cate=112752
106,PATRIOT,16GB,PATRIOT DDR5-6000 CL36 SIGNATURE PREMIUM EVO 블랙,"319,770",데스크탑용 / DDR5 / 6000MHz (PC5-48000) / 램타이밍 : CL36-46-46-110 / 1.35V / 램개수 : 1개 / XMP3.0 / EXPO / 온다이ECC / 히트싱크 : 방열판 / 방열판 색상 : 블랙 / 높이 : 37mm,https://img.danuri.io/catalog-image/481/721/123/0fed7cd447c94b509e7be0882dc38025.jpeg?shrink=130:130&_v=20260921080444,https://prod.danawa.com/info/?pcode=123721481&cate=112752
107,PATRIOT,16GB,PATRIOT DDR5-5600 CL46 EVO,"409,000",데스크탑용 / DDR5 / 5600MHz (PC5-44800) / 램타이밍 : CL46-46-46-90 / 1.10V / 램개수 : 1개 / 온다이ECC / 히트싱크 : 미포함 / 높이 : 32mm / 모듈제조사 : SK하이닉스 / PMIC 언락 / 코어 울트라 미지원,https://img.danuri.io/catalog-image/748/709/057/64d02eeff0854630b808e30aed08e5b1.jpg?shrink=130:130&_v=20260921080444,https://prod.danawa.com/info/?pcode=57709748&cate=112752
108,PATRIOT,16GB,PATRIOT DDR5-6000 CL36 SIGNATURE PREMIUM EVO 화이트,"319,770",데스크탑용 / DDR5 / 6000MHz (PC5-48000) / 램타이밍 : CL36-46-46-110 / 1.35V / 램개수 : 1개 / XMP3.0 / EXPO / 온다이ECC / 히트싱크 : 방열판 / 방열판 색상 : 화이트 / 높이 : 37mm,https://img.danuri.io/catalog-image/482/721/123/736c01a1d8c94c52b43b6519413e8e02.jpeg?shrink=130:130&_v=20260921080443,https://prod.danawa.com/info/?pcode=123721482&cate=112752
109,PATRIOT,16GB,PATRIOT DDR5-6000 CL30 VIPER Elite 5,"327,500",데스크탑용 / DDR5 / 6000MHz (PC5-48000) / 램타이밍 : CL30-40-40-76 / 1.35V / 램개수 : 1개 / XMP3.0 / EXPO / 온다이ECC / 히트싱크 : 방열판 / 방열판 색상 : 화이트 / 높이 : 43mm,https://img.danuri.io/catalog-image/935/465/075/58c20e0faa394331b37ec3dd66b9299f.jpg?shrink=130:130&_v=20260921080458,https://prod.danawa.com/info/?pcode=75465935&cate=112752
110,PATRIOT,16GB,PATRIOT DDR5-6000 CL30 VIPER Elite 5 RGB,"443,880","데스크탑용 / DDR5 / 6000MHz (PC5-48000) / 램타이밍 : CL30-40-40-76 / 1.35V / 램개수 : 1개 / LED 라이트 / XMP3.0 / EXPO / 온다이ECC / 히트싱크 : 방열판 / 방열판 색상 : 화이트 / LED색상 : RGB / LED 시스템 : AURA SYNC , MYSTIC LIGHT , RGB FUSION , POLYCHROME / 높이 : 44mm",https://img.danuri.io/catalog-image/804/501/071/c5636f81e75b49c4862bbf88126cb923.jpg?shrink=130:130&_v=20260921080456,https://prod.danawa.com/info/?pcode=71501804&cate=112752
111,ESSENCORE,16GB,ESSENCORE KLEVV DDR5-5600 CL46 파인인포,"335,000",데스크탑용 / DDR5 / 5600MHz (PC5-44800) / 램타이밍 : CL46-46-46-90 / 1.10V / 램개수 : 1개 / 온다이ECC / 히트싱크 : 미포함 / 높이 : 31.25mm / 모듈제조사 : SK하이닉스,https://img.danuri.io/catalog-image/774/965/018/ac99721b271747c59acec2f3ad07483e.jpg?shrink=130:130&_v=20260921122553,https://prod.danawa.com/info/?pcode=18965774&cate=112752
112,ESSENCORE,16GB,ESSENCORE KLEVV DDR5-5600 CL46 AMD 파인인포,"330,840",데스크탑용 / DDR5 / 5600MHz (PC5-44800) / 램타이밍 : CL46-46-46-90 / 1.10V / 램개수 : 1개 / 온다이ECC / 히트싱크 : 미포함 / 높이 : 31.25mm / 모듈제조사 : SK하이닉스 / 코어울트라 미지원,https://img.danuri.io/catalog-image/185/638/094/0d51f3baad7b4c31a0ec5945b704ae6b.jpg?shrink=130:130&_v=20260921161848,https://prod.danawa.com/info/?pcode=94638185&cate=112752
113,ESSENCORE,16GB,ESSENCORE KLEVV DDR5-6000 CL30 FIT V AMD 패키지 서린,"375,000",데스크탑용 / DDR5 / 6000MHz (PC5-48000) / 램타이밍 : CL30-36-36-76 / 1.35V / 램개수 : 2개 / XMP3.0 / EXPO / 온다이ECC / 히트싱크 : 방열판 / 방열판 색상 : 블랙 / 높이 : 33.21mm / 모듈제조사 : SK하이닉스 / 코어울트라 미지원,https://img.danuri.io/catalog-image/226/663/122/3efdae24134c40ac9357bd6945b8fe98.jpeg?shrink=130:130&_v=20260921091138,https://prod.danawa.com/info/?pcode=122663226&cate=112752
114,ESSENCORE,16GB,ESSENCORE KLEVV DDR5-6400 CL52 CUDIMM 파인인포,"353,240",데스크탑용 / DDR5 / 6400MHz (PC5-51200) / 램타이밍 : CL52-52-52-103 / 1.10V / 램개수 : 1개 / LED 라이트 / 클럭드라이버 / 히트싱크 : 미포함 / 높이 : 31.25mm / 모듈제조사 : SK하이닉스 / A다이 언락,https://img.danuri.io/catalog-image/050/340/074/c089839a8c4d45778c1571c4f791393b.jpg?shrink=130:130&_v=20260921103933,https://prod.danawa.com/info/?pcode=74340050&cate=112752
115,ESSENCORE,16GB,ESSENCORE KLEVV DDR5-5600 CL30 FIT V WHITE 서린,"360,000",데스크탑용 / DDR5 / 5600MHz (PC5-44800) / 램타이밍 : CL30-36-36-88 / 1.25V / 램개수 : 1개 / XMP3.0 / EXPO / 온다이ECC / 히트싱크 : 방열판 / 방열판 색상 : 화이트 / 높이 : 33.21mm / 모듈제조사 : SK하이닉스 / 코어울트라 미지원,https://img.danuri.io/catalog-image/197/107/058/3f0476f860b441b3ace44f4d40a61f5b.jpg?shrink=130:130&_v=20260921080457,https://prod.danawa.com/info/?pcode=58107197&cate=112752
116,ESSENCORE,16GB,ESSENCORE KLEVV DDR5-6000 CL30 FIT V WHITE AMD 패키지 서린,"375,000",데스크탑용 / DDR5 / 6000MHz (PC5-48000) / 램타이밍 : CL30-36-36-76 / 1.35V / 램개수 : 2개 / XMP3.0 / EXPO / 온다이ECC / 히트싱크 : 방열판 / 방열판 색상 : 화이트 / 높이 : 33.21mm / 모듈제조사 : SK하이닉스 / 코어울트라 미지원,https://img.danuri.io/catalog-image/232/663/122/395c9a5a98264af18f3cc4354c2a3c9c.jpeg?shrink=130:130&_v=20260921091129,https://prod.danawa.com/info/?pcode=122663232&cate=112752
117,ESSENCORE,16GB,ESSENCORE KLEVV DDR5-5600 CL30 FIT V 서린,"359,180",데스크탑용 / DDR5 / 5600MHz (PC5-44800) / 램타이밍 : CL30-36-36-88 / 1.25V / 램개수 : 1개 / XMP3.0 / EXPO / 온다이ECC / 히트싱크 : 방열판 / 방열판 색상 : 블랙 / 높이 : 33.21mm / 모듈제조사 : SK하이닉스 / 코어울트라 미지원,https://img.danuri.io/catalog-image/220/152/092/abcdf2ccfe47492fb01062f5d93656d4.jpg?shrink=130:130&_v=20260921080444,https://prod.danawa.com/info/?pcode=92152220&cate=112752
118,ESSENCORE,16GB,ESSENCORE KLEVV DDR5-5600 CL46 NEO 중고,"335,000",데스크탑용 / DDR5 / 5600MHz (PC5-44800) / 램타이밍 : CL46-46-46-90 / 1.10V / 램개수 : 1개 / 온다이ECC / 히트싱크 : 미포함 / 높이 : 31.25mm / 모듈제조사 : SK하이닉스,https://img.danuri.io/catalog-image/264/167/124/de032efee1204d1287758325e572a3be.jpg?shrink=130:130&_v=20260921080609,https://prod.danawa.com/info/?pcode=124167264&cate=112752
119,G.SKILL,16GB,G.SKILL DDR5-6000 CL36 AEGIS 5,"355,760",데스크탑용 / DDR5 / 6000MHz (PC5-48000) / 램타이밍 : CL36-36-36-96 / 1.35V / 램개수 : 1개 / XMP3.0 / EXPO / 온다이ECC / 히트싱크 : 미포함 / 높이 : 31mm,https://img.danuri.io/catalog-image/406/913/072/6e4f277e9e2a4efa9ea8b16c6e8b0fd4.jpg?shrink=130:130&_v=20260921140813,https://prod.danawa.com/info/?pcode=72913406&cate=112752
120,G.SKILL,16GB,G.SKILL DDR5-5600 CL36 AEGIS 5,"381,700",데스크탑용 / DDR5 / 5600MHz (PC5-44800) / 램타이밍 : CL36-36-36-89 / 1.20V / 램개수 : 1개 / XMP / EXPO / 온다이ECC / 히트싱크 : 미포함 / 높이 : 31mm,https://img.danuri.io/catalog-image/219/241/028/200b687af7a949bcbe7774c1366c8966.jpg?shrink=130:130&_v=20260921080444,https://prod.danawa.com/info/?pcode=28241219&cate=112752
121,G.SKILL,16GB,G.SKILL DDR5-6000 CL36 RIPJAWS S5 블랙,"407,500",데스크탑용 / DDR5 / 6000MHz (PC5-48000) / 램타이밍 : CL36-36-36-96 / 1.35V / 램개수 : 1개 / XMP3.0 / EXPO / 온다이ECC / 히트싱크 : 방열판 / 방열판 색상 : 블랙 / 높이 : 33mm,https://img.danuri.io/catalog-image/379/553/102/52e52e113b3e4fd4a0c3dcd007ba5b51.jpg?shrink=130:130&_v=20260921090344,https://prod.danawa.com/info/?pcode=102553379&cate=112752
122,G.SKILL,16GB,G.SKILL DDR5-6000 CL36 AEGIS 5 중고,"361,350",데스크탑용 / DDR5 / 6000MHz (PC5-48000) / 램타이밍 : CL36-36-36-96 / 1.35V / 램개수 : 1개 / XMP3.0 / EXPO / 온다이ECC / 히트싱크 : 미포함 / 높이 : 31mm,https://img.danuri.io/catalog-image/131/259/124/ae4ddd593f9a4acb8874e80c5dc4c8d3.jpg?shrink=130:130&_v=20260921080609,https://prod.danawa.com/info/?pcode=124259131&cate=112752
123,TeamGroup,16GB,TeamGroup DDR5-5600 CL46 Elite 서린,"350,000",데스크탑용 / DDR5 / 5600MHz (PC5-44800) / 램타이밍 : CL46-46-46-90 / 1.10V / 램개수 : 1개 / 온다이ECC / 히트싱크 : 미포함 / 높이 : 32mm,https://img.danuri.io/catalog-image/839/535/017/f65101d98b1645069576dcc5325f469f.jpg?shrink=130:130&_v=20260921144808,https://prod.danawa.com/info/?pcode=17535839&cate=112752
124,TeamGroup,16GB,TeamGroup DDR5-4800 CL40 Elite 서린,"318,890",데스크탑용 / DDR5 / 4800MHz (PC5-38400) / 램타이밍 : CL40-40-40-77 / 1.10V / 램개수 : 1개 / 온다이ECC / 히트싱크 : 미포함 / 높이 : 32mm,https://img.danuri.io/catalog-image/233/535/017/0b5e0e7388b243a186afdd452c3cd3bf.jpg?shrink=130:130&_v=20260921154619,https://prod.danawa.com/info/?pcode=17535233&cate=112752
125,TeamGroup,16GB,TeamGroup DDR5-5200 CL42 Elite 서린,"337,500",데스크탑용 / DDR5 / 5200MHz (PC5-41600) / 램타이밍 : CL42-42-42-84 / 1.10V / 램개수 : 1개 / 히트싱크 : 미포함 / 높이 : 32mm,https://img.danuri.io/catalog-image/360/767/018/574b962a356d4c27a59944d24851816c.jpg?shrink=130:130&_v=20260921080609,https://prod.danawa.com/info/?pcode=18767360&cate=112752
126,TeamGroup,16GB,TeamGroup DDR5-5600 CL46 Elite Plus 블랙 서린,"372,000",데스크탑용 / DDR5 / 5600MHz (PC5-44800) / 램타이밍 : CL46-46-46-90 / 1.10V / 램개수 : 1개 / 온다이ECC / 히트싱크 : 방열판 / 방열판 색상 : 블랙 / 높이 : 31.25mm,https://img.danuri.io/catalog-image/413/768/018/a0d9e894a7d04351a3bdf89163e14e2c.jpg?shrink=130:130&_v=20260921080443,https://prod.danawa.com/info/?pcode=18768413&cate=112752
127,TeamGroup,16GB,TeamGroup DDR5-5600 CL46 Elite,"336,460",데스크탑용 / DDR5 / 5600MHz (PC5-44800) / 램타이밍 : CL46-46-46-90 / 1.10V / 램개수 : 1개 / 온다이ECC / 히트싱크 : 미포함 / 높이 : 32mm,https://img.danuri.io/catalog-image/973/563/023/8c4db447c2334614a8bc74b8dbeb1621.jpg?shrink=130:130&_v=20260921110333,https://prod.danawa.com/info/?pcode=23563973&cate=112752
128,삼성전자,32GB,삼성전자 DDR5-5600,"793,940","데스크탑용 / DDR5 / 5600MHz (PC5-44800) / 램개수 : 1개 / 히트싱크 : 미포함 / 모듈제조사 : 삼성전자 / 병행수입, 벌크, AS 등 여부 판매처 확인요망",https://img.danuri.io/catalog-image/043/644/020/697226f9da3b4183a68d85ce8e8031a4.jpg?shrink=130:130&_v=20260921161908,https://prod.danawa.com/info/?pcode=20644043&cate=112752
129,삼성전자,32GB,삼성전자 DDR5-4800,"697,990","데스크탑용 / DDR5 / 4800MHz (PC5-38400) / 램개수 : 1개 / 히트싱크 : 미포함 / 모듈제조사 : 삼성전자 / 병행수입, 벌크, A/S 등 여부 판매처 확인요망",https://img.danuri.io/catalog-image/342/764/015/992aa0c3080b41d0a77914e6938ce3c6.jpg?shrink=130:130&_v=20260921150045,https://prod.danawa.com/info/?pcode=15764342&cate=112752
130,삼성전자,32GB,삼성전자 DDR5-4800 병행수입,"621,890",데스크탑용 / DDR5 / 4800MHz (PC5-38400) / 램개수 : 1개 / 히트싱크 : 미포함 / 모듈제조사 : 삼성전자,https://img.danuri.io/catalog-image/268/390/016/04beee63344544169422706d6ee67c34.jpg?shrink=130:130&_v=20260921080444,https://prod.danawa.com/info/?pcode=16390268&cate=112752
131,삼성전자,32GB,삼성전자 DDR5-5600 중고,"720,000",데스크탑용 / DDR5 / 5600MHz (PC5-44800) / 램개수 : 1개 / 히트싱크 : 미포함 / 모듈제조사 : 삼성전자,https://img.danuri.io/catalog-image/337/799/123/aa8c71bfbf7142afb4f9ae285a302bb3.jpg?shrink=130:130&_v=20260921080444,https://prod.danawa.com/info/?pcode=123799337&cate=112752
132,삼성전자,32GB,삼성전자 DDR5-4800 중고,"722,160",데스크탑용 / DDR5 / 4800MHz (PC5-38400) / 램개수 : 1개 / 히트싱크 : 미포함 / 모듈제조사 : 삼성전자,https://img.danuri.io/catalog-image/326/799/123/385b3153b71242cea5e00c3cf94b4515.jpg?shrink=130:130&_v=20260921080609,https://prod.danawa.com/info/?pcode=123799326&cate=112752
133,PATRIOT,32GB,PATRIOT DDR5-6000 CL30 VIPER Elite 5 패키지,"650,000",데스크탑용 / DDR5 / 6000MHz (PC5-48000) / 램타이밍 : CL30-40-40-76 / 1.35V / 램개수 : 2개 / XMP3.0 / EXPO / 온다이ECC / 히트싱크 : 방열판 / 방열판 색상 : 화이트 / 높이 : 43mm,https://img.danuri.io/catalog-image/037/466/075/dec4ac8ccc9f469e9dab4a23283c9be4.jpg?shrink=130:130&_v=20260921080458,https://prod.danawa.com/info/?pcode=75466037&cate=112752
134,PATRIOT,32GB,PATRIOT DDR5-6000 CL30 VIPER VENOM 패키지,"659,980",데스크탑용 / DDR5 / 6000MHz (PC5-48000) / 램타이밍 : 30-40-40-76 / 1.35V / 램개수 : 2개 / XMP3.0 / EXPO / 온다이ECC / 히트싱크 : 방열판 / 방열판 색상 : 블랙 / 높이 : 43mm,https://img.danuri.io/catalog-image/513/144/056/185b032ce14b4a3183466b304c961390.jpg?shrink=130:130&_v=20260921150223,https://prod.danawa.com/info/?pcode=56144513&cate=112752
135,PATRIOT,32GB,PATRIOT DDR5-8000 CL38 VIPER Xtreme5 RGB 패키지,"816,750","데스크탑용 / DDR5 / 8000MHz (PC5-64000) / 램타이밍 : CL38 / 1.45V / 램개수 : 2개 / LED 라이트 / XMP3.0 / EXPO / 온다이ECC / 히트싱크 : 방열판 / 방열판 색상 : 블랙 / LED색상 : RGB / LED 시스템 : AURA SYNC , MYSTIC LIGHT , RGB FUSION , POLYCHROME / 높이 : 44mm",https://img.danuri.io/catalog-image/837/057/095/ec76cbffc8054aff83cdafd43836f757.jpg?shrink=130:130&_v=20260921080444,https://prod.danawa.com/info/?pcode=95057837&cate=112752
136,PATRIOT,32GB,PATRIOT DDR5-6000 CL30 VIPER VENOM RGB 패키지,"696,270","데스크탑용 / DDR5 / 6000MHz (PC5-48000) / 램타이밍 : CL30-40-40-76 / 1.35V / 램개수 : 2개 / LED 라이트 / XMP3.0 / EXPO / 온다이ECC / 히트싱크 : 방열판 / 방열판 색상 : 블랙 / LED색상 : RGB / LED 시스템 : AURA SYNC , MYSTIC LIGHT , RGB FUSION , POLYCHROME , RAZER CHROMA / 높이 : 43mm / 모듈제조사 : SK하이닉스",https://img.danuri.io/catalog-image/432/144/056/e77fbc0b8a734b2bbd01d8a74cdf6952.jpg?shrink=130:130&_v=20260921080444,https://prod.danawa.com/info/?pcode=56144432&cate=112752
137,PATRIOT,32GB,PATRIOT DDR5-6400 CL32 VIPER Elite 5 패키지,"684,550",데스크탑용 / DDR5 / 6400MHz (PC5-51200) / 램타이밍 : CL32-40-40-84 / 1.40V / 램개수 : 2개 / XMP3.0 / 온다이ECC / 히트싱크 : 방열판 / 방열판 색상 : 화이트 / 높이 : 43mm,https://img.danuri.io/catalog-image/202/466/075/f333255e3ae24622b1d493b146a50c66.jpg?shrink=130:130&_v=20260921102733,https://prod.danawa.com/info/?pcode=75466202&cate=112752
138,PATRIOT,32GB,PATRIOT DDR5-6400 CL32 VIPER VENOM RGB 패키지,"714,340","데스크탑용 / DDR5 / 6400MHz (PC5-51200) / 램타이밍 : CL32-40-40-84 / 1.40V / 램개수 : 2개 / LED 라이트 / XMP3.0 / 온다이ECC / 히트싱크 : 방열판 / 방열판 색상 : 블랙 / LED색상 : RGB / LED 시스템 : AURA SYNC , MYSTIC LIGHT , RGB FUSION , POLYCHROME , RAZER CHROMA / 높이 : 43mm / 모듈제조사 : SK하이닉스",https://img.danuri.io/catalog-image/056/351/030/c83992f70ab3400db9698730f6953c0a.jpg?shrink=130:130&_v=20260921080622,https://prod.danawa.com/info/?pcode=30351056&cate=112752
139,PATRIOT,32GB,PATRIOT DDR5-5600 CL36 VIPER Elite 5 RGB,"674,910","데스크탑용 / DDR5 / 5600MHz (PC5-44800) / 램타이밍 : CL36-36-36-68 / 1.35V / 램개수 : 1개 / LED 라이트 / XMP3.0 / EXPO / 온다이ECC / 히트싱크 : 방열판 / 방열판 색상 : 화이트 / LED색상 : RGB / LED 시스템 : AURA SYNC , MYSTIC LIGHT , RGB FUSION , POLYCHROME / 높이 : 44mm",https://img.danuri.io/catalog-image/129/501/071/5073bbe8db4a4aa98fe0d8814225b8c0.jpg?shrink=130:130&_v=20260921095748,https://prod.danawa.com/info/?pcode=71501129&cate=112752
140,PATRIOT,32GB,PATRIOT DDR5-6200 CL42 VIPER Elite 5 RGB 패키지,"687,910","데스크탑용 / DDR5 / 6200MHz (PC5-49600) / 램타이밍 : CL42-46-46-86 / 1.35V / 램개수 : 2개 / LED 라이트 / XMP3.0 / EXPO / 온다이ECC / 히트싱크 : 방열판 / 방열판 색상 : 화이트 / LED색상 : RGB / LED 시스템 : AURA SYNC , MYSTIC LIGHT , RGB FUSION , POLYCHROME , RAZER CHROMA / 높이 : 44mm / 모듈제조사 : SK하이닉스",https://img.danuri.io/catalog-image/108/500/030/89caa679f98944a6bb6e991b0ea84b7a.jpg?shrink=130:130&_v=20260921080456,https://prod.danawa.com/info/?pcode=30500108&cate=112752
141,PATRIOT,32GB,PATRIOT DDR5-7400 CL36 VIPER VENOM RGB 패키지,"983,440","데스크탑용 / DDR5 / 7400MHz (PC5-59200) / 램타이밍 : CL36-44-44-110 / 1.45V / 램개수 : 2개 / LED 라이트 / XMP3.0 / 온다이ECC / 히트싱크 : 방열판 / 방열판 색상 : 블랙 / LED색상 : RGB / LED 시스템 : AURA SYNC , MYSTIC LIGHT , RGB FUSION , POLYCHROME , RAZER CHROMA / 높이 : 43mm / 모듈제조사 : SK하이닉스",https://img.danuri.io/catalog-image/236/351/030/c1847c2997b74ecca095836fa28d3cdf.jpg?shrink=130:130&_v=20260921080444,https://prod.danawa.com/info/?pcode=30351236&cate=112752
142,PATRIOT,32GB,PATRIOT DDR5-7200 CL34 VIPER VENOM RGB 패키지,"973,790","데스크탑용 / DDR5 / 7200MHz (PC5-57600) / 램타이밍 : CL34-42-42-84 / 1.45V / 램개수 : 2개 / LED 라이트 / XMP3.0 / 온다이ECC / 히트싱크 : 방열판 / 방열판 색상 : 블랙 / LED색상 : RGB / LED 시스템 : AURA SYNC , MYSTIC LIGHT , RGB FUSION , POLYCHROME , RAZER CHROMA / 높이 : 43mm / 모듈제조사 : SK하이닉스",https://img.danuri.io/catalog-image/218/351/030/7c9120e735ad4e07bd300deb719b665b.jpg?shrink=130:130&_v=20260920080635,https://prod.danawa.com/info/?pcode=30351218&cate=112752
143,PATRIOT,32GB,PATRIOT DDR5-7000 CL32 VIPER VENOM 패키지,"944,870",데스크탑용 / DDR5 / 7000MHz (PC5-56000) / 램타이밍 : CL32-48-48-96 / 1.45V / 램개수 : 2개 / XMP3.0 / 온다이ECC / 히트싱크 : 방열판 / 방열판 색상 : 블랙 / 높이 : 43mm,https://img.danuri.io/catalog-image/504/341/030/dc246e2c0b794bd091b241e0b7ad7481.jpg?shrink=130:130&_v=20260920080508,https://prod.danawa.com/info/?pcode=30341504&cate=112752
144,PATRIOT,32GB,PATRIOT DDR5-7200 CL34 VIPER VENOM 패키지,"954,510",데스크탑용 / DDR5 / 7200MHz (PC5-57600) / 램타이밍 : CL34-42-42-84 / 1.45V / 램개수 : 2개 / XMP3.0 / 온다이ECC / 히트싱크 : 방열판 / 방열판 색상 : 블랙 / 높이 : 43mm,https://img.danuri.io/catalog-image/510/341/030/128984777ea5457292e8200d0b2fbedd.jpg?shrink=130:130&_v=20260921080458,https://prod.danawa.com/info/?pcode=30341510&cate=112752
145,PATRIOT,32GB,PATRIOT DDR5-7400 CL36 VIPER VENOM 패키지,"964,150",데스크탑용 / DDR5 / 7400MHz (PC5-59200) / 램타이밍 : CL36-44-44-110 / 1.50V / 램개수 : 2개 / XMP3.0 / 온다이ECC / 히트싱크 : 방열판 / 방열판 색상 : 블랙 / 높이 : 43mm,https://img.danuri.io/catalog-image/525/341/030/c6673842038e4716a54bd2d67cd8fcc7.jpg?shrink=130:130&_v=20260921080609,https://prod.danawa.com/info/?pcode=30341525&cate=112752
146,PATRIOT,32GB,PATRIOT DDR5-6800 CL34 VIPER VENOM 패키지,"841,540",데스크탑용 / DDR5 / 6800MHz (PC5-54400) / 램타이밍 : CL34-44-44-84 / 1.40V / 램개수 : 2개 / XMP3.0 / 온다이ECC / 히트싱크 : 방열판 / 방열판 색상 : 블랙 / 높이 : 43mm,https://img.danuri.io/catalog-image/495/341/030/8019b082f6c443358f369dca4db0fcf0.jpg?shrink=130:130&_v=20260920080422,https://prod.danawa.com/info/?pcode=30341495&cate=112752
147,PATRIOT,32GB,PATRIOT DDR5-6400 CL32 VIPER VENOM 패키지,"684,550",데스크탑용 / DDR5 / 6400MHz (PC5-51200) / 램타이밍 : CL32-40-40-84 / 1.40V / 램개수 : 2개 / XMP3.0 / 온다이ECC / 히트싱크 : 방열판 / 방열판 색상 : 블랙 / 높이 : 43mm,https://img.danuri.io/catalog-image/426/341/030/a48ad8b54504409dbf4bcccfed5f7c65.jpg?shrink=130:130&_v=20260921080609,https://prod.danawa.com/info/?pcode=30341426&cate=112752
148,PATRIOT,32GB,PATRIOT DDR5-6000 CL28 VIPER Elite 5 ULTRA 패키지,"762,960",데스크탑용 / DDR5 / 6000MHz (PC5-48000) / 램타이밍 : CL28-40-40-100 / 1.40V / 램개수 : 2개 / XMP3.0 / EXPO / 온다이ECC / 히트싱크 : 방열판 / 방열판 색상 : 블랙 / 높이 : 44mm,https://img.danuri.io/catalog-image/237/057/095/76df6174da2e4d16b1dc8c8cafbf473c.jpg?shrink=130:130&_v=20260920080523,https://prod.danawa.com/info/?pcode=95057237&cate=112752
149,PATRIOT,32GB,PATRIOT DDR5-6600 CL34 VIPER VENOM RGB 패키지,"838,810","데스크탑용 / DDR5 / 6600MHz (PC5-52800) / 램타이밍 : CL34-40-40-84 / 1.40V / 램개수 : 2개 / LED 라이트 / XMP3.0 / 온다이ECC / 히트싱크 : 방열판 / 방열판 색상 : 블랙 / LED색상 : RGB / LED 시스템 : AURA SYNC , MYSTIC LIGHT , RGB FUSION , POLYCHROME , RAZER CHROMA / 높이 : 43mm / 모듈제조사 : SK하이닉스",https://img.danuri.io/catalog-image/077/351/030/386040fe2056412e8647a750f71b29f0.jpg?shrink=130:130&_v=20260920080508,https://prod.danawa.com/info/?pcode=30351077&cate=112752
150,PATRIOT,32GB,PATRIOT DDR5-7000 CL32 VIPER VENOM RGB 패키지,"964,140","데스크탑용 / DDR5 / 7000MHz (PC5-56000) / 램타이밍 : CL32-48-48-96 / 1.45V / 램개수 : 2개 / LED 라이트 / XMP3.0 / 온다이ECC / 히트싱크 : 방열판 / 방열판 색상 : 블랙 / LED색상 : RGB / LED 시스템 : AURA SYNC , MYSTIC LIGHT , RGB FUSION , POLYCHROME , RAZER CHROMA / 높이 : 43mm / 모듈제조사 : SK하이닉스",https://img.danuri.io/catalog-image/131/351/030/d271664a206441789d9840c7494f8952.jpg?shrink=130:130&_v=20260920080508,https://prod.danawa.com/info/?pcode=30351131&cate=112752
151,PATRIOT,32GB,PATRIOT DDR5-6200 CL40 VIPER VENOM 패키지,"685,330",데스크탑용 / DDR5 / 6200MHz (PC5-49600) / 램타이밍 : CL40-40-40-76 / 1.35V / 램개수 : 2개 / XMP3.0 / EXPO / 온다이ECC / 히트싱크 : 방열판 / 방열판 색상 : 블랙 / 높이 : 43mm,https://img.danuri.io/catalog-image/402/341/030/7aa552c41f524330936d4343be2cc429.jpg?shrink=130:130&_v=20260920080422,https://prod.danawa.com/info/?pcode=30341402&cate=112752
152,PATRIOT,32GB,PATRIOT DDR5-6200 CL40 VIPER VENOM RGB 패키지,"704,950","데스크탑용 / DDR5 / 6200MHz (PC5-49600) / 램타이밍 : CL40-40-40-76 / 1.35V / 램개수 : 2개 / LED 라이트 / XMP3.0 / EXPO / 온다이ECC / 히트싱크 : 방열판 / 방열판 색상 : 블랙 / LED색상 : RGB / LED 시스템 : AURA SYNC , MYSTIC LIGHT , RGB FUSION , POLYCHROME , RAZER CHROMA / 높이 : 43mm / 모듈제조사 : SK하이닉스",https://img.danuri.io/catalog-image/029/351/030/835e49413fe24bcda1f552aebb14f825.jpg?shrink=130:130&_v=20260921102658,https://prod.danawa.com/info/?pcode=30351029&cate=112752
153,PATRIOT,32GB,PATRIOT DDR5-6800 CL34 VIPER VENOM RGB 패키지,"858,100","데스크탑용 / DDR5 / 6800MHz (PC5-54400) / 램타이밍 : CL34-44-44-84 / 1.40V / 램개수 : 2개 / LED 라이트 / XMP3.0 / 온다이ECC / 히트싱크 : 방열판 / 방열판 색상 : 블랙 / LED색상 : RGB / LED 시스템 : AURA SYNC , MYSTIC LIGHT , RGB FUSION , POLYCHROME , RAZER CHROMA / 높이 : 43mm / 모듈제조사 : SK하이닉스",https://img.danuri.io/catalog-image/110/351/030/b14eb0b6344c4e14b9c83e1ebd0c01ff.jpg?shrink=130:130&_v=20260920080509,https://prod.danawa.com/info/?pcode=30351110&cate=112752
154,PATRIOT,32GB,PATRIOT DDR5-6600 CL34 VIPER VENOM 패키지,"839,910",데스크탑용 / DDR5 / 6600MHz (PC5-52800) / 램타이밍 : CL34-40-40-84 / 1.40V / 램개수 : 2개 / XMP3.0 / 온다이ECC / 히트싱크 : 방열판 / 방열판 색상 : 블랙 / 높이 : 43mm,https://img.danuri.io/catalog-image/480/341/030/afa16ac302214017bf222f1798bbc455.jpg?shrink=130:130&_v=20260921080444,https://prod.danawa.com/info/?pcode=30341480&cate=112752
155,PATRIOT,32GB,PATRIOT DDR5-6000 CL28 VIPER Elite 5 ULTRA RGB 패키지,"790,600","데스크탑용 / DDR5 / 6000MHz (PC5-48000) / 램타이밍 : CL28-40-40-100 / 1.40V / 램개수 : 2개 / LED 라이트 / XMP3.0 / EXPO / 온다이ECC / 히트싱크 : 방열판 / 방열판 색상 : 블랙 / LED색상 : RGB / LED 시스템 : AURA SYNC , MYSTIC LIGHT , RGB FUSION , POLYCHROME / 높이 : 44mm",https://img.danuri.io/catalog-image/655/056/095/f93b4b876ace4698b600c24eded7ef51.jpg?shrink=130:130&_v=20260920080523,https://prod.danawa.com/info/?pcode=95056655&cate=112752
156,PATRIOT,32GB,PATRIOT DDR5-6600 CL36 VIPER Elite 5 RGB 패키지,"863,240","데스크탑용 / DDR5 / 6600MHz (PC5-52800) / 램타이밍 : CL36-46-46-86 / 1.40V / 램개수 : 2개 / LED 라이트 / XMP3.0 / 온다이ECC / 히트싱크 : 방열판 / 방열판 색상 : 화이트 / LED색상 : RGB / LED 시스템 : AURA SYNC , MYSTIC LIGHT , RGB FUSION , POLYCHROME , RAZER CHROMA / 높이 : 44mm / 모듈제조사 : SK하이닉스",https://img.danuri.io/catalog-image/317/612/030/41efe17fcfd84fdd81683ca364ccfe46.jpg?shrink=130:130&_v=20260921080444,https://prod.danawa.com/info/?pcode=30612317&cate=112752
157,PATRIOT,32GB,PATRIOT DDR5-7000 CL38 VIPER Elite 5 RGB 패키지,"999,760","데스크탑용 / DDR5 / 7000MHz (PC5-56000) / 램타이밍 : CL38-48-48-88 / 1.45V / 램개수 : 2개 / LED 라이트 / XMP3.0 / 온다이ECC / 히트싱크 : 방열판 / 방열판 색상 : 화이트 / LED색상 : RGB / LED 시스템 : AURA SYNC , MYSTIC LIGHT , RGB FUSION , POLYCHROME , RAZER CHROMA / 높이 : 44mm / 모듈제조사 : SK하이닉스",https://img.danuri.io/catalog-image/216/500/030/fd53bff4e5ab4a12804e3a4f5b364301.jpg?shrink=130:130&_v=20260920080509,https://prod.danawa.com/info/?pcode=30500216&cate=112752
158,PATRIOT,32GB,PATRIOT DDR5-6000 CL36 VIPER VENOM RGB 패키지,"709,990","데스크탑용 / DDR5 / 6000MHz (PC5-48000) / 램타이밍 : CL36-36-36-76 / 1.35V / 램개수 : 2개 / LED 라이트 / XMP3.0 / EXPO / 온다이ECC / 히트싱크 : 방열판 / 방열판 색상 : 블랙 / LED색상 : RGB / LED 시스템 : AURA SYNC , MYSTIC LIGHT , RGB FUSION , POLYCHROME , RAZER CHROMA / 높이 : 43mm / 모듈제조사 : SK하이닉스",https://img.danuri.io/catalog-image/996/350/030/35ec7bb4cfd44df69f07f745392afb1c.jpg?shrink=130:130&_v=20260920080509,https://prod.danawa.com/info/?pcode=30350996&cate=112752
159,PATRIOT,32GB,PATRIOT DDR5-7000 CL32 VIPER Elite 5 RGB 패키지,"979,180","데스크탑용 / DDR5 / 7000MHz (PC5-56000) / 램타이밍 : CL32-48-48-96 / 1.45V / 램개수 : 2개 / LED 라이트 / XMP3.0 / 온다이ECC / 히트싱크 : 방열판 / 방열판 색상 : 화이트 / LED색상 : RGB / LED 시스템 : AURA SYNC , MYSTIC LIGHT , RGB FUSION , POLYCHROME / 높이 : 44mm",https://img.danuri.io/catalog-image/885/501/071/10cd3e8de3f344cfa2ab4a768db35ede.jpg?shrink=130:130&_v=20260921080443,https://prod.danawa.com/info/?pcode=71501885&cate=112752
160,PATRIOT,32GB,PATRIOT DDR5-6000 CL36 VIPER VENOM 패키지,"690,000",데스크탑용 / DDR5 / 6000MHz (PC5-48000) / 램타이밍 : CL36-36-36-76 / 1.35V / 램개수 : 2개 / XMP3.0 / EXPO / 온다이ECC / 히트싱크 : 방열판 / 방열판 색상 : 블랙 / 높이 : 43mm,https://img.danuri.io/catalog-image/372/341/030/de9ea121c93d43aa8e8b91f5ce59e669.jpg?shrink=130:130&_v=20260921080444,https://prod.danawa.com/info/?pcode=30341372&cate=112752
161,ESSENCORE,32GB,ESSENCORE KLEVV DDR5-5600 CL46 파인인포,"645,480",데스크탑용 / DDR5 / 5600MHz (PC5-44800) / 램타이밍 : CL46-46-46-90 / 1.10V / 램개수 : 1개 / 온다이ECC / 히트싱크 : 미포함 / 높이 : 31.25mm / 모듈제조사 : SK하이닉스,https://img.danuri.io/catalog-image/391/913/027/585ad12bee4c45cb881774a9d227ef02.jpg?shrink=130:130&_v=20260921144128,https://prod.danawa.com/info/?pcode=27913391&cate=112752
162,ESSENCORE,32GB,ESSENCORE KLEVV DDR5-6000 CL30 CRAS V RGB WHITE 패키지 서린,"918,900","데스크탑용 / DDR5 / 6000MHz (PC5-48000) / 램타이밍 : CL30-36-36-76 / 1.35V / 램개수 : 2개 / LED 라이트 / XMP3.0 / EXPO / 온다이ECC / 히트싱크 : 방열판 / 방열판 색상 : 화이트 / LED색상 : RGB / LED 시스템 : AURA SYNC , MYSTIC LIGHT , RGB FUSION , POLYCHROME / 높이 : 44mm / 모듈제조사 : SK하이닉스",https://img.danuri.io/catalog-image/077/076/032/b48e8547888841238f36c821e49ba56c.jpg?shrink=130:130&_v=20260921090359,https://prod.danawa.com/info/?pcode=32076077&cate=112752
163,ESSENCORE,32GB,ESSENCORE KLEVV DDR5-6000 CL30 FIT V WHITE 패키지 서린,"759,000",데스크탑용 / DDR5 / 6000MHz (PC5-48000) / 램타이밍 : CL30-36-36-76 / 1.35V / 램개수 : 2개 / XMP3.0 / EXPO / 온다이ECC / 히트싱크 : 방열판 / 방열판 색상 : 화이트 / 높이 : 33.21mm / 모듈제조사 : SK하이닉스 / 코어울트라 미지원,https://img.danuri.io/catalog-image/716/188/091/850659e8414f475b9e59e050947efb50.jpg?shrink=130:130&_v=20260921080458,https://prod.danawa.com/info/?pcode=91188716&cate=112752
164,ESSENCORE,32GB,ESSENCORE KLEVV DDR5-6000 CL28 CRAS V RGB WHITE 패키지 서린,"919,000","데스크탑용 / DDR5 / 6000MHz (PC5-48000) / 램타이밍 : CL28-36-36-76 / 1.40V / 램개수 : 2개 / LED 라이트 / XMP3.0 / EXPO / 온다이ECC / 히트싱크 : 방열판 / 방열판 색상 : 화이트 / LED색상 : RGB / LED 시스템 : AURA SYNC , MYSTIC LIGHT , RGB FUSION , POLYCHROME / 높이 : 44mm / 모듈제조사 : SK하이닉스",https://img.danuri.io/catalog-image/470/188/091/9949a36a3f98474d8b21ab2c2850e120.jpg?shrink=130:130&_v=20260920080519,https://prod.danawa.com/info/?pcode=91188470&cate=112752
165,ESSENCORE,32GB,ESSENCORE KLEVV DDR5-6000 CL30 BOLT V AMD 패키지 서린,"759,000",데스크탑용 / DDR5 / 6000MHz (PC5-48000) / 램타이밍 : CL30-36-36-76 / 1.35V / 램개수 : 2개 / XMP3.0 / EXPO / 온다이ECC / 히트싱크 : 방열판 / 방열판 색상 : 블랙 / 높이 : 34mm / 모듈제조사 : SK하이닉스 / 코어울트라 미지원,https://img.danuri.io/catalog-image/574/000/079/95ff63e6f7014601a292d31e0e2026f6.jpg?shrink=130:130&_v=20260921080609,https://prod.danawa.com/info/?pcode=79000574&cate=112752
166,ESSENCORE,32GB,ESSENCORE KLEVV DDR5-6000 CL30 URBANE V RGB 패키지 서린,"889,000","데스크탑용 / DDR5 / 6000MHz (PC5-48000) / 램타이밍 : CL30-36-36-76 / 1.35V / 램개수 : 2개 / LED 라이트 / XMP3.0 / EXPO / 온다이ECC / 히트싱크 : 방열판 / 방열판 색상 : 화이트 / LED색상 : RGB / LED 시스템 : AURA SYNC , MYSTIC LIGHT , RGB FUSION , POLYCHROME / 높이 : 42.5mm / 모듈제조사 : SK하이닉스",https://img.danuri.io/catalog-image/681/587/072/86ab5a68e504487eac02a0481e6913ca.jpg?shrink=130:130&_v=20260921080444,https://prod.danawa.com/info/?pcode=72587681&cate=112752
167,ESSENCORE,32GB,ESSENCORE KLEVV DDR5-6000 CL30 CRAS V RGB 패키지 서린,"805,740","데스크탑용 / DDR5 / 6000MHz (PC5-48000) / 램타이밍 : CL30-36-36-76 / 1.35V / 램개수 : 2개 / LED 라이트 / XMP3.0 / EXPO / 온다이ECC / 히트싱크 : 방열판 / 방열판 색상 : 블랙 / LED색상 : RGB / LED 시스템 : AURA SYNC , MYSTIC LIGHT , RGB FUSION , POLYCHROME / 높이 : 44mm / 모듈제조사 : SK하이닉스",https://img.danuri.io/catalog-image/268/886/027/a391f71a8ad94663bc8ce3866bb4df68.jpg?shrink=130:130&_v=20260921080443,https://prod.danawa.com/info/?pcode=27886268&cate=112752
168,ESSENCORE,32GB,ESSENCORE KLEVV DDR5-6000 CL30 BOLT V 패키지 서린,"819,000",데스크탑용 / DDR5 / 6000MHz (PC5-48000) / 램타이밍 : CL30-36-36-76 / 1.35V / 램개수 : 2개 / XMP3.0 / EXPO / 온다이ECC / 히트싱크 : 방열판 / 방열판 색상 : 블랙 / 높이 : 34mm / 모듈제조사 : SK하이닉스,https://img.danuri.io/catalog-image/470/894/027/e10c9fd675e6446dbfd879bbe8ffc0b7.jpeg?shrink=130:130&_v=20260921080444,https://prod.danawa.com/info/?pcode=27894470&cate=112752
169,ESSENCORE,32GB,ESSENCORE KLEVV DDR5-6000 CL28 FIT V BLACK AMD 패키지 서린,"739,000",데스크탑용 / DDR5 / 6000MHz (PC5-48000) / 램타이밍 : CL28-36-36-76 / 1.40V / 램개수 : 2개 / XMP3.0 / EXPO / 온다이ECC / 히트싱크 : 방열판 / 방열판 색상 : 블랙 / 높이 : 33.21mm / 모듈제조사 : SK하이닉스 / 코어울트라 미지원,https://img.danuri.io/catalog-image/610/437/123/e030be34f0ae46948382be87ee956721.jpeg?shrink=130:130&_v=20260921090327,https://prod.danawa.com/info/?pcode=123437610&cate=112752
170,ESSENCORE,32GB,ESSENCORE KLEVV DDR5-6000 CL28 URBANE V RGB 블랙 패키지 서린,"889,000","데스크탑용 / DDR5 / 6000MHz (PC5-48000) / 램타이밍 : CL28-36-36-76 / 1.40V / 램개수 : 2개 / LED 라이트 / XMP3.0 / EXPO / 온다이ECC / 히트싱크 : 방열판 / 방열판 색상 : 블랙 / LED색상 : RGB / LED 시스템 : AURA SYNC , MYSTIC LIGHT , RGB FUSION , POLYCHROME / 높이 : 42.5mm / 모듈제조사 : SK하이닉스",https://img.danuri.io/catalog-image/755/692/100/ab6171769042450cbf077b253a3bbd1d.jpg?shrink=130:130&_v=20260921080622,https://prod.danawa.com/info/?pcode=100692755&cate=112752
171,ESSENCORE,32GB,ESSENCORE KLEVV DDR5-6000 CL30 URBANE V RGB 블랙 패키지 서린,"884,690","데스크탑용 / DDR5 / 6000MHz (PC5-48000) / 램타이밍 : CL30-36-36-76 / 1.35V / 램개수 : 2개 / LED 라이트 / XMP3.0 / EXPO / 온다이ECC / 히트싱크 : 방열판 / 방열판 색상 : 블랙 / LED색상 : RGB / LED 시스템 : AURA SYNC , MYSTIC LIGHT , RGB FUSION , POLYCHROME / 높이 : 42.5mm / 모듈제조사 : SK하이닉스",https://img.danuri.io/catalog-image/833/692/100/baf6df5ca82f40d2951d77eae2a2642d.jpg?shrink=130:130&_v=20260921080442,https://prod.danawa.com/info/?pcode=100692833&cate=112752
172,ESSENCORE,32GB,ESSENCORE KLEVV DDR5-6000 CL30 BOLT V WHITE AMD 패키지 서린,"797,430",데스크탑용 / DDR5 / 6000MHz (PC5-48000) / 램타이밍 : CL30-36-36-76 / 1.35V / 램개수 : 2개 / XMP3.0 / EXPO / 온다이ECC / 히트싱크 : 방열판 / 방열판 색상 : 화이트 / 높이 : 34mm / 모듈제조사 : SK하이닉스 / 코어울트라 미지원,https://img.danuri.io/catalog-image/748/538/123/178b5e1657eb4127aafcef3ced817e39.jpeg?shrink=130:130&_v=20260921080454,https://prod.danawa.com/info/?pcode=123538748&cate=112752
173,ESSENCORE,32GB,ESSENCORE KLEVV DDR5-6000 CL28 FIT V WHITE AMD 패키지 서린,"739,000",데스크탑용 / DDR5 / 6000MHz (PC5-48000) / 램타이밍 : CL28-36-36-76 / 1.40V / 램개수 : 2개 / XMP3.0 / EXPO / 온다이ECC / 히트싱크 : 방열판 / 방열판 색상 : 화이트 / 높이 : 33.21mm / 모듈제조사 : SK하이닉스 / 코어울트라 미지원,https://img.danuri.io/catalog-image/617/437/123/aee1922b51df40cbac4211bafa692d51.jpeg?shrink=130:130&_v=20260921090346,https://prod.danawa.com/info/?pcode=123437617&cate=112752
174,ESSENCORE,32GB,ESSENCORE KLEVV DDR5-6400 CL32 BOLT V WHITE AMD 패키지 서린,"797,430",데스크탑용 / DDR5 / 6400MHz (PC5-51200) / 램타이밍 : CL32-38-38-78 / 1.35V / 램개수 : 2개 / XMP3.0 / 온다이ECC / 히트싱크 : 방열판 / 방열판 색상 : 화이트 / 높이 : 34mm / 모듈제조사 : SK하이닉스 / 코어울트라 미지원,https://img.danuri.io/catalog-image/770/538/123/f6b589ea4d494cebb94f766f78635b57.jpeg?shrink=130:130&_v=20260921080458,https://prod.danawa.com/info/?pcode=123538770&cate=112752
175,ESSENCORE,32GB,ESSENCORE KLEVV DDR5-6000 CL28 CRAS V RGB 패키지 서린,"879,000","데스크탑용 / DDR5 / 6000MHz (PC5-48000) / 램타이밍 : CL28-36-36-76 / 1.40V / 램개수 : 2개 / LED 라이트 / XMP3.0 / EXPO / 온다이ECC / 히트싱크 : 방열판 / 방열판 색상 : 블랙 / LED색상 : RGB / LED 시스템 : AURA SYNC , MYSTIC LIGHT , RGB FUSION , POLYCHROME / 높이 : 44mm / 모듈제조사 : SK하이닉스",https://img.danuri.io/catalog-image/443/188/091/2879d21d60fb4c2b8dd52cbd12cd53da.jpg?shrink=130:130&_v=20260920080422,https://prod.danawa.com/info/?pcode=91188443&cate=112752
176,ESSENCORE,32GB,ESSENCORE KLEVV DDR5-6000 CL28 URBANE V RGB 화이트 패키지 서린,"889,000","데스크탑용 / DDR5 / 6000MHz (PC5-48000) / 램타이밍 : CL28-36-36-76 / 1.40V / 램개수 : 2개 / LED 라이트 / XMP3.0 / EXPO / 온다이ECC / 히트싱크 : 방열판 / 방열판 색상 : 화이트 / LED색상 : RGB / LED 시스템 : AURA SYNC , MYSTIC LIGHT , RGB FUSION , POLYCHROME / 높이 : 42.5mm / 모듈제조사 : SK하이닉스",https://img.danuri.io/catalog-image/737/692/100/3df1e0efd7984b3793927e3c7cbde70d.jpg?shrink=130:130&_v=20260921080457,https://prod.danawa.com/info/?pcode=100692737&cate=112752
177,ESSENCORE,32GB,ESSENCORE KLEVV DDR5-6400 CL32 CRAS V RGB WHITE 패키지 서린,"919,000","데스크탑용 / DDR5 / 6400MHz (PC5-51200) / 램타이밍 : CL32-38-38-78 / 1.35V / 램개수 : 2개 / LED 라이트 / XMP3.0 / 온다이ECC / 히트싱크 : 방열판 / 방열판 색상 : 화이트 / LED색상 : RGB / LED 시스템 : AURA SYNC , MYSTIC LIGHT , RGB FUSION , POLYCHROME / 높이 : 44mm",https://img.danuri.io/catalog-image/993/075/032/ca6e95a9254b4d6eb9ef800b122bbd36.jpg?shrink=130:130&_v=20260921080455,https://prod.danawa.com/info/?pcode=32075993&cate=112752
178,ESSENCORE,32GB,ESSENCORE KLEVV DDR5-6000 CL30 FIT V 패키지 서린,"759,000",데스크탑용 / DDR5 / 6000MHz (PC5-48000) / 램타이밍 : CL30-36-36-76 / 1.35V / 램개수 : 2개 / XMP3.0 / EXPO / 온다이ECC / 히트싱크 : 방열판 / 방열판 색상 : 블랙 / 높이 : 33.21mm / 모듈제조사 : SK하이닉스 / 코어울트라 미지원,https://img.danuri.io/catalog-image/656/188/091/14acb896c1ce4137b87fe34f73ed472d.jpeg?shrink=130:130&_v=20260921080609,https://prod.danawa.com/info/?pcode=91188656&cate=112752
179,ESSENCORE,32GB,ESSENCORE KLEVV DDR5-6000 CL30 BOLT V WHITE 패키지 서린,"795,200",데스크탑용 / DDR5 / 6000MHz (PC5-48000) / 램타이밍 : CL30-36-36-76 / 1.35V / 램개수 : 2개 / XMP3.0 / EXPO / 온다이ECC / 히트싱크 : 방열판 / 방열판 색상 : 화이트 / 높이 : 34mm / 모듈제조사 : SK하이닉스,https://img.danuri.io/catalog-image/256/152/092/4f75e0c4e3c74380b3330ca2e0003e72.jpg?shrink=130:130&_v=20260921130733,https://prod.danawa.com/info/?pcode=92152256&cate=112752
180,ESSENCORE,32GB,ESSENCORE KLEVV DDR5-7200 CL34 CRAS V RGB 패키지 서린,"922,740","데스크탑용 / DDR5 / 7200MHz (PC5-57600) / 램타이밍 : CL34-44-44-84 / 1.40V / 램개수 : 2개 / LED 라이트 / XMP3.0 / 온다이ECC / 히트싱크 : 방열판 / 방열판 색상 : 블랙 / LED색상 : RGB / LED 시스템 : AURA SYNC , MYSTIC LIGHT , RGB FUSION , POLYCHROME / 높이 : 44mm / 모듈제조사 : SK하이닉스",https://img.danuri.io/catalog-image/676/886/027/90e2d992b14943d8b0e7416f455e54b0.jpg?shrink=130:130&_v=20260921080622,https://prod.danawa.com/info/?pcode=27886676&cate=112752
181,ESSENCORE,32GB,ESSENCORE KLEVV DDR5-6000 CL30 CRAS V RGB WHITE AMD 패키지 서린,"861,000","데스크탑용 / DDR5 / 6000MHz (PC5-48000) / 램타이밍 : CL30-36-36-76 / 1.35V / 램개수 : 2개 / LED 라이트 / XMP3.0 / EXPO / 온다이ECC / 히트싱크 : 방열판 / 방열판 색상 : 화이트 / LED색상 : RGB / LED 시스템 : AURA SYNC , MYSTIC LIGHT , RGB FUSION , POLYCHROME / 높이 : 44mm / 모듈제조사 : SK하이닉스 / 코어울트라 미지원",https://img.danuri.io/catalog-image/636/010/079/dd6866883ece4ff18bbe55ec02467f27.jpg?shrink=130:130&_v=20260921160048,https://prod.danawa.com/info/?pcode=79010636&cate=112752
182,ESSENCORE,32GB,ESSENCORE KLEVV DDR5-6000 CL28 BOLT V WHITE 패키지 서린,"801,500",데스크탑용 / DDR5 / 6000MHz (PC5-48000) / 램타이밍 : CL28-36-36-76 / 1.40V / 램개수 : 2개 / XMP3.0 / EXPO / 온다이ECC / 히트싱크 : 방열판 / 방열판 색상 : 화이트 / 높이 : 34mm / 모듈제조사 : SK하이닉스,https://img.danuri.io/catalog-image/350/188/091/40f55bbb314448e5a49faa549870809d.jpg?shrink=130:130&_v=20260921080609,https://prod.danawa.com/info/?pcode=91188350&cate=112752
183,ESSENCORE,32GB,ESSENCORE KLEVV DDR5-6400 CL32 CRAS V RGB 패키지 서린,"919,000","데스크탑용 / DDR5 / 6400MHz (PC5-51200) / 램타이밍 : CL32-38-38-78 / 1.35V / 램개수 : 2개 / LED 라이트 / XMP3.0 / 온다이ECC / 히트싱크 : 방열판 / 방열판 색상 : 블랙 / LED색상 : RGB / LED 시스템 : AURA SYNC , MYSTIC LIGHT , RGB FUSION , POLYCHROME / 높이 : 44mm / 모듈제조사 : SK하이닉스",https://img.danuri.io/catalog-image/454/886/027/d406cf891eda40b296476de8126992a6.jpg?shrink=130:130&_v=20260921142618,https://prod.danawa.com/info/?pcode=27886454&cate=112752
184,ESSENCORE,32GB,ESSENCORE KLEVV DDR5-6400 CL32 CRAS V RGB WHITE AMD 패키지 서린,"869,830","데스크탑용 / DDR5 / 6400MHz (PC5-51200) / 램타이밍 : CL32-38-38-78 / 1.35V / 램개수 : 2개 / LED 라이트 / XMP3.0 / 온다이ECC / 히트싱크 : 방열판 / 방열판 색상 : 화이트 / LED색상 : RGB / LED 시스템 : AURA SYNC , MYSTIC LIGHT , RGB FUSION , POLYCHROME / 높이 : 44mm / 코어울트라 미지원",https://img.danuri.io/catalog-image/092/017/079/0c26e1fb14bf48d397833d8c26e27ef6.jpg?shrink=130:130&_v=20260919080636,https://prod.danawa.com/info/?pcode=79017092&cate=112752
185,ESSENCORE,32GB,ESSENCORE KLEVV DDR5-6400 CL32 URBANE V RGB 패키지 서린,"886,010","데스크탑용 / DDR5 / 6400MHz (PC5-51200) / 램타이밍 : CL32-38-38-78 / 1.35V / 램개수 : 2개 / LED 라이트 / XMP3.0 / EXPO / 온다이ECC / 히트싱크 : 방열판 / 방열판 색상 : 화이트 / LED색상 : RGB / LED 시스템 : AURA SYNC , MYSTIC LIGHT , RGB FUSION , POLYCHROME / 높이 : 42.5mm / 모듈제조사 : SK하이닉스",https://img.danuri.io/catalog-image/687/587/072/97ad459f26264ad98fbc491c5534445e.jpg?shrink=130:130&_v=20260920080519,https://prod.danawa.com/info/?pcode=72587687&cate=112752
186,ESSENCORE,32GB,ESSENCORE KLEVV DDR5-6400 CL30 BOLT V 패키지 서린,"879,000",데스크탑용 / DDR5 / 6400MHz (PC5-51200) / 램타이밍 : CL30-38-38-78 / 1.40V / 램개수 : 2개 / XMP3.0 / EXPO / 온다이ECC / 히트싱크 : 방열판 / 방열판 색상 : 블랙 / 높이 : 34mm / 모듈제조사 : SK하이닉스 / 25년 8월부로 전압 1.35V→1.4V 변경,https://img.danuri.io/catalog-image/016/805/093/2e929290c7d744c3becfe934949bbc3e.jpg?shrink=130:130&_v=20260920080635,https://prod.danawa.com/info/?pcode=93805016&cate=112752
187,ESSENCORE,32GB,ESSENCORE KLEVV DDR5-6400 CL30 BOLT V WHITE 패키지 서린,"875,500",데스크탑용 / DDR5 / 6400MHz (PC5-51200) / 램타이밍 : CL30-38-38-78 / 1.40V / 램개수 : 2개 / XMP3.0 / EXPO / 온다이ECC / 히트싱크 : 방열판 / 방열판 색상 : 화이트 / 높이 : 34mm / 모듈제조사 : SK하이닉스 / 25년 8월부로 전압 1.35V→1.4V 변경,https://img.danuri.io/catalog-image/103/805/093/636d88ba47474e2c8bdd0f9fa4a97fdb.jpg?shrink=130:130&_v=20260921090346,https://prod.danawa.com/info/?pcode=93805103&cate=112752
188,ESSENCORE,32GB,ESSENCORE KLEVV DDR5-7200 CL34 CRAS V RGB ROG 패키지 서린,"789,000","데스크탑용 / DDR5 / 7200MHz (PC5-57600) / 램타이밍 : CL34-44-44-84 / 1.40V / 램개수 : 2개 / LED 라이트 / XMP3.0 / EXPO / 온다이ECC / 히트싱크 : 방열판 / 방열판 색상 : 실버/그레이 / LED색상 : RGB / LED 시스템 : AURA SYNC , MYSTIC LIGHT , RGB FUSION , POLYCHROME / 높이 : 44mm",https://img.danuri.io/catalog-image/690/376/064/b963f60cb5374e65a3c6e9d10610f21f.jpg?shrink=130:130&_v=20260921080443,https://prod.danawa.com/info/?pcode=64376690&cate=112752
189,ESSENCORE,32GB,ESSENCORE KLEVV DDR5-7200 CL34 CRAS V RGB White 패키지 서린,"935,490","데스크탑용 / DDR5 / 7200MHz (PC5-57600) / 램타이밍 : CL34-44-44-84 / 1.40V / 램개수 : 2개 / LED 라이트 / XMP3.0 / 온다이ECC / 히트싱크 : 방열판 / 방열판 색상 : 화이트 / LED색상 : RGB / LED 시스템 : AURA SYNC , MYSTIC LIGHT , RGB FUSION , POLYCHROME / 높이 : 44mm",https://img.danuri.io/catalog-image/197/989/037/c04eeb13a6624d63b56518197bc51b02.jpg?shrink=130:130&_v=20260921080457,https://prod.danawa.com/info/?pcode=37989197&cate=112752
190,ESSENCORE,32GB,ESSENCORE KLEVV DDR5-6000 CL30 CRAS V RGB WHITE 패키지 중고,"857,000","데스크탑용 / DDR5 / 6000MHz (PC5-48000) / 램타이밍 : CL30-36-36-76 / 1.35V / 램개수 : 2개 / LED 라이트 / XMP3.0 / EXPO / 온다이ECC / 히트싱크 : 방열판 / 방열판 색상 : 화이트 / LED색상 : RGB / LED 시스템 : AURA SYNC , MYSTIC LIGHT , RGB FUSION , POLYCHROME / 높이 : 44mm / 모듈제조사 : SK하이닉스",https://img.danuri.io/catalog-image/950/804/123/27db833b67124cf18a5e4fee283f04af.jpg?shrink=130:130&_v=20260921080458,https://prod.danawa.com/info/?pcode=123804950&cate=112752
191,ESSENCORE,32GB,ESSENCORE KLEVV DDR5-6000 CL30 FIT V 패키지 중고,"730,280",데스크탑용 / DDR5 / 6000MHz (PC5-48000) / 램타이밍 : CL30-36-36-76 / 1.35V / 램개수 : 2개 / XMP3.0 / EXPO / 온다이ECC / 히트싱크 : 방열판 / 방열판 색상 : 블랙 / 높이 : 33.21mm / 모듈제조사 : SK하이닉스 / 코어울트라 미지원,https://img.danuri.io/catalog-image/361/249/124/2b85266668da4531918a151d9965bf2a.jpg?shrink=130:130&_v=20260921080444,https://prod.danawa.com/info/?pcode=124249361&cate=112752
192,G.SKILL,32GB,G.SKILL DDR5-6000 CL36 TRIDENT Z5 NEO RGB J 패키지,"899,000","데스크탑용 / DDR5 / 6000MHz (PC5-48000) / 램타이밍 : CL36-36-36-96 / 1.35V / 램개수 : 2개 / LED 라이트 / EXPO / 온다이ECC / 히트싱크 : 방열판 / 방열판 색상 : 블랙 / LED색상 : RGB / LED 시스템 : AURA SYNC , MYSTIC LIGHT , RGB FUSION , POLYCHROME / 높이 : 44mm",https://img.danuri.io/catalog-image/893/931/017/f0cd0dea3df54f579485f9846dd62be4.jpg?shrink=130:130&_v=20260921090404,https://prod.danawa.com/info/?pcode=17931893&cate=112752
193,G.SKILL,32GB,G.SKILL DDR5-6400 CL32 TRIDENT Z5 RGB J 패키지,"984,000","데스크탑용 / DDR5 / 6400MHz (PC5-51200) / 램타이밍 : CL32-39-39-102 / 1.40V / 램개수 : 2개 / LED 라이트 / XMP3.0 / 온다이ECC / 히트싱크 : 방열판 / 방열판 색상 : 블랙 / LED색상 : RGB / LED 시스템 : AURA SYNC , MYSTIC LIGHT , RGB FUSION , POLYCHROME / 높이 : 44mm",https://img.danuri.io/catalog-image/698/272/016/145e1325658a4be9a8e4bd3398bdd515.jpg?shrink=130:130&_v=20260921142643,https://prod.danawa.com/info/?pcode=16272698&cate=112752
194,G.SKILL,32GB,G.SKILL DDR5-6000 CL26 TRIDENT Z5 NeoX RGB for AMD ULL 매트블랙 패키지,"2,190,000","데스크탑용 / DDR5 / 6000MHz (PC5-48000) / 램타이밍 : CL26-36-36-32 / 1.45V / 램개수 : 2개 / LED 라이트 / EXPO / 온다이ECC / 히트싱크 : 방열판 / 방열판 색상 : 블랙 / LED색상 : RGB / LED 시스템 : AURA SYNC , MYSTIC LIGHT , RGB FUSION , POLYCHROME / 높이 : 44mm",https://img.danuri.io/catalog-image/539/727/122/f60a8a38dec34ec1b60971de39ff849f.jpeg?shrink=130:130&_v=20260921080454,https://prod.danawa.com/info/?pcode=122727539&cate=112752
195,G.SKILL,32GB,G.SKILL DDR5-6000 CL26 TRIDENT Z5 NeoX RGB for AMD ULL 매트화이트 패키지,"2,090,000","데스크탑용 / DDR5 / 6000MHz (PC5-48000) / 램타이밍 : CL26-36-36-32 / 1.45V / 램개수 : 2개 / LED 라이트 / EXPO / 온다이ECC / 히트싱크 : 방열판 / 방열판 색상 : 화이트 / LED색상 : RGB / LED 시스템 : AURA SYNC , MYSTIC LIGHT , RGB FUSION , POLYCHROME / 높이 : 44mm",https://img.danuri.io/catalog-image/540/727/122/4d09999902d944c89de0c61c5da2e17f.jpeg?shrink=130:130&_v=20260921080622,https://prod.danawa.com/info/?pcode=122727540&cate=112752
196,G.SKILL,32GB,G.SKILL DDR5-6000 CL30 RIPJAWS M5 RGB 블랙 패키지,"1,067,690","데스크탑용 / DDR5 / 6000MHz (PC5-48000) / 램타이밍 : CL30-40-40-96 / 1.35V / 램개수 : 2개 / LED 라이트 / XMP3.0 / 온다이ECC / 방열판 색상 : 블랙 / LED색상 : RGB / LED 시스템 : AURA SYNC , MYSTIC LIGHT , RGB FUSION , POLYCHROME / 높이 : 41mm",https://img.danuri.io/catalog-image/878/151/056/75fe85266cd4414d92c01ee359982e12.jpg?shrink=130:130&_v=20260921090350,https://prod.danawa.com/info/?pcode=56151878&cate=112752
197,G.SKILL,32GB,G.SKILL DDR5-6000 CL36 TRIDENT Z5 RGB J 패키지,"829,000","데스크탑용 / DDR5 / 6000MHz (PC5-48000) / 램타이밍 : CL36-36-36-96 / 1.35V / 램개수 : 2개 / LED 라이트 / XMP3.0 / 온다이ECC / 히트싱크 : 방열판 / 방열판 색상 : 블랙 / LED색상 : RGB / LED 시스템 : AURA SYNC , MYSTIC LIGHT , RGB FUSION , POLYCHROME / 높이 : 44mm",https://img.danuri.io/catalog-image/474/193/016/1fe4781a09774b76bf60d6f72311bd9f.jpg?shrink=130:130&_v=20260921080609,https://prod.danawa.com/info/?pcode=16193474&cate=112752
198,G.SKILL,32GB,G.SKILL DDR5-6000 CL26 TRIDENT Z5 NeoX RGB for AMD ULL 글로시블랙 패키지,"2,190,000","데스크탑용 / DDR5 / 6000MHz (PC5-48000) / 램타이밍 : CL26-36-36-32 / 1.45V / 램개수 : 2개 / LED 라이트 / EXPO / 온다이ECC / 히트싱크 : 방열판 / 방열판 색상 : 블랙 / LED색상 : RGB / LED 시스템 : AURA SYNC , MYSTIC LIGHT , RGB FUSION , POLYCHROME / 높이 : 44mm",https://img.danuri.io/catalog-image/537/727/122/189384b7638d4c8bbaf252901adc14a2.jpeg?shrink=130:130&_v=20260921090355,https://prod.danawa.com/info/?pcode=122727537&cate=112752
199,G.SKILL,32GB,G.SKILL DDR5-6000 CL30 TRIDENT Z5 NEO RGB J 화이트 패키지,"1,089,990","데스크탑용 / DDR5 / 6000MHz (PC5-48000) / 램타이밍 : CL30-36-36-96 / 1.35V / 램개수 : 2개 / LED 라이트 / EXPO / 온다이ECC / 히트싱크 : 방열판 / 방열판 색상 : 화이트 / LED색상 : RGB / LED 시스템 : AURA SYNC , MYSTIC LIGHT , RGB FUSION , POLYCHROME / 높이 : 44mm",https://img.danuri.io/catalog-image/721/579/040/58b19a930b3a431fa81035e29707f213.jpg?shrink=130:130&_v=20260921090313,https://prod.danawa.com/info/?pcode=40579721&cate=112752
200,G.SKILL,32GB,G.SKILL DDR5-6400 CL30 TRIDENT Z5 NEO RGB J 화이트 패키지,"747,120","데스크탑용 / DDR5 / 6400MHz (PC5-51200) / 램타이밍 : CL30-39-39-102 / 1.40V / 램개수 : 2개 / LED 라이트 / EXPO / 온다이ECC / 히트싱크 : 방열판 / 방열판 색상 : 화이트 / LED색상 : RGB / LED 시스템 : AURA SYNC , MYSTIC LIGHT , RGB FUSION , POLYCHROME / 높이 : 44mm",https://img.danuri.io/catalog-image/150/847/067/0975b2260895494fbfa3e3caa92bf3cd.jpg?shrink=130:130&_v=20260921080444,https://prod.danawa.com/info/?pcode=67847150&cate=112752
201,G.SKILL,32GB,G.SKILL DDR5-5600 CL36 AEGIS 5,"818,990",데스크탑용 / DDR5 / 5600MHz (PC5-44800) / 램타이밍 : CL36-36-36-89 / 1.25V / 램개수 : 1개 / XMP3.0 / EXPO / 온다이ECC / 히트싱크 : 미포함 / 높이 : 31mm,https://img.danuri.io/catalog-image/471/656/075/2134f73856f9476882b1e27c6ad2d2ee.jpg?shrink=130:130&_v=20260921090321,https://prod.danawa.com/info/?pcode=75656471&cate=112752
202,G.SKILL,32GB,G.SKILL DDR5-6000 CL28 TRIDENT Z5 NeoX RGB for AMD ULL 매트화이트 패키지,"1,990,000","데스크탑용 / DDR5 / 6000MHz (PC5-48000) / 램타이밍 : CL28-36-36-32 / 1.40V / 램개수 : 2개 / LED 라이트 / EXPO / 온다이ECC / 히트싱크 : 방열판 / 방열판 색상 : 화이트 / LED색상 : RGB / LED 시스템 : AURA SYNC , MYSTIC LIGHT , RGB FUSION , POLYCHROME / 높이 : 44mm",https://img.danuri.io/catalog-image/534/727/122/e79d5d83b6f245ec89bee07b4e0dd1a6.jpeg?shrink=130:130&_v=20260921090356,https://prod.danawa.com/info/?pcode=122727534&cate=112752
203,G.SKILL,32GB,G.SKILL DDR5-6000 CL30 FLARE X5 J 패키지,"1,049,990",데스크탑용 / DDR5 / 6000MHz (PC5-48000) / 램타이밍 : CL30-38-38-96 / 1.35V / 램개수 : 2개 / EXPO / 온다이ECC / 히트싱크 : 방열판 / 방열판 색상 : 블랙 / 높이 : 33mm,https://img.danuri.io/catalog-image/765/022/040/5b68b857d4bc4f3c821682028306320f.jpg?shrink=130:130&_v=20260921090353,https://prod.danawa.com/info/?pcode=40022765&cate=112752
204,G.SKILL,32GB,G.SKILL DDR5-6000 CL30 TRIDENT Z5 NEO RGB J 패키지,"1,079,990","데스크탑용 / DDR5 / 6000MHz (PC5-48000) / 램타이밍 : CL30-38-38-96 / 1.35V / 램개수 : 2개 / LED 라이트 / EXPO / 온다이ECC / 히트싱크 : 방열판 / 방열판 색상 : 블랙 / LED색상 : RGB / LED 시스템 : AURA SYNC , MYSTIC LIGHT , RGB FUSION , POLYCHROME / 높이 : 44mm",https://img.danuri.io/catalog-image/836/931/017/66dc663561ae4621b708bf09a1ec4f70.jpg?shrink=130:130&_v=20260921090311,https://prod.danawa.com/info/?pcode=17931836&cate=112752
205,G.SKILL,32GB,G.SKILL DDR5-6000 CL30 TRIDENT Z5 NeoX RGB for AMD ULL 매트블랙 패키지,"1,182,000","데스크탑용 / DDR5 / 6000MHz (PC5-48000) / 램타이밍 : CL30-38-38-32 / 1.35V / 램개수 : 2개 / LED 라이트 / EXPO / 온다이ECC / 히트싱크 : 방열판 / 방열판 색상 : 블랙 / LED색상 : RGB / LED 시스템 : AURA SYNC , MYSTIC LIGHT , RGB FUSION , POLYCHROME / 높이 : 44mm",https://img.danuri.io/catalog-image/504/727/122/225f359f8b4e404fa8bfd931229e31de.jpeg?shrink=130:130&_v=20260921135153,https://prod.danawa.com/info/?pcode=122727504&cate=112752
206,G.SKILL,32GB,G.SKILL DDR5-6000 CL36 TRIDENT Z5 RGB 화이트 패키지,"829,070","데스크탑용 / DDR5 / 6000MHz (PC5-48000) / 램타이밍 : CL36-36-36-96 / 1.35V / 램개수 : 2개 / LED 라이트 / XMP3.0 / 온다이ECC / 히트싱크 : 방열판 / 방열판 색상 : 화이트 / LED색상 : RGB / LED 시스템 : AURA SYNC , MYSTIC LIGHT , RGB FUSION , POLYCHROME / 높이 : 44mm",https://img.danuri.io/catalog-image/443/639/021/4b1ea3a3b7bb43e68220816adcf23843.jpg?shrink=130:130&_v=20260921080458,https://prod.danawa.com/info/?pcode=21639443&cate=112752
207,G.SKILL,32GB,G.SKILL DDR5-6000 CL30 TRIDENT Z5 NeoX RGB for AMD ULL 매트화이트 패키지,"1,160,000","데스크탑용 / DDR5 / 6000MHz (PC5-48000) / 램타이밍 : CL30-38-38-32 / 1.35V / 램개수 : 2개 / LED 라이트 / EXPO / 온다이ECC / 히트싱크 : 방열판 / 방열판 색상 : 화이트 / LED색상 : RGB / LED 시스템 : AURA SYNC , MYSTIC LIGHT , RGB FUSION , POLYCHROME / 높이 : 44mm",https://img.danuri.io/catalog-image/512/727/122/d268d9fd814e424d812acebf516bc587.jpeg?shrink=130:130&_v=20260921124833,https://prod.danawa.com/info/?pcode=122727512&cate=112752
208,G.SKILL,32GB,G.SKILL DDR5-6000 CL30 RIPJAWS M5 RGB 화이트 패키지,"1,069,990","데스크탑용 / DDR5 / 6000MHz (PC5-48000) / 램타이밍 : CL30-40-40-96 / 1.35V / 램개수 : 2개 / LED 라이트 / XMP3.0 / 온다이ECC / 방열판 색상 : 화이트 / LED색상 : RGB / LED 시스템 : AURA SYNC , MYSTIC LIGHT , RGB FUSION , POLYCHROME / 높이 : 41mm",https://img.danuri.io/catalog-image/998/151/056/909ef0a2c3704abda01d312aa42182b6.jpg?shrink=130:130&_v=20260921090305,https://prod.danawa.com/info/?pcode=56151998&cate=112752
209,G.SKILL,32GB,G.SKILL DDR5-6000 CL28 FLARE X5 J 패키지,"856,790",데스크탑용 / DDR5 / 6000MHz (PC5-48000) / 램타이밍 : CL28-36-36-96 / 1.40V / 램개수 : 2개 / EXPO / 온다이ECC / 히트싱크 : 방열판 / 방열판 색상 : 블랙 / 높이 : 33mm,https://img.danuri.io/catalog-image/436/913/072/6aeb59c9e4404306b1a8304a5ece46ea.jpg?shrink=130:130&_v=20260921080622,https://prod.danawa.com/info/?pcode=72913436&cate=112752
210,G.SKILL,32GB,G.SKILL DDR5-6000 CL30 TRIDENT Z5 NEO J 패키지,"963,120",데스크탑용 / DDR5 / 6000MHz (PC5-48000) / 램타이밍 : CL30-38-38-96 / 1.35V / 램개수 : 2개 / EXPO / 온다이ECC / 히트싱크 : 방열판 / 방열판 색상 : 블랙 / 높이 : 44mm,https://img.danuri.io/catalog-image/031/932/017/47e45d614cbb481fb8e0bbecaa85c0d7.jpg?shrink=130:130&_v=20260921090355,https://prod.danawa.com/info/?pcode=17932031&cate=112752
211,G.SKILL,32GB,G.SKILL DDR5-6000 CL30 TRIDENT Z5 NeoX RGB for AMD ULL 글로시블랙 패키지,"1,180,000","데스크탑용 / DDR5 / 6000MHz (PC5-48000) / 램타이밍 : CL30-38-38-32 / 1.35V / 램개수 : 2개 / LED 라이트 / EXPO / 온다이ECC / 히트싱크 : 방열판 / 방열판 색상 : 블랙 / LED색상 : RGB / LED 시스템 : AURA SYNC , MYSTIC LIGHT , RGB FUSION , POLYCHROME / 높이 : 44mm",https://img.danuri.io/catalog-image/495/727/122/f217af9bd46f4887a5e064b7e92a2fd8.jpeg?shrink=130:130&_v=20260921135153,https://prod.danawa.com/info/?pcode=122727495&cate=112752
212,G.SKILL,32GB,G.SKILL DDR5-6000 CL32 TRIDENT Z5 RGB J 화이트 패키지,"944,990","데스크탑용 / DDR5 / 6000MHz (PC5-48000) / 램타이밍 : CL32-38-38-96 / 1.35V / 램개수 : 2개 / LED 라이트 / XMP3.0 / 온다이ECC / 히트싱크 : 방열판 / 방열판 색상 : 화이트 / LED색상 : RGB / LED 시스템 : AURA SYNC , MYSTIC LIGHT , RGB FUSION , POLYCHROME / 높이 : 44mm",https://img.danuri.io/catalog-image/061/541/051/f74b15a4ca454e1584b9961fd3c7dd26.jpg?shrink=130:130&_v=20260921142623,https://prod.danawa.com/info/?pcode=51541061&cate=112752
213,G.SKILL,32GB,G.SKILL DDR5-6000 CL36 RIPJAWS M5 RGB 화이트 패키지,"847,000","데스크탑용 / DDR5 / 6000MHz (PC5-48000) / 램타이밍 : CL36-36-36-96 / 1.35V / 램개수 : 2개 / LED 라이트 / XMP3.0 / 온다이ECC / 방열판 색상 : 화이트 / LED색상 : RGB / LED 시스템 : AURA SYNC , MYSTIC LIGHT , RGB FUSION , POLYCHROME / 높이 : 41mm",https://img.danuri.io/catalog-image/667/218/071/c4a79d9c316a4a30a3a20d401d5b122f.jpg?shrink=130:130&_v=20260921090326,https://prod.danawa.com/info/?pcode=71218667&cate=112752
214,G.SKILL,32GB,G.SKILL DDR5-6000 CL28 TRIDENT Z5 NeoX RGB for AMD ULL 매트블랙 패키지,"1,990,000","데스크탑용 / DDR5 / 6000MHz (PC5-48000) / 램타이밍 : CL28-36-36-32 / 1.40V / 램개수 : 2개 / LED 라이트 / EXPO / 온다이ECC / 히트싱크 : 방열판 / 방열판 색상 : 블랙 / LED색상 : RGB / LED 시스템 : AURA SYNC , MYSTIC LIGHT , RGB FUSION , POLYCHROME / 높이 : 44mm",https://img.danuri.io/catalog-image/533/727/122/2a8064899cff4e7eb97086617ed34ee6.jpeg?shrink=130:130&_v=20260921090358,https://prod.danawa.com/info/?pcode=122727533&cate=112752
215,G.SKILL,32GB,G.SKILL DDR5-6000 CL28 TRIDENT Z5 NeoX RGB for AMD ULL 글로시블랙 패키지,"1,990,000","데스크탑용 / DDR5 / 6000MHz (PC5-48000) / 램타이밍 : CL28-36-36-32 / 1.40V / 램개수 : 2개 / LED 라이트 / EXPO / 온다이ECC / 히트싱크 : 방열판 / 방열판 색상 : 블랙 / LED색상 : RGB / LED 시스템 : AURA SYNC , MYSTIC LIGHT , RGB FUSION , POLYCHROME / 높이 : 44mm",https://img.danuri.io/catalog-image/531/727/122/71e8f3a381a84e69aa3218e8f0cfb440.jpeg?shrink=130:130&_v=20260921090355,https://prod.danawa.com/info/?pcode=122727531&cate=112752
216,G.SKILL,32GB,G.SKILL DDR5-6000 CL36 TRIDENT Z5 NeoX RGB for AMD ULL 매트화이트 패키지,"986,000","데스크탑용 / DDR5 / 6000MHz (PC5-48000) / 램타이밍 : CL36-36-36-76 / 1.35V / 램개수 : 2개 / LED 라이트 / EXPO / 온다이ECC / 히트싱크 : 방열판 / 방열판 색상 : 화이트 / LED색상 : RGB / LED 시스템 : AURA SYNC , MYSTIC LIGHT , RGB FUSION , POLYCHROME / 높이 : 44mm",https://img.danuri.io/catalog-image/477/727/122/5ffb8b79a64b4cd385adaa2145942dee.jpeg?shrink=130:130&_v=20260921135154,https://prod.danawa.com/info/?pcode=122727477&cate=112752
217,G.SKILL,32GB,G.SKILL DDR5-6000 CL30 TRIDENT Z5 RGB J 패키지,"909,000","데스크탑용 / DDR5 / 6000MHz (PC5-48000) / 램타이밍 : CL30-40-40-96 / 1.35V / 램개수 : 2개 / LED 라이트 / XMP3.0 / 온다이ECC / 히트싱크 : 방열판 / 방열판 색상 : 블랙 / LED색상 : RGB / LED 시스템 : AURA SYNC , MYSTIC LIGHT , RGB FUSION , POLYCHROME / 높이 : 44mm",https://img.danuri.io/catalog-image/946/873/016/165d54946b6a401bbe6aca932ecb063b.jpg?shrink=130:130&_v=20260921080622,https://prod.danawa.com/info/?pcode=16873946&cate=112752
218,G.SKILL,32GB,G.SKILL DDR5-6000 CL36 RIPJAWS M5 NEO RGB 블랙 패키지,"888,990","데스크탑용 / DDR5 / 6000MHz (PC5-48000) / 램타이밍 : CL36-36-36-96 / 1.35V / 램개수 : 2개 / LED 라이트 / XMP3.0 / EXPO / 온다이ECC / 방열판 색상 : 블랙 / LED색상 : RGB / LED 시스템 : AURA SYNC , MYSTIC LIGHT , RGB FUSION , POLYCHROME / 높이 : 41mm",https://img.danuri.io/catalog-image/834/983/078/ecc3d697d0d744448defd7871520e1ec.jpg?shrink=130:130&_v=20260921090356,https://prod.danawa.com/info/?pcode=78983834&cate=112752
219,G.SKILL,32GB,G.SKILL DDR5-5200 CL40 RIPJAWS M5 RGB 블랙 패키지,"734,000","데스크탑용 / DDR5 / 5200MHz (PC5-41600) / 램타이밍 : CL40-40-40-83 / 1.10V / 램개수 : 2개 / LED 라이트 / XMP3.0 / 온다이ECC / 방열판 색상 : 블랙 / LED색상 : RGB / LED 시스템 : AURA SYNC , MYSTIC LIGHT , RGB FUSION , POLYCHROME / 높이 : 41mm",https://img.danuri.io/catalog-image/461/151/056/a8883e80214f48dba3c06fea99b0fd35.jpg?shrink=130:130&_v=20260921142604,https://prod.danawa.com/info/?pcode=56151461&cate=112752
220,G.SKILL,32GB,G.SKILL DDR5-6000 CL36 TRIDENT Z5 NEO RGB J 화이트 패키지,"898,990","데스크탑용 / DDR5 / 6000MHz (PC5-48000) / 램타이밍 : CL36-36-36-96 / 1.35V / 램개수 : 2개 / LED 라이트 / EXPO / 온다이ECC / 히트싱크 : 방열판 / 방열판 색상 : 화이트 / LED색상 : RGB / LED 시스템 : AURA SYNC , MYSTIC LIGHT , RGB FUSION , POLYCHROME / 높이 : 44mm",https://img.danuri.io/catalog-image/616/385/093/89974ba4daf942d3b20e0a225cd47183.jpg?shrink=130:130&_v=20260921140943,https://prod.danawa.com/info/?pcode=93385616&cate=112752
221,G.SKILL,32GB,G.SKILL DDR5-6000 CL36 RIPJAWS M5 NEO RGB 화이트 패키지,"887,000","데스크탑용 / DDR5 / 6000MHz (PC5-48000) / 램타이밍 : CL36-36-36-96 / 1.35V / 램개수 : 2개 / LED 라이트 / XMP3.0 / EXPO / 온다이ECC / 방열판 색상 : 화이트 / LED색상 : RGB / LED 시스템 : AURA SYNC , MYSTIC LIGHT , RGB FUSION , POLYCHROME / 높이 : 41mm",https://img.danuri.io/catalog-image/882/983/078/02ba6b62b75c47e5961ddfaee5fc9b6e.jpg?shrink=130:130&_v=20260921090405,https://prod.danawa.com/info/?pcode=78983882&cate=112752
222,G.SKILL,32GB,G.SKILL DDR5-6000 CL36 TRIDENT Z5 NEO J 패키지,"799,000",데스크탑용 / DDR5 / 6000MHz (PC5-48000) / 램타이밍 : CL36-36-36-96 / 1.35V / 램개수 : 2개 / EXPO / 온다이ECC / 히트싱크 : 방열판 / 방열판 색상 : 블랙 / 높이 : 44mm,https://img.danuri.io/catalog-image/061/932/017/24848d5aff254f4d899ce647e5acaf55.jpg?shrink=130:130&_v=20260921142624,https://prod.danawa.com/info/?pcode=17932061&cate=112752
223,G.SKILL,32GB,G.SKILL DDR5-5200 CL40 RIPJAWS S5 J 블랙 패키지,"741,450",데스크탑용 / DDR5 / 5200MHz (PC5-41600) / 램타이밍 : CL40-40-40-83 / 1.10V / 램개수 : 2개 / XMP3.0 / 온다이ECC / 히트싱크 : 방열판 / 방열판 색상 : 블랙 / 높이 : 33mm,https://img.danuri.io/catalog-image/109/103/054/0e592a25e8c64306900de1fad4ca6af5.jpg?shrink=130:130&_v=20260921142704,https://prod.danawa.com/info/?pcode=54103109&cate=112752
224,G.SKILL,32GB,G.SKILL DDR5-6000 CL36 FLARE X5 J 패키지,"829,990",데스크탑용 / DDR5 / 6000MHz (PC5-48000) / 램타이밍 : CL36-36-36-96 / 1.35V / 램개수 : 2개 / EXPO / 온다이ECC / 히트싱크 : 방열판 / 방열판 색상 : 블랙 / 높이 : 33mm,https://img.danuri.io/catalog-image/533/931/017/a4d75bc5d70946cf893f8ae0a720013d.jpg?shrink=130:130&_v=20260921162123,https://prod.danawa.com/info/?pcode=17931533&cate=112752
225,G.SKILL,32GB,G.SKILL DDR5-5200 CL40 RIPJAWS S5 J 화이트 패키지,"739,000",데스크탑용 / DDR5 / 5200MHz (PC5-41600) / 램타이밍 : CL40-40-40-83 / 1.10V / 램개수 : 2개 / XMP3.0 / 온다이ECC / 히트싱크 : 방열판 / 방열판 색상 : 화이트 / 높이 : 33mm,https://img.danuri.io/catalog-image/232/103/054/a3beb75ff8f44ced89068294e264ee13.jpg?shrink=130:130&_v=20260921142538,https://prod.danawa.com/info/?pcode=54103232&cate=112752
226,G.SKILL,32GB,G.SKILL DDR5-5200 CL40 RIPJAWS M5 RGB 화이트 패키지,"779,000","데스크탑용 / DDR5 / 5200MHz (PC5-41600) / 램타이밍 : CL40-40-40-83 / 1.10V / 램개수 : 2개 / LED 라이트 / XMP3.0 / 온다이ECC / 방열판 색상 : 화이트 / LED색상 : RGB / LED 시스템 : AURA SYNC , MYSTIC LIGHT , RGB FUSION , POLYCHROME / 높이 : 41mm",https://img.danuri.io/catalog-image/521/151/056/c75bfd03d6614e7ab46be6817e8bc07b.jpg?shrink=130:130&_v=20260921142604,https://prod.danawa.com/info/?pcode=56151521&cate=112752
227,G.SKILL,32GB,G.SKILL DDR5-6000 CL30 RIPJAWS S5 J 블랙 패키지,"990,000",데스크탑용 / DDR5 / 6000MHz (PC5-48000) / 램타이밍 : CL30-40-40-96 / 1.35V / 램개수 : 2개 / XMP3.0 / 온다이ECC / 히트싱크 : 방열판 / 방열판 색상 : 블랙 / 높이 : 33mm,https://img.danuri.io/catalog-image/872/875/016/c8e02a3f87af411abcf489f9eb98b885.jpg?shrink=130:130&_v=20260921080443,https://prod.danawa.com/info/?pcode=16875872&cate=112752
228,G.SKILL,32GB,G.SKILL DDR5-6000 CL36 RIPJAWS M5 RGB 블랙 패키지,"848,000","데스크탑용 / DDR5 / 6000MHz (PC5-48000) / 램타이밍 : CL36-36-36-96 / 1.35V / 램개수 : 2개 / LED 라이트 / XMP3.0 / 온다이ECC / 방열판 색상 : 블랙 / LED색상 : RGB / LED 시스템 : AURA SYNC , MYSTIC LIGHT , RGB FUSION , POLYCHROME / 높이 : 41mm",https://img.danuri.io/catalog-image/634/218/071/d8082e2660b44e50af3e4fdfcd082e70.jpg?shrink=130:130&_v=20260921080456,https://prod.danawa.com/info/?pcode=71218634&cate=112752
229,G.SKILL,32GB,G.SKILL DDR5-6000 CL36 TRIDENT Z5 J 패키지,"838,990",데스크탑용 / DDR5 / 6000MHz (PC5-48000) / 램타이밍 : CL36-36-36-96 / 1.35V / 램개수 : 2개 / XMP3.0 / 온다이ECC / 히트싱크 : 방열판 / 방열판 색상 : 블랙 / 높이 : 44mm,https://img.danuri.io/catalog-image/424/192/016/44eab71c9295485980c33a334b097bb2.jpg?shrink=130:130&_v=20260921162418,https://prod.danawa.com/info/?pcode=16192424&cate=112752
230,G.SKILL,32GB,G.SKILL DDR5-6000 CL28 FLARE X5 J 화이트 패키지,"856,790",데스크탑용 / DDR5 / 6000MHz (PC5-48000) / 램타이밍 : CL28-36-36-96 / 1.40V / 램개수 : 2개 / EXPO / 온다이ECC / 히트싱크 : 방열판 / 방열판 색상 : 화이트 / 높이 : 33mm,https://img.danuri.io/catalog-image/478/913/072/e0750260b9bf43859be78840d5c37e7f.jpg?shrink=130:130&_v=20260921080609,https://prod.danawa.com/info/?pcode=72913478&cate=112752
231,G.SKILL,32GB,G.SKILL DDR5-6400 CL32 RIPJAWS M5 RGB 블랙 패키지,"990,000","데스크탑용 / DDR5 / 6400MHz (PC5-51200) / 램타이밍 : CL32-39-39-102 / 1.40V / 램개수 : 2개 / LED 라이트 / XMP3.0 / 온다이ECC / 방열판 색상 : 블랙 / LED색상 : RGB / LED 시스템 : AURA SYNC , MYSTIC LIGHT , RGB FUSION , POLYCHROME / 높이 : 41mm",https://img.danuri.io/catalog-image/076/152/056/e70614fa1bff4123a609d11b2093915c.jpg?shrink=130:130&_v=20260921090342,https://prod.danawa.com/info/?pcode=56152076&cate=112752
232,G.SKILL,32GB,G.SKILL DDR5-6000 CL30 RIPJAWS S5 J 화이트 패키지,"999,000",데스크탑용 / DDR5 / 6000MHz (PC5-48000) / 램타이밍 : CL30-40-40-96 / 1.35V / 램개수 : 2개 / XMP3.0 / 온다이ECC / 히트싱크 : 방열판 / 방열판 색상 : 화이트 / 높이 : 33mm,https://img.danuri.io/catalog-image/908/875/016/d438357c48ed48de84894fdec9cc2f30.jpg?shrink=130:130&_v=20260921080443,https://prod.danawa.com/info/?pcode=16875908&cate=112752
233,G.SKILL,32GB,G.SKILL DDR5-6000 CL30 TRIDENT Z5 J 실버 패키지,"963,000",데스크탑용 / DDR5 / 6000MHz (PC5-48000) / 램타이밍 : CL30-40-40-96 / 1.35V / 램개수 : 2개 / XMP3.0 / 온다이ECC / 히트싱크 : 방열판 / 방열판 색상 : 실버/그레이 / 높이 : 44mm,https://img.danuri.io/catalog-image/398/139/017/5fce04acdf1f4bf2b461b5770f08dfe5.jpg?shrink=130:130&_v=20260921090346,https://prod.danawa.com/info/?pcode=17139398&cate=112752
234,G.SKILL,32GB,G.SKILL DDR5-6400 CL32 RIPJAWS M5 RGB 화이트 패키지,"990,000","데스크탑용 / DDR5 / 6400MHz (PC5-51200) / 램타이밍 : CL32-39-39-102 / 1.40V / 램개수 : 2개 / LED 라이트 / XMP3.0 / 온다이ECC / 방열판 색상 : 화이트 / LED색상 : RGB / LED 시스템 : AURA SYNC , MYSTIC LIGHT , RGB FUSION , POLYCHROME / 높이 : 41mm",https://img.danuri.io/catalog-image/154/152/056/71213d016f344d85838d59695fd0a7f3.jpg?shrink=130:130&_v=20260921090403,https://prod.danawa.com/info/?pcode=56152154&cate=112752
235,G.SKILL,32GB,G.SKILL DDR5-6000 CL36 TRIDENT Z5 J 실버 패키지,"838,370",데스크탑용 / DDR5 / 6000MHz (PC5-48000) / 램타이밍 : CL36-36-36-96 / 1.35V / 램개수 : 2개 / XMP3.0 / 온다이ECC / 히트싱크 : 방열판 / 방열판 색상 : 실버/그레이 / 높이 : 44mm,https://img.danuri.io/catalog-image/574/192/016/f673dbde0505460587116eee9a5d72ca.jpg?shrink=130:130&_v=20260921162423,https://prod.danawa.com/info/?pcode=16192574&cate=112752
236,G.SKILL,32GB,G.SKILL DDR5-6800 CL34 TRIDENT Z5 RGB J 실버 패키지,"894,990","데스크탑용 / DDR5 / 6800MHz (PC5-54400) / 램타이밍 : CL34-45-45-108 / 1.40V / 램개수 : 2개 / LED 라이트 / XMP3.0 / 온다이ECC / 히트싱크 : 방열판 / 방열판 색상 : 실버/그레이 / LED색상 : RGB / LED 시스템 : AURA SYNC , MYSTIC LIGHT , RGB FUSION , POLYCHROME / 높이 : 44mm",https://img.danuri.io/catalog-image/605/036/018/2b6987fb24ae4282bd7e6e661e626789.jpg?shrink=130:130&_v=20260921162423,https://prod.danawa.com/info/?pcode=18036605&cate=112752
237,G.SKILL,32GB,G.SKILL DDR5-7600 CL36 TRIDENT Z5 RGB J 패키지,"932,500","데스크탑용 / DDR5 / 7600MHz (PC5-60800) / 램타이밍 : CL36-46-46-121 / 1.40V / 램개수 : 2개 / LED 라이트 / XMP3.0 / 온다이ECC / 히트싱크 : 방열판 / 방열판 색상 : 블랙 / LED색상 : RGB / LED 시스템 : AURA SYNC , MYSTIC LIGHT , RGB FUSION , POLYCHROME / 높이 : 44mm",https://img.danuri.io/catalog-image/662/036/018/c0bce2e0253647f8b384e187e3ec688a.jpg?shrink=130:130&_v=20260921090352,https://prod.danawa.com/info/?pcode=18036662&cate=112752
238,G.SKILL,32GB,G.SKILL DDR5-7600 CL36 TRIDENT Z5 RGB J 실버 패키지,"932,500","데스크탑용 / DDR5 / 7600MHz (PC5-60800) / 램타이밍 : CL36-46-46-121 / 1.40V / 램개수 : 2개 / LED 라이트 / XMP3.0 / 온다이ECC / 히트싱크 : 방열판 / 방열판 색상 : 실버/그레이 / LED색상 : RGB / LED 시스템 : AURA SYNC , MYSTIC LIGHT , RGB FUSION , POLYCHROME / 높이 : 44mm",https://img.danuri.io/catalog-image/659/036/018/745043e0239e4f1f928f5ac1d46bbe25.jpg?shrink=130:130&_v=20260921090352,https://prod.danawa.com/info/?pcode=18036659&cate=112752
239,G.SKILL,32GB,G.SKILL DDR5-6000 CL26 TRIDENT Z5 NEO RGB H 화이트 패키지,"1,058,990","데스크탑용 / DDR5 / 6000MHz (PC5-48000) / 램타이밍 : CL26-36-36-96 / 1.45V / 램개수 : 2개 / LED 라이트 / EXPO / 온다이ECC / 히트싱크 : 방열판 / 방열판 색상 : 화이트 / LED색상 : RGB / LED 시스템 : AURA SYNC , MYSTIC LIGHT , RGB FUSION , POLYCHROME / 높이 : 44mm",https://img.danuri.io/catalog-image/371/151/080/568b6675dc424a54b0dcd17992b0507e.jpg?shrink=130:130&_v=20260921080443,https://prod.danawa.com/info/?pcode=80151371&cate=112752
240,G.SKILL,32GB,G.SKILL DDR5-6000 CL36 TRIDENT Z5 NeoX RGB for AMD ULL 글로시블랙 패키지,"986,000","데스크탑용 / DDR5 / 6000MHz (PC5-48000) / 램타이밍 : CL36-36-36-76 / 1.35V / 램개수 : 2개 / LED 라이트 / EXPO / 온다이ECC / 히트싱크 : 방열판 / 방열판 색상 : 블랙 / LED색상 : RGB / LED 시스템 : AURA SYNC , MYSTIC LIGHT , RGB FUSION , POLYCHROME / 높이 : 44mm",https://img.danuri.io/catalog-image/449/727/122/ec145921e76c4aba88e6a9e727daf66e.jpeg?shrink=130:130&_v=20260921090328,https://prod.danawa.com/info/?pcode=122727449&cate=112752
241,G.SKILL,32GB,G.SKILL DDR5-6000 CL36 TRIDENT Z5 NeoX RGB for AMD ULL 매트블랙 패키지,"986,000","데스크탑용 / DDR5 / 6000MHz (PC5-48000) / 램타이밍 : CL36-36-36-76 / 1.35V / 램개수 : 2개 / LED 라이트 / EXPO / 온다이ECC / 히트싱크 : 방열판 / 방열판 색상 : 블랙 / LED색상 : RGB / LED 시스템 : AURA SYNC , MYSTIC LIGHT , RGB FUSION , POLYCHROME / 높이 : 44mm",https://img.danuri.io/catalog-image/471/727/122/1adda594b87d40d097f480cb6489d843.jpeg?shrink=130:130&_v=20260921124913,https://prod.danawa.com/info/?pcode=122727471&cate=112752
242,G.SKILL,32GB,G.SKILL DDR5-6000 CL36 AEGIS 5,"839,000",데스크탑용 / DDR5 / 6000MHz (PC5-48000) / 램타이밍 : CL36-36-36-96 / 1.35V / 램개수 : 1개 / XMP3.0 / EXPO / 온다이ECC / 히트싱크 : 미포함 / 높이 : 31mm,https://img.danuri.io/catalog-image/486/656/075/b6f82cdca45d4413aa77337177e2f682.jpg?shrink=130:130&_v=20260921111103,https://prod.danawa.com/info/?pcode=75656486&cate=112752
243,G.SKILL,32GB,G.SKILL DDR5-6400 CL30 TRIDENT Z5 ROYAL NEO 실버 패키지,"999,000","데스크탑용 / DDR5 / 6400MHz (PC5-51200) / 램타이밍 : CL30-39-39-102 / 1.40V / 램개수 : 2개 / LED 라이트 / EXPO / 온다이ECC / 히트싱크 : 방열판 / 방열판 색상 : 실버/그레이 / LED색상 : RGB / LED 시스템 : AURA SYNC , MYSTIC LIGHT , RGB FUSION , POLYCHROME / 높이 : 44mm",https://img.danuri.io/catalog-image/408/847/067/629d90d149ec4ac3ba2792d4580049ed.jpg?shrink=130:130&_v=20260921080609,https://prod.danawa.com/info/?pcode=67847408&cate=112752
244,G.SKILL,32GB,G.SKILL DDR5-6000 CL28 TRIDENT Z5 ROYAL NEO 골드 패키지,"1,058,990","데스크탑용 / DDR5 / 6000MHz (PC5-48000) / 램타이밍 : CL28-36-36-96 / 1.40V / 램개수 : 2개 / LED 라이트 / EXPO / 온다이ECC / 히트싱크 : 방열판 / 방열판 색상 : 골드 / LED색상 : RGB / LED 시스템 : AURA SYNC , MYSTIC LIGHT , RGB FUSION , POLYCHROME / 높이 : 44mm",https://img.danuri.io/catalog-image/312/847/067/2656fd49561a418f9fac42ebdb878f66.jpg?shrink=130:130&_v=20260921080457,https://prod.danawa.com/info/?pcode=67847312&cate=112752
245,G.SKILL,32GB,G.SKILL DDR5-6000 CL28 RIPJAWS M5 NEO RGB 화이트 패키지,"789,000","데스크탑용 / DDR5 / 6000MHz (PC5-48000) / 램타이밍 : CL28-36-36-96 / 1.40V / 램개수 : 2개 / LED 라이트 / EXPO / 온다이ECC / 방열판 색상 : 화이트 / LED색상 : RGB / LED 시스템 : AURA SYNC , MYSTIC LIGHT , RGB FUSION , POLYCHROME / 높이 : 41mm",https://img.danuri.io/catalog-image/541/913/072/6b78b01471304c03bbd339c26af3e54e.jpg?shrink=130:130&_v=20260921080443,https://prod.danawa.com/info/?pcode=72913541&cate=112752
246,G.SKILL,32GB,G.SKILL DDR5-6000 CL30 RIPJAWS M5 NEO RGB 블랙 패키지,"1,060,000","데스크탑용 / DDR5 / 6000MHz (PC5-48000) / 램타이밍 : CL30-38-38-96 / 1.35V / 램개수 : 2개 / LED 라이트 / EXPO / 온다이ECC / 방열판 색상 : 블랙 / LED색상 : RGB / LED 시스템 : AURA SYNC , MYSTIC LIGHT , RGB FUSION , POLYCHROME / 높이 : 41mm",https://img.danuri.io/catalog-image/463/724/075/24f85fe5823d49c7853e8d26e14fdb76.jpg?shrink=130:130&_v=20260921090353,https://prod.danawa.com/info/?pcode=75724463&cate=112752
247,G.SKILL,32GB,G.SKILL DDR5-7200 CL34 TRIDENT Z5 RGB J 실버 패키지,"919,000","데스크탑용 / DDR5 / 7200MHz (PC5-57600) / 램타이밍 : CL34-45-45-115 / 1.40V / 램개수 : 2개 / LED 라이트 / XMP3.0 / 온다이ECC / 히트싱크 : 방열판 / 방열판 색상 : 실버/그레이 / LED색상 : RGB / LED 시스템 : AURA SYNC , MYSTIC LIGHT , RGB FUSION , POLYCHROME / 높이 : 44mm",https://img.danuri.io/catalog-image/644/036/018/6176a53edaa545d3aac85b6582404b8a.jpg?shrink=130:130&_v=20260921080444,https://prod.danawa.com/info/?pcode=18036644&cate=112752
248,G.SKILL,32GB,G.SKILL DDR5-6000 CL30 TRIDENT Z5 J 패키지,"969,000",데스크탑용 / DDR5 / 6000MHz (PC5-48000) / 램타이밍 : CL30-40-40-96 / 1.35V / 램개수 : 2개 / XMP3.0 / 온다이ECC / 히트싱크 : 방열판 / 방열판 색상 : 블랙 / 높이 : 44mm,https://img.danuri.io/catalog-image/356/139/017/f23b3fd005f24aae84a43d4dd73a452e.jpg?shrink=130:130&_v=20260920080505,https://prod.danawa.com/info/?pcode=17139356&cate=112752
249,G.SKILL,32GB,G.SKILL DDR5-6000 CL28 RIPJAWS M5 NEO RGB 블랙 패키지,"989,990","데스크탑용 / DDR5 / 6000MHz (PC5-48000) / 램타이밍 : CL28-36-36-96 / 1.40V / 램개수 : 2개 / LED 라이트 / EXPO / 온다이ECC / 방열판 색상 : 블랙 / LED색상 : RGB / LED 시스템 : AURA SYNC , MYSTIC LIGHT , RGB FUSION , POLYCHROME / 높이 : 41mm",https://img.danuri.io/catalog-image/520/913/072/98962004a2aa4960a7100d1b3a5077c1.jpg?shrink=130:130&_v=20260919080524,https://prod.danawa.com/info/?pcode=72913520&cate=112752
250,G.SKILL,32GB,G.SKILL DDR5-6000 CL30 RIPJAWS M5 NEO RGB 화이트 패키지,"1,070,000","데스크탑용 / DDR5 / 6000MHz (PC5-48000) / 램타이밍 : CL30-38-38-96 / 1.35V / 램개수 : 2개 / LED 라이트 / EXPO / 온다이ECC / 방열판 색상 : 화이트 / LED색상 : RGB / LED 시스템 : AURA SYNC , MYSTIC LIGHT , RGB FUSION , POLYCHROME / 높이 : 41mm",https://img.danuri.io/catalog-image/553/724/075/02b082b29f324d19aec65b7afa7879a7.jpg?shrink=130:130&_v=20260921080458,https://prod.danawa.com/info/?pcode=75724553&cate=112752
251,G.SKILL,32GB,G.SKILL DDR5-6000 CL28 TRIDENT Z5 NEO RGB J 패키지,"989,990","데스크탑용 / DDR5 / 6000MHz (PC5-48000) / 램타이밍 : CL28-36-36-96 / 1.40V / 램개수 : 2개 / LED 라이트 / EXPO / 온다이ECC / 히트싱크 : 방열판 / 방열판 색상 : 블랙 / LED색상 : RGB / LED 시스템 : AURA SYNC , MYSTIC LIGHT , RGB FUSION , POLYCHROME / 높이 : 44mm",https://img.danuri.io/catalog-image/487/385/093/266fa89138b545618ef1bd3d2e89a1e5.jpg?shrink=130:130&_v=20260920080523,https://prod.danawa.com/info/?pcode=93385487&cate=112752
252,G.SKILL,32GB,G.SKILL DDR5-6000 CL32 FLARE X5 J 패키지,"891,430",데스크탑용 / DDR5 / 6000MHz (PC5-48000) / 램타이밍 : CL32-38-38-96 / 1.35V / 램개수 : 2개 / EXPO / 온다이ECC / 히트싱크 : 방열판 / 방열판 색상 : 블랙 / 높이 : 33mm,https://img.danuri.io/catalog-image/401/931/017/10916a329eb243759b30b2a646f5b2b6.jpg?shrink=130:130&_v=20260921080622,https://prod.danawa.com/info/?pcode=17931401&cate=112752
253,G.SKILL,32GB,G.SKILL DDR5-6400 CL32 TRIDENT Z5 RGB 화이트 패키지,"899,000","데스크탑용 / DDR5 / 6400MHz (PC5-51200) / 램타이밍 : CL32-39-39-102 / 1.40V / 램개수 : 2개 / LED 라이트 / XMP3.0 / 온다이ECC / 히트싱크 : 방열판 / 방열판 색상 : 화이트 / LED색상 : RGB / LED 시스템 : AURA SYNC , MYSTIC LIGHT , RGB FUSION , POLYCHROME / 높이 : 44mm",https://img.danuri.io/catalog-image/452/639/021/511b9a2136a94e2d890e8224b4522d1b.jpg?shrink=130:130&_v=20260921080454,https://prod.danawa.com/info/?pcode=21639452&cate=112752
254,G.SKILL,32GB,G.SKILL DDR5-6400 CL32 TRIDENT Z5 J 실버 패키지,"763,810",데스크탑용 / DDR5 / 6400MHz (PC5-51200) / 램타이밍 : CL32-39-39-102 / 1.40V / 램개수 : 2개 / XMP3.0 / 온다이ECC / 히트싱크 : 방열판 / 방열판 색상 : 실버/그레이 / 높이 : 44mm,https://img.danuri.io/catalog-image/947/272/016/7bbb23b3b3d44fb8bc8539f8155eed12.jpg?shrink=130:130&_v=20260921112709,https://prod.danawa.com/info/?pcode=16272947&cate=112752
255,G.SKILL,32GB,G.SKILL DDR5-6000 CL36 TRIDENT Z5 RGB J 실버 패키지,"752,490","데스크탑용 / DDR5 / 6000MHz (PC5-48000) / 램타이밍 : CL36-36-36-96 / 1.35V / 램개수 : 2개 / LED 라이트 / XMP3.0 / 온다이ECC / 히트싱크 : 방열판 / 방열판 색상 : 실버/그레이 / LED색상 : RGB / LED 시스템 : AURA SYNC , MYSTIC LIGHT , RGB FUSION , POLYCHROME / 높이 : 44mm",https://img.danuri.io/catalog-image/702/193/016/971e430c32244ef995f2d4940e5915e1.jpg?shrink=130:130&_v=20260921112708,https://prod.danawa.com/info/?pcode=16193702&cate=112752
256,G.SKILL,32GB,G.SKILL DDR5-6000 CL36 TRIDENT Z5 RGB 패키지,"859,000","데스크탑용 / DDR5 / 6000MHz (PC5-48000) / 램타이밍 : CL36-36-36-76 / 1.30V / 램개수 : 2개 / LED 라이트 / XMP3.0 / 온다이ECC / 히트싱크 : 방열판 / 방열판 색상 : 블랙 / LED색상 : RGB / LED 시스템 : AURA SYNC , MYSTIC LIGHT , RGB FUSION , POLYCHROME / 높이 : 44mm",https://img.danuri.io/catalog-image/393/980/015/aacd16062643450b867ca06ee9dbf1e5.jpg?shrink=130:130&_v=20260919080523,https://prod.danawa.com/info/?pcode=15980393&cate=112752
257,G.SKILL,32GB,G.SKILL DDR5-6000 CL28 TRIDENT Z5 NEO RGB J 화이트 패키지,"859,000","데스크탑용 / DDR5 / 6000MHz (PC5-48000) / 램타이밍 : CL28-36-36-96 / 1.40V / 램개수 : 2개 / LED 라이트 / EXPO / 온다이ECC / 히트싱크 : 방열판 / 방열판 색상 : 화이트 / LED색상 : RGB / LED 시스템 : AURA SYNC , MYSTIC LIGHT , RGB FUSION , POLYCHROME / 높이 : 44mm",https://img.danuri.io/catalog-image/524/980/067/2d9e07f9375f4a4ba32b98addc226dbe.jpg?shrink=130:130&_v=20260919080517,https://prod.danawa.com/info/?pcode=67980524&cate=112752
258,TeamGroup,32GB,TeamGroup DDR5-5600 CL46 Elite 서린,"720,000",데스크탑용 / DDR5 / 5600MHz (PC5-44800) / 램타이밍 : CL46-46-46-90 / 1.10V / 램개수 : 1개 / 온다이ECC / 히트싱크 : 미포함 / 높이 : 32mm,https://img.danuri.io/catalog-image/627/545/027/77772ac03a1940afa24513d618d32ec8.jpg?shrink=130:130&_v=20260921140033,https://prod.danawa.com/info/?pcode=27545627&cate=112752
259,TeamGroup,32GB,TeamGroup T-Force DDR5-6000 CL30 Delta RGB 화이트 패키지,"810,000","데스크탑용 / DDR5 / 6000MHz (PC5-48000) / 램타이밍 : CL30-36-36-76 / 1.35V / 램개수 : 2개 / LED 라이트 / XMP3.0 / 온다이ECC / 히트싱크 : 방열판 / 방열판 색상 : 화이트 / LED색상 : RGB / LED 시스템 : AURA SYNC , MYSTIC LIGHT , RGB FUSION , POLYCHROME / 높이 : 46.1mm",https://img.danuri.io/catalog-image/029/135/018/c20bd359d94f45139738ee638b0262e1.jpg?shrink=130:130&_v=20260921080609,https://prod.danawa.com/info/?pcode=18135029&cate=112752
260,TeamGroup,32GB,TeamGroup T-CREATE DDR5-6000 CL30 EXPERT 패키지 서린,"794,360",데스크탑용 / DDR5 / 6000MHz (PC5-48000) / 램타이밍 : CL30-36-36-76 / 1.35V / 램개수 : 2개 / XMP / EXPO / 온다이ECC / 히트싱크 : 방열판 / 방열판 색상 : 블랙 / 높이 : 32mm,https://img.danuri.io/catalog-image/438/546/020/e31131043ad7473fada9af68d1a21df2.jpg?shrink=130:130&_v=20260921080622,https://prod.danawa.com/info/?pcode=20546438&cate=112752
261,TeamGroup,32GB,TeamGroup T-Force DDR5-6000 CL38 Delta RGB 화이트 패키지 서린,"784,000","데스크탑용 / DDR5 / 6000MHz (PC5-48000) / 램타이밍 : CL38-38-38-78 / 1.25V / 램개수 : 2개 / LED 라이트 / XMP3.0 / 온다이ECC / 히트싱크 : 방열판 / 방열판 색상 : 화이트 / LED색상 : RGB / LED 시스템 : AURA SYNC , MYSTIC LIGHT , RGB FUSION , POLYCHROME / 높이 : 46.1mm",https://img.danuri.io/catalog-image/341/443/016/1b107d7d17b641de80c984243431d304.jpg?shrink=130:130&_v=20260921080444,https://prod.danawa.com/info/?pcode=16443341&cate=112752
262,TeamGroup,32GB,TeamGroup T-Force DDR5-6000 CL30 Delta RGB 패키지,"810,000","데스크탑용 / DDR5 / 6000MHz (PC5-48000) / 램타이밍 : CL30-36-36-76 / 1.35V / 램개수 : 2개 / LED 라이트 / XMP3.0 / 온다이ECC / 히트싱크 : 방열판 / 방열판 색상 : 블랙 / LED색상 : RGB / LED 시스템 : AURA SYNC , MYSTIC LIGHT , RGB FUSION , POLYCHROME / 높이 : 46.1mm",https://img.danuri.io/catalog-image/999/134/018/8c880cf3491e4211818f219b3d5bc860.jpg?shrink=130:130&_v=20260921080442,https://prod.danawa.com/info/?pcode=18134999&cate=112752
263,TeamGroup,32GB,TeamGroup T-CREATE DDR5-5600 CL46 CLASSIC 패키지 서린,"766,000",데스크탑용 / DDR5 / 5600MHz (PC5-44800) / 램타이밍 : CL46-46-46-90 / 1.10V / 램개수 : 2개 / 온다이ECC / 히트싱크 : 방열판 / 방열판 색상 : 블랙 / 높이 : 32mm,https://img.danuri.io/catalog-image/122/566/019/5207d963463047efb7c6a5116a8c88c3.jpg?shrink=130:130&_v=20260921080444,https://prod.danawa.com/info/?pcode=19566122&cate=112752
264,TeamGroup,32GB,TeamGroup T-CREATE DDR5-6000 CL30 EXPERT 화이트 패키지 서린,"799,000",데스크탑용 / DDR5 / 6000MHz (PC5-48000) / 램타이밍 : CL30-36-36-76 / 1.35V / 램개수 : 2개 / XMP / EXPO / 온다이ECC / 히트싱크 : 방열판 / 방열판 색상 : 화이트 / 높이 : 32mm,https://img.danuri.io/catalog-image/684/546/020/89a26dfc240d43f59b19cc1bcf0d6484.jpg?shrink=130:130&_v=20260921080444,https://prod.danawa.com/info/?pcode=20546684&cate=112752
265,TeamGroup,32GB,TeamGroup T-Force DDR5-6000 CL38 Delta RGB 패키지 서린,"784,000","데스크탑용 / DDR5 / 6000MHz (PC5-48000) / 램타이밍 : CL38-38-38-78 / 1.25V / 램개수 : 2개 / LED 라이트 / XMP3.0 / 온다이ECC / 히트싱크 : 방열판 / 방열판 색상 : 블랙 / LED색상 : RGB / LED 시스템 : AURA SYNC , MYSTIC LIGHT , RGB FUSION , POLYCHROME / 높이 : 46.1mm",https://img.danuri.io/catalog-image/945/034/016/22e156ca90f94561b0fb59199fac2e41.jpg?shrink=130:130&_v=20260921080455,https://prod.danawa.com/info/?pcode=16034945&cate=112752
266,TeamGroup,32GB,TeamGroup T-Force DDR5-7200 CL34 Delta RGB 패키지,"762,170","데스크탑용 / DDR5 / 7200MHz (PC5-57600) / 램타이밍 : CL34-42-42-84 / 1.40V / 램개수 : 2개 / LED 라이트 / XMP3.0 / 온다이ECC / 히트싱크 : 방열판 / 방열판 색상 : 블랙 / LED색상 : RGB / LED 시스템 : AURA SYNC , MYSTIC LIGHT , RGB FUSION , POLYCHROME / 높이 : 46.1mm",https://img.danuri.io/catalog-image/167/135/018/384274176b734e6f91e6188b323baf5c.jpg?shrink=130:130&_v=20260921080454,https://prod.danawa.com/info/?pcode=18135167&cate=112752
267,TeamGroup,32GB,TeamGroup T-Force DDR5-5600 CL40 Delta RGB 블랙 패키지,"750,000","데스크탑용 / DDR5 / 5600MHz (PC5-44800) / 램타이밍 : CL40-40-40-84 / 1.20V / 램개수 : 2개 / LED 라이트 / XMP3.0 / EXPO / 온다이ECC / 히트싱크 : 방열판 / 방열판 색상 : 블랙 / LED색상 : RGB / LED 시스템 : AURA SYNC , MYSTIC LIGHT , RGB FUSION , POLYCHROME / 높이 : 46.1mm",https://img.danuri.io/catalog-image/101/199/124/ec7393dea9fb4247bb218d56dd298cb2.jpeg?shrink=130:130&_v=20260921080609,https://prod.danawa.com/info/?pcode=124199101&cate=112752
268,TeamGroup,32GB,TeamGroup T-Force DDR5-5600 CL40 Delta RGB 화이트 패키지,"720,000","데스크탑용 / DDR5 / 5600MHz (PC5-44800) / 램타이밍 : CL40-40-40-84 / 1.20V / 램개수 : 2개 / LED 라이트 / XMP3.0 / EXPO / 온다이ECC / 히트싱크 : 방열판 / 방열판 색상 : 화이트 / LED색상 : RGB / LED 시스템 : AURA SYNC , MYSTIC LIGHT , RGB FUSION , POLYCHROME / 높이 : 46.1mm",https://img.danuri.io/catalog-image/132/199/124/d09d50e6d2684c3e8f1fb1577182012e.jpeg?shrink=130:130&_v=20260921080442,https://prod.danawa.com/info/?pcode=124199132&cate=112752
269,TeamGroup,32GB,TeamGroup T-CREATE DDR5-6000 CL48 CLASSIC 패키지 서린,"729,280",데스크탑용 / DDR5 / 6000MHz (PC5-48000) / 램타이밍 : CL48-48-48-96 / 1.10V / 램개수 : 2개 / 온다이ECC / 히트싱크 : 방열판 / 방열판 색상 : 블랙 / 높이 : 32mm,https://img.danuri.io/catalog-image/433/567/019/1fd0c5f6ca5344b2912eba6a70e6572d.jpg?shrink=130:130&_v=20260921080442,https://prod.danawa.com/info/?pcode=19567433&cate=112752
270,TeamGroup,32GB,TeamGroup T-Force DDR5-6000 CL28 Delta RGB 블랙 패키지 서린,"918,000","데스크탑용 / DDR5 / 6000MHz (PC5-48000) / 램타이밍 : CL28-36-36-76 / 1.40V / 램개수 : 2개 / LED 라이트 / XMP3.0 / EXPO / 온다이ECC / 히트싱크 : 방열판 / 방열판 색상 : 블랙 / LED색상 : RGB / LED 시스템 : AURA SYNC , MYSTIC LIGHT , RGB FUSION , POLYCHROME , RGB SYNC / 높이 : 46.1mm",https://img.danuri.io/catalog-image/889/341/074/2b931131ade34b64b08e685a7225cc74.jpg?shrink=130:130&_v=20260921080457,https://prod.danawa.com/info/?pcode=74341889&cate=112752
271,TeamGroup,32GB,TeamGroup DDR5-4800 CL40 Elite 서린,"610,400",데스크탑용 / DDR5 / 4800MHz (PC5-38400) / 램타이밍 : CL40-40-40-77 / 1.10V / 램개수 : 1개 / 온다이ECC / 히트싱크 : 미포함 / 높이 : 32mm,https://img.danuri.io/catalog-image/647/535/017/7d17c286332f4d9bb6c10c608d27c24a.jpg?shrink=130:130&_v=20260921080441,https://prod.danawa.com/info/?pcode=17535647&cate=112752
272,TeamGroup,32GB,TeamGroup DDR5-5600 CL46 Elite Plus 블랙 서린,"700,310",데스크탑용 / DDR5 / 5600MHz (PC5-44800) / 램타이밍 : CL46-46-46-90 / 1.10V / 램개수 : 1개 / 온다이ECC / 히트싱크 : 방열판 / 방열판 색상 : 블랙 / 높이 : 31.25mm,https://img.danuri.io/catalog-image/675/545/027/5586a8b0947c4e6db85e7aa2ddb0c335.jpg?shrink=130:130&_v=20260921080442,https://prod.danawa.com/info/?pcode=27545675&cate=112752
273,TeamGroup,32GB,TeamGroup T-Force DDR5-6000 CL28 Delta RGB 화이트 패키지 서린,"918,000","데스크탑용 / DDR5 / 6000MHz (PC5-48000) / 램타이밍 : CL28-36-36-76 / 1.40V / 램개수 : 2개 / LED 라이트 / XMP3.0 / EXPO / 온다이ECC / 히트싱크 : 방열판 / 방열판 색상 : 화이트 / LED색상 : RGB / LED 시스템 : AURA SYNC , MYSTIC LIGHT , RGB FUSION , POLYCHROME , RGB SYNC / 높이 : 46.1mm",https://img.danuri.io/catalog-image/892/341/074/18012ebc6d4b4730a50d3b389eb4565c.jpg?shrink=130:130&_v=20260921080622,https://prod.danawa.com/info/?pcode=74341892&cate=112752
274,TeamGroup,32GB,TeamGroup T-Force DDR5-7200 CL34 Delta RGB 화이트 패키지,"762,170","데스크탑용 / DDR5 / 7200MHz (PC5-57600) / 램타이밍 : CL34-42-42-84 / 1.40V / 램개수 : 2개 / LED 라이트 / XMP3.0 / 온다이ECC / 히트싱크 : 방열판 / 방열판 색상 : 화이트 / LED색상 : RGB / LED 시스템 : AURA SYNC , MYSTIC LIGHT , RGB FUSION , POLYCHROME / 높이 : 46.1mm",https://img.danuri.io/catalog-image/173/135/018/4f5f9d5a9a8b466c93cab7246d8abf50.jpg?shrink=130:130&_v=20260921080457,https://prod.danawa.com/info/?pcode=18135173&cate=112752
275,TeamGroup,32GB,TeamGroup T-Force DDR5-6000 CL38 Vulcan Black 패키지 서린,"740,000",데스크탑용 / DDR5 / 6000MHz (PC5-48000) / 램타이밍 : CL38-38-38-78 / 1.25V / 램개수 : 2개 / XMP3.0 / EXPO / 온다이ECC / 히트싱크 : 방열판 / 방열판 색상 : 블랙 / 높이 : 32.7mm,https://img.danuri.io/catalog-image/178/613/018/90f1929fcf0e41e0b360e682bacd1f3a.jpg?shrink=130:130&_v=20260919080524,https://prod.danawa.com/info/?pcode=18613178&cate=112752
276,TeamGroup,32GB,TeamGroup T-Force DDR5-6400 CL40 Delta RGB 패키지 서린,"761,300","데스크탑용 / DDR5 / 6400MHz (PC5-51200) / 램타이밍 : CL40-40-40-84 / 1.35V / 램개수 : 2개 / LED 라이트 / XMP3.0 / 온다이ECC / 히트싱크 : 방열판 / 방열판 색상 : 블랙 / LED색상 : RGB / LED 시스템 : AURA SYNC , MYSTIC LIGHT , RGB FUSION , POLYCHROME / 높이 : 46.1mm",https://img.danuri.io/catalog-image/029/035/016/888afdecb3c145329ed67821771b0c49.jpg?shrink=130:130&_v=20260921080622,https://prod.danawa.com/info/?pcode=16035029&cate=112752
277,TeamGroup,32GB,TeamGroup T-CREATE DDR5-6000 CL30 EXPERT 패키지 서린,"799,000","데스크탑용 / DDR5 / 6,000MHz(PC5-48,000) / 1.35V / 램개수 : 2개 / XMP / EXPO / 온다이ECC / ECC / 방열판 색상 : 블랙",https://img.danuri.io/catalog-image/500/699/110/a1a1c2576f9b4acfbe110f4624a5b8d6.jpg?shrink=130:130&_v=20260921080404,https://prod.danawa.com/info/?pcode=110699500&cate=112752
278,TeamGroup,32GB,TeamGroup DDR5-5600 CL46 Elite,"722,500",데스크탑용 / DDR5 / 5600MHz (PC5-44800) / 램타이밍 : CL46-46-46-90 / 1.10V / 램개수 : 1개 / 온다이ECC / 히트싱크 : 미포함 / 높이 : 32mm,https://img.danuri.io/catalog-image/851/333/030/8e811ca45ab8408488d64c18e0c3875a.jpg?shrink=130:130&_v=20260921080457,https://prod.danawa.com/info/?pcode=30333851&cate=112752
279,TeamGroup,32GB,TeamGroup DDR5-5600 CL46 Elite Plus 블랙,"730,000",데스크탑용 / DDR5 / 5600MHz (PC5-44800) / 램타이밍 : CL46 / 1.10V / 램개수 : 1개 / 온다이ECC / 히트싱크 : 방열판 / 방열판 색상 : 블랙 / 높이 : 31.25mm,https://img.danuri.io/catalog-image/821/421/074/e0db32bf3f074ee487b5f7af52ece84c.jpg?shrink=130:130&_v=20260921080458,https://prod.danawa.com/info/?pcode=74421821&cate=112752
280,TeamGroup,32GB,TeamGroup T-Force DDR5-6000 CL38 Delta RGB 화이트 패키지,"784,000","데스크탑용 / DDR5 / 6000MHz (PC5-48000) / 램타이밍 : CL38-38-38-78 / 1.25V / 램개수 : 2개 / LED 라이트 / XMP3.0 / 온다이ECC / 히트싱크 : 방열판 / 방열판 색상 : 화이트 / LED색상 : RGB / LED 시스템 : AURA SYNC , MYSTIC LIGHT , RGB FUSION , POLYCHROME / 높이 : 46.1mm",https://img.danuri.io/catalog-image/009/483/029/32b8b73a194644659460c86eaa71405d.jpg?shrink=130:130&_v=20260920080508,https://prod.danawa.com/info/?pcode=29483009&cate=112752
281,PATRIOT,64GB,PATRIOT DDR5-6400 CL32 VIPER VENOM 패키지,"1,300,000",데스크탑용 / DDR5 / 6400MHz (PC5-51200) / 램타이밍 : CL32-40-40-84 / 1.40V / 램개수 : 2개 / XMP3.0 / 온다이ECC / 히트싱크 : 방열판 / 방열판 색상 : 블랙 / 높이 : 43mm,https://img.danuri.io/catalog-image/450/341/030/5cb8732692fc4358a75399d54addf0fb.jpg?shrink=130:130&_v=20260921080609,https://prod.danawa.com/info/?pcode=30341450&cate=112752
282,ESSENCORE,64GB,ESSENCORE KLEVV DDR5-6000 CL30 CRAS V RGB WHITE 패키지 서린,"1,825,000","데스크탑용 / DDR5 / 6000MHz (PC5-48000) / 램타이밍 : CL30-36-36-76 / 1.35V / 램개수 : 2개 / LED 라이트 / XMP3.0 / EXPO / 온다이ECC / 히트싱크 : 방열판 / 방열판 색상 : 화이트 / LED색상 : RGB / LED 시스템 : AURA SYNC , MYSTIC LIGHT , RGB FUSION , POLYCHROME / 높이 : 44mm",https://img.danuri.io/catalog-image/017/989/037/f27eeb35ae58402082e0c5f9904d1391.jpg?shrink=130:130&_v=20260921080442,https://prod.danawa.com/info/?pcode=37989017&cate=112752
283,ESSENCORE,64GB,ESSENCORE KLEVV DDR5-6000 CL30 BOLT V 패키지 서린,"1,650,000",데스크탑용 / DDR5 / 6000MHz (PC5-48000) / 램타이밍 : CL30-36-36-76 / 1.35V / 램개수 : 2개 / XMP3.0 / EXPO / 온다이ECC / 히트싱크 : 방열판 / 방열판 색상 : 블랙 / 높이 : 34mm / 모듈제조사 : SK하이닉스,https://img.danuri.io/catalog-image/963/568/094/3fd090741b034a62b50362018eae890a.jpg?shrink=130:130&_v=20260921090749,https://prod.danawa.com/info/?pcode=94568963&cate=112752
284,ESSENCORE,64GB,ESSENCORE KLEVV DDR5-6000 CL30 CRAS V RGB 패키지 서린,"1,825,000","데스크탑용 / DDR5 / 6000MHz (PC5-48000) / 램타이밍 : CL30-36-36-76 / 1.35V / 램개수 : 2개 / LED 라이트 / XMP3.0 / EXPO / 온다이ECC / 히트싱크 : 방열판 / 방열판 색상 : 블랙 / LED색상 : RGB / LED 시스템 : AURA SYNC , MYSTIC LIGHT , RGB FUSION , POLYCHROME / 높이 : 44mm / 모듈제조사 : SK하이닉스",https://img.danuri.io/catalog-image/663/002/030/fb841e6a626048808f04a1e2484a5372.jpg?shrink=130:130&_v=20260921113508,https://prod.danawa.com/info/?pcode=30002663&cate=112752
285,ESSENCORE,64GB,ESSENCORE KLEVV DDR5-6400 CL32 CRAS V RGB WHITE 패키지 서린,"1,850,000","데스크탑용 / DDR5 / 6400MHz (PC5-51200) / 램타이밍 : CL32-38-38-78 / 1.35V / 램개수 : 2개 / LED 라이트 / XMP3.0 / 온다이ECC / 히트싱크 : 방열판 / 방열판 색상 : 화이트 / LED색상 : RGB / LED 시스템 : AURA SYNC , MYSTIC LIGHT , RGB FUSION , POLYCHROME / 높이 : 44mm",https://img.danuri.io/catalog-image/125/989/037/3f100208f0594f32a1c6625b32a95576.jpg?shrink=130:130&_v=20260921080456,https://prod.danawa.com/info/?pcode=37989125&cate=112752
286,ESSENCORE,64GB,ESSENCORE KLEVV DDR5-6000 CL30 BOLT V WHITE 패키지 서린,"1,650,000",데스크탑용 / DDR5 / 6000MHz (PC5-48000) / 램타이밍 : CL30-36-36-76 / 1.35V / 램개수 : 2개 / XMP3.0 / EXPO / 온다이ECC / 히트싱크 : 방열판 / 방열판 색상 : 화이트 / 높이 : 34mm / 모듈제조사 : SK하이닉스,https://img.danuri.io/catalog-image/981/568/094/9f62e8c5359d4a9b804080acd72d19b0.jpg?shrink=130:130&_v=20260921080622,https://prod.danawa.com/info/?pcode=94568981&cate=112752
287,G.SKILL,64GB,G.SKILL DDR5-6000 CL32 TRIDENT Z5 NEO RGB J 패키지,"1,989,990","데스크탑용 / DDR5 / 6000MHz (PC5-48000) / 램타이밍 : CL32-38-38-96 / 1.40V / 램개수 : 2개 / LED 라이트 / EXPO / 온다이ECC / 히트싱크 : 방열판 / 방열판 색상 : 블랙 / LED색상 : RGB / LED 시스템 : AURA SYNC , MYSTIC LIGHT , RGB FUSION , POLYCHROME / 높이 : 44mm",https://img.danuri.io/catalog-image/958/610/018/8d6ec69bbce347658b986e9d509a60ab.jpg?shrink=130:130&_v=20260921080444,https://prod.danawa.com/info/?pcode=18610958&cate=112752
288,G.SKILL,64GB,G.SKILL DDR5-6000 CL30 TRIDENT Z5 NEO RGB J 패키지,"2,150,000","데스크탑용 / DDR5 / 6000MHz (PC5-48000) / 램타이밍 : CL30-40-40-96 / 1.40V / 램개수 : 2개 / LED 라이트 / EXPO / 온다이ECC / 히트싱크 : 방열판 / 방열판 색상 : 블랙 / LED색상 : RGB / LED 시스템 : AURA SYNC , MYSTIC LIGHT , RGB FUSION , POLYCHROME / 높이 : 44mm",https://img.danuri.io/catalog-image/260/572/040/e4aae1eaac3e4847bfc259cf7115af7f.jpg?shrink=130:130&_v=20260921142603,https://prod.danawa.com/info/?pcode=40572260&cate=112752
289,G.SKILL,64GB,G.SKILL DDR5-6000 CL30 TRIDENT Z5 RGB 화이트 패키지,"2,190,000","데스크탑용 / DDR5 / 6000MHz (PC5-48000) / 램타이밍 : CL30-40-40-96 / 1.40V / 램개수 : 2개 / LED 라이트 / XMP3.0 / 온다이ECC / 히트싱크 : 방열판 / 방열판 색상 : 화이트 / LED색상 : RGB / LED 시스템 : AURA SYNC , MYSTIC LIGHT , RGB FUSION , POLYCHROME / 높이 : 44mm",https://img.danuri.io/catalog-image/437/639/021/992f9863a9e04283a9ec34b838f9d2bf.jpg?shrink=130:130&_v=20260921080443,https://prod.danawa.com/info/?pcode=21639437&cate=112752
290,G.SKILL,64GB,G.SKILL DDR5-6000 CL36 TRIDENT Z5 NEO RGB J 패키지,"1,774,990","데스크탑용 / DDR5 / 6000MHz (PC5-48000) / 램타이밍 : CL36-36-36-96 / 1.35V / 램개수 : 2개 / LED 라이트 / XMP3.0 / EXPO / 온다이ECC / 히트싱크 : 방열판 / 방열판 색상 : 블랙 / LED색상 : RGB / LED 시스템 : AURA SYNC , MYSTIC LIGHT , RGB FUSION , POLYCHROME / 높이 : 44mm",https://img.danuri.io/catalog-image/664/913/072/ba522862398c43b18729b9ff770d723d.jpg?shrink=130:130&_v=20260921162123,https://prod.danawa.com/info/?pcode=72913664&cate=112752
291,G.SKILL,64GB,G.SKILL DDR5-6000 CL30 RIPJAWS M5 RGB 블랙 패키지,"2,180,000","데스크탑용 / DDR5 / 6000MHz (PC5-48000) / 램타이밍 : CL30-40-40-96 / 1.40V / 램개수 : 2개 / LED 라이트 / XMP3.0 / 온다이ECC / 방열판 색상 : 블랙 / LED색상 : RGB / LED 시스템 : AURA SYNC , MYSTIC LIGHT , RGB FUSION , POLYCHROME / 높이 : 41mm",https://img.danuri.io/catalog-image/800/151/056/bcb8a589d4784adc9cf61b0d7eec958e.jpg?shrink=130:130&_v=20260921103933,https://prod.danawa.com/info/?pcode=56151800&cate=112752
292,G.SKILL,64GB,G.SKILL DDR5-6000 CL36 FLARE X5 J 화이트 패키지,"1,653,050",데스크탑용 / DDR5 / 6000MHz (PC5-48000) / 램타이밍 : CL36-36-36-96 / 1.35V / 램개수 : 2개 / XMP3.0 / EXPO / 온다이ECC / 히트싱크 : 방열판 / 방열판 색상 : 화이트 / 높이 : 33mm,https://img.danuri.io/catalog-image/568/913/072/95411ae2e2444ce893f57d71df618a1f.jpg?shrink=130:130&_v=20260921090321,https://prod.danawa.com/info/?pcode=72913568&cate=112752
293,G.SKILL,64GB,G.SKILL DDR5-5200 CL40 RIPJAWS M5 RGB 화이트 패키지,"1,504,790","데스크탑용 / DDR5 / 5200MHz (PC5-41600) / 램타이밍 : CL40-40-40-83 / 1.10V / 램개수 : 2개 / LED 라이트 / XMP3.0 / 온다이ECC / 방열판 색상 : 화이트 / LED색상 : RGB / LED 시스템 : AURA SYNC , MYSTIC LIGHT , RGB FUSION , POLYCHROME / 높이 : 41mm",https://img.danuri.io/catalog-image/509/151/056/24dd45c8354d4308a11b7bd0c5a14aa5.jpg?shrink=130:130&_v=20260921142644,https://prod.danawa.com/info/?pcode=56151509&cate=112752
294,G.SKILL,64GB,G.SKILL DDR5-6000 CL36 TRIDENT Z5 NEO RGB J 화이트 패키지,"1,789,990","데스크탑용 / DDR5 / 6000MHz (PC5-48000) / 램타이밍 : CL36-36-36-96 / 1.35V / 램개수 : 2개 / LED 라이트 / XMP3.0 / EXPO / 온다이ECC / 히트싱크 : 방열판 / 방열판 색상 : 화이트 / LED색상 : RGB / LED 시스템 : AURA SYNC , MYSTIC LIGHT , RGB FUSION , POLYCHROME / 높이 : 44mm",https://img.danuri.io/catalog-image/682/913/072/c487d9addd20430b8c0cd1985e14e1e3.jpg?shrink=130:130&_v=20260921090339,https://prod.danawa.com/info/?pcode=72913682&cate=112752
295,G.SKILL,64GB,G.SKILL DDR5-5200 CL40 RIPJAWS M5 RGB 블랙 패키지,"1,590,000","데스크탑용 / DDR5 / 5200MHz (PC5-41600) / 램타이밍 : CL40-40-40-83 / 1.10V / 램개수 : 2개 / LED 라이트 / XMP3.0 / 온다이ECC / 방열판 색상 : 블랙 / LED색상 : RGB / LED 시스템 : AURA SYNC , MYSTIC LIGHT , RGB FUSION , POLYCHROME / 높이 : 41mm",https://img.danuri.io/catalog-image/416/151/056/586d132a3f8449c78d75073ca39c7864.jpg?shrink=130:130&_v=20260921080444,https://prod.danawa.com/info/?pcode=56151416&cate=112752
296,G.SKILL,64GB,G.SKILL DDR5-6000 CL36 RIPJAWS M5 NEO RGB 화이트 패키지,"1,689,990","데스크탑용 / DDR5 / 6000MHz (PC5-48000) / 램타이밍 : CL36-36-36-96 / 1.35V / 램개수 : 2개 / LED 라이트 / XMP3.0 / EXPO / 온다이ECC / 방열판 색상 : 화이트 / LED색상 : RGB / LED 시스템 : AURA SYNC , MYSTIC LIGHT , RGB FUSION , POLYCHROME / 높이 : 41mm",https://img.danuri.io/catalog-image/613/913/072/451caedc86614b26b262fcaa02e69099.jpg?shrink=130:130&_v=20260921090354,https://prod.danawa.com/info/?pcode=72913613&cate=112752
297,G.SKILL,64GB,G.SKILL DDR5-6000 CL30 FLARE X5 J 패키지,"2,089,990",데스크탑용 / DDR5 / 6000MHz (PC5-48000) / 램타이밍 : CL30-40-40-96 / 1.40V / 램개수 : 2개 / EXPO / 온다이ECC / 히트싱크 : 방열판 / 방열판 색상 : 블랙 / 높이 : 33mm,https://img.danuri.io/catalog-image/774/022/040/1fe0782a1d0e4299a9ca28baa27f9396.jpg?shrink=130:130&_v=20260921090343,https://prod.danawa.com/info/?pcode=40022774&cate=112752
298,G.SKILL,64GB,G.SKILL DDR5-5200 CL40 RIPJAWS S5 J 블랙 패키지,"1,539,990",데스크탑용 / DDR5 / 5200MHz (PC5-41600) / 램타이밍 : CL40-40-40-83 / 1.10V / 램개수 : 2개 / XMP3.0 / 온다이ECC / 히트싱크 : 방열판 / 방열판 색상 : 블랙 / 높이 : 33mm,https://img.danuri.io/catalog-image/163/103/054/f8bc17fe84554e8d8ac1979ad4e0f939.jpg?shrink=130:130&_v=20260921090356,https://prod.danawa.com/info/?pcode=54103163&cate=112752
299,G.SKILL,64GB,G.SKILL DDR5-6000 CL36 FLARE X5 J 패키지,"1,679,990",데스크탑용 / DDR5 / 6000MHz (PC5-48000) / 램타이밍 : CL36-36-36-96 / 1.35V / 램개수 : 2개 / XMP3.0 / EXPO / 온다이ECC / 히트싱크 : 방열판 / 방열판 색상 : 블랙 / 높이 : 33mm,https://img.danuri.io/catalog-image/559/913/072/7e47478d8a084fe78f324ece401b179d.jpg?shrink=130:130&_v=20260921090259,https://prod.danawa.com/info/?pcode=72913559&cate=112752
300,G.SKILL,64GB,G.SKILL DDR5-6000 CL30 TRIDENT Z5 RGB J 패키지,"2,190,000","데스크탑용 / DDR5 / 6000MHz (PC5-48000) / 램타이밍 : CL30-40-40-96 / 1.40V / 램개수 : 2개 / LED 라이트 / XMP3.0 / 온다이ECC / 히트싱크 : 방열판 / 방열판 색상 : 블랙 / LED색상 : RGB / LED 시스템 : AURA SYNC , MYSTIC LIGHT , RGB FUSION , POLYCHROME / 높이 : 44mm",https://img.danuri.io/catalog-image/209/001/017/241b9db0fbac424b814116562d79421b.jpg?shrink=130:130&_v=20260921080456,https://prod.danawa.com/info/?pcode=17001209&cate=112752
301,G.SKILL,64GB,G.SKILL DDR5-6000 CL32 TRIDENT Z5 NEO RGB J 화이트 패키지,"1,989,990","데스크탑용 / DDR5 / 6000MHz (PC5-48000) / 램타이밍 : CL32-38-38-96 / 1.40V / 램개수 : 2개 / LED 라이트 / EXPO / 온다이ECC / 히트싱크 : 방열판 / 방열판 색상 : 화이트 / LED색상 : RGB / LED 시스템 : AURA SYNC , MYSTIC LIGHT , RGB FUSION , POLYCHROME / 높이 : 44mm",https://img.danuri.io/catalog-image/544/385/093/3623f0074bb24eec8ad5a2d526973210.jpg?shrink=130:130&_v=20260921142604,https://prod.danawa.com/info/?pcode=93385544&cate=112752
302,G.SKILL,64GB,G.SKILL DDR5-6400 CL32 RIPJAWS M5 RGB 블랙 패키지,"2,037,190","데스크탑용 / DDR5 / 6400MHz (PC5-51200) / 램타이밍 : CL32-39-39-102 / 1.40V / 램개수 : 2개 / LED 라이트 / XMP3.0 / 방열판 색상 : 블랙 / LED색상 : RGB / LED 시스템 : AURA SYNC , MYSTIC LIGHT , RGB FUSION , POLYCHROME / 높이 : 41mm",https://img.danuri.io/catalog-image/055/152/056/e5aaf3e03301416c8fffd785082f0f7a.jpg?shrink=130:130&_v=20260921080457,https://prod.danawa.com/info/?pcode=56152055&cate=112752
303,G.SKILL,64GB,G.SKILL DDR5-6000 CL36 RIPJAWS M5 NEO RGB 블랙 패키지,"1,689,990","데스크탑용 / DDR5 / 6000MHz (PC5-48000) / 램타이밍 : CL36-36-36-96 / 1.35V / 램개수 : 2개 / LED 라이트 / XMP3.0 / EXPO / 온다이ECC / 방열판 색상 : 블랙 / LED색상 : RGB / LED 시스템 : AURA SYNC , MYSTIC LIGHT , RGB FUSION , POLYCHROME / 높이 : 41mm",https://img.danuri.io/catalog-image/592/913/072/847d50de09e74aec9033b40fe53d1122.jpg?shrink=130:130&_v=20260921090351,https://prod.danawa.com/info/?pcode=72913592&cate=112752
304,G.SKILL,64GB,G.SKILL DDR5-6400 CL32 RIPJAWS M5 RGB 화이트 패키지,"2,042,690","데스크탑용 / DDR5 / 6400MHz (PC5-51200) / 램타이밍 : CL32-39-39-102 / 1.40V / 램개수 : 2개 / LED 라이트 / XMP3.0 / 온다이ECC / 방열판 색상 : 화이트 / LED색상 : RGB / LED 시스템 : AURA SYNC , MYSTIC LIGHT , RGB FUSION , POLYCHROME / 높이 : 41mm",https://img.danuri.io/catalog-image/124/152/056/c2db1dbdb02449a8a007bfaf3b8754bf.jpg?shrink=130:130&_v=20260921080457,https://prod.danawa.com/info/?pcode=56152124&cate=112752
305,G.SKILL,64GB,G.SKILL DDR5-6000 CL30 TRIDENT Z5 J 패키지,"2,100,000",데스크탑용 / DDR5 / 6000MHz (PC5-48000) / 램타이밍 : CL30-40-40-96 / 1.40V / 램개수 : 2개 / XMP3.0 / 온다이ECC / 히트싱크 : 방열판 / 방열판 색상 : 블랙 / 높이 : 44mm,https://img.danuri.io/catalog-image/326/139/017/6d4505210aae418abf528f758cd9442d.jpg?shrink=130:130&_v=20260921080444,https://prod.danawa.com/info/?pcode=17139326&cate=112752
306,G.SKILL,64GB,G.SKILL DDR5-6000 CL30 RIPJAWS M5 RGB 화이트 패키지,"2,126,360","데스크탑용 / DDR5 / 6000MHz (PC5-48000) / 램타이밍 : CL30-40-40-96 / 1.40V / 램개수 : 2개 / LED 라이트 / XMP3.0 / 온다이ECC / 방열판 색상 : 화이트 / LED색상 : RGB / LED 시스템 : AURA SYNC , MYSTIC LIGHT , RGB FUSION , POLYCHROME / 높이 : 41mm",https://img.danuri.io/catalog-image/980/151/056/ad5c12eded0646a88c8d7fc45acae4a0.jpg?shrink=130:130&_v=20260921090314,https://prod.danawa.com/info/?pcode=56151980&cate=112752
307,G.SKILL,64GB,G.SKILL DDR5-6000 CL30 RIPJAWS S5 J 블랙 패키지,"2,036,450",데스크탑용 / DDR5 / 6000MHz (PC5-48000) / 램타이밍 : CL30-40-40-96 / 1.40V / 램개수 : 2개 / XMP3.0 / 온다이ECC / 히트싱크 : 방열판 / 방열판 색상 : 블랙 / 높이 : 33mm,https://img.danuri.io/catalog-image/666/000/017/03fedb4aa35e47d99042fa8abed2c552.jpg?shrink=130:130&_v=20260921162418,https://prod.danawa.com/info/?pcode=17000666&cate=112752
308,G.SKILL,64GB,G.SKILL DDR5-6000 CL30 RIPJAWS M5 NEO RGB 화이트 패키지,"2,190,000","데스크탑용 / DDR5 / 6000MHz (PC5-48000) / 램타이밍 : CL30-40-40-96 / 1.40V / 램개수 : 2개 / LED 라이트 / EXPO / 온다이ECC / 방열판 색상 : 화이트 / LED색상 : RGB / LED 시스템 : AURA SYNC , MYSTIC LIGHT , RGB FUSION , POLYCHROME / 높이 : 41mm",https://img.danuri.io/catalog-image/526/724/075/ff6c18376baa43dab50e6163f30cbd96.jpg?shrink=130:130&_v=20260921040537,https://prod.danawa.com/info/?pcode=75724526&cate=112752
309,G.SKILL,64GB,G.SKILL DDR5-6000 CL30 RIPJAWS S5 J 화이트 패키지,"2,090,000",데스크탑용 / DDR5 / 6000MHz (PC5-48000) / 램타이밍 : CL30-40-40-96 / 1.40V / 램개수 : 2개 / XMP3.0 / 온다이ECC / 히트싱크 : 방열판 / 방열판 색상 : 화이트 / 높이 : 33mm,https://img.danuri.io/catalog-image/741/000/017/b978c0a0f0e34d8a9d1964ac039a9565.jpg?shrink=130:130&_v=20260920080509,https://prod.danawa.com/info/?pcode=17000741&cate=112752
310,G.SKILL,64GB,G.SKILL DDR5-6000 CL30 TRIDENT Z5 NEO J 패키지,"2,100,000",데스크탑용 / DDR5 / 6000MHz (PC5-48000) / 램타이밍 : CL30-40-40-96 / 1.40V / 램개수 : 2개 / EXPO / 온다이ECC / 히트싱크 : 방열판 / 방열판 색상 : 블랙 / 높이 : 44mm,https://img.danuri.io/catalog-image/801/559/040/21a6dd64db424340ac082f96205ad02d.jpg?shrink=130:130&_v=20260921032117,https://prod.danawa.com/info/?pcode=40559801&cate=112752
311,G.SKILL,64GB,G.SKILL DDR5-6400 CL32 TRIDENT Z5 RGB J 패키지,"2,144,990","데스크탑용 / DDR5 / 6400MHz (PC5-51200) / 램타이밍 : CL32-39-39-102 / 1.40V / 램개수 : 2개 / LED 라이트 / XMP3.0 / 온다이ECC / 히트싱크 : 방열판 / 방열판 색상 : 블랙 / LED색상 : RGB / LED 시스템 : AURA SYNC , MYSTIC LIGHT , RGB FUSION , POLYCHROME / 높이 : 44mm",https://img.danuri.io/catalog-image/602/036/018/d0aba40f97be4219b3c083f057e362d3.jpg?shrink=130:130&_v=20260921080444,https://prod.danawa.com/info/?pcode=18036602&cate=112752
312,G.SKILL,64GB,G.SKILL DDR5-6000 CL28 RIPJAWS M5 NEO RGB 블랙 패키지,"1,680,000","데스크탑용 / DDR5 / 6000MHz (PC5-48000) / 램타이밍 : CL28-36-36-96 / 1.40V / 램개수 : 2개 / LED 라이트 / EXPO / 온다이ECC / 방열판 색상 : 블랙 / LED색상 : RGB / LED 시스템 : AURA SYNC , MYSTIC LIGHT , RGB FUSION , POLYCHROME / 높이 : 41mm",https://img.danuri.io/catalog-image/346/724/075/307a699d788643fc897b739b935805a1.jpg?shrink=130:130&_v=20260921080455,https://prod.danawa.com/info/?pcode=75724346&cate=112752
313,G.SKILL,64GB,G.SKILL DDR5-6400 CL32 TRIDENT Z5 RGB 화이트 패키지,"1,790,000","데스크탑용 / DDR5 / 6400MHz (PC5-51200) / 램타이밍 : CL32-39-39-102 / 1.40V / 램개수 : 2개 / LED 라이트 / XMP3.0 / 온다이ECC / 히트싱크 : 방열판 / 방열판 색상 : 화이트 / LED색상 : RGB / LED 시스템 : AURA SYNC , MYSTIC LIGHT , RGB FUSION , POLYCHROME / 높이 : 44mm",https://img.danuri.io/catalog-image/455/639/021/1ee46552950944af8483fd774230a09a.jpg?shrink=130:130&_v=20260921112548,https://prod.danawa.com/info/?pcode=21639455&cate=112752
314,G.SKILL,64GB,G.SKILL DDR5-6000 CL28 FLARE X5 J 패키지,"1,906,190",데스크탑용 / DDR5 / 6000MHz (PC5-48000) / 램타이밍 : CL28-36-36-96 / 1.40V / 램개수 : 2개 / EXPO / 온다이ECC / 히트싱크 : 방열판 / 방열판 색상 : 블랙 / 높이 : 33mm,https://img.danuri.io/catalog-image/702/656/075/0ab62e05e6fc4884b3809f3dc81edf76.jpg?shrink=130:130&_v=20260921080622,https://prod.danawa.com/info/?pcode=75656702&cate=112752
315,G.SKILL,64GB,G.SKILL DDR5-6000 CL28 FLARE X5 J 화이트 패키지,"1,979,990",데스크탑용 / DDR5 / 6000MHz (PC5-48000) / 램타이밍 : CL28-36-36-96 / 1.40V / 램개수 : 2개 / EXPO / 온다이ECC / 히트싱크 : 방열판 / 방열판 색상 : 화이트 / 높이 : 33mm,https://img.danuri.io/catalog-image/726/656/075/86a0832f310b48c1aac35d9ced32bf01.jpg?shrink=130:130&_v=20260921080444,https://prod.danawa.com/info/?pcode=75656726&cate=112752
316,G.SKILL,64GB,G.SKILL DDR5-6000 CL30 RIPJAWS M5 NEO RGB 블랙 패키지,"2,190,000","데스크탑용 / DDR5 / 6000MHz (PC5-48000) / 램타이밍 : CL30-40-40-96 / 1.40V / 램개수 : 2개 / LED 라이트 / EXPO / 온다이ECC / 방열판 색상 : 블랙 / LED색상 : RGB / LED 시스템 : AURA SYNC , MYSTIC LIGHT , RGB FUSION , POLYCHROME / 높이 : 41mm",https://img.danuri.io/catalog-image/439/724/075/41cdce81063443c8875321d2ba741245.jpg?shrink=130:130&_v=20260921080444,https://prod.danawa.com/info/?pcode=75724439&cate=112752
317,G.SKILL,64GB,G.SKILL DDR5-6000 CL30 TRIDENT Z5 RGB J 실버 패키지,"2,016,490","데스크탑용 / DDR5 / 6000MHz (PC5-48000) / 램타이밍 : CL30-40-40-96 / 1.40V / 램개수 : 2개 / LED 라이트 / XMP3.0 / 온다이ECC / 히트싱크 : 방열판 / 방열판 색상 : 실버/그레이 / LED색상 : RGB / LED 시스템 : AURA SYNC , MYSTIC LIGHT , RGB FUSION , POLYCHROME / 높이 : 44mm",https://img.danuri.io/catalog-image/281/001/017/340a613a1b544d88950c81642ab8f2f2.jpg?shrink=130:130&_v=20260920080509,https://prod.danawa.com/info/?pcode=17001281&cate=112752
318,G.SKILL,64GB,G.SKILL DDR5-6400 CL32 TRIDENT Z5 RGB J 실버 패키지,"2,166,000","데스크탑용 / DDR5 / 6400MHz (PC5-51200) / 램타이밍 : CL32-39-39-102 / 1.40V / 램개수 : 2개 / LED 라이트 / XMP3.0 / 온다이ECC / 히트싱크 : 방열판 / 방열판 색상 : 실버/그레이 / LED색상 : RGB / LED 시스템 : AURA SYNC , MYSTIC LIGHT , RGB FUSION , POLYCHROME / 높이 : 44mm",https://img.danuri.io/catalog-image/599/036/018/f706c715de554203a6036519e46588b9.jpg?shrink=130:130&_v=20260921080622,https://prod.danawa.com/info/?pcode=18036599&cate=112752
319,TeamGroup,64GB,TeamGroup T-CREATE DDR5-5600 CL46 CLASSIC 패키지 서린,"1,424,950",데스크탑용 / DDR5 / 5600MHz (PC5-44800) / 램타이밍 : CL46-46-46-90 / 1.10V / 램개수 : 2개 / 온다이ECC / 히트싱크 : 방열판 / 방열판 색상 : 블랙 / 높이 : 32mm,https://img.danuri.io/catalog-image/335/566/019/ae126aebb87c46e598629ea77740a62e.jpg?shrink=130:130&_v=20260921142623,https://prod.danawa.com/info/?pcode=19566335&cate=112752
320,TeamGroup,64GB,TeamGroup T-CREATE DDR5-6000 CL48 CLASSIC 패키지 서린,"1,477,370",데스크탑용 / DDR5 / 6000MHz (PC5-48000) / 램타이밍 : CL48-48-48-96 / 1.10V / 램개수 : 2개 / 온다이ECC / 히트싱크 : 방열판 / 방열판 색상 : 블랙 / 높이 : 32mm,https://img.danuri.io/catalog-image/628/567/019/ec848d39977e44d1944a4d3f769ff45f.jpg?shrink=130:130&_v=20260921080441,https://prod.danawa.com/info/?pcode=19567628&cate=112752
321,TeamGroup,64GB,TeamGroup T-CREATE DDR5-6400 CL34 EXPERT 화이트 패키지 서린,"1,650,510",데스크탑용 / DDR5 / 6400MHz (PC5-51200) / 램타이밍 : CL34-44-44-84 / 1.35V / 램개수 : 2개 / XMP / 온다이ECC / 히트싱크 : 방열판 / 방열판 색상 : 화이트 / 높이 : 32mm,https://img.danuri.io/catalog-image/080/547/020/875f1ca68e644c008bf8fae6b228a79e.jpg?shrink=130:130&_v=20260921080404,https://prod.danawa.com/info/?pcode=20547080&cate=112752
322,TeamGroup,64GB,TeamGroup T-CREATE DDR5-6000 CL34 EXPERT 화이트 패키지 서린,"1,600,000",데스크탑용 / DDR5 / 6000MHz (PC5-48000) / 램타이밍 : CL34-44-44-84 / 1.35V / 램개수 : 2개 / XMP / EXPO / 온다이ECC / 히트싱크 : 방열판 / 방열판 색상 : 화이트 / 높이 : 32mm / 25년 7월부로 전압 1.3→1.35V 변경,https://img.danuri.io/catalog-image/735/546/020/990c41321f6e479a9a771696411aeeb3.jpg?shrink=130:130&_v=20260921161548,https://prod.danawa.com/info/?pcode=20546735&cate=112752
323,TeamGroup,64GB,TeamGroup T-Force DDR5-6000 CL38 Delta RGB 패키지 서린,"1,560,000","데스크탑용 / DDR5 / 6000MHz (PC5-48000) / 램타이밍 : CL38-38-38-78 / 1.30V / 램개수 : 2개 / LED 라이트 / XMP3.0 / 온다이ECC / 히트싱크 : 방열판 / 방열판 색상 : 블랙 / LED색상 : RGB / LED 시스템 : AURA SYNC , MYSTIC LIGHT , RGB FUSION , POLYCHROME / 높이 : 46.1mm",https://img.danuri.io/catalog-image/994/552/019/f8c2e6dc04534c298494221405ba6e6c.jpg?shrink=130:130&_v=20260921080444,https://prod.danawa.com/info/?pcode=19552994&cate=112752
324,TeamGroup,64GB,TeamGroup T-CREATE DDR5-6000 CL34 EXPERT 패키지 서린,"1,581,320",데스크탑용 / DDR5 / 6000MHz (PC5-48000) / 램타이밍 : CL34-44-44-84 / 1.35V / 램개수 : 2개 / XMP / EXPO / 온다이ECC / 히트싱크 : 방열판 / 방열판 색상 : 블랙 / 높이 : 32mm / 25년 7월부로 전압 1.3→1.35V 변경,https://img.danuri.io/catalog-image/788/566/019/ff0bcc73c50d47799e5135b85cd03173.jpg?shrink=130:130&_v=20260921080444,https://prod.danawa.com/info/?pcode=19566788&cate=112752
325,TeamGroup,64GB,TeamGroup T-CREATE DDR5-6400 CL34 EXPERT 패키지 서린,"1,670,000",데스크탑용 / DDR5 / 6400MHz (PC5-51200) / 램타이밍 : CL34-44-44-84 / 1.35V / 램개수 : 2개 / XMP / 온다이ECC / 히트싱크 : 방열판 / 방열판 색상 : 블랙 / 높이 : 32mm,https://img.danuri.io/catalog-image/934/567/019/8d374d5d6d7b45cca00f6e4b25d400fd.jpg?shrink=130:130&_v=20260921080622,https://prod.danawa.com/info/?pcode=19567934&cate=112752
326,TeamGroup,64GB,TeamGroup T-Force DDR5-5600 CL36 Delta RGB 패키지 서린,"1,520,000","데스크탑용 / DDR5 / 5600MHz (PC5-44800) / 램타이밍 : CL36-36-36-76 / 1.30V / 램개수 : 2개 / LED 라이트 / XMP3.0 / 온다이ECC / 히트싱크 : 방열판 / 방열판 색상 : 블랙 / LED색상 : RGB / LED 시스템 : AURA SYNC , MYSTIC LIGHT , RGB FUSION , POLYCHROME / 높이 : 46.1mm",https://img.danuri.io/catalog-image/202/552/019/8237a7fa46a54444b6c0fd7bd1a5502e.jpg?shrink=130:130&_v=20260921080458,https://prod.danawa.com/info/?pcode=19552202&cate=112752
327,TeamGroup,64GB,TeamGroup T-Force DDR5-5600 CL36 Delta RGB 화이트 패키지 서린,"1,520,000","데스크탑용 / DDR5 / 5600MHz (PC5-44800) / 램타이밍 : CL36-36-36-76 / 1.30V / 램개수 : 2개 / LED 라이트 / XMP3.0 / 온다이ECC / 히트싱크 : 방열판 / 방열판 색상 : 화이트 / LED색상 : RGB / LED 시스템 : AURA SYNC , MYSTIC LIGHT , RGB FUSION , POLYCHROME / 높이 : 46.1mm",https://img.danuri.io/catalog-image/541/552/019/87ff799a6f8d4317999951d9996e045b.jpg?shrink=130:130&_v=20260921080454,https://prod.danawa.com/info/?pcode=19552541&cate=112752
328,TeamGroup,64GB,TeamGroup T-Force DDR5-6000 CL38 Delta RGB 화이트 패키지 서린,"1,559,990","데스크탑용 / DDR5 / 6000MHz (PC5-48000) / 램타이밍 : CL38 / 1.30V / 램개수 : 2개 / LED 라이트 / XMP3.0 / 온다이ECC / 히트싱크 : 방열판 / 방열판 색상 : 화이트 / LED색상 : RGB / LED 시스템 : AURA SYNC , MYSTIC LIGHT , RGB FUSION , POLYCHROME / 높이 : 46.1mm",https://img.danuri.io/catalog-image/282/553/019/913ec489ed7f4404a63d8fe327c8810a.jpg?shrink=130:130&_v=20260921080457,https://prod.danawa.com/info/?pcode=19553282&cate=112752
