spec_id,part_id,spec_key,spec_value,spec_unit
1,1,ram_type,DDR4,
2,1,capacity_gb,8,GB
3,1,speed_mhz,3200,MHz
4,1,module_count,1,EA
5,2,ram_type,DDR4,
6,2,capacity_gb,8,GB
7,2,speed_mhz,2666,MHz
8,2,module_count,1,EA
9,3,ram_type,DDR4,
10,3,capacity_gb,8,GB
11,3,speed_mhz,2400,MHz
12,3,module_count,1,EA
13,4,ram_type,DDR4,
14,4,capacity_gb,8,GB
15,4,speed_mhz,2933,MHz
16,4,module_count,1,EA
17,5,ram_type,DDR4,
18,5,capacity_gb,8,GB
19,5,speed_mhz,3200,MHz
20,5,module_count,1,EA
21,6,ram_type,DDR4,
22,6,capacity_gb,8,GB
23,6,speed_mhz,3200,MHz
24,6,module_count,1,EA
25,7,ram_type,DDR4,
26,7,capacity_gb,8,GB
27,7,speed_mhz,3200,MHz
28,7,module_count,1,EA
29,8,ram_type,DDR4,
30,8,capacity_gb,8,GB
31,8,speed_mhz,3200,MHz
32,8,module_count,1,EA
33,9,ram_type,DDR4,
34,9,capacity_gb,8,GB
35,9,speed_mhz,2666,MHz
36,9,module_count,1,EA
37,10,ram_type,DDR4,
38,10,capacity_gb,8,GB
39,10,speed_mhz,3200,MHz
40,10,module_count,1,EA
41,11,ram_type,DDR4,
42,11,capacity_gb,8,GB
43,11,speed_mhz,3200,MHz
44,11,module_count,1,EA
45,12,ram_type,DDR4,
46,12,capacity_gb,8,GB
47,12,speed_mhz,2666,MHz
48,12,module_count,1,EA
49,13,ram_type,DDR4,
50,13,capacity_gb,16,GB
51,13,speed_mhz,3200,MHz
52,13,module_count,1,EA
53,14,ram_type,DDR4,
54,14,capacity_gb,16,GB
55,14,speed_mhz,2400,MHz
56,14,module_count,1,EA
57,15,ram_type,DDR4,
58,15,capacity_gb,16,GB
59,15,speed_mhz,2666,MHz
60,15,module_count,1,EA
61,16,ram_type,DDR4,
62,16,capacity_gb,16,GB
63,16,speed_mhz,2133,MHz
64,16,module_count,1,EA
65,17,ram_type,DDR4,
66,17,capacity_gb,16,GB
67,17,speed_mhz,2933,MHz
68,17,module_count,1,EA
69,18,ram_type,DDR4,
70,18,capacity_gb,16,GB
71,18,speed_mhz,3200,MHz
72,18,module_count,1,EA
73,19,ram_type,DDR4,
74,19,capacity_gb,16,GB
75,19,speed_mhz,2666,MHz
76,19,module_count,1,EA
77,20,ram_type,DDR4,
78,20,capacity_gb,16,GB
79,20,speed_mhz,3200,MHz
80,20,module_count,1,EA
81,21,ram_type,DDR4,
82,21,capacity_gb,16,GB
83,21,speed_mhz,2666,MHz
84,21,module_count,1,EA
85,22,ram_type,DDR4,
86,22,capacity_gb,16,GB
87,22,speed_mhz,3600,MHz
88,22,module_count,2,EA
89,23,ram_type,DDR4,
90,23,capacity_gb,16,GB
91,23,speed_mhz,3200,MHz
92,23,module_count,1,EA
93,24,ram_type,DDR4,
94,24,capacity_gb,16,GB
95,24,speed_mhz,3200,MHz
96,24,module_count,2,EA
97,25,ram_type,DDR4,
98,25,capacity_gb,16,GB
99,25,speed_mhz,3600,MHz
100,25,module_count,2,EA
101,26,ram_type,DDR4,
102,26,capacity_gb,16,GB
103,26,speed_mhz,3200,MHz
104,26,module_count,2,EA
105,27,ram_type,DDR4,
106,27,capacity_gb,16,GB
107,27,speed_mhz,2666,MHz
108,27,module_count,1,EA
109,28,ram_type,DDR4,
110,28,capacity_gb,16,GB
111,28,speed_mhz,3200,MHz
112,28,module_count,2,EA
113,29,ram_type,DDR4,
114,29,capacity_gb,16,GB
115,29,speed_mhz,3200,MHz
116,29,module_count,2,EA
117,30,ram_type,DDR4,
118,30,capacity_gb,16,GB
119,30,speed_mhz,3200,MHz
120,30,module_count,1,EA
121,31,ram_type,DDR4,
122,31,capacity_gb,16,GB
123,31,speed_mhz,3600,MHz
124,31,module_count,2,EA
125,32,ram_type,DDR4,
126,32,capacity_gb,16,GB
127,32,speed_mhz,3200,MHz
128,32,module_count,2,EA
129,33,ram_type,DDR4,
130,33,capacity_gb,16,GB
131,33,speed_mhz,3200,MHz
132,33,module_count,1,EA
133,34,ram_type,DDR4,
134,34,capacity_gb,16,GB
135,34,speed_mhz,3600,MHz
136,34,module_count,2,EA
137,35,ram_type,DDR4,
138,35,capacity_gb,16,GB
139,35,speed_mhz,3600,MHz
140,35,module_count,2,EA
141,36,ram_type,DDR4,
142,36,capacity_gb,16,GB
143,36,speed_mhz,3200,MHz
144,36,module_count,2,EA
145,37,ram_type,DDR4,
146,37,capacity_gb,16,GB
147,37,speed_mhz,3600,MHz
148,37,module_count,2,EA
149,38,ram_type,DDR4,
150,38,capacity_gb,16,GB
151,38,speed_mhz,3600,MHz
152,38,module_count,2,EA
153,39,ram_type,DDR4,
154,39,capacity_gb,16,GB
155,39,speed_mhz,3200,MHz
156,39,module_count,2,EA
157,40,ram_type,DDR4,
158,40,capacity_gb,16,GB
159,40,speed_mhz,3200,MHz
160,40,module_count,1,EA
161,41,ram_type,DDR4,
162,41,capacity_gb,16,GB
163,41,speed_mhz,3200,MHz
164,41,module_count,2,EA
165,42,ram_type,DDR4,
166,42,capacity_gb,16,GB
167,42,speed_mhz,3600,MHz
168,42,module_count,2,EA
169,43,ram_type,DDR4,
170,43,capacity_gb,16,GB
171,43,speed_mhz,3600,MHz
172,43,module_count,2,EA
173,44,ram_type,DDR4,
174,44,capacity_gb,32,GB
175,44,speed_mhz,3200,MHz
176,44,module_count,1,EA
177,45,ram_type,DDR4,
178,45,capacity_gb,32,GB
179,45,speed_mhz,2933,MHz
180,45,module_count,1,EA
181,46,ram_type,DDR4,
182,46,capacity_gb,32,GB
183,46,speed_mhz,2666,MHz
184,46,module_count,1,EA
185,47,ram_type,DDR4,
186,47,capacity_gb,32,GB
187,47,speed_mhz,3200,MHz
188,47,module_count,1,EA
189,48,ram_type,DDR4,
190,48,capacity_gb,32,GB
191,48,speed_mhz,3200,MHz
192,48,module_count,1,EA
193,49,ram_type,DDR4,
194,49,capacity_gb,32,GB
195,49,speed_mhz,3600,MHz
196,49,module_count,2,EA
197,50,ram_type,DDR4,
198,50,capacity_gb,32,GB
199,50,speed_mhz,3600,MHz
200,50,module_count,2,EA
201,51,ram_type,DDR4,
202,51,capacity_gb,32,GB
203,51,speed_mhz,3200,MHz
204,51,module_count,2,EA
205,52,ram_type,DDR4,
206,52,capacity_gb,32,GB
207,52,speed_mhz,3600,MHz
208,52,module_count,2,EA
209,53,ram_type,DDR4,
210,53,capacity_gb,32,GB
211,53,speed_mhz,3200,MHz
212,53,module_count,2,EA
213,54,ram_type,DDR4,
214,54,capacity_gb,32,GB
215,54,speed_mhz,3600,MHz
216,54,module_count,2,EA
217,55,ram_type,DDR4,
218,55,capacity_gb,32,GB
219,55,speed_mhz,3600,MHz
220,55,module_count,2,EA
221,56,ram_type,DDR4,
222,56,capacity_gb,32,GB
223,56,speed_mhz,3200,MHz
224,56,module_count,2,EA
225,57,ram_type,DDR4,
226,57,capacity_gb,32,GB
227,57,speed_mhz,3200,MHz
228,57,module_count,2,EA
229,58,ram_type,DDR4,
230,58,capacity_gb,32,GB
231,58,speed_mhz,3200,MHz
232,58,module_count,1,EA
233,59,ram_type,DDR4,
234,59,capacity_gb,32,GB
235,59,speed_mhz,3200,MHz
236,59,module_count,2,EA
237,60,ram_type,DDR4,
238,60,capacity_gb,32,GB
239,60,speed_mhz,3200,MHz
240,60,module_count,2,EA
241,61,ram_type,DDR4,
242,61,capacity_gb,32,GB
243,61,speed_mhz,3600,MHz
244,61,module_count,2,EA
245,62,ram_type,DDR4,
246,62,capacity_gb,32,GB
247,62,speed_mhz,3200,MHz
248,62,module_count,2,EA
249,63,ram_type,DDR4,
250,63,capacity_gb,32,GB
251,63,speed_mhz,3600,MHz
252,63,module_count,2,EA
253,64,ram_type,DDR4,
254,64,capacity_gb,64,GB
255,64,speed_mhz,3600,MHz
256,64,module_count,2,EA
257,65,ram_type,DDR4,
258,65,capacity_gb,64,GB
259,65,speed_mhz,3200,MHz
260,65,module_count,2,EA
261,66,ram_type,DDR5,
262,66,capacity_gb,8,GB
263,66,speed_mhz,5600,MHz
264,66,module_count,1,EA
265,67,ram_type,DDR5,
266,67,capacity_gb,8,GB
267,67,speed_mhz,4800,MHz
268,67,module_count,1,EA
269,68,ram_type,DDR5,
270,68,capacity_gb,8,GB
271,68,speed_mhz,6400,MHz
272,68,module_count,1,EA
273,69,ram_type,DDR5,
274,69,capacity_gb,8,GB
275,69,speed_mhz,4800,MHz
276,69,module_count,1,EA
277,70,ram_type,DDR5,
278,70,capacity_gb,8,GB
279,70,speed_mhz,7200,MHz
280,70,module_count,1,EA
281,71,ram_type,DDR5,
282,71,capacity_gb,8,GB
283,71,speed_mhz,5600,MHz
284,71,module_count,1,EA
285,72,ram_type,DDR5,
286,72,capacity_gb,8,GB
287,72,speed_mhz,5600,MHz
288,72,module_count,1,EA
289,73,ram_type,DDR5,
290,73,capacity_gb,8,GB
291,73,speed_mhz,5600,MHz
292,73,module_count,1,EA
293,74,ram_type,DDR5,
294,74,capacity_gb,8,GB
295,74,speed_mhz,5600,MHz
296,74,module_count,1,EA
297,75,ram_type,DDR5,
298,75,capacity_gb,8,GB
299,75,speed_mhz,5600,MHz
300,75,module_count,1,EA
301,76,ram_type,DDR5,
302,76,capacity_gb,8,GB
303,76,speed_mhz,5600,MHz
304,76,module_count,1,EA
305,77,ram_type,DDR5,
306,77,capacity_gb,8,GB
307,77,speed_mhz,6000,MHz
308,77,module_count,1,EA
309,78,ram_type,DDR5,
310,78,capacity_gb,8,GB
311,78,speed_mhz,5600,MHz
312,78,module_count,1,EA
313,79,ram_type,DDR5,
314,79,capacity_gb,8,GB
315,79,speed_mhz,5600,MHz
316,79,module_count,1,EA
317,80,ram_type,DDR5,
318,80,capacity_gb,16,GB
319,80,speed_mhz,5600,MHz
320,80,module_count,1,EA
321,81,ram_type,DDR5,
322,81,capacity_gb,16,GB
323,81,speed_mhz,7200,MHz
324,81,module_count,1,EA
325,82,ram_type,DDR5,
326,82,capacity_gb,16,GB
327,82,speed_mhz,6400,MHz
328,82,module_count,1,EA
329,83,ram_type,DDR5,
330,83,capacity_gb,16,GB
331,83,speed_mhz,4800,MHz
332,83,module_count,1,EA
333,84,ram_type,DDR5,
334,84,capacity_gb,16,GB
335,84,speed_mhz,4800,MHz
336,84,module_count,1,EA
337,85,ram_type,DDR5,
338,85,capacity_gb,16,GB
339,85,speed_mhz,6000,MHz
340,85,module_count,1,EA
341,86,ram_type,DDR5,
342,86,capacity_gb,16,GB
343,86,speed_mhz,6000,MHz
344,86,module_count,1,EA
345,87,ram_type,DDR5,
346,87,capacity_gb,16,GB
347,87,speed_mhz,6000,MHz
348,87,module_count,1,EA
349,88,ram_type,DDR5,
350,88,capacity_gb,16,GB
351,88,speed_mhz,5600,MHz
352,88,module_count,1,EA
353,89,ram_type,DDR5,
354,89,capacity_gb,16,GB
355,89,speed_mhz,6000,MHz
356,89,module_count,1,EA
357,90,ram_type,DDR5,
358,90,capacity_gb,16,GB
359,90,speed_mhz,6000,MHz
360,90,module_count,1,EA
361,91,ram_type,DDR5,
362,91,capacity_gb,16,GB
363,91,speed_mhz,6000,MHz
364,91,module_count,1,EA
365,92,ram_type,DDR5,
366,92,capacity_gb,16,GB
367,92,speed_mhz,5600,MHz
368,92,module_count,1,EA
369,93,ram_type,DDR5,
370,93,capacity_gb,16,GB
371,93,speed_mhz,5600,MHz
372,93,module_count,1,EA
373,94,ram_type,DDR5,
374,94,capacity_gb,16,GB
375,94,speed_mhz,6000,MHz
376,94,module_count,2,EA
377,95,ram_type,DDR5,
378,95,capacity_gb,16,GB
379,95,speed_mhz,6400,MHz
380,95,module_count,1,EA
381,96,ram_type,DDR5,
382,96,capacity_gb,16,GB
383,96,speed_mhz,5600,MHz
384,96,module_count,1,EA
385,97,ram_type,DDR5,
386,97,capacity_gb,16,GB
387,97,speed_mhz,6000,MHz
388,97,module_count,2,EA
389,98,ram_type,DDR5,
390,98,capacity_gb,16,GB
391,98,speed_mhz,5600,MHz
392,98,module_count,1,EA
393,99,ram_type,DDR5,
394,99,capacity_gb,16,GB
395,99,speed_mhz,6000,MHz
396,99,module_count,1,EA
397,100,ram_type,DDR5,
398,100,capacity_gb,16,GB
399,100,speed_mhz,5600,MHz
400,100,module_count,1,EA
401,101,ram_type,DDR5,
402,101,capacity_gb,16,GB
403,101,speed_mhz,6000,MHz
404,101,module_count,1,EA
405,102,ram_type,DDR5,
406,102,capacity_gb,16,GB
407,102,speed_mhz,5600,MHz
408,102,module_count,1,EA
409,103,ram_type,DDR5,
410,103,capacity_gb,16,GB
411,103,speed_mhz,4800,MHz
412,103,module_count,1,EA
413,104,ram_type,DDR5,
414,104,capacity_gb,16,GB
415,104,speed_mhz,5200,MHz
416,104,module_count,1,EA
417,105,ram_type,DDR5,
418,105,capacity_gb,16,GB
419,105,speed_mhz,5600,MHz
420,105,module_count,1,EA
421,106,ram_type,DDR5,
422,106,capacity_gb,16,GB
423,106,speed_mhz,5600,MHz
424,106,module_count,1,EA
425,107,ram_type,DDR5,
426,107,capacity_gb,32,GB
427,107,speed_mhz,5600,MHz
428,107,module_count,1,EA
429,108,ram_type,DDR5,
430,108,capacity_gb,32,GB
431,108,speed_mhz,4800,MHz
432,108,module_count,1,EA
433,109,ram_type,DDR5,
434,109,capacity_gb,32,GB
435,109,speed_mhz,4800,MHz
436,109,module_count,1,EA
437,110,ram_type,DDR5,
438,110,capacity_gb,32,GB
439,110,speed_mhz,6000,MHz
440,110,module_count,2,EA
441,111,ram_type,DDR5,
442,111,capacity_gb,32,GB
443,111,speed_mhz,6000,MHz
444,111,module_count,2,EA
445,112,ram_type,DDR5,
446,112,capacity_gb,32,GB
447,112,speed_mhz,8000,MHz
448,112,module_count,2,EA
449,113,ram_type,DDR5,
450,113,capacity_gb,32,GB
451,113,speed_mhz,6000,MHz
452,113,module_count,2,EA
453,114,ram_type,DDR5,
454,114,capacity_gb,32,GB
455,114,speed_mhz,6400,MHz
456,114,module_count,2,EA
457,115,ram_type,DDR5,
458,115,capacity_gb,32,GB
459,115,speed_mhz,6400,MHz
460,115,module_count,2,EA
461,116,ram_type,DDR5,
462,116,capacity_gb,32,GB
463,116,speed_mhz,5600,MHz
464,116,module_count,1,EA
465,117,ram_type,DDR5,
466,117,capacity_gb,32,GB
467,117,speed_mhz,6200,MHz
468,117,module_count,2,EA
469,118,ram_type,DDR5,
470,118,capacity_gb,32,GB
471,118,speed_mhz,7400,MHz
472,118,module_count,2,EA
473,119,ram_type,DDR5,
474,119,capacity_gb,32,GB
475,119,speed_mhz,7200,MHz
476,119,module_count,2,EA
477,120,ram_type,DDR5,
478,120,capacity_gb,32,GB
479,120,speed_mhz,7000,MHz
480,120,module_count,2,EA
481,121,ram_type,DDR5,
482,121,capacity_gb,32,GB
483,121,speed_mhz,7200,MHz
484,121,module_count,2,EA
485,122,ram_type,DDR5,
486,122,capacity_gb,32,GB
487,122,speed_mhz,7400,MHz
488,122,module_count,2,EA
489,123,ram_type,DDR5,
490,123,capacity_gb,32,GB
491,123,speed_mhz,6800,MHz
492,123,module_count,2,EA
493,124,ram_type,DDR5,
494,124,capacity_gb,32,GB
495,124,speed_mhz,6400,MHz
496,124,module_count,2,EA
497,125,ram_type,DDR5,
498,125,capacity_gb,32,GB
499,125,speed_mhz,6000,MHz
500,125,module_count,2,EA
501,126,ram_type,DDR5,
502,126,capacity_gb,32,GB
503,126,speed_mhz,6600,MHz
504,126,module_count,2,EA
505,127,ram_type,DDR5,
506,127,capacity_gb,32,GB
507,127,speed_mhz,7000,MHz
508,127,module_count,2,EA
509,128,ram_type,DDR5,
510,128,capacity_gb,32,GB
511,128,speed_mhz,6200,MHz
512,128,module_count,2,EA
513,129,ram_type,DDR5,
514,129,capacity_gb,32,GB
515,129,speed_mhz,6200,MHz
516,129,module_count,2,EA
517,130,ram_type,DDR5,
518,130,capacity_gb,32,GB
519,130,speed_mhz,6800,MHz
520,130,module_count,2,EA
521,131,ram_type,DDR5,
522,131,capacity_gb,32,GB
523,131,speed_mhz,6600,MHz
524,131,module_count,2,EA
525,132,ram_type,DDR5,
526,132,capacity_gb,32,GB
527,132,speed_mhz,6000,MHz
528,132,module_count,2,EA
529,133,ram_type,DDR5,
530,133,capacity_gb,32,GB
531,133,speed_mhz,6600,MHz
532,133,module_count,2,EA
533,134,ram_type,DDR5,
534,134,capacity_gb,32,GB
535,134,speed_mhz,7000,MHz
536,134,module_count,2,EA
537,135,ram_type,DDR5,
538,135,capacity_gb,32,GB
539,135,speed_mhz,6000,MHz
540,135,module_count,2,EA
541,136,ram_type,DDR5,
542,136,capacity_gb,32,GB
543,136,speed_mhz,7000,MHz
544,136,module_count,2,EA
545,137,ram_type,DDR5,
546,137,capacity_gb,32,GB
547,137,speed_mhz,6000,MHz
548,137,module_count,2,EA
549,138,ram_type,DDR5,
550,138,capacity_gb,32,GB
551,138,speed_mhz,5600,MHz
552,138,module_count,1,EA
553,139,ram_type,DDR5,
554,139,capacity_gb,32,GB
555,139,speed_mhz,6000,MHz
556,139,module_count,2,EA
557,140,ram_type,DDR5,
558,140,capacity_gb,32,GB
559,140,speed_mhz,6000,MHz
560,140,module_count,2,EA
561,141,ram_type,DDR5,
562,141,capacity_gb,32,GB
563,141,speed_mhz,6000,MHz
564,141,module_count,2,EA
565,142,ram_type,DDR5,
566,142,capacity_gb,32,GB
567,142,speed_mhz,6000,MHz
568,142,module_count,2,EA
569,143,ram_type,DDR5,
570,143,capacity_gb,32,GB
571,143,speed_mhz,6000,MHz
572,143,module_count,2,EA
573,144,ram_type,DDR5,
574,144,capacity_gb,32,GB
575,144,speed_mhz,6000,MHz
576,144,module_count,2,EA
577,145,ram_type,DDR5,
578,145,capacity_gb,32,GB
579,145,speed_mhz,6000,MHz
580,145,module_count,2,EA
581,146,ram_type,DDR5,
582,146,capacity_gb,32,GB
583,146,speed_mhz,6000,MHz
584,146,module_count,2,EA
585,147,ram_type,DDR5,
586,147,capacity_gb,32,GB
587,147,speed_mhz,6000,MHz
588,147,module_count,2,EA
589,148,ram_type,DDR5,
590,148,capacity_gb,32,GB
591,148,speed_mhz,6000,MHz
592,148,module_count,2,EA
593,149,ram_type,DDR5,
594,149,capacity_gb,32,GB
595,149,speed_mhz,6000,MHz
596,149,module_count,2,EA
597,150,ram_type,DDR5,
598,150,capacity_gb,32,GB
599,150,speed_mhz,6000,MHz
600,150,module_count,2,EA
601,151,ram_type,DDR5,
602,151,capacity_gb,32,GB
603,151,speed_mhz,6400,MHz
604,151,module_count,2,EA
605,152,ram_type,DDR5,
606,152,capacity_gb,32,GB
607,152,speed_mhz,6000,MHz
608,152,module_count,2,EA
609,153,ram_type,DDR5,
610,153,capacity_gb,32,GB
611,153,speed_mhz,6000,MHz
612,153,module_count,2,EA
613,154,ram_type,DDR5,
614,154,capacity_gb,32,GB
615,154,speed_mhz,6400,MHz
616,154,module_count,2,EA
617,155,ram_type,DDR5,
618,155,capacity_gb,32,GB
619,155,speed_mhz,6000,MHz
620,155,module_count,2,EA
621,156,ram_type,DDR5,
622,156,capacity_gb,32,GB
623,156,speed_mhz,6000,MHz
624,156,module_count,2,EA
625,157,ram_type,DDR5,
626,157,capacity_gb,32,GB
627,157,speed_mhz,7200,MHz
628,157,module_count,2,EA
629,158,ram_type,DDR5,
630,158,capacity_gb,32,GB
631,158,speed_mhz,6000,MHz
632,158,module_count,2,EA
633,159,ram_type,DDR5,
634,159,capacity_gb,32,GB
635,159,speed_mhz,6000,MHz
636,159,module_count,2,EA
637,160,ram_type,DDR5,
638,160,capacity_gb,32,GB
639,160,speed_mhz,6400,MHz
640,160,module_count,2,EA
641,161,ram_type,DDR5,
642,161,capacity_gb,32,GB
643,161,speed_mhz,6400,MHz
644,161,module_count,2,EA
645,162,ram_type,DDR5,
646,162,capacity_gb,32,GB
647,162,speed_mhz,6400,MHz
648,162,module_count,2,EA
649,163,ram_type,DDR5,
650,163,capacity_gb,32,GB
651,163,speed_mhz,6400,MHz
652,163,module_count,2,EA
653,164,ram_type,DDR5,
654,164,capacity_gb,32,GB
655,164,speed_mhz,6400,MHz
656,164,module_count,2,EA
657,165,ram_type,DDR5,
658,165,capacity_gb,32,GB
659,165,speed_mhz,7200,MHz
660,165,module_count,2,EA
661,166,ram_type,DDR5,
662,166,capacity_gb,32,GB
663,166,speed_mhz,7200,MHz
664,166,module_count,2,EA
665,167,ram_type,DDR5,
666,167,capacity_gb,32,GB
667,167,speed_mhz,6000,MHz
668,167,module_count,2,EA
669,168,ram_type,DDR5,
670,168,capacity_gb,32,GB
671,168,speed_mhz,6400,MHz
672,168,module_count,2,EA
673,169,ram_type,DDR5,
674,169,capacity_gb,32,GB
675,169,speed_mhz,6000,MHz
676,169,module_count,2,EA
677,170,ram_type,DDR5,
678,170,capacity_gb,32,GB
679,170,speed_mhz,6000,MHz
680,170,module_count,2,EA
681,171,ram_type,DDR5,
682,171,capacity_gb,32,GB
683,171,speed_mhz,6000,MHz
684,171,module_count,2,EA
685,172,ram_type,DDR5,
686,172,capacity_gb,32,GB
687,172,speed_mhz,6000,MHz
688,172,module_count,2,EA
689,173,ram_type,DDR5,
690,173,capacity_gb,32,GB
691,173,speed_mhz,6000,MHz
692,173,module_count,2,EA
693,174,ram_type,DDR5,
694,174,capacity_gb,32,GB
695,174,speed_mhz,6000,MHz
696,174,module_count,2,EA
697,175,ram_type,DDR5,
698,175,capacity_gb,32,GB
699,175,speed_mhz,6400,MHz
700,175,module_count,2,EA
701,176,ram_type,DDR5,
702,176,capacity_gb,32,GB
703,176,speed_mhz,5600,MHz
704,176,module_count,1,EA
705,177,ram_type,DDR5,
706,177,capacity_gb,32,GB
707,177,speed_mhz,6000,MHz
708,177,module_count,2,EA
709,178,ram_type,DDR5,
710,178,capacity_gb,32,GB
711,178,speed_mhz,6000,MHz
712,178,module_count,2,EA
713,179,ram_type,DDR5,
714,179,capacity_gb,32,GB
715,179,speed_mhz,6000,MHz
716,179,module_count,2,EA
717,180,ram_type,DDR5,
718,180,capacity_gb,32,GB
719,180,speed_mhz,6000,MHz
720,180,module_count,2,EA
721,181,ram_type,DDR5,
722,181,capacity_gb,32,GB
723,181,speed_mhz,6000,MHz
724,181,module_count,2,EA
725,182,ram_type,DDR5,
726,182,capacity_gb,32,GB
727,182,speed_mhz,6000,MHz
728,182,module_count,2,EA
729,183,ram_type,DDR5,
730,183,capacity_gb,32,GB
731,183,speed_mhz,6000,MHz
732,183,module_count,2,EA
733,184,ram_type,DDR5,
734,184,capacity_gb,32,GB
735,184,speed_mhz,6000,MHz
736,184,module_count,2,EA
737,185,ram_type,DDR5,
738,185,capacity_gb,32,GB
739,185,speed_mhz,6000,MHz
740,185,module_count,2,EA
741,186,ram_type,DDR5,
742,186,capacity_gb,32,GB
743,186,speed_mhz,6000,MHz
744,186,module_count,2,EA
745,187,ram_type,DDR5,
746,187,capacity_gb,32,GB
747,187,speed_mhz,6000,MHz
748,187,module_count,2,EA
749,188,ram_type,DDR5,
750,188,capacity_gb,32,GB
751,188,speed_mhz,6000,MHz
752,188,module_count,2,EA
753,189,ram_type,DDR5,
754,189,capacity_gb,32,GB
755,189,speed_mhz,6000,MHz
756,189,module_count,2,EA
757,190,ram_type,DDR5,
758,190,capacity_gb,32,GB
759,190,speed_mhz,6000,MHz
760,190,module_count,2,EA
761,191,ram_type,DDR5,
762,191,capacity_gb,32,GB
763,191,speed_mhz,6000,MHz
764,191,module_count,2,EA
765,192,ram_type,DDR5,
766,192,capacity_gb,32,GB
767,192,speed_mhz,6000,MHz
768,192,module_count,2,EA
769,193,ram_type,DDR5,
770,193,capacity_gb,32,GB
771,193,speed_mhz,6000,MHz
772,193,module_count,2,EA
773,194,ram_type,DDR5,
774,194,capacity_gb,32,GB
775,194,speed_mhz,5200,MHz
776,194,module_count,2,EA
777,195,ram_type,DDR5,
778,195,capacity_gb,32,GB
779,195,speed_mhz,6000,MHz
780,195,module_count,2,EA
781,196,ram_type,DDR5,
782,196,capacity_gb,32,GB
783,196,speed_mhz,6000,MHz
784,196,module_count,2,EA
785,197,ram_type,DDR5,
786,197,capacity_gb,32,GB
787,197,speed_mhz,6000,MHz
788,197,module_count,2,EA
789,198,ram_type,DDR5,
790,198,capacity_gb,32,GB
791,198,speed_mhz,5200,MHz
792,198,module_count,2,EA
793,199,ram_type,DDR5,
794,199,capacity_gb,32,GB
795,199,speed_mhz,6000,MHz
796,199,module_count,2,EA
797,200,ram_type,DDR5,
798,200,capacity_gb,32,GB
799,200,speed_mhz,5200,MHz
800,200,module_count,2,EA
801,201,ram_type,DDR5,
802,201,capacity_gb,32,GB
803,201,speed_mhz,5200,MHz
804,201,module_count,2,EA
805,202,ram_type,DDR5,
806,202,capacity_gb,32,GB
807,202,speed_mhz,6000,MHz
808,202,module_count,2,EA
809,203,ram_type,DDR5,
810,203,capacity_gb,32,GB
811,203,speed_mhz,6000,MHz
812,203,module_count,2,EA
813,204,ram_type,DDR5,
814,204,capacity_gb,32,GB
815,204,speed_mhz,6000,MHz
816,204,module_count,2,EA
817,205,ram_type,DDR5,
818,205,capacity_gb,32,GB
819,205,speed_mhz,6000,MHz
820,205,module_count,2,EA
821,206,ram_type,DDR5,
822,206,capacity_gb,32,GB
823,206,speed_mhz,6400,MHz
824,206,module_count,2,EA
825,207,ram_type,DDR5,
826,207,capacity_gb,32,GB
827,207,speed_mhz,6000,MHz
828,207,module_count,2,EA
829,208,ram_type,DDR5,
830,208,capacity_gb,32,GB
831,208,speed_mhz,6000,MHz
832,208,module_count,2,EA
833,209,ram_type,DDR5,
834,209,capacity_gb,32,GB
835,209,speed_mhz,6400,MHz
836,209,module_count,2,EA
837,210,ram_type,DDR5,
838,210,capacity_gb,32,GB
839,210,speed_mhz,6000,MHz
840,210,module_count,2,EA
841,211,ram_type,DDR5,
842,211,capacity_gb,32,GB
843,211,speed_mhz,6800,MHz
844,211,module_count,2,EA
845,212,ram_type,DDR5,
846,212,capacity_gb,32,GB
847,212,speed_mhz,7600,MHz
848,212,module_count,2,EA
849,213,ram_type,DDR5,
850,213,capacity_gb,32,GB
851,213,speed_mhz,7600,MHz
852,213,module_count,2,EA
853,214,ram_type,DDR5,
854,214,capacity_gb,32,GB
855,214,speed_mhz,6000,MHz
856,214,module_count,2,EA
857,215,ram_type,DDR5,
858,215,capacity_gb,32,GB
859,215,speed_mhz,6000,MHz
860,215,module_count,2,EA
861,216,ram_type,DDR5,
862,216,capacity_gb,32,GB
863,216,speed_mhz,6000,MHz
864,216,module_count,2,EA
865,217,ram_type,DDR5,
866,217,capacity_gb,32,GB
867,217,speed_mhz,6000,MHz
868,217,module_count,1,EA
869,218,ram_type,DDR5,
870,218,capacity_gb,32,GB
871,218,speed_mhz,6400,MHz
872,218,module_count,2,EA
873,219,ram_type,DDR5,
874,219,capacity_gb,32,GB
875,219,speed_mhz,6000,MHz
876,219,module_count,2,EA
877,220,ram_type,DDR5,
878,220,capacity_gb,32,GB
879,220,speed_mhz,6000,MHz
880,220,module_count,2,EA
881,221,ram_type,DDR5,
882,221,capacity_gb,32,GB
883,221,speed_mhz,6000,MHz
884,221,module_count,2,EA
885,222,ram_type,DDR5,
886,222,capacity_gb,32,GB
887,222,speed_mhz,7200,MHz
888,222,module_count,2,EA
889,223,ram_type,DDR5,
890,223,capacity_gb,32,GB
891,223,speed_mhz,6000,MHz
892,223,module_count,2,EA
893,224,ram_type,DDR5,
894,224,capacity_gb,32,GB
895,224,speed_mhz,6000,MHz
896,224,module_count,2,EA
897,225,ram_type,DDR5,
898,225,capacity_gb,32,GB
899,225,speed_mhz,6000,MHz
900,225,module_count,2,EA
901,226,ram_type,DDR5,
902,226,capacity_gb,32,GB
903,226,speed_mhz,6000,MHz
904,226,module_count,2,EA
905,227,ram_type,DDR5,
906,227,capacity_gb,32,GB
907,227,speed_mhz,6000,MHz
908,227,module_count,2,EA
909,228,ram_type,DDR5,
910,228,capacity_gb,32,GB
911,228,speed_mhz,6400,MHz
912,228,module_count,2,EA
913,229,ram_type,DDR5,
914,229,capacity_gb,32,GB
915,229,speed_mhz,6400,MHz
916,229,module_count,2,EA
917,230,ram_type,DDR5,
918,230,capacity_gb,32,GB
919,230,speed_mhz,6000,MHz
920,230,module_count,2,EA
921,231,ram_type,DDR5,
922,231,capacity_gb,32,GB
923,231,speed_mhz,6000,MHz
924,231,module_count,2,EA
925,232,ram_type,DDR5,
926,232,capacity_gb,32,GB
927,232,speed_mhz,6000,MHz
928,232,module_count,2,EA
929,233,ram_type,DDR5,
930,233,capacity_gb,32,GB
931,233,speed_mhz,5600,MHz
932,233,module_count,1,EA
933,234,ram_type,DDR5,
934,234,capacity_gb,32,GB
935,234,speed_mhz,6000,MHz
936,234,module_count,2,EA
937,235,ram_type,DDR5,
938,235,capacity_gb,32,GB
939,235,speed_mhz,6000,MHz
940,235,module_count,2,EA
941,236,ram_type,DDR5,
942,236,capacity_gb,32,GB
943,236,speed_mhz,6000,MHz
944,236,module_count,2,EA
945,237,ram_type,DDR5,
946,237,capacity_gb,32,GB
947,237,speed_mhz,6000,MHz
948,237,module_count,2,EA
949,238,ram_type,DDR5,
950,238,capacity_gb,32,GB
951,238,speed_mhz,5600,MHz
952,238,module_count,2,EA
953,239,ram_type,DDR5,
954,239,capacity_gb,32,GB
955,239,speed_mhz,6000,MHz
956,239,module_count,2,EA
957,240,ram_type,DDR5,
958,240,capacity_gb,32,GB
959,240,speed_mhz,6000,MHz
960,240,module_count,2,EA
961,241,ram_type,DDR5,
962,241,capacity_gb,32,GB
963,241,speed_mhz,7200,MHz
964,241,module_count,2,EA
965,242,ram_type,DDR5,
966,242,capacity_gb,32,GB
967,242,speed_mhz,5600,MHz
968,242,module_count,2,EA
969,243,ram_type,DDR5,
970,243,capacity_gb,32,GB
971,243,speed_mhz,5600,MHz
972,243,module_count,2,EA
973,244,ram_type,DDR5,
974,244,capacity_gb,32,GB
975,244,speed_mhz,6000,MHz
976,244,module_count,2,EA
977,245,ram_type,DDR5,
978,245,capacity_gb,32,GB
979,245,speed_mhz,6000,MHz
980,245,module_count,2,EA
981,246,ram_type,DDR5,
982,246,capacity_gb,32,GB
983,246,speed_mhz,4800,MHz
984,246,module_count,1,EA
985,247,ram_type,DDR5,
986,247,capacity_gb,32,GB
987,247,speed_mhz,5600,MHz
988,247,module_count,1,EA
989,248,ram_type,DDR5,
990,248,capacity_gb,32,GB
991,248,speed_mhz,6000,MHz
992,248,module_count,2,EA
993,249,ram_type,DDR5,
994,249,capacity_gb,32,GB
995,249,speed_mhz,7200,MHz
996,249,module_count,2,EA
997,250,ram_type,DDR5,
998,250,capacity_gb,32,GB
999,250,speed_mhz,6000,MHz
1000,250,module_count,2,EA
1001,251,ram_type,DDR5,
1002,251,capacity_gb,32,GB
1003,251,speed_mhz,6400,MHz
1004,251,module_count,2,EA
1005,252,ram_type,DDR5,
1006,252,capacity_gb,32,GB
1007,252,speed_mhz,6000,MHz
1008,252,module_count,2,EA
1009,253,ram_type,DDR5,
1010,253,capacity_gb,32,GB
1011,253,speed_mhz,5600,MHz
1012,253,module_count,1,EA
1013,254,ram_type,DDR5,
1014,254,capacity_gb,32,GB
1015,254,speed_mhz,5600,MHz
1016,254,module_count,1,EA
1017,255,ram_type,DDR5,
1018,255,capacity_gb,32,GB
1019,255,speed_mhz,6000,MHz
1020,255,module_count,2,EA
1021,256,ram_type,DDR5,
1022,256,capacity_gb,64,GB
1023,256,speed_mhz,6400,MHz
1024,256,module_count,2,EA
1025,257,ram_type,DDR5,
1026,257,capacity_gb,64,GB
1027,257,speed_mhz,6000,MHz
1028,257,module_count,2,EA
1029,258,ram_type,DDR5,
1030,258,capacity_gb,64,GB
1031,258,speed_mhz,6000,MHz
1032,258,module_count,2,EA
1033,259,ram_type,DDR5,
1034,259,capacity_gb,64,GB
1035,259,speed_mhz,6000,MHz
1036,259,module_count,2,EA
1037,260,ram_type,DDR5,
1038,260,capacity_gb,64,GB
1039,260,speed_mhz,6400,MHz
1040,260,module_count,2,EA
1041,261,ram_type,DDR5,
1042,261,capacity_gb,64,GB
1043,261,speed_mhz,6000,MHz
1044,261,module_count,2,EA
1045,262,ram_type,DDR5,
1046,262,capacity_gb,64,GB
1047,262,speed_mhz,6000,MHz
1048,262,module_count,2,EA
1049,263,ram_type,DDR5,
1050,263,capacity_gb,64,GB
1051,263,speed_mhz,6000,MHz
1052,263,module_count,2,EA
1053,264,ram_type,DDR5,
1054,264,capacity_gb,64,GB
1055,264,speed_mhz,6000,MHz
1056,264,module_count,2,EA
1057,265,ram_type,DDR5,
1058,265,capacity_gb,64,GB
1059,265,speed_mhz,6000,MHz
1060,265,module_count,2,EA
1061,266,ram_type,DDR5,
1062,266,capacity_gb,64,GB
1063,266,speed_mhz,6000,MHz
1064,266,module_count,2,EA
1065,267,ram_type,DDR5,
1066,267,capacity_gb,64,GB
1067,267,speed_mhz,6000,MHz
1068,267,module_count,2,EA
1069,268,ram_type,DDR5,
1070,268,capacity_gb,64,GB
1071,268,speed_mhz,5200,MHz
1072,268,module_count,2,EA
1073,269,ram_type,DDR5,
1074,269,capacity_gb,64,GB
1075,269,speed_mhz,6000,MHz
1076,269,module_count,2,EA
1077,270,ram_type,DDR5,
1078,270,capacity_gb,64,GB
1079,270,speed_mhz,5200,MHz
1080,270,module_count,2,EA
1081,271,ram_type,DDR5,
1082,271,capacity_gb,64,GB
1083,271,speed_mhz,6000,MHz
1084,271,module_count,2,EA
1085,272,ram_type,DDR5,
1086,272,capacity_gb,64,GB
1087,272,speed_mhz,6000,MHz
1088,272,module_count,2,EA
1089,273,ram_type,DDR5,
1090,273,capacity_gb,64,GB
1091,273,speed_mhz,5200,MHz
1092,273,module_count,2,EA
1093,274,ram_type,DDR5,
1094,274,capacity_gb,64,GB
1095,274,speed_mhz,6000,MHz
1096,274,module_count,2,EA
1097,275,ram_type,DDR5,
1098,275,capacity_gb,64,GB
1099,275,speed_mhz,6000,MHz
1100,275,module_count,2,EA
1101,276,ram_type,DDR5,
1102,276,capacity_gb,64,GB
1103,276,speed_mhz,6000,MHz
1104,276,module_count,2,EA
1105,277,ram_type,DDR5,
1106,277,capacity_gb,64,GB
1107,277,speed_mhz,6400,MHz
1108,277,module_count,2,EA
1109,278,ram_type,DDR5,
1110,278,capacity_gb,64,GB
1111,278,speed_mhz,6000,MHz
1112,278,module_count,2,EA
1113,279,ram_type,DDR5,
1114,279,capacity_gb,64,GB
1115,279,speed_mhz,6400,MHz
1116,279,module_count,2,EA
1117,280,ram_type,DDR5,
1118,280,capacity_gb,64,GB
1119,280,speed_mhz,6000,MHz
1120,280,module_count,2,EA
1121,281,ram_type,DDR5,
1122,281,capacity_gb,64,GB
1123,281,speed_mhz,6000,MHz
1124,281,module_count,2,EA
1125,282,ram_type,DDR5,
1126,282,capacity_gb,64,GB
1127,282,speed_mhz,6000,MHz
1128,282,module_count,2,EA
1129,283,ram_type,DDR5,
1130,283,capacity_gb,64,GB
1131,283,speed_mhz,6000,MHz
1132,283,module_count,2,EA
1133,284,ram_type,DDR5,
1134,284,capacity_gb,64,GB
1135,284,speed_mhz,6000,MHz
1136,284,module_count,2,EA
1137,285,ram_type,DDR5,
1138,285,capacity_gb,64,GB
1139,285,speed_mhz,6000,MHz
1140,285,module_count,2,EA
1141,286,ram_type,DDR5,
1142,286,capacity_gb,64,GB
1143,286,speed_mhz,6400,MHz
1144,286,module_count,2,EA
1145,287,ram_type,DDR5,
1146,287,capacity_gb,64,GB
1147,287,speed_mhz,6000,MHz
1148,287,module_count,2,EA
1149,288,ram_type,DDR5,
1150,288,capacity_gb,64,GB
1151,288,speed_mhz,6400,MHz
1152,288,module_count,2,EA
1153,289,ram_type,DDR5,
1154,289,capacity_gb,64,GB
1155,289,speed_mhz,6000,MHz
1156,289,module_count,2,EA
1157,290,ram_type,DDR5,
1158,290,capacity_gb,64,GB
1159,290,speed_mhz,6000,MHz
1160,290,module_count,2,EA
1161,291,ram_type,DDR5,
1162,291,capacity_gb,64,GB
1163,291,speed_mhz,6000,MHz
1164,291,module_count,2,EA
1165,292,ram_type,DDR5,
1166,292,capacity_gb,64,GB
1167,292,speed_mhz,6000,MHz
1168,292,module_count,2,EA
1169,293,ram_type,DDR5,
1170,293,capacity_gb,64,GB
1171,293,speed_mhz,6400,MHz
1172,293,module_count,2,EA
1173,294,ram_type,DDR5,
1174,294,capacity_gb,64,GB
1175,294,speed_mhz,5600,MHz
1176,294,module_count,2,EA
1177,295,ram_type,DDR5,
1178,295,capacity_gb,64,GB
1179,295,speed_mhz,6000,MHz
1180,295,module_count,2,EA
1181,296,ram_type,DDR5,
1182,296,capacity_gb,64,GB
1183,296,speed_mhz,6400,MHz
1184,296,module_count,2,EA
1185,297,ram_type,DDR5,
1186,297,capacity_gb,64,GB
1187,297,speed_mhz,6000,MHz
1188,297,module_count,2,EA
1189,298,ram_type,DDR5,
1190,298,capacity_gb,64,GB
1191,298,speed_mhz,6000,MHz
1192,298,module_count,2,EA
1193,299,ram_type,DDR5,
1194,299,capacity_gb,64,GB
1195,299,speed_mhz,6000,MHz
1196,299,module_count,2,EA
1197,300,ram_type,DDR5,
1198,300,capacity_gb,64,GB
1199,300,speed_mhz,6400,MHz
1200,300,module_count,2,EA
1201,301,ram_type,DDR5,
1202,301,capacity_gb,64,GB
1203,301,speed_mhz,5600,MHz
1204,301,module_count,2,EA
1205,302,ram_type,DDR5,
1206,302,capacity_gb,64,GB
1207,302,speed_mhz,5600,MHz
1208,302,module_count,2,EA
1209,303,ram_type,DDR5,
1210,303,capacity_gb,64,GB
1211,303,speed_mhz,6000,MHz
1212,303,module_count,2,EA
1213,304,cpu_brand,Intel,
1214,304,cpu_socket,LGA1200,
1215,304,tdp_watt,65,W
1216,304,cpu_core,6,EA
1217,304,thread,12,EA
1218,304,cpu_clock,4.3,GHz
1219,304,cpu_L3,12,MB
1220,304,DDR,DDR4,
1221,304,has_igpu,N,
1222,304,cpu_level,OFFICE,
1223,305,cpu_brand,Intel,
1224,305,cpu_socket,LGA1200,
1225,305,tdp_watt,65,W
1226,305,cpu_core,8,EA
1227,305,thread,16,EA
1228,305,cpu_clock,4.8,GHz
1229,305,cpu_L3,16,MB
1230,305,DDR,DDR4,
1231,305,has_igpu,N,
1232,305,cpu_level,GAMING,
1233,306,cpu_brand,Intel,
1234,306,cpu_socket,LGA1200,
1235,306,tdp_watt,65,W
1236,306,cpu_core,6,EA
1237,306,thread,12,EA
1238,306,cpu_clock,4.3,GHz
1239,306,cpu_L3,12,MB
1240,306,DDR,DDR4,
1241,306,has_igpu,Y,
1242,306,cpu_level,OFFICE,
1243,307,cpu_brand,Intel,
1244,307,cpu_socket,LGA1200,
1245,307,tdp_watt,65,W
1246,307,cpu_core,6,EA
1247,307,thread,12,EA
1248,307,cpu_clock,4.5,GHz
1249,307,cpu_L3,12,MB
1250,307,DDR,DDR4,
1251,307,has_igpu,Y,
1252,307,cpu_level,OFFICE,
1253,308,cpu_brand,Intel,
1254,308,cpu_socket,LGA1200,
1255,308,tdp_watt,65,W
1256,308,cpu_core,4,EA
1257,308,thread,8,EA
1258,308,cpu_clock,4.3,GHz
1259,308,cpu_L3,6,MB
1260,308,DDR,DDR4,
1261,308,has_igpu,N,
1262,308,cpu_level,OFFICE,
1263,309,cpu_brand,Intel,
1264,309,cpu_socket,LGA1200,
1265,309,tdp_watt,65,W
1266,309,cpu_core,4,EA
1267,309,thread,8,EA
1268,309,cpu_clock,4.4,GHz
1269,309,cpu_L3,6,MB
1270,309,DDR,DDR4,
1271,309,has_igpu,N,
1272,309,cpu_level,OFFICE,
1273,310,cpu_brand,Intel,
1274,310,cpu_socket,LGA1200,
1275,310,tdp_watt,125,W
1276,310,cpu_core,10,EA
1277,310,thread,20,EA
1278,310,cpu_clock,5.3,GHz
1279,310,cpu_L3,20,MB
1280,310,DDR,DDR4,
1281,310,has_igpu,Y,
1282,310,cpu_level,STREAMING,
1283,311,cpu_brand,Intel,
1284,311,cpu_socket,LGA1200,
1285,311,tdp_watt,125,W
1286,311,cpu_core,6,EA
1287,311,thread,12,EA
1288,311,cpu_clock,4.8,GHz
1289,311,cpu_L3,12,MB
1290,311,DDR,DDR4,
1291,311,has_igpu,Y,
1292,311,cpu_level,GAMING,
1293,312,cpu_brand,Intel,
1294,312,cpu_socket,LGA1200,
1295,312,tdp_watt,65,W
1296,312,cpu_core,8,EA
1297,312,thread,16,EA
1298,312,cpu_clock,4.8,GHz
1299,312,cpu_L3,16,MB
1300,312,DDR,DDR4,
1301,312,has_igpu,Y,
1302,312,cpu_level,GAMING,
1303,313,cpu_brand,Intel,
1304,313,cpu_socket,LGA1200,
1305,313,tdp_watt,65,W
1306,313,cpu_core,10,EA
1307,313,thread,20,EA
1308,313,cpu_clock,5.2,GHz
1309,313,cpu_L3,20,MB
1310,313,DDR,DDR4,
1311,313,has_igpu,Y,
1312,313,cpu_level,STREAMING,
1313,314,cpu_brand,Intel,
1314,314,cpu_socket,LGA1200,
1315,314,tdp_watt,125,W
1316,314,cpu_core,8,EA
1317,314,thread,16,EA
1318,314,cpu_clock,5.1,GHz
1319,314,cpu_L3,16,MB
1320,314,DDR,DDR4,
1321,314,has_igpu,Y,
1322,314,cpu_level,GAMING,
1323,315,cpu_brand,Intel,
1324,315,cpu_socket,LGA1200,
1325,315,tdp_watt,65,W
1326,315,cpu_core,4,EA
1327,315,thread,8,EA
1328,315,cpu_clock,4.3,GHz
1329,315,cpu_L3,6,MB
1330,315,DDR,DDR4,
1331,315,has_igpu,Y,
1332,315,cpu_level,OFFICE,
1333,316,cpu_brand,Intel,
1334,316,cpu_socket,LGA1200,
1335,316,tdp_watt,65,W
1336,316,cpu_core,4,EA
1337,316,thread,8,EA
1338,316,cpu_clock,4.4,GHz
1339,316,cpu_L3,6,MB
1340,316,DDR,DDR4,
1341,316,has_igpu,Y,
1342,316,cpu_level,OFFICE,
1343,317,cpu_brand,Intel,
1344,317,cpu_socket,LGA1200,
1345,317,tdp_watt,125,W
1346,317,cpu_core,8,EA
1347,317,thread,16,EA
1348,317,cpu_clock,5.1,GHz
1349,317,cpu_L3,16,MB
1350,317,DDR,DDR4,
1351,317,has_igpu,N,
1352,317,cpu_level,GAMING,
1353,318,cpu_brand,Intel,
1354,318,cpu_socket,LGA1200,
1355,318,tdp_watt,65,W
1356,318,cpu_core,10,EA
1357,318,thread,20,EA
1358,318,cpu_clock,5.2,GHz
1359,318,cpu_L3,20,MB
1360,318,DDR,DDR4,
1361,318,has_igpu,N,
1362,318,cpu_level,STREAMING,
1363,319,cpu_brand,Intel,
1364,319,cpu_socket,LGA1200,
1365,319,tdp_watt,125,W
1366,319,cpu_core,6,EA
1367,319,thread,12,EA
1368,319,cpu_clock,4.8,GHz
1369,319,cpu_L3,12,MB
1370,319,DDR,DDR4,
1371,319,has_igpu,N,
1372,319,cpu_level,GAMING,
1373,320,cpu_brand,Intel,
1374,320,cpu_socket,LGA1200,
1375,320,tdp_watt,125,W
1376,320,cpu_core,10,EA
1377,320,thread,20,EA
1378,320,cpu_clock,5.2,GHz
1379,320,cpu_L3,20,MB
1380,320,DDR,DDR4,
1381,320,has_igpu,Y,
1382,320,cpu_level,STREAMING,
1383,321,cpu_brand,Intel,
1384,321,cpu_socket,LGA1200,
1385,321,tdp_watt,125,W
1386,321,cpu_core,10,EA
1387,321,thread,20,EA
1388,321,cpu_clock,5.3,GHz
1389,321,cpu_L3,20,MB
1390,321,DDR,DDR4,
1391,321,has_igpu,N,
1392,321,cpu_level,STREAMING,
1393,322,cpu_brand,Intel,
1394,322,cpu_socket,LGA1200,
1395,322,tdp_watt,65,W
1396,322,cpu_core,8,EA
1397,322,thread,16,EA
1398,322,cpu_clock,4.9,GHz
1399,322,cpu_L3,16,MB
1400,322,DDR,DDR4,
1401,322,has_igpu,Y,
1402,322,cpu_level,GAMING,
1403,323,cpu_brand,Intel,
1404,323,cpu_socket,LGA1200,
1405,323,tdp_watt,125,W
1406,323,cpu_core,8,EA
1407,323,thread,16,EA
1408,323,cpu_clock,5.0,GHz
1409,323,cpu_L3,16,MB
1410,323,DDR,DDR4,
1411,323,has_igpu,Y,
1412,323,cpu_level,GAMING,
1413,324,cpu_brand,Intel,
1414,324,cpu_socket,LGA1200,
1415,324,tdp_watt,65,W
1416,324,cpu_core,6,EA
1417,324,thread,12,EA
1418,324,cpu_clock,4.4,GHz
1419,324,cpu_L3,12,MB
1420,324,DDR,DDR4,
1421,324,has_igpu,Y,
1422,324,cpu_level,OFFICE,
1423,325,cpu_brand,Intel,
1424,325,cpu_socket,LGA1200,
1425,325,tdp_watt,65,W
1426,325,cpu_core,6,EA
1427,325,thread,12,EA
1428,325,cpu_clock,4.6,GHz
1429,325,cpu_L3,12,MB
1430,325,DDR,DDR4,
1431,325,has_igpu,Y,
1432,325,cpu_level,OFFICE,
1433,326,cpu_brand,Intel,
1434,326,cpu_socket,LGA1200,
1435,326,tdp_watt,65,W
1436,326,cpu_core,6,EA
1437,326,thread,12,EA
1438,326,cpu_clock,4.4,GHz
1439,326,cpu_L3,12,MB
1440,326,DDR,DDR4,
1441,326,has_igpu,N,
1442,326,cpu_level,OFFICE,
1443,327,cpu_brand,Intel,
1444,327,cpu_socket,LGA1200,
1445,327,tdp_watt,65,W
1446,327,cpu_core,8,EA
1447,327,thread,16,EA
1448,327,cpu_clock,4.9,GHz
1449,327,cpu_L3,16,MB
1450,327,DDR,DDR4,
1451,327,has_igpu,N,
1452,327,cpu_level,GAMING,
1453,328,cpu_brand,Intel,
1454,328,cpu_socket,LGA1200,
1455,328,tdp_watt,125,W
1456,328,cpu_core,6,EA
1457,328,thread,12,EA
1458,328,cpu_clock,4.9,GHz
1459,328,cpu_L3,12,MB
1460,328,DDR,DDR4,
1461,328,has_igpu,N,
1462,328,cpu_level,GAMING,
1463,329,cpu_brand,Intel,
1464,329,cpu_socket,LGA1200,
1465,329,tdp_watt,65,W
1466,329,cpu_core,8,EA
1467,329,thread,16,EA
1468,329,cpu_clock,5.2,GHz
1469,329,cpu_L3,16,MB
1470,329,DDR,DDR4,
1471,329,has_igpu,N,
1472,329,cpu_level,STREAMING,
1473,330,cpu_brand,Intel,
1474,330,cpu_socket,LGA1200,
1475,330,tdp_watt,125,W
1476,330,cpu_core,8,EA
1477,330,thread,16,EA
1478,330,cpu_clock,5.3,GHz
1479,330,cpu_L3,16,MB
1480,330,DDR,DDR4,
1481,330,has_igpu,N,
1482,330,cpu_level,STREAMING,
1483,331,cpu_brand,Intel,
1484,331,cpu_socket,LGA1200,
1485,331,tdp_watt,65,W
1486,331,cpu_core,8,EA
1487,331,thread,16,EA
1488,331,cpu_clock,5.2,GHz
1489,331,cpu_L3,16,MB
1490,331,DDR,DDR4,
1491,331,has_igpu,Y,
1492,331,cpu_level,STREAMING,
1493,332,cpu_brand,Intel,
1494,332,cpu_socket,LGA1200,
1495,332,tdp_watt,125,W
1496,332,cpu_core,6,EA
1497,332,thread,12,EA
1498,332,cpu_clock,4.9,GHz
1499,332,cpu_L3,12,MB
1500,332,DDR,DDR4,
1501,332,has_igpu,Y,
1502,332,cpu_level,GAMING,
1503,333,cpu_brand,Intel,
1504,333,cpu_socket,LGA1200,
1505,333,tdp_watt,125,W
1506,333,cpu_core,8,EA
1507,333,thread,16,EA
1508,333,cpu_clock,5.3,GHz
1509,333,cpu_L3,16,MB
1510,333,DDR,DDR4,
1511,333,has_igpu,Y,
1512,333,cpu_level,STREAMING,
1513,334,cpu_brand,Intel,
1514,334,cpu_socket,LGA1200,
1515,334,tdp_watt,125,W
1516,334,cpu_core,8,EA
1517,334,thread,16,EA
1518,334,cpu_clock,5.0,GHz
1519,334,cpu_L3,16,MB
1520,334,DDR,DDR4,
1521,334,has_igpu,N,
1522,334,cpu_level,GAMING,
1523,335,cpu_brand,Intel,
1524,335,cpu_socket,LGA1700,
1525,335,tdp_watt,65,W
1526,335,cpu_core,6,EA
1527,335,thread,12,EA
1528,335,cpu_clock,4.4,GHz
1529,335,cpu_L2,7.5,MB
1530,335,cpu_L3,18,MB
1531,335,DDR,"DDR5, DDR4",
1532,335,has_igpu,N,
1533,335,cpu_level,GAMING,
1534,336,cpu_brand,Intel,
1535,336,cpu_socket,LGA1700,
1536,336,tdp_watt,65,W
1537,336,cpu_core,6,EA
1538,336,thread,12,EA
1539,336,cpu_clock,4.4,GHz
1540,336,cpu_L2,7.5,MB
1541,336,cpu_L3,18,MB
1542,336,DDR,"DDR5, DDR4",
1543,336,has_igpu,Y,
1544,336,cpu_level,GAMING,
1545,337,cpu_brand,Intel,
1546,337,cpu_socket,LGA1700,
1547,337,tdp_watt,125,W
1548,337,cpu_core,12,EA
1549,337,thread,20,EA
1550,337,cpu_clock,5.0,GHz
1551,337,cpu_L2,12,MB
1552,337,cpu_L3,25,MB
1553,337,DDR,"DDR5, DDR4",
1554,337,has_igpu,N,
1555,337,cpu_level,STREAMING,
1556,338,cpu_brand,Intel,
1557,338,cpu_socket,LGA1700,
1558,338,tdp_watt,65,W
1559,338,cpu_core,12,EA
1560,338,thread,20,EA
1561,338,cpu_clock,4.9,GHz
1562,338,cpu_L2,12,MB
1563,338,cpu_L3,25,MB
1564,338,DDR,"DDR5, DDR4",
1565,338,has_igpu,Y,
1566,338,cpu_level,STREAMING,
1567,339,cpu_brand,Intel,
1568,339,cpu_socket,LGA1700,
1569,339,tdp_watt,60,W
1570,339,cpu_core,4,EA
1571,339,thread,8,EA
1572,339,cpu_clock,4.3,GHz
1573,339,cpu_L2,5,MB
1574,339,cpu_L3,12,MB
1575,339,DDR,"DDR5, DDR4",
1576,339,has_igpu,Y,
1577,339,cpu_level,OFFICE,
1578,340,cpu_brand,Intel,
1579,340,cpu_socket,LGA1700,
1580,340,tdp_watt,65,W
1581,340,cpu_core,12,EA
1582,340,thread,20,EA
1583,340,cpu_clock,4.9,GHz
1584,340,cpu_L2,12,MB
1585,340,cpu_L3,25,MB
1586,340,DDR,"DDR5, DDR4",
1587,340,has_igpu,N,
1588,340,cpu_level,STREAMING,
1589,341,cpu_brand,Intel,
1590,341,cpu_socket,LGA1700,
1591,341,tdp_watt,125,W
1592,341,cpu_core,16,EA
1593,341,thread,24,EA
1594,341,cpu_clock,5.2,GHz
1595,341,cpu_L2,14,MB
1596,341,cpu_L3,30,MB
1597,341,DDR,"DDR5, DDR4",
1598,341,has_igpu,Y,
1599,341,cpu_level,CREATOR,
1600,342,cpu_brand,Intel,
1601,342,cpu_socket,LGA1700,
1602,342,tdp_watt,125,W
1603,342,cpu_core,12,EA
1604,342,thread,20,EA
1605,342,cpu_clock,5.0,GHz
1606,342,cpu_L2,12,MB
1607,342,cpu_L3,25,MB
1608,342,DDR,"DDR5, DDR4",
1609,342,has_igpu,Y,
1610,342,cpu_level,STREAMING,
1611,343,cpu_brand,Intel,
1612,343,cpu_socket,LGA1700,
1613,343,tdp_watt,60,W
1614,343,cpu_core,4,EA
1615,343,thread,8,EA
1616,343,cpu_clock,4.3,GHz
1617,343,cpu_L2,5,MB
1618,343,cpu_L3,12,MB
1619,343,DDR,"DDR5, DDR4",
1620,343,has_igpu,N,
1621,343,cpu_level,OFFICE,
1622,344,cpu_brand,Intel,
1623,344,cpu_socket,LGA1700,
1624,344,tdp_watt,65,W
1625,344,cpu_core,16,EA
1626,344,thread,24,EA
1627,344,cpu_clock,5.1,GHz
1628,344,cpu_L2,14,MB
1629,344,cpu_L3,30,MB
1630,344,DDR,"DDR5, DDR4",
1631,344,has_igpu,Y,
1632,344,cpu_level,CREATOR,
1633,345,cpu_brand,Intel,
1634,345,cpu_socket,LGA1700,
1635,345,tdp_watt,125,W
1636,345,cpu_core,10,EA
1637,345,thread,16,EA
1638,345,cpu_clock,4.9,GHz
1639,345,cpu_L2,9.5,MB
1640,345,cpu_L3,20,MB
1641,345,DDR,"DDR5, DDR4",
1642,345,has_igpu,N,
1643,345,cpu_level,GAMING,
1644,346,cpu_brand,Intel,
1645,346,cpu_socket,LGA1700,
1646,346,tdp_watt,125,W
1647,346,cpu_core,16,EA
1648,346,thread,24,EA
1649,346,cpu_clock,5.2,GHz
1650,346,cpu_L2,14,MB
1651,346,cpu_L3,30,MB
1652,346,DDR,"DDR5, DDR4",
1653,346,has_igpu,N,
1654,346,cpu_level,CREATOR,
1655,347,cpu_brand,Intel,
1656,347,cpu_socket,LGA1700,
1657,347,tdp_watt,125,W
1658,347,cpu_core,10,EA
1659,347,thread,16,EA
1660,347,cpu_clock,4.9,GHz
1661,347,cpu_L2,9.5,MB
1662,347,cpu_L3,20,MB
1663,347,DDR,"DDR5, DDR4",
1664,347,has_igpu,Y,
1665,347,cpu_level,GAMING,
1666,348,cpu_brand,Intel,
1667,348,cpu_socket,LGA1700,
1668,348,tdp_watt,65,W
1669,348,cpu_core,6,EA
1670,348,thread,12,EA
1671,348,cpu_clock,4.6,GHz
1672,348,cpu_L2,7.5,MB
1673,348,cpu_L3,18,MB
1674,348,DDR,"DDR5, DDR4",
1675,348,has_igpu,Y,
1676,348,cpu_level,GAMING,
1677,349,cpu_brand,Intel,
1678,349,cpu_socket,LGA1700,
1679,349,tdp_watt,35,W
1680,349,cpu_core,12,EA
1681,349,thread,20,EA
1682,349,cpu_clock,4.7,GHz
1683,349,cpu_L2,12,MB
1684,349,cpu_L3,25,MB
1685,349,DDR,"DDR5, DDR4",
1686,349,has_igpu,Y,
1687,349,cpu_level,STREAMING,
1688,350,cpu_brand,Intel,
1689,350,cpu_socket,LGA1700,
1690,350,tdp_watt,150,W
1691,350,cpu_core,16,EA
1692,350,thread,24,EA
1693,350,cpu_clock,5.5,GHz
1694,350,cpu_L2,14,MB
1695,350,cpu_L3,30,MB
1696,350,DDR,"DDR5, DDR4",
1697,350,has_igpu,Y,
1698,350,cpu_level,CREATOR,
1699,351,cpu_brand,Intel,
1700,351,cpu_socket,LGA1700,
1701,351,tdp_watt,65,W
1702,351,cpu_core,6,EA
1703,351,thread,12,EA
1704,351,cpu_clock,4.8,GHz
1705,351,cpu_L2,7.5,MB
1706,351,cpu_L3,18,MB
1707,351,DDR,"DDR5, DDR4",
1708,351,has_igpu,Y,
1709,351,cpu_level,GAMING,
1710,352,cpu_brand,Intel,
1711,352,cpu_socket,LGA1700,
1712,352,tdp_watt,65,W
1713,352,cpu_core,16,EA
1714,352,thread,24,EA
1715,352,cpu_clock,5.1,GHz
1716,352,cpu_L2,14,MB
1717,352,cpu_L3,30,MB
1718,352,DDR,"DDR5, DDR4",
1719,352,has_igpu,N,
1720,352,cpu_level,CREATOR,
1721,353,cpu_brand,Intel,
1722,353,cpu_socket,LGA1700,
1723,353,tdp_watt,35,W
1724,353,cpu_core,6,EA
1725,353,thread,12,EA
1726,353,cpu_clock,4.4,GHz
1727,353,cpu_L2,7.5,MB
1728,353,cpu_L3,18,MB
1729,353,DDR,"DDR5, DDR4",
1730,353,has_igpu,Y,
1731,353,cpu_level,GAMING,
1732,354,cpu_brand,Intel,
1733,354,cpu_socket,LGA1700,
1734,354,tdp_watt,35,W
1735,354,cpu_core,16,EA
1736,354,thread,24,EA
1737,354,cpu_clock,4.9,GHz
1738,354,cpu_L2,14,MB
1739,354,cpu_L3,30,MB
1740,354,DDR,"DDR5, DDR4",
1741,354,has_igpu,Y,
1742,354,cpu_level,STREAMING,
1743,355,cpu_brand,Intel,
1744,355,cpu_socket,LGA1700,
1745,355,tdp_watt,35,W
1746,355,cpu_core,4,EA
1747,355,thread,8,EA
1748,355,cpu_clock,4.1,GHz
1749,355,cpu_L2,5,MB
1750,355,cpu_L3,12,MB
1751,355,DDR,"DDR5, DDR4",
1752,355,has_igpu,Y,
1753,355,cpu_level,OFFICE,
1754,356,cpu_brand,Intel,
1755,356,cpu_socket,LGA1700,
1756,356,tdp_watt,74,W
1757,356,cpu_core,6,EA
1758,356,thread,12,EA
1759,356,cpu_clock,4.2,GHz
1760,356,cpu_L2,7.5,MB
1761,356,cpu_L3,18,MB
1762,356,DDR,"DDR5, DDR4",
1763,356,has_igpu,Y,
1764,356,cpu_level,GAMING,
1765,357,cpu_brand,Intel,
1766,357,cpu_socket,LGA1700,
1767,357,tdp_watt,253,W
1768,357,cpu_core,24,EA
1769,357,thread,32,EA
1770,357,cpu_clock,5.8,GHz
1771,357,cpu_L2,32,MB
1772,357,cpu_L3,36,MB
1773,357,DDR,"DDR5, DDR4",
1774,357,has_igpu,Y,
1775,357,cpu_level,CREATOR,
1776,358,cpu_brand,Intel,
1777,358,cpu_socket,LGA1700,
1778,358,tdp_watt,219,W
1779,358,cpu_core,16,EA
1780,358,thread,24,EA
1781,358,cpu_clock,5.2,GHz
1782,358,cpu_L2,24,MB
1783,358,cpu_L3,30,MB
1784,358,DDR,"DDR5, DDR4",
1785,358,has_igpu,N,
1786,358,cpu_level,STREAMING,
1787,359,cpu_brand,Intel,
1788,359,cpu_socket,LGA1700,
1789,359,tdp_watt,154,W
1790,359,cpu_core,10,EA
1791,359,thread,16,EA
1792,359,cpu_clock,4.6,GHz
1793,359,cpu_L2,9.5,MB
1794,359,cpu_L3,20,MB
1795,359,DDR,"DDR5, DDR4",
1796,359,has_igpu,Y,
1797,359,cpu_level,GAMING,
1798,360,cpu_brand,Intel,
1799,360,cpu_socket,LGA1700,
1800,360,tdp_watt,219,W
1801,360,cpu_core,24,EA
1802,360,thread,32,EA
1803,360,cpu_clock,5.6,GHz
1804,360,cpu_L2,32,MB
1805,360,cpu_L3,36,MB
1806,360,DDR,"DDR5, DDR4",
1807,360,has_igpu,N,
1808,360,cpu_level,CREATOR,
1809,361,cpu_brand,Intel,
1810,361,cpu_socket,LGA1700,
1811,361,tdp_watt,148,W
1812,361,cpu_core,10,EA
1813,361,thread,16,EA
1814,361,cpu_clock,4.6,GHz
1815,361,cpu_L2,9.5,MB
1816,361,cpu_L3,20,MB
1817,361,DDR,"DDR5, DDR4",
1818,361,has_igpu,N,
1819,361,cpu_level,GAMING,
1820,362,cpu_brand,Intel,
1821,362,cpu_socket,LGA1700,
1822,362,tdp_watt,253,W
1823,362,cpu_core,16,EA
1824,362,thread,24,EA
1825,362,cpu_clock,5.4,GHz
1826,362,cpu_L2,24,MB
1827,362,cpu_L3,30,MB
1828,362,DDR,"DDR5, DDR4",
1829,362,has_igpu,Y,
1830,362,cpu_level,STREAMING,
1831,363,cpu_brand,Intel,
1832,363,cpu_socket,LGA1700,
1833,363,tdp_watt,154,W
1834,363,cpu_core,14,EA
1835,363,thread,20,EA
1836,363,cpu_clock,4.8,GHz
1837,363,cpu_L2,11.5,MB
1838,363,cpu_L3,24,MB
1839,363,DDR,"DDR5, DDR4",
1840,363,has_igpu,Y,
1841,363,cpu_level,STREAMING,
1842,364,cpu_brand,Intel,
1843,364,cpu_socket,LGA1700,
1844,364,tdp_watt,219,W
1845,364,cpu_core,24,EA
1846,364,thread,32,EA
1847,364,cpu_clock,5.6,GHz
1848,364,cpu_L2,32,MB
1849,364,cpu_L3,36,MB
1850,364,DDR,"DDR5, DDR4",
1851,364,has_igpu,Y,
1852,364,cpu_level,CREATOR,
1853,365,cpu_brand,Intel,
1854,365,cpu_socket,LGA1700,
1855,365,tdp_watt,89,W
1856,365,cpu_core,4,EA
1857,365,thread,8,EA
1858,365,cpu_clock,4.5,GHz
1859,365,cpu_L2,5,MB
1860,365,cpu_L3,12,MB
1861,365,DDR,"DDR5, DDR4",
1862,365,has_igpu,Y,
1863,365,cpu_level,OFFICE,
1864,366,cpu_brand,Intel,
1865,366,cpu_socket,LGA1700,
1866,366,tdp_watt,253,W
1867,366,cpu_core,24,EA
1868,366,thread,32,EA
1869,366,cpu_clock,5.8,GHz
1870,366,cpu_L2,32,MB
1871,366,cpu_L3,36,MB
1872,366,DDR,"DDR5, DDR4",
1873,366,has_igpu,N,
1874,366,cpu_level,CREATOR,
1875,367,cpu_brand,Intel,
1876,367,cpu_socket,LGA1700,
1877,367,tdp_watt,181,W
1878,367,cpu_core,14,EA
1879,367,thread,20,EA
1880,367,cpu_clock,5.1,GHz
1881,367,cpu_L2,20,MB
1882,367,cpu_L3,24,MB
1883,367,DDR,"DDR5, DDR4",
1884,367,has_igpu,N,
1885,367,cpu_level,STREAMING,
1886,368,cpu_brand,Intel,
1887,368,cpu_socket,LGA1700,
1888,368,tdp_watt,181,W
1889,368,cpu_core,14,EA
1890,368,thread,20,EA
1891,368,cpu_clock,5.1,GHz
1892,368,cpu_L2,20,MB
1893,368,cpu_L3,24,MB
1894,368,DDR,"DDR5, DDR4",
1895,368,has_igpu,Y,
1896,368,cpu_level,STREAMING,
1897,369,cpu_brand,Intel,
1898,369,cpu_socket,LGA1700,
1899,369,tdp_watt,253,W
1900,369,cpu_core,16,EA
1901,369,thread,24,EA
1902,369,cpu_clock,5.4,GHz
1903,369,cpu_L2,24,MB
1904,369,cpu_L3,30,MB
1905,369,DDR,"DDR5, DDR4",
1906,369,has_igpu,N,
1907,369,cpu_level,STREAMING,
1908,370,cpu_brand,Intel,
1909,370,cpu_socket,LGA1700,
1910,370,tdp_watt,219,W
1911,370,cpu_core,16,EA
1912,370,thread,24,EA
1913,370,cpu_clock,5.2,GHz
1914,370,cpu_L2,24,MB
1915,370,cpu_L3,30,MB
1916,370,DDR,"DDR5, DDR4",
1917,370,has_igpu,Y,
1918,370,cpu_level,STREAMING,
1919,371,cpu_brand,Intel,
1920,371,cpu_socket,LGA1700,
1921,371,tdp_watt,154,W
1922,371,cpu_core,14,EA
1923,371,thread,20,EA
1924,371,cpu_clock,5.0,GHz
1925,371,cpu_L2,11.5,MB
1926,371,cpu_L3,24,MB
1927,371,DDR,"DDR5, DDR4",
1928,371,has_igpu,Y,
1929,371,cpu_level,STREAMING,
1930,372,cpu_brand,Intel,
1931,372,cpu_socket,LGA1700,
1932,372,tdp_watt,89,W
1933,372,cpu_core,4,EA
1934,372,thread,8,EA
1935,372,cpu_clock,4.5,GHz
1936,372,cpu_L2,5,MB
1937,372,cpu_L3,12,MB
1938,372,DDR,"DDR5, DDR4",
1939,372,has_igpu,N,
1940,372,cpu_level,OFFICE,
1941,373,cpu_brand,Intel,
1942,373,cpu_socket,LGA1700,
1943,373,tdp_watt,253,W
1944,373,cpu_core,24,EA
1945,373,thread,32,EA
1946,373,cpu_clock,6.0,GHz
1947,373,cpu_L2,32,MB
1948,373,cpu_L3,36,MB
1949,373,DDR,"DDR5, DDR4",
1950,373,has_igpu,Y,
1951,373,cpu_level,CREATOR,
1952,374,cpu_brand,Intel,
1953,374,cpu_socket,LGA1700,
1954,374,tdp_watt,106,W
1955,374,cpu_core,24,EA
1956,374,thread,32,EA
1957,374,cpu_clock,5.3,GHz
1958,374,cpu_L2,32,MB
1959,374,cpu_L3,36,MB
1960,374,DDR,"DDR5, DDR4",
1961,374,has_igpu,Y,
1962,374,cpu_level,STREAMING,
1963,375,cpu_brand,Intel,
1964,375,cpu_socket,LGA1700,
1965,375,tdp_watt,106,W
1966,375,cpu_core,16,EA
1967,375,thread,24,EA
1968,375,cpu_clock,4.9,GHz
1969,375,cpu_L2,24,MB
1970,375,cpu_L3,30,MB
1971,375,DDR,"DDR5, DDR4",
1972,375,has_igpu,Y,
1973,375,cpu_level,STREAMING,
1974,376,cpu_brand,Intel,
1975,376,cpu_socket,LGA1700,
1976,376,tdp_watt,92,W
1977,376,cpu_core,14,EA
1978,376,thread,20,EA
1979,376,cpu_clock,4.6,GHz
1980,376,cpu_L2,11.5,MB
1981,376,cpu_L3,24,MB
1982,376,DDR,"DDR5, DDR4",
1983,376,has_igpu,Y,
1984,376,cpu_level,GAMING,
1985,377,cpu_brand,Intel,
1986,377,cpu_socket,LGA1700,
1987,377,tdp_watt,69,W
1988,377,cpu_core,4,EA
1989,377,thread,8,EA
1990,377,cpu_clock,4.2,GHz
1991,377,cpu_L2,5,MB
1992,377,cpu_L3,12,MB
1993,377,DDR,"DDR5, DDR4",
1994,377,has_igpu,Y,
1995,377,cpu_level,OFFICE,
1996,378,cpu_brand,Intel,
1997,378,cpu_socket,LGA1700,
1998,378,tdp_watt,148,W
1999,378,cpu_core,10,EA
2000,378,thread,16,EA
2001,378,cpu_clock,4.7,GHz
2002,378,cpu_L2,9.5,MB
2003,378,cpu_L3,20,MB
2004,378,DDR,"DDR5, DDR4",
2005,378,has_igpu,N,
2006,378,cpu_level,GAMING,
2007,379,cpu_brand,Intel,
2008,379,cpu_socket,LGA1700,
2009,379,tdp_watt,181,W
2010,379,cpu_core,14,EA
2011,379,thread,20,EA
2012,379,cpu_clock,5.3,GHz
2013,379,cpu_L2,20,MB
2014,379,cpu_L3,24,MB
2015,379,DDR,"DDR5, DDR4",
2016,379,has_igpu,N,
2017,379,cpu_level,STREAMING,
2018,380,cpu_brand,Intel,
2019,380,cpu_socket,LGA1700,
2020,380,tdp_watt,181,W
2021,380,cpu_core,14,EA
2022,380,thread,20,EA
2023,380,cpu_clock,5.3,GHz
2024,380,cpu_L2,20,MB
2025,380,cpu_L3,24,MB
2026,380,DDR,"DDR5, DDR4",
2027,380,has_igpu,Y,
2028,380,cpu_level,STREAMING,
2029,381,cpu_brand,Intel,
2030,381,cpu_socket,LGA1700,
2031,381,tdp_watt,148,W
2032,381,cpu_core,10,EA
2033,381,thread,16,EA
2034,381,cpu_clock,4.7,GHz
2035,381,cpu_L2,9.5,MB
2036,381,cpu_L3,20,MB
2037,381,DDR,"DDR5, DDR4",
2038,381,has_igpu,Y,
2039,381,cpu_level,GAMING,
2040,382,cpu_brand,Intel,
2041,382,cpu_socket,LGA1700,
2042,382,tdp_watt,110,W
2043,382,cpu_core,4,EA
2044,382,thread,8,EA
2045,382,cpu_clock,4.7,GHz
2046,382,cpu_L2,5,MB
2047,382,cpu_L3,12,MB
2048,382,DDR,"DDR5, DDR4",
2049,382,has_igpu,Y,
2050,382,cpu_level,OFFICE,
2051,383,cpu_brand,Intel,
2052,383,cpu_socket,LGA1700,
2053,383,tdp_watt,253,W
2054,383,cpu_core,24,EA
2055,383,thread,32,EA
2056,383,cpu_clock,6.0,GHz
2057,383,cpu_L2,32,MB
2058,383,cpu_L3,36,MB
2059,383,DDR,"DDR5, DDR4",
2060,383,has_igpu,Y,
2061,383,cpu_level,CREATOR,
2062,384,cpu_brand,Intel,
2063,384,cpu_socket,LGA1700,
2064,384,tdp_watt,154,W
2065,384,cpu_core,14,EA
2066,384,thread,20,EA
2067,384,cpu_clock,5.0,GHz
2068,384,cpu_L2,11.5,MB
2069,384,cpu_L3,24,MB
2070,384,DDR,"DDR5, DDR4",
2071,384,has_igpu,Y,
2072,384,cpu_level,STREAMING,
2073,385,cpu_brand,Intel,
2074,385,cpu_socket,LGA1700,
2075,385,tdp_watt,219,W
2076,385,cpu_core,20,EA
2077,385,thread,28,EA
2078,385,cpu_clock,5.4,GHz
2079,385,cpu_L2,28,MB
2080,385,cpu_L3,33,MB
2081,385,DDR,"DDR5, DDR4",
2082,385,has_igpu,Y,
2083,385,cpu_level,CREATOR,
2084,386,cpu_brand,Intel,
2085,386,cpu_socket,LGA1700,
2086,386,tdp_watt,219,W
2087,386,cpu_core,20,EA
2088,386,thread,28,EA
2089,386,cpu_clock,5.4,GHz
2090,386,cpu_L2,28,MB
2091,386,cpu_L3,33,MB
2092,386,DDR,"DDR5, DDR4",
2093,386,has_igpu,N,
2094,386,cpu_level,CREATOR,
2095,387,cpu_brand,Intel,
2096,387,cpu_socket,LGA1700,
2097,387,tdp_watt,253,W
2098,387,cpu_core,20,EA
2099,387,thread,28,EA
2100,387,cpu_clock,5.6,GHz
2101,387,cpu_L2,28,MB
2102,387,cpu_L3,33,MB
2103,387,DDR,"DDR5, DDR4",
2104,387,has_igpu,N,
2105,387,cpu_level,CREATOR,
2106,388,cpu_brand,Intel,
2107,388,cpu_socket,LGA1700,
2108,388,tdp_watt,110,W
2109,388,cpu_core,4,EA
2110,388,thread,8,EA
2111,388,cpu_clock,4.7,GHz
2112,388,cpu_L2,5,MB
2113,388,cpu_L3,12,MB
2114,388,DDR,"DDR5, DDR4",
2115,388,has_igpu,N,
2116,388,cpu_level,OFFICE,
2117,389,cpu_brand,Intel,
2118,389,cpu_socket,LGA1700,
2119,389,tdp_watt,253,W
2120,389,cpu_core,24,EA
2121,389,thread,32,EA
2122,389,cpu_clock,6.0,GHz
2123,389,cpu_L2,32,MB
2124,389,cpu_L3,36,MB
2125,389,DDR,"DDR5, DDR4",
2126,389,has_igpu,N,
2127,389,cpu_level,CREATOR,
2128,390,cpu_brand,Intel,
2129,390,cpu_socket,LGA1700,
2130,390,tdp_watt,219,W
2131,390,cpu_core,24,EA
2132,390,thread,32,EA
2133,390,cpu_clock,5.8,GHz
2134,390,cpu_L2,32,MB
2135,390,cpu_L3,36,MB
2136,390,DDR,"DDR5, DDR4",
2137,390,has_igpu,N,
2138,390,cpu_level,CREATOR,
2139,391,cpu_brand,Intel,
2140,391,cpu_socket,LGA1700,
2141,391,tdp_watt,219,W
2142,391,cpu_core,24,EA
2143,391,thread,32,EA
2144,391,cpu_clock,5.8,GHz
2145,391,cpu_L3,36,MB
2146,391,DDR,"DDR5, DDR4",
2147,391,has_igpu,Y,
2148,391,cpu_level,CREATOR,
2149,392,cpu_brand,Intel,
2150,392,cpu_socket,LGA1700,
2151,392,tdp_watt,253,W
2152,392,cpu_core,20,EA
2153,392,thread,28,EA
2154,392,cpu_clock,5.6,GHz
2155,392,cpu_L2,28,MB
2156,392,cpu_L3,33,MB
2157,392,DDR,"DDR5, DDR4",
2158,392,has_igpu,Y,
2159,392,cpu_level,CREATOR,
2160,393,cpu_brand,Intel,
2161,393,cpu_socket,LGA1700,
2162,393,tdp_watt,410,W
2163,393,cpu_core,24,EA
2164,393,thread,32,EA
2165,393,cpu_clock,6.2,GHz
2166,393,cpu_L2,32,MB
2167,393,cpu_L3,36,MB
2168,393,DDR,"DDR5, DDR4",
2169,393,has_igpu,Y,
2170,393,cpu_level,CREATOR,
2171,394,cpu_brand,Intel,
2172,394,cpu_socket,LGA1700,
2173,394,tdp_watt,69,W
2174,394,cpu_core,4,EA
2175,394,thread,8,EA
2176,394,cpu_clock,4.4,GHz
2177,394,cpu_L2,5,MB
2178,394,cpu_L3,12,MB
2179,394,DDR,"DDR5, DDR4",
2180,394,has_igpu,Y,
2181,394,cpu_level,OFFICE,
2182,395,cpu_brand,Intel,
2183,395,cpu_socket,LGA1700,
2184,395,tdp_watt,92,W
2185,395,cpu_core,14,EA
2186,395,thread,20,EA
2187,395,cpu_clock,4.8,GHz
2188,395,cpu_L2,11.5,MB
2189,395,cpu_L3,24,MB
2190,395,DDR,"DDR5, DDR4",
2191,395,has_igpu,Y,
2192,395,cpu_level,GAMING,
2193,396,cpu_brand,Intel,
2194,396,cpu_socket,LGA1700,
2195,396,tdp_watt,106,W
2196,396,cpu_core,20,EA
2197,396,thread,28,EA
2198,396,cpu_clock,5.2,GHz
2199,396,cpu_L2,28,MB
2200,396,cpu_L3,33,MB
2201,396,DDR,"DDR5, DDR4",
2202,396,has_igpu,Y,
2203,396,cpu_level,STREAMING,
2204,397,cpu_brand,Intel,
2205,397,cpu_socket,LGA1700,
2206,397,tdp_watt,106,W
2207,397,cpu_core,24,EA
2208,397,thread,32,EA
2209,397,cpu_clock,5.5,GHz
2210,397,cpu_L2,32,MB
2211,397,cpu_L3,36,MB
2212,397,DDR,"DDR5, DDR4",
2213,397,has_igpu,Y,
2214,397,cpu_level,STREAMING,
2215,398,cpu_brand,Intel,
2216,398,cpu_socket,LGA1851,
2217,398,tdp_watt,250,W
2218,398,cpu_core,24,EA
2219,398,thread,24,EA
2220,398,cpu_clock,5.5,GHz
2221,398,cpu_L2,40,MB
2222,398,cpu_L3,36,MB
2223,398,DDR,DDR5,
2224,398,has_igpu,Y,
2225,398,cpu_level,CREATOR,
2226,399,cpu_brand,Intel,
2227,399,cpu_socket,LGA1851,
2228,399,tdp_watt,159,W
2229,399,cpu_core,18,EA
2230,399,thread,18,EA
2231,399,cpu_clock,5.3,GHz
2232,399,cpu_L2,30,MB
2233,399,cpu_L3,30,MB
2234,399,DDR,DDR5,
2235,399,has_igpu,Y,
2236,399,cpu_level,STREAMING,
2237,400,cpu_brand,Intel,
2238,400,cpu_socket,LGA1851,
2239,400,tdp_watt,250,W
2240,400,cpu_core,24,EA
2241,400,thread,24,EA
2242,400,cpu_clock,5.7,GHz
2243,400,cpu_L2,40,MB
2244,400,cpu_L3,36,MB
2245,400,DDR,DDR5,
2246,400,has_igpu,Y,
2247,400,cpu_level,CREATOR,
2248,401,cpu_brand,Intel,
2249,401,cpu_socket,LGA1851,
2250,401,tdp_watt,121,W
2251,401,cpu_core,10,EA
2252,401,thread,10,EA
2253,401,cpu_clock,4.9,GHz
2254,401,cpu_L2,22,MB
2255,401,cpu_L3,20,MB
2256,401,DDR,DDR5,
2257,401,has_igpu,Y,
2258,401,cpu_level,GAMING,
2259,402,cpu_brand,Intel,
2260,402,cpu_socket,LGA1851,
2261,402,tdp_watt,250,W
2262,402,cpu_core,20,EA
2263,402,thread,20,EA
2264,402,cpu_clock,5.5,GHz
2265,402,cpu_L2,36,MB
2266,402,cpu_L3,30,MB
2267,402,DDR,DDR5,
2268,402,has_igpu,N,
2269,402,cpu_level,CREATOR,
2270,403,cpu_brand,Intel,
2271,403,cpu_socket,LGA1851,
2272,403,tdp_watt,250,W
2273,403,cpu_core,20,EA
2274,403,thread,20,EA
2275,403,cpu_clock,5.5,GHz
2276,403,cpu_L2,36,MB
2277,403,cpu_L3,30,MB
2278,403,DDR,DDR5,
2279,403,has_igpu,Y,
2280,403,cpu_level,CREATOR,
2281,404,cpu_brand,Intel,
2282,404,cpu_socket,LGA1851,
2283,404,tdp_watt,159,W
2284,404,cpu_core,14,EA
2285,404,thread,14,EA
2286,404,cpu_clock,5.2,GHz
2287,404,cpu_L2,26,MB
2288,404,cpu_L3,24,MB
2289,404,DDR,DDR5,
2290,404,has_igpu,Y,
2291,404,cpu_level,STREAMING,
2292,405,cpu_brand,Intel,
2293,405,cpu_socket,LGA1851,
2294,405,tdp_watt,121,W
2295,405,cpu_core,10,EA
2296,405,thread,10,EA
2297,405,cpu_clock,4.9,GHz
2298,405,cpu_L2,22,MB
2299,405,cpu_L3,20,MB
2300,405,DDR,DDR5,
2301,405,has_igpu,N,
2302,405,cpu_level,GAMING,
2303,406,cpu_brand,Intel,
2304,406,cpu_socket,LGA1851,
2305,406,tdp_watt,159,W
2306,406,cpu_core,18,EA
2307,406,thread,18,EA
2308,406,cpu_clock,5.3,GHz
2309,406,cpu_L2,30,MB
2310,406,cpu_L3,30,MB
2311,406,DDR,DDR5,
2312,406,has_igpu,N,
2313,406,cpu_level,STREAMING,
2314,407,cpu_brand,Intel,
2315,407,cpu_socket,LGA1851,
2316,407,tdp_watt,182,W
2317,407,cpu_core,24,EA
2318,407,thread,24,EA
2319,407,cpu_clock,5.6,GHz
2320,407,cpu_L2,40,MB
2321,407,cpu_L3,36,MB
2322,407,DDR,DDR5,
2323,407,has_igpu,Y,
2324,407,cpu_level,CREATOR,
2325,408,cpu_brand,Intel,
2326,408,cpu_socket,LGA1851,
2327,408,tdp_watt,159,W
2328,408,cpu_core,14,EA
2329,408,thread,14,EA
2330,408,cpu_clock,5.2,GHz
2331,408,cpu_L2,26,MB
2332,408,cpu_L3,24,MB
2333,408,DDR,DDR5,
2334,408,has_igpu,N,
2335,408,cpu_level,STREAMING,
2336,409,cpu_brand,Intel,
2337,409,cpu_socket,LGA1851,
2338,409,tdp_watt,121,W
2339,409,cpu_core,14,EA
2340,409,thread,14,EA
2341,409,cpu_clock,5.0,GHz
2342,409,cpu_L2,26,MB
2343,409,cpu_L3,24,MB
2344,409,DDR,DDR5,
2345,409,has_igpu,Y,
2346,409,cpu_level,GAMING,
2347,410,cpu_brand,Intel,
2348,410,cpu_socket,LGA1851,
2349,410,tdp_watt,182,W
2350,410,cpu_core,20,EA
2351,410,thread,20,EA
2352,410,cpu_clock,5.3,GHz
2353,410,cpu_L2,36,MB
2354,410,cpu_L3,30,MB
2355,410,DDR,DDR5,
2356,410,has_igpu,Y,
2357,410,cpu_level,STREAMING,
2358,411,cpu_brand,Intel,
2359,411,cpu_socket,LGA1851,
2360,411,tdp_watt,182,W
2361,411,cpu_core,20,EA
2362,411,thread,20,EA
2363,411,cpu_clock,5.3,GHz
2364,411,cpu_L2,36,MB
2365,411,cpu_L3,30,MB
2366,411,DDR,DDR5,
2367,411,has_igpu,N,
2368,411,cpu_level,STREAMING,
2369,412,cpu_brand,Intel,
2370,412,cpu_socket,LGA1851,
2371,412,tdp_watt,121,W
2372,412,cpu_core,14,EA
2373,412,thread,14,EA
2374,412,cpu_clock,5.1,GHz
2375,412,cpu_L2,26,MB
2376,412,cpu_L3,24,MB
2377,412,DDR,DDR5,
2378,412,has_igpu,Y,
2379,412,cpu_level,GAMING,
2380,413,cpu_brand,Intel,
2381,413,cpu_socket,LGA1851,
2382,413,tdp_watt,112,W
2383,413,cpu_core,24,EA
2384,413,thread,24,EA
2385,413,cpu_clock,5.4,GHz
2386,413,cpu_L2,40,MB
2387,413,cpu_L3,36,MB
2388,413,DDR,DDR5,
2389,413,has_igpu,Y,
2390,413,cpu_level,STREAMING,
2391,414,cpu_brand,Intel,
2392,414,cpu_socket,LGA1851,
2393,414,tdp_watt,114,W
2394,414,cpu_core,14,EA
2395,414,thread,14,EA
2396,414,cpu_clock,5.0,GHz
2397,414,cpu_L2,26,MB
2398,414,cpu_L3,24,MB
2399,414,DDR,DDR5,
2400,414,has_igpu,Y,
2401,414,cpu_level,GAMING,
2402,415,cpu_brand,Intel,
2403,415,cpu_socket,LGA1851,
2404,415,tdp_watt,112,W
2405,415,cpu_core,20,EA
2406,415,thread,20,EA
2407,415,cpu_clock,5.3,GHz
2408,415,cpu_L2,36,MB
2409,415,cpu_L3,30,MB
2410,415,DDR,DDR5,
2411,415,has_igpu,Y,
2412,415,cpu_level,STREAMING,
2413,416,cpu_brand,Intel,
2414,416,cpu_socket,LGA1851,
2415,416,tdp_watt,114,W
2416,416,cpu_core,10,EA
2417,416,thread,10,EA
2418,416,cpu_clock,4.9,GHz
2419,416,cpu_L2,22,MB
2420,416,cpu_L3,20,MB
2421,416,DDR,DDR5,
2422,416,has_igpu,Y,
2423,416,cpu_level,GAMING,
2424,417,cpu_brand,AMD,
2425,417,cpu_socket,AM4,
2426,417,tdp_watt,65,W
2427,417,cpu_core,4,EA
2428,417,thread,8,EA
2429,417,cpu_clock,4.2,GHz
2430,417,cpu_L2,2,MB
2431,417,cpu_L3,4,MB
2432,417,DDR,DDR4,
2433,417,has_igpu,Y,
2434,417,cpu_level,OFFICE,
2435,418,cpu_brand,AMD,
2436,418,cpu_socket,AM4,
2437,418,tdp_watt,65,W
2438,418,cpu_core,6,EA
2439,418,thread,12,EA
2440,418,cpu_clock,4.2,GHz
2441,418,cpu_L2,3,MB
2442,418,cpu_L3,32,MB
2443,418,DDR,DDR4,
2444,418,has_igpu,N,
2445,418,cpu_level,GAMING,
2446,419,cpu_brand,AMD,
2447,419,cpu_socket,AM4,
2448,419,tdp_watt,105,W
2449,419,cpu_core,12,EA
2450,419,thread,24,EA
2451,419,cpu_clock,4.6,GHz
2452,419,cpu_L2,6,MB
2453,419,cpu_L3,64,MB
2454,419,DDR,DDR4,
2455,419,has_igpu,N,
2456,419,cpu_level,STREAMING,
2457,420,cpu_brand,AMD,
2458,420,cpu_socket,AM4,
2459,420,tdp_watt,65,W
2460,420,cpu_core,4,EA
2461,420,thread,4,EA
2462,420,cpu_clock,4,GHz
2463,420,cpu_L2,2,MB
2464,420,cpu_L3,4,MB
2465,420,DDR,DDR4,
2466,420,has_igpu,Y,
2467,420,cpu_level,OFFICE,
2468,421,cpu_brand,AMD,
2469,421,cpu_socket,AM4,
2470,421,tdp_watt,65,W
2471,421,cpu_core,4,EA
2472,421,thread,8,EA
2473,421,cpu_clock,4.3,GHz
2474,421,cpu_L2,2,MB
2475,421,cpu_L3,16,MB
2476,421,DDR,DDR4,
2477,421,has_igpu,N,
2478,421,cpu_level,OFFICE,
2479,422,cpu_brand,AMD,
2480,422,cpu_socket,AM4,
2481,422,tdp_watt,95,W
2482,422,cpu_core,6,EA
2483,422,thread,12,EA
2484,422,cpu_clock,4.4,GHz
2485,422,cpu_L2,3,MB
2486,422,cpu_L3,32,MB
2487,422,DDR,DDR4,
2488,422,has_igpu,N,
2489,422,cpu_level,GAMING,
2490,423,cpu_brand,AMD,
2491,423,cpu_socket,AM4,
2492,423,tdp_watt,65,W
2493,423,cpu_core,8,EA
2494,423,thread,16,EA
2495,423,cpu_clock,4.4,GHz
2496,423,cpu_L2,4,MB
2497,423,cpu_L3,32,MB
2498,423,DDR,DDR4,
2499,423,has_igpu,N,
2500,423,cpu_level,GAMING,
2501,424,cpu_brand,AMD,
2502,424,cpu_socket,AM4,
2503,424,tdp_watt,105,W
2504,424,cpu_core,8,EA
2505,424,thread,16,EA
2506,424,cpu_clock,4.5,GHz
2507,424,cpu_L2,4,MB
2508,424,cpu_L3,32,MB
2509,424,DDR,DDR4,
2510,424,has_igpu,N,
2511,424,cpu_level,GAMING,
2512,425,cpu_brand,AMD,
2513,425,cpu_socket,AM4,
2514,425,tdp_watt,105,W
2515,425,cpu_core,16,EA
2516,425,thread,32,EA
2517,425,cpu_clock,4.7,GHz
2518,425,cpu_L2,8,MB
2519,425,cpu_L3,64,MB
2520,425,DDR,DDR4,
2521,425,has_igpu,N,
2522,425,cpu_level,CREATOR,
2523,426,cpu_brand,AMD,
2524,426,cpu_socket,AM4,
2525,426,tdp_watt,65,W
2526,426,cpu_core,4,EA
2527,426,thread,8,EA
2528,426,cpu_clock,3.9,GHz
2529,426,cpu_L2,2,MB
2530,426,cpu_L3,16,MB
2531,426,DDR,DDR4,
2532,426,has_igpu,N,
2533,426,cpu_level,OFFICE,
2534,427,cpu_brand,AMD,
2535,427,cpu_socket,AM4,
2536,427,tdp_watt,65,W
2537,427,cpu_core,6,EA
2538,427,thread,6,EA
2539,427,cpu_clock,4.1,GHz
2540,427,cpu_L2,3,MB
2541,427,cpu_L3,16,MB
2542,427,DDR,DDR4,
2543,427,has_igpu,N,
2544,427,cpu_level,OFFICE,
2545,428,cpu_brand,AMD,
2546,428,cpu_socket,AM4,
2547,428,tdp_watt,105,W
2548,428,cpu_core,12,EA
2549,428,thread,24,EA
2550,428,cpu_clock,4.7,GHz
2551,428,cpu_L2,6,MB
2552,428,cpu_L3,64,MB
2553,428,DDR,DDR4,
2554,428,has_igpu,N,
2555,428,cpu_level,STREAMING,
2556,429,cpu_brand,AMD,
2557,429,cpu_socket,AM4,
2558,429,tdp_watt,105,W
2559,429,cpu_core,8,EA
2560,429,thread,16,EA
2561,429,cpu_clock,4.7,GHz
2562,429,cpu_L2,4,MB
2563,429,cpu_L3,32,MB
2564,429,DDR,DDR4,
2565,429,has_igpu,N,
2566,429,cpu_level,GAMING,
2567,430,cpu_brand,AMD,
2568,430,cpu_socket,AM4,
2569,430,tdp_watt,65,W
2570,430,cpu_core,6,EA
2571,430,thread,6,EA
2572,430,cpu_clock,4.1,GHz
2573,430,cpu_L2,3,MB
2574,430,cpu_L3,32,MB
2575,430,DDR,DDR4,
2576,430,has_igpu,N,
2577,430,cpu_level,OFFICE,
2578,431,cpu_brand,AMD,
2579,431,cpu_socket,AM4,
2580,431,tdp_watt,95,W
2581,431,cpu_core,6,EA
2582,431,thread,12,EA
2583,431,cpu_clock,4.5,GHz
2584,431,cpu_L2,3,MB
2585,431,cpu_L3,32,MB
2586,431,DDR,DDR4,
2587,431,has_igpu,N,
2588,431,cpu_level,GAMING,
2589,432,cpu_brand,AMD,
2590,432,cpu_socket,AM4,
2591,432,tdp_watt,65,W
2592,432,cpu_core,6,EA
2593,432,thread,12,EA
2594,432,cpu_clock,4.2,GHz
2595,432,cpu_L2,3,MB
2596,432,cpu_L3,8,MB
2597,432,DDR,DDR4,
2598,432,has_igpu,Y,
2599,432,cpu_level,OFFICE,
2600,433,cpu_brand,AMD,
2601,433,cpu_socket,AM4,
2602,433,tdp_watt,65,W
2603,433,cpu_core,4,EA
2604,433,thread,8,EA
2605,433,cpu_clock,4.0,GHz
2606,433,cpu_L2,2,MB
2607,433,cpu_L3,4,MB
2608,433,DDR,DDR4,
2609,433,has_igpu,N,
2610,433,cpu_level,OFFICE,
2611,434,cpu_brand,AMD,
2612,434,cpu_socket,AM4,
2613,434,tdp_watt,65,W
2614,434,cpu_core,6,EA
2615,434,thread,12,EA
2616,434,cpu_clock,4.2,GHz
2617,434,cpu_L2,3,MB
2618,434,cpu_L3,8,MB
2619,434,DDR,DDR4,
2620,434,has_igpu,Y,
2621,434,cpu_level,OFFICE,
2622,435,cpu_brand,AMD,
2623,435,cpu_socket,AM4,
2624,435,tdp_watt,65,W
2625,435,cpu_core,6,EA
2626,435,thread,12,EA
2627,435,cpu_clock,4.1,GHz
2628,435,cpu_L2,3,MB
2629,435,cpu_L3,8,MB
2630,435,DDR,DDR4,
2631,435,has_igpu,N,
2632,435,cpu_level,GAMING,
2633,436,cpu_brand,AMD,
2634,436,cpu_socket,AM4,
2635,436,tdp_watt,65,W
2636,436,cpu_core,8,EA
2637,436,thread,16,EA
2638,436,cpu_clock,4.4,GHz
2639,436,cpu_L2,4,MB
2640,436,cpu_L3,8,MB
2641,436,DDR,DDR4,
2642,436,has_igpu,Y,
2643,436,cpu_level,GAMING,
2644,437,cpu_brand,AMD,
2645,437,cpu_socket,AM4,
2646,437,tdp_watt,65,W
2647,437,cpu_core,4,EA
2648,437,thread,8,EA
2649,437,cpu_clock,4.0,GHz
2650,437,cpu_L2,2,MB
2651,437,cpu_L3,4,MB
2652,437,DDR,DDR4,
2653,437,has_igpu,Y,
2654,437,cpu_level,OFFICE,
2655,438,cpu_brand,AMD,
2656,438,cpu_socket,AM4,
2657,438,tdp_watt,65,W
2658,438,cpu_core,6,EA
2659,438,thread,12,EA
2660,438,cpu_clock,4.4,GHz
2661,438,cpu_L2,3,MB
2662,438,cpu_L3,16,MB
2663,438,DDR,DDR4,
2664,438,has_igpu,Y,
2665,438,cpu_level,OFFICE,
2666,439,cpu_brand,AMD,
2667,439,cpu_socket,AM4,
2668,439,tdp_watt,65,W
2669,439,cpu_core,6,EA
2670,439,thread,12,EA
2671,439,cpu_clock,4.4,GHz
2672,439,cpu_L2,3,MB
2673,439,cpu_L3,32,MB
2674,439,DDR,DDR4,
2675,439,has_igpu,N,
2676,439,cpu_level,GAMING,
2677,440,cpu_brand,AMD,
2678,440,cpu_socket,AM4,
2679,440,tdp_watt,65,W
2680,440,cpu_core,8,EA
2681,440,thread,16,EA
2682,440,cpu_clock,4.6,GHz
2683,440,cpu_L2,4,MB
2684,440,cpu_L3,32,MB
2685,440,DDR,DDR4,
2686,440,has_igpu,N,
2687,440,cpu_level,STREAMING,
2688,441,cpu_brand,AMD,
2689,441,cpu_socket,AM4,
2690,441,tdp_watt,105,W
2691,441,cpu_core,8,EA
2692,441,thread,16,EA
2693,441,cpu_clock,4.5,GHz
2694,441,cpu_L2,4,MB
2695,441,cpu_L3,96,MB
2696,441,DDR,DDR4,
2697,441,has_igpu,N,
2698,441,cpu_level,STREAMING,
2699,442,cpu_brand,AMD,
2700,442,cpu_socket,AM4,
2701,442,tdp_watt,65,W
2702,442,cpu_core,6,EA
2703,442,thread,12,EA
2704,442,cpu_clock,4.6,GHz
2705,442,cpu_L2,3,MB
2706,442,cpu_L3,16,MB
2707,442,DDR,DDR4,
2708,442,has_igpu,Y,
2709,442,cpu_level,OFFICE,
2710,443,cpu_brand,AMD,
2711,443,cpu_socket,AM4,
2712,443,tdp_watt,65,W
2713,443,cpu_core,4,EA
2714,443,thread,4,EA
2715,443,cpu_clock,4,GHz
2716,443,cpu_L2,2,MB
2717,443,cpu_L3,4,MB
2718,443,DDR,DDR4,
2719,443,has_igpu,Y,
2720,443,cpu_level,OFFICE,
2721,444,cpu_brand,AMD,
2722,444,cpu_socket,AM4,
2723,444,tdp_watt,65,W
2724,444,cpu_core,6,EA
2725,444,thread,12,EA
2726,444,cpu_clock,4.4,GHz
2727,444,cpu_L2,3,MB
2728,444,cpu_L3,16,MB
2729,444,DDR,DDR4,
2730,444,has_igpu,Y,
2731,444,cpu_level,OFFICE,
2732,445,cpu_brand,AMD,
2733,445,cpu_socket,AM4,
2734,445,tdp_watt,105,W
2735,445,cpu_core,8,EA
2736,445,thread,16,EA
2737,445,cpu_clock,4.5,GHz
2738,445,cpu_L2,4,MB
2739,445,cpu_L3,96,MB
2740,445,DDR,DDR4,
2741,445,has_igpu,N,
2742,445,cpu_level,STREAMING,
2743,446,cpu_brand,AMD,
2744,446,cpu_socket,AM4,
2745,446,tdp_watt,65,W
2746,446,cpu_core,8,EA
2747,446,thread,16,EA
2748,446,cpu_clock,4.6,GHz
2749,446,cpu_L2,4,MB
2750,446,cpu_L3,16,MB
2751,446,DDR,DDR4,
2752,446,has_igpu,Y,
2753,446,cpu_level,GAMING,
2754,447,cpu_brand,AMD,
2755,447,cpu_socket,AM4,
2756,447,tdp_watt,105,W
2757,447,cpu_core,8,EA
2758,447,thread,16,EA
2759,447,cpu_clock,4.1,GHz
2760,447,cpu_L2,4,MB
2761,447,cpu_L3,96,MB
2762,447,DDR,DDR4,
2763,447,has_igpu,N,
2764,447,cpu_level,STREAMING,
2765,448,cpu_brand,AMD,
2766,448,cpu_socket,AM4,
2767,448,tdp_watt,65,W
2768,448,cpu_core,6,EA
2769,448,thread,12,EA
2770,448,cpu_clock,4.6,GHz
2771,448,cpu_L2,3,MB
2772,448,cpu_L3,32,MB
2773,448,DDR,DDR4,
2774,448,has_igpu,N,
2775,448,cpu_level,GAMING,
2776,449,cpu_brand,AMD,
2777,449,cpu_socket,AM4,
2778,449,tdp_watt,65,W
2779,449,cpu_core,6,EA
2780,449,thread,12,EA
2781,449,cpu_clock,4.2,GHz
2782,449,cpu_L2,3,MB
2783,449,cpu_L3,16,MB
2784,449,DDR,DDR4,
2785,449,has_igpu,N,
2786,449,cpu_level,GAMING,
2787,450,cpu_brand,AMD,
2788,450,cpu_socket,AM4,
2789,450,tdp_watt,105,W
2790,450,cpu_core,8,EA
2791,450,thread,16,EA
2792,450,cpu_clock,4.7,GHz
2793,450,cpu_L2,4,MB
2794,450,cpu_L3,32,MB
2795,450,DDR,DDR4,
2796,450,has_igpu,N,
2797,450,cpu_level,STREAMING,
2798,451,cpu_brand,AMD,
2799,451,cpu_socket,AM4,
2800,451,tdp_watt,105,W
2801,451,cpu_core,12,EA
2802,451,thread,24,EA
2803,451,cpu_clock,4.8,GHz
2804,451,cpu_L2,6,MB
2805,451,cpu_L3,64,MB
2806,451,DDR,DDR4,
2807,451,has_igpu,N,
2808,451,cpu_level,CREATOR,
2809,452,cpu_brand,AMD,
2810,452,cpu_socket,AM4,
2811,452,tdp_watt,105,W
2812,452,cpu_core,16,EA
2813,452,thread,32,EA
2814,452,cpu_clock,4.9,GHz
2815,452,cpu_L2,8,MB
2816,452,cpu_L3,64,MB
2817,452,DDR,DDR4,
2818,452,has_igpu,N,
2819,452,cpu_level,CREATOR,
2820,453,cpu_brand,AMD,
2821,453,cpu_socket,AM4,
2822,453,tdp_watt,35,W
2823,453,cpu_core,4,EA
2824,453,thread,8,EA
2825,453,cpu_clock,4.2,GHz
2826,453,cpu_L2,2,MB
2827,453,cpu_L3,8,MB
2828,453,DDR,DDR4,
2829,453,has_igpu,Y,
2830,453,cpu_level,OFFICE,
2831,454,cpu_brand,AMD,
2832,454,cpu_socket,AM4,
2833,454,tdp_watt,65,W
2834,454,cpu_core,6,EA
2835,454,thread,12,EA
2836,454,cpu_clock,4.7,GHz
2837,454,cpu_L2,3,MB
2838,454,cpu_L3,32,MB
2839,454,DDR,DDR4,
2840,454,has_igpu,N,
2841,454,cpu_level,GAMING,
2842,455,cpu_brand,AMD,
2843,455,cpu_socket,AM4,
2844,455,tdp_watt,105,W
2845,455,cpu_core,16,EA
2846,455,thread,32,EA
2847,455,cpu_clock,4.8,GHz
2848,455,cpu_L2,8,MB
2849,455,cpu_L3,64,MB
2850,455,DDR,DDR4,
2851,455,has_igpu,N,
2852,455,cpu_level,CREATOR,
2853,456,cpu_brand,AMD,
2854,456,cpu_socket,AM4,
2855,456,tdp_watt,65,W
2856,456,cpu_core,6,EA
2857,456,thread,12,EA
2858,456,cpu_clock,4.5,GHz
2859,456,cpu_L2,3,MB
2860,456,cpu_L3,32,MB
2861,456,DDR,DDR4,
2862,456,has_igpu,N,
2863,456,cpu_level,GAMING,
2864,457,cpu_brand,AMD,
2865,457,cpu_socket,AM4,
2866,457,tdp_watt,65,W
2867,457,cpu_core,8,EA
2868,457,thread,16,EA
2869,457,cpu_clock,4.6,GHz
2870,457,cpu_L2,4,MB
2871,457,cpu_L3,16,MB
2872,457,DDR,DDR4,
2873,457,has_igpu,N,
2874,457,cpu_level,GAMING,
2875,458,cpu_brand,AMD,
2876,458,cpu_socket,AM4,
2877,458,tdp_watt,65,W
2878,458,cpu_core,4,EA
2879,458,thread,8,EA
2880,458,cpu_clock,4.2,GHz
2881,458,cpu_L2,2,MB
2882,458,cpu_L3,8,MB
2883,458,DDR,DDR4,
2884,458,has_igpu,Y,
2885,458,cpu_level,OFFICE,
2886,459,cpu_brand,AMD,
2887,459,cpu_socket,AM5,
2888,459,tdp_watt,120,W
2889,459,cpu_core,8,EA
2890,459,thread,16,EA
2891,459,cpu_clock,5.0,GHz
2892,459,cpu_L2,8,MB
2893,459,cpu_L3,96,MB
2894,459,DDR,DDR5,
2895,459,has_igpu,Y,
2896,459,cpu_level,STREAMING,
2897,460,cpu_brand,AMD,
2898,460,cpu_socket,AM5,
2899,460,tdp_watt,65,W
2900,460,cpu_core,6,EA
2901,460,thread,12,EA
2902,460,cpu_clock,5.0,GHz
2903,460,cpu_L2,6,MB
2904,460,cpu_L3,32,MB
2905,460,DDR,DDR5,
2906,460,has_igpu,N,
2907,460,cpu_level,GAMING,
2908,461,cpu_brand,AMD,
2909,461,cpu_socket,AM5,
2910,461,tdp_watt,65,W
2911,461,cpu_core,6,EA
2912,461,thread,12,EA
2913,461,cpu_clock,4.5,GHz
2914,461,cpu_L2,6,MB
2915,461,cpu_L3,96,MB
2916,461,DDR,DDR5,
2917,461,has_igpu,Y,
2918,461,cpu_level,STREAMING,
2919,462,cpu_brand,AMD,
2920,462,cpu_socket,AM5,
2921,462,tdp_watt,120,W
2922,462,cpu_core,8,EA
2923,462,thread,16,EA
2924,462,cpu_clock,4.5,GHz
2925,462,cpu_L2,8,MB
2926,462,cpu_L3,96,MB
2927,462,DDR,DDR5,
2928,462,has_igpu,Y,
2929,462,cpu_level,STREAMING,
2930,463,cpu_brand,AMD,
2931,463,cpu_socket,AM5,
2932,463,tdp_watt,65,W
2933,463,cpu_core,6,EA
2934,463,thread,12,EA
2935,463,cpu_clock,5.1,GHz
2936,463,cpu_L2,6,MB
2937,463,cpu_L3,32,MB
2938,463,DDR,DDR5,
2939,463,has_igpu,Y,
2940,463,cpu_level,GAMING,
2941,464,cpu_brand,AMD,
2942,464,cpu_socket,AM5,
2943,464,tdp_watt,170,W
2944,464,cpu_core,12,EA
2945,464,thread,24,EA
2946,464,cpu_clock,5.6,GHz
2947,464,cpu_L2,12,MB
2948,464,cpu_L3,64,MB
2949,464,DDR,DDR5,
2950,464,has_igpu,Y,
2951,464,cpu_level,CREATOR,
2952,465,cpu_brand,AMD,
2953,465,cpu_socket,AM5,
2954,465,tdp_watt,65,W
2955,465,cpu_core,8,EA
2956,465,thread,16,EA
2957,465,cpu_clock,5.3,GHz
2958,465,cpu_L2,8,MB
2959,465,cpu_L3,32,MB
2960,465,DDR,DDR5,
2961,465,has_igpu,Y,
2962,465,cpu_level,STREAMING,
2963,466,cpu_brand,AMD,
2964,466,cpu_socket,AM5,
2965,466,tdp_watt,65,W
2966,466,cpu_core,12,EA
2967,466,thread,24,EA
2968,466,cpu_clock,5.4,GHz
2969,466,cpu_L2,12,MB
2970,466,cpu_L3,64,MB
2971,466,DDR,DDR5,
2972,466,has_igpu,Y,
2973,466,cpu_level,CREATOR,
2974,467,cpu_brand,AMD,
2975,467,cpu_socket,AM5,
2976,467,tdp_watt,120,W
2977,467,cpu_core,16,EA
2978,467,thread,32,EA
2979,467,cpu_clock,5.7,GHz
2980,467,cpu_L2,16,MB
2981,467,cpu_L3,128,MB
2982,467,DDR,DDR5,
2983,467,has_igpu,Y,
2984,467,cpu_level,CREATOR,
2985,468,cpu_brand,AMD,
2986,468,cpu_socket,AM5,
2987,468,tdp_watt,105,W
2988,468,cpu_core,8,EA
2989,468,thread,16,EA
2990,468,cpu_clock,5.4,GHz
2991,468,cpu_L2,8,MB
2992,468,cpu_L3,32,MB
2993,468,DDR,DDR5,
2994,468,has_igpu,Y,
2995,468,cpu_level,STREAMING,
2996,469,cpu_brand,AMD,
2997,469,cpu_socket,AM5,
2998,469,tdp_watt,65,W
2999,469,cpu_core,6,EA
3000,469,thread,12,EA
3001,469,cpu_clock,4.7,GHz
3002,469,cpu_L2,6,MB
3003,469,cpu_L3,32,MB
3004,469,DDR,DDR5,
3005,469,has_igpu,N,
3006,469,cpu_level,GAMING,
3007,470,cpu_brand,AMD,
3008,470,cpu_socket,AM5,
3009,470,tdp_watt,170,W
3010,470,cpu_core,16,EA
3011,470,thread,32,EA
3012,470,cpu_clock,5.7,GHz
3013,470,cpu_L2,16,MB
3014,470,cpu_L3,64,MB
3015,470,DDR,DDR5,
3016,470,has_igpu,Y,
3017,470,cpu_level,CREATOR,
3018,471,cpu_brand,AMD,
3019,471,cpu_socket,AM5,
3020,471,tdp_watt,65,W
3021,471,cpu_core,6,EA
3022,471,thread,12,EA
3023,471,cpu_clock,4.3,GHz
3024,471,cpu_L2,6,MB
3025,471,cpu_L3,16,MB
3026,471,DDR,DDR5,
3027,471,has_igpu,Y,
3028,471,cpu_level,GAMING,
3029,472,cpu_brand,AMD,
3030,472,cpu_socket,AM5,
3031,472,tdp_watt,105,W
3032,472,cpu_core,6,EA
3033,472,thread,12,EA
3034,472,cpu_clock,5.3,GHz
3035,472,cpu_L2,6,MB
3036,472,cpu_L3,32,MB
3037,472,DDR,DDR5,
3038,472,has_igpu,Y,
3039,472,cpu_level,GAMING,
3040,473,cpu_brand,AMD,
3041,473,cpu_socket,AM5,
3042,473,tdp_watt,120,W
3043,473,cpu_core,12,EA
3044,473,thread,24,EA
3045,473,cpu_clock,5.6,GHz
3046,473,cpu_L2,12,MB
3047,473,cpu_L3,128,MB
3048,473,DDR,DDR5,
3049,473,has_igpu,Y,
3050,473,cpu_level,CREATOR,
3051,474,cpu_brand,AMD,
3052,474,cpu_socket,AM5,
3053,474,tdp_watt,65,W
3054,474,cpu_core,6,EA
3055,474,thread,12,EA
3056,474,cpu_clock,5.1,GHz
3057,474,cpu_L2,6,MB
3058,474,cpu_L3,32,MB
3059,474,DDR,DDR5,
3060,474,has_igpu,Y,
3061,474,cpu_level,GAMING,
3062,475,cpu_brand,AMD,
3063,475,cpu_socket,AM5,
3064,475,tdp_watt,65,W
3065,475,cpu_core,8,EA
3066,475,thread,16,EA
3067,475,cpu_clock,5.3,GHz
3068,475,cpu_L2,8,MB
3069,475,cpu_L3,32,MB
3070,475,DDR,DDR5,
3071,475,has_igpu,Y,
3072,475,cpu_level,STREAMING,
3073,476,cpu_brand,AMD,
3074,476,cpu_socket,AM5,
3075,476,tdp_watt,65,W
3076,476,cpu_core,12,EA
3077,476,thread,24,EA
3078,476,cpu_clock,5.4,GHz
3079,476,cpu_L2,12,MB
3080,476,cpu_L3,64,MB
3081,476,DDR,DDR5,
3082,476,has_igpu,Y,
3083,476,cpu_level,CREATOR,
3084,477,cpu_brand,AMD,
3085,477,cpu_socket,AM5,
3086,477,tdp_watt,65,W
3087,477,cpu_core,6,EA
3088,477,thread,12,EA
3089,477,cpu_clock,5.0,GHz
3090,477,cpu_L2,6,MB
3091,477,cpu_L3,16,MB
3092,477,DDR,DDR5,
3093,477,has_igpu,Y,
3094,477,cpu_level,GAMING,
3095,478,cpu_brand,AMD,
3096,478,cpu_socket,AM5,
3097,478,tdp_watt,65,W
3098,478,cpu_core,8,EA
3099,478,thread,16,EA
3100,478,cpu_clock,5.1,GHz
3101,478,cpu_L2,8,MB
3102,478,cpu_L3,16,MB
3103,478,DDR,DDR5,
3104,478,has_igpu,Y,
3105,478,cpu_level,GAMING,
3106,479,cpu_brand,AMD,
3107,479,cpu_socket,AM5,
3108,479,tdp_watt,65,W
3109,479,thread,12,EA
3110,479,cpu_clock,5.0,GHz
3111,479,cpu_L2,6,MB
3112,479,cpu_L3,16,MB
3113,479,DDR,DDR5,
3114,479,has_igpu,Y,
3115,479,cpu_level,OFFICE,
3116,480,cpu_brand,AMD,
3117,480,cpu_socket,AM5,
3118,480,tdp_watt,65,W
3119,480,cpu_core,8,EA
3120,480,thread,16,EA
3121,480,cpu_clock,5.0,GHz
3122,480,cpu_L2,8,MB
3123,480,cpu_L3,16,MB
3124,480,DDR,DDR5,
3125,480,has_igpu,N,
3126,480,cpu_level,GAMING,
3127,481,cpu_brand,AMD,
3128,481,cpu_socket,AM5,
3129,481,tdp_watt,65,W
3130,481,cpu_core,6,EA
3131,481,thread,12,EA
3132,481,cpu_clock,4.7,GHz
3133,481,cpu_L2,6,MB
3134,481,cpu_L3,16,MB
3135,481,DDR,DDR5,
3136,481,cpu_level,GAMING,
3137,482,cpu_brand,AMD,
3138,482,cpu_socket,AM5,
3139,482,tdp_watt,65,W
3140,482,cpu_core,6,EA
3141,482,thread,12,EA
3142,482,cpu_clock,5.0,GHz
3143,482,cpu_L2,6,MB
3144,482,cpu_L3,16,MB
3145,482,DDR,DDR5,
3146,482,has_igpu,Y,
3147,482,cpu_level,GAMING,
3148,483,cpu_brand,AMD,
3149,483,cpu_socket,AM5,
3150,483,tdp_watt,65,W
3151,483,thread,12,EA
3152,483,cpu_clock,5.0,GHz
3153,483,cpu_L2,6,MB
3154,483,cpu_L3,16,MB
3155,483,DDR,DDR5,
3156,483,has_igpu,Y,
3157,483,cpu_level,OFFICE,
3158,484,cpu_brand,AMD,
3159,484,cpu_socket,AM5,
3160,484,tdp_watt,120,W
3161,484,cpu_core,8,EA
3162,484,thread,16,EA
3163,484,cpu_clock,5.2,GHz
3164,484,cpu_L2,8,MB
3165,484,cpu_L3,96,MB
3166,484,DDR,DDR5,
3167,484,has_igpu,Y,
3168,484,cpu_level,STREAMING,
3169,485,cpu_brand,AMD,
3170,485,cpu_socket,AM5,
3171,485,tdp_watt,65,W
3172,485,cpu_core,6,EA
3173,485,thread,12,EA
3174,485,cpu_clock,5.4,GHz
3175,485,cpu_L2,6,MB
3176,485,cpu_L3,32,MB
3177,485,DDR,DDR5,
3178,485,has_igpu,Y,
3179,485,cpu_level,GAMING,
3180,486,cpu_brand,AMD,
3181,486,cpu_socket,AM5,
3182,486,tdp_watt,170,W
3183,486,cpu_core,16,EA
3184,486,thread,32,EA
3185,486,cpu_clock,5.7,GHz
3186,486,cpu_L2,16,MB
3187,486,cpu_L3,128,MB
3188,486,DDR,DDR5,
3189,486,has_igpu,Y,
3190,486,cpu_level,CREATOR,
3191,487,cpu_brand,AMD,
3192,487,cpu_socket,AM5,
3193,487,tdp_watt,65,W
3194,487,cpu_core,8,EA
3195,487,thread,16,EA
3196,487,cpu_clock,5.5,GHz
3197,487,cpu_L2,8,MB
3198,487,cpu_L3,32,MB
3199,487,DDR,DDR5,
3200,487,has_igpu,Y,
3201,487,cpu_level,STREAMING,
3202,488,cpu_brand,AMD,
3203,488,cpu_socket,AM5,
3204,488,tdp_watt,120,W
3205,488,cpu_core,8,EA
3206,488,thread,16,EA
3207,488,cpu_clock,5.6,GHz
3208,488,cpu_L2,8,MB
3209,488,cpu_L3,96,MB
3210,488,DDR,DDR5,
3211,488,has_igpu,Y,
3212,488,cpu_level,STREAMING,
3213,489,cpu_brand,AMD,
3214,489,cpu_socket,AM5,
3215,489,tdp_watt,200,W
3216,489,cpu_core,16,EA
3217,489,thread,32,EA
3218,489,cpu_clock,5.6,GHz
3219,489,cpu_L2,16,MB
3220,489,cpu_L3,192,MB
3221,489,DDR,DDR5,
3222,489,has_igpu,Y,
3223,489,cpu_level,CREATOR,
3224,490,cpu_brand,AMD,
3225,490,cpu_socket,AM5,
3226,490,tdp_watt,65,W
3227,490,cpu_core,6,EA
3228,490,thread,12,EA
3229,490,cpu_clock,5.0,GHz
3230,490,cpu_L2,6,MB
3231,490,cpu_L3,32,MB
3232,490,DDR,DDR5,
3233,490,has_igpu,N,
3234,490,cpu_level,GAMING,
3235,491,cpu_brand,AMD,
3236,491,cpu_socket,AM5,
3237,491,tdp_watt,170,W
3238,491,cpu_core,16,EA
3239,491,thread,32,EA
3240,491,cpu_clock,5.7,GHz
3241,491,cpu_L2,16,MB
3242,491,cpu_L3,64,MB
3243,491,DDR,DDR5,
3244,491,has_igpu,Y,
3245,491,cpu_level,CREATOR,
3246,492,cpu_brand,AMD,
3247,492,cpu_socket,AM5,
3248,492,tdp_watt,120,W
3249,492,cpu_core,12,EA
3250,492,thread,24,EA
3251,492,cpu_clock,5.6,GHz
3252,492,cpu_L2,12,MB
3253,492,cpu_L3,64,MB
3254,492,DDR,DDR5,
3255,492,has_igpu,Y,
3256,492,cpu_level,CREATOR,
3257,493,cpu_brand,AMD,
3258,493,cpu_socket,AM5,
3259,493,tdp_watt,65,W
3260,493,cpu_core,6,EA
3261,493,thread,12,EA
3262,493,cpu_clock,5.2,GHz
3263,493,cpu_L2,6,MB
3264,493,cpu_L3,32,MB
3265,493,DDR,DDR5,
3266,493,has_igpu,Y,
3267,493,cpu_level,GAMING,
3268,494,cpu_brand,AMD,
3269,494,cpu_socket,AM5,
3270,494,tdp_watt,120,W
3271,494,cpu_core,12,EA
3272,494,thread,24,EA
3273,494,cpu_clock,5.5,GHz
3274,494,cpu_L2,12,MB
3275,494,cpu_L3,128,MB
3276,494,DDR,DDR5,
3277,494,has_igpu,Y,
3278,494,cpu_level,CREATOR,
3279,495,cpu_socket,AM4,
3280,495,ram_type,DDR4,
3281,495,ram_socket,4,EA
3282,495,form_factor,M-ATX,
3283,495,chipset,B550,
3284,495,m2_slots,2,EA
3285,495,max_ram_capacity_gb,128,GB
3286,496,cpu_socket,AM4,
3287,496,ram_type,DDR4,
3288,496,ram_socket,2,EA
3289,496,form_factor,M-ATX,
3290,496,chipset,A520,
3291,496,m2_slots,1,EA
3292,496,max_ram_capacity_gb,64,GB
3293,497,cpu_socket,AM4,
3294,497,ram_type,DDR4,
3295,497,ram_socket,2,EA
3296,497,form_factor,M-ATX,
3297,497,chipset,B550,
3298,497,m2_slots,2,EA
3299,497,max_ram_capacity_gb,64,GB
3300,498,cpu_socket,AM4,
3301,498,ram_type,DDR4,
3302,498,ram_socket,4,EA
3303,498,form_factor,M-ATX,
3304,498,chipset,B550,
3305,498,m2_slots,2,EA
3306,498,max_ram_capacity_gb,128,GB
3307,499,cpu_socket,AM4,
3308,499,ram_type,DDR4,
3309,499,ram_socket,2,EA
3310,499,form_factor,M-ATX,
3311,499,chipset,A520,
3312,499,m2_slots,1,EA
3313,499,max_ram_capacity_gb,64,GB
3314,500,cpu_socket,AM4,
3315,500,ram_type,DDR4,
3316,500,ram_socket,2,EA
3317,500,form_factor,M-ATX,
3318,500,chipset,A520,
3319,500,m2_slots,2,EA
3320,500,max_ram_capacity_gb,64,GB
3321,501,cpu_socket,AM4,
3322,501,ram_type,DDR4,
3323,501,ram_socket,2,EA
3324,501,form_factor,M-ATX,
3325,501,chipset,A520,
3326,501,m2_slots,1,EA
3327,501,max_ram_capacity_gb,64,GB
3328,502,cpu_socket,AM4,
3329,502,ram_type,DDR4,
3330,502,ram_socket,2,EA
3331,502,form_factor,M-ATX,
3332,502,chipset,A520,
3333,502,m2_slots,1,EA
3334,502,max_ram_capacity_gb,64,GB
3335,503,cpu_socket,AM4,
3336,503,ram_type,DDR4,
3337,503,ram_socket,4,EA
3338,503,form_factor,M-ATX,
3339,503,chipset,A320,
3340,503,m2_slots,1,EA
3341,503,max_ram_capacity_gb,64,GB
3342,504,cpu_socket,AM4,
3343,504,ram_type,DDR4,
3344,504,ram_socket,4,EA
3345,504,form_factor,ATX,
3346,504,chipset,X570,
3347,504,m2_slots,2,EA
3348,504,max_ram_capacity_gb,128,GB
3349,505,cpu_socket,AM4,
3350,505,ram_type,DDR4,
3351,505,ram_socket,2,EA
3352,505,form_factor,M-ATX,
3353,505,chipset,B550,
3354,505,m2_slots,2,EA
3355,505,max_ram_capacity_gb,64,GB
3356,506,cpu_socket,AM4,
3357,506,ram_type,DDR4,
3358,506,ram_socket,4,EA
3359,506,form_factor,M-ATX,
3360,506,chipset,B450,
3361,506,m2_slots,2,EA
3362,506,max_ram_capacity_gb,64,GB
3363,507,cpu_socket,AM5,
3364,507,ram_type,DDR5,
3365,507,ram_socket,4,EA
3366,507,form_factor,M-ATX,
3367,507,chipset,B850,
3368,507,m2_slots,3,EA
3369,507,max_ram_capacity_gb,256,GB
3370,508,cpu_socket,AM5,
3371,508,ram_type,DDR5,
3372,508,ram_socket,4,EA
3373,508,form_factor,M-ATX,
3374,508,chipset,B650,
3375,508,m2_slots,3,EA
3376,508,max_ram_capacity_gb,256,GB
3377,509,cpu_socket,AM5,
3378,509,ram_type,DDR5,
3379,509,ram_socket,4,EA
3380,509,form_factor,M-ATX,
3381,509,chipset,B850,
3382,509,m2_slots,3,EA
3383,509,max_ram_capacity_gb,256,GB
3384,510,cpu_socket,AM5,
3385,510,ram_type,DDR5,
3386,510,ram_socket,2,EA
3387,510,form_factor,M-ITX,
3388,510,chipset,B850,
3389,510,m2_slots,2,EA
3390,510,max_ram_capacity_gb,96,GB
3391,511,cpu_socket,AM5,
3392,511,ram_type,DDR5,
3393,511,ram_socket,4,EA
3394,511,form_factor,M-ATX,
3395,511,chipset,B650,
3396,511,m2_slots,3,EA
3397,511,max_ram_capacity_gb,256,GB
3398,512,cpu_socket,AM5,
3399,512,ram_type,DDR5,
3400,512,ram_socket,4,EA
3401,512,form_factor,ATX,
3402,512,chipset,B850,
3403,512,m2_slots,3,EA
3404,512,max_ram_capacity_gb,192,GB
3405,513,cpu_socket,AM5,
3406,513,ram_type,DDR5,
3407,513,ram_socket,4,EA
3408,513,form_factor,ATX,
3409,513,chipset,X870E,
3410,513,m2_slots,4,EA
3411,513,max_ram_capacity_gb,192,GB
3412,514,cpu_socket,AM5,
3413,514,ram_type,DDR5,
3414,514,ram_socket,4,EA
3415,514,form_factor,ATX,
3416,514,chipset,B850,
3417,514,m2_slots,3,EA
3418,514,max_ram_capacity_gb,256,GB
3419,515,cpu_socket,AM5,
3420,515,ram_type,DDR5,
3421,515,ram_socket,2,EA
3422,515,form_factor,ATX,
3423,515,chipset,X870E,
3424,515,m2_slots,5,EA
3425,515,max_ram_capacity_gb,128,GB
3426,516,cpu_socket,AM5,
3427,516,ram_type,DDR5,
3428,516,ram_socket,4,EA
3429,516,form_factor,M-ATX,
3430,516,chipset,B650,
3431,516,m2_slots,3,EA
3432,516,max_ram_capacity_gb,256,GB
3433,517,cpu_socket,AM5,
3434,517,ram_type,DDR5,
3435,517,ram_socket,4,EA
3436,517,form_factor,ATX,
3437,517,chipset,B850,
3438,517,m2_slots,3,EA
3439,517,max_ram_capacity_gb,256,GB
3440,518,cpu_socket,AM5,
3441,518,ram_type,DDR5,
3442,518,ram_socket,4,EA
3443,518,form_factor,ATX,
3444,518,chipset,X870E,
3445,518,m2_slots,5,EA
3446,518,max_ram_capacity_gb,256,GB
3447,519,cpu_socket,AM5,
3448,519,ram_type,DDR5,
3449,519,ram_socket,4,EA
3450,519,form_factor,M-ATX,
3451,519,chipset,B650,
3452,519,m2_slots,3,EA
3453,519,max_ram_capacity_gb,256,GB
3454,520,cpu_socket,AM5,
3455,520,ram_type,DDR5,
3456,520,ram_socket,4,EA
3457,520,form_factor,ATX,
3458,520,chipset,X870E,
3459,520,m2_slots,4,EA
3460,520,max_ram_capacity_gb,192,GB
3461,521,cpu_socket,AM5,
3462,521,ram_type,DDR5,
3463,521,ram_socket,4,EA
3464,521,form_factor,M-ATX,
3465,521,chipset,B650,
3466,521,m2_slots,2,EA
3467,521,max_ram_capacity_gb,128,GB
3468,522,cpu_socket,AM5,
3469,522,ram_type,DDR5,
3470,522,ram_socket,4,EA
3471,522,form_factor,ATX,
3472,522,chipset,X870,
3473,522,m2_slots,4,EA
3474,522,max_ram_capacity_gb,192,GB
3475,523,cpu_socket,AM5,
3476,523,ram_type,DDR5,
3477,523,ram_socket,4,EA
3478,523,form_factor,M-ATX,
3479,523,chipset,B850,
3480,523,m2_slots,3,EA
3481,523,max_ram_capacity_gb,256,GB
3482,524,cpu_socket,AM5,
3483,524,ram_type,DDR5,
3484,524,ram_socket,2,EA
3485,524,form_factor,M-ITX,
3486,524,chipset,X870,
3487,524,m2_slots,2,EA
3488,524,max_ram_capacity_gb,128,GB
3489,525,cpu_socket,AM5,
3490,525,ram_type,DDR5,
3491,525,ram_socket,4,EA
3492,525,form_factor,ATX,
3493,525,chipset,X870E,
3494,525,m2_slots,5,EA
3495,525,max_ram_capacity_gb,256,GB
3496,526,cpu_socket,AM5,
3497,526,ram_type,DDR5,
3498,526,ram_socket,4,EA
3499,526,form_factor,E-ATX,
3500,526,chipset,X870E,
3501,526,m2_slots,5,EA
3502,526,max_ram_capacity_gb,256,GB
3503,527,cpu_socket,AM5,
3504,527,ram_type,DDR5,
3505,527,ram_socket,4,EA
3506,527,form_factor,M-ATX,
3507,527,chipset,B850,
3508,527,m2_slots,3,EA
3509,527,max_ram_capacity_gb,256,GB
3510,528,cpu_socket,AM5,
3511,528,ram_type,DDR5,
3512,528,ram_socket,4,EA
3513,528,form_factor,ATX,
3514,528,chipset,X870E,
3515,528,m2_slots,4,EA
3516,528,max_ram_capacity_gb,256,GB
3517,529,cpu_socket,AM5,
3518,529,ram_type,DDR5,
3519,529,ram_socket,4,EA
3520,529,form_factor,M-ATX,
3521,529,chipset,B850,
3522,529,m2_slots,3,EA
3523,529,max_ram_capacity_gb,256,GB
3524,530,cpu_socket,AM5,
3525,530,ram_type,DDR5,
3526,530,ram_socket,4,EA
3527,530,form_factor,ATX,
3528,530,chipset,X870E,
3529,530,m2_slots,4,EA
3530,530,max_ram_capacity_gb,256,GB
3531,531,cpu_socket,AM5,
3532,531,ram_type,DDR5,
3533,531,ram_socket,4,EA
3534,531,form_factor,M-ATX,
3535,531,chipset,B650,
3536,531,m2_slots,2,EA
3537,531,max_ram_capacity_gb,192,GB
3538,532,cpu_socket,AM5,
3539,532,ram_type,DDR5,
3540,532,ram_socket,4,EA
3541,532,form_factor,ATX,
3542,532,chipset,X870E,
3543,532,m2_slots,4,EA
3544,532,max_ram_capacity_gb,256,GB
3545,533,cpu_socket,AM5,
3546,533,ram_type,DDR5,
3547,533,ram_socket,4,EA
3548,533,form_factor,ATX,
3549,533,chipset,B850,
3550,533,m2_slots,5,EA
3551,533,max_ram_capacity_gb,192,GB
3552,534,cpu_socket,AM5,
3553,534,ram_type,DDR5,
3554,534,ram_socket,4,EA
3555,534,form_factor,M-ATX,
3556,534,chipset,B850,
3557,534,m2_slots,4,EA
3558,534,max_ram_capacity_gb,256,GB
3559,535,cpu_socket,AM5,
3560,535,ram_type,DDR5,
3561,535,ram_socket,4,EA
3562,535,form_factor,M-ATX,
3563,535,chipset,B850,
3564,535,m2_slots,3,EA
3565,535,max_ram_capacity_gb,256,GB
3566,536,cpu_socket,AM5,
3567,536,ram_type,DDR5,
3568,536,ram_socket,4,EA
3569,536,form_factor,ATX,
3570,536,chipset,B850,
3571,536,m2_slots,3,EA
3572,536,max_ram_capacity_gb,256,GB
3573,537,cpu_socket,AM5,
3574,537,ram_type,DDR5,
3575,537,ram_socket,4,EA
3576,537,form_factor,ATX,
3577,537,chipset,X870E,
3578,537,m2_slots,5,EA
3579,537,max_ram_capacity_gb,256,GB
3580,538,cpu_socket,AM5,
3581,538,ram_type,DDR5,
3582,538,ram_socket,4,EA
3583,538,form_factor,M-ATX,
3584,538,chipset,B850,
3585,538,m2_slots,3,EA
3586,538,max_ram_capacity_gb,256,GB
3587,539,cpu_socket,AM5,
3588,539,ram_type,DDR5,
3589,539,ram_socket,4,EA
3590,539,form_factor,M-ATX,
3591,539,chipset,A620A,
3592,539,m2_slots,2,EA
3593,539,max_ram_capacity_gb,256,GB
3594,540,cpu_socket,AM5,
3595,540,ram_type,DDR5,
3596,540,ram_socket,4,EA
3597,540,form_factor,ATX,
3598,540,chipset,X870,
3599,540,m2_slots,4,EA
3600,540,max_ram_capacity_gb,192,GB
3601,541,cpu_socket,AM5,
3602,541,ram_type,DDR5,
3603,541,ram_socket,4,EA
3604,541,form_factor,ATX,
3605,541,chipset,B850,
3606,541,m2_slots,3,EA
3607,541,max_ram_capacity_gb,192,GB
3608,542,cpu_socket,AM5,
3609,542,ram_type,DDR5,
3610,542,ram_socket,4,EA
3611,542,form_factor,ATX,
3612,542,chipset,X870E,
3613,542,m2_slots,4,EA
3614,542,max_ram_capacity_gb,256,GB
3615,543,cpu_socket,AM5,
3616,543,ram_type,DDR5,
3617,543,ram_socket,2,EA
3618,543,form_factor,ATX,
3619,543,chipset,X870E,
3620,543,m2_slots,5,EA
3621,543,max_ram_capacity_gb,128,GB
3622,544,cpu_socket,AM5,
3623,544,ram_type,DDR5,
3624,544,ram_socket,4,EA
3625,544,form_factor,M-ATX,
3626,544,chipset,B850,
3627,544,m2_slots,3,EA
3628,544,max_ram_capacity_gb,256,GB
3629,545,cpu_socket,AM5,
3630,545,ram_type,DDR5,
3631,545,ram_socket,4,EA
3632,545,form_factor,ATX,
3633,545,chipset,X870E,
3634,545,m2_slots,5,EA
3635,545,max_ram_capacity_gb,256,GB
3636,546,cpu_socket,AM5,
3637,546,ram_type,DDR5,
3638,546,ram_socket,4,EA
3639,546,form_factor,ATX,
3640,546,chipset,X870E,
3641,546,m2_slots,5,EA
3642,546,max_ram_capacity_gb,256,GB
3643,547,cpu_socket,AM5,
3644,547,ram_type,DDR5,
3645,547,ram_socket,4,EA
3646,547,form_factor,ATX,
3647,547,chipset,X870,
3648,547,m2_slots,4,EA
3649,547,max_ram_capacity_gb,256,GB
3650,548,cpu_socket,AM5,
3651,548,ram_type,DDR5,
3652,548,ram_socket,2,EA
3653,548,form_factor,M-ITX,
3654,548,chipset,X870,
3655,548,m2_slots,2,EA
3656,548,max_ram_capacity_gb,128,GB
3657,549,cpu_socket,AM5,
3658,549,ram_type,DDR5,
3659,549,ram_socket,4,EA
3660,549,form_factor,M-ATX,
3661,549,chipset,B850,
3662,549,m2_slots,2,EA
3663,549,max_ram_capacity_gb,256,GB
3664,550,cpu_socket,AM5,
3665,550,ram_type,DDR5,
3666,550,ram_socket,4,EA
3667,550,form_factor,ATX,
3668,550,chipset,B850,
3669,550,m2_slots,4,EA
3670,550,max_ram_capacity_gb,256,GB
3671,551,cpu_socket,AM5,
3672,551,ram_type,DDR5,
3673,551,ram_socket,4,EA
3674,551,form_factor,E-ATX,
3675,551,chipset,X870E,
3676,551,m2_slots,5,EA
3677,551,max_ram_capacity_gb,256,GB
3678,552,cpu_socket,AM5,
3679,552,ram_type,DDR5,
3680,552,ram_socket,4,EA
3681,552,form_factor,M-ATX,
3682,552,chipset,B850,
3683,552,m2_slots,3,EA
3684,552,max_ram_capacity_gb,256,GB
3685,553,cpu_socket,AM5,
3686,553,ram_type,DDR5,
3687,553,ram_socket,4,EA
3688,553,form_factor,ATX,
3689,553,chipset,X870E,
3690,553,m2_slots,5,EA
3691,553,max_ram_capacity_gb,256,GB
3692,554,cpu_socket,AM5,
3693,554,ram_type,DDR5,
3694,554,ram_socket,4,EA
3695,554,form_factor,ATX,
3696,554,chipset,B850,
3697,554,m2_slots,3,EA
3698,554,max_ram_capacity_gb,256,GB
3699,555,cpu_socket,AM5,
3700,555,ram_type,DDR5,
3701,555,ram_socket,4,EA
3702,555,form_factor,ATX,
3703,555,chipset,X870E,
3704,555,m2_slots,4,EA
3705,555,max_ram_capacity_gb,256,GB
3706,556,cpu_socket,AM5,
3707,556,ram_type,DDR5,
3708,556,ram_socket,4,EA
3709,556,form_factor,ATX,
3710,556,chipset,X870,
3711,556,m2_slots,4,EA
3712,556,max_ram_capacity_gb,256,GB
3713,557,cpu_socket,AM5,
3714,557,ram_type,DDR5,
3715,557,ram_socket,4,EA
3716,557,form_factor,M-ATX,
3717,557,chipset,B840,
3718,557,m2_slots,3,EA
3719,557,max_ram_capacity_gb,192,GB
3720,558,cpu_socket,AM5,
3721,558,ram_type,DDR5,
3722,558,ram_socket,4,EA
3723,558,form_factor,ATX,
3724,558,chipset,B850,
3725,558,m2_slots,4,EA
3726,558,max_ram_capacity_gb,256,GB
3727,559,cpu_socket,AM5,
3728,559,ram_type,DDR5,
3729,559,ram_socket,4,EA
3730,559,form_factor,ATX,
3731,559,chipset,X870E,
3732,559,m2_slots,5,EA
3733,559,max_ram_capacity_gb,256,GB
3734,560,cpu_socket,AM5,
3735,560,ram_type,DDR5,
3736,560,ram_socket,4,EA
3737,560,form_factor,M-ATX,
3738,560,chipset,B850,
3739,560,m2_slots,3,EA
3740,560,max_ram_capacity_gb,256,GB
3741,561,cpu_socket,AM5,
3742,561,ram_type,DDR5,
3743,561,ram_socket,4,EA
3744,561,form_factor,ATX,
3745,561,chipset,B850,
3746,561,m2_slots,4,EA
3747,561,max_ram_capacity_gb,256,GB
3748,562,cpu_socket,AM5,
3749,562,ram_type,DDR5,
3750,562,ram_socket,4,EA
3751,562,form_factor,M-ATX,
3752,562,chipset,B850,
3753,562,m2_slots,3,EA
3754,562,max_ram_capacity_gb,256,GB
3755,563,cpu_socket,AM5,
3756,563,ram_type,DDR5,
3757,563,ram_socket,4,EA
3758,563,form_factor,ATX,
3759,563,chipset,B850,
3760,563,m2_slots,5,EA
3761,563,max_ram_capacity_gb,256,GB
3762,564,cpu_socket,AM5,
3763,564,ram_type,DDR5,
3764,564,ram_socket,2,EA
3765,564,form_factor,M-ITX,
3766,564,chipset,B850,
3767,564,m2_slots,2,EA
3768,564,max_ram_capacity_gb,96,GB
3769,565,cpu_socket,AM5,
3770,565,ram_type,DDR5,
3771,565,ram_socket,4,EA
3772,565,form_factor,M-ATX,
3773,565,chipset,B850,
3774,565,m2_slots,3,EA
3775,565,max_ram_capacity_gb,256,GB
3776,566,cpu_socket,AM5,
3777,566,ram_type,DDR5,
3778,566,ram_socket,4,EA
3779,566,form_factor,ATX,
3780,566,chipset,B850,
3781,566,m2_slots,3,EA
3782,566,max_ram_capacity_gb,256,GB
3783,567,cpu_socket,AM5,
3784,567,ram_type,DDR5,
3785,567,ram_socket,4,EA
3786,567,form_factor,ATX,
3787,567,chipset,B650E,
3788,567,m2_slots,4,EA
3789,567,max_ram_capacity_gb,128,GB
3790,568,cpu_socket,AM5,
3791,568,ram_type,DDR5,
3792,568,ram_socket,4,EA
3793,568,form_factor,ATX,
3794,568,chipset,A620,
3795,568,m2_slots,2,EA
3796,568,max_ram_capacity_gb,192,GB
3797,569,cpu_socket,AM5,
3798,569,ram_type,DDR5,
3799,569,ram_socket,4,EA
3800,569,form_factor,ATX,
3801,569,chipset,B850,
3802,569,m2_slots,3,EA
3803,569,max_ram_capacity_gb,256,GB
3804,570,cpu_socket,AM5,
3805,570,ram_type,DDR5,
3806,570,ram_socket,4,EA
3807,570,form_factor,ATX,
3808,570,chipset,X870E,
3809,570,m2_slots,4,EA
3810,570,max_ram_capacity_gb,256,GB
3811,571,cpu_socket,AM5,
3812,571,ram_type,DDR5,
3813,571,ram_socket,4,EA
3814,571,form_factor,ATX,
3815,571,chipset,X870E,
3816,571,m2_slots,5,EA
3817,571,max_ram_capacity_gb,192,GB
3818,572,cpu_socket,AM5,
3819,572,ram_type,DDR5,
3820,572,ram_socket,4,EA
3821,572,form_factor,M-ATX,
3822,572,chipset,B850,
3823,572,m2_slots,3,EA
3824,572,max_ram_capacity_gb,192,GB
3825,573,cpu_socket,AM5,
3826,573,ram_type,DDR5,
3827,573,ram_socket,4,EA
3828,573,form_factor,ATX,
3829,573,chipset,X870,
3830,573,m2_slots,4,EA
3831,573,max_ram_capacity_gb,192,GB
3832,574,cpu_socket,AM5,
3833,574,ram_type,DDR5,
3834,574,ram_socket,4,EA
3835,574,form_factor,ATX,
3836,574,chipset,X870E,
3837,574,m2_slots,5,EA
3838,574,max_ram_capacity_gb,192,GB
3839,575,cpu_socket,AM5,
3840,575,ram_type,DDR5,
3841,575,ram_socket,4,EA
3842,575,form_factor,ATX,
3843,575,chipset,B850,
3844,575,m2_slots,3,EA
3845,575,max_ram_capacity_gb,256,GB
3846,576,cpu_socket,AM5,
3847,576,ram_type,DDR5,
3848,576,ram_socket,4,EA
3849,576,form_factor,M-ATX,
3850,576,chipset,B850,
3851,576,m2_slots,3,EA
3852,576,max_ram_capacity_gb,256,GB
3853,577,cpu_socket,AM5,
3854,577,ram_type,DDR5,
3855,577,ram_socket,4,EA
3856,577,form_factor,M-ATX,
3857,577,chipset,B850,
3858,577,m2_slots,3,EA
3859,577,max_ram_capacity_gb,256,GB
3860,578,cpu_socket,AM5,
3861,578,ram_type,DDR5,
3862,578,ram_socket,4,EA
3863,578,form_factor,M-ATX,
3864,578,chipset,B850,
3865,578,m2_slots,3,EA
3866,578,max_ram_capacity_gb,192,GB
3867,579,cpu_socket,AM5,
3868,579,ram_type,DDR5,
3869,579,ram_socket,4,EA
3870,579,form_factor,ATX,
3871,579,chipset,B850,
3872,579,m2_slots,5,EA
3873,579,max_ram_capacity_gb,192,GB
3874,580,cpu_socket,AM5,
3875,580,ram_type,DDR5,
3876,580,ram_socket,4,EA
3877,580,form_factor,M-ATX,
3878,580,chipset,B840,
3879,580,m2_slots,3,EA
3880,580,max_ram_capacity_gb,192,GB
3881,581,cpu_socket,AM5,
3882,581,ram_type,DDR5,
3883,581,ram_socket,4,EA
3884,581,form_factor,ATX,
3885,581,chipset,X870E,
3886,581,m2_slots,5,EA
3887,581,max_ram_capacity_gb,192,GB
3888,582,cpu_socket,AM5,
3889,582,ram_type,DDR5,
3890,582,ram_socket,4,EA
3891,582,form_factor,M-ATX,
3892,582,chipset,B850,
3893,582,m2_slots,4,EA
3894,582,max_ram_capacity_gb,256,GB
3895,583,cpu_socket,AM5,
3896,583,ram_type,DDR5,
3897,583,ram_socket,4,EA
3898,583,form_factor,ATX,
3899,583,chipset,B850,
3900,583,m2_slots,4,EA
3901,583,max_ram_capacity_gb,256,GB
3902,584,cpu_socket,AM5,
3903,584,ram_type,DDR5,
3904,584,ram_socket,2,EA
3905,584,form_factor,M-ITX,
3906,584,chipset,X870,
3907,584,m2_slots,2,EA
3908,584,max_ram_capacity_gb,128,GB
3909,585,cpu_socket,AM5,
3910,585,ram_type,DDR5,
3911,585,ram_socket,2,EA
3912,585,form_factor,M-ATX,
3913,585,chipset,A620,
3914,585,m2_slots,1,EA
3915,585,max_ram_capacity_gb,96,GB
3916,586,cpu_socket,AM5,
3917,586,ram_type,DDR5,
3918,586,ram_socket,4,EA
3919,586,form_factor,ATX,
3920,586,chipset,X870,
3921,586,m2_slots,4,EA
3922,586,max_ram_capacity_gb,192,GB
3923,587,cpu_socket,AM5,
3924,587,ram_type,DDR5,
3925,587,ram_socket,4,EA
3926,587,form_factor,ATX,
3927,587,chipset,X870,
3928,587,m2_slots,4,EA
3929,587,max_ram_capacity_gb,192,GB
3930,588,cpu_socket,AM5,
3931,588,ram_type,DDR5,
3932,588,ram_socket,4,EA
3933,588,form_factor,M-ATX,
3934,588,chipset,B840,
3935,588,m2_slots,3,EA
3936,588,max_ram_capacity_gb,192,GB
3937,589,cpu_socket,AM5,
3938,589,ram_type,DDR5,
3939,589,ram_socket,4,EA
3940,589,form_factor,ATX,
3941,589,chipset,B650E,
3942,589,m2_slots,3,EA
3943,589,max_ram_capacity_gb,128,GB
3944,590,cpu_socket,AM5,
3945,590,ram_type,DDR5,
3946,590,ram_socket,2,EA
3947,590,form_factor,M-ITX,
3948,590,chipset,B850,
3949,590,m2_slots,2,EA
3950,590,max_ram_capacity_gb,96,GB
3951,591,cpu_socket,AM5,
3952,591,ram_type,DDR5,
3953,591,ram_socket,4,EA
3954,591,form_factor,ATX,
3955,591,chipset,X870,
3956,591,m2_slots,4,EA
3957,591,max_ram_capacity_gb,192,GB
3958,592,cpu_socket,AM5,
3959,592,ram_type,DDR5,
3960,592,ram_socket,4,EA
3961,592,form_factor,ATX,
3962,592,chipset,X670E,
3963,592,m2_slots,4,EA
3964,592,max_ram_capacity_gb,128,GB
3965,593,cpu_socket,AM5,
3966,593,ram_type,DDR5,
3967,593,ram_socket,4,EA
3968,593,form_factor,M-ATX,
3969,593,chipset,B840,
3970,593,m2_slots,3,EA
3971,593,max_ram_capacity_gb,192,GB
3972,594,cpu_socket,AM5,
3973,594,ram_type,DDR5,
3974,594,ram_socket,4,EA
3975,594,form_factor,M-ATX,
3976,594,chipset,B650,
3977,594,m2_slots,3,EA
3978,594,max_ram_capacity_gb,256,GB
3979,595,cpu_socket,AM5,
3980,595,ram_type,DDR5,
3981,595,ram_socket,2,EA
3982,595,form_factor,M-ATX,
3983,595,chipset,A620A,
3984,595,m2_slots,1,EA
3985,595,max_ram_capacity_gb,128,GB
3986,596,cpu_socket,AM5,
3987,596,ram_type,DDR5,
3988,596,ram_socket,4,EA
3989,596,form_factor,ATX,
3990,596,chipset,B650,
3991,596,m2_slots,3,EA
3992,596,max_ram_capacity_gb,128,GB
3993,597,cpu_socket,AM5,
3994,597,ram_type,DDR5,
3995,597,ram_socket,4,EA
3996,597,form_factor,M-ATX,
3997,597,chipset,B850,
3998,597,m2_slots,3,EA
3999,597,max_ram_capacity_gb,192,GB
4000,598,cpu_socket,AM5,
4001,598,ram_type,DDR5,
4002,598,ram_socket,4,EA
4003,598,form_factor,M-ATX,
4004,598,chipset,B850,
4005,598,m2_slots,3,EA
4006,598,max_ram_capacity_gb,256,GB
4007,599,cpu_socket,AM5,
4008,599,ram_type,DDR5,
4009,599,ram_socket,4,EA
4010,599,form_factor,M-ATX,
4011,599,chipset,B650,
4012,599,m2_slots,3,EA
4013,599,max_ram_capacity_gb,256,GB
4014,600,cpu_socket,AM5,
4015,600,ram_type,DDR5,
4016,600,ram_socket,4,EA
4017,600,form_factor,M-ATX,
4018,600,chipset,A620,
4019,600,m2_slots,2,EA
4020,600,max_ram_capacity_gb,128,GB
4021,601,cpu_socket,AM5,
4022,601,ram_type,DDR5,
4023,601,ram_socket,4,EA
4024,601,form_factor,M-ATX,
4025,601,chipset,B840,
4026,601,m2_slots,3,EA
4027,601,max_ram_capacity_gb,192,GB
4028,602,cpu_socket,AM5,
4029,602,ram_type,DDR5,
4030,602,ram_socket,4,EA
4031,602,form_factor,ATX,
4032,602,chipset,B850,
4033,602,m2_slots,4,EA
4034,602,max_ram_capacity_gb,256,GB
4035,603,cpu_socket,AM5,
4036,603,ram_type,DDR5,
4037,603,ram_socket,4,EA
4038,603,form_factor,M-ATX,
4039,603,chipset,B850,
4040,603,m2_slots,3,EA
4041,603,max_ram_capacity_gb,256,GB
4042,604,cpu_socket,AM5,
4043,604,ram_type,DDR5,
4044,604,ram_socket,4,EA
4045,604,form_factor,ATX,
4046,604,chipset,X870E,
4047,604,m2_slots,5,EA
4048,604,max_ram_capacity_gb,192,GB
4049,605,cpu_socket,AM5,
4050,605,ram_type,DDR5,
4051,605,ram_socket,4,EA
4052,605,form_factor,M-ATX,
4053,605,chipset,A620A,
4054,605,m2_slots,2,EA
4055,605,max_ram_capacity_gb,256,GB
4056,606,cpu_socket,AM5,
4057,606,ram_type,DDR5,
4058,606,ram_socket,4,EA
4059,606,form_factor,ATX,
4060,606,chipset,X870,
4061,606,m2_slots,4,EA
4062,606,max_ram_capacity_gb,192,GB
4063,607,cpu_socket,AM5,
4064,607,ram_type,DDR5,
4065,607,ram_socket,4,EA
4066,607,form_factor,ATX,
4067,607,chipset,B650,
4068,607,m2_slots,3,EA
4069,607,max_ram_capacity_gb,128,GB
4070,608,cpu_socket,AM5,
4071,608,ram_type,DDR5,
4072,608,ram_socket,4,EA
4073,608,form_factor,ATX,
4074,608,chipset,X870,
4075,608,m2_slots,4,EA
4076,608,max_ram_capacity_gb,192,GB
4077,609,cpu_socket,AM5,
4078,609,ram_type,DDR5,
4079,609,ram_socket,4,EA
4080,609,form_factor,ATX,
4081,609,chipset,B850,
4082,609,m2_slots,4,EA
4083,609,max_ram_capacity_gb,192,GB
4084,610,cpu_socket,AM5,
4085,610,ram_type,DDR5,
4086,610,ram_socket,4,EA
4087,610,form_factor,ATX,
4088,610,chipset,X670E,
4089,610,m2_slots,4,EA
4090,610,max_ram_capacity_gb,128,GB
4091,611,cpu_socket,AM5,
4092,611,ram_type,DDR5,
4093,611,ram_socket,4,EA
4094,611,form_factor,M-ATX,
4095,611,chipset,B650,
4096,611,m2_slots,2,EA
4097,611,max_ram_capacity_gb,192,GB
4098,612,cpu_socket,AM5,
4099,612,ram_type,DDR5,
4100,612,ram_socket,4,EA
4101,612,form_factor,M-ATX,
4102,612,chipset,B650,
4103,612,m2_slots,2,EA
4104,612,max_ram_capacity_gb,128,GB
4105,613,cpu_socket,AM5,
4106,613,ram_type,DDR5,
4107,613,ram_socket,4,EA
4108,613,form_factor,ATX,
4109,613,chipset,X870,
4110,613,m2_slots,4,EA
4111,613,max_ram_capacity_gb,192,GB
4112,614,cpu_socket,AM5,
4113,614,ram_type,DDR5,
4114,614,ram_socket,4,EA
4115,614,form_factor,M-ATX,
4116,614,chipset,B650,
4117,614,m2_slots,2,EA
4118,614,max_ram_capacity_gb,192,GB
4119,615,cpu_socket,AM5,
4120,615,ram_type,DDR5,
4121,615,ram_socket,4,EA
4122,615,form_factor,ATX,
4123,615,chipset,X870,
4124,615,m2_slots,4,EA
4125,615,max_ram_capacity_gb,192,GB
4126,616,cpu_socket,AM5,
4127,616,ram_type,DDR5,
4128,616,ram_socket,4,EA
4129,616,form_factor,ATX,
4130,616,chipset,X870,
4131,616,m2_slots,4,EA
4132,616,max_ram_capacity_gb,192,GB
4133,617,cpu_socket,AM5,
4134,617,ram_type,DDR5,
4135,617,ram_socket,4,EA
4136,617,form_factor,ATX,
4137,617,chipset,B840,
4138,617,m2_slots,3,EA
4139,617,max_ram_capacity_gb,192,GB
4140,618,cpu_socket,AM5,
4141,618,ram_type,DDR5,
4142,618,ram_socket,4,EA
4143,618,form_factor,ATX,
4144,618,chipset,B650,
4145,618,m2_slots,3,EA
4146,618,max_ram_capacity_gb,128,GB
4147,619,cpu_socket,AM5,
4148,619,ram_type,DDR5,
4149,619,ram_socket,4,EA
4150,619,form_factor,ATX,
4151,619,chipset,X670E,
4152,619,m2_slots,4,EA
4153,619,max_ram_capacity_gb,128,GB
4154,620,cpu_socket,AM5,
4155,620,ram_type,DDR5,
4156,620,ram_socket,4,EA
4157,620,form_factor,ATX,
4158,620,chipset,X870E,
4159,620,m2_slots,4,EA
4160,620,max_ram_capacity_gb,256,GB
4161,621,cpu_socket,AM5,
4162,621,ram_type,DDR5,
4163,621,ram_socket,4,EA
4164,621,form_factor,ATX,
4165,621,chipset,X870,
4166,621,m2_slots,4,EA
4167,621,max_ram_capacity_gb,192,GB
4168,622,cpu_socket,AM5,
4169,622,ram_type,DDR5,
4170,622,ram_socket,4,EA
4171,622,form_factor,M-ATX,
4172,622,chipset,A620,
4173,622,m2_slots,2,EA
4174,622,max_ram_capacity_gb,128,GB
4175,623,cpu_socket,AM5,
4176,623,ram_type,DDR5,
4177,623,ram_socket,4,EA
4178,623,form_factor,ATX,
4179,623,chipset,B650,
4180,623,m2_slots,2,EA
4181,623,max_ram_capacity_gb,128,GB
4182,624,cpu_socket,AM5,
4183,624,ram_type,DDR5,
4184,624,ram_socket,4,EA
4185,624,form_factor,M-ATX,
4186,624,chipset,B850,
4187,624,m2_slots,3,EA
4188,624,max_ram_capacity_gb,192,GB
4189,625,cpu_socket,AM5,
4190,625,ram_type,DDR5,
4191,625,ram_socket,4,EA
4192,625,form_factor,M-ATX,
4193,625,chipset,A620,
4194,625,m2_slots,2,EA
4195,625,max_ram_capacity_gb,128,GB
4196,626,cpu_socket,AM5,
4197,626,ram_type,DDR5,
4198,626,ram_socket,4,EA
4199,626,form_factor,M-ATX,
4200,626,chipset,B850,
4201,626,m2_slots,3,EA
4202,626,max_ram_capacity_gb,192,GB
4203,627,cpu_socket,AM5,
4204,627,ram_type,DDR5,
4205,627,ram_socket,4,EA
4206,627,form_factor,M-ATX,
4207,627,chipset,B850,
4208,627,m2_slots,3,EA
4209,627,max_ram_capacity_gb,256,GB
4210,628,cpu_socket,AM5,
4211,628,ram_type,DDR5,
4212,628,ram_socket,4,EA
4213,628,form_factor,ATX,
4214,628,chipset,B850,
4215,628,m2_slots,4,EA
4216,628,max_ram_capacity_gb,192,GB
4217,629,cpu_socket,AM5,
4218,629,ram_type,DDR5,
4219,629,ram_socket,4,EA
4220,629,form_factor,ATX,
4221,629,chipset,B850,
4222,629,m2_slots,4,EA
4223,629,max_ram_capacity_gb,192,GB
4224,630,cpu_socket,AM5,
4225,630,ram_type,DDR5,
4226,630,ram_socket,4,EA
4227,630,form_factor,M-ATX,
4228,630,chipset,B650,
4229,630,m2_slots,2,EA
4230,630,max_ram_capacity_gb,128,GB
4231,631,cpu_socket,AM5,
4232,631,ram_type,DDR5,
4233,631,ram_socket,4,EA
4234,631,form_factor,ATX,
4235,631,chipset,B650,
4236,631,m2_slots,3,EA
4237,631,max_ram_capacity_gb,128,GB
4238,632,cpu_socket,AM5,
4239,632,ram_type,DDR5,
4240,632,ram_socket,4,EA
4241,632,form_factor,M-ATX,
4242,632,chipset,B650,
4243,632,m2_slots,2,EA
4244,632,max_ram_capacity_gb,128,GB
4245,633,cpu_socket,AM5,
4246,633,ram_type,DDR5,
4247,633,ram_socket,4,EA
4248,633,form_factor,M-ATX,
4249,633,chipset,A620,
4250,633,m2_slots,2,EA
4251,633,max_ram_capacity_gb,128,GB
4252,634,cpu_socket,AM5,
4253,634,ram_type,DDR5,
4254,634,ram_socket,4,EA
4255,634,form_factor,M-ATX,
4256,634,chipset,A620,
4257,634,m2_slots,2,EA
4258,634,max_ram_capacity_gb,128,GB
4259,635,cpu_socket,AM5,
4260,635,ram_type,DDR5,
4261,635,ram_socket,4,EA
4262,635,form_factor,ATX,
4263,635,chipset,B850,
4264,635,m2_slots,4,EA
4265,635,max_ram_capacity_gb,192,GB
4266,636,cpu_socket,AM5,
4267,636,ram_type,DDR5,
4268,636,ram_socket,4,EA
4269,636,form_factor,M-ATX,
4270,636,chipset,A620,
4271,636,m2_slots,2,EA
4272,636,max_ram_capacity_gb,128,GB
4273,637,cpu_socket,AM5,
4274,637,ram_type,DDR5,
4275,637,ram_socket,4,EA
4276,637,form_factor,ATX,
4277,637,chipset,X870E,
4278,637,m2_slots,5,EA
4279,637,max_ram_capacity_gb,256,GB
4280,638,cpu_socket,AM5,
4281,638,ram_type,DDR5,
4282,638,ram_socket,4,EA
4283,638,form_factor,M-ATX,
4284,638,chipset,B650,
4285,638,m2_slots,3,EA
4286,638,max_ram_capacity_gb,256,GB
4287,639,cpu_socket,AM5,
4288,639,ram_type,DDR5,
4289,639,ram_socket,4,EA
4290,639,form_factor,ATX,
4291,639,chipset,B850,
4292,639,m2_slots,3,EA
4293,639,max_ram_capacity_gb,256,GB
4294,640,cpu_socket,AM5,
4295,640,ram_type,DDR5,
4296,640,ram_socket,4,EA
4297,640,form_factor,ATX,
4298,640,chipset,X870E,
4299,640,m2_slots,5,EA
4300,640,max_ram_capacity_gb,256,GB
4301,641,cpu_socket,AM5,
4302,641,ram_type,DDR5,
4303,641,ram_socket,4,EA
4304,641,form_factor,ATX,
4305,641,chipset,B850,
4306,641,m2_slots,4,EA
4307,641,max_ram_capacity_gb,256,GB
4308,642,cpu_socket,AM5,
4309,642,ram_type,DDR5,
4310,642,ram_socket,4,EA
4311,642,form_factor,ATX,
4312,642,chipset,B850,
4313,642,m2_slots,4,EA
4314,642,max_ram_capacity_gb,256,GB
4315,643,cpu_socket,AM5,
4316,643,ram_type,DDR5,
4317,643,ram_socket,4,EA
4318,643,form_factor,ATX,
4319,643,chipset,B850,
4320,643,m2_slots,4,EA
4321,643,max_ram_capacity_gb,256,GB
4322,644,cpu_socket,AM5,
4323,644,ram_type,DDR5,
4324,644,ram_socket,4,EA
4325,644,form_factor,ATX,
4326,644,chipset,B850,
4327,644,m2_slots,3,EA
4328,644,max_ram_capacity_gb,256,GB
4329,645,cpu_socket,AM5,
4330,645,ram_type,DDR5,
4331,645,ram_socket,4,EA
4332,645,form_factor,ATX,
4333,645,chipset,X870E,
4334,645,m2_slots,4,EA
4335,645,max_ram_capacity_gb,256,GB
4336,646,cpu_socket,LGA1200,
4337,646,ram_type,DDR4,
4338,646,ram_socket,2,EA
4339,646,form_factor,M-ATX,
4340,646,chipset,H470,
4341,646,m2_slots,1,EA
4342,646,max_ram_capacity_gb,64,GB
4343,647,cpu_socket,LGA1200,
4344,647,ram_type,DDR4,
4345,647,ram_socket,2,EA
4346,647,form_factor,M-ITX,
4347,647,chipset,C252,
4348,647,m2_slots,1,EA
4349,647,max_ram_capacity_gb,64,GB
4350,648,cpu_socket,LGA1200,
4351,648,ram_type,DDR4,
4352,648,ram_socket,4,EA
4353,648,form_factor,ATX,
4354,648,chipset,Z590,
4355,648,m2_slots,3,EA
4356,648,max_ram_capacity_gb,128,GB
4357,649,cpu_socket,LGA1200,
4358,649,ram_type,DDR4,
4359,649,ram_socket,2,EA
4360,649,form_factor,M-ATX,
4361,649,chipset,H510,
4362,649,m2_slots,1,EA
4363,649,max_ram_capacity_gb,64,GB
4364,650,cpu_socket,LGA1200,
4365,650,ram_type,DDR4,
4366,650,ram_socket,4,EA
4367,650,form_factor,ATX,
4368,650,chipset,Z590,
4369,650,m2_slots,4,EA
4370,650,max_ram_capacity_gb,64,GB
4371,651,cpu_socket,LGA1200,
4372,651,ram_type,DDR4,
4373,651,ram_socket,2,EA
4374,651,form_factor,M-ATX,
4375,651,chipset,H410,
4376,651,m2_slots,1,EA
4377,651,max_ram_capacity_gb,64,GB
4378,652,cpu_socket,LGA1200,
4379,652,ram_type,DDR4,
4380,652,ram_socket,4,EA
4381,652,form_factor,M-ATX,
4382,652,chipset,B560,
4383,652,m2_slots,2,EA
4384,652,max_ram_capacity_gb,128,GB
4385,653,cpu_socket,LGA1200,
4386,653,ram_type,DDR4,
4387,653,ram_socket,4,EA
4388,653,form_factor,ATX,
4389,653,chipset,Z490,
4390,653,m2_slots,2,EA
4391,653,max_ram_capacity_gb,128,GB
4392,654,cpu_socket,LGA1200,
4393,654,ram_type,DDR4,
4394,654,ram_socket,2,EA
4395,654,form_factor,M-ATX,
4396,654,chipset,H470,
4397,654,m2_slots,1,EA
4398,654,max_ram_capacity_gb,64,GB
4399,655,cpu_socket,LGA1200,
4400,655,ram_type,DDR4,
4401,655,ram_socket,4,EA
4402,655,form_factor,ATX,
4403,655,chipset,B560,
4404,655,m2_slots,2,EA
4405,655,max_ram_capacity_gb,128,GB
4406,656,cpu_socket,LGA1200,
4407,656,ram_type,DDR4,
4408,656,ram_socket,4,EA
4409,656,form_factor,ATX,
4410,656,chipset,Z590,
4411,656,m2_slots,4,EA
4412,656,max_ram_capacity_gb,128,GB
4413,657,cpu_socket,LGA1200,
4414,657,ram_type,DDR4,
4415,657,ram_socket,4,EA
4416,657,form_factor,M-ATX,
4417,657,chipset,B560,
4418,657,m2_slots,2,EA
4419,657,max_ram_capacity_gb,128,GB
4420,658,cpu_socket,LGA1700,
4421,658,ram_type,DDR4,
4422,658,ram_socket,2,EA
4423,658,form_factor,M-ATX,
4424,658,chipset,H610,
4425,658,m2_slots,1,EA
4426,658,max_ram_capacity_gb,64,GB
4427,659,cpu_socket,LGA1700,
4428,659,ram_type,DDR4,
4429,659,ram_socket,4,EA
4430,659,form_factor,M-ATX,
4431,659,chipset,B760,
4432,659,m2_slots,2,EA
4433,659,max_ram_capacity_gb,128,GB
4434,660,cpu_socket,LGA1700,
4435,660,ram_type,DDR4,
4436,660,ram_socket,2,EA
4437,660,form_factor,M-ATX,
4438,660,chipset,H610,
4439,660,m2_slots,1,EA
4440,660,max_ram_capacity_gb,64,GB
4441,661,cpu_socket,LGA1700,
4442,661,ram_type,DDR5,
4443,661,ram_socket,4,EA
4444,661,form_factor,ATX,
4445,661,chipset,Z790,
4446,661,m2_slots,3,EA
4447,661,max_ram_capacity_gb,128,GB
4448,662,cpu_socket,LGA1700,
4449,662,ram_type,DDR5,
4450,662,ram_socket,4,EA
4451,662,form_factor,M-ATX,
4452,662,chipset,B760,
4453,662,m2_slots,2,EA
4454,662,max_ram_capacity_gb,192,GB
4455,663,cpu_socket,LGA1700,
4456,663,ram_type,DDR5,
4457,663,ram_socket,4,EA
4458,663,form_factor,M-ATX,
4459,663,chipset,B760,
4460,663,m2_slots,2,EA
4461,663,max_ram_capacity_gb,128,GB
4462,664,cpu_socket,LGA1700,
4463,664,ram_type,DDR5,
4464,664,ram_socket,4,EA
4465,664,form_factor,ATX,
4466,664,chipset,Z790,
4467,664,m2_slots,3,EA
4468,664,max_ram_capacity_gb,128,GB
4469,665,cpu_socket,LGA1700,
4470,665,ram_type,DDR4,
4471,665,ram_socket,2,EA
4472,665,form_factor,M-ITX,
4473,665,chipset,H610,
4474,665,m2_slots,1,EA
4475,665,max_ram_capacity_gb,64,GB
4476,666,cpu_socket,LGA1700,
4477,666,ram_type,DDR4,
4478,666,ram_socket,2,EA
4479,666,form_factor,M-ATX,
4480,666,chipset,H610,
4481,666,m2_slots,2,EA
4482,666,max_ram_capacity_gb,64,GB
4483,667,cpu_socket,LGA1700,
4484,667,ram_type,DDR5,
4485,667,ram_socket,4,EA
4486,667,form_factor,M-ATX,
4487,667,chipset,B760,
4488,667,m2_slots,3,EA
4489,667,max_ram_capacity_gb,192,GB
4490,668,cpu_socket,LGA1700,
4491,668,ram_type,DDR5,
4492,668,ram_socket,4,EA
4493,668,form_factor,ATX,
4494,668,chipset,B760,
4495,668,m2_slots,3,EA
4496,668,max_ram_capacity_gb,128,GB
4497,669,cpu_socket,LGA1700,
4498,669,ram_type,DDR5,
4499,669,ram_socket,4,EA
4500,669,form_factor,M-ATX,
4501,669,chipset,B760,
4502,669,m2_slots,2,EA
4503,669,max_ram_capacity_gb,192,GB
4504,670,cpu_socket,LGA1700,
4505,670,ram_type,DDR4,
4506,670,ram_socket,2,EA
4507,670,form_factor,M-ATX,
4508,670,chipset,B760,
4509,670,m2_slots,2,EA
4510,670,max_ram_capacity_gb,64,GB
4511,671,cpu_socket,LGA1700,
4512,671,ram_type,DDR5,
4513,671,ram_socket,2,EA
4514,671,form_factor,ATX,
4515,671,chipset,Z790,
4516,671,m2_slots,5,EA
4517,671,max_ram_capacity_gb,96,GB
4518,672,cpu_socket,LGA1700,
4519,672,ram_type,DDR5,
4520,672,ram_socket,4,EA
4521,672,form_factor,ATX,
4522,672,chipset,B760,
4523,672,m2_slots,3,EA
4524,672,max_ram_capacity_gb,128,GB
4525,673,cpu_socket,LGA1700,
4526,673,ram_type,DDR4,
4527,673,ram_socket,2,EA
4528,673,form_factor,M-ATX,
4529,673,chipset,B760,
4530,673,m2_slots,2,EA
4531,673,max_ram_capacity_gb,64,GB
4532,674,cpu_socket,LGA1700,
4533,674,ram_type,DDR5,
4534,674,ram_socket,2,EA
4535,674,form_factor,M-ITX,
4536,674,chipset,B760,
4537,674,m2_slots,2,EA
4538,674,max_ram_capacity_gb,64,GB
4539,675,cpu_socket,LGA1700,
4540,675,ram_type,DDR5,
4541,675,ram_socket,4,EA
4542,675,form_factor,ATX,
4543,675,chipset,Z790,
4544,675,m2_slots,3,EA
4545,675,max_ram_capacity_gb,128,GB
4546,676,cpu_socket,LGA1700,
4547,676,ram_type,DDR5,
4548,676,ram_socket,4,EA
4549,676,form_factor,ATX,
4550,676,chipset,W680,
4551,676,m2_slots,3,EA
4552,676,max_ram_capacity_gb,128,GB
4553,677,cpu_socket,LGA1700,
4554,677,ram_type,DDR4,
4555,677,ram_socket,4,EA
4556,677,form_factor,M-ATX,
4557,677,chipset,B660,
4558,677,m2_slots,2,EA
4559,677,max_ram_capacity_gb,128,GB
4560,678,cpu_socket,LGA1700,
4561,678,ram_type,DDR5,
4562,678,ram_socket,2,EA
4563,678,form_factor,M-ATX,
4564,678,chipset,H610,
4565,678,m2_slots,1,EA
4566,678,max_ram_capacity_gb,96,GB
4567,679,cpu_socket,LGA1700,
4568,679,ram_type,DDR5,
4569,679,ram_socket,2,EA
4570,679,form_factor,M-ITX,
4571,679,chipset,H610,
4572,679,m2_slots,1,EA
4573,679,max_ram_capacity_gb,96,GB
4574,680,cpu_socket,LGA1700,
4575,680,ram_type,DDR4,
4576,680,ram_socket,2,EA
4577,680,form_factor,M-ATX,
4578,680,chipset,B760,
4579,680,m2_slots,2,EA
4580,680,max_ram_capacity_gb,64,GB
4581,681,cpu_socket,LGA1700,
4582,681,ram_type,DDR5,
4583,681,ram_socket,2,EA
4584,681,form_factor,M-ATX,
4585,681,chipset,B760,
4586,681,m2_slots,2,EA
4587,681,max_ram_capacity_gb,96,GB
4588,682,cpu_socket,LGA1700,
4589,682,ram_type,DDR5,
4590,682,ram_socket,4,EA
4591,682,form_factor,M-ATX,
4592,682,chipset,Z790,
4593,682,m2_slots,3,EA
4594,682,max_ram_capacity_gb,128,GB
4595,683,cpu_socket,LGA1700,
4596,683,ram_type,DDR5,
4597,683,ram_socket,4,EA
4598,683,form_factor,M-ATX,
4599,683,chipset,B760,
4600,683,m2_slots,2,EA
4601,683,max_ram_capacity_gb,128,GB
4602,684,cpu_socket,LGA1700,
4603,684,ram_type,DDR5,
4604,684,ram_socket,4,EA
4605,684,form_factor,M-ATX,
4606,684,chipset,B760,
4607,684,m2_slots,2,EA
4608,684,max_ram_capacity_gb,128,GB
4609,685,cpu_socket,LGA1700,
4610,685,ram_type,DDR5,
4611,685,ram_socket,4,EA
4612,685,form_factor,ATX,
4613,685,chipset,W680,
4614,685,m2_slots,3,EA
4615,685,max_ram_capacity_gb,128,GB
4616,686,cpu_socket,LGA1700,
4617,686,ram_type,DDR5,
4618,686,ram_socket,4,EA
4619,686,form_factor,M-ATX,
4620,686,chipset,B760,
4621,686,m2_slots,2,EA
4622,686,max_ram_capacity_gb,128,GB
4623,687,cpu_socket,LGA1700,
4624,687,ram_type,DDR5,
4625,687,ram_socket,2,EA
4626,687,form_factor,M-ATX,
4627,687,chipset,H610,
4628,687,m2_slots,2,EA
4629,687,max_ram_capacity_gb,96,GB
4630,688,cpu_socket,LGA1700,
4631,688,ram_type,DDR5,
4632,688,ram_socket,2,EA
4633,688,form_factor,M-ATX,
4634,688,chipset,B760,
4635,688,m2_slots,2,EA
4636,688,max_ram_capacity_gb,96,GB
4637,689,cpu_socket,LGA1700,
4638,689,ram_type,DDR5,
4639,689,ram_socket,2,EA
4640,689,form_factor,M-ATX,
4641,689,chipset,H610,
4642,689,m2_slots,1,EA
4643,689,max_ram_capacity_gb,96,GB
4644,690,cpu_socket,LGA1700,
4645,690,ram_type,DDR5,
4646,690,ram_socket,4,EA
4647,690,form_factor,ATX,
4648,690,chipset,C266,
4649,690,m2_slots,2,EA
4650,690,max_ram_capacity_gb,128,GB
4651,691,cpu_socket,LGA1700,
4652,691,ram_type,DDR5,
4653,691,ram_socket,4,EA
4654,691,form_factor,M-ATX,
4655,691,chipset,C262,
4656,691,m2_slots,1,EA
4657,691,max_ram_capacity_gb,128,GB
4658,692,cpu_socket,LGA1700,
4659,692,ram_type,DDR5,
4660,692,ram_socket,4,EA
4661,692,form_factor,E-ATX,
4662,692,chipset,Z690,
4663,692,m2_slots,5,EA
4664,692,max_ram_capacity_gb,128,GB
4665,693,cpu_socket,LGA1700,
4666,693,ram_type,DDR5,
4667,693,ram_socket,4,EA
4668,693,form_factor,M-ATX,
4669,693,chipset,B760,
4670,693,m2_slots,2,EA
4671,693,max_ram_capacity_gb,192,GB
4672,694,cpu_socket,LGA1700,
4673,694,ram_type,DDR5,
4674,694,ram_socket,2,EA
4675,694,form_factor,M-ATX,
4676,694,chipset,B760,
4677,694,m2_slots,2,EA
4678,694,max_ram_capacity_gb,64,GB
4679,695,cpu_socket,LGA1700,
4680,695,ram_type,DDR4,
4681,695,ram_socket,2,EA
4682,695,form_factor,M-ATX,
4683,695,chipset,B760,
4684,695,m2_slots,2,EA
4685,695,max_ram_capacity_gb,64,GB
4686,696,cpu_socket,LGA1700,
4687,696,ram_type,DDR5,
4688,696,ram_socket,4,EA
4689,696,form_factor,ATX,
4690,696,chipset,B760,
4691,696,m2_slots,3,EA
4692,696,max_ram_capacity_gb,128,GB
4693,697,cpu_socket,LGA1700,
4694,697,ram_type,DDR5,
4695,697,ram_socket,2,EA
4696,697,form_factor,M-ATX,
4697,697,chipset,H610,
4698,697,m2_slots,2,EA
4699,697,max_ram_capacity_gb,96,GB
4700,698,cpu_socket,LGA1700,
4701,698,ram_type,DDR5,
4702,698,ram_socket,2,EA
4703,698,form_factor,M-ITX,
4704,698,chipset,B760,
4705,698,m2_slots,2,EA
4706,698,max_ram_capacity_gb,64,GB
4707,699,cpu_socket,LGA1700,
4708,699,ram_type,DDR5,
4709,699,ram_socket,2,EA
4710,699,form_factor,M-ATX,
4711,699,chipset,H610,
4712,699,m2_slots,1,EA
4713,699,max_ram_capacity_gb,96,GB
4714,700,cpu_socket,LGA1700,
4715,700,ram_type,DDR5,
4716,700,ram_socket,4,EA
4717,700,form_factor,ATX,
4718,700,chipset,B760,
4719,700,m2_slots,3,EA
4720,700,max_ram_capacity_gb,128,GB
4721,701,cpu_socket,LGA1700,
4722,701,ram_type,DDR5,
4723,701,ram_socket,4,EA
4724,701,form_factor,ATX,
4725,701,chipset,Z790,
4726,701,m2_slots,3,EA
4727,701,max_ram_capacity_gb,128,GB
4728,702,cpu_socket,LGA1700,
4729,702,ram_type,DDR5,
4730,702,ram_socket,4,EA
4731,702,form_factor,M-ATX,
4732,702,chipset,B760,
4733,702,m2_slots,2,EA
4734,702,max_ram_capacity_gb,192,GB
4735,703,cpu_socket,LGA1700,
4736,703,ram_type,DDR5,
4737,703,ram_socket,2,EA
4738,703,form_factor,M-ATX,
4739,703,chipset,H610,
4740,703,m2_slots,1,EA
4741,703,max_ram_capacity_gb,96,GB
4742,704,cpu_socket,LGA1700,
4743,704,ram_type,DDR5,
4744,704,ram_socket,4,EA
4745,704,form_factor,ATX,
4746,704,chipset,B760,
4747,704,m2_slots,3,EA
4748,704,max_ram_capacity_gb,128,GB
4749,705,cpu_socket,LGA1700,
4750,705,ram_type,DDR5,
4751,705,ram_socket,4,EA
4752,705,form_factor,M-ATX,
4753,705,chipset,B760,
4754,705,m2_slots,2,EA
4755,705,max_ram_capacity_gb,192,GB
4756,706,cpu_socket,LGA1700,
4757,706,ram_type,DDR4,
4758,706,ram_socket,4,EA
4759,706,form_factor,M-ATX,
4760,706,chipset,B760,
4761,706,m2_slots,2,EA
4762,706,max_ram_capacity_gb,128,GB
4763,707,cpu_socket,LGA1700,
4764,707,ram_type,DDR5,
4765,707,ram_socket,4,EA
4766,707,form_factor,M-ATX,
4767,707,chipset,B760,
4768,707,m2_slots,2,EA
4769,707,max_ram_capacity_gb,256,GB
4770,708,cpu_socket,LGA1700,
4771,708,ram_type,DDR5,
4772,708,ram_socket,4,EA
4773,708,form_factor,E-ATX,
4774,708,chipset,Z690,
4775,708,m2_slots,5,EA
4776,708,max_ram_capacity_gb,128,GB
4777,709,cpu_socket,LGA1700,
4778,709,ram_type,DDR5,
4779,709,ram_socket,2,EA
4780,709,form_factor,M-ITX,
4781,709,chipset,H610,
4782,709,m2_slots,1,EA
4783,709,max_ram_capacity_gb,64,GB
4784,710,cpu_socket,LGA1700,
4785,710,ram_type,DDR4,
4786,710,ram_socket,2,EA
4787,710,form_factor,M-ATX,
4788,710,chipset,H610,
4789,710,m2_slots,1,EA
4790,710,max_ram_capacity_gb,64,GB
4791,711,cpu_socket,LGA1700,
4792,711,ram_type,DDR5,
4793,711,ram_socket,4,EA
4794,711,form_factor,ATX,
4795,711,chipset,Z790,
4796,711,m2_slots,3,EA
4797,711,max_ram_capacity_gb,128,GB
4798,712,cpu_socket,LGA1700,
4799,712,ram_type,DDR5,
4800,712,ram_socket,4,EA
4801,712,form_factor,ATX,
4802,712,chipset,C266,
4803,712,m2_slots,2,EA
4804,712,max_ram_capacity_gb,128,GB
4805,713,cpu_socket,LGA1700,
4806,713,ram_type,DDR4,
4807,713,ram_socket,2,EA
4808,713,form_factor,M-ATX,
4809,713,chipset,H610,
4810,713,m2_slots,2,EA
4811,713,max_ram_capacity_gb,64,GB
4812,714,cpu_socket,LGA1851,
4813,714,ram_type,DDR5,
4814,714,ram_socket,4,EA
4815,714,form_factor,M-ATX,
4816,714,chipset,B860,
4817,714,m2_slots,4,EA
4818,714,max_ram_capacity_gb,192,GB
4819,715,cpu_socket,LGA1851,
4820,715,ram_type,DDR5,
4821,715,ram_socket,4,EA
4822,715,form_factor,M-ATX,
4823,715,chipset,B860,
4824,715,m2_slots,2,EA
4825,715,max_ram_capacity_gb,192,GB
4826,716,cpu_socket,LGA1851,
4827,716,ram_type,DDR5,
4828,716,ram_socket,4,EA
4829,716,form_factor,ATX,
4830,716,chipset,B860,
4831,716,m2_slots,3,EA
4832,716,max_ram_capacity_gb,256,GB
4833,717,cpu_socket,LGA1851,
4834,717,ram_type,DDR5,
4835,717,ram_socket,2,EA
4836,717,form_factor,M-ATX,
4837,717,chipset,H810,
4838,717,m2_slots,1,EA
4839,717,max_ram_capacity_gb,128,GB
4840,718,cpu_socket,LGA1851,
4841,718,ram_type,DDR5,
4842,718,ram_socket,2,EA
4843,718,form_factor,M-ATX,
4844,718,chipset,B860,
4845,718,m2_slots,2,EA
4846,718,max_ram_capacity_gb,128,GB
4847,719,cpu_socket,LGA1851,
4848,719,ram_type,DDR5,
4849,719,ram_socket,4,EA
4850,719,form_factor,ATX,
4851,719,chipset,Z890,
4852,719,m2_slots,4,EA
4853,719,max_ram_capacity_gb,192,GB
4854,720,cpu_socket,LGA1851,
4855,720,ram_type,DDR5,
4856,720,ram_socket,2,EA
4857,720,form_factor,M-ATX,
4858,720,chipset,H810,
4859,720,m2_slots,1,EA
4860,720,max_ram_capacity_gb,128,GB
4861,721,cpu_socket,LGA1851,
4862,721,ram_type,DDR5,
4863,721,ram_socket,4,EA
4864,721,form_factor,ATX,
4865,721,chipset,Z890,
4866,721,m2_slots,5,EA
4867,721,max_ram_capacity_gb,192,GB
4868,722,cpu_socket,LGA1851,
4869,722,ram_type,DDR5,
4870,722,ram_socket,4,EA
4871,722,form_factor,ATX,
4872,722,chipset,Z890,
4873,722,m2_slots,4,EA
4874,722,max_ram_capacity_gb,192,GB
4875,723,cpu_socket,LGA1851,
4876,723,ram_type,DDR5,
4877,723,ram_socket,4,EA
4878,723,form_factor,M-ATX,
4879,723,chipset,B860,
4880,723,m2_slots,3,EA
4881,723,max_ram_capacity_gb,256,GB
4882,724,cpu_socket,LGA1851,
4883,724,ram_type,DDR5,
4884,724,ram_socket,4,EA
4885,724,form_factor,ATX,
4886,724,chipset,Z890,
4887,724,m2_slots,4,EA
4888,724,max_ram_capacity_gb,256,GB
4889,725,cpu_socket,LGA1851,
4890,725,ram_type,DDR5,
4891,725,ram_socket,4,EA
4892,725,form_factor,ATX,
4893,725,chipset,Z890,
4894,725,m2_slots,5,EA
4895,725,max_ram_capacity_gb,192,GB
4896,726,cpu_socket,LGA1851,
4897,726,ram_type,DDR5,
4898,726,ram_socket,2,EA
4899,726,form_factor,M-ATX,
4900,726,chipset,H810,
4901,726,m2_slots,2,EA
4902,726,max_ram_capacity_gb,128,GB
4903,727,cpu_socket,LGA1851,
4904,727,ram_type,DDR5,
4905,727,ram_socket,4,EA
4906,727,form_factor,ATX,
4907,727,chipset,Z890,
4908,727,m2_slots,6,EA
4909,727,max_ram_capacity_gb,192,GB
4910,728,cpu_socket,LGA1851,
4911,728,ram_type,DDR5,
4912,728,ram_socket,2,EA
4913,728,form_factor,M-ATX,
4914,728,chipset,H810,
4915,728,m2_slots,2,EA
4916,728,max_ram_capacity_gb,128,GB
4917,729,cpu_socket,LGA1851,
4918,729,ram_type,DDR5,
4919,729,ram_socket,2,EA
4920,729,form_factor,M-ITX,
4921,729,chipset,B860,
4922,729,m2_slots,2,EA
4923,729,max_ram_capacity_gb,128,GB
4924,730,cpu_socket,LGA1851,
4925,730,ram_type,DDR5,
4926,730,ram_socket,4,EA
4927,730,form_factor,M-ATX,
4928,730,chipset,B860,
4929,730,m2_slots,3,EA
4930,730,max_ram_capacity_gb,256,GB
4931,731,cpu_socket,LGA1851,
4932,731,ram_type,DDR5,
4933,731,ram_socket,4,EA
4934,731,form_factor,ATX,
4935,731,chipset,Z890,
4936,731,m2_slots,4,EA
4937,731,max_ram_capacity_gb,192,GB
4938,732,cpu_socket,LGA1851,
4939,732,ram_type,DDR5,
4940,732,ram_socket,4,EA
4941,732,form_factor,ATX,
4942,732,chipset,Z890,
4943,732,m2_slots,5,EA
4944,732,max_ram_capacity_gb,192,GB
4945,733,cpu_socket,LGA1851,
4946,733,ram_type,DDR5,
4947,733,ram_socket,4,EA
4948,733,form_factor,ATX,
4949,733,chipset,Z890,
4950,733,m2_slots,6,EA
4951,733,max_ram_capacity_gb,192,GB
4952,734,cpu_socket,LGA1851,
4953,734,ram_type,DDR5,
4954,734,ram_socket,4,EA
4955,734,form_factor,ATX,
4956,734,chipset,B860,
4957,734,m2_slots,2,EA
4958,734,max_ram_capacity_gb,256,GB
4959,735,cpu_socket,LGA1851,
4960,735,ram_type,DDR5,
4961,735,ram_socket,2,EA
4962,735,form_factor,M-ATX,
4963,735,chipset,H810,
4964,735,m2_slots,2,EA
4965,735,max_ram_capacity_gb,128,GB
4966,736,cpu_socket,LGA1851,
4967,736,ram_type,DDR5,
4968,736,ram_socket,2,EA
4969,736,form_factor,M-ITX,
4970,736,chipset,Z890,
4971,736,m2_slots,2,EA
4972,736,max_ram_capacity_gb,96,GB
4973,737,cpu_socket,LGA1851,
4974,737,ram_type,DDR5,
4975,737,ram_socket,4,EA
4976,737,form_factor,ATX,
4977,737,chipset,Z890,
4978,737,m2_slots,4,EA
4979,737,max_ram_capacity_gb,192,GB
4980,738,cpu_socket,LGA1851,
4981,738,ram_type,DDR5,
4982,738,ram_socket,4,EA
4983,738,form_factor,ATX,
4984,738,chipset,Z890,
4985,738,m2_slots,4,EA
4986,738,max_ram_capacity_gb,192,GB
4987,739,cpu_socket,LGA1851,
4988,739,ram_type,DDR5,
4989,739,ram_socket,4,EA
4990,739,form_factor,ATX,
4991,739,chipset,B860,
4992,739,m2_slots,3,EA
4993,739,max_ram_capacity_gb,192,GB
4994,740,cpu_socket,LGA1851,
4995,740,ram_type,DDR5,
4996,740,ram_socket,4,EA
4997,740,form_factor,ATX,
4998,740,chipset,Z890,
4999,740,m2_slots,4,EA
5000,740,max_ram_capacity_gb,192,GB
5001,741,cpu_socket,LGA1851,
5002,741,ram_type,DDR5,
5003,741,ram_socket,4,EA
5004,741,form_factor,ATX,
5005,741,chipset,Z890,
5006,741,m2_slots,4,EA
5007,741,max_ram_capacity_gb,192,GB
5008,742,cpu_socket,LGA1851,
5009,742,ram_type,DDR5,
5010,742,ram_socket,2,EA
5011,742,form_factor,M-ITX,
5012,742,chipset,Z890,
5013,742,m2_slots,2,EA
5014,742,max_ram_capacity_gb,96,GB
5015,743,cpu_socket,LGA1851,
5016,743,ram_type,DDR5,
5017,743,ram_socket,4,EA
5018,743,form_factor,ATX,
5019,743,chipset,B860,
5020,743,m2_slots,4,EA
5021,743,max_ram_capacity_gb,256,GB
5022,744,cpu_socket,LGA1851,
5023,744,ram_type,DDR5,
5024,744,ram_socket,4,EA
5025,744,form_factor,ATX,
5026,744,chipset,Z890,
5027,744,m2_slots,4,EA
5028,744,max_ram_capacity_gb,192,GB
5029,745,cpu_socket,LGA1851,
5030,745,ram_type,DDR5,
5031,745,ram_socket,4,EA
5032,745,form_factor,M-ATX,
5033,745,chipset,Z890,
5034,745,m2_slots,3,EA
5035,745,max_ram_capacity_gb,192,GB
5036,746,cpu_socket,LGA1851,
5037,746,ram_type,DDR5,
5038,746,ram_socket,4,EA
5039,746,form_factor,M-ATX,
5040,746,chipset,Z890,
5041,746,m2_slots,3,EA
5042,746,max_ram_capacity_gb,192,GB
5043,747,cpu_socket,LGA1851,
5044,747,ram_type,DDR5,
5045,747,ram_socket,4,EA
5046,747,form_factor,M-ATX,
5047,747,chipset,B860,
5048,747,m2_slots,2,EA
5049,747,max_ram_capacity_gb,256,GB
5050,748,cpu_socket,LGA1851,
5051,748,ram_type,DDR5,
5052,748,ram_socket,2,EA
5053,748,form_factor,M-ATX,
5054,748,chipset,H810,
5055,748,m2_slots,2,EA
5056,748,max_ram_capacity_gb,128,GB
5057,749,cpu_socket,LGA1851,
5058,749,ram_type,DDR5,
5059,749,ram_socket,2,EA
5060,749,form_factor,M-ATX,
5061,749,chipset,B860,
5062,749,m2_slots,2,EA
5063,749,max_ram_capacity_gb,128,GB
5064,750,cpu_socket,LGA1851,
5065,750,ram_type,DDR5,
5066,750,ram_socket,2,EA
5067,750,form_factor,M-ATX,
5068,750,chipset,H810,
5069,750,m2_slots,2,EA
5070,750,max_ram_capacity_gb,128,GB
5071,751,cpu_socket,LGA1851,
5072,751,ram_type,DDR5,
5073,751,ram_socket,4,EA
5074,751,form_factor,ATX,
5075,751,chipset,Z890,
5076,751,m2_slots,4,EA
5077,751,max_ram_capacity_gb,192,GB
5078,752,cpu_socket,LGA1851,
5079,752,ram_type,DDR5,
5080,752,ram_socket,4,EA
5081,752,form_factor,ATX,
5082,752,chipset,Z890,
5083,752,m2_slots,5,EA
5084,752,max_ram_capacity_gb,192,GB
5085,753,cpu_socket,LGA1851,
5086,753,ram_type,DDR5,
5087,753,ram_socket,4,EA
5088,753,form_factor,M-ATX,
5089,753,chipset,B860,
5090,753,m2_slots,2,EA
5091,753,max_ram_capacity_gb,256,GB
5092,754,cpu_socket,LGA1851,
5093,754,ram_type,DDR5,
5094,754,ram_socket,4,EA
5095,754,form_factor,M-ATX,
5096,754,chipset,B860,
5097,754,m2_slots,2,EA
5098,754,max_ram_capacity_gb,192,GB
5099,755,cpu_socket,LGA1851,
5100,755,ram_type,DDR5,
5101,755,ram_socket,4,EA
5102,755,form_factor,ATX,
5103,755,chipset,Z890,
5104,755,m2_slots,6,EA
5105,755,max_ram_capacity_gb,192,GB
5106,756,cpu_socket,LGA1851,
5107,756,ram_type,DDR5,
5108,756,ram_socket,2,EA
5109,756,form_factor,M-ATX,
5110,756,chipset,H810,
5111,756,m2_slots,2,EA
5112,756,max_ram_capacity_gb,128,GB
5113,757,cpu_socket,LGA1851,
5114,757,ram_type,DDR5,
5115,757,ram_socket,2,EA
5116,757,form_factor,M-ATX,
5117,757,chipset,H810,
5118,757,m2_slots,2,EA
5119,757,max_ram_capacity_gb,128,GB
5120,758,cpu_socket,LGA1851,
5121,758,ram_type,DDR5,
5122,758,ram_socket,4,EA
5123,758,form_factor,M-ATX,
5124,758,chipset,B860,
5125,758,m2_slots,2,EA
5126,758,max_ram_capacity_gb,192,GB
5127,759,cpu_socket,LGA1851,
5128,759,ram_type,DDR5,
5129,759,ram_socket,4,EA
5130,759,form_factor,ATX,
5131,759,chipset,B860,
5132,759,m2_slots,2,EA
5133,759,max_ram_capacity_gb,256,GB
5134,760,cpu_socket,LGA1851,
5135,760,ram_type,DDR5,
5136,760,ram_socket,2,EA
5137,760,form_factor,M-ATX,
5138,760,chipset,H810,
5139,760,m2_slots,2,EA
5140,760,max_ram_capacity_gb,128,GB
5141,761,cpu_socket,LGA1851,
5142,761,ram_type,DDR5,
5143,761,ram_socket,2,EA
5144,761,form_factor,M-ATX,
5145,761,chipset,H810,
5146,761,m2_slots,2,EA
5147,761,max_ram_capacity_gb,128,GB
5148,762,cpu_socket,LGA1851,
5149,762,ram_type,DDR5,
5150,762,ram_socket,4,EA
5151,762,form_factor,ATX,
5152,762,chipset,B860,
5153,762,m2_slots,3,EA
5154,762,max_ram_capacity_gb,192,GB
5155,763,cpu_socket,LGA1851,
5156,763,ram_type,DDR5,
5157,763,ram_socket,4,EA
5158,763,form_factor,ATX,
5159,763,chipset,Z890,
5160,763,m2_slots,4,EA
5161,763,max_ram_capacity_gb,192,GB
5162,764,cpu_socket,LGA1851,
5163,764,ram_type,DDR5,
5164,764,ram_socket,2,EA
5165,764,form_factor,M-ATX,
5166,764,chipset,H810,
5167,764,m2_slots,1,EA
5168,764,max_ram_capacity_gb,128,GB
5169,765,cpu_socket,LGA1851,
5170,765,ram_type,DDR5,
5171,765,ram_socket,4,EA
5172,765,form_factor,ATX,
5173,765,chipset,Z890,
5174,765,m2_slots,4,EA
5175,765,max_ram_capacity_gb,192,GB
5176,766,cpu_socket,LGA1851,
5177,766,ram_type,DDR5,
5178,766,ram_socket,4,EA
5179,766,form_factor,ATX,
5180,766,chipset,Z890,
5181,766,m2_slots,5,EA
5182,766,max_ram_capacity_gb,192,GB
5183,767,cpu_socket,LGA1851,
5184,767,ram_type,DDR5,
5185,767,ram_socket,2,EA
5186,767,form_factor,M-ATX,
5187,767,chipset,H810,
5188,767,m2_slots,2,EA
5189,767,max_ram_capacity_gb,128,GB
5190,768,cpu_socket,LGA1851,
5191,768,ram_type,DDR5,
5192,768,ram_socket,4,EA
5193,768,form_factor,ATX,
5194,768,chipset,Z890,
5195,768,m2_slots,5,EA
5196,768,max_ram_capacity_gb,192,GB
5197,769,cpu_socket,LGA1851,
5198,769,ram_type,DDR5,
5199,769,ram_socket,4,EA
5200,769,form_factor,ATX,
5201,769,chipset,B860,
5202,769,m2_slots,4,EA
5203,769,max_ram_capacity_gb,256,GB
5204,770,cpu_socket,LGA1851,
5205,770,ram_type,DDR5,
5206,770,ram_socket,4,EA
5207,770,form_factor,ATX,
5208,770,chipset,B860,
5209,770,m2_slots,4,EA
5210,770,max_ram_capacity_gb,192,GB
5211,771,cpu_socket,LGA1851,
5212,771,ram_type,DDR5,
5213,771,ram_socket,4,EA
5214,771,form_factor,ATX,
5215,771,chipset,Z890,
5216,771,m2_slots,7,EA
5217,771,max_ram_capacity_gb,192,GB
5218,772,cpu_socket,LGA1851,
5219,772,ram_type,DDR5,
5220,772,ram_socket,4,EA
5221,772,form_factor,ATX,
5222,772,chipset,B860,
5223,772,m2_slots,4,EA
5224,772,max_ram_capacity_gb,192,GB
5225,773,cpu_socket,LGA1851,
5226,773,ram_type,DDR5,
5227,773,ram_socket,4,EA
5228,773,form_factor,ATX,
5229,773,chipset,Z890,
5230,773,m2_slots,7,EA
5231,773,max_ram_capacity_gb,192,GB
5232,774,cpu_socket,LGA1851,
5233,774,ram_type,DDR5,
5234,774,ram_socket,4,EA
5235,774,form_factor,ATX,
5236,774,chipset,Z890,
5237,774,m2_slots,5,EA
5238,774,max_ram_capacity_gb,192,GB
5239,775,cpu_socket,LGA1851,
5240,775,ram_type,DDR5,
5241,775,ram_socket,4,EA
5242,775,form_factor,M-ATX,
5243,775,chipset,B860,
5244,775,m2_slots,2,EA
5245,775,max_ram_capacity_gb,256,GB
5246,776,cpu_socket,LGA1851,
5247,776,ram_type,DDR5,
5248,776,ram_socket,4,EA
5249,776,form_factor,ATX,
5250,776,chipset,B860,
5251,776,m2_slots,4,EA
5252,776,max_ram_capacity_gb,192,GB
5253,777,cpu_socket,LGA1851,
5254,777,ram_type,DDR5,
5255,777,ram_socket,4,EA
5256,777,form_factor,ATX,
5257,777,chipset,B860,
5258,777,m2_slots,3,EA
5259,777,max_ram_capacity_gb,192,GB
5260,778,cpu_socket,LGA1851,
5261,778,ram_type,DDR5,
5262,778,ram_socket,4,EA
5263,778,form_factor,ATX,
5264,778,chipset,B860,
5265,778,m2_slots,3,EA
5266,778,max_ram_capacity_gb,192,GB
5267,779,cpu_socket,LGA1851,
5268,779,ram_type,DDR5,
5269,779,ram_socket,2,EA
5270,779,form_factor,M-ATX,
5271,779,chipset,H810,
5272,779,m2_slots,2,EA
5273,779,max_ram_capacity_gb,128,GB
5274,780,cpu_socket,LGA1851,
5275,780,ram_type,DDR5,
5276,780,ram_socket,2,EA
5277,780,form_factor,M-ITX,
5278,780,chipset,H810,
5279,780,m2_slots,1,EA
5280,780,max_ram_capacity_gb,128,GB
5281,781,cpu_socket,LGA1851,
5282,781,ram_type,DDR5,
5283,781,ram_socket,4,EA
5284,781,form_factor,ATX,
5285,781,chipset,B860,
5286,781,m2_slots,4,EA
5287,781,max_ram_capacity_gb,192,GB
5288,782,cpu_socket,LGA1851,
5289,782,ram_type,DDR5,
5290,782,ram_socket,2,EA
5291,782,form_factor,M-ITX,
5292,782,chipset,B860,
5293,782,m2_slots,2,EA
5294,782,max_ram_capacity_gb,96,GB
5295,783,cpu_socket,LGA1851,
5296,783,ram_type,DDR5,
5297,783,ram_socket,4,EA
5298,783,form_factor,M-ATX,
5299,783,chipset,B860,
5300,783,m2_slots,3,EA
5301,783,max_ram_capacity_gb,256,GB
5302,784,cpu_socket,AM4,
5303,784,ram_type,DDR4,
5304,784,ram_socket,4,EA
5305,784,form_factor,M-ATX,
5306,784,chipset,B550,
5307,784,m2_slots,2,EA
5308,784,max_ram_capacity_gb,128,GB
5309,785,cpu_socket,AM4,
5310,785,ram_type,DDR4,
5311,785,ram_socket,2,EA
5312,785,form_factor,M-ATX,
5313,785,chipset,A520,
5314,785,m2_slots,1,EA
5315,785,max_ram_capacity_gb,64,GB
5316,786,cpu_socket,AM4,
5317,786,ram_type,DDR4,
5318,786,ram_socket,4,EA
5319,786,form_factor,M-ATX,
5320,786,chipset,B550,
5321,786,m2_slots,2,EA
5322,786,max_ram_capacity_gb,128,GB
5323,787,cpu_socket,AM4,
5324,787,ram_type,DDR4,
5325,787,ram_socket,2,EA
5326,787,form_factor,M-ATX,
5327,787,chipset,A520,
5328,787,m2_slots,1,EA
5329,787,max_ram_capacity_gb,64,GB
5330,788,cpu_socket,AM4,
5331,788,ram_type,DDR4,
5332,788,ram_socket,2,EA
5333,788,form_factor,M-ATX,
5334,788,chipset,A320,
5335,788,m2_slots,1,EA
5336,788,max_ram_capacity_gb,32,GB
5337,789,cpu_socket,AM4,
5338,789,ram_type,DDR4,
5339,789,ram_socket,2,EA
5340,789,form_factor,M-ATX,
5341,789,chipset,A320,
5342,789,m2_slots,1,EA
5343,789,max_ram_capacity_gb,32,GB
5344,790,cpu_socket,AM4,
5345,790,ram_type,DDR4,
5346,790,ram_socket,2,EA
5347,790,form_factor,M-ATX,
5348,790,chipset,A520,
5349,790,m2_slots,1,EA
5350,790,max_ram_capacity_gb,64,GB
5351,791,cpu_socket,AM5,
5352,791,ram_type,DDR5,
5353,791,ram_socket,4,EA
5354,791,form_factor,M-ATX,
5355,791,chipset,B850,
5356,791,m2_slots,2,EA
5357,791,max_ram_capacity_gb,256,GB
5358,792,cpu_socket,AM5,
5359,792,ram_type,DDR5,
5360,792,ram_socket,4,EA
5361,792,form_factor,M-ATX,
5362,792,chipset,B850,
5363,792,m2_slots,2,EA
5364,792,max_ram_capacity_gb,256,GB
5365,793,cpu_socket,AM5,
5366,793,ram_type,DDR5,
5367,793,ram_socket,4,EA
5368,793,form_factor,M-ATX,
5369,793,chipset,B650,
5370,793,m2_slots,2,EA
5371,793,max_ram_capacity_gb,192,GB
5372,794,cpu_socket,AM5,
5373,794,ram_type,DDR5,
5374,794,ram_socket,4,EA
5375,794,form_factor,ATX,
5376,794,chipset,B850,
5377,794,m2_slots,4,EA
5378,794,max_ram_capacity_gb,256,GB
5379,795,cpu_socket,AM5,
5380,795,ram_type,DDR5,
5381,795,ram_socket,4,EA
5382,795,form_factor,ATX,
5383,795,chipset,X870E,
5384,795,m2_slots,4,EA
5385,795,max_ram_capacity_gb,256,GB
5386,796,cpu_socket,AM5,
5387,796,ram_type,DDR5,
5388,796,ram_socket,4,EA
5389,796,form_factor,M-ATX,
5390,796,chipset,B850,
5391,796,m2_slots,2,EA
5392,796,max_ram_capacity_gb,256,GB
5393,797,cpu_socket,AM5,
5394,797,ram_type,DDR5,
5395,797,ram_socket,4,EA
5396,797,form_factor,ATX,
5397,797,chipset,B850,
5398,797,m2_slots,4,EA
5399,797,max_ram_capacity_gb,256,GB
5400,798,cpu_socket,AM5,
5401,798,ram_type,DDR5,
5402,798,ram_socket,4,EA
5403,798,form_factor,M-ATX,
5404,798,chipset,B850,
5405,798,m2_slots,2,EA
5406,798,max_ram_capacity_gb,256,GB
5407,799,cpu_socket,AM5,
5408,799,ram_type,DDR5,
5409,799,ram_socket,4,EA
5410,799,form_factor,M-ATX,
5411,799,chipset,B650,
5412,799,m2_slots,2,EA
5413,799,max_ram_capacity_gb,192,GB
5414,800,cpu_socket,AM5,
5415,800,ram_type,DDR5,
5416,800,ram_socket,4,EA
5417,800,form_factor,M-ATX,
5418,800,chipset,B850,
5419,800,m2_slots,2,EA
5420,800,max_ram_capacity_gb,256,GB
5421,801,cpu_socket,AM5,
5422,801,ram_type,DDR5,
5423,801,ram_socket,4,EA
5424,801,form_factor,ATX,
5425,801,chipset,X870E,
5426,801,m2_slots,4,EA
5427,801,max_ram_capacity_gb,256,GB
5428,802,cpu_socket,AM5,
5429,802,ram_type,DDR5,
5430,802,ram_socket,4,EA
5431,802,form_factor,M-ATX,
5432,802,chipset,B850,
5433,802,m2_slots,2,EA
5434,802,max_ram_capacity_gb,256,GB
5435,803,cpu_socket,AM5,
5436,803,ram_type,DDR5,
5437,803,ram_socket,4,EA
5438,803,form_factor,M-ATX,
5439,803,chipset,B850,
5440,803,m2_slots,2,EA
5441,803,max_ram_capacity_gb,256,GB
5442,804,cpu_socket,AM5,
5443,804,ram_type,DDR5,
5444,804,ram_socket,4,EA
5445,804,form_factor,ATX,
5446,804,chipset,B850,
5447,804,m2_slots,3,EA
5448,804,max_ram_capacity_gb,256,GB
5449,805,cpu_socket,AM5,
5450,805,ram_type,DDR5,
5451,805,ram_socket,4,EA
5452,805,form_factor,ATX,
5453,805,chipset,X870,
5454,805,m2_slots,4,EA
5455,805,max_ram_capacity_gb,256,GB
5456,806,cpu_socket,AM5,
5457,806,ram_type,DDR5,
5458,806,ram_socket,2,EA
5459,806,form_factor,M-ATX,
5460,806,chipset,B850,
5461,806,m2_slots,3,EA
5462,806,max_ram_capacity_gb,128,GB
5463,807,cpu_socket,AM5,
5464,807,ram_type,DDR5,
5465,807,ram_socket,4,EA
5466,807,form_factor,ATX,
5467,807,chipset,X870E,
5468,807,m2_slots,4,EA
5469,807,max_ram_capacity_gb,256,GB
5470,808,cpu_socket,AM5,
5471,808,ram_type,DDR5,
5472,808,ram_socket,4,EA
5473,808,form_factor,ATX,
5474,808,chipset,X870E,
5475,808,m2_slots,4,EA
5476,808,max_ram_capacity_gb,256,GB
5477,809,cpu_socket,AM5,
5478,809,ram_type,DDR5,
5479,809,ram_socket,4,EA
5480,809,form_factor,ATX,
5481,809,chipset,X870E,
5482,809,m2_slots,5,EA
5483,809,max_ram_capacity_gb,256,GB
5484,810,cpu_socket,AM5,
5485,810,ram_type,DDR5,
5486,810,ram_socket,4,EA
5487,810,form_factor,M-ATX,
5488,810,chipset,B850,
5489,810,m2_slots,3,EA
5490,810,max_ram_capacity_gb,256,GB
5491,811,cpu_socket,AM5,
5492,811,ram_type,DDR5,
5493,811,ram_socket,2,EA
5494,811,form_factor,M-ATX,
5495,811,chipset,B850,
5496,811,m2_slots,3,EA
5497,811,max_ram_capacity_gb,128,GB
5498,812,cpu_socket,AM5,
5499,812,ram_type,DDR5,
5500,812,ram_socket,4,EA
5501,812,form_factor,ATX,
5502,812,chipset,B850,
5503,812,m2_slots,4,EA
5504,812,max_ram_capacity_gb,256,GB
5505,813,cpu_socket,AM5,
5506,813,ram_type,DDR5,
5507,813,ram_socket,4,EA
5508,813,form_factor,ATX,
5509,813,chipset,B850,
5510,813,m2_slots,4,EA
5511,813,max_ram_capacity_gb,256,GB
5512,814,cpu_socket,AM5,
5513,814,ram_type,DDR5,
5514,814,ram_socket,4,EA
5515,814,form_factor,ATX,
5516,814,chipset,X870,
5517,814,m2_slots,4,EA
5518,814,max_ram_capacity_gb,256,GB
5519,815,cpu_socket,AM5,
5520,815,ram_type,DDR5,
5521,815,ram_socket,4,EA
5522,815,form_factor,ATX,
5523,815,chipset,X870E,
5524,815,m2_slots,4,EA
5525,815,max_ram_capacity_gb,256,GB
5526,816,cpu_socket,AM5,
5527,816,ram_type,DDR5,
5528,816,ram_socket,2,EA
5529,816,form_factor,M-ATX,
5530,816,chipset,B850,
5531,816,m2_slots,3,EA
5532,816,max_ram_capacity_gb,128,GB
5533,817,cpu_socket,AM5,
5534,817,ram_type,DDR5,
5535,817,ram_socket,4,EA
5536,817,form_factor,ATX,
5537,817,chipset,B850,
5538,817,m2_slots,3,EA
5539,817,max_ram_capacity_gb,256,GB
5540,818,cpu_socket,AM5,
5541,818,ram_type,DDR5,
5542,818,ram_socket,4,EA
5543,818,form_factor,ATX,
5544,818,chipset,X870,
5545,818,m2_slots,4,EA
5546,818,max_ram_capacity_gb,256,GB
5547,819,cpu_socket,AM5,
5548,819,ram_type,DDR5,
5549,819,ram_socket,4,EA
5550,819,form_factor,ATX,
5551,819,chipset,X870E,
5552,819,m2_slots,5,EA
5553,819,max_ram_capacity_gb,256,GB
5554,820,cpu_socket,AM5,
5555,820,ram_type,DDR5,
5556,820,ram_socket,4,EA
5557,820,form_factor,ATX,
5558,820,chipset,B850,
5559,820,m2_slots,4,EA
5560,820,max_ram_capacity_gb,256,GB
5561,821,cpu_socket,AM5,
5562,821,ram_type,DDR5,
5563,821,ram_socket,2,EA
5564,821,form_factor,M-ITX,
5565,821,chipset,B850,
5566,821,m2_slots,2,EA
5567,821,max_ram_capacity_gb,128,GB
5568,822,cpu_socket,AM5,
5569,822,ram_type,DDR5,
5570,822,ram_socket,4,EA
5571,822,form_factor,ATX,
5572,822,chipset,X870E,
5573,822,m2_slots,4,EA
5574,822,max_ram_capacity_gb,256,GB
5575,823,cpu_socket,AM5,
5576,823,ram_type,DDR5,
5577,823,ram_socket,4,EA
5578,823,form_factor,M-ATX,
5579,823,chipset,B850,
5580,823,m2_slots,2,EA
5581,823,max_ram_capacity_gb,256,GB
5582,824,cpu_socket,AM5,
5583,824,ram_type,DDR5,
5584,824,ram_socket,4,EA
5585,824,form_factor,ATX,
5586,824,chipset,B850,
5587,824,m2_slots,4,EA
5588,824,max_ram_capacity_gb,256,GB
5589,825,cpu_socket,AM5,
5590,825,ram_type,DDR5,
5591,825,ram_socket,4,EA
5592,825,form_factor,ATX,
5593,825,chipset,X870E,
5594,825,m2_slots,4,EA
5595,825,max_ram_capacity_gb,256,GB
5596,826,cpu_socket,AM5,
5597,826,ram_type,DDR5,
5598,826,ram_socket,4,EA
5599,826,form_factor,M-ATX,
5600,826,chipset,B850,
5601,826,m2_slots,2,EA
5602,826,max_ram_capacity_gb,256,GB
5603,827,cpu_socket,AM5,
5604,827,ram_type,DDR5,
5605,827,ram_socket,4,EA
5606,827,form_factor,ATX,
5607,827,chipset,X870E,
5608,827,m2_slots,4,EA
5609,827,max_ram_capacity_gb,256,GB
5610,828,cpu_socket,AM5,
5611,828,ram_type,DDR5,
5612,828,ram_socket,4,EA
5613,828,form_factor,ATX,
5614,828,chipset,X870,
5615,828,m2_slots,4,EA
5616,828,max_ram_capacity_gb,256,GB
5617,829,cpu_socket,AM5,
5618,829,ram_type,DDR5,
5619,829,ram_socket,4,EA
5620,829,form_factor,ATX,
5621,829,chipset,B850,
5622,829,m2_slots,3,EA
5623,829,max_ram_capacity_gb,256,GB
5624,830,cpu_socket,AM5,
5625,830,ram_type,DDR5,
5626,830,ram_socket,4,EA
5627,830,form_factor,M-ATX,
5628,830,chipset,B850,
5629,830,m2_slots,3,EA
5630,830,max_ram_capacity_gb,256,GB
5631,831,cpu_socket,AM5,
5632,831,ram_type,DDR5,
5633,831,ram_socket,4,EA
5634,831,form_factor,ATX,
5635,831,chipset,X870E,
5636,831,m2_slots,4,EA
5637,831,max_ram_capacity_gb,256,GB
5638,832,cpu_socket,AM5,
5639,832,ram_type,DDR5,
5640,832,ram_socket,4,EA
5641,832,form_factor,M-ATX,
5642,832,chipset,B850,
5643,832,m2_slots,2,EA
5644,832,max_ram_capacity_gb,256,GB
5645,833,cpu_socket,AM5,
5646,833,ram_type,DDR5,
5647,833,ram_socket,4,EA
5648,833,form_factor,E-ATX,
5649,833,chipset,X870E,
5650,833,m2_slots,4,EA
5651,833,max_ram_capacity_gb,256,GB
5652,834,cpu_socket,AM5,
5653,834,ram_type,DDR5,
5654,834,ram_socket,2,EA
5655,834,form_factor,E-ATX,
5656,834,chipset,X870,
5657,834,m2_slots,3,EA
5658,834,max_ram_capacity_gb,128,GB
5659,835,cpu_socket,AM5,
5660,835,ram_type,DDR5,
5661,835,ram_socket,4,EA
5662,835,form_factor,M-ATX,
5663,835,chipset,B850,
5664,835,m2_slots,2,EA
5665,835,max_ram_capacity_gb,256,GB
5666,836,cpu_socket,AM5,
5667,836,ram_type,DDR5,
5668,836,ram_socket,4,EA
5669,836,form_factor,ATX,
5670,836,chipset,B850,
5671,836,m2_slots,3,EA
5672,836,max_ram_capacity_gb,256,GB
5673,837,cpu_socket,AM5,
5674,837,ram_type,DDR5,
5675,837,ram_socket,4,EA
5676,837,form_factor,ATX,
5677,837,chipset,X870,
5678,837,m2_slots,4,EA
5679,837,max_ram_capacity_gb,256,GB
5680,838,cpu_socket,AM5,
5681,838,ram_type,DDR5,
5682,838,ram_socket,2,EA
5683,838,form_factor,E-ATX,
5684,838,chipset,X870,
5685,838,m2_slots,3,EA
5686,838,max_ram_capacity_gb,128,GB
5687,839,cpu_socket,AM5,
5688,839,ram_type,DDR5,
5689,839,ram_socket,4,EA
5690,839,form_factor,M-ATX,
5691,839,chipset,B850,
5692,839,m2_slots,2,EA
5693,839,max_ram_capacity_gb,256,GB
5694,840,cpu_socket,AM5,
5695,840,ram_type,DDR5,
5696,840,ram_socket,4,EA
5697,840,form_factor,M-ATX,
5698,840,chipset,B850,
5699,840,m2_slots,3,EA
5700,840,max_ram_capacity_gb,256,GB
5701,841,cpu_socket,AM5,
5702,841,ram_type,DDR5,
5703,841,ram_socket,2,EA
5704,841,form_factor,M-ATX,
5705,841,chipset,A620A,
5706,841,m2_slots,1,EA
5707,841,max_ram_capacity_gb,128,GB
5708,842,cpu_socket,AM5,
5709,842,ram_type,DDR5,
5710,842,ram_socket,2,EA
5711,842,form_factor,M-ITX,
5712,842,chipset,X870,
5713,842,m2_slots,2,EA
5714,842,max_ram_capacity_gb,128,GB
5715,843,cpu_socket,AM5,
5716,843,ram_type,DDR5,
5717,843,ram_socket,2,EA
5718,843,form_factor,M-ATX,
5719,843,chipset,B850,
5720,843,m2_slots,3,EA
5721,843,max_ram_capacity_gb,128,GB
5722,844,cpu_socket,AM5,
5723,844,ram_type,DDR5,
5724,844,ram_socket,4,EA
5725,844,form_factor,M-ATX,
5726,844,chipset,B850,
5727,844,m2_slots,2,EA
5728,844,max_ram_capacity_gb,256,GB
5729,845,cpu_socket,AM5,
5730,845,ram_type,DDR5,
5731,845,ram_socket,4,EA
5732,845,form_factor,ATX,
5733,845,chipset,B650,
5734,845,m2_slots,3,EA
5735,845,max_ram_capacity_gb,192,GB
5736,846,cpu_socket,AM5,
5737,846,ram_type,DDR5,
5738,846,ram_socket,4,EA
5739,846,form_factor,ATX,
5740,846,chipset,X870,
5741,846,m2_slots,3,EA
5742,846,max_ram_capacity_gb,256,GB
5743,847,cpu_socket,AM5,
5744,847,ram_type,DDR5,
5745,847,ram_socket,4,EA
5746,847,form_factor,ATX,
5747,847,chipset,B850,
5748,847,m2_slots,4,EA
5749,847,max_ram_capacity_gb,256,GB
5750,848,cpu_socket,AM5,
5751,848,ram_type,DDR5,
5752,848,ram_socket,4,EA
5753,848,form_factor,ATX,
5754,848,chipset,B850,
5755,848,m2_slots,3,EA
5756,848,max_ram_capacity_gb,256,GB
5757,849,cpu_socket,AM5,
5758,849,ram_type,DDR5,
5759,849,ram_socket,4,EA
5760,849,form_factor,ATX,
5761,849,chipset,X870E,
5762,849,m2_slots,4,EA
5763,849,max_ram_capacity_gb,256,GB
5764,850,cpu_socket,AM5,
5765,850,ram_type,DDR5,
5766,850,ram_socket,4,EA
5767,850,form_factor,M-ATX,
5768,850,chipset,B850,
5769,850,m2_slots,3,EA
5770,850,max_ram_capacity_gb,256,GB
5771,851,cpu_socket,AM5,
5772,851,ram_type,DDR5,
5773,851,ram_socket,4,EA
5774,851,form_factor,ATX,
5775,851,chipset,X870,
5776,851,m2_slots,4,EA
5777,851,max_ram_capacity_gb,256,GB
5778,852,cpu_socket,AM5,
5779,852,ram_type,DDR5,
5780,852,ram_socket,4,EA
5781,852,form_factor,M-ATX,
5782,852,chipset,B650,
5783,852,m2_slots,2,EA
5784,852,max_ram_capacity_gb,128,GB
5785,853,cpu_socket,AM5,
5786,853,ram_type,DDR5,
5787,853,ram_socket,4,EA
5788,853,form_factor,ATX,
5789,853,chipset,B650,
5790,853,m2_slots,3,EA
5791,853,max_ram_capacity_gb,192,GB
5792,854,cpu_socket,AM5,
5793,854,ram_type,DDR5,
5794,854,ram_socket,4,EA
5795,854,form_factor,M-ATX,
5796,854,chipset,B650,
5797,854,m2_slots,2,EA
5798,854,max_ram_capacity_gb,192,GB
5799,855,cpu_socket,AM5,
5800,855,ram_type,DDR5,
5801,855,ram_socket,4,EA
5802,855,form_factor,ATX,
5803,855,chipset,B850,
5804,855,m2_slots,3,EA
5805,855,max_ram_capacity_gb,256,GB
5806,856,cpu_socket,AM5,
5807,856,ram_type,DDR5,
5808,856,ram_socket,4,EA
5809,856,form_factor,ATX,
5810,856,chipset,B850,
5811,856,m2_slots,4,EA
5812,856,max_ram_capacity_gb,256,GB
5813,857,cpu_socket,AM5,
5814,857,ram_type,DDR5,
5815,857,ram_socket,4,EA
5816,857,form_factor,ATX,
5817,857,chipset,X870,
5818,857,m2_slots,4,EA
5819,857,max_ram_capacity_gb,256,GB
5820,858,cpu_socket,AM5,
5821,858,ram_type,DDR5,
5822,858,ram_socket,4,EA
5823,858,form_factor,ATX,
5824,858,chipset,X870,
5825,858,m2_slots,4,EA
5826,858,max_ram_capacity_gb,256,GB
5827,859,cpu_socket,AM5,
5828,859,ram_type,DDR5,
5829,859,ram_socket,4,EA
5830,859,form_factor,M-ATX,
5831,859,chipset,B850,
5832,859,m2_slots,2,EA
5833,859,max_ram_capacity_gb,256,GB
5834,860,cpu_socket,AM5,
5835,860,ram_type,DDR5,
5836,860,ram_socket,4,EA
5837,860,form_factor,ATX,
5838,860,chipset,X870E,
5839,860,m2_slots,4,EA
5840,860,max_ram_capacity_gb,256,GB
5841,861,cpu_socket,AM5,
5842,861,ram_type,DDR5,
5843,861,ram_socket,2,EA
5844,861,form_factor,M-ITX,
5845,861,chipset,X870,
5846,861,m2_slots,2,EA
5847,861,max_ram_capacity_gb,128,GB
5848,862,cpu_socket,AM5,
5849,862,ram_type,DDR5,
5850,862,ram_socket,4,EA
5851,862,form_factor,ATX,
5852,862,chipset,B650E,
5853,862,m2_slots,3,EA
5854,862,max_ram_capacity_gb,192,GB
5855,863,cpu_socket,AM5,
5856,863,ram_type,DDR5,
5857,863,ram_socket,4,EA
5858,863,form_factor,ATX,
5859,863,chipset,X870,
5860,863,m2_slots,3,EA
5861,863,max_ram_capacity_gb,256,GB
5862,864,cpu_socket,AM5,
5863,864,ram_type,DDR5,
5864,864,ram_socket,4,EA
5865,864,form_factor,ATX,
5866,864,chipset,X870E,
5867,864,m2_slots,4,EA
5868,864,max_ram_capacity_gb,256,GB
5869,865,cpu_socket,AM5,
5870,865,ram_type,DDR5,
5871,865,ram_socket,4,EA
5872,865,form_factor,ATX,
5873,865,chipset,B650,
5874,865,m2_slots,3,EA
5875,865,max_ram_capacity_gb,192,GB
5876,866,cpu_socket,AM5,
5877,866,ram_type,DDR5,
5878,866,ram_socket,4,EA
5879,866,form_factor,M-ATX,
5880,866,chipset,A620,
5881,866,m2_slots,1,EA
5882,866,max_ram_capacity_gb,128,GB
5883,867,cpu_socket,AM5,
5884,867,ram_type,DDR5,
5885,867,ram_socket,4,EA
5886,867,form_factor,ATX,
5887,867,chipset,X870E,
5888,867,m2_slots,4,EA
5889,867,max_ram_capacity_gb,256,GB
5890,868,cpu_socket,AM5,
5891,868,ram_type,DDR5,
5892,868,ram_socket,4,EA
5893,868,form_factor,ATX,
5894,868,chipset,B650,
5895,868,m2_slots,3,EA
5896,868,max_ram_capacity_gb,192,GB
5897,869,cpu_socket,AM5,
5898,869,ram_type,DDR5,
5899,869,ram_socket,4,EA
5900,869,form_factor,ATX,
5901,869,chipset,X670,
5902,869,m2_slots,4,EA
5903,869,max_ram_capacity_gb,192,GB
5904,870,cpu_socket,AM5,
5905,870,ram_type,DDR5,
5906,870,ram_socket,2,EA
5907,870,form_factor,M-ATX,
5908,870,chipset,B650,
5909,870,m2_slots,1,EA
5910,870,max_ram_capacity_gb,96,GB
5911,871,cpu_socket,AM5,
5912,871,ram_type,DDR5,
5913,871,ram_socket,4,EA
5914,871,form_factor,M-ATX,
5915,871,chipset,B650,
5916,871,m2_slots,2,EA
5917,871,max_ram_capacity_gb,128,GB
5918,872,cpu_socket,AM5,
5919,872,ram_type,DDR5,
5920,872,ram_socket,4,EA
5921,872,form_factor,M-ATX,
5922,872,chipset,A620,
5923,872,m2_slots,1,EA
5924,872,max_ram_capacity_gb,128,GB
5925,873,cpu_socket,AM5,
5926,873,ram_type,DDR5,
5927,873,ram_socket,4,EA
5928,873,form_factor,ATX,
5929,873,chipset,B650,
5930,873,m2_slots,3,EA
5931,873,max_ram_capacity_gb,192,GB
5932,874,cpu_socket,AM5,
5933,874,ram_type,DDR5,
5934,874,ram_socket,4,EA
5935,874,form_factor,M-ATX,
5936,874,chipset,B650,
5937,874,m2_slots,2,EA
5938,874,max_ram_capacity_gb,192,GB
5939,875,cpu_socket,AM5,
5940,875,ram_type,DDR5,
5941,875,ram_socket,4,EA
5942,875,form_factor,M-ATX,
5943,875,chipset,B650,
5944,875,m2_slots,2,EA
5945,875,max_ram_capacity_gb,192,GB
5946,876,cpu_socket,AM5,
5947,876,ram_type,DDR5,
5948,876,ram_socket,4,EA
5949,876,form_factor,ATX,
5950,876,chipset,X870E,
5951,876,m2_slots,4,EA
5952,876,max_ram_capacity_gb,256,GB
5953,877,cpu_socket,AM5,
5954,877,ram_type,DDR5,
5955,877,ram_socket,4,EA
5956,877,form_factor,M-ATX,
5957,877,chipset,B650,
5958,877,m2_slots,2,EA
5959,877,max_ram_capacity_gb,128,GB
5960,878,cpu_socket,LGA1200,
5961,878,ram_type,DDR4,
5962,878,ram_socket,2,EA
5963,878,form_factor,M-ATX,
5964,878,chipset,H510,
5965,878,m2_slots,1,EA
5966,878,max_ram_capacity_gb,64,GB
5967,879,cpu_socket,LGA1200,
5968,879,ram_type,DDR4,
5969,879,ram_socket,4,EA
5970,879,form_factor,ATX,
5971,879,chipset,Z590,
5972,879,m2_slots,3,EA
5973,879,max_ram_capacity_gb,128,GB
5974,880,cpu_socket,LGA1200,
5975,880,ram_type,DDR4,
5976,880,ram_socket,4,EA
5977,880,form_factor,ATX,
5978,880,chipset,Z590,
5979,880,m2_slots,3,EA
5980,880,max_ram_capacity_gb,128,GB
5981,881,cpu_socket,LGA1200,
5982,881,ram_type,DDR4,
5983,881,ram_socket,4,EA
5984,881,form_factor,M-ATX,
5985,881,chipset,B560,
5986,881,m2_slots,2,EA
5987,881,max_ram_capacity_gb,128,GB
5988,882,cpu_socket,LGA1700,
5989,882,ram_type,DDR4,
5990,882,ram_socket,4,EA
5991,882,form_factor,M-ATX,
5992,882,chipset,B760,
5993,882,m2_slots,2,EA
5994,882,max_ram_capacity_gb,128,GB
5995,883,cpu_socket,LGA1700,
5996,883,ram_type,DDR4,
5997,883,ram_socket,4,EA
5998,883,form_factor,M-ATX,
5999,883,chipset,B760,
6000,883,m2_slots,2,EA
6001,883,max_ram_capacity_gb,128,GB
6002,884,cpu_socket,LGA1700,
6003,884,ram_type,DDR4,
6004,884,ram_socket,2,EA
6005,884,form_factor,M-ATX,
6006,884,chipset,H610,
6007,884,m2_slots,1,EA
6008,884,max_ram_capacity_gb,64,GB
6009,885,cpu_socket,LGA1700,
6010,885,ram_type,DDR4,
6011,885,ram_socket,4,EA
6012,885,form_factor,M-ATX,
6013,885,chipset,B760,
6014,885,m2_slots,2,EA
6015,885,max_ram_capacity_gb,128,GB
6016,886,cpu_socket,LGA1700,
6017,886,ram_type,DDR4,
6018,886,ram_socket,4,EA
6019,886,form_factor,M-ATX,
6020,886,chipset,B760,
6021,886,m2_slots,2,EA
6022,886,max_ram_capacity_gb,128,GB
6023,887,cpu_socket,LGA1700,
6024,887,ram_type,DDR4,
6025,887,ram_socket,2,EA
6026,887,form_factor,M-ATX,
6027,887,chipset,H610,
6028,887,m2_slots,1,EA
6029,887,max_ram_capacity_gb,64,GB
6030,888,cpu_socket,LGA1700,
6031,888,ram_type,DDR4,
6032,888,ram_socket,4,EA
6033,888,form_factor,M-ATX,
6034,888,chipset,B760,
6035,888,m2_slots,2,EA
6036,888,max_ram_capacity_gb,128,GB
6037,889,cpu_socket,LGA1700,
6038,889,ram_type,DDR5,
6039,889,ram_socket,4,EA
6040,889,form_factor,M-ATX,
6041,889,chipset,B760,
6042,889,m2_slots,2,EA
6043,889,max_ram_capacity_gb,256,GB
6044,890,cpu_socket,LGA1700,
6045,890,ram_type,DDR4,
6046,890,ram_socket,4,EA
6047,890,form_factor,M-ATX,
6048,890,chipset,B760,
6049,890,m2_slots,2,EA
6050,890,max_ram_capacity_gb,128,GB
6051,891,cpu_socket,LGA1700,
6052,891,ram_type,DDR5,
6053,891,ram_socket,4,EA
6054,891,form_factor,M-ATX,
6055,891,chipset,B760,
6056,891,m2_slots,2,EA
6057,891,max_ram_capacity_gb,256,GB
6058,892,cpu_socket,LGA1700,
6059,892,ram_type,DDR4,
6060,892,ram_socket,2,EA
6061,892,form_factor,M-ITX,
6062,892,chipset,H610,
6063,892,m2_slots,1,EA
6064,892,max_ram_capacity_gb,64,GB
6065,893,cpu_socket,LGA1700,
6066,893,ram_type,DDR4,
6067,893,ram_socket,2,EA
6068,893,form_factor,M-ATX,
6069,893,chipset,H610,
6070,893,m2_slots,1,EA
6071,893,max_ram_capacity_gb,64,GB
6072,894,cpu_socket,LGA1700,
6073,894,ram_type,DDR5,
6074,894,ram_socket,4,EA
6075,894,form_factor,ATX,
6076,894,chipset,Z790,
6077,894,m2_slots,3,EA
6078,894,max_ram_capacity_gb,128,GB
6079,895,cpu_socket,LGA1700,
6080,895,ram_type,DDR4,
6081,895,ram_socket,4,EA
6082,895,form_factor,M-ATX,
6083,895,chipset,B760,
6084,895,m2_slots,2,EA
6085,895,max_ram_capacity_gb,128,GB
6086,896,cpu_socket,LGA1700,
6087,896,ram_type,DDR5,
6088,896,ram_socket,4,EA
6089,896,form_factor,M-ATX,
6090,896,chipset,B760,
6091,896,m2_slots,2,EA
6092,896,max_ram_capacity_gb,256,GB
6093,897,cpu_socket,LGA1700,
6094,897,ram_type,DDR5,
6095,897,ram_socket,2,EA
6096,897,form_factor,M-ATX,
6097,897,chipset,B760,
6098,897,m2_slots,2,EA
6099,897,max_ram_capacity_gb,96,GB
6100,898,cpu_socket,LGA1700,
6101,898,ram_type,DDR4,
6102,898,ram_socket,4,EA
6103,898,form_factor,M-ATX,
6104,898,chipset,B760,
6105,898,m2_slots,2,EA
6106,898,max_ram_capacity_gb,128,GB
6107,899,cpu_socket,LGA1700,
6108,899,ram_type,DDR5,
6109,899,ram_socket,2,EA
6110,899,form_factor,M-ATX,
6111,899,chipset,H610,
6112,899,m2_slots,1,EA
6113,899,max_ram_capacity_gb,128,GB
6114,900,cpu_socket,LGA1700,
6115,900,ram_type,DDR5,
6116,900,ram_socket,4,EA
6117,900,form_factor,ATX,
6118,900,chipset,Z790,
6119,900,m2_slots,4,EA
6120,900,max_ram_capacity_gb,128,GB
6121,901,cpu_socket,LGA1700,
6122,901,ram_type,DDR5,
6123,901,ram_socket,4,EA
6124,901,form_factor,M-ATX,
6125,901,chipset,B760,
6126,901,m2_slots,2,EA
6127,901,max_ram_capacity_gb,256,GB
6128,902,cpu_socket,LGA1700,
6129,902,ram_type,DDR4,
6130,902,ram_socket,4,EA
6131,902,form_factor,M-ATX,
6132,902,chipset,B760,
6133,902,m2_slots,2,EA
6134,902,max_ram_capacity_gb,128,GB
6135,903,cpu_socket,LGA1700,
6136,903,ram_type,DDR4,
6137,903,ram_socket,2,EA
6138,903,form_factor,M-ATX,
6139,903,chipset,H610,
6140,903,m2_slots,1,EA
6141,903,max_ram_capacity_gb,64,GB
6142,904,cpu_socket,LGA1700,
6143,904,ram_type,DDR5,
6144,904,ram_socket,4,EA
6145,904,form_factor,ATX,
6146,904,chipset,Z790,
6147,904,m2_slots,4,EA
6148,904,max_ram_capacity_gb,128,GB
6149,905,cpu_socket,LGA1700,
6150,905,ram_type,DDR5,
6151,905,ram_socket,4,EA
6152,905,form_factor,E-ATX,
6153,905,chipset,Z790,
6154,905,m2_slots,5,EA
6155,905,max_ram_capacity_gb,192,GB
6156,906,cpu_socket,LGA1700,
6157,906,ram_type,DDR5,
6158,906,ram_socket,2,EA
6159,906,form_factor,M-ATX,
6160,906,chipset,H610,
6161,906,m2_slots,1,EA
6162,906,max_ram_capacity_gb,128,GB
6163,907,cpu_socket,LGA1700,
6164,907,ram_type,DDR5,
6165,907,ram_socket,4,EA
6166,907,form_factor,ATX,
6167,907,chipset,Z790,
6168,907,m2_slots,4,EA
6169,907,max_ram_capacity_gb,128,GB
6170,908,cpu_socket,LGA1700,
6171,908,ram_type,DDR5,
6172,908,ram_socket,2,EA
6173,908,form_factor,M-ATX,
6174,908,chipset,H610,
6175,908,m2_slots,1,EA
6176,908,max_ram_capacity_gb,128,GB
6177,909,cpu_socket,LGA1700,
6178,909,ram_type,DDR5,
6179,909,ram_socket,2,EA
6180,909,form_factor,M-ATX,
6181,909,chipset,H610,
6182,909,m2_slots,1,EA
6183,909,max_ram_capacity_gb,128,GB
6184,910,cpu_socket,LGA1700,
6185,910,ram_type,DDR5,
6186,910,ram_socket,2,EA
6187,910,form_factor,M-ATX,
6188,910,chipset,H610,
6189,910,m2_slots,1,EA
6190,910,max_ram_capacity_gb,64,GB
6191,911,cpu_socket,LGA1700,
6192,911,ram_type,DDR5,
6193,911,ram_socket,2,EA
6194,911,form_factor,M-ATX,
6195,911,chipset,H610,
6196,911,m2_slots,1,EA
6197,911,max_ram_capacity_gb,128,GB
6198,912,cpu_socket,LGA1700,
6199,912,ram_type,DDR5,
6200,912,ram_socket,4,EA
6201,912,form_factor,E-ATX,
6202,912,chipset,Z790,
6203,912,m2_slots,5,EA
6204,912,max_ram_capacity_gb,128,GB
6205,913,cpu_socket,LGA1700,
6206,913,ram_type,DDR4,
6207,913,ram_socket,2,EA
6208,913,form_factor,M-ATX,
6209,913,chipset,H610,
6210,913,m2_slots,1,EA
6211,913,max_ram_capacity_gb,64,GB
6212,914,cpu_socket,LGA1700,
6213,914,ram_type,DDR5,
6214,914,ram_socket,4,EA
6215,914,form_factor,M-ATX,
6216,914,chipset,B760,
6217,914,m2_slots,2,EA
6218,914,max_ram_capacity_gb,128,GB
6219,915,cpu_socket,LGA1700,
6220,915,ram_type,DDR5,
6221,915,ram_socket,4,EA
6222,915,form_factor,E-ATX,
6223,915,chipset,Z690,
6224,915,m2_slots,4,EA
6225,915,max_ram_capacity_gb,128,GB
6226,916,cpu_socket,LGA1700,
6227,916,ram_type,DDR4,
6228,916,ram_socket,2,EA
6229,916,form_factor,M-ATX,
6230,916,chipset,H610,
6231,916,m2_slots,1,EA
6232,916,max_ram_capacity_gb,64,GB
6233,917,cpu_socket,LGA1700,
6234,917,ram_type,DDR5,
6235,917,ram_socket,4,EA
6236,917,form_factor,ATX,
6237,917,chipset,Z690,
6238,917,m2_slots,4,EA
6239,917,max_ram_capacity_gb,128,GB
6240,918,cpu_socket,LGA1700,
6241,918,ram_type,DDR5,
6242,918,ram_socket,2,EA
6243,918,form_factor,M-ATX,
6244,918,chipset,H610,
6245,918,m2_slots,1,EA
6246,918,max_ram_capacity_gb,64,GB
6247,919,cpu_socket,LGA1700,
6248,919,ram_type,DDR5,
6249,919,ram_socket,4,EA
6250,919,form_factor,M-ATX,
6251,919,chipset,B760,
6252,919,m2_slots,2,EA
6253,919,max_ram_capacity_gb,128,GB
6254,920,cpu_socket,LGA1700,
6255,920,ram_type,DDR5,
6256,920,ram_socket,4,EA
6257,920,form_factor,ATX,
6258,920,chipset,Z790,
6259,920,m2_slots,4,EA
6260,920,max_ram_capacity_gb,128,GB
6261,921,cpu_socket,LGA1700,
6262,921,ram_type,DDR5,
6263,921,ram_socket,4,EA
6264,921,form_factor,M-ATX,
6265,921,chipset,B760,
6266,921,m2_slots,2,EA
6267,921,max_ram_capacity_gb,128,GB
6268,922,cpu_socket,LGA1700,
6269,922,ram_type,DDR5,
6270,922,ram_socket,4,EA
6271,922,form_factor,M-ATX,
6272,922,chipset,B760,
6273,922,m2_slots,2,EA
6274,922,max_ram_capacity_gb,192,GB
6275,923,cpu_socket,LGA1700,
6276,923,ram_type,DDR5,
6277,923,ram_socket,2,EA
6278,923,form_factor,M-ATX,
6279,923,chipset,H610,
6280,923,m2_slots,1,EA
6281,923,max_ram_capacity_gb,96,GB
6282,924,cpu_socket,LGA1700,
6283,924,ram_type,DDR5,
6284,924,ram_socket,4,EA
6285,924,form_factor,ATX,
6286,924,chipset,Z690,
6287,924,m2_slots,4,EA
6288,924,max_ram_capacity_gb,128,GB
6289,925,cpu_socket,LGA1700,
6290,925,ram_type,DDR4,
6291,925,ram_socket,2,EA
6292,925,form_factor,M-ATX,
6293,925,chipset,H610,
6294,925,m2_slots,1,EA
6295,925,max_ram_capacity_gb,64,GB
6296,926,cpu_socket,LGA1700,
6297,926,ram_type,DDR5,
6298,926,ram_socket,2,EA
6299,926,form_factor,M-ATX,
6300,926,chipset,H610,
6301,926,m2_slots,1,EA
6302,926,max_ram_capacity_gb,96,GB
6303,927,cpu_socket,LGA1700,
6304,927,ram_type,DDR5,
6305,927,ram_socket,2,EA
6306,927,form_factor,M-ATX,
6307,927,chipset,H610,
6308,927,m2_slots,1,EA
6309,927,max_ram_capacity_gb,64,GB
6310,928,cpu_socket,LGA1700,
6311,928,ram_type,DDR5,
6312,928,ram_socket,2,EA
6313,928,form_factor,M-ATX,
6314,928,chipset,H610,
6315,928,m2_slots,1,EA
6316,928,max_ram_capacity_gb,64,GB
6317,929,cpu_socket,LGA1700,
6318,929,ram_type,DDR4,
6319,929,ram_socket,2,EA
6320,929,form_factor,M-ATX,
6321,929,chipset,H610,
6322,929,m2_slots,1,EA
6323,929,max_ram_capacity_gb,64,GB
6324,930,cpu_socket,LGA1700,
6325,930,ram_type,DDR5,
6326,930,ram_socket,4,EA
6327,930,form_factor,ATX,
6328,930,chipset,Z790,
6329,930,m2_slots,3,EA
6330,930,max_ram_capacity_gb,128,GB
6331,931,cpu_socket,LGA1700,
6332,931,ram_type,DDR4,
6333,931,ram_socket,2,EA
6334,931,form_factor,M-ATX,
6335,931,chipset,H610,
6336,931,m2_slots,1,EA
6337,931,max_ram_capacity_gb,64,GB
6338,932,cpu_socket,LGA1700,
6339,932,ram_type,DDR4,
6340,932,ram_socket,2,EA
6341,932,form_factor,M-ATX,
6342,932,chipset,H610,
6343,932,m2_slots,1,EA
6344,932,max_ram_capacity_gb,64,GB
6345,933,cpu_socket,LGA1700,
6346,933,ram_type,DDR5,
6347,933,ram_socket,2,EA
6348,933,form_factor,M-ATX,
6349,933,chipset,H610,
6350,933,m2_slots,1,EA
6351,933,max_ram_capacity_gb,96,GB
6352,934,cpu_socket,LGA1700,
6353,934,ram_type,DDR5,
6354,934,ram_socket,2,EA
6355,934,form_factor,M-ATX,
6356,934,chipset,H610,
6357,934,m2_slots,1,EA
6358,934,max_ram_capacity_gb,128,GB
6359,935,cpu_socket,LGA1700,
6360,935,ram_type,DDR4,
6361,935,ram_socket,2,EA
6362,935,form_factor,M-ATX,
6363,935,chipset,H610,
6364,935,m2_slots,1,EA
6365,935,max_ram_capacity_gb,64,GB
6366,936,cpu_socket,LGA1700,
6367,936,ram_type,DDR4,
6368,936,ram_socket,2,EA
6369,936,form_factor,M-ATX,
6370,936,chipset,H610,
6371,936,m2_slots,1,EA
6372,936,max_ram_capacity_gb,64,GB
6373,937,cpu_socket,LGA1700,
6374,937,ram_type,DDR5,
6375,937,ram_socket,4,EA
6376,937,form_factor,ATX,
6377,937,chipset,Z790,
6378,937,m2_slots,4,EA
6379,937,max_ram_capacity_gb,128,GB
6380,938,cpu_socket,LGA1851,
6381,938,ram_type,DDR5,
6382,938,ram_socket,4,EA
6383,938,form_factor,M-ATX,
6384,938,chipset,B860,
6385,938,m2_slots,2,EA
6386,938,max_ram_capacity_gb,256,GB
6387,939,cpu_socket,LGA1851,
6388,939,ram_type,DDR5,
6389,939,ram_socket,4,EA
6390,939,form_factor,M-ATX,
6391,939,chipset,B860,
6392,939,m2_slots,2,EA
6393,939,max_ram_capacity_gb,256,GB
6394,940,cpu_socket,LGA1851,
6395,940,ram_type,DDR5,
6396,940,ram_socket,4,EA
6397,940,form_factor,M-ATX,
6398,940,chipset,B860,
6399,940,m2_slots,3,EA
6400,940,max_ram_capacity_gb,256,GB
6401,941,cpu_socket,LGA1851,
6402,941,ram_type,DDR5,
6403,941,ram_socket,4,EA
6404,941,form_factor,ATX,
6405,941,chipset,Z890,
6406,941,m2_slots,4,EA
6407,941,max_ram_capacity_gb,256,GB
6408,942,cpu_socket,LGA1851,
6409,942,ram_type,DDR5,
6410,942,ram_socket,4,EA
6411,942,form_factor,E-ATX,
6412,942,chipset,Z890,
6413,942,m2_slots,4,EA
6414,942,max_ram_capacity_gb,256,GB
6415,943,cpu_socket,LGA1851,
6416,943,ram_type,DDR5,
6417,943,ram_socket,2,EA
6418,943,form_factor,M-ATX,
6419,943,chipset,H810,
6420,943,m2_slots,1,EA
6421,943,max_ram_capacity_gb,128,GB
6422,944,cpu_socket,LGA1851,
6423,944,ram_type,DDR5,
6424,944,ram_socket,2,EA
6425,944,form_factor,M-ATX,
6426,944,chipset,H810,
6427,944,m2_slots,1,EA
6428,944,max_ram_capacity_gb,128,GB
6429,945,cpu_socket,LGA1851,
6430,945,ram_type,DDR5,
6431,945,ram_socket,4,EA
6432,945,form_factor,M-ATX,
6433,945,chipset,Z890,
6434,945,m2_slots,1,EA
6435,945,max_ram_capacity_gb,256,GB
6436,946,cpu_socket,LGA1851,
6437,946,ram_type,DDR5,
6438,946,ram_socket,4,EA
6439,946,form_factor,ATX,
6440,946,chipset,Z890,
6441,946,m2_slots,1,EA
6442,946,max_ram_capacity_gb,256,GB
6443,947,cpu_socket,LGA1851,
6444,947,ram_type,DDR5,
6445,947,ram_socket,4,EA
6446,947,form_factor,ATX,
6447,947,chipset,B860,
6448,947,m2_slots,3,EA
6449,947,max_ram_capacity_gb,256,GB
6450,948,cpu_socket,LGA1851,
6451,948,ram_type,DDR5,
6452,948,ram_socket,4,EA
6453,948,form_factor,M-ATX,
6454,948,chipset,B860,
6455,948,m2_slots,3,EA
6456,948,max_ram_capacity_gb,256,GB
6457,949,cpu_socket,LGA1851,
6458,949,ram_type,DDR5,
6459,949,ram_socket,4,EA
6460,949,form_factor,M-ATX,
6461,949,chipset,B860,
6462,949,m2_slots,3,EA
6463,949,max_ram_capacity_gb,256,GB
6464,950,cpu_socket,LGA1851,
6465,950,ram_type,DDR5,
6466,950,ram_socket,2,EA
6467,950,form_factor,M-ITX,
6468,950,chipset,Z890,
6469,950,m2_slots,2,EA
6470,950,max_ram_capacity_gb,128,GB
6471,951,cpu_socket,LGA1851,
6472,951,ram_type,DDR5,
6473,951,ram_socket,4,EA
6474,951,form_factor,M-ATX,
6475,951,chipset,B860,
6476,951,m2_slots,3,EA
6477,951,max_ram_capacity_gb,256,GB
6478,952,cpu_socket,LGA1851,
6479,952,ram_type,DDR5,
6480,952,ram_socket,4,EA
6481,952,form_factor,ATX,
6482,952,chipset,Z890,
6483,952,m2_slots,5,EA
6484,952,max_ram_capacity_gb,256,GB
6485,953,cpu_socket,LGA1851,
6486,953,ram_type,DDR5,
6487,953,ram_socket,4,EA
6488,953,form_factor,ATX,
6489,953,chipset,Z890,
6490,953,m2_slots,4,EA
6491,953,max_ram_capacity_gb,256,GB
6492,954,cpu_socket,LGA1851,
6493,954,ram_type,DDR5,
6494,954,ram_socket,2,EA
6495,954,form_factor,ATX,
6496,954,chipset,Z890,
6497,954,m2_slots,2,EA
6498,954,max_ram_capacity_gb,256,GB
6499,955,cpu_socket,LGA1851,
6500,955,ram_type,DDR5,
6501,955,ram_socket,4,EA
6502,955,form_factor,ATX,
6503,955,chipset,Z890,
6504,955,m2_slots,5,EA
6505,955,max_ram_capacity_gb,256,GB
6506,956,cpu_socket,LGA1851,
6507,956,ram_type,DDR5,
6508,956,ram_socket,4,EA
6509,956,form_factor,M-ATX,
6510,956,chipset,Z890,
6511,956,m2_slots,3,EA
6512,956,max_ram_capacity_gb,256,GB
6513,957,cpu_socket,LGA1851,
6514,957,ram_type,DDR5,
6515,957,ram_socket,4,EA
6516,957,form_factor,ATX,
6517,957,chipset,Z890,
6518,957,m2_slots,5,EA
6519,957,max_ram_capacity_gb,256,GB
6520,958,cpu_socket,LGA1851,
6521,958,ram_type,DDR5,
6522,958,ram_socket,4,EA
6523,958,form_factor,M-ATX,
6524,958,chipset,B860,
6525,958,m2_slots,2,EA
6526,958,max_ram_capacity_gb,256,GB
6527,959,cpu_socket,LGA1851,
6528,959,ram_type,DDR5,
6529,959,ram_socket,4,EA
6530,959,form_factor,ATX,
6531,959,chipset,Z890,
6532,959,m2_slots,4,EA
6533,959,max_ram_capacity_gb,256,GB
6534,960,cpu_socket,LGA1851,
6535,960,ram_type,DDR5,
6536,960,ram_socket,4,EA
6537,960,form_factor,ATX,
6538,960,chipset,Z890,
6539,960,m2_slots,1,EA
6540,960,max_ram_capacity_gb,256,GB
6541,961,cpu_socket,LGA1851,
6542,961,ram_type,DDR5,
6543,961,ram_socket,4,EA
6544,961,form_factor,ATX,
6545,961,chipset,Z890,
6546,961,m2_slots,4,EA
6547,961,max_ram_capacity_gb,256,GB
6548,962,cpu_socket,LGA1851,
6549,962,ram_type,DDR5,
6550,962,ram_socket,4,EA
6551,962,form_factor,ATX,
6552,962,chipset,Z890,
6553,962,m2_slots,4,EA
6554,962,max_ram_capacity_gb,256,GB
6555,963,cpu_socket,LGA1851,
6556,963,ram_type,DDR5,
6557,963,ram_socket,4,EA
6558,963,form_factor,M-ATX,
6559,963,chipset,B860,
6560,963,m2_slots,2,EA
6561,963,max_ram_capacity_gb,256,GB
6562,964,cpu_socket,LGA1851,
6563,964,ram_type,DDR5,
6564,964,ram_socket,2,EA
6565,964,form_factor,ATX,
6566,964,chipset,Z890,
6567,964,m2_slots,5,EA
6568,964,max_ram_capacity_gb,256,GB
6569,965,cpu_socket,LGA1851,
6570,965,ram_type,DDR5,
6571,965,ram_socket,4,EA
6572,965,form_factor,ATX,
6573,965,chipset,B860,
6574,965,m2_slots,3,EA
6575,965,max_ram_capacity_gb,256,GB
6576,966,cpu_socket,LGA1851,
6577,966,ram_type,DDR5,
6578,966,ram_socket,4,EA
6579,966,form_factor,M-ATX,
6580,966,chipset,B860,
6581,966,m2_slots,3,EA
6582,966,max_ram_capacity_gb,256,GB
6583,967,cpu_socket,LGA1851,
6584,967,ram_type,DDR5,
6585,967,ram_socket,2,EA
6586,967,form_factor,M-ATX,
6587,967,chipset,H810,
6588,967,m2_slots,1,EA
6589,967,max_ram_capacity_gb,128,GB
6590,968,cpu_socket,LGA1851,
6591,968,ram_type,DDR5,
6592,968,ram_socket,2,EA
6593,968,form_factor,M-ATX,
6594,968,chipset,H810,
6595,968,m2_slots,1,EA
6596,968,max_ram_capacity_gb,128,GB
6597,969,cpu_socket,LGA1851,
6598,969,ram_type,DDR5,
6599,969,ram_socket,4,EA
6600,969,form_factor,M-ATX,
6601,969,chipset,B860,
6602,969,m2_slots,3,EA
6603,969,max_ram_capacity_gb,256,GB
6604,970,cpu_socket,LGA1851,
6605,970,ram_type,DDR5,
6606,970,ram_socket,2,EA
6607,970,form_factor,M-ATX,
6608,970,chipset,H810,
6609,970,m2_slots,1,EA
6610,970,max_ram_capacity_gb,128,GB
6611,971,cpu_socket,LGA1851,
6612,971,ram_type,DDR5,
6613,971,ram_socket,2,EA
6614,971,form_factor,M-ATX,
6615,971,chipset,H810,
6616,971,m2_slots,1,EA
6617,971,max_ram_capacity_gb,128,GB
6618,972,cpu_socket,LGA1851,
6619,972,ram_type,DDR5,
6620,972,ram_socket,4,EA
6621,972,form_factor,ATX,
6622,972,chipset,Z890,
6623,972,m2_slots,4,EA
6624,972,max_ram_capacity_gb,256,GB
6625,973,cpu_socket,LGA1851,
6626,973,ram_type,DDR5,
6627,973,ram_socket,2,EA
6628,973,form_factor,M-ATX,
6629,973,chipset,H810,
6630,973,m2_slots,1,EA
6631,973,max_ram_capacity_gb,128,GB
6632,974,cpu_socket,LGA1851,
6633,974,ram_type,DDR5,
6634,974,ram_socket,2,EA
6635,974,form_factor,M-ATX,
6636,974,chipset,H810,
6637,974,m2_slots,1,EA
6638,974,max_ram_capacity_gb,128,GB
6639,975,cpu_socket,LGA1851,
6640,975,ram_type,DDR5,
6641,975,ram_socket,4,EA
6642,975,form_factor,ATX,
6643,975,chipset,Z890,
6644,975,m2_slots,5,EA
6645,975,max_ram_capacity_gb,256,GB
6646,976,cpu_socket,LGA1851,
6647,976,ram_type,DDR5,
6648,976,ram_socket,2,EA
6649,976,form_factor,M-ITX,
6650,976,chipset,Z890,
6651,976,m2_slots,2,EA
6652,976,max_ram_capacity_gb,128,GB
6653,977,cpu_socket,LGA1851,
6654,977,ram_type,DDR5,
6655,977,ram_socket,2,EA
6656,977,form_factor,M-ATX,
6657,977,chipset,H810,
6658,977,m2_slots,1,EA
6659,977,max_ram_capacity_gb,128,GB
6660,978,cpu_socket,LGA1851,
6661,978,ram_type,DDR5,
6662,978,ram_socket,2,EA
6663,978,form_factor,M-ATX,
6664,978,chipset,H810,
6665,978,m2_slots,1,EA
6666,978,max_ram_capacity_gb,128,GB
6667,979,cpu_socket,LGA1851,
6668,979,ram_type,DDR5,
6669,979,ram_socket,2,EA
6670,979,form_factor,M-ATX,
6671,979,chipset,H810,
6672,979,m2_slots,1,EA
6673,979,max_ram_capacity_gb,128,GB
6674,980,cpu_socket,LGA1851,
6675,980,ram_type,DDR5,
6676,980,ram_socket,2,EA
6677,980,form_factor,M-ATX,
6678,980,chipset,H810,
6679,980,m2_slots,1,EA
6680,980,max_ram_capacity_gb,128,GB
6681,981,cpu_socket,LGA1851,
6682,981,ram_type,DDR5,
6683,981,ram_socket,2,EA
6684,981,form_factor,M-ATX,
6685,981,chipset,H810,
6686,981,m2_slots,1,EA
6687,981,max_ram_capacity_gb,128,GB
6688,982,cpu_socket,LGA1851,
6689,982,ram_type,DDR5,
6690,982,ram_socket,2,EA
6691,982,form_factor,M-ATX,
6692,982,chipset,H810,
6693,982,m2_slots,1,EA
6694,982,max_ram_capacity_gb,128,GB
6695,983,cpu_socket,AM4,
6696,983,ram_type,DDR4,
6697,983,ram_socket,2,EA
6698,983,form_factor,M-ATX,
6699,983,chipset,A520,
6700,983,m2_slots,1,EA
6701,983,max_ram_capacity_gb,128,GB
6702,984,cpu_socket,AM4,
6703,984,ram_type,DDR4,
6704,984,ram_socket,4,EA
6705,984,form_factor,M-ATX,
6706,984,chipset,B550,
6707,984,m2_slots,2,EA
6708,984,max_ram_capacity_gb,128,GB
6709,985,cpu_socket,AM4,
6710,985,ram_type,DDR4,
6711,985,ram_socket,4,EA
6712,985,form_factor,M-ATX,
6713,985,chipset,B550,
6714,985,m2_slots,2,EA
6715,985,max_ram_capacity_gb,128,GB
6716,986,cpu_socket,AM4,
6717,986,ram_type,DDR4,
6718,986,ram_socket,4,EA
6719,986,form_factor,M-ATX,
6720,986,chipset,B550,
6721,986,m2_slots,2,EA
6722,986,max_ram_capacity_gb,128,GB
6723,987,cpu_socket,AM4,
6724,987,ram_type,DDR4,
6725,987,ram_socket,2,EA
6726,987,form_factor,M-ITX,
6727,987,chipset,A520,
6728,987,m2_slots,1,EA
6729,987,max_ram_capacity_gb,64,GB
6730,988,cpu_socket,AM4,
6731,988,ram_type,DDR4,
6732,988,ram_socket,4,EA
6733,988,form_factor,M-ATX,
6734,988,chipset,B550,
6735,988,m2_slots,2,EA
6736,988,max_ram_capacity_gb,128,GB
6737,989,cpu_socket,AM4,
6738,989,ram_type,DDR4,
6739,989,ram_socket,4,EA
6740,989,form_factor,M-ATX,
6741,989,chipset,B550,
6742,989,m2_slots,2,EA
6743,989,max_ram_capacity_gb,128,GB
6744,990,cpu_socket,AM4,
6745,990,ram_type,DDR4,
6746,990,ram_socket,4,EA
6747,990,form_factor,M-ATX,
6748,990,chipset,B550,
6749,990,m2_slots,2,EA
6750,990,max_ram_capacity_gb,128,GB
6751,991,cpu_socket,AM4,
6752,991,ram_type,DDR4,
6753,991,ram_socket,4,EA
6754,991,form_factor,M-ATX,
6755,991,chipset,B550,
6756,991,m2_slots,2,EA
6757,991,max_ram_capacity_gb,128,GB
6758,992,cpu_socket,AM4,
6759,992,ram_type,DDR4,
6760,992,ram_socket,2,EA
6761,992,form_factor,M-ATX,
6762,992,chipset,A520,
6763,992,m2_slots,1,EA
6764,992,max_ram_capacity_gb,64,GB
6765,993,cpu_socket,AM4,
6766,993,ram_type,DDR4,
6767,993,ram_socket,4,EA
6768,993,form_factor,M-ATX,
6769,993,chipset,B550,
6770,993,m2_slots,2,EA
6771,993,max_ram_capacity_gb,128,GB
6772,994,cpu_socket,AM4,
6773,994,ram_type,DDR4,
6774,994,ram_socket,4,EA
6775,994,form_factor,M-ATX,
6776,994,chipset,B550,
6777,994,m2_slots,2,EA
6778,994,max_ram_capacity_gb,128,GB
6779,995,cpu_socket,AM4,
6780,995,ram_type,DDR4,
6781,995,ram_socket,4,EA
6782,995,form_factor,M-ATX,
6783,995,chipset,B550,
6784,995,m2_slots,2,EA
6785,995,max_ram_capacity_gb,128,GB
6786,996,cpu_socket,AM4,
6787,996,ram_type,DDR4,
6788,996,ram_socket,2,EA
6789,996,form_factor,M-ATX,
6790,996,chipset,A520,
6791,996,m2_slots,1,EA
6792,996,max_ram_capacity_gb,64,GB
6793,997,cpu_socket,AM4,
6794,997,ram_type,DDR4,
6795,997,ram_socket,4,EA
6796,997,form_factor,ATX,
6797,997,chipset,B450,
6798,997,m2_slots,2,EA
6799,997,max_ram_capacity_gb,64,GB
6800,998,cpu_socket,AM4,
6801,998,ram_type,DDR4,
6802,998,ram_socket,4,EA
6803,998,form_factor,M-ATX,
6804,998,chipset,B550,
6805,998,m2_slots,2,EA
6806,998,max_ram_capacity_gb,128,GB
6807,999,cpu_socket,AM4,
6808,999,ram_type,DDR4,
6809,999,ram_socket,4,EA
6810,999,form_factor,M-ATX,
6811,999,chipset,B450,
6812,999,m2_slots,2,EA
6813,999,max_ram_capacity_gb,128,GB
6814,1000,cpu_socket,AM4,
6815,1000,ram_type,DDR4,
6816,1000,ram_socket,4,EA
6817,1000,form_factor,M-ATX,
6818,1000,chipset,B550,
6819,1000,m2_slots,2,EA
6820,1000,max_ram_capacity_gb,128,GB
6821,1001,cpu_socket,AM4,
6822,1001,ram_type,DDR4,
6823,1001,ram_socket,2,EA
6824,1001,form_factor,M-ATX,
6825,1001,chipset,B450,
6826,1001,m2_slots,1,EA
6827,1001,max_ram_capacity_gb,64,GB
6828,1002,cpu_socket,AM4,
6829,1002,ram_type,DDR4,
6830,1002,ram_socket,2,EA
6831,1002,form_factor,M-ATX,
6832,1002,chipset,A520,
6833,1002,m2_slots,1,EA
6834,1002,max_ram_capacity_gb,64,GB
6835,1003,cpu_socket,AM4,
6836,1003,ram_type,DDR4,
6837,1003,ram_socket,4,EA
6838,1003,form_factor,ATX,
6839,1003,chipset,B450,
6840,1003,m2_slots,2,EA
6841,1003,max_ram_capacity_gb,64,GB
6842,1004,cpu_socket,AM4,
6843,1004,ram_type,DDR4,
6844,1004,ram_socket,2,EA
6845,1004,form_factor,M-ATX,
6846,1004,chipset,A520,
6847,1004,m2_slots,1,EA
6848,1004,max_ram_capacity_gb,64,GB
6849,1005,cpu_socket,AM4,
6850,1005,ram_type,DDR4,
6851,1005,ram_socket,2,EA
6852,1005,form_factor,M-ATX,
6853,1005,chipset,A320,
6854,1005,m2_slots,1,EA
6855,1005,max_ram_capacity_gb,32,GB
6856,1006,cpu_socket,AM4,
6857,1006,ram_type,DDR4,
6858,1006,ram_socket,4,EA
6859,1006,form_factor,M-ATX,
6860,1006,chipset,B550,
6861,1006,m2_slots,2,EA
6862,1006,max_ram_capacity_gb,128,GB
6863,1007,cpu_socket,AM4,
6864,1007,ram_type,DDR4,
6865,1007,ram_socket,2,EA
6866,1007,form_factor,M-ATX,
6867,1007,chipset,A520,
6868,1007,m2_slots,1,EA
6869,1007,max_ram_capacity_gb,64,GB
6870,1008,cpu_socket,AM5,
6871,1008,ram_type,DDR5,
6872,1008,ram_socket,4,EA
6873,1008,form_factor,M-ATX,
6874,1008,chipset,B650,
6875,1008,m2_slots,3,EA
6876,1008,max_ram_capacity_gb,256,GB
6877,1009,cpu_socket,AM5,
6878,1009,ram_type,DDR5,
6879,1009,ram_socket,4,EA
6880,1009,form_factor,ATX,
6881,1009,chipset,B850,
6882,1009,m2_slots,4,EA
6883,1009,max_ram_capacity_gb,256,GB
6884,1010,cpu_socket,AM5,
6885,1010,ram_type,DDR5,
6886,1010,ram_socket,4,EA
6887,1010,form_factor,M-ATX,
6888,1010,chipset,B650,
6889,1010,m2_slots,3,EA
6890,1010,max_ram_capacity_gb,256,GB
6891,1011,cpu_socket,AM5,
6892,1011,ram_type,DDR5,
6893,1011,ram_socket,4,EA
6894,1011,form_factor,M-ATX,
6895,1011,chipset,B850,
6896,1011,m2_slots,3,EA
6897,1011,max_ram_capacity_gb,256,GB
6898,1012,cpu_socket,AM5,
6899,1012,ram_type,DDR5,
6900,1012,ram_socket,4,EA
6901,1012,form_factor,M-ATX,
6902,1012,chipset,B650,
6903,1012,m2_slots,3,EA
6904,1012,max_ram_capacity_gb,256,GB
6905,1013,cpu_socket,AM5,
6906,1013,ram_type,DDR5,
6907,1013,ram_socket,4,EA
6908,1013,form_factor,ATX,
6909,1013,chipset,X870,
6910,1013,m2_slots,3,EA
6911,1013,max_ram_capacity_gb,256,GB
6912,1014,cpu_socket,AM5,
6913,1014,ram_type,DDR5,
6914,1014,ram_socket,4,EA
6915,1014,form_factor,E-ATX,
6916,1014,chipset,X870E,
6917,1014,m2_slots,4,EA
6918,1014,max_ram_capacity_gb,256,GB
6919,1015,cpu_socket,AM5,
6920,1015,ram_type,DDR5,
6921,1015,ram_socket,4,EA
6922,1015,form_factor,M-ATX,
6923,1015,chipset,B650,
6924,1015,m2_slots,3,EA
6925,1015,max_ram_capacity_gb,192,GB
6926,1016,cpu_socket,AM5,
6927,1016,ram_type,DDR5,
6928,1016,ram_socket,4,EA
6929,1016,form_factor,ATX,
6930,1016,chipset,X870,
6931,1016,m2_slots,3,EA
6932,1016,max_ram_capacity_gb,256,GB
6933,1017,cpu_socket,AM5,
6934,1017,ram_type,DDR5,
6935,1017,ram_socket,2,EA
6936,1017,form_factor,M-ITX,
6937,1017,chipset,A620A,
6938,1017,m2_slots,2,EA
6939,1017,max_ram_capacity_gb,128,GB
6940,1018,cpu_socket,AM5,
6941,1018,ram_type,DDR5,
6942,1018,ram_socket,2,EA
6943,1018,form_factor,M-ITX,
6944,1018,chipset,B850,
6945,1018,m2_slots,2,EA
6946,1018,max_ram_capacity_gb,128,GB
6947,1019,cpu_socket,AM5,
6948,1019,ram_type,DDR5,
6949,1019,ram_socket,2,EA
6950,1019,form_factor,M-ATX,
6951,1019,chipset,B850,
6952,1019,m2_slots,2,EA
6953,1019,max_ram_capacity_gb,128,GB
6954,1020,cpu_socket,AM5,
6955,1020,ram_type,DDR5,
6956,1020,ram_socket,2,EA
6957,1020,form_factor,M-ATX,
6958,1020,chipset,A620A,
6959,1020,m2_slots,2,EA
6960,1020,max_ram_capacity_gb,128,GB
6961,1021,cpu_socket,AM5,
6962,1021,ram_type,DDR5,
6963,1021,ram_socket,4,EA
6964,1021,form_factor,ATX,
6965,1021,chipset,B850,
6966,1021,m2_slots,4,EA
6967,1021,max_ram_capacity_gb,256,GB
6968,1022,cpu_socket,AM5,
6969,1022,ram_type,DDR5,
6970,1022,ram_socket,4,EA
6971,1022,form_factor,ATX,
6972,1022,chipset,X870E,
6973,1022,m2_slots,5,EA
6974,1022,max_ram_capacity_gb,256,GB
6975,1023,cpu_socket,AM5,
6976,1023,ram_type,DDR5,
6977,1023,ram_socket,2,EA
6978,1023,form_factor,M-ATX,
6979,1023,chipset,A620A,
6980,1023,m2_slots,2,EA
6981,1023,max_ram_capacity_gb,128,GB
6982,1024,cpu_socket,AM5,
6983,1024,ram_type,DDR5,
6984,1024,ram_socket,2,EA
6985,1024,form_factor,M-ATX,
6986,1024,chipset,B850,
6987,1024,m2_slots,2,EA
6988,1024,max_ram_capacity_gb,128,GB
6989,1025,cpu_socket,AM5,
6990,1025,ram_type,DDR5,
6991,1025,ram_socket,4,EA
6992,1025,form_factor,M-ATX,
6993,1025,chipset,B850,
6994,1025,m2_slots,2,EA
6995,1025,max_ram_capacity_gb,256,GB
6996,1026,cpu_socket,AM5,
6997,1026,ram_type,DDR5,
6998,1026,ram_socket,4,EA
6999,1026,form_factor,M-ATX,
7000,1026,chipset,B650,
7001,1026,m2_slots,2,EA
7002,1026,max_ram_capacity_gb,192,GB
7003,1027,cpu_socket,AM5,
7004,1027,ram_type,DDR5,
7005,1027,ram_socket,2,EA
7006,1027,form_factor,M-ITX,
7007,1027,chipset,B850,
7008,1027,m2_slots,2,EA
7009,1027,max_ram_capacity_gb,128,GB
7010,1028,cpu_socket,AM5,
7011,1028,ram_type,DDR5,
7012,1028,ram_socket,4,EA
7013,1028,form_factor,ATX,
7014,1028,chipset,B850,
7015,1028,m2_slots,4,EA
7016,1028,max_ram_capacity_gb,256,GB
7017,1029,cpu_socket,AM5,
7018,1029,ram_type,DDR5,
7019,1029,ram_socket,4,EA
7020,1029,form_factor,M-ATX,
7021,1029,chipset,B650,
7022,1029,m2_slots,3,EA
7023,1029,max_ram_capacity_gb,256,GB
7024,1030,cpu_socket,AM5,
7025,1030,ram_type,DDR5,
7026,1030,ram_socket,4,EA
7027,1030,form_factor,ATX,
7028,1030,chipset,B850,
7029,1030,m2_slots,2,EA
7030,1030,max_ram_capacity_gb,256,GB
7031,1031,cpu_socket,AM5,
7032,1031,ram_type,DDR5,
7033,1031,ram_socket,4,EA
7034,1031,form_factor,M-ATX,
7035,1031,chipset,B650,
7036,1031,m2_slots,2,EA
7037,1031,max_ram_capacity_gb,192,GB
7038,1032,cpu_socket,AM5,
7039,1032,ram_type,DDR5,
7040,1032,ram_socket,2,EA
7041,1032,form_factor,M-ATX,
7042,1032,chipset,B850,
7043,1032,m2_slots,2,EA
7044,1032,max_ram_capacity_gb,128,GB
7045,1033,cpu_socket,AM5,
7046,1033,ram_type,DDR5,
7047,1033,ram_socket,4,EA
7048,1033,form_factor,M-ATX,
7049,1033,chipset,B650,
7050,1033,m2_slots,3,EA
7051,1033,max_ram_capacity_gb,256,GB
7052,1034,cpu_socket,AM5,
7053,1034,ram_type,DDR5,
7054,1034,ram_socket,4,EA
7055,1034,form_factor,ATX,
7056,1034,chipset,X870E,
7057,1034,m2_slots,5,EA
7058,1034,max_ram_capacity_gb,256,GB
7059,1035,cpu_socket,AM5,
7060,1035,ram_type,DDR5,
7061,1035,ram_socket,4,EA
7062,1035,form_factor,M-ATX,
7063,1035,chipset,B850,
7064,1035,m2_slots,3,EA
7065,1035,max_ram_capacity_gb,256,GB
7066,1036,cpu_socket,AM5,
7067,1036,ram_type,DDR5,
7068,1036,ram_socket,4,EA
7069,1036,form_factor,M-ATX,
7070,1036,chipset,B850,
7071,1036,m2_slots,3,EA
7072,1036,max_ram_capacity_gb,256,GB
7073,1037,cpu_socket,AM5,
7074,1037,ram_type,DDR5,
7075,1037,ram_socket,4,EA
7076,1037,form_factor,M-ATX,
7077,1037,chipset,B850,
7078,1037,m2_slots,3,EA
7079,1037,max_ram_capacity_gb,256,GB
7080,1038,cpu_socket,AM5,
7081,1038,ram_type,DDR5,
7082,1038,ram_socket,4,EA
7083,1038,form_factor,ATX,
7084,1038,chipset,B850,
7085,1038,m2_slots,4,EA
7086,1038,max_ram_capacity_gb,256,GB
7087,1039,cpu_socket,AM5,
7088,1039,ram_type,DDR5,
7089,1039,ram_socket,4,EA
7090,1039,form_factor,M-ATX,
7091,1039,chipset,B650,
7092,1039,m2_slots,3,EA
7093,1039,max_ram_capacity_gb,192,GB
7094,1040,cpu_socket,AM5,
7095,1040,ram_type,DDR5,
7096,1040,ram_socket,4,EA
7097,1040,form_factor,ATX,
7098,1040,chipset,X870,
7099,1040,m2_slots,4,EA
7100,1040,max_ram_capacity_gb,256,GB
7101,1041,cpu_socket,AM5,
7102,1041,ram_type,DDR5,
7103,1041,ram_socket,4,EA
7104,1041,form_factor,ATX,
7105,1041,chipset,B850,
7106,1041,m2_slots,4,EA
7107,1041,max_ram_capacity_gb,256,GB
7108,1042,cpu_socket,AM5,
7109,1042,ram_type,DDR5,
7110,1042,ram_socket,4,EA
7111,1042,form_factor,M-ATX,
7112,1042,chipset,B650,
7113,1042,m2_slots,3,EA
7114,1042,max_ram_capacity_gb,256,GB
7115,1043,cpu_socket,AM5,
7116,1043,ram_type,DDR5,
7117,1043,ram_socket,4,EA
7118,1043,form_factor,M-ATX,
7119,1043,chipset,B650,
7120,1043,m2_slots,3,EA
7121,1043,max_ram_capacity_gb,256,GB
7122,1044,cpu_socket,AM5,
7123,1044,ram_type,DDR5,
7124,1044,ram_socket,4,EA
7125,1044,form_factor,ATX,
7126,1044,chipset,B650,
7127,1044,m2_slots,3,EA
7128,1044,max_ram_capacity_gb,256,GB
7129,1045,cpu_socket,AM5,
7130,1045,ram_type,DDR5,
7131,1045,ram_socket,4,EA
7132,1045,form_factor,M-ATX,
7133,1045,chipset,B850,
7134,1045,m2_slots,3,EA
7135,1045,max_ram_capacity_gb,256,GB
7136,1046,cpu_socket,AM5,
7137,1046,ram_type,DDR5,
7138,1046,ram_socket,4,EA
7139,1046,form_factor,M-ATX,
7140,1046,chipset,B650,
7141,1046,m2_slots,3,EA
7142,1046,max_ram_capacity_gb,192,GB
7143,1047,cpu_socket,AM5,
7144,1047,ram_type,DDR5,
7145,1047,ram_socket,4,EA
7146,1047,form_factor,E-ATX,
7147,1047,chipset,X870E,
7148,1047,m2_slots,4,EA
7149,1047,max_ram_capacity_gb,256,GB
7150,1048,cpu_socket,AM5,
7151,1048,ram_type,DDR5,
7152,1048,ram_socket,4,EA
7153,1048,form_factor,M-ATX,
7154,1048,chipset,B850,
7155,1048,m2_slots,3,EA
7156,1048,max_ram_capacity_gb,256,GB
7157,1049,cpu_socket,AM5,
7158,1049,ram_type,DDR5,
7159,1049,ram_socket,4,EA
7160,1049,form_factor,E-ATX,
7161,1049,chipset,X870E,
7162,1049,m2_slots,4,EA
7163,1049,max_ram_capacity_gb,256,GB
7164,1050,cpu_socket,AM5,
7165,1050,ram_type,DDR5,
7166,1050,ram_socket,2,EA
7167,1050,form_factor,M-ATX,
7168,1050,chipset,B850,
7169,1050,m2_slots,2,EA
7170,1050,max_ram_capacity_gb,128,GB
7171,1051,cpu_socket,AM5,
7172,1051,ram_type,DDR5,
7173,1051,ram_socket,4,EA
7174,1051,form_factor,M-ATX,
7175,1051,chipset,B850,
7176,1051,m2_slots,3,EA
7177,1051,max_ram_capacity_gb,256,GB
7178,1052,cpu_socket,AM5,
7179,1052,ram_type,DDR5,
7180,1052,ram_socket,4,EA
7181,1052,form_factor,ATX,
7182,1052,chipset,B850,
7183,1052,m2_slots,4,EA
7184,1052,max_ram_capacity_gb,256,GB
7185,1053,cpu_socket,AM5,
7186,1053,ram_type,DDR5,
7187,1053,ram_socket,4,EA
7188,1053,form_factor,ATX,
7189,1053,chipset,B650,
7190,1053,m2_slots,3,EA
7191,1053,max_ram_capacity_gb,256,GB
7192,1054,cpu_socket,AM5,
7193,1054,ram_type,DDR5,
7194,1054,ram_socket,2,EA
7195,1054,form_factor,M-ATX,
7196,1054,chipset,B850,
7197,1054,m2_slots,2,EA
7198,1054,max_ram_capacity_gb,128,GB
7199,1055,cpu_socket,AM5,
7200,1055,ram_type,DDR5,
7201,1055,ram_socket,4,EA
7202,1055,form_factor,ATX,
7203,1055,chipset,B850,
7204,1055,m2_slots,4,EA
7205,1055,max_ram_capacity_gb,256,GB
7206,1056,cpu_socket,AM5,
7207,1056,ram_type,DDR5,
7208,1056,ram_socket,4,EA
7209,1056,form_factor,ATX,
7210,1056,chipset,B850,
7211,1056,m2_slots,4,EA
7212,1056,max_ram_capacity_gb,256,GB
7213,1057,cpu_socket,AM5,
7214,1057,ram_type,DDR5,
7215,1057,ram_socket,4,EA
7216,1057,form_factor,ATX,
7217,1057,chipset,B850,
7218,1057,m2_slots,2,EA
7219,1057,max_ram_capacity_gb,256,GB
7220,1058,cpu_socket,AM5,
7221,1058,ram_type,DDR5,
7222,1058,ram_socket,4,EA
7223,1058,form_factor,M-ATX,
7224,1058,chipset,B850,
7225,1058,m2_slots,3,EA
7226,1058,max_ram_capacity_gb,256,GB
7227,1059,cpu_socket,AM5,
7228,1059,ram_type,DDR5,
7229,1059,ram_socket,4,EA
7230,1059,form_factor,M-ATX,
7231,1059,chipset,B650,
7232,1059,m2_slots,3,EA
7233,1059,max_ram_capacity_gb,192,GB
7234,1060,cpu_socket,AM5,
7235,1060,ram_type,DDR5,
7236,1060,ram_socket,4,EA
7237,1060,form_factor,M-ATX,
7238,1060,chipset,B850,
7239,1060,m2_slots,3,EA
7240,1060,max_ram_capacity_gb,256,GB
7241,1061,cpu_socket,AM5,
7242,1061,ram_type,DDR5,
7243,1061,ram_socket,4,EA
7244,1061,form_factor,ATX,
7245,1061,chipset,X870E,
7246,1061,m2_slots,5,EA
7247,1061,max_ram_capacity_gb,256,GB
7248,1062,cpu_socket,AM5,
7249,1062,ram_type,DDR5,
7250,1062,ram_socket,4,EA
7251,1062,form_factor,M-ATX,
7252,1062,chipset,B850,
7253,1062,m2_slots,3,EA
7254,1062,max_ram_capacity_gb,256,GB
7255,1063,cpu_socket,AM5,
7256,1063,ram_type,DDR5,
7257,1063,ram_socket,2,EA
7258,1063,form_factor,M-ATX,
7259,1063,chipset,B850,
7260,1063,m2_slots,2,EA
7261,1063,max_ram_capacity_gb,128,GB
7262,1064,cpu_socket,AM5,
7263,1064,ram_type,DDR5,
7264,1064,ram_socket,4,EA
7265,1064,form_factor,E-ATX,
7266,1064,chipset,X870E,
7267,1064,m2_slots,4,EA
7268,1064,max_ram_capacity_gb,256,GB
7269,1065,cpu_socket,AM5,
7270,1065,ram_type,DDR5,
7271,1065,ram_socket,4,EA
7272,1065,form_factor,ATX,
7273,1065,chipset,B850,
7274,1065,m2_slots,2,EA
7275,1065,max_ram_capacity_gb,256,GB
7276,1066,cpu_socket,AM5,
7277,1066,ram_type,DDR5,
7278,1066,ram_socket,4,EA
7279,1066,form_factor,ATX,
7280,1066,chipset,B850,
7281,1066,m2_slots,4,EA
7282,1066,max_ram_capacity_gb,256,GB
7283,1067,cpu_socket,AM5,
7284,1067,ram_type,DDR5,
7285,1067,ram_socket,4,EA
7286,1067,form_factor,ATX,
7287,1067,chipset,X870,
7288,1067,m2_slots,3,EA
7289,1067,max_ram_capacity_gb,256,GB
7290,1068,cpu_socket,AM5,
7291,1068,ram_type,DDR5,
7292,1068,ram_socket,4,EA
7293,1068,form_factor,ATX,
7294,1068,chipset,B850,
7295,1068,m2_slots,2,EA
7296,1068,max_ram_capacity_gb,256,GB
7297,1069,cpu_socket,AM5,
7298,1069,ram_type,DDR5,
7299,1069,ram_socket,4,EA
7300,1069,form_factor,M-ATX,
7301,1069,chipset,B850,
7302,1069,m2_slots,2,EA
7303,1069,max_ram_capacity_gb,256,GB
7304,1070,cpu_socket,AM5,
7305,1070,ram_type,DDR5,
7306,1070,ram_socket,4,EA
7307,1070,form_factor,ATX,
7308,1070,chipset,B850,
7309,1070,m2_slots,2,EA
7310,1070,max_ram_capacity_gb,256,GB
7311,1071,cpu_socket,AM5,
7312,1071,ram_type,DDR5,
7313,1071,ram_socket,4,EA
7314,1071,form_factor,ATX,
7315,1071,chipset,X870,
7316,1071,m2_slots,3,EA
7317,1071,max_ram_capacity_gb,256,GB
7318,1072,cpu_socket,AM5,
7319,1072,ram_type,DDR5,
7320,1072,ram_socket,4,EA
7321,1072,form_factor,ATX,
7322,1072,chipset,B850,
7323,1072,m2_slots,4,EA
7324,1072,max_ram_capacity_gb,256,GB
7325,1073,cpu_socket,AM5,
7326,1073,ram_type,DDR5,
7327,1073,ram_socket,2,EA
7328,1073,form_factor,M-ATX,
7329,1073,chipset,A620A,
7330,1073,m2_slots,2,EA
7331,1073,max_ram_capacity_gb,128,GB
7332,1074,cpu_socket,AM5,
7333,1074,ram_type,DDR5,
7334,1074,ram_socket,4,EA
7335,1074,form_factor,M-ATX,
7336,1074,chipset,B850,
7337,1074,m2_slots,3,EA
7338,1074,max_ram_capacity_gb,256,GB
7339,1075,cpu_socket,AM5,
7340,1075,ram_type,DDR5,
7341,1075,ram_socket,4,EA
7342,1075,form_factor,ATX,
7343,1075,chipset,X870,
7344,1075,m2_slots,3,EA
7345,1075,max_ram_capacity_gb,256,GB
7346,1076,cpu_socket,AM5,
7347,1076,ram_type,DDR5,
7348,1076,ram_socket,4,EA
7349,1076,form_factor,M-ATX,
7350,1076,chipset,B850,
7351,1076,m2_slots,3,EA
7352,1076,max_ram_capacity_gb,256,GB
7353,1077,cpu_socket,AM5,
7354,1077,ram_type,DDR5,
7355,1077,ram_socket,4,EA
7356,1077,form_factor,M-ATX,
7357,1077,chipset,B850,
7358,1077,m2_slots,3,EA
7359,1077,max_ram_capacity_gb,256,GB
7360,1078,cpu_socket,AM5,
7361,1078,ram_type,DDR5,
7362,1078,ram_socket,4,EA
7363,1078,form_factor,M-ATX,
7364,1078,chipset,B850,
7365,1078,m2_slots,3,EA
7366,1078,max_ram_capacity_gb,256,GB
7367,1079,cpu_socket,AM5,
7368,1079,ram_type,DDR5,
7369,1079,ram_socket,4,EA
7370,1079,form_factor,M-ATX,
7371,1079,chipset,B850,
7372,1079,m2_slots,3,EA
7373,1079,max_ram_capacity_gb,256,GB
7374,1080,cpu_socket,AM5,
7375,1080,ram_type,DDR5,
7376,1080,ram_socket,4,EA
7377,1080,form_factor,M-ATX,
7378,1080,chipset,B850,
7379,1080,m2_slots,3,EA
7380,1080,max_ram_capacity_gb,256,GB
7381,1081,cpu_socket,AM5,
7382,1081,ram_type,DDR5,
7383,1081,ram_socket,4,EA
7384,1081,form_factor,ATX,
7385,1081,chipset,X870,
7386,1081,m2_slots,3,EA
7387,1081,max_ram_capacity_gb,256,GB
7388,1082,cpu_socket,AM5,
7389,1082,ram_type,DDR5,
7390,1082,ram_socket,4,EA
7391,1082,form_factor,M-ATX,
7392,1082,chipset,B650,
7393,1082,m2_slots,3,EA
7394,1082,max_ram_capacity_gb,192,GB
7395,1083,cpu_socket,AM5,
7396,1083,ram_type,DDR5,
7397,1083,ram_socket,2,EA
7398,1083,form_factor,M-ATX,
7399,1083,chipset,B850,
7400,1083,m2_slots,2,EA
7401,1083,max_ram_capacity_gb,128,GB
7402,1084,cpu_socket,AM5,
7403,1084,ram_type,DDR5,
7404,1084,ram_socket,4,EA
7405,1084,form_factor,ATX,
7406,1084,chipset,X870,
7407,1084,m2_slots,4,EA
7408,1084,max_ram_capacity_gb,256,GB
7409,1085,cpu_socket,AM5,
7410,1085,ram_type,DDR5,
7411,1085,ram_socket,4,EA
7412,1085,form_factor,ATX,
7413,1085,chipset,B850,
7414,1085,m2_slots,2,EA
7415,1085,max_ram_capacity_gb,256,GB
7416,1086,cpu_socket,AM5,
7417,1086,ram_type,DDR5,
7418,1086,ram_socket,4,EA
7419,1086,form_factor,ATX,
7420,1086,chipset,X870,
7421,1086,m2_slots,3,EA
7422,1086,max_ram_capacity_gb,256,GB
7423,1087,cpu_socket,AM5,
7424,1087,ram_type,DDR5,
7425,1087,ram_socket,4,EA
7426,1087,form_factor,ATX,
7427,1087,chipset,B850,
7428,1087,m2_slots,2,EA
7429,1087,max_ram_capacity_gb,256,GB
7430,1088,cpu_socket,AM5,
7431,1088,ram_type,DDR5,
7432,1088,ram_socket,4,EA
7433,1088,form_factor,M-ATX,
7434,1088,chipset,B850,
7435,1088,m2_slots,3,EA
7436,1088,max_ram_capacity_gb,256,GB
7437,1089,cpu_socket,AM5,
7438,1089,ram_type,DDR5,
7439,1089,ram_socket,4,EA
7440,1089,form_factor,M-ATX,
7441,1089,chipset,B650,
7442,1089,m2_slots,2,EA
7443,1089,max_ram_capacity_gb,192,GB
7444,1090,cpu_socket,AM5,
7445,1090,ram_type,DDR5,
7446,1090,ram_socket,4,EA
7447,1090,form_factor,M-ATX,
7448,1090,chipset,B850,
7449,1090,m2_slots,2,EA
7450,1090,max_ram_capacity_gb,256,GB
7451,1091,cpu_socket,AM5,
7452,1091,ram_type,DDR5,
7453,1091,ram_socket,4,EA
7454,1091,form_factor,ATX,
7455,1091,chipset,B850,
7456,1091,m2_slots,4,EA
7457,1091,max_ram_capacity_gb,256,GB
7458,1092,cpu_socket,AM5,
7459,1092,ram_type,DDR5,
7460,1092,ram_socket,4,EA
7461,1092,form_factor,ATX,
7462,1092,chipset,B850,
7463,1092,m2_slots,4,EA
7464,1092,max_ram_capacity_gb,256,GB
7465,1093,cpu_socket,AM5,
7466,1093,ram_type,DDR5,
7467,1093,ram_socket,4,EA
7468,1093,form_factor,M-ATX,
7469,1093,chipset,B850,
7470,1093,m2_slots,3,EA
7471,1093,max_ram_capacity_gb,256,GB
7472,1094,cpu_socket,AM5,
7473,1094,ram_type,DDR5,
7474,1094,ram_socket,4,EA
7475,1094,form_factor,M-ATX,
7476,1094,chipset,B850,
7477,1094,m2_slots,3,EA
7478,1094,max_ram_capacity_gb,256,GB
7479,1095,cpu_socket,AM5,
7480,1095,ram_type,DDR5,
7481,1095,ram_socket,2,EA
7482,1095,form_factor,M-ATX,
7483,1095,chipset,B650,
7484,1095,m2_slots,2,EA
7485,1095,max_ram_capacity_gb,96,GB
7486,1096,cpu_socket,AM5,
7487,1096,ram_type,DDR5,
7488,1096,ram_socket,4,EA
7489,1096,form_factor,ATX,
7490,1096,chipset,B650,
7491,1096,m2_slots,3,EA
7492,1096,max_ram_capacity_gb,128,GB
7493,1097,cpu_socket,AM5,
7494,1097,ram_type,DDR5,
7495,1097,ram_socket,4,EA
7496,1097,form_factor,ATX,
7497,1097,chipset,X870,
7498,1097,m2_slots,3,EA
7499,1097,max_ram_capacity_gb,256,GB
7500,1098,cpu_socket,AM5,
7501,1098,ram_type,DDR5,
7502,1098,ram_socket,4,EA
7503,1098,form_factor,M-ATX,
7504,1098,chipset,B650,
7505,1098,m2_slots,3,EA
7506,1098,max_ram_capacity_gb,256,GB
7507,1099,cpu_socket,AM5,
7508,1099,ram_type,DDR5,
7509,1099,ram_socket,4,EA
7510,1099,form_factor,ATX,
7511,1099,chipset,X870,
7512,1099,m2_slots,3,EA
7513,1099,max_ram_capacity_gb,256,GB
7514,1100,cpu_socket,AM5,
7515,1100,ram_type,DDR5,
7516,1100,ram_socket,4,EA
7517,1100,form_factor,ATX,
7518,1100,chipset,B650,
7519,1100,m2_slots,3,EA
7520,1100,max_ram_capacity_gb,128,GB
7521,1101,cpu_socket,AM5,
7522,1101,ram_type,DDR5,
7523,1101,ram_socket,4,EA
7524,1101,form_factor,ATX,
7525,1101,chipset,B650,
7526,1101,m2_slots,3,EA
7527,1101,max_ram_capacity_gb,192,GB
7528,1102,cpu_socket,AM5,
7529,1102,ram_type,DDR5,
7530,1102,ram_socket,4,EA
7531,1102,form_factor,M-ATX,
7532,1102,chipset,B650,
7533,1102,m2_slots,3,EA
7534,1102,max_ram_capacity_gb,256,GB
7535,1103,cpu_socket,AM5,
7536,1103,ram_type,DDR5,
7537,1103,ram_socket,4,EA
7538,1103,form_factor,ATX,
7539,1103,chipset,B850,
7540,1103,m2_slots,3,EA
7541,1103,max_ram_capacity_gb,256,GB
7542,1104,cpu_socket,AM5,
7543,1104,ram_type,DDR5,
7544,1104,ram_socket,4,EA
7545,1104,form_factor,ATX,
7546,1104,chipset,X870,
7547,1104,m2_slots,3,EA
7548,1104,max_ram_capacity_gb,256,GB
7549,1105,cpu_socket,AM5,
7550,1105,ram_type,DDR5,
7551,1105,ram_socket,4,EA
7552,1105,form_factor,ATX,
7553,1105,chipset,B650,
7554,1105,m2_slots,3,EA
7555,1105,max_ram_capacity_gb,192,GB
7556,1106,cpu_socket,AM5,
7557,1106,ram_type,DDR5,
7558,1106,ram_socket,4,EA
7559,1106,form_factor,M-ATX,
7560,1106,chipset,B650,
7561,1106,m2_slots,2,EA
7562,1106,max_ram_capacity_gb,192,GB
7563,1107,cpu_socket,AM5,
7564,1107,ram_type,DDR5,
7565,1107,ram_socket,4,EA
7566,1107,form_factor,ATX,
7567,1107,chipset,X870,
7568,1107,m2_slots,3,EA
7569,1107,max_ram_capacity_gb,256,GB
7570,1108,cpu_socket,AM5,
7571,1108,ram_type,DDR5,
7572,1108,ram_socket,4,EA
7573,1108,form_factor,M-ATX,
7574,1108,chipset,B650,
7575,1108,m2_slots,3,EA
7576,1108,max_ram_capacity_gb,192,GB
7577,1109,cpu_socket,AM5,
7578,1109,ram_type,DDR5,
7579,1109,ram_socket,4,EA
7580,1109,form_factor,ATX,
7581,1109,chipset,B650E,
7582,1109,m2_slots,3,EA
7583,1109,max_ram_capacity_gb,192,GB
7584,1110,cpu_socket,AM5,
7585,1110,ram_type,DDR5,
7586,1110,ram_socket,4,EA
7587,1110,form_factor,M-ATX,
7588,1110,chipset,B650,
7589,1110,m2_slots,3,EA
7590,1110,max_ram_capacity_gb,192,GB
7591,1111,cpu_socket,AM5,
7592,1111,ram_type,DDR5,
7593,1111,ram_socket,4,EA
7594,1111,form_factor,ATX,
7595,1111,chipset,B650,
7596,1111,m2_slots,3,EA
7597,1111,max_ram_capacity_gb,128,GB
7598,1112,cpu_socket,AM5,
7599,1112,ram_type,DDR5,
7600,1112,ram_socket,4,EA
7601,1112,form_factor,ATX,
7602,1112,chipset,B650E,
7603,1112,m2_slots,3,EA
7604,1112,max_ram_capacity_gb,192,GB
7605,1113,cpu_socket,AM5,
7606,1113,ram_type,DDR5,
7607,1113,ram_socket,4,EA
7608,1113,form_factor,M-ATX,
7609,1113,chipset,B650,
7610,1113,m2_slots,3,EA
7611,1113,max_ram_capacity_gb,256,GB
7612,1114,cpu_socket,AM5,
7613,1114,ram_type,DDR5,
7614,1114,ram_socket,4,EA
7615,1114,form_factor,M-ATX,
7616,1114,chipset,B650,
7617,1114,m2_slots,3,EA
7618,1114,max_ram_capacity_gb,256,GB
7619,1115,cpu_socket,AM5,
7620,1115,ram_type,DDR5,
7621,1115,ram_socket,2,EA
7622,1115,form_factor,M-ATX,
7623,1115,chipset,A620A,
7624,1115,m2_slots,2,EA
7625,1115,max_ram_capacity_gb,128,GB
7626,1116,cpu_socket,LGA1200,
7627,1116,ram_type,DDR4,
7628,1116,ram_socket,4,EA
7629,1116,form_factor,M-ATX,
7630,1116,chipset,B560,
7631,1116,m2_slots,3,EA
7632,1116,max_ram_capacity_gb,128,GB
7633,1117,cpu_socket,LGA1200,
7634,1117,ram_type,DDR4,
7635,1117,ram_socket,2,EA
7636,1117,form_factor,M-ATX,
7637,1117,chipset,B560,
7638,1117,m2_slots,1,EA
7639,1117,max_ram_capacity_gb,64,GB
7640,1118,cpu_socket,LGA1200,
7641,1118,ram_type,DDR4,
7642,1118,ram_socket,4,EA
7643,1118,form_factor,ATX,
7644,1118,chipset,B560,
7645,1118,m2_slots,3,EA
7646,1118,max_ram_capacity_gb,128,GB
7647,1119,cpu_socket,LGA1200,
7648,1119,ram_type,DDR4,
7649,1119,ram_socket,2,EA
7650,1119,form_factor,M-ATX,
7651,1119,chipset,H470,
7652,1119,m2_slots,1,EA
7653,1119,max_ram_capacity_gb,64,GB
7654,1120,cpu_socket,LGA1700,
7655,1120,ram_type,DDR4,
7656,1120,ram_socket,4,EA
7657,1120,form_factor,M-ATX,
7658,1120,chipset,B760,
7659,1120,m2_slots,2,EA
7660,1120,max_ram_capacity_gb,128,GB
7661,1121,cpu_socket,LGA1700,
7662,1121,ram_type,DDR4,
7663,1121,ram_socket,2,EA
7664,1121,form_factor,M-ATX,
7665,1121,chipset,H610,
7666,1121,m2_slots,1,EA
7667,1121,max_ram_capacity_gb,64,GB
7668,1122,cpu_socket,LGA1700,
7669,1122,ram_type,DDR5,
7670,1122,ram_socket,2,EA
7671,1122,form_factor,M-ATX,
7672,1122,chipset,B760,
7673,1122,m2_slots,2,EA
7674,1122,max_ram_capacity_gb,96,GB
7675,1123,cpu_socket,LGA1700,
7676,1123,ram_type,DDR5,
7677,1123,ram_socket,2,EA
7678,1123,form_factor,M-ATX,
7679,1123,chipset,H610,
7680,1123,m2_slots,1,EA
7681,1123,max_ram_capacity_gb,96,GB
7682,1124,cpu_socket,LGA1700,
7683,1124,ram_type,DDR4,
7684,1124,ram_socket,2,EA
7685,1124,form_factor,M-ATX,
7686,1124,chipset,H610,
7687,1124,m2_slots,1,EA
7688,1124,max_ram_capacity_gb,64,GB
7689,1125,cpu_socket,LGA1700,
7690,1125,ram_type,DDR4,
7691,1125,ram_socket,2,EA
7692,1125,form_factor,M-ATX,
7693,1125,chipset,H610,
7694,1125,m2_slots,1,EA
7695,1125,max_ram_capacity_gb,64,GB
7696,1126,cpu_socket,LGA1700,
7697,1126,ram_type,DDR4,
7698,1126,ram_socket,4,EA
7699,1126,form_factor,M-ATX,
7700,1126,chipset,B760,
7701,1126,m2_slots,2,EA
7702,1126,max_ram_capacity_gb,128,GB
7703,1127,cpu_socket,LGA1700,
7704,1127,ram_type,DDR5,
7705,1127,ram_socket,4,EA
7706,1127,form_factor,M-ATX,
7707,1127,chipset,B760,
7708,1127,m2_slots,3,EA
7709,1127,max_ram_capacity_gb,192,GB
7710,1128,cpu_socket,LGA1700,
7711,1128,ram_type,DDR4,
7712,1128,ram_socket,2,EA
7713,1128,form_factor,M-ITX,
7714,1128,chipset,H610,
7715,1128,m2_slots,2,EA
7716,1128,max_ram_capacity_gb,64,GB
7717,1129,cpu_socket,LGA1700,
7718,1129,ram_type,DDR5,
7719,1129,ram_socket,2,EA
7720,1129,form_factor,M-ATX,
7721,1129,chipset,H610,
7722,1129,m2_slots,1,EA
7723,1129,max_ram_capacity_gb,96,GB
7724,1130,cpu_socket,LGA1700,
7725,1130,ram_type,DDR5,
7726,1130,ram_socket,4,EA
7727,1130,form_factor,M-ATX,
7728,1130,chipset,B760,
7729,1130,m2_slots,3,EA
7730,1130,max_ram_capacity_gb,256,GB
7731,1131,cpu_socket,LGA1700,
7732,1131,ram_type,DDR5,
7733,1131,ram_socket,2,EA
7734,1131,form_factor,M-ATX,
7735,1131,chipset,H610,
7736,1131,m2_slots,1,EA
7737,1131,max_ram_capacity_gb,96,GB
7738,1132,cpu_socket,LGA1700,
7739,1132,ram_type,DDR4,
7740,1132,ram_socket,4,EA
7741,1132,form_factor,M-ATX,
7742,1132,chipset,B660,
7743,1132,m2_slots,2,EA
7744,1132,max_ram_capacity_gb,128,GB
7745,1133,cpu_socket,LGA1700,
7746,1133,ram_type,DDR5,
7747,1133,ram_socket,2,EA
7748,1133,form_factor,M-ATX,
7749,1133,chipset,H610,
7750,1133,m2_slots,1,EA
7751,1133,max_ram_capacity_gb,128,GB
7752,1134,cpu_socket,LGA1700,
7753,1134,ram_type,DDR4,
7754,1134,ram_socket,2,EA
7755,1134,form_factor,M-ATX,
7756,1134,chipset,H610,
7757,1134,m2_slots,1,EA
7758,1134,max_ram_capacity_gb,64,GB
7759,1135,cpu_socket,LGA1700,
7760,1135,ram_type,DDR5,
7761,1135,ram_socket,2,EA
7762,1135,form_factor,M-ATX,
7763,1135,chipset,H610,
7764,1135,m2_slots,1,EA
7765,1135,max_ram_capacity_gb,96,GB
7766,1136,cpu_socket,LGA1700,
7767,1136,ram_type,DDR5,
7768,1136,ram_socket,4,EA
7769,1136,form_factor,M-ATX,
7770,1136,chipset,B760,
7771,1136,m2_slots,3,EA
7772,1136,max_ram_capacity_gb,192,GB
7773,1137,cpu_socket,LGA1700,
7774,1137,ram_type,DDR5,
7775,1137,ram_socket,2,EA
7776,1137,form_factor,M-ATX,
7777,1137,chipset,H610,
7778,1137,m2_slots,1,EA
7779,1137,max_ram_capacity_gb,128,GB
7780,1138,cpu_socket,LGA1700,
7781,1138,ram_type,DDR5,
7782,1138,ram_socket,2,EA
7783,1138,form_factor,M-ATX,
7784,1138,chipset,H610,
7785,1138,m2_slots,1,EA
7786,1138,max_ram_capacity_gb,96,GB
7787,1139,cpu_socket,LGA1700,
7788,1139,ram_type,DDR4,
7789,1139,ram_socket,2,EA
7790,1139,form_factor,M-ATX,
7791,1139,chipset,H610,
7792,1139,m2_slots,1,EA
7793,1139,max_ram_capacity_gb,64,GB
7794,1140,cpu_socket,LGA1700,
7795,1140,ram_type,DDR5,
7796,1140,ram_socket,2,EA
7797,1140,form_factor,M-ATX,
7798,1140,chipset,H610,
7799,1140,m2_slots,1,EA
7800,1140,max_ram_capacity_gb,128,GB
7801,1141,cpu_socket,LGA1700,
7802,1141,ram_type,DDR5,
7803,1141,ram_socket,2,EA
7804,1141,form_factor,M-ATX,
7805,1141,chipset,H610,
7806,1141,m2_slots,1,EA
7807,1141,max_ram_capacity_gb,96,GB
7808,1142,cpu_socket,LGA1700,
7809,1142,ram_type,DDR5,
7810,1142,ram_socket,2,EA
7811,1142,form_factor,M-ATX,
7812,1142,chipset,H610,
7813,1142,m2_slots,1,EA
7814,1142,max_ram_capacity_gb,128,GB
7815,1143,cpu_socket,LGA1700,
7816,1143,ram_type,DDR5,
7817,1143,ram_socket,2,EA
7818,1143,form_factor,M-ATX,
7819,1143,chipset,B760,
7820,1143,m2_slots,2,EA
7821,1143,max_ram_capacity_gb,128,GB
7822,1144,cpu_socket,LGA1700,
7823,1144,ram_type,DDR5,
7824,1144,ram_socket,2,EA
7825,1144,form_factor,M-ATX,
7826,1144,chipset,H610,
7827,1144,m2_slots,1,EA
7828,1144,max_ram_capacity_gb,96,GB
7829,1145,cpu_socket,LGA1700,
7830,1145,ram_type,DDR5,
7831,1145,ram_socket,4,EA
7832,1145,form_factor,M-ATX,
7833,1145,chipset,B760,
7834,1145,m2_slots,3,EA
7835,1145,max_ram_capacity_gb,192,GB
7836,1146,cpu_socket,LGA1700,
7837,1146,ram_type,DDR5,
7838,1146,ram_socket,2,EA
7839,1146,form_factor,M-ATX,
7840,1146,chipset,H610,
7841,1146,m2_slots,1,EA
7842,1146,max_ram_capacity_gb,96,GB
7843,1147,cpu_socket,LGA1700,
7844,1147,ram_type,DDR5,
7845,1147,ram_socket,2,EA
7846,1147,form_factor,M-ATX,
7847,1147,chipset,H610,
7848,1147,m2_slots,1,EA
7849,1147,max_ram_capacity_gb,128,GB
7850,1148,cpu_socket,LGA1700,
7851,1148,ram_type,DDR5,
7852,1148,ram_socket,2,EA
7853,1148,form_factor,M-ATX,
7854,1148,chipset,H610,
7855,1148,m2_slots,1,EA
7856,1148,max_ram_capacity_gb,96,GB
7857,1149,cpu_socket,LGA1700,
7858,1149,ram_type,DDR5,
7859,1149,ram_socket,4,EA
7860,1149,form_factor,ATX,
7861,1149,chipset,Z790,
7862,1149,m2_slots,4,EA
7863,1149,max_ram_capacity_gb,256,GB
7864,1150,cpu_socket,LGA1700,
7865,1150,ram_type,DDR5,
7866,1150,ram_socket,2,EA
7867,1150,form_factor,M-ATX,
7868,1150,chipset,H610,
7869,1150,m2_slots,1,EA
7870,1150,max_ram_capacity_gb,128,GB
7871,1151,cpu_socket,LGA1700,
7872,1151,ram_type,DDR5,
7873,1151,ram_socket,2,EA
7874,1151,form_factor,M-ATX,
7875,1151,chipset,H610,
7876,1151,m2_slots,1,EA
7877,1151,max_ram_capacity_gb,96,GB
7878,1152,cpu_socket,LGA1700,
7879,1152,ram_type,DDR5,
7880,1152,ram_socket,4,EA
7881,1152,form_factor,M-ATX,
7882,1152,chipset,B760,
7883,1152,m2_slots,3,EA
7884,1152,max_ram_capacity_gb,192,GB
7885,1153,cpu_socket,LGA1700,
7886,1153,ram_type,DDR5,
7887,1153,ram_socket,2,EA
7888,1153,form_factor,M-ATX,
7889,1153,chipset,H610,
7890,1153,m2_slots,1,EA
7891,1153,max_ram_capacity_gb,128,GB
7892,1154,cpu_socket,LGA1700,
7893,1154,ram_type,DDR5,
7894,1154,ram_socket,2,EA
7895,1154,form_factor,M-ATX,
7896,1154,chipset,H610,
7897,1154,m2_slots,1,EA
7898,1154,max_ram_capacity_gb,128,GB
7899,1155,cpu_socket,LGA1700,
7900,1155,ram_type,DDR4,
7901,1155,ram_socket,2,EA
7902,1155,form_factor,M-ATX,
7903,1155,chipset,B660,
7904,1155,m2_slots,2,EA
7905,1155,max_ram_capacity_gb,64,GB
7906,1156,cpu_socket,LGA1700,
7907,1156,ram_type,DDR5,
7908,1156,ram_socket,4,EA
7909,1156,form_factor,M-ATX,
7910,1156,chipset,B760,
7911,1156,m2_slots,3,EA
7912,1156,max_ram_capacity_gb,256,GB
7913,1157,cpu_socket,LGA1700,
7914,1157,ram_type,DDR4,
7915,1157,ram_socket,2,EA
7916,1157,form_factor,M-ATX,
7917,1157,chipset,H610,
7918,1157,m2_slots,1,EA
7919,1157,max_ram_capacity_gb,64,GB
7920,1158,cpu_socket,LGA1700,
7921,1158,ram_type,DDR4,
7922,1158,ram_socket,2,EA
7923,1158,form_factor,M-ATX,
7924,1158,chipset,H610,
7925,1158,m2_slots,1,EA
7926,1158,max_ram_capacity_gb,64,GB
7927,1159,cpu_socket,LGA1700,
7928,1159,ram_type,DDR5,
7929,1159,ram_socket,4,EA
7930,1159,form_factor,M-ATX,
7931,1159,chipset,B760,
7932,1159,m2_slots,3,EA
7933,1159,max_ram_capacity_gb,128,GB
7934,1160,cpu_socket,LGA1700,
7935,1160,ram_type,DDR5,
7936,1160,ram_socket,4,EA
7937,1160,form_factor,M-ATX,
7938,1160,chipset,B760,
7939,1160,m2_slots,3,EA
7940,1160,max_ram_capacity_gb,192,GB
7941,1161,cpu_socket,LGA1700,
7942,1161,ram_type,DDR5,
7943,1161,ram_socket,2,EA
7944,1161,form_factor,M-ATX,
7945,1161,chipset,H610,
7946,1161,m2_slots,1,EA
7947,1161,max_ram_capacity_gb,96,GB
7948,1162,cpu_socket,LGA1700,
7949,1162,ram_type,DDR5,
7950,1162,ram_socket,4,EA
7951,1162,form_factor,ATX,
7952,1162,chipset,Z790,
7953,1162,m2_slots,4,EA
7954,1162,max_ram_capacity_gb,128,GB
7955,1163,cpu_socket,LGA1700,
7956,1163,ram_type,DDR5,
7957,1163,ram_socket,4,EA
7958,1163,form_factor,ATX,
7959,1163,chipset,Z790,
7960,1163,m2_slots,4,EA
7961,1163,max_ram_capacity_gb,128,GB
7962,1164,cpu_socket,LGA1700,
7963,1164,ram_type,DDR4,
7964,1164,ram_socket,2,EA
7965,1164,form_factor,M-ATX,
7966,1164,chipset,H610,
7967,1164,m2_slots,1,EA
7968,1164,max_ram_capacity_gb,64,GB
7969,1165,cpu_socket,LGA1700,
7970,1165,ram_type,DDR5,
7971,1165,ram_socket,4,EA
7972,1165,form_factor,ATX,
7973,1165,chipset,Z790,
7974,1165,m2_slots,4,EA
7975,1165,max_ram_capacity_gb,128,GB
7976,1166,cpu_socket,LGA1700,
7977,1166,ram_type,DDR5,
7978,1166,ram_socket,4,EA
7979,1166,form_factor,ATX,
7980,1166,chipset,Z790,
7981,1166,m2_slots,4,EA
7982,1166,max_ram_capacity_gb,128,GB
7983,1167,cpu_socket,LGA1700,
7984,1167,ram_type,DDR5,
7985,1167,ram_socket,4,EA
7986,1167,form_factor,M-ATX,
7987,1167,chipset,B760,
7988,1167,m2_slots,3,EA
7989,1167,max_ram_capacity_gb,192,GB
7990,1168,cpu_socket,LGA1700,
7991,1168,ram_type,DDR4,
7992,1168,ram_socket,2,EA
7993,1168,form_factor,M-ATX,
7994,1168,chipset,H610,
7995,1168,m2_slots,1,EA
7996,1168,max_ram_capacity_gb,64,GB
7997,1169,cpu_socket,LGA1700,
7998,1169,ram_type,DDR5,
7999,1169,ram_socket,4,EA
8000,1169,form_factor,M-ATX,
8001,1169,chipset,B760,
8002,1169,m2_slots,3,EA
8003,1169,max_ram_capacity_gb,192,GB
8004,1170,cpu_socket,LGA1700,
8005,1170,ram_type,DDR5,
8006,1170,ram_socket,4,EA
8007,1170,form_factor,ATX,
8008,1170,chipset,Z790,
8009,1170,m2_slots,4,EA
8010,1170,max_ram_capacity_gb,128,GB
8011,1171,cpu_socket,LGA1700,
8012,1171,ram_type,DDR4,
8013,1171,ram_socket,2,EA
8014,1171,form_factor,M-ATX,
8015,1171,chipset,H610,
8016,1171,m2_slots,1,EA
8017,1171,max_ram_capacity_gb,64,GB
8018,1172,cpu_socket,LGA1700,
8019,1172,ram_type,DDR4,
8020,1172,ram_socket,2,EA
8021,1172,form_factor,M-ATX,
8022,1172,chipset,H610,
8023,1172,m2_slots,1,EA
8024,1172,max_ram_capacity_gb,64,GB
8025,1173,cpu_socket,LGA1700,
8026,1173,ram_type,DDR4,
8027,1173,ram_socket,4,EA
8028,1173,form_factor,M-ATX,
8029,1173,chipset,B760,
8030,1173,m2_slots,2,EA
8031,1173,max_ram_capacity_gb,128,GB
8032,1174,cpu_socket,LGA1700,
8033,1174,ram_type,DDR4,
8034,1174,ram_socket,4,EA
8035,1174,form_factor,M-ATX,
8036,1174,chipset,B760,
8037,1174,m2_slots,2,EA
8038,1174,max_ram_capacity_gb,128,GB
8039,1175,cpu_socket,LGA1700,
8040,1175,ram_type,DDR4,
8041,1175,ram_socket,2,EA
8042,1175,form_factor,M-ATX,
8043,1175,chipset,H610,
8044,1175,m2_slots,1,EA
8045,1175,max_ram_capacity_gb,64,GB
8046,1176,cpu_socket,LGA1700,
8047,1176,ram_type,DDR5,
8048,1176,ram_socket,2,EA
8049,1176,form_factor,M-ATX,
8050,1176,chipset,H610,
8051,1176,m2_slots,1,EA
8052,1176,max_ram_capacity_gb,96,GB
8053,1177,cpu_socket,LGA1700,
8054,1177,ram_type,DDR5,
8055,1177,ram_socket,2,EA
8056,1177,form_factor,M-ATX,
8057,1177,chipset,H610,
8058,1177,m2_slots,1,EA
8059,1177,max_ram_capacity_gb,96,GB
8060,1178,cpu_socket,LGA1700,
8061,1178,ram_type,DDR4,
8062,1178,ram_socket,2,EA
8063,1178,form_factor,M-ITX,
8064,1178,chipset,H610,
8065,1178,m2_slots,2,EA
8066,1178,max_ram_capacity_gb,64,GB
8067,1179,cpu_socket,LGA1851,
8068,1179,ram_type,DDR5,
8069,1179,ram_socket,4,EA
8070,1179,form_factor,M-ATX,
8071,1179,chipset,B860,
8072,1179,m2_slots,3,EA
8073,1179,max_ram_capacity_gb,256,GB
8074,1180,cpu_socket,LGA1851,
8075,1180,ram_type,DDR5,
8076,1180,ram_socket,4,EA
8077,1180,form_factor,M-ATX,
8078,1180,chipset,B860,
8079,1180,m2_slots,3,EA
8080,1180,max_ram_capacity_gb,256,GB
8081,1181,cpu_socket,LGA1851,
8082,1181,ram_type,DDR5,
8083,1181,ram_socket,4,EA
8084,1181,form_factor,ATX,
8085,1181,chipset,Z890,
8086,1181,m2_slots,4,EA
8087,1181,max_ram_capacity_gb,256,GB
8088,1182,cpu_socket,LGA1851,
8089,1182,ram_type,DDR5,
8090,1182,ram_socket,4,EA
8091,1182,form_factor,ATX,
8092,1182,chipset,Z890,
8093,1182,m2_slots,6,EA
8094,1182,max_ram_capacity_gb,256,GB
8095,1183,cpu_socket,LGA1851,
8096,1183,ram_type,DDR5,
8097,1183,ram_socket,4,EA
8098,1183,form_factor,ATX,
8099,1183,chipset,Z890,
8100,1183,m2_slots,4,EA
8101,1183,max_ram_capacity_gb,256,GB
8102,1184,cpu_socket,LGA1851,
8103,1184,ram_type,DDR5,
8104,1184,ram_socket,4,EA
8105,1184,form_factor,ATX,
8106,1184,chipset,Z890,
8107,1184,m2_slots,6,EA
8108,1184,max_ram_capacity_gb,256,GB
8109,1185,cpu_socket,LGA1851,
8110,1185,ram_type,DDR5,
8111,1185,ram_socket,4,EA
8112,1185,form_factor,ATX,
8113,1185,chipset,Z890,
8114,1185,m2_slots,4,EA
8115,1185,max_ram_capacity_gb,256,GB
8116,1186,cpu_socket,LGA1851,
8117,1186,ram_type,DDR5,
8118,1186,ram_socket,4,EA
8119,1186,form_factor,ATX,
8120,1186,chipset,B860,
8121,1186,m2_slots,3,EA
8122,1186,max_ram_capacity_gb,256,GB
8123,1187,cpu_socket,LGA1851,
8124,1187,ram_type,DDR5,
8125,1187,ram_socket,2,EA
8126,1187,form_factor,M-ITX,
8127,1187,chipset,H810,
8128,1187,m2_slots,2,EA
8129,1187,max_ram_capacity_gb,128,GB
8130,1188,cpu_socket,LGA1851,
8131,1188,ram_type,DDR5,
8132,1188,ram_socket,2,EA
8133,1188,form_factor,M-ITX,
8134,1188,chipset,B860,
8135,1188,m2_slots,2,EA
8136,1188,max_ram_capacity_gb,128,GB
8137,1189,cpu_socket,LGA1851,
8138,1189,ram_type,DDR5,
8139,1189,ram_socket,2,EA
8140,1189,form_factor,M-ATX,
8141,1189,chipset,B860,
8142,1189,m2_slots,2,EA
8143,1189,max_ram_capacity_gb,128,GB
8144,1190,cpu_socket,LGA1851,
8145,1190,ram_type,DDR5,
8146,1190,ram_socket,2,EA
8147,1190,form_factor,M-ATX,
8148,1190,chipset,B860,
8149,1190,m2_slots,2,EA
8150,1190,max_ram_capacity_gb,128,GB
8151,1191,cpu_socket,LGA1851,
8152,1191,ram_type,DDR5,
8153,1191,ram_socket,4,EA
8154,1191,form_factor,M-ATX,
8155,1191,chipset,B860,
8156,1191,m2_slots,3,EA
8157,1191,max_ram_capacity_gb,256,GB
8158,1192,cpu_socket,LGA1851,
8159,1192,ram_type,DDR5,
8160,1192,ram_socket,4,EA
8161,1192,form_factor,ATX,
8162,1192,chipset,Z890,
8163,1192,m2_slots,4,EA
8164,1192,max_ram_capacity_gb,256,GB
8165,1193,cpu_socket,LGA1851,
8166,1193,ram_type,DDR5,
8167,1193,ram_socket,4,EA
8168,1193,form_factor,ATX,
8169,1193,chipset,B860,
8170,1193,m2_slots,3,EA
8171,1193,max_ram_capacity_gb,256,GB
8172,1194,cpu_socket,LGA1851,
8173,1194,ram_type,DDR5,
8174,1194,ram_socket,4,EA
8175,1194,form_factor,ATX,
8176,1194,chipset,Z890,
8177,1194,m2_slots,4,EA
8178,1194,max_ram_capacity_gb,256,GB
8179,1195,cpu_socket,LGA1851,
8180,1195,ram_type,DDR5,
8181,1195,ram_socket,4,EA
8182,1195,form_factor,ATX,
8183,1195,chipset,Z890,
8184,1195,m2_slots,4,EA
8185,1195,max_ram_capacity_gb,256,GB
8186,1196,cpu_socket,LGA1851,
8187,1196,ram_type,DDR5,
8188,1196,ram_socket,2,EA
8189,1196,form_factor,M-ATX,
8190,1196,chipset,B860,
8191,1196,m2_slots,2,EA
8192,1196,max_ram_capacity_gb,128,GB
8193,1197,cpu_socket,LGA1851,
8194,1197,ram_type,DDR5,
8195,1197,ram_socket,4,EA
8196,1197,form_factor,M-ATX,
8197,1197,chipset,B860,
8198,1197,m2_slots,3,EA
8199,1197,max_ram_capacity_gb,256,GB
8200,1198,cpu_socket,LGA1851,
8201,1198,ram_type,DDR5,
8202,1198,ram_socket,2,EA
8203,1198,form_factor,M-ATX,
8204,1198,chipset,B860,
8205,1198,m2_slots,2,EA
8206,1198,max_ram_capacity_gb,128,GB
8207,1199,cpu_socket,LGA1851,
8208,1199,ram_type,DDR5,
8209,1199,ram_socket,2,EA
8210,1199,form_factor,M-ATX,
8211,1199,chipset,B860,
8212,1199,m2_slots,2,EA
8213,1199,max_ram_capacity_gb,128,GB
8214,1200,cpu_socket,LGA1851,
8215,1200,ram_type,DDR5,
8216,1200,ram_socket,4,EA
8217,1200,form_factor,ATX,
8218,1200,chipset,Z890,
8219,1200,m2_slots,6,EA
8220,1200,max_ram_capacity_gb,256,GB
8221,1201,cpu_socket,LGA1851,
8222,1201,ram_type,DDR5,
8223,1201,ram_socket,2,EA
8224,1201,form_factor,M-ATX,
8225,1201,chipset,H810,
8226,1201,m2_slots,1,EA
8227,1201,max_ram_capacity_gb,128,GB
8228,1202,cpu_socket,LGA1851,
8229,1202,ram_type,DDR5,
8230,1202,ram_socket,4,EA
8231,1202,form_factor,M-ATX,
8232,1202,chipset,B860,
8233,1202,m2_slots,3,EA
8234,1202,max_ram_capacity_gb,256,GB
8235,1203,cpu_socket,LGA1851,
8236,1203,ram_type,DDR5,
8237,1203,ram_socket,4,EA
8238,1203,form_factor,M-ATX,
8239,1203,chipset,B860,
8240,1203,m2_slots,3,EA
8241,1203,max_ram_capacity_gb,256,GB
8242,1204,cpu_socket,LGA1851,
8243,1204,ram_type,DDR5,
8244,1204,ram_socket,4,EA
8245,1204,form_factor,ATX,
8246,1204,chipset,Z890,
8247,1204,m2_slots,4,EA
8248,1204,max_ram_capacity_gb,256,GB
8249,1205,cpu_socket,LGA1851,
8250,1205,ram_type,DDR5,
8251,1205,ram_socket,2,EA
8252,1205,form_factor,M-ITX,
8253,1205,chipset,Z890,
8254,1205,m2_slots,3,EA
8255,1205,max_ram_capacity_gb,128,GB
8256,1206,cpu_socket,LGA1851,
8257,1206,ram_type,DDR5,
8258,1206,ram_socket,4,EA
8259,1206,form_factor,ATX,
8260,1206,chipset,Z890,
8261,1206,m2_slots,4,EA
8262,1206,max_ram_capacity_gb,256,GB
8263,1207,cpu_socket,LGA1851,
8264,1207,ram_type,DDR5,
8265,1207,ram_socket,2,EA
8266,1207,form_factor,M-ATX,
8267,1207,chipset,B860,
8268,1207,m2_slots,2,EA
8269,1207,max_ram_capacity_gb,128,GB
8270,1208,cpu_socket,LGA1851,
8271,1208,ram_type,DDR5,
8272,1208,ram_socket,2,EA
8273,1208,form_factor,M-ITX,
8274,1208,chipset,B860,
8275,1208,m2_slots,2,EA
8276,1208,max_ram_capacity_gb,128,GB
8277,1209,cpu_socket,LGA1851,
8278,1209,ram_type,DDR5,
8279,1209,ram_socket,4,EA
8280,1209,form_factor,ATX,
8281,1209,chipset,B860,
8282,1209,m2_slots,3,EA
8283,1209,max_ram_capacity_gb,256,GB
8284,1210,cpu_socket,LGA1851,
8285,1210,ram_type,DDR5,
8286,1210,ram_socket,2,EA
8287,1210,form_factor,M-ATX,
8288,1210,chipset,H810,
8289,1210,m2_slots,1,EA
8290,1210,max_ram_capacity_gb,128,GB
8291,1211,cpu_socket,LGA1851,
8292,1211,ram_type,DDR5,
8293,1211,ram_socket,2,EA
8294,1211,form_factor,M-ATX,
8295,1211,chipset,H810,
8296,1211,m2_slots,1,EA
8297,1211,max_ram_capacity_gb,128,GB
8298,1212,cpu_socket,LGA1851,
8299,1212,ram_type,DDR5,
8300,1212,ram_socket,4,EA
8301,1212,form_factor,M-ATX,
8302,1212,chipset,B860,
8303,1212,m2_slots,4,EA
8304,1212,max_ram_capacity_gb,256,GB
8305,1213,cpu_socket,LGA1851,
8306,1213,ram_type,DDR5,
8307,1213,ram_socket,4,EA
8308,1213,form_factor,ATX,
8309,1213,chipset,B860,
8310,1213,m2_slots,3,EA
8311,1213,max_ram_capacity_gb,256,GB
8312,1214,cpu_socket,LGA1851,
8313,1214,ram_type,DDR5,
8314,1214,ram_socket,4,EA
8315,1214,form_factor,ATX,
8316,1214,chipset,Z890,
8317,1214,m2_slots,4,EA
8318,1214,max_ram_capacity_gb,256,GB
8319,1215,cpu_socket,LGA1851,
8320,1215,ram_type,DDR5,
8321,1215,ram_socket,4,EA
8322,1215,form_factor,ATX,
8323,1215,chipset,B860,
8324,1215,m2_slots,3,EA
8325,1215,max_ram_capacity_gb,256,GB
8326,1216,cpu_socket,LGA1851,
8327,1216,ram_type,DDR5,
8328,1216,ram_socket,4,EA
8329,1216,form_factor,M-ATX,
8330,1216,chipset,B860,
8331,1216,m2_slots,3,EA
8332,1216,max_ram_capacity_gb,256,GB
8333,1217,cpu_socket,LGA1851,
8334,1217,ram_type,DDR5,
8335,1217,ram_socket,4,EA
8336,1217,form_factor,ATX,
8337,1217,chipset,Z890,
8338,1217,m2_slots,6,EA
8339,1217,max_ram_capacity_gb,256,GB
8340,1218,cpu_socket,LGA1851,
8341,1218,ram_type,DDR5,
8342,1218,ram_socket,4,EA
8343,1218,form_factor,ATX,
8344,1218,chipset,B860,
8345,1218,m2_slots,3,EA
8346,1218,max_ram_capacity_gb,256,GB
8347,1219,cpu_socket,LGA1851,
8348,1219,ram_type,DDR5,
8349,1219,ram_socket,4,EA
8350,1219,form_factor,ATX,
8351,1219,chipset,B860,
8352,1219,m2_slots,3,EA
8353,1219,max_ram_capacity_gb,256,GB
8354,1220,cpu_socket,LGA1851,
8355,1220,ram_type,DDR5,
8356,1220,ram_socket,4,EA
8357,1220,form_factor,ATX,
8358,1220,chipset,Z890,
8359,1220,m2_slots,4,EA
8360,1220,max_ram_capacity_gb,256,GB
8361,1221,cpu_socket,LGA1851,
8362,1221,ram_type,DDR5,
8363,1221,ram_socket,2,EA
8364,1221,form_factor,M-ATX,
8365,1221,chipset,H810,
8366,1221,m2_slots,1,EA
8367,1221,max_ram_capacity_gb,128,GB
8368,1222,cpu_socket,LGA1851,
8369,1222,ram_type,DDR5,
8370,1222,ram_socket,4,EA
8371,1222,form_factor,M-ATX,
8372,1222,chipset,B860,
8373,1222,m2_slots,3,EA
8374,1222,max_ram_capacity_gb,256,GB
8375,1223,cpu_socket,LGA1851,
8376,1223,ram_type,DDR5,
8377,1223,ram_socket,4,EA
8378,1223,form_factor,ATX,
8379,1223,chipset,B860,
8380,1223,m2_slots,3,EA
8381,1223,max_ram_capacity_gb,256,GB
8382,1224,cpu_socket,LGA1851,
8383,1224,ram_type,DDR5,
8384,1224,ram_socket,4,EA
8385,1224,form_factor,ATX,
8386,1224,chipset,Z890,
8387,1224,m2_slots,4,EA
8388,1224,max_ram_capacity_gb,256,GB
8389,1225,cpu_socket,LGA1851,
8390,1225,ram_type,DDR5,
8391,1225,ram_socket,2,EA
8392,1225,form_factor,M-ATX,
8393,1225,chipset,H810,
8394,1225,m2_slots,1,EA
8395,1225,max_ram_capacity_gb,128,GB
8396,1226,cpu_socket,LGA1851,
8397,1226,ram_type,DDR5,
8398,1226,ram_socket,4,EA
8399,1226,form_factor,ATX,
8400,1226,chipset,B860,
8401,1226,m2_slots,3,EA
8402,1226,max_ram_capacity_gb,256,GB
8403,1227,cpu_socket,LGA1851,
8404,1227,ram_type,DDR5,
8405,1227,ram_socket,2,EA
8406,1227,form_factor,M-ATX,
8407,1227,chipset,H810,
8408,1227,m2_slots,2,EA
8409,1227,max_ram_capacity_gb,128,GB
8410,1228,cpu_socket,LGA1851,
8411,1228,ram_type,DDR5,
8412,1228,ram_socket,4,EA
8413,1228,form_factor,ATX,
8414,1228,chipset,Z890,
8415,1228,m2_slots,4,EA
8416,1228,max_ram_capacity_gb,256,GB
8417,1229,cpu_socket,LGA1851,
8418,1229,ram_type,DDR5,
8419,1229,ram_socket,2,EA
8420,1229,form_factor,M-ATX,
8421,1229,chipset,H810,
8422,1229,m2_slots,1,EA
8423,1229,max_ram_capacity_gb,128,GB
8424,1230,cpu_socket,LGA1851,
8425,1230,ram_type,DDR5,
8426,1230,ram_socket,2,EA
8427,1230,form_factor,M-ATX,
8428,1230,chipset,H810,
8429,1230,m2_slots,1,EA
8430,1230,max_ram_capacity_gb,128,GB
8431,1231,cpu_socket,LGA1851,
8432,1231,ram_type,DDR5,
8433,1231,ram_socket,2,EA
8434,1231,form_factor,M-ATX,
8435,1231,chipset,H810,
8436,1231,m2_slots,1,EA
8437,1231,max_ram_capacity_gb,128,GB
8438,1232,cpu_socket,LGA1851,
8439,1232,ram_type,DDR5,
8440,1232,ram_socket,2,EA
8441,1232,form_factor,M-ATX,
8442,1232,chipset,B860,
8443,1232,m2_slots,2,EA
8444,1232,max_ram_capacity_gb,128,GB
8445,1233,cpu_socket,LGA1851,
8446,1233,ram_type,DDR5,
8447,1233,ram_socket,2,EA
8448,1233,form_factor,M-ATX,
8449,1233,chipset,H810,
8450,1233,m2_slots,1,EA
8451,1233,max_ram_capacity_gb,128,GB
8452,1234,cpu_socket,LGA1851,
8453,1234,ram_type,DDR5,
8454,1234,ram_socket,2,EA
8455,1234,form_factor,M-ATX,
8456,1234,chipset,B860,
8457,1234,m2_slots,2,EA
8458,1234,max_ram_capacity_gb,128,GB
8459,1235,cpu_socket,LGA1851,
8460,1235,ram_type,DDR5,
8461,1235,ram_socket,2,EA
8462,1235,form_factor,M-ATX,
8463,1235,chipset,H810,
8464,1235,m2_slots,1,EA
8465,1235,max_ram_capacity_gb,128,GB
8466,1236,cpu_socket,LGA1851,
8467,1236,ram_type,DDR5,
8468,1236,ram_socket,4,EA
8469,1236,form_factor,ATX,
8470,1236,chipset,Z890,
8471,1236,m2_slots,6,EA
8472,1236,max_ram_capacity_gb,256,GB
8473,1237,cpu_socket,LGA1851,
8474,1237,ram_type,DDR5,
8475,1237,ram_socket,2,EA
8476,1237,form_factor,M-ATX,
8477,1237,chipset,H810,
8478,1237,m2_slots,1,EA
8479,1237,max_ram_capacity_gb,128,GB
8480,1238,cpu_socket,LGA1851,
8481,1238,ram_type,DDR5,
8482,1238,ram_socket,2,EA
8483,1238,form_factor,M-ATX,
8484,1238,chipset,H810,
8485,1238,m2_slots,1,EA
8486,1238,max_ram_capacity_gb,128,GB
8487,1239,cpu_socket,LGA1851,
8488,1239,ram_type,DDR5,
8489,1239,ram_socket,2,EA
8490,1239,form_factor,M-ATX,
8491,1239,chipset,H810,
8492,1239,m2_slots,2,EA
8493,1239,max_ram_capacity_gb,128,GB
8494,1240,cpu_socket,LGA1851,
8495,1240,ram_type,DDR5,
8496,1240,ram_socket,2,EA
8497,1240,form_factor,M-ATX,
8498,1240,chipset,H810,
8499,1240,m2_slots,1,EA
8500,1240,max_ram_capacity_gb,128,GB
8501,1241,cpu_socket,LGA1851,
8502,1241,ram_type,DDR5,
8503,1241,ram_socket,2,EA
8504,1241,form_factor,M-ATX,
8505,1241,chipset,H810,
8506,1241,m2_slots,1,EA
8507,1241,max_ram_capacity_gb,128,GB
8508,1242,cpu_socket,LGA1851,
8509,1242,ram_type,DDR5,
8510,1242,ram_socket,2,EA
8511,1242,form_factor,M-ATX,
8512,1242,chipset,H810,
8513,1242,m2_slots,1,EA
8514,1242,max_ram_capacity_gb,128,GB
8515,1243,cpu_socket,LGA1851,
8516,1243,ram_type,DDR5,
8517,1243,ram_socket,2,EA
8518,1243,form_factor,ATX,
8519,1243,chipset,Z890,
8520,1243,m2_slots,6,EA
8521,1243,max_ram_capacity_gb,128,GB
8522,1244,cpu_socket,LGA1851,
8523,1244,ram_type,DDR5,
8524,1244,ram_socket,2,EA
8525,1244,form_factor,M-ATX,
8526,1244,chipset,H810,
8527,1244,m2_slots,1,EA
8528,1244,max_ram_capacity_gb,128,GB
8529,1245,cpu_socket,LGA1851,
8530,1245,ram_type,DDR5,
8531,1245,ram_socket,2,EA
8532,1245,form_factor,M-ATX,
8533,1245,chipset,B860,
8534,1245,m2_slots,2,EA
8535,1245,max_ram_capacity_gb,128,GB
8536,1246,cpu_socket,LGA1851,
8537,1246,ram_type,DDR5,
8538,1246,ram_socket,2,EA
8539,1246,form_factor,M-ATX,
8540,1246,chipset,H810,
8541,1246,m2_slots,1,EA
8542,1246,max_ram_capacity_gb,128,GB
8543,1247,cpu_socket,LGA1851,
8544,1247,ram_type,DDR5,
8545,1247,ram_socket,4,EA
8546,1247,form_factor,M-ATX,
8547,1247,chipset,B860,
8548,1247,m2_slots,3,EA
8549,1247,max_ram_capacity_gb,256,GB
8550,1248,cpu_socket,LGA1851,
8551,1248,ram_type,DDR5,
8552,1248,ram_socket,4,EA
8553,1248,form_factor,ATX,
8554,1248,chipset,Z890,
8555,1248,m2_slots,6,EA
8556,1248,max_ram_capacity_gb,256,GB
8557,1249,cpu_socket,LGA1851,
8558,1249,ram_type,DDR5,
8559,1249,ram_socket,4,EA
8560,1249,form_factor,M-ATX,
8561,1249,chipset,B860,
8562,1249,m2_slots,3,EA
8563,1249,max_ram_capacity_gb,256,GB
8564,1250,cpu_socket,LGA1851,
8565,1250,ram_type,DDR5,
8566,1250,ram_socket,4,EA
8567,1250,form_factor,ATX,
8568,1250,chipset,Z890,
8569,1250,m2_slots,4,EA
8570,1250,max_ram_capacity_gb,256,GB
8571,1251,cpu_socket,LGA1851,
8572,1251,ram_type,DDR5,
8573,1251,ram_socket,2,EA
8574,1251,form_factor,M-ATX,
8575,1251,chipset,B860,
8576,1251,m2_slots,2,EA
8577,1251,max_ram_capacity_gb,128,GB
8578,1252,cpu_socket,LGA1851,
8579,1252,ram_type,DDR5,
8580,1252,ram_socket,2,EA
8581,1252,form_factor,M-ATX,
8582,1252,chipset,B860,
8583,1252,m2_slots,2,EA
8584,1252,max_ram_capacity_gb,128,GB
8585,1253,cpu_socket,LGA1851,
8586,1253,ram_type,DDR5,
8587,1253,ram_socket,2,EA
8588,1253,form_factor,M-ATX,
8589,1253,chipset,H810,
8590,1253,m2_slots,1,EA
8591,1253,max_ram_capacity_gb,128,GB
8592,1254,cpu_socket,LGA1851,
8593,1254,ram_type,DDR5,
8594,1254,ram_socket,4,EA
8595,1254,form_factor,M-ATX,
8596,1254,chipset,B860,
8597,1254,m2_slots,4,EA
8598,1254,max_ram_capacity_gb,256,GB
8599,1255,cpu_socket,LGA1851,
8600,1255,ram_type,DDR5,
8601,1255,ram_socket,2,EA
8602,1255,form_factor,M-ATX,
8603,1255,chipset,H810,
8604,1255,m2_slots,1,EA
8605,1255,max_ram_capacity_gb,128,GB
8606,1256,cpu_socket,LGA1851,
8607,1256,ram_type,DDR5,
8608,1256,ram_socket,2,EA
8609,1256,form_factor,M-ATX,
8610,1256,chipset,H810,
8611,1256,m2_slots,1,EA
8612,1256,max_ram_capacity_gb,128,GB
8613,1257,cpu_socket,LGA1851,
8614,1257,ram_type,DDR5,
8615,1257,ram_socket,4,EA
8616,1257,form_factor,ATX,
8617,1257,chipset,B860,
8618,1257,m2_slots,4,EA
8619,1257,max_ram_capacity_gb,256,GB
8620,1258,cpu_socket,AM4,
8621,1258,ram_type,DDR4,
8622,1258,ram_socket,2,EA
8623,1258,form_factor,M-ATX,
8624,1258,chipset,A520,
8625,1258,m2_slots,1,EA
8626,1258,max_ram_capacity_gb,64,GB
8627,1259,cpu_socket,AM4,
8628,1259,ram_type,DDR4,
8629,1259,ram_socket,4,EA
8630,1259,form_factor,ATX,
8631,1259,chipset,X470,
8632,1259,m2_slots,2,EA
8633,1259,max_ram_capacity_gb,128,GB
8634,1260,cpu_socket,AM4,
8635,1260,ram_type,DDR4,
8636,1260,ram_socket,4,EA
8637,1260,form_factor,E-ATX,
8638,1260,chipset,X570,
8639,1260,m2_slots,2,EA
8640,1260,max_ram_capacity_gb,128,GB
8641,1261,cpu_socket,AM4,
8642,1261,ram_type,DDR4,
8643,1261,ram_socket,4,EA
8644,1261,form_factor,M-ATX,
8645,1261,chipset,B550,
8646,1261,m2_slots,2,EA
8647,1261,max_ram_capacity_gb,128,GB
8648,1262,cpu_socket,AM4,
8649,1262,ram_type,DDR4,
8650,1262,ram_socket,2,EA
8651,1262,form_factor,M-ATX,
8652,1262,chipset,B550,
8653,1262,m2_slots,1,EA
8654,1262,max_ram_capacity_gb,64,GB
8655,1263,cpu_socket,AM4,
8656,1263,ram_type,DDR4,
8657,1263,ram_socket,4,EA
8658,1263,form_factor,ATX,
8659,1263,chipset,B550,
8660,1263,m2_slots,2,EA
8661,1263,max_ram_capacity_gb,128,GB
8662,1264,cpu_socket,AM4,
8663,1264,ram_type,DDR4,
8664,1264,ram_socket,4,EA
8665,1264,form_factor,M-ATX,
8666,1264,chipset,B550,
8667,1264,m2_slots,2,EA
8668,1264,max_ram_capacity_gb,128,GB
8669,1265,cpu_socket,AM4,
8670,1265,ram_type,DDR4,
8671,1265,ram_socket,2,EA
8672,1265,form_factor,M-ATX,
8673,1265,chipset,A520,
8674,1265,m2_slots,1,EA
8675,1265,max_ram_capacity_gb,64,GB
8676,1266,cpu_socket,AM5,
8677,1266,ram_type,DDR5,
8678,1266,ram_socket,4,EA
8679,1266,form_factor,M-ATX,
8680,1266,chipset,B850,
8681,1266,m2_slots,3,EA
8682,1266,max_ram_capacity_gb,256,GB
8683,1267,cpu_socket,AM5,
8684,1267,ram_type,DDR5,
8685,1267,ram_socket,4,EA
8686,1267,form_factor,ATX,
8687,1267,chipset,X870E,
8688,1267,m2_slots,4,EA
8689,1267,max_ram_capacity_gb,256,GB
8690,1268,cpu_socket,AM5,
8691,1268,ram_type,DDR5,
8692,1268,ram_socket,4,EA
8693,1268,form_factor,ATX,
8694,1268,chipset,B850,
8695,1268,m2_slots,4,EA
8696,1268,max_ram_capacity_gb,256,GB
8697,1269,cpu_socket,AM5,
8698,1269,ram_type,DDR5,
8699,1269,ram_socket,4,EA
8700,1269,form_factor,M-ATX,
8701,1269,chipset,B650,
8702,1269,m2_slots,2,EA
8703,1269,max_ram_capacity_gb,256,GB
8704,1270,cpu_socket,AM5,
8705,1270,ram_type,DDR5,
8706,1270,ram_socket,4,EA
8707,1270,form_factor,ATX,
8708,1270,chipset,X870E,
8709,1270,m2_slots,4,EA
8710,1270,max_ram_capacity_gb,256,GB
8711,1271,cpu_socket,AM5,
8712,1271,ram_type,DDR5,
8713,1271,ram_socket,4,EA
8714,1271,form_factor,M-ATX,
8715,1271,chipset,B650,
8716,1271,m2_slots,2,EA
8717,1271,max_ram_capacity_gb,256,GB
8718,1272,cpu_socket,AM5,
8719,1272,ram_type,DDR5,
8720,1272,ram_socket,4,EA
8721,1272,form_factor,ATX,
8722,1272,chipset,X870E,
8723,1272,m2_slots,4,EA
8724,1272,max_ram_capacity_gb,256,GB
8725,1273,cpu_socket,AM5,
8726,1273,ram_type,DDR5,
8727,1273,ram_socket,4,EA
8728,1273,form_factor,ATX,
8729,1273,chipset,X870E,
8730,1273,m2_slots,4,EA
8731,1273,max_ram_capacity_gb,256,GB
8732,1274,cpu_socket,AM5,
8733,1274,ram_type,DDR5,
8734,1274,ram_socket,4,EA
8735,1274,form_factor,ATX,
8736,1274,chipset,B650,
8737,1274,m2_slots,3,EA
8738,1274,max_ram_capacity_gb,192,GB
8739,1275,cpu_socket,AM5,
8740,1275,ram_type,DDR5,
8741,1275,ram_socket,2,EA
8742,1275,form_factor,M-ATX,
8743,1275,chipset,A620A,
8744,1275,m2_slots,1,EA
8745,1275,max_ram_capacity_gb,128,GB
8746,1276,cpu_socket,AM5,
8747,1276,ram_type,DDR5,
8748,1276,ram_socket,4,EA
8749,1276,form_factor,M-ATX,
8750,1276,chipset,B850,
8751,1276,m2_slots,3,EA
8752,1276,max_ram_capacity_gb,256,GB
8753,1277,cpu_socket,AM5,
8754,1277,ram_type,DDR5,
8755,1277,ram_socket,4,EA
8756,1277,form_factor,ATX,
8757,1277,chipset,X870E,
8758,1277,m2_slots,4,EA
8759,1277,max_ram_capacity_gb,256,GB
8760,1278,cpu_socket,AM5,
8761,1278,ram_type,DDR5,
8762,1278,ram_socket,4,EA
8763,1278,form_factor,M-ATX,
8764,1278,chipset,B850,
8765,1278,m2_slots,2,EA
8766,1278,max_ram_capacity_gb,256,GB
8767,1279,cpu_socket,AM5,
8768,1279,ram_type,DDR5,
8769,1279,ram_socket,4,EA
8770,1279,form_factor,M-ATX,
8771,1279,chipset,B850,
8772,1279,m2_slots,2,EA
8773,1279,max_ram_capacity_gb,256,GB
8774,1280,cpu_socket,AM5,
8775,1280,ram_type,DDR5,
8776,1280,ram_socket,2,EA
8777,1280,form_factor,M-ITX,
8778,1280,chipset,B850,
8779,1280,m2_slots,2,EA
8780,1280,max_ram_capacity_gb,128,GB
8781,1281,cpu_socket,AM5,
8782,1281,ram_type,DDR5,
8783,1281,ram_socket,4,EA
8784,1281,form_factor,M-ATX,
8785,1281,chipset,B650,
8786,1281,m2_slots,2,EA
8787,1281,max_ram_capacity_gb,256,GB
8788,1282,cpu_socket,AM5,
8789,1282,ram_type,DDR5,
8790,1282,ram_socket,4,EA
8791,1282,form_factor,M-ATX,
8792,1282,chipset,B650,
8793,1282,m2_slots,2,EA
8794,1282,max_ram_capacity_gb,256,GB
8795,1283,cpu_socket,AM5,
8796,1283,ram_type,DDR5,
8797,1283,ram_socket,4,EA
8798,1283,form_factor,ATX,
8799,1283,chipset,B850,
8800,1283,m2_slots,4,EA
8801,1283,max_ram_capacity_gb,256,GB
8802,1284,cpu_socket,AM5,
8803,1284,ram_type,DDR5,
8804,1284,ram_socket,4,EA
8805,1284,form_factor,M-ATX,
8806,1284,chipset,B650,
8807,1284,m2_slots,2,EA
8808,1284,max_ram_capacity_gb,256,GB
8809,1285,cpu_socket,AM5,
8810,1285,ram_type,DDR5,
8811,1285,ram_socket,2,EA
8812,1285,form_factor,M-ATX,
8813,1285,chipset,B650,
8814,1285,m2_slots,1,EA
8815,1285,max_ram_capacity_gb,128,GB
8816,1286,cpu_socket,AM5,
8817,1286,ram_type,DDR5,
8818,1286,ram_socket,4,EA
8819,1286,form_factor,M-ATX,
8820,1286,chipset,B850,
8821,1286,m2_slots,3,EA
8822,1286,max_ram_capacity_gb,256,GB
8823,1287,cpu_socket,AM5,
8824,1287,ram_type,DDR5,
8825,1287,ram_socket,2,EA
8826,1287,form_factor,M-ATX,
8827,1287,chipset,A620,
8828,1287,m2_slots,2,EA
8829,1287,max_ram_capacity_gb,128,GB
8830,1288,cpu_socket,AM5,
8831,1288,ram_type,DDR5,
8832,1288,ram_socket,4,EA
8833,1288,form_factor,ATX,
8834,1288,chipset,X870,
8835,1288,m2_slots,4,EA
8836,1288,max_ram_capacity_gb,256,GB
8837,1289,cpu_socket,AM5,
8838,1289,ram_type,DDR5,
8839,1289,ram_socket,4,EA
8840,1289,form_factor,ATX,
8841,1289,chipset,B650,
8842,1289,m2_slots,3,EA
8843,1289,max_ram_capacity_gb,256,GB
8844,1290,cpu_socket,AM5,
8845,1290,ram_type,DDR5,
8846,1290,ram_socket,2,EA
8847,1290,form_factor,M-ATX,
8848,1290,chipset,A620,
8849,1290,m2_slots,1,EA
8850,1290,max_ram_capacity_gb,64,GB
8851,1291,cpu_socket,AM5,
8852,1291,ram_type,DDR5,
8853,1291,ram_socket,4,EA
8854,1291,form_factor,ATX,
8855,1291,chipset,B650,
8856,1291,m2_slots,4,EA
8857,1291,max_ram_capacity_gb,256,GB
8858,1292,cpu_socket,AM5,
8859,1292,ram_type,DDR5,
8860,1292,ram_socket,4,EA
8861,1292,form_factor,ATX,
8862,1292,chipset,X670E,
8863,1292,m2_slots,4,EA
8864,1292,max_ram_capacity_gb,128,GB
8865,1293,cpu_socket,AM5,
8866,1293,ram_type,DDR5,
8867,1293,ram_socket,4,EA
8868,1293,form_factor,ATX,
8869,1293,chipset,X670E,
8870,1293,m2_slots,4,EA
8871,1293,max_ram_capacity_gb,192,GB
8872,1294,cpu_socket,AM5,
8873,1294,ram_type,DDR5,
8874,1294,ram_socket,4,EA
8875,1294,form_factor,ATX,
8876,1294,chipset,B650,
8877,1294,m2_slots,3,EA
8878,1294,max_ram_capacity_gb,192,GB
8879,1295,cpu_socket,AM5,
8880,1295,ram_type,DDR5,
8881,1295,ram_socket,2,EA
8882,1295,form_factor,M-ITX,
8883,1295,chipset,B650,
8884,1295,m2_slots,2,EA
8885,1295,max_ram_capacity_gb,64,GB
8886,1296,cpu_socket,AM5,
8887,1296,ram_type,DDR5,
8888,1296,ram_socket,4,EA
8889,1296,form_factor,ATX,
8890,1296,chipset,B650,
8891,1296,m2_slots,3,EA
8892,1296,max_ram_capacity_gb,192,GB
8893,1297,cpu_socket,LGA1200,
8894,1297,ram_type,DDR4,
8895,1297,ram_socket,2,EA
8896,1297,form_factor,M-ATX,
8897,1297,chipset,H510,
8898,1297,m2_slots,1,EA
8899,1297,max_ram_capacity_gb,64,GB
8900,1298,cpu_socket,LGA1200,
8901,1298,ram_type,DDR4,
8902,1298,ram_socket,4,EA
8903,1298,form_factor,ATX,
8904,1298,chipset,B560,
8905,1298,m2_slots,3,EA
8906,1298,max_ram_capacity_gb,128,GB
8907,1299,cpu_socket,LGA1200,
8908,1299,ram_type,DDR4,
8909,1299,ram_socket,4,EA
8910,1299,form_factor,ATX,
8911,1299,chipset,Z490,
8912,1299,m2_slots,2,EA
8913,1299,max_ram_capacity_gb,128,GB
8914,1300,cpu_socket,LGA1200,
8915,1300,ram_type,DDR4,
8916,1300,ram_socket,2,EA
8917,1300,form_factor,M-ITX,
8918,1300,chipset,Z490,
8919,1300,m2_slots,2,EA
8920,1300,max_ram_capacity_gb,64,GB
8921,1301,cpu_socket,LGA1200,
8922,1301,ram_type,DDR4,
8923,1301,ram_socket,4,EA
8924,1301,form_factor,ATX,
8925,1301,chipset,Z590,
8926,1301,m2_slots,3,EA
8927,1301,max_ram_capacity_gb,128,GB
8928,1302,cpu_socket,LGA1700,
8929,1302,ram_type,DDR4,
8930,1302,ram_socket,4,EA
8931,1302,form_factor,M-ATX,
8932,1302,chipset,B760,
8933,1302,m2_slots,2,EA
8934,1302,max_ram_capacity_gb,128,GB
8935,1303,cpu_socket,LGA1700,
8936,1303,ram_type,DDR5,
8937,1303,ram_socket,4,EA
8938,1303,form_factor,M-ATX,
8939,1303,chipset,B760,
8940,1303,m2_slots,3,EA
8941,1303,max_ram_capacity_gb,256,GB
8942,1304,cpu_socket,LGA1700,
8943,1304,ram_type,DDR4,
8944,1304,ram_socket,2,EA
8945,1304,form_factor,M-ATX,
8946,1304,chipset,H610,
8947,1304,m2_slots,1,EA
8948,1304,max_ram_capacity_gb,64,GB
8949,1305,cpu_socket,LGA1700,
8950,1305,ram_type,DDR5,
8951,1305,ram_socket,4,EA
8952,1305,form_factor,ATX,
8953,1305,chipset,B760,
8954,1305,m2_slots,3,EA
8955,1305,max_ram_capacity_gb,192,GB
8956,1306,cpu_socket,LGA1700,
8957,1306,ram_type,DDR4,
8958,1306,ram_socket,4,EA
8959,1306,form_factor,M-ATX,
8960,1306,chipset,B660,
8961,1306,m2_slots,2,EA
8962,1306,max_ram_capacity_gb,128,GB
8963,1307,cpu_socket,LGA1700,
8964,1307,ram_type,DDR4,
8965,1307,ram_socket,4,EA
8966,1307,form_factor,M-ATX,
8967,1307,chipset,B760,
8968,1307,m2_slots,2,EA
8969,1307,max_ram_capacity_gb,128,GB
8970,1308,cpu_socket,LGA1700,
8971,1308,ram_type,DDR4,
8972,1308,ram_socket,2,EA
8973,1308,form_factor,M-ATX,
8974,1308,chipset,B760,
8975,1308,m2_slots,1,EA
8976,1308,max_ram_capacity_gb,64,GB
8977,1309,cpu_socket,LGA1700,
8978,1309,ram_type,DDR5,
8979,1309,ram_socket,2,EA
8980,1309,form_factor,M-ATX,
8981,1309,chipset,H610,
8982,1309,m2_slots,1,EA
8983,1309,max_ram_capacity_gb,96,GB
8984,1310,cpu_socket,LGA1700,
8985,1310,ram_type,DDR5,
8986,1310,ram_socket,4,EA
8987,1310,form_factor,M-ATX,
8988,1310,chipset,B760,
8989,1310,m2_slots,2,EA
8990,1310,max_ram_capacity_gb,192,GB
8991,1311,cpu_socket,LGA1700,
8992,1311,ram_type,DDR5,
8993,1311,ram_socket,4,EA
8994,1311,form_factor,ATX,
8995,1311,chipset,Z790,
8996,1311,m2_slots,4,EA
8997,1311,max_ram_capacity_gb,192,GB
8998,1312,cpu_socket,LGA1700,
8999,1312,ram_type,DDR5,
9000,1312,ram_socket,4,EA
9001,1312,form_factor,M-ATX,
9002,1312,chipset,B760,
9003,1312,m2_slots,2,EA
9004,1312,max_ram_capacity_gb,256,GB
9005,1313,cpu_socket,LGA1700,
9006,1313,ram_type,DDR5,
9007,1313,ram_socket,2,EA
9008,1313,form_factor,M-ATX,
9009,1313,chipset,H610,
9010,1313,m2_slots,1,EA
9011,1313,max_ram_capacity_gb,96,GB
9012,1314,cpu_socket,LGA1700,
9013,1314,ram_type,DDR4,
9014,1314,ram_socket,2,EA
9015,1314,form_factor,M-ATX,
9016,1314,chipset,H610,
9017,1314,m2_slots,1,EA
9018,1314,max_ram_capacity_gb,64,GB
9019,1315,cpu_socket,LGA1700,
9020,1315,ram_type,DDR4,
9021,1315,ram_socket,4,EA
9022,1315,form_factor,M-ATX,
9023,1315,chipset,B660,
9024,1315,m2_slots,2,EA
9025,1315,max_ram_capacity_gb,128,GB
9026,1316,cpu_socket,LGA1700,
9027,1316,ram_type,DDR4,
9028,1316,ram_socket,2,EA
9029,1316,form_factor,M-ATX,
9030,1316,chipset,H610,
9031,1316,m2_slots,1,EA
9032,1316,max_ram_capacity_gb,64,GB
9033,1317,cpu_socket,LGA1700,
9034,1317,ram_type,DDR4,
9035,1317,ram_socket,4,EA
9036,1317,form_factor,M-ATX,
9037,1317,chipset,B660,
9038,1317,m2_slots,2,EA
9039,1317,max_ram_capacity_gb,128,GB
9040,1318,cpu_socket,LGA1700,
9041,1318,ram_type,DDR5,
9042,1318,ram_socket,4,EA
9043,1318,form_factor,M-ATX,
9044,1318,chipset,B660,
9045,1318,m2_slots,2,EA
9046,1318,max_ram_capacity_gb,128,GB
9047,1319,cpu_socket,LGA1851,
9048,1319,ram_type,DDR5,
9049,1319,ram_socket,4,EA
9050,1319,form_factor,M-ATX,
9051,1319,chipset,B860,
9052,1319,m2_slots,3,EA
9053,1319,max_ram_capacity_gb,256,GB
9054,1320,cpu_socket,LGA1851,
9055,1320,ram_type,DDR5,
9056,1320,ram_socket,4,EA
9057,1320,form_factor,ATX,
9058,1320,chipset,Z890,
9059,1320,m2_slots,4,EA
9060,1320,max_ram_capacity_gb,256,GB
9061,1321,cpu_socket,LGA1851,
9062,1321,ram_type,DDR5,
9063,1321,ram_socket,4,EA
9064,1321,form_factor,M-ATX,
9065,1321,chipset,B860,
9066,1321,m2_slots,3,EA
9067,1321,max_ram_capacity_gb,256,GB
9068,1322,cpu_socket,LGA1851,
9069,1322,ram_type,DDR5,
9070,1322,ram_socket,4,EA
9071,1322,form_factor,ATX,
9072,1322,chipset,B860,
9073,1322,m2_slots,3,EA
9074,1322,max_ram_capacity_gb,256,GB
9075,1323,cpu_socket,LGA1851,
9076,1323,ram_type,DDR5,
9077,1323,ram_socket,4,EA
9078,1323,form_factor,ATX,
9079,1323,chipset,Z890,
9080,1323,m2_slots,5,EA
9081,1323,max_ram_capacity_gb,256,GB
9082,1324,cpu_socket,LGA1851,
9083,1324,ram_type,DDR5,
9084,1324,ram_socket,4,EA
9085,1324,form_factor,M-ATX,
9086,1324,chipset,B860,
9087,1324,m2_slots,3,EA
9088,1324,max_ram_capacity_gb,256,GB
9089,1325,cpu_socket,LGA1851,
9090,1325,ram_type,DDR5,
9091,1325,ram_socket,2,EA
9092,1325,form_factor,ATX,
9093,1325,chipset,Z890,
9094,1325,m2_slots,6,EA
9095,1325,max_ram_capacity_gb,128,GB
9096,1326,cpu_socket,LGA1851,
9097,1326,ram_type,DDR5,
9098,1326,ram_socket,4,EA
9099,1326,form_factor,ATX,
9100,1326,chipset,Z890,
9101,1326,m2_slots,4,EA
9102,1326,max_ram_capacity_gb,256,GB
9103,1327,cpu_socket,LGA1851,
9104,1327,ram_type,DDR5,
9105,1327,ram_socket,4,EA
9106,1327,form_factor,ATX,
9107,1327,chipset,Z890,
9108,1327,m2_slots,4,EA
9109,1327,max_ram_capacity_gb,256,GB
9110,1328,cpu_socket,LGA1851,
9111,1328,ram_type,DDR5,
9112,1328,ram_socket,4,EA
9113,1328,form_factor,ATX,
9114,1328,chipset,Z890,
9115,1328,m2_slots,5,EA
9116,1328,max_ram_capacity_gb,256,GB
9117,1329,cpu_socket,LGA1851,
9118,1329,ram_type,DDR5,
9119,1329,ram_socket,4,EA
9120,1329,form_factor,ATX,
9121,1329,chipset,Z890,
9122,1329,m2_slots,5,EA
9123,1329,max_ram_capacity_gb,256,GB
9124,1330,cpu_socket,LGA1851,
9125,1330,ram_type,DDR5,
9126,1330,ram_socket,2,EA
9127,1330,form_factor,M-ATX,
9128,1330,chipset,H810,
9129,1330,m2_slots,1,EA
9130,1330,max_ram_capacity_gb,128,GB
9131,1331,cpu_socket,LGA1851,
9132,1331,ram_type,DDR5,
9133,1331,ram_socket,4,EA
9134,1331,form_factor,M-ATX,
9135,1331,chipset,B860,
9136,1331,m2_slots,3,EA
9137,1331,max_ram_capacity_gb,256,GB
9138,1332,cpu_socket,LGA1851,
9139,1332,ram_type,DDR5,
9140,1332,ram_socket,2,EA
9141,1332,form_factor,M-ATX,
9142,1332,m2_slots,1,EA
9143,1332,max_ram_capacity_gb,128,GB
9144,1333,cpu_socket,LGA1851,
9145,1333,ram_type,DDR5,
9146,1333,ram_socket,2,EA
9147,1333,form_factor,M-ATX,
9148,1333,chipset,H810,
9149,1333,m2_slots,2,EA
9150,1333,max_ram_capacity_gb,128,GB
9151,1334,cpu_socket,LGA1851,
9152,1334,ram_type,DDR5,
9153,1334,ram_socket,4,EA
9154,1334,form_factor,ATX,
9155,1334,chipset,Z890,
9156,1334,m2_slots,4,EA
9157,1334,max_ram_capacity_gb,256,GB
9158,1335,storage_gb,4096,GB
9159,1335,form_factor,M.2,
9160,1335,interface,NVMe,
9161,1335,nand_type,TLC,
9162,1335,read_speed_mbs,5000,MB/s
9163,1335,write_speed_mbs,4800,MB/s
9164,1335,tbw,700,TB
9165,1336,storage_gb,2048,GB
9166,1336,form_factor,M.2,
9167,1336,interface,NVMe,
9168,1336,nand_type,TLC,
9169,1336,read_speed_mbs,5000,MB/s
9170,1336,write_speed_mbs,4800,MB/s
9171,1336,tbw,700,TB
9172,1337,storage_gb,1024,GB
9173,1337,form_factor,M.2,
9174,1337,interface,NVMe,
9175,1337,nand_type,TLC,
9176,1337,read_speed_mbs,5000,MB/s
9177,1337,write_speed_mbs,4800,MB/s
9178,1337,tbw,700,TB
9179,1338,storage_gb,500,GB
9180,1338,form_factor,M.2,
9181,1338,interface,NVMe,
9182,1338,nand_type,TLC,
9183,1338,read_speed_mbs,5000,MB/s
9184,1338,write_speed_mbs,4800,MB/s
9185,1338,tbw,700,TB
9186,1339,storage_gb,4096,GB
9187,1339,form_factor,M.2,
9188,1339,interface,NVMe,
9189,1339,nand_type,TLC,
9190,1339,read_speed_mbs,7450,MB/s
9191,1339,write_speed_mbs,6900,MB/s
9192,1339,tbw,1200,TB
9193,1340,storage_gb,2048,GB
9194,1340,form_factor,M.2,
9195,1340,interface,NVMe,
9196,1340,nand_type,TLC,
9197,1340,read_speed_mbs,7450,MB/s
9198,1340,write_speed_mbs,6900,MB/s
9199,1340,tbw,1200,TB
9200,1341,storage_gb,1024,GB
9201,1341,form_factor,M.2,
9202,1341,interface,NVMe,
9203,1341,nand_type,TLC,
9204,1341,read_speed_mbs,7450,MB/s
9205,1341,write_speed_mbs,6900,MB/s
9206,1341,tbw,1200,TB
9207,1342,storage_gb,1024,GB
9208,1342,form_factor,M.2,
9209,1342,interface,NVMe,
9210,1342,nand_type,QLC,
9211,1342,read_speed_mbs,3000,MB/s
9212,1342,write_speed_mbs,1800,MB/s
9213,1342,tbw,300,TB
9214,1343,storage_gb,512,GB
9215,1343,form_factor,M.2,
9216,1343,interface,NVMe,
9217,1343,nand_type,QLC,
9218,1343,read_speed_mbs,3000,MB/s
9219,1343,write_speed_mbs,1800,MB/s
9220,1343,tbw,300,TB
9221,1344,storage_gb,256,GB
9222,1344,form_factor,M.2,
9223,1344,interface,NVMe,
9224,1344,nand_type,QLC,
9225,1344,read_speed_mbs,3000,MB/s
9226,1344,write_speed_mbs,1800,MB/s
9227,1344,tbw,300,TB
9228,1345,storage_gb,2048,GB
9229,1345,form_factor,M.2,
9230,1345,interface,NVMe,
9231,1345,read_speed_mbs,6200,MB/s
9232,1345,write_speed_mbs,2300,MB/s
9233,1345,tbw,300,TB
9234,1346,storage_gb,1024,GB
9235,1346,form_factor,M.2,
9236,1346,interface,NVMe,
9237,1346,read_speed_mbs,6200,MB/s
9238,1346,write_speed_mbs,2300,MB/s
9239,1346,tbw,300,TB
9240,1347,storage_gb,512,GB
9241,1347,form_factor,M.2,
9242,1347,interface,NVMe,
9243,1347,read_speed_mbs,6200,MB/s
9244,1347,write_speed_mbs,2300,MB/s
9245,1347,tbw,300,TB
9246,1348,storage_gb,2048,GB
9247,1348,form_factor,M.2,
9248,1348,interface,NVMe,
9249,1348,nand_type,TLC,
9250,1348,read_speed_mbs,10000,MB/s
9251,1348,write_speed_mbs,7900,MB/s
9252,1348,tbw,600,TB
9253,1349,storage_gb,1024,GB
9254,1349,form_factor,M.2,
9255,1349,interface,NVMe,
9256,1349,nand_type,TLC,
9257,1349,read_speed_mbs,10000,MB/s
9258,1349,write_speed_mbs,7900,MB/s
9259,1349,tbw,600,TB
9260,1350,storage_gb,4096,GB
9261,1350,form_factor,M.2,
9262,1350,interface,NVMe,
9263,1350,nand_type,TLC,
9264,1350,read_speed_mbs,7300,MB/s
9265,1350,write_speed_mbs,6300,MB/s
9266,1350,tbw,600,TB
9267,1351,storage_gb,2048,GB
9268,1351,form_factor,M.2,
9269,1351,interface,NVMe,
9270,1351,nand_type,TLC,
9271,1351,read_speed_mbs,7300,MB/s
9272,1351,write_speed_mbs,6300,MB/s
9273,1351,tbw,600,TB
9274,1352,storage_gb,1024,GB
9275,1352,form_factor,M.2,
9276,1352,interface,NVMe,
9277,1352,nand_type,TLC,
9278,1352,read_speed_mbs,7300,MB/s
9279,1352,write_speed_mbs,6300,MB/s
9280,1352,tbw,600,TB
9281,1353,storage_gb,4096,GB
9282,1353,form_factor,M.2,
9283,1353,interface,NVMe,
9284,1353,nand_type,TLC,
9285,1353,read_speed_mbs,7150,MB/s
9286,1353,write_speed_mbs,6300,MB/s
9287,1353,tbw,600,TB
9288,1354,storage_gb,2048,GB
9289,1354,form_factor,M.2,
9290,1354,interface,NVMe,
9291,1354,nand_type,TLC,
9292,1354,read_speed_mbs,7150,MB/s
9293,1354,write_speed_mbs,6300,MB/s
9294,1354,tbw,600,TB
9295,1355,storage_gb,1024,GB
9296,1355,form_factor,M.2,
9297,1355,interface,NVMe,
9298,1355,nand_type,TLC,
9299,1355,read_speed_mbs,7150,MB/s
9300,1355,write_speed_mbs,6300,MB/s
9301,1355,tbw,600,TB
9302,1356,storage_gb,2048,GB
9303,1356,form_factor,M.2,
9304,1356,interface,NVMe,
9305,1356,nand_type,TLC,
9306,1356,read_speed_mbs,7000,MB/s
9307,1356,write_speed_mbs,6500,MB/s
9308,1356,tbw,750,TB
9309,1357,storage_gb,1024,GB
9310,1357,form_factor,M.2,
9311,1357,interface,NVMe,
9312,1357,nand_type,TLC,
9313,1357,read_speed_mbs,7000,MB/s
9314,1357,write_speed_mbs,6500,MB/s
9315,1357,tbw,750,TB
9316,1358,storage_gb,500,GB
9317,1358,form_factor,M.2,
9318,1358,interface,NVMe,
9319,1358,nand_type,TLC,
9320,1358,read_speed_mbs,7000,MB/s
9321,1358,write_speed_mbs,6500,MB/s
9322,1358,tbw,750,TB
9323,1359,storage_gb,2048,GB
9324,1359,form_factor,M.2,
9325,1359,interface,NVMe,
9326,1359,nand_type,TLC,
9327,1359,read_speed_mbs,6400,MB/s
9328,1359,write_speed_mbs,2700,MB/s
9329,1359,tbw,150,TB
9330,1360,storage_gb,1024,GB
9331,1360,form_factor,M.2,
9332,1360,interface,NVMe,
9333,1360,nand_type,TLC,
9334,1360,read_speed_mbs,6400,MB/s
9335,1360,write_speed_mbs,2700,MB/s
9336,1360,tbw,150,TB
9337,1361,storage_gb,512,GB
9338,1361,form_factor,M.2,
9339,1361,interface,NVMe,
9340,1361,nand_type,TLC,
9341,1361,read_speed_mbs,6400,MB/s
9342,1361,write_speed_mbs,2700,MB/s
9343,1361,tbw,150,TB
9344,1362,storage_gb,256,GB
9345,1362,form_factor,M.2,
9346,1362,interface,NVMe,
9347,1362,nand_type,TLC,
9348,1362,read_speed_mbs,6400,MB/s
9349,1362,write_speed_mbs,2700,MB/s
9350,1362,tbw,150,TB
9351,1363,storage_gb,4096,GB
9352,1363,form_factor,2.5형,
9353,1363,interface,SATA,
9354,1363,nand_type,TLC,
9355,1363,read_speed_mbs,560,MB/s
9356,1363,write_speed_mbs,530,MB/s
9357,1363,tbw,300,TB
9358,1364,storage_gb,2048,GB
9359,1364,form_factor,2.5형,
9360,1364,interface,SATA,
9361,1364,nand_type,TLC,
9362,1364,read_speed_mbs,560,MB/s
9363,1364,write_speed_mbs,530,MB/s
9364,1364,tbw,300,TB
9365,1365,storage_gb,1024,GB
9366,1365,form_factor,2.5형,
9367,1365,interface,SATA,
9368,1365,nand_type,TLC,
9369,1365,read_speed_mbs,560,MB/s
9370,1365,write_speed_mbs,530,MB/s
9371,1365,tbw,300,TB
9372,1366,storage_gb,500,GB
9373,1366,form_factor,2.5형,
9374,1366,interface,SATA,
9375,1366,nand_type,TLC,
9376,1366,read_speed_mbs,560,MB/s
9377,1366,write_speed_mbs,530,MB/s
9378,1366,tbw,300,TB
9379,1367,storage_gb,4096,GB
9380,1367,form_factor,M.2,
9381,1367,interface,NVMe,
9382,1367,nand_type,TLC,
9383,1367,read_speed_mbs,14800,MB/s
9384,1367,write_speed_mbs,13400,MB/s
9385,1367,tbw,2400,TB
9386,1368,storage_gb,2048,GB
9387,1368,form_factor,M.2,
9388,1368,interface,NVMe,
9389,1368,nand_type,TLC,
9390,1368,read_speed_mbs,14800,MB/s
9391,1368,write_speed_mbs,13400,MB/s
9392,1368,tbw,2400,TB
9393,1369,storage_gb,1024,GB
9394,1369,form_factor,M.2,
9395,1369,interface,NVMe,
9396,1369,nand_type,TLC,
9397,1369,read_speed_mbs,14800,MB/s
9398,1369,write_speed_mbs,13400,MB/s
9399,1369,tbw,2400,TB
9400,1370,storage_gb,2048,GB
9401,1370,form_factor,M.2,
9402,1370,interface,NVMe,
9403,1370,nand_type,TLC,
9404,1370,read_speed_mbs,7400,MB/s
9405,1370,write_speed_mbs,6700,MB/s
9406,1370,tbw,2000,TB
9407,1371,storage_gb,1024,GB
9408,1371,form_factor,M.2,
9409,1371,interface,NVMe,
9410,1371,nand_type,TLC,
9411,1371,read_speed_mbs,7400,MB/s
9412,1371,write_speed_mbs,6700,MB/s
9413,1371,tbw,2000,TB
9414,1372,storage_gb,2048,GB
9415,1372,form_factor,M.2,
9416,1372,interface,NVMe,
9417,1372,nand_type,TLC,
9418,1372,read_speed_mbs,3500,MB/s
9419,1372,write_speed_mbs,3200,MB/s
9420,1372,tbw,750,TB
9421,1373,storage_gb,1024,GB
9422,1373,form_factor,M.2,
9423,1373,interface,NVMe,
9424,1373,nand_type,TLC,
9425,1373,read_speed_mbs,3500,MB/s
9426,1373,write_speed_mbs,3200,MB/s
9427,1373,tbw,750,TB
9428,1374,storage_gb,500,GB
9429,1374,form_factor,M.2,
9430,1374,interface,NVMe,
9431,1374,nand_type,TLC,
9432,1374,read_speed_mbs,3500,MB/s
9433,1374,write_speed_mbs,3200,MB/s
9434,1374,tbw,750,TB
9435,1375,storage_gb,1024,GB
9436,1375,form_factor,M.2,
9437,1375,interface,NVMe,
9438,1375,nand_type,TLC,
9439,1375,read_speed_mbs,4950,MB/s
9440,1375,write_speed_mbs,2500,MB/s
9441,1376,storage_gb,512,GB
9442,1376,form_factor,M.2,
9443,1376,interface,NVMe,
9444,1376,nand_type,TLC,
9445,1376,read_speed_mbs,4950,MB/s
9446,1376,write_speed_mbs,2500,MB/s
9447,1377,storage_gb,256,GB
9448,1377,form_factor,M.2,
9449,1377,interface,NVMe,
9450,1377,nand_type,TLC,
9451,1377,read_speed_mbs,4950,MB/s
9452,1377,write_speed_mbs,2500,MB/s
9453,1378,storage_gb,4096,GB
9454,1378,form_factor,2.5형,
9455,1378,interface,SATA,
9456,1378,nand_type,TLC,
9457,1378,read_speed_mbs,560,MB/s
9458,1378,write_speed_mbs,520,MB/s
9459,1378,tbw,400,TB
9460,1379,storage_gb,2048,GB
9461,1379,form_factor,2.5형,
9462,1379,interface,SATA,
9463,1379,nand_type,TLC,
9464,1379,read_speed_mbs,560,MB/s
9465,1379,write_speed_mbs,520,MB/s
9466,1379,tbw,400,TB
9467,1380,storage_gb,1024,GB
9468,1380,form_factor,2.5형,
9469,1380,interface,SATA,
9470,1380,nand_type,TLC,
9471,1380,read_speed_mbs,560,MB/s
9472,1380,write_speed_mbs,520,MB/s
9473,1380,tbw,400,TB
9474,1381,storage_gb,500,GB
9475,1381,form_factor,2.5형,
9476,1381,interface,SATA,
9477,1381,nand_type,TLC,
9478,1381,read_speed_mbs,560,MB/s
9479,1381,write_speed_mbs,520,MB/s
9480,1381,tbw,400,TB
9481,1382,storage_gb,250,GB
9482,1382,form_factor,2.5형,
9483,1382,interface,SATA,
9484,1382,nand_type,TLC,
9485,1382,read_speed_mbs,560,MB/s
9486,1382,write_speed_mbs,520,MB/s
9487,1382,tbw,400,TB
9488,1383,storage_gb,4096,GB
9489,1383,form_factor,M.2,
9490,1383,interface,NVMe,
9491,1383,nand_type,TLC,
9492,1383,read_speed_mbs,14900,MB/s
9493,1383,write_speed_mbs,11000,MB/s
9494,1383,tbw,600,TB
9495,1384,storage_gb,2048,GB
9496,1384,form_factor,M.2,
9497,1384,interface,NVMe,
9498,1384,nand_type,TLC,
9499,1384,read_speed_mbs,14900,MB/s
9500,1384,write_speed_mbs,11000,MB/s
9501,1384,tbw,600,TB
9502,1385,storage_gb,1024,GB
9503,1385,form_factor,M.2,
9504,1385,interface,NVMe,
9505,1385,nand_type,TLC,
9506,1385,read_speed_mbs,14900,MB/s
9507,1385,write_speed_mbs,11000,MB/s
9508,1385,tbw,600,TB
9509,1386,storage_gb,4096,GB
9510,1386,form_factor,M.2,
9511,1386,interface,NVMe,
9512,1386,nand_type,TLC,
9513,1386,read_speed_mbs,5150,MB/s
9514,1386,write_speed_mbs,4900,MB/s
9515,1386,tbw,600,TB
9516,1387,storage_gb,2048,GB
9517,1387,form_factor,M.2,
9518,1387,interface,NVMe,
9519,1387,nand_type,TLC,
9520,1387,read_speed_mbs,5150,MB/s
9521,1387,write_speed_mbs,4900,MB/s
9522,1387,tbw,600,TB
9523,1388,storage_gb,1024,GB
9524,1388,form_factor,M.2,
9525,1388,interface,NVMe,
9526,1388,nand_type,TLC,
9527,1388,read_speed_mbs,5150,MB/s
9528,1388,write_speed_mbs,4900,MB/s
9529,1388,tbw,600,TB
9530,1389,storage_gb,500,GB
9531,1389,form_factor,M.2,
9532,1389,interface,NVMe,
9533,1389,nand_type,TLC,
9534,1389,read_speed_mbs,5150,MB/s
9535,1389,write_speed_mbs,4900,MB/s
9536,1389,tbw,600,TB
9537,1390,storage_gb,2048,GB
9538,1390,form_factor,M.2,
9539,1390,interface,NVMe,
9540,1390,nand_type,TLC,
9541,1390,read_speed_mbs,5000,MB/s
9542,1390,write_speed_mbs,3900,MB/s
9543,1390,tbw,1200,TB
9544,1391,storage_gb,1024,GB
9545,1391,form_factor,M.2,
9546,1391,interface,NVMe,
9547,1391,nand_type,TLC,
9548,1391,read_speed_mbs,5000,MB/s
9549,1391,write_speed_mbs,3900,MB/s
9550,1391,tbw,1200,TB
9551,1392,storage_gb,4096,GB
9552,1392,form_factor,M.2,
9553,1392,interface,NVMe,
9554,1392,nand_type,QLC,
9555,1392,read_speed_mbs,7200,MB/s
9556,1392,write_speed_mbs,6000,MB/s
9557,1392,tbw,600,TB
9558,1393,storage_gb,2048,GB
9559,1393,form_factor,M.2,
9560,1393,interface,NVMe,
9561,1393,nand_type,QLC,
9562,1393,read_speed_mbs,7200,MB/s
9563,1393,write_speed_mbs,6000,MB/s
9564,1393,tbw,600,TB
9565,1394,storage_gb,1024,GB
9566,1394,form_factor,M.2,
9567,1394,interface,NVMe,
9568,1394,nand_type,QLC,
9569,1394,read_speed_mbs,7200,MB/s
9570,1394,write_speed_mbs,6000,MB/s
9571,1394,tbw,600,TB
9572,1395,storage_gb,4096,GB
9573,1395,form_factor,M.2,
9574,1395,interface,NVMe,
9575,1395,nand_type,QLC,
9576,1395,read_speed_mbs,6600,MB/s
9577,1395,write_speed_mbs,5600,MB/s
9578,1395,tbw,300,TB
9579,1396,storage_gb,2048,GB
9580,1396,form_factor,M.2,
9581,1396,interface,NVMe,
9582,1396,nand_type,QLC,
9583,1396,read_speed_mbs,6600,MB/s
9584,1396,write_speed_mbs,5600,MB/s
9585,1396,tbw,300,TB
9586,1397,storage_gb,1024,GB
9587,1397,form_factor,M.2,
9588,1397,interface,NVMe,
9589,1397,nand_type,QLC,
9590,1397,read_speed_mbs,6600,MB/s
9591,1397,write_speed_mbs,5600,MB/s
9592,1397,tbw,300,TB
9593,1398,storage_gb,500,GB
9594,1398,form_factor,M.2,
9595,1398,interface,NVMe,
9596,1398,nand_type,QLC,
9597,1398,read_speed_mbs,6600,MB/s
9598,1398,write_speed_mbs,5600,MB/s
9599,1398,tbw,300,TB
9600,1399,storage_gb,256,GB
9601,1399,form_factor,2.5형,
9602,1399,interface,SATA,
9603,1399,read_speed_mbs,500,MB/s
9604,1399,write_speed_mbs,350,MB/s
9605,1400,storage_gb,512,GB
9606,1400,form_factor,2.5형,
9607,1400,interface,SATA,
9608,1400,read_speed_mbs,500,MB/s
9609,1400,write_speed_mbs,350,MB/s
9610,1401,storage_gb,1024,GB
9611,1401,form_factor,M.2,
9612,1401,interface,NVMe,
9613,1401,nand_type,TLC,
9614,1401,read_speed_mbs,3200,MB/s
9615,1401,write_speed_mbs,2000,MB/s
9616,1401,tbw,300,TB
9617,1402,storage_gb,512,GB
9618,1402,form_factor,M.2,
9619,1402,interface,NVMe,
9620,1402,nand_type,TLC,
9621,1402,read_speed_mbs,3200,MB/s
9622,1402,write_speed_mbs,2000,MB/s
9623,1402,tbw,300,TB
9624,1403,storage_gb,256,GB
9625,1403,form_factor,M.2,
9626,1403,interface,NVMe,
9627,1403,nand_type,TLC,
9628,1403,read_speed_mbs,3200,MB/s
9629,1403,write_speed_mbs,2000,MB/s
9630,1403,tbw,300,TB
9631,1404,storage_gb,4096,GB
9632,1404,form_factor,M.2,
9633,1404,interface,NVMe,
9634,1404,nand_type,TLC,
9635,1404,read_speed_mbs,7300,MB/s
9636,1404,write_speed_mbs,6600,MB/s
9637,1404,tbw,1200,TB
9638,1405,storage_gb,2048,GB
9639,1405,form_factor,M.2,
9640,1405,interface,NVMe,
9641,1405,nand_type,TLC,
9642,1405,read_speed_mbs,7300,MB/s
9643,1405,write_speed_mbs,6600,MB/s
9644,1405,tbw,1200,TB
9645,1406,storage_gb,1024,GB
9646,1406,form_factor,M.2,
9647,1406,interface,NVMe,
9648,1406,nand_type,TLC,
9649,1406,read_speed_mbs,7300,MB/s
9650,1406,write_speed_mbs,6600,MB/s
9651,1406,tbw,1200,TB
9652,1407,storage_gb,480,GB
9653,1407,form_factor,2.5형,
9654,1407,interface,SATA,
9655,1407,nand_type,TLC,
9656,1407,read_speed_mbs,555,MB/s
9657,1407,write_speed_mbs,530,MB/s
9658,1407,tbw,120,TB
9659,1408,storage_gb,240,GB
9660,1408,form_factor,2.5형,
9661,1408,interface,SATA,
9662,1408,nand_type,TLC,
9663,1408,read_speed_mbs,555,MB/s
9664,1408,write_speed_mbs,530,MB/s
9665,1408,tbw,120,TB
9666,1409,storage_gb,1024,GB
9667,1409,form_factor,M.2,
9668,1409,interface,NVMe,
9669,1409,nand_type,TLC,
9670,1409,read_speed_mbs,5000,MB/s
9671,1409,write_speed_mbs,4500,MB/s
9672,1409,tbw,600,TB
9673,1410,storage_gb,500,GB
9674,1410,form_factor,M.2,
9675,1410,interface,NVMe,
9676,1410,nand_type,TLC,
9677,1410,read_speed_mbs,5000,MB/s
9678,1410,write_speed_mbs,4500,MB/s
9679,1410,tbw,600,TB
9680,1411,storage_gb,256,GB
9681,1411,form_factor,M.2,
9682,1411,interface,NVMe,
9683,1411,nand_type,TLC,
9684,1411,read_speed_mbs,4900,MB/s
9685,1411,write_speed_mbs,2750,MB/s
9686,1412,storage_gb,1024,GB
9687,1412,form_factor,M.2,
9688,1412,interface,NVMe,
9689,1412,read_speed_mbs,7000,MB/s
9690,1412,write_speed_mbs,4700,MB/s
9691,1413,storage_gb,512,GB
9692,1413,form_factor,M.2,
9693,1413,interface,NVMe,
9694,1413,read_speed_mbs,7000,MB/s
9695,1413,write_speed_mbs,4700,MB/s
9696,1414,storage_gb,256,GB
9697,1414,form_factor,M.2,
9698,1414,interface,NVMe,
9699,1414,read_speed_mbs,7000,MB/s
9700,1414,write_speed_mbs,4700,MB/s
9701,1415,storage_gb,1024,GB
9702,1415,form_factor,M.2,
9703,1415,interface,NVMe,
9704,1415,nand_type,TLC,
9705,1415,read_speed_mbs,7400,MB/s
9706,1415,write_speed_mbs,6300,MB/s
9707,1415,tbw,1200,TB
9708,1416,storage_gb,2048,GB
9709,1416,form_factor,M.2,
9710,1416,interface,NVMe,
9711,1416,nand_type,TLC,
9712,1416,read_speed_mbs,7400,MB/s
9713,1416,write_speed_mbs,6300,MB/s
9714,1416,tbw,1200,TB
9715,1417,storage_gb,4096,GB
9716,1417,form_factor,M.2,
9717,1417,interface,NVMe,
9718,1417,nand_type,TLC,
9719,1417,read_speed_mbs,7450,MB/s
9720,1417,write_speed_mbs,6900,MB/s
9721,1417,tbw,1200,TB
9722,1418,storage_gb,2048,GB
9723,1418,form_factor,M.2,
9724,1418,interface,NVMe,
9725,1418,nand_type,TLC,
9726,1418,read_speed_mbs,7450,MB/s
9727,1418,write_speed_mbs,6900,MB/s
9728,1418,tbw,1200,TB
9729,1419,storage_gb,1024,GB
9730,1419,form_factor,M.2,
9731,1419,interface,NVMe,
9732,1419,nand_type,TLC,
9733,1419,read_speed_mbs,7450,MB/s
9734,1419,write_speed_mbs,6900,MB/s
9735,1419,tbw,1200,TB
9736,1420,storage_gb,1024,GB
9737,1420,form_factor,M.2,
9738,1420,interface,NVMe,
9739,1420,nand_type,TLC,
9740,1420,read_speed_mbs,3500,MB/s
9741,1420,write_speed_mbs,3000,MB/s
9742,1420,tbw,600,TB
9743,1421,storage_gb,500,GB
9744,1421,form_factor,M.2,
9745,1421,interface,NVMe,
9746,1421,nand_type,TLC,
9747,1421,read_speed_mbs,3500,MB/s
9748,1421,write_speed_mbs,3000,MB/s
9749,1421,tbw,600,TB
9750,1422,storage_gb,250,GB
9751,1422,form_factor,M.2,
9752,1422,interface,NVMe,
9753,1422,nand_type,TLC,
9754,1422,read_speed_mbs,3500,MB/s
9755,1422,write_speed_mbs,3000,MB/s
9756,1422,tbw,600,TB
9757,1423,storage_gb,2048,GB
9758,1423,form_factor,M.2,
9759,1423,interface,NVMe,
9760,1423,nand_type,QLC,
9761,1423,read_speed_mbs,2700,MB/s
9762,1423,write_speed_mbs,1900,MB/s
9763,1423,tbw,120,TB
9764,1424,storage_gb,1024,GB
9765,1424,form_factor,M.2,
9766,1424,interface,NVMe,
9767,1424,nand_type,QLC,
9768,1424,read_speed_mbs,2700,MB/s
9769,1424,write_speed_mbs,1900,MB/s
9770,1424,tbw,120,TB
9771,1425,storage_gb,512,GB
9772,1425,form_factor,M.2,
9773,1425,interface,NVMe,
9774,1425,nand_type,QLC,
9775,1425,read_speed_mbs,2700,MB/s
9776,1425,write_speed_mbs,1900,MB/s
9777,1425,tbw,120,TB
9778,1426,storage_gb,256,GB
9779,1426,form_factor,M.2,
9780,1426,interface,NVMe,
9781,1426,nand_type,QLC,
9782,1426,read_speed_mbs,2700,MB/s
9783,1426,write_speed_mbs,1900,MB/s
9784,1426,tbw,120,TB
9785,1427,storage_gb,2048,GB
9786,1427,form_factor,2.5형,
9787,1427,interface,SATA,
9788,1427,read_speed_mbs,520,MB/s
9789,1427,write_speed_mbs,450,MB/s
9790,1427,tbw,280,TB
9791,1428,storage_gb,1024,GB
9792,1428,form_factor,2.5형,
9793,1428,interface,SATA,
9794,1428,read_speed_mbs,520,MB/s
9795,1428,write_speed_mbs,450,MB/s
9796,1428,tbw,280,TB
9797,1429,storage_gb,512,GB
9798,1429,form_factor,2.5형,
9799,1429,interface,SATA,
9800,1429,read_speed_mbs,520,MB/s
9801,1429,write_speed_mbs,450,MB/s
9802,1429,tbw,280,TB
9803,1430,storage_gb,256,GB
9804,1430,form_factor,2.5형,
9805,1430,interface,SATA,
9806,1430,read_speed_mbs,520,MB/s
9807,1430,write_speed_mbs,450,MB/s
9808,1430,tbw,280,TB
9809,1431,storage_gb,4096,GB
9810,1431,form_factor,M.2,
9811,1431,interface,NVMe,
9812,1431,nand_type,TLC,
9813,1431,read_speed_mbs,14900,MB/s
9814,1431,write_speed_mbs,14000,MB/s
9815,1431,tbw,1200,TB
9816,1432,storage_gb,2048,GB
9817,1432,form_factor,M.2,
9818,1432,interface,NVMe,
9819,1432,nand_type,TLC,
9820,1432,read_speed_mbs,14900,MB/s
9821,1432,write_speed_mbs,14000,MB/s
9822,1432,tbw,1200,TB
9823,1433,storage_gb,1024,GB
9824,1433,form_factor,M.2,
9825,1433,interface,NVMe,
9826,1433,nand_type,TLC,
9827,1433,read_speed_mbs,14900,MB/s
9828,1433,write_speed_mbs,14000,MB/s
9829,1433,tbw,1200,TB
9830,1434,storage_gb,2048,GB
9831,1434,form_factor,M.2,
9832,1434,interface,NVMe,
9833,1434,nand_type,QLC,
9834,1434,read_speed_mbs,7150,MB/s
9835,1434,write_speed_mbs,6450,MB/s
9836,1434,tbw,400,TB
9837,1435,storage_gb,1024,GB
9838,1435,form_factor,M.2,
9839,1435,interface,NVMe,
9840,1435,nand_type,QLC,
9841,1435,read_speed_mbs,7150,MB/s
9842,1435,write_speed_mbs,6450,MB/s
9843,1435,tbw,400,TB
9844,1436,storage_gb,4096,GB
9845,1436,form_factor,M.2,
9846,1436,interface,NVMe,
9847,1436,nand_type,TLC,
9848,1436,read_speed_mbs,7400,MB/s
9849,1436,write_speed_mbs,6900,MB/s
9850,1436,tbw,2400,TB
9851,1437,storage_gb,2048,GB
9852,1437,form_factor,M.2,
9853,1437,interface,NVMe,
9854,1437,nand_type,TLC,
9855,1437,read_speed_mbs,7400,MB/s
9856,1437,write_speed_mbs,6900,MB/s
9857,1437,tbw,2400,TB
9858,1438,storage_gb,2048,GB
9859,1438,form_factor,M.2,
9860,1438,interface,NVMe,
9861,1438,read_speed_mbs,11000,MB/s
9862,1438,write_speed_mbs,9700,MB/s
9863,1438,tbw,750,TB
9864,1439,storage_gb,1024,GB
9865,1439,form_factor,M.2,
9866,1439,interface,NVMe,
9867,1439,read_speed_mbs,11000,MB/s
9868,1439,write_speed_mbs,9700,MB/s
9869,1439,tbw,750,TB
9870,1440,storage_gb,4096,GB
9871,1440,form_factor,M.2,
9872,1440,interface,NVMe,
9873,1440,nand_type,TLC,
9874,1440,read_speed_mbs,7450,MB/s
9875,1440,write_speed_mbs,6900,MB/s
9876,1440,tbw,1200,TB
9877,1441,storage_gb,2048,GB
9878,1441,form_factor,M.2,
9879,1441,interface,NVMe,
9880,1441,nand_type,TLC,
9881,1441,read_speed_mbs,7450,MB/s
9882,1441,write_speed_mbs,6900,MB/s
9883,1441,tbw,1200,TB
9884,1442,storage_gb,1024,GB
9885,1442,form_factor,M.2,
9886,1442,interface,NVMe,
9887,1442,nand_type,TLC,
9888,1442,read_speed_mbs,7450,MB/s
9889,1442,write_speed_mbs,6900,MB/s
9890,1442,tbw,1200,TB
9891,1443,storage_gb,1024,GB
9892,1443,form_factor,M.2,
9893,1443,interface,NVMe,
9894,1443,read_speed_mbs,2100,MB/s
9895,1443,write_speed_mbs,1700,MB/s
9896,1443,tbw,350,TB
9897,1444,storage_gb,512,GB
9898,1444,form_factor,M.2,
9899,1444,interface,NVMe,
9900,1444,read_speed_mbs,2100,MB/s
9901,1444,write_speed_mbs,1700,MB/s
9902,1444,tbw,350,TB
9903,1445,storage_gb,4096,GB
9904,1445,form_factor,M.2,
9905,1445,interface,NVMe,
9906,1445,nand_type,TLC,
9907,1445,read_speed_mbs,14800,MB/s
9908,1445,write_speed_mbs,13400,MB/s
9909,1445,tbw,4800,TB
9910,1446,storage_gb,2048,GB
9911,1446,form_factor,M.2,
9912,1446,interface,NVMe,
9913,1446,nand_type,TLC,
9914,1446,read_speed_mbs,14800,MB/s
9915,1446,write_speed_mbs,13400,MB/s
9916,1446,tbw,4800,TB
9917,1447,storage_gb,1024,GB
9918,1447,form_factor,M.2,
9919,1447,interface,NVMe,
9920,1447,nand_type,TLC,
9921,1447,read_speed_mbs,14800,MB/s
9922,1447,write_speed_mbs,13400,MB/s
9923,1447,tbw,4800,TB
9924,1448,storage_gb,2048,GB
9925,1448,form_factor,M.2,
9926,1448,interface,NVMe,
9927,1448,nand_type,TLC,
9928,1448,read_speed_mbs,7300,MB/s
9929,1448,write_speed_mbs,6900,MB/s
9930,1448,tbw,2550,TB
9931,1449,storage_gb,1024,GB
9932,1449,form_factor,M.2,
9933,1449,interface,NVMe,
9934,1449,nand_type,TLC,
9935,1449,read_speed_mbs,7300,MB/s
9936,1449,write_speed_mbs,6900,MB/s
9937,1449,tbw,2550,TB
9938,1450,storage_gb,4096,GB
9939,1450,form_factor,M.2,
9940,1450,interface,NVMe,
9941,1450,nand_type,TLC,
9942,1450,read_speed_mbs,7250,MB/s
9943,1450,write_speed_mbs,6900,MB/s
9944,1450,tbw,600,TB
9945,1451,storage_gb,2048,GB
9946,1451,form_factor,M.2,
9947,1451,interface,NVMe,
9948,1451,nand_type,TLC,
9949,1451,read_speed_mbs,7250,MB/s
9950,1451,write_speed_mbs,6900,MB/s
9951,1451,tbw,600,TB
9952,1452,storage_gb,1024,GB
9953,1452,form_factor,M.2,
9954,1452,interface,NVMe,
9955,1452,nand_type,TLC,
9956,1452,read_speed_mbs,7250,MB/s
9957,1452,write_speed_mbs,6900,MB/s
9958,1452,tbw,600,TB
9959,1453,storage_gb,500,GB
9960,1453,form_factor,M.2,
9961,1453,interface,NVMe,
9962,1453,nand_type,TLC,
9963,1453,read_speed_mbs,7250,MB/s
9964,1453,write_speed_mbs,6900,MB/s
9965,1453,tbw,600,TB
9966,1454,storage_gb,4096,GB
9967,1454,form_factor,M.2,
9968,1454,interface,NVMe,
9969,1454,nand_type,TLC,
9970,1454,read_speed_mbs,14000,MB/s
9971,1454,write_speed_mbs,13000,MB/s
9972,1454,tbw,3000,TB
9973,1455,storage_gb,2048,GB
9974,1455,form_factor,M.2,
9975,1455,interface,NVMe,
9976,1455,nand_type,TLC,
9977,1455,read_speed_mbs,14000,MB/s
9978,1455,write_speed_mbs,13000,MB/s
9979,1455,tbw,3000,TB
9980,1456,storage_gb,1024,GB
9981,1456,form_factor,M.2,
9982,1456,interface,NVMe,
9983,1456,nand_type,TLC,
9984,1456,read_speed_mbs,14000,MB/s
9985,1456,write_speed_mbs,13000,MB/s
9986,1456,tbw,3000,TB
9987,1457,storage_gb,2048,GB
9988,1457,form_factor,M.2,
9989,1457,interface,NVMe,
9990,1457,read_speed_mbs,3300,MB/s
9991,1457,write_speed_mbs,1700,MB/s
9992,1457,tbw,300,TB
9993,1458,storage_gb,1024,GB
9994,1458,form_factor,M.2,
9995,1458,interface,NVMe,
9996,1458,read_speed_mbs,3300,MB/s
9997,1458,write_speed_mbs,1700,MB/s
9998,1458,tbw,300,TB
9999,1459,storage_gb,512,GB
10000,1459,form_factor,M.2,
10001,1459,interface,NVMe,
10002,1459,read_speed_mbs,3300,MB/s
10003,1459,write_speed_mbs,1700,MB/s
10004,1459,tbw,300,TB
10005,1460,storage_gb,1024,GB
10006,1460,form_factor,2.5형,
10007,1460,interface,SATA,
10008,1460,read_speed_mbs,535,MB/s
10009,1460,write_speed_mbs,515,MB/s
10010,1461,storage_gb,500,GB
10011,1461,form_factor,2.5형,
10012,1461,interface,SATA,
10013,1461,read_speed_mbs,535,MB/s
10014,1461,write_speed_mbs,515,MB/s
10015,1462,storage_gb,250,GB
10016,1462,form_factor,2.5형,
10017,1462,interface,SATA,
10018,1462,read_speed_mbs,535,MB/s
10019,1462,write_speed_mbs,515,MB/s
10020,1463,storage_gb,1024,GB
10021,1463,form_factor,M.2,
10022,1463,interface,NVMe,
10023,1463,read_speed_mbs,1700,MB/s
10024,1463,write_speed_mbs,1100,MB/s
10025,1464,storage_gb,500,GB
10026,1464,form_factor,M.2,
10027,1464,interface,NVMe,
10028,1464,read_speed_mbs,1700,MB/s
10029,1464,write_speed_mbs,1100,MB/s
10030,1465,storage_gb,512,GB
10031,1465,form_factor,M.2,
10032,1465,interface,NVMe,
10033,1465,read_speed_mbs,1700,MB/s
10034,1465,write_speed_mbs,1100,MB/s
10035,1466,storage_gb,256,GB
10036,1466,form_factor,M.2,
10037,1466,interface,NVMe,
10038,1466,read_speed_mbs,1700,MB/s
10039,1466,write_speed_mbs,1100,MB/s
10040,1467,storage_gb,4096,GB
10041,1467,form_factor,M.2,
10042,1467,interface,NVMe,
10043,1467,nand_type,TLC,
10044,1467,read_speed_mbs,6200,MB/s
10045,1467,write_speed_mbs,4800,MB/s
10046,1467,tbw,2400,TB
10047,1468,storage_gb,2048,GB
10048,1468,form_factor,M.2,
10049,1468,interface,NVMe,
10050,1468,nand_type,TLC,
10051,1468,read_speed_mbs,6200,MB/s
10052,1468,write_speed_mbs,4800,MB/s
10053,1468,tbw,2400,TB
10054,1469,storage_gb,1024,GB
10055,1469,form_factor,M.2,
10056,1469,interface,NVMe,
10057,1469,nand_type,TLC,
10058,1469,read_speed_mbs,6200,MB/s
10059,1469,write_speed_mbs,4800,MB/s
10060,1469,tbw,2400,TB
10061,1470,storage_gb,480,GB
10062,1470,form_factor,M.2,
10063,1470,interface,SATA,
10064,1470,read_speed_mbs,500,MB/s
10065,1470,write_speed_mbs,430,MB/s
10066,1470,tbw,80,TB
10067,1471,storage_gb,240,GB
10068,1471,form_factor,M.2,
10069,1471,interface,SATA,
10070,1471,read_speed_mbs,500,MB/s
10071,1471,write_speed_mbs,430,MB/s
10072,1471,tbw,80,TB
10073,1472,storage_gb,4096,GB
10074,1472,form_factor,M.2,
10075,1472,interface,NVMe,
10076,1472,nand_type,QLC,
10077,1472,read_speed_mbs,6600,MB/s
10078,1472,write_speed_mbs,5600,MB/s
10079,1472,tbw,300,TB
10080,1473,storage_gb,2048,GB
10081,1473,form_factor,M.2,
10082,1473,interface,NVMe,
10083,1473,nand_type,QLC,
10084,1473,read_speed_mbs,6600,MB/s
10085,1473,write_speed_mbs,5600,MB/s
10086,1473,tbw,300,TB
10087,1474,storage_gb,1024,GB
10088,1474,form_factor,M.2,
10089,1474,interface,NVMe,
10090,1474,nand_type,QLC,
10091,1474,read_speed_mbs,6600,MB/s
10092,1474,write_speed_mbs,5600,MB/s
10093,1474,tbw,300,TB
10094,1475,storage_gb,500,GB
10095,1475,form_factor,M.2,
10096,1475,interface,NVMe,
10097,1475,nand_type,QLC,
10098,1475,read_speed_mbs,6600,MB/s
10099,1475,write_speed_mbs,5600,MB/s
10100,1475,tbw,300,TB
10101,1476,storage_gb,2048,GB
10102,1476,form_factor,M.2,
10103,1476,interface,NVMe,
10104,1476,nand_type,TLC,
10105,1476,read_speed_mbs,14700,MB/s
10106,1476,write_speed_mbs,13400,MB/s
10107,1476,tbw,1200,TB
10108,1477,storage_gb,1024,GB
10109,1477,form_factor,M.2,
10110,1477,interface,NVMe,
10111,1477,nand_type,TLC,
10112,1477,read_speed_mbs,14700,MB/s
10113,1477,write_speed_mbs,13400,MB/s
10114,1477,tbw,1200,TB
10115,1478,storage_gb,1024,GB
10116,1478,form_factor,M.2,
10117,1478,interface,NVMe,
10118,1478,nand_type,QLC,
10119,1478,read_speed_mbs,7100,MB/s
10120,1478,write_speed_mbs,6000,MB/s
10121,1478,tbw,220,TB
10122,1479,storage_gb,500,GB
10123,1479,form_factor,M.2,
10124,1479,interface,NVMe,
10125,1479,nand_type,QLC,
10126,1479,read_speed_mbs,7100,MB/s
10127,1479,write_speed_mbs,6000,MB/s
10128,1479,tbw,220,TB
10129,1480,storage_gb,512,GB
10130,1480,form_factor,M.2,
10131,1480,interface,NVMe,
10132,1480,nand_type,TLC,
10133,1480,read_speed_mbs,3200,MB/s
10134,1480,write_speed_mbs,2000,MB/s
10135,1481,storage_gb,256,GB
10136,1481,form_factor,M.2,
10137,1481,interface,NVMe,
10138,1481,nand_type,TLC,
10139,1481,read_speed_mbs,3200,MB/s
10140,1481,write_speed_mbs,2000,MB/s
10141,1482,storage_gb,1024,GB
10142,1482,form_factor,2.5형,
10143,1482,interface,SATA,
10144,1482,nand_type,TLC,
10145,1482,read_speed_mbs,520,MB/s
10146,1482,write_speed_mbs,450,MB/s
10147,1483,storage_gb,512,GB
10148,1483,form_factor,2.5형,
10149,1483,interface,SATA,
10150,1483,nand_type,TLC,
10151,1483,read_speed_mbs,520,MB/s
10152,1483,write_speed_mbs,450,MB/s
10153,1484,storage_gb,256,GB
10154,1484,form_factor,2.5형,
10155,1484,interface,SATA,
10156,1484,nand_type,TLC,
10157,1484,read_speed_mbs,520,MB/s
10158,1484,write_speed_mbs,450,MB/s
10159,1485,storage_gb,240,GB
10160,1485,form_factor,2.5형,
10161,1485,interface,SATA,
10162,1485,nand_type,TLC,
10163,1485,read_speed_mbs,520,MB/s
10164,1485,write_speed_mbs,450,MB/s
10165,1486,storage_gb,4096,GB
10166,1486,form_factor,2.5형,
10167,1486,interface,SATA,
10168,1486,nand_type,TLC,
10169,1486,read_speed_mbs,560,MB/s
10170,1486,write_speed_mbs,530,MB/s
10171,1486,tbw,600,TB
10172,1487,storage_gb,2048,GB
10173,1487,form_factor,2.5형,
10174,1487,interface,SATA,
10175,1487,nand_type,TLC,
10176,1487,read_speed_mbs,560,MB/s
10177,1487,write_speed_mbs,530,MB/s
10178,1487,tbw,600,TB
10179,1488,storage_gb,1024,GB
10180,1488,form_factor,2.5형,
10181,1488,interface,SATA,
10182,1488,nand_type,TLC,
10183,1488,read_speed_mbs,560,MB/s
10184,1488,write_speed_mbs,530,MB/s
10185,1488,tbw,600,TB
10186,1489,storage_gb,500,GB
10187,1489,form_factor,2.5형,
10188,1489,interface,SATA,
10189,1489,nand_type,TLC,
10190,1489,read_speed_mbs,560,MB/s
10191,1489,write_speed_mbs,530,MB/s
10192,1489,tbw,600,TB
10193,1490,storage_gb,512,GB
10194,1490,form_factor,M.2,
10195,1490,interface,NVMe,
10196,1490,nand_type,TLC,
10197,1490,read_speed_mbs,3300,MB/s
10198,1490,write_speed_mbs,1250,MB/s
10199,1491,storage_gb,256,GB
10200,1491,form_factor,M.2,
10201,1491,interface,NVMe,
10202,1491,nand_type,TLC,
10203,1491,read_speed_mbs,3300,MB/s
10204,1491,write_speed_mbs,1250,MB/s
10205,1492,storage_gb,1024,GB
10206,1492,form_factor,2.5형,
10207,1492,interface,SATA,
10208,1492,nand_type,TLC,
10209,1492,read_speed_mbs,540,MB/s
10210,1492,write_speed_mbs,500,MB/s
10211,1492,tbw,80,TB
10212,1493,storage_gb,240,GB
10213,1493,form_factor,2.5형,
10214,1493,interface,SATA,
10215,1493,nand_type,TLC,
10216,1493,read_speed_mbs,540,MB/s
10217,1493,write_speed_mbs,500,MB/s
10218,1493,tbw,80,TB
10219,1494,storage_gb,1024,GB
10220,1494,form_factor,M.2,
10221,1494,interface,NVMe,
10222,1494,nand_type,TLC,
10223,1495,storage_gb,512,GB
10224,1495,form_factor,M.2,
10225,1495,interface,NVMe,
10226,1495,nand_type,TLC,
10227,1496,storage_gb,256,GB
10228,1496,form_factor,M.2,
10229,1496,interface,NVMe,
10230,1496,nand_type,TLC,
10231,1497,storage_gb,4096,GB
10232,1497,form_factor,M.2,
10233,1497,interface,NVMe,
10234,1497,nand_type,TLC,
10235,1497,read_speed_mbs,7300,MB/s
10236,1497,write_speed_mbs,6300,MB/s
10237,1497,tbw,600,TB
10238,1498,storage_gb,2048,GB
10239,1498,form_factor,M.2,
10240,1498,interface,NVMe,
10241,1498,nand_type,TLC,
10242,1498,read_speed_mbs,7300,MB/s
10243,1498,write_speed_mbs,6300,MB/s
10244,1498,tbw,600,TB
10245,1499,storage_gb,1024,GB
10246,1499,form_factor,M.2,
10247,1499,interface,NVMe,
10248,1499,nand_type,TLC,
10249,1499,read_speed_mbs,7300,MB/s
10250,1499,write_speed_mbs,6300,MB/s
10251,1499,tbw,600,TB
10252,1500,storage_gb,1024,GB
10253,1500,form_factor,M.2,
10254,1500,interface,NVMe,
10255,1500,write_speed_mbs,2400,MB/s
10256,1500,tbw,300,TB
10257,1501,storage_gb,500,GB
10258,1501,form_factor,M.2,
10259,1501,interface,NVMe,
10260,1501,write_speed_mbs,2400,MB/s
10261,1501,tbw,300,TB
10262,1502,storage_gb,4096,GB
10263,1502,form_factor,M.2,
10264,1502,interface,NVMe,
10265,1502,nand_type,TLC,
10266,1502,read_speed_mbs,6400,MB/s
10267,1502,write_speed_mbs,5000,MB/s
10268,1502,tbw,2400,TB
10269,1503,storage_gb,1024,GB
10270,1503,form_factor,M.2,
10271,1503,interface,NVMe,
10272,1503,nand_type,TLC,
10273,1503,read_speed_mbs,6400,MB/s
10274,1503,write_speed_mbs,5000,MB/s
10275,1503,tbw,2400,TB
10276,1504,storage_gb,2048,GB
10277,1504,form_factor,M.2,
10278,1504,interface,NVMe,
10279,1504,nand_type,TLC,
10280,1504,read_speed_mbs,7000,MB/s
10281,1504,write_speed_mbs,6500,MB/s
10282,1504,tbw,750,TB
10283,1505,storage_gb,1024,GB
10284,1505,form_factor,M.2,
10285,1505,interface,NVMe,
10286,1505,nand_type,TLC,
10287,1505,read_speed_mbs,7000,MB/s
10288,1505,write_speed_mbs,6500,MB/s
10289,1505,tbw,750,TB
10290,1506,storage_gb,500,GB
10291,1506,form_factor,M.2,
10292,1506,interface,NVMe,
10293,1506,nand_type,TLC,
10294,1506,read_speed_mbs,7000,MB/s
10295,1506,write_speed_mbs,6500,MB/s
10296,1506,tbw,750,TB
10297,1507,storage_gb,2048,GB
10298,1507,form_factor,M.2,
10299,1507,interface,NVMe,
10300,1507,nand_type,QLC,
10301,1507,read_speed_mbs,7300,MB/s
10302,1507,write_speed_mbs,6800,MB/s
10303,1507,tbw,600,TB
10304,1508,storage_gb,1024,GB
10305,1508,form_factor,M.2,
10306,1508,interface,NVMe,
10307,1508,nand_type,QLC,
10308,1508,read_speed_mbs,7300,MB/s
10309,1508,write_speed_mbs,6800,MB/s
10310,1508,tbw,600,TB
10311,1509,storage_gb,4096,GB
10312,1509,form_factor,M.2,
10313,1509,interface,NVMe,
10314,1509,nand_type,TLC,
10315,1509,read_speed_mbs,14900,MB/s
10316,1509,write_speed_mbs,13700,MB/s
10317,1509,tbw,2400,TB
10318,1510,storage_gb,2048,GB
10319,1510,form_factor,M.2,
10320,1510,interface,NVMe,
10321,1510,nand_type,TLC,
10322,1510,read_speed_mbs,14900,MB/s
10323,1510,write_speed_mbs,13700,MB/s
10324,1510,tbw,2400,TB
10325,1511,storage_gb,1024,GB
10326,1511,form_factor,M.2,
10327,1511,interface,NVMe,
10328,1511,nand_type,TLC,
10329,1511,read_speed_mbs,14900,MB/s
10330,1511,write_speed_mbs,13700,MB/s
10331,1511,tbw,2400,TB
10332,1512,storage_gb,1024,GB
10333,1512,form_factor,M.2,
10334,1512,interface,NVMe,
10335,1512,nand_type,TLC,
10336,1512,read_speed_mbs,3400,MB/s
10337,1512,write_speed_mbs,3100,MB/s
10338,1513,storage_gb,512,GB
10339,1513,form_factor,M.2,
10340,1513,interface,NVMe,
10341,1513,nand_type,TLC,
10342,1513,read_speed_mbs,3400,MB/s
10343,1513,write_speed_mbs,3100,MB/s
10344,1514,storage_gb,256,GB
10345,1514,form_factor,M.2,
10346,1514,interface,NVMe,
10347,1514,nand_type,TLC,
10348,1514,read_speed_mbs,3400,MB/s
10349,1514,write_speed_mbs,3100,MB/s
10350,1515,storage_gb,1024,GB
10351,1515,form_factor,M.2,
10352,1515,interface,NVMe,
10353,1515,nand_type,TLC,
10354,1515,read_speed_mbs,7000,MB/s
10355,1515,write_speed_mbs,6000,MB/s
10356,1516,storage_gb,2048,GB
10357,1516,form_factor,M.2,
10358,1516,interface,NVMe,
10359,1516,nand_type,QLC,
10360,1516,read_speed_mbs,7200,MB/s
10361,1516,write_speed_mbs,6200,MB/s
10362,1516,tbw,400,TB
10363,1517,storage_gb,1024,GB
10364,1517,form_factor,M.2,
10365,1517,interface,NVMe,
10366,1517,nand_type,QLC,
10367,1517,read_speed_mbs,7200,MB/s
10368,1517,write_speed_mbs,6200,MB/s
10369,1517,tbw,400,TB
10370,1518,storage_gb,4096,GB
10371,1518,form_factor,M.2,
10372,1518,interface,NVMe,
10373,1518,nand_type,QLC,
10374,1518,read_speed_mbs,10000,MB/s
10375,1518,write_speed_mbs,9600,MB/s
10376,1518,tbw,1200,TB
10377,1519,storage_gb,2048,GB
10378,1519,form_factor,M.2,
10379,1519,interface,NVMe,
10380,1519,nand_type,QLC,
10381,1519,read_speed_mbs,10000,MB/s
10382,1519,write_speed_mbs,9600,MB/s
10383,1519,tbw,1200,TB
10384,1520,storage_gb,1024,GB
10385,1520,form_factor,M.2,
10386,1520,interface,NVMe,
10387,1520,nand_type,QLC,
10388,1520,read_speed_mbs,10000,MB/s
10389,1520,write_speed_mbs,9600,MB/s
10390,1520,tbw,1200,TB
10391,1521,storage_gb,4096,GB
10392,1521,form_factor,M.2,
10393,1521,interface,NVMe,
10394,1521,nand_type,TLC,
10395,1521,read_speed_mbs,3200,MB/s
10396,1521,write_speed_mbs,1800,MB/s
10397,1521,tbw,150,TB
10398,1522,storage_gb,2048,GB
10399,1522,form_factor,M.2,
10400,1522,interface,NVMe,
10401,1522,nand_type,TLC,
10402,1522,read_speed_mbs,3200,MB/s
10403,1522,write_speed_mbs,1800,MB/s
10404,1522,tbw,150,TB
10405,1523,storage_gb,1024,GB
10406,1523,form_factor,M.2,
10407,1523,interface,NVMe,
10408,1523,nand_type,TLC,
10409,1523,read_speed_mbs,3200,MB/s
10410,1523,write_speed_mbs,1800,MB/s
10411,1523,tbw,150,TB
10412,1524,storage_gb,500,GB
10413,1524,form_factor,M.2,
10414,1524,interface,NVMe,
10415,1524,nand_type,TLC,
10416,1524,read_speed_mbs,3200,MB/s
10417,1524,write_speed_mbs,1800,MB/s
10418,1524,tbw,150,TB
10419,1525,storage_gb,250,GB
10420,1525,form_factor,M.2,
10421,1525,interface,NVMe,
10422,1525,nand_type,TLC,
10423,1525,read_speed_mbs,3200,MB/s
10424,1525,write_speed_mbs,1800,MB/s
10425,1525,tbw,150,TB
10426,1526,storage_gb,500,GB
10427,1526,form_factor,M.2,
10428,1526,interface,NVMe,
10429,1526,nand_type,QLC,
10430,1526,read_speed_mbs,3600,MB/s
10431,1526,write_speed_mbs,3100,MB/s
10432,1526,tbw,150,TB
10433,1527,storage_gb,1024,GB
10434,1527,form_factor,M.2,
10435,1527,interface,NVMe,
10436,1527,nand_type,TLC,
10437,1527,read_speed_mbs,3600,MB/s
10438,1527,write_speed_mbs,3000,MB/s
10439,1527,tbw,300,TB
10440,1528,storage_gb,500,GB
10441,1528,form_factor,M.2,
10442,1528,interface,NVMe,
10443,1528,nand_type,TLC,
10444,1528,read_speed_mbs,3600,MB/s
10445,1528,write_speed_mbs,3000,MB/s
10446,1528,tbw,300,TB
10447,1529,storage_gb,256,GB
10448,1529,form_factor,M.2,
10449,1529,interface,NVMe,
10450,1529,nand_type,TLC,
10451,1529,read_speed_mbs,3200,MB/s
10452,1529,write_speed_mbs,1200,MB/s
10453,1529,tbw,100,TB
10454,1530,storage_gb,1024,GB
10455,1530,form_factor,M.2,
10456,1530,interface,NVMe,
10457,1530,read_speed_mbs,2400,MB/s
10458,1530,write_speed_mbs,1600,MB/s
10459,1530,tbw,130,TB
10460,1531,storage_gb,512,GB
10461,1531,form_factor,M.2,
10462,1531,interface,NVMe,
10463,1531,read_speed_mbs,2400,MB/s
10464,1531,write_speed_mbs,1600,MB/s
10465,1531,tbw,130,TB
10466,1532,storage_gb,256,GB
10467,1532,form_factor,M.2,
10468,1532,interface,NVMe,
10469,1532,read_speed_mbs,2400,MB/s
10470,1532,write_speed_mbs,1600,MB/s
10471,1532,tbw,130,TB
10472,1533,storage_gb,1024,GB
10473,1533,form_factor,M.2,
10474,1533,interface,NVMe,
10475,1533,read_speed_mbs,10400,MB/s
10476,1533,write_speed_mbs,8600,MB/s
10477,1533,tbw,600,TB
10478,1534,storage_gb,2048,GB
10479,1534,form_factor,M.2,
10480,1534,interface,NVMe,
10481,1534,nand_type,TLC,
10482,1534,read_speed_mbs,7400,MB/s
10483,1534,write_speed_mbs,5500,MB/s
10484,1534,tbw,740,TB
10485,1535,storage_gb,1024,GB
10486,1535,form_factor,M.2,
10487,1535,interface,NVMe,
10488,1535,nand_type,TLC,
10489,1535,read_speed_mbs,7400,MB/s
10490,1535,write_speed_mbs,5500,MB/s
10491,1535,tbw,740,TB
10492,1536,storage_gb,512,GB
10493,1536,form_factor,M.2,
10494,1536,interface,NVMe,
10495,1536,nand_type,TLC,
10496,1536,read_speed_mbs,7400,MB/s
10497,1536,write_speed_mbs,5500,MB/s
10498,1536,tbw,740,TB
10499,1537,storage_gb,4096,GB
10500,1537,form_factor,M.2,
10501,1537,interface,NVMe,
10502,1537,nand_type,TLC,
10503,1537,read_speed_mbs,5000,MB/s
10504,1537,write_speed_mbs,4800,MB/s
10505,1537,tbw,700,TB
10506,1538,storage_gb,2048,GB
10507,1538,form_factor,M.2,
10508,1538,interface,NVMe,
10509,1538,nand_type,TLC,
10510,1538,read_speed_mbs,5000,MB/s
10511,1538,write_speed_mbs,4800,MB/s
10512,1538,tbw,700,TB
10513,1539,storage_gb,1024,GB
10514,1539,form_factor,M.2,
10515,1539,interface,NVMe,
10516,1539,nand_type,TLC,
10517,1539,read_speed_mbs,5000,MB/s
10518,1539,write_speed_mbs,4800,MB/s
10519,1539,tbw,700,TB
10520,1540,storage_gb,500,GB
10521,1540,form_factor,M.2,
10522,1540,interface,NVMe,
10523,1540,nand_type,TLC,
10524,1540,read_speed_mbs,5000,MB/s
10525,1540,write_speed_mbs,4800,MB/s
10526,1540,tbw,700,TB
10527,1541,storage_gb,4096,GB
10528,1541,form_factor,M.2,
10529,1541,interface,NVMe,
10530,1541,nand_type,TLC,
10531,1541,read_speed_mbs,7300,MB/s
10532,1541,write_speed_mbs,6600,MB/s
10533,1541,tbw,600,TB
10534,1542,storage_gb,2048,GB
10535,1542,form_factor,M.2,
10536,1542,interface,NVMe,
10537,1542,nand_type,TLC,
10538,1542,read_speed_mbs,7300,MB/s
10539,1542,write_speed_mbs,6600,MB/s
10540,1542,tbw,600,TB
10541,1543,storage_gb,1024,GB
10542,1543,form_factor,M.2,
10543,1543,interface,NVMe,
10544,1543,nand_type,TLC,
10545,1543,read_speed_mbs,7300,MB/s
10546,1543,write_speed_mbs,6600,MB/s
10547,1543,tbw,600,TB
10548,1544,storage_gb,2048,GB
10549,1544,form_factor,2.5형,
10550,1544,interface,SATA,
10551,1544,read_speed_mbs,520,MB/s
10552,1544,write_speed_mbs,450,MB/s
10553,1544,tbw,560,TB
10554,1545,storage_gb,1024,GB
10555,1545,form_factor,2.5형,
10556,1545,interface,SATA,
10557,1545,read_speed_mbs,520,MB/s
10558,1545,write_speed_mbs,450,MB/s
10559,1545,tbw,560,TB
10560,1546,storage_gb,512,GB
10561,1546,form_factor,2.5형,
10562,1546,interface,SATA,
10563,1546,read_speed_mbs,520,MB/s
10564,1546,write_speed_mbs,450,MB/s
10565,1546,tbw,560,TB
10566,1547,storage_gb,256,GB
10567,1547,form_factor,2.5형,
10568,1547,interface,SATA,
10569,1547,read_speed_mbs,520,MB/s
10570,1547,write_speed_mbs,450,MB/s
10571,1547,tbw,560,TB
10572,1548,storage_gb,1024,GB
10573,1548,form_factor,2.5형,
10574,1548,interface,SATA,
10575,1548,nand_type,TLC,
10576,1548,read_speed_mbs,500,MB/s
10577,1548,write_speed_mbs,420,MB/s
10578,1548,tbw,100,TB
10579,1549,storage_gb,480,GB
10580,1549,form_factor,2.5형,
10581,1549,interface,SATA,
10582,1549,nand_type,TLC,
10583,1549,read_speed_mbs,500,MB/s
10584,1549,write_speed_mbs,420,MB/s
10585,1549,tbw,100,TB
10586,1550,storage_gb,240,GB
10587,1550,form_factor,2.5형,
10588,1550,interface,SATA,
10589,1550,nand_type,TLC,
10590,1550,read_speed_mbs,500,MB/s
10591,1550,write_speed_mbs,420,MB/s
10592,1550,tbw,100,TB
10593,1551,storage_gb,4096,GB
10594,1551,form_factor,M.2,
10595,1551,interface,NVMe,
10596,1551,nand_type,QLC,
10597,1551,read_speed_mbs,6000,MB/s
10598,1551,write_speed_mbs,4000,MB/s
10599,1551,tbw,320,TB
10600,1552,storage_gb,2048,GB
10601,1552,form_factor,M.2,
10602,1552,interface,NVMe,
10603,1552,nand_type,QLC,
10604,1552,read_speed_mbs,6000,MB/s
10605,1552,write_speed_mbs,4000,MB/s
10606,1552,tbw,320,TB
10607,1553,storage_gb,1024,GB
10608,1553,form_factor,M.2,
10609,1553,interface,NVMe,
10610,1553,nand_type,QLC,
10611,1553,read_speed_mbs,6000,MB/s
10612,1553,write_speed_mbs,4000,MB/s
10613,1553,tbw,320,TB
10614,1554,storage_gb,500,GB
10615,1554,form_factor,M.2,
10616,1554,interface,NVMe,
10617,1554,nand_type,QLC,
10618,1554,read_speed_mbs,6000,MB/s
10619,1554,write_speed_mbs,4000,MB/s
10620,1554,tbw,320,TB
10621,1555,storage_gb,2048,GB
10622,1555,form_factor,2.5형,
10623,1555,interface,SATA,
10624,1555,nand_type,TLC,
10625,1555,read_speed_mbs,545,MB/s
10626,1556,storage_gb,1024,GB
10627,1556,form_factor,2.5형,
10628,1556,interface,SATA,
10629,1556,nand_type,TLC,
10630,1556,read_speed_mbs,545,MB/s
10631,1557,storage_gb,500,GB
10632,1557,form_factor,2.5형,
10633,1557,interface,SATA,
10634,1557,nand_type,TLC,
10635,1557,read_speed_mbs,545,MB/s
10636,1558,storage_gb,480,GB
10637,1558,form_factor,2.5형,
10638,1558,interface,SATA,
10639,1558,nand_type,TLC,
10640,1558,read_speed_mbs,545,MB/s
10641,1559,storage_gb,250,GB
10642,1559,form_factor,2.5형,
10643,1559,interface,SATA,
10644,1559,nand_type,TLC,
10645,1559,read_speed_mbs,545,MB/s
10646,1560,storage_gb,240,GB
10647,1560,form_factor,2.5형,
10648,1560,interface,SATA,
10649,1560,nand_type,TLC,
10650,1560,read_speed_mbs,545,MB/s
10651,1561,storage_gb,2048,GB
10652,1561,form_factor,M.2,
10653,1561,interface,NVMe,
10654,1561,nand_type,TLC,
10655,1561,read_speed_mbs,7400,MB/s
10656,1561,write_speed_mbs,7000,MB/s
10657,1561,tbw,1400,TB
10658,1562,storage_gb,1024,GB
10659,1562,form_factor,M.2,
10660,1562,interface,NVMe,
10661,1562,nand_type,TLC,
10662,1562,read_speed_mbs,7400,MB/s
10663,1562,write_speed_mbs,7000,MB/s
10664,1562,tbw,1400,TB
10665,1563,storage_gb,512,GB
10666,1563,form_factor,2.5형,
10667,1563,interface,SATA,
10668,1563,nand_type,TLC,
10669,1563,read_speed_mbs,540,MB/s
10670,1563,write_speed_mbs,500,MB/s
10671,1563,tbw,200,TB
10672,1564,storage_gb,256,GB
10673,1564,form_factor,2.5형,
10674,1564,interface,SATA,
10675,1564,nand_type,TLC,
10676,1564,read_speed_mbs,540,MB/s
10677,1564,write_speed_mbs,500,MB/s
10678,1564,tbw,200,TB
10679,1565,storage_gb,2048,GB
10680,1565,form_factor,M.2,
10681,1565,interface,NVMe,
10682,1565,nand_type,TLC,
10683,1565,read_speed_mbs,7400,MB/s
10684,1565,write_speed_mbs,6800,MB/s
10685,1565,tbw,1500,TB
10686,1566,storage_gb,1024,GB
10687,1566,form_factor,M.2,
10688,1566,interface,NVMe,
10689,1566,nand_type,TLC,
10690,1566,read_speed_mbs,7400,MB/s
10691,1566,write_speed_mbs,6800,MB/s
10692,1566,tbw,1500,TB
10693,1567,storage_gb,2048,GB
10694,1567,form_factor,M.2,
10695,1567,interface,NVMe,
10696,1567,read_speed_mbs,5000,MB/s
10697,1567,write_speed_mbs,4400,MB/s
10698,1567,tbw,600,TB
10699,1568,storage_gb,1024,GB
10700,1568,form_factor,M.2,
10701,1568,interface,NVMe,
10702,1568,read_speed_mbs,5000,MB/s
10703,1568,write_speed_mbs,4400,MB/s
10704,1568,tbw,600,TB
10705,1569,storage_gb,512,GB
10706,1569,form_factor,M.2,
10707,1569,interface,NVMe,
10708,1569,read_speed_mbs,5000,MB/s
10709,1569,write_speed_mbs,4400,MB/s
10710,1569,tbw,600,TB
10711,1570,storage_gb,2048,GB
10712,1570,form_factor,M.2,
10713,1570,interface,NVMe,
10714,1570,nand_type,QLC,
10715,1570,read_speed_mbs,3500,MB/s
10716,1570,write_speed_mbs,2700,MB/s
10717,1570,tbw,560,TB
10718,1571,storage_gb,1024,GB
10719,1571,form_factor,M.2,
10720,1571,interface,NVMe,
10721,1571,nand_type,QLC,
10722,1571,read_speed_mbs,3500,MB/s
10723,1571,write_speed_mbs,2700,MB/s
10724,1571,tbw,560,TB
10725,1572,storage_gb,500,GB
10726,1572,form_factor,M.2,
10727,1572,interface,NVMe,
10728,1572,nand_type,QLC,
10729,1572,read_speed_mbs,3500,MB/s
10730,1572,write_speed_mbs,2700,MB/s
10731,1572,tbw,560,TB
10732,1573,storage_gb,2048,GB
10733,1573,form_factor,M.2,
10734,1573,interface,NVMe,
10735,1573,nand_type,TLC,
10736,1573,read_speed_mbs,14000,MB/s
10737,1573,write_speed_mbs,10000,MB/s
10738,1573,tbw,740,TB
10739,1574,storage_gb,1024,GB
10740,1574,form_factor,M.2,
10741,1574,interface,NVMe,
10742,1574,nand_type,TLC,
10743,1574,read_speed_mbs,14000,MB/s
10744,1574,write_speed_mbs,10000,MB/s
10745,1574,tbw,740,TB
10746,1575,storage_gb,1024,GB
10747,1575,form_factor,2.5형,
10748,1575,interface,SATA,
10749,1575,nand_type,TLC,
10750,1575,read_speed_mbs,530,MB/s
10751,1575,write_speed_mbs,430,MB/s
10752,1575,tbw,400,TB
10753,1576,storage_gb,512,GB
10754,1576,form_factor,2.5형,
10755,1576,interface,SATA,
10756,1576,nand_type,TLC,
10757,1576,read_speed_mbs,530,MB/s
10758,1576,write_speed_mbs,430,MB/s
10759,1576,tbw,400,TB
10760,1577,storage_gb,256,GB
10761,1577,form_factor,2.5형,
10762,1577,interface,SATA,
10763,1577,nand_type,TLC,
10764,1577,read_speed_mbs,530,MB/s
10765,1577,write_speed_mbs,430,MB/s
10766,1577,tbw,400,TB
10767,1578,storage_gb,2048,GB
10768,1578,form_factor,2.5형,
10769,1578,interface,SATA,
10770,1578,nand_type,TLC,
10771,1578,read_speed_mbs,550,MB/s
10772,1578,write_speed_mbs,500,MB/s
10773,1578,tbw,256,TB
10774,1579,storage_gb,1024,GB
10775,1579,form_factor,2.5형,
10776,1579,interface,SATA,
10777,1579,nand_type,TLC,
10778,1579,read_speed_mbs,550,MB/s
10779,1579,write_speed_mbs,500,MB/s
10780,1579,tbw,256,TB
10781,1580,storage_gb,512,GB
10782,1580,form_factor,2.5형,
10783,1580,interface,SATA,
10784,1580,nand_type,TLC,
10785,1580,read_speed_mbs,550,MB/s
10786,1580,write_speed_mbs,500,MB/s
10787,1580,tbw,256,TB
10788,1581,storage_gb,256,GB
10789,1581,form_factor,2.5형,
10790,1581,interface,SATA,
10791,1581,nand_type,TLC,
10792,1581,read_speed_mbs,550,MB/s
10793,1581,write_speed_mbs,500,MB/s
10794,1581,tbw,256,TB
10795,1582,storage_gb,2048,GB
10796,1582,form_factor,2.5형,
10797,1582,interface,SATA,
10798,1582,nand_type,QLC,
10799,1582,read_speed_mbs,550,MB/s
10800,1582,write_speed_mbs,480,MB/s
10801,1582,tbw,160,TB
10802,1583,storage_gb,1024,GB
10803,1583,form_factor,2.5형,
10804,1583,interface,SATA,
10805,1583,nand_type,QLC,
10806,1583,read_speed_mbs,550,MB/s
10807,1583,write_speed_mbs,480,MB/s
10808,1583,tbw,160,TB
10809,1584,storage_gb,512,GB
10810,1584,form_factor,2.5형,
10811,1584,interface,SATA,
10812,1584,nand_type,QLC,
10813,1584,read_speed_mbs,550,MB/s
10814,1584,write_speed_mbs,480,MB/s
10815,1584,tbw,160,TB
10816,1585,storage_gb,256,GB
10817,1585,form_factor,2.5형,
10818,1585,interface,SATA,
10819,1585,nand_type,QLC,
10820,1585,read_speed_mbs,550,MB/s
10821,1585,write_speed_mbs,480,MB/s
10822,1585,tbw,160,TB
10823,1586,storage_gb,2048,GB
10824,1586,form_factor,M.2,
10825,1586,interface,NVMe,
10826,1586,nand_type,TLC,
10827,1586,read_speed_mbs,7400,MB/s
10828,1586,write_speed_mbs,6900,MB/s
10829,1586,tbw,2400,TB
10830,1587,storage_gb,4096,GB
10831,1587,form_factor,M.2,
10832,1587,interface,NVMe,
10833,1587,nand_type,TLC,
10834,1587,read_speed_mbs,7400,MB/s
10835,1587,write_speed_mbs,6900,MB/s
10836,1587,tbw,2400,TB
10837,1588,storage_gb,1024,GB
10838,1588,form_factor,M.2,
10839,1588,interface,NVMe,
10840,1588,nand_type,QLC,
10841,1588,read_speed_mbs,7200,MB/s
10842,1588,write_speed_mbs,6200,MB/s
10843,1588,tbw,400,TB
10844,1589,storage_gb,4096,GB
10845,1589,form_factor,M.2,
10846,1589,interface,NVMe,
10847,1589,nand_type,TLC,
10848,1589,read_speed_mbs,6800,MB/s
10849,1589,write_speed_mbs,5800,MB/s
10850,1589,tbw,300,TB
10851,1590,storage_gb,2048,GB
10852,1590,form_factor,M.2,
10853,1590,interface,NVMe,
10854,1590,nand_type,TLC,
10855,1590,read_speed_mbs,6800,MB/s
10856,1590,write_speed_mbs,5800,MB/s
10857,1590,tbw,300,TB
10858,1591,storage_gb,1024,GB
10859,1591,form_factor,M.2,
10860,1591,interface,NVMe,
10861,1591,nand_type,TLC,
10862,1591,read_speed_mbs,6800,MB/s
10863,1591,write_speed_mbs,5800,MB/s
10864,1591,tbw,300,TB
10865,1592,storage_gb,500,GB
10866,1592,form_factor,M.2,
10867,1592,interface,NVMe,
10868,1592,nand_type,TLC,
10869,1592,read_speed_mbs,6800,MB/s
10870,1592,write_speed_mbs,5800,MB/s
10871,1592,tbw,300,TB
10872,1593,storage_gb,512,GB
10873,1593,form_factor,M.2,
10874,1593,interface,NVMe,
10875,1593,nand_type,TLC,
10876,1593,read_speed_mbs,3500,MB/s
10877,1593,write_speed_mbs,2350,MB/s
10878,1593,tbw,320,TB
10879,1594,storage_gb,2048,GB
10880,1594,form_factor,M.2,
10881,1594,interface,NVMe,
10882,1594,nand_type,QLC,
10883,1594,read_speed_mbs,5200,MB/s
10884,1594,write_speed_mbs,4800,MB/s
10885,1594,tbw,800,TB
10886,1595,storage_gb,1024,GB
10887,1595,form_factor,M.2,
10888,1595,interface,NVMe,
10889,1595,nand_type,QLC,
10890,1595,read_speed_mbs,5200,MB/s
10891,1595,write_speed_mbs,4800,MB/s
10892,1595,tbw,800,TB
10893,1596,storage_gb,2048,GB
10894,1596,form_factor,M.2,
10895,1596,interface,NVMe,
10896,1596,nand_type,TLC,
10897,1596,read_speed_mbs,7000,MB/s
10898,1596,write_speed_mbs,6000,MB/s
10899,1596,tbw,800,TB
10900,1597,storage_gb,4096,GB
10901,1597,form_factor,M.2,
10902,1597,interface,NVMe,
10903,1597,nand_type,TLC,
10904,1597,read_speed_mbs,7000,MB/s
10905,1597,write_speed_mbs,6000,MB/s
10906,1597,tbw,800,TB
10907,1598,storage_gb,1024,GB
10908,1598,form_factor,M.2,
10909,1598,interface,NVMe,
10910,1598,nand_type,TLC,
10911,1598,read_speed_mbs,7000,MB/s
10912,1598,write_speed_mbs,6000,MB/s
10913,1598,tbw,800,TB
10914,1599,storage_gb,512,GB
10915,1599,form_factor,M.2,
10916,1599,interface,NVMe,
10917,1599,nand_type,TLC,
10918,1599,read_speed_mbs,7000,MB/s
10919,1599,write_speed_mbs,6000,MB/s
10920,1599,tbw,800,TB
10921,1600,storage_gb,1024,GB
10922,1600,form_factor,M.2,
10923,1600,interface,NVMe,
10924,1600,nand_type,QLC,
10925,1600,read_speed_mbs,5000,MB/s
10926,1600,write_speed_mbs,3000,MB/s
10927,1600,tbw,160,TB
10928,1601,storage_gb,2048,GB
10929,1601,form_factor,M.2,
10930,1601,interface,NVMe,
10931,1601,nand_type,QLC,
10932,1601,read_speed_mbs,5000,MB/s
10933,1601,write_speed_mbs,3000,MB/s
10934,1601,tbw,160,TB
10935,1602,storage_gb,500,GB
10936,1602,form_factor,M.2,
10937,1602,interface,NVMe,
10938,1602,nand_type,QLC,
10939,1602,read_speed_mbs,5000,MB/s
10940,1602,write_speed_mbs,3000,MB/s
10941,1602,tbw,160,TB
10942,1603,storage_gb,4096,GB
10943,1603,form_factor,M.2,
10944,1603,interface,NVMe,
10945,1603,nand_type,TLC,
10946,1603,read_speed_mbs,14500,MB/s
10947,1603,write_speed_mbs,10000,MB/s
10948,1603,tbw,1200,TB
10949,1604,storage_gb,2048,GB
10950,1604,form_factor,M.2,
10951,1604,interface,NVMe,
10952,1604,nand_type,TLC,
10953,1604,read_speed_mbs,14500,MB/s
10954,1604,write_speed_mbs,10000,MB/s
10955,1604,tbw,1200,TB
10956,1605,storage_gb,1024,GB
10957,1605,form_factor,M.2,
10958,1605,interface,NVMe,
10959,1605,nand_type,TLC,
10960,1605,read_speed_mbs,14500,MB/s
10961,1605,write_speed_mbs,10000,MB/s
10962,1605,tbw,1200,TB
10963,1606,storage_gb,512,GB
10964,1606,form_factor,2.5형,
10965,1606,interface,SATA,
10966,1606,nand_type,TLC,
10967,1606,read_speed_mbs,500,MB/s
10968,1606,write_speed_mbs,480,MB/s
10969,1607,storage_gb,256,GB
10970,1607,form_factor,2.5형,
10971,1607,interface,SATA,
10972,1607,nand_type,TLC,
10973,1607,read_speed_mbs,500,MB/s
10974,1607,write_speed_mbs,480,MB/s
10975,1608,storage_gb,2048,GB
10976,1608,form_factor,M.2,
10977,1608,interface,NVMe,
10978,1608,nand_type,TLC,
10979,1608,read_speed_mbs,3700,MB/s
10980,1608,write_speed_mbs,2800,MB/s
10981,1608,tbw,1280,TB
10982,1609,storage_gb,1024,GB
10983,1609,form_factor,M.2,
10984,1609,interface,NVMe,
10985,1609,nand_type,QLC,
10986,1609,read_speed_mbs,4700,MB/s
10987,1609,write_speed_mbs,1700,MB/s
10988,1609,tbw,160,TB
10989,1610,storage_gb,500,GB
10990,1610,form_factor,M.2,
10991,1610,interface,NVMe,
10992,1610,nand_type,QLC,
10993,1610,read_speed_mbs,4700,MB/s
10994,1610,write_speed_mbs,1700,MB/s
10995,1610,tbw,160,TB
10996,1611,storage_gb,1024,GB
10997,1611,form_factor,M.2,
10998,1611,interface,NVMe,
10999,1611,nand_type,TLC,
11000,1611,read_speed_mbs,7100,MB/s
11001,1611,write_speed_mbs,6100,MB/s
11002,1611,tbw,700,TB
11003,1612,storage_gb,480,GB
11004,1612,form_factor,2.5형,
11005,1612,interface,SATA,
11006,1612,nand_type,TLC,
11007,1612,read_speed_mbs,500,MB/s
11008,1612,write_speed_mbs,500,MB/s
11009,1613,storage_gb,512,GB
11010,1613,form_factor,M.2,
11011,1613,interface,SATA,
11012,1613,read_speed_mbs,520,MB/s
11013,1613,write_speed_mbs,500,MB/s
11014,1613,tbw,280,TB
11015,1614,storage_gb,1024,GB
11016,1614,form_factor,2.5형,
11017,1614,interface,SATA,
11018,1614,read_speed_mbs,560,MB/s
11019,1614,write_speed_mbs,540,MB/s
11020,1614,tbw,320,TB
11021,1615,storage_gb,512,GB
11022,1615,form_factor,2.5형,
11023,1615,interface,SATA,
11024,1615,read_speed_mbs,560,MB/s
11025,1615,write_speed_mbs,540,MB/s
11026,1615,tbw,320,TB
11027,1616,storage_gb,256,GB
11028,1616,form_factor,2.5형,
11029,1616,interface,SATA,
11030,1616,read_speed_mbs,560,MB/s
11031,1616,write_speed_mbs,540,MB/s
11032,1616,tbw,320,TB
11033,1617,storage_gb,4096,GB
11034,1617,form_factor,M.2,
11035,1617,interface,NVMe,
11036,1617,nand_type,TLC,
11037,1617,read_speed_mbs,14900,MB/s
11038,1617,write_speed_mbs,14000,MB/s
11039,1617,tbw,2400,TB
11040,1618,storage_gb,2048,GB
11041,1618,form_factor,M.2,
11042,1618,interface,NVMe,
11043,1618,nand_type,TLC,
11044,1618,read_speed_mbs,14900,MB/s
11045,1618,write_speed_mbs,14000,MB/s
11046,1618,tbw,2400,TB
11047,1619,storage_gb,1024,GB
11048,1619,form_factor,M.2,
11049,1619,interface,NVMe,
11050,1619,nand_type,TLC,
11051,1619,read_speed_mbs,14900,MB/s
11052,1619,write_speed_mbs,14000,MB/s
11053,1619,tbw,2400,TB
11054,1620,storage_gb,1024,GB
11055,1620,form_factor,M.2,
11056,1620,interface,NVMe,
11057,1620,nand_type,QLC,
11058,1620,read_speed_mbs,3200,MB/s
11059,1620,write_speed_mbs,1700,MB/s
11060,1620,tbw,600,TB
11061,1621,storage_gb,512,GB
11062,1621,form_factor,M.2,
11063,1621,interface,NVMe,
11064,1621,nand_type,QLC,
11065,1621,read_speed_mbs,3200,MB/s
11066,1621,write_speed_mbs,1700,MB/s
11067,1621,tbw,600,TB
11068,1622,storage_gb,2048,GB
11069,1622,form_factor,M.2,
11070,1622,interface,NVMe,
11071,1622,read_speed_mbs,3300,MB/s
11072,1622,write_speed_mbs,1250,MB/s
11073,1622,tbw,550,TB
11074,1623,storage_gb,1024,GB
11075,1623,form_factor,M.2,
11076,1623,interface,NVMe,
11077,1623,read_speed_mbs,3300,MB/s
11078,1623,write_speed_mbs,1250,MB/s
11079,1623,tbw,550,TB
11080,1624,storage_gb,512,GB
11081,1624,form_factor,M.2,
11082,1624,interface,NVMe,
11083,1624,read_speed_mbs,3300,MB/s
11084,1624,write_speed_mbs,1250,MB/s
11085,1624,tbw,550,TB
11086,1625,storage_gb,256,GB
11087,1625,form_factor,M.2,
11088,1625,interface,NVMe,
11089,1625,read_speed_mbs,3300,MB/s
11090,1625,write_speed_mbs,1250,MB/s
11091,1625,tbw,550,TB
11092,1626,storage_gb,2048,GB
11093,1626,form_factor,M.2,
11094,1626,interface,NVMe,
11095,1626,nand_type,QLC,
11096,1626,read_speed_mbs,5000,MB/s
11097,1626,write_speed_mbs,2300,MB/s
11098,1626,tbw,160,TB
11099,1627,storage_gb,1024,GB
11100,1627,form_factor,M.2,
11101,1627,interface,NVMe,
11102,1627,nand_type,QLC,
11103,1627,read_speed_mbs,5000,MB/s
11104,1627,write_speed_mbs,2300,MB/s
11105,1627,tbw,160,TB
11106,1628,storage_gb,500,GB
11107,1628,form_factor,M.2,
11108,1628,interface,NVMe,
11109,1628,nand_type,QLC,
11110,1628,read_speed_mbs,5000,MB/s
11111,1628,write_speed_mbs,2300,MB/s
11112,1628,tbw,160,TB
11113,1629,storage_gb,2048,GB
11114,1629,form_factor,M.2,
11115,1629,interface,NVMe,
11116,1629,nand_type,TLC,
11117,1629,read_speed_mbs,10500,MB/s
11118,1629,write_speed_mbs,9500,MB/s
11119,1629,tbw,600,TB
11120,1630,storage_gb,1024,GB
11121,1630,form_factor,M.2,
11122,1630,interface,NVMe,
11123,1630,nand_type,TLC,
11124,1630,read_speed_mbs,10500,MB/s
11125,1630,write_speed_mbs,9500,MB/s
11126,1630,tbw,600,TB
11127,1631,storage_gb,2048,GB
11128,1631,form_factor,2.5형,
11129,1631,interface,SATA,
11130,1631,nand_type,TLC,
11131,1631,read_speed_mbs,560,MB/s
11132,1631,write_speed_mbs,500,MB/s
11133,1631,tbw,140,TB
11134,1632,storage_gb,4096,GB
11135,1632,form_factor,2.5형,
11136,1632,interface,SATA,
11137,1632,nand_type,TLC,
11138,1632,read_speed_mbs,560,MB/s
11139,1632,write_speed_mbs,500,MB/s
11140,1632,tbw,140,TB
11141,1633,storage_gb,1024,GB
11142,1633,form_factor,2.5형,
11143,1633,interface,SATA,
11144,1633,nand_type,TLC,
11145,1633,read_speed_mbs,560,MB/s
11146,1633,write_speed_mbs,500,MB/s
11147,1633,tbw,140,TB
11148,1634,storage_gb,512,GB
11149,1634,form_factor,2.5형,
11150,1634,interface,SATA,
11151,1634,nand_type,TLC,
11152,1634,read_speed_mbs,560,MB/s
11153,1634,write_speed_mbs,500,MB/s
11154,1634,tbw,140,TB
11155,1635,storage_gb,256,GB
11156,1635,form_factor,2.5형,
11157,1635,interface,SATA,
11158,1635,nand_type,TLC,
11159,1635,read_speed_mbs,560,MB/s
11160,1635,write_speed_mbs,500,MB/s
11161,1635,tbw,140,TB
11162,1636,storage_gb,1024,GB
11163,1636,form_factor,M.2,
11164,1636,interface,NVMe,
11165,1636,read_speed_mbs,3600,MB/s
11166,1636,write_speed_mbs,3000,MB/s
11167,1636,tbw,300,TB
11168,1637,storage_gb,500,GB
11169,1637,form_factor,M.2,
11170,1637,interface,NVMe,
11171,1637,read_speed_mbs,3600,MB/s
11172,1637,write_speed_mbs,3000,MB/s
11173,1637,tbw,300,TB
11174,1638,storage_gb,1024,GB
11175,1638,form_factor,M.2,
11176,1638,interface,NVMe,
11177,1638,nand_type,TLC,
11178,1638,read_speed_mbs,2400,MB/s
11179,1638,write_speed_mbs,1800,MB/s
11180,1638,tbw,260,TB
11181,1639,storage_gb,512,GB
11182,1639,form_factor,M.2,
11183,1639,interface,NVMe,
11184,1639,nand_type,TLC,
11185,1639,read_speed_mbs,2400,MB/s
11186,1639,write_speed_mbs,1800,MB/s
11187,1639,tbw,260,TB
11188,1640,storage_gb,256,GB
11189,1640,form_factor,M.2,
11190,1640,interface,NVMe,
11191,1640,nand_type,TLC,
11192,1640,read_speed_mbs,2400,MB/s
11193,1640,write_speed_mbs,1800,MB/s
11194,1640,tbw,260,TB
11195,1641,storage_gb,512,GB
11196,1641,form_factor,M.2,
11197,1641,interface,SATA,
11198,1641,nand_type,TLC,
11199,1641,read_speed_mbs,530,MB/s
11200,1641,write_speed_mbs,430,MB/s
11201,1641,tbw,256,TB
11202,1642,storage_gb,256,GB
11203,1642,form_factor,M.2,
11204,1642,interface,SATA,
11205,1642,nand_type,TLC,
11206,1642,read_speed_mbs,530,MB/s
11207,1642,write_speed_mbs,430,MB/s
11208,1642,tbw,256,TB
11209,1643,storage_gb,1024,GB
11210,1643,form_factor,M.2,
11211,1643,interface,NVMe,
11212,1643,nand_type,TLC,
11213,1643,read_speed_mbs,10200,MB/s
11214,1643,write_speed_mbs,8400,MB/s
11215,1643,tbw,600,TB
11216,1644,storage_gb,1024,GB
11217,1644,form_factor,M.2,
11218,1644,interface,NVMe,
11219,1644,nand_type,QLC,
11220,1644,read_speed_mbs,7000,MB/s
11221,1644,write_speed_mbs,6500,MB/s
11222,1644,tbw,400,TB
11223,1645,storage_gb,1024,GB
11224,1645,form_factor,M.2,
11225,1645,interface,SATA,
11226,1645,read_speed_mbs,560,MB/s
11227,1645,write_speed_mbs,500,MB/s
11228,1645,tbw,280,TB
11229,1646,storage_gb,512,GB
11230,1646,form_factor,M.2,
11231,1646,interface,SATA,
11232,1646,read_speed_mbs,560,MB/s
11233,1646,write_speed_mbs,500,MB/s
11234,1646,tbw,280,TB
11235,1647,storage_gb,256,GB
11236,1647,form_factor,M.2,
11237,1647,interface,SATA,
11238,1647,read_speed_mbs,560,MB/s
11239,1647,write_speed_mbs,500,MB/s
11240,1647,tbw,280,TB
11241,1648,storage_gb,2048,GB
11242,1648,form_factor,2.5형,
11243,1648,interface,SATA,
11244,1648,nand_type,TLC,
11245,1648,read_speed_mbs,500,MB/s
11246,1648,write_speed_mbs,330,MB/s
11247,1648,tbw,90,TB
11248,1649,storage_gb,1024,GB
11249,1649,form_factor,2.5형,
11250,1649,interface,SATA,
11251,1649,nand_type,TLC,
11252,1649,read_speed_mbs,500,MB/s
11253,1649,write_speed_mbs,330,MB/s
11254,1649,tbw,90,TB
11255,1650,storage_gb,500,GB
11256,1650,form_factor,2.5형,
11257,1650,interface,SATA,
11258,1650,nand_type,TLC,
11259,1650,read_speed_mbs,500,MB/s
11260,1650,write_speed_mbs,330,MB/s
11261,1650,tbw,90,TB
11262,1651,storage_gb,250,GB
11263,1651,form_factor,2.5형,
11264,1651,interface,SATA,
11265,1651,nand_type,TLC,
11266,1651,read_speed_mbs,500,MB/s
11267,1651,write_speed_mbs,330,MB/s
11268,1651,tbw,90,TB
11269,1652,storage_gb,4096,GB
11270,1652,form_factor,M.2,
11271,1652,interface,NVMe,
11272,1652,nand_type,TLC,
11273,1652,read_speed_mbs,14700,MB/s
11274,1652,write_speed_mbs,14000,MB/s
11275,1652,tbw,2000,TB
11276,1653,storage_gb,2048,GB
11277,1653,form_factor,M.2,
11278,1653,interface,NVMe,
11279,1653,nand_type,TLC,
11280,1653,read_speed_mbs,14700,MB/s
11281,1653,write_speed_mbs,14000,MB/s
11282,1653,tbw,2000,TB
11283,1654,storage_gb,1024,GB
11284,1654,form_factor,M.2,
11285,1654,interface,NVMe,
11286,1654,nand_type,TLC,
11287,1654,read_speed_mbs,14700,MB/s
11288,1654,write_speed_mbs,14000,MB/s
11289,1654,tbw,2000,TB
11290,1655,storage_gb,1024,GB
11291,1655,form_factor,M.2,
11292,1655,interface,NVMe,
11293,1655,read_speed_mbs,14000,MB/s
11294,1655,write_speed_mbs,10000,MB/s
11295,1655,tbw,750,TB
11296,1656,storage_gb,512,GB
11297,1656,form_factor,M.2,
11298,1656,interface,SATA,
11299,1656,nand_type,TLC,
11300,1656,read_speed_mbs,550,MB/s
11301,1656,write_speed_mbs,500,MB/s
11302,1656,tbw,125,TB
11303,1657,storage_gb,256,GB
11304,1657,form_factor,M.2,
11305,1657,interface,SATA,
11306,1657,nand_type,TLC,
11307,1657,read_speed_mbs,550,MB/s
11308,1657,write_speed_mbs,500,MB/s
11309,1657,tbw,125,TB
11310,1658,storage_gb,2048,GB
11311,1658,form_factor,M.2,
11312,1658,interface,NVMe,
11313,1658,nand_type,QLC,
11314,1658,read_speed_mbs,1700,MB/s
11315,1658,write_speed_mbs,900,MB/s
11316,1658,tbw,200,TB
11317,1659,storage_gb,1024,GB
11318,1659,form_factor,M.2,
11319,1659,interface,NVMe,
11320,1659,nand_type,QLC,
11321,1659,read_speed_mbs,1700,MB/s
11322,1659,write_speed_mbs,900,MB/s
11323,1659,tbw,200,TB
11324,1660,storage_gb,512,GB
11325,1660,form_factor,M.2,
11326,1660,interface,NVMe,
11327,1660,nand_type,QLC,
11328,1660,read_speed_mbs,1700,MB/s
11329,1660,write_speed_mbs,900,MB/s
11330,1660,tbw,200,TB
11331,1661,storage_gb,256,GB
11332,1661,form_factor,M.2,
11333,1661,interface,NVMe,
11334,1661,nand_type,QLC,
11335,1661,read_speed_mbs,1700,MB/s
11336,1661,write_speed_mbs,900,MB/s
11337,1661,tbw,200,TB
11338,1662,storage_gb,480,GB
11339,1662,form_factor,2.5형,
11340,1662,interface,SATA,
11341,1662,nand_type,TLC,
11342,1662,read_speed_mbs,500,MB/s
11343,1662,write_speed_mbs,350,MB/s
11344,1662,tbw,40,TB
11345,1663,storage_gb,240,GB
11346,1663,form_factor,2.5형,
11347,1663,interface,SATA,
11348,1663,nand_type,TLC,
11349,1663,read_speed_mbs,500,MB/s
11350,1663,write_speed_mbs,350,MB/s
11351,1663,tbw,40,TB
11352,1664,storage_gb,2048,GB
11353,1664,form_factor,M.2,
11354,1664,interface,NVMe,
11355,1664,nand_type,QLC,
11356,1664,read_speed_mbs,3200,MB/s
11357,1664,write_speed_mbs,2500,MB/s
11358,1664,tbw,100,TB
11359,1665,storage_gb,1024,GB
11360,1665,form_factor,M.2,
11361,1665,interface,NVMe,
11362,1665,nand_type,QLC,
11363,1665,read_speed_mbs,3200,MB/s
11364,1665,write_speed_mbs,2500,MB/s
11365,1665,tbw,100,TB
11366,1666,storage_gb,500,GB
11367,1666,form_factor,M.2,
11368,1666,interface,NVMe,
11369,1666,nand_type,QLC,
11370,1666,read_speed_mbs,3200,MB/s
11371,1666,write_speed_mbs,2500,MB/s
11372,1666,tbw,100,TB
11373,1667,storage_gb,250,GB
11374,1667,form_factor,M.2,
11375,1667,interface,NVMe,
11376,1667,nand_type,QLC,
11377,1667,read_speed_mbs,3200,MB/s
11378,1667,write_speed_mbs,2500,MB/s
11379,1667,tbw,100,TB
11380,1668,storage_gb,480,GB
11381,1668,form_factor,M.2,
11382,1668,interface,SATA,
11383,1668,read_speed_mbs,500,MB/s
11384,1668,write_speed_mbs,430,MB/s
11385,1668,tbw,80,TB
11386,1669,storage_gb,240,GB
11387,1669,form_factor,M.2,
11388,1669,interface,SATA,
11389,1669,read_speed_mbs,500,MB/s
11390,1669,write_speed_mbs,430,MB/s
11391,1669,tbw,80,TB
11392,1670,storage_gb,512,GB
11393,1670,form_factor,M.2,
11394,1670,interface,NVMe,
11395,1670,nand_type,TLC,
11396,1670,read_speed_mbs,1900,MB/s
11397,1670,write_speed_mbs,1200,MB/s
11398,1670,tbw,160,TB
11399,1671,storage_gb,2048,GB
11400,1671,form_factor,2.5형,
11401,1671,interface,SATA,
11402,1671,nand_type,QLC,
11403,1671,read_speed_mbs,550,MB/s
11404,1671,write_speed_mbs,500,MB/s
11405,1671,tbw,480,TB
11406,1672,storage_gb,1024,GB
11407,1672,form_factor,2.5형,
11408,1672,interface,SATA,
11409,1672,nand_type,QLC,
11410,1672,read_speed_mbs,550,MB/s
11411,1672,write_speed_mbs,500,MB/s
11412,1672,tbw,480,TB
11413,1673,storage_gb,512,GB
11414,1673,form_factor,2.5형,
11415,1673,interface,SATA,
11416,1673,nand_type,QLC,
11417,1673,read_speed_mbs,550,MB/s
11418,1673,write_speed_mbs,500,MB/s
11419,1673,tbw,480,TB
11420,1674,storage_gb,256,GB
11421,1674,form_factor,2.5형,
11422,1674,interface,SATA,
11423,1674,nand_type,QLC,
11424,1674,read_speed_mbs,550,MB/s
11425,1674,write_speed_mbs,500,MB/s
11426,1674,tbw,480,TB
11427,1675,storage_gb,1024,GB
11428,1675,form_factor,M.2,
11429,1675,interface,NVMe,
11430,1675,nand_type,TLC,
11431,1675,read_speed_mbs,1800,MB/s
11432,1675,write_speed_mbs,1500,MB/s
11433,1675,tbw,240,TB
11434,1676,storage_gb,512,GB
11435,1676,form_factor,M.2,
11436,1676,interface,NVMe,
11437,1676,nand_type,TLC,
11438,1676,read_speed_mbs,1800,MB/s
11439,1676,write_speed_mbs,1500,MB/s
11440,1676,tbw,240,TB
11441,1677,storage_gb,2048,GB
11442,1677,form_factor,M.2,
11443,1677,interface,SATA,
11444,1677,nand_type,TLC,
11445,1677,read_speed_mbs,560,MB/s
11446,1677,write_speed_mbs,520,MB/s
11447,1677,tbw,400,TB
11448,1678,storage_gb,1024,GB
11449,1678,form_factor,M.2,
11450,1678,interface,SATA,
11451,1678,nand_type,TLC,
11452,1678,read_speed_mbs,560,MB/s
11453,1678,write_speed_mbs,520,MB/s
11454,1678,tbw,400,TB
11455,1679,storage_gb,500,GB
11456,1679,form_factor,M.2,
11457,1679,interface,SATA,
11458,1679,nand_type,TLC,
11459,1679,read_speed_mbs,560,MB/s
11460,1679,write_speed_mbs,520,MB/s
11461,1679,tbw,400,TB
11462,1680,storage_gb,250,GB
11463,1680,form_factor,M.2,
11464,1680,interface,SATA,
11465,1680,nand_type,TLC,
11466,1680,read_speed_mbs,560,MB/s
11467,1680,write_speed_mbs,520,MB/s
11468,1680,tbw,400,TB
11469,1681,storage_gb,256,GB
11470,1681,form_factor,2.5형,
11471,1681,interface,SATA,
11472,1681,nand_type,TLC,
11473,1681,read_speed_mbs,300,MB/s
11474,1681,write_speed_mbs,200,MB/s
11475,1681,tbw,30,TB
11476,1682,storage_gb,500,GB
11477,1682,form_factor,M.2,
11478,1682,interface,NVMe,
11479,1682,nand_type,QLC,
11480,1682,read_speed_mbs,2300,MB/s
11481,1682,write_speed_mbs,1500,MB/s
11482,1682,tbw,120,TB
11483,1683,storage_gb,4096,GB
11484,1683,form_factor,M.2,
11485,1683,interface,NVMe,
11486,1683,nand_type,TLC,
11487,1683,read_speed_mbs,7300,MB/s
11488,1683,write_speed_mbs,6600,MB/s
11489,1683,tbw,1200,TB
11490,1684,storage_gb,2048,GB
11491,1684,form_factor,M.2,
11492,1684,interface,NVMe,
11493,1684,nand_type,TLC,
11494,1684,read_speed_mbs,7300,MB/s
11495,1684,write_speed_mbs,6600,MB/s
11496,1684,tbw,1200,TB
11497,1685,storage_gb,1024,GB
11498,1685,form_factor,M.2,
11499,1685,interface,NVMe,
11500,1685,nand_type,TLC,
11501,1685,read_speed_mbs,7300,MB/s
11502,1685,write_speed_mbs,6600,MB/s
11503,1685,tbw,1200,TB
11504,1686,storage_gb,2048,GB
11505,1686,form_factor,M.2,
11506,1686,interface,NVMe,
11507,1686,read_speed_mbs,7100,MB/s
11508,1686,write_speed_mbs,6500,MB/s
11509,1686,tbw,1560,TB
11510,1687,storage_gb,1024,GB
11511,1687,form_factor,M.2,
11512,1687,interface,NVMe,
11513,1687,read_speed_mbs,7100,MB/s
11514,1687,write_speed_mbs,6500,MB/s
11515,1687,tbw,1560,TB
11516,1688,storage_gb,2048,GB
11517,1688,form_factor,M.2,
11518,1688,interface,NVMe,
11519,1688,nand_type,TLC,
11520,1688,read_speed_mbs,7400,MB/s
11521,1688,write_speed_mbs,6800,MB/s
11522,1688,tbw,1560,TB
11523,1689,storage_gb,1024,GB
11524,1689,form_factor,M.2,
11525,1689,interface,NVMe,
11526,1689,nand_type,TLC,
11527,1689,read_speed_mbs,7400,MB/s
11528,1689,write_speed_mbs,6800,MB/s
11529,1689,tbw,1560,TB
11530,1690,storage_gb,2048,GB
11531,1690,form_factor,M.2,
11532,1690,interface,NVMe,
11533,1690,read_speed_mbs,5000,MB/s
11534,1690,write_speed_mbs,4300,MB/s
11535,1690,tbw,1200,TB
11536,1691,storage_gb,1024,GB
11537,1691,form_factor,M.2,
11538,1691,interface,NVMe,
11539,1691,read_speed_mbs,5000,MB/s
11540,1691,write_speed_mbs,4300,MB/s
11541,1691,tbw,1200,TB
11542,1692,storage_gb,512,GB
11543,1692,form_factor,M.2,
11544,1692,interface,NVMe,
11545,1692,read_speed_mbs,5000,MB/s
11546,1692,write_speed_mbs,4300,MB/s
11547,1692,tbw,1200,TB
11548,1693,storage_gb,1024,GB
11549,1693,form_factor,2.5형,
11550,1693,interface,SATA,
11551,1693,read_speed_mbs,530,MB/s
11552,1693,write_speed_mbs,510,MB/s
11553,1693,tbw,300,TB
11554,1694,storage_gb,512,GB
11555,1694,form_factor,2.5형,
11556,1694,interface,SATA,
11557,1694,read_speed_mbs,530,MB/s
11558,1694,write_speed_mbs,510,MB/s
11559,1694,tbw,300,TB
11560,1695,storage_gb,256,GB
11561,1695,form_factor,2.5형,
11562,1695,interface,SATA,
11563,1695,read_speed_mbs,530,MB/s
11564,1695,write_speed_mbs,510,MB/s
11565,1695,tbw,300,TB
11566,1696,storage_gb,1024,GB
11567,1696,form_factor,M.2,
11568,1696,interface,NVMe,
11569,1696,nand_type,TLC,
11570,1696,read_speed_mbs,7300,MB/s
11571,1696,write_speed_mbs,6000,MB/s
11572,1696,tbw,700,TB
11573,1697,storage_gb,1024,GB
11574,1697,form_factor,M.2,
11575,1697,interface,NVMe,
11576,1697,nand_type,QLC,
11577,1697,read_speed_mbs,2000,MB/s
11578,1697,write_speed_mbs,1500,MB/s
11579,1697,tbw,300,TB
11580,1698,storage_gb,500,GB
11581,1698,form_factor,M.2,
11582,1698,interface,NVMe,
11583,1698,nand_type,QLC,
11584,1698,read_speed_mbs,2000,MB/s
11585,1698,write_speed_mbs,1500,MB/s
11586,1698,tbw,300,TB
11587,1699,storage_gb,2048,GB
11588,1699,form_factor,M.2,
11589,1699,interface,NVMe,
11590,1699,nand_type,TLC,
11591,1699,read_speed_mbs,7300,MB/s
11592,1699,write_speed_mbs,6900,MB/s
11593,1699,tbw,2550,TB
11594,1700,storage_gb,256,GB
11595,1700,form_factor,M.2,
11596,1700,interface,NVMe,
11597,1700,nand_type,TLC,
11598,1700,read_speed_mbs,3300,MB/s
11599,1700,write_speed_mbs,1350,MB/s
11600,1701,storage_gb,1024,GB
11601,1701,form_factor,M.2,
11602,1701,interface,NVMe,
11603,1701,nand_type,TLC,
11604,1701,read_speed_mbs,5200,MB/s
11605,1701,write_speed_mbs,4800,MB/s
11606,1701,tbw,700,TB
11607,1702,storage_gb,512,GB
11608,1702,form_factor,M.2,
11609,1702,interface,NVMe,
11610,1702,nand_type,TLC,
11611,1702,read_speed_mbs,5200,MB/s
11612,1702,write_speed_mbs,4800,MB/s
11613,1702,tbw,700,TB
11614,1703,storage_gb,2048,GB
11615,1703,form_factor,M.2,
11616,1703,interface,NVMe,
11617,1703,read_speed_mbs,2000,MB/s
11618,1703,write_speed_mbs,900,MB/s
11619,1703,tbw,200,TB
11620,1704,storage_gb,1024,GB
11621,1704,form_factor,M.2,
11622,1704,interface,NVMe,
11623,1704,read_speed_mbs,2000,MB/s
11624,1704,write_speed_mbs,900,MB/s
11625,1704,tbw,200,TB
11626,1705,storage_gb,512,GB
11627,1705,form_factor,M.2,
11628,1705,interface,NVMe,
11629,1705,read_speed_mbs,2000,MB/s
11630,1705,write_speed_mbs,900,MB/s
11631,1705,tbw,200,TB
11632,1706,storage_gb,256,GB
11633,1706,form_factor,M.2,
11634,1706,interface,NVMe,
11635,1706,read_speed_mbs,2000,MB/s
11636,1706,write_speed_mbs,900,MB/s
11637,1706,tbw,200,TB
11638,1707,storage_gb,4096,GB
11639,1707,form_factor,M.2,
11640,1707,interface,NVMe,
11641,1707,nand_type,TLC,
11642,1707,read_speed_mbs,7500,MB/s
11643,1707,write_speed_mbs,6700,MB/s
11644,1707,tbw,3120,TB
11645,1708,storage_gb,2048,GB
11646,1708,form_factor,M.2,
11647,1708,interface,NVMe,
11648,1708,nand_type,TLC,
11649,1708,read_speed_mbs,7500,MB/s
11650,1708,write_speed_mbs,6700,MB/s
11651,1708,tbw,3120,TB
11652,1709,storage_gb,1024,GB
11653,1709,form_factor,M.2,
11654,1709,interface,NVMe,
11655,1709,nand_type,TLC,
11656,1709,read_speed_mbs,7500,MB/s
11657,1709,write_speed_mbs,6700,MB/s
11658,1709,tbw,3120,TB
11659,1710,storage_gb,2048,GB
11660,1710,form_factor,M.2,
11661,1710,interface,NVMe,
11662,1710,read_speed_mbs,3800,MB/s
11663,1710,write_speed_mbs,3200,MB/s
11664,1710,tbw,850,TB
11665,1711,storage_gb,1024,GB
11666,1711,form_factor,M.2,
11667,1711,interface,NVMe,
11668,1711,read_speed_mbs,3800,MB/s
11669,1711,write_speed_mbs,3200,MB/s
11670,1711,tbw,850,TB
11671,1712,storage_gb,500,GB
11672,1712,form_factor,M.2,
11673,1712,interface,NVMe,
11674,1712,read_speed_mbs,3800,MB/s
11675,1712,write_speed_mbs,3200,MB/s
11676,1712,tbw,850,TB
11677,1713,storage_gb,1024,GB
11678,1713,form_factor,M.2,
11679,1713,interface,NVMe,
11680,1713,nand_type,TLC,
11681,1713,read_speed_mbs,7000,MB/s
11682,1713,write_speed_mbs,5300,MB/s
11683,1713,tbw,600,TB
11684,1714,wattage,850,W
11685,1714,efficiency_rating,80PLUS 골드,
11686,1714,modular_type,FULL-MODULAR,
11687,1714,form_factor,ATX,
11688,1714,pcie_connector,"16핀x1,8핀x3",
11689,1714,atx_version,ATX3.1,
11690,1714,fan_size,120,mm
11691,1715,wattage,700,W
11692,1715,efficiency_rating,80PLUS 실버,
11693,1715,form_factor,ATX,
11694,1715,pcie_connector,"16핀x1,8핀x2",
11695,1715,atx_version,ATX3.1,
11696,1715,fan_size,120,mm
11697,1716,wattage,750,W
11698,1716,efficiency_rating,80PLUS 골드,
11699,1716,modular_type,FULL-MODULAR,
11700,1716,form_factor,ATX,
11701,1716,pcie_connector,"16핀x1,8핀x2",
11702,1716,atx_version,ATX3.1,
11703,1716,fan_size,120,mm
11704,1717,wattage,600,W
11705,1717,efficiency_rating,80PLUS 실버,
11706,1717,form_factor,ATX,
11707,1717,pcie_connector,8핀x2,
11708,1717,atx_version,ATX3.1,
11709,1717,fan_size,120,mm
11710,1718,wattage,1050,W
11711,1718,efficiency_rating,80PLUS 골드,
11712,1718,modular_type,FULL-MODULAR,
11713,1718,form_factor,ATX,
11714,1718,pcie_connector,"16핀x1,8핀x3",
11715,1718,atx_version,ATX3.1,
11716,1718,fan_size,120,mm
11717,1719,wattage,650,W
11718,1719,form_factor,ATX,
11719,1719,pcie_connector,8핀x2,
11720,1719,atx_version,ATX3.1,
11721,1719,fan_size,120,mm
11722,1720,wattage,500,W
11723,1720,efficiency_rating,80PLUS 실버,
11724,1720,form_factor,ATX,
11725,1720,pcie_connector,8핀x2,
11726,1720,atx_version,ATX3.1,
11727,1720,fan_size,120,mm
11728,1721,wattage,1000,W
11729,1721,efficiency_rating,80PLUS 골드,
11730,1721,modular_type,FULL-MODULAR,
11731,1721,form_factor,ATX,
11732,1721,pcie_connector,"16핀x1,8핀x4",
11733,1721,atx_version,ATX3.1,
11734,1721,fan_size,140,mm
11735,1722,wattage,1200,W
11736,1722,efficiency_rating,80PLUS 골드,
11737,1722,modular_type,FULL-MODULAR,
11738,1722,form_factor,ATX,
11739,1722,pcie_connector,"16핀x2,8핀x3",
11740,1722,atx_version,ATX3.1,
11741,1722,fan_size,140,mm
11742,1723,wattage,850,W
11743,1723,efficiency_rating,80PLUS 골드,
11744,1723,modular_type,FULL-MODULAR,
11745,1723,form_factor,ATX,
11746,1723,pcie_connector,"16핀x1,8핀x3",
11747,1723,atx_version,ATX3.1,
11748,1723,fan_size,120,mm
11749,1724,wattage,800,W
11750,1724,efficiency_rating,80PLUS 실버,
11751,1724,form_factor,ATX,
11752,1724,pcie_connector,"16핀x1,8핀x2",
11753,1724,atx_version,ATX3.1,
11754,1724,fan_size,120,mm
11755,1725,wattage,700,W
11756,1725,modular_type,FULL-MODULAR,
11757,1725,form_factor,ATX,
11758,1725,pcie_connector,8핀x2,
11759,1725,atx_version,ATX3.1,
11760,1726,wattage,600,W
11761,1726,efficiency_rating,80PLUS 브론즈,
11762,1726,form_factor,ATX,
11763,1726,pcie_connector,8핀x2,
11764,1726,atx_version,ATX3.1,
11765,1726,fan_size,120,mm
11766,1727,wattage,850,W
11767,1727,efficiency_rating,80PLUS 골드,
11768,1727,modular_type,FULL-MODULAR,
11769,1727,form_factor,ATX,
11770,1727,pcie_connector,"16핀x1,8핀x3",
11771,1727,atx_version,ATX3.1,
11772,1727,fan_size,140,mm
11773,1728,wattage,700,W
11774,1728,efficiency_rating,80PLUS 브론즈,
11775,1728,form_factor,ATX,
11776,1728,pcie_connector,"16핀x1,8핀x2",
11777,1728,atx_version,ATX3.1,
11778,1728,fan_size,120,mm
11779,1729,wattage,800,W
11780,1729,form_factor,ATX,
11781,1729,pcie_connector,8핀x4,
11782,1729,atx_version,ATX,
11783,1729,fan_size,120,mm
11784,1730,wattage,500,W
11785,1730,form_factor,ATX,
11786,1730,pcie_connector,8핀x2,
11787,1730,atx_version,ATX,
11788,1730,fan_size,120,mm
11789,1731,wattage,750,W
11790,1731,efficiency_rating,80PLUS 골드,
11791,1731,modular_type,FULL-MODULAR,
11792,1731,form_factor,ATX,
11793,1731,pcie_connector,"16핀x1,8핀x2",
11794,1731,atx_version,ATX3.1,
11795,1731,fan_size,120,mm
11796,1732,wattage,1000,W
11797,1732,efficiency_rating,80PLUS 플래티넘,
11798,1732,modular_type,FULL-MODULAR,
11799,1732,form_factor,ATX,
11800,1732,pcie_connector,"16핀x1,8핀x3",
11801,1732,atx_version,ATX3.1,
11802,1733,wattage,500,W
11803,1733,form_factor,ATX,
11804,1733,pcie_connector,8핀x2,
11805,1733,atx_version,ATX,
11806,1733,fan_size,120,mm
11807,1734,wattage,600,W
11808,1734,efficiency_rating,80PLUS 브론즈,
11809,1734,form_factor,ATX,
11810,1734,pcie_connector,8핀x2,
11811,1734,atx_version,ATX3.1,
11812,1734,fan_size,120,mm
11813,1735,wattage,1200,W
11814,1735,efficiency_rating,80PLUS 골드,
11815,1735,modular_type,FULL-MODULAR,
11816,1735,form_factor,ATX,
11817,1735,pcie_connector,"16핀x1,8핀x3",
11818,1735,atx_version,ATX3.1,
11819,1735,fan_size,135,mm
11820,1736,wattage,1200,W
11821,1736,efficiency_rating,80PLUS 골드,
11822,1736,modular_type,FULL-MODULAR,
11823,1736,form_factor,ATX,
11824,1736,pcie_connector,"16핀x1,8핀x3",
11825,1736,atx_version,ATX3.1,
11826,1736,fan_size,135,mm
11827,1737,wattage,2500,W
11828,1737,efficiency_rating,80PLUS 플래티넘,
11829,1737,modular_type,FULL-MODULAR,
11830,1737,form_factor,ATX,
11831,1737,pcie_connector,"16핀x4,8핀x7",
11832,1737,atx_version,ATX3.1,
11833,1737,fan_size,135,mm
11834,1738,wattage,700,W
11835,1738,efficiency_rating,80PLUS 실버,
11836,1738,form_factor,ATX,
11837,1738,pcie_connector,"16핀x1,8핀x2",
11838,1738,atx_version,ATX3.1,
11839,1738,fan_size,120,mm
11840,1739,wattage,550,W
11841,1739,form_factor,ATX,
11842,1739,pcie_connector,8핀x2,
11843,1739,atx_version,ATX3.1,
11844,1739,fan_size,120,mm
11845,1740,wattage,500,W
11846,1740,efficiency_rating,80PLUS 브론즈,
11847,1740,form_factor,ATX,
11848,1740,pcie_connector,8핀x2,
11849,1740,atx_version,ATX3.1,
11850,1740,fan_size,120,mm
11851,1741,wattage,700,W
11852,1741,form_factor,ATX,
11853,1741,pcie_connector,8핀x4,
11854,1741,atx_version,ATX,
11855,1741,fan_size,120,mm
11856,1742,wattage,800,W
11857,1742,efficiency_rating,80PLUS 실버,
11858,1742,form_factor,ATX,
11859,1742,pcie_connector,"16핀x1,8핀x2",
11860,1742,atx_version,ATX3.1,
11861,1742,fan_size,120,mm
11862,1743,wattage,500,W
11863,1743,form_factor,ATX,
11864,1743,pcie_connector,8핀x2,
11865,1743,atx_version,ATX,
11866,1743,fan_size,120,mm
11867,1744,wattage,1300,W
11868,1744,efficiency_rating,80PLUS 플래티넘,
11869,1744,modular_type,FULL-MODULAR,
11870,1744,form_factor,ATX,
11871,1744,pcie_connector,"16핀x2,8핀x3",
11872,1744,atx_version,ATX3.1,
11873,1745,wattage,600,W
11874,1745,form_factor,ATX,
11875,1745,pcie_connector,8핀x2,
11876,1745,atx_version,ATX,
11877,1745,fan_size,120,mm
11878,1746,wattage,800,W
11879,1746,efficiency_rating,80PLUS 브론즈,
11880,1746,form_factor,ATX,
11881,1746,pcie_connector,"16핀x1,8핀x2",
11882,1746,atx_version,ATX3.1,
11883,1746,fan_size,120,mm
11884,1747,wattage,1000,W
11885,1747,efficiency_rating,80PLUS 플래티넘,
11886,1747,modular_type,FULL-MODULAR,
11887,1747,form_factor,ATX,
11888,1747,pcie_connector,"16핀x3,8핀x3",
11889,1747,atx_version,ATX3.1,
11890,1748,wattage,750,W
11891,1748,form_factor,ATX,
11892,1748,pcie_connector,"16핀x1,8핀x2",
11893,1748,atx_version,ATX3.1,
11894,1748,fan_size,120,mm
11895,1749,wattage,900,W
11896,1749,efficiency_rating,80PLUS 실버,
11897,1749,form_factor,ATX,
11898,1749,pcie_connector,"16핀x1,8핀x4",
11899,1749,atx_version,ATX3.1,
11900,1749,fan_size,120,mm
11901,1750,wattage,1050,W
11902,1750,efficiency_rating,80PLUS 골드,
11903,1750,modular_type,FULL-MODULAR,
11904,1750,form_factor,ATX,
11905,1750,pcie_connector,"16핀x1,8핀x3",
11906,1750,atx_version,ATX3.1,
11907,1750,fan_size,120,mm
11908,1751,wattage,1050,W
11909,1751,efficiency_rating,80PLUS 플래티넘,
11910,1751,modular_type,FULL-MODULAR,
11911,1751,form_factor,ATX,
11912,1751,pcie_connector,"16핀x1,8핀x2",
11913,1751,atx_version,ATX3.1,
11914,1751,fan_size,120,mm
11915,1752,wattage,700,W
11916,1752,efficiency_rating,80PLUS 브론즈,
11917,1752,form_factor,ATX,
11918,1752,pcie_connector,"16핀x1,8핀x2",
11919,1752,atx_version,ATX3.1,
11920,1752,fan_size,120,mm
11921,1753,wattage,850,W
11922,1753,efficiency_rating,80PLUS 골드,
11923,1753,form_factor,ATX,
11924,1753,pcie_connector,"16핀x1,8핀x2",
11925,1753,atx_version,ATX3.1,
11926,1753,fan_size,120,mm
11927,1754,wattage,1650,W
11928,1754,efficiency_rating,80PLUS 골드,
11929,1754,modular_type,FULL-MODULAR,
11930,1754,form_factor,ATX,
11931,1754,pcie_connector,"16핀x2,8핀x9",
11932,1754,atx_version,ATX3.1,
11933,1754,fan_size,135,mm
11934,1755,wattage,850,W
11935,1755,efficiency_rating,80PLUS 플래티넘,
11936,1755,modular_type,FULL-MODULAR,
11937,1755,form_factor,ATX,
11938,1755,pcie_connector,"16핀x1,8핀x3",
11939,1755,atx_version,ATX3.1,
11940,1756,wattage,1000,W
11941,1756,efficiency_rating,80PLUS 브론즈,
11942,1756,modular_type,SEMI-MODULAR,
11943,1756,form_factor,ATX,
11944,1756,pcie_connector,8핀x6,
11945,1756,atx_version,ATX,
11946,1756,fan_size,135,mm
11947,1757,wattage,1050,W
11948,1757,efficiency_rating,80PLUS 플래티넘,
11949,1757,modular_type,FULL-MODULAR,
11950,1757,form_factor,ATX,
11951,1757,pcie_connector,"16핀x1,8핀x2",
11952,1757,atx_version,ATX3.0,
11953,1757,fan_size,120,mm
11954,1758,wattage,600,W
11955,1758,form_factor,ATX,
11956,1758,pcie_connector,8핀x2,
11957,1758,atx_version,ATX,
11958,1758,fan_size,120,mm
11959,1759,wattage,1300,W
11960,1759,efficiency_rating,80PLUS 플래티넘,
11961,1759,modular_type,FULL-MODULAR,
11962,1759,form_factor,ATX,
11963,1759,pcie_connector,"16핀x2,8핀x3",
11964,1759,atx_version,ATX3.1,
11965,1760,wattage,750,W
11966,1760,efficiency_rating,80PLUS 골드,
11967,1760,form_factor,ATX,
11968,1760,pcie_connector,"16핀x1,8핀x2",
11969,1760,atx_version,ATX3.1,
11970,1760,fan_size,120,mm
11971,1761,wattage,750,W
11972,1761,efficiency_rating,80PLUS 실버,
11973,1761,form_factor,ATX,
11974,1761,pcie_connector,"16핀x1,8핀x2",
11975,1761,atx_version,ATX3.0,
11976,1761,fan_size,120,mm
11977,1762,wattage,750,W
11978,1762,efficiency_rating,80PLUS 실버,
11979,1762,form_factor,ATX,
11980,1762,pcie_connector,"16핀x1,8핀x2",
11981,1762,atx_version,ATX3.1,
11982,1762,fan_size,120,mm
11983,1763,wattage,850,W
11984,1763,efficiency_rating,80PLUS 실버,
11985,1763,form_factor,ATX,
11986,1763,pcie_connector,"16핀x1,8핀x2",
11987,1763,atx_version,ATX3.1,
11988,1763,fan_size,120,mm
11989,1764,wattage,1000,W
11990,1764,efficiency_rating,80PLUS 플래티넘,
11991,1764,modular_type,FULL-MODULAR,
11992,1764,form_factor,ATX,
11993,1764,pcie_connector,"16핀x1,8핀x3",
11994,1764,atx_version,ATX3.0,
11995,1765,wattage,800,W
11996,1765,form_factor,ATX,
11997,1765,pcie_connector,8핀x4,
11998,1765,atx_version,ATX,
11999,1765,fan_size,120,mm
12000,1766,wattage,850,W
12001,1766,efficiency_rating,80PLUS 플래티넘,
12002,1766,modular_type,FULL-MODULAR,
12003,1766,form_factor,ATX,
12004,1766,pcie_connector,"16핀x1,8핀x3",
12005,1766,atx_version,ATX3.0,
12006,1767,wattage,800,W
12007,1767,form_factor,ATX,
12008,1767,pcie_connector,"16핀x1,8핀x2",
12009,1767,atx_version,ATX3.1,
12010,1767,fan_size,120,mm
12011,1768,wattage,600,W
12012,1768,form_factor,ATX,
12013,1768,pcie_connector,8핀x2,
12014,1768,atx_version,ATX,
12015,1768,fan_size,120,mm
12016,1769,wattage,700,W
12017,1769,form_factor,ATX,
12018,1769,pcie_connector,8핀x4,
12019,1769,atx_version,ATX,
12020,1769,fan_size,120,mm
12021,1770,wattage,700,W
12022,1770,form_factor,ATX,
12023,1770,pcie_connector,"16핀x1,8핀x2",
12024,1770,atx_version,ATX3.1,
12025,1770,fan_size,120,mm
12026,1771,wattage,850,W
12027,1771,efficiency_rating,80PLUS 브론즈,
12028,1771,modular_type,SEMI-MODULAR,
12029,1771,form_factor,ATX,
12030,1771,pcie_connector,8핀x6,
12031,1771,atx_version,ATX,
12032,1771,fan_size,135,mm
12033,1772,wattage,850,W
12034,1772,efficiency_rating,80PLUS 플래티넘,
12035,1772,modular_type,FULL-MODULAR,
12036,1772,form_factor,ATX,
12037,1772,pcie_connector,8핀x6,
12038,1772,atx_version,ATX,
12039,1772,fan_size,135,mm
12040,1773,wattage,600,W
12041,1773,efficiency_rating,80PLUS 브론즈,
12042,1773,form_factor,ATX,
12043,1773,pcie_connector,8핀x2,
12044,1773,atx_version,ATX,
12045,1773,fan_size,120,mm
12046,1774,wattage,900,W
12047,1774,form_factor,ATX,
12048,1774,pcie_connector,"16핀x1,8핀x4",
12049,1774,atx_version,ATX3.1,
12050,1774,fan_size,120,mm
12051,1775,wattage,700,W
12052,1775,efficiency_rating,80PLUS 브론즈,
12053,1775,form_factor,ATX,
12054,1775,pcie_connector,8핀x4,
12055,1775,atx_version,ATX,
12056,1775,fan_size,120,mm
12057,1776,wattage,600,W
12058,1776,efficiency_rating,80PLUS 브론즈,
12059,1776,form_factor,ATX,
12060,1776,pcie_connector,8핀x2,
12061,1776,atx_version,ATX,
12062,1776,fan_size,120,mm
12063,1777,wattage,850,W
12064,1777,efficiency_rating,80PLUS 플래티넘,
12065,1777,modular_type,FULL-MODULAR,
12066,1777,form_factor,ATX,
12067,1777,pcie_connector,"16핀x1,8핀x2",
12068,1777,atx_version,ATX3.0,
12069,1777,fan_size,120,mm
12070,1778,wattage,1050,W
12071,1778,efficiency_rating,80PLUS 플래티넘,
12072,1778,modular_type,FULL-MODULAR,
12073,1778,form_factor,ATX,
12074,1778,pcie_connector,8핀x8,
12075,1778,atx_version,ATX,
12076,1778,fan_size,135,mm
12077,1779,wattage,500,W
12078,1779,efficiency_rating,80PLUS 브론즈,
12079,1779,form_factor,ATX,
12080,1779,pcie_connector,8핀x2,
12081,1779,atx_version,ATX,
12082,1779,fan_size,120,mm
12083,1780,wattage,700,W
12084,1780,form_factor,ATX,
12085,1780,pcie_connector,8핀x4,
12086,1780,atx_version,ATX,
12087,1780,fan_size,120,mm
12088,1781,wattage,600,W
12089,1781,form_factor,ATX,
12090,1781,pcie_connector,8핀x2,
12091,1781,atx_version,ATX,
12092,1782,wattage,500,W
12093,1782,form_factor,ATX,
12094,1782,pcie_connector,8핀x2,
12095,1782,atx_version,ATX,
12096,1783,wattage,500,W
12097,1783,form_factor,ATX,
12098,1783,pcie_connector,8핀x2,
12099,1783,atx_version,ATX,
12100,1783,fan_size,120,mm
12101,1784,wattage,600,W
12102,1784,form_factor,ATX,
12103,1784,pcie_connector,8핀x2,
12104,1784,atx_version,ATX,
12105,1784,fan_size,120,mm
12106,1785,wattage,800,W
12107,1785,efficiency_rating,80PLUS 브론즈,
12108,1785,form_factor,ATX,
12109,1785,pcie_connector,"16핀x1,8핀x2",
12110,1785,atx_version,ATX3.1,
12111,1785,fan_size,120,mm
12112,1786,wattage,750,W
12113,1786,efficiency_rating,80PLUS 브론즈,
12114,1786,form_factor,ATX,
12115,1786,pcie_connector,8핀x4,
12116,1786,atx_version,ATX,
12117,1786,fan_size,120,mm
12118,1787,wattage,1650,W
12119,1787,efficiency_rating,80PLUS 골드,
12120,1787,modular_type,FULL-MODULAR,
12121,1787,form_factor,ATX,
12122,1787,pcie_connector,"16핀x2,8핀x6",
12123,1787,atx_version,ATX3.0,
12124,1787,fan_size,135,mm
12125,1788,wattage,750,W
12126,1788,efficiency_rating,80PLUS 실버,
12127,1788,modular_type,SEMI-MODULAR,
12128,1788,form_factor,ATX,
12129,1788,pcie_connector,"16핀x1,8핀x2",
12130,1788,atx_version,ATX3.1,
12131,1789,wattage,600,W
12132,1789,efficiency_rating,80PLUS 브론즈,
12133,1789,form_factor,ATX,
12134,1789,pcie_connector,8핀x2,
12135,1789,atx_version,ATX,
12136,1789,fan_size,120,mm
12137,1790,wattage,700,W
12138,1790,efficiency_rating,80PLUS 브론즈,
12139,1790,form_factor,ATX,
12140,1790,pcie_connector,"16핀x1,8핀x2",
12141,1790,atx_version,ATX,
12142,1790,fan_size,120,mm
12143,1791,wattage,1050,W
12144,1791,efficiency_rating,80PLUS 골드,
12145,1791,modular_type,FULL-MODULAR,
12146,1791,form_factor,ATX,
12147,1791,pcie_connector,"16핀x1,8핀x4",
12148,1791,atx_version,ATX,
12149,1791,fan_size,120,mm
12150,1792,wattage,850,W
12151,1792,efficiency_rating,80PLUS 실버,
12152,1792,form_factor,ATX,
12153,1792,pcie_connector,"16핀x1,8핀x2",
12154,1792,atx_version,ATX3.0,
12155,1792,fan_size,120,mm
12156,1793,wattage,750,W
12157,1793,efficiency_rating,80PLUS 실버,
12158,1793,form_factor,ATX,
12159,1793,pcie_connector,8핀x4,
12160,1793,atx_version,ATX,
12161,1793,fan_size,120,mm
12162,1794,wattage,700,W
12163,1794,form_factor,ATX,
12164,1794,pcie_connector,8핀x4,
12165,1794,atx_version,ATX,
12166,1794,fan_size,120,mm
12167,1795,wattage,500,W
12168,1795,form_factor,ATX,
12169,1795,pcie_connector,8핀x2,
12170,1795,atx_version,ATX,
12171,1795,fan_size,120,mm
12172,1796,wattage,850,W
12173,1796,efficiency_rating,80PLUS 실버,
12174,1796,modular_type,SEMI-MODULAR,
12175,1796,form_factor,ATX,
12176,1796,pcie_connector,"16핀x1,8핀x2",
12177,1796,atx_version,ATX3.1,
12178,1797,wattage,850,W
12179,1797,efficiency_rating,80PLUS 실버,
12180,1797,form_factor,ATX,
12181,1797,pcie_connector,8핀x4,
12182,1797,atx_version,ATX,
12183,1797,fan_size,120,mm
12184,1798,wattage,750,W
12185,1798,efficiency_rating,80PLUS 골드,
12186,1798,form_factor,ATX,
12187,1798,pcie_connector,8핀x4,
12188,1798,atx_version,ATX,
12189,1798,fan_size,120,mm
12190,1799,wattage,750,W
12191,1799,efficiency_rating,80PLUS 골드,
12192,1799,modular_type,FULL-MODULAR,
12193,1799,form_factor,ATX,
12194,1799,pcie_connector,8핀x4,
12195,1799,atx_version,ATX,
12196,1799,fan_size,135,mm
12197,1800,wattage,650,W
12198,1800,efficiency_rating,80PLUS 골드,
12199,1800,modular_type,FULL-MODULAR,
12200,1800,form_factor,ATX,
12201,1800,pcie_connector,8핀x4,
12202,1800,atx_version,ATX,
12203,1800,fan_size,135,mm
12204,1801,wattage,800,W
12205,1801,form_factor,ATX,
12206,1801,pcie_connector,8핀x4,
12207,1801,atx_version,ATX,
12208,1801,fan_size,120,mm
12209,1802,wattage,700,W
12210,1802,form_factor,ATX,
12211,1802,pcie_connector,"16핀x1,8핀x2",
12212,1802,atx_version,ATX,
12213,1802,fan_size,120,mm
12214,1803,wattage,900,W
12215,1803,form_factor,ATX,
12216,1803,pcie_connector,"16핀x1,8핀x4",
12217,1803,atx_version,ATX,
12218,1803,fan_size,140,mm
12219,1804,wattage,700,W
12220,1804,form_factor,ATX,
12221,1804,pcie_connector,8핀x4,
12222,1804,atx_version,ATX,
12223,1804,fan_size,120,mm
12224,1805,wattage,800,W
12225,1805,form_factor,ATX,
12226,1805,pcie_connector,"16핀x1,8핀x2",
12227,1805,atx_version,ATX,
12228,1805,fan_size,120,mm
12229,1806,wattage,850,W
12230,1806,efficiency_rating,80PLUS 실버,
12231,1806,modular_type,SEMI-MODULAR,
12232,1806,form_factor,ATX,
12233,1806,pcie_connector,"16핀x1,8핀x2",
12234,1806,atx_version,ATX3.0,
12235,1806,fan_size,120,mm
12236,1807,wattage,750,W
12237,1807,efficiency_rating,80PLUS 실버,
12238,1807,modular_type,SEMI-MODULAR,
12239,1807,form_factor,ATX,
12240,1807,pcie_connector,"16핀x1,8핀x2",
12241,1807,atx_version,ATX3.0,
12242,1807,fan_size,120,mm
12243,1808,wattage,500,W
12244,1808,efficiency_rating,80PLUS 브론즈,
12245,1808,form_factor,ATX,
12246,1808,pcie_connector,8핀x2,
12247,1808,atx_version,ATX,
12248,1808,fan_size,120,mm
12249,1809,wattage,850,W
12250,1809,efficiency_rating,80PLUS 브론즈,
12251,1809,modular_type,SEMI-MODULAR,
12252,1809,form_factor,ATX,
12253,1809,pcie_connector,8핀x6,
12254,1809,atx_version,ATX,
12255,1809,fan_size,135,mm
12256,1810,wattage,650,W
12257,1810,efficiency_rating,80PLUS 브론즈,
12258,1810,form_factor,ATX,
12259,1810,pcie_connector,8핀x2,
12260,1810,atx_version,ATX,
12261,1810,fan_size,120,mm
12262,1811,wattage,750,W
12263,1811,efficiency_rating,80PLUS 브론즈,
12264,1811,form_factor,ATX,
12265,1811,pcie_connector,8핀x4,
12266,1811,atx_version,ATX,
12267,1811,fan_size,120,mm
12268,1812,wattage,500,W
12269,1812,form_factor,ATX,
12270,1812,pcie_connector,8핀x1,
12271,1812,atx_version,ATX,
12272,1812,fan_size,120,mm
12273,1813,wattage,700,W
12274,1813,efficiency_rating,80PLUS 브론즈,
12275,1813,form_factor,ATX,
12276,1813,pcie_connector,8핀x4,
12277,1813,atx_version,ATX,
12278,1813,fan_size,120,mm
12279,1814,wattage,600,W
12280,1814,form_factor,ATX,
12281,1814,pcie_connector,8핀x2,
12282,1814,atx_version,ATX,
12283,1814,fan_size,120,mm
12284,1815,wattage,600,W
12285,1815,form_factor,ATX,
12286,1815,pcie_connector,8핀x2,
12287,1815,atx_version,ATX,
12288,1815,fan_size,120,mm
12289,1816,wattage,600,W
12290,1816,form_factor,ATX,
12291,1816,pcie_connector,8핀x2,
12292,1816,atx_version,ATX,
12293,1816,fan_size,120,mm
12294,1817,wattage,700,W
12295,1817,form_factor,ATX,
12296,1817,pcie_connector,8핀x4,
12297,1817,atx_version,ATX,
12298,1817,fan_size,120,mm
12299,1818,wattage,700,W
12300,1818,form_factor,ATX,
12301,1818,pcie_connector,8핀x4,
12302,1818,atx_version,ATX,
12303,1818,fan_size,120,mm
12304,1819,wattage,1000,W
12305,1819,efficiency_rating,80PLUS 골드,
12306,1819,modular_type,FULL-MODULAR,
12307,1819,form_factor,ATX,
12308,1819,pcie_connector,"16핀x1,8핀x4",
12309,1819,atx_version,ATX3.1,
12310,1819,fan_size,140,mm
12311,1820,wattage,850,W
12312,1820,efficiency_rating,80PLUS 골드,
12313,1820,modular_type,FULL-MODULAR,
12314,1820,form_factor,ATX,
12315,1820,pcie_connector,"16핀x1,8핀x3",
12316,1820,atx_version,ATX3.1,
12317,1821,wattage,1000,W
12318,1821,efficiency_rating,80PLUS 골드,
12319,1821,modular_type,FULL-MODULAR,
12320,1821,form_factor,ATX,
12321,1821,pcie_connector,"16핀x1,8핀x4",
12322,1821,atx_version,ATX3.1,
12323,1822,wattage,1200,W
12324,1822,efficiency_rating,80PLUS 플래티넘,
12325,1822,modular_type,FULL-MODULAR,
12326,1822,form_factor,ATX,
12327,1822,pcie_connector,"16핀x2,8핀x4",
12328,1822,atx_version,ATX3.1,
12329,1823,wattage,1200,W
12330,1823,efficiency_rating,80PLUS 플래티넘,
12331,1823,modular_type,FULL-MODULAR,
12332,1823,form_factor,ATX,
12333,1823,pcie_connector,"16핀x2,8핀x4",
12334,1823,atx_version,ATX3.1,
12335,1824,wattage,1000,W
12336,1824,efficiency_rating,80PLUS 플래티넘,
12337,1824,modular_type,FULL-MODULAR,
12338,1824,form_factor,ATX,
12339,1824,pcie_connector,"16핀x1,8핀x4",
12340,1824,atx_version,ATX3.1,
12341,1825,wattage,1300,W
12342,1825,efficiency_rating,80PLUS 골드,
12343,1825,modular_type,FULL-MODULAR,
12344,1825,form_factor,ATX,
12345,1825,pcie_connector,"16핀x2,8핀x4",
12346,1825,atx_version,ATX3.1,
12347,1826,wattage,1000,W
12348,1826,form_factor,ATX,
12349,1826,pcie_connector,"16핀x1,8핀x4",
12350,1826,atx_version,ATX3.1,
12351,1826,fan_size,120,mm
12352,1827,wattage,1000,W
12353,1827,efficiency_rating,80PLUS 골드,
12354,1827,modular_type,FULL-MODULAR,
12355,1827,form_factor,ATX,
12356,1827,pcie_connector,"16핀x1,8핀x4",
12357,1827,atx_version,ATX3.1,
12358,1827,fan_size,140,mm
12359,1828,wattage,750,W
12360,1828,form_factor,ATX,
12361,1828,pcie_connector,"16핀x1,8핀x4",
12362,1828,atx_version,ATX3.1,
12363,1828,fan_size,120,mm
12364,1829,wattage,1000,W
12365,1829,efficiency_rating,80PLUS 플래티넘,
12366,1829,modular_type,FULL-MODULAR,
12367,1829,form_factor,ATX,
12368,1829,pcie_connector,"16핀x1,8핀x4",
12369,1829,atx_version,ATX3.1,
12370,1830,wattage,850,W
12371,1830,efficiency_rating,80PLUS 골드,
12372,1830,modular_type,FULL-MODULAR,
12373,1830,form_factor,ATX,
12374,1830,pcie_connector,"16핀x1,8핀x3",
12375,1830,atx_version,ATX3.1,
12376,1831,wattage,850,W
12377,1831,efficiency_rating,80PLUS 골드,
12378,1831,modular_type,FULL-MODULAR,
12379,1831,form_factor,ATX,
12380,1831,pcie_connector,"16핀x1,8핀x3",
12381,1831,atx_version,ATX3.1,
12382,1831,fan_size,140,mm
12383,1832,wattage,850,W
12384,1832,efficiency_rating,80PLUS 플래티넘,
12385,1832,modular_type,FULL-MODULAR,
12386,1832,form_factor,ATX,
12387,1832,pcie_connector,"16핀x1,8핀x3",
12388,1832,atx_version,ATX3.1,
12389,1833,wattage,850,W
12390,1833,efficiency_rating,80PLUS 골드,
12391,1833,modular_type,FULL-MODULAR,
12392,1833,form_factor,ATX,
12393,1833,pcie_connector,"16핀x1,8핀x3",
12394,1833,atx_version,ATX3.1,
12395,1833,fan_size,140,mm
12396,1834,wattage,2000,W
12397,1834,efficiency_rating,80PLUS 플래티넘,
12398,1834,modular_type,FULL-MODULAR,
12399,1834,form_factor,ATX,
12400,1834,pcie_connector,"16핀x4,8핀x6",
12401,1834,atx_version,ATX,
12402,1834,fan_size,140,mm
12403,1835,wattage,2200,W
12404,1835,modular_type,FULL-MODULAR,
12405,1835,form_factor,ATX,
12406,1835,pcie_connector,"16핀x2,8핀x6",
12407,1835,atx_version,ATX3.1,
12408,1836,wattage,1000,W
12409,1836,efficiency_rating,80PLUS 골드,
12410,1836,modular_type,FULL-MODULAR,
12411,1836,form_factor,ATX,
12412,1836,pcie_connector,"16핀x1,8핀x4",
12413,1836,atx_version,ATX3.1,
12414,1837,wattage,650,W
12415,1837,form_factor,ATX,
12416,1837,pcie_connector,8핀x4,
12417,1837,atx_version,ATX3.1,
12418,1837,fan_size,120,mm
12419,1838,wattage,850,W
12420,1838,form_factor,ATX,
12421,1838,pcie_connector,"16핀x1,8핀x4",
12422,1838,atx_version,ATX3.1,
12423,1838,fan_size,120,mm
12424,1839,wattage,1300,W
12425,1839,efficiency_rating,80PLUS 골드,
12426,1839,modular_type,FULL-MODULAR,
12427,1839,form_factor,ATX,
12428,1839,pcie_connector,"16핀x1,8핀x4",
12429,1839,atx_version,ATX3.1,
12430,1839,fan_size,140,mm
12431,1840,wattage,750,W
12432,1840,efficiency_rating,80PLUS 골드,
12433,1840,modular_type,FULL-MODULAR,
12434,1840,form_factor,ATX,
12435,1840,pcie_connector,"16핀x1,8핀x2",
12436,1840,atx_version,ATX3.1,
12437,1840,fan_size,140,mm
12438,1841,wattage,1300,W
12439,1841,efficiency_rating,80PLUS 골드,
12440,1841,modular_type,FULL-MODULAR,
12441,1841,form_factor,ATX,
12442,1841,pcie_connector,"16핀x2,8핀x4",
12443,1841,atx_version,ATX3.1,
12444,1842,wattage,2800,W
12445,1842,modular_type,FULL-MODULAR,
12446,1842,form_factor,ATX,
12447,1842,pcie_connector,"16핀x4,8핀x6",
12448,1842,atx_version,ATX3.1,
12449,1842,fan_size,140,mm
12450,1843,wattage,850,W
12451,1843,efficiency_rating,80PLUS 플래티넘,
12452,1843,modular_type,FULL-MODULAR,
12453,1843,form_factor,ATX,
12454,1843,pcie_connector,"16핀x1,8핀x3",
12455,1843,atx_version,ATX3.1,
12456,1844,wattage,850,W
12457,1844,efficiency_rating,80PLUS 골드,
12458,1844,modular_type,FULL-MODULAR,
12459,1844,form_factor,ATX,
12460,1844,pcie_connector,"16핀x1,8핀x4",
12461,1844,atx_version,ATX3.1,
12462,1844,fan_size,120,mm
12463,1845,wattage,1300,W
12464,1845,efficiency_rating,80PLUS 골드,
12465,1845,modular_type,FULL-MODULAR,
12466,1845,form_factor,ATX,
12467,1845,pcie_connector,"16핀x1,8핀x4",
12468,1845,atx_version,ATX3.1,
12469,1845,fan_size,140,mm
12470,1846,wattage,1700,W
12471,1846,modular_type,FULL-MODULAR,
12472,1846,form_factor,ATX,
12473,1846,pcie_connector,"16핀x2,8핀x6",
12474,1846,atx_version,ATX3.1,
12475,1846,fan_size,140,mm
12476,1847,wattage,850,W
12477,1847,efficiency_rating,80PLUS 티타늄,
12478,1847,modular_type,FULL-MODULAR,
12479,1847,form_factor,ATX,
12480,1847,pcie_connector,"16핀x1,8핀x4",
12481,1847,atx_version,ATX,
12482,1847,fan_size,140,mm
12483,1848,wattage,750,W
12484,1848,efficiency_rating,80PLUS 골드,
12485,1848,modular_type,FULL-MODULAR,
12486,1848,form_factor,ATX,
12487,1848,pcie_connector,"16핀x1,8핀x4",
12488,1848,atx_version,ATX3.1,
12489,1848,fan_size,120,mm
12490,1849,wattage,750,W
12491,1849,efficiency_rating,80PLUS 티타늄,
12492,1849,modular_type,FULL-MODULAR,
12493,1849,form_factor,ATX,
12494,1849,pcie_connector,"16핀x1,8핀x4",
12495,1849,atx_version,ATX,
12496,1849,fan_size,140,mm
12497,1850,wattage,1000,W
12498,1850,efficiency_rating,80PLUS 플래티넘,
12499,1850,modular_type,FULL-MODULAR,
12500,1850,form_factor,ATX,
12501,1850,pcie_connector,"16핀x1,8핀x8",
12502,1850,atx_version,ATX,
12503,1850,fan_size,120,mm
12504,1851,wattage,1600,W
12505,1851,efficiency_rating,80PLUS 티타늄,
12506,1851,modular_type,FULL-MODULAR,
12507,1851,form_factor,ATX,
12508,1851,pcie_connector,"16핀x2,8핀x5",
12509,1851,atx_version,ATX3.1,
12510,1851,fan_size,140,mm
12511,1852,wattage,850,W
12512,1852,efficiency_rating,80PLUS 골드,
12513,1852,modular_type,FULL-MODULAR,
12514,1852,form_factor,ATX,
12515,1852,pcie_connector,"16핀x1,8핀x6",
12516,1852,atx_version,ATX,
12517,1852,fan_size,130,mm
12518,1853,wattage,850,W
12519,1853,efficiency_rating,80PLUS 플래티넘,
12520,1853,modular_type,FULL-MODULAR,
12521,1853,form_factor,ATX,
12522,1853,pcie_connector,8핀x8,
12523,1853,atx_version,ATX,
12524,1853,fan_size,120,mm
12525,1854,wattage,850,W
12526,1854,efficiency_rating,80PLUS 플래티넘,
12527,1854,modular_type,FULL-MODULAR,
12528,1854,form_factor,ATX,
12529,1854,pcie_connector,"16핀x1,8핀x6",
12530,1854,atx_version,ATX,
12531,1854,fan_size,120,mm
12532,1855,wattage,850,W
12533,1855,efficiency_rating,80PLUS 플래티넘,
12534,1855,modular_type,FULL-MODULAR,
12535,1855,form_factor,ATX,
12536,1855,pcie_connector,8핀x8,
12537,1855,atx_version,ATX,
12538,1855,fan_size,120,mm
12539,1856,wattage,700,W
12540,1856,efficiency_rating,80PLUS 브론즈,
12541,1856,form_factor,ATX,
12542,1856,pcie_connector,"16핀x1,8핀x2",
12543,1856,atx_version,ATX3.1,
12544,1856,fan_size,120,mm
12545,1857,wattage,850,W
12546,1857,efficiency_rating,80PLUS 브론즈,
12547,1857,modular_type,SEMI-MODULAR,
12548,1857,form_factor,ATX,
12549,1857,pcie_connector,"16핀x1,8핀x4",
12550,1857,atx_version,ATX3.1,
12551,1857,fan_size,120,mm
12552,1858,wattage,500,W
12553,1858,form_factor,ATX,
12554,1858,pcie_connector,8핀x2,
12555,1858,atx_version,ATX,
12556,1858,fan_size,120,mm
12557,1859,wattage,600,W
12558,1859,form_factor,ATX,
12559,1859,pcie_connector,8핀x2,
12560,1859,atx_version,ATX,
12561,1859,fan_size,120,mm
12562,1860,wattage,1000,W
12563,1860,efficiency_rating,80PLUS 골드,
12564,1860,modular_type,FULL-MODULAR,
12565,1860,form_factor,ATX,
12566,1860,pcie_connector,"16핀x1,8핀x4",
12567,1860,atx_version,ATX3.1,
12568,1860,fan_size,120,mm
12569,1861,wattage,700,W
12570,1861,form_factor,ATX,
12571,1861,pcie_connector,8핀x4,
12572,1861,atx_version,ATX,
12573,1861,fan_size,120,mm
12574,1862,wattage,700,W
12575,1862,form_factor,ATX,
12576,1862,pcie_connector,8핀x4,
12577,1862,atx_version,ATX,
12578,1862,fan_size,120,mm
12579,1863,wattage,600,W
12580,1863,form_factor,ATX,
12581,1863,pcie_connector,8핀x2,
12582,1863,atx_version,ATX,
12583,1863,fan_size,120,mm
12584,1864,wattage,1200,W
12585,1864,efficiency_rating,80PLUS 플래티넘,
12586,1864,modular_type,FULL-MODULAR,
12587,1864,form_factor,ATX,
12588,1864,pcie_connector,"16핀x1,8핀x4",
12589,1864,atx_version,ATX3.1,
12590,1864,fan_size,120,mm
12591,1865,wattage,800,W
12592,1865,efficiency_rating,80PLUS 브론즈,
12593,1865,form_factor,ATX,
12594,1865,pcie_connector,"16핀x1,8핀x2",
12595,1865,atx_version,ATX3.1,
12596,1865,fan_size,120,mm
12597,1866,wattage,800,W
12598,1866,form_factor,ATX,
12599,1866,pcie_connector,8핀x4,
12600,1866,atx_version,ATX,
12601,1866,fan_size,120,mm
12602,1867,wattage,600,W
12603,1867,efficiency_rating,80PLUS 브론즈,
12604,1867,form_factor,ATX,
12605,1867,pcie_connector,8핀x2,
12606,1867,atx_version,ATX3.1,
12607,1867,fan_size,120,mm
12608,1868,wattage,750,W
12609,1868,efficiency_rating,80PLUS 브론즈,
12610,1868,modular_type,SEMI-MODULAR,
12611,1868,form_factor,ATX,
12612,1868,pcie_connector,"16핀x1,8핀x4",
12613,1868,atx_version,ATX3.1,
12614,1868,fan_size,120,mm
12615,1869,wattage,600,W
12616,1869,form_factor,ATX,
12617,1869,pcie_connector,8핀x2,
12618,1869,atx_version,ATX,
12619,1869,fan_size,120,mm
12620,1870,wattage,700,W
12621,1870,form_factor,ATX,
12622,1870,pcie_connector,8핀x4,
12623,1870,atx_version,ATX,
12624,1870,fan_size,120,mm
12625,1871,wattage,650,W
12626,1871,efficiency_rating,80PLUS 브론즈,
12627,1871,modular_type,SEMI-MODULAR,
12628,1871,form_factor,ATX,
12629,1871,pcie_connector,"16핀x1,8핀x2",
12630,1871,atx_version,ATX3.1,
12631,1871,fan_size,120,mm
12632,1872,wattage,850,W
12633,1872,efficiency_rating,80PLUS 브론즈,
12634,1872,modular_type,SEMI-MODULAR,
12635,1872,form_factor,ATX,
12636,1872,pcie_connector,"16핀x1,8핀x4",
12637,1872,atx_version,ATX3.1,
12638,1872,fan_size,120,mm
12639,1873,wattage,700,W
12640,1873,form_factor,ATX,
12641,1873,pcie_connector,8핀x4,
12642,1873,atx_version,ATX,
12643,1873,fan_size,120,mm
12644,1874,wattage,500,W
12645,1874,form_factor,ATX,
12646,1874,pcie_connector,8핀x2,
12647,1874,atx_version,ATX,
12648,1874,fan_size,120,mm
12649,1875,wattage,500,W
12650,1875,form_factor,ATX,
12651,1875,pcie_connector,8핀x2,
12652,1875,atx_version,ATX,
12653,1875,fan_size,120,mm
12654,1876,wattage,1000,W
12655,1876,efficiency_rating,80PLUS 플래티넘,
12656,1876,modular_type,FULL-MODULAR,
12657,1876,form_factor,ATX,
12658,1876,pcie_connector,"16핀x1,8핀x4",
12659,1876,atx_version,ATX3.1,
12660,1876,fan_size,120,mm
12661,1877,wattage,850,W
12662,1877,efficiency_rating,80PLUS 골드,
12663,1877,modular_type,FULL-MODULAR,
12664,1877,form_factor,ATX,
12665,1877,pcie_connector,"16핀x1,8핀x4",
12666,1877,atx_version,ATX3.1,
12667,1877,fan_size,120,mm
12668,1878,wattage,500,W
12669,1878,form_factor,ATX,
12670,1878,pcie_connector,8핀x2,
12671,1878,atx_version,ATX,
12672,1878,fan_size,120,mm
12673,1879,wattage,600,W
12674,1879,form_factor,ATX,
12675,1879,pcie_connector,8핀x2,
12676,1879,atx_version,ATX,
12677,1879,fan_size,120,mm
12678,1880,wattage,500,W
12679,1880,form_factor,ATX,
12680,1880,pcie_connector,8핀x2,
12681,1880,atx_version,ATX,
12682,1880,fan_size,120,mm
12683,1881,wattage,750,W
12684,1881,efficiency_rating,80PLUS 골드,
12685,1881,modular_type,FULL-MODULAR,
12686,1881,form_factor,ATX,
12687,1881,pcie_connector,"16핀x1,8핀x3",
12688,1881,atx_version,ATX3.1,
12689,1881,fan_size,120,mm
12690,1882,wattage,850,W
12691,1882,efficiency_rating,80PLUS 플래티넘,
12692,1882,modular_type,FULL-MODULAR,
12693,1882,form_factor,ATX,
12694,1882,pcie_connector,"16핀x1,8핀x4",
12695,1882,atx_version,ATX3.1,
12696,1882,fan_size,120,mm
12697,1883,wattage,700,W
12698,1883,form_factor,ATX,
12699,1883,pcie_connector,8핀x4,
12700,1883,atx_version,ATX,
12701,1883,fan_size,120,mm
12702,1884,wattage,1000,W
12703,1884,efficiency_rating,80PLUS 골드,
12704,1884,modular_type,FULL-MODULAR,
12705,1884,form_factor,ATX,
12706,1884,pcie_connector,"16핀x1,8핀x4",
12707,1884,atx_version,ATX3.1,
12708,1884,fan_size,120,mm
12709,1885,wattage,700,W
12710,1885,form_factor,ATX,
12711,1885,pcie_connector,8핀x4,
12712,1885,atx_version,ATX,
12713,1885,fan_size,120,mm
12714,1886,wattage,850,W
12715,1886,efficiency_rating,80PLUS 플래티넘,
12716,1886,modular_type,FULL-MODULAR,
12717,1886,form_factor,ATX,
12718,1886,pcie_connector,8핀x6,
12719,1886,atx_version,ATX,
12720,1886,fan_size,135,mm
12721,1887,wattage,750,W
12722,1887,efficiency_rating,80PLUS 브론즈,
12723,1887,modular_type,SEMI-MODULAR,
12724,1887,form_factor,ATX,
12725,1887,pcie_connector,"16핀x1,8핀x4",
12726,1887,atx_version,ATX3.1,
12727,1887,fan_size,120,mm
12728,1888,wattage,600,W
12729,1888,form_factor,ATX,
12730,1888,pcie_connector,8핀x2,
12731,1888,atx_version,ATX,
12732,1888,fan_size,120,mm
12733,1889,wattage,1200,W
12734,1889,efficiency_rating,80PLUS 골드,
12735,1889,modular_type,FULL-MODULAR,
12736,1889,form_factor,ATX,
12737,1889,pcie_connector,"16핀x1,8핀x4",
12738,1889,atx_version,ATX3.1,
12739,1889,fan_size,120,mm
12740,1890,wattage,600,W
12741,1890,form_factor,ATX,
12742,1890,pcie_connector,8핀x2,
12743,1890,atx_version,ATX,
12744,1890,fan_size,120,mm
12745,1891,wattage,600,W
12746,1891,form_factor,ATX,
12747,1891,pcie_connector,8핀x2,
12748,1891,atx_version,ATX,
12749,1891,fan_size,120,mm
12750,1892,wattage,750,W
12751,1892,efficiency_rating,80PLUS 골드,
12752,1892,modular_type,FULL-MODULAR,
12753,1892,form_factor,ATX,
12754,1892,pcie_connector,"16핀x1,8핀x3",
12755,1892,atx_version,ATX3.1,
12756,1892,fan_size,120,mm
12757,1893,wattage,1200,W
12758,1893,efficiency_rating,80PLUS 골드,
12759,1893,modular_type,FULL-MODULAR,
12760,1893,form_factor,ATX,
12761,1893,pcie_connector,"16핀x1,8핀x4",
12762,1893,atx_version,ATX3.1,
12763,1893,fan_size,120,mm
12764,1894,wattage,650,W
12765,1894,efficiency_rating,80PLUS 브론즈,
12766,1894,form_factor,ATX,
12767,1894,pcie_connector,8핀x2,
12768,1894,atx_version,ATX,
12769,1894,fan_size,120,mm
12770,1895,wattage,750,W
12771,1895,efficiency_rating,80PLUS 골드,
12772,1895,modular_type,FULL-MODULAR,
12773,1895,form_factor,ATX,
12774,1895,pcie_connector,"16핀x1,8핀x3",
12775,1895,atx_version,ATX3.1,
12776,1895,fan_size,120,mm
12777,1896,wattage,800,W
12778,1896,efficiency_rating,80PLUS 브론즈,
12779,1896,form_factor,ATX,
12780,1896,pcie_connector,8핀x2,
12781,1896,atx_version,ATX,
12782,1896,fan_size,120,mm
12783,1897,wattage,600,W
12784,1897,form_factor,ATX,
12785,1897,pcie_connector,8핀x2,
12786,1897,atx_version,ATX,
12787,1897,fan_size,120,mm
12788,1898,wattage,850,W
12789,1898,efficiency_rating,80PLUS 골드,
12790,1898,modular_type,FULL-MODULAR,
12791,1898,form_factor,ATX,
12792,1898,pcie_connector,"16핀x1,8핀x4",
12793,1898,atx_version,ATX3.1,
12794,1898,fan_size,120,mm
12795,1899,wattage,1200,W
12796,1899,efficiency_rating,80PLUS 골드,
12797,1899,modular_type,FULL-MODULAR,
12798,1899,form_factor,ATX,
12799,1899,pcie_connector,8핀x8,
12800,1899,atx_version,ATX,
12801,1899,fan_size,135,mm
12802,1900,wattage,400,W
12803,1900,form_factor,ATX,
12804,1900,pcie_connector,8핀x2,
12805,1900,atx_version,ATX,
12806,1900,fan_size,120,mm
12807,1901,wattage,1000,W
12808,1901,efficiency_rating,80PLUS 플래티넘,
12809,1901,modular_type,FULL-MODULAR,
12810,1901,form_factor,ATX,
12811,1901,pcie_connector,8핀x6,
12812,1901,atx_version,ATX,
12813,1901,fan_size,135,mm
12814,1902,wattage,500,W
12815,1902,form_factor,ATX,
12816,1902,pcie_connector,8핀x2,
12817,1902,atx_version,ATX,
12818,1902,fan_size,120,mm
12819,1903,wattage,1200,W
12820,1903,efficiency_rating,80PLUS 플래티넘,
12821,1903,modular_type,FULL-MODULAR,
12822,1903,form_factor,ATX,
12823,1903,pcie_connector,8핀x2,
12824,1903,atx_version,ATX,
12825,1903,fan_size,135,mm
12826,1904,wattage,750,W
12827,1904,efficiency_rating,80PLUS 플래티넘,
12828,1904,modular_type,FULL-MODULAR,
12829,1904,form_factor,ATX,
12830,1904,pcie_connector,8핀x4,
12831,1904,atx_version,ATX,
12832,1904,fan_size,135,mm
12833,1905,wattage,600,W
12834,1905,form_factor,ATX,
12835,1905,pcie_connector,8핀x2,
12836,1905,atx_version,ATX,
12837,1905,fan_size,120,mm
12838,1906,wattage,1200,W
12839,1906,efficiency_rating,80PLUS 골드,
12840,1906,modular_type,FULL-MODULAR,
12841,1906,form_factor,ATX,
12842,1906,pcie_connector,"16핀x1,8핀x4",
12843,1906,atx_version,ATX3.1,
12844,1906,fan_size,120,mm
12845,1907,wattage,750,W
12846,1907,efficiency_rating,80PLUS 브론즈,
12847,1907,form_factor,ATX,
12848,1907,pcie_connector,8핀x4,
12849,1907,atx_version,ATX,
12850,1907,fan_size,120,mm
12851,1908,wattage,1000,W
12852,1908,efficiency_rating,80PLUS 골드,
12853,1908,modular_type,FULL-MODULAR,
12854,1908,form_factor,ATX,
12855,1908,pcie_connector,"16핀x1,8핀x4",
12856,1908,atx_version,ATX3.1,
12857,1908,fan_size,120,mm
12858,1909,wattage,750,W
12859,1909,efficiency_rating,80PLUS 골드,
12860,1909,modular_type,FULL-MODULAR,
12861,1909,form_factor,ATX,
12862,1909,pcie_connector,8핀x4,
12863,1909,atx_version,ATX,
12864,1909,fan_size,120,mm
12865,1910,wattage,850,W
12866,1910,efficiency_rating,80PLUS 골드,
12867,1910,modular_type,FULL-MODULAR,
12868,1910,form_factor,ATX,
12869,1910,pcie_connector,"16핀x1,8핀x4",
12870,1910,atx_version,ATX3.1,
12871,1910,fan_size,120,mm
12872,1911,wattage,500,W
12873,1911,efficiency_rating,80PLUS 브론즈,
12874,1911,form_factor,ATX,
12875,1911,pcie_connector,8핀x2,
12876,1911,atx_version,ATX3.1,
12877,1911,fan_size,120,mm
12878,1912,wattage,1000,W
12879,1912,efficiency_rating,80PLUS 골드,
12880,1912,modular_type,FULL-MODULAR,
12881,1912,form_factor,ATX,
12882,1912,pcie_connector,8핀x6,
12883,1912,atx_version,ATX,
12884,1912,fan_size,135,mm
12885,1913,wattage,700,W
12886,1913,efficiency_rating,80PLUS 브론즈,
12887,1913,form_factor,ATX,
12888,1913,pcie_connector,8핀x2,
12889,1913,atx_version,ATX,
12890,1913,fan_size,120,mm
12891,1914,wattage,1000,W
12892,1914,efficiency_rating,80PLUS 골드,
12893,1914,modular_type,FULL-MODULAR,
12894,1914,form_factor,ATX,
12895,1914,pcie_connector,"16핀x1,8핀x4",
12896,1914,atx_version,ATX3.1,
12897,1914,fan_size,120,mm
12898,1915,wattage,600,W
12899,1915,efficiency_rating,80PLUS 브론즈,
12900,1915,form_factor,ATX,
12901,1915,pcie_connector,8핀x2,
12902,1915,atx_version,ATX,
12903,1915,fan_size,120,mm
12904,1916,wattage,500,W
12905,1916,form_factor,ATX,
12906,1916,pcie_connector,8핀x2,
12907,1916,atx_version,ATX,
12908,1916,fan_size,120,mm
12909,1917,wattage,1000,W
12910,1917,efficiency_rating,80PLUS 골드,
12911,1917,modular_type,FULL-MODULAR,
12912,1917,form_factor,ATX,
12913,1917,pcie_connector,"16핀x1,8핀x3",
12914,1917,atx_version,ATX3.1,
12915,1917,fan_size,135,mm
12916,1918,wattage,850,W
12917,1918,efficiency_rating,80PLUS 골드,
12918,1918,modular_type,FULL-MODULAR,
12919,1918,form_factor,ATX,
12920,1918,pcie_connector,"16핀x1,8핀x3",
12921,1918,atx_version,ATX3.1,
12922,1918,fan_size,135,mm
12923,1919,wattage,1200,W
12924,1919,efficiency_rating,80PLUS 골드,
12925,1919,modular_type,FULL-MODULAR,
12926,1919,form_factor,ATX,
12927,1919,pcie_connector,"16핀x1,8핀x3",
12928,1919,atx_version,ATX3.1,
12929,1919,fan_size,135,mm
12930,1920,wattage,1200,W
12931,1920,efficiency_rating,80PLUS 골드,
12932,1920,modular_type,FULL-MODULAR,
12933,1920,form_factor,ATX,
12934,1920,pcie_connector,"16핀x1,8핀x3",
12935,1920,atx_version,ATX3.1,
12936,1920,fan_size,135,mm
12937,1921,wattage,650,W
12938,1921,efficiency_rating,80PLUS 골드,
12939,1921,modular_type,FULL-MODULAR,
12940,1921,form_factor,ATX,
12941,1921,pcie_connector,"16핀x1,8핀x2",
12942,1921,atx_version,ATX3.1,
12943,1921,fan_size,120,mm
12944,1922,wattage,1000,W
12945,1922,efficiency_rating,80PLUS 골드,
12946,1922,modular_type,FULL-MODULAR,
12947,1922,form_factor,ATX,
12948,1922,pcie_connector,"16핀x1,8핀x3",
12949,1922,atx_version,ATX3.1,
12950,1922,fan_size,135,mm
12951,1923,wattage,1300,W
12952,1923,efficiency_rating,80PLUS 티타늄,
12953,1923,modular_type,FULL-MODULAR,
12954,1923,form_factor,ATX,
12955,1923,pcie_connector,"16핀x1,8핀x6",
12956,1923,atx_version,ATX3.1,
12957,1923,fan_size,135,mm
12958,1924,wattage,750,W
12959,1924,efficiency_rating,80PLUS 골드,
12960,1924,modular_type,FULL-MODULAR,
12961,1924,form_factor,ATX,
12962,1924,pcie_connector,"16핀x1,8핀x2",
12963,1924,atx_version,ATX3.1,
12964,1924,fan_size,120,mm
12965,1925,wattage,850,W
12966,1925,efficiency_rating,80PLUS 골드,
12967,1925,modular_type,FULL-MODULAR,
12968,1925,form_factor,ATX,
12969,1925,pcie_connector,"16핀x1,8핀x3",
12970,1925,atx_version,ATX3.1,
12971,1925,fan_size,120,mm
12972,1926,wattage,1600,W
12973,1926,efficiency_rating,80PLUS 티타늄,
12974,1926,modular_type,FULL-MODULAR,
12975,1926,form_factor,ATX,
12976,1926,pcie_connector,"16핀x2,8핀x6",
12977,1926,atx_version,ATX3.1,
12978,1926,fan_size,135,mm
12979,1927,wattage,850,W
12980,1927,efficiency_rating,80PLUS 골드,
12981,1927,modular_type,FULL-MODULAR,
12982,1927,form_factor,ATX,
12983,1927,pcie_connector,"16핀x1,8핀x3",
12984,1927,atx_version,ATX3.1,
12985,1927,fan_size,135,mm
12986,1928,wattage,1600,W
12987,1928,efficiency_rating,80PLUS 플래티넘,
12988,1928,modular_type,FULL-MODULAR,
12989,1928,form_factor,ATX,
12990,1928,pcie_connector,"16핀x2,8핀x6",
12991,1928,atx_version,ATX3.1,
12992,1928,fan_size,135,mm
12993,1929,wattage,750,W
12994,1929,efficiency_rating,80PLUS 골드,
12995,1929,modular_type,FULL-MODULAR,
12996,1929,form_factor,ATX,
12997,1929,pcie_connector,"16핀x1,8핀x2",
12998,1929,atx_version,ATX3.1,
12999,1929,fan_size,135,mm
13000,1930,wattage,2200,W
13001,1930,efficiency_rating,80PLUS 플래티넘,
13002,1930,modular_type,FULL-MODULAR,
13003,1930,form_factor,ATX,
13004,1930,pcie_connector,"16핀x4,8핀x4",
13005,1930,atx_version,ATX,
13006,1930,fan_size,135,mm
13007,1931,wattage,850,W
13008,1931,efficiency_rating,80PLUS 골드,
13009,1931,modular_type,FULL-MODULAR,
13010,1931,form_factor,ATX,
13011,1931,pcie_connector,"16핀x1,8핀x3",
13012,1931,atx_version,ATX3.1,
13013,1931,fan_size,120,mm
13014,1932,wattage,750,W
13015,1932,efficiency_rating,80PLUS 골드,
13016,1932,modular_type,FULL-MODULAR,
13017,1932,form_factor,ATX,
13018,1932,pcie_connector,"16핀x1,8핀x2",
13019,1932,atx_version,ATX3.1,
13020,1932,fan_size,120,mm
13021,1933,wattage,1300,W
13022,1933,efficiency_rating,80PLUS 티타늄,
13023,1933,modular_type,FULL-MODULAR,
13024,1933,form_factor,ATX,
13025,1933,pcie_connector,"16핀x1,8핀x6",
13026,1933,atx_version,ATX3.0,
13027,1933,fan_size,135,mm
13028,1934,wattage,850,W
13029,1934,efficiency_rating,80PLUS 골드,
13030,1934,modular_type,SEMI-MODULAR,
13031,1934,form_factor,ATX,
13032,1934,pcie_connector,8핀x6,
13033,1934,atx_version,ATX,
13034,1934,fan_size,120,mm
13035,1935,wattage,850,W
13036,1935,efficiency_rating,80PLUS 브론즈,
13037,1935,form_factor,ATX,
13038,1935,pcie_connector,8핀x3,
13039,1935,atx_version,ATX,
13040,1935,fan_size,120,mm
13041,1936,wattage,850,W
13042,1936,efficiency_rating,80PLUS 골드,
13043,1936,modular_type,FULL-MODULAR,
13044,1936,form_factor,ATX,
13045,1936,pcie_connector,8핀x6,
13046,1936,atx_version,ATX,
13047,1936,fan_size,120,mm
13048,1937,wattage,750,W
13049,1937,efficiency_rating,80PLUS 골드,
13050,1937,modular_type,SEMI-MODULAR,
13051,1937,form_factor,ATX,
13052,1937,pcie_connector,8핀x4,
13053,1937,atx_version,ATX,
13054,1937,fan_size,120,mm
13055,1938,wattage,750,W
13056,1938,efficiency_rating,80PLUS 브론즈,
13057,1938,modular_type,SEMI-MODULAR,
13058,1938,form_factor,ATX,
13059,1938,pcie_connector,8핀x3,
13060,1938,atx_version,ATX,
13061,1938,fan_size,120,mm
13062,1939,wattage,1600,W
13063,1939,efficiency_rating,80PLUS 플래티넘,
13064,1939,modular_type,FULL-MODULAR,
13065,1939,form_factor,ATX,
13066,1939,pcie_connector,"16핀x2,8핀x8",
13067,1939,atx_version,ATX,
13068,1939,fan_size,135,mm
13069,1940,wattage,750,W
13070,1940,efficiency_rating,80PLUS 골드,
13071,1940,modular_type,FULL-MODULAR,
13072,1940,form_factor,ATX,
13073,1940,pcie_connector,"16핀x1,8핀x2",
13074,1940,atx_version,ATX3.0,
13075,1940,fan_size,135,mm
13076,1941,wattage,850,W
13077,1941,efficiency_rating,80PLUS 브론즈,
13078,1941,modular_type,SEMI-MODULAR,
13079,1941,form_factor,ATX,
13080,1941,pcie_connector,8핀x3,
13081,1941,atx_version,ATX,
13082,1941,fan_size,120,mm
13083,1942,wattage,850,W
13084,1942,efficiency_rating,80PLUS 골드,
13085,1942,modular_type,FULL-MODULAR,
13086,1942,form_factor,ATX,
13087,1942,pcie_connector,"16핀x1,8핀x3",
13088,1942,atx_version,ATX3.0,
13089,1942,fan_size,135,mm
13090,1943,wattage,600,W
13091,1943,efficiency_rating,80PLUS 브론즈,
13092,1943,form_factor,ATX,
13093,1943,pcie_connector,8핀x2,
13094,1943,atx_version,ATX,
13095,1943,fan_size,80,mm
13096,1944,wattage,500,W
13097,1944,efficiency_rating,80PLUS 브론즈,
13098,1944,form_factor,ATX,
13099,1944,pcie_connector,8핀x2,
13100,1944,atx_version,ATX,
13101,1944,fan_size,80,mm
13102,1945,wattage,850,W
13103,1945,efficiency_rating,80PLUS 골드,
13104,1945,modular_type,FULL-MODULAR,
13105,1945,form_factor,ATX,
13106,1945,pcie_connector,"16핀x1,8핀x3",
13107,1945,atx_version,ATX3.1,
13108,1945,fan_size,140,mm
13109,1946,wattage,750,W
13110,1946,efficiency_rating,80PLUS 브론즈,
13111,1946,form_factor,ATX,
13112,1946,pcie_connector,"16핀x1,8핀x2",
13113,1946,atx_version,ATX3.1,
13114,1946,fan_size,140,mm
13115,1947,wattage,850,W
13116,1947,efficiency_rating,80PLUS 브론즈,
13117,1947,form_factor,ATX,
13118,1947,pcie_connector,"16핀x1,8핀x3",
13119,1947,atx_version,ATX3.1,
13120,1947,fan_size,140,mm
13121,1948,wattage,700,W
13122,1948,form_factor,ATX,
13123,1948,pcie_connector,8핀x2,
13124,1948,atx_version,ATX,
13125,1948,fan_size,120,mm
13126,1949,wattage,850,W
13127,1949,efficiency_rating,80PLUS 골드,
13128,1949,modular_type,FULL-MODULAR,
13129,1949,form_factor,ATX,
13130,1949,pcie_connector,"16핀x1,8핀x3",
13131,1949,atx_version,ATX3.1,
13132,1949,fan_size,140,mm
13133,1950,wattage,650,W
13134,1950,efficiency_rating,80PLUS 브론즈,
13135,1950,form_factor,ATX,
13136,1950,pcie_connector,8핀x2,
13137,1950,atx_version,ATX3.1,
13138,1950,fan_size,140,mm
13139,1951,wattage,1000,W
13140,1951,efficiency_rating,80PLUS 골드,
13141,1951,modular_type,FULL-MODULAR,
13142,1951,form_factor,ATX,
13143,1951,pcie_connector,"16핀x1,8핀x3",
13144,1951,atx_version,ATX3.1,
13145,1951,fan_size,140,mm
13146,1952,wattage,650,W
13147,1952,efficiency_rating,80PLUS 브론즈,
13148,1952,form_factor,ATX,
13149,1952,pcie_connector,8핀x2,
13150,1952,atx_version,ATX3.1,
13151,1952,fan_size,140,mm
13152,1953,wattage,850,W
13153,1953,efficiency_rating,80PLUS 브론즈,
13154,1953,form_factor,ATX,
13155,1953,pcie_connector,"16핀x1,8핀x3",
13156,1953,atx_version,ATX3.1,
13157,1953,fan_size,140,mm
13158,1954,wattage,750,W
13159,1954,efficiency_rating,80PLUS 브론즈,
13160,1954,form_factor,ATX,
13161,1954,pcie_connector,"16핀x1,8핀x2",
13162,1954,atx_version,ATX3.1,
13163,1954,fan_size,140,mm
13164,1955,wattage,1000,W
13165,1955,efficiency_rating,80PLUS 골드,
13166,1955,modular_type,FULL-MODULAR,
13167,1955,form_factor,ATX,
13168,1955,pcie_connector,"16핀x1,8핀x3",
13169,1955,atx_version,ATX3.1,
13170,1955,fan_size,140,mm
13171,1956,wattage,1300,W
13172,1956,efficiency_rating,80PLUS 플래티넘,
13173,1956,modular_type,FULL-MODULAR,
13174,1956,form_factor,ATX,
13175,1956,pcie_connector,"16핀x1,8핀x4",
13176,1956,atx_version,ATX3.1,
13177,1956,fan_size,120,mm
13178,1957,wattage,550,W
13179,1957,form_factor,ATX,
13180,1957,pcie_connector,8핀x1,
13181,1957,atx_version,ATX,
13182,1958,wattage,1000,W
13183,1958,efficiency_rating,80PLUS 플래티넘,
13184,1958,modular_type,FULL-MODULAR,
13185,1958,form_factor,ATX,
13186,1958,pcie_connector,"16핀x1,8핀x4",
13187,1958,atx_version,ATX3.1,
13188,1958,fan_size,120,mm
13189,1959,wattage,1300,W
13190,1959,efficiency_rating,80PLUS 플래티넘,
13191,1959,modular_type,FULL-MODULAR,
13192,1959,form_factor,ATX,
13193,1959,pcie_connector,"16핀x1,8핀x4",
13194,1959,atx_version,ATX3.1,
13195,1959,fan_size,120,mm
13196,1960,wattage,1000,W
13197,1960,efficiency_rating,80PLUS 플래티넘,
13198,1960,modular_type,FULL-MODULAR,
13199,1960,form_factor,ATX,
13200,1960,pcie_connector,"16핀x1,8핀x4",
13201,1960,atx_version,ATX3.1,
13202,1960,fan_size,120,mm
13203,1961,wattage,750,W
13204,1961,form_factor,ATX,
13205,1961,pcie_connector,8핀x2,
13206,1961,atx_version,ATX,
13207,1962,wattage,1200,W
13208,1962,efficiency_rating,80PLUS 골드,
13209,1962,modular_type,FULL-MODULAR,
13210,1962,form_factor,ATX,
13211,1962,pcie_connector,"16핀x1,8핀x4",
13212,1962,atx_version,ATX3.1,
13213,1962,fan_size,140,mm
13214,1963,wattage,650,W
13215,1963,form_factor,ATX,
13216,1963,pcie_connector,8핀x2,
13217,1963,atx_version,ATX,
13218,1964,wattage,850,W
13219,1964,efficiency_rating,80PLUS 골드,
13220,1964,modular_type,FULL-MODULAR,
13221,1964,form_factor,ATX,
13222,1964,pcie_connector,"16핀x1,8핀x3",
13223,1964,atx_version,ATX3.1,
13224,1964,fan_size,120,mm
13225,1965,wattage,600,W
13226,1965,form_factor,ATX,
13227,1965,pcie_connector,8핀x2,
13228,1965,atx_version,ATX,
13229,1965,fan_size,120,mm
13230,1966,wattage,1200,W
13231,1966,efficiency_rating,80PLUS 골드,
13232,1966,modular_type,FULL-MODULAR,
13233,1966,form_factor,ATX,
13234,1966,pcie_connector,"16핀x1,8핀x4",
13235,1966,atx_version,ATX3.1,
13236,1966,fan_size,140,mm
13237,1967,wattage,500,W
13238,1967,form_factor,ATX,
13239,1967,pcie_connector,8핀x1,
13240,1967,atx_version,ATX,
13241,1967,fan_size,120,mm
13242,1968,wattage,600,W
13243,1968,form_factor,ATX,
13244,1968,pcie_connector,8핀x2,
13245,1968,atx_version,ATX,
13246,1968,fan_size,120,mm
13247,1969,wattage,700,W
13248,1969,form_factor,ATX,
13249,1969,pcie_connector,8핀x2,
13250,1969,atx_version,ATX,
13251,1969,fan_size,120,mm
13252,1970,wattage,1300,W
13253,1970,efficiency_rating,80PLUS 플래티넘,
13254,1970,modular_type,FULL-MODULAR,
13255,1970,form_factor,ATX,
13256,1970,pcie_connector,"16핀x1,8핀x4",
13257,1970,atx_version,ATX3.0,
13258,1970,fan_size,120,mm
13259,1971,wattage,1300,W
13260,1971,efficiency_rating,80PLUS 플래티넘,
13261,1971,modular_type,FULL-MODULAR,
13262,1971,form_factor,ATX,
13263,1971,pcie_connector,"16핀x1,8핀x4",
13264,1971,atx_version,ATX3.0,
13265,1971,fan_size,120,mm
13266,1972,wattage,750,W
13267,1972,efficiency_rating,80PLUS 골드,
13268,1972,modular_type,FULL-MODULAR,
13269,1972,form_factor,ATX,
13270,1972,pcie_connector,"16핀x1,8핀x3",
13271,1972,atx_version,ATX3.1,
13272,1972,fan_size,120,mm
13273,1973,wattage,800,W
13274,1973,efficiency_rating,80PLUS 브론즈,
13275,1973,form_factor,ATX,
13276,1973,pcie_connector,"16핀x1,8핀x2",
13277,1973,atx_version,ATX,
13278,1973,fan_size,120,mm
13279,1974,wattage,700,W
13280,1974,efficiency_rating,80PLUS 브론즈,
13281,1974,form_factor,ATX,
13282,1974,pcie_connector,"16핀x1,8핀x2",
13283,1974,atx_version,ATX,
13284,1974,fan_size,120,mm
13285,1975,wattage,500,W
13286,1975,form_factor,ATX,
13287,1975,pcie_connector,8핀x2,
13288,1975,atx_version,ATX,
13289,1975,fan_size,120,mm
13290,1976,wattage,800,W
13291,1976,efficiency_rating,80PLUS 브론즈,
13292,1976,form_factor,ATX,
13293,1976,pcie_connector,"16핀x1,8핀x2",
13294,1976,atx_version,ATX,
13295,1976,fan_size,120,mm
13296,1977,wattage,700,W
13297,1977,efficiency_rating,80PLUS 브론즈,
13298,1977,form_factor,ATX,
13299,1977,pcie_connector,"16핀x1,8핀x2",
13300,1977,atx_version,ATX,
13301,1977,fan_size,120,mm
13302,1978,wattage,750,W
13303,1978,efficiency_rating,80PLUS 골드,
13304,1978,modular_type,FULL-MODULAR,
13305,1978,form_factor,ATX,
13306,1978,pcie_connector,8핀x2,
13307,1978,atx_version,ATX,
13308,1978,fan_size,120,mm
13309,1979,wattage,750,W
13310,1979,efficiency_rating,80PLUS 골드,
13311,1979,modular_type,FULL-MODULAR,
13312,1979,form_factor,ATX,
13313,1979,pcie_connector,8핀x6,
13314,1979,atx_version,ATX,
13315,1979,fan_size,120,mm
13316,1980,wattage,750,W
13317,1980,efficiency_rating,80PLUS 골드,
13318,1980,modular_type,FULL-MODULAR,
13319,1980,form_factor,ATX,
13320,1980,pcie_connector,8핀x2,
13321,1980,atx_version,ATX,
13322,1980,fan_size,120,mm
13323,1981,wattage,1000,W
13324,1981,efficiency_rating,80PLUS 플래티넘,
13325,1981,modular_type,FULL-MODULAR,
13326,1981,form_factor,ATX,
13327,1981,pcie_connector,"16핀x1,8핀x4",
13328,1981,atx_version,ATX3.0,
13329,1981,fan_size,120,mm
13330,1982,wattage,750,W
13331,1982,efficiency_rating,80PLUS 골드,
13332,1982,modular_type,FULL-MODULAR,
13333,1982,form_factor,ATX,
13334,1982,pcie_connector,8핀x4,
13335,1982,atx_version,ATX,
13336,1982,fan_size,120,mm
13337,1983,wattage,1000,W
13338,1983,efficiency_rating,80PLUS PLATINUM,
13339,1983,modular_type,FULL-MODULAR,
13340,1983,form_factor,ATX,
13341,1983,atx_version,ATX3.1,
13342,1984,chipset,RTX 3050,
13343,1984,vram_gb,6,GB
13344,1984,vram_type,GDDR6,
13345,1984,recommended_psu_watt,300,W
13346,1984,length_mm,191,mm
13347,1984,performance_tier,보급,
13348,1985,chipset,RTX 3050,
13349,1985,vram_gb,6,GB
13350,1985,vram_type,GDDR6,
13351,1985,recommended_psu_watt,300,W
13352,1985,length_mm,191,mm
13353,1985,performance_tier,보급,
13354,1986,chipset,RTX 3050,
13355,1986,vram_gb,6,GB
13356,1986,vram_type,GDDR6,
13357,1986,recommended_psu_watt,300,W
13358,1986,length_mm,191,mm
13359,1986,performance_tier,보급,
13360,1987,chipset,RTX 3060,
13361,1987,vram_gb,12,GB
13362,1987,vram_type,GDDR6,
13363,1987,recommended_psu_watt,550,W
13364,1987,length_mm,198,mm
13365,1987,performance_tier,중급,
13366,1988,chipset,RTX 3060,
13367,1988,vram_gb,12,GB
13368,1988,vram_type,GDDR6,
13369,1988,recommended_psu_watt,550,W
13370,1988,length_mm,198,mm
13371,1988,performance_tier,중급,
13372,1989,chipset,RTX 3060,
13373,1989,vram_gb,8,GB
13374,1989,vram_type,GDDR6,
13375,1989,recommended_psu_watt,550,W
13376,1989,length_mm,198,mm
13377,1989,performance_tier,중급,
13378,1990,chipset,RTX 3070,
13379,1990,vram_gb,8,GB
13380,1990,vram_type,GDDR6,
13381,1990,recommended_psu_watt,650,W
13382,1990,length_mm,286,mm
13383,1990,performance_tier,고급,
13384,1991,chipset,RTX 4060 TI,
13385,1991,vram_gb,8,GB
13386,1991,vram_type,GDDR6,
13387,1991,recommended_psu_watt,500,W
13388,1991,length_mm,201,mm
13389,1991,performance_tier,중급,
13390,1992,chipset,RTX 4060 TI,
13391,1992,vram_gb,8,GB
13392,1992,vram_type,GDDR6,
13393,1992,recommended_psu_watt,500,W
13394,1992,length_mm,201,mm
13395,1992,performance_tier,중급,
13396,1993,chipset,RTX 4070 SUPER,
13397,1993,vram_gb,12,GB
13398,1993,vram_type,GDDR6X,
13399,1993,recommended_psu_watt,700,W
13400,1993,length_mm,300,mm
13401,1993,performance_tier,고급,
13402,1994,chipset,RTX 4070 SUPER,
13403,1994,vram_gb,12,GB
13404,1994,vram_type,GDDR6X,
13405,1994,recommended_psu_watt,700,W
13406,1994,length_mm,300,mm
13407,1994,performance_tier,고급,
13408,1995,chipset,RTX 5050,
13409,1995,vram_gb,8,GB
13410,1995,vram_type,GDDR6,
13411,1995,recommended_psu_watt,550,W
13412,1995,length_mm,199,mm
13413,1995,performance_tier,보급,
13414,1996,chipset,RTX 5050,
13415,1996,vram_gb,8,GB
13416,1996,vram_type,GDDR6,
13417,1996,recommended_psu_watt,550,W
13418,1996,length_mm,199,mm
13419,1996,performance_tier,보급,
13420,1997,chipset,RTX 5050,
13421,1997,vram_gb,8,GB
13422,1997,vram_type,GDDR6,
13423,1997,tdp_watt,130,W
13424,1997,recommended_psu_watt,550,W
13425,1997,length_mm,280,mm
13426,1997,performance_tier,보급,
13427,1998,chipset,RTX 5050,
13428,1998,vram_gb,8,GB
13429,1998,vram_type,GDDR6,
13430,1998,recommended_psu_watt,550,W
13431,1998,length_mm,182,mm
13432,1998,performance_tier,보급,
13433,1999,chipset,RTX 5050,
13434,1999,vram_gb,8,GB
13435,1999,vram_type,GDDR6,
13436,1999,tdp_watt,130,W
13437,1999,recommended_psu_watt,550,W
13438,1999,length_mm,280,mm
13439,1999,performance_tier,보급,
13440,2000,chipset,RTX 5060,
13441,2000,vram_gb,8,GB
13442,2000,vram_type,GDDR7,
13443,2000,recommended_psu_watt,550,W
13444,2000,length_mm,281,mm
13445,2000,performance_tier,중급,
13446,2001,chipset,RTX 5060,
13447,2001,vram_gb,8,GB
13448,2001,vram_type,GDDR7,
13449,2001,recommended_psu_watt,550,W
13450,2001,length_mm,199,mm
13451,2001,performance_tier,중급,
13452,2002,chipset,RTX 5060,
13453,2002,vram_gb,8,GB
13454,2002,vram_type,GDDR7,
13455,2002,recommended_psu_watt,450,W
13456,2002,length_mm,199,mm
13457,2002,performance_tier,중급,
13458,2003,chipset,RTX 5060,
13459,2003,vram_gb,8,GB
13460,2003,vram_type,GDDR7,
13461,2003,recommended_psu_watt,450,W
13462,2003,length_mm,199,mm
13463,2003,performance_tier,중급,
13464,2004,chipset,RTX 5060,
13465,2004,vram_gb,8,GB
13466,2004,vram_type,GDDR7,
13467,2004,recommended_psu_watt,550,W
13468,2004,length_mm,281,mm
13469,2004,performance_tier,중급,
13470,2005,chipset,RTX 5060,
13471,2005,vram_gb,8,GB
13472,2005,vram_type,GDDR7,
13473,2005,recommended_psu_watt,550,W
13474,2005,length_mm,281,mm
13475,2005,performance_tier,중급,
13476,2006,chipset,RTX 5060,
13477,2006,vram_gb,8,GB
13478,2006,vram_type,GDDR7,
13479,2006,recommended_psu_watt,550,W
13480,2006,length_mm,281,mm
13481,2006,performance_tier,중급,
13482,2007,chipset,RTX 5060,
13483,2007,vram_gb,8,GB
13484,2007,vram_type,GDDR7,
13485,2007,recommended_psu_watt,550,W
13486,2007,length_mm,329,mm
13487,2007,performance_tier,중급,
13488,2008,chipset,RTX 5060,
13489,2008,vram_gb,8,GB
13490,2008,vram_type,GDDR7,
13491,2008,recommended_psu_watt,550,W
13492,2008,length_mm,182,mm
13493,2008,performance_tier,중급,
13494,2009,chipset,RTX 5060,
13495,2009,vram_gb,8,GB
13496,2009,vram_type,GDDR7,
13497,2009,recommended_psu_watt,550,W
13498,2009,length_mm,208,mm
13499,2009,performance_tier,중급,
13500,2010,chipset,RTX 5060,
13501,2010,vram_gb,8,GB
13502,2010,vram_type,GDDR7,
13503,2010,recommended_psu_watt,450,W
13504,2010,length_mm,281,mm
13505,2010,performance_tier,중급,
13506,2011,chipset,RTX 5060,
13507,2011,vram_gb,8,GB
13508,2011,vram_type,GDDR7,
13509,2011,recommended_psu_watt,450,W
13510,2011,length_mm,208,mm
13511,2011,performance_tier,중급,
13512,2012,chipset,RTX 5060,
13513,2012,vram_gb,8,GB
13514,2012,vram_type,GDDR7,
13515,2012,recommended_psu_watt,450,W
13516,2012,length_mm,208,mm
13517,2012,performance_tier,중급,
13518,2013,chipset,RTX 5060,
13519,2013,vram_gb,8,GB
13520,2013,vram_type,GDDR7,
13521,2013,recommended_psu_watt,450,W
13522,2013,length_mm,199,mm
13523,2013,performance_tier,중급,
13524,2014,chipset,RTX 5060,
13525,2014,vram_gb,8,GB
13526,2014,vram_type,GDDR7,
13527,2014,recommended_psu_watt,450,W
13528,2014,length_mm,281,mm
13529,2014,performance_tier,중급,
13530,2015,chipset,RTX 5060,
13531,2015,vram_gb,8,GB
13532,2015,vram_type,GDDR7,
13533,2015,recommended_psu_watt,550,W
13534,2015,length_mm,208,mm
13535,2015,performance_tier,중급,
13536,2016,chipset,RTX 5060,
13537,2016,vram_gb,8,GB
13538,2016,vram_type,GDDR7,
13539,2016,recommended_psu_watt,550,W
13540,2016,length_mm,329,mm
13541,2016,performance_tier,중급,
13542,2017,chipset,RTX 5060,
13543,2017,vram_gb,8,GB
13544,2017,vram_type,GDDR7,
13545,2017,recommended_psu_watt,550,W
13546,2017,length_mm,281,mm
13547,2017,performance_tier,중급,
13548,2018,chipset,RTX 5060,
13549,2018,vram_gb,8,GB
13550,2018,vram_type,GDDR7,
13551,2018,recommended_psu_watt,450,W
13552,2018,length_mm,199,mm
13553,2018,performance_tier,중급,
13554,2019,chipset,RTX 5060,
13555,2019,vram_gb,8,GB
13556,2019,vram_type,GDDR7,
13557,2019,recommended_psu_watt,550,W
13558,2019,length_mm,281,mm
13559,2019,performance_tier,중급,
13560,2020,chipset,RTX 5060,
13561,2020,vram_gb,8,GB
13562,2020,vram_type,GDDR7,
13563,2020,recommended_psu_watt,450,W
13564,2020,length_mm,182,mm
13565,2020,performance_tier,중급,
13566,2021,chipset,RTX 5060,
13567,2021,vram_gb,8,GB
13568,2021,vram_type,GDDR7,
13569,2021,recommended_psu_watt,550,W
13570,2021,length_mm,329,mm
13571,2021,performance_tier,중급,
13572,2022,chipset,RTX 5060,
13573,2022,vram_gb,8,GB
13574,2022,vram_type,GDDR7,
13575,2022,recommended_psu_watt,550,W
13576,2022,length_mm,199,mm
13577,2022,performance_tier,중급,
13578,2023,chipset,RTX 5060,
13579,2023,vram_gb,8,GB
13580,2023,vram_type,GDDR7,
13581,2023,recommended_psu_watt,550,W
13582,2023,length_mm,199,mm
13583,2023,performance_tier,중급,
13584,2024,chipset,RTX 5060,
13585,2024,vram_gb,8,GB
13586,2024,vram_type,GDDR7,
13587,2024,recommended_psu_watt,450,W
13588,2024,length_mm,199,mm
13589,2024,performance_tier,중급,
13590,2025,chipset,RTX 5060 TI,
13591,2025,vram_gb,16,GB
13592,2025,vram_type,GDDR7,
13593,2025,recommended_psu_watt,650,W
13594,2025,length_mm,208,mm
13595,2025,performance_tier,중급,
13596,2026,chipset,RTX 5060 TI,
13597,2026,vram_gb,8,GB
13598,2026,vram_type,GDDR7,
13599,2026,recommended_psu_watt,650,W
13600,2026,length_mm,208,mm
13601,2026,performance_tier,중급,
13602,2027,chipset,RTX 5060 TI,
13603,2027,vram_gb,8,GB
13604,2027,vram_type,GDDR7,
13605,2027,tdp_watt,180,W
13606,2027,recommended_psu_watt,650,W
13607,2027,length_mm,281,mm
13608,2027,performance_tier,중급,
13609,2028,chipset,RTX 5060 TI,
13610,2028,vram_gb,8,GB
13611,2028,vram_type,GDDR7,
13612,2028,recommended_psu_watt,650,W
13613,2028,length_mm,208,mm
13614,2028,performance_tier,중급,
13615,2029,chipset,RTX 5060 TI,
13616,2029,vram_gb,16,GB
13617,2029,vram_type,GDDR7,
13618,2029,recommended_psu_watt,650,W
13619,2029,length_mm,208,mm
13620,2029,performance_tier,중급,
13621,2030,chipset,RTX 5060 TI,
13622,2030,vram_gb,8,GB
13623,2030,vram_type,GDDR7,
13624,2030,recommended_psu_watt,650,W
13625,2030,length_mm,281,mm
13626,2030,performance_tier,중급,
13627,2031,chipset,RTX 5060 TI,
13628,2031,vram_gb,8,GB
13629,2031,vram_type,GDDR7,
13630,2031,tdp_watt,180,W
13631,2031,recommended_psu_watt,650,W
13632,2031,length_mm,281,mm
13633,2031,performance_tier,중급,
13634,2032,chipset,RTX 5060 TI,
13635,2032,vram_gb,8,GB
13636,2032,vram_type,GDDR7,
13637,2032,recommended_psu_watt,650,W
13638,2032,length_mm,281,mm
13639,2032,performance_tier,중급,
13640,2033,chipset,RTX 5060 TI,
13641,2033,vram_gb,8,GB
13642,2033,vram_type,GDDR7,
13643,2033,recommended_psu_watt,650,W
13644,2033,length_mm,208,mm
13645,2033,performance_tier,중급,
13646,2034,chipset,RTX 5060 TI,
13647,2034,vram_gb,8,GB
13648,2034,vram_type,GDDR7,
13649,2034,recommended_psu_watt,650,W
13650,2034,length_mm,215,mm
13651,2034,performance_tier,중급,
13652,2035,chipset,RTX 5060 TI,
13653,2035,vram_gb,8,GB
13654,2035,vram_type,GDDR7,
13655,2035,recommended_psu_watt,650,W
13656,2035,length_mm,215,mm
13657,2035,performance_tier,중급,
13658,2036,chipset,RTX 5060 TI,
13659,2036,vram_gb,8,GB
13660,2036,vram_type,GDDR7,
13661,2036,recommended_psu_watt,650,W
13662,2036,length_mm,281,mm
13663,2036,performance_tier,중급,
13664,2037,chipset,RTX 5060 TI,
13665,2037,vram_gb,16,GB
13666,2037,vram_type,GDDR7,
13667,2037,recommended_psu_watt,650,W
13668,2037,length_mm,281,mm
13669,2037,performance_tier,중급,
13670,2038,chipset,RTX 5060 TI,
13671,2038,vram_gb,8,GB
13672,2038,vram_type,GDDR7,
13673,2038,recommended_psu_watt,650,W
13674,2038,length_mm,208,mm
13675,2038,performance_tier,중급,
13676,2039,chipset,RTX 5060 TI,
13677,2039,vram_gb,8,GB
13678,2039,vram_type,GDDR7,
13679,2039,recommended_psu_watt,650,W
13680,2039,length_mm,215,mm
13681,2039,performance_tier,중급,
13682,2040,chipset,RTX 5060 TI,
13683,2040,vram_gb,8,GB
13684,2040,vram_type,GDDR7,
13685,2040,recommended_psu_watt,650,W
13686,2040,length_mm,281,mm
13687,2040,performance_tier,중급,
13688,2041,chipset,RTX 5060 TI,
13689,2041,vram_gb,8,GB
13690,2041,vram_type,GDDR7,
13691,2041,recommended_psu_watt,650,W
13692,2041,length_mm,215,mm
13693,2041,performance_tier,중급,
13694,2042,chipset,RTX 5060 TI,
13695,2042,vram_gb,8,GB
13696,2042,vram_type,GDDR7,
13697,2042,recommended_psu_watt,650,W
13698,2042,length_mm,208,mm
13699,2042,performance_tier,중급,
13700,2043,chipset,RTX 5060 TI,
13701,2043,vram_gb,8,GB
13702,2043,vram_type,GDDR7,
13703,2043,recommended_psu_watt,650,W
13704,2043,length_mm,208,mm
13705,2043,performance_tier,중급,
13706,2044,chipset,RTX 5060 TI,
13707,2044,vram_gb,16,GB
13708,2044,vram_type,GDDR7,
13709,2044,tdp_watt,180,W
13710,2044,recommended_psu_watt,650,W
13711,2044,length_mm,281,mm
13712,2044,performance_tier,중급,
13713,2045,chipset,RTX 5070,
13714,2045,vram_gb,12,GB
13715,2045,vram_type,GDDR7,
13716,2045,recommended_psu_watt,750,W
13717,2045,length_mm,324,mm
13718,2045,performance_tier,고급,
13719,2046,chipset,RTX 5070,
13720,2046,vram_gb,12,GB
13721,2046,vram_type,GDDR7,
13722,2046,recommended_psu_watt,750,W
13723,2046,length_mm,327,mm
13724,2046,performance_tier,고급,
13725,2047,chipset,RTX 5070,
13726,2047,vram_gb,12,GB
13727,2047,vram_type,GDDR7,
13728,2047,recommended_psu_watt,750,W
13729,2047,length_mm,324,mm
13730,2047,performance_tier,고급,
13731,2048,chipset,RTX 5070,
13732,2048,vram_gb,12,GB
13733,2048,vram_type,GDDR7,
13734,2048,recommended_psu_watt,750,W
13735,2048,length_mm,290,mm
13736,2048,performance_tier,고급,
13737,2049,chipset,RTX 5070,
13738,2049,vram_gb,12,GB
13739,2049,vram_type,GDDR7,
13740,2049,recommended_psu_watt,750,W
13741,2049,length_mm,282,mm
13742,2049,performance_tier,고급,
13743,2050,chipset,RTX 5070,
13744,2050,vram_gb,12,GB
13745,2050,vram_type,GDDR7,
13746,2050,recommended_psu_watt,750,W
13747,2050,length_mm,282,mm
13748,2050,performance_tier,고급,
13749,2051,chipset,RTX 5070,
13750,2051,vram_gb,12,GB
13751,2051,vram_type,GDDR7,
13752,2051,recommended_psu_watt,750,W
13753,2051,length_mm,290,mm
13754,2051,performance_tier,고급,
13755,2052,chipset,RTX 5070,
13756,2052,vram_gb,12,GB
13757,2052,vram_type,GDDR7,
13758,2052,recommended_psu_watt,750,W
13759,2052,length_mm,327,mm
13760,2052,performance_tier,고급,
13761,2053,chipset,RTX 5070,
13762,2053,vram_gb,12,GB
13763,2053,vram_type,GDDR7,
13764,2053,recommended_psu_watt,750,W
13765,2053,length_mm,317,mm
13766,2053,performance_tier,고급,
13767,2054,chipset,RTX 5070,
13768,2054,vram_gb,12,GB
13769,2054,vram_type,GDDR7,
13770,2054,recommended_psu_watt,750,W
13771,2054,length_mm,290,mm
13772,2054,performance_tier,고급,
13773,2055,chipset,RTX 5070,
13774,2055,vram_gb,12,GB
13775,2055,vram_type,GDDR7,
13776,2055,recommended_psu_watt,750,W
13777,2055,length_mm,290,mm
13778,2055,performance_tier,고급,
13779,2056,chipset,RTX 5070,
13780,2056,vram_gb,12,GB
13781,2056,vram_type,GDDR7,
13782,2056,recommended_psu_watt,750,W
13783,2056,length_mm,317,mm
13784,2056,performance_tier,고급,
13785,2057,chipset,RTX 5070,
13786,2057,vram_gb,12,GB
13787,2057,vram_type,GDDR7,
13788,2057,recommended_psu_watt,750,W
13789,2057,length_mm,309,mm
13790,2057,performance_tier,고급,
13791,2058,chipset,RTX 5070,
13792,2058,vram_gb,12,GB
13793,2058,vram_type,GDDR7,
13794,2058,recommended_psu_watt,750,W
13795,2058,length_mm,309,mm
13796,2058,performance_tier,고급,
13797,2059,chipset,RTX 5070 TI,
13798,2059,vram_gb,16,GB
13799,2059,vram_type,GDDR7,
13800,2059,recommended_psu_watt,750,W
13801,2059,length_mm,304,mm
13802,2059,performance_tier,고급,
13803,2060,chipset,RTX 5070 TI,
13804,2060,vram_gb,16,GB
13805,2060,vram_type,GDDR7,
13806,2060,recommended_psu_watt,750,W
13807,2060,length_mm,340,mm
13808,2060,performance_tier,고급,
13809,2061,chipset,RTX 5070 TI,
13810,2061,vram_gb,16,GB
13811,2061,vram_type,GDDR7,
13812,2061,recommended_psu_watt,750,W
13813,2061,length_mm,304,mm
13814,2061,performance_tier,고급,
13815,2062,chipset,RTX 5070 TI,
13816,2062,vram_gb,16,GB
13817,2062,vram_type,GDDR7,
13818,2062,recommended_psu_watt,750,W
13819,2062,length_mm,304,mm
13820,2062,performance_tier,고급,
13821,2063,chipset,RTX 5070 TI,
13822,2063,vram_gb,16,GB
13823,2063,vram_type,GDDR7,
13824,2063,recommended_psu_watt,750,W
13825,2063,length_mm,340,mm
13826,2063,performance_tier,고급,
13827,2064,chipset,RTX 5070 TI,
13828,2064,vram_gb,16,GB
13829,2064,vram_type,GDDR7,
13830,2064,recommended_psu_watt,750,W
13831,2064,length_mm,340,mm
13832,2064,performance_tier,고급,
13833,2065,chipset,RTX 5070 TI,
13834,2065,vram_gb,16,GB
13835,2065,vram_type,GDDR7,
13836,2065,recommended_psu_watt,750,W
13837,2065,length_mm,304,mm
13838,2065,performance_tier,고급,
13839,2066,chipset,RTX 5070 TI,
13840,2066,vram_gb,16,GB
13841,2066,vram_type,GDDR7,
13842,2066,recommended_psu_watt,750,W
13843,2066,length_mm,261,mm
13844,2066,performance_tier,고급,
13845,2067,chipset,RTX 5070 TI,
13846,2067,vram_gb,16,GB
13847,2067,vram_type,GDDR7,
13848,2067,recommended_psu_watt,750,W
13849,2067,length_mm,304,mm
13850,2067,performance_tier,고급,
13851,2068,chipset,RTX 5070 TI,
13852,2068,vram_gb,16,GB
13853,2068,vram_type,GDDR7,
13854,2068,recommended_psu_watt,750,W
13855,2068,length_mm,330,mm
13856,2068,performance_tier,고급,
13857,2069,chipset,RTX 5070 TI,
13858,2069,vram_gb,16,GB
13859,2069,vram_type,GDDR7,
13860,2069,recommended_psu_watt,750,W
13861,2069,length_mm,340,mm
13862,2069,performance_tier,고급,
13863,2070,chipset,RTX 5070 TI,
13864,2070,vram_gb,16,GB
13865,2070,vram_type,GDDR7,
13866,2070,recommended_psu_watt,750,W
13867,2070,length_mm,304,mm
13868,2070,performance_tier,고급,
13869,2071,chipset,RTX 5070 TI,
13870,2071,vram_gb,16,GB
13871,2071,vram_type,GDDR7,
13872,2071,recommended_psu_watt,750,W
13873,2071,length_mm,330,mm
13874,2071,performance_tier,고급,
13875,2072,chipset,RTX 5070 TI,
13876,2072,vram_gb,16,GB
13877,2072,vram_type,GDDR7,
13878,2072,recommended_psu_watt,750,W
13879,2072,length_mm,261,mm
13880,2072,performance_tier,고급,
13881,2073,chipset,RTX 5070 TI,
13882,2073,vram_gb,16,GB
13883,2073,vram_type,GDDR7,
13884,2073,recommended_psu_watt,750,W
13885,2073,length_mm,360,mm
13886,2073,performance_tier,고급,
13887,2074,chipset,RTX 5080,
13888,2074,vram_gb,16,GB
13889,2074,vram_type,GDDR7,
13890,2074,recommended_psu_watt,850,W
13891,2074,length_mm,340,mm
13892,2074,performance_tier,최상급,
13893,2075,chipset,RTX 5080,
13894,2075,vram_gb,16,GB
13895,2075,vram_type,GDDR7,
13896,2075,recommended_psu_watt,850,W
13897,2075,length_mm,360,mm
13898,2075,performance_tier,최상급,
13899,2076,chipset,RTX 5080,
13900,2076,vram_gb,16,GB
13901,2076,vram_type,GDDR7,
13902,2076,recommended_psu_watt,850,W
13903,2076,length_mm,304,mm
13904,2076,performance_tier,최상급,
13905,2077,chipset,RTX 5080,
13906,2077,vram_gb,16,GB
13907,2077,vram_type,GDDR7,
13908,2077,recommended_psu_watt,850,W
13909,2077,length_mm,304,mm
13910,2077,performance_tier,최상급,
13911,2078,chipset,RTX 5080,
13912,2078,vram_gb,16,GB
13913,2078,vram_type,GDDR7,
13914,2078,recommended_psu_watt,850,W
13915,2078,length_mm,360,mm
13916,2078,performance_tier,최상급,
13917,2079,chipset,RTX 5080,
13918,2079,vram_gb,16,GB
13919,2079,vram_type,GDDR7,
13920,2079,recommended_psu_watt,850,W
13921,2079,length_mm,360,mm
13922,2079,performance_tier,최상급,
13923,2080,chipset,RTX 5080,
13924,2080,vram_gb,16,GB
13925,2080,vram_type,GDDR7,
13926,2080,recommended_psu_watt,850,W
13927,2080,length_mm,360,mm
13928,2080,performance_tier,최상급,
13929,2081,chipset,RTX 5080,
13930,2081,vram_gb,16,GB
13931,2081,vram_type,GDDR7,
13932,2081,recommended_psu_watt,850,W
13933,2081,length_mm,340,mm
13934,2081,performance_tier,최상급,
13935,2082,chipset,RTX 5080,
13936,2082,vram_gb,16,GB
13937,2082,vram_type,GDDR7,
13938,2082,recommended_psu_watt,850,W
13939,2082,length_mm,304,mm
13940,2082,performance_tier,최상급,
13941,2083,chipset,RTX 5080,
13942,2083,vram_gb,16,GB
13943,2083,vram_type,GDDR7,
13944,2083,recommended_psu_watt,850,W
13945,2083,length_mm,330,mm
13946,2083,performance_tier,최상급,
13947,2084,chipset,RTX 5080,
13948,2084,vram_gb,16,GB
13949,2084,vram_type,GDDR7,
13950,2084,recommended_psu_watt,850,W
13951,2084,length_mm,304,mm
13952,2084,performance_tier,최상급,
13953,2085,chipset,RTX 5080,
13954,2085,vram_gb,16,GB
13955,2085,vram_type,GDDR7,
13956,2085,recommended_psu_watt,850,W
13957,2085,length_mm,330,mm
13958,2085,performance_tier,최상급,
13959,2086,chipset,RTX 5080,
13960,2086,vram_gb,16,GB
13961,2086,vram_type,GDDR7,
13962,2086,recommended_psu_watt,850,W
13963,2086,length_mm,330,mm
13964,2086,performance_tier,최상급,
13965,2087,chipset,RTX 5080,
13966,2087,vram_gb,16,GB
13967,2087,vram_type,GDDR7,
13968,2087,recommended_psu_watt,850,W
13969,2087,length_mm,330,mm
13970,2087,performance_tier,최상급,
13971,2088,chipset,RTX 5080,
13972,2088,vram_gb,16,GB
13973,2088,vram_type,GDDR7,
13974,2088,recommended_psu_watt,850,W
13975,2088,length_mm,304,mm
13976,2088,performance_tier,최상급,
13977,2089,chipset,RTX 5080,
13978,2089,vram_gb,16,GB
13979,2089,vram_type,GDDR7,
13980,2089,recommended_psu_watt,850,W
13981,2089,length_mm,220,mm
13982,2089,performance_tier,최상급,
13983,2090,chipset,RTX 5080,
13984,2090,vram_gb,16,GB
13985,2090,vram_type,GDDR7,
13986,2090,recommended_psu_watt,850,W
13987,2090,length_mm,304,mm
13988,2090,performance_tier,최상급,
13989,2091,chipset,RTX 5080,
13990,2091,vram_gb,16,GB
13991,2091,vram_type,GDDR7,
13992,2091,recommended_psu_watt,850,W
13993,2091,length_mm,220,mm
13994,2091,performance_tier,최상급,
13995,2092,chipset,RTX 5090,
13996,2092,vram_gb,32,GB
13997,2092,vram_type,GDDR7,
13998,2092,recommended_psu_watt,1000,W
13999,2092,length_mm,360,mm
14000,2092,performance_tier,최상급,
14001,2093,chipset,RTX 5090,
14002,2093,vram_gb,32,GB
14003,2093,vram_type,GDDR7,
14004,2093,recommended_psu_watt,1000,W
14005,2093,length_mm,342,mm
14006,2093,performance_tier,최상급,
14007,2094,chipset,RTX 5090,
14008,2094,vram_gb,32,GB
14009,2094,vram_type,GDDR7,
14010,2094,recommended_psu_watt,1000,W
14011,2094,length_mm,330,mm
14012,2094,performance_tier,최상급,
14013,2095,chipset,RTX 5090,
14014,2095,vram_gb,32,GB
14015,2095,vram_type,GDDR7,
14016,2095,recommended_psu_watt,1000,W
14017,2095,length_mm,360,mm
14018,2095,performance_tier,최상급,
14019,2096,chipset,RTX 5090,
14020,2096,vram_gb,32,GB
14021,2096,vram_type,GDDR7,
14022,2096,recommended_psu_watt,1000,W
14023,2096,length_mm,360,mm
14024,2096,performance_tier,최상급,
14025,2097,chipset,RTX 5090,
14026,2097,vram_gb,32,GB
14027,2097,vram_type,GDDR7,
14028,2097,recommended_psu_watt,1000,W
14029,2097,length_mm,360,mm
14030,2097,performance_tier,최상급,
14031,2098,chipset,RTX 5090,
14032,2098,vram_gb,32,GB
14033,2098,vram_type,GDDR7,
14034,2098,recommended_psu_watt,1000,W
14035,2098,length_mm,342,mm
14036,2098,performance_tier,최상급,
14037,2099,chipset,RTX 5090,
14038,2099,vram_gb,32,GB
14039,2099,vram_type,GDDR7,
14040,2099,recommended_psu_watt,1000,W
14041,2099,length_mm,246,mm
14042,2099,performance_tier,최상급,
14043,2100,chipset,RTX 5090,
14044,2100,vram_gb,32,GB
14045,2100,vram_type,GDDR7,
14046,2100,recommended_psu_watt,1000,W
14047,2100,length_mm,360,mm
14048,2100,performance_tier,최상급,
14049,2101,chipset,RTX 5090,
14050,2101,vram_gb,32,GB
14051,2101,vram_type,GDDR7,
14052,2101,recommended_psu_watt,1000,W
14053,2101,length_mm,360,mm
14054,2101,performance_tier,최상급,
14055,2102,chipset,RTX 5090,
14056,2102,vram_gb,32,GB
14057,2102,vram_type,GDDR7,
14058,2102,recommended_psu_watt,1000,W
14059,2102,length_mm,330,mm
14060,2102,performance_tier,최상급,
14061,2103,chipset,RTX 5090,
14062,2103,vram_gb,32,GB
14063,2103,vram_type,GDDR7,
14064,2103,recommended_psu_watt,1000,W
14065,2103,length_mm,234,mm
14066,2103,performance_tier,최상급,
14067,2104,chipset,RTX 5090,
14068,2104,vram_gb,32,GB
14069,2104,vram_type,GDDR7,
14070,2104,recommended_psu_watt,1000,W
14071,2104,length_mm,342,mm
14072,2104,performance_tier,최상급,
14073,2105,chipset,RTX 5090,
14074,2105,vram_gb,32,GB
14075,2105,vram_type,GDDR7,
14076,2105,recommended_psu_watt,1000,W
14077,2105,length_mm,342,mm
14078,2105,performance_tier,최상급,
14079,2106,chipset,RX 7600,
14080,2106,vram_gb,8,GB
14081,2106,vram_type,GDDR6,
14082,2106,recommended_psu_watt,550,W
14083,2106,length_mm,282,mm
14084,2106,performance_tier,보급,
14085,2107,chipset,RX 9060 XT,
14086,2107,vram_gb,16,GB
14087,2107,vram_type,GDDR6,
14088,2107,tdp_watt,160,W
14089,2107,recommended_psu_watt,450,W
14090,2107,length_mm,281,mm
14091,2107,performance_tier,중급,
14092,2108,chipset,RX 9060 XT,
14093,2108,vram_gb,16,GB
14094,2108,vram_type,GDDR6,
14095,2108,tdp_watt,160,W
14096,2108,recommended_psu_watt,450,W
14097,2108,length_mm,281,mm
14098,2108,performance_tier,중급,
14099,2109,chipset,RX 9060 XT,
14100,2109,vram_gb,16,GB
14101,2109,vram_type,GDDR6,
14102,2109,tdp_watt,160,W
14103,2109,recommended_psu_watt,450,W
14104,2109,length_mm,281,mm
14105,2109,performance_tier,중급,
14106,2110,chipset,RX 9060 XT,
14107,2110,vram_gb,8,GB
14108,2110,vram_type,GDDR6,
14109,2110,tdp_watt,160,W
14110,2110,recommended_psu_watt,450,W
14111,2110,length_mm,281,mm
14112,2110,performance_tier,중급,
14113,2111,chipset,RX 9060 XT,
14114,2111,vram_gb,8,GB
14115,2111,vram_type,GDDR6,
14116,2111,tdp_watt,160,W
14117,2111,recommended_psu_watt,450,W
14118,2111,length_mm,281,mm
14119,2111,performance_tier,중급,
14120,2112,chipset,RX 9060 XT,
14121,2112,vram_gb,8,GB
14122,2112,vram_type,GDDR6,
14123,2112,tdp_watt,160,W
14124,2112,recommended_psu_watt,450,W
14125,2112,length_mm,281,mm
14126,2112,performance_tier,중급,
14127,2113,chipset,RX 9070,
14128,2113,vram_gb,16,GB
14129,2113,vram_type,GDDR6,
14130,2113,recommended_psu_watt,750,W
14131,2113,length_mm,288,mm
14132,2113,performance_tier,고급,
14133,2114,chipset,RX 9070 GRE,
14134,2114,vram_gb,12,GB
14135,2114,vram_type,GDDR6,
14136,2114,recommended_psu_watt,750,W
14137,2114,length_mm,288,mm
14138,2114,performance_tier,고급,
14139,2115,chipset,RX 9070 GRE,
14140,2115,vram_gb,12,GB
14141,2115,vram_type,GDDR6,
14142,2115,recommended_psu_watt,750,W
14143,2115,length_mm,288,mm
14144,2115,performance_tier,고급,
14145,2116,chipset,RX 9070 XT,
14146,2116,vram_gb,16,GB
14147,2116,vram_type,GDDR6,
14148,2116,recommended_psu_watt,850,W
14149,2116,length_mm,288,mm
14150,2116,performance_tier,고급,
14151,2117,chipset,RX 9070 XT,
14152,2117,vram_gb,16,GB
14153,2117,vram_type,GDDR6,
14154,2117,recommended_psu_watt,850,W
14155,2117,length_mm,288,mm
14156,2117,performance_tier,고급,
14157,2118,chipset,RX 9070 XT,
14158,2118,vram_gb,16,GB
14159,2118,vram_type,GDDR6,
14160,2118,recommended_psu_watt,850,W
14161,2118,length_mm,288,mm
14162,2118,performance_tier,고급,
14163,2119,chipset,RX 9070 XT,
14164,2119,vram_gb,16,GB
14165,2119,vram_type,GDDR6,
14166,2119,recommended_psu_watt,850,W
14167,2119,length_mm,288,mm
14168,2119,performance_tier,고급,
14169,2120,chipset,RTX 3050,
14170,2120,vram_gb,6,GB
14171,2120,vram_type,GDDR6,
14172,2120,recommended_psu_watt,450,W
14173,2120,length_mm,201,mm
14174,2120,performance_tier,보급,
14175,2121,chipset,RTX 3050,
14176,2121,vram_gb,6,GB
14177,2121,vram_type,GDDR6,
14178,2121,recommended_psu_watt,450,W
14179,2121,length_mm,201,mm
14180,2121,performance_tier,보급,
14181,2122,chipset,RTX 3050,
14182,2122,vram_gb,6,GB
14183,2122,vram_type,GDDR6,
14184,2122,recommended_psu_watt,450,W
14185,2122,length_mm,201,mm
14186,2122,performance_tier,보급,
14187,2123,chipset,RTX 3050,
14188,2123,vram_gb,6,GB
14189,2123,vram_type,GDDR6,
14190,2123,recommended_psu_watt,450,W
14191,2123,length_mm,201,mm
14192,2123,performance_tier,보급,
14193,2124,chipset,RTX 3050,
14194,2124,vram_gb,6,GB
14195,2124,vram_type,GDDR6,
14196,2124,recommended_psu_watt,450,W
14197,2124,length_mm,201,mm
14198,2124,performance_tier,보급,
14199,2125,chipset,RTX 3060,
14200,2125,vram_gb,12,GB
14201,2125,vram_type,GDDR6,
14202,2125,recommended_psu_watt,650,W
14203,2125,length_mm,177,mm
14204,2125,performance_tier,중급,
14205,2126,chipset,RTX 3060 TI,
14206,2126,vram_gb,8,GB
14207,2126,vram_type,GDDR6,
14208,2126,recommended_psu_watt,750,W
14209,2126,length_mm,200,mm
14210,2126,performance_tier,중급,
14211,2127,chipset,RTX 3060 TI,
14212,2127,vram_gb,8,GB
14213,2127,vram_type,GDDR6,
14214,2127,recommended_psu_watt,750,W
14215,2127,length_mm,318.5,mm
14216,2127,performance_tier,중급,
14217,2128,chipset,RTX 3060 TI,
14218,2128,vram_gb,8,GB
14219,2128,vram_type,GDDR6,
14220,2128,recommended_psu_watt,750,W
14221,2128,length_mm,301,mm
14222,2128,performance_tier,중급,
14223,2129,chipset,RTX 3080,
14224,2129,vram_gb,10,GB
14225,2129,vram_type,GDDR6X,
14226,2129,recommended_psu_watt,750,W
14227,2129,length_mm,318.5,mm
14228,2129,performance_tier,최상급,
14229,2130,chipset,RTX 5050,
14230,2130,vram_gb,8,GB
14231,2130,vram_type,GDDR6,
14232,2130,tdp_watt,130,W
14233,2130,recommended_psu_watt,550,W
14234,2130,length_mm,203,mm
14235,2130,performance_tier,보급,
14236,2131,chipset,RTX 5050,
14237,2131,vram_gb,8,GB
14238,2131,vram_type,GDDR6,
14239,2131,tdp_watt,130,W
14240,2131,recommended_psu_watt,550,W
14241,2131,length_mm,203,mm
14242,2131,performance_tier,보급,
14243,2132,chipset,RTX 5050,
14244,2132,vram_gb,8,GB
14245,2132,vram_type,GDDR6,
14246,2132,tdp_watt,130,W
14247,2132,recommended_psu_watt,550,W
14248,2132,length_mm,203,mm
14249,2132,performance_tier,보급,
14250,2133,chipset,RTX 5050,
14251,2133,vram_gb,8,GB
14252,2133,vram_type,GDDR6,
14253,2133,tdp_watt,130,W
14254,2133,recommended_psu_watt,550,W
14255,2133,length_mm,203,mm
14256,2133,performance_tier,보급,
14257,2134,chipset,RTX 5060,
14258,2134,vram_gb,8,GB
14259,2134,vram_type,GDDR7,
14260,2134,recommended_psu_watt,550,W
14261,2134,length_mm,228,mm
14262,2134,performance_tier,중급,
14263,2135,chipset,RTX 5060,
14264,2135,vram_gb,8,GB
14265,2135,vram_type,GDDR7,
14266,2135,recommended_psu_watt,550,W
14267,2135,length_mm,225,mm
14268,2135,performance_tier,중급,
14269,2136,chipset,RTX 5060,
14270,2136,vram_gb,8,GB
14271,2136,vram_type,GDDR7,
14272,2136,recommended_psu_watt,550,W
14273,2136,length_mm,228,mm
14274,2136,performance_tier,중급,
14275,2137,chipset,RTX 5060,
14276,2137,vram_gb,8,GB
14277,2137,vram_type,GDDR7,
14278,2137,recommended_psu_watt,550,W
14279,2137,length_mm,228,mm
14280,2137,performance_tier,중급,
14281,2138,chipset,RTX 5060,
14282,2138,vram_gb,8,GB
14283,2138,vram_type,GDDR7,
14284,2138,recommended_psu_watt,550,W
14285,2138,length_mm,225,mm
14286,2138,performance_tier,중급,
14287,2139,chipset,RTX 5060,
14288,2139,vram_gb,8,GB
14289,2139,vram_type,GDDR7,
14290,2139,recommended_psu_watt,550,W
14291,2139,length_mm,225,mm
14292,2139,performance_tier,중급,
14293,2140,chipset,RTX 5060,
14294,2140,vram_gb,8,GB
14295,2140,vram_type,GDDR7,
14296,2140,recommended_psu_watt,550,W
14297,2140,length_mm,268.3,mm
14298,2140,performance_tier,중급,
14299,2141,chipset,RTX 5060,
14300,2141,vram_gb,8,GB
14301,2141,vram_type,GDDR7,
14302,2141,recommended_psu_watt,550,W
14303,2141,length_mm,228,mm
14304,2141,performance_tier,중급,
14305,2142,chipset,RTX 5060,
14306,2142,vram_gb,8,GB
14307,2142,vram_type,GDDR7,
14308,2142,recommended_psu_watt,550,W
14309,2142,length_mm,228,mm
14310,2142,performance_tier,중급,
14311,2143,chipset,RTX 5060,
14312,2143,vram_gb,8,GB
14313,2143,vram_type,GDDR7,
14314,2143,recommended_psu_watt,550,W
14315,2143,length_mm,228,mm
14316,2143,performance_tier,중급,
14317,2144,chipset,RTX 5060,
14318,2144,vram_gb,8,GB
14319,2144,vram_type,GDDR7,
14320,2144,recommended_psu_watt,550,W
14321,2144,length_mm,268.3,mm
14322,2144,performance_tier,중급,
14323,2145,chipset,RTX 5060 TI,
14324,2145,vram_gb,8,GB
14325,2145,vram_type,GDDR7,
14326,2145,recommended_psu_watt,550,W
14327,2145,length_mm,229,mm
14328,2145,performance_tier,중급,
14329,2146,chipset,RTX 5060 TI,
14330,2146,vram_gb,8,GB
14331,2146,vram_type,GDDR7,
14332,2146,recommended_psu_watt,550,W
14333,2146,length_mm,269,mm
14334,2146,performance_tier,중급,
14335,2147,chipset,RTX 5060 TI,
14336,2147,vram_gb,16,GB
14337,2147,vram_type,GDDR7,
14338,2147,recommended_psu_watt,550,W
14339,2147,length_mm,229,mm
14340,2147,performance_tier,중급,
14341,2148,chipset,RTX 5060 TI,
14342,2148,vram_gb,8,GB
14343,2148,vram_type,GDDR7,
14344,2148,recommended_psu_watt,550,W
14345,2148,length_mm,229,mm
14346,2148,performance_tier,중급,
14347,2149,chipset,RTX 5060 TI,
14348,2149,vram_gb,16,GB
14349,2149,vram_type,GDDR7,
14350,2149,recommended_psu_watt,550,W
14351,2149,length_mm,229,mm
14352,2149,performance_tier,중급,
14353,2150,chipset,RTX 5060 TI,
14354,2150,vram_gb,8,GB
14355,2150,vram_type,GDDR7,
14356,2150,recommended_psu_watt,550,W
14357,2150,length_mm,302,mm
14358,2150,performance_tier,중급,
14359,2151,chipset,RTX 5060 TI,
14360,2151,vram_gb,8,GB
14361,2151,vram_type,GDDR7,
14362,2151,recommended_psu_watt,550,W
14363,2151,length_mm,229,mm
14364,2151,performance_tier,중급,
14365,2152,chipset,RTX 5060 TI,
14366,2152,vram_gb,8,GB
14367,2152,vram_type,GDDR7,
14368,2152,recommended_psu_watt,550,W
14369,2152,length_mm,229,mm
14370,2152,performance_tier,중급,
14371,2153,chipset,RTX 5060 TI,
14372,2153,vram_gb,16,GB
14373,2153,vram_type,GDDR7,
14374,2153,recommended_psu_watt,550,W
14375,2153,length_mm,229,mm
14376,2153,performance_tier,중급,
14377,2154,chipset,RTX 5060 TI,
14378,2154,vram_gb,8,GB
14379,2154,vram_type,GDDR7,
14380,2154,recommended_psu_watt,550,W
14381,2154,length_mm,304,mm
14382,2154,performance_tier,중급,
14383,2155,chipset,RTX 5060 TI,
14384,2155,vram_gb,8,GB
14385,2155,vram_type,GDDR7,
14386,2155,recommended_psu_watt,550,W
14387,2155,length_mm,304,mm
14388,2155,performance_tier,중급,
14389,2156,chipset,RTX 5060 TI,
14390,2156,vram_gb,8,GB
14391,2156,vram_type,GDDR7,
14392,2156,recommended_psu_watt,550,W
14393,2156,length_mm,269,mm
14394,2156,performance_tier,중급,
14395,2157,chipset,RTX 5070,
14396,2157,vram_gb,12,GB
14397,2157,vram_type,GDDR7,
14398,2157,recommended_psu_watt,750,W
14399,2157,length_mm,249,mm
14400,2157,performance_tier,고급,
14401,2158,chipset,RTX 5070,
14402,2158,vram_gb,12,GB
14403,2158,vram_type,GDDR7,
14404,2158,recommended_psu_watt,750,W
14405,2158,length_mm,304,mm
14406,2158,performance_tier,고급,
14407,2159,chipset,RTX 5070,
14408,2159,vram_gb,12,GB
14409,2159,vram_type,GDDR7,
14410,2159,recommended_psu_watt,750,W
14411,2159,length_mm,305,mm
14412,2159,performance_tier,고급,
14413,2160,chipset,RTX 5070,
14414,2160,vram_gb,12,GB
14415,2160,vram_type,GDDR7,
14416,2160,recommended_psu_watt,750,W
14417,2160,length_mm,304,mm
14418,2160,performance_tier,고급,
14419,2161,chipset,RTX 5070,
14420,2161,vram_gb,12,GB
14421,2161,vram_type,GDDR7,
14422,2161,recommended_psu_watt,750,W
14423,2161,length_mm,304,mm
14424,2161,performance_tier,고급,
14425,2162,chipset,RTX 5070,
14426,2162,vram_gb,12,GB
14427,2162,vram_type,GDDR7,
14428,2162,recommended_psu_watt,750,W
14429,2162,length_mm,249,mm
14430,2162,performance_tier,고급,
14431,2163,chipset,RTX 5070,
14432,2163,vram_gb,12,GB
14433,2163,vram_type,GDDR7,
14434,2163,recommended_psu_watt,750,W
14435,2163,length_mm,304,mm
14436,2163,performance_tier,고급,
14437,2164,chipset,RTX 5070,
14438,2164,vram_gb,12,GB
14439,2164,vram_type,GDDR7,
14440,2164,recommended_psu_watt,750,W
14441,2164,length_mm,304,mm
14442,2164,performance_tier,고급,
14443,2165,chipset,RTX 5070,
14444,2165,vram_gb,12,GB
14445,2165,vram_type,GDDR7,
14446,2165,recommended_psu_watt,750,W
14447,2165,length_mm,249,mm
14448,2165,performance_tier,고급,
14449,2166,chipset,RTX 5070,
14450,2166,vram_gb,12,GB
14451,2166,vram_type,GDDR7,
14452,2166,recommended_psu_watt,750,W
14453,2166,length_mm,304,mm
14454,2166,performance_tier,고급,
14455,2167,chipset,RTX 5070,
14456,2167,vram_gb,12,GB
14457,2167,vram_type,GDDR7,
14458,2167,recommended_psu_watt,750,W
14459,2167,length_mm,305,mm
14460,2167,performance_tier,고급,
14461,2168,chipset,RTX 5070,
14462,2168,vram_gb,12,GB
14463,2168,vram_type,GDDR7,
14464,2168,recommended_psu_watt,750,W
14465,2168,length_mm,329,mm
14466,2168,performance_tier,고급,
14467,2169,chipset,RTX 5070 TI,
14468,2169,vram_gb,16,GB
14469,2169,vram_type,GDDR7,
14470,2169,recommended_psu_watt,750,W
14471,2169,length_mm,304,mm
14472,2169,performance_tier,고급,
14473,2170,chipset,RTX 5070 TI,
14474,2170,vram_gb,16,GB
14475,2170,vram_type,GDDR7,
14476,2170,recommended_psu_watt,750,W
14477,2170,length_mm,304,mm
14478,2170,performance_tier,고급,
14479,2171,chipset,RTX 5070 TI,
14480,2171,vram_gb,16,GB
14481,2171,vram_type,GDDR7,
14482,2171,recommended_psu_watt,750,W
14483,2171,length_mm,304,mm
14484,2171,performance_tier,고급,
14485,2172,chipset,RTX 5070 TI,
14486,2172,vram_gb,16,GB
14487,2172,vram_type,GDDR7,
14488,2172,recommended_psu_watt,750,W
14489,2172,length_mm,304,mm
14490,2172,performance_tier,고급,
14491,2173,chipset,RTX 5070 TI,
14492,2173,vram_gb,16,GB
14493,2173,vram_type,GDDR7,
14494,2173,recommended_psu_watt,750,W
14495,2173,length_mm,304,mm
14496,2173,performance_tier,고급,
14497,2174,chipset,RTX 5070 TI,
14498,2174,vram_gb,16,GB
14499,2174,vram_type,GDDR7,
14500,2174,recommended_psu_watt,850,W
14501,2174,length_mm,332,mm
14502,2174,performance_tier,고급,
14503,2175,chipset,RTX 5070 TI,
14504,2175,vram_gb,16,GB
14505,2175,vram_type,GDDR7,
14506,2175,recommended_psu_watt,850,W
14507,2175,length_mm,329,mm
14508,2175,performance_tier,고급,
14509,2176,chipset,RTX 5080,
14510,2176,vram_gb,16,GB
14511,2176,vram_type,GDDR7,
14512,2176,recommended_psu_watt,850,W
14513,2176,length_mm,357.6,mm
14514,2176,performance_tier,최상급,
14515,2177,chipset,RTX 5080,
14516,2177,vram_gb,16,GB
14517,2177,vram_type,GDDR7,
14518,2177,recommended_psu_watt,850,W
14519,2177,length_mm,304,mm
14520,2177,performance_tier,최상급,
14521,2178,chipset,RTX 5080,
14522,2178,vram_gb,16,GB
14523,2178,vram_type,GDDR7,
14524,2178,recommended_psu_watt,850,W
14525,2178,length_mm,306,mm
14526,2178,performance_tier,최상급,
14527,2179,chipset,RTX 5080,
14528,2179,vram_gb,16,GB
14529,2179,vram_type,GDDR7,
14530,2179,recommended_psu_watt,850,W
14531,2179,length_mm,357.6,mm
14532,2179,performance_tier,최상급,
14533,2180,chipset,RTX 5080,
14534,2180,vram_gb,16,GB
14535,2180,vram_type,GDDR7,
14536,2180,recommended_psu_watt,850,W
14537,2180,length_mm,304,mm
14538,2180,performance_tier,최상급,
14539,2181,chipset,RTX 5080,
14540,2181,vram_gb,16,GB
14541,2181,vram_type,GDDR7,
14542,2181,recommended_psu_watt,850,W
14543,2181,length_mm,304,mm
14544,2181,performance_tier,최상급,
14545,2182,chipset,RTX 5080,
14546,2182,vram_gb,16,GB
14547,2182,vram_type,GDDR7,
14548,2182,recommended_psu_watt,850,W
14549,2182,length_mm,357.6,mm
14550,2182,performance_tier,최상급,
14551,2183,chipset,RTX 5080,
14552,2183,vram_gb,16,GB
14553,2183,vram_type,GDDR7,
14554,2183,recommended_psu_watt,850,W
14555,2183,length_mm,306,mm
14556,2183,performance_tier,최상급,
14557,2184,chipset,RTX 5080,
14558,2184,vram_gb,16,GB
14559,2184,vram_type,GDDR7,
14560,2184,recommended_psu_watt,850,W
14561,2184,length_mm,348,mm
14562,2184,performance_tier,최상급,
14563,2185,chipset,RTX 5080,
14564,2185,vram_gb,16,GB
14565,2185,vram_type,GDDR7,
14566,2185,recommended_psu_watt,850,W
14567,2185,length_mm,348,mm
14568,2185,performance_tier,최상급,
14569,2186,chipset,RTX 5080,
14570,2186,vram_gb,16,GB
14571,2186,vram_type,GDDR7,
14572,2186,recommended_psu_watt,850,W
14573,2186,length_mm,304,mm
14574,2186,performance_tier,최상급,
14575,2187,chipset,RTX 5080,
14576,2187,vram_gb,16,GB
14577,2187,vram_type,GDDR7,
14578,2187,recommended_psu_watt,850,W
14579,2187,length_mm,304,mm
14580,2187,performance_tier,최상급,
14581,2188,chipset,RTX 5080,
14582,2188,vram_gb,16,GB
14583,2188,vram_type,GDDR7,
14584,2188,recommended_psu_watt,850,W
14585,2188,length_mm,306,mm
14586,2188,performance_tier,최상급,
14587,2189,chipset,RTX 5090,
14588,2189,vram_gb,32,GB
14589,2189,vram_type,GDDR7,
14590,2189,recommended_psu_watt,850,W
14591,2189,length_mm,357.6,mm
14592,2189,performance_tier,최상급,
14593,2190,chipset,RTX 5090,
14594,2190,vram_gb,32,GB
14595,2190,vram_type,GDDR7,
14596,2190,recommended_psu_watt,850,W
14597,2190,length_mm,357.6,mm
14598,2190,performance_tier,최상급,
14599,2191,chipset,RTX 5090,
14600,2191,vram_gb,32,GB
14601,2191,vram_type,GDDR7,
14602,2191,recommended_psu_watt,850,W
14603,2191,length_mm,357.6,mm
14604,2191,performance_tier,최상급,
14605,2192,chipset,RTX 5090,
14606,2192,vram_gb,32,GB
14607,2192,vram_type,GDDR7,
14608,2192,recommended_psu_watt,1000,W
14609,2192,length_mm,288.5,mm
14610,2192,performance_tier,최상급,
14611,2193,chipset,RTX 5090,
14612,2193,vram_gb,32,GB
14613,2193,vram_type,GDDR7,
14614,2193,recommended_psu_watt,1000,W
14615,2193,length_mm,357.6,mm
14616,2193,performance_tier,최상급,
14617,2194,chipset,RTX 5090,
14618,2194,vram_gb,32,GB
14619,2194,vram_type,GDDR7,
14620,2194,recommended_psu_watt,1000,W
14621,2194,length_mm,357.6,mm
14622,2194,performance_tier,최상급,
14623,2195,chipset,RTX 5090,
14624,2195,vram_gb,32,GB
14625,2195,vram_type,GDDR7,
14626,2195,recommended_psu_watt,1000,W
14627,2195,length_mm,288.5,mm
14628,2195,performance_tier,최상급,
14629,2196,chipset,RTX 5090,
14630,2196,vram_gb,32,GB
14631,2196,vram_type,GDDR7,
14632,2196,recommended_psu_watt,1000,W
14633,2196,length_mm,348,mm
14634,2196,performance_tier,최상급,
14635,2197,chipset,RTX 5090,
14636,2197,vram_gb,32,GB
14637,2197,vram_type,GDDR7,
14638,2197,recommended_psu_watt,1000,W
14639,2197,length_mm,348,mm
14640,2197,performance_tier,최상급,
14641,2198,chipset,RTX 5090,
14642,2198,vram_gb,32,GB
14643,2198,vram_type,GDDR7,
14644,2198,recommended_psu_watt,850,W
14645,2198,length_mm,357.6,mm
14646,2198,performance_tier,최상급,
14647,2199,chipset,RTX 5090,
14648,2199,vram_gb,32,GB
14649,2199,vram_type,GDDR7,
14650,2199,recommended_psu_watt,1000,W
14651,2199,length_mm,348,mm
14652,2199,performance_tier,최상급,
14653,2200,chipset,RTX 5090,
14654,2200,vram_gb,32,GB
14655,2200,vram_type,GDDR7,
14656,2200,recommended_psu_watt,1000,W
14657,2200,length_mm,348,mm
14658,2200,performance_tier,최상급,
14659,2201,chipset,RTX 5090,
14660,2201,vram_gb,32,GB
14661,2201,vram_type,GDDR7,
14662,2201,recommended_psu_watt,1000,W
14663,2201,length_mm,348,mm
14664,2201,performance_tier,최상급,
14665,2202,chipset,RX 7600,
14666,2202,vram_gb,8,GB
14667,2202,vram_type,GDDR6,
14668,2202,recommended_psu_watt,550,W
14669,2202,length_mm,229,mm
14670,2202,performance_tier,보급,
14671,2203,chipset,RX 9060,
14672,2203,vram_gb,8,GB
14673,2203,vram_type,GDDR6,
14674,2203,tdp_watt,132,W
14675,2203,recommended_psu_watt,550,W
14676,2203,length_mm,202,mm
14677,2203,performance_tier,중급,
14678,2204,chipset,RX 9060,
14679,2204,vram_gb,8,GB
14680,2204,vram_type,GDDR6,
14681,2204,tdp_watt,132,W
14682,2204,recommended_psu_watt,550,W
14683,2204,length_mm,202,mm
14684,2204,performance_tier,중급,
14685,2205,chipset,RX 9060 XT,
14686,2205,vram_gb,16,GB
14687,2205,vram_type,GDDR6,
14688,2205,recommended_psu_watt,550,W
14689,2205,length_mm,202,mm
14690,2205,performance_tier,중급,
14691,2206,chipset,RX 9060 XT,
14692,2206,vram_gb,16,GB
14693,2206,vram_type,GDDR6,
14694,2206,tdp_watt,160,W
14695,2206,recommended_psu_watt,550,W
14696,2206,length_mm,304,mm
14697,2206,performance_tier,중급,
14698,2207,chipset,RX 9060 XT,
14699,2207,vram_gb,8,GB
14700,2207,vram_type,GDDR6,
14701,2207,tdp_watt,160,W
14702,2207,recommended_psu_watt,550,W
14703,2207,length_mm,304,mm
14704,2207,performance_tier,중급,
14705,2208,chipset,RX 9060 XT,
14706,2208,vram_gb,16,GB
14707,2208,vram_type,GDDR6,
14708,2208,tdp_watt,160,W
14709,2208,recommended_psu_watt,550,W
14710,2208,length_mm,304,mm
14711,2208,performance_tier,중급,
14712,2209,chipset,RX 9060 XT,
14713,2209,vram_gb,8,GB
14714,2209,vram_type,GDDR6,
14715,2209,recommended_psu_watt,550,W
14716,2209,length_mm,202,mm
14717,2209,performance_tier,중급,
14718,2210,chipset,RX 9060 XT,
14719,2210,vram_gb,16,GB
14720,2210,vram_type,GDDR6,
14721,2210,recommended_psu_watt,550,W
14722,2210,length_mm,304,mm
14723,2210,performance_tier,중급,
14724,2211,chipset,RX 9070,
14725,2211,vram_gb,16,GB
14726,2211,vram_type,GDDR6,
14727,2211,recommended_psu_watt,650,W
14728,2211,length_mm,304,mm
14729,2211,performance_tier,고급,
14730,2212,chipset,RX 9070 GRE,
14731,2212,vram_gb,12,GB
14732,2212,vram_type,GDDR6,
14733,2212,recommended_psu_watt,650,W
14734,2212,length_mm,304,mm
14735,2212,performance_tier,고급,
14736,2213,chipset,RX 9070 XT,
14737,2213,vram_gb,16,GB
14738,2213,vram_type,GDDR6,
14739,2213,recommended_psu_watt,750,W
14740,2213,length_mm,312,mm
14741,2213,performance_tier,고급,
14742,2214,chipset,RX 9070 XT,
14743,2214,vram_gb,16,GB
14744,2214,vram_type,GDDR6,
14745,2214,recommended_psu_watt,750,W
14746,2214,length_mm,312,mm
14747,2214,performance_tier,고급,
14748,2215,chipset,RX 9070 XT,
14749,2215,vram_gb,16,GB
14750,2215,vram_type,GDDR6,
14751,2215,recommended_psu_watt,750,W
14752,2215,length_mm,312,mm
14753,2215,performance_tier,고급,
14754,2216,chipset,RTX 3050,
14755,2216,vram_gb,6,GB
14756,2216,vram_type,GDDR6,
14757,2216,tdp_watt,70,W
14758,2216,recommended_psu_watt,300,W
14759,2216,length_mm,189,mm
14760,2216,performance_tier,보급,
14761,2217,chipset,RTX 3050,
14762,2217,vram_gb,8,GB
14763,2217,vram_type,GDDR6,
14764,2217,tdp_watt,115,W
14765,2217,recommended_psu_watt,500,W
14766,2217,length_mm,205,mm
14767,2217,performance_tier,보급,
14768,2218,chipset,RTX 3050,
14769,2218,vram_gb,6,GB
14770,2218,vram_type,GDDR6,
14771,2218,tdp_watt,70,W
14772,2218,recommended_psu_watt,300,W
14773,2218,length_mm,189,mm
14774,2218,performance_tier,보급,
14775,2219,chipset,RTX 3060,
14776,2219,vram_gb,12,GB
14777,2219,vram_type,GDDR6,
14778,2219,recommended_psu_watt,550,W
14779,2219,length_mm,235,mm
14780,2219,performance_tier,중급,
14781,2220,chipset,RTX 3060,
14782,2220,vram_gb,12,GB
14783,2220,vram_type,GDDR6,
14784,2220,recommended_psu_watt,550,W
14785,2220,length_mm,235,mm
14786,2220,performance_tier,중급,
14787,2221,chipset,RTX 3060 TI,
14788,2221,vram_gb,8,GB
14789,2221,vram_type,GDDR6X,
14790,2221,recommended_psu_watt,600,W
14791,2221,length_mm,323,mm
14792,2221,performance_tier,중급,
14793,2222,chipset,RTX 3070,
14794,2222,vram_gb,8,GB
14795,2222,vram_type,GDDR6,
14796,2222,recommended_psu_watt,650,W
14797,2222,length_mm,323,mm
14798,2222,performance_tier,고급,
14799,2223,chipset,RTX 4060,
14800,2223,vram_gb,8,GB
14801,2223,vram_type,GDDR6,
14802,2223,tdp_watt,115,W
14803,2223,recommended_psu_watt,550,W
14804,2223,length_mm,199,mm
14805,2223,performance_tier,중급,
14806,2224,chipset,RTX 4070 SUPER,
14807,2224,vram_gb,12,GB
14808,2224,vram_type,GDDR6X,
14809,2224,tdp_watt,245,W
14810,2224,recommended_psu_watt,650,W
14811,2224,length_mm,307,mm
14812,2224,performance_tier,고급,
14813,2225,chipset,RTX 5050,
14814,2225,vram_gb,8,GB
14815,2225,vram_type,GDDR6,
14816,2225,tdp_watt,130,W
14817,2225,recommended_psu_watt,550,W
14818,2225,length_mm,197,mm
14819,2225,performance_tier,보급,
14820,2226,chipset,RTX 5050,
14821,2226,vram_gb,8,GB
14822,2226,vram_type,GDDR6,
14823,2226,tdp_watt,130,W
14824,2226,recommended_psu_watt,550,W
14825,2226,length_mm,197,mm
14826,2226,performance_tier,보급,
14827,2227,chipset,RTX 5060,
14828,2227,vram_gb,8,GB
14829,2227,vram_type,GDDR7,
14830,2227,tdp_watt,145,W
14831,2227,recommended_psu_watt,550,W
14832,2227,length_mm,197,mm
14833,2227,performance_tier,중급,
14834,2228,chipset,RTX 5060,
14835,2228,vram_gb,8,GB
14836,2228,vram_type,GDDR7,
14837,2228,tdp_watt,145,W
14838,2228,recommended_psu_watt,550,W
14839,2228,length_mm,197,mm
14840,2228,performance_tier,중급,
14841,2229,chipset,RTX 5060,
14842,2229,vram_gb,8,GB
14843,2229,vram_type,GDDR7,
14844,2229,tdp_watt,145,W
14845,2229,recommended_psu_watt,550,W
14846,2229,length_mm,197,mm
14847,2229,performance_tier,중급,
14848,2230,chipset,RTX 5060,
14849,2230,vram_gb,8,GB
14850,2230,vram_type,GDDR7,
14851,2230,tdp_watt,155,W
14852,2230,recommended_psu_watt,550,W
14853,2230,length_mm,248,mm
14854,2230,performance_tier,중급,
14855,2231,chipset,RTX 5060 TI,
14856,2231,vram_gb,8,GB
14857,2231,vram_type,GDDR7,
14858,2231,tdp_watt,180,W
14859,2231,recommended_psu_watt,600,W
14860,2231,length_mm,227,mm
14861,2231,performance_tier,중급,
14862,2232,chipset,RTX 5060 TI,
14863,2232,vram_gb,16,GB
14864,2232,vram_type,GDDR7,
14865,2232,tdp_watt,180,W
14866,2232,recommended_psu_watt,600,W
14867,2232,length_mm,227,mm
14868,2232,performance_tier,중급,
14869,2233,chipset,RTX 5060 TI,
14870,2233,vram_gb,16,GB
14871,2233,vram_type,GDDR7,
14872,2233,tdp_watt,180,W
14873,2233,recommended_psu_watt,600,W
14874,2233,length_mm,226,mm
14875,2233,performance_tier,중급,
14876,2234,chipset,RTX 5060 TI,
14877,2234,vram_gb,16,GB
14878,2234,vram_type,GDDR7,
14879,2234,tdp_watt,180,W
14880,2234,recommended_psu_watt,600,W
14881,2234,length_mm,247,mm
14882,2234,performance_tier,중급,
14883,2235,chipset,RTX 5060 TI,
14884,2235,vram_gb,8,GB
14885,2235,vram_type,GDDR7,
14886,2235,tdp_watt,180,W
14887,2235,recommended_psu_watt,600,W
14888,2235,length_mm,226,mm
14889,2235,performance_tier,중급,
14890,2236,chipset,RTX 5060 TI,
14891,2236,vram_gb,8,GB
14892,2236,vram_type,GDDR7,
14893,2236,tdp_watt,180,W
14894,2236,recommended_psu_watt,600,W
14895,2236,length_mm,247,mm
14896,2236,performance_tier,중급,
14897,2237,chipset,RTX 5070,
14898,2237,vram_gb,12,GB
14899,2237,vram_type,GDDR7,
14900,2237,tdp_watt,250,W
14901,2237,recommended_psu_watt,650,W
14902,2237,length_mm,338,mm
14903,2237,performance_tier,고급,
14904,2238,chipset,RTX 5070,
14905,2238,vram_gb,12,GB
14906,2238,vram_type,GDDR7,
14907,2238,tdp_watt,250,W
14908,2238,recommended_psu_watt,650,W
14909,2238,length_mm,236,mm
14910,2238,performance_tier,고급,
14911,2239,chipset,RTX 5070,
14912,2239,vram_gb,12,GB
14913,2239,vram_type,GDDR7,
14914,2239,tdp_watt,250,W
14915,2239,recommended_psu_watt,650,W
14916,2239,length_mm,302,mm
14917,2239,performance_tier,고급,
14918,2240,chipset,RTX 5070,
14919,2240,vram_gb,12,GB
14920,2240,vram_type,GDDR7,
14921,2240,tdp_watt,250,W
14922,2240,recommended_psu_watt,650,W
14923,2240,length_mm,231,mm
14924,2240,performance_tier,고급,
14925,2241,chipset,RTX 5070,
14926,2241,vram_gb,12,GB
14927,2241,vram_type,GDDR7,
14928,2241,tdp_watt,250,W
14929,2241,recommended_psu_watt,650,W
14930,2241,length_mm,338,mm
14931,2241,performance_tier,고급,
14932,2242,chipset,RTX 5070 TI,
14933,2242,vram_gb,16,GB
14934,2242,vram_type,GDDR7,
14935,2242,tdp_watt,300,W
14936,2242,recommended_psu_watt,750,W
14937,2242,length_mm,338,mm
14938,2242,performance_tier,고급,
14939,2243,chipset,RTX 5070 TI,
14940,2243,vram_gb,16,GB
14941,2243,vram_type,GDDR7,
14942,2243,tdp_watt,300,W
14943,2243,recommended_psu_watt,750,W
14944,2243,length_mm,303,mm
14945,2243,performance_tier,고급,
14946,2244,chipset,RTX 5070 TI,
14947,2244,vram_gb,16,GB
14948,2244,vram_type,GDDR7,
14949,2244,tdp_watt,300,W
14950,2244,recommended_psu_watt,750,W
14951,2244,length_mm,338,mm
14952,2244,performance_tier,고급,
14953,2245,chipset,RTX 5070 TI,
14954,2245,vram_gb,16,GB
14955,2245,vram_type,GDDR7,
14956,2245,tdp_watt,300,W
14957,2245,recommended_psu_watt,750,W
14958,2245,length_mm,357,mm
14959,2245,performance_tier,고급,
14960,2246,chipset,RTX 5070 TI,
14961,2246,vram_gb,16,GB
14962,2246,vram_type,GDDR7,
14963,2246,tdp_watt,300,W
14964,2246,recommended_psu_watt,750,W
14965,2246,length_mm,303,mm
14966,2246,performance_tier,고급,
14967,2247,chipset,RTX 5080,
14968,2247,vram_gb,16,GB
14969,2247,vram_type,GDDR7,
14970,2247,tdp_watt,360,W
14971,2247,recommended_psu_watt,850,W
14972,2247,length_mm,357,mm
14973,2247,performance_tier,최상급,
14974,2248,chipset,RTX 5080,
14975,2248,vram_gb,16,GB
14976,2248,vram_type,GDDR7,
14977,2248,tdp_watt,360,W
14978,2248,recommended_psu_watt,850,W
14979,2248,length_mm,303,mm
14980,2248,performance_tier,최상급,
14981,2249,chipset,RTX 5080,
14982,2249,vram_gb,16,GB
14983,2249,vram_type,GDDR7,
14984,2249,tdp_watt,360,W
14985,2249,recommended_psu_watt,850,W
14986,2249,length_mm,338,mm
14987,2249,performance_tier,최상급,
14988,2250,chipset,RTX 5080,
14989,2250,vram_gb,16,GB
14990,2250,vram_type,GDDR7,
14991,2250,tdp_watt,360,W
14992,2250,recommended_psu_watt,850,W
14993,2250,length_mm,303,mm
14994,2250,performance_tier,최상급,
14995,2251,chipset,RTX 5080,
14996,2251,vram_gb,16,GB
14997,2251,vram_type,GDDR7,
14998,2251,tdp_watt,360,W
14999,2251,recommended_psu_watt,850,W
15000,2251,length_mm,319,mm
15001,2251,performance_tier,최상급,
15002,2252,chipset,RTX 5080,
15003,2252,vram_gb,16,GB
15004,2252,vram_type,GDDR7,
15005,2252,tdp_watt,360,W
15006,2252,recommended_psu_watt,850,W
15007,2252,length_mm,338,mm
15008,2252,performance_tier,최상급,
15009,2253,chipset,RTX 5080,
15010,2253,vram_gb,16,GB
15011,2253,vram_type,GDDR7,
15012,2253,tdp_watt,360,W
15013,2253,recommended_psu_watt,850,W
15014,2253,length_mm,303,mm
15015,2253,performance_tier,최상급,
15016,2254,chipset,RTX 5080,
15017,2254,vram_gb,16,GB
15018,2254,vram_type,GDDR7,
15019,2254,tdp_watt,360,W
15020,2254,recommended_psu_watt,850,W
15021,2254,length_mm,303,mm
15022,2254,performance_tier,최상급,
15023,2255,chipset,RTX 5090,
15024,2255,vram_gb,32,GB
15025,2255,vram_type,GDDR7,
15026,2255,tdp_watt,600,W
15027,2255,recommended_psu_watt,1000,W
15028,2255,length_mm,359,mm
15029,2255,performance_tier,최상급,
15030,2256,chipset,RTX 5090,
15031,2256,vram_gb,32,GB
15032,2256,vram_type,GDDR7,
15033,2256,tdp_watt,575,W
15034,2256,recommended_psu_watt,1000,W
15035,2256,length_mm,357,mm
15036,2256,performance_tier,최상급,
15037,2257,chipset,RTX 5090,
15038,2257,vram_gb,32,GB
15039,2257,vram_type,GDDR7,
15040,2257,tdp_watt,575,W
15041,2257,recommended_psu_watt,1000,W
15042,2257,length_mm,359,mm
15043,2257,performance_tier,최상급,
15044,2258,chipset,GTX 1660 SUPER,
15045,2258,vram_gb,6,GB
15046,2258,vram_type,GDDR6,
15047,2258,recommended_psu_watt,450,W
15048,2258,length_mm,214,mm
15049,2258,performance_tier,중급,
15050,2259,chipset,GTX 1660 SUPER,
15051,2259,vram_gb,6,GB
15052,2259,vram_type,GDDR6,
15053,2259,recommended_psu_watt,450,W
15054,2259,length_mm,214,mm
15055,2259,performance_tier,중급,
15056,2260,chipset,RTX 3050,
15057,2260,vram_gb,6,GB
15058,2260,vram_type,GDDR6,
15059,2260,tdp_watt,70,W
15060,2260,recommended_psu_watt,300,W
15061,2260,length_mm,209,mm
15062,2260,performance_tier,보급,
15063,2261,chipset,RTX 3050,
15064,2261,vram_gb,6,GB
15065,2261,vram_type,GDDR6,
15066,2261,tdp_watt,70,W
15067,2261,recommended_psu_watt,300,W
15068,2261,length_mm,209,mm
15069,2261,performance_tier,보급,
15070,2262,chipset,RTX 3050,
15071,2262,vram_gb,6,GB
15072,2262,vram_type,GDDR6,
15073,2262,tdp_watt,70,W
15074,2262,recommended_psu_watt,300,W
15075,2262,length_mm,209,mm
15076,2262,performance_tier,보급,
15077,2263,chipset,RTX 3050,
15078,2263,vram_gb,8,GB
15079,2263,vram_type,GDDR6,
15080,2263,recommended_psu_watt,450,W
15081,2263,length_mm,189,mm
15082,2263,performance_tier,보급,
15083,2264,chipset,RTX 3060,
15084,2264,vram_gb,12,GB
15085,2264,vram_type,GDDR6,
15086,2264,recommended_psu_watt,550,W
15087,2264,length_mm,245,mm
15088,2264,performance_tier,중급,
15089,2265,chipset,RTX 3060 TI,
15090,2265,vram_gb,8,GB
15091,2265,vram_type,GDDR6,
15092,2265,recommended_psu_watt,550,W
15093,2265,length_mm,285,mm
15094,2265,performance_tier,중급,
15095,2266,chipset,RTX 3060 TI,
15096,2266,vram_gb,8,GB
15097,2266,vram_type,GDDR6,
15098,2266,recommended_psu_watt,550,W
15099,2266,length_mm,285,mm
15100,2266,performance_tier,중급,
15101,2267,chipset,RTX 3070 TI,
15102,2267,vram_gb,8,GB
15103,2267,vram_type,GDDR6X,
15104,2267,recommended_psu_watt,750,W
15105,2267,length_mm,238,mm
15106,2267,performance_tier,고급,
15107,2268,chipset,RTX 4060,
15108,2268,vram_gb,8,GB
15109,2268,vram_type,GDDR6,
15110,2268,tdp_watt,115,W
15111,2268,recommended_psu_watt,550,W
15112,2268,length_mm,237,mm
15113,2268,performance_tier,중급,
15114,2269,chipset,RTX 4060,
15115,2269,vram_gb,8,GB
15116,2269,vram_type,GDDR6,
15117,2269,tdp_watt,115,W
15118,2269,recommended_psu_watt,550,W
15119,2269,length_mm,247,mm
15120,2269,performance_tier,중급,
15121,2270,chipset,RTX 4060 TI,
15122,2270,vram_gb,8,GB
15123,2270,vram_type,GDDR6,
15124,2270,tdp_watt,160,W
15125,2270,recommended_psu_watt,550,W
15126,2270,length_mm,237,mm
15127,2270,performance_tier,중급,
15128,2271,chipset,RTX 4070 TI SUPER,
15129,2271,vram_gb,16,GB
15130,2271,vram_type,GDDR6X,
15131,2271,tdp_watt,285,W
15132,2271,recommended_psu_watt,750,W
15133,2271,length_mm,323,mm
15134,2271,performance_tier,고급,
15135,2272,chipset,RTX 4080 SUPER,
15136,2272,vram_gb,16,GB
15137,2272,vram_type,GDDR6X,
15138,2272,tdp_watt,320,W
15139,2272,recommended_psu_watt,850,W
15140,2272,length_mm,315,mm
15141,2272,performance_tier,최상급,
15142,2273,chipset,RTX 4080 SUPER,
15143,2273,vram_gb,16,GB
15144,2273,vram_type,GDDR6X,
15145,2273,tdp_watt,320,W
15146,2273,recommended_psu_watt,850,W
15147,2273,length_mm,336,mm
15148,2273,performance_tier,최상급,
15149,2274,chipset,RTX 5050,
15150,2274,vram_gb,8,GB
15151,2274,vram_type,GDDR6,
15152,2274,tdp_watt,130,W
15153,2274,recommended_psu_watt,550,W
15154,2274,length_mm,225,mm
15155,2274,performance_tier,보급,
15156,2275,chipset,RTX 5050,
15157,2275,vram_gb,8,GB
15158,2275,vram_type,GDDR6,
15159,2275,tdp_watt,130,W
15160,2275,recommended_psu_watt,550,W
15161,2275,length_mm,225,mm
15162,2275,performance_tier,보급,
15163,2276,chipset,RTX 5050,
15164,2276,vram_gb,8,GB
15165,2276,vram_type,GDDR6,
15166,2276,tdp_watt,130,W
15167,2276,recommended_psu_watt,550,W
15168,2276,length_mm,225,mm
15169,2276,performance_tier,보급,
15170,2277,chipset,RTX 5050,
15171,2277,vram_gb,8,GB
15172,2277,vram_type,GDDR6,
15173,2277,tdp_watt,130,W
15174,2277,recommended_psu_watt,550,W
15175,2277,length_mm,225,mm
15176,2277,performance_tier,보급,
15177,2278,chipset,RTX 5050,
15178,2278,vram_gb,8,GB
15179,2278,vram_type,GDDR6,
15180,2278,tdp_watt,130,W
15181,2278,recommended_psu_watt,550,W
15182,2278,length_mm,225,mm
15183,2278,performance_tier,보급,
15184,2279,chipset,RTX 5060,
15185,2279,vram_gb,8,GB
15186,2279,vram_type,GDDR7,
15187,2279,tdp_watt,145,W
15188,2279,recommended_psu_watt,550,W
15189,2279,length_mm,225,mm
15190,2279,performance_tier,중급,
15191,2280,chipset,RTX 5060,
15192,2280,vram_gb,8,GB
15193,2280,vram_type,GDDR7,
15194,2280,tdp_watt,145,W
15195,2280,recommended_psu_watt,550,W
15196,2280,length_mm,225,mm
15197,2280,performance_tier,중급,
15198,2281,chipset,RTX 5060,
15199,2281,vram_gb,8,GB
15200,2281,vram_type,GDDR7,
15201,2281,tdp_watt,145,W
15202,2281,recommended_psu_watt,550,W
15203,2281,length_mm,255,mm
15204,2281,performance_tier,중급,
15205,2282,chipset,RTX 5060,
15206,2282,vram_gb,8,GB
15207,2282,vram_type,GDDR7,
15208,2282,tdp_watt,145,W
15209,2282,recommended_psu_watt,550,W
15210,2282,length_mm,255,mm
15211,2282,performance_tier,중급,
15212,2283,chipset,RTX 5060,
15213,2283,vram_gb,8,GB
15214,2283,vram_type,GDDR7,
15215,2283,tdp_watt,145,W
15216,2283,recommended_psu_watt,550,W
15217,2283,length_mm,184,mm
15218,2283,performance_tier,중급,
15219,2284,chipset,RTX 5060,
15220,2284,vram_gb,8,GB
15221,2284,vram_type,GDDR7,
15222,2284,tdp_watt,145,W
15223,2284,recommended_psu_watt,550,W
15224,2284,length_mm,225,mm
15225,2284,performance_tier,중급,
15226,2285,chipset,RTX 5060,
15227,2285,vram_gb,8,GB
15228,2285,vram_type,GDDR7,
15229,2285,tdp_watt,145,W
15230,2285,recommended_psu_watt,550,W
15231,2285,length_mm,225,mm
15232,2285,performance_tier,중급,
15233,2286,chipset,RTX 5060,
15234,2286,vram_gb,8,GB
15235,2286,vram_type,GDDR7,
15236,2286,tdp_watt,145,W
15237,2286,recommended_psu_watt,550,W
15238,2286,length_mm,225,mm
15239,2286,performance_tier,중급,
15240,2287,chipset,RTX 5060,
15241,2287,vram_gb,8,GB
15242,2287,vram_type,GDDR7,
15243,2287,tdp_watt,145,W
15244,2287,recommended_psu_watt,550,W
15245,2287,length_mm,255,mm
15246,2287,performance_tier,중급,
15247,2288,chipset,RTX 5060,
15248,2288,vram_gb,8,GB
15249,2288,vram_type,GDDR7,
15250,2288,tdp_watt,145,W
15251,2288,recommended_psu_watt,550,W
15252,2288,length_mm,225,mm
15253,2288,performance_tier,중급,
15254,2289,chipset,RTX 5060,
15255,2289,vram_gb,8,GB
15256,2289,vram_type,GDDR7,
15257,2289,tdp_watt,145,W
15258,2289,recommended_psu_watt,550,W
15259,2289,length_mm,255,mm
15260,2289,performance_tier,중급,
15261,2290,chipset,RTX 5060,
15262,2290,vram_gb,8,GB
15263,2290,vram_type,GDDR7,
15264,2290,tdp_watt,145,W
15265,2290,recommended_psu_watt,550,W
15266,2290,length_mm,225,mm
15267,2290,performance_tier,중급,
15268,2291,chipset,RTX 5060,
15269,2291,vram_gb,8,GB
15270,2291,vram_type,GDDR7,
15271,2291,tdp_watt,145,W
15272,2291,recommended_psu_watt,550,W
15273,2291,length_mm,225,mm
15274,2291,performance_tier,중급,
15275,2292,chipset,RTX 5060 TI,
15276,2292,vram_gb,8,GB
15277,2292,vram_type,GDDR7,
15278,2292,tdp_watt,180,W
15279,2292,recommended_psu_watt,600,W
15280,2292,length_mm,255,mm
15281,2292,performance_tier,중급,
15282,2293,chipset,RTX 5060 TI,
15283,2293,vram_gb,8,GB
15284,2293,vram_type,GDDR7,
15285,2293,tdp_watt,180,W
15286,2293,recommended_psu_watt,600,W
15287,2293,length_mm,235,mm
15288,2293,performance_tier,중급,
15289,2294,chipset,RTX 5060 TI,
15290,2294,vram_gb,16,GB
15291,2294,vram_type,GDDR7,
15292,2294,tdp_watt,180,W
15293,2294,recommended_psu_watt,600,W
15294,2294,length_mm,300,mm
15295,2294,performance_tier,중급,
15296,2295,chipset,RTX 5060 TI,
15297,2295,vram_gb,8,GB
15298,2295,vram_type,GDDR7,
15299,2295,tdp_watt,180,W
15300,2295,recommended_psu_watt,600,W
15301,2295,length_mm,255,mm
15302,2295,performance_tier,중급,
15303,2296,chipset,RTX 5060 TI,
15304,2296,vram_gb,16,GB
15305,2296,vram_type,GDDR7,
15306,2296,tdp_watt,180,W
15307,2296,recommended_psu_watt,600,W
15308,2296,length_mm,235,mm
15309,2296,performance_tier,중급,
15310,2297,chipset,RTX 5060 TI,
15311,2297,vram_gb,8,GB
15312,2297,vram_type,GDDR7,
15313,2297,tdp_watt,180,W
15314,2297,recommended_psu_watt,600,W
15315,2297,length_mm,235,mm
15316,2297,performance_tier,중급,
15317,2298,chipset,RTX 5060 TI,
15318,2298,vram_gb,8,GB
15319,2298,vram_type,GDDR7,
15320,2298,tdp_watt,180,W
15321,2298,recommended_psu_watt,600,W
15322,2298,length_mm,235,mm
15323,2298,performance_tier,중급,
15324,2299,chipset,RTX 5060 TI,
15325,2299,vram_gb,8,GB
15326,2299,vram_type,GDDR7,
15327,2299,tdp_watt,180,W
15328,2299,recommended_psu_watt,600,W
15329,2299,length_mm,238,mm
15330,2299,performance_tier,중급,
15331,2300,chipset,RTX 5060 TI,
15332,2300,vram_gb,8,GB
15333,2300,vram_type,GDDR7,
15334,2300,tdp_watt,180,W
15335,2300,recommended_psu_watt,600,W
15336,2300,length_mm,238,mm
15337,2300,performance_tier,중급,
15338,2301,chipset,RTX 5060 TI,
15339,2301,vram_gb,16,GB
15340,2301,vram_type,GDDR7,
15341,2301,tdp_watt,180,W
15342,2301,recommended_psu_watt,600,W
15343,2301,length_mm,300,mm
15344,2301,performance_tier,중급,
15345,2302,chipset,RTX 5070,
15346,2302,vram_gb,12,GB
15347,2302,vram_type,GDDR7,
15348,2302,tdp_watt,250,W
15349,2302,recommended_psu_watt,650,W
15350,2302,length_mm,240,mm
15351,2302,performance_tier,고급,
15352,2303,chipset,RTX 5070,
15353,2303,vram_gb,12,GB
15354,2303,vram_type,GDDR7,
15355,2303,tdp_watt,250,W
15356,2303,recommended_psu_watt,650,W
15357,2303,length_mm,240,mm
15358,2303,performance_tier,고급,
15359,2304,chipset,RTX 5070,
15360,2304,vram_gb,12,GB
15361,2304,vram_type,GDDR7,
15362,2304,tdp_watt,250,W
15363,2304,recommended_psu_watt,650,W
15364,2304,length_mm,322,mm
15365,2304,performance_tier,고급,
15366,2305,chipset,RTX 5070,
15367,2305,vram_gb,12,GB
15368,2305,vram_type,GDDR7,
15369,2305,tdp_watt,250,W
15370,2305,recommended_psu_watt,650,W
15371,2305,length_mm,322,mm
15372,2305,performance_tier,고급,
15373,2306,chipset,RTX 5070 TI,
15374,2306,vram_gb,16,GB
15375,2306,vram_type,GDDR7,
15376,2306,tdp_watt,300,W
15377,2306,recommended_psu_watt,750,W
15378,2306,length_mm,239,mm
15379,2306,performance_tier,고급,
15380,2307,chipset,RTX 5070 TI,
15381,2307,vram_gb,16,GB
15382,2307,vram_type,GDDR7,
15383,2307,tdp_watt,300,W
15384,2307,recommended_psu_watt,750,W
15385,2307,length_mm,239,mm
15386,2307,performance_tier,고급,
15387,2308,chipset,RTX 5070 TI,
15388,2308,vram_gb,16,GB
15389,2308,vram_type,GDDR7,
15390,2308,tdp_watt,300,W
15391,2308,recommended_psu_watt,750,W
15392,2308,length_mm,322,mm
15393,2308,performance_tier,고급,
15394,2309,chipset,RTX 5070 TI,
15395,2309,vram_gb,16,GB
15396,2309,vram_type,GDDR7,
15397,2309,tdp_watt,300,W
15398,2309,recommended_psu_watt,750,W
15399,2309,length_mm,341,mm
15400,2309,performance_tier,고급,
15401,2310,chipset,RTX 5070 TI,
15402,2310,vram_gb,16,GB
15403,2310,vram_type,GDDR7,
15404,2310,tdp_watt,300,W
15405,2310,recommended_psu_watt,750,W
15406,2310,length_mm,341,mm
15407,2310,performance_tier,고급,
15408,2311,chipset,RTX 5070 TI,
15409,2311,vram_gb,16,GB
15410,2311,vram_type,GDDR7,
15411,2311,tdp_watt,300,W
15412,2311,recommended_psu_watt,750,W
15413,2311,length_mm,322,mm
15414,2311,performance_tier,고급,
15415,2312,chipset,RTX 5070 TI,
15416,2312,vram_gb,16,GB
15417,2312,vram_type,GDDR7,
15418,2312,tdp_watt,300,W
15419,2312,recommended_psu_watt,750,W
15420,2312,length_mm,303,mm
15421,2312,performance_tier,고급,
15422,2313,chipset,RTX 5070 TI,
15423,2313,vram_gb,16,GB
15424,2313,vram_type,GDDR7,
15425,2313,tdp_watt,300,W
15426,2313,recommended_psu_watt,750,W
15427,2313,length_mm,341,mm
15428,2313,performance_tier,고급,
15429,2314,chipset,RTX 5070 TI,
15430,2314,vram_gb,16,GB
15431,2314,vram_type,GDDR7,
15432,2314,tdp_watt,300,W
15433,2314,recommended_psu_watt,750,W
15434,2314,length_mm,322,mm
15435,2314,performance_tier,고급,
15436,2315,chipset,RTX 5080,
15437,2315,vram_gb,16,GB
15438,2315,vram_type,GDDR7,
15439,2315,tdp_watt,360,W
15440,2315,recommended_psu_watt,850,W
15441,2315,length_mm,303,mm
15442,2315,performance_tier,최상급,
15443,2316,chipset,RTX 5080,
15444,2316,vram_gb,16,GB
15445,2316,vram_type,GDDR7,
15446,2316,tdp_watt,400,W
15447,2316,recommended_psu_watt,850,W
15448,2316,length_mm,341,mm
15449,2316,performance_tier,최상급,
15450,2317,chipset,RTX 5080,
15451,2317,vram_gb,16,GB
15452,2317,vram_type,GDDR7,
15453,2317,tdp_watt,360,W
15454,2317,recommended_psu_watt,850,W
15455,2317,length_mm,322,mm
15456,2317,performance_tier,최상급,
15457,2318,chipset,RTX 5080,
15458,2318,vram_gb,16,GB
15459,2318,vram_type,GDDR7,
15460,2318,tdp_watt,360,W
15461,2318,recommended_psu_watt,850,W
15462,2318,length_mm,322,mm
15463,2318,performance_tier,최상급,
15464,2319,chipset,RTX 5080,
15465,2319,vram_gb,16,GB
15466,2319,vram_type,GDDR7,
15467,2319,tdp_watt,400,W
15468,2319,recommended_psu_watt,850,W
15469,2319,length_mm,341,mm
15470,2319,performance_tier,최상급,
15471,2320,chipset,RTX 5080,
15472,2320,vram_gb,16,GB
15473,2320,vram_type,GDDR7,
15474,2320,tdp_watt,360,W
15475,2320,recommended_psu_watt,850,W
15476,2320,length_mm,303,mm
15477,2320,performance_tier,최상급,
15478,2321,chipset,RTX 5080,
15479,2321,vram_gb,16,GB
15480,2321,vram_type,GDDR7,
15481,2321,tdp_watt,400,W
15482,2321,recommended_psu_watt,850,W
15483,2321,length_mm,341,mm
15484,2321,performance_tier,최상급,
15485,2322,chipset,RTX 3050,
15486,2322,vram_gb,6,GB
15487,2322,vram_type,GDDR6,
15488,2322,tdp_watt,75,W
15489,2322,recommended_psu_watt,450,W
15490,2322,length_mm,245,mm
15491,2322,performance_tier,보급,
15492,2323,chipset,RTX 3050,
15493,2323,vram_gb,8,GB
15494,2323,vram_type,GDDR6,
15495,2323,recommended_psu_watt,550,W
15496,2323,length_mm,255,mm
15497,2323,performance_tier,보급,
15498,2324,chipset,RTX 3050,
15499,2324,vram_gb,8,GB
15500,2324,vram_type,GDDR6,
15501,2324,recommended_psu_watt,550,W
15502,2324,length_mm,255,mm
15503,2324,performance_tier,보급,
15504,2325,chipset,RTX 3050,
15505,2325,vram_gb,8,GB
15506,2325,vram_type,GDDR6,
15507,2325,tdp_watt,115,W
15508,2325,length_mm,249.1,mm
15509,2325,performance_tier,보급,
15510,2326,chipset,RTX 3050,
15511,2326,vram_gb,6,GB
15512,2326,vram_type,GDDR6,
15513,2326,tdp_watt,75,W
15514,2326,recommended_psu_watt,450,W
15515,2326,length_mm,245,mm
15516,2326,performance_tier,보급,
15517,2327,chipset,RTX 3050,
15518,2327,vram_gb,8,GB
15519,2327,vram_type,GDDR6,
15520,2327,tdp_watt,115,W
15521,2327,length_mm,249.1,mm
15522,2327,performance_tier,보급,
15523,2328,chipset,RTX 3060,
15524,2328,vram_gb,12,GB
15525,2328,vram_type,GDDR6,
15526,2328,tdp_watt,170,W
15527,2328,recommended_psu_watt,550,W
15528,2328,length_mm,253.4,mm
15529,2328,performance_tier,중급,
15530,2329,chipset,RTX 3060,
15531,2329,vram_gb,12,GB
15532,2329,vram_type,GDDR6,
15533,2329,tdp_watt,170,W
15534,2329,recommended_psu_watt,550,W
15535,2329,length_mm,253.4,mm
15536,2329,performance_tier,중급,
15537,2330,chipset,RTX 5050,
15538,2330,vram_gb,8,GB
15539,2330,vram_type,GDDR6,
15540,2330,tdp_watt,140,W
15541,2330,recommended_psu_watt,500,W
15542,2330,length_mm,200,mm
15543,2330,performance_tier,보급,
15544,2331,chipset,RTX 5050,
15545,2331,vram_gb,8,GB
15546,2331,vram_type,GDDR6,
15547,2331,tdp_watt,140,W
15548,2331,recommended_psu_watt,500,W
15549,2331,length_mm,200,mm
15550,2331,performance_tier,보급,
15551,2332,chipset,RTX 5050,
15552,2332,vram_gb,8,GB
15553,2332,vram_type,GDDR6,
15554,2332,tdp_watt,130,W
15555,2332,recommended_psu_watt,500,W
15556,2332,length_mm,231,mm
15557,2332,performance_tier,보급,
15558,2333,chipset,RTX 5050,
15559,2333,vram_gb,8,GB
15560,2333,vram_type,GDDR6,
15561,2333,tdp_watt,130,W
15562,2333,recommended_psu_watt,500,W
15563,2333,length_mm,231,mm
15564,2333,performance_tier,보급,
15565,2334,chipset,RTX 5050,
15566,2334,vram_gb,8,GB
15567,2334,vram_type,GDDR6,
15568,2334,tdp_watt,140,W
15569,2334,recommended_psu_watt,550,W
15570,2334,length_mm,231,mm
15571,2334,performance_tier,보급,
15572,2335,chipset,RTX 5060,
15573,2335,vram_gb,8,GB
15574,2335,vram_type,GDDR7,
15575,2335,tdp_watt,145,W
15576,2335,recommended_psu_watt,550,W
15577,2335,length_mm,200,mm
15578,2335,performance_tier,중급,
15579,2336,chipset,RTX 5060,
15580,2336,vram_gb,8,GB
15581,2336,vram_type,GDDR7,
15582,2336,tdp_watt,145,W
15583,2336,recommended_psu_watt,550,W
15584,2336,length_mm,231,mm
15585,2336,performance_tier,중급,
15586,2337,chipset,RTX 5060,
15587,2337,vram_gb,8,GB
15588,2337,vram_type,GDDR7,
15589,2337,tdp_watt,145,W
15590,2337,recommended_psu_watt,550,W
15591,2337,length_mm,200,mm
15592,2337,performance_tier,중급,
15593,2338,chipset,RTX 5060,
15594,2338,vram_gb,8,GB
15595,2338,vram_type,GDDR7,
15596,2338,tdp_watt,145,W
15597,2338,recommended_psu_watt,550,W
15598,2338,length_mm,300.5,mm
15599,2338,performance_tier,중급,
15600,2339,chipset,RTX 5060,
15601,2339,vram_gb,8,GB
15602,2339,vram_type,GDDR7,
15603,2339,tdp_watt,145,W
15604,2339,recommended_psu_watt,550,W
15605,2339,length_mm,231,mm
15606,2339,performance_tier,중급,
15607,2340,chipset,RTX 5060,
15608,2340,vram_gb,8,GB
15609,2340,vram_type,GDDR7,
15610,2340,tdp_watt,145,W
15611,2340,recommended_psu_watt,550,W
15612,2340,length_mm,231,mm
15613,2340,performance_tier,중급,
15614,2341,chipset,RTX 5060,
15615,2341,vram_gb,8,GB
15616,2341,vram_type,GDDR7,
15617,2341,tdp_watt,145,W
15618,2341,recommended_psu_watt,550,W
15619,2341,length_mm,231,mm
15620,2341,performance_tier,중급,
15621,2342,chipset,RTX 5060,
15622,2342,vram_gb,8,GB
15623,2342,vram_type,GDDR7,
15624,2342,tdp_watt,145,W
15625,2342,recommended_psu_watt,550,W
15626,2342,length_mm,300.5,mm
15627,2342,performance_tier,중급,
15628,2343,chipset,RTX 5060,
15629,2343,vram_gb,8,GB
15630,2343,vram_type,GDDR7,
15631,2343,tdp_watt,145,W
15632,2343,recommended_psu_watt,550,W
15633,2343,length_mm,300.5,mm
15634,2343,performance_tier,중급,
15635,2344,chipset,RTX 5060 TI,
15636,2344,vram_gb,16,GB
15637,2344,vram_type,GDDR7,
15638,2344,tdp_watt,180,W
15639,2344,recommended_psu_watt,600,W
15640,2344,length_mm,231,mm
15641,2344,performance_tier,중급,
15642,2345,chipset,RTX 5060 TI,
15643,2345,vram_gb,16,GB
15644,2345,vram_type,GDDR7,
15645,2345,tdp_watt,180,W
15646,2345,recommended_psu_watt,600,W
15647,2345,length_mm,200,mm
15648,2345,performance_tier,중급,
15649,2346,chipset,RTX 5060 TI,
15650,2346,vram_gb,8,GB
15651,2346,vram_type,GDDR7,
15652,2346,tdp_watt,180,W
15653,2346,recommended_psu_watt,600,W
15654,2346,length_mm,200,mm
15655,2346,performance_tier,중급,
15656,2347,chipset,RTX 5060 TI,
15657,2347,vram_gb,8,GB
15658,2347,vram_type,GDDR7,
15659,2347,tdp_watt,180,W
15660,2347,recommended_psu_watt,600,W
15661,2347,length_mm,200,mm
15662,2347,performance_tier,중급,
15663,2348,chipset,RTX 5060 TI,
15664,2348,vram_gb,8,GB
15665,2348,vram_type,GDDR7,
15666,2348,tdp_watt,180,W
15667,2348,recommended_psu_watt,600,W
15668,2348,length_mm,231,mm
15669,2348,performance_tier,중급,
15670,2349,chipset,RTX 5060 TI,
15671,2349,vram_gb,16,GB
15672,2349,vram_type,GDDR7,
15673,2349,tdp_watt,180,W
15674,2349,recommended_psu_watt,600,W
15675,2349,length_mm,200,mm
15676,2349,performance_tier,중급,
15677,2350,chipset,RTX 5060 TI,
15678,2350,vram_gb,16,GB
15679,2350,vram_type,GDDR7,
15680,2350,tdp_watt,180,W
15681,2350,recommended_psu_watt,600,W
15682,2350,length_mm,231,mm
15683,2350,performance_tier,중급,
15684,2351,chipset,RTX 5060 TI,
15685,2351,vram_gb,16,GB
15686,2351,vram_type,GDDR7,
15687,2351,tdp_watt,180,W
15688,2351,recommended_psu_watt,600,W
15689,2351,length_mm,231,mm
15690,2351,performance_tier,중급,
15691,2352,chipset,RTX 5060 TI,
15692,2352,vram_gb,16,GB
15693,2352,vram_type,GDDR7,
15694,2352,tdp_watt,180,W
15695,2352,recommended_psu_watt,600,W
15696,2352,length_mm,200,mm
15697,2352,performance_tier,중급,
15698,2353,chipset,RTX 5060 TI,
15699,2353,vram_gb,16,GB
15700,2353,vram_type,GDDR7,
15701,2353,tdp_watt,180,W
15702,2353,recommended_psu_watt,600,W
15703,2353,length_mm,231,mm
15704,2353,performance_tier,중급,
15705,2354,chipset,RTX 5060 TI,
15706,2354,vram_gb,16,GB
15707,2354,vram_type,GDDR7,
15708,2354,tdp_watt,180,W
15709,2354,recommended_psu_watt,600,W
15710,2354,length_mm,231,mm
15711,2354,performance_tier,중급,
15712,2355,chipset,RTX 5060 TI,
15713,2355,vram_gb,8,GB
15714,2355,vram_type,GDDR7,
15715,2355,tdp_watt,180,W
15716,2355,recommended_psu_watt,600,W
15717,2355,length_mm,231,mm
15718,2355,performance_tier,중급,
15719,2356,chipset,RTX 5060 TI,
15720,2356,vram_gb,8,GB
15721,2356,vram_type,GDDR7,
15722,2356,tdp_watt,180,W
15723,2356,recommended_psu_watt,600,W
15724,2356,length_mm,231,mm
15725,2356,performance_tier,중급,
15726,2357,chipset,RTX 5060 TI,
15727,2357,vram_gb,8,GB
15728,2357,vram_type,GDDR7,
15729,2357,tdp_watt,180,W
15730,2357,recommended_psu_watt,600,W
15731,2357,length_mm,231,mm
15732,2357,performance_tier,중급,
15733,2358,chipset,RTX 5070,
15734,2358,vram_gb,12,GB
15735,2358,vram_type,GDDR7,
15736,2358,tdp_watt,250,W
15737,2358,recommended_psu_watt,650,W
15738,2358,length_mm,300.5,mm
15739,2358,performance_tier,고급,
15740,2359,chipset,RTX 5070,
15741,2359,vram_gb,12,GB
15742,2359,vram_type,GDDR7,
15743,2359,tdp_watt,250,W
15744,2359,recommended_psu_watt,650,W
15745,2359,length_mm,300,mm
15746,2359,performance_tier,고급,
15747,2360,chipset,RTX 5070,
15748,2360,vram_gb,12,GB
15749,2360,vram_type,GDDR7,
15750,2360,tdp_watt,260,W
15751,2360,recommended_psu_watt,650,W
15752,2360,length_mm,300.5,mm
15753,2360,performance_tier,고급,
15754,2361,chipset,RTX 5070,
15755,2361,vram_gb,12,GB
15756,2361,vram_type,GDDR7,
15757,2361,tdp_watt,250,W
15758,2361,recommended_psu_watt,650,W
15759,2361,length_mm,300.5,mm
15760,2361,performance_tier,고급,
15761,2362,chipset,RTX 5070,
15762,2362,vram_gb,12,GB
15763,2362,vram_type,GDDR7,
15764,2362,tdp_watt,250,W
15765,2362,recommended_psu_watt,650,W
15766,2362,length_mm,300.5,mm
15767,2362,performance_tier,고급,
15768,2363,chipset,RTX 5070,
15769,2363,vram_gb,12,GB
15770,2363,vram_type,GDDR7,
15771,2363,tdp_watt,250,W
15772,2363,recommended_psu_watt,650,W
15773,2363,length_mm,300,mm
15774,2363,performance_tier,고급,
15775,2364,chipset,RTX 5070 TI,
15776,2364,vram_gb,16,GB
15777,2364,vram_type,GDDR7,
15778,2364,tdp_watt,300,W
15779,2364,recommended_psu_watt,750,W
15780,2364,length_mm,300.5,mm
15781,2364,performance_tier,고급,
15782,2365,chipset,RTX 5070 TI,
15783,2365,vram_gb,16,GB
15784,2365,vram_type,GDDR7,
15785,2365,tdp_watt,300,W
15786,2365,recommended_psu_watt,750,W
15787,2365,length_mm,330.6,mm
15788,2365,performance_tier,고급,
15789,2366,chipset,RTX 5070 TI,
15790,2366,vram_gb,16,GB
15791,2366,vram_type,GDDR7,
15792,2366,tdp_watt,300,W
15793,2366,recommended_psu_watt,750,W
15794,2366,length_mm,300.5,mm
15795,2366,performance_tier,고급,
15796,2367,chipset,RTX 5070 TI,
15797,2367,vram_gb,16,GB
15798,2367,vram_type,GDDR7,
15799,2367,tdp_watt,300,W
15800,2367,recommended_psu_watt,750,W
15801,2367,length_mm,310.4,mm
15802,2367,performance_tier,고급,
15803,2368,chipset,RTX 5070 TI,
15804,2368,vram_gb,16,GB
15805,2368,vram_type,GDDR7,
15806,2368,tdp_watt,300,W
15807,2368,recommended_psu_watt,750,W
15808,2368,length_mm,300.5,mm
15809,2368,performance_tier,고급,
15810,2369,chipset,RTX 5070 TI,
15811,2369,vram_gb,16,GB
15812,2369,vram_type,GDDR7,
15813,2369,tdp_watt,300,W
15814,2369,recommended_psu_watt,750,W
15815,2369,length_mm,310.4,mm
15816,2369,performance_tier,고급,
15817,2370,chipset,RTX 5070 TI,
15818,2370,vram_gb,16,GB
15819,2370,vram_type,GDDR7,
15820,2370,tdp_watt,300,W
15821,2370,recommended_psu_watt,750,W
15822,2370,length_mm,300.5,mm
15823,2370,performance_tier,고급,
15824,2371,chipset,RTX 5070 TI,
15825,2371,vram_gb,16,GB
15826,2371,vram_type,GDDR7,
15827,2371,tdp_watt,300,W
15828,2371,recommended_psu_watt,750,W
15829,2371,length_mm,330.6,mm
15830,2371,performance_tier,고급,
15831,2372,chipset,RTX 5070 TI,
15832,2372,vram_gb,16,GB
15833,2372,vram_type,GDDR7,
15834,2372,tdp_watt,300,W
15835,2372,recommended_psu_watt,750,W
15836,2372,length_mm,331,mm
15837,2372,performance_tier,고급,
15838,2373,chipset,RTX 5070 TI,
15839,2373,vram_gb,16,GB
15840,2373,vram_type,GDDR7,
15841,2373,tdp_watt,300,W
15842,2373,recommended_psu_watt,750,W
15843,2373,length_mm,331,mm
15844,2373,performance_tier,고급,
15845,2374,chipset,RTX 5080,
15846,2374,vram_gb,16,GB
15847,2374,vram_type,GDDR7,
15848,2374,tdp_watt,380,W
15849,2374,recommended_psu_watt,850,W
15850,2374,length_mm,331,mm
15851,2374,performance_tier,최상급,
15852,2375,chipset,RTX 5080,
15853,2375,vram_gb,16,GB
15854,2375,vram_type,GDDR7,
15855,2375,tdp_watt,380,W
15856,2375,recommended_psu_watt,850,W
15857,2375,length_mm,331,mm
15858,2375,performance_tier,최상급,
15859,2376,chipset,RTX 5080,
15860,2376,vram_gb,16,GB
15861,2376,vram_type,GDDR7,
15862,2376,tdp_watt,400,W
15863,2376,recommended_psu_watt,850,W
15864,2376,length_mm,360,mm
15865,2376,performance_tier,최상급,
15866,2377,chipset,RTX 5080,
15867,2377,vram_gb,16,GB
15868,2377,vram_type,GDDR7,
15869,2377,tdp_watt,380,W
15870,2377,recommended_psu_watt,850,W
15871,2377,length_mm,331,mm
15872,2377,performance_tier,최상급,
15873,2378,chipset,RTX 5080,
15874,2378,vram_gb,16,GB
15875,2378,vram_type,GDDR7,
15876,2378,tdp_watt,400,W
15877,2378,recommended_psu_watt,850,W
15878,2378,length_mm,360,mm
15879,2378,performance_tier,최상급,
