spec_id,part_id,spec_key,spec_value,spec_unit
1,1,ram_type,DDR4,
2,1,capacity_gb,8,GB
3,1,speed_mhz,3200,MHz
4,1,module_count,1,EA
5,2,ram_type,DDR4,
6,2,capacity_gb,8,GB
7,2,speed_mhz,2400,MHz
8,2,module_count,1,EA
9,3,ram_type,DDR4,
10,3,capacity_gb,8,GB
11,3,speed_mhz,2666,MHz
12,3,module_count,1,EA
13,4,ram_type,DDR4,
14,4,capacity_gb,8,GB
15,4,speed_mhz,2933,MHz
16,4,module_count,1,EA
17,5,ram_type,DDR4,
18,5,capacity_gb,8,GB
19,5,speed_mhz,3200,MHz
20,5,module_count,1,EA
21,6,ram_type,DDR4,
22,6,capacity_gb,8,GB
23,6,speed_mhz,3200,MHz
24,6,module_count,1,EA
25,7,ram_type,DDR4,
26,7,capacity_gb,8,GB
27,7,speed_mhz,3200,MHz
28,7,module_count,1,EA
29,8,ram_type,DDR4,
30,8,capacity_gb,8,GB
31,8,speed_mhz,3200,MHz
32,8,module_count,1,EA
33,9,ram_type,DDR4,
34,9,capacity_gb,8,GB
35,9,speed_mhz,2666,MHz
36,9,module_count,1,EA
37,10,ram_type,DDR4,
38,10,capacity_gb,8,GB
39,10,speed_mhz,3200,MHz
40,10,module_count,1,EA
41,11,ram_type,DDR4,
42,11,capacity_gb,8,GB
43,11,speed_mhz,3200,MHz
44,11,module_count,1,EA
45,12,ram_type,DDR4,
46,12,capacity_gb,16,GB
47,12,speed_mhz,3200,MHz
48,12,module_count,1,EA
49,13,ram_type,DDR4,
50,13,capacity_gb,16,GB
51,13,speed_mhz,2400,MHz
52,13,module_count,1,EA
53,14,ram_type,DDR4,
54,14,capacity_gb,16,GB
55,14,speed_mhz,2666,MHz
56,14,module_count,1,EA
57,15,ram_type,DDR4,
58,15,capacity_gb,16,GB
59,15,speed_mhz,2933,MHz
60,15,module_count,1,EA
61,16,ram_type,DDR4,
62,16,capacity_gb,16,GB
63,16,speed_mhz,2133,MHz
64,16,module_count,1,EA
65,17,ram_type,DDR4,
66,17,capacity_gb,16,GB
67,17,speed_mhz,3200,MHz
68,17,module_count,1,EA
69,18,ram_type,DDR4,
70,18,capacity_gb,16,GB
71,18,speed_mhz,2666,MHz
72,18,module_count,1,EA
73,19,ram_type,DDR4,
74,19,capacity_gb,16,GB
75,19,speed_mhz,3200,MHz
76,19,module_count,2,EA
77,20,ram_type,DDR4,
78,20,capacity_gb,16,GB
79,20,speed_mhz,3600,MHz
80,20,module_count,2,EA
81,21,ram_type,DDR4,
82,21,capacity_gb,16,GB
83,21,speed_mhz,3600,MHz
84,21,module_count,2,EA
85,22,ram_type,DDR4,
86,22,capacity_gb,16,GB
87,22,speed_mhz,3200,MHz
88,22,module_count,2,EA
89,23,ram_type,DDR4,
90,23,capacity_gb,16,GB
91,23,speed_mhz,3200,MHz
92,23,module_count,1,EA
93,24,ram_type,DDR4,
94,24,capacity_gb,16,GB
95,24,speed_mhz,3600,MHz
96,24,module_count,2,EA
97,25,ram_type,DDR4,
98,25,capacity_gb,16,GB
99,25,speed_mhz,3600,MHz
100,25,module_count,2,EA
101,26,ram_type,DDR4,
102,26,capacity_gb,16,GB
103,26,speed_mhz,3200,MHz
104,26,module_count,2,EA
105,27,ram_type,DDR4,
106,27,capacity_gb,16,GB
107,27,speed_mhz,3600,MHz
108,27,module_count,2,EA
109,28,ram_type,DDR4,
110,28,capacity_gb,16,GB
111,28,speed_mhz,3200,MHz
112,28,module_count,1,EA
113,29,ram_type,DDR4,
114,29,capacity_gb,16,GB
115,29,speed_mhz,3200,MHz
116,29,module_count,2,EA
117,30,ram_type,DDR4,
118,30,capacity_gb,16,GB
119,30,speed_mhz,3600,MHz
120,30,module_count,2,EA
121,31,ram_type,DDR4,
122,31,capacity_gb,16,GB
123,31,speed_mhz,3200,MHz
124,31,module_count,2,EA
125,32,ram_type,DDR4,
126,32,capacity_gb,16,GB
127,32,speed_mhz,3600,MHz
128,32,module_count,2,EA
129,33,ram_type,DDR4,
130,33,capacity_gb,16,GB
131,33,speed_mhz,3200,MHz
132,33,module_count,1,EA
133,34,ram_type,DDR4,
134,34,capacity_gb,16,GB
135,34,speed_mhz,3200,MHz
136,34,module_count,1,EA
137,35,ram_type,DDR4,
138,35,capacity_gb,16,GB
139,35,speed_mhz,3200,MHz
140,35,module_count,2,EA
141,36,ram_type,DDR4,
142,36,capacity_gb,32,GB
143,36,speed_mhz,3200,MHz
144,36,module_count,1,EA
145,37,ram_type,DDR4,
146,37,capacity_gb,32,GB
147,37,speed_mhz,2933,MHz
148,37,module_count,1,EA
149,38,ram_type,DDR4,
150,38,capacity_gb,32,GB
151,38,speed_mhz,2666,MHz
152,38,module_count,1,EA
153,39,ram_type,DDR4,
154,39,capacity_gb,32,GB
155,39,speed_mhz,3200,MHz
156,39,module_count,1,EA
157,40,ram_type,DDR4,
158,40,capacity_gb,32,GB
159,40,speed_mhz,3600,MHz
160,40,module_count,2,EA
161,41,ram_type,DDR4,
162,41,capacity_gb,32,GB
163,41,speed_mhz,3600,MHz
164,41,module_count,2,EA
165,42,ram_type,DDR4,
166,42,capacity_gb,32,GB
167,42,speed_mhz,3600,MHz
168,42,module_count,2,EA
169,43,ram_type,DDR4,
170,43,capacity_gb,32,GB
171,43,speed_mhz,3200,MHz
172,43,module_count,2,EA
173,44,ram_type,DDR4,
174,44,capacity_gb,32,GB
175,44,speed_mhz,3200,MHz
176,44,module_count,2,EA
177,45,ram_type,DDR4,
178,45,capacity_gb,32,GB
179,45,speed_mhz,3200,MHz
180,45,module_count,2,EA
181,46,ram_type,DDR4,
182,46,capacity_gb,32,GB
183,46,speed_mhz,3200,MHz
184,46,module_count,1,EA
185,47,ram_type,DDR4,
186,47,capacity_gb,32,GB
187,47,speed_mhz,3200,MHz
188,47,module_count,2,EA
189,48,ram_type,DDR4,
190,48,capacity_gb,32,GB
191,48,speed_mhz,3200,MHz
192,48,module_count,2,EA
193,49,ram_type,DDR4,
194,49,capacity_gb,32,GB
195,49,speed_mhz,3600,MHz
196,49,module_count,2,EA
197,50,ram_type,DDR4,
198,50,capacity_gb,32,GB
199,50,speed_mhz,3200,MHz
200,50,module_count,2,EA
201,51,ram_type,DDR4,
202,51,capacity_gb,32,GB
203,51,speed_mhz,3600,MHz
204,51,module_count,2,EA
205,52,ram_type,DDR4,
206,52,capacity_gb,32,GB
207,52,speed_mhz,3200,MHz
208,52,module_count,1,EA
209,53,ram_type,DDR4,
210,53,capacity_gb,32,GB
211,53,speed_mhz,3200,MHz
212,53,module_count,1,EA
213,54,ram_type,DDR5,
214,54,capacity_gb,8,GB
215,54,speed_mhz,5600,MHz
216,54,module_count,1,EA
217,55,ram_type,DDR5,
218,55,capacity_gb,8,GB
219,55,speed_mhz,6400,MHz
220,55,module_count,1,EA
221,56,ram_type,DDR5,
222,56,capacity_gb,8,GB
223,56,speed_mhz,7200,MHz
224,56,module_count,1,EA
225,57,ram_type,DDR5,
226,57,capacity_gb,8,GB
227,57,speed_mhz,4800,MHz
228,57,module_count,1,EA
229,58,ram_type,DDR5,
230,58,capacity_gb,8,GB
231,58,speed_mhz,4800,MHz
232,58,module_count,1,EA
233,59,ram_type,DDR5,
234,59,capacity_gb,8,GB
235,59,speed_mhz,5600,MHz
236,59,module_count,1,EA
237,60,ram_type,DDR5,
238,60,capacity_gb,8,GB
239,60,speed_mhz,5600,MHz
240,60,module_count,1,EA
241,61,ram_type,DDR5,
242,61,capacity_gb,8,GB
243,61,speed_mhz,5600,MHz
244,61,module_count,1,EA
245,62,ram_type,DDR5,
246,62,capacity_gb,8,GB
247,62,speed_mhz,5600,MHz
248,62,module_count,1,EA
249,63,ram_type,DDR5,
250,63,capacity_gb,8,GB
251,63,speed_mhz,5600,MHz
252,63,module_count,1,EA
253,64,ram_type,DDR5,
254,64,capacity_gb,8,GB
255,64,speed_mhz,4800,MHz
256,64,module_count,1,EA
257,65,ram_type,DDR5,
258,65,capacity_gb,16,GB
259,65,speed_mhz,5600,MHz
260,65,module_count,1,EA
261,66,ram_type,DDR5,
262,66,capacity_gb,16,GB
263,66,speed_mhz,6400,MHz
264,66,module_count,1,EA
265,67,ram_type,DDR5,
266,67,capacity_gb,16,GB
267,67,speed_mhz,7200,MHz
268,67,module_count,1,EA
269,68,ram_type,DDR5,
270,68,capacity_gb,16,GB
271,68,speed_mhz,4800,MHz
272,68,module_count,1,EA
273,69,ram_type,DDR5,
274,69,capacity_gb,16,GB
275,69,speed_mhz,4800,MHz
276,69,module_count,1,EA
277,70,ram_type,DDR5,
278,70,capacity_gb,16,GB
279,70,speed_mhz,5600,MHz
280,70,module_count,1,EA
281,71,ram_type,DDR5,
282,71,capacity_gb,16,GB
283,71,speed_mhz,5600,MHz
284,71,module_count,1,EA
285,72,ram_type,DDR5,
286,72,capacity_gb,16,GB
287,72,speed_mhz,6000,MHz
288,72,module_count,2,EA
289,73,ram_type,DDR5,
290,73,capacity_gb,16,GB
291,73,speed_mhz,6000,MHz
292,73,module_count,2,EA
293,74,ram_type,DDR5,
294,74,capacity_gb,16,GB
295,74,speed_mhz,6400,MHz
296,74,module_count,1,EA
297,75,ram_type,DDR5,
298,75,capacity_gb,16,GB
299,75,speed_mhz,5600,MHz
300,75,module_count,1,EA
301,76,ram_type,DDR5,
302,76,capacity_gb,16,GB
303,76,speed_mhz,5600,MHz
304,76,module_count,1,EA
305,77,ram_type,DDR5,
306,77,capacity_gb,16,GB
307,77,speed_mhz,5600,MHz
308,77,module_count,1,EA
309,78,ram_type,DDR5,
310,78,capacity_gb,16,GB
311,78,speed_mhz,5600,MHz
312,78,module_count,1,EA
313,79,ram_type,DDR5,
314,79,capacity_gb,16,GB
315,79,speed_mhz,4800,MHz
316,79,module_count,1,EA
317,80,ram_type,DDR5,
318,80,capacity_gb,16,GB
319,80,speed_mhz,5200,MHz
320,80,module_count,1,EA
321,81,ram_type,DDR5,
322,81,capacity_gb,16,GB
323,81,speed_mhz,5600,MHz
324,81,module_count,1,EA
325,82,ram_type,DDR5,
326,82,capacity_gb,16,GB
327,82,speed_mhz,5600,MHz
328,82,module_count,1,EA
329,83,ram_type,DDR5,
330,83,capacity_gb,16,GB
331,83,speed_mhz,5600,MHz
332,83,module_count,1,EA
333,84,ram_type,DDR5,
334,84,capacity_gb,16,GB
335,84,speed_mhz,5600,MHz
336,84,module_count,1,EA
337,85,ram_type,DDR5,
338,85,capacity_gb,16,GB
339,85,speed_mhz,6400,MHz
340,85,module_count,1,EA
341,86,ram_type,DDR5,
342,86,capacity_gb,16,GB
343,86,speed_mhz,6400,MHz
344,86,module_count,1,EA
345,87,ram_type,DDR5,
346,87,capacity_gb,16,GB
347,87,speed_mhz,5600,MHz
348,87,module_count,1,EA
349,88,ram_type,DDR5,
350,88,capacity_gb,32,GB
351,88,speed_mhz,5600,MHz
352,88,module_count,1,EA
353,89,ram_type,DDR5,
354,89,capacity_gb,32,GB
355,89,speed_mhz,4800,MHz
356,89,module_count,1,EA
357,90,ram_type,DDR5,
358,90,capacity_gb,32,GB
359,90,speed_mhz,4800,MHz
360,90,module_count,1,EA
361,91,ram_type,DDR5,
362,91,capacity_gb,32,GB
363,91,speed_mhz,5600,MHz
364,91,module_count,1,EA
365,92,ram_type,DDR5,
366,92,capacity_gb,32,GB
367,92,speed_mhz,6000,MHz
368,92,module_count,2,EA
369,93,ram_type,DDR5,
370,93,capacity_gb,32,GB
371,93,speed_mhz,6000,MHz
372,93,module_count,2,EA
373,94,ram_type,DDR5,
374,94,capacity_gb,32,GB
375,94,speed_mhz,6000,MHz
376,94,module_count,2,EA
377,95,ram_type,DDR5,
378,95,capacity_gb,32,GB
379,95,speed_mhz,6000,MHz
380,95,module_count,2,EA
381,96,ram_type,DDR5,
382,96,capacity_gb,32,GB
383,96,speed_mhz,6000,MHz
384,96,module_count,2,EA
385,97,ram_type,DDR5,
386,97,capacity_gb,32,GB
387,97,speed_mhz,6000,MHz
388,97,module_count,2,EA
389,98,ram_type,DDR5,
390,98,capacity_gb,32,GB
391,98,speed_mhz,6400,MHz
392,98,module_count,2,EA
393,99,ram_type,DDR5,
394,99,capacity_gb,32,GB
395,99,speed_mhz,6000,MHz
396,99,module_count,2,EA
397,100,ram_type,DDR5,
398,100,capacity_gb,32,GB
399,100,speed_mhz,6000,MHz
400,100,module_count,2,EA
401,101,ram_type,DDR5,
402,101,capacity_gb,32,GB
403,101,speed_mhz,6000,MHz
404,101,module_count,2,EA
405,102,ram_type,DDR5,
406,102,capacity_gb,32,GB
407,102,speed_mhz,6400,MHz
408,102,module_count,2,EA
409,103,ram_type,DDR5,
410,103,capacity_gb,32,GB
411,103,speed_mhz,6000,MHz
412,103,module_count,2,EA
413,104,ram_type,DDR5,
414,104,capacity_gb,32,GB
415,104,speed_mhz,6000,MHz
416,104,module_count,2,EA
417,105,ram_type,DDR5,
418,105,capacity_gb,32,GB
419,105,speed_mhz,6000,MHz
420,105,module_count,2,EA
421,106,ram_type,DDR5,
422,106,capacity_gb,32,GB
423,106,speed_mhz,6000,MHz
424,106,module_count,2,EA
425,107,ram_type,DDR5,
426,107,capacity_gb,32,GB
427,107,speed_mhz,6400,MHz
428,107,module_count,2,EA
429,108,ram_type,DDR5,
430,108,capacity_gb,32,GB
431,108,speed_mhz,6000,MHz
432,108,module_count,2,EA
433,109,ram_type,DDR5,
434,109,capacity_gb,32,GB
435,109,speed_mhz,6000,MHz
436,109,module_count,2,EA
437,110,ram_type,DDR5,
438,110,capacity_gb,32,GB
439,110,speed_mhz,7200,MHz
440,110,module_count,2,EA
441,111,ram_type,DDR5,
442,111,capacity_gb,32,GB
443,111,speed_mhz,6000,MHz
444,111,module_count,2,EA
445,112,ram_type,DDR5,
446,112,capacity_gb,32,GB
447,112,speed_mhz,6400,MHz
448,112,module_count,2,EA
449,113,ram_type,DDR5,
450,113,capacity_gb,32,GB
451,113,speed_mhz,6000,MHz
452,113,module_count,2,EA
453,114,ram_type,DDR5,
454,114,capacity_gb,32,GB
455,114,speed_mhz,6400,MHz
456,114,module_count,2,EA
457,115,ram_type,DDR5,
458,115,capacity_gb,32,GB
459,115,speed_mhz,6400,MHz
460,115,module_count,2,EA
461,116,ram_type,DDR5,
462,116,capacity_gb,32,GB
463,116,speed_mhz,7200,MHz
464,116,module_count,2,EA
465,117,ram_type,DDR5,
466,117,capacity_gb,32,GB
467,117,speed_mhz,7200,MHz
468,117,module_count,2,EA
469,118,ram_type,DDR5,
470,118,capacity_gb,32,GB
471,118,speed_mhz,6400,MHz
472,118,module_count,2,EA
473,119,ram_type,DDR5,
474,119,capacity_gb,32,GB
475,119,speed_mhz,5600,MHz
476,119,module_count,1,EA
477,120,ram_type,DDR5,
478,120,capacity_gb,32,GB
479,120,speed_mhz,6000,MHz
480,120,module_count,2,EA
481,121,ram_type,DDR5,
482,121,capacity_gb,32,GB
483,121,speed_mhz,6000,MHz
484,121,module_count,2,EA
485,122,ram_type,DDR5,
486,122,capacity_gb,32,GB
487,122,speed_mhz,6000,MHz
488,122,module_count,2,EA
489,123,ram_type,DDR5,
490,123,capacity_gb,32,GB
491,123,speed_mhz,5600,MHz
492,123,module_count,2,EA
493,124,ram_type,DDR5,
494,124,capacity_gb,32,GB
495,124,speed_mhz,5600,MHz
496,124,module_count,2,EA
497,125,ram_type,DDR5,
498,125,capacity_gb,32,GB
499,125,speed_mhz,5600,MHz
500,125,module_count,2,EA
501,126,ram_type,DDR5,
502,126,capacity_gb,32,GB
503,126,speed_mhz,6000,MHz
504,126,module_count,2,EA
505,127,ram_type,DDR5,
506,127,capacity_gb,32,GB
507,127,speed_mhz,7200,MHz
508,127,module_count,2,EA
509,128,ram_type,DDR5,
510,128,capacity_gb,32,GB
511,128,speed_mhz,6000,MHz
512,128,module_count,2,EA
513,129,ram_type,DDR5,
514,129,capacity_gb,32,GB
515,129,speed_mhz,6000,MHz
516,129,module_count,2,EA
517,130,ram_type,DDR5,
518,130,capacity_gb,32,GB
519,130,speed_mhz,6000,MHz
520,130,module_count,2,EA
521,131,ram_type,DDR5,
522,131,capacity_gb,32,GB
523,131,speed_mhz,6000,MHz
524,131,module_count,2,EA
525,132,ram_type,DDR5,
526,132,capacity_gb,32,GB
527,132,speed_mhz,6000,MHz
528,132,module_count,2,EA
529,133,ram_type,DDR5,
530,133,capacity_gb,32,GB
531,133,speed_mhz,4800,MHz
532,133,module_count,1,EA
533,134,ram_type,DDR5,
534,134,capacity_gb,32,GB
535,134,speed_mhz,6000,MHz
536,134,module_count,2,EA
537,135,ram_type,DDR5,
538,135,capacity_gb,32,GB
539,135,speed_mhz,5600,MHz
540,135,module_count,1,EA
541,136,ram_type,DDR5,
542,136,capacity_gb,32,GB
543,136,speed_mhz,7200,MHz
544,136,module_count,2,EA
545,137,ram_type,DDR5,
546,137,capacity_gb,32,GB
547,137,speed_mhz,6400,MHz
548,137,module_count,2,EA
549,138,ram_type,DDR5,
550,138,capacity_gb,32,GB
551,138,speed_mhz,6000,MHz
552,138,module_count,2,EA
553,139,ram_type,DDR5,
554,139,capacity_gb,32,GB
555,139,speed_mhz,5600,MHz
556,139,module_count,1,EA
557,140,ram_type,DDR5,
558,140,capacity_gb,32,GB
559,140,speed_mhz,5600,MHz
560,140,module_count,1,EA
561,141,ram_type,DDR5,
562,141,capacity_gb,32,GB
563,141,speed_mhz,6400,MHz
564,141,module_count,2,EA
565,142,ram_type,DDR5,
566,142,capacity_gb,32,GB
567,142,speed_mhz,5600,MHz
568,142,module_count,2,EA
569,143,ram_type,DDR5,
570,143,capacity_gb,32,GB
571,143,speed_mhz,6000,MHz
572,143,module_count,2,EA
573,144,ram_type,DDR5,
574,144,capacity_gb,32,GB
575,144,speed_mhz,6400,MHz
576,144,module_count,1,EA
577,145,ram_type,DDR5,
578,145,capacity_gb,32,GB
579,145,speed_mhz,6400,MHz
580,145,module_count,2,EA
581,146,ram_type,DDR5,
582,146,capacity_gb,32,GB
583,146,speed_mhz,6400,MHz
584,146,module_count,2,EA
585,147,ram_type,DDR5,
586,147,capacity_gb,32,GB
587,147,speed_mhz,6400,MHz
588,147,module_count,2,EA
589,148,ram_type,DDR5,
590,148,capacity_gb,32,GB
591,148,speed_mhz,6400,MHz
592,148,module_count,1,EA
593,149,ram_type,DDR5,
594,149,capacity_gb,32,GB
595,149,speed_mhz,6400,MHz
596,149,module_count,1,EA
597,150,ram_type,DDR5,
598,150,capacity_gb,32,GB
599,150,speed_mhz,5600,MHz
600,150,module_count,1,EA
601,151,ram_type,DDR5,
602,151,capacity_gb,32,GB
603,151,speed_mhz,6000,MHz
604,151,module_count,2,EA
605,152,ram_type,DDR5,
606,152,capacity_gb,32,GB
607,152,speed_mhz,5600,MHz
608,152,module_count,1,EA
609,153,ram_type,DDR5,
610,153,capacity_gb,32,GB
611,153,speed_mhz,6400,MHz
612,153,module_count,2,EA
613,154,ram_type,DDR5,
614,154,capacity_gb,32,GB
615,154,speed_mhz,6400,MHz
616,154,module_count,2,EA
617,155,ram_type,DDR5,
618,155,capacity_gb,32,GB
619,155,speed_mhz,5600,MHz
620,155,module_count,2,EA
621,156,ram_type,DDR5,
622,156,capacity_gb,32,GB
623,156,speed_mhz,6400,MHz
624,156,module_count,2,EA
625,157,ram_type,DDR5,
626,157,capacity_gb,32,GB
627,157,speed_mhz,6000,MHz
628,157,module_count,2,EA
629,158,ram_type,DDR5,
630,158,capacity_gb,32,GB
631,158,speed_mhz,6400,MHz
632,158,module_count,2,EA
633,159,ram_type,DDR5,
634,159,capacity_gb,64,GB
635,159,speed_mhz,6000,MHz
636,159,module_count,2,EA
637,160,ram_type,DDR5,
638,160,capacity_gb,64,GB
639,160,speed_mhz,6000,MHz
640,160,module_count,2,EA
641,161,ram_type,DDR5,
642,161,capacity_gb,64,GB
643,161,speed_mhz,6000,MHz
644,161,module_count,2,EA
645,162,ram_type,DDR5,
646,162,capacity_gb,64,GB
647,162,speed_mhz,6400,MHz
648,162,module_count,2,EA
649,163,ram_type,DDR5,
650,163,capacity_gb,64,GB
651,163,speed_mhz,6000,MHz
652,163,module_count,2,EA
653,164,ram_type,DDR5,
654,164,capacity_gb,64,GB
655,164,speed_mhz,5600,MHz
656,164,module_count,2,EA
657,165,ram_type,DDR5,
658,165,capacity_gb,64,GB
659,165,speed_mhz,5600,MHz
660,165,module_count,2,EA
661,166,ram_type,DDR5,
662,166,capacity_gb,64,GB
663,166,speed_mhz,6000,MHz
664,166,module_count,2,EA
665,167,ram_type,DDR5,
666,167,capacity_gb,64,GB
667,167,speed_mhz,5600,MHz
668,167,module_count,2,EA
669,168,ram_type,DDR5,
670,168,capacity_gb,64,GB
671,168,speed_mhz,6400,MHz
672,168,module_count,2,EA
673,169,ram_type,DDR5,
674,169,capacity_gb,64,GB
675,169,speed_mhz,6400,MHz
676,169,module_count,2,EA
677,170,ram_type,DDR5,
678,170,capacity_gb,64,GB
679,170,speed_mhz,6400,MHz
680,170,module_count,1,EA
681,171,ram_type,DDR5,
682,171,capacity_gb,64,GB
683,171,speed_mhz,5600,MHz
684,171,module_count,1,EA
685,172,ram_type,DDR5,
686,172,capacity_gb,64,GB
687,172,speed_mhz,5600,MHz
688,172,module_count,1,EA
689,173,ram_type,DDR5,
690,173,capacity_gb,64,GB
691,173,speed_mhz,5600,MHz
692,173,module_count,2,EA
693,174,ram_type,DDR5,
694,174,capacity_gb,64,GB
695,174,speed_mhz,5600,MHz
696,174,module_count,1,EA
697,175,ram_type,DDR5,
698,175,capacity_gb,64,GB
699,175,speed_mhz,5600,MHz
700,175,module_count,2,EA
701,176,ram_type,DDR5,
702,176,capacity_gb,64,GB
703,176,speed_mhz,5600,MHz
704,176,module_count,2,EA
705,177,cpu_brand,Intel,
706,177,cpu_socket,LGA1700,
707,177,tdp_watt,65,W
708,177,cpu_core,6,EA
709,177,thread,12,EA
710,177,cpu_clock,4.4,GHz
711,177,cpu_L2,7.5,MB
712,177,cpu_L3,18,MB
713,177,DDR,"DDR5, DDR4",
714,177,has_igpu,N,
715,177,cpu_level,GAMING,
716,178,cpu_brand,Intel,
717,178,cpu_socket,LGA1700,
718,178,tdp_watt,125,W
719,178,cpu_core,12,EA
720,178,thread,20,EA
721,178,cpu_clock,5.0,GHz
722,178,cpu_L2,12,MB
723,178,cpu_L3,25,MB
724,178,DDR,"DDR5, DDR4",
725,178,has_igpu,Y,
726,178,cpu_level,STREAMING,
727,179,cpu_brand,Intel,
728,179,cpu_socket,LGA1700,
729,179,tdp_watt,65,W
730,179,cpu_core,12,EA
731,179,thread,20,EA
732,179,cpu_clock,4.9,GHz
733,179,cpu_L2,12,MB
734,179,cpu_L3,25,MB
735,179,DDR,"DDR5, DDR4",
736,179,has_igpu,N,
737,179,cpu_level,STREAMING,
738,180,cpu_brand,Intel,
739,180,cpu_socket,LGA1700,
740,180,tdp_watt,65,W
741,180,cpu_core,6,EA
742,180,thread,12,EA
743,180,cpu_clock,4.4,GHz
744,180,cpu_L2,7.5,MB
745,180,cpu_L3,18,MB
746,180,DDR,"DDR5, DDR4",
747,180,has_igpu,Y,
748,180,cpu_level,GAMING,
749,181,cpu_brand,Intel,
750,181,cpu_socket,LGA1700,
751,181,tdp_watt,60,W
752,181,cpu_core,4,EA
753,181,thread,8,EA
754,181,cpu_clock,4.3,GHz
755,181,cpu_L2,5,MB
756,181,cpu_L3,12,MB
757,181,DDR,"DDR5, DDR4",
758,181,has_igpu,Y,
759,181,cpu_level,OFFICE,
760,182,cpu_brand,Intel,
761,182,cpu_socket,LGA1700,
762,182,tdp_watt,65,W
763,182,cpu_core,12,EA
764,182,thread,20,EA
765,182,cpu_clock,4.9,GHz
766,182,cpu_L2,12,MB
767,182,cpu_L3,25,MB
768,182,DDR,"DDR5, DDR4",
769,182,has_igpu,Y,
770,182,cpu_level,STREAMING,
771,183,cpu_brand,Intel,
772,183,cpu_socket,LGA1700,
773,183,tdp_watt,125,W
774,183,cpu_core,16,EA
775,183,thread,24,EA
776,183,cpu_clock,5.2,GHz
777,183,cpu_L2,14,MB
778,183,cpu_L3,30,MB
779,183,DDR,"DDR5, DDR4",
780,183,has_igpu,Y,
781,183,cpu_level,CREATOR,
782,184,cpu_brand,Intel,
783,184,cpu_socket,LGA1700,
784,184,tdp_watt,60,W
785,184,cpu_core,4,EA
786,184,thread,8,EA
787,184,cpu_clock,4.3,GHz
788,184,cpu_L2,5,MB
789,184,cpu_L3,12,MB
790,184,DDR,"DDR5, DDR4",
791,184,has_igpu,N,
792,184,cpu_level,OFFICE,
793,185,cpu_brand,Intel,
794,185,cpu_socket,LGA1700,
795,185,tdp_watt,65,W
796,185,cpu_core,6,EA
797,185,thread,12,EA
798,185,cpu_clock,4.6,GHz
799,185,cpu_L2,7.5,MB
800,185,cpu_L3,18,MB
801,185,DDR,"DDR5, DDR4",
802,185,has_igpu,Y,
803,185,cpu_level,GAMING,
804,186,cpu_brand,Intel,
805,186,cpu_socket,LGA1700,
806,186,tdp_watt,125,W
807,186,cpu_core,12,EA
808,186,thread,20,EA
809,186,cpu_clock,5.0,GHz
810,186,cpu_L2,12,MB
811,186,cpu_L3,25,MB
812,186,DDR,"DDR5, DDR4",
813,186,has_igpu,N,
814,186,cpu_level,STREAMING,
815,187,cpu_brand,Intel,
816,187,cpu_socket,LGA1700,
817,187,tdp_watt,65,W
818,187,cpu_core,16,EA
819,187,thread,24,EA
820,187,cpu_clock,5.1,GHz
821,187,cpu_L2,14,MB
822,187,cpu_L3,30,MB
823,187,DDR,"DDR5, DDR4",
824,187,has_igpu,Y,
825,187,cpu_level,CREATOR,
826,188,cpu_brand,Intel,
827,188,cpu_socket,LGA1700,
828,188,tdp_watt,125,W
829,188,cpu_core,10,EA
830,188,thread,16,EA
831,188,cpu_clock,4.9,GHz
832,188,cpu_L2,9.5,MB
833,188,cpu_L3,20,MB
834,188,DDR,"DDR5, DDR4",
835,188,has_igpu,N,
836,188,cpu_level,GAMING,
837,189,cpu_brand,Intel,
838,189,cpu_socket,LGA1700,
839,189,tdp_watt,125,W
840,189,cpu_core,10,EA
841,189,thread,16,EA
842,189,cpu_clock,4.9,GHz
843,189,cpu_L2,9.5,MB
844,189,cpu_L3,20,MB
845,189,DDR,"DDR5, DDR4",
846,189,has_igpu,Y,
847,189,cpu_level,GAMING,
848,190,cpu_brand,Intel,
849,190,cpu_socket,LGA1700,
850,190,tdp_watt,125,W
851,190,cpu_core,16,EA
852,190,thread,24,EA
853,190,cpu_clock,5.2,GHz
854,190,cpu_L2,14,MB
855,190,cpu_L3,30,MB
856,190,DDR,"DDR5, DDR4",
857,190,has_igpu,N,
858,190,cpu_level,CREATOR,
859,191,cpu_brand,Intel,
860,191,cpu_socket,LGA1700,
861,191,tdp_watt,35,W
862,191,cpu_core,4,EA
863,191,thread,8,EA
864,191,cpu_clock,4.1,GHz
865,191,cpu_L2,5,MB
866,191,cpu_L3,12,MB
867,191,DDR,"DDR5, DDR4",
868,191,has_igpu,Y,
869,191,cpu_level,OFFICE,
870,192,cpu_brand,Intel,
871,192,cpu_socket,LGA1700,
872,192,tdp_watt,65,W
873,192,cpu_core,6,EA
874,192,thread,12,EA
875,192,cpu_clock,4.8,GHz
876,192,cpu_L2,7.5,MB
877,192,cpu_L3,18,MB
878,192,DDR,"DDR5, DDR4",
879,192,has_igpu,Y,
880,192,cpu_level,GAMING,
881,193,cpu_brand,Intel,
882,193,cpu_socket,LGA1700,
883,193,tdp_watt,35,W
884,193,cpu_core,6,EA
885,193,thread,12,EA
886,193,cpu_clock,4.4,GHz
887,193,cpu_L2,7.5,MB
888,193,cpu_L3,18,MB
889,193,DDR,"DDR5, DDR4",
890,193,has_igpu,Y,
891,193,cpu_level,GAMING,
892,194,cpu_brand,Intel,
893,194,cpu_socket,LGA1700,
894,194,tdp_watt,65,W
895,194,cpu_core,16,EA
896,194,thread,24,EA
897,194,cpu_clock,5.1,GHz
898,194,cpu_L2,14,MB
899,194,cpu_L3,30,MB
900,194,DDR,"DDR5, DDR4",
901,194,has_igpu,N,
902,194,cpu_level,CREATOR,
903,195,cpu_brand,Intel,
904,195,cpu_socket,LGA1700,
905,195,tdp_watt,150,W
906,195,cpu_core,16,EA
907,195,thread,24,EA
908,195,cpu_clock,5.5,GHz
909,195,cpu_L2,14,MB
910,195,cpu_L3,30,MB
911,195,DDR,"DDR5, DDR4",
912,195,has_igpu,Y,
913,195,cpu_level,CREATOR,
914,196,cpu_brand,Intel,
915,196,cpu_socket,LGA1700,
916,196,tdp_watt,74,W
917,196,cpu_core,6,EA
918,196,thread,12,EA
919,196,cpu_clock,4.2,GHz
920,196,cpu_L2,7.5,MB
921,196,cpu_L3,18,MB
922,196,DDR,"DDR5, DDR4",
923,196,has_igpu,Y,
924,196,cpu_level,GAMING,
925,197,cpu_brand,Intel,
926,197,cpu_socket,LGA1700,
927,197,tdp_watt,35,W
928,197,cpu_core,12,EA
929,197,thread,20,EA
930,197,cpu_clock,4.7,GHz
931,197,cpu_L2,12,MB
932,197,cpu_L3,25,MB
933,197,DDR,"DDR5, DDR4",
934,197,has_igpu,Y,
935,197,cpu_level,STREAMING,
936,198,cpu_brand,Intel,
937,198,cpu_socket,LGA1700,
938,198,tdp_watt,35,W
939,198,cpu_core,16,EA
940,198,thread,24,EA
941,198,cpu_clock,4.9,GHz
942,198,cpu_L2,14,MB
943,198,cpu_L3,30,MB
944,198,DDR,"DDR5, DDR4",
945,198,has_igpu,Y,
946,198,cpu_level,STREAMING,
947,199,cpu_brand,Intel,
948,199,cpu_socket,LGA1700,
949,199,tdp_watt,154,W
950,199,cpu_core,14,EA
951,199,thread,20,EA
952,199,cpu_clock,4.8,GHz
953,199,cpu_L2,11.5,MB
954,199,cpu_L3,24,MB
955,199,DDR,"DDR5, DDR4",
956,199,has_igpu,Y,
957,199,cpu_level,STREAMING,
958,200,cpu_brand,Intel,
959,200,cpu_socket,LGA1700,
960,200,tdp_watt,219,W
961,200,cpu_core,24,EA
962,200,thread,32,EA
963,200,cpu_clock,5.6,GHz
964,200,cpu_L2,32,MB
965,200,cpu_L3,36,MB
966,200,DDR,"DDR5, DDR4",
967,200,has_igpu,N,
968,200,cpu_level,CREATOR,
969,201,cpu_brand,Intel,
970,201,cpu_socket,LGA1700,
971,201,tdp_watt,253,W
972,201,cpu_core,24,EA
973,201,thread,32,EA
974,201,cpu_clock,5.8,GHz
975,201,cpu_L2,32,MB
976,201,cpu_L3,36,MB
977,201,DDR,"DDR5, DDR4",
978,201,has_igpu,Y,
979,201,cpu_level,CREATOR,
980,202,cpu_brand,Intel,
981,202,cpu_socket,LGA1700,
982,202,tdp_watt,148,W
983,202,cpu_core,10,EA
984,202,thread,16,EA
985,202,cpu_clock,4.6,GHz
986,202,cpu_L2,9.5,MB
987,202,cpu_L3,20,MB
988,202,DDR,"DDR5, DDR4",
989,202,has_igpu,N,
990,202,cpu_level,GAMING,
991,203,cpu_brand,Intel,
992,203,cpu_socket,LGA1700,
993,203,tdp_watt,154,W
994,203,cpu_core,10,EA
995,203,thread,16,EA
996,203,cpu_clock,4.6,GHz
997,203,cpu_L2,9.5,MB
998,203,cpu_L3,20,MB
999,203,DDR,"DDR5, DDR4",
1000,203,has_igpu,Y,
1001,203,cpu_level,GAMING,
1002,204,cpu_brand,Intel,
1003,204,cpu_socket,LGA1700,
1004,204,tdp_watt,219,W
1005,204,cpu_core,16,EA
1006,204,thread,24,EA
1007,204,cpu_clock,5.2,GHz
1008,204,cpu_L2,24,MB
1009,204,cpu_L3,30,MB
1010,204,DDR,"DDR5, DDR4",
1011,204,has_igpu,N,
1012,204,cpu_level,STREAMING,
1013,205,cpu_brand,Intel,
1014,205,cpu_socket,LGA1700,
1015,205,tdp_watt,89,W
1016,205,cpu_core,4,EA
1017,205,thread,8,EA
1018,205,cpu_clock,4.5,GHz
1019,205,cpu_L2,5,MB
1020,205,cpu_L3,12,MB
1021,205,DDR,"DDR5, DDR4",
1022,205,has_igpu,Y,
1023,205,cpu_level,OFFICE,
1024,206,cpu_brand,Intel,
1025,206,cpu_socket,LGA1700,
1026,206,tdp_watt,219,W
1027,206,cpu_core,24,EA
1028,206,thread,32,EA
1029,206,cpu_clock,5.6,GHz
1030,206,cpu_L2,32,MB
1031,206,cpu_L3,36,MB
1032,206,DDR,"DDR5, DDR4",
1033,206,has_igpu,Y,
1034,206,cpu_level,CREATOR,
1035,207,cpu_brand,Intel,
1036,207,cpu_socket,LGA1700,
1037,207,tdp_watt,253,W
1038,207,cpu_core,24,EA
1039,207,thread,32,EA
1040,207,cpu_clock,5.8,GHz
1041,207,cpu_L2,32,MB
1042,207,cpu_L3,36,MB
1043,207,DDR,"DDR5, DDR4",
1044,207,has_igpu,N,
1045,207,cpu_level,CREATOR,
1046,208,cpu_brand,Intel,
1047,208,cpu_socket,LGA1700,
1048,208,tdp_watt,181,W
1049,208,cpu_core,14,EA
1050,208,thread,20,EA
1051,208,cpu_clock,5.1,GHz
1052,208,cpu_L2,20,MB
1053,208,cpu_L3,24,MB
1054,208,DDR,"DDR5, DDR4",
1055,208,has_igpu,N,
1056,208,cpu_level,STREAMING,
1057,209,cpu_brand,Intel,
1058,209,cpu_socket,LGA1700,
1059,209,tdp_watt,253,W
1060,209,cpu_core,16,EA
1061,209,thread,24,EA
1062,209,cpu_clock,5.4,GHz
1063,209,cpu_L2,24,MB
1064,209,cpu_L3,30,MB
1065,209,DDR,"DDR5, DDR4",
1066,209,has_igpu,N,
1067,209,cpu_level,STREAMING,
1068,210,cpu_brand,Intel,
1069,210,cpu_socket,LGA1700,
1070,210,tdp_watt,253,W
1071,210,cpu_core,16,EA
1072,210,thread,24,EA
1073,210,cpu_clock,5.4,GHz
1074,210,cpu_L2,24,MB
1075,210,cpu_L3,30,MB
1076,210,DDR,"DDR5, DDR4",
1077,210,has_igpu,Y,
1078,210,cpu_level,STREAMING,
1079,211,cpu_brand,Intel,
1080,211,cpu_socket,LGA1700,
1081,211,tdp_watt,181,W
1082,211,cpu_core,14,EA
1083,211,thread,20,EA
1084,211,cpu_clock,5.1,GHz
1085,211,cpu_L2,20,MB
1086,211,cpu_L3,24,MB
1087,211,DDR,"DDR5, DDR4",
1088,211,has_igpu,Y,
1089,211,cpu_level,STREAMING,
1090,212,cpu_brand,Intel,
1091,212,cpu_socket,LGA1700,
1092,212,tdp_watt,154,W
1093,212,cpu_core,14,EA
1094,212,thread,20,EA
1095,212,cpu_clock,5.0,GHz
1096,212,cpu_L2,11.5,MB
1097,212,cpu_L3,24,MB
1098,212,DDR,"DDR5, DDR4",
1099,212,has_igpu,Y,
1100,212,cpu_level,STREAMING,
1101,213,cpu_brand,Intel,
1102,213,cpu_socket,LGA1700,
1103,213,tdp_watt,219,W
1104,213,cpu_core,16,EA
1105,213,thread,24,EA
1106,213,cpu_clock,5.2,GHz
1107,213,cpu_L2,24,MB
1108,213,cpu_L3,30,MB
1109,213,DDR,"DDR5, DDR4",
1110,213,has_igpu,Y,
1111,213,cpu_level,STREAMING,
1112,214,cpu_brand,Intel,
1113,214,cpu_socket,LGA1700,
1114,214,tdp_watt,89,W
1115,214,cpu_core,4,EA
1116,214,thread,8,EA
1117,214,cpu_clock,4.5,GHz
1118,214,cpu_L2,5,MB
1119,214,cpu_L3,12,MB
1120,214,DDR,"DDR5, DDR4",
1121,214,has_igpu,N,
1122,214,cpu_level,OFFICE,
1123,215,cpu_brand,Intel,
1124,215,cpu_socket,LGA1700,
1125,215,tdp_watt,253,W
1126,215,cpu_core,24,EA
1127,215,thread,32,EA
1128,215,cpu_clock,6.0,GHz
1129,215,cpu_L2,32,MB
1130,215,cpu_L3,36,MB
1131,215,DDR,"DDR5, DDR4",
1132,215,has_igpu,Y,
1133,215,cpu_level,CREATOR,
1134,216,cpu_brand,Intel,
1135,216,cpu_socket,LGA1700,
1136,216,tdp_watt,106,W
1137,216,cpu_core,24,EA
1138,216,thread,32,EA
1139,216,cpu_clock,5.3,GHz
1140,216,cpu_L2,32,MB
1141,216,cpu_L3,36,MB
1142,216,DDR,"DDR5, DDR4",
1143,216,has_igpu,Y,
1144,216,cpu_level,STREAMING,
1145,217,cpu_brand,Intel,
1146,217,cpu_socket,LGA1700,
1147,217,tdp_watt,106,W
1148,217,cpu_core,16,EA
1149,217,thread,24,EA
1150,217,cpu_clock,4.9,GHz
1151,217,cpu_L2,24,MB
1152,217,cpu_L3,30,MB
1153,217,DDR,"DDR5, DDR4",
1154,217,has_igpu,Y,
1155,217,cpu_level,STREAMING,
1156,218,cpu_brand,Intel,
1157,218,cpu_socket,LGA1700,
1158,218,tdp_watt,92,W
1159,218,cpu_core,14,EA
1160,218,thread,20,EA
1161,218,cpu_clock,4.6,GHz
1162,218,cpu_L2,11.5,MB
1163,218,cpu_L3,24,MB
1164,218,DDR,"DDR5, DDR4",
1165,218,has_igpu,Y,
1166,218,cpu_level,GAMING,
1167,219,cpu_brand,Intel,
1168,219,cpu_socket,LGA1700,
1169,219,tdp_watt,69,W
1170,219,cpu_core,4,EA
1171,219,thread,8,EA
1172,219,cpu_clock,4.2,GHz
1173,219,cpu_L2,5,MB
1174,219,cpu_L3,12,MB
1175,219,DDR,"DDR5, DDR4",
1176,219,has_igpu,Y,
1177,219,cpu_level,OFFICE,
1178,220,cpu_brand,Intel,
1179,220,cpu_socket,LGA1700,
1180,220,tdp_watt,148,W
1181,220,cpu_core,10,EA
1182,220,thread,16,EA
1183,220,cpu_clock,4.7,GHz
1184,220,cpu_L2,9.5,MB
1185,220,cpu_L3,20,MB
1186,220,DDR,"DDR5, DDR4",
1187,220,has_igpu,N,
1188,220,cpu_level,GAMING,
1189,221,cpu_brand,Intel,
1190,221,cpu_socket,LGA1700,
1191,221,tdp_watt,219,W
1192,221,cpu_core,20,EA
1193,221,thread,28,EA
1194,221,cpu_clock,5.4,GHz
1195,221,cpu_L2,28,MB
1196,221,cpu_L3,33,MB
1197,221,DDR,"DDR5, DDR4",
1198,221,has_igpu,Y,
1199,221,cpu_level,CREATOR,
1200,222,cpu_brand,Intel,
1201,222,cpu_socket,LGA1700,
1202,222,tdp_watt,181,W
1203,222,cpu_core,14,EA
1204,222,thread,20,EA
1205,222,cpu_clock,5.3,GHz
1206,222,cpu_L2,20,MB
1207,222,cpu_L3,24,MB
1208,222,DDR,"DDR5, DDR4",
1209,222,has_igpu,Y,
1210,222,cpu_level,STREAMING,
1211,223,cpu_brand,Intel,
1212,223,cpu_socket,LGA1700,
1213,223,tdp_watt,181,W
1214,223,cpu_core,14,EA
1215,223,thread,20,EA
1216,223,cpu_clock,5.3,GHz
1217,223,cpu_L2,20,MB
1218,223,cpu_L3,24,MB
1219,223,DDR,"DDR5, DDR4",
1220,223,has_igpu,N,
1221,223,cpu_level,STREAMING,
1222,224,cpu_brand,Intel,
1223,224,cpu_socket,LGA1700,
1224,224,tdp_watt,148,W
1225,224,cpu_core,10,EA
1226,224,thread,16,EA
1227,224,cpu_clock,4.7,GHz
1228,224,cpu_L2,9.5,MB
1229,224,cpu_L3,20,MB
1230,224,DDR,"DDR5, DDR4",
1231,224,has_igpu,Y,
1232,224,cpu_level,GAMING,
1233,225,cpu_brand,Intel,
1234,225,cpu_socket,LGA1700,
1235,225,tdp_watt,110,W
1236,225,cpu_core,4,EA
1237,225,thread,8,EA
1238,225,cpu_clock,4.7,GHz
1239,225,cpu_L2,5,MB
1240,225,cpu_L3,12,MB
1241,225,DDR,"DDR5, DDR4",
1242,225,has_igpu,Y,
1243,225,cpu_level,OFFICE,
1244,226,cpu_brand,Intel,
1245,226,cpu_socket,LGA1700,
1246,226,tdp_watt,253,W
1247,226,cpu_core,20,EA
1248,226,thread,28,EA
1249,226,cpu_clock,5.6,GHz
1250,226,cpu_L2,28,MB
1251,226,cpu_L3,33,MB
1252,226,DDR,"DDR5, DDR4",
1253,226,has_igpu,N,
1254,226,cpu_level,CREATOR,
1255,227,cpu_brand,Intel,
1256,227,cpu_socket,LGA1700,
1257,227,tdp_watt,154,W
1258,227,cpu_core,14,EA
1259,227,thread,20,EA
1260,227,cpu_clock,5.0,GHz
1261,227,cpu_L2,11.5,MB
1262,227,cpu_L3,24,MB
1263,227,DDR,"DDR5, DDR4",
1264,227,has_igpu,Y,
1265,227,cpu_level,STREAMING,
1266,228,cpu_brand,Intel,
1267,228,cpu_socket,LGA1700,
1268,228,tdp_watt,110,W
1269,228,cpu_core,4,EA
1270,228,thread,8,EA
1271,228,cpu_clock,4.7,GHz
1272,228,cpu_L2,5,MB
1273,228,cpu_L3,12,MB
1274,228,DDR,"DDR5, DDR4",
1275,228,has_igpu,N,
1276,228,cpu_level,OFFICE,
1277,229,cpu_brand,Intel,
1278,229,cpu_socket,LGA1700,
1279,229,tdp_watt,219,W
1280,229,cpu_core,20,EA
1281,229,thread,28,EA
1282,229,cpu_clock,5.4,GHz
1283,229,cpu_L2,28,MB
1284,229,cpu_L3,33,MB
1285,229,DDR,"DDR5, DDR4",
1286,229,has_igpu,N,
1287,229,cpu_level,CREATOR,
1288,230,cpu_brand,Intel,
1289,230,cpu_socket,LGA1700,
1290,230,tdp_watt,253,W
1291,230,cpu_core,24,EA
1292,230,thread,32,EA
1293,230,cpu_clock,6.0,GHz
1294,230,cpu_L2,32,MB
1295,230,cpu_L3,36,MB
1296,230,DDR,"DDR5, DDR4",
1297,230,has_igpu,Y,
1298,230,cpu_level,CREATOR,
1299,231,cpu_brand,Intel,
1300,231,cpu_socket,LGA1700,
1301,231,tdp_watt,253,W
1302,231,cpu_core,24,EA
1303,231,thread,32,EA
1304,231,cpu_clock,6.0,GHz
1305,231,cpu_L2,32,MB
1306,231,cpu_L3,36,MB
1307,231,DDR,"DDR5, DDR4",
1308,231,has_igpu,N,
1309,231,cpu_level,CREATOR,
1310,232,cpu_brand,Intel,
1311,232,cpu_socket,LGA1700,
1312,232,tdp_watt,253,W
1313,232,cpu_core,20,EA
1314,232,thread,28,EA
1315,232,cpu_clock,5.6,GHz
1316,232,cpu_L2,28,MB
1317,232,cpu_L3,33,MB
1318,232,DDR,"DDR5, DDR4",
1319,232,has_igpu,Y,
1320,232,cpu_level,CREATOR,
1321,233,cpu_brand,Intel,
1322,233,cpu_socket,LGA1700,
1323,233,tdp_watt,219,W
1324,233,cpu_core,24,EA
1325,233,thread,32,EA
1326,233,cpu_clock,5.8,GHz
1327,233,cpu_L3,36,MB
1328,233,DDR,"DDR5, DDR4",
1329,233,has_igpu,Y,
1330,233,cpu_level,CREATOR,
1331,234,cpu_brand,Intel,
1332,234,cpu_socket,LGA1700,
1333,234,tdp_watt,219,W
1334,234,cpu_core,24,EA
1335,234,thread,32,EA
1336,234,cpu_clock,5.8,GHz
1337,234,cpu_L2,32,MB
1338,234,cpu_L3,36,MB
1339,234,DDR,"DDR5, DDR4",
1340,234,has_igpu,N,
1341,234,cpu_level,CREATOR,
1342,235,cpu_brand,Intel,
1343,235,cpu_socket,LGA1700,
1344,235,tdp_watt,410,W
1345,235,cpu_core,24,EA
1346,235,thread,32,EA
1347,235,cpu_clock,6.2,GHz
1348,235,cpu_L2,32,MB
1349,235,cpu_L3,36,MB
1350,235,DDR,"DDR5, DDR4",
1351,235,has_igpu,Y,
1352,235,cpu_level,CREATOR,
1353,236,cpu_brand,Intel,
1354,236,cpu_socket,LGA1700,
1355,236,tdp_watt,69,W
1356,236,cpu_core,4,EA
1357,236,thread,8,EA
1358,236,cpu_clock,4.4,GHz
1359,236,cpu_L2,5,MB
1360,236,cpu_L3,12,MB
1361,236,DDR,"DDR5, DDR4",
1362,236,has_igpu,Y,
1363,236,cpu_level,OFFICE,
1364,237,cpu_brand,Intel,
1365,237,cpu_socket,LGA1700,
1366,237,tdp_watt,106,W
1367,237,cpu_core,20,EA
1368,237,thread,28,EA
1369,237,cpu_clock,5.2,GHz
1370,237,cpu_L2,28,MB
1371,237,cpu_L3,33,MB
1372,237,DDR,"DDR5, DDR4",
1373,237,has_igpu,Y,
1374,237,cpu_level,STREAMING,
1375,238,cpu_brand,Intel,
1376,238,cpu_socket,LGA1700,
1377,238,tdp_watt,106,W
1378,238,cpu_core,24,EA
1379,238,thread,32,EA
1380,238,cpu_clock,5.5,GHz
1381,238,cpu_L2,32,MB
1382,238,cpu_L3,36,MB
1383,238,DDR,"DDR5, DDR4",
1384,238,has_igpu,Y,
1385,238,cpu_level,STREAMING,
1386,239,cpu_brand,Intel,
1387,239,cpu_socket,LGA1700,
1388,239,tdp_watt,92,W
1389,239,cpu_core,14,EA
1390,239,thread,20,EA
1391,239,cpu_clock,4.8,GHz
1392,239,cpu_L2,11.5,MB
1393,239,cpu_L3,24,MB
1394,239,DDR,"DDR5, DDR4",
1395,239,has_igpu,Y,
1396,239,cpu_level,GAMING,
1397,240,cpu_brand,Intel,
1398,240,cpu_socket,LGA1851,
1399,240,tdp_watt,250,W
1400,240,cpu_core,24,EA
1401,240,thread,24,EA
1402,240,cpu_clock,5.5,GHz
1403,240,cpu_L2,40,MB
1404,240,cpu_L3,36,MB
1405,240,DDR,DDR5,
1406,240,has_igpu,Y,
1407,240,cpu_level,CREATOR,
1408,241,cpu_brand,Intel,
1409,241,cpu_socket,LGA1851,
1410,241,tdp_watt,159,W
1411,241,cpu_core,18,EA
1412,241,thread,18,EA
1413,241,cpu_clock,5.3,GHz
1414,241,cpu_L2,30,MB
1415,241,cpu_L3,30,MB
1416,241,DDR,DDR5,
1417,241,has_igpu,Y,
1418,241,cpu_level,STREAMING,
1419,242,cpu_brand,Intel,
1420,242,cpu_socket,LGA1851,
1421,242,tdp_watt,250,W
1422,242,cpu_core,20,EA
1423,242,thread,20,EA
1424,242,cpu_clock,5.5,GHz
1425,242,cpu_L2,36,MB
1426,242,cpu_L3,30,MB
1427,242,DDR,DDR5,
1428,242,has_igpu,Y,
1429,242,cpu_level,CREATOR,
1430,243,cpu_brand,Intel,
1431,243,cpu_socket,LGA1851,
1432,243,tdp_watt,250,W
1433,243,cpu_core,24,EA
1434,243,thread,24,EA
1435,243,cpu_clock,5.7,GHz
1436,243,cpu_L2,40,MB
1437,243,cpu_L3,36,MB
1438,243,DDR,DDR5,
1439,243,has_igpu,Y,
1440,243,cpu_level,CREATOR,
1441,244,cpu_brand,Intel,
1442,244,cpu_socket,LGA1851,
1443,244,tdp_watt,121,W
1444,244,cpu_core,10,EA
1445,244,thread,10,EA
1446,244,cpu_clock,4.9,GHz
1447,244,cpu_L2,22,MB
1448,244,cpu_L3,20,MB
1449,244,DDR,DDR5,
1450,244,has_igpu,Y,
1451,244,cpu_level,GAMING,
1452,245,cpu_brand,Intel,
1453,245,cpu_socket,LGA1851,
1454,245,tdp_watt,121,W
1455,245,cpu_core,10,EA
1456,245,thread,10,EA
1457,245,cpu_clock,4.9,GHz
1458,245,cpu_L2,22,MB
1459,245,cpu_L3,20,MB
1460,245,DDR,DDR5,
1461,245,has_igpu,N,
1462,245,cpu_level,GAMING,
1463,246,cpu_brand,Intel,
1464,246,cpu_socket,LGA1851,
1465,246,tdp_watt,159,W
1466,246,cpu_core,18,EA
1467,246,thread,18,EA
1468,246,cpu_clock,5.3,GHz
1469,246,cpu_L2,30,MB
1470,246,cpu_L3,30,MB
1471,246,DDR,DDR5,
1472,246,has_igpu,N,
1473,246,cpu_level,STREAMING,
1474,247,cpu_brand,Intel,
1475,247,cpu_socket,LGA1851,
1476,247,tdp_watt,159,W
1477,247,cpu_core,14,EA
1478,247,thread,14,EA
1479,247,cpu_clock,5.2,GHz
1480,247,cpu_L2,26,MB
1481,247,cpu_L3,24,MB
1482,247,DDR,DDR5,
1483,247,has_igpu,Y,
1484,247,cpu_level,STREAMING,
1485,248,cpu_brand,Intel,
1486,248,cpu_socket,LGA1851,
1487,248,tdp_watt,182,W
1488,248,cpu_core,24,EA
1489,248,thread,24,EA
1490,248,cpu_clock,5.6,GHz
1491,248,cpu_L2,40,MB
1492,248,cpu_L3,36,MB
1493,248,DDR,DDR5,
1494,248,has_igpu,Y,
1495,248,cpu_level,CREATOR,
1496,249,cpu_brand,Intel,
1497,249,cpu_socket,LGA1851,
1498,249,tdp_watt,250,W
1499,249,cpu_core,20,EA
1500,249,thread,20,EA
1501,249,cpu_clock,5.5,GHz
1502,249,cpu_L2,36,MB
1503,249,cpu_L3,30,MB
1504,249,DDR,DDR5,
1505,249,has_igpu,N,
1506,249,cpu_level,CREATOR,
1507,250,cpu_brand,Intel,
1508,250,cpu_socket,LGA1851,
1509,250,tdp_watt,182,W
1510,250,cpu_core,20,EA
1511,250,thread,20,EA
1512,250,cpu_clock,5.3,GHz
1513,250,cpu_L2,36,MB
1514,250,cpu_L3,30,MB
1515,250,DDR,DDR5,
1516,250,has_igpu,Y,
1517,250,cpu_level,STREAMING,
1518,251,cpu_brand,Intel,
1519,251,cpu_socket,LGA1851,
1520,251,tdp_watt,121,W
1521,251,cpu_core,14,EA
1522,251,thread,14,EA
1523,251,cpu_clock,5.0,GHz
1524,251,cpu_L2,26,MB
1525,251,cpu_L3,24,MB
1526,251,DDR,DDR5,
1527,251,has_igpu,Y,
1528,251,cpu_level,GAMING,
1529,252,cpu_brand,Intel,
1530,252,cpu_socket,LGA1851,
1531,252,tdp_watt,159,W
1532,252,cpu_core,14,EA
1533,252,thread,14,EA
1534,252,cpu_clock,5.2,GHz
1535,252,cpu_L2,26,MB
1536,252,cpu_L3,24,MB
1537,252,DDR,DDR5,
1538,252,has_igpu,N,
1539,252,cpu_level,STREAMING,
1540,253,cpu_brand,Intel,
1541,253,cpu_socket,LGA1851,
1542,253,tdp_watt,182,W
1543,253,cpu_core,20,EA
1544,253,thread,20,EA
1545,253,cpu_clock,5.3,GHz
1546,253,cpu_L2,36,MB
1547,253,cpu_L3,30,MB
1548,253,DDR,DDR5,
1549,253,has_igpu,N,
1550,253,cpu_level,STREAMING,
1551,254,cpu_brand,Intel,
1552,254,cpu_socket,LGA1851,
1553,254,tdp_watt,121,W
1554,254,cpu_core,14,EA
1555,254,thread,14,EA
1556,254,cpu_clock,5.1,GHz
1557,254,cpu_L2,26,MB
1558,254,cpu_L3,24,MB
1559,254,DDR,DDR5,
1560,254,has_igpu,Y,
1561,254,cpu_level,GAMING,
1562,255,cpu_brand,Intel,
1563,255,cpu_socket,LGA1851,
1564,255,tdp_watt,112,W
1565,255,cpu_core,24,EA
1566,255,thread,24,EA
1567,255,cpu_clock,5.4,GHz
1568,255,cpu_L2,40,MB
1569,255,cpu_L3,36,MB
1570,255,DDR,DDR5,
1571,255,has_igpu,Y,
1572,255,cpu_level,STREAMING,
1573,256,cpu_brand,Intel,
1574,256,cpu_socket,LGA1851,
1575,256,tdp_watt,112,W
1576,256,cpu_core,20,EA
1577,256,thread,20,EA
1578,256,cpu_clock,5.3,GHz
1579,256,cpu_L2,36,MB
1580,256,cpu_L3,30,MB
1581,256,DDR,DDR5,
1582,256,has_igpu,Y,
1583,256,cpu_level,STREAMING,
1584,257,cpu_brand,Intel,
1585,257,cpu_socket,LGA1851,
1586,257,tdp_watt,114,W
1587,257,cpu_core,14,EA
1588,257,thread,14,EA
1589,257,cpu_clock,5.0,GHz
1590,257,cpu_L2,26,MB
1591,257,cpu_L3,24,MB
1592,257,DDR,DDR5,
1593,257,has_igpu,Y,
1594,257,cpu_level,GAMING,
1595,258,cpu_brand,Intel,
1596,258,cpu_socket,LGA1851,
1597,258,tdp_watt,114,W
1598,258,cpu_core,10,EA
1599,258,thread,10,EA
1600,258,cpu_clock,4.9,GHz
1601,258,cpu_L2,22,MB
1602,258,cpu_L3,20,MB
1603,258,DDR,DDR5,
1604,258,has_igpu,Y,
1605,258,cpu_level,GAMING,
1606,259,cpu_brand,AMD,
1607,259,cpu_socket,AM4,
1608,259,tdp_watt,65,W
1609,259,cpu_core,4,EA
1610,259,thread,4,EA
1611,259,cpu_clock,4,GHz
1612,259,cpu_L2,2,MB
1613,259,cpu_L3,4,MB
1614,259,DDR,DDR4,
1615,259,has_igpu,Y,
1616,259,cpu_level,OFFICE,
1617,260,cpu_brand,AMD,
1618,260,cpu_socket,AM4,
1619,260,tdp_watt,65,W
1620,260,cpu_core,4,EA
1621,260,thread,8,EA
1622,260,cpu_clock,4.2,GHz
1623,260,cpu_L2,2,MB
1624,260,cpu_L3,4,MB
1625,260,DDR,DDR4,
1626,260,has_igpu,Y,
1627,260,cpu_level,OFFICE,
1628,261,cpu_brand,AMD,
1629,261,cpu_socket,AM4,
1630,261,tdp_watt,105,W
1631,261,cpu_core,12,EA
1632,261,thread,24,EA
1633,261,cpu_clock,4.6,GHz
1634,261,cpu_L2,6,MB
1635,261,cpu_L3,64,MB
1636,261,DDR,DDR4,
1637,261,has_igpu,N,
1638,261,cpu_level,STREAMING,
1639,262,cpu_brand,AMD,
1640,262,cpu_socket,AM4,
1641,262,tdp_watt,65,W
1642,262,cpu_core,6,EA
1643,262,thread,12,EA
1644,262,cpu_clock,4.2,GHz
1645,262,cpu_L2,3,MB
1646,262,cpu_L3,32,MB
1647,262,DDR,DDR4,
1648,262,has_igpu,N,
1649,262,cpu_level,GAMING,
1650,263,cpu_brand,AMD,
1651,263,cpu_socket,AM4,
1652,263,tdp_watt,65,W
1653,263,cpu_core,4,EA
1654,263,thread,8,EA
1655,263,cpu_clock,4.3,GHz
1656,263,cpu_L2,2,MB
1657,263,cpu_L3,16,MB
1658,263,DDR,DDR4,
1659,263,has_igpu,N,
1660,263,cpu_level,OFFICE,
1661,264,cpu_brand,AMD,
1662,264,cpu_socket,AM4,
1663,264,tdp_watt,95,W
1664,264,cpu_core,6,EA
1665,264,thread,12,EA
1666,264,cpu_clock,4.4,GHz
1667,264,cpu_L2,3,MB
1668,264,cpu_L3,32,MB
1669,264,DDR,DDR4,
1670,264,has_igpu,N,
1671,264,cpu_level,GAMING,
1672,265,cpu_brand,AMD,
1673,265,cpu_socket,AM4,
1674,265,tdp_watt,65,W
1675,265,cpu_core,8,EA
1676,265,thread,16,EA
1677,265,cpu_clock,4.4,GHz
1678,265,cpu_L2,4,MB
1679,265,cpu_L3,32,MB
1680,265,DDR,DDR4,
1681,265,has_igpu,N,
1682,265,cpu_level,GAMING,
1683,266,cpu_brand,AMD,
1684,266,cpu_socket,AM4,
1685,266,tdp_watt,105,W
1686,266,cpu_core,8,EA
1687,266,thread,16,EA
1688,266,cpu_clock,4.5,GHz
1689,266,cpu_L2,4,MB
1690,266,cpu_L3,32,MB
1691,266,DDR,DDR4,
1692,266,has_igpu,N,
1693,266,cpu_level,GAMING,
1694,267,cpu_brand,AMD,
1695,267,cpu_socket,AM4,
1696,267,tdp_watt,65,W
1697,267,cpu_core,6,EA
1698,267,thread,6,EA
1699,267,cpu_clock,4.1,GHz
1700,267,cpu_L2,3,MB
1701,267,cpu_L3,16,MB
1702,267,DDR,DDR4,
1703,267,has_igpu,N,
1704,267,cpu_level,OFFICE,
1705,268,cpu_brand,AMD,
1706,268,cpu_socket,AM4,
1707,268,tdp_watt,105,W
1708,268,cpu_core,16,EA
1709,268,thread,32,EA
1710,268,cpu_clock,4.7,GHz
1711,268,cpu_L2,8,MB
1712,268,cpu_L3,64,MB
1713,268,DDR,DDR4,
1714,268,has_igpu,N,
1715,268,cpu_level,CREATOR,
1716,269,cpu_brand,AMD,
1717,269,cpu_socket,AM4,
1718,269,tdp_watt,65,W
1719,269,cpu_core,4,EA
1720,269,thread,8,EA
1721,269,cpu_clock,3.9,GHz
1722,269,cpu_L2,2,MB
1723,269,cpu_L3,16,MB
1724,269,DDR,DDR4,
1725,269,has_igpu,N,
1726,269,cpu_level,OFFICE,
1727,270,cpu_brand,AMD,
1728,270,cpu_socket,AM4,
1729,270,tdp_watt,105,W
1730,270,cpu_core,12,EA
1731,270,thread,24,EA
1732,270,cpu_clock,4.7,GHz
1733,270,cpu_L2,6,MB
1734,270,cpu_L3,64,MB
1735,270,DDR,DDR4,
1736,270,has_igpu,N,
1737,270,cpu_level,STREAMING,
1738,271,cpu_brand,AMD,
1739,271,cpu_socket,AM4,
1740,271,tdp_watt,105,W
1741,271,cpu_core,8,EA
1742,271,thread,16,EA
1743,271,cpu_clock,4.7,GHz
1744,271,cpu_L2,4,MB
1745,271,cpu_L3,32,MB
1746,271,DDR,DDR4,
1747,271,has_igpu,N,
1748,271,cpu_level,GAMING,
1749,272,cpu_brand,AMD,
1750,272,cpu_socket,AM4,
1751,272,tdp_watt,65,W
1752,272,cpu_core,6,EA
1753,272,thread,6,EA
1754,272,cpu_clock,4.1,GHz
1755,272,cpu_L2,3,MB
1756,272,cpu_L3,32,MB
1757,272,DDR,DDR4,
1758,272,has_igpu,N,
1759,272,cpu_level,OFFICE,
1760,273,cpu_brand,AMD,
1761,273,cpu_socket,AM4,
1762,273,tdp_watt,95,W
1763,273,cpu_core,6,EA
1764,273,thread,12,EA
1765,273,cpu_clock,4.5,GHz
1766,273,cpu_L2,3,MB
1767,273,cpu_L3,32,MB
1768,273,DDR,DDR4,
1769,273,has_igpu,N,
1770,273,cpu_level,GAMING,
1771,274,cpu_brand,AMD,
1772,274,cpu_socket,AM4,
1773,274,tdp_watt,65,W
1774,274,cpu_core,6,EA
1775,274,thread,12,EA
1776,274,cpu_clock,4.2,GHz
1777,274,cpu_L2,3,MB
1778,274,cpu_L3,8,MB
1779,274,DDR,DDR4,
1780,274,has_igpu,Y,
1781,274,cpu_level,OFFICE,
1782,275,cpu_brand,AMD,
1783,275,cpu_socket,AM4,
1784,275,tdp_watt,65,W
1785,275,cpu_core,6,EA
1786,275,thread,12,EA
1787,275,cpu_clock,4.2,GHz
1788,275,cpu_L2,3,MB
1789,275,cpu_L3,8,MB
1790,275,DDR,DDR4,
1791,275,has_igpu,Y,
1792,275,cpu_level,OFFICE,
1793,276,cpu_brand,AMD,
1794,276,cpu_socket,AM4,
1795,276,tdp_watt,65,W
1796,276,cpu_core,4,EA
1797,276,thread,8,EA
1798,276,cpu_clock,4.0,GHz
1799,276,cpu_L2,2,MB
1800,276,cpu_L3,4,MB
1801,276,DDR,DDR4,
1802,276,has_igpu,N,
1803,276,cpu_level,OFFICE,
1804,277,cpu_brand,AMD,
1805,277,cpu_socket,AM4,
1806,277,tdp_watt,65,W
1807,277,cpu_core,6,EA
1808,277,thread,12,EA
1809,277,cpu_clock,4.1,GHz
1810,277,cpu_L2,3,MB
1811,277,cpu_L3,8,MB
1812,277,DDR,DDR4,
1813,277,has_igpu,N,
1814,277,cpu_level,GAMING,
1815,278,cpu_brand,AMD,
1816,278,cpu_socket,AM4,
1817,278,tdp_watt,65,W
1818,278,cpu_core,4,EA
1819,278,thread,8,EA
1820,278,cpu_clock,4.0,GHz
1821,278,cpu_L2,2,MB
1822,278,cpu_L3,4,MB
1823,278,DDR,DDR4,
1824,278,has_igpu,Y,
1825,278,cpu_level,OFFICE,
1826,279,cpu_brand,AMD,
1827,279,cpu_socket,AM4,
1828,279,tdp_watt,65,W
1829,279,cpu_core,6,EA
1830,279,thread,12,EA
1831,279,cpu_clock,4.4,GHz
1832,279,cpu_L2,3,MB
1833,279,cpu_L3,16,MB
1834,279,DDR,DDR4,
1835,279,has_igpu,Y,
1836,279,cpu_level,OFFICE,
1837,280,cpu_brand,AMD,
1838,280,cpu_socket,AM4,
1839,280,tdp_watt,65,W
1840,280,cpu_core,6,EA
1841,280,thread,12,EA
1842,280,cpu_clock,4.4,GHz
1843,280,cpu_L2,3,MB
1844,280,cpu_L3,32,MB
1845,280,DDR,DDR4,
1846,280,has_igpu,N,
1847,280,cpu_level,GAMING,
1848,281,cpu_brand,AMD,
1849,281,cpu_socket,AM4,
1850,281,tdp_watt,65,W
1851,281,cpu_core,8,EA
1852,281,thread,16,EA
1853,281,cpu_clock,4.6,GHz
1854,281,cpu_L2,4,MB
1855,281,cpu_L3,32,MB
1856,281,DDR,DDR4,
1857,281,has_igpu,N,
1858,281,cpu_level,STREAMING,
1859,282,cpu_brand,AMD,
1860,282,cpu_socket,AM4,
1861,282,tdp_watt,105,W
1862,282,cpu_core,8,EA
1863,282,thread,16,EA
1864,282,cpu_clock,4.5,GHz
1865,282,cpu_L2,4,MB
1866,282,cpu_L3,96,MB
1867,282,DDR,DDR4,
1868,282,has_igpu,N,
1869,282,cpu_level,STREAMING,
1870,283,cpu_brand,AMD,
1871,283,cpu_socket,AM4,
1872,283,tdp_watt,65,W
1873,283,cpu_core,6,EA
1874,283,thread,12,EA
1875,283,cpu_clock,4.4,GHz
1876,283,cpu_L2,3,MB
1877,283,cpu_L3,16,MB
1878,283,DDR,DDR4,
1879,283,has_igpu,Y,
1880,283,cpu_level,OFFICE,
1881,284,cpu_brand,AMD,
1882,284,cpu_socket,AM4,
1883,284,tdp_watt,65,W
1884,284,cpu_core,4,EA
1885,284,thread,4,EA
1886,284,cpu_clock,4,GHz
1887,284,cpu_L2,2,MB
1888,284,cpu_L3,4,MB
1889,284,DDR,DDR4,
1890,284,has_igpu,Y,
1891,284,cpu_level,OFFICE,
1892,285,cpu_brand,AMD,
1893,285,cpu_socket,AM4,
1894,285,tdp_watt,105,W
1895,285,cpu_core,8,EA
1896,285,thread,16,EA
1897,285,cpu_clock,4.5,GHz
1898,285,cpu_L2,4,MB
1899,285,cpu_L3,96,MB
1900,285,DDR,DDR4,
1901,285,has_igpu,N,
1902,285,cpu_level,STREAMING,
1903,286,cpu_brand,AMD,
1904,286,cpu_socket,AM4,
1905,286,tdp_watt,105,W
1906,286,cpu_core,8,EA
1907,286,thread,16,EA
1908,286,cpu_clock,4.1,GHz
1909,286,cpu_L2,4,MB
1910,286,cpu_L3,96,MB
1911,286,DDR,DDR4,
1912,286,has_igpu,N,
1913,286,cpu_level,STREAMING,
1914,287,cpu_brand,AMD,
1915,287,cpu_socket,AM4,
1916,287,tdp_watt,65,W
1917,287,cpu_core,6,EA
1918,287,thread,12,EA
1919,287,cpu_clock,4.6,GHz
1920,287,cpu_L2,3,MB
1921,287,cpu_L3,32,MB
1922,287,DDR,DDR4,
1923,287,has_igpu,N,
1924,287,cpu_level,GAMING,
1925,288,cpu_brand,AMD,
1926,288,cpu_socket,AM4,
1927,288,tdp_watt,65,W
1928,288,cpu_core,6,EA
1929,288,thread,12,EA
1930,288,cpu_clock,4.2,GHz
1931,288,cpu_L2,3,MB
1932,288,cpu_L3,16,MB
1933,288,DDR,DDR4,
1934,288,has_igpu,N,
1935,288,cpu_level,GAMING,
1936,289,cpu_brand,AMD,
1937,289,cpu_socket,AM4,
1938,289,tdp_watt,105,W
1939,289,cpu_core,16,EA
1940,289,thread,32,EA
1941,289,cpu_clock,4.9,GHz
1942,289,cpu_L2,8,MB
1943,289,cpu_L3,64,MB
1944,289,DDR,DDR4,
1945,289,has_igpu,N,
1946,289,cpu_level,CREATOR,
1947,290,cpu_brand,AMD,
1948,290,cpu_socket,AM4,
1949,290,tdp_watt,65,W
1950,290,cpu_core,6,EA
1951,290,thread,12,EA
1952,290,cpu_clock,4.6,GHz
1953,290,cpu_L2,3,MB
1954,290,cpu_L3,16,MB
1955,290,DDR,DDR4,
1956,290,has_igpu,Y,
1957,290,cpu_level,OFFICE,
1958,291,cpu_brand,AMD,
1959,291,cpu_socket,AM4,
1960,291,tdp_watt,105,W
1961,291,cpu_core,8,EA
1962,291,thread,16,EA
1963,291,cpu_clock,4.7,GHz
1964,291,cpu_L2,4,MB
1965,291,cpu_L3,32,MB
1966,291,DDR,DDR4,
1967,291,has_igpu,N,
1968,291,cpu_level,STREAMING,
1969,292,cpu_brand,AMD,
1970,292,cpu_socket,AM4,
1971,292,tdp_watt,65,W
1972,292,cpu_core,8,EA
1973,292,thread,16,EA
1974,292,cpu_clock,4.6,GHz
1975,292,cpu_L2,4,MB
1976,292,cpu_L3,16,MB
1977,292,DDR,DDR4,
1978,292,has_igpu,Y,
1979,292,cpu_level,GAMING,
1980,293,cpu_brand,AMD,
1981,293,cpu_socket,AM4,
1982,293,tdp_watt,105,W
1983,293,cpu_core,12,EA
1984,293,thread,24,EA
1985,293,cpu_clock,4.8,GHz
1986,293,cpu_L2,6,MB
1987,293,cpu_L3,64,MB
1988,293,DDR,DDR4,
1989,293,has_igpu,N,
1990,293,cpu_level,CREATOR,
1991,294,cpu_brand,AMD,
1992,294,cpu_socket,AM4,
1993,294,tdp_watt,105,W
1994,294,cpu_core,16,EA
1995,294,thread,32,EA
1996,294,cpu_clock,4.8,GHz
1997,294,cpu_L2,8,MB
1998,294,cpu_L3,64,MB
1999,294,DDR,DDR4,
2000,294,has_igpu,N,
2001,294,cpu_level,CREATOR,
2002,295,cpu_brand,AMD,
2003,295,cpu_socket,AM4,
2004,295,tdp_watt,65,W
2005,295,cpu_core,6,EA
2006,295,thread,12,EA
2007,295,cpu_clock,4.7,GHz
2008,295,cpu_L2,3,MB
2009,295,cpu_L3,32,MB
2010,295,DDR,DDR4,
2011,295,has_igpu,N,
2012,295,cpu_level,GAMING,
2013,296,cpu_brand,AMD,
2014,296,cpu_socket,AM4,
2015,296,tdp_watt,65,W
2016,296,cpu_core,4,EA
2017,296,thread,8,EA
2018,296,cpu_clock,4.2,GHz
2019,296,cpu_L2,2,MB
2020,296,cpu_L3,8,MB
2021,296,DDR,DDR4,
2022,296,has_igpu,Y,
2023,296,cpu_level,OFFICE,
2024,297,cpu_brand,AMD,
2025,297,cpu_socket,AM4,
2026,297,tdp_watt,65,W
2027,297,cpu_core,8,EA
2028,297,thread,16,EA
2029,297,cpu_clock,4.6,GHz
2030,297,cpu_L2,4,MB
2031,297,cpu_L3,16,MB
2032,297,DDR,DDR4,
2033,297,has_igpu,N,
2034,297,cpu_level,GAMING,
2035,298,cpu_brand,AMD,
2036,298,cpu_socket,AM5,
2037,298,tdp_watt,120,W
2038,298,cpu_core,8,EA
2039,298,thread,16,EA
2040,298,cpu_clock,5.0,GHz
2041,298,cpu_L2,8,MB
2042,298,cpu_L3,96,MB
2043,298,DDR,DDR5,
2044,298,has_igpu,Y,
2045,298,cpu_level,STREAMING,
2046,299,cpu_brand,AMD,
2047,299,cpu_socket,AM5,
2048,299,tdp_watt,65,W
2049,299,cpu_core,6,EA
2050,299,thread,12,EA
2051,299,cpu_clock,5.0,GHz
2052,299,cpu_L2,6,MB
2053,299,cpu_L3,32,MB
2054,299,DDR,DDR5,
2055,299,has_igpu,N,
2056,299,cpu_level,GAMING,
2057,300,cpu_brand,AMD,
2058,300,cpu_socket,AM5,
2059,300,tdp_watt,65,W
2060,300,cpu_core,6,EA
2061,300,thread,12,EA
2062,300,cpu_clock,4.5,GHz
2063,300,cpu_L2,6,MB
2064,300,cpu_L3,96,MB
2065,300,DDR,DDR5,
2066,300,has_igpu,Y,
2067,300,cpu_level,STREAMING,
2068,301,cpu_brand,AMD,
2069,301,cpu_socket,AM5,
2070,301,tdp_watt,120,W
2071,301,cpu_core,8,EA
2072,301,thread,16,EA
2073,301,cpu_clock,4.5,GHz
2074,301,cpu_L2,8,MB
2075,301,cpu_L3,96,MB
2076,301,DDR,DDR5,
2077,301,has_igpu,Y,
2078,301,cpu_level,STREAMING,
2079,302,cpu_brand,AMD,
2080,302,cpu_socket,AM5,
2081,302,tdp_watt,170,W
2082,302,cpu_core,12,EA
2083,302,thread,24,EA
2084,302,cpu_clock,5.6,GHz
2085,302,cpu_L2,12,MB
2086,302,cpu_L3,64,MB
2087,302,DDR,DDR5,
2088,302,has_igpu,Y,
2089,302,cpu_level,CREATOR,
2090,303,cpu_brand,AMD,
2091,303,cpu_socket,AM5,
2092,303,tdp_watt,65,W
2093,303,cpu_core,8,EA
2094,303,thread,16,EA
2095,303,cpu_clock,5.3,GHz
2096,303,cpu_L2,8,MB
2097,303,cpu_L3,32,MB
2098,303,DDR,DDR5,
2099,303,has_igpu,Y,
2100,303,cpu_level,STREAMING,
2101,304,cpu_brand,AMD,
2102,304,cpu_socket,AM5,
2103,304,tdp_watt,120,W
2104,304,cpu_core,16,EA
2105,304,thread,32,EA
2106,304,cpu_clock,5.7,GHz
2107,304,cpu_L2,16,MB
2108,304,cpu_L3,128,MB
2109,304,DDR,DDR5,
2110,304,has_igpu,Y,
2111,304,cpu_level,CREATOR,
2112,305,cpu_brand,AMD,
2113,305,cpu_socket,AM5,
2114,305,tdp_watt,105,W
2115,305,cpu_core,8,EA
2116,305,thread,16,EA
2117,305,cpu_clock,5.4,GHz
2118,305,cpu_L2,8,MB
2119,305,cpu_L3,32,MB
2120,305,DDR,DDR5,
2121,305,has_igpu,Y,
2122,305,cpu_level,STREAMING,
2123,306,cpu_brand,AMD,
2124,306,cpu_socket,AM5,
2125,306,tdp_watt,65,W
2126,306,cpu_core,6,EA
2127,306,thread,12,EA
2128,306,cpu_clock,5.1,GHz
2129,306,cpu_L2,6,MB
2130,306,cpu_L3,32,MB
2131,306,DDR,DDR5,
2132,306,has_igpu,Y,
2133,306,cpu_level,GAMING,
2134,307,cpu_brand,AMD,
2135,307,cpu_socket,AM5,
2136,307,tdp_watt,65,W
2137,307,cpu_core,6,EA
2138,307,thread,12,EA
2139,307,cpu_clock,4.7,GHz
2140,307,cpu_L2,6,MB
2141,307,cpu_L3,32,MB
2142,307,DDR,DDR5,
2143,307,has_igpu,N,
2144,307,cpu_level,GAMING,
2145,308,cpu_brand,AMD,
2146,308,cpu_socket,AM5,
2147,308,tdp_watt,65,W
2148,308,cpu_core,12,EA
2149,308,thread,24,EA
2150,308,cpu_clock,5.4,GHz
2151,308,cpu_L2,12,MB
2152,308,cpu_L3,64,MB
2153,308,DDR,DDR5,
2154,308,has_igpu,Y,
2155,308,cpu_level,CREATOR,
2156,309,cpu_brand,AMD,
2157,309,cpu_socket,AM5,
2158,309,tdp_watt,170,W
2159,309,cpu_core,16,EA
2160,309,thread,32,EA
2161,309,cpu_clock,5.7,GHz
2162,309,cpu_L2,16,MB
2163,309,cpu_L3,64,MB
2164,309,DDR,DDR5,
2165,309,has_igpu,Y,
2166,309,cpu_level,CREATOR,
2167,310,cpu_brand,AMD,
2168,310,cpu_socket,AM5,
2169,310,tdp_watt,65,W
2170,310,cpu_core,6,EA
2171,310,thread,12,EA
2172,310,cpu_clock,4.3,GHz
2173,310,cpu_L2,6,MB
2174,310,cpu_L3,16,MB
2175,310,DDR,DDR5,
2176,310,has_igpu,Y,
2177,310,cpu_level,GAMING,
2178,311,cpu_brand,AMD,
2179,311,cpu_socket,AM5,
2180,311,tdp_watt,105,W
2181,311,cpu_core,6,EA
2182,311,thread,12,EA
2183,311,cpu_clock,5.3,GHz
2184,311,cpu_L2,6,MB
2185,311,cpu_L3,32,MB
2186,311,DDR,DDR5,
2187,311,has_igpu,Y,
2188,311,cpu_level,GAMING,
2189,312,cpu_brand,AMD,
2190,312,cpu_socket,AM5,
2191,312,tdp_watt,120,W
2192,312,cpu_core,12,EA
2193,312,thread,24,EA
2194,312,cpu_clock,5.6,GHz
2195,312,cpu_L2,12,MB
2196,312,cpu_L3,128,MB
2197,312,DDR,DDR5,
2198,312,has_igpu,Y,
2199,312,cpu_level,CREATOR,
2200,313,cpu_brand,AMD,
2201,313,cpu_socket,AM5,
2202,313,tdp_watt,65,W
2203,313,cpu_core,6,EA
2204,313,thread,12,EA
2205,313,cpu_clock,5.1,GHz
2206,313,cpu_L2,6,MB
2207,313,cpu_L3,32,MB
2208,313,DDR,DDR5,
2209,313,has_igpu,Y,
2210,313,cpu_level,GAMING,
2211,314,cpu_brand,AMD,
2212,314,cpu_socket,AM5,
2213,314,tdp_watt,65,W
2214,314,cpu_core,8,EA
2215,314,thread,16,EA
2216,314,cpu_clock,5.3,GHz
2217,314,cpu_L2,8,MB
2218,314,cpu_L3,32,MB
2219,314,DDR,DDR5,
2220,314,has_igpu,Y,
2221,314,cpu_level,STREAMING,
2222,315,cpu_brand,AMD,
2223,315,cpu_socket,AM5,
2224,315,tdp_watt,65,W
2225,315,cpu_core,6,EA
2226,315,thread,12,EA
2227,315,cpu_clock,5.0,GHz
2228,315,cpu_L2,6,MB
2229,315,cpu_L3,16,MB
2230,315,DDR,DDR5,
2231,315,has_igpu,Y,
2232,315,cpu_level,GAMING,
2233,316,cpu_brand,AMD,
2234,316,cpu_socket,AM5,
2235,316,tdp_watt,65,W
2236,316,cpu_core,8,EA
2237,316,thread,16,EA
2238,316,cpu_clock,5.1,GHz
2239,316,cpu_L2,8,MB
2240,316,cpu_L3,16,MB
2241,316,DDR,DDR5,
2242,316,has_igpu,Y,
2243,316,cpu_level,GAMING,
2244,317,cpu_brand,AMD,
2245,317,cpu_socket,AM5,
2246,317,tdp_watt,65,W
2247,317,thread,12,EA
2248,317,cpu_clock,5.0,GHz
2249,317,cpu_L2,6,MB
2250,317,cpu_L3,16,MB
2251,317,DDR,DDR5,
2252,317,has_igpu,Y,
2253,317,cpu_level,OFFICE,
2254,318,cpu_brand,AMD,
2255,318,cpu_socket,AM5,
2256,318,tdp_watt,65,W
2257,318,cpu_core,8,EA
2258,318,thread,16,EA
2259,318,cpu_clock,5.0,GHz
2260,318,cpu_L2,8,MB
2261,318,cpu_L3,16,MB
2262,318,DDR,DDR5,
2263,318,has_igpu,N,
2264,318,cpu_level,GAMING,
2265,319,cpu_brand,AMD,
2266,319,cpu_socket,AM5,
2267,319,tdp_watt,65,W
2268,319,cpu_core,6,EA
2269,319,thread,12,EA
2270,319,cpu_clock,4.7,GHz
2271,319,cpu_L2,6,MB
2272,319,cpu_L3,16,MB
2273,319,DDR,DDR5,
2274,319,cpu_level,GAMING,
2275,320,cpu_brand,AMD,
2276,320,cpu_socket,AM5,
2277,320,tdp_watt,65,W
2278,320,cpu_core,6,EA
2279,320,thread,12,EA
2280,320,cpu_clock,5.0,GHz
2281,320,cpu_L2,6,MB
2282,320,cpu_L3,16,MB
2283,320,DDR,DDR5,
2284,320,has_igpu,Y,
2285,320,cpu_level,GAMING,
2286,321,cpu_brand,AMD,
2287,321,cpu_socket,AM5,
2288,321,tdp_watt,65,W
2289,321,thread,12,EA
2290,321,cpu_clock,5.0,GHz
2291,321,cpu_L2,6,MB
2292,321,cpu_L3,16,MB
2293,321,DDR,DDR5,
2294,321,has_igpu,Y,
2295,321,cpu_level,OFFICE,
2296,322,cpu_brand,AMD,
2297,322,cpu_socket,AM5,
2298,322,tdp_watt,120,W
2299,322,cpu_core,8,EA
2300,322,thread,16,EA
2301,322,cpu_clock,5.2,GHz
2302,322,cpu_L2,8,MB
2303,322,cpu_L3,96,MB
2304,322,DDR,DDR5,
2305,322,has_igpu,Y,
2306,322,cpu_level,STREAMING,
2307,323,cpu_brand,AMD,
2308,323,cpu_socket,AM5,
2309,323,tdp_watt,65,W
2310,323,cpu_core,6,EA
2311,323,thread,12,EA
2312,323,cpu_clock,5.4,GHz
2313,323,cpu_L2,6,MB
2314,323,cpu_L3,32,MB
2315,323,DDR,DDR5,
2316,323,has_igpu,Y,
2317,323,cpu_level,GAMING,
2318,324,cpu_brand,AMD,
2319,324,cpu_socket,AM5,
2320,324,tdp_watt,170,W
2321,324,cpu_core,16,EA
2322,324,thread,32,EA
2323,324,cpu_clock,5.7,GHz
2324,324,cpu_L2,16,MB
2325,324,cpu_L3,128,MB
2326,324,DDR,DDR5,
2327,324,has_igpu,Y,
2328,324,cpu_level,CREATOR,
2329,325,cpu_brand,AMD,
2330,325,cpu_socket,AM5,
2331,325,tdp_watt,120,W
2332,325,cpu_core,8,EA
2333,325,thread,16,EA
2334,325,cpu_clock,5.6,GHz
2335,325,cpu_L2,8,MB
2336,325,cpu_L3,96,MB
2337,325,DDR,DDR5,
2338,325,has_igpu,Y,
2339,325,cpu_level,STREAMING,
2340,326,cpu_brand,AMD,
2341,326,cpu_socket,AM5,
2342,326,tdp_watt,65,W
2343,326,cpu_core,8,EA
2344,326,thread,16,EA
2345,326,cpu_clock,5.5,GHz
2346,326,cpu_L2,8,MB
2347,326,cpu_L3,32,MB
2348,326,DDR,DDR5,
2349,326,has_igpu,Y,
2350,326,cpu_level,STREAMING,
2351,327,cpu_brand,AMD,
2352,327,cpu_socket,AM5,
2353,327,tdp_watt,200,W
2354,327,cpu_core,16,EA
2355,327,thread,32,EA
2356,327,cpu_clock,5.6,GHz
2357,327,cpu_L2,16,MB
2358,327,cpu_L3,192,MB
2359,327,DDR,DDR5,
2360,327,has_igpu,Y,
2361,327,cpu_level,CREATOR,
2362,328,cpu_brand,AMD,
2363,328,cpu_socket,AM5,
2364,328,tdp_watt,65,W
2365,328,cpu_core,6,EA
2366,328,thread,12,EA
2367,328,cpu_clock,5.0,GHz
2368,328,cpu_L2,6,MB
2369,328,cpu_L3,32,MB
2370,328,DDR,DDR5,
2371,328,has_igpu,N,
2372,328,cpu_level,GAMING,
2373,329,cpu_brand,AMD,
2374,329,cpu_socket,AM5,
2375,329,tdp_watt,170,W
2376,329,cpu_core,16,EA
2377,329,thread,32,EA
2378,329,cpu_clock,5.7,GHz
2379,329,cpu_L2,16,MB
2380,329,cpu_L3,64,MB
2381,329,DDR,DDR5,
2382,329,has_igpu,Y,
2383,329,cpu_level,CREATOR,
2384,330,cpu_brand,AMD,
2385,330,cpu_socket,AM5,
2386,330,tdp_watt,120,W
2387,330,cpu_core,12,EA
2388,330,thread,24,EA
2389,330,cpu_clock,5.6,GHz
2390,330,cpu_L2,12,MB
2391,330,cpu_L3,64,MB
2392,330,DDR,DDR5,
2393,330,has_igpu,Y,
2394,330,cpu_level,CREATOR,
2395,331,cpu_brand,AMD,
2396,331,cpu_socket,AM5,
2397,331,tdp_watt,65,W
2398,331,cpu_core,6,EA
2399,331,thread,12,EA
2400,331,cpu_clock,5.2,GHz
2401,331,cpu_L2,6,MB
2402,331,cpu_L3,32,MB
2403,331,DDR,DDR5,
2404,331,has_igpu,Y,
2405,331,cpu_level,GAMING,
2406,332,cpu_brand,AMD,
2407,332,cpu_socket,AM5,
2408,332,tdp_watt,120,W
2409,332,cpu_core,12,EA
2410,332,thread,24,EA
2411,332,cpu_clock,5.5,GHz
2412,332,cpu_L2,12,MB
2413,332,cpu_L3,128,MB
2414,332,DDR,DDR5,
2415,332,has_igpu,Y,
2416,332,cpu_level,CREATOR,
2417,333,cpu_socket,AM4,
2418,333,ram_type,DDR4,
2419,333,ram_socket,2,EA
2420,333,form_factor,M-ATX,
2421,333,chipset,A520,
2422,333,m2_slots,1,EA
2423,333,nvme_supported,Y,
2424,333,max_ram_capacity_gb,64,GB
2425,334,cpu_socket,AM4,
2426,334,ram_type,DDR4,
2427,334,ram_socket,4,EA
2428,334,form_factor,M-ATX,
2429,334,chipset,B550,
2430,334,m2_slots,2,EA
2431,334,nvme_supported,Y,
2432,334,max_ram_capacity_gb,128,GB
2433,335,cpu_socket,AM4,
2434,335,ram_type,DDR4,
2435,335,ram_socket,4,EA
2436,335,form_factor,M-ATX,
2437,335,chipset,B550,
2438,335,m2_slots,2,EA
2439,335,nvme_supported,Y,
2440,335,max_ram_capacity_gb,128,GB
2441,336,cpu_socket,AM4,
2442,336,ram_type,DDR4,
2443,336,ram_socket,2,EA
2444,336,form_factor,M-ATX,
2445,336,chipset,A520,
2446,336,m2_slots,1,EA
2447,336,nvme_supported,Y,
2448,336,max_ram_capacity_gb,64,GB
2449,337,cpu_socket,AM4,
2450,337,ram_type,DDR4,
2451,337,ram_socket,4,EA
2452,337,form_factor,M-ATX,
2453,337,chipset,B550,
2454,337,m2_slots,2,EA
2455,337,nvme_supported,Y,
2456,337,max_ram_capacity_gb,128,GB
2457,338,cpu_socket,AM4,
2458,338,ram_type,DDR4,
2459,338,ram_socket,2,EA
2460,338,form_factor,M-ATX,
2461,338,chipset,A320,
2462,338,m2_slots,1,EA
2463,338,nvme_supported,Y,
2464,338,max_ram_capacity_gb,32,GB
2465,339,cpu_socket,AM4,
2466,339,ram_type,DDR4,
2467,339,ram_socket,2,EA
2468,339,form_factor,M-ATX,
2469,339,chipset,A320,
2470,339,m2_slots,1,EA
2471,339,max_ram_capacity_gb,32,GB
2472,340,cpu_socket,AM4,
2473,340,ram_type,DDR4,
2474,340,ram_socket,2,EA
2475,340,form_factor,M-ATX,
2476,340,chipset,A520,
2477,340,m2_slots,1,EA
2478,340,nvme_supported,Y,
2479,340,max_ram_capacity_gb,64,GB
2480,341,cpu_socket,AM5,
2481,341,ram_type,DDR5,
2482,341,ram_socket,4,EA
2483,341,form_factor,M-ATX,
2484,341,chipset,B850,
2485,341,m2_slots,2,EA
2486,341,nvme_supported,Y,
2487,341,max_ram_capacity_gb,256,GB
2488,342,cpu_socket,AM5,
2489,342,ram_type,DDR5,
2490,342,ram_socket,4,EA
2491,342,form_factor,M-ATX,
2492,342,chipset,B850,
2493,342,m2_slots,2,EA
2494,342,nvme_supported,Y,
2495,342,max_ram_capacity_gb,256,GB
2496,343,cpu_socket,AM5,
2497,343,ram_type,DDR5,
2498,343,ram_socket,4,EA
2499,343,form_factor,M-ATX,
2500,343,chipset,B650,
2501,343,m2_slots,2,EA
2502,343,nvme_supported,Y,
2503,343,max_ram_capacity_gb,192,GB
2504,344,cpu_socket,AM5,
2505,344,ram_type,DDR5,
2506,344,ram_socket,4,EA
2507,344,form_factor,ATX,
2508,344,chipset,B850,
2509,344,m2_slots,3,EA
2510,344,nvme_supported,Y,
2511,344,max_ram_capacity_gb,256,GB
2512,345,cpu_socket,AM5,
2513,345,ram_type,DDR5,
2514,345,ram_socket,4,EA
2515,345,form_factor,M-ATX,
2516,345,chipset,B650,
2517,345,m2_slots,2,EA
2518,345,nvme_supported,Y,
2519,345,max_ram_capacity_gb,192,GB
2520,346,cpu_socket,AM5,
2521,346,ram_type,DDR5,
2522,346,ram_socket,4,EA
2523,346,form_factor,M-ATX,
2524,346,chipset,B850,
2525,346,m2_slots,2,EA
2526,346,nvme_supported,Y,
2527,346,max_ram_capacity_gb,256,GB
2528,347,cpu_socket,AM5,
2529,347,ram_type,DDR5,
2530,347,ram_socket,4,EA
2531,347,form_factor,ATX,
2532,347,chipset,X870E,
2533,347,m2_slots,4,EA
2534,347,nvme_supported,Y,
2535,347,max_ram_capacity_gb,256,GB
2536,348,cpu_socket,AM5,
2537,348,ram_type,DDR5,
2538,348,ram_socket,4,EA
2539,348,form_factor,M-ATX,
2540,348,chipset,B850,
2541,348,m2_slots,2,EA
2542,348,nvme_supported,Y,
2543,348,max_ram_capacity_gb,256,GB
2544,349,cpu_socket,AM5,
2545,349,ram_type,DDR5,
2546,349,ram_socket,4,EA
2547,349,form_factor,ATX,
2548,349,chipset,B850,
2549,349,m2_slots,4,EA
2550,349,nvme_supported,Y,
2551,349,max_ram_capacity_gb,256,GB
2552,350,cpu_socket,AM5,
2553,350,ram_type,DDR5,
2554,350,ram_socket,4,EA
2555,350,form_factor,ATX,
2556,350,chipset,X870E,
2557,350,m2_slots,4,EA
2558,350,nvme_supported,Y,
2559,350,max_ram_capacity_gb,256,GB
2560,351,cpu_socket,AM5,
2561,351,ram_type,DDR5,
2562,351,ram_socket,4,EA
2563,351,form_factor,ATX,
2564,351,chipset,X870,
2565,351,m2_slots,4,EA
2566,351,nvme_supported,Y,
2567,351,max_ram_capacity_gb,256,GB
2568,352,cpu_socket,AM5,
2569,352,ram_type,DDR5,
2570,352,ram_socket,4,EA
2571,352,form_factor,ATX,
2572,352,chipset,X870E,
2573,352,m2_slots,4,EA
2574,352,nvme_supported,Y,
2575,352,max_ram_capacity_gb,256,GB
2576,353,cpu_socket,AM5,
2577,353,ram_type,DDR5,
2578,353,ram_socket,4,EA
2579,353,form_factor,ATX,
2580,353,chipset,B850,
2581,353,m2_slots,4,EA
2582,353,nvme_supported,Y,
2583,353,max_ram_capacity_gb,256,GB
2584,354,cpu_socket,AM5,
2585,354,ram_type,DDR5,
2586,354,ram_socket,4,EA
2587,354,form_factor,M-ATX,
2588,354,chipset,B850,
2589,354,m2_slots,3,EA
2590,354,nvme_supported,Y,
2591,354,max_ram_capacity_gb,256,GB
2592,355,cpu_socket,AM5,
2593,355,ram_type,DDR5,
2594,355,ram_socket,4,EA
2595,355,form_factor,ATX,
2596,355,chipset,B850,
2597,355,m2_slots,4,EA
2598,355,nvme_supported,Y,
2599,355,max_ram_capacity_gb,256,GB
2600,356,cpu_socket,AM5,
2601,356,ram_type,DDR5,
2602,356,ram_socket,4,EA
2603,356,form_factor,M-ATX,
2604,356,chipset,B850,
2605,356,m2_slots,2,EA
2606,356,nvme_supported,Y,
2607,356,max_ram_capacity_gb,256,GB
2608,357,cpu_socket,AM5,
2609,357,ram_type,DDR5,
2610,357,ram_socket,4,EA
2611,357,form_factor,M-ATX,
2612,357,chipset,B850,
2613,357,m2_slots,2,EA
2614,357,nvme_supported,Y,
2615,357,max_ram_capacity_gb,256,GB
2616,358,cpu_socket,AM5,
2617,358,ram_type,DDR5,
2618,358,ram_socket,4,EA
2619,358,form_factor,ATX,
2620,358,chipset,B850,
2621,358,m2_slots,4,EA
2622,358,nvme_supported,Y,
2623,358,max_ram_capacity_gb,256,GB
2624,359,cpu_socket,AM5,
2625,359,ram_type,DDR5,
2626,359,ram_socket,2,EA
2627,359,form_factor,M-ITX,
2628,359,chipset,B850,
2629,359,m2_slots,2,EA
2630,359,nvme_supported,Y,
2631,359,max_ram_capacity_gb,128,GB
2632,360,cpu_socket,AM5,
2633,360,ram_type,DDR5,
2634,360,ram_socket,4,EA
2635,360,form_factor,M-ATX,
2636,360,chipset,B850,
2637,360,m2_slots,2,EA
2638,360,nvme_supported,Y,
2639,360,max_ram_capacity_gb,256,GB
2640,361,cpu_socket,AM5,
2641,361,ram_type,DDR5,
2642,361,ram_socket,4,EA
2643,361,form_factor,ATX,
2644,361,chipset,X870,
2645,361,m2_slots,4,EA
2646,361,nvme_supported,Y,
2647,361,max_ram_capacity_gb,256,GB
2648,362,cpu_socket,AM5,
2649,362,ram_type,DDR5,
2650,362,ram_socket,2,EA
2651,362,form_factor,M-ATX,
2652,362,chipset,B850,
2653,362,m2_slots,3,EA
2654,362,nvme_supported,Y,
2655,362,max_ram_capacity_gb,128,GB
2656,363,cpu_socket,AM5,
2657,363,ram_type,DDR5,
2658,363,ram_socket,4,EA
2659,363,form_factor,M-ATX,
2660,363,chipset,B850,
2661,363,m2_slots,3,EA
2662,363,nvme_supported,Y,
2663,363,max_ram_capacity_gb,256,GB
2664,364,cpu_socket,AM5,
2665,364,ram_type,DDR5,
2666,364,ram_socket,4,EA
2667,364,form_factor,M-ATX,
2668,364,chipset,B850,
2669,364,m2_slots,2,EA
2670,364,nvme_supported,Y,
2671,364,max_ram_capacity_gb,256,GB
2672,365,cpu_socket,AM5,
2673,365,ram_type,DDR5,
2674,365,ram_socket,4,EA
2675,365,form_factor,ATX,
2676,365,chipset,X870E,
2677,365,m2_slots,5,EA
2678,365,nvme_supported,Y,
2679,365,max_ram_capacity_gb,256,GB
2680,366,cpu_socket,AM5,
2681,366,ram_type,DDR5,
2682,366,ram_socket,4,EA
2683,366,form_factor,ATX,
2684,366,chipset,X870E,
2685,366,m2_slots,4,EA
2686,366,nvme_supported,Y,
2687,366,max_ram_capacity_gb,256,GB
2688,367,cpu_socket,AM5,
2689,367,ram_type,DDR5,
2690,367,ram_socket,4,EA
2691,367,form_factor,ATX,
2692,367,chipset,X870E,
2693,367,m2_slots,4,EA
2694,367,nvme_supported,Y,
2695,367,max_ram_capacity_gb,256,GB
2696,368,cpu_socket,AM5,
2697,368,ram_type,DDR5,
2698,368,ram_socket,4,EA
2699,368,form_factor,ATX,
2700,368,chipset,X870E,
2701,368,m2_slots,5,EA
2702,368,nvme_supported,Y,
2703,368,max_ram_capacity_gb,256,GB
2704,369,cpu_socket,AM5,
2705,369,ram_type,DDR5,
2706,369,ram_socket,4,EA
2707,369,form_factor,M-ATX,
2708,369,chipset,B850,
2709,369,m2_slots,2,EA
2710,369,nvme_supported,Y,
2711,369,max_ram_capacity_gb,256,GB
2712,370,cpu_socket,AM5,
2713,370,ram_type,DDR5,
2714,370,ram_socket,4,EA
2715,370,form_factor,ATX,
2716,370,chipset,X870E,
2717,370,m2_slots,4,EA
2718,370,nvme_supported,Y,
2719,370,max_ram_capacity_gb,256,GB
2720,371,cpu_socket,AM5,
2721,371,ram_type,DDR5,
2722,371,ram_socket,2,EA
2723,371,form_factor,M-ITX,
2724,371,chipset,X870,
2725,371,m2_slots,2,EA
2726,371,nvme_supported,Y,
2727,371,max_ram_capacity_gb,128,GB
2728,372,cpu_socket,AM5,
2729,372,ram_type,DDR5,
2730,372,ram_socket,2,EA
2731,372,form_factor,M-ATX,
2732,372,chipset,B850,
2733,372,m2_slots,3,EA
2734,372,nvme_supported,Y,
2735,372,max_ram_capacity_gb,128,GB
2736,373,cpu_socket,AM5,
2737,373,ram_type,DDR5,
2738,373,ram_socket,4,EA
2739,373,form_factor,ATX,
2740,373,chipset,B850,
2741,373,m2_slots,3,EA
2742,373,nvme_supported,Y,
2743,373,max_ram_capacity_gb,256,GB
2744,374,cpu_socket,AM5,
2745,374,ram_type,DDR5,
2746,374,ram_socket,4,EA
2747,374,form_factor,ATX,
2748,374,chipset,X870,
2749,374,m2_slots,4,EA
2750,374,nvme_supported,Y,
2751,374,max_ram_capacity_gb,256,GB
2752,375,cpu_socket,AM5,
2753,375,ram_type,DDR5,
2754,375,ram_socket,4,EA
2755,375,form_factor,ATX,
2756,375,chipset,X870,
2757,375,m2_slots,4,EA
2758,375,nvme_supported,Y,
2759,375,max_ram_capacity_gb,256,GB
2760,376,cpu_socket,AM5,
2761,376,ram_type,DDR5,
2762,376,ram_socket,4,EA
2763,376,form_factor,ATX,
2764,376,chipset,B850,
2765,376,m2_slots,4,EA
2766,376,nvme_supported,Y,
2767,376,max_ram_capacity_gb,256,GB
2768,377,cpu_socket,AM5,
2769,377,ram_type,DDR5,
2770,377,ram_socket,4,EA
2771,377,form_factor,ATX,
2772,377,chipset,B850,
2773,377,m2_slots,4,EA
2774,377,nvme_supported,Y,
2775,377,max_ram_capacity_gb,256,GB
2776,378,cpu_socket,AM5,
2777,378,ram_type,DDR5,
2778,378,ram_socket,4,EA
2779,378,form_factor,ATX,
2780,378,chipset,X870E,
2781,378,m2_slots,4,EA
2782,378,nvme_supported,Y,
2783,378,max_ram_capacity_gb,256,GB
2784,379,cpu_socket,AM5,
2785,379,ram_type,DDR5,
2786,379,ram_socket,4,EA
2787,379,form_factor,ATX,
2788,379,chipset,X870,
2789,379,m2_slots,4,EA
2790,379,nvme_supported,Y,
2791,379,max_ram_capacity_gb,256,GB
2792,380,cpu_socket,AM5,
2793,380,ram_type,DDR5,
2794,380,ram_socket,4,EA
2795,380,form_factor,ATX,
2796,380,chipset,B850,
2797,380,m2_slots,3,EA
2798,380,nvme_supported,Y,
2799,380,max_ram_capacity_gb,256,GB
2800,381,cpu_socket,AM5,
2801,381,ram_type,DDR5,
2802,381,ram_socket,4,EA
2803,381,form_factor,ATX,
2804,381,chipset,X870E,
2805,381,m2_slots,4,EA
2806,381,nvme_supported,Y,
2807,381,max_ram_capacity_gb,256,GB
2808,382,cpu_socket,AM5,
2809,382,ram_type,DDR5,
2810,382,ram_socket,4,EA
2811,382,form_factor,ATX,
2812,382,chipset,B850,
2813,382,m2_slots,3,EA
2814,382,nvme_supported,Y,
2815,382,max_ram_capacity_gb,256,GB
2816,383,cpu_socket,AM5,
2817,383,ram_type,DDR5,
2818,383,ram_socket,4,EA
2819,383,form_factor,M-ATX,
2820,383,chipset,B850,
2821,383,m2_slots,2,EA
2822,383,nvme_supported,Y,
2823,383,max_ram_capacity_gb,256,GB
2824,384,cpu_socket,AM5,
2825,384,ram_type,DDR5,
2826,384,ram_socket,2,EA
2827,384,form_factor,M-ATX,
2828,384,chipset,B850,
2829,384,m2_slots,3,EA
2830,384,nvme_supported,Y,
2831,384,max_ram_capacity_gb,128,GB
2832,385,cpu_socket,AM5,
2833,385,ram_type,DDR5,
2834,385,ram_socket,4,EA
2835,385,form_factor,ATX,
2836,385,chipset,X870E,
2837,385,m2_slots,4,EA
2838,385,nvme_supported,Y,
2839,385,max_ram_capacity_gb,256,GB
2840,386,cpu_socket,AM5,
2841,386,ram_type,DDR5,
2842,386,ram_socket,4,EA
2843,386,form_factor,M-ATX,
2844,386,chipset,B850,
2845,386,m2_slots,2,EA
2846,386,nvme_supported,Y,
2847,386,max_ram_capacity_gb,256,GB
2848,387,cpu_socket,AM5,
2849,387,ram_type,DDR5,
2850,387,ram_socket,4,EA
2851,387,form_factor,E-ATX,
2852,387,chipset,X870E,
2853,387,m2_slots,4,EA
2854,387,nvme_supported,Y,
2855,387,max_ram_capacity_gb,256,GB
2856,388,cpu_socket,AM5,
2857,388,ram_type,DDR5,
2858,388,ram_socket,2,EA
2859,388,form_factor,M-ATX,
2860,388,chipset,B850,
2861,388,m2_slots,3,EA
2862,388,nvme_supported,Y,
2863,388,max_ram_capacity_gb,128,GB
2864,389,cpu_socket,AM5,
2865,389,ram_type,DDR5,
2866,389,ram_socket,2,EA
2867,389,form_factor,E-ATX,
2868,389,chipset,X870,
2869,389,m2_slots,3,EA
2870,389,nvme_supported,Y,
2871,389,max_ram_capacity_gb,128,GB
2872,390,cpu_socket,AM5,
2873,390,ram_type,DDR5,
2874,390,ram_socket,4,EA
2875,390,form_factor,M-ATX,
2876,390,chipset,B650,
2877,390,m2_slots,2,EA
2878,390,nvme_supported,Y,
2879,390,max_ram_capacity_gb,128,GB
2880,391,cpu_socket,AM5,
2881,391,ram_type,DDR5,
2882,391,ram_socket,4,EA
2883,391,form_factor,ATX,
2884,391,chipset,B850,
2885,391,m2_slots,4,EA
2886,391,nvme_supported,Y,
2887,391,max_ram_capacity_gb,256,GB
2888,392,cpu_socket,AM5,
2889,392,ram_type,DDR5,
2890,392,ram_socket,2,EA
2891,392,form_factor,E-ATX,
2892,392,chipset,X870,
2893,392,m2_slots,3,EA
2894,392,nvme_supported,Y,
2895,392,max_ram_capacity_gb,128,GB
2896,393,cpu_socket,AM5,
2897,393,ram_type,DDR5,
2898,393,ram_socket,4,EA
2899,393,form_factor,ATX,
2900,393,chipset,X870E,
2901,393,m2_slots,4,EA
2902,393,nvme_supported,Y,
2903,393,max_ram_capacity_gb,256,GB
2904,394,cpu_socket,AM5,
2905,394,ram_type,DDR5,
2906,394,ram_socket,4,EA
2907,394,form_factor,ATX,
2908,394,chipset,B850,
2909,394,m2_slots,3,EA
2910,394,nvme_supported,Y,
2911,394,max_ram_capacity_gb,256,GB
2912,395,cpu_socket,AM5,
2913,395,ram_type,DDR5,
2914,395,ram_socket,4,EA
2915,395,form_factor,M-ATX,
2916,395,chipset,B850,
2917,395,m2_slots,2,EA
2918,395,nvme_supported,Y,
2919,395,max_ram_capacity_gb,256,GB
2920,396,cpu_socket,AM5,
2921,396,ram_type,DDR5,
2922,396,ram_socket,4,EA
2923,396,form_factor,ATX,
2924,396,chipset,B650E,
2925,396,m2_slots,3,EA
2926,396,nvme_supported,Y,
2927,396,max_ram_capacity_gb,192,GB
2928,397,cpu_socket,AM5,
2929,397,ram_type,DDR5,
2930,397,ram_socket,4,EA
2931,397,form_factor,ATX,
2932,397,chipset,X870E,
2933,397,m2_slots,4,EA
2934,397,nvme_supported,Y,
2935,397,max_ram_capacity_gb,256,GB
2936,398,cpu_socket,AM5,
2937,398,ram_type,DDR5,
2938,398,ram_socket,4,EA
2939,398,form_factor,ATX,
2940,398,chipset,B650,
2941,398,m2_slots,3,EA
2942,398,nvme_supported,Y,
2943,398,max_ram_capacity_gb,192,GB
2944,399,cpu_socket,AM5,
2945,399,ram_type,DDR5,
2946,399,ram_socket,4,EA
2947,399,form_factor,ATX,
2948,399,chipset,X870,
2949,399,m2_slots,3,EA
2950,399,nvme_supported,Y,
2951,399,max_ram_capacity_gb,256,GB
2952,400,cpu_socket,AM5,
2953,400,ram_type,DDR5,
2954,400,ram_socket,4,EA
2955,400,form_factor,M-ATX,
2956,400,chipset,B850,
2957,400,m2_slots,2,EA
2958,400,nvme_supported,Y,
2959,400,max_ram_capacity_gb,256,GB
2960,401,cpu_socket,AM5,
2961,401,ram_type,DDR5,
2962,401,ram_socket,4,EA
2963,401,form_factor,M-ATX,
2964,401,chipset,B850,
2965,401,m2_slots,2,EA
2966,401,nvme_supported,Y,
2967,401,max_ram_capacity_gb,256,GB
2968,402,cpu_socket,AM5,
2969,402,ram_type,DDR5,
2970,402,ram_socket,4,EA
2971,402,form_factor,M-ATX,
2972,402,chipset,B850,
2973,402,m2_slots,3,EA
2974,402,nvme_supported,Y,
2975,402,max_ram_capacity_gb,256,GB
2976,403,cpu_socket,AM5,
2977,403,ram_type,DDR5,
2978,403,ram_socket,4,EA
2979,403,form_factor,ATX,
2980,403,chipset,X870,
2981,403,m2_slots,4,EA
2982,403,nvme_supported,Y,
2983,403,max_ram_capacity_gb,256,GB
2984,404,cpu_socket,AM5,
2985,404,ram_type,DDR5,
2986,404,ram_socket,4,EA
2987,404,form_factor,ATX,
2988,404,chipset,X870,
2989,404,m2_slots,4,EA
2990,404,nvme_supported,Y,
2991,404,max_ram_capacity_gb,256,GB
2992,405,cpu_socket,AM5,
2993,405,ram_type,DDR5,
2994,405,ram_socket,4,EA
2995,405,form_factor,ATX,
2996,405,chipset,B850,
2997,405,m2_slots,3,EA
2998,405,nvme_supported,Y,
2999,405,max_ram_capacity_gb,256,GB
3000,406,cpu_socket,AM5,
3001,406,ram_type,DDR5,
3002,406,ram_socket,4,EA
3003,406,form_factor,M-ATX,
3004,406,chipset,B850,
3005,406,m2_slots,3,EA
3006,406,nvme_supported,Y,
3007,406,max_ram_capacity_gb,256,GB
3008,407,cpu_socket,AM5,
3009,407,ram_type,DDR5,
3010,407,ram_socket,4,EA
3011,407,form_factor,ATX,
3012,407,chipset,X870,
3013,407,m2_slots,4,EA
3014,407,nvme_supported,Y,
3015,407,max_ram_capacity_gb,256,GB
3016,408,cpu_socket,AM5,
3017,408,ram_type,DDR5,
3018,408,ram_socket,4,EA
3019,408,form_factor,ATX,
3020,408,chipset,X870E,
3021,408,m2_slots,4,EA
3022,408,nvme_supported,Y,
3023,408,max_ram_capacity_gb,256,GB
3024,409,cpu_socket,AM5,
3025,409,ram_type,DDR5,
3026,409,ram_socket,4,EA
3027,409,form_factor,ATX,
3028,409,chipset,B850,
3029,409,m2_slots,4,EA
3030,409,nvme_supported,Y,
3031,409,max_ram_capacity_gb,256,GB
3032,410,cpu_socket,AM5,
3033,410,ram_type,DDR5,
3034,410,ram_socket,4,EA
3035,410,form_factor,M-ATX,
3036,410,chipset,B650,
3037,410,m2_slots,2,EA
3038,410,nvme_supported,Y,
3039,410,max_ram_capacity_gb,256,GB
3040,411,cpu_socket,AM5,
3041,411,ram_type,DDR5,
3042,411,ram_socket,4,EA
3043,411,form_factor,ATX,
3044,411,chipset,B650,
3045,411,m2_slots,3,EA
3046,411,nvme_supported,Y,
3047,411,max_ram_capacity_gb,192,GB
3048,412,cpu_socket,AM5,
3049,412,ram_type,DDR5,
3050,412,ram_socket,4,EA
3051,412,form_factor,M-ATX,
3052,412,chipset,B650,
3053,412,m2_slots,2,EA
3054,412,nvme_supported,Y,
3055,412,max_ram_capacity_gb,128,GB
3056,413,cpu_socket,AM5,
3057,413,ram_type,DDR5,
3058,413,ram_socket,4,EA
3059,413,form_factor,ATX,
3060,413,chipset,X870,
3061,413,m2_slots,3,EA
3062,413,nvme_supported,Y,
3063,413,max_ram_capacity_gb,256,GB
3064,414,cpu_socket,AM5,
3065,414,ram_type,DDR5,
3066,414,ram_socket,2,EA
3067,414,form_factor,M-ATX,
3068,414,chipset,A620A,
3069,414,m2_slots,1,EA
3070,414,nvme_supported,Y,
3071,414,max_ram_capacity_gb,128,GB
3072,415,cpu_socket,AM5,
3073,415,ram_type,DDR5,
3074,415,ram_socket,4,EA
3075,415,form_factor,M-ATX,
3076,415,chipset,B650,
3077,415,m2_slots,2,EA
3078,415,nvme_supported,Y,
3079,415,max_ram_capacity_gb,192,GB
3080,416,cpu_socket,AM5,
3081,416,ram_type,DDR5,
3082,416,ram_socket,4,EA
3083,416,form_factor,ATX,
3084,416,chipset,X870E,
3085,416,m2_slots,4,EA
3086,416,nvme_supported,Y,
3087,416,max_ram_capacity_gb,256,GB
3088,417,cpu_socket,AM5,
3089,417,ram_type,DDR5,
3090,417,ram_socket,4,EA
3091,417,form_factor,ATX,
3092,417,chipset,B650,
3093,417,m2_slots,3,EA
3094,417,nvme_supported,Y,
3095,417,max_ram_capacity_gb,192,GB
3096,418,cpu_socket,AM5,
3097,418,ram_type,DDR5,
3098,418,ram_socket,4,EA
3099,418,form_factor,M-ATX,
3100,418,chipset,A620,
3101,418,m2_slots,1,EA
3102,418,nvme_supported,Y,
3103,418,max_ram_capacity_gb,128,GB
3104,419,cpu_socket,AM5,
3105,419,ram_type,DDR5,
3106,419,ram_socket,4,EA
3107,419,form_factor,ATX,
3108,419,chipset,B650,
3109,419,m2_slots,3,EA
3110,419,nvme_supported,Y,
3111,419,max_ram_capacity_gb,192,GB
3112,420,cpu_socket,AM5,
3113,420,ram_type,DDR5,
3114,420,ram_socket,4,EA
3115,420,form_factor,ATX,
3116,420,chipset,X670,
3117,420,m2_slots,4,EA
3118,420,nvme_supported,Y,
3119,420,max_ram_capacity_gb,192,GB
3120,421,cpu_socket,AM5,
3121,421,ram_type,DDR5,
3122,421,ram_socket,2,EA
3123,421,form_factor,M-ITX,
3124,421,chipset,X870,
3125,421,m2_slots,2,EA
3126,421,nvme_supported,Y,
3127,421,max_ram_capacity_gb,128,GB
3128,422,cpu_socket,AM5,
3129,422,ram_type,DDR5,
3130,422,ram_socket,4,EA
3131,422,form_factor,M-ATX,
3132,422,chipset,B650,
3133,422,m2_slots,2,EA
3134,422,nvme_supported,Y,
3135,422,max_ram_capacity_gb,192,GB
3136,423,cpu_socket,AM5,
3137,423,ram_type,DDR5,
3138,423,ram_socket,4,EA
3139,423,form_factor,M-ATX,
3140,423,chipset,A620,
3141,423,m2_slots,1,EA
3142,423,nvme_supported,Y,
3143,423,max_ram_capacity_gb,128,GB
3144,424,cpu_socket,AM5,
3145,424,ram_type,DDR5,
3146,424,ram_socket,2,EA
3147,424,form_factor,M-ATX,
3148,424,chipset,B650,
3149,424,m2_slots,1,EA
3150,424,nvme_supported,Y,
3151,424,max_ram_capacity_gb,96,GB
3152,425,cpu_socket,AM5,
3153,425,ram_type,DDR5,
3154,425,ram_socket,4,EA
3155,425,form_factor,M-ATX,
3156,425,chipset,B650,
3157,425,m2_slots,2,EA
3158,425,nvme_supported,Y,
3159,425,max_ram_capacity_gb,192,GB
3160,426,cpu_socket,AM5,
3161,426,ram_type,DDR5,
3162,426,ram_socket,4,EA
3163,426,form_factor,ATX,
3164,426,chipset,X870E,
3165,426,m2_slots,4,EA
3166,426,nvme_supported,Y,
3167,426,max_ram_capacity_gb,256,GB
3168,427,cpu_socket,AM5,
3169,427,ram_type,DDR5,
3170,427,ram_socket,4,EA
3171,427,form_factor,M-ATX,
3172,427,chipset,B650,
3173,427,m2_slots,2,EA
3174,427,nvme_supported,Y,
3175,427,max_ram_capacity_gb,128,GB
3176,428,cpu_socket,LGA1200,
3177,428,ram_type,DDR4,
3178,428,ram_socket,2,EA
3179,428,form_factor,M-ATX,
3180,428,chipset,H510,
3181,428,m2_slots,1,EA
3182,428,nvme_supported,Y,
3183,428,max_ram_capacity_gb,64,GB
3184,429,cpu_socket,LGA1200,
3185,429,ram_type,DDR4,
3186,429,ram_socket,4,EA
3187,429,form_factor,ATX,
3188,429,chipset,Z590,
3189,429,m2_slots,3,EA
3190,429,nvme_supported,Y,
3191,429,max_ram_capacity_gb,128,GB
3192,430,cpu_socket,LGA1200,
3193,430,ram_type,DDR4,
3194,430,ram_socket,4,EA
3195,430,form_factor,ATX,
3196,430,chipset,Z590,
3197,430,m2_slots,3,EA
3198,430,nvme_supported,Y,
3199,430,max_ram_capacity_gb,128,GB
3200,431,cpu_socket,LGA1200,
3201,431,ram_type,DDR4,
3202,431,ram_socket,4,EA
3203,431,form_factor,M-ATX,
3204,431,chipset,B560,
3205,431,m2_slots,2,EA
3206,431,nvme_supported,Y,
3207,431,max_ram_capacity_gb,128,GB
3208,432,cpu_socket,LGA1700,
3209,432,ram_type,DDR4,
3210,432,ram_socket,4,EA
3211,432,form_factor,M-ATX,
3212,432,chipset,B760,
3213,432,m2_slots,2,EA
3214,432,nvme_supported,Y,
3215,432,max_ram_capacity_gb,128,GB
3216,433,cpu_socket,LGA1700,
3217,433,ram_type,DDR4,
3218,433,ram_socket,4,EA
3219,433,form_factor,M-ATX,
3220,433,chipset,B760,
3221,433,m2_slots,2,EA
3222,433,nvme_supported,Y,
3223,433,max_ram_capacity_gb,128,GB
3224,434,cpu_socket,LGA1700,
3225,434,ram_type,DDR4,
3226,434,ram_socket,2,EA
3227,434,form_factor,M-ATX,
3228,434,chipset,H610,
3229,434,m2_slots,1,EA
3230,434,nvme_supported,Y,
3231,434,max_ram_capacity_gb,64,GB
3232,435,cpu_socket,LGA1700,
3233,435,ram_type,DDR4,
3234,435,ram_socket,4,EA
3235,435,form_factor,M-ATX,
3236,435,chipset,B760,
3237,435,m2_slots,2,EA
3238,435,nvme_supported,Y,
3239,435,max_ram_capacity_gb,128,GB
3240,436,cpu_socket,LGA1700,
3241,436,ram_type,DDR4,
3242,436,ram_socket,4,EA
3243,436,form_factor,M-ATX,
3244,436,chipset,B760,
3245,436,m2_slots,2,EA
3246,436,nvme_supported,Y,
3247,436,max_ram_capacity_gb,128,GB
3248,437,cpu_socket,LGA1700,
3249,437,ram_type,DDR4,
3250,437,ram_socket,4,EA
3251,437,form_factor,M-ATX,
3252,437,chipset,B760,
3253,437,m2_slots,2,EA
3254,437,nvme_supported,Y,
3255,437,max_ram_capacity_gb,128,GB
3256,438,cpu_socket,LGA1700,
3257,438,ram_type,DDR5,
3258,438,ram_socket,4,EA
3259,438,form_factor,M-ATX,
3260,438,chipset,B760,
3261,438,m2_slots,2,EA
3262,438,nvme_supported,Y,
3263,438,max_ram_capacity_gb,256,GB
3264,439,cpu_socket,LGA1700,
3265,439,ram_type,DDR4,
3266,439,ram_socket,2,EA
3267,439,form_factor,M-ATX,
3268,439,chipset,H610,
3269,439,m2_slots,1,EA
3270,439,nvme_supported,Y,
3271,439,max_ram_capacity_gb,64,GB
3272,440,cpu_socket,LGA1700,
3273,440,ram_type,DDR4,
3274,440,ram_socket,4,EA
3275,440,form_factor,M-ATX,
3276,440,chipset,B760,
3277,440,m2_slots,2,EA
3278,440,nvme_supported,Y,
3279,440,max_ram_capacity_gb,128,GB
3280,441,cpu_socket,LGA1700,
3281,441,ram_type,DDR5,
3282,441,ram_socket,4,EA
3283,441,form_factor,ATX,
3284,441,chipset,Z790,
3285,441,m2_slots,3,EA
3286,441,nvme_supported,Y,
3287,441,max_ram_capacity_gb,128,GB
3288,442,cpu_socket,LGA1700,
3289,442,ram_type,DDR4,
3290,442,ram_socket,2,EA
3291,442,form_factor,M-ITX,
3292,442,chipset,H610,
3293,442,m2_slots,1,EA
3294,442,nvme_supported,Y,
3295,442,max_ram_capacity_gb,64,GB
3296,443,cpu_socket,LGA1700,
3297,443,ram_type,DDR4,
3298,443,ram_socket,2,EA
3299,443,form_factor,M-ATX,
3300,443,chipset,H610,
3301,443,m2_slots,1,EA
3302,443,nvme_supported,Y,
3303,443,max_ram_capacity_gb,64,GB
3304,444,cpu_socket,LGA1700,
3305,444,ram_type,DDR5,
3306,444,ram_socket,4,EA
3307,444,form_factor,ATX,
3308,444,chipset,Z790,
3309,444,m2_slots,4,EA
3310,444,nvme_supported,Y,
3311,444,max_ram_capacity_gb,128,GB
3312,445,cpu_socket,LGA1700,
3313,445,ram_type,DDR5,
3314,445,ram_socket,2,EA
3315,445,form_factor,M-ATX,
3316,445,chipset,H610,
3317,445,m2_slots,1,EA
3318,445,nvme_supported,Y,
3319,445,max_ram_capacity_gb,128,GB
3320,446,cpu_socket,LGA1700,
3321,446,ram_type,DDR4,
3322,446,ram_socket,4,EA
3323,446,form_factor,M-ATX,
3324,446,chipset,B760,
3325,446,m2_slots,2,EA
3326,446,nvme_supported,Y,
3327,446,max_ram_capacity_gb,128,GB
3328,447,cpu_socket,LGA1700,
3329,447,ram_type,DDR4,
3330,447,ram_socket,2,EA
3331,447,form_factor,M-ATX,
3332,447,chipset,H610,
3333,447,m2_slots,1,EA
3334,447,nvme_supported,Y,
3335,447,max_ram_capacity_gb,64,GB
3336,448,cpu_socket,LGA1700,
3337,448,ram_type,DDR4,
3338,448,ram_socket,4,EA
3339,448,form_factor,M-ATX,
3340,448,chipset,B760,
3341,448,m2_slots,2,EA
3342,448,nvme_supported,Y,
3343,448,max_ram_capacity_gb,128,GB
3344,449,cpu_socket,LGA1700,
3345,449,ram_type,DDR4,
3346,449,ram_socket,4,EA
3347,449,form_factor,M-ATX,
3348,449,chipset,B760,
3349,449,m2_slots,2,EA
3350,449,nvme_supported,Y,
3351,449,max_ram_capacity_gb,128,GB
3352,450,cpu_socket,LGA1700,
3353,450,ram_type,DDR5,
3354,450,ram_socket,2,EA
3355,450,form_factor,M-ATX,
3356,450,chipset,H610,
3357,450,m2_slots,1,EA
3358,450,nvme_supported,Y,
3359,450,max_ram_capacity_gb,128,GB
3360,451,cpu_socket,LGA1700,
3361,451,ram_type,DDR5,
3362,451,ram_socket,4,EA
3363,451,form_factor,M-ATX,
3364,451,chipset,B760,
3365,451,m2_slots,2,EA
3366,451,nvme_supported,Y,
3367,451,max_ram_capacity_gb,256,GB
3368,452,cpu_socket,LGA1700,
3369,452,ram_type,DDR5,
3370,452,ram_socket,4,EA
3371,452,form_factor,M-ATX,
3372,452,chipset,B760,
3373,452,m2_slots,2,EA
3374,452,nvme_supported,Y,
3375,452,max_ram_capacity_gb,256,GB
3376,453,cpu_socket,LGA1700,
3377,453,ram_type,DDR5,
3378,453,ram_socket,2,EA
3379,453,form_factor,M-ATX,
3380,453,chipset,B760,
3381,453,m2_slots,2,EA
3382,453,max_ram_capacity_gb,96,GB
3383,454,cpu_socket,LGA1700,
3384,454,ram_type,DDR5,
3385,454,ram_socket,4,EA
3386,454,form_factor,M-ATX,
3387,454,chipset,B760,
3388,454,m2_slots,2,EA
3389,454,nvme_supported,Y,
3390,454,max_ram_capacity_gb,256,GB
3391,455,cpu_socket,LGA1700,
3392,455,ram_type,DDR5,
3393,455,ram_socket,2,EA
3394,455,form_factor,M-ATX,
3395,455,chipset,H610,
3396,455,m2_slots,1,EA
3397,455,nvme_supported,Y,
3398,455,max_ram_capacity_gb,128,GB
3399,456,cpu_socket,LGA1700,
3400,456,ram_type,DDR5,
3401,456,ram_socket,2,EA
3402,456,form_factor,M-ATX,
3403,456,chipset,H610,
3404,456,m2_slots,1,EA
3405,456,nvme_supported,Y,
3406,456,max_ram_capacity_gb,128,GB
3407,457,cpu_socket,LGA1700,
3408,457,ram_type,DDR5,
3409,457,ram_socket,2,EA
3410,457,form_factor,M-ATX,
3411,457,chipset,H610,
3412,457,m2_slots,1,EA
3413,457,nvme_supported,Y,
3414,457,max_ram_capacity_gb,128,GB
3415,458,cpu_socket,LGA1700,
3416,458,ram_type,DDR5,
3417,458,ram_socket,2,EA
3418,458,form_factor,M-ATX,
3419,458,chipset,H610,
3420,458,m2_slots,1,EA
3421,458,nvme_supported,Y,
3422,458,max_ram_capacity_gb,64,GB
3423,459,cpu_socket,LGA1700,
3424,459,ram_type,DDR5,
3425,459,ram_socket,4,EA
3426,459,form_factor,E-ATX,
3427,459,chipset,Z790,
3428,459,m2_slots,5,EA
3429,459,nvme_supported,Y,
3430,459,max_ram_capacity_gb,192,GB
3431,460,cpu_socket,LGA1700,
3432,460,ram_type,DDR5,
3433,460,ram_socket,4,EA
3434,460,form_factor,ATX,
3435,460,chipset,Z790,
3436,460,m2_slots,4,EA
3437,460,nvme_supported,Y,
3438,460,max_ram_capacity_gb,128,GB
3439,461,cpu_socket,LGA1700,
3440,461,ram_type,DDR5,
3441,461,ram_socket,4,EA
3442,461,form_factor,M-ATX,
3443,461,chipset,B760,
3444,461,m2_slots,2,EA
3445,461,nvme_supported,Y,
3446,461,max_ram_capacity_gb,192,GB
3447,462,cpu_socket,LGA1700,
3448,462,ram_type,DDR5,
3449,462,ram_socket,4,EA
3450,462,form_factor,ATX,
3451,462,chipset,Z790,
3452,462,m2_slots,3,EA
3453,462,nvme_supported,Y,
3454,462,max_ram_capacity_gb,128,GB
3455,463,cpu_socket,LGA1700,
3456,463,ram_type,DDR5,
3457,463,ram_socket,4,EA
3458,463,form_factor,M-ATX,
3459,463,chipset,B760,
3460,463,m2_slots,2,EA
3461,463,nvme_supported,Y,
3462,463,max_ram_capacity_gb,128,GB
3463,464,cpu_socket,LGA1700,
3464,464,ram_type,DDR5,
3465,464,ram_socket,4,EA
3466,464,form_factor,M-ATX,
3467,464,chipset,B760,
3468,464,m2_slots,2,EA
3469,464,nvme_supported,Y,
3470,464,max_ram_capacity_gb,128,GB
3471,465,cpu_socket,LGA1700,
3472,465,ram_type,DDR5,
3473,465,ram_socket,4,EA
3474,465,form_factor,M-ATX,
3475,465,chipset,B760,
3476,465,m2_slots,2,EA
3477,465,nvme_supported,Y,
3478,465,max_ram_capacity_gb,128,GB
3479,466,cpu_socket,LGA1700,
3480,466,ram_type,DDR5,
3481,466,ram_socket,4,EA
3482,466,form_factor,E-ATX,
3483,466,chipset,Z690,
3484,466,m2_slots,4,EA
3485,466,nvme_supported,Y,
3486,466,max_ram_capacity_gb,128,GB
3487,467,cpu_socket,LGA1700,
3488,467,ram_type,DDR5,
3489,467,ram_socket,4,EA
3490,467,form_factor,E-ATX,
3491,467,chipset,Z790,
3492,467,m2_slots,5,EA
3493,467,nvme_supported,Y,
3494,467,max_ram_capacity_gb,128,GB
3495,468,cpu_socket,LGA1700,
3496,468,ram_type,DDR4,
3497,468,ram_socket,2,EA
3498,468,form_factor,M-ATX,
3499,468,chipset,H610,
3500,468,m2_slots,1,EA
3501,468,nvme_supported,Y,
3502,468,max_ram_capacity_gb,64,GB
3503,469,cpu_socket,LGA1700,
3504,469,ram_type,DDR5,
3505,469,ram_socket,4,EA
3506,469,form_factor,ATX,
3507,469,chipset,Z690,
3508,469,m2_slots,4,EA
3509,469,nvme_supported,Y,
3510,469,max_ram_capacity_gb,128,GB
3511,470,cpu_socket,LGA1700,
3512,470,ram_type,DDR5,
3513,470,ram_socket,4,EA
3514,470,form_factor,ATX,
3515,470,chipset,Z790,
3516,470,m2_slots,4,EA
3517,470,nvme_supported,Y,
3518,470,max_ram_capacity_gb,128,GB
3519,471,cpu_socket,LGA1700,
3520,471,ram_type,DDR4,
3521,471,ram_socket,2,EA
3522,471,form_factor,M-ATX,
3523,471,chipset,H610,
3524,471,m2_slots,1,EA
3525,471,nvme_supported,Y,
3526,471,max_ram_capacity_gb,64,GB
3527,472,cpu_socket,LGA1700,
3528,472,ram_type,DDR5,
3529,472,ram_socket,2,EA
3530,472,form_factor,M-ATX,
3531,472,chipset,H610,
3532,472,m2_slots,1,EA
3533,472,nvme_supported,Y,
3534,472,max_ram_capacity_gb,96,GB
3535,473,cpu_socket,LGA1700,
3536,473,ram_type,DDR4,
3537,473,ram_socket,2,EA
3538,473,form_factor,M-ATX,
3539,473,chipset,H610,
3540,473,m2_slots,1,EA
3541,473,nvme_supported,Y,
3542,473,max_ram_capacity_gb,64,GB
3543,474,cpu_socket,LGA1700,
3544,474,ram_type,DDR4,
3545,474,ram_socket,2,EA
3546,474,form_factor,M-ATX,
3547,474,chipset,H610,
3548,474,m2_slots,1,EA
3549,474,nvme_supported,Y,
3550,474,max_ram_capacity_gb,64,GB
3551,475,cpu_socket,LGA1700,
3552,475,ram_type,DDR5,
3553,475,ram_socket,2,EA
3554,475,form_factor,M-ATX,
3555,475,chipset,H610,
3556,475,m2_slots,1,EA
3557,475,nvme_supported,Y,
3558,475,max_ram_capacity_gb,64,GB
3559,476,cpu_socket,LGA1700,
3560,476,ram_type,DDR5,
3561,476,ram_socket,2,EA
3562,476,form_factor,M-ATX,
3563,476,chipset,H610,
3564,476,m2_slots,1,EA
3565,476,nvme_supported,Y,
3566,476,max_ram_capacity_gb,96,GB
3567,477,cpu_socket,LGA1700,
3568,477,ram_type,DDR4,
3569,477,ram_socket,2,EA
3570,477,form_factor,M-ATX,
3571,477,chipset,H610,
3572,477,m2_slots,1,EA
3573,477,nvme_supported,Y,
3574,477,max_ram_capacity_gb,64,GB
3575,478,cpu_socket,LGA1700,
3576,478,ram_type,DDR5,
3577,478,ram_socket,2,EA
3578,478,form_factor,M-ATX,
3579,478,chipset,H610,
3580,478,m2_slots,1,EA
3581,478,nvme_supported,Y,
3582,478,max_ram_capacity_gb,96,GB
3583,479,cpu_socket,LGA1700,
3584,479,ram_type,DDR4,
3585,479,ram_socket,2,EA
3586,479,form_factor,M-ATX,
3587,479,chipset,H610,
3588,479,m2_slots,1,EA
3589,479,nvme_supported,Y,
3590,479,max_ram_capacity_gb,64,GB
3591,480,cpu_socket,LGA1700,
3592,480,ram_type,DDR5,
3593,480,ram_socket,2,EA
3594,480,form_factor,M-ATX,
3595,480,chipset,H610,
3596,480,m2_slots,1,EA
3597,480,nvme_supported,Y,
3598,480,max_ram_capacity_gb,128,GB
3599,481,cpu_socket,LGA1700,
3600,481,ram_type,DDR4,
3601,481,ram_socket,2,EA
3602,481,form_factor,M-ATX,
3603,481,chipset,H610,
3604,481,m2_slots,1,EA
3605,481,nvme_supported,Y,
3606,481,max_ram_capacity_gb,64,GB
3607,482,cpu_socket,LGA1700,
3608,482,ram_type,DDR4,
3609,482,ram_socket,2,EA
3610,482,form_factor,M-ATX,
3611,482,chipset,H610,
3612,482,m2_slots,1,EA
3613,482,nvme_supported,Y,
3614,482,max_ram_capacity_gb,64,GB
3615,483,cpu_socket,LGA1851,
3616,483,ram_type,DDR5,
3617,483,ram_socket,4,EA
3618,483,form_factor,M-ATX,
3619,483,chipset,B860,
3620,483,m2_slots,2,EA
3621,483,nvme_supported,Y,
3622,483,max_ram_capacity_gb,256,GB
3623,484,cpu_socket,LGA1851,
3624,484,ram_type,DDR5,
3625,484,ram_socket,4,EA
3626,484,form_factor,M-ATX,
3627,484,chipset,B860,
3628,484,m2_slots,3,EA
3629,484,nvme_supported,Y,
3630,484,max_ram_capacity_gb,256,GB
3631,485,cpu_socket,LGA1851,
3632,485,ram_type,DDR5,
3633,485,ram_socket,4,EA
3634,485,form_factor,ATX,
3635,485,chipset,Z890,
3636,485,m2_slots,1,EA
3637,485,nvme_supported,Y,
3638,485,max_ram_capacity_gb,256,GB
3639,486,cpu_socket,LGA1851,
3640,486,ram_type,DDR5,
3641,486,ram_socket,4,EA
3642,486,form_factor,M-ATX,
3643,486,chipset,Z890,
3644,486,m2_slots,3,EA
3645,486,nvme_supported,Y,
3646,486,max_ram_capacity_gb,256,GB
3647,487,cpu_socket,LGA1851,
3648,487,ram_type,DDR5,
3649,487,ram_socket,4,EA
3650,487,form_factor,M-ATX,
3651,487,chipset,B860,
3652,487,m2_slots,2,EA
3653,487,nvme_supported,Y,
3654,487,max_ram_capacity_gb,256,GB
3655,488,cpu_socket,LGA1851,
3656,488,ram_type,DDR5,
3657,488,ram_socket,4,EA
3658,488,form_factor,ATX,
3659,488,chipset,Z890,
3660,488,m2_slots,5,EA
3661,488,nvme_supported,Y,
3662,488,max_ram_capacity_gb,256,GB
3663,489,cpu_socket,LGA1851,
3664,489,ram_type,DDR5,
3665,489,ram_socket,4,EA
3666,489,form_factor,ATX,
3667,489,chipset,Z890,
3668,489,m2_slots,4,EA
3669,489,nvme_supported,Y,
3670,489,max_ram_capacity_gb,256,GB
3671,490,cpu_socket,LGA1851,
3672,490,ram_type,DDR5,
3673,490,ram_socket,2,EA
3674,490,form_factor,M-ATX,
3675,490,chipset,H810,
3676,490,m2_slots,1,EA
3677,490,nvme_supported,Y,
3678,490,max_ram_capacity_gb,128,GB
3679,491,cpu_socket,LGA1851,
3680,491,ram_type,DDR5,
3681,491,ram_socket,4,EA
3682,491,form_factor,ATX,
3683,491,chipset,Z890,
3684,491,m2_slots,4,EA
3685,491,nvme_supported,Y,
3686,491,max_ram_capacity_gb,256,GB
3687,492,cpu_socket,LGA1851,
3688,492,ram_type,DDR5,
3689,492,ram_socket,4,EA
3690,492,form_factor,M-ATX,
3691,492,chipset,B860,
3692,492,m2_slots,3,EA
3693,492,nvme_supported,Y,
3694,492,max_ram_capacity_gb,256,GB
3695,493,cpu_socket,LGA1851,
3696,493,ram_type,DDR5,
3697,493,ram_socket,4,EA
3698,493,form_factor,M-ATX,
3699,493,chipset,B860,
3700,493,m2_slots,3,EA
3701,493,nvme_supported,Y,
3702,493,max_ram_capacity_gb,256,GB
3703,494,cpu_socket,LGA1851,
3704,494,ram_type,DDR5,
3705,494,ram_socket,4,EA
3706,494,form_factor,ATX,
3707,494,chipset,Z890,
3708,494,m2_slots,5,EA
3709,494,nvme_supported,Y,
3710,494,max_ram_capacity_gb,256,GB
3711,495,cpu_socket,LGA1851,
3712,495,ram_type,DDR5,
3713,495,ram_socket,4,EA
3714,495,form_factor,ATX,
3715,495,chipset,Z890,
3716,495,m2_slots,4,EA
3717,495,nvme_supported,Y,
3718,495,max_ram_capacity_gb,256,GB
3719,496,cpu_socket,LGA1851,
3720,496,ram_type,DDR5,
3721,496,ram_socket,2,EA
3722,496,form_factor,M-ITX,
3723,496,chipset,Z890,
3724,496,m2_slots,2,EA
3725,496,nvme_supported,Y,
3726,496,max_ram_capacity_gb,128,GB
3727,497,cpu_socket,LGA1851,
3728,497,ram_type,DDR5,
3729,497,ram_socket,4,EA
3730,497,form_factor,M-ATX,
3731,497,chipset,B860,
3732,497,m2_slots,3,EA
3733,497,nvme_supported,Y,
3734,497,max_ram_capacity_gb,256,GB
3735,498,cpu_socket,LGA1851,
3736,498,ram_type,DDR5,
3737,498,ram_socket,4,EA
3738,498,form_factor,ATX,
3739,498,chipset,Z890,
3740,498,m2_slots,1,EA
3741,498,nvme_supported,Y,
3742,498,max_ram_capacity_gb,256,GB
3743,499,cpu_socket,LGA1851,
3744,499,ram_type,DDR5,
3745,499,ram_socket,4,EA
3746,499,form_factor,ATX,
3747,499,chipset,B860,
3748,499,m2_slots,3,EA
3749,499,nvme_supported,Y,
3750,499,max_ram_capacity_gb,256,GB
3751,500,cpu_socket,LGA1851,
3752,500,ram_type,DDR5,
3753,500,ram_socket,4,EA
3754,500,form_factor,E-ATX,
3755,500,chipset,Z890,
3756,500,m2_slots,4,EA
3757,500,nvme_supported,Y,
3758,500,max_ram_capacity_gb,256,GB
3759,501,cpu_socket,LGA1851,
3760,501,ram_type,DDR5,
3761,501,ram_socket,2,EA
3762,501,form_factor,ATX,
3763,501,chipset,Z890,
3764,501,m2_slots,2,EA
3765,501,nvme_supported,Y,
3766,501,max_ram_capacity_gb,256,GB
3767,502,cpu_socket,LGA1851,
3768,502,ram_type,DDR5,
3769,502,ram_socket,4,EA
3770,502,form_factor,ATX,
3771,502,chipset,Z890,
3772,502,m2_slots,4,EA
3773,502,nvme_supported,Y,
3774,502,max_ram_capacity_gb,256,GB
3775,503,cpu_socket,LGA1851,
3776,503,ram_type,DDR5,
3777,503,ram_socket,4,EA
3778,503,form_factor,M-ATX,
3779,503,chipset,B860,
3780,503,m2_slots,2,EA
3781,503,nvme_supported,Y,
3782,503,max_ram_capacity_gb,256,GB
3783,504,cpu_socket,LGA1851,
3784,504,ram_type,DDR5,
3785,504,ram_socket,4,EA
3786,504,form_factor,M-ATX,
3787,504,chipset,Z890,
3788,504,m2_slots,1,EA
3789,504,nvme_supported,Y,
3790,504,max_ram_capacity_gb,256,GB
3791,505,cpu_socket,LGA1851,
3792,505,ram_type,DDR5,
3793,505,ram_socket,4,EA
3794,505,form_factor,ATX,
3795,505,chipset,Z890,
3796,505,m2_slots,5,EA
3797,505,nvme_supported,Y,
3798,505,max_ram_capacity_gb,256,GB
3799,506,cpu_socket,LGA1851,
3800,506,ram_type,DDR5,
3801,506,ram_socket,2,EA
3802,506,form_factor,ATX,
3803,506,chipset,Z890,
3804,506,m2_slots,5,EA
3805,506,nvme_supported,Y,
3806,506,max_ram_capacity_gb,256,GB
3807,507,cpu_socket,LGA1851,
3808,507,ram_type,DDR5,
3809,507,ram_socket,4,EA
3810,507,form_factor,M-ATX,
3811,507,chipset,B860,
3812,507,m2_slots,3,EA
3813,507,nvme_supported,Y,
3814,507,max_ram_capacity_gb,256,GB
3815,508,cpu_socket,LGA1851,
3816,508,ram_type,DDR5,
3817,508,ram_socket,2,EA
3818,508,form_factor,M-ATX,
3819,508,chipset,H810,
3820,508,m2_slots,1,EA
3821,508,nvme_supported,Y,
3822,508,max_ram_capacity_gb,128,GB
3823,509,cpu_socket,LGA1851,
3824,509,ram_type,DDR5,
3825,509,ram_socket,4,EA
3826,509,form_factor,M-ATX,
3827,509,chipset,B860,
3828,509,m2_slots,2,EA
3829,509,nvme_supported,Y,
3830,509,max_ram_capacity_gb,256,GB
3831,510,cpu_socket,LGA1851,
3832,510,ram_type,DDR5,
3833,510,ram_socket,2,EA
3834,510,form_factor,M-ATX,
3835,510,chipset,H810,
3836,510,m2_slots,1,EA
3837,510,nvme_supported,Y,
3838,510,max_ram_capacity_gb,128,GB
3839,511,cpu_socket,LGA1851,
3840,511,ram_type,DDR5,
3841,511,ram_socket,2,EA
3842,511,form_factor,M-ATX,
3843,511,chipset,H810,
3844,511,m2_slots,1,EA
3845,511,nvme_supported,Y,
3846,511,max_ram_capacity_gb,128,GB
3847,512,cpu_socket,LGA1851,
3848,512,ram_type,DDR5,
3849,512,ram_socket,4,EA
3850,512,form_factor,M-ATX,
3851,512,chipset,B860,
3852,512,m2_slots,3,EA
3853,512,nvme_supported,Y,
3854,512,max_ram_capacity_gb,256,GB
3855,513,cpu_socket,LGA1851,
3856,513,ram_type,DDR5,
3857,513,ram_socket,2,EA
3858,513,form_factor,M-ATX,
3859,513,chipset,H810,
3860,513,m2_slots,1,EA
3861,513,nvme_supported,Y,
3862,513,max_ram_capacity_gb,128,GB
3863,514,cpu_socket,LGA1851,
3864,514,ram_type,DDR5,
3865,514,ram_socket,2,EA
3866,514,form_factor,M-ATX,
3867,514,chipset,H810,
3868,514,m2_slots,1,EA
3869,514,nvme_supported,Y,
3870,514,max_ram_capacity_gb,128,GB
3871,515,cpu_socket,LGA1851,
3872,515,ram_type,DDR5,
3873,515,ram_socket,4,EA
3874,515,form_factor,ATX,
3875,515,chipset,Z890,
3876,515,m2_slots,4,EA
3877,515,nvme_supported,Y,
3878,515,max_ram_capacity_gb,256,GB
3879,516,cpu_socket,LGA1851,
3880,516,ram_type,DDR5,
3881,516,ram_socket,2,EA
3882,516,form_factor,M-ATX,
3883,516,chipset,H810,
3884,516,m2_slots,1,EA
3885,516,nvme_supported,Y,
3886,516,max_ram_capacity_gb,128,GB
3887,517,cpu_socket,LGA1851,
3888,517,ram_type,DDR5,
3889,517,ram_socket,2,EA
3890,517,form_factor,M-ATX,
3891,517,chipset,H810,
3892,517,m2_slots,1,EA
3893,517,nvme_supported,Y,
3894,517,max_ram_capacity_gb,128,GB
3895,518,cpu_socket,LGA1851,
3896,518,ram_type,DDR5,
3897,518,ram_socket,4,EA
3898,518,form_factor,ATX,
3899,518,chipset,B860,
3900,518,m2_slots,3,EA
3901,518,nvme_supported,Y,
3902,518,max_ram_capacity_gb,256,GB
3903,519,cpu_socket,LGA1851,
3904,519,ram_type,DDR5,
3905,519,ram_socket,2,EA
3906,519,form_factor,M-ATX,
3907,519,chipset,H810,
3908,519,m2_slots,1,EA
3909,519,nvme_supported,Y,
3910,519,max_ram_capacity_gb,128,GB
3911,520,cpu_socket,LGA1851,
3912,520,ram_type,DDR5,
3913,520,ram_socket,2,EA
3914,520,form_factor,M-ATX,
3915,520,chipset,H810,
3916,520,m2_slots,1,EA
3917,520,nvme_supported,Y,
3918,520,max_ram_capacity_gb,128,GB
3919,521,cpu_socket,LGA1851,
3920,521,ram_type,DDR5,
3921,521,ram_socket,2,EA
3922,521,form_factor,M-ITX,
3923,521,chipset,Z890,
3924,521,m2_slots,2,EA
3925,521,nvme_supported,Y,
3926,521,max_ram_capacity_gb,128,GB
3927,522,cpu_socket,LGA1851,
3928,522,ram_type,DDR5,
3929,522,ram_socket,2,EA
3930,522,form_factor,M-ATX,
3931,522,chipset,H810,
3932,522,m2_slots,1,EA
3933,522,nvme_supported,Y,
3934,522,max_ram_capacity_gb,128,GB
3935,523,cpu_socket,LGA1851,
3936,523,ram_type,DDR5,
3937,523,ram_socket,4,EA
3938,523,form_factor,ATX,
3939,523,chipset,Z890,
3940,523,m2_slots,4,EA
3941,523,nvme_supported,Y,
3942,523,max_ram_capacity_gb,256,GB
3943,524,cpu_socket,LGA1851,
3944,524,ram_type,DDR5,
3945,524,ram_socket,2,EA
3946,524,form_factor,M-ATX,
3947,524,chipset,H810,
3948,524,m2_slots,1,EA
3949,524,nvme_supported,Y,
3950,524,max_ram_capacity_gb,128,GB
3951,525,cpu_socket,LGA1851,
3952,525,ram_type,DDR5,
3953,525,ram_socket,2,EA
3954,525,form_factor,M-ATX,
3955,525,chipset,H810,
3956,525,m2_slots,1,EA
3957,525,nvme_supported,Y,
3958,525,max_ram_capacity_gb,128,GB
3959,526,cpu_socket,LGA1851,
3960,526,ram_type,DDR5,
3961,526,ram_socket,2,EA
3962,526,form_factor,M-ATX,
3963,526,chipset,H810,
3964,526,m2_slots,1,EA
3965,526,nvme_supported,Y,
3966,526,max_ram_capacity_gb,128,GB
3967,527,cpu_socket,AM4,
3968,527,ram_type,DDR4,
3969,527,ram_socket,4,EA
3970,527,form_factor,M-ATX,
3971,527,chipset,B550,
3972,527,m2_slots,2,EA
3973,527,nvme_supported,Y,
3974,527,max_ram_capacity_gb,128,GB
3975,528,cpu_socket,AM4,
3976,528,ram_type,DDR4,
3977,528,ram_socket,2,EA
3978,528,form_factor,M-ATX,
3979,528,chipset,A520,
3980,528,m2_slots,1,EA
3981,528,nvme_supported,Y,
3982,528,max_ram_capacity_gb,64,GB
3983,529,cpu_socket,AM4,
3984,529,ram_type,DDR4,
3985,529,ram_socket,2,EA
3986,529,form_factor,M-ATX,
3987,529,chipset,B550,
3988,529,m2_slots,2,EA
3989,529,nvme_supported,Y,
3990,529,max_ram_capacity_gb,64,GB
3991,530,cpu_socket,AM4,
3992,530,ram_type,DDR4,
3993,530,ram_socket,4,EA
3994,530,form_factor,M-ATX,
3995,530,chipset,B550,
3996,530,m2_slots,2,EA
3997,530,nvme_supported,Y,
3998,530,max_ram_capacity_gb,128,GB
3999,531,cpu_socket,AM4,
4000,531,ram_type,DDR4,
4001,531,ram_socket,2,EA
4002,531,form_factor,M-ATX,
4003,531,chipset,B550,
4004,531,m2_slots,2,EA
4005,531,nvme_supported,Y,
4006,531,max_ram_capacity_gb,64,GB
4007,532,cpu_socket,AM4,
4008,532,ram_type,DDR4,
4009,532,ram_socket,4,EA
4010,532,form_factor,ATX,
4011,532,chipset,X570,
4012,532,m2_slots,2,EA
4013,532,nvme_supported,Y,
4014,532,max_ram_capacity_gb,128,GB
4015,533,cpu_socket,AM4,
4016,533,ram_type,DDR4,
4017,533,ram_socket,4,EA
4018,533,form_factor,M-ATX,
4019,533,chipset,A320,
4020,533,m2_slots,1,EA
4021,533,max_ram_capacity_gb,64,GB
4022,534,cpu_socket,AM4,
4023,534,ram_type,DDR4,
4024,534,ram_socket,2,EA
4025,534,form_factor,M-ATX,
4026,534,chipset,A520,
4027,534,m2_slots,1,EA
4028,534,nvme_supported,Y,
4029,534,max_ram_capacity_gb,64,GB
4030,535,cpu_socket,AM4,
4031,535,ram_type,DDR4,
4032,535,ram_socket,2,EA
4033,535,form_factor,M-ATX,
4034,535,chipset,A520,
4035,535,m2_slots,1,EA
4036,535,nvme_supported,Y,
4037,535,max_ram_capacity_gb,64,GB
4038,536,cpu_socket,AM4,
4039,536,ram_type,DDR4,
4040,536,ram_socket,2,EA
4041,536,form_factor,M-ATX,
4042,536,chipset,A520,
4043,536,m2_slots,2,EA
4044,536,nvme_supported,Y,
4045,536,max_ram_capacity_gb,64,GB
4046,537,cpu_socket,AM4,
4047,537,ram_type,DDR4,
4048,537,ram_socket,4,EA
4049,537,form_factor,M-ATX,
4050,537,chipset,B450,
4051,537,m2_slots,2,EA
4052,537,nvme_supported,Y,
4053,537,max_ram_capacity_gb,64,GB
4054,538,cpu_socket,AM4,
4055,538,ram_type,DDR4,
4056,538,ram_socket,2,EA
4057,538,form_factor,M-ATX,
4058,538,chipset,A520,
4059,538,m2_slots,1,EA
4060,538,nvme_supported,Y,
4061,538,max_ram_capacity_gb,64,GB
4062,539,cpu_socket,AM5,
4063,539,ram_type,DDR5,
4064,539,ram_socket,4,EA
4065,539,form_factor,M-ATX,
4066,539,chipset,B850,
4067,539,m2_slots,3,EA
4068,539,nvme_supported,Y,
4069,539,max_ram_capacity_gb,256,GB
4070,540,cpu_socket,AM5,
4071,540,ram_type,DDR5,
4072,540,ram_socket,4,EA
4073,540,form_factor,M-ATX,
4074,540,chipset,B850,
4075,540,m2_slots,3,EA
4076,540,nvme_supported,Y,
4077,540,max_ram_capacity_gb,256,GB
4078,541,cpu_socket,AM5,
4079,541,ram_type,DDR5,
4080,541,ram_socket,4,EA
4081,541,form_factor,M-ATX,
4082,541,chipset,B850,
4083,541,m2_slots,3,EA
4084,541,nvme_supported,Y,
4085,541,max_ram_capacity_gb,256,GB
4086,542,cpu_socket,AM5,
4087,542,ram_type,DDR5,
4088,542,ram_socket,4,EA
4089,542,form_factor,M-ATX,
4090,542,chipset,B650,
4091,542,m2_slots,3,EA
4092,542,max_ram_capacity_gb,256,GB
4093,543,cpu_socket,AM5,
4094,543,ram_type,DDR5,
4095,543,ram_socket,4,EA
4096,543,form_factor,M-ATX,
4097,543,chipset,B650,
4098,543,m2_slots,3,EA
4099,543,nvme_supported,Y,
4100,543,max_ram_capacity_gb,256,GB
4101,544,cpu_socket,AM5,
4102,544,ram_type,DDR5,
4103,544,ram_socket,4,EA
4104,544,form_factor,ATX,
4105,544,chipset,X870E,
4106,544,m2_slots,4,EA
4107,544,nvme_supported,Y,
4108,544,max_ram_capacity_gb,192,GB
4109,545,cpu_socket,AM5,
4110,545,ram_type,DDR5,
4111,545,ram_socket,2,EA
4112,545,form_factor,M-ITX,
4113,545,chipset,B850,
4114,545,m2_slots,2,EA
4115,545,nvme_supported,Y,
4116,545,max_ram_capacity_gb,96,GB
4117,546,cpu_socket,AM5,
4118,546,ram_type,DDR5,
4119,546,ram_socket,4,EA
4120,546,form_factor,M-ATX,
4121,546,chipset,B850,
4122,546,m2_slots,3,EA
4123,546,nvme_supported,Y,
4124,546,max_ram_capacity_gb,256,GB
4125,547,cpu_socket,AM5,
4126,547,ram_type,DDR5,
4127,547,ram_socket,4,EA
4128,547,form_factor,M-ATX,
4129,547,chipset,B650,
4130,547,m2_slots,3,EA
4131,547,max_ram_capacity_gb,256,GB
4132,548,cpu_socket,AM5,
4133,548,ram_type,DDR5,
4134,548,ram_socket,4,EA
4135,548,form_factor,ATX,
4136,548,chipset,B850,
4137,548,m2_slots,3,EA
4138,548,nvme_supported,Y,
4139,548,max_ram_capacity_gb,256,GB
4140,549,cpu_socket,AM5,
4141,549,ram_type,DDR5,
4142,549,ram_socket,4,EA
4143,549,form_factor,ATX,
4144,549,chipset,X870E,
4145,549,m2_slots,4,EA
4146,549,nvme_supported,Y,
4147,549,max_ram_capacity_gb,192,GB
4148,550,cpu_socket,AM5,
4149,550,ram_type,DDR5,
4150,550,ram_socket,4,EA
4151,550,form_factor,ATX,
4152,550,chipset,X870E,
4153,550,m2_slots,5,EA
4154,550,nvme_supported,Y,
4155,550,max_ram_capacity_gb,256,GB
4156,551,cpu_socket,AM5,
4157,551,ram_type,DDR5,
4158,551,ram_socket,4,EA
4159,551,form_factor,M-ATX,
4160,551,chipset,B650,
4161,551,m2_slots,3,EA
4162,551,nvme_supported,Y,
4163,551,max_ram_capacity_gb,256,GB
4164,552,cpu_socket,AM5,
4165,552,ram_type,DDR5,
4166,552,ram_socket,4,EA
4167,552,form_factor,ATX,
4168,552,chipset,B850,
4169,552,m2_slots,3,EA
4170,552,nvme_supported,Y,
4171,552,max_ram_capacity_gb,256,GB
4172,553,cpu_socket,AM5,
4173,553,ram_type,DDR5,
4174,553,ram_socket,4,EA
4175,553,form_factor,ATX,
4176,553,chipset,X870,
4177,553,m2_slots,4,EA
4178,553,nvme_supported,Y,
4179,553,max_ram_capacity_gb,256,GB
4180,554,cpu_socket,AM5,
4181,554,ram_type,DDR5,
4182,554,ram_socket,4,EA
4183,554,form_factor,ATX,
4184,554,chipset,X870E,
4185,554,m2_slots,5,EA
4186,554,nvme_supported,Y,
4187,554,max_ram_capacity_gb,192,GB
4188,555,cpu_socket,AM5,
4189,555,ram_type,DDR5,
4190,555,ram_socket,4,EA
4191,555,form_factor,ATX,
4192,555,chipset,X870E,
4193,555,m2_slots,5,EA
4194,555,nvme_supported,Y,
4195,555,max_ram_capacity_gb,256,GB
4196,556,cpu_socket,AM5,
4197,556,ram_type,DDR5,
4198,556,ram_socket,4,EA
4199,556,form_factor,ATX,
4200,556,chipset,X870E,
4201,556,m2_slots,5,EA
4202,556,nvme_supported,Y,
4203,556,max_ram_capacity_gb,256,GB
4204,557,cpu_socket,AM5,
4205,557,ram_type,DDR5,
4206,557,ram_socket,4,EA
4207,557,form_factor,ATX,
4208,557,chipset,X870E,
4209,557,m2_slots,4,EA
4210,557,nvme_supported,Y,
4211,557,max_ram_capacity_gb,256,GB
4212,558,cpu_socket,AM5,
4213,558,ram_type,DDR5,
4214,558,ram_socket,4,EA
4215,558,form_factor,ATX,
4216,558,chipset,B850,
4217,558,m2_slots,3,EA
4218,558,nvme_supported,Y,
4219,558,max_ram_capacity_gb,256,GB
4220,559,cpu_socket,AM5,
4221,559,ram_type,DDR5,
4222,559,ram_socket,4,EA
4223,559,form_factor,ATX,
4224,559,chipset,X870E,
4225,559,m2_slots,5,EA
4226,559,nvme_supported,Y,
4227,559,max_ram_capacity_gb,256,GB
4228,560,cpu_socket,AM5,
4229,560,ram_type,DDR5,
4230,560,ram_socket,4,EA
4231,560,form_factor,M-ATX,
4232,560,chipset,B850,
4233,560,m2_slots,4,EA
4234,560,nvme_supported,Y,
4235,560,max_ram_capacity_gb,256,GB
4236,561,cpu_socket,AM5,
4237,561,ram_type,DDR5,
4238,561,ram_socket,4,EA
4239,561,form_factor,E-ATX,
4240,561,chipset,X870E,
4241,561,m2_slots,5,EA
4242,561,nvme_supported,Y,
4243,561,max_ram_capacity_gb,256,GB
4244,562,cpu_socket,AM5,
4245,562,ram_type,DDR5,
4246,562,ram_socket,2,EA
4247,562,form_factor,M-ITX,
4248,562,chipset,X870,
4249,562,m2_slots,2,EA
4250,562,nvme_supported,Y,
4251,562,max_ram_capacity_gb,128,GB
4252,563,cpu_socket,AM5,
4253,563,ram_type,DDR5,
4254,563,ram_socket,4,EA
4255,563,form_factor,ATX,
4256,563,chipset,B850,
4257,563,m2_slots,3,EA
4258,563,nvme_supported,Y,
4259,563,max_ram_capacity_gb,192,GB
4260,564,cpu_socket,AM5,
4261,564,ram_type,DDR5,
4262,564,ram_socket,4,EA
4263,564,form_factor,ATX,
4264,564,chipset,X870E,
4265,564,m2_slots,4,EA
4266,564,nvme_supported,Y,
4267,564,max_ram_capacity_gb,256,GB
4268,565,cpu_socket,AM5,
4269,565,ram_type,DDR5,
4270,565,ram_socket,4,EA
4271,565,form_factor,M-ATX,
4272,565,chipset,B850,
4273,565,m2_slots,3,EA
4274,565,nvme_supported,Y,
4275,565,max_ram_capacity_gb,192,GB
4276,566,cpu_socket,AM5,
4277,566,ram_type,DDR5,
4278,566,ram_socket,4,EA
4279,566,form_factor,ATX,
4280,566,chipset,B850,
4281,566,m2_slots,3,EA
4282,566,nvme_supported,Y,
4283,566,max_ram_capacity_gb,256,GB
4284,567,cpu_socket,AM5,
4285,567,ram_type,DDR5,
4286,567,ram_socket,4,EA
4287,567,form_factor,ATX,
4288,567,chipset,X870E,
4289,567,m2_slots,5,EA
4290,567,nvme_supported,Y,
4291,567,max_ram_capacity_gb,256,GB
4292,568,cpu_socket,AM5,
4293,568,ram_type,DDR5,
4294,568,ram_socket,4,EA
4295,568,form_factor,M-ATX,
4296,568,chipset,B850,
4297,568,m2_slots,3,EA
4298,568,nvme_supported,Y,
4299,568,max_ram_capacity_gb,256,GB
4300,569,cpu_socket,AM5,
4301,569,ram_type,DDR5,
4302,569,ram_socket,4,EA
4303,569,form_factor,ATX,
4304,569,chipset,X870E,
4305,569,m2_slots,4,EA
4306,569,nvme_supported,Y,
4307,569,max_ram_capacity_gb,256,GB
4308,570,cpu_socket,AM5,
4309,570,ram_type,DDR5,
4310,570,ram_socket,4,EA
4311,570,form_factor,ATX,
4312,570,chipset,X870,
4313,570,m2_slots,4,EA
4314,570,nvme_supported,Y,
4315,570,max_ram_capacity_gb,192,GB
4316,571,cpu_socket,AM5,
4317,571,ram_type,DDR5,
4318,571,ram_socket,4,EA
4319,571,form_factor,ATX,
4320,571,chipset,B850,
4321,571,m2_slots,3,EA
4322,571,max_ram_capacity_gb,256,GB
4323,572,cpu_socket,AM5,
4324,572,ram_type,DDR5,
4325,572,ram_socket,4,EA
4326,572,form_factor,M-ATX,
4327,572,chipset,B850,
4328,572,m2_slots,2,EA
4329,572,nvme_supported,Y,
4330,572,max_ram_capacity_gb,256,GB
4331,573,cpu_socket,AM5,
4332,573,ram_type,DDR5,
4333,573,ram_socket,2,EA
4334,573,form_factor,M-ITX,
4335,573,chipset,B850,
4336,573,m2_slots,2,EA
4337,573,nvme_supported,Y,
4338,573,max_ram_capacity_gb,96,GB
4339,574,cpu_socket,AM5,
4340,574,ram_type,DDR5,
4341,574,ram_socket,4,EA
4342,574,form_factor,ATX,
4343,574,chipset,B850,
4344,574,m2_slots,3,EA
4345,574,nvme_supported,Y,
4346,574,max_ram_capacity_gb,192,GB
4347,575,cpu_socket,AM5,
4348,575,ram_type,DDR5,
4349,575,ram_socket,4,EA
4350,575,form_factor,M-ATX,
4351,575,chipset,B850,
4352,575,m2_slots,3,EA
4353,575,nvme_supported,Y,
4354,575,max_ram_capacity_gb,256,GB
4355,576,cpu_socket,AM5,
4356,576,ram_type,DDR5,
4357,576,ram_socket,4,EA
4358,576,form_factor,M-ATX,
4359,576,chipset,B850,
4360,576,m2_slots,3,EA
4361,576,nvme_supported,Y,
4362,576,max_ram_capacity_gb,256,GB
4363,577,cpu_socket,AM5,
4364,577,ram_type,DDR5,
4365,577,ram_socket,2,EA
4366,577,form_factor,M-ITX,
4367,577,chipset,X870,
4368,577,m2_slots,2,EA
4369,577,nvme_supported,Y,
4370,577,max_ram_capacity_gb,128,GB
4371,578,cpu_socket,AM5,
4372,578,ram_type,DDR5,
4373,578,ram_socket,4,EA
4374,578,form_factor,ATX,
4375,578,chipset,X870E,
4376,578,m2_slots,4,EA
4377,578,nvme_supported,Y,
4378,578,max_ram_capacity_gb,256,GB
4379,579,cpu_socket,AM5,
4380,579,ram_type,DDR5,
4381,579,ram_socket,4,EA
4382,579,form_factor,ATX,
4383,579,chipset,B850,
4384,579,m2_slots,4,EA
4385,579,nvme_supported,Y,
4386,579,max_ram_capacity_gb,256,GB
4387,580,cpu_socket,AM5,
4388,580,ram_type,DDR5,
4389,580,ram_socket,4,EA
4390,580,form_factor,M-ATX,
4391,580,chipset,B850,
4392,580,m2_slots,3,EA
4393,580,nvme_supported,Y,
4394,580,max_ram_capacity_gb,256,GB
4395,581,cpu_socket,AM5,
4396,581,ram_type,DDR5,
4397,581,ram_socket,4,EA
4398,581,form_factor,E-ATX,
4399,581,chipset,X870E,
4400,581,m2_slots,5,EA
4401,581,nvme_supported,Y,
4402,581,max_ram_capacity_gb,256,GB
4403,582,cpu_socket,AM5,
4404,582,ram_type,DDR5,
4405,582,ram_socket,4,EA
4406,582,form_factor,M-ATX,
4407,582,chipset,B850,
4408,582,m2_slots,4,EA
4409,582,nvme_supported,Y,
4410,582,max_ram_capacity_gb,256,GB
4411,583,cpu_socket,AM5,
4412,583,ram_type,DDR5,
4413,583,ram_socket,2,EA
4414,583,form_factor,M-ITX,
4415,583,chipset,X870,
4416,583,m2_slots,2,EA
4417,583,nvme_supported,Y,
4418,583,max_ram_capacity_gb,128,GB
4419,584,cpu_socket,AM5,
4420,584,ram_type,DDR5,
4421,584,ram_socket,4,EA
4422,584,form_factor,M-ATX,
4423,584,chipset,B850,
4424,584,m2_slots,3,EA
4425,584,nvme_supported,Y,
4426,584,max_ram_capacity_gb,256,GB
4427,585,cpu_socket,AM5,
4428,585,ram_type,DDR5,
4429,585,ram_socket,2,EA
4430,585,form_factor,ATX,
4431,585,chipset,X870E,
4432,585,m2_slots,5,EA
4433,585,nvme_supported,Y,
4434,585,max_ram_capacity_gb,128,GB
4435,586,cpu_socket,AM5,
4436,586,ram_type,DDR5,
4437,586,ram_socket,4,EA
4438,586,form_factor,M-ATX,
4439,586,chipset,B850,
4440,586,m2_slots,3,EA
4441,586,nvme_supported,Y,
4442,586,max_ram_capacity_gb,256,GB
4443,587,cpu_socket,AM5,
4444,587,ram_type,DDR5,
4445,587,ram_socket,4,EA
4446,587,form_factor,M-ATX,
4447,587,chipset,B650,
4448,587,m2_slots,2,EA
4449,587,nvme_supported,Y,
4450,587,max_ram_capacity_gb,192,GB
4451,588,cpu_socket,AM5,
4452,588,ram_type,DDR5,
4453,588,ram_socket,4,EA
4454,588,form_factor,M-ATX,
4455,588,chipset,B850,
4456,588,m2_slots,3,EA
4457,588,nvme_supported,Y,
4458,588,max_ram_capacity_gb,256,GB
4459,589,cpu_socket,AM5,
4460,589,ram_type,DDR5,
4461,589,ram_socket,4,EA
4462,589,form_factor,ATX,
4463,589,chipset,B850,
4464,589,m2_slots,5,EA
4465,589,nvme_supported,Y,
4466,589,max_ram_capacity_gb,192,GB
4467,590,cpu_socket,AM5,
4468,590,ram_type,DDR5,
4469,590,ram_socket,4,EA
4470,590,form_factor,M-ATX,
4471,590,chipset,B650,
4472,590,m2_slots,2,EA
4473,590,nvme_supported,Y,
4474,590,max_ram_capacity_gb,128,GB
4475,591,cpu_socket,AM5,
4476,591,ram_type,DDR5,
4477,591,ram_socket,4,EA
4478,591,form_factor,M-ATX,
4479,591,chipset,B850,
4480,591,m2_slots,3,EA
4481,591,nvme_supported,Y,
4482,591,max_ram_capacity_gb,256,GB
4483,592,cpu_socket,AM5,
4484,592,ram_type,DDR5,
4485,592,ram_socket,4,EA
4486,592,form_factor,M-ATX,
4487,592,chipset,B850,
4488,592,m2_slots,3,EA
4489,592,nvme_supported,Y,
4490,592,max_ram_capacity_gb,192,GB
4491,593,cpu_socket,AM5,
4492,593,ram_type,DDR5,
4493,593,ram_socket,4,EA
4494,593,form_factor,ATX,
4495,593,chipset,X870E,
4496,593,m2_slots,5,EA
4497,593,nvme_supported,Y,
4498,593,max_ram_capacity_gb,256,GB
4499,594,cpu_socket,AM5,
4500,594,ram_type,DDR5,
4501,594,ram_socket,4,EA
4502,594,form_factor,ATX,
4503,594,chipset,B850,
4504,594,m2_slots,3,EA
4505,594,max_ram_capacity_gb,256,GB
4506,595,cpu_socket,AM5,
4507,595,ram_type,DDR5,
4508,595,ram_socket,2,EA
4509,595,form_factor,ATX,
4510,595,chipset,X870E,
4511,595,m2_slots,5,EA
4512,595,nvme_supported,Y,
4513,595,max_ram_capacity_gb,128,GB
4514,596,cpu_socket,AM5,
4515,596,ram_type,DDR5,
4516,596,ram_socket,4,EA
4517,596,form_factor,ATX,
4518,596,chipset,B650,
4519,596,m2_slots,3,EA
4520,596,nvme_supported,Y,
4521,596,max_ram_capacity_gb,128,GB
4522,597,cpu_socket,AM5,
4523,597,ram_type,DDR5,
4524,597,ram_socket,4,EA
4525,597,form_factor,M-ATX,
4526,597,chipset,B850,
4527,597,m2_slots,3,EA
4528,597,nvme_supported,Y,
4529,597,max_ram_capacity_gb,256,GB
4530,598,cpu_socket,AM5,
4531,598,ram_type,DDR5,
4532,598,ram_socket,4,EA
4533,598,form_factor,ATX,
4534,598,chipset,B850,
4535,598,m2_slots,4,EA
4536,598,nvme_supported,Y,
4537,598,max_ram_capacity_gb,256,GB
4538,599,cpu_socket,AM5,
4539,599,ram_type,DDR5,
4540,599,ram_socket,2,EA
4541,599,form_factor,M-ATX,
4542,599,chipset,A620A,
4543,599,m2_slots,1,EA
4544,599,nvme_supported,Y,
4545,599,max_ram_capacity_gb,128,GB
4546,600,cpu_socket,AM5,
4547,600,ram_type,DDR5,
4548,600,ram_socket,4,EA
4549,600,form_factor,ATX,
4550,600,chipset,X870E,
4551,600,m2_slots,5,EA
4552,600,nvme_supported,Y,
4553,600,max_ram_capacity_gb,256,GB
4554,601,cpu_socket,AM5,
4555,601,ram_type,DDR5,
4556,601,ram_socket,4,EA
4557,601,form_factor,ATX,
4558,601,chipset,X870E,
4559,601,m2_slots,4,EA
4560,601,nvme_supported,Y,
4561,601,max_ram_capacity_gb,256,GB
4562,602,cpu_socket,AM5,
4563,602,ram_type,DDR5,
4564,602,ram_socket,4,EA
4565,602,form_factor,ATX,
4566,602,chipset,X870,
4567,602,m2_slots,4,EA
4568,602,nvme_supported,Y,
4569,602,max_ram_capacity_gb,192,GB
4570,603,cpu_socket,AM5,
4571,603,ram_type,DDR5,
4572,603,ram_socket,4,EA
4573,603,form_factor,ATX,
4574,603,chipset,X870,
4575,603,m2_slots,4,EA
4576,603,nvme_supported,Y,
4577,603,max_ram_capacity_gb,192,GB
4578,604,cpu_socket,AM5,
4579,604,ram_type,DDR5,
4580,604,ram_socket,4,EA
4581,604,form_factor,ATX,
4582,604,chipset,B850,
4583,604,m2_slots,3,EA
4584,604,nvme_supported,Y,
4585,604,max_ram_capacity_gb,256,GB
4586,605,cpu_socket,AM5,
4587,605,ram_type,DDR5,
4588,605,ram_socket,4,EA
4589,605,form_factor,M-ATX,
4590,605,chipset,B850,
4591,605,m2_slots,3,EA
4592,605,nvme_supported,Y,
4593,605,max_ram_capacity_gb,256,GB
4594,606,cpu_socket,AM5,
4595,606,ram_type,DDR5,
4596,606,ram_socket,4,EA
4597,606,form_factor,M-ATX,
4598,606,chipset,B850,
4599,606,m2_slots,3,EA
4600,606,nvme_supported,Y,
4601,606,max_ram_capacity_gb,192,GB
4602,607,cpu_socket,AM5,
4603,607,ram_type,DDR5,
4604,607,ram_socket,4,EA
4605,607,form_factor,ATX,
4606,607,chipset,X870,
4607,607,m2_slots,4,EA
4608,607,nvme_supported,Y,
4609,607,max_ram_capacity_gb,256,GB
4610,608,cpu_socket,AM5,
4611,608,ram_type,DDR5,
4612,608,ram_socket,4,EA
4613,608,form_factor,ATX,
4614,608,chipset,B850,
4615,608,m2_slots,3,EA
4616,608,nvme_supported,Y,
4617,608,max_ram_capacity_gb,256,GB
4618,609,cpu_socket,AM5,
4619,609,ram_type,DDR5,
4620,609,ram_socket,4,EA
4621,609,form_factor,ATX,
4622,609,chipset,X870E,
4623,609,m2_slots,4,EA
4624,609,nvme_supported,Y,
4625,609,max_ram_capacity_gb,256,GB
4626,610,cpu_socket,AM5,
4627,610,ram_type,DDR5,
4628,610,ram_socket,4,EA
4629,610,form_factor,ATX,
4630,610,chipset,X870,
4631,610,m2_slots,4,EA
4632,610,nvme_supported,Y,
4633,610,max_ram_capacity_gb,192,GB
4634,611,cpu_socket,AM5,
4635,611,ram_type,DDR5,
4636,611,ram_socket,4,EA
4637,611,form_factor,ATX,
4638,611,chipset,X870,
4639,611,m2_slots,4,EA
4640,611,nvme_supported,Y,
4641,611,max_ram_capacity_gb,192,GB
4642,612,cpu_socket,AM5,
4643,612,ram_type,DDR5,
4644,612,ram_socket,4,EA
4645,612,form_factor,M-ATX,
4646,612,chipset,A620A,
4647,612,m2_slots,2,EA
4648,612,nvme_supported,Y,
4649,612,max_ram_capacity_gb,256,GB
4650,613,cpu_socket,AM5,
4651,613,ram_type,DDR5,
4652,613,ram_socket,4,EA
4653,613,form_factor,ATX,
4654,613,chipset,B850,
4655,613,m2_slots,5,EA
4656,613,nvme_supported,Y,
4657,613,max_ram_capacity_gb,256,GB
4658,614,cpu_socket,AM5,
4659,614,ram_type,DDR5,
4660,614,ram_socket,4,EA
4661,614,form_factor,ATX,
4662,614,chipset,B850,
4663,614,m2_slots,4,EA
4664,614,nvme_supported,Y,
4665,614,max_ram_capacity_gb,256,GB
4666,615,cpu_socket,AM5,
4667,615,ram_type,DDR5,
4668,615,ram_socket,4,EA
4669,615,form_factor,M-ATX,
4670,615,chipset,B840,
4671,615,m2_slots,3,EA
4672,615,nvme_supported,Y,
4673,615,max_ram_capacity_gb,192,GB
4674,616,cpu_socket,AM5,
4675,616,ram_type,DDR5,
4676,616,ram_socket,4,EA
4677,616,form_factor,ATX,
4678,616,chipset,X870,
4679,616,m2_slots,4,EA
4680,616,nvme_supported,Y,
4681,616,max_ram_capacity_gb,192,GB
4682,617,cpu_socket,AM5,
4683,617,ram_type,DDR5,
4684,617,ram_socket,4,EA
4685,617,form_factor,ATX,
4686,617,chipset,B850,
4687,617,m2_slots,5,EA
4688,617,nvme_supported,Y,
4689,617,max_ram_capacity_gb,192,GB
4690,618,cpu_socket,AM5,
4691,618,ram_type,DDR5,
4692,618,ram_socket,4,EA
4693,618,form_factor,ATX,
4694,618,chipset,X870,
4695,618,m2_slots,4,EA
4696,618,nvme_supported,Y,
4697,618,max_ram_capacity_gb,192,GB
4698,619,cpu_socket,AM5,
4699,619,ram_type,DDR5,
4700,619,ram_socket,4,EA
4701,619,form_factor,M-ATX,
4702,619,chipset,B850,
4703,619,m2_slots,3,EA
4704,619,nvme_supported,Y,
4705,619,max_ram_capacity_gb,256,GB
4706,620,cpu_socket,AM5,
4707,620,ram_type,DDR5,
4708,620,ram_socket,4,EA
4709,620,form_factor,ATX,
4710,620,chipset,A620,
4711,620,m2_slots,2,EA
4712,620,max_ram_capacity_gb,192,GB
4713,621,cpu_socket,AM5,
4714,621,ram_type,DDR5,
4715,621,ram_socket,4,EA
4716,621,form_factor,M-ATX,
4717,621,chipset,B840,
4718,621,m2_slots,3,EA
4719,621,nvme_supported,Y,
4720,621,max_ram_capacity_gb,192,GB
4721,622,cpu_socket,AM5,
4722,622,ram_type,DDR5,
4723,622,ram_socket,4,EA
4724,622,form_factor,M-ATX,
4725,622,chipset,B840,
4726,622,m2_slots,3,EA
4727,622,nvme_supported,Y,
4728,622,max_ram_capacity_gb,192,GB
4729,623,cpu_socket,AM5,
4730,623,ram_type,DDR5,
4731,623,ram_socket,4,EA
4732,623,form_factor,ATX,
4733,623,chipset,B850,
4734,623,m2_slots,4,EA
4735,623,nvme_supported,Y,
4736,623,max_ram_capacity_gb,256,GB
4737,624,cpu_socket,AM5,
4738,624,ram_type,DDR5,
4739,624,ram_socket,4,EA
4740,624,form_factor,M-ATX,
4741,624,chipset,B850,
4742,624,m2_slots,3,EA
4743,624,nvme_supported,Y,
4744,624,max_ram_capacity_gb,192,GB
4745,625,cpu_socket,AM5,
4746,625,ram_type,DDR5,
4747,625,ram_socket,4,EA
4748,625,form_factor,ATX,
4749,625,chipset,X870E,
4750,625,m2_slots,5,EA
4751,625,nvme_supported,Y,
4752,625,max_ram_capacity_gb,192,GB
4753,626,cpu_socket,AM5,
4754,626,ram_type,DDR5,
4755,626,ram_socket,4,EA
4756,626,form_factor,ATX,
4757,626,chipset,X670E,
4758,626,m2_slots,4,EA
4759,626,nvme_supported,Y,
4760,626,max_ram_capacity_gb,128,GB
4761,627,cpu_socket,AM5,
4762,627,ram_type,DDR5,
4763,627,ram_socket,4,EA
4764,627,form_factor,M-ATX,
4765,627,chipset,B650,
4766,627,m2_slots,3,EA
4767,627,max_ram_capacity_gb,256,GB
4768,628,cpu_socket,AM5,
4769,628,ram_type,DDR5,
4770,628,ram_socket,4,EA
4771,628,form_factor,M-ATX,
4772,628,chipset,B650,
4773,628,m2_slots,2,EA
4774,628,nvme_supported,Y,
4775,628,max_ram_capacity_gb,128,GB
4776,629,cpu_socket,AM5,
4777,629,ram_type,DDR5,
4778,629,ram_socket,4,EA
4779,629,form_factor,ATX,
4780,629,chipset,B850,
4781,629,m2_slots,4,EA
4782,629,nvme_supported,Y,
4783,629,max_ram_capacity_gb,256,GB
4784,630,cpu_socket,AM5,
4785,630,ram_type,DDR5,
4786,630,ram_socket,4,EA
4787,630,form_factor,M-ATX,
4788,630,chipset,B650,
4789,630,m2_slots,2,EA
4790,630,nvme_supported,Y,
4791,630,max_ram_capacity_gb,192,GB
4792,631,cpu_socket,AM5,
4793,631,ram_type,DDR5,
4794,631,ram_socket,4,EA
4795,631,form_factor,ATX,
4796,631,chipset,X870E,
4797,631,m2_slots,5,EA
4798,631,nvme_supported,Y,
4799,631,max_ram_capacity_gb,192,GB
4800,632,cpu_socket,AM5,
4801,632,ram_type,DDR5,
4802,632,ram_socket,4,EA
4803,632,form_factor,M-ATX,
4804,632,chipset,B850,
4805,632,m2_slots,3,EA
4806,632,nvme_supported,Y,
4807,632,max_ram_capacity_gb,192,GB
4808,633,cpu_socket,AM5,
4809,633,ram_type,DDR5,
4810,633,ram_socket,4,EA
4811,633,form_factor,M-ATX,
4812,633,chipset,B840,
4813,633,m2_slots,3,EA
4814,633,nvme_supported,Y,
4815,633,max_ram_capacity_gb,192,GB
4816,634,cpu_socket,AM5,
4817,634,ram_type,DDR5,
4818,634,ram_socket,4,EA
4819,634,form_factor,ATX,
4820,634,chipset,X870,
4821,634,m2_slots,4,EA
4822,634,nvme_supported,Y,
4823,634,max_ram_capacity_gb,192,GB
4824,635,cpu_socket,AM5,
4825,635,ram_type,DDR5,
4826,635,ram_socket,4,EA
4827,635,form_factor,ATX,
4828,635,chipset,B650E,
4829,635,m2_slots,4,EA
4830,635,nvme_supported,Y,
4831,635,max_ram_capacity_gb,128,GB
4832,636,cpu_socket,AM5,
4833,636,ram_type,DDR5,
4834,636,ram_socket,4,EA
4835,636,form_factor,ATX,
4836,636,chipset,B850,
4837,636,m2_slots,4,EA
4838,636,nvme_supported,Y,
4839,636,max_ram_capacity_gb,192,GB
4840,637,cpu_socket,AM5,
4841,637,ram_type,DDR5,
4842,637,ram_socket,4,EA
4843,637,form_factor,M-ATX,
4844,637,chipset,B850,
4845,637,m2_slots,3,EA
4846,637,nvme_supported,Y,
4847,637,max_ram_capacity_gb,256,GB
4848,638,cpu_socket,AM5,
4849,638,ram_type,DDR5,
4850,638,ram_socket,4,EA
4851,638,form_factor,M-ATX,
4852,638,chipset,B840,
4853,638,m2_slots,3,EA
4854,638,nvme_supported,Y,
4855,638,max_ram_capacity_gb,192,GB
4856,639,cpu_socket,AM5,
4857,639,ram_type,DDR5,
4858,639,ram_socket,4,EA
4859,639,form_factor,ATX,
4860,639,chipset,X870,
4861,639,m2_slots,4,EA
4862,639,nvme_supported,Y,
4863,639,max_ram_capacity_gb,192,GB
4864,640,cpu_socket,AM5,
4865,640,ram_type,DDR5,
4866,640,ram_socket,4,EA
4867,640,form_factor,M-ATX,
4868,640,chipset,B650,
4869,640,m2_slots,3,EA
4870,640,nvme_supported,Y,
4871,640,max_ram_capacity_gb,256,GB
4872,641,cpu_socket,AM5,
4873,641,ram_type,DDR5,
4874,641,ram_socket,2,EA
4875,641,form_factor,M-ITX,
4876,641,chipset,B850,
4877,641,m2_slots,2,EA
4878,641,nvme_supported,Y,
4879,641,max_ram_capacity_gb,96,GB
4880,642,cpu_socket,AM5,
4881,642,ram_type,DDR5,
4882,642,ram_socket,4,EA
4883,642,form_factor,ATX,
4884,642,chipset,X870,
4885,642,m2_slots,4,EA
4886,642,nvme_supported,Y,
4887,642,max_ram_capacity_gb,192,GB
4888,643,cpu_socket,AM5,
4889,643,ram_type,DDR5,
4890,643,ram_socket,4,EA
4891,643,form_factor,ATX,
4892,643,chipset,X670E,
4893,643,m2_slots,4,EA
4894,643,nvme_supported,Y,
4895,643,max_ram_capacity_gb,128,GB
4896,644,cpu_socket,AM5,
4897,644,ram_type,DDR5,
4898,644,ram_socket,4,EA
4899,644,form_factor,M-ATX,
4900,644,chipset,A620A,
4901,644,m2_slots,2,EA
4902,644,nvme_supported,Y,
4903,644,max_ram_capacity_gb,256,GB
4904,645,cpu_socket,AM5,
4905,645,ram_type,DDR5,
4906,645,ram_socket,4,EA
4907,645,form_factor,M-ATX,
4908,645,chipset,B650,
4909,645,m2_slots,2,EA
4910,645,nvme_supported,Y,
4911,645,max_ram_capacity_gb,128,GB
4912,646,cpu_socket,AM5,
4913,646,ram_type,DDR5,
4914,646,ram_socket,4,EA
4915,646,form_factor,ATX,
4916,646,chipset,X670E,
4917,646,m2_slots,4,EA
4918,646,nvme_supported,Y,
4919,646,max_ram_capacity_gb,128,GB
4920,647,cpu_socket,AM5,
4921,647,ram_type,DDR5,
4922,647,ram_socket,4,EA
4923,647,form_factor,ATX,
4924,647,chipset,B650E,
4925,647,m2_slots,3,EA
4926,647,nvme_supported,Y,
4927,647,max_ram_capacity_gb,128,GB
4928,648,cpu_socket,AM5,
4929,648,ram_type,DDR5,
4930,648,ram_socket,4,EA
4931,648,form_factor,ATX,
4932,648,chipset,X870E,
4933,648,m2_slots,5,EA
4934,648,nvme_supported,Y,
4935,648,max_ram_capacity_gb,192,GB
4936,649,cpu_socket,AM5,
4937,649,ram_type,DDR5,
4938,649,ram_socket,4,EA
4939,649,form_factor,M-ATX,
4940,649,chipset,A620,
4941,649,m2_slots,2,EA
4942,649,nvme_supported,Y,
4943,649,max_ram_capacity_gb,128,GB
4944,650,cpu_socket,AM5,
4945,650,ram_type,DDR5,
4946,650,ram_socket,4,EA
4947,650,form_factor,ATX,
4948,650,chipset,B850,
4949,650,m2_slots,4,EA
4950,650,nvme_supported,Y,
4951,650,max_ram_capacity_gb,192,GB
4952,651,cpu_socket,AM5,
4953,651,ram_type,DDR5,
4954,651,ram_socket,4,EA
4955,651,form_factor,ATX,
4956,651,chipset,X870,
4957,651,m2_slots,4,EA
4958,651,nvme_supported,Y,
4959,651,max_ram_capacity_gb,192,GB
4960,652,cpu_socket,AM5,
4961,652,ram_type,DDR5,
4962,652,ram_socket,4,EA
4963,652,form_factor,M-ATX,
4964,652,chipset,B850,
4965,652,m2_slots,3,EA
4966,652,nvme_supported,Y,
4967,652,max_ram_capacity_gb,256,GB
4968,653,cpu_socket,AM5,
4969,653,ram_type,DDR5,
4970,653,ram_socket,4,EA
4971,653,form_factor,ATX,
4972,653,chipset,B650,
4973,653,m2_slots,2,EA
4974,653,nvme_supported,Y,
4975,653,max_ram_capacity_gb,128,GB
4976,654,cpu_socket,AM5,
4977,654,ram_type,DDR5,
4978,654,ram_socket,4,EA
4979,654,form_factor,M-ATX,
4980,654,chipset,A620,
4981,654,m2_slots,2,EA
4982,654,nvme_supported,Y,
4983,654,max_ram_capacity_gb,128,GB
4984,655,cpu_socket,AM5,
4985,655,ram_type,DDR5,
4986,655,ram_socket,4,EA
4987,655,form_factor,ATX,
4988,655,chipset,B840,
4989,655,m2_slots,3,EA
4990,655,nvme_supported,Y,
4991,655,max_ram_capacity_gb,192,GB
4992,656,cpu_socket,AM5,
4993,656,ram_type,DDR5,
4994,656,ram_socket,4,EA
4995,656,form_factor,ATX,
4996,656,chipset,B650,
4997,656,m2_slots,3,EA
4998,656,nvme_supported,Y,
4999,656,max_ram_capacity_gb,128,GB
5000,657,cpu_socket,AM5,
5001,657,ram_type,DDR5,
5002,657,ram_socket,4,EA
5003,657,form_factor,ATX,
5004,657,chipset,X870,
5005,657,m2_slots,4,EA
5006,657,nvme_supported,Y,
5007,657,max_ram_capacity_gb,192,GB
5008,658,cpu_socket,AM5,
5009,658,ram_type,DDR5,
5010,658,ram_socket,4,EA
5011,658,form_factor,ATX,
5012,658,chipset,B650,
5013,658,m2_slots,3,EA
5014,658,nvme_supported,Y,
5015,658,max_ram_capacity_gb,128,GB
5016,659,cpu_socket,AM5,
5017,659,ram_type,DDR5,
5018,659,ram_socket,4,EA
5019,659,form_factor,M-ATX,
5020,659,chipset,B650,
5021,659,m2_slots,2,EA
5022,659,nvme_supported,Y,
5023,659,max_ram_capacity_gb,192,GB
5024,660,cpu_socket,AM5,
5025,660,ram_type,DDR5,
5026,660,ram_socket,2,EA
5027,660,form_factor,M-ATX,
5028,660,chipset,A620,
5029,660,m2_slots,1,EA
5030,660,nvme_supported,Y,
5031,660,max_ram_capacity_gb,96,GB
5032,661,cpu_socket,AM5,
5033,661,ram_type,DDR5,
5034,661,ram_socket,4,EA
5035,661,form_factor,M-ATX,
5036,661,chipset,A620,
5037,661,m2_slots,2,EA
5038,661,nvme_supported,Y,
5039,661,max_ram_capacity_gb,128,GB
5040,662,cpu_socket,AM5,
5041,662,ram_type,DDR5,
5042,662,ram_socket,4,EA
5043,662,form_factor,ATX,
5044,662,chipset,B850,
5045,662,m2_slots,4,EA
5046,662,nvme_supported,Y,
5047,662,max_ram_capacity_gb,192,GB
5048,663,cpu_socket,AM5,
5049,663,ram_type,DDR5,
5050,663,ram_socket,4,EA
5051,663,form_factor,ATX,
5052,663,chipset,B850,
5053,663,m2_slots,4,EA
5054,663,nvme_supported,Y,
5055,663,max_ram_capacity_gb,192,GB
5056,664,cpu_socket,AM5,
5057,664,ram_type,DDR5,
5058,664,ram_socket,4,EA
5059,664,form_factor,M-ATX,
5060,664,chipset,A620,
5061,664,m2_slots,2,EA
5062,664,nvme_supported,Y,
5063,664,max_ram_capacity_gb,128,GB
5064,665,cpu_socket,AM5,
5065,665,ram_type,DDR5,
5066,665,ram_socket,4,EA
5067,665,form_factor,ATX,
5068,665,chipset,X870E,
5069,665,m2_slots,4,EA
5070,665,nvme_supported,Y,
5071,665,max_ram_capacity_gb,256,GB
5072,666,cpu_socket,AM5,
5073,666,ram_type,DDR5,
5074,666,ram_socket,4,EA
5075,666,form_factor,M-ATX,
5076,666,chipset,A620,
5077,666,m2_slots,2,EA
5078,666,nvme_supported,Y,
5079,666,max_ram_capacity_gb,128,GB
5080,667,cpu_socket,AM5,
5081,667,ram_type,DDR5,
5082,667,ram_socket,4,EA
5083,667,form_factor,M-ATX,
5084,667,chipset,A620,
5085,667,m2_slots,2,EA
5086,667,nvme_supported,Y,
5087,667,max_ram_capacity_gb,128,GB
5088,668,cpu_socket,AM5,
5089,668,ram_type,DDR5,
5090,668,ram_socket,4,EA
5091,668,form_factor,ATX,
5092,668,chipset,B850,
5093,668,m2_slots,4,EA
5094,668,nvme_supported,Y,
5095,668,max_ram_capacity_gb,256,GB
5096,669,cpu_socket,AM5,
5097,669,ram_type,DDR5,
5098,669,ram_socket,4,EA
5099,669,form_factor,ATX,
5100,669,chipset,X870E,
5101,669,m2_slots,5,EA
5102,669,nvme_supported,Y,
5103,669,max_ram_capacity_gb,256,GB
5104,670,cpu_socket,AM5,
5105,670,ram_type,DDR5,
5106,670,ram_socket,4,EA
5107,670,form_factor,ATX,
5108,670,chipset,B850,
5109,670,m2_slots,4,EA
5110,670,nvme_supported,Y,
5111,670,max_ram_capacity_gb,256,GB
5112,671,cpu_socket,AM5,
5113,671,ram_type,DDR5,
5114,671,ram_socket,4,EA
5115,671,form_factor,ATX,
5116,671,chipset,B850,
5117,671,m2_slots,4,EA
5118,671,nvme_supported,Y,
5119,671,max_ram_capacity_gb,256,GB
5120,672,cpu_socket,AM5,
5121,672,ram_type,DDR5,
5122,672,ram_socket,4,EA
5123,672,form_factor,M-ATX,
5124,672,chipset,B650,
5125,672,m2_slots,3,EA
5126,672,nvme_supported,Y,
5127,672,max_ram_capacity_gb,256,GB
5128,673,cpu_socket,AM5,
5129,673,ram_type,DDR5,
5130,673,ram_socket,4,EA
5131,673,form_factor,ATX,
5132,673,chipset,X870E,
5133,673,m2_slots,5,EA
5134,673,nvme_supported,Y,
5135,673,max_ram_capacity_gb,256,GB
5136,674,cpu_socket,AM5,
5137,674,ram_type,DDR5,
5138,674,ram_socket,4,EA
5139,674,form_factor,ATX,
5140,674,chipset,X870E,
5141,674,m2_slots,4,EA
5142,674,nvme_supported,Y,
5143,674,max_ram_capacity_gb,256,GB
5144,675,cpu_socket,AM5,
5145,675,ram_type,DDR5,
5146,675,ram_socket,4,EA
5147,675,form_factor,ATX,
5148,675,chipset,B850,
5149,675,m2_slots,3,EA
5150,675,nvme_supported,Y,
5151,675,max_ram_capacity_gb,256,GB
5152,676,cpu_socket,LGA1200,
5153,676,ram_type,DDR4,
5154,676,ram_socket,2,EA
5155,676,form_factor,M-ATX,
5156,676,chipset,H470,
5157,676,m2_slots,1,EA
5158,676,nvme_supported,Y,
5159,676,max_ram_capacity_gb,64,GB
5160,677,cpu_socket,LGA1200,
5161,677,ram_type,DDR4,
5162,677,ram_socket,2,EA
5163,677,form_factor,M-ITX,
5164,677,chipset,C252,
5165,677,m2_slots,1,EA
5166,677,max_ram_capacity_gb,64,GB
5167,678,cpu_socket,LGA1200,
5168,678,ram_type,DDR4,
5169,678,ram_socket,4,EA
5170,678,form_factor,M-ATX,
5171,678,chipset,B560,
5172,678,m2_slots,2,EA
5173,678,nvme_supported,Y,
5174,678,max_ram_capacity_gb,128,GB
5175,679,cpu_socket,LGA1200,
5176,679,ram_type,DDR4,
5177,679,ram_socket,4,EA
5178,679,form_factor,ATX,
5179,679,chipset,Z590,
5180,679,m2_slots,4,EA
5181,679,nvme_supported,Y,
5182,679,max_ram_capacity_gb,64,GB
5183,680,cpu_socket,LGA1200,
5184,680,ram_type,DDR4,
5185,680,ram_socket,2,EA
5186,680,form_factor,M-ATX,
5187,680,chipset,H410,
5188,680,m2_slots,1,EA
5189,680,nvme_supported,Y,
5190,680,max_ram_capacity_gb,64,GB
5191,681,cpu_socket,LGA1200,
5192,681,ram_type,DDR4,
5193,681,ram_socket,4,EA
5194,681,form_factor,ATX,
5195,681,chipset,Z490,
5196,681,m2_slots,2,EA
5197,681,nvme_supported,Y,
5198,681,max_ram_capacity_gb,128,GB
5199,682,cpu_socket,LGA1200,
5200,682,ram_type,DDR4,
5201,682,ram_socket,4,EA
5202,682,form_factor,ATX,
5203,682,chipset,Z590,
5204,682,m2_slots,3,EA
5205,682,nvme_supported,Y,
5206,682,max_ram_capacity_gb,128,GB
5207,683,cpu_socket,LGA1200,
5208,683,ram_type,DDR4,
5209,683,ram_socket,2,EA
5210,683,form_factor,M-ATX,
5211,683,chipset,H510,
5212,683,m2_slots,1,EA
5213,683,nvme_supported,Y,
5214,683,max_ram_capacity_gb,64,GB
5215,684,cpu_socket,LGA1200,
5216,684,ram_type,DDR4,
5217,684,ram_socket,4,EA
5218,684,form_factor,ATX,
5219,684,chipset,Z590,
5220,684,m2_slots,4,EA
5221,684,nvme_supported,Y,
5222,684,max_ram_capacity_gb,128,GB
5223,685,cpu_socket,LGA1200,
5224,685,ram_type,DDR4,
5225,685,ram_socket,4,EA
5226,685,form_factor,ATX,
5227,685,chipset,B560,
5228,685,m2_slots,2,EA
5229,685,nvme_supported,Y,
5230,685,max_ram_capacity_gb,128,GB
5231,686,cpu_socket,LGA1200,
5232,686,ram_type,DDR4,
5233,686,ram_socket,2,EA
5234,686,form_factor,M-ATX,
5235,686,chipset,H470,
5236,686,m2_slots,1,EA
5237,686,nvme_supported,Y,
5238,686,max_ram_capacity_gb,64,GB
5239,687,cpu_socket,LGA1200,
5240,687,ram_type,DDR4,
5241,687,ram_socket,4,EA
5242,687,form_factor,M-ATX,
5243,687,chipset,B560,
5244,687,m2_slots,2,EA
5245,687,nvme_supported,Y,
5246,687,max_ram_capacity_gb,128,GB
5247,688,cpu_socket,LGA1700,
5248,688,ram_type,DDR4,
5249,688,ram_socket,4,EA
5250,688,form_factor,M-ATX,
5251,688,chipset,B760,
5252,688,m2_slots,2,EA
5253,688,nvme_supported,Y,
5254,688,max_ram_capacity_gb,128,GB
5255,689,cpu_socket,LGA1700,
5256,689,ram_type,DDR4,
5257,689,ram_socket,2,EA
5258,689,form_factor,M-ATX,
5259,689,chipset,H610,
5260,689,m2_slots,1,EA
5261,689,nvme_supported,Y,
5262,689,max_ram_capacity_gb,64,GB
5263,690,cpu_socket,LGA1700,
5264,690,ram_type,DDR4,
5265,690,ram_socket,2,EA
5266,690,form_factor,M-ATX,
5267,690,chipset,H610,
5268,690,m2_slots,2,EA
5269,690,nvme_supported,Y,
5270,690,max_ram_capacity_gb,64,GB
5271,691,cpu_socket,LGA1700,
5272,691,ram_type,DDR5,
5273,691,ram_socket,4,EA
5274,691,form_factor,ATX,
5275,691,chipset,Z790,
5276,691,m2_slots,3,EA
5277,691,nvme_supported,Y,
5278,691,max_ram_capacity_gb,128,GB
5279,692,cpu_socket,LGA1700,
5280,692,ram_type,DDR5,
5281,692,ram_socket,4,EA
5282,692,form_factor,M-ATX,
5283,692,chipset,B760,
5284,692,m2_slots,3,EA
5285,692,nvme_supported,Y,
5286,692,max_ram_capacity_gb,192,GB
5287,693,cpu_socket,LGA1700,
5288,693,ram_type,DDR4,
5289,693,ram_socket,2,EA
5290,693,form_factor,M-ATX,
5291,693,chipset,B760,
5292,693,m2_slots,2,EA
5293,693,nvme_supported,Y,
5294,693,max_ram_capacity_gb,64,GB
5295,694,cpu_socket,LGA1700,
5296,694,ram_type,DDR4,
5297,694,ram_socket,2,EA
5298,694,form_factor,M-ATX,
5299,694,chipset,H610,
5300,694,m2_slots,1,EA
5301,694,nvme_supported,Y,
5302,694,max_ram_capacity_gb,64,GB
5303,695,cpu_socket,LGA1700,
5304,695,ram_type,DDR5,
5305,695,ram_socket,4,EA
5306,695,form_factor,M-ATX,
5307,695,chipset,B760,
5308,695,m2_slots,2,EA
5309,695,nvme_supported,Y,
5310,695,max_ram_capacity_gb,192,GB
5311,696,cpu_socket,LGA1700,
5312,696,ram_type,DDR5,
5313,696,ram_socket,2,EA
5314,696,form_factor,ATX,
5315,696,chipset,Z790,
5316,696,m2_slots,5,EA
5317,696,nvme_supported,Y,
5318,696,max_ram_capacity_gb,96,GB
5319,697,cpu_socket,LGA1700,
5320,697,ram_type,DDR4,
5321,697,ram_socket,2,EA
5322,697,form_factor,M-ATX,
5323,697,chipset,B760,
5324,697,m2_slots,2,EA
5325,697,nvme_supported,Y,
5326,697,max_ram_capacity_gb,64,GB
5327,698,cpu_socket,LGA1700,
5328,698,ram_type,DDR5,
5329,698,ram_socket,4,EA
5330,698,form_factor,ATX,
5331,698,chipset,Z790,
5332,698,m2_slots,3,EA
5333,698,nvme_supported,Y,
5334,698,max_ram_capacity_gb,128,GB
5335,699,cpu_socket,LGA1700,
5336,699,ram_type,DDR5,
5337,699,ram_socket,2,EA
5338,699,form_factor,M-ITX,
5339,699,chipset,H610,
5340,699,m2_slots,1,EA
5341,699,nvme_supported,Y,
5342,699,max_ram_capacity_gb,96,GB
5343,700,cpu_socket,LGA1700,
5344,700,ram_type,DDR5,
5345,700,ram_socket,4,EA
5346,700,form_factor,ATX,
5347,700,chipset,Z790,
5348,700,m2_slots,3,EA
5349,700,nvme_supported,Y,
5350,700,max_ram_capacity_gb,128,GB
5351,701,cpu_socket,LGA1700,
5352,701,ram_type,DDR5,
5353,701,ram_socket,4,EA
5354,701,form_factor,M-ATX,
5355,701,chipset,B760,
5356,701,m2_slots,2,EA
5357,701,nvme_supported,Y,
5358,701,max_ram_capacity_gb,128,GB
5359,702,cpu_socket,LGA1700,
5360,702,ram_type,DDR5,
5361,702,ram_socket,4,EA
5362,702,form_factor,ATX,
5363,702,chipset,B760,
5364,702,m2_slots,3,EA
5365,702,nvme_supported,Y,
5366,702,max_ram_capacity_gb,128,GB
5367,703,cpu_socket,LGA1700,
5368,703,ram_type,DDR5,
5369,703,ram_socket,2,EA
5370,703,form_factor,M-ATX,
5371,703,chipset,B760,
5372,703,m2_slots,2,EA
5373,703,nvme_supported,Y,
5374,703,max_ram_capacity_gb,96,GB
5375,704,cpu_socket,LGA1700,
5376,704,ram_type,DDR4,
5377,704,ram_socket,2,EA
5378,704,form_factor,M-ATX,
5379,704,chipset,B760,
5380,704,m2_slots,2,EA
5381,704,nvme_supported,Y,
5382,704,max_ram_capacity_gb,64,GB
5383,705,cpu_socket,LGA1700,
5384,705,ram_type,DDR5,
5385,705,ram_socket,2,EA
5386,705,form_factor,M-ITX,
5387,705,chipset,B760,
5388,705,m2_slots,2,EA
5389,705,nvme_supported,Y,
5390,705,max_ram_capacity_gb,64,GB
5391,706,cpu_socket,LGA1700,
5392,706,ram_type,DDR5,
5393,706,ram_socket,2,EA
5394,706,form_factor,M-ATX,
5395,706,chipset,H610,
5396,706,m2_slots,1,EA
5397,706,nvme_supported,Y,
5398,706,max_ram_capacity_gb,96,GB
5399,707,cpu_socket,LGA1700,
5400,707,ram_type,DDR5,
5401,707,ram_socket,4,EA
5402,707,form_factor,M-ATX,
5403,707,chipset,B760,
5404,707,m2_slots,2,EA
5405,707,nvme_supported,Y,
5406,707,max_ram_capacity_gb,128,GB
5407,708,cpu_socket,LGA1700,
5408,708,ram_type,DDR5,
5409,708,ram_socket,4,EA
5410,708,form_factor,M-ATX,
5411,708,chipset,B760,
5412,708,m2_slots,2,EA
5413,708,nvme_supported,Y,
5414,708,max_ram_capacity_gb,128,GB
5415,709,cpu_socket,LGA1700,
5416,709,ram_type,DDR5,
5417,709,ram_socket,2,EA
5418,709,form_factor,M-ATX,
5419,709,chipset,B760,
5420,709,m2_slots,2,EA
5421,709,nvme_supported,Y,
5422,709,max_ram_capacity_gb,96,GB
5423,710,cpu_socket,LGA1700,
5424,710,ram_type,DDR5,
5425,710,ram_socket,4,EA
5426,710,form_factor,ATX,
5427,710,chipset,B760,
5428,710,m2_slots,3,EA
5429,710,nvme_supported,Y,
5430,710,max_ram_capacity_gb,128,GB
5431,711,cpu_socket,LGA1700,
5432,711,ram_type,DDR5,
5433,711,ram_socket,4,EA
5434,711,form_factor,ATX,
5435,711,chipset,W680,
5436,711,m2_slots,3,EA
5437,711,nvme_supported,Y,
5438,711,max_ram_capacity_gb,128,GB
5439,712,cpu_socket,LGA1700,
5440,712,ram_type,DDR4,
5441,712,ram_socket,2,EA
5442,712,form_factor,M-ITX,
5443,712,chipset,H610,
5444,712,m2_slots,1,EA
5445,712,nvme_supported,Y,
5446,712,max_ram_capacity_gb,64,GB
5447,713,cpu_socket,LGA1700,
5448,713,ram_type,DDR5,
5449,713,ram_socket,4,EA
5450,713,form_factor,M-ATX,
5451,713,chipset,B760,
5452,713,m2_slots,2,EA
5453,713,nvme_supported,Y,
5454,713,max_ram_capacity_gb,128,GB
5455,714,cpu_socket,LGA1700,
5456,714,ram_type,DDR5,
5457,714,ram_socket,4,EA
5458,714,form_factor,ATX,
5459,714,chipset,W680,
5460,714,m2_slots,3,EA
5461,714,nvme_supported,Y,
5462,714,max_ram_capacity_gb,128,GB
5463,715,cpu_socket,LGA1700,
5464,715,ram_type,DDR5,
5465,715,ram_socket,2,EA
5466,715,form_factor,M-ATX,
5467,715,chipset,B760,
5468,715,m2_slots,2,EA
5469,715,nvme_supported,Y,
5470,715,max_ram_capacity_gb,64,GB
5471,716,cpu_socket,LGA1700,
5472,716,ram_type,DDR5,
5473,716,ram_socket,4,EA
5474,716,form_factor,M-ATX,
5475,716,chipset,Z790,
5476,716,m2_slots,3,EA
5477,716,nvme_supported,Y,
5478,716,max_ram_capacity_gb,128,GB
5479,717,cpu_socket,LGA1700,
5480,717,ram_type,DDR5,
5481,717,ram_socket,2,EA
5482,717,form_factor,M-ATX,
5483,717,chipset,H610,
5484,717,m2_slots,2,EA
5485,717,nvme_supported,Y,
5486,717,max_ram_capacity_gb,96,GB
5487,718,cpu_socket,LGA1700,
5488,718,ram_type,DDR5,
5489,718,ram_socket,2,EA
5490,718,form_factor,M-ATX,
5491,718,chipset,H610,
5492,718,m2_slots,1,EA
5493,718,nvme_supported,Y,
5494,718,max_ram_capacity_gb,96,GB
5495,719,cpu_socket,LGA1700,
5496,719,ram_type,DDR5,
5497,719,ram_socket,4,EA
5498,719,form_factor,M-ATX,
5499,719,chipset,C262,
5500,719,m2_slots,1,EA
5501,719,nvme_supported,Y,
5502,719,max_ram_capacity_gb,128,GB
5503,720,cpu_socket,LGA1700,
5504,720,ram_type,DDR5,
5505,720,ram_socket,4,EA
5506,720,form_factor,E-ATX,
5507,720,chipset,Z690,
5508,720,m2_slots,5,EA
5509,720,nvme_supported,Y,
5510,720,max_ram_capacity_gb,128,GB
5511,721,cpu_socket,LGA1700,
5512,721,ram_type,DDR5,
5513,721,ram_socket,4,EA
5514,721,form_factor,ATX,
5515,721,chipset,C266,
5516,721,m2_slots,2,EA
5517,721,nvme_supported,Y,
5518,721,max_ram_capacity_gb,128,GB
5519,722,cpu_socket,LGA1700,
5520,722,ram_type,DDR4,
5521,722,ram_socket,4,EA
5522,722,form_factor,M-ATX,
5523,722,chipset,B660,
5524,722,m2_slots,2,EA
5525,722,nvme_supported,Y,
5526,722,max_ram_capacity_gb,128,GB
5527,723,cpu_socket,LGA1700,
5528,723,ram_type,DDR5,
5529,723,ram_socket,4,EA
5530,723,form_factor,M-ATX,
5531,723,chipset,B760,
5532,723,m2_slots,2,EA
5533,723,nvme_supported,Y,
5534,723,max_ram_capacity_gb,192,GB
5535,724,cpu_socket,LGA1700,
5536,724,ram_type,DDR5,
5537,724,ram_socket,2,EA
5538,724,form_factor,M-ATX,
5539,724,chipset,H610,
5540,724,m2_slots,1,EA
5541,724,nvme_supported,Y,
5542,724,max_ram_capacity_gb,96,GB
5543,725,cpu_socket,LGA1700,
5544,725,ram_type,DDR5,
5545,725,ram_socket,2,EA
5546,725,form_factor,M-ITX,
5547,725,chipset,B760,
5548,725,m2_slots,2,EA
5549,725,nvme_supported,Y,
5550,725,max_ram_capacity_gb,64,GB
5551,726,cpu_socket,LGA1700,
5552,726,ram_type,DDR5,
5553,726,ram_socket,4,EA
5554,726,form_factor,ATX,
5555,726,chipset,Z790,
5556,726,m2_slots,3,EA
5557,726,nvme_supported,Y,
5558,726,max_ram_capacity_gb,128,GB
5559,727,cpu_socket,LGA1700,
5560,727,ram_type,DDR5,
5561,727,ram_socket,4,EA
5562,727,form_factor,ATX,
5563,727,chipset,B760,
5564,727,m2_slots,3,EA
5565,727,nvme_supported,Y,
5566,727,max_ram_capacity_gb,128,GB
5567,728,cpu_socket,LGA1700,
5568,728,ram_type,DDR5,
5569,728,ram_socket,2,EA
5570,728,form_factor,M-ATX,
5571,728,chipset,H610,
5572,728,m2_slots,2,EA
5573,728,nvme_supported,Y,
5574,728,max_ram_capacity_gb,96,GB
5575,729,cpu_socket,LGA1700,
5576,729,ram_type,DDR5,
5577,729,ram_socket,4,EA
5578,729,form_factor,M-ATX,
5579,729,chipset,B760,
5580,729,m2_slots,2,EA
5581,729,nvme_supported,Y,
5582,729,max_ram_capacity_gb,192,GB
5583,730,cpu_socket,LGA1700,
5584,730,ram_type,DDR5,
5585,730,ram_socket,2,EA
5586,730,form_factor,M-ATX,
5587,730,chipset,H610,
5588,730,m2_slots,1,EA
5589,730,nvme_supported,Y,
5590,730,max_ram_capacity_gb,96,GB
5591,731,cpu_socket,LGA1700,
5592,731,ram_type,DDR5,
5593,731,ram_socket,4,EA
5594,731,form_factor,ATX,
5595,731,chipset,B760,
5596,731,m2_slots,3,EA
5597,731,nvme_supported,Y,
5598,731,max_ram_capacity_gb,128,GB
5599,732,cpu_socket,LGA1700,
5600,732,ram_type,DDR5,
5601,732,ram_socket,4,EA
5602,732,form_factor,ATX,
5603,732,chipset,B760,
5604,732,m2_slots,3,EA
5605,732,nvme_supported,Y,
5606,732,max_ram_capacity_gb,128,GB
5607,733,cpu_socket,LGA1700,
5608,733,ram_type,DDR4,
5609,733,ram_socket,4,EA
5610,733,form_factor,M-ATX,
5611,733,chipset,B760,
5612,733,m2_slots,2,EA
5613,733,nvme_supported,Y,
5614,733,max_ram_capacity_gb,128,GB
5615,734,cpu_socket,LGA1700,
5616,734,ram_type,DDR5,
5617,734,ram_socket,4,EA
5618,734,form_factor,M-ATX,
5619,734,chipset,B760,
5620,734,m2_slots,2,EA
5621,734,nvme_supported,Y,
5622,734,max_ram_capacity_gb,256,GB
5623,735,cpu_socket,LGA1700,
5624,735,ram_type,DDR4,
5625,735,ram_socket,2,EA
5626,735,form_factor,M-ATX,
5627,735,chipset,H610,
5628,735,m2_slots,1,EA
5629,735,nvme_supported,Y,
5630,735,max_ram_capacity_gb,64,GB
5631,736,cpu_socket,LGA1700,
5632,736,ram_type,DDR5,
5633,736,ram_socket,4,EA
5634,736,form_factor,E-ATX,
5635,736,chipset,Z690,
5636,736,m2_slots,5,EA
5637,736,nvme_supported,Y,
5638,736,max_ram_capacity_gb,128,GB
5639,737,cpu_socket,LGA1700,
5640,737,ram_type,DDR5,
5641,737,ram_socket,2,EA
5642,737,form_factor,M-ITX,
5643,737,chipset,H610,
5644,737,m2_slots,1,EA
5645,737,nvme_supported,Y,
5646,737,max_ram_capacity_gb,64,GB
5647,738,cpu_socket,LGA1700,
5648,738,ram_type,DDR5,
5649,738,ram_socket,4,EA
5650,738,form_factor,ATX,
5651,738,chipset,Z790,
5652,738,m2_slots,3,EA
5653,738,nvme_supported,Y,
5654,738,max_ram_capacity_gb,128,GB
5655,739,cpu_socket,LGA1700,
5656,739,ram_type,DDR4,
5657,739,ram_socket,2,EA
5658,739,form_factor,M-ATX,
5659,739,chipset,H610,
5660,739,m2_slots,2,EA
5661,739,nvme_supported,Y,
5662,739,max_ram_capacity_gb,64,GB
5663,740,cpu_socket,LGA1851,
5664,740,ram_type,DDR5,
5665,740,ram_socket,4,EA
5666,740,form_factor,M-ATX,
5667,740,chipset,B860,
5668,740,m2_slots,4,EA
5669,740,nvme_supported,Y,
5670,740,max_ram_capacity_gb,192,GB
5671,741,cpu_socket,LGA1851,
5672,741,ram_type,DDR5,
5673,741,ram_socket,4,EA
5674,741,form_factor,M-ATX,
5675,741,chipset,B860,
5676,741,m2_slots,2,EA
5677,741,nvme_supported,Y,
5678,741,max_ram_capacity_gb,192,GB
5679,742,cpu_socket,LGA1851,
5680,742,ram_type,DDR5,
5681,742,ram_socket,4,EA
5682,742,form_factor,ATX,
5683,742,chipset,Z890,
5684,742,m2_slots,4,EA
5685,742,nvme_supported,Y,
5686,742,max_ram_capacity_gb,192,GB
5687,743,cpu_socket,LGA1851,
5688,743,ram_type,DDR5,
5689,743,ram_socket,4,EA
5690,743,form_factor,ATX,
5691,743,chipset,B860,
5692,743,m2_slots,3,EA
5693,743,nvme_supported,Y,
5694,743,max_ram_capacity_gb,192,GB
5695,744,cpu_socket,LGA1851,
5696,744,ram_type,DDR5,
5697,744,ram_socket,4,EA
5698,744,form_factor,ATX,
5699,744,chipset,Z890,
5700,744,m2_slots,4,EA
5701,744,nvme_supported,Y,
5702,744,max_ram_capacity_gb,192,GB
5703,745,cpu_socket,LGA1851,
5704,745,ram_type,DDR5,
5705,745,ram_socket,4,EA
5706,745,form_factor,ATX,
5707,745,chipset,B860,
5708,745,m2_slots,3,EA
5709,745,nvme_supported,Y,
5710,745,max_ram_capacity_gb,256,GB
5711,746,cpu_socket,LGA1851,
5712,746,ram_type,DDR5,
5713,746,ram_socket,4,EA
5714,746,form_factor,M-ATX,
5715,746,chipset,B860,
5716,746,m2_slots,2,EA
5717,746,nvme_supported,Y,
5718,746,max_ram_capacity_gb,256,GB
5719,747,cpu_socket,LGA1851,
5720,747,ram_type,DDR5,
5721,747,ram_socket,4,EA
5722,747,form_factor,ATX,
5723,747,chipset,Z890,
5724,747,m2_slots,6,EA
5725,747,nvme_supported,Y,
5726,747,max_ram_capacity_gb,192,GB
5727,748,cpu_socket,LGA1851,
5728,748,ram_type,DDR5,
5729,748,ram_socket,4,EA
5730,748,form_factor,ATX,
5731,748,chipset,Z890,
5732,748,m2_slots,6,EA
5733,748,nvme_supported,Y,
5734,748,max_ram_capacity_gb,192,GB
5735,749,cpu_socket,LGA1851,
5736,749,ram_type,DDR5,
5737,749,ram_socket,4,EA
5738,749,form_factor,ATX,
5739,749,chipset,Z890,
5740,749,m2_slots,4,EA
5741,749,nvme_supported,Y,
5742,749,max_ram_capacity_gb,192,GB
5743,750,cpu_socket,LGA1851,
5744,750,ram_type,DDR5,
5745,750,ram_socket,4,EA
5746,750,form_factor,ATX,
5747,750,chipset,Z890,
5748,750,m2_slots,5,EA
5749,750,nvme_supported,Y,
5750,750,max_ram_capacity_gb,192,GB
5751,751,cpu_socket,LGA1851,
5752,751,ram_type,DDR5,
5753,751,ram_socket,4,EA
5754,751,form_factor,M-ATX,
5755,751,chipset,B860,
5756,751,m2_slots,3,EA
5757,751,nvme_supported,Y,
5758,751,max_ram_capacity_gb,256,GB
5759,752,cpu_socket,LGA1851,
5760,752,ram_type,DDR5,
5761,752,ram_socket,2,EA
5762,752,form_factor,M-ATX,
5763,752,chipset,H810,
5764,752,m2_slots,1,EA
5765,752,nvme_supported,Y,
5766,752,max_ram_capacity_gb,128,GB
5767,753,cpu_socket,LGA1851,
5768,753,ram_type,DDR5,
5769,753,ram_socket,4,EA
5770,753,form_factor,ATX,
5771,753,chipset,Z890,
5772,753,m2_slots,5,EA
5773,753,nvme_supported,Y,
5774,753,max_ram_capacity_gb,192,GB
5775,754,cpu_socket,LGA1851,
5776,754,ram_type,DDR5,
5777,754,ram_socket,2,EA
5778,754,form_factor,M-ATX,
5779,754,chipset,B860,
5780,754,m2_slots,2,EA
5781,754,nvme_supported,Y,
5782,754,max_ram_capacity_gb,128,GB
5783,755,cpu_socket,LGA1851,
5784,755,ram_type,DDR5,
5785,755,ram_socket,4,EA
5786,755,form_factor,M-ATX,
5787,755,chipset,B860,
5788,755,m2_slots,3,EA
5789,755,nvme_supported,Y,
5790,755,max_ram_capacity_gb,256,GB
5791,756,cpu_socket,LGA1851,
5792,756,ram_type,DDR5,
5793,756,ram_socket,2,EA
5794,756,form_factor,M-ATX,
5795,756,chipset,H810,
5796,756,m2_slots,1,EA
5797,756,nvme_supported,Y,
5798,756,max_ram_capacity_gb,128,GB
5799,757,cpu_socket,LGA1851,
5800,757,ram_type,DDR5,
5801,757,ram_socket,4,EA
5802,757,form_factor,M-ATX,
5803,757,chipset,Z890,
5804,757,m2_slots,3,EA
5805,757,nvme_supported,Y,
5806,757,max_ram_capacity_gb,192,GB
5807,758,cpu_socket,LGA1851,
5808,758,ram_type,DDR5,
5809,758,ram_socket,4,EA
5810,758,form_factor,ATX,
5811,758,chipset,B860,
5812,758,m2_slots,4,EA
5813,758,nvme_supported,Y,
5814,758,max_ram_capacity_gb,256,GB
5815,759,cpu_socket,LGA1851,
5816,759,ram_type,DDR5,
5817,759,ram_socket,2,EA
5818,759,form_factor,M-ATX,
5819,759,chipset,H810,
5820,759,m2_slots,2,EA
5821,759,nvme_supported,Y,
5822,759,max_ram_capacity_gb,128,GB
5823,760,cpu_socket,LGA1851,
5824,760,ram_type,DDR5,
5825,760,ram_socket,2,EA
5826,760,form_factor,M-ATX,
5827,760,chipset,H810,
5828,760,m2_slots,2,EA
5829,760,nvme_supported,Y,
5830,760,max_ram_capacity_gb,128,GB
5831,761,cpu_socket,LGA1851,
5832,761,ram_type,DDR5,
5833,761,ram_socket,4,EA
5834,761,form_factor,ATX,
5835,761,chipset,Z890,
5836,761,m2_slots,4,EA
5837,761,nvme_supported,Y,
5838,761,max_ram_capacity_gb,192,GB
5839,762,cpu_socket,LGA1851,
5840,762,ram_type,DDR5,
5841,762,ram_socket,4,EA
5842,762,form_factor,ATX,
5843,762,chipset,B860,
5844,762,m2_slots,3,EA
5845,762,nvme_supported,Y,
5846,762,max_ram_capacity_gb,192,GB
5847,763,cpu_socket,LGA1851,
5848,763,ram_type,DDR5,
5849,763,ram_socket,4,EA
5850,763,form_factor,M-ATX,
5851,763,chipset,Z890,
5852,763,m2_slots,3,EA
5853,763,nvme_supported,Y,
5854,763,max_ram_capacity_gb,192,GB
5855,764,cpu_socket,LGA1851,
5856,764,ram_type,DDR5,
5857,764,ram_socket,4,EA
5858,764,form_factor,ATX,
5859,764,chipset,Z890,
5860,764,m2_slots,4,EA
5861,764,nvme_supported,Y,
5862,764,max_ram_capacity_gb,192,GB
5863,765,cpu_socket,LGA1851,
5864,765,ram_type,DDR5,
5865,765,ram_socket,4,EA
5866,765,form_factor,ATX,
5867,765,chipset,Z890,
5868,765,m2_slots,4,EA
5869,765,nvme_supported,Y,
5870,765,max_ram_capacity_gb,192,GB
5871,766,cpu_socket,LGA1851,
5872,766,ram_type,DDR5,
5873,766,ram_socket,4,EA
5874,766,form_factor,ATX,
5875,766,chipset,Z890,
5876,766,m2_slots,4,EA
5877,766,nvme_supported,Y,
5878,766,max_ram_capacity_gb,192,GB
5879,767,cpu_socket,LGA1851,
5880,767,ram_type,DDR5,
5881,767,ram_socket,4,EA
5882,767,form_factor,ATX,
5883,767,chipset,Z890,
5884,767,m2_slots,5,EA
5885,767,nvme_supported,Y,
5886,767,max_ram_capacity_gb,192,GB
5887,768,cpu_socket,LGA1851,
5888,768,ram_type,DDR5,
5889,768,ram_socket,2,EA
5890,768,form_factor,M-ATX,
5891,768,chipset,H810,
5892,768,m2_slots,2,EA
5893,768,nvme_supported,Y,
5894,768,max_ram_capacity_gb,128,GB
5895,769,cpu_socket,LGA1851,
5896,769,ram_type,DDR5,
5897,769,ram_socket,4,EA
5898,769,form_factor,ATX,
5899,769,chipset,Z890,
5900,769,m2_slots,5,EA
5901,769,nvme_supported,Y,
5902,769,max_ram_capacity_gb,192,GB
5903,770,cpu_socket,LGA1851,
5904,770,ram_type,DDR5,
5905,770,ram_socket,4,EA
5906,770,form_factor,ATX,
5907,770,chipset,Z890,
5908,770,m2_slots,7,EA
5909,770,nvme_supported,Y,
5910,770,max_ram_capacity_gb,192,GB
5911,771,cpu_socket,LGA1851,
5912,771,ram_type,DDR5,
5913,771,ram_socket,2,EA
5914,771,form_factor,M-ATX,
5915,771,chipset,H810,
5916,771,m2_slots,2,EA
5917,771,nvme_supported,Y,
5918,771,max_ram_capacity_gb,128,GB
5919,772,cpu_socket,LGA1851,
5920,772,ram_type,DDR5,
5921,772,ram_socket,4,EA
5922,772,form_factor,ATX,
5923,772,chipset,Z890,
5924,772,m2_slots,4,EA
5925,772,nvme_supported,Y,
5926,772,max_ram_capacity_gb,192,GB
5927,773,cpu_socket,LGA1851,
5928,773,ram_type,DDR5,
5929,773,ram_socket,2,EA
5930,773,form_factor,M-ITX,
5931,773,chipset,B860,
5932,773,m2_slots,2,EA
5933,773,nvme_supported,Y,
5934,773,max_ram_capacity_gb,128,GB
5935,774,cpu_socket,LGA1851,
5936,774,ram_type,DDR5,
5937,774,ram_socket,4,EA
5938,774,form_factor,M-ATX,
5939,774,chipset,B860,
5940,774,m2_slots,2,EA
5941,774,nvme_supported,Y,
5942,774,max_ram_capacity_gb,256,GB
5943,775,cpu_socket,LGA1851,
5944,775,ram_type,DDR5,
5945,775,ram_socket,2,EA
5946,775,form_factor,M-ATX,
5947,775,chipset,H810,
5948,775,m2_slots,2,EA
5949,775,nvme_supported,Y,
5950,775,max_ram_capacity_gb,128,GB
5951,776,cpu_socket,LGA1851,
5952,776,ram_type,DDR5,
5953,776,ram_socket,4,EA
5954,776,form_factor,M-ATX,
5955,776,chipset,B860,
5956,776,m2_slots,2,EA
5957,776,nvme_supported,Y,
5958,776,max_ram_capacity_gb,192,GB
5959,777,cpu_socket,LGA1851,
5960,777,ram_type,DDR5,
5961,777,ram_socket,2,EA
5962,777,form_factor,M-ATX,
5963,777,chipset,H810,
5964,777,m2_slots,2,EA
5965,777,nvme_supported,Y,
5966,777,max_ram_capacity_gb,128,GB
5967,778,cpu_socket,LGA1851,
5968,778,ram_type,DDR5,
5969,778,ram_socket,2,EA
5970,778,form_factor,M-ATX,
5971,778,chipset,H810,
5972,778,m2_slots,2,EA
5973,778,nvme_supported,Y,
5974,778,max_ram_capacity_gb,128,GB
5975,779,cpu_socket,LGA1851,
5976,779,ram_type,DDR5,
5977,779,ram_socket,4,EA
5978,779,form_factor,ATX,
5979,779,chipset,B860,
5980,779,m2_slots,2,EA
5981,779,nvme_supported,Y,
5982,779,max_ram_capacity_gb,256,GB
5983,780,cpu_socket,LGA1851,
5984,780,ram_type,DDR5,
5985,780,ram_socket,2,EA
5986,780,form_factor,M-ATX,
5987,780,chipset,H810,
5988,780,m2_slots,2,EA
5989,780,nvme_supported,Y,
5990,780,max_ram_capacity_gb,128,GB
5991,781,cpu_socket,LGA1851,
5992,781,ram_type,DDR5,
5993,781,ram_socket,4,EA
5994,781,form_factor,ATX,
5995,781,chipset,Z890,
5996,781,m2_slots,4,EA
5997,781,nvme_supported,Y,
5998,781,max_ram_capacity_gb,192,GB
5999,782,cpu_socket,LGA1851,
6000,782,ram_type,DDR5,
6001,782,ram_socket,2,EA
6002,782,form_factor,M-ATX,
6003,782,chipset,H810,
6004,782,m2_slots,1,EA
6005,782,nvme_supported,Y,
6006,782,max_ram_capacity_gb,128,GB
6007,783,cpu_socket,LGA1851,
6008,783,ram_type,DDR5,
6009,783,ram_socket,4,EA
6010,783,form_factor,ATX,
6011,783,chipset,Z890,
6012,783,m2_slots,4,EA
6013,783,nvme_supported,Y,
6014,783,max_ram_capacity_gb,256,GB
6015,784,cpu_socket,LGA1851,
6016,784,ram_type,DDR5,
6017,784,ram_socket,4,EA
6018,784,form_factor,M-ATX,
6019,784,chipset,B860,
6020,784,m2_slots,2,EA
6021,784,nvme_supported,Y,
6022,784,max_ram_capacity_gb,192,GB
6023,785,cpu_socket,LGA1851,
6024,785,ram_type,DDR5,
6025,785,ram_socket,2,EA
6026,785,form_factor,M-ITX,
6027,785,chipset,B860,
6028,785,m2_slots,2,EA
6029,785,nvme_supported,Y,
6030,785,max_ram_capacity_gb,96,GB
6031,786,cpu_socket,LGA1851,
6032,786,ram_type,DDR5,
6033,786,ram_socket,2,EA
6034,786,form_factor,M-ATX,
6035,786,chipset,H810,
6036,786,m2_slots,2,EA
6037,786,nvme_supported,Y,
6038,786,max_ram_capacity_gb,128,GB
6039,787,cpu_socket,LGA1851,
6040,787,ram_type,DDR5,
6041,787,ram_socket,4,EA
6042,787,form_factor,ATX,
6043,787,chipset,B860,
6044,787,m2_slots,2,EA
6045,787,nvme_supported,Y,
6046,787,max_ram_capacity_gb,256,GB
6047,788,cpu_socket,LGA1851,
6048,788,ram_type,DDR5,
6049,788,ram_socket,4,EA
6050,788,form_factor,ATX,
6051,788,chipset,Z890,
6052,788,m2_slots,4,EA
6053,788,nvme_supported,Y,
6054,788,max_ram_capacity_gb,192,GB
6055,789,cpu_socket,LGA1851,
6056,789,ram_type,DDR5,
6057,789,ram_socket,2,EA
6058,789,form_factor,M-ATX,
6059,789,chipset,H810,
6060,789,m2_slots,2,EA
6061,789,nvme_supported,Y,
6062,789,max_ram_capacity_gb,128,GB
6063,790,cpu_socket,LGA1851,
6064,790,ram_type,DDR5,
6065,790,ram_socket,2,EA
6066,790,form_factor,M-ATX,
6067,790,chipset,B860,
6068,790,m2_slots,2,EA
6069,790,nvme_supported,Y,
6070,790,max_ram_capacity_gb,128,GB
6071,791,cpu_socket,LGA1851,
6072,791,ram_type,DDR5,
6073,791,ram_socket,4,EA
6074,791,form_factor,ATX,
6075,791,chipset,Z890,
6076,791,m2_slots,6,EA
6077,791,nvme_supported,Y,
6078,791,max_ram_capacity_gb,192,GB
6079,792,cpu_socket,LGA1851,
6080,792,ram_type,DDR5,
6081,792,ram_socket,4,EA
6082,792,form_factor,ATX,
6083,792,chipset,B860,
6084,792,m2_slots,4,EA
6085,792,nvme_supported,Y,
6086,792,max_ram_capacity_gb,192,GB
6087,793,cpu_socket,LGA1851,
6088,793,ram_type,DDR5,
6089,793,ram_socket,2,EA
6090,793,form_factor,M-ITX,
6091,793,chipset,Z890,
6092,793,m2_slots,2,EA
6093,793,nvme_supported,Y,
6094,793,max_ram_capacity_gb,96,GB
6095,794,cpu_socket,LGA1851,
6096,794,ram_type,DDR5,
6097,794,ram_socket,4,EA
6098,794,form_factor,ATX,
6099,794,chipset,B860,
6100,794,m2_slots,4,EA
6101,794,nvme_supported,Y,
6102,794,max_ram_capacity_gb,256,GB
6103,795,cpu_socket,LGA1851,
6104,795,ram_type,DDR5,
6105,795,ram_socket,2,EA
6106,795,form_factor,M-ITX,
6107,795,chipset,Z890,
6108,795,m2_slots,2,EA
6109,795,nvme_supported,Y,
6110,795,max_ram_capacity_gb,96,GB
6111,796,cpu_socket,LGA1851,
6112,796,ram_type,DDR5,
6113,796,ram_socket,4,EA
6114,796,form_factor,ATX,
6115,796,chipset,Z890,
6116,796,m2_slots,7,EA
6117,796,nvme_supported,Y,
6118,796,max_ram_capacity_gb,192,GB
6119,797,cpu_socket,LGA1851,
6120,797,ram_type,DDR5,
6121,797,ram_socket,4,EA
6122,797,form_factor,ATX,
6123,797,chipset,Z890,
6124,797,m2_slots,7,EA
6125,797,nvme_supported,Y,
6126,797,max_ram_capacity_gb,192,GB
6127,798,cpu_socket,LGA1851,
6128,798,ram_type,DDR5,
6129,798,ram_socket,4,EA
6130,798,form_factor,ATX,
6131,798,chipset,Z890,
6132,798,m2_slots,5,EA
6133,798,nvme_supported,Y,
6134,798,max_ram_capacity_gb,192,GB
6135,799,cpu_socket,LGA1851,
6136,799,ram_type,DDR5,
6137,799,ram_socket,4,EA
6138,799,form_factor,ATX,
6139,799,chipset,B860,
6140,799,m2_slots,4,EA
6141,799,nvme_supported,Y,
6142,799,max_ram_capacity_gb,192,GB
6143,800,cpu_socket,LGA1851,
6144,800,ram_type,DDR5,
6145,800,ram_socket,4,EA
6146,800,form_factor,ATX,
6147,800,chipset,Z890,
6148,800,m2_slots,4,EA
6149,800,nvme_supported,Y,
6150,800,max_ram_capacity_gb,192,GB
6151,801,cpu_socket,LGA1851,
6152,801,ram_type,DDR5,
6153,801,ram_socket,4,EA
6154,801,form_factor,ATX,
6155,801,chipset,Z890,
6156,801,m2_slots,5,EA
6157,801,nvme_supported,Y,
6158,801,max_ram_capacity_gb,192,GB
6159,802,cpu_socket,LGA1851,
6160,802,ram_type,DDR5,
6161,802,ram_socket,4,EA
6162,802,form_factor,ATX,
6163,802,chipset,B860,
6164,802,m2_slots,4,EA
6165,802,nvme_supported,Y,
6166,802,max_ram_capacity_gb,192,GB
6167,803,cpu_socket,LGA1851,
6168,803,ram_type,DDR5,
6169,803,ram_socket,4,EA
6170,803,form_factor,M-ATX,
6171,803,chipset,B860,
6172,803,m2_slots,2,EA
6173,803,nvme_supported,Y,
6174,803,max_ram_capacity_gb,256,GB
6175,804,cpu_socket,LGA1851,
6176,804,ram_type,DDR5,
6177,804,ram_socket,2,EA
6178,804,form_factor,M-ITX,
6179,804,chipset,H810,
6180,804,m2_slots,1,EA
6181,804,max_ram_capacity_gb,128,GB
6182,805,cpu_socket,LGA1851,
6183,805,ram_type,DDR5,
6184,805,ram_socket,2,EA
6185,805,form_factor,M-ITX,
6186,805,chipset,B860,
6187,805,m2_slots,2,EA
6188,805,nvme_supported,Y,
6189,805,max_ram_capacity_gb,96,GB
6190,806,cpu_socket,LGA1851,
6191,806,ram_type,DDR5,
6192,806,ram_socket,2,EA
6193,806,form_factor,M-ATX,
6194,806,chipset,H810,
6195,806,m2_slots,2,EA
6196,806,nvme_supported,Y,
6197,806,max_ram_capacity_gb,128,GB
6198,807,cpu_socket,LGA1851,
6199,807,ram_type,DDR5,
6200,807,ram_socket,4,EA
6201,807,form_factor,ATX,
6202,807,chipset,B860,
6203,807,m2_slots,3,EA
6204,807,nvme_supported,Y,
6205,807,max_ram_capacity_gb,192,GB
6206,808,cpu_socket,LGA1851,
6207,808,ram_type,DDR5,
6208,808,ram_socket,4,EA
6209,808,form_factor,ATX,
6210,808,chipset,B860,
6211,808,m2_slots,3,EA
6212,808,nvme_supported,Y,
6213,808,max_ram_capacity_gb,192,GB
6214,809,cpu_socket,LGA1851,
6215,809,ram_type,DDR5,
6216,809,ram_socket,4,EA
6217,809,form_factor,ATX,
6218,809,chipset,B860,
6219,809,m2_slots,4,EA
6220,809,nvme_supported,Y,
6221,809,max_ram_capacity_gb,192,GB
6222,810,cpu_socket,LGA1851,
6223,810,ram_type,DDR5,
6224,810,ram_socket,4,EA
6225,810,form_factor,M-ATX,
6226,810,chipset,B860,
6227,810,m2_slots,3,EA
6228,810,nvme_supported,Y,
6229,810,max_ram_capacity_gb,256,GB
6230,811,cpu_socket,AM4,
6231,811,ram_type,DDR4,
6232,811,ram_socket,2,EA
6233,811,form_factor,M-ATX,
6234,811,chipset,A520,
6235,811,m2_slots,1,EA
6236,811,nvme_supported,Y,
6237,811,max_ram_capacity_gb,64,GB
6238,812,cpu_socket,AM4,
6239,812,ram_type,DDR4,
6240,812,ram_socket,4,EA
6241,812,form_factor,M-ATX,
6242,812,chipset,B550,
6243,812,m2_slots,2,EA
6244,812,nvme_supported,Y,
6245,812,max_ram_capacity_gb,128,GB
6246,813,cpu_socket,AM4,
6247,813,ram_type,DDR4,
6248,813,ram_socket,4,EA
6249,813,form_factor,ATX,
6250,813,chipset,X470,
6251,813,m2_slots,2,EA
6252,813,nvme_supported,Y,
6253,813,max_ram_capacity_gb,128,GB
6254,814,cpu_socket,AM4,
6255,814,ram_type,DDR4,
6256,814,ram_socket,4,EA
6257,814,form_factor,E-ATX,
6258,814,chipset,X570,
6259,814,m2_slots,2,EA
6260,814,nvme_supported,Y,
6261,814,max_ram_capacity_gb,128,GB
6262,815,cpu_socket,AM4,
6263,815,ram_type,DDR4,
6264,815,ram_socket,2,EA
6265,815,form_factor,M-ATX,
6266,815,chipset,B550,
6267,815,m2_slots,1,EA
6268,815,nvme_supported,Y,
6269,815,max_ram_capacity_gb,64,GB
6270,816,cpu_socket,AM4,
6271,816,ram_type,DDR4,
6272,816,ram_socket,4,EA
6273,816,form_factor,ATX,
6274,816,chipset,B550,
6275,816,m2_slots,2,EA
6276,816,nvme_supported,Y,
6277,816,max_ram_capacity_gb,128,GB
6278,817,cpu_socket,AM4,
6279,817,ram_type,DDR4,
6280,817,ram_socket,4,EA
6281,817,form_factor,M-ATX,
6282,817,chipset,B550,
6283,817,m2_slots,2,EA
6284,817,nvme_supported,Y,
6285,817,max_ram_capacity_gb,128,GB
6286,818,cpu_socket,AM4,
6287,818,ram_type,DDR4,
6288,818,ram_socket,2,EA
6289,818,form_factor,M-ATX,
6290,818,chipset,A520,
6291,818,m2_slots,1,EA
6292,818,nvme_supported,Y,
6293,818,max_ram_capacity_gb,64,GB
6294,819,cpu_socket,AM5,
6295,819,ram_type,DDR5,
6296,819,ram_socket,4,EA
6297,819,form_factor,M-ATX,
6298,819,chipset,B850,
6299,819,m2_slots,3,EA
6300,819,nvme_supported,Y,
6301,819,max_ram_capacity_gb,256,GB
6302,820,cpu_socket,AM5,
6303,820,ram_type,DDR5,
6304,820,ram_socket,4,EA
6305,820,form_factor,ATX,
6306,820,chipset,X870E,
6307,820,m2_slots,4,EA
6308,820,nvme_supported,Y,
6309,820,max_ram_capacity_gb,256,GB
6310,821,cpu_socket,AM5,
6311,821,ram_type,DDR5,
6312,821,ram_socket,4,EA
6313,821,form_factor,ATX,
6314,821,chipset,B850,
6315,821,m2_slots,4,EA
6316,821,nvme_supported,Y,
6317,821,max_ram_capacity_gb,256,GB
6318,822,cpu_socket,AM5,
6319,822,ram_type,DDR5,
6320,822,ram_socket,4,EA
6321,822,form_factor,M-ATX,
6322,822,chipset,B650,
6323,822,m2_slots,2,EA
6324,822,nvme_supported,Y,
6325,822,max_ram_capacity_gb,256,GB
6326,823,cpu_socket,AM5,
6327,823,ram_type,DDR5,
6328,823,ram_socket,4,EA
6329,823,form_factor,ATX,
6330,823,chipset,X870E,
6331,823,m2_slots,4,EA
6332,823,nvme_supported,Y,
6333,823,max_ram_capacity_gb,256,GB
6334,824,cpu_socket,AM5,
6335,824,ram_type,DDR5,
6336,824,ram_socket,4,EA
6337,824,form_factor,ATX,
6338,824,chipset,X870E,
6339,824,m2_slots,5,EA
6340,824,nvme_supported,Y,
6341,824,max_ram_capacity_gb,256,GB
6342,825,cpu_socket,AM5,
6343,825,ram_type,DDR5,
6344,825,ram_socket,4,EA
6345,825,form_factor,ATX,
6346,825,chipset,X870E,
6347,825,m2_slots,4,EA
6348,825,nvme_supported,Y,
6349,825,max_ram_capacity_gb,256,GB
6350,826,cpu_socket,AM5,
6351,826,ram_type,DDR5,
6352,826,ram_socket,4,EA
6353,826,form_factor,M-ATX,
6354,826,chipset,B650,
6355,826,m2_slots,2,EA
6356,826,nvme_supported,Y,
6357,826,max_ram_capacity_gb,256,GB
6358,827,cpu_socket,AM5,
6359,827,ram_type,DDR5,
6360,827,ram_socket,4,EA
6361,827,form_factor,ATX,
6362,827,chipset,X870E,
6363,827,m2_slots,4,EA
6364,827,nvme_supported,Y,
6365,827,max_ram_capacity_gb,256,GB
6366,828,cpu_socket,AM5,
6367,828,ram_type,DDR5,
6368,828,ram_socket,4,EA
6369,828,form_factor,ATX,
6370,828,chipset,B650,
6371,828,m2_slots,3,EA
6372,828,nvme_supported,Y,
6373,828,max_ram_capacity_gb,192,GB
6374,829,cpu_socket,AM5,
6375,829,ram_type,DDR5,
6376,829,ram_socket,4,EA
6377,829,form_factor,ATX,
6378,829,chipset,X870E,
6379,829,m2_slots,4,EA
6380,829,nvme_supported,Y,
6381,829,max_ram_capacity_gb,256,GB
6382,830,cpu_socket,AM5,
6383,830,ram_type,DDR5,
6384,830,ram_socket,2,EA
6385,830,form_factor,M-ITX,
6386,830,chipset,B850,
6387,830,m2_slots,2,EA
6388,830,nvme_supported,Y,
6389,830,max_ram_capacity_gb,128,GB
6390,831,cpu_socket,AM5,
6391,831,ram_type,DDR5,
6392,831,ram_socket,4,EA
6393,831,form_factor,M-ATX,
6394,831,chipset,B650,
6395,831,m2_slots,2,EA
6396,831,nvme_supported,Y,
6397,831,max_ram_capacity_gb,256,GB
6398,832,cpu_socket,AM5,
6399,832,ram_type,DDR5,
6400,832,ram_socket,4,EA
6401,832,form_factor,ATX,
6402,832,chipset,B850,
6403,832,m2_slots,4,EA
6404,832,nvme_supported,Y,
6405,832,max_ram_capacity_gb,256,GB
6406,833,cpu_socket,AM5,
6407,833,ram_type,DDR5,
6408,833,ram_socket,4,EA
6409,833,form_factor,M-ATX,
6410,833,chipset,B850,
6411,833,m2_slots,3,EA
6412,833,nvme_supported,Y,
6413,833,max_ram_capacity_gb,256,GB
6414,834,cpu_socket,AM5,
6415,834,ram_type,DDR5,
6416,834,ram_socket,4,EA
6417,834,form_factor,M-ATX,
6418,834,chipset,B850,
6419,834,m2_slots,2,EA
6420,834,nvme_supported,Y,
6421,834,max_ram_capacity_gb,256,GB
6422,835,cpu_socket,AM5,
6423,835,ram_type,DDR5,
6424,835,ram_socket,4,EA
6425,835,form_factor,M-ATX,
6426,835,chipset,B850,
6427,835,m2_slots,2,EA
6428,835,nvme_supported,Y,
6429,835,max_ram_capacity_gb,256,GB
6430,836,cpu_socket,AM5,
6431,836,ram_type,DDR5,
6432,836,ram_socket,4,EA
6433,836,form_factor,ATX,
6434,836,chipset,X870E,
6435,836,m2_slots,4,EA
6436,836,nvme_supported,Y,
6437,836,max_ram_capacity_gb,256,GB
6438,837,cpu_socket,AM5,
6439,837,ram_type,DDR5,
6440,837,ram_socket,4,EA
6441,837,form_factor,M-ATX,
6442,837,chipset,B650,
6443,837,m2_slots,2,EA
6444,837,nvme_supported,Y,
6445,837,max_ram_capacity_gb,256,GB
6446,838,cpu_socket,AM5,
6447,838,ram_type,DDR5,
6448,838,ram_socket,4,EA
6449,838,form_factor,M-ATX,
6450,838,chipset,B650,
6451,838,m2_slots,2,EA
6452,838,nvme_supported,Y,
6453,838,max_ram_capacity_gb,256,GB
6454,839,cpu_socket,AM5,
6455,839,ram_type,DDR5,
6456,839,ram_socket,4,EA
6457,839,form_factor,M-ATX,
6458,839,chipset,B850,
6459,839,m2_slots,3,EA
6460,839,nvme_supported,Y,
6461,839,max_ram_capacity_gb,256,GB
6462,840,cpu_socket,AM5,
6463,840,ram_type,DDR5,
6464,840,ram_socket,2,EA
6465,840,form_factor,M-ATX,
6466,840,chipset,A620,
6467,840,m2_slots,2,EA
6468,840,nvme_supported,Y,
6469,840,max_ram_capacity_gb,128,GB
6470,841,cpu_socket,AM5,
6471,841,ram_type,DDR5,
6472,841,ram_socket,2,EA
6473,841,form_factor,M-ATX,
6474,841,chipset,A620A,
6475,841,m2_slots,1,EA
6476,841,nvme_supported,Y,
6477,841,max_ram_capacity_gb,128,GB
6478,842,cpu_socket,AM5,
6479,842,ram_type,DDR5,
6480,842,ram_socket,2,EA
6481,842,form_factor,M-ATX,
6482,842,chipset,B650,
6483,842,m2_slots,1,EA
6484,842,nvme_supported,Y,
6485,842,max_ram_capacity_gb,128,GB
6486,843,cpu_socket,AM5,
6487,843,ram_type,DDR5,
6488,843,ram_socket,2,EA
6489,843,form_factor,M-ATX,
6490,843,chipset,A620,
6491,843,m2_slots,1,EA
6492,843,nvme_supported,Y,
6493,843,max_ram_capacity_gb,64,GB
6494,844,cpu_socket,AM5,
6495,844,ram_type,DDR5,
6496,844,ram_socket,4,EA
6497,844,form_factor,ATX,
6498,844,chipset,X870,
6499,844,m2_slots,4,EA
6500,844,nvme_supported,Y,
6501,844,max_ram_capacity_gb,256,GB
6502,845,cpu_socket,AM5,
6503,845,ram_type,DDR5,
6504,845,ram_socket,4,EA
6505,845,form_factor,ATX,
6506,845,chipset,B650,
6507,845,m2_slots,3,EA
6508,845,nvme_supported,Y,
6509,845,max_ram_capacity_gb,256,GB
6510,846,cpu_socket,AM5,
6511,846,ram_type,DDR5,
6512,846,ram_socket,4,EA
6513,846,form_factor,ATX,
6514,846,chipset,B650,
6515,846,m2_slots,4,EA
6516,846,nvme_supported,Y,
6517,846,max_ram_capacity_gb,256,GB
6518,847,cpu_socket,AM5,
6519,847,ram_type,DDR5,
6520,847,ram_socket,2,EA
6521,847,form_factor,M-ITX,
6522,847,chipset,B650,
6523,847,m2_slots,2,EA
6524,847,nvme_supported,Y,
6525,847,max_ram_capacity_gb,64,GB
6526,848,cpu_socket,AM5,
6527,848,ram_type,DDR5,
6528,848,ram_socket,4,EA
6529,848,form_factor,ATX,
6530,848,chipset,B650,
6531,848,m2_slots,3,EA
6532,848,nvme_supported,Y,
6533,848,max_ram_capacity_gb,192,GB
6534,849,cpu_socket,AM5,
6535,849,ram_type,DDR5,
6536,849,ram_socket,4,EA
6537,849,form_factor,ATX,
6538,849,chipset,X670E,
6539,849,m2_slots,4,EA
6540,849,max_ram_capacity_gb,192,GB
6541,850,cpu_socket,AM5,
6542,850,ram_type,DDR5,
6543,850,ram_socket,4,EA
6544,850,form_factor,ATX,
6545,850,chipset,X670E,
6546,850,m2_slots,4,EA
6547,850,nvme_supported,Y,
6548,850,max_ram_capacity_gb,128,GB
6549,851,cpu_socket,LGA1200,
6550,851,ram_type,DDR4,
6551,851,ram_socket,2,EA
6552,851,form_factor,M-ATX,
6553,851,chipset,H510,
6554,851,m2_slots,1,EA
6555,851,nvme_supported,Y,
6556,851,max_ram_capacity_gb,64,GB
6557,852,cpu_socket,LGA1200,
6558,852,ram_type,DDR4,
6559,852,ram_socket,2,EA
6560,852,form_factor,M-ITX,
6561,852,chipset,Z490,
6562,852,m2_slots,2,EA
6563,852,nvme_supported,Y,
6564,852,max_ram_capacity_gb,64,GB
6565,853,cpu_socket,LGA1200,
6566,853,ram_type,DDR4,
6567,853,ram_socket,4,EA
6568,853,form_factor,ATX,
6569,853,chipset,Z490,
6570,853,m2_slots,2,EA
6571,853,nvme_supported,Y,
6572,853,max_ram_capacity_gb,128,GB
6573,854,cpu_socket,LGA1200,
6574,854,ram_type,DDR4,
6575,854,ram_socket,4,EA
6576,854,form_factor,ATX,
6577,854,chipset,B560,
6578,854,m2_slots,3,EA
6579,854,nvme_supported,Y,
6580,854,max_ram_capacity_gb,128,GB
6581,855,cpu_socket,LGA1200,
6582,855,ram_type,DDR4,
6583,855,ram_socket,4,EA
6584,855,form_factor,ATX,
6585,855,chipset,Z590,
6586,855,m2_slots,3,EA
6587,855,nvme_supported,Y,
6588,855,max_ram_capacity_gb,128,GB
6589,856,cpu_socket,LGA1700,
6590,856,ram_type,DDR4,
6591,856,ram_socket,4,EA
6592,856,form_factor,M-ATX,
6593,856,chipset,B760,
6594,856,m2_slots,2,EA
6595,856,max_ram_capacity_gb,128,GB
6596,857,cpu_socket,LGA1700,
6597,857,ram_type,DDR5,
6598,857,ram_socket,4,EA
6599,857,form_factor,M-ATX,
6600,857,chipset,B760,
6601,857,m2_slots,3,EA
6602,857,nvme_supported,Y,
6603,857,max_ram_capacity_gb,256,GB
6604,858,cpu_socket,LGA1700,
6605,858,ram_type,DDR5,
6606,858,ram_socket,2,EA
6607,858,form_factor,M-ATX,
6608,858,chipset,H610,
6609,858,m2_slots,1,EA
6610,858,nvme_supported,Y,
6611,858,max_ram_capacity_gb,96,GB
6612,859,cpu_socket,LGA1700,
6613,859,ram_type,DDR5,
6614,859,ram_socket,4,EA
6615,859,form_factor,ATX,
6616,859,chipset,B760,
6617,859,m2_slots,3,EA
6618,859,nvme_supported,Y,
6619,859,max_ram_capacity_gb,192,GB
6620,860,cpu_socket,LGA1700,
6621,860,ram_type,DDR4,
6622,860,ram_socket,2,EA
6623,860,form_factor,M-ATX,
6624,860,chipset,H610,
6625,860,m2_slots,1,EA
6626,860,nvme_supported,Y,
6627,860,max_ram_capacity_gb,64,GB
6628,861,cpu_socket,LGA1700,
6629,861,ram_type,DDR4,
6630,861,ram_socket,4,EA
6631,861,form_factor,M-ATX,
6632,861,chipset,B660,
6633,861,m2_slots,2,EA
6634,861,nvme_supported,Y,
6635,861,max_ram_capacity_gb,128,GB
6636,862,cpu_socket,LGA1700,
6637,862,ram_type,DDR4,
6638,862,ram_socket,4,EA
6639,862,form_factor,M-ATX,
6640,862,chipset,B760,
6641,862,m2_slots,2,EA
6642,862,nvme_supported,Y,
6643,862,max_ram_capacity_gb,128,GB
6644,863,cpu_socket,LGA1700,
6645,863,ram_type,DDR4,
6646,863,ram_socket,2,EA
6647,863,form_factor,M-ATX,
6648,863,chipset,B760,
6649,863,m2_slots,1,EA
6650,863,max_ram_capacity_gb,64,GB
6651,864,cpu_socket,LGA1700,
6652,864,ram_type,DDR5,
6653,864,ram_socket,4,EA
6654,864,form_factor,ATX,
6655,864,chipset,Z790,
6656,864,m2_slots,4,EA
6657,864,nvme_supported,Y,
6658,864,max_ram_capacity_gb,192,GB
6659,865,cpu_socket,LGA1700,
6660,865,ram_type,DDR5,
6661,865,ram_socket,4,EA
6662,865,form_factor,M-ATX,
6663,865,chipset,B760,
6664,865,m2_slots,2,EA
6665,865,nvme_supported,Y,
6666,865,max_ram_capacity_gb,192,GB
6667,866,cpu_socket,LGA1700,
6668,866,ram_type,DDR5,
6669,866,ram_socket,2,EA
6670,866,form_factor,M-ATX,
6671,866,chipset,H610,
6672,866,m2_slots,1,EA
6673,866,nvme_supported,Y,
6674,866,max_ram_capacity_gb,96,GB
6675,867,cpu_socket,LGA1700,
6676,867,ram_type,DDR5,
6677,867,ram_socket,4,EA
6678,867,form_factor,M-ATX,
6679,867,chipset,B760,
6680,867,m2_slots,2,EA
6681,867,nvme_supported,Y,
6682,867,max_ram_capacity_gb,256,GB
6683,868,cpu_socket,LGA1700,
6684,868,ram_type,DDR4,
6685,868,ram_socket,2,EA
6686,868,form_factor,M-ATX,
6687,868,chipset,H610,
6688,868,m2_slots,1,EA
6689,868,nvme_supported,Y,
6690,868,max_ram_capacity_gb,64,GB
6691,869,cpu_socket,LGA1700,
6692,869,ram_type,DDR4,
6693,869,ram_socket,2,EA
6694,869,form_factor,M-ATX,
6695,869,chipset,H610,
6696,869,m2_slots,1,EA
6697,869,nvme_supported,Y,
6698,869,max_ram_capacity_gb,64,GB
6699,870,cpu_socket,LGA1700,
6700,870,ram_type,DDR5,
6701,870,ram_socket,4,EA
6702,870,form_factor,M-ATX,
6703,870,chipset,B660,
6704,870,m2_slots,2,EA
6705,870,nvme_supported,Y,
6706,870,max_ram_capacity_gb,128,GB
6707,871,cpu_socket,LGA1851,
6708,871,ram_type,DDR5,
6709,871,ram_socket,4,EA
6710,871,form_factor,M-ATX,
6711,871,chipset,B860,
6712,871,m2_slots,3,EA
6713,871,nvme_supported,Y,
6714,871,max_ram_capacity_gb,256,GB
6715,872,cpu_socket,LGA1851,
6716,872,ram_type,DDR5,
6717,872,ram_socket,4,EA
6718,872,form_factor,M-ATX,
6719,872,chipset,B860,
6720,872,m2_slots,3,EA
6721,872,nvme_supported,Y,
6722,872,max_ram_capacity_gb,256,GB
6723,873,cpu_socket,LGA1851,
6724,873,ram_type,DDR5,
6725,873,ram_socket,4,EA
6726,873,form_factor,ATX,
6727,873,chipset,Z890,
6728,873,m2_slots,4,EA
6729,873,nvme_supported,Y,
6730,873,max_ram_capacity_gb,256,GB
6731,874,cpu_socket,LGA1851,
6732,874,ram_type,DDR5,
6733,874,ram_socket,4,EA
6734,874,form_factor,ATX,
6735,874,chipset,B860,
6736,874,m2_slots,3,EA
6737,874,nvme_supported,Y,
6738,874,max_ram_capacity_gb,256,GB
6739,875,cpu_socket,LGA1851,
6740,875,ram_type,DDR5,
6741,875,ram_socket,4,EA
6742,875,form_factor,M-ATX,
6743,875,chipset,B860,
6744,875,m2_slots,3,EA
6745,875,nvme_supported,Y,
6746,875,max_ram_capacity_gb,256,GB
6747,876,cpu_socket,LGA1851,
6748,876,ram_type,DDR5,
6749,876,ram_socket,4,EA
6750,876,form_factor,ATX,
6751,876,chipset,Z890,
6752,876,m2_slots,4,EA
6753,876,nvme_supported,Y,
6754,876,max_ram_capacity_gb,256,GB
6755,877,cpu_socket,LGA1851,
6756,877,ram_type,DDR5,
6757,877,ram_socket,4,EA
6758,877,form_factor,ATX,
6759,877,chipset,Z890,
6760,877,m2_slots,4,EA
6761,877,nvme_supported,Y,
6762,877,max_ram_capacity_gb,256,GB
6763,878,cpu_socket,LGA1851,
6764,878,ram_type,DDR5,
6765,878,ram_socket,4,EA
6766,878,form_factor,ATX,
6767,878,chipset,Z890,
6768,878,m2_slots,5,EA
6769,878,nvme_supported,Y,
6770,878,max_ram_capacity_gb,256,GB
6771,879,cpu_socket,LGA1851,
6772,879,ram_type,DDR5,
6773,879,ram_socket,4,EA
6774,879,form_factor,M-ATX,
6775,879,chipset,B860,
6776,879,m2_slots,3,EA
6777,879,nvme_supported,Y,
6778,879,max_ram_capacity_gb,256,GB
6779,880,cpu_socket,LGA1851,
6780,880,ram_type,DDR5,
6781,880,ram_socket,2,EA
6782,880,form_factor,ATX,
6783,880,chipset,Z890,
6784,880,m2_slots,6,EA
6785,880,nvme_supported,Y,
6786,880,max_ram_capacity_gb,128,GB
6787,881,cpu_socket,LGA1851,
6788,881,ram_type,DDR5,
6789,881,ram_socket,2,EA
6790,881,form_factor,M-ATX,
6791,881,chipset,H810,
6792,881,m2_slots,1,EA
6793,881,nvme_supported,Y,
6794,881,max_ram_capacity_gb,128,GB
6795,882,cpu_socket,LGA1851,
6796,882,ram_type,DDR5,
6797,882,ram_socket,4,EA
6798,882,form_factor,ATX,
6799,882,chipset,Z890,
6800,882,m2_slots,5,EA
6801,882,nvme_supported,Y,
6802,882,max_ram_capacity_gb,256,GB
6803,883,cpu_socket,LGA1851,
6804,883,ram_type,DDR5,
6805,883,ram_socket,4,EA
6806,883,form_factor,ATX,
6807,883,chipset,Z890,
6808,883,m2_slots,5,EA
6809,883,nvme_supported,Y,
6810,883,max_ram_capacity_gb,256,GB
6811,884,cpu_socket,LGA1851,
6812,884,ram_type,DDR5,
6813,884,ram_socket,2,EA
6814,884,form_factor,M-ATX,
6815,884,m2_slots,1,EA
6816,884,nvme_supported,Y,
6817,884,max_ram_capacity_gb,128,GB
6818,885,cpu_socket,LGA1851,
6819,885,ram_type,DDR5,
6820,885,ram_socket,2,EA
6821,885,form_factor,M-ATX,
6822,885,chipset,H810,
6823,885,m2_slots,2,EA
6824,885,nvme_supported,Y,
6825,885,max_ram_capacity_gb,128,GB
6826,886,cpu_socket,LGA1851,
6827,886,ram_type,DDR5,
6828,886,ram_socket,4,EA
6829,886,form_factor,ATX,
6830,886,chipset,Z890,
6831,886,m2_slots,4,EA
6832,886,nvme_supported,Y,
6833,886,max_ram_capacity_gb,256,GB
6834,887,cpu_socket,AM4,
6835,887,ram_type,DDR4,
6836,887,ram_socket,4,EA
6837,887,form_factor,M-ATX,
6838,887,chipset,B550,
6839,887,m2_slots,2,EA
6840,887,nvme_supported,Y,
6841,887,max_ram_capacity_gb,128,GB
6842,888,cpu_socket,AM4,
6843,888,ram_type,DDR4,
6844,888,ram_socket,2,EA
6845,888,form_factor,M-ATX,
6846,888,chipset,A520,
6847,888,m2_slots,1,EA
6848,888,nvme_supported,Y,
6849,888,max_ram_capacity_gb,128,GB
6850,889,cpu_socket,AM4,
6851,889,ram_type,DDR4,
6852,889,ram_socket,4,EA
6853,889,form_factor,M-ATX,
6854,889,chipset,B550,
6855,889,m2_slots,2,EA
6856,889,nvme_supported,Y,
6857,889,max_ram_capacity_gb,128,GB
6858,890,cpu_socket,AM4,
6859,890,ram_type,DDR4,
6860,890,ram_socket,2,EA
6861,890,form_factor,M-ATX,
6862,890,chipset,A520,
6863,890,m2_slots,1,EA
6864,890,nvme_supported,Y,
6865,890,max_ram_capacity_gb,64,GB
6866,891,cpu_socket,AM4,
6867,891,ram_type,DDR4,
6868,891,ram_socket,4,EA
6869,891,form_factor,M-ATX,
6870,891,chipset,B550,
6871,891,m2_slots,2,EA
6872,891,nvme_supported,Y,
6873,891,max_ram_capacity_gb,128,GB
6874,892,cpu_socket,AM4,
6875,892,ram_type,DDR4,
6876,892,ram_socket,2,EA
6877,892,form_factor,M-ITX,
6878,892,chipset,A520,
6879,892,m2_slots,1,EA
6880,892,nvme_supported,Y,
6881,892,max_ram_capacity_gb,64,GB
6882,893,cpu_socket,AM4,
6883,893,ram_type,DDR4,
6884,893,ram_socket,4,EA
6885,893,form_factor,M-ATX,
6886,893,chipset,B550,
6887,893,m2_slots,2,EA
6888,893,nvme_supported,Y,
6889,893,max_ram_capacity_gb,128,GB
6890,894,cpu_socket,AM4,
6891,894,ram_type,DDR4,
6892,894,ram_socket,4,EA
6893,894,form_factor,M-ATX,
6894,894,chipset,B550,
6895,894,m2_slots,2,EA
6896,894,nvme_supported,Y,
6897,894,max_ram_capacity_gb,128,GB
6898,895,cpu_socket,AM4,
6899,895,ram_type,DDR4,
6900,895,ram_socket,2,EA
6901,895,form_factor,M-ATX,
6902,895,chipset,A520,
6903,895,m2_slots,1,EA
6904,895,nvme_supported,Y,
6905,895,max_ram_capacity_gb,64,GB
6906,896,cpu_socket,AM4,
6907,896,ram_type,DDR4,
6908,896,ram_socket,4,EA
6909,896,form_factor,M-ATX,
6910,896,chipset,B550,
6911,896,m2_slots,2,EA
6912,896,nvme_supported,Y,
6913,896,max_ram_capacity_gb,128,GB
6914,897,cpu_socket,AM4,
6915,897,ram_type,DDR4,
6916,897,ram_socket,4,EA
6917,897,form_factor,M-ATX,
6918,897,chipset,B450,
6919,897,m2_slots,2,EA
6920,897,nvme_supported,Y,
6921,897,max_ram_capacity_gb,128,GB
6922,898,cpu_socket,AM4,
6923,898,ram_type,DDR4,
6924,898,ram_socket,4,EA
6925,898,form_factor,M-ATX,
6926,898,chipset,B550,
6927,898,m2_slots,2,EA
6928,898,nvme_supported,Y,
6929,898,max_ram_capacity_gb,128,GB
6930,899,cpu_socket,AM4,
6931,899,ram_type,DDR4,
6932,899,ram_socket,4,EA
6933,899,form_factor,M-ATX,
6934,899,chipset,B550,
6935,899,m2_slots,2,EA
6936,899,nvme_supported,Y,
6937,899,max_ram_capacity_gb,128,GB
6938,900,cpu_socket,AM4,
6939,900,ram_type,DDR4,
6940,900,ram_socket,4,EA
6941,900,form_factor,M-ATX,
6942,900,chipset,B550,
6943,900,m2_slots,2,EA
6944,900,nvme_supported,Y,
6945,900,max_ram_capacity_gb,128,GB
6946,901,cpu_socket,AM4,
6947,901,ram_type,DDR4,
6948,901,ram_socket,4,EA
6949,901,form_factor,M-ATX,
6950,901,chipset,B550,
6951,901,m2_slots,2,EA
6952,901,nvme_supported,Y,
6953,901,max_ram_capacity_gb,128,GB
6954,902,cpu_socket,AM4,
6955,902,ram_type,DDR4,
6956,902,ram_socket,4,EA
6957,902,form_factor,M-ATX,
6958,902,chipset,B550,
6959,902,m2_slots,2,EA
6960,902,nvme_supported,Y,
6961,902,max_ram_capacity_gb,128,GB
6962,903,cpu_socket,AM4,
6963,903,ram_type,DDR4,
6964,903,ram_socket,4,EA
6965,903,form_factor,M-ATX,
6966,903,chipset,B550,
6967,903,m2_slots,2,EA
6968,903,nvme_supported,Y,
6969,903,max_ram_capacity_gb,128,GB
6970,904,cpu_socket,AM4,
6971,904,ram_type,DDR4,
6972,904,ram_socket,4,EA
6973,904,form_factor,ATX,
6974,904,chipset,B450,
6975,904,m2_slots,2,EA
6976,904,nvme_supported,Y,
6977,904,max_ram_capacity_gb,64,GB
6978,905,cpu_socket,AM4,
6979,905,ram_type,DDR4,
6980,905,ram_socket,2,EA
6981,905,form_factor,M-ATX,
6982,905,chipset,B450,
6983,905,m2_slots,1,EA
6984,905,nvme_supported,Y,
6985,905,max_ram_capacity_gb,64,GB
6986,906,cpu_socket,AM4,
6987,906,ram_type,DDR4,
6988,906,ram_socket,2,EA
6989,906,form_factor,M-ATX,
6990,906,chipset,A320,
6991,906,m2_slots,1,EA
6992,906,nvme_supported,Y,
6993,906,max_ram_capacity_gb,32,GB
6994,907,cpu_socket,AM4,
6995,907,ram_type,DDR4,
6996,907,ram_socket,2,EA
6997,907,form_factor,M-ATX,
6998,907,chipset,A520,
6999,907,m2_slots,1,EA
7000,907,nvme_supported,Y,
7001,907,max_ram_capacity_gb,64,GB
7002,908,cpu_socket,AM4,
7003,908,ram_type,DDR4,
7004,908,ram_socket,2,EA
7005,908,form_factor,M-ATX,
7006,908,chipset,A520,
7007,908,m2_slots,1,EA
7008,908,nvme_supported,Y,
7009,908,max_ram_capacity_gb,64,GB
7010,909,cpu_socket,AM4,
7011,909,ram_type,DDR4,
7012,909,ram_socket,2,EA
7013,909,form_factor,M-ATX,
7014,909,chipset,A520,
7015,909,m2_slots,1,EA
7016,909,nvme_supported,Y,
7017,909,max_ram_capacity_gb,64,GB
7018,910,cpu_socket,AM4,
7019,910,ram_type,DDR4,
7020,910,ram_socket,4,EA
7021,910,form_factor,M-ATX,
7022,910,chipset,B550,
7023,910,m2_slots,2,EA
7024,910,nvme_supported,Y,
7025,910,max_ram_capacity_gb,128,GB
7026,911,cpu_socket,AM5,
7027,911,ram_type,DDR5,
7028,911,ram_socket,4,EA
7029,911,form_factor,M-ATX,
7030,911,chipset,B650,
7031,911,m2_slots,3,EA
7032,911,nvme_supported,Y,
7033,911,max_ram_capacity_gb,256,GB
7034,912,cpu_socket,AM5,
7035,912,ram_type,DDR5,
7036,912,ram_socket,4,EA
7037,912,form_factor,M-ATX,
7038,912,chipset,B650,
7039,912,m2_slots,3,EA
7040,912,nvme_supported,Y,
7041,912,max_ram_capacity_gb,192,GB
7042,913,cpu_socket,AM5,
7043,913,ram_type,DDR5,
7044,913,ram_socket,4,EA
7045,913,form_factor,ATX,
7046,913,chipset,B850,
7047,913,m2_slots,4,EA
7048,913,nvme_supported,Y,
7049,913,max_ram_capacity_gb,256,GB
7050,914,cpu_socket,AM5,
7051,914,ram_type,DDR5,
7052,914,ram_socket,4,EA
7053,914,form_factor,M-ATX,
7054,914,chipset,B650,
7055,914,m2_slots,3,EA
7056,914,nvme_supported,Y,
7057,914,max_ram_capacity_gb,256,GB
7058,915,cpu_socket,AM5,
7059,915,ram_type,DDR5,
7060,915,ram_socket,4,EA
7061,915,form_factor,M-ATX,
7062,915,chipset,B650,
7063,915,m2_slots,3,EA
7064,915,nvme_supported,Y,
7065,915,max_ram_capacity_gb,256,GB
7066,916,cpu_socket,AM5,
7067,916,ram_type,DDR5,
7068,916,ram_socket,4,EA
7069,916,form_factor,ATX,
7070,916,chipset,B850,
7071,916,m2_slots,4,EA
7072,916,nvme_supported,Y,
7073,916,max_ram_capacity_gb,256,GB
7074,917,cpu_socket,AM5,
7075,917,ram_type,DDR5,
7076,917,ram_socket,4,EA
7077,917,form_factor,ATX,
7078,917,chipset,B850,
7079,917,m2_slots,4,EA
7080,917,nvme_supported,Y,
7081,917,max_ram_capacity_gb,256,GB
7082,918,cpu_socket,AM5,
7083,918,ram_type,DDR5,
7084,918,ram_socket,2,EA
7085,918,form_factor,M-ITX,
7086,918,chipset,A620A,
7087,918,m2_slots,2,EA
7088,918,nvme_supported,Y,
7089,918,max_ram_capacity_gb,128,GB
7090,919,cpu_socket,AM5,
7091,919,ram_type,DDR5,
7092,919,ram_socket,4,EA
7093,919,form_factor,M-ATX,
7094,919,chipset,B650,
7095,919,m2_slots,2,EA
7096,919,nvme_supported,Y,
7097,919,max_ram_capacity_gb,192,GB
7098,920,cpu_socket,AM5,
7099,920,ram_type,DDR5,
7100,920,ram_socket,4,EA
7101,920,form_factor,M-ATX,
7102,920,chipset,B650,
7103,920,m2_slots,3,EA
7104,920,nvme_supported,Y,
7105,920,max_ram_capacity_gb,256,GB
7106,921,cpu_socket,AM5,
7107,921,ram_type,DDR5,
7108,921,ram_socket,2,EA
7109,921,form_factor,M-ITX,
7110,921,chipset,B850,
7111,921,m2_slots,2,EA
7112,921,nvme_supported,Y,
7113,921,max_ram_capacity_gb,128,GB
7114,922,cpu_socket,AM5,
7115,922,ram_type,DDR5,
7116,922,ram_socket,4,EA
7117,922,form_factor,E-ATX,
7118,922,chipset,X870E,
7119,922,m2_slots,4,EA
7120,922,nvme_supported,Y,
7121,922,max_ram_capacity_gb,256,GB
7122,923,cpu_socket,AM5,
7123,923,ram_type,DDR5,
7124,923,ram_socket,4,EA
7125,923,form_factor,M-ATX,
7126,923,chipset,B850,
7127,923,m2_slots,3,EA
7128,923,nvme_supported,Y,
7129,923,max_ram_capacity_gb,256,GB
7130,924,cpu_socket,AM5,
7131,924,ram_type,DDR5,
7132,924,ram_socket,4,EA
7133,924,form_factor,ATX,
7134,924,chipset,B850,
7135,924,m2_slots,4,EA
7136,924,nvme_supported,Y,
7137,924,max_ram_capacity_gb,256,GB
7138,925,cpu_socket,AM5,
7139,925,ram_type,DDR5,
7140,925,ram_socket,4,EA
7141,925,form_factor,M-ATX,
7142,925,chipset,B850,
7143,925,m2_slots,3,EA
7144,925,nvme_supported,Y,
7145,925,max_ram_capacity_gb,256,GB
7146,926,cpu_socket,AM5,
7147,926,ram_type,DDR5,
7148,926,ram_socket,4,EA
7149,926,form_factor,E-ATX,
7150,926,chipset,X870E,
7151,926,m2_slots,4,EA
7152,926,nvme_supported,Y,
7153,926,max_ram_capacity_gb,256,GB
7154,927,cpu_socket,AM5,
7155,927,ram_type,DDR5,
7156,927,ram_socket,2,EA
7157,927,form_factor,M-ATX,
7158,927,chipset,B850,
7159,927,m2_slots,2,EA
7160,927,nvme_supported,Y,
7161,927,max_ram_capacity_gb,128,GB
7162,928,cpu_socket,AM5,
7163,928,ram_type,DDR5,
7164,928,ram_socket,4,EA
7165,928,form_factor,M-ATX,
7166,928,chipset,B650,
7167,928,m2_slots,3,EA
7168,928,nvme_supported,Y,
7169,928,max_ram_capacity_gb,192,GB
7170,929,cpu_socket,AM5,
7171,929,ram_type,DDR5,
7172,929,ram_socket,2,EA
7173,929,form_factor,M-ATX,
7174,929,chipset,B850,
7175,929,m2_slots,2,EA
7176,929,nvme_supported,Y,
7177,929,max_ram_capacity_gb,128,GB
7178,930,cpu_socket,AM5,
7179,930,ram_type,DDR5,
7180,930,ram_socket,4,EA
7181,930,form_factor,ATX,
7182,930,chipset,X870,
7183,930,m2_slots,3,EA
7184,930,nvme_supported,Y,
7185,930,max_ram_capacity_gb,256,GB
7186,931,cpu_socket,AM5,
7187,931,ram_type,DDR5,
7188,931,ram_socket,4,EA
7189,931,form_factor,ATX,
7190,931,chipset,X870E,
7191,931,m2_slots,5,EA
7192,931,nvme_supported,Y,
7193,931,max_ram_capacity_gb,256,GB
7194,932,cpu_socket,AM5,
7195,932,ram_type,DDR5,
7196,932,ram_socket,4,EA
7197,932,form_factor,M-ATX,
7198,932,chipset,B650,
7199,932,m2_slots,3,EA
7200,932,nvme_supported,Y,
7201,932,max_ram_capacity_gb,192,GB
7202,933,cpu_socket,AM5,
7203,933,ram_type,DDR5,
7204,933,ram_socket,4,EA
7205,933,form_factor,ATX,
7206,933,chipset,B650,
7207,933,m2_slots,3,EA
7208,933,nvme_supported,Y,
7209,933,max_ram_capacity_gb,256,GB
7210,934,cpu_socket,AM5,
7211,934,ram_type,DDR5,
7212,934,ram_socket,4,EA
7213,934,form_factor,M-ATX,
7214,934,chipset,B650,
7215,934,m2_slots,2,EA
7216,934,nvme_supported,Y,
7217,934,max_ram_capacity_gb,192,GB
7218,935,cpu_socket,AM5,
7219,935,ram_type,DDR5,
7220,935,ram_socket,2,EA
7221,935,form_factor,M-ATX,
7222,935,chipset,A620A,
7223,935,m2_slots,2,EA
7224,935,nvme_supported,Y,
7225,935,max_ram_capacity_gb,128,GB
7226,936,cpu_socket,AM5,
7227,936,ram_type,DDR5,
7228,936,ram_socket,4,EA
7229,936,form_factor,M-ATX,
7230,936,chipset,B850,
7231,936,m2_slots,2,EA
7232,936,nvme_supported,Y,
7233,936,max_ram_capacity_gb,256,GB
7234,937,cpu_socket,AM5,
7235,937,ram_type,DDR5,
7236,937,ram_socket,4,EA
7237,937,form_factor,M-ATX,
7238,937,chipset,B850,
7239,937,m2_slots,3,EA
7240,937,nvme_supported,Y,
7241,937,max_ram_capacity_gb,256,GB
7242,938,cpu_socket,AM5,
7243,938,ram_type,DDR5,
7244,938,ram_socket,4,EA
7245,938,form_factor,M-ATX,
7246,938,chipset,B850,
7247,938,m2_slots,3,EA
7248,938,nvme_supported,Y,
7249,938,max_ram_capacity_gb,256,GB
7250,939,cpu_socket,AM5,
7251,939,ram_type,DDR5,
7252,939,ram_socket,4,EA
7253,939,form_factor,M-ATX,
7254,939,chipset,B850,
7255,939,m2_slots,3,EA
7256,939,nvme_supported,Y,
7257,939,max_ram_capacity_gb,256,GB
7258,940,cpu_socket,AM5,
7259,940,ram_type,DDR5,
7260,940,ram_socket,2,EA
7261,940,form_factor,M-ITX,
7262,940,chipset,B850,
7263,940,m2_slots,2,EA
7264,940,nvme_supported,Y,
7265,940,max_ram_capacity_gb,128,GB
7266,941,cpu_socket,AM5,
7267,941,ram_type,DDR5,
7268,941,ram_socket,4,EA
7269,941,form_factor,ATX,
7270,941,chipset,B850,
7271,941,m2_slots,2,EA
7272,941,nvme_supported,Y,
7273,941,max_ram_capacity_gb,256,GB
7274,942,cpu_socket,AM5,
7275,942,ram_type,DDR5,
7276,942,ram_socket,4,EA
7277,942,form_factor,M-ATX,
7278,942,chipset,B850,
7279,942,m2_slots,3,EA
7280,942,nvme_supported,Y,
7281,942,max_ram_capacity_gb,256,GB
7282,943,cpu_socket,AM5,
7283,943,ram_type,DDR5,
7284,943,ram_socket,4,EA
7285,943,form_factor,M-ATX,
7286,943,chipset,B850,
7287,943,m2_slots,3,EA
7288,943,nvme_supported,Y,
7289,943,max_ram_capacity_gb,256,GB
7290,944,cpu_socket,AM5,
7291,944,ram_type,DDR5,
7292,944,ram_socket,2,EA
7293,944,form_factor,M-ATX,
7294,944,chipset,A620A,
7295,944,m2_slots,2,EA
7296,944,nvme_supported,Y,
7297,944,max_ram_capacity_gb,128,GB
7298,945,cpu_socket,AM5,
7299,945,ram_type,DDR5,
7300,945,ram_socket,4,EA
7301,945,form_factor,ATX,
7302,945,chipset,B850,
7303,945,m2_slots,4,EA
7304,945,nvme_supported,Y,
7305,945,max_ram_capacity_gb,256,GB
7306,946,cpu_socket,AM5,
7307,946,ram_type,DDR5,
7308,946,ram_socket,2,EA
7309,946,form_factor,M-ATX,
7310,946,chipset,B850,
7311,946,m2_slots,2,EA
7312,946,nvme_supported,Y,
7313,946,max_ram_capacity_gb,128,GB
7314,947,cpu_socket,AM5,
7315,947,ram_type,DDR5,
7316,947,ram_socket,4,EA
7317,947,form_factor,ATX,
7318,947,chipset,B850,
7319,947,m2_slots,4,EA
7320,947,nvme_supported,Y,
7321,947,max_ram_capacity_gb,256,GB
7322,948,cpu_socket,AM5,
7323,948,ram_type,DDR5,
7324,948,ram_socket,4,EA
7325,948,form_factor,E-ATX,
7326,948,chipset,X870E,
7327,948,m2_slots,4,EA
7328,948,nvme_supported,Y,
7329,948,max_ram_capacity_gb,256,GB
7330,949,cpu_socket,AM5,
7331,949,ram_type,DDR5,
7332,949,ram_socket,2,EA
7333,949,form_factor,M-ATX,
7334,949,chipset,B850,
7335,949,m2_slots,2,EA
7336,949,nvme_supported,Y,
7337,949,max_ram_capacity_gb,128,GB
7338,950,cpu_socket,AM5,
7339,950,ram_type,DDR5,
7340,950,ram_socket,4,EA
7341,950,form_factor,ATX,
7342,950,chipset,X870,
7343,950,m2_slots,3,EA
7344,950,nvme_supported,Y,
7345,950,max_ram_capacity_gb,256,GB
7346,951,cpu_socket,AM5,
7347,951,ram_type,DDR5,
7348,951,ram_socket,4,EA
7349,951,form_factor,M-ATX,
7350,951,chipset,B650,
7351,951,m2_slots,3,EA
7352,951,nvme_supported,Y,
7353,951,max_ram_capacity_gb,256,GB
7354,952,cpu_socket,AM5,
7355,952,ram_type,DDR5,
7356,952,ram_socket,4,EA
7357,952,form_factor,M-ATX,
7358,952,chipset,B850,
7359,952,m2_slots,3,EA
7360,952,nvme_supported,Y,
7361,952,max_ram_capacity_gb,256,GB
7362,953,cpu_socket,AM5,
7363,953,ram_type,DDR5,
7364,953,ram_socket,4,EA
7365,953,form_factor,M-ATX,
7366,953,chipset,B850,
7367,953,m2_slots,3,EA
7368,953,nvme_supported,Y,
7369,953,max_ram_capacity_gb,256,GB
7370,954,cpu_socket,AM5,
7371,954,ram_type,DDR5,
7372,954,ram_socket,4,EA
7373,954,form_factor,ATX,
7374,954,chipset,B850,
7375,954,m2_slots,4,EA
7376,954,nvme_supported,Y,
7377,954,max_ram_capacity_gb,256,GB
7378,955,cpu_socket,AM5,
7379,955,ram_type,DDR5,
7380,955,ram_socket,4,EA
7381,955,form_factor,M-ATX,
7382,955,chipset,B650,
7383,955,m2_slots,3,EA
7384,955,nvme_supported,Y,
7385,955,max_ram_capacity_gb,256,GB
7386,956,cpu_socket,AM5,
7387,956,ram_type,DDR5,
7388,956,ram_socket,4,EA
7389,956,form_factor,M-ATX,
7390,956,chipset,B650,
7391,956,m2_slots,3,EA
7392,956,nvme_supported,Y,
7393,956,max_ram_capacity_gb,256,GB
7394,957,cpu_socket,AM5,
7395,957,ram_type,DDR5,
7396,957,ram_socket,4,EA
7397,957,form_factor,ATX,
7398,957,chipset,B850,
7399,957,m2_slots,2,EA
7400,957,nvme_supported,Y,
7401,957,max_ram_capacity_gb,256,GB
7402,958,cpu_socket,AM5,
7403,958,ram_type,DDR5,
7404,958,ram_socket,4,EA
7405,958,form_factor,M-ATX,
7406,958,chipset,B850,
7407,958,m2_slots,3,EA
7408,958,nvme_supported,Y,
7409,958,max_ram_capacity_gb,256,GB
7410,959,cpu_socket,AM5,
7411,959,ram_type,DDR5,
7412,959,ram_socket,2,EA
7413,959,form_factor,M-ATX,
7414,959,chipset,B850,
7415,959,m2_slots,2,EA
7416,959,nvme_supported,Y,
7417,959,max_ram_capacity_gb,128,GB
7418,960,cpu_socket,AM5,
7419,960,ram_type,DDR5,
7420,960,ram_socket,2,EA
7421,960,form_factor,M-ATX,
7422,960,chipset,B850,
7423,960,m2_slots,2,EA
7424,960,nvme_supported,Y,
7425,960,max_ram_capacity_gb,128,GB
7426,961,cpu_socket,AM5,
7427,961,ram_type,DDR5,
7428,961,ram_socket,4,EA
7429,961,form_factor,M-ATX,
7430,961,chipset,B850,
7431,961,m2_slots,3,EA
7432,961,nvme_supported,Y,
7433,961,max_ram_capacity_gb,256,GB
7434,962,cpu_socket,AM5,
7435,962,ram_type,DDR5,
7436,962,ram_socket,4,EA
7437,962,form_factor,ATX,
7438,962,chipset,X870,
7439,962,m2_slots,3,EA
7440,962,nvme_supported,Y,
7441,962,max_ram_capacity_gb,256,GB
7442,963,cpu_socket,AM5,
7443,963,ram_type,DDR5,
7444,963,ram_socket,4,EA
7445,963,form_factor,M-ATX,
7446,963,chipset,B850,
7447,963,m2_slots,2,EA
7448,963,nvme_supported,Y,
7449,963,max_ram_capacity_gb,256,GB
7450,964,cpu_socket,AM5,
7451,964,ram_type,DDR5,
7452,964,ram_socket,4,EA
7453,964,form_factor,M-ATX,
7454,964,chipset,B650,
7455,964,m2_slots,3,EA
7456,964,nvme_supported,Y,
7457,964,max_ram_capacity_gb,192,GB
7458,965,cpu_socket,AM5,
7459,965,ram_type,DDR5,
7460,965,ram_socket,4,EA
7461,965,form_factor,ATX,
7462,965,chipset,X870E,
7463,965,m2_slots,5,EA
7464,965,nvme_supported,Y,
7465,965,max_ram_capacity_gb,256,GB
7466,966,cpu_socket,AM5,
7467,966,ram_type,DDR5,
7468,966,ram_socket,4,EA
7469,966,form_factor,ATX,
7470,966,chipset,X870,
7471,966,m2_slots,3,EA
7472,966,nvme_supported,Y,
7473,966,max_ram_capacity_gb,256,GB
7474,967,cpu_socket,AM5,
7475,967,ram_type,DDR5,
7476,967,ram_socket,4,EA
7477,967,form_factor,ATX,
7478,967,chipset,B850,
7479,967,m2_slots,4,EA
7480,967,nvme_supported,Y,
7481,967,max_ram_capacity_gb,256,GB
7482,968,cpu_socket,AM5,
7483,968,ram_type,DDR5,
7484,968,ram_socket,4,EA
7485,968,form_factor,M-ATX,
7486,968,chipset,B650,
7487,968,m2_slots,3,EA
7488,968,nvme_supported,Y,
7489,968,max_ram_capacity_gb,192,GB
7490,969,cpu_socket,AM5,
7491,969,ram_type,DDR5,
7492,969,ram_socket,4,EA
7493,969,form_factor,ATX,
7494,969,chipset,B850,
7495,969,m2_slots,2,EA
7496,969,nvme_supported,Y,
7497,969,max_ram_capacity_gb,256,GB
7498,970,cpu_socket,AM5,
7499,970,ram_type,DDR5,
7500,970,ram_socket,2,EA
7501,970,form_factor,M-ATX,
7502,970,chipset,A620A,
7503,970,m2_slots,2,EA
7504,970,nvme_supported,Y,
7505,970,max_ram_capacity_gb,128,GB
7506,971,cpu_socket,AM5,
7507,971,ram_type,DDR5,
7508,971,ram_socket,4,EA
7509,971,form_factor,ATX,
7510,971,chipset,B850,
7511,971,m2_slots,2,EA
7512,971,nvme_supported,Y,
7513,971,max_ram_capacity_gb,256,GB
7514,972,cpu_socket,AM5,
7515,972,ram_type,DDR5,
7516,972,ram_socket,4,EA
7517,972,form_factor,M-ATX,
7518,972,chipset,B850,
7519,972,m2_slots,3,EA
7520,972,nvme_supported,Y,
7521,972,max_ram_capacity_gb,256,GB
7522,973,cpu_socket,AM5,
7523,973,ram_type,DDR5,
7524,973,ram_socket,2,EA
7525,973,form_factor,M-ATX,
7526,973,chipset,B850,
7527,973,m2_slots,2,EA
7528,973,nvme_supported,Y,
7529,973,max_ram_capacity_gb,128,GB
7530,974,cpu_socket,AM5,
7531,974,ram_type,DDR5,
7532,974,ram_socket,4,EA
7533,974,form_factor,ATX,
7534,974,chipset,B650,
7535,974,m2_slots,3,EA
7536,974,nvme_supported,Y,
7537,974,max_ram_capacity_gb,256,GB
7538,975,cpu_socket,AM5,
7539,975,ram_type,DDR5,
7540,975,ram_socket,4,EA
7541,975,form_factor,ATX,
7542,975,chipset,B850,
7543,975,m2_slots,4,EA
7544,975,nvme_supported,Y,
7545,975,max_ram_capacity_gb,256,GB
7546,976,cpu_socket,AM5,
7547,976,ram_type,DDR5,
7548,976,ram_socket,4,EA
7549,976,form_factor,M-ATX,
7550,976,chipset,B850,
7551,976,m2_slots,3,EA
7552,976,nvme_supported,Y,
7553,976,max_ram_capacity_gb,256,GB
7554,977,cpu_socket,AM5,
7555,977,ram_type,DDR5,
7556,977,ram_socket,4,EA
7557,977,form_factor,ATX,
7558,977,chipset,B850,
7559,977,m2_slots,2,EA
7560,977,nvme_supported,Y,
7561,977,max_ram_capacity_gb,256,GB
7562,978,cpu_socket,AM5,
7563,978,ram_type,DDR5,
7564,978,ram_socket,4,EA
7565,978,form_factor,M-ATX,
7566,978,chipset,B850,
7567,978,m2_slots,3,EA
7568,978,nvme_supported,Y,
7569,978,max_ram_capacity_gb,256,GB
7570,979,cpu_socket,AM5,
7571,979,ram_type,DDR5,
7572,979,ram_socket,4,EA
7573,979,form_factor,ATX,
7574,979,chipset,X870,
7575,979,m2_slots,4,EA
7576,979,nvme_supported,Y,
7577,979,max_ram_capacity_gb,256,GB
7578,980,cpu_socket,AM5,
7579,980,ram_type,DDR5,
7580,980,ram_socket,4,EA
7581,980,form_factor,M-ATX,
7582,980,chipset,B850,
7583,980,m2_slots,3,EA
7584,980,nvme_supported,Y,
7585,980,max_ram_capacity_gb,256,GB
7586,981,cpu_socket,AM5,
7587,981,ram_type,DDR5,
7588,981,ram_socket,4,EA
7589,981,form_factor,ATX,
7590,981,chipset,X870E,
7591,981,m2_slots,5,EA
7592,981,nvme_supported,Y,
7593,981,max_ram_capacity_gb,256,GB
7594,982,cpu_socket,AM5,
7595,982,ram_type,DDR5,
7596,982,ram_socket,4,EA
7597,982,form_factor,ATX,
7598,982,chipset,B850,
7599,982,m2_slots,2,EA
7600,982,nvme_supported,Y,
7601,982,max_ram_capacity_gb,256,GB
7602,983,cpu_socket,AM5,
7603,983,ram_type,DDR5,
7604,983,ram_socket,4,EA
7605,983,form_factor,ATX,
7606,983,chipset,B850,
7607,983,m2_slots,4,EA
7608,983,nvme_supported,Y,
7609,983,max_ram_capacity_gb,256,GB
7610,984,cpu_socket,AM5,
7611,984,ram_type,DDR5,
7612,984,ram_socket,4,EA
7613,984,form_factor,M-ATX,
7614,984,chipset,B850,
7615,984,m2_slots,3,EA
7616,984,nvme_supported,Y,
7617,984,max_ram_capacity_gb,256,GB
7618,985,cpu_socket,AM5,
7619,985,ram_type,DDR5,
7620,985,ram_socket,4,EA
7621,985,form_factor,M-ATX,
7622,985,chipset,B850,
7623,985,m2_slots,2,EA
7624,985,nvme_supported,Y,
7625,985,max_ram_capacity_gb,256,GB
7626,986,cpu_socket,AM5,
7627,986,ram_type,DDR5,
7628,986,ram_socket,4,EA
7629,986,form_factor,ATX,
7630,986,chipset,B850,
7631,986,m2_slots,4,EA
7632,986,nvme_supported,Y,
7633,986,max_ram_capacity_gb,256,GB
7634,987,cpu_socket,AM5,
7635,987,ram_type,DDR5,
7636,987,ram_socket,4,EA
7637,987,form_factor,ATX,
7638,987,chipset,B850,
7639,987,m2_slots,4,EA
7640,987,nvme_supported,Y,
7641,987,max_ram_capacity_gb,256,GB
7642,988,cpu_socket,AM5,
7643,988,ram_type,DDR5,
7644,988,ram_socket,4,EA
7645,988,form_factor,M-ATX,
7646,988,chipset,B650,
7647,988,m2_slots,2,EA
7648,988,nvme_supported,Y,
7649,988,max_ram_capacity_gb,192,GB
7650,989,cpu_socket,AM5,
7651,989,ram_type,DDR5,
7652,989,ram_socket,4,EA
7653,989,form_factor,M-ATX,
7654,989,chipset,B850,
7655,989,m2_slots,3,EA
7656,989,nvme_supported,Y,
7657,989,max_ram_capacity_gb,256,GB
7658,990,cpu_socket,AM5,
7659,990,ram_type,DDR5,
7660,990,ram_socket,4,EA
7661,990,form_factor,ATX,
7662,990,chipset,X870,
7663,990,m2_slots,3,EA
7664,990,nvme_supported,Y,
7665,990,max_ram_capacity_gb,256,GB
7666,991,cpu_socket,AM5,
7667,991,ram_type,DDR5,
7668,991,ram_socket,2,EA
7669,991,form_factor,M-ATX,
7670,991,chipset,B650,
7671,991,m2_slots,2,EA
7672,991,nvme_supported,Y,
7673,991,max_ram_capacity_gb,96,GB
7674,992,cpu_socket,AM5,
7675,992,ram_type,DDR5,
7676,992,ram_socket,4,EA
7677,992,form_factor,ATX,
7678,992,chipset,B850,
7679,992,m2_slots,2,EA
7680,992,nvme_supported,Y,
7681,992,max_ram_capacity_gb,256,GB
7682,993,cpu_socket,AM5,
7683,993,ram_type,DDR5,
7684,993,ram_socket,4,EA
7685,993,form_factor,M-ATX,
7686,993,chipset,B850,
7687,993,m2_slots,3,EA
7688,993,nvme_supported,Y,
7689,993,max_ram_capacity_gb,256,GB
7690,994,cpu_socket,AM5,
7691,994,ram_type,DDR5,
7692,994,ram_socket,4,EA
7693,994,form_factor,ATX,
7694,994,chipset,X870,
7695,994,m2_slots,3,EA
7696,994,nvme_supported,Y,
7697,994,max_ram_capacity_gb,256,GB
7698,995,cpu_socket,AM5,
7699,995,ram_type,DDR5,
7700,995,ram_socket,4,EA
7701,995,form_factor,ATX,
7702,995,chipset,B850,
7703,995,m2_slots,3,EA
7704,995,nvme_supported,Y,
7705,995,max_ram_capacity_gb,256,GB
7706,996,cpu_socket,AM5,
7707,996,ram_type,DDR5,
7708,996,ram_socket,4,EA
7709,996,form_factor,ATX,
7710,996,chipset,X870,
7711,996,m2_slots,3,EA
7712,996,nvme_supported,Y,
7713,996,max_ram_capacity_gb,256,GB
7714,997,cpu_socket,AM5,
7715,997,ram_type,DDR5,
7716,997,ram_socket,4,EA
7717,997,form_factor,ATX,
7718,997,chipset,X870,
7719,997,m2_slots,3,EA
7720,997,nvme_supported,Y,
7721,997,max_ram_capacity_gb,256,GB
7722,998,cpu_socket,AM5,
7723,998,ram_type,DDR5,
7724,998,ram_socket,4,EA
7725,998,form_factor,ATX,
7726,998,chipset,X870,
7727,998,m2_slots,3,EA
7728,998,nvme_supported,Y,
7729,998,max_ram_capacity_gb,256,GB
7730,999,cpu_socket,AM5,
7731,999,ram_type,DDR5,
7732,999,ram_socket,4,EA
7733,999,form_factor,M-ATX,
7734,999,chipset,B650,
7735,999,m2_slots,2,EA
7736,999,nvme_supported,Y,
7737,999,max_ram_capacity_gb,192,GB
7738,1000,cpu_socket,AM5,
7739,1000,ram_type,DDR5,
7740,1000,ram_socket,4,EA
7741,1000,form_factor,ATX,
7742,1000,chipset,B650,
7743,1000,m2_slots,3,EA
7744,1000,nvme_supported,Y,
7745,1000,max_ram_capacity_gb,192,GB
7746,1001,cpu_socket,AM5,
7747,1001,ram_type,DDR5,
7748,1001,ram_socket,4,EA
7749,1001,form_factor,M-ATX,
7750,1001,chipset,B650,
7751,1001,m2_slots,3,EA
7752,1001,nvme_supported,Y,
7753,1001,max_ram_capacity_gb,256,GB
7754,1002,cpu_socket,AM5,
7755,1002,ram_type,DDR5,
7756,1002,ram_socket,4,EA
7757,1002,form_factor,E-ATX,
7758,1002,chipset,X870E,
7759,1002,m2_slots,4,EA
7760,1002,nvme_supported,Y,
7761,1002,max_ram_capacity_gb,256,GB
7762,1003,cpu_socket,AM5,
7763,1003,ram_type,DDR5,
7764,1003,ram_socket,4,EA
7765,1003,form_factor,ATX,
7766,1003,chipset,X870,
7767,1003,m2_slots,3,EA
7768,1003,nvme_supported,Y,
7769,1003,max_ram_capacity_gb,256,GB
7770,1004,cpu_socket,AM5,
7771,1004,ram_type,DDR5,
7772,1004,ram_socket,4,EA
7773,1004,form_factor,M-ATX,
7774,1004,chipset,B650,
7775,1004,m2_slots,3,EA
7776,1004,nvme_supported,Y,
7777,1004,max_ram_capacity_gb,256,GB
7778,1005,cpu_socket,AM5,
7779,1005,ram_type,DDR5,
7780,1005,ram_socket,4,EA
7781,1005,form_factor,ATX,
7782,1005,chipset,X870,
7783,1005,m2_slots,3,EA
7784,1005,nvme_supported,Y,
7785,1005,max_ram_capacity_gb,256,GB
7786,1006,cpu_socket,AM5,
7787,1006,ram_type,DDR5,
7788,1006,ram_socket,4,EA
7789,1006,form_factor,ATX,
7790,1006,chipset,B650,
7791,1006,m2_slots,3,EA
7792,1006,nvme_supported,Y,
7793,1006,max_ram_capacity_gb,128,GB
7794,1007,cpu_socket,AM5,
7795,1007,ram_type,DDR5,
7796,1007,ram_socket,4,EA
7797,1007,form_factor,ATX,
7798,1007,chipset,B650E,
7799,1007,m2_slots,3,EA
7800,1007,nvme_supported,Y,
7801,1007,max_ram_capacity_gb,192,GB
7802,1008,cpu_socket,AM5,
7803,1008,ram_type,DDR5,
7804,1008,ram_socket,4,EA
7805,1008,form_factor,M-ATX,
7806,1008,chipset,B650,
7807,1008,m2_slots,3,EA
7808,1008,nvme_supported,Y,
7809,1008,max_ram_capacity_gb,192,GB
7810,1009,cpu_socket,AM5,
7811,1009,ram_type,DDR5,
7812,1009,ram_socket,4,EA
7813,1009,form_factor,ATX,
7814,1009,chipset,B650,
7815,1009,m2_slots,3,EA
7816,1009,nvme_supported,Y,
7817,1009,max_ram_capacity_gb,128,GB
7818,1010,cpu_socket,AM5,
7819,1010,ram_type,DDR5,
7820,1010,ram_socket,4,EA
7821,1010,form_factor,M-ATX,
7822,1010,chipset,B650,
7823,1010,m2_slots,3,EA
7824,1010,nvme_supported,Y,
7825,1010,max_ram_capacity_gb,192,GB
7826,1011,cpu_socket,AM5,
7827,1011,ram_type,DDR5,
7828,1011,ram_socket,4,EA
7829,1011,form_factor,ATX,
7830,1011,chipset,B650E,
7831,1011,m2_slots,3,EA
7832,1011,nvme_supported,Y,
7833,1011,max_ram_capacity_gb,192,GB
7834,1012,cpu_socket,AM5,
7835,1012,ram_type,DDR5,
7836,1012,ram_socket,4,EA
7837,1012,form_factor,ATX,
7838,1012,chipset,B650,
7839,1012,m2_slots,3,EA
7840,1012,nvme_supported,Y,
7841,1012,max_ram_capacity_gb,192,GB
7842,1013,cpu_socket,AM5,
7843,1013,ram_type,DDR5,
7844,1013,ram_socket,4,EA
7845,1013,form_factor,M-ATX,
7846,1013,chipset,B850,
7847,1013,m2_slots,3,EA
7848,1013,nvme_supported,Y,
7849,1013,max_ram_capacity_gb,256,GB
7850,1014,cpu_socket,AM5,
7851,1014,ram_type,DDR5,
7852,1014,ram_socket,4,EA
7853,1014,form_factor,M-ATX,
7854,1014,chipset,B650,
7855,1014,m2_slots,3,EA
7856,1014,nvme_supported,Y,
7857,1014,max_ram_capacity_gb,256,GB
7858,1015,cpu_socket,AM5,
7859,1015,ram_type,DDR5,
7860,1015,ram_socket,2,EA
7861,1015,form_factor,M-ATX,
7862,1015,chipset,A620A,
7863,1015,m2_slots,2,EA
7864,1015,nvme_supported,Y,
7865,1015,max_ram_capacity_gb,128,GB
7866,1016,cpu_socket,AM5,
7867,1016,ram_type,DDR5,
7868,1016,ram_socket,4,EA
7869,1016,form_factor,M-ATX,
7870,1016,chipset,B650,
7871,1016,m2_slots,3,EA
7872,1016,nvme_supported,Y,
7873,1016,max_ram_capacity_gb,256,GB
7874,1017,cpu_socket,LGA1200,
7875,1017,ram_type,DDR4,
7876,1017,ram_socket,4,EA
7877,1017,form_factor,M-ATX,
7878,1017,chipset,B560,
7879,1017,m2_slots,3,EA
7880,1017,nvme_supported,Y,
7881,1017,max_ram_capacity_gb,128,GB
7882,1018,cpu_socket,LGA1200,
7883,1018,ram_type,DDR4,
7884,1018,ram_socket,4,EA
7885,1018,form_factor,ATX,
7886,1018,chipset,B560,
7887,1018,m2_slots,3,EA
7888,1018,nvme_supported,Y,
7889,1018,max_ram_capacity_gb,128,GB
7890,1019,cpu_socket,LGA1200,
7891,1019,ram_type,DDR4,
7892,1019,ram_socket,2,EA
7893,1019,form_factor,M-ATX,
7894,1019,chipset,B560,
7895,1019,m2_slots,1,EA
7896,1019,nvme_supported,Y,
7897,1019,max_ram_capacity_gb,64,GB
7898,1020,cpu_socket,LGA1200,
7899,1020,ram_type,DDR4,
7900,1020,ram_socket,2,EA
7901,1020,form_factor,M-ATX,
7902,1020,chipset,H470,
7903,1020,m2_slots,1,EA
7904,1020,nvme_supported,Y,
7905,1020,max_ram_capacity_gb,64,GB
7906,1021,cpu_socket,LGA1700,
7907,1021,ram_type,DDR4,
7908,1021,ram_socket,2,EA
7909,1021,form_factor,M-ATX,
7910,1021,chipset,H610,
7911,1021,m2_slots,1,EA
7912,1021,nvme_supported,Y,
7913,1021,max_ram_capacity_gb,64,GB
7914,1022,cpu_socket,LGA1700,
7915,1022,ram_type,DDR4,
7916,1022,ram_socket,4,EA
7917,1022,form_factor,M-ATX,
7918,1022,chipset,B760,
7919,1022,m2_slots,2,EA
7920,1022,nvme_supported,Y,
7921,1022,max_ram_capacity_gb,128,GB
7922,1023,cpu_socket,LGA1700,
7923,1023,ram_type,DDR4,
7924,1023,ram_socket,2,EA
7925,1023,form_factor,M-ATX,
7926,1023,chipset,H610,
7927,1023,m2_slots,1,EA
7928,1023,nvme_supported,Y,
7929,1023,max_ram_capacity_gb,64,GB
7930,1024,cpu_socket,LGA1700,
7931,1024,ram_type,DDR4,
7932,1024,ram_socket,2,EA
7933,1024,form_factor,M-ATX,
7934,1024,chipset,H610,
7935,1024,m2_slots,1,EA
7936,1024,nvme_supported,Y,
7937,1024,max_ram_capacity_gb,64,GB
7938,1025,cpu_socket,LGA1700,
7939,1025,ram_type,DDR4,
7940,1025,ram_socket,4,EA
7941,1025,form_factor,M-ATX,
7942,1025,chipset,B760,
7943,1025,m2_slots,2,EA
7944,1025,nvme_supported,Y,
7945,1025,max_ram_capacity_gb,128,GB
7946,1026,cpu_socket,LGA1700,
7947,1026,ram_type,DDR5,
7948,1026,ram_socket,4,EA
7949,1026,form_factor,M-ATX,
7950,1026,chipset,B760,
7951,1026,m2_slots,3,EA
7952,1026,nvme_supported,Y,
7953,1026,max_ram_capacity_gb,192,GB
7954,1027,cpu_socket,LGA1700,
7955,1027,ram_type,DDR4,
7956,1027,ram_socket,2,EA
7957,1027,form_factor,M-ATX,
7958,1027,chipset,H610,
7959,1027,m2_slots,1,EA
7960,1027,nvme_supported,Y,
7961,1027,max_ram_capacity_gb,64,GB
7962,1028,cpu_socket,LGA1700,
7963,1028,ram_type,DDR4,
7964,1028,ram_socket,2,EA
7965,1028,form_factor,M-ATX,
7966,1028,chipset,H610,
7967,1028,m2_slots,1,EA
7968,1028,nvme_supported,Y,
7969,1028,max_ram_capacity_gb,64,GB
7970,1029,cpu_socket,LGA1700,
7971,1029,ram_type,DDR5,
7972,1029,ram_socket,2,EA
7973,1029,form_factor,M-ATX,
7974,1029,chipset,H610,
7975,1029,m2_slots,1,EA
7976,1029,nvme_supported,Y,
7977,1029,max_ram_capacity_gb,96,GB
7978,1030,cpu_socket,LGA1700,
7979,1030,ram_type,DDR5,
7980,1030,ram_socket,2,EA
7981,1030,form_factor,M-ATX,
7982,1030,chipset,B760,
7983,1030,m2_slots,2,EA
7984,1030,nvme_supported,Y,
7985,1030,max_ram_capacity_gb,96,GB
7986,1031,cpu_socket,LGA1700,
7987,1031,ram_type,DDR5,
7988,1031,ram_socket,2,EA
7989,1031,form_factor,M-ATX,
7990,1031,chipset,H610,
7991,1031,m2_slots,1,EA
7992,1031,nvme_supported,Y,
7993,1031,max_ram_capacity_gb,96,GB
7994,1032,cpu_socket,LGA1700,
7995,1032,ram_type,DDR4,
7996,1032,ram_socket,2,EA
7997,1032,form_factor,M-ITX,
7998,1032,chipset,H610,
7999,1032,m2_slots,2,EA
8000,1032,nvme_supported,Y,
8001,1032,max_ram_capacity_gb,64,GB
8002,1033,cpu_socket,LGA1700,
8003,1033,ram_type,DDR4,
8004,1033,ram_socket,2,EA
8005,1033,form_factor,M-ATX,
8006,1033,chipset,H610,
8007,1033,m2_slots,1,EA
8008,1033,nvme_supported,Y,
8009,1033,max_ram_capacity_gb,64,GB
8010,1034,cpu_socket,LGA1700,
8011,1034,ram_type,DDR5,
8012,1034,ram_socket,4,EA
8013,1034,form_factor,M-ATX,
8014,1034,chipset,B760,
8015,1034,m2_slots,3,EA
8016,1034,nvme_supported,Y,
8017,1034,max_ram_capacity_gb,128,GB
8018,1035,cpu_socket,LGA1700,
8019,1035,ram_type,DDR5,
8020,1035,ram_socket,2,EA
8021,1035,form_factor,M-ATX,
8022,1035,chipset,H610,
8023,1035,m2_slots,1,EA
8024,1035,nvme_supported,Y,
8025,1035,max_ram_capacity_gb,128,GB
8026,1036,cpu_socket,LGA1700,
8027,1036,ram_type,DDR5,
8028,1036,ram_socket,2,EA
8029,1036,form_factor,M-ATX,
8030,1036,chipset,B760,
8031,1036,m2_slots,2,EA
8032,1036,nvme_supported,Y,
8033,1036,max_ram_capacity_gb,128,GB
8034,1037,cpu_socket,LGA1700,
8035,1037,ram_type,DDR5,
8036,1037,ram_socket,4,EA
8037,1037,form_factor,M-ATX,
8038,1037,chipset,B760,
8039,1037,m2_slots,3,EA
8040,1037,nvme_supported,Y,
8041,1037,max_ram_capacity_gb,256,GB
8042,1038,cpu_socket,LGA1700,
8043,1038,ram_type,DDR4,
8044,1038,ram_socket,4,EA
8045,1038,form_factor,M-ATX,
8046,1038,chipset,B660,
8047,1038,m2_slots,2,EA
8048,1038,nvme_supported,Y,
8049,1038,max_ram_capacity_gb,128,GB
8050,1039,cpu_socket,LGA1700,
8051,1039,ram_type,DDR5,
8052,1039,ram_socket,2,EA
8053,1039,form_factor,M-ATX,
8054,1039,chipset,H610,
8055,1039,m2_slots,1,EA
8056,1039,nvme_supported,Y,
8057,1039,max_ram_capacity_gb,96,GB
8058,1040,cpu_socket,LGA1700,
8059,1040,ram_type,DDR5,
8060,1040,ram_socket,2,EA
8061,1040,form_factor,M-ATX,
8062,1040,chipset,H610,
8063,1040,m2_slots,1,EA
8064,1040,nvme_supported,Y,
8065,1040,max_ram_capacity_gb,96,GB
8066,1041,cpu_socket,LGA1700,
8067,1041,ram_type,DDR5,
8068,1041,ram_socket,2,EA
8069,1041,form_factor,M-ATX,
8070,1041,chipset,H610,
8071,1041,m2_slots,1,EA
8072,1041,nvme_supported,Y,
8073,1041,max_ram_capacity_gb,96,GB
8074,1042,cpu_socket,LGA1700,
8075,1042,ram_type,DDR5,
8076,1042,ram_socket,2,EA
8077,1042,form_factor,M-ATX,
8078,1042,chipset,H610,
8079,1042,m2_slots,1,EA
8080,1042,nvme_supported,Y,
8081,1042,max_ram_capacity_gb,96,GB
8082,1043,cpu_socket,LGA1700,
8083,1043,ram_type,DDR5,
8084,1043,ram_socket,2,EA
8085,1043,form_factor,M-ATX,
8086,1043,chipset,H610,
8087,1043,m2_slots,1,EA
8088,1043,nvme_supported,Y,
8089,1043,max_ram_capacity_gb,96,GB
8090,1044,cpu_socket,LGA1700,
8091,1044,ram_type,DDR5,
8092,1044,ram_socket,4,EA
8093,1044,form_factor,M-ATX,
8094,1044,chipset,B760,
8095,1044,m2_slots,3,EA
8096,1044,nvme_supported,Y,
8097,1044,max_ram_capacity_gb,192,GB
8098,1045,cpu_socket,LGA1700,
8099,1045,ram_type,DDR5,
8100,1045,ram_socket,4,EA
8101,1045,form_factor,M-ATX,
8102,1045,chipset,B760,
8103,1045,m2_slots,3,EA
8104,1045,nvme_supported,Y,
8105,1045,max_ram_capacity_gb,192,GB
8106,1046,cpu_socket,LGA1700,
8107,1046,ram_type,DDR5,
8108,1046,ram_socket,4,EA
8109,1046,form_factor,M-ATX,
8110,1046,chipset,B760,
8111,1046,m2_slots,3,EA
8112,1046,nvme_supported,Y,
8113,1046,max_ram_capacity_gb,256,GB
8114,1047,cpu_socket,LGA1700,
8115,1047,ram_type,DDR5,
8116,1047,ram_socket,2,EA
8117,1047,form_factor,M-ATX,
8118,1047,chipset,H610,
8119,1047,m2_slots,1,EA
8120,1047,nvme_supported,Y,
8121,1047,max_ram_capacity_gb,128,GB
8122,1048,cpu_socket,LGA1700,
8123,1048,ram_type,DDR5,
8124,1048,ram_socket,2,EA
8125,1048,form_factor,M-ATX,
8126,1048,chipset,H610,
8127,1048,m2_slots,1,EA
8128,1048,nvme_supported,Y,
8129,1048,max_ram_capacity_gb,128,GB
8130,1049,cpu_socket,LGA1700,
8131,1049,ram_type,DDR5,
8132,1049,ram_socket,2,EA
8133,1049,form_factor,M-ATX,
8134,1049,chipset,H610,
8135,1049,m2_slots,1,EA
8136,1049,nvme_supported,Y,
8137,1049,max_ram_capacity_gb,96,GB
8138,1050,cpu_socket,LGA1700,
8139,1050,ram_type,DDR5,
8140,1050,ram_socket,2,EA
8141,1050,form_factor,M-ATX,
8142,1050,chipset,H610,
8143,1050,m2_slots,1,EA
8144,1050,nvme_supported,Y,
8145,1050,max_ram_capacity_gb,96,GB
8146,1051,cpu_socket,LGA1700,
8147,1051,ram_type,DDR5,
8148,1051,ram_socket,4,EA
8149,1051,form_factor,M-ATX,
8150,1051,chipset,B760,
8151,1051,m2_slots,3,EA
8152,1051,nvme_supported,Y,
8153,1051,max_ram_capacity_gb,192,GB
8154,1052,cpu_socket,LGA1700,
8155,1052,ram_type,DDR5,
8156,1052,ram_socket,2,EA
8157,1052,form_factor,M-ATX,
8158,1052,chipset,H610,
8159,1052,m2_slots,1,EA
8160,1052,nvme_supported,Y,
8161,1052,max_ram_capacity_gb,128,GB
8162,1053,cpu_socket,LGA1700,
8163,1053,ram_type,DDR5,
8164,1053,ram_socket,2,EA
8165,1053,form_factor,M-ATX,
8166,1053,chipset,H610,
8167,1053,m2_slots,1,EA
8168,1053,nvme_supported,Y,
8169,1053,max_ram_capacity_gb,128,GB
8170,1054,cpu_socket,LGA1700,
8171,1054,ram_type,DDR5,
8172,1054,ram_socket,2,EA
8173,1054,form_factor,M-ATX,
8174,1054,chipset,H610,
8175,1054,m2_slots,1,EA
8176,1054,nvme_supported,Y,
8177,1054,max_ram_capacity_gb,128,GB
8178,1055,cpu_socket,LGA1700,
8179,1055,ram_type,DDR5,
8180,1055,ram_socket,2,EA
8181,1055,form_factor,M-ATX,
8182,1055,chipset,H610,
8183,1055,m2_slots,1,EA
8184,1055,nvme_supported,Y,
8185,1055,max_ram_capacity_gb,128,GB
8186,1056,cpu_socket,LGA1700,
8187,1056,ram_type,DDR5,
8188,1056,ram_socket,2,EA
8189,1056,form_factor,M-ATX,
8190,1056,chipset,H610,
8191,1056,m2_slots,1,EA
8192,1056,nvme_supported,Y,
8193,1056,max_ram_capacity_gb,96,GB
8194,1057,cpu_socket,LGA1700,
8195,1057,ram_type,DDR5,
8196,1057,ram_socket,2,EA
8197,1057,form_factor,M-ATX,
8198,1057,chipset,H610,
8199,1057,m2_slots,1,EA
8200,1057,nvme_supported,Y,
8201,1057,max_ram_capacity_gb,128,GB
8202,1058,cpu_socket,LGA1700,
8203,1058,ram_type,DDR5,
8204,1058,ram_socket,4,EA
8205,1058,form_factor,ATX,
8206,1058,chipset,Z790,
8207,1058,m2_slots,4,EA
8208,1058,nvme_supported,Y,
8209,1058,max_ram_capacity_gb,128,GB
8210,1059,cpu_socket,LGA1700,
8211,1059,ram_type,DDR5,
8212,1059,ram_socket,4,EA
8213,1059,form_factor,M-ATX,
8214,1059,chipset,B760,
8215,1059,m2_slots,3,EA
8216,1059,nvme_supported,Y,
8217,1059,max_ram_capacity_gb,192,GB
8218,1060,cpu_socket,LGA1700,
8219,1060,ram_type,DDR4,
8220,1060,ram_socket,2,EA
8221,1060,form_factor,M-ATX,
8222,1060,chipset,B660,
8223,1060,m2_slots,2,EA
8224,1060,nvme_supported,Y,
8225,1060,max_ram_capacity_gb,64,GB
8226,1061,cpu_socket,LGA1700,
8227,1061,ram_type,DDR5,
8228,1061,ram_socket,4,EA
8229,1061,form_factor,ATX,
8230,1061,chipset,Z790,
8231,1061,m2_slots,4,EA
8232,1061,nvme_supported,Y,
8233,1061,max_ram_capacity_gb,128,GB
8234,1062,cpu_socket,LGA1700,
8235,1062,ram_type,DDR5,
8236,1062,ram_socket,4,EA
8237,1062,form_factor,ATX,
8238,1062,chipset,Z790,
8239,1062,m2_slots,4,EA
8240,1062,nvme_supported,Y,
8241,1062,max_ram_capacity_gb,256,GB
8242,1063,cpu_socket,LGA1700,
8243,1063,ram_type,DDR4,
8244,1063,ram_socket,2,EA
8245,1063,form_factor,M-ATX,
8246,1063,chipset,H610,
8247,1063,m2_slots,1,EA
8248,1063,nvme_supported,Y,
8249,1063,max_ram_capacity_gb,64,GB
8250,1064,cpu_socket,LGA1700,
8251,1064,ram_type,DDR5,
8252,1064,ram_socket,4,EA
8253,1064,form_factor,ATX,
8254,1064,chipset,Z790,
8255,1064,m2_slots,4,EA
8256,1064,nvme_supported,Y,
8257,1064,max_ram_capacity_gb,128,GB
8258,1065,cpu_socket,LGA1700,
8259,1065,ram_type,DDR4,
8260,1065,ram_socket,2,EA
8261,1065,form_factor,M-ATX,
8262,1065,chipset,H610,
8263,1065,m2_slots,1,EA
8264,1065,nvme_supported,Y,
8265,1065,max_ram_capacity_gb,64,GB
8266,1066,cpu_socket,LGA1700,
8267,1066,ram_type,DDR5,
8268,1066,ram_socket,4,EA
8269,1066,form_factor,M-ATX,
8270,1066,chipset,B760,
8271,1066,m2_slots,3,EA
8272,1066,nvme_supported,Y,
8273,1066,max_ram_capacity_gb,192,GB
8274,1067,cpu_socket,LGA1700,
8275,1067,ram_type,DDR5,
8276,1067,ram_socket,2,EA
8277,1067,form_factor,M-ATX,
8278,1067,chipset,H610,
8279,1067,m2_slots,1,EA
8280,1067,nvme_supported,Y,
8281,1067,max_ram_capacity_gb,96,GB
8282,1068,cpu_socket,LGA1700,
8283,1068,ram_type,DDR4,
8284,1068,ram_socket,2,EA
8285,1068,form_factor,M-ATX,
8286,1068,chipset,H610,
8287,1068,m2_slots,1,EA
8288,1068,nvme_supported,Y,
8289,1068,max_ram_capacity_gb,64,GB
8290,1069,cpu_socket,LGA1700,
8291,1069,ram_type,DDR5,
8292,1069,ram_socket,4,EA
8293,1069,form_factor,ATX,
8294,1069,chipset,Z790,
8295,1069,m2_slots,4,EA
8296,1069,nvme_supported,Y,
8297,1069,max_ram_capacity_gb,128,GB
8298,1070,cpu_socket,LGA1700,
8299,1070,ram_type,DDR5,
8300,1070,ram_socket,4,EA
8301,1070,form_factor,M-ATX,
8302,1070,chipset,B760,
8303,1070,m2_slots,3,EA
8304,1070,nvme_supported,Y,
8305,1070,max_ram_capacity_gb,192,GB
8306,1071,cpu_socket,LGA1700,
8307,1071,ram_type,DDR4,
8308,1071,ram_socket,2,EA
8309,1071,form_factor,M-ATX,
8310,1071,chipset,H610,
8311,1071,m2_slots,1,EA
8312,1071,nvme_supported,Y,
8313,1071,max_ram_capacity_gb,64,GB
8314,1072,cpu_socket,LGA1700,
8315,1072,ram_type,DDR4,
8316,1072,ram_socket,2,EA
8317,1072,form_factor,M-ATX,
8318,1072,chipset,H610,
8319,1072,m2_slots,1,EA
8320,1072,nvme_supported,Y,
8321,1072,max_ram_capacity_gb,64,GB
8322,1073,cpu_socket,LGA1700,
8323,1073,ram_type,DDR4,
8324,1073,ram_socket,4,EA
8325,1073,form_factor,M-ATX,
8326,1073,chipset,B760,
8327,1073,m2_slots,2,EA
8328,1073,nvme_supported,Y,
8329,1073,max_ram_capacity_gb,128,GB
8330,1074,cpu_socket,LGA1700,
8331,1074,ram_type,DDR4,
8332,1074,ram_socket,4,EA
8333,1074,form_factor,M-ATX,
8334,1074,chipset,B760,
8335,1074,m2_slots,2,EA
8336,1074,nvme_supported,Y,
8337,1074,max_ram_capacity_gb,128,GB
8338,1075,cpu_socket,LGA1700,
8339,1075,ram_type,DDR4,
8340,1075,ram_socket,2,EA
8341,1075,form_factor,M-ITX,
8342,1075,chipset,H610,
8343,1075,m2_slots,2,EA
8344,1075,nvme_supported,Y,
8345,1075,max_ram_capacity_gb,64,GB
8346,1076,cpu_socket,LGA1700,
8347,1076,ram_type,DDR5,
8348,1076,ram_socket,2,EA
8349,1076,form_factor,M-ATX,
8350,1076,chipset,H610,
8351,1076,m2_slots,1,EA
8352,1076,nvme_supported,Y,
8353,1076,max_ram_capacity_gb,96,GB
8354,1077,cpu_socket,LGA1700,
8355,1077,ram_type,DDR5,
8356,1077,ram_socket,2,EA
8357,1077,form_factor,M-ATX,
8358,1077,chipset,H610,
8359,1077,m2_slots,1,EA
8360,1077,nvme_supported,Y,
8361,1077,max_ram_capacity_gb,96,GB
8362,1078,cpu_socket,LGA1700,
8363,1078,ram_type,DDR4,
8364,1078,ram_socket,2,EA
8365,1078,form_factor,M-ATX,
8366,1078,chipset,H610,
8367,1078,m2_slots,1,EA
8368,1078,nvme_supported,Y,
8369,1078,max_ram_capacity_gb,64,GB
8370,1079,cpu_socket,LGA1851,
8371,1079,ram_type,DDR5,
8372,1079,ram_socket,4,EA
8373,1079,form_factor,ATX,
8374,1079,chipset,Z890,
8375,1079,m2_slots,4,EA
8376,1079,nvme_supported,Y,
8377,1079,max_ram_capacity_gb,256,GB
8378,1080,cpu_socket,LGA1851,
8379,1080,ram_type,DDR5,
8380,1080,ram_socket,4,EA
8381,1080,form_factor,ATX,
8382,1080,chipset,Z890,
8383,1080,m2_slots,6,EA
8384,1080,max_ram_capacity_gb,256,GB
8385,1081,cpu_socket,LGA1851,
8386,1081,ram_type,DDR5,
8387,1081,ram_socket,4,EA
8388,1081,form_factor,ATX,
8389,1081,chipset,Z890,
8390,1081,m2_slots,4,EA
8391,1081,nvme_supported,Y,
8392,1081,max_ram_capacity_gb,256,GB
8393,1082,cpu_socket,LGA1851,
8394,1082,ram_type,DDR5,
8395,1082,ram_socket,4,EA
8396,1082,form_factor,ATX,
8397,1082,chipset,Z890,
8398,1082,m2_slots,4,EA
8399,1082,nvme_supported,Y,
8400,1082,max_ram_capacity_gb,256,GB
8401,1083,cpu_socket,LGA1851,
8402,1083,ram_type,DDR5,
8403,1083,ram_socket,4,EA
8404,1083,form_factor,ATX,
8405,1083,chipset,Z890,
8406,1083,m2_slots,6,EA
8407,1083,max_ram_capacity_gb,256,GB
8408,1084,cpu_socket,LGA1851,
8409,1084,ram_type,DDR5,
8410,1084,ram_socket,2,EA
8411,1084,form_factor,M-ATX,
8412,1084,chipset,B860,
8413,1084,m2_slots,2,EA
8414,1084,nvme_supported,Y,
8415,1084,max_ram_capacity_gb,128,GB
8416,1085,cpu_socket,LGA1851,
8417,1085,ram_type,DDR5,
8418,1085,ram_socket,4,EA
8419,1085,form_factor,M-ATX,
8420,1085,chipset,B860,
8421,1085,m2_slots,3,EA
8422,1085,nvme_supported,Y,
8423,1085,max_ram_capacity_gb,256,GB
8424,1086,cpu_socket,LGA1851,
8425,1086,ram_type,DDR5,
8426,1086,ram_socket,2,EA
8427,1086,form_factor,M-ITX,
8428,1086,chipset,B860,
8429,1086,m2_slots,2,EA
8430,1086,nvme_supported,Y,
8431,1086,max_ram_capacity_gb,128,GB
8432,1087,cpu_socket,LGA1851,
8433,1087,ram_type,DDR5,
8434,1087,ram_socket,4,EA
8435,1087,form_factor,M-ATX,
8436,1087,chipset,B860,
8437,1087,m2_slots,3,EA
8438,1087,nvme_supported,Y,
8439,1087,max_ram_capacity_gb,256,GB
8440,1088,cpu_socket,LGA1851,
8441,1088,ram_type,DDR5,
8442,1088,ram_socket,4,EA
8443,1088,form_factor,M-ATX,
8444,1088,chipset,B860,
8445,1088,m2_slots,3,EA
8446,1088,nvme_supported,Y,
8447,1088,max_ram_capacity_gb,256,GB
8448,1089,cpu_socket,LGA1851,
8449,1089,ram_type,DDR5,
8450,1089,ram_socket,2,EA
8451,1089,form_factor,M-ATX,
8452,1089,chipset,B860,
8453,1089,m2_slots,2,EA
8454,1089,nvme_supported,Y,
8455,1089,max_ram_capacity_gb,128,GB
8456,1090,cpu_socket,LGA1851,
8457,1090,ram_type,DDR5,
8458,1090,ram_socket,4,EA
8459,1090,form_factor,ATX,
8460,1090,chipset,Z890,
8461,1090,m2_slots,4,EA
8462,1090,nvme_supported,Y,
8463,1090,max_ram_capacity_gb,256,GB
8464,1091,cpu_socket,LGA1851,
8465,1091,ram_type,DDR5,
8466,1091,ram_socket,4,EA
8467,1091,form_factor,M-ATX,
8468,1091,chipset,B860,
8469,1091,m2_slots,3,EA
8470,1091,nvme_supported,Y,
8471,1091,max_ram_capacity_gb,256,GB
8472,1092,cpu_socket,LGA1851,
8473,1092,ram_type,DDR5,
8474,1092,ram_socket,4,EA
8475,1092,form_factor,M-ATX,
8476,1092,chipset,B860,
8477,1092,m2_slots,4,EA
8478,1092,nvme_supported,Y,
8479,1092,max_ram_capacity_gb,256,GB
8480,1093,cpu_socket,LGA1851,
8481,1093,ram_type,DDR5,
8482,1093,ram_socket,4,EA
8483,1093,form_factor,M-ATX,
8484,1093,chipset,B860,
8485,1093,m2_slots,3,EA
8486,1093,nvme_supported,Y,
8487,1093,max_ram_capacity_gb,256,GB
8488,1094,cpu_socket,LGA1851,
8489,1094,ram_type,DDR5,
8490,1094,ram_socket,2,EA
8491,1094,form_factor,M-ATX,
8492,1094,chipset,B860,
8493,1094,m2_slots,2,EA
8494,1094,nvme_supported,Y,
8495,1094,max_ram_capacity_gb,128,GB
8496,1095,cpu_socket,LGA1851,
8497,1095,ram_type,DDR5,
8498,1095,ram_socket,2,EA
8499,1095,form_factor,M-ATX,
8500,1095,chipset,H810,
8501,1095,m2_slots,1,EA
8502,1095,nvme_supported,Y,
8503,1095,max_ram_capacity_gb,128,GB
8504,1096,cpu_socket,LGA1851,
8505,1096,ram_type,DDR5,
8506,1096,ram_socket,2,EA
8507,1096,form_factor,M-ATX,
8508,1096,chipset,H810,
8509,1096,m2_slots,1,EA
8510,1096,nvme_supported,Y,
8511,1096,max_ram_capacity_gb,128,GB
8512,1097,cpu_socket,LGA1851,
8513,1097,ram_type,DDR5,
8514,1097,ram_socket,2,EA
8515,1097,form_factor,M-ITX,
8516,1097,chipset,H810,
8517,1097,m2_slots,2,EA
8518,1097,nvme_supported,Y,
8519,1097,max_ram_capacity_gb,128,GB
8520,1098,cpu_socket,LGA1851,
8521,1098,ram_type,DDR5,
8522,1098,ram_socket,2,EA
8523,1098,form_factor,M-ATX,
8524,1098,chipset,B860,
8525,1098,m2_slots,2,EA
8526,1098,nvme_supported,Y,
8527,1098,max_ram_capacity_gb,128,GB
8528,1099,cpu_socket,LGA1851,
8529,1099,ram_type,DDR5,
8530,1099,ram_socket,2,EA
8531,1099,form_factor,M-ATX,
8532,1099,chipset,H810,
8533,1099,m2_slots,1,EA
8534,1099,nvme_supported,Y,
8535,1099,max_ram_capacity_gb,128,GB
8536,1100,cpu_socket,LGA1851,
8537,1100,ram_type,DDR5,
8538,1100,ram_socket,4,EA
8539,1100,form_factor,ATX,
8540,1100,chipset,B860,
8541,1100,m2_slots,3,EA
8542,1100,nvme_supported,Y,
8543,1100,max_ram_capacity_gb,256,GB
8544,1101,cpu_socket,LGA1851,
8545,1101,ram_type,DDR5,
8546,1101,ram_socket,4,EA
8547,1101,form_factor,ATX,
8548,1101,chipset,B860,
8549,1101,m2_slots,3,EA
8550,1101,nvme_supported,Y,
8551,1101,max_ram_capacity_gb,256,GB
8552,1102,cpu_socket,LGA1851,
8553,1102,ram_type,DDR5,
8554,1102,ram_socket,4,EA
8555,1102,form_factor,ATX,
8556,1102,chipset,Z890,
8557,1102,m2_slots,4,EA
8558,1102,nvme_supported,Y,
8559,1102,max_ram_capacity_gb,256,GB
8560,1103,cpu_socket,LGA1851,
8561,1103,ram_type,DDR5,
8562,1103,ram_socket,2,EA
8563,1103,form_factor,M-ATX,
8564,1103,chipset,H810,
8565,1103,m2_slots,1,EA
8566,1103,nvme_supported,Y,
8567,1103,max_ram_capacity_gb,128,GB
8568,1104,cpu_socket,LGA1851,
8569,1104,ram_type,DDR5,
8570,1104,ram_socket,2,EA
8571,1104,form_factor,M-ATX,
8572,1104,chipset,H810,
8573,1104,m2_slots,2,EA
8574,1104,nvme_supported,Y,
8575,1104,max_ram_capacity_gb,128,GB
8576,1105,cpu_socket,LGA1851,
8577,1105,ram_type,DDR5,
8578,1105,ram_socket,4,EA
8579,1105,form_factor,M-ATX,
8580,1105,chipset,B860,
8581,1105,m2_slots,3,EA
8582,1105,nvme_supported,Y,
8583,1105,max_ram_capacity_gb,256,GB
8584,1106,cpu_socket,LGA1851,
8585,1106,ram_type,DDR5,
8586,1106,ram_socket,4,EA
8587,1106,form_factor,ATX,
8588,1106,chipset,Z890,
8589,1106,m2_slots,6,EA
8590,1106,max_ram_capacity_gb,256,GB
8591,1107,cpu_socket,LGA1851,
8592,1107,ram_type,DDR5,
8593,1107,ram_socket,4,EA
8594,1107,form_factor,ATX,
8595,1107,chipset,Z890,
8596,1107,m2_slots,6,EA
8597,1107,max_ram_capacity_gb,256,GB
8598,1108,cpu_socket,LGA1851,
8599,1108,ram_type,DDR5,
8600,1108,ram_socket,2,EA
8601,1108,form_factor,M-ATX,
8602,1108,chipset,H810,
8603,1108,m2_slots,1,EA
8604,1108,nvme_supported,Y,
8605,1108,max_ram_capacity_gb,128,GB
8606,1109,cpu_socket,LGA1851,
8607,1109,ram_type,DDR5,
8608,1109,ram_socket,4,EA
8609,1109,form_factor,ATX,
8610,1109,chipset,B860,
8611,1109,m2_slots,3,EA
8612,1109,nvme_supported,Y,
8613,1109,max_ram_capacity_gb,256,GB
8614,1110,cpu_socket,LGA1851,
8615,1110,ram_type,DDR5,
8616,1110,ram_socket,4,EA
8617,1110,form_factor,ATX,
8618,1110,chipset,Z890,
8619,1110,m2_slots,4,EA
8620,1110,nvme_supported,Y,
8621,1110,max_ram_capacity_gb,256,GB
8622,1111,cpu_socket,LGA1851,
8623,1111,ram_type,DDR5,
8624,1111,ram_socket,4,EA
8625,1111,form_factor,ATX,
8626,1111,chipset,B860,
8627,1111,m2_slots,3,EA
8628,1111,nvme_supported,Y,
8629,1111,max_ram_capacity_gb,256,GB
8630,1112,cpu_socket,LGA1851,
8631,1112,ram_type,DDR5,
8632,1112,ram_socket,4,EA
8633,1112,form_factor,ATX,
8634,1112,chipset,Z890,
8635,1112,m2_slots,4,EA
8636,1112,nvme_supported,Y,
8637,1112,max_ram_capacity_gb,256,GB
8638,1113,cpu_socket,LGA1851,
8639,1113,ram_type,DDR5,
8640,1113,ram_socket,2,EA
8641,1113,form_factor,M-ITX,
8642,1113,chipset,B860,
8643,1113,m2_slots,2,EA
8644,1113,nvme_supported,Y,
8645,1113,max_ram_capacity_gb,128,GB
8646,1114,cpu_socket,LGA1851,
8647,1114,ram_type,DDR5,
8648,1114,ram_socket,2,EA
8649,1114,form_factor,M-ATX,
8650,1114,chipset,H810,
8651,1114,m2_slots,1,EA
8652,1114,nvme_supported,Y,
8653,1114,max_ram_capacity_gb,128,GB
8654,1115,cpu_socket,LGA1851,
8655,1115,ram_type,DDR5,
8656,1115,ram_socket,2,EA
8657,1115,form_factor,M-ATX,
8658,1115,chipset,H810,
8659,1115,m2_slots,1,EA
8660,1115,nvme_supported,Y,
8661,1115,max_ram_capacity_gb,128,GB
8662,1116,cpu_socket,LGA1851,
8663,1116,ram_type,DDR5,
8664,1116,ram_socket,2,EA
8665,1116,form_factor,M-ATX,
8666,1116,chipset,H810,
8667,1116,m2_slots,1,EA
8668,1116,nvme_supported,Y,
8669,1116,max_ram_capacity_gb,128,GB
8670,1117,cpu_socket,LGA1851,
8671,1117,ram_type,DDR5,
8672,1117,ram_socket,4,EA
8673,1117,form_factor,ATX,
8674,1117,chipset,B860,
8675,1117,m2_slots,3,EA
8676,1117,nvme_supported,Y,
8677,1117,max_ram_capacity_gb,256,GB
8678,1118,cpu_socket,LGA1851,
8679,1118,ram_type,DDR5,
8680,1118,ram_socket,2,EA
8681,1118,form_factor,M-ATX,
8682,1118,chipset,H810,
8683,1118,m2_slots,1,EA
8684,1118,nvme_supported,Y,
8685,1118,max_ram_capacity_gb,128,GB
8686,1119,cpu_socket,LGA1851,
8687,1119,ram_type,DDR5,
8688,1119,ram_socket,4,EA
8689,1119,form_factor,ATX,
8690,1119,chipset,B860,
8691,1119,m2_slots,3,EA
8692,1119,nvme_supported,Y,
8693,1119,max_ram_capacity_gb,256,GB
8694,1120,cpu_socket,LGA1851,
8695,1120,ram_type,DDR5,
8696,1120,ram_socket,2,EA
8697,1120,form_factor,M-ATX,
8698,1120,chipset,H810,
8699,1120,m2_slots,1,EA
8700,1120,nvme_supported,Y,
8701,1120,max_ram_capacity_gb,128,GB
8702,1121,cpu_socket,LGA1851,
8703,1121,ram_type,DDR5,
8704,1121,ram_socket,4,EA
8705,1121,form_factor,ATX,
8706,1121,chipset,Z890,
8707,1121,m2_slots,4,EA
8708,1121,nvme_supported,Y,
8709,1121,max_ram_capacity_gb,256,GB
8710,1122,cpu_socket,LGA1851,
8711,1122,ram_type,DDR5,
8712,1122,ram_socket,2,EA
8713,1122,form_factor,M-ATX,
8714,1122,chipset,B860,
8715,1122,m2_slots,2,EA
8716,1122,nvme_supported,Y,
8717,1122,max_ram_capacity_gb,128,GB
8718,1123,cpu_socket,LGA1851,
8719,1123,ram_type,DDR5,
8720,1123,ram_socket,2,EA
8721,1123,form_factor,M-ATX,
8722,1123,chipset,H810,
8723,1123,m2_slots,1,EA
8724,1123,nvme_supported,Y,
8725,1123,max_ram_capacity_gb,128,GB
8726,1124,cpu_socket,LGA1851,
8727,1124,ram_type,DDR5,
8728,1124,ram_socket,2,EA
8729,1124,form_factor,M-ATX,
8730,1124,chipset,H810,
8731,1124,m2_slots,1,EA
8732,1124,nvme_supported,Y,
8733,1124,max_ram_capacity_gb,128,GB
8734,1125,cpu_socket,LGA1851,
8735,1125,ram_type,DDR5,
8736,1125,ram_socket,2,EA
8737,1125,form_factor,M-ATX,
8738,1125,chipset,B860,
8739,1125,m2_slots,2,EA
8740,1125,nvme_supported,Y,
8741,1125,max_ram_capacity_gb,128,GB
8742,1126,cpu_socket,LGA1851,
8743,1126,ram_type,DDR5,
8744,1126,ram_socket,2,EA
8745,1126,form_factor,M-ATX,
8746,1126,chipset,H810,
8747,1126,m2_slots,1,EA
8748,1126,nvme_supported,Y,
8749,1126,max_ram_capacity_gb,128,GB
8750,1127,cpu_socket,LGA1851,
8751,1127,ram_type,DDR5,
8752,1127,ram_socket,4,EA
8753,1127,form_factor,ATX,
8754,1127,chipset,Z890,
8755,1127,m2_slots,4,EA
8756,1127,nvme_supported,Y,
8757,1127,max_ram_capacity_gb,256,GB
8758,1128,cpu_socket,LGA1851,
8759,1128,ram_type,DDR5,
8760,1128,ram_socket,4,EA
8761,1128,form_factor,M-ATX,
8762,1128,chipset,B860,
8763,1128,m2_slots,3,EA
8764,1128,nvme_supported,Y,
8765,1128,max_ram_capacity_gb,256,GB
8766,1129,cpu_socket,LGA1851,
8767,1129,ram_type,DDR5,
8768,1129,ram_socket,2,EA
8769,1129,form_factor,M-ATX,
8770,1129,chipset,H810,
8771,1129,m2_slots,1,EA
8772,1129,nvme_supported,Y,
8773,1129,max_ram_capacity_gb,128,GB
8774,1130,cpu_socket,LGA1851,
8775,1130,ram_type,DDR5,
8776,1130,ram_socket,2,EA
8777,1130,form_factor,M-ATX,
8778,1130,chipset,H810,
8779,1130,m2_slots,1,EA
8780,1130,nvme_supported,Y,
8781,1130,max_ram_capacity_gb,128,GB
8782,1131,cpu_socket,LGA1851,
8783,1131,ram_type,DDR5,
8784,1131,ram_socket,4,EA
8785,1131,form_factor,ATX,
8786,1131,chipset,B860,
8787,1131,m2_slots,3,EA
8788,1131,nvme_supported,Y,
8789,1131,max_ram_capacity_gb,256,GB
8790,1132,cpu_socket,LGA1851,
8791,1132,ram_type,DDR5,
8792,1132,ram_socket,4,EA
8793,1132,form_factor,ATX,
8794,1132,chipset,B860,
8795,1132,m2_slots,3,EA
8796,1132,nvme_supported,Y,
8797,1132,max_ram_capacity_gb,256,GB
8798,1133,cpu_socket,LGA1851,
8799,1133,ram_type,DDR5,
8800,1133,ram_socket,4,EA
8801,1133,form_factor,ATX,
8802,1133,chipset,Z890,
8803,1133,m2_slots,4,EA
8804,1133,nvme_supported,Y,
8805,1133,max_ram_capacity_gb,256,GB
8806,1134,cpu_socket,LGA1851,
8807,1134,ram_type,DDR5,
8808,1134,ram_socket,4,EA
8809,1134,form_factor,ATX,
8810,1134,chipset,Z890,
8811,1134,m2_slots,6,EA
8812,1134,max_ram_capacity_gb,256,GB
8813,1135,cpu_socket,LGA1851,
8814,1135,ram_type,DDR5,
8815,1135,ram_socket,4,EA
8816,1135,form_factor,ATX,
8817,1135,chipset,Z890,
8818,1135,m2_slots,6,EA
8819,1135,max_ram_capacity_gb,256,GB
8820,1136,cpu_socket,LGA1851,
8821,1136,ram_type,DDR5,
8822,1136,ram_socket,2,EA
8823,1136,form_factor,M-ATX,
8824,1136,chipset,H810,
8825,1136,m2_slots,2,EA
8826,1136,nvme_supported,Y,
8827,1136,max_ram_capacity_gb,128,GB
8828,1137,cpu_socket,LGA1851,
8829,1137,ram_type,DDR5,
8830,1137,ram_socket,4,EA
8831,1137,form_factor,ATX,
8832,1137,chipset,B860,
8833,1137,m2_slots,3,EA
8834,1137,nvme_supported,Y,
8835,1137,max_ram_capacity_gb,256,GB
8836,1138,cpu_socket,LGA1851,
8837,1138,ram_type,DDR5,
8838,1138,ram_socket,4,EA
8839,1138,form_factor,M-ATX,
8840,1138,chipset,B860,
8841,1138,m2_slots,3,EA
8842,1138,nvme_supported,Y,
8843,1138,max_ram_capacity_gb,256,GB
8844,1139,cpu_socket,LGA1851,
8845,1139,ram_type,DDR5,
8846,1139,ram_socket,2,EA
8847,1139,form_factor,M-ATX,
8848,1139,chipset,B860,
8849,1139,m2_slots,2,EA
8850,1139,nvme_supported,Y,
8851,1139,max_ram_capacity_gb,128,GB
8852,1140,cpu_socket,LGA1851,
8853,1140,ram_type,DDR5,
8854,1140,ram_socket,2,EA
8855,1140,form_factor,M-ITX,
8856,1140,chipset,Z890,
8857,1140,m2_slots,3,EA
8858,1140,nvme_supported,Y,
8859,1140,max_ram_capacity_gb,128,GB
8860,1141,cpu_socket,LGA1851,
8861,1141,ram_type,DDR5,
8862,1141,ram_socket,2,EA
8863,1141,form_factor,M-ATX,
8864,1141,chipset,H810,
8865,1141,m2_slots,1,EA
8866,1141,nvme_supported,Y,
8867,1141,max_ram_capacity_gb,128,GB
8868,1142,cpu_socket,LGA1851,
8869,1142,ram_type,DDR5,
8870,1142,ram_socket,4,EA
8871,1142,form_factor,ATX,
8872,1142,chipset,Z890,
8873,1142,m2_slots,4,EA
8874,1142,nvme_supported,Y,
8875,1142,max_ram_capacity_gb,256,GB
8876,1143,cpu_socket,LGA1851,
8877,1143,ram_type,DDR5,
8878,1143,ram_socket,2,EA
8879,1143,form_factor,M-ATX,
8880,1143,chipset,B860,
8881,1143,m2_slots,2,EA
8882,1143,nvme_supported,Y,
8883,1143,max_ram_capacity_gb,128,GB
8884,1144,cpu_socket,LGA1851,
8885,1144,ram_type,DDR5,
8886,1144,ram_socket,2,EA
8887,1144,form_factor,M-ATX,
8888,1144,chipset,H810,
8889,1144,m2_slots,1,EA
8890,1144,nvme_supported,Y,
8891,1144,max_ram_capacity_gb,128,GB
8892,1145,cpu_socket,LGA1851,
8893,1145,ram_type,DDR5,
8894,1145,ram_socket,2,EA
8895,1145,form_factor,M-ATX,
8896,1145,chipset,H810,
8897,1145,m2_slots,1,EA
8898,1145,nvme_supported,Y,
8899,1145,max_ram_capacity_gb,128,GB
8900,1146,cpu_socket,LGA1851,
8901,1146,ram_type,DDR5,
8902,1146,ram_socket,2,EA
8903,1146,form_factor,M-ATX,
8904,1146,chipset,B860,
8905,1146,m2_slots,2,EA
8906,1146,nvme_supported,Y,
8907,1146,max_ram_capacity_gb,128,GB
8908,1147,cpu_socket,LGA1851,
8909,1147,ram_type,DDR5,
8910,1147,ram_socket,4,EA
8911,1147,form_factor,ATX,
8912,1147,chipset,Z890,
8913,1147,m2_slots,4,EA
8914,1147,nvme_supported,Y,
8915,1147,max_ram_capacity_gb,256,GB
8916,1148,cpu_socket,LGA1851,
8917,1148,ram_type,DDR5,
8918,1148,ram_socket,4,EA
8919,1148,form_factor,M-ATX,
8920,1148,chipset,B860,
8921,1148,m2_slots,3,EA
8922,1148,nvme_supported,Y,
8923,1148,max_ram_capacity_gb,256,GB
8924,1149,cpu_socket,LGA1851,
8925,1149,ram_type,DDR5,
8926,1149,ram_socket,2,EA
8927,1149,form_factor,M-ATX,
8928,1149,chipset,H810,
8929,1149,m2_slots,1,EA
8930,1149,nvme_supported,Y,
8931,1149,max_ram_capacity_gb,128,GB
8932,1150,cpu_socket,LGA1851,
8933,1150,ram_type,DDR5,
8934,1150,ram_socket,2,EA
8935,1150,form_factor,ATX,
8936,1150,chipset,Z890,
8937,1150,m2_slots,6,EA
8938,1150,max_ram_capacity_gb,128,GB
8939,1151,cpu_socket,LGA1851,
8940,1151,ram_type,DDR5,
8941,1151,ram_socket,4,EA
8942,1151,form_factor,M-ATX,
8943,1151,chipset,B860,
8944,1151,m2_slots,3,EA
8945,1151,nvme_supported,Y,
8946,1151,max_ram_capacity_gb,256,GB
8947,1152,cpu_socket,LGA1851,
8948,1152,ram_type,DDR5,
8949,1152,ram_socket,2,EA
8950,1152,form_factor,M-ATX,
8951,1152,chipset,B860,
8952,1152,m2_slots,2,EA
8953,1152,nvme_supported,Y,
8954,1152,max_ram_capacity_gb,128,GB
8955,1153,cpu_socket,LGA1851,
8956,1153,ram_type,DDR5,
8957,1153,ram_socket,4,EA
8958,1153,form_factor,ATX,
8959,1153,chipset,Z890,
8960,1153,m2_slots,4,EA
8961,1153,nvme_supported,Y,
8962,1153,max_ram_capacity_gb,256,GB
8963,1154,cpu_socket,LGA1851,
8964,1154,ram_type,DDR5,
8965,1154,ram_socket,2,EA
8966,1154,form_factor,M-ATX,
8967,1154,chipset,B860,
8968,1154,m2_slots,2,EA
8969,1154,nvme_supported,Y,
8970,1154,max_ram_capacity_gb,128,GB
8971,1155,cpu_socket,LGA1851,
8972,1155,ram_type,DDR5,
8973,1155,ram_socket,4,EA
8974,1155,form_factor,M-ATX,
8975,1155,chipset,B860,
8976,1155,m2_slots,4,EA
8977,1155,nvme_supported,Y,
8978,1155,max_ram_capacity_gb,256,GB
8979,1156,cpu_socket,LGA1851,
8980,1156,ram_type,DDR5,
8981,1156,ram_socket,4,EA
8982,1156,form_factor,ATX,
8983,1156,chipset,B860,
8984,1156,m2_slots,4,EA
8985,1156,nvme_supported,Y,
8986,1156,max_ram_capacity_gb,256,GB
8987,1157,storage_gb,4096,GB
8988,1157,form_factor,M.2,
8989,1157,interface,NVMe,
8990,1157,nand_type,TLC,
8991,1157,read_speed_mbs,5000,MB/s
8992,1157,write_speed_mbs,4800,MB/s
8993,1157,tbw,700,TB
8994,1158,storage_gb,2048,GB
8995,1158,form_factor,M.2,
8996,1158,interface,NVMe,
8997,1158,nand_type,TLC,
8998,1158,read_speed_mbs,5000,MB/s
8999,1158,write_speed_mbs,4800,MB/s
9000,1158,tbw,700,TB
9001,1159,storage_gb,1024,GB
9002,1159,form_factor,M.2,
9003,1159,interface,NVMe,
9004,1159,nand_type,TLC,
9005,1159,read_speed_mbs,5000,MB/s
9006,1159,write_speed_mbs,4800,MB/s
9007,1159,tbw,700,TB
9008,1160,storage_gb,500,GB
9009,1160,form_factor,M.2,
9010,1160,interface,NVMe,
9011,1160,nand_type,TLC,
9012,1160,read_speed_mbs,5000,MB/s
9013,1160,write_speed_mbs,4800,MB/s
9014,1160,tbw,700,TB
9015,1161,storage_gb,2048,GB
9016,1161,form_factor,M.2,
9017,1161,interface,NVMe,
9018,1161,read_speed_mbs,6200,MB/s
9019,1161,write_speed_mbs,2300,MB/s
9020,1161,tbw,300,TB
9021,1162,storage_gb,1024,GB
9022,1162,form_factor,M.2,
9023,1162,interface,NVMe,
9024,1162,read_speed_mbs,6200,MB/s
9025,1162,write_speed_mbs,2300,MB/s
9026,1162,tbw,300,TB
9027,1163,storage_gb,512,GB
9028,1163,form_factor,M.2,
9029,1163,interface,NVMe,
9030,1163,read_speed_mbs,6200,MB/s
9031,1163,write_speed_mbs,2300,MB/s
9032,1163,tbw,300,TB
9033,1164,storage_gb,4096,GB
9034,1164,form_factor,M.2,
9035,1164,interface,NVMe,
9036,1164,nand_type,TLC,
9037,1164,read_speed_mbs,14700,MB/s
9038,1164,write_speed_mbs,13300,MB/s
9039,1164,tbw,600,TB
9040,1165,storage_gb,2048,GB
9041,1165,form_factor,M.2,
9042,1165,interface,NVMe,
9043,1165,nand_type,TLC,
9044,1165,read_speed_mbs,14700,MB/s
9045,1165,write_speed_mbs,13300,MB/s
9046,1165,tbw,600,TB
9047,1166,storage_gb,1024,GB
9048,1166,form_factor,M.2,
9049,1166,interface,NVMe,
9050,1166,nand_type,TLC,
9051,1166,read_speed_mbs,14700,MB/s
9052,1166,write_speed_mbs,13300,MB/s
9053,1166,tbw,600,TB
9054,1167,storage_gb,4096,GB
9055,1167,form_factor,M.2,
9056,1167,interface,NVMe,
9057,1167,nand_type,TLC,
9058,1167,read_speed_mbs,7450,MB/s
9059,1167,write_speed_mbs,6900,MB/s
9060,1167,tbw,1200,TB
9061,1168,storage_gb,2048,GB
9062,1168,form_factor,M.2,
9063,1168,interface,NVMe,
9064,1168,nand_type,TLC,
9065,1168,read_speed_mbs,7450,MB/s
9066,1168,write_speed_mbs,6900,MB/s
9067,1168,tbw,1200,TB
9068,1169,storage_gb,1024,GB
9069,1169,form_factor,M.2,
9070,1169,interface,NVMe,
9071,1169,nand_type,TLC,
9072,1169,read_speed_mbs,7450,MB/s
9073,1169,write_speed_mbs,6900,MB/s
9074,1169,tbw,1200,TB
9075,1170,storage_gb,4096,GB
9076,1170,form_factor,M.2,
9077,1170,interface,NVMe,
9078,1170,nand_type,TLC,
9079,1170,read_speed_mbs,7150,MB/s
9080,1170,write_speed_mbs,6300,MB/s
9081,1170,tbw,600,TB
9082,1171,storage_gb,2048,GB
9083,1171,form_factor,M.2,
9084,1171,interface,NVMe,
9085,1171,nand_type,TLC,
9086,1171,read_speed_mbs,7150,MB/s
9087,1171,write_speed_mbs,6300,MB/s
9088,1171,tbw,600,TB
9089,1172,storage_gb,1024,GB
9090,1172,form_factor,M.2,
9091,1172,interface,NVMe,
9092,1172,nand_type,TLC,
9093,1172,read_speed_mbs,7150,MB/s
9094,1172,write_speed_mbs,6300,MB/s
9095,1172,tbw,600,TB
9096,1173,storage_gb,4096,GB
9097,1173,form_factor,M.2,
9098,1173,interface,NVMe,
9099,1173,nand_type,TLC,
9100,1173,read_speed_mbs,7300,MB/s
9101,1173,write_speed_mbs,6300,MB/s
9102,1173,tbw,600,TB
9103,1174,storage_gb,2048,GB
9104,1174,form_factor,M.2,
9105,1174,interface,NVMe,
9106,1174,nand_type,TLC,
9107,1174,read_speed_mbs,7300,MB/s
9108,1174,write_speed_mbs,6300,MB/s
9109,1174,tbw,600,TB
9110,1175,storage_gb,1024,GB
9111,1175,form_factor,M.2,
9112,1175,interface,NVMe,
9113,1175,nand_type,TLC,
9114,1175,read_speed_mbs,7300,MB/s
9115,1175,write_speed_mbs,6300,MB/s
9116,1175,tbw,600,TB
9117,1176,storage_gb,2048,GB
9118,1176,form_factor,M.2,
9119,1176,interface,NVMe,
9120,1176,nand_type,TLC,
9121,1176,read_speed_mbs,7000,MB/s
9122,1176,write_speed_mbs,6500,MB/s
9123,1176,tbw,1200,TB
9124,1177,storage_gb,1024,GB
9125,1177,form_factor,M.2,
9126,1177,interface,NVMe,
9127,1177,nand_type,TLC,
9128,1177,read_speed_mbs,7000,MB/s
9129,1177,write_speed_mbs,6500,MB/s
9130,1177,tbw,1200,TB
9131,1178,storage_gb,500,GB
9132,1178,form_factor,M.2,
9133,1178,interface,NVMe,
9134,1178,nand_type,TLC,
9135,1178,read_speed_mbs,7000,MB/s
9136,1178,write_speed_mbs,6500,MB/s
9137,1178,tbw,1200,TB
9138,1179,storage_gb,1024,GB
9139,1179,form_factor,M.2,
9140,1179,interface,NVMe,
9141,1179,nand_type,QLC,
9142,1179,read_speed_mbs,3000,MB/s
9143,1179,write_speed_mbs,1800,MB/s
9144,1179,tbw,300,TB
9145,1180,storage_gb,512,GB
9146,1180,form_factor,M.2,
9147,1180,interface,NVMe,
9148,1180,nand_type,QLC,
9149,1180,read_speed_mbs,3000,MB/s
9150,1180,write_speed_mbs,1800,MB/s
9151,1180,tbw,300,TB
9152,1181,storage_gb,256,GB
9153,1181,form_factor,M.2,
9154,1181,interface,NVMe,
9155,1181,nand_type,QLC,
9156,1181,read_speed_mbs,3000,MB/s
9157,1181,write_speed_mbs,1800,MB/s
9158,1181,tbw,300,TB
9159,1182,storage_gb,2048,GB
9160,1182,form_factor,M.2,
9161,1182,interface,NVMe,
9162,1182,nand_type,TLC,
9163,1182,read_speed_mbs,6900,MB/s
9164,1182,write_speed_mbs,5000,MB/s
9165,1182,tbw,300,TB
9166,1183,storage_gb,1024,GB
9167,1183,form_factor,M.2,
9168,1183,interface,NVMe,
9169,1183,nand_type,TLC,
9170,1183,read_speed_mbs,6900,MB/s
9171,1183,write_speed_mbs,5000,MB/s
9172,1183,tbw,300,TB
9173,1184,storage_gb,512,GB
9174,1184,form_factor,M.2,
9175,1184,interface,NVMe,
9176,1184,nand_type,TLC,
9177,1184,read_speed_mbs,6900,MB/s
9178,1184,write_speed_mbs,5000,MB/s
9179,1184,tbw,300,TB
9180,1185,storage_gb,256,GB
9181,1185,form_factor,M.2,
9182,1185,interface,NVMe,
9183,1185,nand_type,TLC,
9184,1185,read_speed_mbs,6900,MB/s
9185,1185,write_speed_mbs,5000,MB/s
9186,1185,tbw,300,TB
9187,1186,storage_gb,4096,GB
9188,1186,form_factor,2.5형,
9189,1186,interface,SATA,
9190,1186,nand_type,TLC,
9191,1186,read_speed_mbs,560,MB/s
9192,1186,write_speed_mbs,530,MB/s
9193,1186,tbw,600,TB
9194,1187,storage_gb,2048,GB
9195,1187,form_factor,2.5형,
9196,1187,interface,SATA,
9197,1187,nand_type,TLC,
9198,1187,read_speed_mbs,560,MB/s
9199,1187,write_speed_mbs,530,MB/s
9200,1187,tbw,600,TB
9201,1188,storage_gb,1024,GB
9202,1188,form_factor,2.5형,
9203,1188,interface,SATA,
9204,1188,nand_type,TLC,
9205,1188,read_speed_mbs,560,MB/s
9206,1188,write_speed_mbs,530,MB/s
9207,1188,tbw,600,TB
9208,1189,storage_gb,500,GB
9209,1189,form_factor,2.5형,
9210,1189,interface,SATA,
9211,1189,nand_type,TLC,
9212,1189,read_speed_mbs,560,MB/s
9213,1189,write_speed_mbs,530,MB/s
9214,1189,tbw,600,TB
9215,1190,storage_gb,2048,GB
9216,1190,form_factor,M.2,
9217,1190,interface,NVMe,
9218,1190,nand_type,TLC,
9219,1190,read_speed_mbs,3500,MB/s
9220,1190,write_speed_mbs,3200,MB/s
9221,1190,tbw,750,TB
9222,1191,storage_gb,1024,GB
9223,1191,form_factor,M.2,
9224,1191,interface,NVMe,
9225,1191,nand_type,TLC,
9226,1191,read_speed_mbs,3500,MB/s
9227,1191,write_speed_mbs,3200,MB/s
9228,1191,tbw,750,TB
9229,1192,storage_gb,500,GB
9230,1192,form_factor,M.2,
9231,1192,interface,NVMe,
9232,1192,nand_type,TLC,
9233,1192,read_speed_mbs,3500,MB/s
9234,1192,write_speed_mbs,3200,MB/s
9235,1192,tbw,750,TB
9236,1193,storage_gb,2048,GB
9237,1193,form_factor,M.2,
9238,1193,interface,NVMe,
9239,1193,nand_type,TLC,
9240,1193,read_speed_mbs,10000,MB/s
9241,1193,write_speed_mbs,7900,MB/s
9242,1193,tbw,600,TB
9243,1194,storage_gb,1024,GB
9244,1194,form_factor,M.2,
9245,1194,interface,NVMe,
9246,1194,nand_type,TLC,
9247,1194,read_speed_mbs,10000,MB/s
9248,1194,write_speed_mbs,7900,MB/s
9249,1194,tbw,600,TB
9250,1195,storage_gb,2048,GB
9251,1195,form_factor,M.2,
9252,1195,interface,NVMe,
9253,1195,nand_type,TLC,
9254,1195,read_speed_mbs,7400,MB/s
9255,1195,write_speed_mbs,6700,MB/s
9256,1195,tbw,2000,TB
9257,1196,storage_gb,1024,GB
9258,1196,form_factor,M.2,
9259,1196,interface,NVMe,
9260,1196,nand_type,TLC,
9261,1196,read_speed_mbs,7400,MB/s
9262,1196,write_speed_mbs,6700,MB/s
9263,1196,tbw,2000,TB
9264,1197,storage_gb,4096,GB
9265,1197,form_factor,M.2,
9266,1197,interface,NVMe,
9267,1197,nand_type,TLC,
9268,1197,read_speed_mbs,14900,MB/s
9269,1197,write_speed_mbs,11000,MB/s
9270,1197,tbw,600,TB
9271,1198,storage_gb,2048,GB
9272,1198,form_factor,M.2,
9273,1198,interface,NVMe,
9274,1198,nand_type,TLC,
9275,1198,read_speed_mbs,14900,MB/s
9276,1198,write_speed_mbs,11000,MB/s
9277,1198,tbw,600,TB
9278,1199,storage_gb,1024,GB
9279,1199,form_factor,M.2,
9280,1199,interface,NVMe,
9281,1199,nand_type,TLC,
9282,1199,read_speed_mbs,14900,MB/s
9283,1199,write_speed_mbs,11000,MB/s
9284,1199,tbw,600,TB
9285,1200,storage_gb,4096,GB
9286,1200,form_factor,M.2,
9287,1200,interface,NVMe,
9288,1200,nand_type,QLC,
9289,1200,read_speed_mbs,7200,MB/s
9290,1200,write_speed_mbs,6000,MB/s
9291,1200,tbw,600,TB
9292,1201,storage_gb,2048,GB
9293,1201,form_factor,M.2,
9294,1201,interface,NVMe,
9295,1201,nand_type,QLC,
9296,1201,read_speed_mbs,7200,MB/s
9297,1201,write_speed_mbs,6000,MB/s
9298,1201,tbw,600,TB
9299,1202,storage_gb,1024,GB
9300,1202,form_factor,M.2,
9301,1202,interface,NVMe,
9302,1202,nand_type,QLC,
9303,1202,read_speed_mbs,7200,MB/s
9304,1202,write_speed_mbs,6000,MB/s
9305,1202,tbw,600,TB
9306,1203,storage_gb,1024,GB
9307,1203,form_factor,M.2,
9308,1203,interface,NVMe,
9309,1203,nand_type,TLC,
9310,1203,read_speed_mbs,3200,MB/s
9311,1203,write_speed_mbs,2000,MB/s
9312,1203,tbw,300,TB
9313,1204,storage_gb,512,GB
9314,1204,form_factor,M.2,
9315,1204,interface,NVMe,
9316,1204,nand_type,TLC,
9317,1204,read_speed_mbs,3200,MB/s
9318,1204,write_speed_mbs,2000,MB/s
9319,1204,tbw,300,TB
9320,1205,storage_gb,256,GB
9321,1205,form_factor,M.2,
9322,1205,interface,NVMe,
9323,1205,nand_type,TLC,
9324,1205,read_speed_mbs,3200,MB/s
9325,1205,write_speed_mbs,2000,MB/s
9326,1205,tbw,300,TB
9327,1206,storage_gb,4096,GB
9328,1206,form_factor,M.2,
9329,1206,interface,NVMe,
9330,1206,nand_type,TLC,
9331,1206,read_speed_mbs,14900,MB/s
9332,1206,write_speed_mbs,13800,MB/s
9333,1206,tbw,1200,TB
9334,1207,storage_gb,2048,GB
9335,1207,form_factor,M.2,
9336,1207,interface,NVMe,
9337,1207,nand_type,TLC,
9338,1207,read_speed_mbs,14900,MB/s
9339,1207,write_speed_mbs,13800,MB/s
9340,1207,tbw,1200,TB
9341,1208,storage_gb,1024,GB
9342,1208,form_factor,M.2,
9343,1208,interface,NVMe,
9344,1208,nand_type,TLC,
9345,1208,read_speed_mbs,14900,MB/s
9346,1208,write_speed_mbs,13800,MB/s
9347,1208,tbw,1200,TB
9348,1209,storage_gb,4096,GB
9349,1209,form_factor,M.2,
9350,1209,interface,NVMe,
9351,1209,nand_type,TLC,
9352,1209,read_speed_mbs,7400,MB/s
9353,1209,write_speed_mbs,6900,MB/s
9354,1209,tbw,600,TB
9355,1210,storage_gb,2048,GB
9356,1210,form_factor,M.2,
9357,1210,interface,NVMe,
9358,1210,nand_type,TLC,
9359,1210,read_speed_mbs,7400,MB/s
9360,1210,write_speed_mbs,6900,MB/s
9361,1210,tbw,600,TB
9362,1211,storage_gb,1024,GB
9363,1211,form_factor,M.2,
9364,1211,interface,NVMe,
9365,1211,nand_type,TLC,
9366,1211,read_speed_mbs,7400,MB/s
9367,1211,write_speed_mbs,6900,MB/s
9368,1211,tbw,600,TB
9369,1212,storage_gb,4096,GB
9370,1212,form_factor,M.2,
9371,1212,interface,NVMe,
9372,1212,nand_type,TLC,
9373,1212,read_speed_mbs,12000,MB/s
9374,1212,write_speed_mbs,10700,MB/s
9375,1212,tbw,600,TB
9376,1213,storage_gb,2048,GB
9377,1213,form_factor,M.2,
9378,1213,interface,NVMe,
9379,1213,nand_type,TLC,
9380,1213,read_speed_mbs,12000,MB/s
9381,1213,write_speed_mbs,10700,MB/s
9382,1213,tbw,600,TB
9383,1214,storage_gb,1024,GB
9384,1214,form_factor,M.2,
9385,1214,interface,NVMe,
9386,1214,nand_type,TLC,
9387,1214,read_speed_mbs,12000,MB/s
9388,1214,write_speed_mbs,10700,MB/s
9389,1214,tbw,600,TB
9390,1215,storage_gb,2048,GB
9391,1215,form_factor,M.2,
9392,1215,interface,NVMe,
9393,1215,nand_type,TLC,
9394,1215,read_speed_mbs,14700,MB/s
9395,1215,write_speed_mbs,13400,MB/s
9396,1215,tbw,1200,TB
9397,1216,storage_gb,1024,GB
9398,1216,form_factor,M.2,
9399,1216,interface,NVMe,
9400,1216,nand_type,TLC,
9401,1216,read_speed_mbs,14700,MB/s
9402,1216,write_speed_mbs,13400,MB/s
9403,1216,tbw,1200,TB
9404,1217,storage_gb,4096,GB
9405,1217,form_factor,2.5형,
9406,1217,interface,SATA,
9407,1217,nand_type,TLC,
9408,1217,read_speed_mbs,560,MB/s
9409,1217,write_speed_mbs,520,MB/s
9410,1217,tbw,400,TB
9411,1218,storage_gb,2048,GB
9412,1218,form_factor,2.5형,
9413,1218,interface,SATA,
9414,1218,nand_type,TLC,
9415,1218,read_speed_mbs,560,MB/s
9416,1218,write_speed_mbs,520,MB/s
9417,1218,tbw,400,TB
9418,1219,storage_gb,1024,GB
9419,1219,form_factor,2.5형,
9420,1219,interface,SATA,
9421,1219,nand_type,TLC,
9422,1219,read_speed_mbs,560,MB/s
9423,1219,write_speed_mbs,520,MB/s
9424,1219,tbw,400,TB
9425,1220,storage_gb,500,GB
9426,1220,form_factor,2.5형,
9427,1220,interface,SATA,
9428,1220,nand_type,TLC,
9429,1220,read_speed_mbs,560,MB/s
9430,1220,write_speed_mbs,520,MB/s
9431,1220,tbw,400,TB
9432,1221,storage_gb,250,GB
9433,1221,form_factor,2.5형,
9434,1221,interface,SATA,
9435,1221,nand_type,TLC,
9436,1221,read_speed_mbs,560,MB/s
9437,1221,write_speed_mbs,520,MB/s
9438,1221,tbw,400,TB
9439,1222,storage_gb,1024,GB
9440,1222,form_factor,M.2,
9441,1222,interface,NVMe,
9442,1222,nand_type,TLC,
9443,1222,read_speed_mbs,4950,MB/s
9444,1222,write_speed_mbs,2500,MB/s
9445,1223,storage_gb,512,GB
9446,1223,form_factor,M.2,
9447,1223,interface,NVMe,
9448,1223,nand_type,TLC,
9449,1223,read_speed_mbs,4950,MB/s
9450,1223,write_speed_mbs,2500,MB/s
9451,1224,storage_gb,256,GB
9452,1224,form_factor,M.2,
9453,1224,interface,NVMe,
9454,1224,nand_type,TLC,
9455,1224,read_speed_mbs,4950,MB/s
9456,1224,write_speed_mbs,2500,MB/s
9457,1225,storage_gb,256,GB
9458,1225,form_factor,M.2,
9459,1225,interface,NVMe,
9460,1225,nand_type,TLC,
9461,1225,read_speed_mbs,4900,MB/s
9462,1225,write_speed_mbs,2750,MB/s
9463,1226,storage_gb,1024,GB
9464,1226,form_factor,M.2,
9465,1226,interface,NVMe,
9466,1226,nand_type,TLC,
9467,1226,read_speed_mbs,3100,MB/s
9468,1226,write_speed_mbs,2600,MB/s
9469,1226,tbw,300,TB
9470,1227,storage_gb,500,GB
9471,1227,form_factor,M.2,
9472,1227,interface,NVMe,
9473,1227,nand_type,TLC,
9474,1227,read_speed_mbs,3100,MB/s
9475,1227,write_speed_mbs,2600,MB/s
9476,1227,tbw,300,TB
9477,1228,storage_gb,250,GB
9478,1228,form_factor,M.2,
9479,1228,interface,NVMe,
9480,1228,nand_type,TLC,
9481,1228,read_speed_mbs,3100,MB/s
9482,1228,write_speed_mbs,2600,MB/s
9483,1228,tbw,300,TB
9484,1229,storage_gb,4096,GB
9485,1229,form_factor,M.2,
9486,1229,interface,NVMe,
9487,1229,nand_type,TLC,
9488,1229,read_speed_mbs,5150,MB/s
9489,1229,write_speed_mbs,4900,MB/s
9490,1229,tbw,600,TB
9491,1230,storage_gb,2048,GB
9492,1230,form_factor,M.2,
9493,1230,interface,NVMe,
9494,1230,nand_type,TLC,
9495,1230,read_speed_mbs,5150,MB/s
9496,1230,write_speed_mbs,4900,MB/s
9497,1230,tbw,600,TB
9498,1231,storage_gb,1024,GB
9499,1231,form_factor,M.2,
9500,1231,interface,NVMe,
9501,1231,nand_type,TLC,
9502,1231,read_speed_mbs,5150,MB/s
9503,1231,write_speed_mbs,4900,MB/s
9504,1231,tbw,600,TB
9505,1232,storage_gb,500,GB
9506,1232,form_factor,M.2,
9507,1232,interface,NVMe,
9508,1232,nand_type,TLC,
9509,1232,read_speed_mbs,5150,MB/s
9510,1232,write_speed_mbs,4900,MB/s
9511,1232,tbw,600,TB
9512,1233,storage_gb,4096,GB
9513,1233,form_factor,M.2,
9514,1233,interface,NVMe,
9515,1233,nand_type,TLC,
9516,1233,read_speed_mbs,7250,MB/s
9517,1233,write_speed_mbs,6300,MB/s
9518,1233,tbw,1200,TB
9519,1234,storage_gb,2048,GB
9520,1234,form_factor,M.2,
9521,1234,interface,NVMe,
9522,1234,nand_type,TLC,
9523,1234,read_speed_mbs,7250,MB/s
9524,1234,write_speed_mbs,6300,MB/s
9525,1234,tbw,1200,TB
9526,1235,storage_gb,1024,GB
9527,1235,form_factor,M.2,
9528,1235,interface,NVMe,
9529,1235,nand_type,TLC,
9530,1235,read_speed_mbs,7250,MB/s
9531,1235,write_speed_mbs,6300,MB/s
9532,1235,tbw,1200,TB
9533,1236,storage_gb,4096,GB
9534,1236,form_factor,M.2,
9535,1236,interface,NVMe,
9536,1236,nand_type,TLC,
9537,1236,read_speed_mbs,14000,MB/s
9538,1236,write_speed_mbs,13000,MB/s
9539,1236,tbw,3000,TB
9540,1237,storage_gb,2048,GB
9541,1237,form_factor,M.2,
9542,1237,interface,NVMe,
9543,1237,nand_type,TLC,
9544,1237,read_speed_mbs,14000,MB/s
9545,1237,write_speed_mbs,13000,MB/s
9546,1237,tbw,3000,TB
9547,1238,storage_gb,1024,GB
9548,1238,form_factor,M.2,
9549,1238,interface,NVMe,
9550,1238,nand_type,TLC,
9551,1238,read_speed_mbs,14000,MB/s
9552,1238,write_speed_mbs,13000,MB/s
9553,1238,tbw,3000,TB
9554,1239,storage_gb,4096,GB
9555,1239,form_factor,M.2,
9556,1239,interface,NVMe,
9557,1239,nand_type,QLC,
9558,1239,read_speed_mbs,6600,MB/s
9559,1239,write_speed_mbs,5600,MB/s
9560,1239,tbw,300,TB
9561,1240,storage_gb,2048,GB
9562,1240,form_factor,M.2,
9563,1240,interface,NVMe,
9564,1240,nand_type,QLC,
9565,1240,read_speed_mbs,6600,MB/s
9566,1240,write_speed_mbs,5600,MB/s
9567,1240,tbw,300,TB
9568,1241,storage_gb,1024,GB
9569,1241,form_factor,M.2,
9570,1241,interface,NVMe,
9571,1241,nand_type,QLC,
9572,1241,read_speed_mbs,6600,MB/s
9573,1241,write_speed_mbs,5600,MB/s
9574,1241,tbw,300,TB
9575,1242,storage_gb,500,GB
9576,1242,form_factor,M.2,
9577,1242,interface,NVMe,
9578,1242,nand_type,QLC,
9579,1242,read_speed_mbs,6600,MB/s
9580,1242,write_speed_mbs,5600,MB/s
9581,1242,tbw,300,TB
9582,1243,storage_gb,4096,GB
9583,1243,form_factor,M.2,
9584,1243,interface,NVMe,
9585,1243,nand_type,TLC,
9586,1243,read_speed_mbs,7450,MB/s
9587,1243,write_speed_mbs,6900,MB/s
9588,1243,tbw,600,TB
9589,1244,storage_gb,2048,GB
9590,1244,form_factor,M.2,
9591,1244,interface,NVMe,
9592,1244,nand_type,TLC,
9593,1244,read_speed_mbs,7450,MB/s
9594,1244,write_speed_mbs,6900,MB/s
9595,1244,tbw,600,TB
9596,1245,storage_gb,1024,GB
9597,1245,form_factor,M.2,
9598,1245,interface,NVMe,
9599,1245,nand_type,TLC,
9600,1245,read_speed_mbs,7450,MB/s
9601,1245,write_speed_mbs,6900,MB/s
9602,1245,tbw,600,TB
9603,1246,storage_gb,2048,GB
9604,1246,form_factor,M.2,
9605,1246,interface,NVMe,
9606,1246,read_speed_mbs,5000,MB/s
9607,1246,write_speed_mbs,4400,MB/s
9608,1246,tbw,600,TB
9609,1247,storage_gb,1024,GB
9610,1247,form_factor,M.2,
9611,1247,interface,NVMe,
9612,1247,read_speed_mbs,5000,MB/s
9613,1247,write_speed_mbs,4400,MB/s
9614,1247,tbw,600,TB
9615,1248,storage_gb,512,GB
9616,1248,form_factor,M.2,
9617,1248,interface,NVMe,
9618,1248,read_speed_mbs,5000,MB/s
9619,1248,write_speed_mbs,4400,MB/s
9620,1248,tbw,600,TB
9621,1249,storage_gb,1024,GB
9622,1249,form_factor,M.2,
9623,1249,interface,NVMe,
9624,1249,nand_type,TLC,
9625,1249,read_speed_mbs,3600,MB/s
9626,1249,write_speed_mbs,3000,MB/s
9627,1249,tbw,300,TB
9628,1250,storage_gb,500,GB
9629,1250,form_factor,M.2,
9630,1250,interface,NVMe,
9631,1250,nand_type,TLC,
9632,1250,read_speed_mbs,3600,MB/s
9633,1250,write_speed_mbs,3000,MB/s
9634,1250,tbw,300,TB
9635,1251,storage_gb,4096,GB
9636,1251,form_factor,M.2,
9637,1251,interface,NVMe,
9638,1251,nand_type,TLC,
9639,1251,read_speed_mbs,7400,MB/s
9640,1251,write_speed_mbs,6900,MB/s
9641,1251,tbw,2400,TB
9642,1252,storage_gb,2048,GB
9643,1252,form_factor,M.2,
9644,1252,interface,NVMe,
9645,1252,nand_type,TLC,
9646,1252,read_speed_mbs,7400,MB/s
9647,1252,write_speed_mbs,6900,MB/s
9648,1252,tbw,2400,TB
9649,1253,storage_gb,4096,GB
9650,1253,form_factor,M.2,
9651,1253,interface,NVMe,
9652,1253,nand_type,TLC,
9653,1253,read_speed_mbs,7450,MB/s
9654,1253,write_speed_mbs,6900,MB/s
9655,1253,tbw,1200,TB
9656,1254,storage_gb,2048,GB
9657,1254,form_factor,M.2,
9658,1254,interface,NVMe,
9659,1254,nand_type,TLC,
9660,1254,read_speed_mbs,7450,MB/s
9661,1254,write_speed_mbs,6900,MB/s
9662,1254,tbw,1200,TB
9663,1255,storage_gb,1024,GB
9664,1255,form_factor,M.2,
9665,1255,interface,NVMe,
9666,1255,nand_type,TLC,
9667,1255,read_speed_mbs,7450,MB/s
9668,1255,write_speed_mbs,6900,MB/s
9669,1255,tbw,1200,TB
9670,1256,storage_gb,1024,GB
9671,1256,form_factor,2.5형,
9672,1256,interface,SATA,
9673,1256,read_speed_mbs,560,MB/s
9674,1256,write_speed_mbs,540,MB/s
9675,1256,tbw,180,TB
9676,1257,storage_gb,512,GB
9677,1257,form_factor,2.5형,
9678,1257,interface,SATA,
9679,1257,read_speed_mbs,560,MB/s
9680,1257,write_speed_mbs,540,MB/s
9681,1257,tbw,180,TB
9682,1258,storage_gb,256,GB
9683,1258,form_factor,2.5형,
9684,1258,interface,SATA,
9685,1258,read_speed_mbs,560,MB/s
9686,1258,write_speed_mbs,540,MB/s
9687,1258,tbw,180,TB
9688,1259,storage_gb,2048,GB
9689,1259,form_factor,2.5형,
9690,1259,interface,SATA,
9691,1259,nand_type,TLC,
9692,1259,read_speed_mbs,560,MB/s
9693,1259,write_speed_mbs,500,MB/s
9694,1259,tbw,720,TB
9695,1260,storage_gb,1024,GB
9696,1260,form_factor,2.5형,
9697,1260,interface,SATA,
9698,1260,nand_type,TLC,
9699,1260,read_speed_mbs,560,MB/s
9700,1260,write_speed_mbs,500,MB/s
9701,1260,tbw,720,TB
9702,1261,storage_gb,500,GB
9703,1261,form_factor,2.5형,
9704,1261,interface,SATA,
9705,1261,nand_type,TLC,
9706,1261,read_speed_mbs,560,MB/s
9707,1261,write_speed_mbs,500,MB/s
9708,1261,tbw,720,TB
9709,1262,storage_gb,250,GB
9710,1262,form_factor,2.5형,
9711,1262,interface,SATA,
9712,1262,nand_type,TLC,
9713,1262,read_speed_mbs,560,MB/s
9714,1262,write_speed_mbs,500,MB/s
9715,1262,tbw,720,TB
9716,1263,storage_gb,1024,GB
9717,1263,form_factor,M.2,
9718,1263,interface,NVMe,
9719,1263,nand_type,TLC,
9720,1263,read_speed_mbs,7400,MB/s
9721,1263,write_speed_mbs,6300,MB/s
9722,1263,tbw,1200,TB
9723,1264,storage_gb,2048,GB
9724,1264,form_factor,M.2,
9725,1264,interface,NVMe,
9726,1264,nand_type,TLC,
9727,1264,read_speed_mbs,7400,MB/s
9728,1264,write_speed_mbs,6300,MB/s
9729,1264,tbw,1200,TB
9730,1265,storage_gb,4096,GB
9731,1265,form_factor,M.2,
9732,1265,interface,NVMe,
9733,1265,nand_type,TLC,
9734,1265,read_speed_mbs,7250,MB/s
9735,1265,write_speed_mbs,6900,MB/s
9736,1265,tbw,1200,TB
9737,1266,storage_gb,2048,GB
9738,1266,form_factor,M.2,
9739,1266,interface,NVMe,
9740,1266,nand_type,TLC,
9741,1266,read_speed_mbs,7250,MB/s
9742,1266,write_speed_mbs,6900,MB/s
9743,1266,tbw,1200,TB
9744,1267,storage_gb,1024,GB
9745,1267,form_factor,M.2,
9746,1267,interface,NVMe,
9747,1267,nand_type,TLC,
9748,1267,read_speed_mbs,7250,MB/s
9749,1267,write_speed_mbs,6900,MB/s
9750,1267,tbw,1200,TB
9751,1268,storage_gb,500,GB
9752,1268,form_factor,M.2,
9753,1268,interface,NVMe,
9754,1268,nand_type,TLC,
9755,1268,read_speed_mbs,7250,MB/s
9756,1268,write_speed_mbs,6900,MB/s
9757,1268,tbw,1200,TB
9758,1269,storage_gb,2048,GB
9759,1269,form_factor,M.2,
9760,1269,interface,NVMe,
9761,1269,nand_type,QLC,
9762,1269,read_speed_mbs,7200,MB/s
9763,1269,write_speed_mbs,6600,MB/s
9764,1269,tbw,300,TB
9765,1270,storage_gb,1024,GB
9766,1270,form_factor,M.2,
9767,1270,interface,NVMe,
9768,1270,nand_type,QLC,
9769,1270,read_speed_mbs,7200,MB/s
9770,1270,write_speed_mbs,6600,MB/s
9771,1270,tbw,300,TB
9772,1271,storage_gb,480,GB
9773,1271,form_factor,2.5형,
9774,1271,interface,SATA,
9775,1271,nand_type,TLC,
9776,1271,read_speed_mbs,555,MB/s
9777,1271,write_speed_mbs,530,MB/s
9778,1271,tbw,120,TB
9779,1272,storage_gb,4096,GB
9780,1272,form_factor,2.5형,
9781,1272,interface,SATA,
9782,1272,nand_type,TLC,
9783,1272,read_speed_mbs,560,MB/s
9784,1272,write_speed_mbs,520,MB/s
9785,1272,tbw,600,TB
9786,1273,storage_gb,2048,GB
9787,1273,form_factor,2.5형,
9788,1273,interface,SATA,
9789,1273,nand_type,TLC,
9790,1273,read_speed_mbs,560,MB/s
9791,1273,write_speed_mbs,520,MB/s
9792,1273,tbw,600,TB
9793,1274,storage_gb,1024,GB
9794,1274,form_factor,2.5형,
9795,1274,interface,SATA,
9796,1274,nand_type,TLC,
9797,1274,read_speed_mbs,560,MB/s
9798,1274,write_speed_mbs,520,MB/s
9799,1274,tbw,600,TB
9800,1275,storage_gb,500,GB
9801,1275,form_factor,2.5형,
9802,1275,interface,SATA,
9803,1275,nand_type,TLC,
9804,1275,read_speed_mbs,560,MB/s
9805,1275,write_speed_mbs,520,MB/s
9806,1275,tbw,600,TB
9807,1276,storage_gb,4096,GB
9808,1276,form_factor,M.2,
9809,1276,interface,NVMe,
9810,1276,nand_type,TLC,
9811,1276,read_speed_mbs,6200,MB/s
9812,1276,write_speed_mbs,4900,MB/s
9813,1276,tbw,1200,TB
9814,1277,storage_gb,2048,GB
9815,1277,form_factor,M.2,
9816,1277,interface,NVMe,
9817,1277,nand_type,TLC,
9818,1277,read_speed_mbs,6200,MB/s
9819,1277,write_speed_mbs,4900,MB/s
9820,1277,tbw,1200,TB
9821,1278,storage_gb,1024,GB
9822,1278,form_factor,M.2,
9823,1278,interface,NVMe,
9824,1278,nand_type,TLC,
9825,1278,read_speed_mbs,6200,MB/s
9826,1278,write_speed_mbs,4900,MB/s
9827,1278,tbw,1200,TB
9828,1279,storage_gb,512,GB
9829,1279,form_factor,M.2,
9830,1279,interface,NVMe,
9831,1279,nand_type,TLC,
9832,1279,read_speed_mbs,3200,MB/s
9833,1279,write_speed_mbs,2000,MB/s
9834,1280,storage_gb,256,GB
9835,1280,form_factor,M.2,
9836,1280,interface,NVMe,
9837,1280,nand_type,TLC,
9838,1280,read_speed_mbs,3200,MB/s
9839,1280,write_speed_mbs,2000,MB/s
9840,1281,storage_gb,1024,GB
9841,1281,form_factor,M.2,
9842,1281,interface,NVMe,
9843,1281,read_speed_mbs,2100,MB/s
9844,1281,write_speed_mbs,1700,MB/s
9845,1281,tbw,350,TB
9846,1282,storage_gb,512,GB
9847,1282,form_factor,M.2,
9848,1282,interface,NVMe,
9849,1282,read_speed_mbs,2100,MB/s
9850,1282,write_speed_mbs,1700,MB/s
9851,1282,tbw,350,TB
9852,1283,storage_gb,4096,GB
9853,1283,form_factor,M.2,
9854,1283,interface,NVMe,
9855,1283,nand_type,TLC,
9856,1283,read_speed_mbs,14900,MB/s
9857,1283,write_speed_mbs,11000,MB/s
9858,1283,tbw,600,TB
9859,1284,storage_gb,2048,GB
9860,1284,form_factor,M.2,
9861,1284,interface,NVMe,
9862,1284,nand_type,TLC,
9863,1284,read_speed_mbs,14900,MB/s
9864,1284,write_speed_mbs,11000,MB/s
9865,1284,tbw,600,TB
9866,1285,storage_gb,1024,GB
9867,1285,form_factor,M.2,
9868,1285,interface,NVMe,
9869,1285,nand_type,TLC,
9870,1285,read_speed_mbs,14900,MB/s
9871,1285,write_speed_mbs,11000,MB/s
9872,1285,tbw,600,TB
9873,1286,storage_gb,2048,GB
9874,1286,form_factor,M.2,
9875,1286,interface,NVMe,
9876,1286,nand_type,TLC,
9877,1286,read_speed_mbs,5000,MB/s
9878,1286,write_speed_mbs,3900,MB/s
9879,1286,tbw,1200,TB
9880,1287,storage_gb,1024,GB
9881,1287,form_factor,M.2,
9882,1287,interface,NVMe,
9883,1287,nand_type,TLC,
9884,1287,read_speed_mbs,5000,MB/s
9885,1287,write_speed_mbs,3900,MB/s
9886,1287,tbw,1200,TB
9887,1288,storage_gb,4096,GB
9888,1288,form_factor,M.2,
9889,1288,interface,NVMe,
9890,1288,nand_type,TLC,
9891,1288,read_speed_mbs,7300,MB/s
9892,1288,write_speed_mbs,6600,MB/s
9893,1288,tbw,600,TB
9894,1289,storage_gb,2048,GB
9895,1289,form_factor,M.2,
9896,1289,interface,NVMe,
9897,1289,nand_type,TLC,
9898,1289,read_speed_mbs,7300,MB/s
9899,1289,write_speed_mbs,6600,MB/s
9900,1289,tbw,600,TB
9901,1290,storage_gb,1024,GB
9902,1290,form_factor,M.2,
9903,1290,interface,NVMe,
9904,1290,nand_type,TLC,
9905,1290,read_speed_mbs,7300,MB/s
9906,1290,write_speed_mbs,6600,MB/s
9907,1290,tbw,600,TB
9908,1291,storage_gb,2048,GB
9909,1291,form_factor,M.2,
9910,1291,interface,NVMe,
9911,1291,nand_type,QLC,
9912,1291,read_speed_mbs,7150,MB/s
9913,1291,write_speed_mbs,6450,MB/s
9914,1291,tbw,400,TB
9915,1292,storage_gb,1024,GB
9916,1292,form_factor,M.2,
9917,1292,interface,NVMe,
9918,1292,nand_type,QLC,
9919,1292,read_speed_mbs,7150,MB/s
9920,1292,write_speed_mbs,6450,MB/s
9921,1292,tbw,400,TB
9922,1293,storage_gb,1024,GB
9923,1293,form_factor,M.2,
9924,1293,interface,NVMe,
9925,1293,nand_type,QLC,
9926,1293,read_speed_mbs,7100,MB/s
9927,1293,write_speed_mbs,6000,MB/s
9928,1293,tbw,220,TB
9929,1294,storage_gb,500,GB
9930,1294,form_factor,M.2,
9931,1294,interface,NVMe,
9932,1294,nand_type,QLC,
9933,1294,read_speed_mbs,7100,MB/s
9934,1294,write_speed_mbs,6000,MB/s
9935,1294,tbw,220,TB
9936,1295,storage_gb,2048,GB
9937,1295,form_factor,M.2,
9938,1295,interface,NVMe,
9939,1295,nand_type,TLC,
9940,1295,read_speed_mbs,6900,MB/s
9941,1295,write_speed_mbs,5000,MB/s
9942,1295,tbw,300,TB
9943,1296,storage_gb,1024,GB
9944,1296,form_factor,M.2,
9945,1296,interface,NVMe,
9946,1296,nand_type,TLC,
9947,1296,read_speed_mbs,6900,MB/s
9948,1296,write_speed_mbs,5000,MB/s
9949,1296,tbw,300,TB
9950,1297,storage_gb,512,GB
9951,1297,form_factor,M.2,
9952,1297,interface,NVMe,
9953,1297,nand_type,TLC,
9954,1297,read_speed_mbs,6900,MB/s
9955,1297,write_speed_mbs,5000,MB/s
9956,1297,tbw,300,TB
9957,1298,storage_gb,256,GB
9958,1298,form_factor,M.2,
9959,1298,interface,NVMe,
9960,1298,nand_type,TLC,
9961,1298,read_speed_mbs,6900,MB/s
9962,1298,write_speed_mbs,5000,MB/s
9963,1298,tbw,300,TB
9964,1299,storage_gb,1024,GB
9965,1299,form_factor,M.2,
9966,1299,interface,NVMe,
9967,1299,nand_type,TLC,
9968,1299,read_speed_mbs,5000,MB/s
9969,1299,write_speed_mbs,3700,MB/s
9970,1299,tbw,300,TB
9971,1300,storage_gb,500,GB
9972,1300,form_factor,M.2,
9973,1300,interface,NVMe,
9974,1300,nand_type,TLC,
9975,1300,read_speed_mbs,5000,MB/s
9976,1300,write_speed_mbs,3700,MB/s
9977,1300,tbw,300,TB
9978,1301,storage_gb,4096,GB
9979,1301,form_factor,2.5형,
9980,1301,interface,SATA,
9981,1301,nand_type,TLC,
9982,1301,read_speed_mbs,560,MB/s
9983,1301,write_speed_mbs,530,MB/s
9984,1301,tbw,600,TB
9985,1302,storage_gb,2048,GB
9986,1302,form_factor,2.5형,
9987,1302,interface,SATA,
9988,1302,nand_type,TLC,
9989,1302,read_speed_mbs,560,MB/s
9990,1302,write_speed_mbs,530,MB/s
9991,1302,tbw,600,TB
9992,1303,storage_gb,1024,GB
9993,1303,form_factor,2.5형,
9994,1303,interface,SATA,
9995,1303,nand_type,TLC,
9996,1303,read_speed_mbs,560,MB/s
9997,1303,write_speed_mbs,530,MB/s
9998,1303,tbw,600,TB
9999,1304,storage_gb,500,GB
10000,1304,form_factor,2.5형,
10001,1304,interface,SATA,
10002,1304,nand_type,TLC,
10003,1304,read_speed_mbs,560,MB/s
10004,1304,write_speed_mbs,530,MB/s
10005,1304,tbw,600,TB
10006,1305,storage_gb,1024,GB
10007,1305,form_factor,M.2,
10008,1305,interface,NVMe,
10009,1305,nand_type,TLC,
10010,1305,read_speed_mbs,3000,MB/s
10011,1305,write_speed_mbs,1800,MB/s
10012,1306,storage_gb,512,GB
10013,1306,form_factor,M.2,
10014,1306,interface,NVMe,
10015,1306,nand_type,TLC,
10016,1306,read_speed_mbs,3000,MB/s
10017,1306,write_speed_mbs,1800,MB/s
10018,1307,storage_gb,256,GB
10019,1307,form_factor,M.2,
10020,1307,interface,NVMe,
10021,1307,nand_type,TLC,
10022,1307,read_speed_mbs,3000,MB/s
10023,1307,write_speed_mbs,1800,MB/s
10024,1308,storage_gb,4096,GB
10025,1308,form_factor,M.2,
10026,1308,interface,NVMe,
10027,1308,nand_type,TLC,
10028,1308,read_speed_mbs,3400,MB/s
10029,1308,write_speed_mbs,3100,MB/s
10030,1308,tbw,5100,TB
10031,1309,storage_gb,2048,GB
10032,1309,form_factor,M.2,
10033,1309,interface,NVMe,
10034,1309,nand_type,TLC,
10035,1309,read_speed_mbs,3400,MB/s
10036,1309,write_speed_mbs,3100,MB/s
10037,1309,tbw,5100,TB
10038,1310,storage_gb,1024,GB
10039,1310,form_factor,M.2,
10040,1310,interface,NVMe,
10041,1310,nand_type,TLC,
10042,1310,read_speed_mbs,3400,MB/s
10043,1310,write_speed_mbs,3100,MB/s
10044,1310,tbw,5100,TB
10045,1311,storage_gb,4096,GB
10046,1311,form_factor,M.2,
10047,1311,interface,NVMe,
10048,1311,nand_type,TLC,
10049,1311,read_speed_mbs,6800,MB/s
10050,1311,write_speed_mbs,5800,MB/s
10051,1311,tbw,300,TB
10052,1312,storage_gb,2048,GB
10053,1312,form_factor,M.2,
10054,1312,interface,NVMe,
10055,1312,nand_type,TLC,
10056,1312,read_speed_mbs,6800,MB/s
10057,1312,write_speed_mbs,5800,MB/s
10058,1312,tbw,300,TB
10059,1313,storage_gb,1024,GB
10060,1313,form_factor,M.2,
10061,1313,interface,NVMe,
10062,1313,nand_type,TLC,
10063,1313,read_speed_mbs,6800,MB/s
10064,1313,write_speed_mbs,5800,MB/s
10065,1313,tbw,300,TB
10066,1314,storage_gb,500,GB
10067,1314,form_factor,M.2,
10068,1314,interface,NVMe,
10069,1314,nand_type,TLC,
10070,1314,read_speed_mbs,6800,MB/s
10071,1314,write_speed_mbs,5800,MB/s
10072,1314,tbw,300,TB
10073,1315,storage_gb,1024,GB
10074,1315,form_factor,M.2,
10075,1315,interface,NVMe,
10076,1315,nand_type,TLC,
10077,1315,read_speed_mbs,12200,MB/s
10078,1315,write_speed_mbs,6300,MB/s
10079,1315,tbw,300,TB
10080,1316,storage_gb,512,GB
10081,1316,form_factor,M.2,
10082,1316,interface,NVMe,
10083,1316,nand_type,TLC,
10084,1316,read_speed_mbs,12200,MB/s
10085,1316,write_speed_mbs,6300,MB/s
10086,1316,tbw,300,TB
10087,1317,storage_gb,2048,GB
10088,1317,form_factor,M.2,
10089,1317,interface,NVMe,
10090,1317,nand_type,QLC,
10091,1317,read_speed_mbs,7200,MB/s
10092,1317,write_speed_mbs,6200,MB/s
10093,1317,tbw,400,TB
10094,1318,storage_gb,1024,GB
10095,1318,form_factor,M.2,
10096,1318,interface,NVMe,
10097,1318,nand_type,QLC,
10098,1318,read_speed_mbs,7200,MB/s
10099,1318,write_speed_mbs,6200,MB/s
10100,1318,tbw,400,TB
10101,1319,storage_gb,512,GB
10102,1319,form_factor,M.2,
10103,1319,interface,NVMe,
10104,1319,nand_type,TLC,
10105,1319,read_speed_mbs,3500,MB/s
10106,1319,write_speed_mbs,2400,MB/s
10107,1319,tbw,250,TB
10108,1320,storage_gb,256,GB
10109,1320,form_factor,M.2,
10110,1320,interface,NVMe,
10111,1320,nand_type,TLC,
10112,1320,read_speed_mbs,3500,MB/s
10113,1320,write_speed_mbs,2400,MB/s
10114,1320,tbw,250,TB
10115,1321,storage_gb,2048,GB
10116,1321,form_factor,M.2,
10117,1321,interface,NVMe,
10118,1321,nand_type,QLC,
10119,1321,read_speed_mbs,3000,MB/s
10120,1321,write_speed_mbs,2500,MB/s
10121,1321,tbw,240,TB
10122,1322,storage_gb,1024,GB
10123,1322,form_factor,M.2,
10124,1322,interface,NVMe,
10125,1322,nand_type,QLC,
10126,1322,read_speed_mbs,3000,MB/s
10127,1322,write_speed_mbs,2500,MB/s
10128,1322,tbw,240,TB
10129,1323,storage_gb,512,GB
10130,1323,form_factor,M.2,
10131,1323,interface,NVMe,
10132,1323,nand_type,QLC,
10133,1323,read_speed_mbs,3000,MB/s
10134,1323,write_speed_mbs,2500,MB/s
10135,1323,tbw,240,TB
10136,1324,storage_gb,256,GB
10137,1324,form_factor,M.2,
10138,1324,interface,NVMe,
10139,1324,nand_type,QLC,
10140,1324,read_speed_mbs,3000,MB/s
10141,1324,write_speed_mbs,2500,MB/s
10142,1324,tbw,240,TB
10143,1325,storage_gb,512,GB
10144,1325,form_factor,2.5형,
10145,1325,interface,SATA,
10146,1325,nand_type,TLC,
10147,1325,read_speed_mbs,500,MB/s
10148,1325,write_speed_mbs,480,MB/s
10149,1326,storage_gb,256,GB
10150,1326,form_factor,2.5형,
10151,1326,interface,SATA,
10152,1326,nand_type,TLC,
10153,1326,read_speed_mbs,500,MB/s
10154,1326,write_speed_mbs,480,MB/s
10155,1327,storage_gb,4096,GB
10156,1327,form_factor,M.2,
10157,1327,interface,NVMe,
10158,1327,nand_type,TLC,
10159,1327,read_speed_mbs,14900,MB/s
10160,1327,write_speed_mbs,12700,MB/s
10161,1327,tbw,600,TB
10162,1328,storage_gb,2048,GB
10163,1328,form_factor,M.2,
10164,1328,interface,NVMe,
10165,1328,nand_type,TLC,
10166,1328,read_speed_mbs,14900,MB/s
10167,1328,write_speed_mbs,12700,MB/s
10168,1328,tbw,600,TB
10169,1329,storage_gb,1024,GB
10170,1329,form_factor,M.2,
10171,1329,interface,NVMe,
10172,1329,nand_type,TLC,
10173,1329,read_speed_mbs,14900,MB/s
10174,1329,write_speed_mbs,12700,MB/s
10175,1329,tbw,600,TB
10176,1330,storage_gb,256,GB
10177,1330,form_factor,2.5형,
10178,1330,interface,SATA,
10179,1330,nand_type,TLC,
10180,1330,read_speed_mbs,560,MB/s
10181,1330,write_speed_mbs,510,MB/s
10182,1331,storage_gb,1024,GB
10183,1331,form_factor,M.2,
10184,1331,interface,NVMe,
10185,1331,nand_type,TLC,
10186,1331,read_speed_mbs,7000,MB/s
10187,1331,write_speed_mbs,6000,MB/s
10188,1332,storage_gb,256,GB
10189,1332,form_factor,2.5형,
10190,1332,interface,SATA,
10191,1332,read_speed_mbs,500,MB/s
10192,1332,write_speed_mbs,350,MB/s
10193,1333,storage_gb,512,GB
10194,1333,form_factor,2.5형,
10195,1333,interface,SATA,
10196,1333,read_speed_mbs,500,MB/s
10197,1333,write_speed_mbs,350,MB/s
10198,1334,storage_gb,4096,GB
10199,1334,form_factor,M.2,
10200,1334,interface,NVMe,
10201,1334,nand_type,TLC,
10202,1334,read_speed_mbs,7300,MB/s
10203,1334,write_speed_mbs,6600,MB/s
10204,1334,tbw,1200,TB
10205,1335,storage_gb,2048,GB
10206,1335,form_factor,M.2,
10207,1335,interface,NVMe,
10208,1335,nand_type,TLC,
10209,1335,read_speed_mbs,7300,MB/s
10210,1335,write_speed_mbs,6600,MB/s
10211,1335,tbw,1200,TB
10212,1336,storage_gb,1024,GB
10213,1336,form_factor,M.2,
10214,1336,interface,NVMe,
10215,1336,nand_type,TLC,
10216,1336,read_speed_mbs,7300,MB/s
10217,1336,write_speed_mbs,6600,MB/s
10218,1336,tbw,1200,TB
10219,1337,storage_gb,1024,GB
10220,1337,form_factor,M.2,
10221,1337,interface,NVMe,
10222,1337,nand_type,TLC,
10223,1337,read_speed_mbs,3300,MB/s
10224,1337,write_speed_mbs,2800,MB/s
10225,1338,storage_gb,512,GB
10226,1338,form_factor,M.2,
10227,1338,interface,NVMe,
10228,1338,nand_type,TLC,
10229,1338,read_speed_mbs,3300,MB/s
10230,1338,write_speed_mbs,2800,MB/s
10231,1339,storage_gb,256,GB
10232,1339,form_factor,M.2,
10233,1339,interface,NVMe,
10234,1339,nand_type,TLC,
10235,1339,read_speed_mbs,3300,MB/s
10236,1339,write_speed_mbs,2800,MB/s
10237,1340,storage_gb,1024,GB
10238,1340,form_factor,M.2,
10239,1340,interface,NVMe,
10240,1340,nand_type,QLC,
10241,1340,read_speed_mbs,4700,MB/s
10242,1340,write_speed_mbs,1700,MB/s
10243,1340,tbw,160,TB
10244,1341,storage_gb,500,GB
10245,1341,form_factor,M.2,
10246,1341,interface,NVMe,
10247,1341,nand_type,QLC,
10248,1341,read_speed_mbs,4700,MB/s
10249,1341,write_speed_mbs,1700,MB/s
10250,1341,tbw,160,TB
10251,1342,storage_gb,1024,GB
10252,1342,form_factor,2.5형,
10253,1342,interface,SATA,
10254,1342,read_speed_mbs,520,MB/s
10255,1342,write_speed_mbs,450,MB/s
10256,1342,tbw,1120,TB
10257,1343,storage_gb,2048,GB
10258,1343,form_factor,2.5형,
10259,1343,interface,SATA,
10260,1343,read_speed_mbs,520,MB/s
10261,1343,write_speed_mbs,450,MB/s
10262,1343,tbw,1120,TB
10263,1344,storage_gb,512,GB
10264,1344,form_factor,2.5형,
10265,1344,interface,SATA,
10266,1344,read_speed_mbs,520,MB/s
10267,1344,write_speed_mbs,450,MB/s
10268,1344,tbw,1120,TB
10269,1345,storage_gb,256,GB
10270,1345,form_factor,2.5형,
10271,1345,interface,SATA,
10272,1345,read_speed_mbs,520,MB/s
10273,1345,write_speed_mbs,450,MB/s
10274,1345,tbw,1120,TB
10275,1346,storage_gb,4096,GB
10276,1346,form_factor,M.2,
10277,1346,interface,NVMe,
10278,1346,nand_type,QLC,
10279,1346,read_speed_mbs,10000,MB/s
10280,1346,write_speed_mbs,9600,MB/s
10281,1346,tbw,1200,TB
10282,1347,storage_gb,2048,GB
10283,1347,form_factor,M.2,
10284,1347,interface,NVMe,
10285,1347,nand_type,QLC,
10286,1347,read_speed_mbs,10000,MB/s
10287,1347,write_speed_mbs,9600,MB/s
10288,1347,tbw,1200,TB
10289,1348,storage_gb,1024,GB
10290,1348,form_factor,M.2,
10291,1348,interface,NVMe,
10292,1348,nand_type,QLC,
10293,1348,read_speed_mbs,10000,MB/s
10294,1348,write_speed_mbs,9600,MB/s
10295,1348,tbw,1200,TB
10296,1349,storage_gb,2048,GB
10297,1349,form_factor,M.2,
10298,1349,interface,NVMe,
10299,1349,nand_type,TLC,
10300,1349,read_speed_mbs,7400,MB/s
10301,1349,write_speed_mbs,5500,MB/s
10302,1349,tbw,740,TB
10303,1350,storage_gb,1024,GB
10304,1350,form_factor,M.2,
10305,1350,interface,NVMe,
10306,1350,nand_type,TLC,
10307,1350,read_speed_mbs,7400,MB/s
10308,1350,write_speed_mbs,5500,MB/s
10309,1350,tbw,740,TB
10310,1351,storage_gb,512,GB
10311,1351,form_factor,M.2,
10312,1351,interface,NVMe,
10313,1351,nand_type,TLC,
10314,1351,read_speed_mbs,7400,MB/s
10315,1351,write_speed_mbs,5500,MB/s
10316,1351,tbw,740,TB
10317,1352,storage_gb,4096,GB
10318,1352,form_factor,M.2,
10319,1352,interface,NVMe,
10320,1352,nand_type,TLC,
10321,1352,read_speed_mbs,5000,MB/s
10322,1352,write_speed_mbs,4800,MB/s
10323,1352,tbw,700,TB
10324,1353,storage_gb,2048,GB
10325,1353,form_factor,M.2,
10326,1353,interface,NVMe,
10327,1353,nand_type,TLC,
10328,1353,read_speed_mbs,5000,MB/s
10329,1353,write_speed_mbs,4800,MB/s
10330,1353,tbw,700,TB
10331,1354,storage_gb,1024,GB
10332,1354,form_factor,M.2,
10333,1354,interface,NVMe,
10334,1354,nand_type,TLC,
10335,1354,read_speed_mbs,5000,MB/s
10336,1354,write_speed_mbs,4800,MB/s
10337,1354,tbw,700,TB
10338,1355,storage_gb,500,GB
10339,1355,form_factor,M.2,
10340,1355,interface,NVMe,
10341,1355,nand_type,TLC,
10342,1355,read_speed_mbs,5000,MB/s
10343,1355,write_speed_mbs,4800,MB/s
10344,1355,tbw,700,TB
10345,1356,storage_gb,2048,GB
10346,1356,form_factor,M.2,
10347,1356,interface,NVMe,
10348,1356,nand_type,TLC,
10349,1356,read_speed_mbs,14500,MB/s
10350,1356,write_speed_mbs,10000,MB/s
10351,1356,tbw,1200,TB
10352,1357,storage_gb,4096,GB
10353,1357,form_factor,M.2,
10354,1357,interface,NVMe,
10355,1357,nand_type,TLC,
10356,1357,read_speed_mbs,14500,MB/s
10357,1357,write_speed_mbs,10000,MB/s
10358,1357,tbw,1200,TB
10359,1358,storage_gb,1024,GB
10360,1358,form_factor,M.2,
10361,1358,interface,NVMe,
10362,1358,nand_type,TLC,
10363,1358,read_speed_mbs,14500,MB/s
10364,1358,write_speed_mbs,10000,MB/s
10365,1358,tbw,1200,TB
10366,1359,storage_gb,2048,GB
10367,1359,form_factor,M.2,
10368,1359,interface,NVMe,
10369,1359,nand_type,TLC,
10370,1359,read_speed_mbs,7300,MB/s
10371,1359,write_speed_mbs,6900,MB/s
10372,1359,tbw,2550,TB
10373,1360,storage_gb,1024,GB
10374,1360,form_factor,M.2,
10375,1360,interface,NVMe,
10376,1360,nand_type,TLC,
10377,1360,read_speed_mbs,7300,MB/s
10378,1360,write_speed_mbs,6900,MB/s
10379,1360,tbw,2550,TB
10380,1361,storage_gb,4096,GB
10381,1361,form_factor,M.2,
10382,1361,interface,NVMe,
10383,1361,nand_type,QLC,
10384,1361,read_speed_mbs,7100,MB/s
10385,1361,write_speed_mbs,6700,MB/s
10386,1361,tbw,900,TB
10387,1362,storage_gb,2048,GB
10388,1362,form_factor,M.2,
10389,1362,interface,NVMe,
10390,1362,nand_type,QLC,
10391,1362,read_speed_mbs,7100,MB/s
10392,1362,write_speed_mbs,6700,MB/s
10393,1362,tbw,900,TB
10394,1363,storage_gb,1024,GB
10395,1363,form_factor,M.2,
10396,1363,interface,NVMe,
10397,1363,nand_type,QLC,
10398,1363,read_speed_mbs,7100,MB/s
10399,1363,write_speed_mbs,6700,MB/s
10400,1363,tbw,900,TB
10401,1364,storage_gb,500,GB
10402,1364,form_factor,M.2,
10403,1364,interface,NVMe,
10404,1364,nand_type,QLC,
10405,1364,read_speed_mbs,7100,MB/s
10406,1364,write_speed_mbs,6700,MB/s
10407,1364,tbw,900,TB
10408,1365,storage_gb,4096,GB
10409,1365,form_factor,M.2,
10410,1365,interface,NVMe,
10411,1365,nand_type,TLC,
10412,1365,read_speed_mbs,14700,MB/s
10413,1365,write_speed_mbs,13300,MB/s
10414,1365,tbw,600,TB
10415,1366,storage_gb,2048,GB
10416,1366,form_factor,M.2,
10417,1366,interface,NVMe,
10418,1366,nand_type,TLC,
10419,1366,read_speed_mbs,14700,MB/s
10420,1366,write_speed_mbs,13300,MB/s
10421,1366,tbw,600,TB
10422,1367,storage_gb,1024,GB
10423,1367,form_factor,M.2,
10424,1367,interface,NVMe,
10425,1367,nand_type,TLC,
10426,1367,read_speed_mbs,14700,MB/s
10427,1367,write_speed_mbs,13300,MB/s
10428,1367,tbw,600,TB
10429,1368,storage_gb,1024,GB
10430,1368,form_factor,2.5형,
10431,1368,interface,SATA,
10432,1368,read_speed_mbs,550,MB/s
10433,1368,write_speed_mbs,500,MB/s
10434,1369,storage_gb,500,GB
10435,1369,form_factor,2.5형,
10436,1369,interface,SATA,
10437,1369,read_speed_mbs,550,MB/s
10438,1369,write_speed_mbs,500,MB/s
10439,1370,storage_gb,250,GB
10440,1370,form_factor,2.5형,
10441,1370,interface,SATA,
10442,1370,read_speed_mbs,550,MB/s
10443,1370,write_speed_mbs,500,MB/s
10444,1371,storage_gb,2048,GB
10445,1371,form_factor,M.2,
10446,1371,interface,NVMe,
10447,1371,nand_type,QLC,
10448,1371,read_speed_mbs,5200,MB/s
10449,1371,write_speed_mbs,4800,MB/s
10450,1371,tbw,800,TB
10451,1372,storage_gb,1024,GB
10452,1372,form_factor,M.2,
10453,1372,interface,NVMe,
10454,1372,nand_type,QLC,
10455,1372,read_speed_mbs,5200,MB/s
10456,1372,write_speed_mbs,4800,MB/s
10457,1372,tbw,800,TB
10458,1373,storage_gb,256,GB
10459,1373,form_factor,M.2,
10460,1373,interface,NVMe,
10461,1373,nand_type,TLC,
10462,1373,read_speed_mbs,3200,MB/s
10463,1373,write_speed_mbs,1200,MB/s
10464,1373,tbw,100,TB
10465,1374,storage_gb,1024,GB
10466,1374,form_factor,M.2,
10467,1374,interface,NVMe,
10468,1374,nand_type,QLC,
10469,1374,read_speed_mbs,7200,MB/s
10470,1374,write_speed_mbs,6200,MB/s
10471,1374,tbw,400,TB
10472,1375,storage_gb,2048,GB
10473,1375,form_factor,M.2,
10474,1375,interface,NVMe,
10475,1375,nand_type,QLC,
10476,1375,read_speed_mbs,5000,MB/s
10477,1375,write_speed_mbs,4500,MB/s
10478,1375,tbw,100,TB
10479,1376,storage_gb,1024,GB
10480,1376,form_factor,M.2,
10481,1376,interface,NVMe,
10482,1376,nand_type,QLC,
10483,1376,read_speed_mbs,5000,MB/s
10484,1376,write_speed_mbs,4500,MB/s
10485,1376,tbw,100,TB
10486,1377,storage_gb,2048,GB
10487,1377,form_factor,2.5형,
10488,1377,interface,SATA,
10489,1377,nand_type,TLC,
10490,1377,read_speed_mbs,545,MB/s
10491,1378,storage_gb,1024,GB
10492,1378,form_factor,2.5형,
10493,1378,interface,SATA,
10494,1378,nand_type,TLC,
10495,1378,read_speed_mbs,545,MB/s
10496,1379,storage_gb,500,GB
10497,1379,form_factor,2.5형,
10498,1379,interface,SATA,
10499,1379,nand_type,TLC,
10500,1379,read_speed_mbs,545,MB/s
10501,1380,storage_gb,480,GB
10502,1380,form_factor,2.5형,
10503,1380,interface,SATA,
10504,1380,nand_type,TLC,
10505,1380,read_speed_mbs,545,MB/s
10506,1381,storage_gb,250,GB
10507,1381,form_factor,2.5형,
10508,1381,interface,SATA,
10509,1381,nand_type,TLC,
10510,1381,read_speed_mbs,545,MB/s
10511,1382,storage_gb,2048,GB
10512,1382,form_factor,2.5형,
10513,1382,interface,SATA,
10514,1382,nand_type,QLC,
10515,1382,read_speed_mbs,550,MB/s
10516,1382,write_speed_mbs,480,MB/s
10517,1382,tbw,160,TB
10518,1383,storage_gb,1024,GB
10519,1383,form_factor,2.5형,
10520,1383,interface,SATA,
10521,1383,nand_type,QLC,
10522,1383,read_speed_mbs,550,MB/s
10523,1383,write_speed_mbs,480,MB/s
10524,1383,tbw,160,TB
10525,1384,storage_gb,512,GB
10526,1384,form_factor,2.5형,
10527,1384,interface,SATA,
10528,1384,nand_type,QLC,
10529,1384,read_speed_mbs,550,MB/s
10530,1384,write_speed_mbs,480,MB/s
10531,1384,tbw,160,TB
10532,1385,storage_gb,256,GB
10533,1385,form_factor,2.5형,
10534,1385,interface,SATA,
10535,1385,nand_type,QLC,
10536,1385,read_speed_mbs,550,MB/s
10537,1385,write_speed_mbs,480,MB/s
10538,1385,tbw,160,TB
10539,1386,storage_gb,2048,GB
10540,1386,form_factor,M.2,
10541,1386,interface,NVMe,
10542,1386,read_speed_mbs,11000,MB/s
10543,1386,write_speed_mbs,9700,MB/s
10544,1386,tbw,750,TB
10545,1387,storage_gb,1024,GB
10546,1387,form_factor,M.2,
10547,1387,interface,NVMe,
10548,1387,read_speed_mbs,11000,MB/s
10549,1387,write_speed_mbs,9700,MB/s
10550,1387,tbw,750,TB
10551,1388,storage_gb,2048,GB
10552,1388,form_factor,M.2,
10553,1388,interface,NVMe,
10554,1388,nand_type,QLC,
10555,1388,read_speed_mbs,5000,MB/s
10556,1388,write_speed_mbs,4200,MB/s
10557,1388,tbw,150,TB
10558,1389,storage_gb,1024,GB
10559,1389,form_factor,M.2,
10560,1389,interface,NVMe,
10561,1389,nand_type,QLC,
10562,1389,read_speed_mbs,5000,MB/s
10563,1389,write_speed_mbs,4200,MB/s
10564,1389,tbw,150,TB
10565,1390,storage_gb,500,GB
10566,1390,form_factor,M.2,
10567,1390,interface,NVMe,
10568,1390,nand_type,QLC,
10569,1390,read_speed_mbs,3600,MB/s
10570,1390,write_speed_mbs,3100,MB/s
10571,1390,tbw,150,TB
10572,1391,storage_gb,2048,GB
10573,1391,form_factor,M.2,
10574,1391,interface,NVMe,
10575,1391,nand_type,TLC,
10576,1391,read_speed_mbs,7400,MB/s
10577,1391,write_speed_mbs,7000,MB/s
10578,1391,tbw,1400,TB
10579,1392,storage_gb,1024,GB
10580,1392,form_factor,M.2,
10581,1392,interface,NVMe,
10582,1392,nand_type,TLC,
10583,1392,read_speed_mbs,7400,MB/s
10584,1392,write_speed_mbs,7000,MB/s
10585,1392,tbw,1400,TB
10586,1393,storage_gb,1024,GB
10587,1393,form_factor,M.2,
10588,1393,interface,NVMe,
10589,1393,read_speed_mbs,1700,MB/s
10590,1393,write_speed_mbs,1100,MB/s
10591,1394,storage_gb,500,GB
10592,1394,form_factor,M.2,
10593,1394,interface,NVMe,
10594,1394,read_speed_mbs,1700,MB/s
10595,1394,write_speed_mbs,1100,MB/s
10596,1395,storage_gb,256,GB
10597,1395,form_factor,M.2,
10598,1395,interface,NVMe,
10599,1395,read_speed_mbs,1700,MB/s
10600,1395,write_speed_mbs,1100,MB/s
10601,1396,storage_gb,2048,GB
10602,1396,form_factor,M.2,
10603,1396,interface,NVMe,
10604,1396,nand_type,TLC,
10605,1396,read_speed_mbs,7400,MB/s
10606,1396,write_speed_mbs,6800,MB/s
10607,1396,tbw,1500,TB
10608,1397,storage_gb,1024,GB
10609,1397,form_factor,M.2,
10610,1397,interface,NVMe,
10611,1397,nand_type,TLC,
10612,1397,read_speed_mbs,7400,MB/s
10613,1397,write_speed_mbs,6800,MB/s
10614,1397,tbw,1500,TB
10615,1398,storage_gb,1024,GB
10616,1398,form_factor,M.2,
10617,1398,interface,NVMe,
10618,1398,nand_type,QLC,
10619,1398,read_speed_mbs,5000,MB/s
10620,1398,write_speed_mbs,3000,MB/s
10621,1398,tbw,160,TB
10622,1399,storage_gb,2048,GB
10623,1399,form_factor,M.2,
10624,1399,interface,NVMe,
10625,1399,nand_type,QLC,
10626,1399,read_speed_mbs,5000,MB/s
10627,1399,write_speed_mbs,3000,MB/s
10628,1399,tbw,160,TB
10629,1400,storage_gb,500,GB
10630,1400,form_factor,M.2,
10631,1400,interface,NVMe,
10632,1400,nand_type,QLC,
10633,1400,read_speed_mbs,5000,MB/s
10634,1400,write_speed_mbs,3000,MB/s
10635,1400,tbw,160,TB
10636,1401,storage_gb,4096,GB
10637,1401,form_factor,M.2,
10638,1401,interface,NVMe,
10639,1401,nand_type,TLC,
10640,1401,read_speed_mbs,14900,MB/s
10641,1401,write_speed_mbs,14000,MB/s
10642,1401,tbw,2400,TB
10643,1402,storage_gb,2048,GB
10644,1402,form_factor,M.2,
10645,1402,interface,NVMe,
10646,1402,nand_type,TLC,
10647,1402,read_speed_mbs,14900,MB/s
10648,1402,write_speed_mbs,14000,MB/s
10649,1402,tbw,2400,TB
10650,1403,storage_gb,1024,GB
10651,1403,form_factor,M.2,
10652,1403,interface,NVMe,
10653,1403,nand_type,TLC,
10654,1403,read_speed_mbs,14900,MB/s
10655,1403,write_speed_mbs,14000,MB/s
10656,1403,tbw,2400,TB
10657,1404,storage_gb,2048,GB
10658,1404,form_factor,M.2,
10659,1404,interface,NVMe,
10660,1404,nand_type,TLC,
10661,1404,read_speed_mbs,7400,MB/s
10662,1404,write_speed_mbs,6900,MB/s
10663,1404,tbw,2400,TB
10664,1405,storage_gb,4096,GB
10665,1405,form_factor,M.2,
10666,1405,interface,NVMe,
10667,1405,nand_type,TLC,
10668,1405,read_speed_mbs,7400,MB/s
10669,1405,write_speed_mbs,6900,MB/s
10670,1405,tbw,2400,TB
10671,1406,storage_gb,512,GB
10672,1406,form_factor,2.5형,
10673,1406,interface,SATA,
10674,1406,nand_type,TLC,
10675,1406,read_speed_mbs,540,MB/s
10676,1406,write_speed_mbs,500,MB/s
10677,1406,tbw,100,TB
10678,1407,storage_gb,256,GB
10679,1407,form_factor,2.5형,
10680,1407,interface,SATA,
10681,1407,nand_type,TLC,
10682,1407,read_speed_mbs,540,MB/s
10683,1407,write_speed_mbs,500,MB/s
10684,1407,tbw,100,TB
10685,1408,storage_gb,2048,GB
10686,1408,form_factor,M.2,
10687,1408,interface,NVMe,
10688,1408,nand_type,TLC,
10689,1408,read_speed_mbs,14000,MB/s
10690,1408,write_speed_mbs,10000,MB/s
10691,1408,tbw,740,TB
10692,1409,storage_gb,1024,GB
10693,1409,form_factor,M.2,
10694,1409,interface,NVMe,
10695,1409,nand_type,TLC,
10696,1409,read_speed_mbs,14000,MB/s
10697,1409,write_speed_mbs,10000,MB/s
10698,1409,tbw,740,TB
10699,1410,storage_gb,2048,GB
10700,1410,form_factor,M.2,
10701,1410,interface,NVMe,
10702,1410,nand_type,TLC,
10703,1410,read_speed_mbs,7250,MB/s
10704,1410,write_speed_mbs,6900,MB/s
10705,1410,tbw,1200,TB
10706,1411,storage_gb,512,GB
10707,1411,form_factor,M.2,
10708,1411,interface,NVMe,
10709,1411,nand_type,TLC,
10710,1411,read_speed_mbs,3500,MB/s
10711,1411,write_speed_mbs,2350,MB/s
10712,1411,tbw,320,TB
10713,1412,storage_gb,1024,GB
10714,1412,form_factor,2.5형,
10715,1412,interface,SATA,
10716,1412,nand_type,TLC,
10717,1412,read_speed_mbs,550,MB/s
10718,1412,write_speed_mbs,500,MB/s
10719,1412,tbw,512,TB
10720,1413,storage_gb,512,GB
10721,1413,form_factor,2.5형,
10722,1413,interface,SATA,
10723,1413,nand_type,TLC,
10724,1413,read_speed_mbs,550,MB/s
10725,1413,write_speed_mbs,500,MB/s
10726,1413,tbw,512,TB
10727,1414,storage_gb,256,GB
10728,1414,form_factor,2.5형,
10729,1414,interface,SATA,
10730,1414,nand_type,TLC,
10731,1414,read_speed_mbs,550,MB/s
10732,1414,write_speed_mbs,500,MB/s
10733,1414,tbw,512,TB
10734,1415,storage_gb,2048,GB
10735,1415,form_factor,M.2,
10736,1415,interface,NVMe,
10737,1415,nand_type,QLC,
10738,1415,read_speed_mbs,3500,MB/s
10739,1415,write_speed_mbs,2700,MB/s
10740,1415,tbw,560,TB
10741,1416,storage_gb,1024,GB
10742,1416,form_factor,M.2,
10743,1416,interface,NVMe,
10744,1416,nand_type,QLC,
10745,1416,read_speed_mbs,3500,MB/s
10746,1416,write_speed_mbs,2700,MB/s
10747,1416,tbw,560,TB
10748,1417,storage_gb,500,GB
10749,1417,form_factor,M.2,
10750,1417,interface,NVMe,
10751,1417,nand_type,QLC,
10752,1417,read_speed_mbs,3500,MB/s
10753,1417,write_speed_mbs,2700,MB/s
10754,1417,tbw,560,TB
10755,1418,storage_gb,1024,GB
10756,1418,form_factor,M.2,
10757,1418,interface,SATA,
10758,1418,read_speed_mbs,530,MB/s
10759,1418,write_speed_mbs,400,MB/s
10760,1418,tbw,140,TB
10761,1419,storage_gb,512,GB
10762,1419,form_factor,M.2,
10763,1419,interface,SATA,
10764,1419,read_speed_mbs,530,MB/s
10765,1419,write_speed_mbs,400,MB/s
10766,1419,tbw,140,TB
10767,1420,storage_gb,256,GB
10768,1420,form_factor,M.2,
10769,1420,interface,SATA,
10770,1420,read_speed_mbs,530,MB/s
10771,1420,write_speed_mbs,400,MB/s
10772,1420,tbw,140,TB
10773,1421,storage_gb,4096,GB
10774,1421,form_factor,M.2,
10775,1421,interface,NVMe,
10776,1421,nand_type,QLC,
10777,1421,read_speed_mbs,6000,MB/s
10778,1421,write_speed_mbs,4000,MB/s
10779,1421,tbw,320,TB
10780,1422,storage_gb,2048,GB
10781,1422,form_factor,M.2,
10782,1422,interface,NVMe,
10783,1422,nand_type,QLC,
10784,1422,read_speed_mbs,6000,MB/s
10785,1422,write_speed_mbs,4000,MB/s
10786,1422,tbw,320,TB
10787,1423,storage_gb,1024,GB
10788,1423,form_factor,M.2,
10789,1423,interface,NVMe,
10790,1423,nand_type,QLC,
10791,1423,read_speed_mbs,6000,MB/s
10792,1423,write_speed_mbs,4000,MB/s
10793,1423,tbw,320,TB
10794,1424,storage_gb,500,GB
10795,1424,form_factor,M.2,
10796,1424,interface,NVMe,
10797,1424,nand_type,QLC,
10798,1424,read_speed_mbs,6000,MB/s
10799,1424,write_speed_mbs,4000,MB/s
10800,1424,tbw,320,TB
10801,1425,storage_gb,2048,GB
10802,1425,form_factor,M.2,
10803,1425,interface,NVMe,
10804,1425,nand_type,TLC,
10805,1425,read_speed_mbs,7000,MB/s
10806,1425,write_speed_mbs,6000,MB/s
10807,1425,tbw,800,TB
10808,1426,storage_gb,4096,GB
10809,1426,form_factor,M.2,
10810,1426,interface,NVMe,
10811,1426,nand_type,TLC,
10812,1426,read_speed_mbs,7000,MB/s
10813,1426,write_speed_mbs,6000,MB/s
10814,1426,tbw,800,TB
10815,1427,storage_gb,1024,GB
10816,1427,form_factor,M.2,
10817,1427,interface,NVMe,
10818,1427,nand_type,TLC,
10819,1427,read_speed_mbs,7000,MB/s
10820,1427,write_speed_mbs,6000,MB/s
10821,1427,tbw,800,TB
10822,1428,storage_gb,512,GB
10823,1428,form_factor,M.2,
10824,1428,interface,NVMe,
10825,1428,nand_type,TLC,
10826,1428,read_speed_mbs,7000,MB/s
10827,1428,write_speed_mbs,6000,MB/s
10828,1428,tbw,800,TB
10829,1429,storage_gb,512,GB
10830,1429,form_factor,M.2,
10831,1429,interface,SATA,
10832,1429,nand_type,TLC,
10833,1429,read_speed_mbs,550,MB/s
10834,1429,write_speed_mbs,500,MB/s
10835,1429,tbw,256,TB
10836,1430,storage_gb,256,GB
10837,1430,form_factor,M.2,
10838,1430,interface,SATA,
10839,1430,nand_type,TLC,
10840,1430,read_speed_mbs,550,MB/s
10841,1430,write_speed_mbs,500,MB/s
10842,1430,tbw,256,TB
10843,1431,storage_gb,1024,GB
10844,1431,form_factor,2.5형,
10845,1431,interface,SATA,
10846,1431,nand_type,TLC,
10847,1431,read_speed_mbs,530,MB/s
10848,1431,write_speed_mbs,430,MB/s
10849,1431,tbw,400,TB
10850,1432,storage_gb,512,GB
10851,1432,form_factor,2.5형,
10852,1432,interface,SATA,
10853,1432,nand_type,TLC,
10854,1432,read_speed_mbs,530,MB/s
10855,1432,write_speed_mbs,430,MB/s
10856,1432,tbw,400,TB
10857,1433,storage_gb,256,GB
10858,1433,form_factor,2.5형,
10859,1433,interface,SATA,
10860,1433,nand_type,TLC,
10861,1433,read_speed_mbs,530,MB/s
10862,1433,write_speed_mbs,430,MB/s
10863,1433,tbw,400,TB
10864,1434,storage_gb,4096,GB
10865,1434,form_factor,M.2,
10866,1434,interface,NVMe,
10867,1434,nand_type,TLC,
10868,1434,read_speed_mbs,7300,MB/s
10869,1434,write_speed_mbs,6600,MB/s
10870,1434,tbw,2400,TB
10871,1435,storage_gb,2048,GB
10872,1435,form_factor,M.2,
10873,1435,interface,NVMe,
10874,1435,nand_type,TLC,
10875,1435,read_speed_mbs,7300,MB/s
10876,1435,write_speed_mbs,6600,MB/s
10877,1435,tbw,2400,TB
10878,1436,storage_gb,1024,GB
10879,1436,form_factor,M.2,
10880,1436,interface,NVMe,
10881,1436,nand_type,TLC,
10882,1436,read_speed_mbs,7300,MB/s
10883,1436,write_speed_mbs,6600,MB/s
10884,1436,tbw,2400,TB
10885,1437,storage_gb,512,GB
10886,1437,form_factor,M.2,
10887,1437,interface,NVMe,
10888,1437,nand_type,TLC,
10889,1437,read_speed_mbs,7050,MB/s
10890,1437,write_speed_mbs,4200,MB/s
10891,1437,tbw,500,TB
10892,1438,storage_gb,256,GB
10893,1438,form_factor,2.5형,
10894,1438,interface,SATA,
10895,1438,nand_type,TLC,
10896,1438,read_speed_mbs,300,MB/s
10897,1438,write_speed_mbs,200,MB/s
10898,1438,tbw,30,TB
10899,1439,storage_gb,480,GB
10900,1439,form_factor,2.5형,
10901,1439,interface,SATA,
10902,1439,nand_type,TLC,
10903,1439,read_speed_mbs,500,MB/s
10904,1439,write_speed_mbs,500,MB/s
10905,1440,storage_gb,1024,GB
10906,1440,form_factor,M.2,
10907,1440,interface,NVMe,
10908,1440,nand_type,QLC,
10909,1440,read_speed_mbs,7000,MB/s
10910,1440,write_speed_mbs,6500,MB/s
10911,1440,tbw,400,TB
10912,1441,storage_gb,2048,GB
10913,1441,form_factor,2.5형,
10914,1441,interface,SATA,
10915,1441,nand_type,TLC,
10916,1441,read_speed_mbs,560,MB/s
10917,1441,write_speed_mbs,380,MB/s
10918,1441,tbw,70,TB
10919,1442,storage_gb,4096,GB
10920,1442,form_factor,2.5형,
10921,1442,interface,SATA,
10922,1442,nand_type,TLC,
10923,1442,read_speed_mbs,560,MB/s
10924,1442,write_speed_mbs,380,MB/s
10925,1442,tbw,70,TB
10926,1443,storage_gb,1024,GB
10927,1443,form_factor,2.5형,
10928,1443,interface,SATA,
10929,1443,nand_type,TLC,
10930,1443,read_speed_mbs,560,MB/s
10931,1443,write_speed_mbs,380,MB/s
10932,1443,tbw,70,TB
10933,1444,storage_gb,512,GB
10934,1444,form_factor,2.5형,
10935,1444,interface,SATA,
10936,1444,nand_type,TLC,
10937,1444,read_speed_mbs,560,MB/s
10938,1444,write_speed_mbs,380,MB/s
10939,1444,tbw,70,TB
10940,1445,storage_gb,256,GB
10941,1445,form_factor,2.5형,
10942,1445,interface,SATA,
10943,1445,nand_type,TLC,
10944,1445,read_speed_mbs,560,MB/s
10945,1445,write_speed_mbs,380,MB/s
10946,1445,tbw,70,TB
10947,1446,storage_gb,2048,GB
10948,1446,form_factor,M.2,
10949,1446,interface,NVMe,
10950,1446,read_speed_mbs,2000,MB/s
10951,1446,write_speed_mbs,900,MB/s
10952,1446,tbw,200,TB
10953,1447,storage_gb,1024,GB
10954,1447,form_factor,M.2,
10955,1447,interface,NVMe,
10956,1447,read_speed_mbs,2000,MB/s
10957,1447,write_speed_mbs,900,MB/s
10958,1447,tbw,200,TB
10959,1448,storage_gb,512,GB
10960,1448,form_factor,M.2,
10961,1448,interface,NVMe,
10962,1448,read_speed_mbs,2000,MB/s
10963,1448,write_speed_mbs,900,MB/s
10964,1448,tbw,200,TB
10965,1449,storage_gb,256,GB
10966,1449,form_factor,M.2,
10967,1449,interface,NVMe,
10968,1449,read_speed_mbs,2000,MB/s
10969,1449,write_speed_mbs,900,MB/s
10970,1449,tbw,200,TB
10971,1450,storage_gb,1024,GB
10972,1450,form_factor,2.5형,
10973,1450,interface,SATA,
10974,1450,nand_type,TLC,
10975,1450,read_speed_mbs,550,MB/s
10976,1450,write_speed_mbs,480,MB/s
10977,1450,tbw,100,TB
10978,1451,storage_gb,480,GB
10979,1451,form_factor,2.5형,
10980,1451,interface,SATA,
10981,1451,nand_type,TLC,
10982,1451,read_speed_mbs,550,MB/s
10983,1451,write_speed_mbs,480,MB/s
10984,1451,tbw,100,TB
10985,1452,storage_gb,240,GB
10986,1452,form_factor,2.5형,
10987,1452,interface,SATA,
10988,1452,nand_type,TLC,
10989,1452,read_speed_mbs,550,MB/s
10990,1452,write_speed_mbs,480,MB/s
10991,1452,tbw,100,TB
10992,1453,storage_gb,2048,GB
10993,1453,form_factor,M.2,
10994,1453,interface,NVMe,
10995,1453,read_speed_mbs,5000,MB/s
10996,1453,write_speed_mbs,4300,MB/s
10997,1453,tbw,1200,TB
10998,1454,storage_gb,1024,GB
10999,1454,form_factor,M.2,
11000,1454,interface,NVMe,
11001,1454,read_speed_mbs,5000,MB/s
11002,1454,write_speed_mbs,4300,MB/s
11003,1454,tbw,1200,TB
11004,1455,storage_gb,512,GB
11005,1455,form_factor,M.2,
11006,1455,interface,NVMe,
11007,1455,read_speed_mbs,5000,MB/s
11008,1455,write_speed_mbs,4300,MB/s
11009,1455,tbw,1200,TB
11010,1456,storage_gb,1024,GB
11011,1456,form_factor,M.2,
11012,1456,interface,NVMe,
11013,1456,read_speed_mbs,10400,MB/s
11014,1456,write_speed_mbs,8600,MB/s
11015,1456,tbw,600,TB
11016,1457,storage_gb,2048,GB
11017,1457,form_factor,M.2,
11018,1457,interface,NVMe,
11019,1457,read_speed_mbs,3500,MB/s
11020,1457,write_speed_mbs,3200,MB/s
11021,1457,tbw,2200,TB
11022,1458,storage_gb,1024,GB
11023,1458,form_factor,M.2,
11024,1458,interface,NVMe,
11025,1458,read_speed_mbs,3500,MB/s
11026,1458,write_speed_mbs,3200,MB/s
11027,1458,tbw,2200,TB
11028,1459,storage_gb,512,GB
11029,1459,form_factor,M.2,
11030,1459,interface,NVMe,
11031,1459,read_speed_mbs,3500,MB/s
11032,1459,write_speed_mbs,3200,MB/s
11033,1459,tbw,2200,TB
11034,1460,storage_gb,256,GB
11035,1460,form_factor,M.2,
11036,1460,interface,NVMe,
11037,1460,read_speed_mbs,3500,MB/s
11038,1460,write_speed_mbs,3200,MB/s
11039,1460,tbw,2200,TB
11040,1461,storage_gb,1024,GB
11041,1461,form_factor,M.2,
11042,1461,interface,NVMe,
11043,1461,nand_type,QLC,
11044,1461,read_speed_mbs,4700,MB/s
11045,1461,write_speed_mbs,2800,MB/s
11046,1461,tbw,600,TB
11047,1462,storage_gb,1024,GB
11048,1462,form_factor,M.2,
11049,1462,interface,NVMe,
11050,1462,nand_type,TLC,
11051,1462,read_speed_mbs,7300,MB/s
11052,1462,write_speed_mbs,6000,MB/s
11053,1462,tbw,700,TB
11054,1463,storage_gb,1024,GB
11055,1463,form_factor,M.2,
11056,1463,interface,NVMe,
11057,1463,nand_type,TLC,
11058,1463,read_speed_mbs,5000,MB/s
11059,1463,write_speed_mbs,4800,MB/s
11060,1463,tbw,350,TB
11061,1464,storage_gb,512,GB
11062,1464,form_factor,M.2,
11063,1464,interface,NVMe,
11064,1464,nand_type,TLC,
11065,1464,read_speed_mbs,5000,MB/s
11066,1464,write_speed_mbs,4800,MB/s
11067,1464,tbw,350,TB
11068,1465,storage_gb,2048,GB
11069,1465,form_factor,2.5형,
11070,1465,interface,SATA,
11071,1465,nand_type,QLC,
11072,1465,read_speed_mbs,550,MB/s
11073,1465,write_speed_mbs,500,MB/s
11074,1465,tbw,480,TB
11075,1466,storage_gb,1024,GB
11076,1466,form_factor,2.5형,
11077,1466,interface,SATA,
11078,1466,nand_type,QLC,
11079,1466,read_speed_mbs,550,MB/s
11080,1466,write_speed_mbs,500,MB/s
11081,1466,tbw,480,TB
11082,1467,storage_gb,512,GB
11083,1467,form_factor,2.5형,
11084,1467,interface,SATA,
11085,1467,nand_type,QLC,
11086,1467,read_speed_mbs,550,MB/s
11087,1467,write_speed_mbs,500,MB/s
11088,1467,tbw,480,TB
11089,1468,storage_gb,256,GB
11090,1468,form_factor,2.5형,
11091,1468,interface,SATA,
11092,1468,nand_type,QLC,
11093,1468,read_speed_mbs,550,MB/s
11094,1468,write_speed_mbs,500,MB/s
11095,1468,tbw,480,TB
11096,1469,storage_gb,1024,GB
11097,1469,form_factor,M.2,
11098,1469,interface,NVMe,
11099,1469,nand_type,TLC,
11100,1469,read_speed_mbs,2400,MB/s
11101,1469,write_speed_mbs,1800,MB/s
11102,1469,tbw,260,TB
11103,1470,storage_gb,512,GB
11104,1470,form_factor,M.2,
11105,1470,interface,NVMe,
11106,1470,nand_type,TLC,
11107,1470,read_speed_mbs,2400,MB/s
11108,1470,write_speed_mbs,1800,MB/s
11109,1470,tbw,260,TB
11110,1471,storage_gb,256,GB
11111,1471,form_factor,M.2,
11112,1471,interface,NVMe,
11113,1471,nand_type,TLC,
11114,1471,read_speed_mbs,2400,MB/s
11115,1471,write_speed_mbs,1800,MB/s
11116,1471,tbw,260,TB
11117,1472,storage_gb,1024,GB
11118,1472,form_factor,M.2,
11119,1472,interface,NVMe,
11120,1472,nand_type,TLC,
11121,1472,read_speed_mbs,10200,MB/s
11122,1472,write_speed_mbs,8400,MB/s
11123,1472,tbw,600,TB
11124,1473,storage_gb,2048,GB
11125,1473,form_factor,M.2,
11126,1473,interface,NVMe,
11127,1473,nand_type,QLC,
11128,1473,read_speed_mbs,1700,MB/s
11129,1473,write_speed_mbs,1400,MB/s
11130,1473,tbw,400,TB
11131,1474,storage_gb,1024,GB
11132,1474,form_factor,M.2,
11133,1474,interface,NVMe,
11134,1474,nand_type,QLC,
11135,1474,read_speed_mbs,1700,MB/s
11136,1474,write_speed_mbs,1400,MB/s
11137,1474,tbw,400,TB
11138,1475,storage_gb,512,GB
11139,1475,form_factor,M.2,
11140,1475,interface,NVMe,
11141,1475,nand_type,QLC,
11142,1475,read_speed_mbs,1700,MB/s
11143,1475,write_speed_mbs,1400,MB/s
11144,1475,tbw,400,TB
11145,1476,storage_gb,256,GB
11146,1476,form_factor,M.2,
11147,1476,interface,NVMe,
11148,1476,nand_type,QLC,
11149,1476,read_speed_mbs,1700,MB/s
11150,1476,write_speed_mbs,1400,MB/s
11151,1476,tbw,400,TB
11152,1477,storage_gb,500,GB
11153,1477,form_factor,M.2,
11154,1477,interface,NVMe,
11155,1477,nand_type,QLC,
11156,1477,read_speed_mbs,2300,MB/s
11157,1477,write_speed_mbs,1500,MB/s
11158,1477,tbw,120,TB
11159,1478,storage_gb,1024,GB
11160,1478,form_factor,M.2,
11161,1478,interface,NVMe,
11162,1478,nand_type,TLC,
11163,1478,read_speed_mbs,1800,MB/s
11164,1478,write_speed_mbs,1500,MB/s
11165,1478,tbw,240,TB
11166,1479,storage_gb,512,GB
11167,1479,form_factor,M.2,
11168,1479,interface,NVMe,
11169,1479,nand_type,TLC,
11170,1479,read_speed_mbs,1800,MB/s
11171,1479,write_speed_mbs,1500,MB/s
11172,1479,tbw,240,TB
11173,1480,storage_gb,512,GB
11174,1480,form_factor,M.2,
11175,1480,interface,NVMe,
11176,1480,nand_type,TLC,
11177,1480,read_speed_mbs,1900,MB/s
11178,1480,write_speed_mbs,1200,MB/s
11179,1480,tbw,160,TB
11180,1481,storage_gb,2048,GB
11181,1481,form_factor,M.2,
11182,1481,interface,NVMe,
11183,1481,nand_type,TLC,
11184,1481,read_speed_mbs,7400,MB/s
11185,1481,write_speed_mbs,6800,MB/s
11186,1481,tbw,1560,TB
11187,1482,storage_gb,1024,GB
11188,1482,form_factor,M.2,
11189,1482,interface,NVMe,
11190,1482,nand_type,TLC,
11191,1482,read_speed_mbs,7400,MB/s
11192,1482,write_speed_mbs,6800,MB/s
11193,1482,tbw,1560,TB
11194,1483,storage_gb,1024,GB
11195,1483,form_factor,M.2,
11196,1483,interface,NVMe,
11197,1483,nand_type,TLC,
11198,1483,read_speed_mbs,7100,MB/s
11199,1483,write_speed_mbs,6100,MB/s
11200,1483,tbw,700,TB
11201,1484,storage_gb,512,GB
11202,1484,form_factor,M.2,
11203,1484,interface,SATA,
11204,1484,nand_type,TLC,
11205,1484,read_speed_mbs,530,MB/s
11206,1484,write_speed_mbs,430,MB/s
11207,1484,tbw,256,TB
11208,1485,storage_gb,256,GB
11209,1485,form_factor,M.2,
11210,1485,interface,SATA,
11211,1485,nand_type,TLC,
11212,1485,read_speed_mbs,530,MB/s
11213,1485,write_speed_mbs,430,MB/s
11214,1485,tbw,256,TB
11215,1486,storage_gb,4096,GB
11216,1486,form_factor,M.2,
11217,1486,interface,NVMe,
11218,1486,nand_type,TLC,
11219,1486,read_speed_mbs,3200,MB/s
11220,1486,write_speed_mbs,1800,MB/s
11221,1486,tbw,150,TB
11222,1487,storage_gb,2048,GB
11223,1487,form_factor,M.2,
11224,1487,interface,NVMe,
11225,1487,nand_type,TLC,
11226,1487,read_speed_mbs,3200,MB/s
11227,1487,write_speed_mbs,1800,MB/s
11228,1487,tbw,150,TB
11229,1488,storage_gb,1024,GB
11230,1488,form_factor,M.2,
11231,1488,interface,NVMe,
11232,1488,nand_type,TLC,
11233,1488,read_speed_mbs,3200,MB/s
11234,1488,write_speed_mbs,1800,MB/s
11235,1488,tbw,150,TB
11236,1489,storage_gb,500,GB
11237,1489,form_factor,M.2,
11238,1489,interface,NVMe,
11239,1489,nand_type,TLC,
11240,1489,read_speed_mbs,3200,MB/s
11241,1489,write_speed_mbs,1800,MB/s
11242,1489,tbw,150,TB
11243,1490,storage_gb,250,GB
11244,1490,form_factor,M.2,
11245,1490,interface,NVMe,
11246,1490,nand_type,TLC,
11247,1490,read_speed_mbs,3200,MB/s
11248,1490,write_speed_mbs,1800,MB/s
11249,1490,tbw,150,TB
11250,1491,storage_gb,1024,GB
11251,1491,form_factor,M.2,
11252,1491,interface,NVMe,
11253,1491,nand_type,TLC,
11254,1491,read_speed_mbs,7000,MB/s
11255,1491,write_speed_mbs,5300,MB/s
11256,1491,tbw,600,TB
11257,1492,storage_gb,256,GB
11258,1492,form_factor,M.2,
11259,1492,interface,NVMe,
11260,1492,nand_type,TLC,
11261,1492,read_speed_mbs,1800,MB/s
11262,1492,write_speed_mbs,900,MB/s
11263,1492,tbw,120,TB
11264,1493,storage_gb,480,GB
11265,1493,form_factor,2.5형,
11266,1493,interface,SATA,
11267,1493,nand_type,TLC,
11268,1493,read_speed_mbs,500,MB/s
11269,1493,write_speed_mbs,350,MB/s
11270,1493,tbw,40,TB
11271,1494,storage_gb,240,GB
11272,1494,form_factor,2.5형,
11273,1494,interface,SATA,
11274,1494,nand_type,TLC,
11275,1494,read_speed_mbs,500,MB/s
11276,1494,write_speed_mbs,350,MB/s
11277,1494,tbw,40,TB
11278,1495,storage_gb,480,GB
11279,1495,form_factor,M.2,
11280,1495,interface,SATA,
11281,1495,read_speed_mbs,500,MB/s
11282,1495,write_speed_mbs,430,MB/s
11283,1495,tbw,80,TB
11284,1496,storage_gb,240,GB
11285,1496,form_factor,M.2,
11286,1496,interface,SATA,
11287,1496,read_speed_mbs,500,MB/s
11288,1496,write_speed_mbs,430,MB/s
11289,1496,tbw,80,TB
11290,1497,storage_gb,480,GB
11291,1497,form_factor,M.2,
11292,1497,interface,SATA,
11293,1497,read_speed_mbs,500,MB/s
11294,1497,write_speed_mbs,430,MB/s
11295,1497,tbw,80,TB
11296,1498,storage_gb,240,GB
11297,1498,form_factor,M.2,
11298,1498,interface,SATA,
11299,1498,read_speed_mbs,500,MB/s
11300,1498,write_speed_mbs,430,MB/s
11301,1498,tbw,80,TB
11302,1499,storage_gb,512,GB
11303,1499,form_factor,M.2,
11304,1499,interface,SATA,
11305,1499,read_speed_mbs,520,MB/s
11306,1499,write_speed_mbs,500,MB/s
11307,1499,tbw,280,TB
11308,1500,storage_gb,1024,GB
11309,1500,form_factor,M.2,
11310,1500,interface,NVMe,
11311,1500,read_speed_mbs,2400,MB/s
11312,1500,write_speed_mbs,1800,MB/s
11313,1500,tbw,260,TB
11314,1501,storage_gb,512,GB
11315,1501,form_factor,M.2,
11316,1501,interface,NVMe,
11317,1501,read_speed_mbs,2400,MB/s
11318,1501,write_speed_mbs,1800,MB/s
11319,1501,tbw,260,TB
11320,1502,storage_gb,256,GB
11321,1502,form_factor,M.2,
11322,1502,interface,NVMe,
11323,1502,read_speed_mbs,2400,MB/s
11324,1502,write_speed_mbs,1800,MB/s
11325,1502,tbw,260,TB
11326,1503,storage_gb,4096,GB
11327,1503,form_factor,M.2,
11328,1503,interface,NVMe,
11329,1503,nand_type,TLC,
11330,1503,read_speed_mbs,14700,MB/s
11331,1503,write_speed_mbs,14000,MB/s
11332,1503,tbw,2000,TB
11333,1504,storage_gb,2048,GB
11334,1504,form_factor,M.2,
11335,1504,interface,NVMe,
11336,1504,nand_type,TLC,
11337,1504,read_speed_mbs,14700,MB/s
11338,1504,write_speed_mbs,14000,MB/s
11339,1504,tbw,2000,TB
11340,1505,storage_gb,1024,GB
11341,1505,form_factor,M.2,
11342,1505,interface,NVMe,
11343,1505,nand_type,TLC,
11344,1505,read_speed_mbs,14700,MB/s
11345,1505,write_speed_mbs,14000,MB/s
11346,1505,tbw,2000,TB
11347,1506,storage_gb,2048,GB
11348,1506,form_factor,M.2,
11349,1506,interface,NVMe,
11350,1506,read_speed_mbs,7100,MB/s
11351,1506,write_speed_mbs,6500,MB/s
11352,1506,tbw,1560,TB
11353,1507,storage_gb,1024,GB
11354,1507,form_factor,M.2,
11355,1507,interface,NVMe,
11356,1507,read_speed_mbs,7100,MB/s
11357,1507,write_speed_mbs,6500,MB/s
11358,1507,tbw,1560,TB
11359,1508,storage_gb,1024,GB
11360,1508,form_factor,M.2,
11361,1508,interface,NVMe,
11362,1508,nand_type,QLC,
11363,1508,read_speed_mbs,1900,MB/s
11364,1508,write_speed_mbs,900,MB/s
11365,1508,tbw,150,TB
11366,1509,storage_gb,500,GB
11367,1509,form_factor,M.2,
11368,1509,interface,NVMe,
11369,1509,nand_type,QLC,
11370,1509,read_speed_mbs,1900,MB/s
11371,1509,write_speed_mbs,900,MB/s
11372,1509,tbw,150,TB
11373,1510,storage_gb,2048,GB
11374,1510,form_factor,M.2,
11375,1510,interface,NVMe,
11376,1510,nand_type,TLC,
11377,1510,read_speed_mbs,2400,MB/s
11378,1510,write_speed_mbs,1950,MB/s
11379,1510,tbw,600,TB
11380,1511,storage_gb,1024,GB
11381,1511,form_factor,M.2,
11382,1511,interface,NVMe,
11383,1511,nand_type,TLC,
11384,1511,read_speed_mbs,2400,MB/s
11385,1511,write_speed_mbs,1950,MB/s
11386,1511,tbw,600,TB
11387,1512,storage_gb,250,GB
11388,1512,form_factor,M.2,
11389,1512,interface,NVMe,
11390,1512,nand_type,TLC,
11391,1512,read_speed_mbs,2400,MB/s
11392,1512,write_speed_mbs,1950,MB/s
11393,1512,tbw,600,TB
11394,1513,storage_gb,256,GB
11395,1513,form_factor,M.2,
11396,1513,interface,NVMe,
11397,1513,nand_type,TLC,
11398,1513,read_speed_mbs,3300,MB/s
11399,1513,write_speed_mbs,1350,MB/s
11400,1514,storage_gb,2048,GB
11401,1514,form_factor,M.2,
11402,1514,interface,NVMe,
11403,1514,nand_type,QLC,
11404,1514,read_speed_mbs,3200,MB/s
11405,1514,write_speed_mbs,2500,MB/s
11406,1514,tbw,100,TB
11407,1515,storage_gb,1024,GB
11408,1515,form_factor,M.2,
11409,1515,interface,NVMe,
11410,1515,nand_type,QLC,
11411,1515,read_speed_mbs,3200,MB/s
11412,1515,write_speed_mbs,2500,MB/s
11413,1515,tbw,100,TB
11414,1516,storage_gb,500,GB
11415,1516,form_factor,M.2,
11416,1516,interface,NVMe,
11417,1516,nand_type,QLC,
11418,1516,read_speed_mbs,3200,MB/s
11419,1516,write_speed_mbs,2500,MB/s
11420,1516,tbw,100,TB
11421,1517,storage_gb,250,GB
11422,1517,form_factor,M.2,
11423,1517,interface,NVMe,
11424,1517,nand_type,QLC,
11425,1517,read_speed_mbs,3200,MB/s
11426,1517,write_speed_mbs,2500,MB/s
11427,1517,tbw,100,TB
11428,1518,storage_gb,4096,GB
11429,1518,form_factor,2.5형,
11430,1518,interface,SATA,
11431,1518,nand_type,TLC,
11432,1518,read_speed_mbs,560,MB/s
11433,1518,write_speed_mbs,530,MB/s
11434,1518,tbw,400,TB
11435,1519,storage_gb,1024,GB
11436,1519,form_factor,2.5형,
11437,1519,interface,SATA,
11438,1519,nand_type,TLC,
11439,1519,read_speed_mbs,560,MB/s
11440,1519,write_speed_mbs,530,MB/s
11441,1519,tbw,400,TB
11442,1520,storage_gb,250,GB
11443,1520,form_factor,2.5형,
11444,1520,interface,SATA,
11445,1520,nand_type,TLC,
11446,1520,read_speed_mbs,560,MB/s
11447,1520,write_speed_mbs,530,MB/s
11448,1520,tbw,400,TB
11449,1521,storage_gb,2048,GB
11450,1521,form_factor,M.2,
11451,1521,interface,NVMe,
11452,1521,read_speed_mbs,3300,MB/s
11453,1521,write_speed_mbs,1700,MB/s
11454,1521,tbw,300,TB
11455,1522,storage_gb,1024,GB
11456,1522,form_factor,M.2,
11457,1522,interface,NVMe,
11458,1522,read_speed_mbs,3300,MB/s
11459,1522,write_speed_mbs,1700,MB/s
11460,1522,tbw,300,TB
11461,1523,storage_gb,512,GB
11462,1523,form_factor,M.2,
11463,1523,interface,NVMe,
11464,1523,read_speed_mbs,3300,MB/s
11465,1523,write_speed_mbs,1700,MB/s
11466,1523,tbw,300,TB
11467,1524,storage_gb,2048,GB
11468,1524,form_factor,M.2,
11469,1524,interface,NVMe,
11470,1524,nand_type,TLC,
11471,1524,read_speed_mbs,7400,MB/s
11472,1524,write_speed_mbs,6400,MB/s
11473,1524,tbw,780,TB
11474,1525,storage_gb,1024,GB
11475,1525,form_factor,M.2,
11476,1525,interface,NVMe,
11477,1525,nand_type,TLC,
11478,1525,read_speed_mbs,7400,MB/s
11479,1525,write_speed_mbs,6400,MB/s
11480,1525,tbw,780,TB
11481,1526,wattage,850,W
11482,1526,efficiency_rating,80PLUS 골드,
11483,1526,modular_type,FULL-MODULAR,
11484,1526,form_factor,ATX,
11485,1526,pcie_connector,"16핀x1,8핀x3",
11486,1526,atx_version,ATX3.1,
11487,1526,fan_size,120,mm
11488,1527,wattage,700,W
11489,1527,efficiency_rating,80PLUS 실버,
11490,1527,form_factor,ATX,
11491,1527,pcie_connector,"16핀x1,8핀x2",
11492,1527,atx_version,ATX3.1,
11493,1527,fan_size,120,mm
11494,1528,wattage,1000,W
11495,1528,efficiency_rating,80PLUS 골드,
11496,1528,modular_type,FULL-MODULAR,
11497,1528,form_factor,ATX,
11498,1528,pcie_connector,"16핀x1,8핀x4",
11499,1528,atx_version,ATX3.1,
11500,1528,fan_size,140,mm
11501,1529,wattage,600,W
11502,1529,efficiency_rating,80PLUS 실버,
11503,1529,form_factor,ATX,
11504,1529,pcie_connector,8핀x2,
11505,1529,atx_version,ATX3.1,
11506,1529,fan_size,120,mm
11507,1530,wattage,500,W
11508,1530,efficiency_rating,80PLUS 실버,
11509,1530,form_factor,ATX,
11510,1530,pcie_connector,8핀x2,
11511,1530,atx_version,ATX3.1,
11512,1530,fan_size,120,mm
11513,1531,wattage,750,W
11514,1531,efficiency_rating,80PLUS 골드,
11515,1531,modular_type,FULL-MODULAR,
11516,1531,form_factor,ATX,
11517,1531,pcie_connector,"16핀x1,8핀x2",
11518,1531,atx_version,ATX3.1,
11519,1531,fan_size,120,mm
11520,1532,wattage,850,W
11521,1532,efficiency_rating,80PLUS 골드,
11522,1532,modular_type,FULL-MODULAR,
11523,1532,form_factor,ATX,
11524,1532,pcie_connector,"16핀x1,8핀x3",
11525,1532,atx_version,ATX3.1,
11526,1532,fan_size,120,mm
11527,1533,wattage,1050,W
11528,1533,efficiency_rating,80PLUS 골드,
11529,1533,modular_type,FULL-MODULAR,
11530,1533,form_factor,ATX,
11531,1533,pcie_connector,"16핀x1,8핀x3",
11532,1533,atx_version,ATX3.1,
11533,1533,fan_size,120,mm
11534,1534,wattage,1200,W
11535,1534,efficiency_rating,80PLUS 골드,
11536,1534,modular_type,FULL-MODULAR,
11537,1534,form_factor,ATX,
11538,1534,pcie_connector,"16핀x2,8핀x3",
11539,1534,atx_version,ATX3.1,
11540,1534,fan_size,140,mm
11541,1535,wattage,600,W
11542,1535,efficiency_rating,80PLUS 브론즈,
11543,1535,form_factor,ATX,
11544,1535,pcie_connector,8핀x2,
11545,1535,atx_version,ATX3.1,
11546,1535,fan_size,120,mm
11547,1536,wattage,750,W
11548,1536,efficiency_rating,80PLUS 골드,
11549,1536,modular_type,FULL-MODULAR,
11550,1536,form_factor,ATX,
11551,1536,pcie_connector,"16핀x1,8핀x2",
11552,1536,atx_version,ATX3.1,
11553,1536,fan_size,120,mm
11554,1537,wattage,800,W
11555,1537,efficiency_rating,80PLUS 실버,
11556,1537,form_factor,ATX,
11557,1537,pcie_connector,"16핀x1,8핀x2",
11558,1537,atx_version,ATX3.1,
11559,1537,fan_size,120,mm
11560,1538,wattage,700,W
11561,1538,efficiency_rating,80PLUS 브론즈,
11562,1538,form_factor,ATX,
11563,1538,pcie_connector,"16핀x1,8핀x2",
11564,1538,atx_version,ATX3.1,
11565,1538,fan_size,120,mm
11566,1539,wattage,500,W
11567,1539,efficiency_rating,80PLUS 브론즈,
11568,1539,form_factor,ATX,
11569,1539,pcie_connector,8핀x2,
11570,1539,atx_version,ATX3.1,
11571,1539,fan_size,120,mm
11572,1540,wattage,800,W
11573,1540,form_factor,ATX,
11574,1540,pcie_connector,8핀x4,
11575,1540,atx_version,ATX,
11576,1540,fan_size,120,mm
11577,1541,wattage,650,W
11578,1541,form_factor,ATX,
11579,1541,pcie_connector,8핀x2,
11580,1541,atx_version,ATX3.1,
11581,1541,fan_size,120,mm
11582,1542,wattage,800,W
11583,1542,efficiency_rating,80PLUS 실버,
11584,1542,form_factor,ATX,
11585,1542,pcie_connector,"16핀x1,8핀x2",
11586,1542,atx_version,ATX3.1,
11587,1542,fan_size,120,mm
11588,1543,wattage,700,W
11589,1543,modular_type,FULL-MODULAR,
11590,1543,form_factor,ATX,
11591,1543,pcie_connector,8핀x2,
11592,1543,atx_version,ATX3.1,
11593,1544,wattage,600,W
11594,1544,form_factor,ATX,
11595,1544,pcie_connector,8핀x2,
11596,1544,atx_version,ATX,
11597,1544,fan_size,120,mm
11598,1545,wattage,1050,W
11599,1545,efficiency_rating,80PLUS 골드,
11600,1545,modular_type,FULL-MODULAR,
11601,1545,form_factor,ATX,
11602,1545,pcie_connector,"16핀x1,8핀x3",
11603,1545,atx_version,ATX3.1,
11604,1545,fan_size,120,mm
11605,1546,wattage,900,W
11606,1546,efficiency_rating,80PLUS 실버,
11607,1546,form_factor,ATX,
11608,1546,pcie_connector,"16핀x1,8핀x4",
11609,1546,atx_version,ATX3.1,
11610,1546,fan_size,120,mm
11611,1547,wattage,1000,W
11612,1547,efficiency_rating,80PLUS 플래티넘,
11613,1547,modular_type,FULL-MODULAR,
11614,1547,form_factor,ATX,
11615,1547,pcie_connector,"16핀x1,8핀x3",
11616,1547,atx_version,ATX3.1,
11617,1548,wattage,700,W
11618,1548,efficiency_rating,80PLUS 브론즈,
11619,1548,form_factor,ATX,
11620,1548,pcie_connector,"16핀x1,8핀x2",
11621,1548,atx_version,ATX,
11622,1548,fan_size,120,mm
11623,1549,wattage,500,W
11624,1549,form_factor,ATX,
11625,1549,pcie_connector,8핀x2,
11626,1549,atx_version,ATX,
11627,1549,fan_size,120,mm
11628,1550,wattage,750,W
11629,1550,efficiency_rating,80PLUS 실버,
11630,1550,form_factor,ATX,
11631,1550,pcie_connector,"16핀x1,8핀x2",
11632,1550,atx_version,ATX3.0,
11633,1550,fan_size,120,mm
11634,1551,wattage,800,W
11635,1551,form_factor,ATX,
11636,1551,pcie_connector,"16핀x1,8핀x2",
11637,1551,atx_version,ATX3.1,
11638,1551,fan_size,120,mm
11639,1552,wattage,600,W
11640,1552,form_factor,ATX,
11641,1552,pcie_connector,8핀x2,
11642,1552,atx_version,ATX,
11643,1552,fan_size,120,mm
11644,1553,wattage,750,W
11645,1553,form_factor,ATX,
11646,1553,pcie_connector,"16핀x1,8핀x2",
11647,1553,atx_version,ATX3.1,
11648,1553,fan_size,120,mm
11649,1554,wattage,600,W
11650,1554,efficiency_rating,80PLUS 브론즈,
11651,1554,form_factor,ATX,
11652,1554,pcie_connector,8핀x2,
11653,1554,atx_version,ATX3.1,
11654,1554,fan_size,120,mm
11655,1555,wattage,500,W
11656,1555,form_factor,ATX,
11657,1555,pcie_connector,8핀x2,
11658,1555,atx_version,ATX,
11659,1555,fan_size,120,mm
11660,1556,wattage,700,W
11661,1556,form_factor,ATX,
11662,1556,pcie_connector,"16핀x1,8핀x2",
11663,1556,atx_version,ATX3.1,
11664,1556,fan_size,120,mm
11665,1557,wattage,700,W
11666,1557,efficiency_rating,80PLUS 실버,
11667,1557,form_factor,ATX,
11668,1557,pcie_connector,"16핀x1,8핀x2",
11669,1557,atx_version,ATX3.1,
11670,1557,fan_size,120,mm
11671,1558,wattage,1000,W
11672,1558,efficiency_rating,80PLUS 플래티넘,
11673,1558,modular_type,FULL-MODULAR,
11674,1558,form_factor,ATX,
11675,1558,pcie_connector,"16핀x3,8핀x3",
11676,1558,atx_version,ATX3.1,
11677,1559,wattage,1300,W
11678,1559,efficiency_rating,80PLUS 플래티넘,
11679,1559,modular_type,FULL-MODULAR,
11680,1559,form_factor,ATX,
11681,1559,pcie_connector,"16핀x2,8핀x3",
11682,1559,atx_version,ATX3.1,
11683,1560,wattage,800,W
11684,1560,efficiency_rating,80PLUS 브론즈,
11685,1560,form_factor,ATX,
11686,1560,pcie_connector,"16핀x1,8핀x2",
11687,1560,atx_version,ATX3.1,
11688,1560,fan_size,120,mm
11689,1561,wattage,1050,W
11690,1561,efficiency_rating,80PLUS 플래티넘,
11691,1561,modular_type,FULL-MODULAR,
11692,1561,form_factor,ATX,
11693,1561,pcie_connector,"16핀x1,8핀x2",
11694,1561,atx_version,ATX3.1,
11695,1561,fan_size,120,mm
11696,1562,wattage,850,W
11697,1562,efficiency_rating,80PLUS 플래티넘,
11698,1562,modular_type,FULL-MODULAR,
11699,1562,form_factor,ATX,
11700,1562,pcie_connector,"16핀x1,8핀x3",
11701,1562,atx_version,ATX3.1,
11702,1563,wattage,850,W
11703,1563,efficiency_rating,80PLUS 골드,
11704,1563,modular_type,FULL-MODULAR,
11705,1563,form_factor,ATX,
11706,1563,pcie_connector,"16핀x1,8핀x3",
11707,1563,atx_version,ATX3.1,
11708,1563,fan_size,140,mm
11709,1564,wattage,750,W
11710,1564,efficiency_rating,80PLUS 골드,
11711,1564,form_factor,ATX,
11712,1564,pcie_connector,"16핀x1,8핀x2",
11713,1564,atx_version,ATX3.1,
11714,1564,fan_size,120,mm
11715,1565,wattage,1200,W
11716,1565,efficiency_rating,80PLUS 골드,
11717,1565,modular_type,FULL-MODULAR,
11718,1565,form_factor,ATX,
11719,1565,pcie_connector,"16핀x1,8핀x3",
11720,1565,atx_version,ATX3.1,
11721,1565,fan_size,135,mm
11722,1566,wattage,1200,W
11723,1566,efficiency_rating,80PLUS 골드,
11724,1566,modular_type,FULL-MODULAR,
11725,1566,form_factor,ATX,
11726,1566,pcie_connector,"16핀x1,8핀x3",
11727,1566,atx_version,ATX3.1,
11728,1566,fan_size,135,mm
11729,1567,wattage,550,W
11730,1567,form_factor,ATX,
11731,1567,pcie_connector,8핀x2,
11732,1567,atx_version,ATX3.1,
11733,1567,fan_size,120,mm
11734,1568,wattage,600,W
11735,1568,form_factor,ATX,
11736,1568,pcie_connector,8핀x2,
11737,1568,atx_version,ATX,
11738,1568,fan_size,120,mm
11739,1569,wattage,700,W
11740,1569,form_factor,ATX,
11741,1569,pcie_connector,8핀x4,
11742,1569,atx_version,ATX,
11743,1569,fan_size,120,mm
11744,1570,wattage,600,W
11745,1570,form_factor,ATX,
11746,1570,pcie_connector,8핀x2,
11747,1570,atx_version,ATX,
11748,1570,fan_size,120,mm
11749,1571,wattage,1650,W
11750,1571,efficiency_rating,80PLUS 골드,
11751,1571,modular_type,FULL-MODULAR,
11752,1571,form_factor,ATX,
11753,1571,pcie_connector,"16핀x2,8핀x9",
11754,1571,atx_version,ATX3.1,
11755,1571,fan_size,135,mm
11756,1572,wattage,2500,W
11757,1572,efficiency_rating,80PLUS 플래티넘,
11758,1572,modular_type,FULL-MODULAR,
11759,1572,form_factor,ATX,
11760,1572,pcie_connector,"16핀x4,8핀x7",
11761,1572,atx_version,ATX3.1,
11762,1572,fan_size,135,mm
11763,1573,wattage,700,W
11764,1573,efficiency_rating,80PLUS 브론즈,
11765,1573,form_factor,ATX,
11766,1573,pcie_connector,"16핀x1,8핀x2",
11767,1573,atx_version,ATX3.1,
11768,1573,fan_size,120,mm
11769,1574,wattage,1050,W
11770,1574,efficiency_rating,80PLUS 플래티넘,
11771,1574,modular_type,FULL-MODULAR,
11772,1574,form_factor,ATX,
11773,1574,pcie_connector,"16핀x1,8핀x2",
11774,1574,atx_version,ATX3.0,
11775,1574,fan_size,120,mm
11776,1575,wattage,850,W
11777,1575,efficiency_rating,80PLUS 골드,
11778,1575,form_factor,ATX,
11779,1575,pcie_connector,"16핀x1,8핀x2",
11780,1575,atx_version,ATX3.1,
11781,1575,fan_size,120,mm
11782,1576,wattage,1300,W
11783,1576,efficiency_rating,80PLUS 플래티넘,
11784,1576,modular_type,FULL-MODULAR,
11785,1576,form_factor,ATX,
11786,1576,pcie_connector,"16핀x2,8핀x3",
11787,1576,atx_version,ATX3.1,
11788,1577,wattage,1000,W
11789,1577,efficiency_rating,80PLUS 플래티넘,
11790,1577,modular_type,FULL-MODULAR,
11791,1577,form_factor,ATX,
11792,1577,pcie_connector,"16핀x1,8핀x3",
11793,1577,atx_version,ATX3.0,
11794,1578,wattage,1000,W
11795,1578,efficiency_rating,80PLUS 브론즈,
11796,1578,modular_type,SEMI-MODULAR,
11797,1578,form_factor,ATX,
11798,1578,pcie_connector,8핀x6,
11799,1578,atx_version,ATX,
11800,1578,fan_size,135,mm
11801,1579,wattage,600,W
11802,1579,form_factor,ATX,
11803,1579,pcie_connector,8핀x2,
11804,1579,atx_version,ATX,
11805,1579,fan_size,120,mm
11806,1580,wattage,700,W
11807,1580,form_factor,ATX,
11808,1580,pcie_connector,8핀x4,
11809,1580,atx_version,ATX,
11810,1580,fan_size,120,mm
11811,1581,wattage,750,W
11812,1581,efficiency_rating,80PLUS 실버,
11813,1581,form_factor,ATX,
11814,1581,pcie_connector,"16핀x1,8핀x2",
11815,1581,atx_version,ATX3.1,
11816,1581,fan_size,120,mm
11817,1582,wattage,500,W
11818,1582,form_factor,ATX,
11819,1582,pcie_connector,8핀x2,
11820,1582,atx_version,ATX,
11821,1582,fan_size,120,mm
11822,1583,wattage,850,W
11823,1583,efficiency_rating,80PLUS 실버,
11824,1583,form_factor,ATX,
11825,1583,pcie_connector,"16핀x1,8핀x2",
11826,1583,atx_version,ATX3.1,
11827,1583,fan_size,120,mm
11828,1584,wattage,850,W
11829,1584,efficiency_rating,80PLUS 플래티넘,
11830,1584,modular_type,FULL-MODULAR,
11831,1584,form_factor,ATX,
11832,1584,pcie_connector,"16핀x1,8핀x3",
11833,1584,atx_version,ATX3.0,
11834,1585,wattage,1050,W
11835,1585,efficiency_rating,80PLUS 플래티넘,
11836,1585,modular_type,FULL-MODULAR,
11837,1585,form_factor,ATX,
11838,1585,pcie_connector,8핀x8,
11839,1585,atx_version,ATX,
11840,1585,fan_size,135,mm
11841,1586,wattage,900,W
11842,1586,form_factor,ATX,
11843,1586,pcie_connector,"16핀x1,8핀x4",
11844,1586,atx_version,ATX3.1,
11845,1586,fan_size,120,mm
11846,1587,wattage,850,W
11847,1587,efficiency_rating,80PLUS 브론즈,
11848,1587,modular_type,SEMI-MODULAR,
11849,1587,form_factor,ATX,
11850,1587,pcie_connector,8핀x6,
11851,1587,atx_version,ATX,
11852,1587,fan_size,135,mm
11853,1588,wattage,600,W
11854,1588,efficiency_rating,80PLUS 브론즈,
11855,1588,form_factor,ATX,
11856,1588,pcie_connector,8핀x2,
11857,1588,atx_version,ATX,
11858,1588,fan_size,120,mm
11859,1589,wattage,700,W
11860,1589,efficiency_rating,80PLUS 브론즈,
11861,1589,form_factor,ATX,
11862,1589,pcie_connector,8핀x4,
11863,1589,atx_version,ATX,
11864,1589,fan_size,120,mm
11865,1590,wattage,850,W
11866,1590,efficiency_rating,80PLUS 플래티넘,
11867,1590,modular_type,FULL-MODULAR,
11868,1590,form_factor,ATX,
11869,1590,pcie_connector,8핀x6,
11870,1590,atx_version,ATX,
11871,1590,fan_size,135,mm
11872,1591,wattage,850,W
11873,1591,efficiency_rating,80PLUS 플래티넘,
11874,1591,modular_type,FULL-MODULAR,
11875,1591,form_factor,ATX,
11876,1591,pcie_connector,"16핀x1,8핀x2",
11877,1591,atx_version,ATX3.0,
11878,1591,fan_size,120,mm
11879,1592,wattage,600,W
11880,1592,efficiency_rating,80PLUS 브론즈,
11881,1592,form_factor,ATX,
11882,1592,pcie_connector,8핀x2,
11883,1592,atx_version,ATX,
11884,1592,fan_size,120,mm
11885,1593,wattage,500,W
11886,1593,efficiency_rating,80PLUS 브론즈,
11887,1593,form_factor,ATX,
11888,1593,pcie_connector,8핀x2,
11889,1593,atx_version,ATX,
11890,1593,fan_size,120,mm
11891,1594,wattage,600,W
11892,1594,form_factor,ATX,
11893,1594,pcie_connector,8핀x2,
11894,1594,atx_version,ATX,
11895,1595,wattage,500,W
11896,1595,form_factor,ATX,
11897,1595,pcie_connector,8핀x2,
11898,1595,atx_version,ATX,
11899,1596,wattage,500,W
11900,1596,form_factor,ATX,
11901,1596,pcie_connector,8핀x2,
11902,1596,atx_version,ATX,
11903,1596,fan_size,120,mm
11904,1597,wattage,800,W
11905,1597,form_factor,ATX,
11906,1597,pcie_connector,8핀x4,
11907,1597,atx_version,ATX,
11908,1597,fan_size,120,mm
11909,1598,wattage,800,W
11910,1598,efficiency_rating,80PLUS 브론즈,
11911,1598,form_factor,ATX,
11912,1598,pcie_connector,"16핀x1,8핀x2",
11913,1598,atx_version,ATX3.1,
11914,1598,fan_size,120,mm
11915,1599,wattage,750,W
11916,1599,efficiency_rating,80PLUS 브론즈,
11917,1599,form_factor,ATX,
11918,1599,pcie_connector,8핀x4,
11919,1599,atx_version,ATX,
11920,1599,fan_size,120,mm
11921,1600,wattage,700,W
11922,1600,form_factor,ATX,
11923,1600,pcie_connector,8핀x4,
11924,1600,atx_version,ATX,
11925,1600,fan_size,120,mm
11926,1601,wattage,500,W
11927,1601,form_factor,ATX,
11928,1601,pcie_connector,8핀x2,
11929,1601,atx_version,ATX,
11930,1601,fan_size,120,mm
11931,1602,wattage,750,W
11932,1602,efficiency_rating,80PLUS 실버,
11933,1602,modular_type,SEMI-MODULAR,
11934,1602,form_factor,ATX,
11935,1602,pcie_connector,"16핀x1,8핀x2",
11936,1602,atx_version,ATX3.1,
11937,1603,wattage,850,W
11938,1603,efficiency_rating,80PLUS 실버,
11939,1603,form_factor,ATX,
11940,1603,pcie_connector,"16핀x1,8핀x2",
11941,1603,atx_version,ATX3.0,
11942,1603,fan_size,120,mm
11943,1604,wattage,650,W
11944,1604,efficiency_rating,80PLUS 골드,
11945,1604,modular_type,FULL-MODULAR,
11946,1604,form_factor,ATX,
11947,1604,pcie_connector,8핀x4,
11948,1604,atx_version,ATX,
11949,1604,fan_size,135,mm
11950,1605,wattage,900,W
11951,1605,form_factor,ATX,
11952,1605,pcie_connector,"16핀x1,8핀x4",
11953,1605,atx_version,ATX,
11954,1605,fan_size,140,mm
11955,1606,wattage,850,W
11956,1606,efficiency_rating,80PLUS 실버,
11957,1606,modular_type,SEMI-MODULAR,
11958,1606,form_factor,ATX,
11959,1606,pcie_connector,"16핀x1,8핀x2",
11960,1606,atx_version,ATX3.0,
11961,1606,fan_size,120,mm
11962,1607,wattage,600,W
11963,1607,efficiency_rating,80PLUS 브론즈,
11964,1607,form_factor,ATX,
11965,1607,pcie_connector,8핀x2,
11966,1607,atx_version,ATX,
11967,1607,fan_size,120,mm
11968,1608,wattage,800,W
11969,1608,form_factor,ATX,
11970,1608,pcie_connector,8핀x4,
11971,1608,atx_version,ATX,
11972,1608,fan_size,120,mm
11973,1609,wattage,650,W
11974,1609,efficiency_rating,80PLUS 브론즈,
11975,1609,form_factor,ATX,
11976,1609,pcie_connector,8핀x2,
11977,1609,atx_version,ATX,
11978,1609,fan_size,120,mm
11979,1610,wattage,700,W
11980,1610,form_factor,ATX,
11981,1610,pcie_connector,"16핀x1,8핀x2",
11982,1610,atx_version,ATX,
11983,1610,fan_size,120,mm
11984,1611,wattage,1650,W
11985,1611,efficiency_rating,80PLUS 골드,
11986,1611,modular_type,FULL-MODULAR,
11987,1611,form_factor,ATX,
11988,1611,pcie_connector,"16핀x2,8핀x6",
11989,1611,atx_version,ATX3.0,
11990,1611,fan_size,135,mm
11991,1612,wattage,850,W
11992,1612,efficiency_rating,80PLUS 실버,
11993,1612,modular_type,SEMI-MODULAR,
11994,1612,form_factor,ATX,
11995,1612,pcie_connector,"16핀x1,8핀x2",
11996,1612,atx_version,ATX3.1,
11997,1613,wattage,700,W
11998,1613,form_factor,ATX,
11999,1613,pcie_connector,8핀x4,
12000,1613,atx_version,ATX,
12001,1613,fan_size,120,mm
12002,1614,wattage,1050,W
12003,1614,efficiency_rating,80PLUS 골드,
12004,1614,modular_type,FULL-MODULAR,
12005,1614,form_factor,ATX,
12006,1614,pcie_connector,"16핀x1,8핀x4",
12007,1614,atx_version,ATX,
12008,1614,fan_size,120,mm
12009,1615,wattage,800,W
12010,1615,form_factor,ATX,
12011,1615,pcie_connector,"16핀x1,8핀x2",
12012,1615,atx_version,ATX,
12013,1615,fan_size,120,mm
12014,1616,wattage,750,W
12015,1616,efficiency_rating,80PLUS 브론즈,
12016,1616,form_factor,ATX,
12017,1616,pcie_connector,8핀x4,
12018,1616,atx_version,ATX,
12019,1616,fan_size,120,mm
12020,1617,wattage,750,W
12021,1617,efficiency_rating,80PLUS 실버,
12022,1617,modular_type,SEMI-MODULAR,
12023,1617,form_factor,ATX,
12024,1617,pcie_connector,"16핀x1,8핀x2",
12025,1617,atx_version,ATX3.0,
12026,1617,fan_size,120,mm
12027,1618,wattage,750,W
12028,1618,efficiency_rating,80PLUS 실버,
12029,1618,form_factor,ATX,
12030,1618,pcie_connector,8핀x4,
12031,1618,atx_version,ATX,
12032,1618,fan_size,120,mm
12033,1619,wattage,700,W
12034,1619,form_factor,ATX,
12035,1619,pcie_connector,8핀x4,
12036,1619,atx_version,ATX,
12037,1619,fan_size,120,mm
12038,1620,wattage,850,W
12039,1620,efficiency_rating,80PLUS 실버,
12040,1620,form_factor,ATX,
12041,1620,pcie_connector,8핀x4,
12042,1620,atx_version,ATX,
12043,1620,fan_size,120,mm
12044,1621,wattage,850,W
12045,1621,efficiency_rating,80PLUS 브론즈,
12046,1621,modular_type,SEMI-MODULAR,
12047,1621,form_factor,ATX,
12048,1621,pcie_connector,8핀x6,
12049,1621,atx_version,ATX,
12050,1621,fan_size,135,mm
12051,1622,wattage,500,W
12052,1622,efficiency_rating,80PLUS 브론즈,
12053,1622,form_factor,ATX,
12054,1622,pcie_connector,8핀x2,
12055,1622,atx_version,ATX,
12056,1622,fan_size,120,mm
12057,1623,wattage,750,W
12058,1623,efficiency_rating,80PLUS 골드,
12059,1623,form_factor,ATX,
12060,1623,pcie_connector,8핀x4,
12061,1623,atx_version,ATX,
12062,1623,fan_size,120,mm
12063,1624,wattage,500,W
12064,1624,form_factor,ATX,
12065,1624,pcie_connector,8핀x1,
12066,1624,atx_version,ATX,
12067,1624,fan_size,120,mm
12068,1625,wattage,750,W
12069,1625,efficiency_rating,80PLUS 골드,
12070,1625,modular_type,FULL-MODULAR,
12071,1625,form_factor,ATX,
12072,1625,pcie_connector,8핀x4,
12073,1625,atx_version,ATX,
12074,1625,fan_size,135,mm
12075,1626,wattage,600,W
12076,1626,form_factor,ATX,
12077,1626,pcie_connector,8핀x2,
12078,1626,atx_version,ATX,
12079,1626,fan_size,120,mm
12080,1627,wattage,700,W
12081,1627,efficiency_rating,80PLUS 브론즈,
12082,1627,form_factor,ATX,
12083,1627,pcie_connector,8핀x4,
12084,1627,atx_version,ATX,
12085,1627,fan_size,120,mm
12086,1628,wattage,700,W
12087,1628,form_factor,ATX,
12088,1628,pcie_connector,8핀x4,
12089,1628,atx_version,ATX,
12090,1628,fan_size,120,mm
12091,1629,wattage,600,W
12092,1629,form_factor,ATX,
12093,1629,pcie_connector,8핀x2,
12094,1629,atx_version,ATX,
12095,1629,fan_size,120,mm
12096,1630,wattage,700,W
12097,1630,form_factor,ATX,
12098,1630,pcie_connector,8핀x4,
12099,1630,atx_version,ATX,
12100,1630,fan_size,120,mm
12101,1631,wattage,1000,W
12102,1631,efficiency_rating,80PLUS 골드,
12103,1631,modular_type,FULL-MODULAR,
12104,1631,form_factor,ATX,
12105,1631,pcie_connector,"16핀x1,8핀x4",
12106,1631,atx_version,ATX3.1,
12107,1631,fan_size,140,mm
12108,1632,wattage,850,W
12109,1632,efficiency_rating,80PLUS 골드,
12110,1632,modular_type,FULL-MODULAR,
12111,1632,form_factor,ATX,
12112,1632,pcie_connector,"16핀x1,8핀x3",
12113,1632,atx_version,ATX3.1,
12114,1633,wattage,1200,W
12115,1633,efficiency_rating,80PLUS 플래티넘,
12116,1633,modular_type,FULL-MODULAR,
12117,1633,form_factor,ATX,
12118,1633,pcie_connector,"16핀x2,8핀x4",
12119,1633,atx_version,ATX3.1,
12120,1634,wattage,1000,W
12121,1634,efficiency_rating,80PLUS 골드,
12122,1634,modular_type,FULL-MODULAR,
12123,1634,form_factor,ATX,
12124,1634,pcie_connector,"16핀x1,8핀x4",
12125,1634,atx_version,ATX3.1,
12126,1635,wattage,1000,W
12127,1635,efficiency_rating,80PLUS 플래티넘,
12128,1635,modular_type,FULL-MODULAR,
12129,1635,form_factor,ATX,
12130,1635,pcie_connector,"16핀x1,8핀x4",
12131,1635,atx_version,ATX3.1,
12132,1636,wattage,1200,W
12133,1636,efficiency_rating,80PLUS 플래티넘,
12134,1636,modular_type,FULL-MODULAR,
12135,1636,form_factor,ATX,
12136,1636,pcie_connector,"16핀x2,8핀x4",
12137,1636,atx_version,ATX3.1,
12138,1637,wattage,1300,W
12139,1637,efficiency_rating,80PLUS 골드,
12140,1637,modular_type,FULL-MODULAR,
12141,1637,form_factor,ATX,
12142,1637,pcie_connector,"16핀x2,8핀x4",
12143,1637,atx_version,ATX3.1,
12144,1638,wattage,1000,W
12145,1638,efficiency_rating,80PLUS 골드,
12146,1638,modular_type,FULL-MODULAR,
12147,1638,form_factor,ATX,
12148,1638,pcie_connector,"16핀x1,8핀x4",
12149,1638,atx_version,ATX3.1,
12150,1638,fan_size,140,mm
12151,1639,wattage,1000,W
12152,1639,efficiency_rating,80PLUS 플래티넘,
12153,1639,modular_type,FULL-MODULAR,
12154,1639,form_factor,ATX,
12155,1639,pcie_connector,"16핀x1,8핀x4",
12156,1639,atx_version,ATX3.1,
12157,1640,wattage,1000,W
12158,1640,efficiency_rating,80PLUS 골드,
12159,1640,modular_type,FULL-MODULAR,
12160,1640,form_factor,ATX,
12161,1640,pcie_connector,"16핀x1,8핀x4",
12162,1640,atx_version,ATX3.1,
12163,1640,fan_size,140,mm
12164,1641,wattage,650,W
12165,1641,form_factor,ATX,
12166,1641,pcie_connector,8핀x4,
12167,1641,atx_version,ATX3.1,
12168,1641,fan_size,120,mm
12169,1642,wattage,2200,W
12170,1642,modular_type,FULL-MODULAR,
12171,1642,form_factor,ATX,
12172,1642,pcie_connector,"16핀x2,8핀x6",
12173,1642,atx_version,ATX3.1,
12174,1643,wattage,850,W
12175,1643,efficiency_rating,80PLUS 골드,
12176,1643,modular_type,FULL-MODULAR,
12177,1643,form_factor,ATX,
12178,1643,pcie_connector,"16핀x1,8핀x3",
12179,1643,atx_version,ATX3.1,
12180,1643,fan_size,140,mm
12181,1644,wattage,750,W
12182,1644,form_factor,ATX,
12183,1644,pcie_connector,"16핀x1,8핀x4",
12184,1644,atx_version,ATX3.1,
12185,1644,fan_size,120,mm
12186,1645,wattage,1700,W
12187,1645,modular_type,FULL-MODULAR,
12188,1645,form_factor,ATX,
12189,1645,pcie_connector,"16핀x2,8핀x6",
12190,1645,atx_version,ATX3.1,
12191,1645,fan_size,140,mm
12192,1646,wattage,850,W
12193,1646,efficiency_rating,80PLUS 골드,
12194,1646,modular_type,FULL-MODULAR,
12195,1646,form_factor,ATX,
12196,1646,pcie_connector,"16핀x1,8핀x3",
12197,1646,atx_version,ATX3.1,
12198,1646,fan_size,140,mm
12199,1647,wattage,1300,W
12200,1647,efficiency_rating,80PLUS 골드,
12201,1647,modular_type,FULL-MODULAR,
12202,1647,form_factor,ATX,
12203,1647,pcie_connector,"16핀x1,8핀x4",
12204,1647,atx_version,ATX3.1,
12205,1647,fan_size,140,mm
12206,1648,wattage,1300,W
12207,1648,efficiency_rating,80PLUS 골드,
12208,1648,modular_type,FULL-MODULAR,
12209,1648,form_factor,ATX,
12210,1648,pcie_connector,"16핀x2,8핀x4",
12211,1648,atx_version,ATX3.1,
12212,1649,wattage,2000,W
12213,1649,efficiency_rating,80PLUS 플래티넘,
12214,1649,modular_type,FULL-MODULAR,
12215,1649,form_factor,ATX,
12216,1649,pcie_connector,"16핀x4,8핀x6",
12217,1649,atx_version,ATX,
12218,1649,fan_size,140,mm
12219,1650,wattage,1000,W
12220,1650,efficiency_rating,80PLUS 골드,
12221,1650,modular_type,FULL-MODULAR,
12222,1650,form_factor,ATX,
12223,1650,pcie_connector,"16핀x1,8핀x4",
12224,1650,atx_version,ATX3.1,
12225,1650,fan_size,140,mm
12226,1651,wattage,1000,W
12227,1651,efficiency_rating,80PLUS 골드,
12228,1651,modular_type,FULL-MODULAR,
12229,1651,form_factor,ATX,
12230,1651,pcie_connector,"16핀x1,8핀x4",
12231,1651,atx_version,ATX3.1,
12232,1652,wattage,1000,W
12233,1652,form_factor,ATX,
12234,1652,pcie_connector,"16핀x1,8핀x4",
12235,1652,atx_version,ATX3.1,
12236,1652,fan_size,120,mm
12237,1653,wattage,850,W
12238,1653,efficiency_rating,80PLUS 골드,
12239,1653,modular_type,FULL-MODULAR,
12240,1653,form_factor,ATX,
12241,1653,pcie_connector,"16핀x1,8핀x3",
12242,1653,atx_version,ATX3.1,
12243,1653,fan_size,140,mm
12244,1654,wattage,850,W
12245,1654,form_factor,ATX,
12246,1654,pcie_connector,"16핀x1,8핀x4",
12247,1654,atx_version,ATX3.1,
12248,1654,fan_size,120,mm
12249,1655,wattage,850,W
12250,1655,efficiency_rating,80PLUS 골드,
12251,1655,modular_type,FULL-MODULAR,
12252,1655,form_factor,ATX,
12253,1655,pcie_connector,"16핀x1,8핀x3",
12254,1655,atx_version,ATX3.1,
12255,1655,fan_size,140,mm
12256,1656,wattage,1300,W
12257,1656,efficiency_rating,80PLUS 골드,
12258,1656,modular_type,FULL-MODULAR,
12259,1656,form_factor,ATX,
12260,1656,pcie_connector,"16핀x1,8핀x4",
12261,1656,atx_version,ATX3.1,
12262,1656,fan_size,140,mm
12263,1657,wattage,750,W
12264,1657,efficiency_rating,80PLUS 골드,
12265,1657,modular_type,FULL-MODULAR,
12266,1657,form_factor,ATX,
12267,1657,pcie_connector,"16핀x1,8핀x2",
12268,1657,atx_version,ATX3.1,
12269,1657,fan_size,140,mm
12270,1658,wattage,750,W
12271,1658,efficiency_rating,80PLUS 골드,
12272,1658,modular_type,FULL-MODULAR,
12273,1658,form_factor,ATX,
12274,1658,pcie_connector,"16핀x1,8핀x4",
12275,1658,atx_version,ATX3.1,
12276,1658,fan_size,120,mm
12277,1659,wattage,850,W
12278,1659,efficiency_rating,80PLUS 플래티넘,
12279,1659,modular_type,FULL-MODULAR,
12280,1659,form_factor,ATX,
12281,1659,pcie_connector,"16핀x1,8핀x3",
12282,1659,atx_version,ATX3.1,
12283,1660,wattage,2800,W
12284,1660,modular_type,FULL-MODULAR,
12285,1660,form_factor,ATX,
12286,1660,pcie_connector,"16핀x4,8핀x6",
12287,1660,atx_version,ATX3.1,
12288,1660,fan_size,140,mm
12289,1661,wattage,850,W
12290,1661,efficiency_rating,80PLUS 플래티넘,
12291,1661,modular_type,FULL-MODULAR,
12292,1661,form_factor,ATX,
12293,1661,pcie_connector,"16핀x1,8핀x3",
12294,1661,atx_version,ATX3.1,
12295,1662,wattage,850,W
12296,1662,efficiency_rating,80PLUS 티타늄,
12297,1662,modular_type,FULL-MODULAR,
12298,1662,form_factor,ATX,
12299,1662,pcie_connector,"16핀x1,8핀x4",
12300,1662,atx_version,ATX,
12301,1662,fan_size,140,mm
12302,1663,wattage,850,W
12303,1663,efficiency_rating,80PLUS 골드,
12304,1663,modular_type,FULL-MODULAR,
12305,1663,form_factor,ATX,
12306,1663,pcie_connector,"16핀x1,8핀x3",
12307,1663,atx_version,ATX3.1,
12308,1664,wattage,750,W
12309,1664,efficiency_rating,80PLUS 티타늄,
12310,1664,modular_type,FULL-MODULAR,
12311,1664,form_factor,ATX,
12312,1664,pcie_connector,"16핀x1,8핀x4",
12313,1664,atx_version,ATX,
12314,1664,fan_size,140,mm
12315,1665,wattage,850,W
12316,1665,efficiency_rating,80PLUS 골드,
12317,1665,modular_type,FULL-MODULAR,
12318,1665,form_factor,ATX,
12319,1665,pcie_connector,"16핀x1,8핀x4",
12320,1665,atx_version,ATX3.1,
12321,1665,fan_size,120,mm
12322,1666,wattage,1000,W
12323,1666,efficiency_rating,80PLUS 플래티넘,
12324,1666,modular_type,FULL-MODULAR,
12325,1666,form_factor,ATX,
12326,1666,pcie_connector,"16핀x1,8핀x8",
12327,1666,atx_version,ATX,
12328,1666,fan_size,120,mm
12329,1667,wattage,850,W
12330,1667,efficiency_rating,80PLUS 플래티넘,
12331,1667,modular_type,FULL-MODULAR,
12332,1667,form_factor,ATX,
12333,1667,pcie_connector,8핀x8,
12334,1667,atx_version,ATX,
12335,1667,fan_size,120,mm
12336,1668,wattage,850,W
12337,1668,efficiency_rating,80PLUS 플래티넘,
12338,1668,modular_type,FULL-MODULAR,
12339,1668,form_factor,ATX,
12340,1668,pcie_connector,8핀x8,
12341,1668,atx_version,ATX,
12342,1668,fan_size,120,mm
12343,1669,wattage,850,W
12344,1669,efficiency_rating,80PLUS 골드,
12345,1669,modular_type,FULL-MODULAR,
12346,1669,form_factor,ATX,
12347,1669,pcie_connector,"16핀x1,8핀x6",
12348,1669,atx_version,ATX,
12349,1669,fan_size,130,mm
12350,1670,wattage,850,W
12351,1670,efficiency_rating,80PLUS 플래티넘,
12352,1670,modular_type,FULL-MODULAR,
12353,1670,form_factor,ATX,
12354,1670,pcie_connector,"16핀x1,8핀x6",
12355,1670,atx_version,ATX,
12356,1670,fan_size,120,mm
12357,1671,wattage,700,W
12358,1671,efficiency_rating,80PLUS 브론즈,
12359,1671,form_factor,ATX,
12360,1671,pcie_connector,"16핀x1,8핀x2",
12361,1671,atx_version,ATX3.1,
12362,1671,fan_size,120,mm
12363,1672,wattage,850,W
12364,1672,efficiency_rating,80PLUS 브론즈,
12365,1672,modular_type,SEMI-MODULAR,
12366,1672,form_factor,ATX,
12367,1672,pcie_connector,"16핀x1,8핀x4",
12368,1672,atx_version,ATX3.1,
12369,1672,fan_size,120,mm
12370,1673,wattage,500,W
12371,1673,form_factor,ATX,
12372,1673,pcie_connector,8핀x2,
12373,1673,atx_version,ATX,
12374,1673,fan_size,120,mm
12375,1674,wattage,600,W
12376,1674,form_factor,ATX,
12377,1674,pcie_connector,8핀x2,
12378,1674,atx_version,ATX,
12379,1674,fan_size,120,mm
12380,1675,wattage,700,W
12381,1675,form_factor,ATX,
12382,1675,pcie_connector,8핀x4,
12383,1675,atx_version,ATX,
12384,1675,fan_size,120,mm
12385,1676,wattage,700,W
12386,1676,form_factor,ATX,
12387,1676,pcie_connector,8핀x4,
12388,1676,atx_version,ATX,
12389,1676,fan_size,120,mm
12390,1677,wattage,800,W
12391,1677,efficiency_rating,80PLUS 브론즈,
12392,1677,form_factor,ATX,
12393,1677,pcie_connector,"16핀x1,8핀x2",
12394,1677,atx_version,ATX3.1,
12395,1677,fan_size,120,mm
12396,1678,wattage,1200,W
12397,1678,efficiency_rating,80PLUS 플래티넘,
12398,1678,modular_type,FULL-MODULAR,
12399,1678,form_factor,ATX,
12400,1678,pcie_connector,"16핀x1,8핀x4",
12401,1678,atx_version,ATX3.1,
12402,1678,fan_size,120,mm
12403,1679,wattage,800,W
12404,1679,form_factor,ATX,
12405,1679,pcie_connector,8핀x4,
12406,1679,atx_version,ATX,
12407,1679,fan_size,120,mm
12408,1680,wattage,1000,W
12409,1680,efficiency_rating,80PLUS 골드,
12410,1680,modular_type,FULL-MODULAR,
12411,1680,form_factor,ATX,
12412,1680,pcie_connector,"16핀x1,8핀x4",
12413,1680,atx_version,ATX3.1,
12414,1680,fan_size,120,mm
12415,1681,wattage,1000,W
12416,1681,efficiency_rating,80PLUS 플래티넘,
12417,1681,modular_type,FULL-MODULAR,
12418,1681,form_factor,ATX,
12419,1681,pcie_connector,"16핀x1,8핀x4",
12420,1681,atx_version,ATX3.1,
12421,1681,fan_size,120,mm
12422,1682,wattage,600,W
12423,1682,form_factor,ATX,
12424,1682,pcie_connector,8핀x2,
12425,1682,atx_version,ATX,
12426,1682,fan_size,120,mm
12427,1683,wattage,1200,W
12428,1683,efficiency_rating,80PLUS 골드,
12429,1683,modular_type,FULL-MODULAR,
12430,1683,form_factor,ATX,
12431,1683,pcie_connector,"16핀x1,8핀x4",
12432,1683,atx_version,ATX3.1,
12433,1683,fan_size,120,mm
12434,1684,wattage,700,W
12435,1684,form_factor,ATX,
12436,1684,pcie_connector,8핀x4,
12437,1684,atx_version,ATX,
12438,1684,fan_size,120,mm
12439,1685,wattage,700,W
12440,1685,form_factor,ATX,
12441,1685,pcie_connector,8핀x4,
12442,1685,atx_version,ATX,
12443,1685,fan_size,120,mm
12444,1686,wattage,500,W
12445,1686,form_factor,ATX,
12446,1686,pcie_connector,8핀x2,
12447,1686,atx_version,ATX,
12448,1686,fan_size,120,mm
12449,1687,wattage,600,W
12450,1687,form_factor,ATX,
12451,1687,pcie_connector,8핀x2,
12452,1687,atx_version,ATX,
12453,1687,fan_size,120,mm
12454,1688,wattage,600,W
12455,1688,efficiency_rating,80PLUS 브론즈,
12456,1688,form_factor,ATX,
12457,1688,pcie_connector,8핀x2,
12458,1688,atx_version,ATX3.1,
12459,1688,fan_size,120,mm
12460,1689,wattage,650,W
12461,1689,efficiency_rating,80PLUS 브론즈,
12462,1689,modular_type,SEMI-MODULAR,
12463,1689,form_factor,ATX,
12464,1689,pcie_connector,"16핀x1,8핀x2",
12465,1689,atx_version,ATX3.1,
12466,1689,fan_size,120,mm
12467,1690,wattage,750,W
12468,1690,efficiency_rating,80PLUS 브론즈,
12469,1690,modular_type,SEMI-MODULAR,
12470,1690,form_factor,ATX,
12471,1690,pcie_connector,"16핀x1,8핀x4",
12472,1690,atx_version,ATX3.1,
12473,1690,fan_size,120,mm
12474,1691,wattage,700,W
12475,1691,form_factor,ATX,
12476,1691,pcie_connector,8핀x4,
12477,1691,atx_version,ATX,
12478,1691,fan_size,120,mm
12479,1692,wattage,600,W
12480,1692,form_factor,ATX,
12481,1692,pcie_connector,8핀x2,
12482,1692,atx_version,ATX,
12483,1692,fan_size,120,mm
12484,1693,wattage,750,W
12485,1693,efficiency_rating,80PLUS 브론즈,
12486,1693,modular_type,SEMI-MODULAR,
12487,1693,form_factor,ATX,
12488,1693,pcie_connector,"16핀x1,8핀x4",
12489,1693,atx_version,ATX3.1,
12490,1693,fan_size,120,mm
12491,1694,wattage,500,W
12492,1694,form_factor,ATX,
12493,1694,pcie_connector,8핀x2,
12494,1694,atx_version,ATX,
12495,1694,fan_size,120,mm
12496,1695,wattage,500,W
12497,1695,form_factor,ATX,
12498,1695,pcie_connector,8핀x2,
12499,1695,atx_version,ATX,
12500,1695,fan_size,120,mm
12501,1696,wattage,850,W
12502,1696,efficiency_rating,80PLUS 골드,
12503,1696,modular_type,FULL-MODULAR,
12504,1696,form_factor,ATX,
12505,1696,pcie_connector,"16핀x1,8핀x4",
12506,1696,atx_version,ATX3.1,
12507,1696,fan_size,120,mm
12508,1697,wattage,850,W
12509,1697,efficiency_rating,80PLUS 플래티넘,
12510,1697,modular_type,FULL-MODULAR,
12511,1697,form_factor,ATX,
12512,1697,pcie_connector,8핀x6,
12513,1697,atx_version,ATX,
12514,1697,fan_size,135,mm
12515,1698,wattage,750,W
12516,1698,efficiency_rating,80PLUS 골드,
12517,1698,modular_type,FULL-MODULAR,
12518,1698,form_factor,ATX,
12519,1698,pcie_connector,"16핀x1,8핀x3",
12520,1698,atx_version,ATX3.1,
12521,1698,fan_size,120,mm
12522,1699,wattage,500,W
12523,1699,form_factor,ATX,
12524,1699,pcie_connector,8핀x2,
12525,1699,atx_version,ATX,
12526,1699,fan_size,120,mm
12527,1700,wattage,850,W
12528,1700,efficiency_rating,80PLUS 브론즈,
12529,1700,modular_type,SEMI-MODULAR,
12530,1700,form_factor,ATX,
12531,1700,pcie_connector,"16핀x1,8핀x4",
12532,1700,atx_version,ATX3.1,
12533,1700,fan_size,120,mm
12534,1701,wattage,600,W
12535,1701,form_factor,ATX,
12536,1701,pcie_connector,8핀x2,
12537,1701,atx_version,ATX,
12538,1701,fan_size,120,mm
12539,1702,wattage,700,W
12540,1702,form_factor,ATX,
12541,1702,pcie_connector,8핀x4,
12542,1702,atx_version,ATX,
12543,1702,fan_size,120,mm
12544,1703,wattage,1000,W
12545,1703,efficiency_rating,80PLUS 골드,
12546,1703,modular_type,FULL-MODULAR,
12547,1703,form_factor,ATX,
12548,1703,pcie_connector,"16핀x1,8핀x4",
12549,1703,atx_version,ATX3.1,
12550,1703,fan_size,120,mm
12551,1704,wattage,850,W
12552,1704,efficiency_rating,80PLUS 플래티넘,
12553,1704,modular_type,FULL-MODULAR,
12554,1704,form_factor,ATX,
12555,1704,pcie_connector,"16핀x1,8핀x4",
12556,1704,atx_version,ATX3.1,
12557,1704,fan_size,120,mm
12558,1705,wattage,750,W
12559,1705,efficiency_rating,80PLUS 골드,
12560,1705,modular_type,FULL-MODULAR,
12561,1705,form_factor,ATX,
12562,1705,pcie_connector,"16핀x1,8핀x3",
12563,1705,atx_version,ATX3.1,
12564,1705,fan_size,120,mm
12565,1706,wattage,600,W
12566,1706,form_factor,ATX,
12567,1706,pcie_connector,8핀x2,
12568,1706,atx_version,ATX,
12569,1706,fan_size,120,mm
12570,1707,wattage,400,W
12571,1707,form_factor,ATX,
12572,1707,pcie_connector,8핀x2,
12573,1707,atx_version,ATX,
12574,1707,fan_size,120,mm
12575,1708,wattage,1200,W
12576,1708,efficiency_rating,80PLUS 골드,
12577,1708,modular_type,FULL-MODULAR,
12578,1708,form_factor,ATX,
12579,1708,pcie_connector,"16핀x1,8핀x4",
12580,1708,atx_version,ATX3.1,
12581,1708,fan_size,120,mm
12582,1709,wattage,800,W
12583,1709,efficiency_rating,80PLUS 브론즈,
12584,1709,form_factor,ATX,
12585,1709,pcie_connector,8핀x2,
12586,1709,atx_version,ATX,
12587,1709,fan_size,120,mm
12588,1710,wattage,750,W
12589,1710,efficiency_rating,80PLUS 골드,
12590,1710,modular_type,FULL-MODULAR,
12591,1710,form_factor,ATX,
12592,1710,pcie_connector,"16핀x1,8핀x3",
12593,1710,atx_version,ATX3.1,
12594,1710,fan_size,120,mm
12595,1711,wattage,600,W
12596,1711,form_factor,ATX,
12597,1711,pcie_connector,8핀x2,
12598,1711,atx_version,ATX,
12599,1711,fan_size,120,mm
12600,1712,wattage,700,W
12601,1712,efficiency_rating,80PLUS 브론즈,
12602,1712,form_factor,ATX,
12603,1712,pcie_connector,8핀x2,
12604,1712,atx_version,ATX,
12605,1712,fan_size,120,mm
12606,1713,wattage,1200,W
12607,1713,efficiency_rating,80PLUS 골드,
12608,1713,modular_type,FULL-MODULAR,
12609,1713,form_factor,ATX,
12610,1713,pcie_connector,8핀x8,
12611,1713,atx_version,ATX,
12612,1713,fan_size,135,mm
12613,1714,wattage,600,W
12614,1714,efficiency_rating,80PLUS 브론즈,
12615,1714,form_factor,ATX,
12616,1714,pcie_connector,8핀x2,
12617,1714,atx_version,ATX,
12618,1714,fan_size,120,mm
12619,1715,wattage,650,W
12620,1715,efficiency_rating,80PLUS 브론즈,
12621,1715,form_factor,ATX,
12622,1715,pcie_connector,8핀x2,
12623,1715,atx_version,ATX,
12624,1715,fan_size,120,mm
12625,1716,wattage,1200,W
12626,1716,efficiency_rating,80PLUS 플래티넘,
12627,1716,modular_type,FULL-MODULAR,
12628,1716,form_factor,ATX,
12629,1716,pcie_connector,8핀x2,
12630,1716,atx_version,ATX,
12631,1716,fan_size,135,mm
12632,1717,wattage,1000,W
12633,1717,efficiency_rating,80PLUS 골드,
12634,1717,modular_type,FULL-MODULAR,
12635,1717,form_factor,ATX,
12636,1717,pcie_connector,"16핀x1,8핀x4",
12637,1717,atx_version,ATX3.1,
12638,1717,fan_size,120,mm
12639,1718,wattage,600,W
12640,1718,form_factor,ATX,
12641,1718,pcie_connector,8핀x2,
12642,1718,atx_version,ATX,
12643,1718,fan_size,120,mm
12644,1719,wattage,750,W
12645,1719,efficiency_rating,80PLUS 플래티넘,
12646,1719,modular_type,FULL-MODULAR,
12647,1719,form_factor,ATX,
12648,1719,pcie_connector,8핀x4,
12649,1719,atx_version,ATX,
12650,1719,fan_size,135,mm
12651,1720,wattage,850,W
12652,1720,efficiency_rating,80PLUS 골드,
12653,1720,modular_type,FULL-MODULAR,
12654,1720,form_factor,ATX,
12655,1720,pcie_connector,"16핀x1,8핀x4",
12656,1720,atx_version,ATX3.1,
12657,1720,fan_size,120,mm
12658,1721,wattage,500,W
12659,1721,form_factor,ATX,
12660,1721,pcie_connector,8핀x2,
12661,1721,atx_version,ATX,
12662,1721,fan_size,120,mm
12663,1722,wattage,1000,W
12664,1722,efficiency_rating,80PLUS 플래티넘,
12665,1722,modular_type,FULL-MODULAR,
12666,1722,form_factor,ATX,
12667,1722,pcie_connector,8핀x6,
12668,1722,atx_version,ATX,
12669,1722,fan_size,135,mm
12670,1723,wattage,750,W
12671,1723,efficiency_rating,80PLUS 골드,
12672,1723,modular_type,FULL-MODULAR,
12673,1723,form_factor,ATX,
12674,1723,pcie_connector,8핀x4,
12675,1723,atx_version,ATX,
12676,1723,fan_size,120,mm
12677,1724,wattage,1200,W
12678,1724,efficiency_rating,80PLUS 골드,
12679,1724,modular_type,FULL-MODULAR,
12680,1724,form_factor,ATX,
12681,1724,pcie_connector,"16핀x1,8핀x4",
12682,1724,atx_version,ATX3.1,
12683,1724,fan_size,120,mm
12684,1725,wattage,600,W
12685,1725,form_factor,ATX,
12686,1725,pcie_connector,8핀x2,
12687,1725,atx_version,ATX,
12688,1725,fan_size,120,mm
12689,1726,wattage,850,W
12690,1726,efficiency_rating,80PLUS 골드,
12691,1726,modular_type,FULL-MODULAR,
12692,1726,form_factor,ATX,
12693,1726,pcie_connector,"16핀x1,8핀x4",
12694,1726,atx_version,ATX3.1,
12695,1726,fan_size,120,mm
12696,1727,wattage,1000,W
12697,1727,efficiency_rating,80PLUS 골드,
12698,1727,modular_type,FULL-MODULAR,
12699,1727,form_factor,ATX,
12700,1727,pcie_connector,8핀x6,
12701,1727,atx_version,ATX,
12702,1727,fan_size,135,mm
12703,1728,wattage,1000,W
12704,1728,efficiency_rating,80PLUS 골드,
12705,1728,modular_type,FULL-MODULAR,
12706,1728,form_factor,ATX,
12707,1728,pcie_connector,"16핀x1,8핀x4",
12708,1728,atx_version,ATX3.1,
12709,1728,fan_size,120,mm
12710,1729,wattage,500,W
12711,1729,efficiency_rating,80PLUS 브론즈,
12712,1729,form_factor,ATX,
12713,1729,pcie_connector,8핀x2,
12714,1729,atx_version,ATX3.1,
12715,1729,fan_size,120,mm
12716,1730,wattage,1000,W
12717,1730,efficiency_rating,80PLUS 골드,
12718,1730,modular_type,FULL-MODULAR,
12719,1730,form_factor,ATX,
12720,1730,pcie_connector,"16핀x1,8핀x3",
12721,1730,atx_version,ATX3.1,
12722,1730,fan_size,135,mm
12723,1731,wattage,850,W
12724,1731,efficiency_rating,80PLUS 골드,
12725,1731,modular_type,FULL-MODULAR,
12726,1731,form_factor,ATX,
12727,1731,pcie_connector,"16핀x1,8핀x3",
12728,1731,atx_version,ATX3.1,
12729,1731,fan_size,135,mm
12730,1732,wattage,850,W
12731,1732,efficiency_rating,80PLUS 골드,
12732,1732,modular_type,FULL-MODULAR,
12733,1732,form_factor,ATX,
12734,1732,pcie_connector,"16핀x1,8핀x3",
12735,1732,atx_version,ATX3.1,
12736,1732,fan_size,135,mm
12737,1733,wattage,750,W
12738,1733,efficiency_rating,80PLUS 골드,
12739,1733,modular_type,FULL-MODULAR,
12740,1733,form_factor,ATX,
12741,1733,pcie_connector,"16핀x1,8핀x2",
12742,1733,atx_version,ATX3.1,
12743,1733,fan_size,120,mm
12744,1734,wattage,1200,W
12745,1734,efficiency_rating,80PLUS 골드,
12746,1734,modular_type,FULL-MODULAR,
12747,1734,form_factor,ATX,
12748,1734,pcie_connector,"16핀x1,8핀x3",
12749,1734,atx_version,ATX3.1,
12750,1734,fan_size,135,mm
12751,1735,wattage,650,W
12752,1735,efficiency_rating,80PLUS 골드,
12753,1735,modular_type,FULL-MODULAR,
12754,1735,form_factor,ATX,
12755,1735,pcie_connector,"16핀x1,8핀x2",
12756,1735,atx_version,ATX3.1,
12757,1735,fan_size,120,mm
12758,1736,wattage,1300,W
12759,1736,efficiency_rating,80PLUS 티타늄,
12760,1736,modular_type,FULL-MODULAR,
12761,1736,form_factor,ATX,
12762,1736,pcie_connector,"16핀x1,8핀x6",
12763,1736,atx_version,ATX3.1,
12764,1736,fan_size,135,mm
12765,1737,wattage,1000,W
12766,1737,efficiency_rating,80PLUS 골드,
12767,1737,modular_type,FULL-MODULAR,
12768,1737,form_factor,ATX,
12769,1737,pcie_connector,"16핀x1,8핀x3",
12770,1737,atx_version,ATX3.1,
12771,1737,fan_size,135,mm
12772,1738,wattage,750,W
12773,1738,efficiency_rating,80PLUS 골드,
12774,1738,modular_type,FULL-MODULAR,
12775,1738,form_factor,ATX,
12776,1738,pcie_connector,"16핀x1,8핀x2",
12777,1738,atx_version,ATX3.1,
12778,1738,fan_size,135,mm
12779,1739,wattage,1600,W
12780,1739,efficiency_rating,80PLUS 플래티넘,
12781,1739,modular_type,FULL-MODULAR,
12782,1739,form_factor,ATX,
12783,1739,pcie_connector,"16핀x2,8핀x6",
12784,1739,atx_version,ATX3.1,
12785,1739,fan_size,135,mm
12786,1740,wattage,850,W
12787,1740,efficiency_rating,80PLUS 골드,
12788,1740,modular_type,FULL-MODULAR,
12789,1740,form_factor,ATX,
12790,1740,pcie_connector,"16핀x1,8핀x3",
12791,1740,atx_version,ATX3.1,
12792,1740,fan_size,120,mm
12793,1741,wattage,1600,W
12794,1741,efficiency_rating,80PLUS 티타늄,
12795,1741,modular_type,FULL-MODULAR,
12796,1741,form_factor,ATX,
12797,1741,pcie_connector,"16핀x2,8핀x6",
12798,1741,atx_version,ATX3.1,
12799,1741,fan_size,135,mm
12800,1742,wattage,2200,W
12801,1742,efficiency_rating,80PLUS 플래티넘,
12802,1742,modular_type,FULL-MODULAR,
12803,1742,form_factor,ATX,
12804,1742,pcie_connector,"16핀x4,8핀x4",
12805,1742,atx_version,ATX,
12806,1742,fan_size,135,mm
12807,1743,wattage,850,W
12808,1743,efficiency_rating,80PLUS 골드,
12809,1743,modular_type,FULL-MODULAR,
12810,1743,form_factor,ATX,
12811,1743,pcie_connector,"16핀x1,8핀x3",
12812,1743,atx_version,ATX3.1,
12813,1743,fan_size,120,mm
12814,1744,wattage,1200,W
12815,1744,efficiency_rating,80PLUS 골드,
12816,1744,modular_type,FULL-MODULAR,
12817,1744,form_factor,ATX,
12818,1744,pcie_connector,"16핀x1,8핀x3",
12819,1744,atx_version,ATX3.1,
12820,1744,fan_size,135,mm
12821,1745,wattage,750,W
12822,1745,efficiency_rating,80PLUS 골드,
12823,1745,modular_type,FULL-MODULAR,
12824,1745,form_factor,ATX,
12825,1745,pcie_connector,"16핀x1,8핀x2",
12826,1745,atx_version,ATX3.1,
12827,1745,fan_size,120,mm
12828,1746,wattage,850,W
12829,1746,efficiency_rating,80PLUS 골드,
12830,1746,modular_type,SEMI-MODULAR,
12831,1746,form_factor,ATX,
12832,1746,pcie_connector,8핀x6,
12833,1746,atx_version,ATX,
12834,1746,fan_size,120,mm
12835,1747,wattage,1300,W
12836,1747,efficiency_rating,80PLUS 티타늄,
12837,1747,modular_type,FULL-MODULAR,
12838,1747,form_factor,ATX,
12839,1747,pcie_connector,"16핀x1,8핀x6",
12840,1747,atx_version,ATX3.0,
12841,1747,fan_size,135,mm
12842,1748,wattage,750,W
12843,1748,efficiency_rating,80PLUS 골드,
12844,1748,modular_type,SEMI-MODULAR,
12845,1748,form_factor,ATX,
12846,1748,pcie_connector,8핀x4,
12847,1748,atx_version,ATX,
12848,1748,fan_size,120,mm
12849,1749,wattage,850,W
12850,1749,efficiency_rating,80PLUS 골드,
12851,1749,modular_type,FULL-MODULAR,
12852,1749,form_factor,ATX,
12853,1749,pcie_connector,8핀x6,
12854,1749,atx_version,ATX,
12855,1749,fan_size,120,mm
12856,1750,wattage,750,W
12857,1750,efficiency_rating,80PLUS 골드,
12858,1750,modular_type,FULL-MODULAR,
12859,1750,form_factor,ATX,
12860,1750,pcie_connector,"16핀x1,8핀x2",
12861,1750,atx_version,ATX3.0,
12862,1750,fan_size,135,mm
12863,1751,wattage,850,W
12864,1751,efficiency_rating,80PLUS 브론즈,
12865,1751,modular_type,SEMI-MODULAR,
12866,1751,form_factor,ATX,
12867,1751,pcie_connector,8핀x3,
12868,1751,atx_version,ATX,
12869,1751,fan_size,120,mm
12870,1752,wattage,850,W
12871,1752,efficiency_rating,80PLUS 브론즈,
12872,1752,form_factor,ATX,
12873,1752,pcie_connector,8핀x3,
12874,1752,atx_version,ATX,
12875,1752,fan_size,120,mm
12876,1753,wattage,850,W
12877,1753,efficiency_rating,80PLUS 골드,
12878,1753,modular_type,FULL-MODULAR,
12879,1753,form_factor,ATX,
12880,1753,pcie_connector,"16핀x1,8핀x3",
12881,1753,atx_version,ATX3.0,
12882,1753,fan_size,135,mm
12883,1754,wattage,750,W
12884,1754,efficiency_rating,80PLUS 브론즈,
12885,1754,modular_type,SEMI-MODULAR,
12886,1754,form_factor,ATX,
12887,1754,pcie_connector,8핀x3,
12888,1754,atx_version,ATX,
12889,1754,fan_size,120,mm
12890,1755,wattage,600,W
12891,1755,efficiency_rating,80PLUS 브론즈,
12892,1755,form_factor,ATX,
12893,1755,pcie_connector,8핀x2,
12894,1755,atx_version,ATX,
12895,1755,fan_size,80,mm
12896,1756,wattage,500,W
12897,1756,efficiency_rating,80PLUS 브론즈,
12898,1756,form_factor,ATX,
12899,1756,pcie_connector,8핀x2,
12900,1756,atx_version,ATX,
12901,1756,fan_size,80,mm
12902,1757,chipset,RTX 3050,
12903,1757,vram_gb,6,GB
12904,1757,vram_type,GDDR6,
12905,1757,tdp_watt,70,W
12906,1757,recommended_psu_watt,300,W
12907,1757,length_mm,189,mm
12908,1757,performance_tier,보급,
12909,1758,chipset,RTX 3050,
12910,1758,vram_gb,8,GB
12911,1758,vram_type,GDDR6,
12912,1758,tdp_watt,115,W
12913,1758,recommended_psu_watt,500,W
12914,1758,length_mm,205,mm
12915,1758,performance_tier,보급,
12916,1759,chipset,RTX 3060,
12917,1759,vram_gb,12,GB
12918,1759,vram_type,GDDR6,
12919,1759,recommended_psu_watt,550,W
12920,1759,length_mm,235,mm
12921,1759,performance_tier,중급,
12922,1760,chipset,RTX 3060,
12923,1760,vram_gb,8,GB
12924,1760,vram_type,GDDR6,
12925,1760,recommended_psu_watt,550,W
12926,1760,length_mm,235,mm
12927,1760,performance_tier,중급,
12928,1761,chipset,RTX 3060 TI,
12929,1761,vram_gb,8,GB
12930,1761,vram_type,GDDR6X,
12931,1761,recommended_psu_watt,600,W
12932,1761,length_mm,323,mm
12933,1761,performance_tier,중급,
12934,1762,chipset,RTX 3070,
12935,1762,vram_gb,8,GB
12936,1762,vram_type,GDDR6,
12937,1762,recommended_psu_watt,650,W
12938,1762,length_mm,323,mm
12939,1762,performance_tier,고급,
12940,1763,chipset,RTX 4060,
12941,1763,vram_gb,8,GB
12942,1763,vram_type,GDDR6,
12943,1763,tdp_watt,115,W
12944,1763,recommended_psu_watt,550,W
12945,1763,length_mm,199,mm
12946,1763,performance_tier,중급,
12947,1764,chipset,RTX 4070 SUPER,
12948,1764,vram_gb,12,GB
12949,1764,vram_type,GDDR6X,
12950,1764,tdp_watt,245,W
12951,1764,recommended_psu_watt,650,W
12952,1764,length_mm,307,mm
12953,1764,performance_tier,고급,
12954,1765,chipset,RTX 5050,
12955,1765,vram_gb,8,GB
12956,1765,vram_type,GDDR6,
12957,1765,tdp_watt,130,W
12958,1765,recommended_psu_watt,550,W
12959,1765,length_mm,197,mm
12960,1765,performance_tier,보급,
12961,1766,chipset,RTX 5050,
12962,1766,vram_gb,8,GB
12963,1766,vram_type,GDDR6,
12964,1766,tdp_watt,130,W
12965,1766,recommended_psu_watt,550,W
12966,1766,length_mm,197,mm
12967,1766,performance_tier,보급,
12968,1767,chipset,RTX 5060,
12969,1767,vram_gb,8,GB
12970,1767,vram_type,GDDR7,
12971,1767,tdp_watt,145,W
12972,1767,recommended_psu_watt,550,W
12973,1767,length_mm,197,mm
12974,1767,performance_tier,중급,
12975,1768,chipset,RTX 5060,
12976,1768,vram_gb,8,GB
12977,1768,vram_type,GDDR7,
12978,1768,tdp_watt,145,W
12979,1768,recommended_psu_watt,550,W
12980,1768,length_mm,197,mm
12981,1768,performance_tier,중급,
12982,1769,chipset,RTX 5060,
12983,1769,vram_gb,8,GB
12984,1769,vram_type,GDDR7,
12985,1769,tdp_watt,145,W
12986,1769,recommended_psu_watt,550,W
12987,1769,length_mm,197,mm
12988,1769,performance_tier,중급,
12989,1770,chipset,RTX 5060,
12990,1770,vram_gb,8,GB
12991,1770,vram_type,GDDR7,
12992,1770,tdp_watt,155,W
12993,1770,recommended_psu_watt,550,W
12994,1770,length_mm,248,mm
12995,1770,performance_tier,중급,
12996,1771,chipset,RTX 5060 TI,
12997,1771,vram_gb,8,GB
12998,1771,vram_type,GDDR7,
12999,1771,tdp_watt,180,W
13000,1771,recommended_psu_watt,600,W
13001,1771,length_mm,227,mm
13002,1771,performance_tier,중급,
13003,1772,chipset,RTX 5060 TI,
13004,1772,vram_gb,16,GB
13005,1772,vram_type,GDDR7,
13006,1772,tdp_watt,180,W
13007,1772,recommended_psu_watt,600,W
13008,1772,length_mm,227,mm
13009,1772,performance_tier,중급,
13010,1773,chipset,RTX 5060 TI,
13011,1773,vram_gb,16,GB
13012,1773,vram_type,GDDR7,
13013,1773,tdp_watt,180,W
13014,1773,recommended_psu_watt,600,W
13015,1773,length_mm,226,mm
13016,1773,performance_tier,중급,
13017,1774,chipset,RTX 5060 TI,
13018,1774,vram_gb,16,GB
13019,1774,vram_type,GDDR7,
13020,1774,tdp_watt,180,W
13021,1774,recommended_psu_watt,600,W
13022,1774,length_mm,247,mm
13023,1774,performance_tier,중급,
13024,1775,chipset,RTX 5060 TI,
13025,1775,vram_gb,8,GB
13026,1775,vram_type,GDDR7,
13027,1775,tdp_watt,180,W
13028,1775,recommended_psu_watt,600,W
13029,1775,length_mm,226,mm
13030,1775,performance_tier,중급,
13031,1776,chipset,RTX 5060 TI,
13032,1776,vram_gb,8,GB
13033,1776,vram_type,GDDR7,
13034,1776,tdp_watt,180,W
13035,1776,recommended_psu_watt,600,W
13036,1776,length_mm,247,mm
13037,1776,performance_tier,중급,
13038,1777,chipset,RTX 5070,
13039,1777,vram_gb,12,GB
13040,1777,vram_type,GDDR7,
13041,1777,tdp_watt,250,W
13042,1777,recommended_psu_watt,650,W
13043,1777,length_mm,338,mm
13044,1777,performance_tier,고급,
13045,1778,chipset,RTX 5070,
13046,1778,vram_gb,12,GB
13047,1778,vram_type,GDDR7,
13048,1778,tdp_watt,250,W
13049,1778,recommended_psu_watt,650,W
13050,1778,length_mm,236,mm
13051,1778,performance_tier,고급,
13052,1779,chipset,RTX 5070,
13053,1779,vram_gb,12,GB
13054,1779,vram_type,GDDR7,
13055,1779,tdp_watt,250,W
13056,1779,recommended_psu_watt,650,W
13057,1779,length_mm,302,mm
13058,1779,performance_tier,고급,
13059,1780,chipset,RTX 5070,
13060,1780,vram_gb,12,GB
13061,1780,vram_type,GDDR7,
13062,1780,tdp_watt,250,W
13063,1780,recommended_psu_watt,650,W
13064,1780,length_mm,231,mm
13065,1780,performance_tier,고급,
13066,1781,chipset,RTX 5070,
13067,1781,vram_gb,12,GB
13068,1781,vram_type,GDDR7,
13069,1781,tdp_watt,250,W
13070,1781,recommended_psu_watt,650,W
13071,1781,length_mm,338,mm
13072,1781,performance_tier,고급,
13073,1782,chipset,RTX 5070 TI,
13074,1782,vram_gb,16,GB
13075,1782,vram_type,GDDR7,
13076,1782,tdp_watt,300,W
13077,1782,recommended_psu_watt,750,W
13078,1782,length_mm,338,mm
13079,1782,performance_tier,고급,
13080,1783,chipset,RTX 5070 TI,
13081,1783,vram_gb,16,GB
13082,1783,vram_type,GDDR7,
13083,1783,tdp_watt,300,W
13084,1783,recommended_psu_watt,750,W
13085,1783,length_mm,303,mm
13086,1783,performance_tier,고급,
13087,1784,chipset,RTX 5070 TI,
13088,1784,vram_gb,16,GB
13089,1784,vram_type,GDDR7,
13090,1784,tdp_watt,300,W
13091,1784,recommended_psu_watt,750,W
13092,1784,length_mm,338,mm
13093,1784,performance_tier,고급,
13094,1785,chipset,RTX 5070 TI,
13095,1785,vram_gb,16,GB
13096,1785,vram_type,GDDR7,
13097,1785,tdp_watt,300,W
13098,1785,recommended_psu_watt,750,W
13099,1785,length_mm,303,mm
13100,1785,performance_tier,고급,
13101,1786,chipset,RTX 5070 TI,
13102,1786,vram_gb,16,GB
13103,1786,vram_type,GDDR7,
13104,1786,tdp_watt,300,W
13105,1786,recommended_psu_watt,750,W
13106,1786,length_mm,357,mm
13107,1786,performance_tier,고급,
13108,1787,chipset,RTX 5080,
13109,1787,vram_gb,16,GB
13110,1787,vram_type,GDDR7,
13111,1787,tdp_watt,360,W
13112,1787,recommended_psu_watt,850,W
13113,1787,length_mm,357,mm
13114,1787,performance_tier,최상급,
13115,1788,chipset,RTX 5080,
13116,1788,vram_gb,16,GB
13117,1788,vram_type,GDDR7,
13118,1788,tdp_watt,360,W
13119,1788,recommended_psu_watt,850,W
13120,1788,length_mm,338,mm
13121,1788,performance_tier,최상급,
13122,1789,chipset,RTX 5080,
13123,1789,vram_gb,16,GB
13124,1789,vram_type,GDDR7,
13125,1789,tdp_watt,360,W
13126,1789,recommended_psu_watt,850,W
13127,1789,length_mm,303,mm
13128,1789,performance_tier,최상급,
13129,1790,chipset,RTX 5080,
13130,1790,vram_gb,16,GB
13131,1790,vram_type,GDDR7,
13132,1790,tdp_watt,360,W
13133,1790,recommended_psu_watt,850,W
13134,1790,length_mm,319,mm
13135,1790,performance_tier,최상급,
13136,1791,chipset,RTX 5080,
13137,1791,vram_gb,16,GB
13138,1791,vram_type,GDDR7,
13139,1791,tdp_watt,360,W
13140,1791,recommended_psu_watt,850,W
13141,1791,length_mm,303,mm
13142,1791,performance_tier,최상급,
13143,1792,chipset,RTX 5080,
13144,1792,vram_gb,16,GB
13145,1792,vram_type,GDDR7,
13146,1792,tdp_watt,360,W
13147,1792,recommended_psu_watt,850,W
13148,1792,length_mm,303,mm
13149,1792,performance_tier,최상급,
13150,1793,chipset,RTX 5080,
13151,1793,vram_gb,16,GB
13152,1793,vram_type,GDDR7,
13153,1793,tdp_watt,360,W
13154,1793,recommended_psu_watt,850,W
13155,1793,length_mm,338,mm
13156,1793,performance_tier,최상급,
13157,1794,chipset,RTX 5080,
13158,1794,vram_gb,16,GB
13159,1794,vram_type,GDDR7,
13160,1794,tdp_watt,360,W
13161,1794,recommended_psu_watt,850,W
13162,1794,length_mm,303,mm
13163,1794,performance_tier,최상급,
13164,1795,chipset,RTX 5090,
13165,1795,vram_gb,32,GB
13166,1795,vram_type,GDDR7,
13167,1795,tdp_watt,600,W
13168,1795,recommended_psu_watt,1000,W
13169,1795,length_mm,359,mm
13170,1795,performance_tier,최상급,
13171,1796,chipset,RTX 5090,
13172,1796,vram_gb,32,GB
13173,1796,vram_type,GDDR7,
13174,1796,tdp_watt,575,W
13175,1796,recommended_psu_watt,1000,W
13176,1796,length_mm,357,mm
13177,1796,performance_tier,최상급,
13178,1797,chipset,RTX 5090,
13179,1797,vram_gb,32,GB
13180,1797,vram_type,GDDR7,
13181,1797,tdp_watt,575,W
13182,1797,recommended_psu_watt,1000,W
13183,1797,length_mm,359,mm
13184,1797,performance_tier,최상급,
13185,1798,chipset,RTX 3050,
13186,1798,vram_gb,6,GB
13187,1798,vram_type,GDDR6,
13188,1798,recommended_psu_watt,300,W
13189,1798,length_mm,191,mm
13190,1798,performance_tier,보급,
13191,1799,chipset,RTX 3050,
13192,1799,vram_gb,6,GB
13193,1799,vram_type,GDDR6,
13194,1799,recommended_psu_watt,300,W
13195,1799,length_mm,191,mm
13196,1799,performance_tier,보급,
13197,1800,chipset,RTX 3050,
13198,1800,vram_gb,6,GB
13199,1800,vram_type,GDDR6,
13200,1800,recommended_psu_watt,300,W
13201,1800,length_mm,191,mm
13202,1800,performance_tier,보급,
13203,1801,chipset,RTX 3060,
13204,1801,vram_gb,12,GB
13205,1801,vram_type,GDDR6,
13206,1801,recommended_psu_watt,550,W
13207,1801,length_mm,198,mm
13208,1801,performance_tier,중급,
13209,1802,chipset,RTX 3060,
13210,1802,vram_gb,12,GB
13211,1802,vram_type,GDDR6,
13212,1802,recommended_psu_watt,550,W
13213,1802,length_mm,198,mm
13214,1802,performance_tier,중급,
13215,1803,chipset,RTX 3060,
13216,1803,vram_gb,8,GB
13217,1803,vram_type,GDDR6,
13218,1803,recommended_psu_watt,550,W
13219,1803,length_mm,198,mm
13220,1803,performance_tier,중급,
13221,1804,chipset,RTX 4060 TI,
13222,1804,vram_gb,8,GB
13223,1804,vram_type,GDDR6,
13224,1804,recommended_psu_watt,500,W
13225,1804,length_mm,201,mm
13226,1804,performance_tier,중급,
13227,1805,chipset,RTX 4060 TI,
13228,1805,vram_gb,8,GB
13229,1805,vram_type,GDDR6,
13230,1805,recommended_psu_watt,500,W
13231,1805,length_mm,201,mm
13232,1805,performance_tier,중급,
13233,1806,chipset,RTX 4070 SUPER,
13234,1806,vram_gb,12,GB
13235,1806,vram_type,GDDR6X,
13236,1806,recommended_psu_watt,700,W
13237,1806,length_mm,300,mm
13238,1806,performance_tier,고급,
13239,1807,chipset,RTX 4070 SUPER,
13240,1807,vram_gb,12,GB
13241,1807,vram_type,GDDR6X,
13242,1807,recommended_psu_watt,700,W
13243,1807,length_mm,300,mm
13244,1807,performance_tier,고급,
13245,1808,chipset,RTX 5050,
13246,1808,vram_gb,8,GB
13247,1808,vram_type,GDDR6,
13248,1808,recommended_psu_watt,550,W
13249,1808,length_mm,199,mm
13250,1808,performance_tier,보급,
13251,1809,chipset,RTX 5050,
13252,1809,vram_gb,8,GB
13253,1809,vram_type,GDDR6,
13254,1809,recommended_psu_watt,550,W
13255,1809,length_mm,199,mm
13256,1809,performance_tier,보급,
13257,1810,chipset,RTX 5050,
13258,1810,vram_gb,8,GB
13259,1810,vram_type,GDDR6,
13260,1810,recommended_psu_watt,550,W
13261,1810,length_mm,182,mm
13262,1810,performance_tier,보급,
13263,1811,chipset,RTX 5050,
13264,1811,vram_gb,8,GB
13265,1811,vram_type,GDDR6,
13266,1811,tdp_watt,130,W
13267,1811,recommended_psu_watt,550,W
13268,1811,length_mm,280,mm
13269,1811,performance_tier,보급,
13270,1812,chipset,RTX 5050,
13271,1812,vram_gb,8,GB
13272,1812,vram_type,GDDR6,
13273,1812,tdp_watt,130,W
13274,1812,recommended_psu_watt,550,W
13275,1812,length_mm,280,mm
13276,1812,performance_tier,보급,
13277,1813,chipset,RTX 5060,
13278,1813,vram_gb,8,GB
13279,1813,vram_type,GDDR7,
13280,1813,recommended_psu_watt,550,W
13281,1813,length_mm,329,mm
13282,1813,performance_tier,중급,
13283,1814,chipset,RTX 5060,
13284,1814,vram_gb,8,GB
13285,1814,vram_type,GDDR7,
13286,1814,recommended_psu_watt,550,W
13287,1814,length_mm,208,mm
13288,1814,performance_tier,중급,
13289,1815,chipset,RTX 5060,
13290,1815,vram_gb,8,GB
13291,1815,vram_type,GDDR7,
13292,1815,recommended_psu_watt,550,W
13293,1815,length_mm,329,mm
13294,1815,performance_tier,중급,
13295,1816,chipset,RTX 5060,
13296,1816,vram_gb,8,GB
13297,1816,vram_type,GDDR7,
13298,1816,recommended_psu_watt,550,W
13299,1816,length_mm,199,mm
13300,1816,performance_tier,중급,
13301,1817,chipset,RTX 5060,
13302,1817,vram_gb,8,GB
13303,1817,vram_type,GDDR7,
13304,1817,recommended_psu_watt,550,W
13305,1817,length_mm,182,mm
13306,1817,performance_tier,중급,
13307,1818,chipset,RTX 5060,
13308,1818,vram_gb,8,GB
13309,1818,vram_type,GDDR7,
13310,1818,recommended_psu_watt,450,W
13311,1818,length_mm,199,mm
13312,1818,performance_tier,중급,
13313,1819,chipset,RTX 5060,
13314,1819,vram_gb,8,GB
13315,1819,vram_type,GDDR7,
13316,1819,recommended_psu_watt,550,W
13317,1819,length_mm,281,mm
13318,1819,performance_tier,중급,
13319,1820,chipset,RTX 5060,
13320,1820,vram_gb,8,GB
13321,1820,vram_type,GDDR7,
13322,1820,recommended_psu_watt,550,W
13323,1820,length_mm,281,mm
13324,1820,performance_tier,중급,
13325,1821,chipset,RTX 5060,
13326,1821,vram_gb,8,GB
13327,1821,vram_type,GDDR7,
13328,1821,recommended_psu_watt,450,W
13329,1821,length_mm,281,mm
13330,1821,performance_tier,중급,
13331,1822,chipset,RTX 5060,
13332,1822,vram_gb,8,GB
13333,1822,vram_type,GDDR7,
13334,1822,recommended_psu_watt,450,W
13335,1822,length_mm,199,mm
13336,1822,performance_tier,중급,
13337,1823,chipset,RTX 5060,
13338,1823,vram_gb,8,GB
13339,1823,vram_type,GDDR7,
13340,1823,recommended_psu_watt,450,W
13341,1823,length_mm,208,mm
13342,1823,performance_tier,중급,
13343,1824,chipset,RTX 5060,
13344,1824,vram_gb,8,GB
13345,1824,vram_type,GDDR7,
13346,1824,recommended_psu_watt,550,W
13347,1824,length_mm,281,mm
13348,1824,performance_tier,중급,
13349,1825,chipset,RTX 5060,
13350,1825,vram_gb,8,GB
13351,1825,vram_type,GDDR7,
13352,1825,recommended_psu_watt,450,W
13353,1825,length_mm,208,mm
13354,1825,performance_tier,중급,
13355,1826,chipset,RTX 5060,
13356,1826,vram_gb,8,GB
13357,1826,vram_type,GDDR7,
13358,1826,recommended_psu_watt,550,W
13359,1826,length_mm,208,mm
13360,1826,performance_tier,중급,
13361,1827,chipset,RTX 5060,
13362,1827,vram_gb,8,GB
13363,1827,vram_type,GDDR7,
13364,1827,recommended_psu_watt,450,W
13365,1827,length_mm,199,mm
13366,1827,performance_tier,중급,
13367,1828,chipset,RTX 5060,
13368,1828,vram_gb,8,GB
13369,1828,vram_type,GDDR7,
13370,1828,recommended_psu_watt,450,W
13371,1828,length_mm,199,mm
13372,1828,performance_tier,중급,
13373,1829,chipset,RTX 5060,
13374,1829,vram_gb,8,GB
13375,1829,vram_type,GDDR7,
13376,1829,recommended_psu_watt,550,W
13377,1829,length_mm,281,mm
13378,1829,performance_tier,중급,
13379,1830,chipset,RTX 5060,
13380,1830,vram_gb,8,GB
13381,1830,vram_type,GDDR7,
13382,1830,recommended_psu_watt,550,W
13383,1830,length_mm,281,mm
13384,1830,performance_tier,중급,
13385,1831,chipset,RTX 5060,
13386,1831,vram_gb,8,GB
13387,1831,vram_type,GDDR7,
13388,1831,recommended_psu_watt,450,W
13389,1831,length_mm,182,mm
13390,1831,performance_tier,중급,
13391,1832,chipset,RTX 5060,
13392,1832,vram_gb,8,GB
13393,1832,vram_type,GDDR7,
13394,1832,recommended_psu_watt,550,W
13395,1832,length_mm,281,mm
13396,1832,performance_tier,중급,
13397,1833,chipset,RTX 5060,
13398,1833,vram_gb,8,GB
13399,1833,vram_type,GDDR7,
13400,1833,recommended_psu_watt,450,W
13401,1833,length_mm,281,mm
13402,1833,performance_tier,중급,
13403,1834,chipset,RTX 5060,
13404,1834,vram_gb,8,GB
13405,1834,vram_type,GDDR7,
13406,1834,recommended_psu_watt,550,W
13407,1834,length_mm,329,mm
13408,1834,performance_tier,중급,
13409,1835,chipset,RTX 5060,
13410,1835,vram_gb,8,GB
13411,1835,vram_type,GDDR7,
13412,1835,recommended_psu_watt,450,W
13413,1835,length_mm,199,mm
13414,1835,performance_tier,중급,
13415,1836,chipset,RTX 5060 TI,
13416,1836,vram_gb,8,GB
13417,1836,vram_type,GDDR7,
13418,1836,recommended_psu_watt,650,W
13419,1836,length_mm,208,mm
13420,1836,performance_tier,중급,
13421,1837,chipset,RTX 5060 TI,
13422,1837,vram_gb,8,GB
13423,1837,vram_type,GDDR7,
13424,1837,recommended_psu_watt,650,W
13425,1837,length_mm,208,mm
13426,1837,performance_tier,중급,
13427,1838,chipset,RTX 5060 TI,
13428,1838,vram_gb,8,GB
13429,1838,vram_type,GDDR7,
13430,1838,recommended_psu_watt,650,W
13431,1838,length_mm,281,mm
13432,1838,performance_tier,중급,
13433,1839,chipset,RTX 5060 TI,
13434,1839,vram_gb,16,GB
13435,1839,vram_type,GDDR7,
13436,1839,recommended_psu_watt,650,W
13437,1839,length_mm,208,mm
13438,1839,performance_tier,중급,
13439,1840,chipset,RTX 5060 TI,
13440,1840,vram_gb,8,GB
13441,1840,vram_type,GDDR7,
13442,1840,recommended_psu_watt,650,W
13443,1840,length_mm,281,mm
13444,1840,performance_tier,중급,
13445,1841,chipset,RTX 5060 TI,
13446,1841,vram_gb,8,GB
13447,1841,vram_type,GDDR7,
13448,1841,tdp_watt,180,W
13449,1841,recommended_psu_watt,650,W
13450,1841,length_mm,281,mm
13451,1841,performance_tier,중급,
13452,1842,chipset,RTX 5060 TI,
13453,1842,vram_gb,8,GB
13454,1842,vram_type,GDDR7,
13455,1842,recommended_psu_watt,650,W
13456,1842,length_mm,215,mm
13457,1842,performance_tier,중급,
13458,1843,chipset,RTX 5060 TI,
13459,1843,vram_gb,8,GB
13460,1843,vram_type,GDDR7,
13461,1843,recommended_psu_watt,650,W
13462,1843,length_mm,281,mm
13463,1843,performance_tier,중급,
13464,1844,chipset,RTX 5060 TI,
13465,1844,vram_gb,8,GB
13466,1844,vram_type,GDDR7,
13467,1844,recommended_psu_watt,650,W
13468,1844,length_mm,215,mm
13469,1844,performance_tier,중급,
13470,1845,chipset,RTX 5060 TI,
13471,1845,vram_gb,8,GB
13472,1845,vram_type,GDDR7,
13473,1845,recommended_psu_watt,650,W
13474,1845,length_mm,208,mm
13475,1845,performance_tier,중급,
13476,1846,chipset,RTX 5060 TI,
13477,1846,vram_gb,8,GB
13478,1846,vram_type,GDDR7,
13479,1846,recommended_psu_watt,650,W
13480,1846,length_mm,215,mm
13481,1846,performance_tier,중급,
13482,1847,chipset,RTX 5060 TI,
13483,1847,vram_gb,8,GB
13484,1847,vram_type,GDDR7,
13485,1847,tdp_watt,180,W
13486,1847,recommended_psu_watt,650,W
13487,1847,length_mm,281,mm
13488,1847,performance_tier,중급,
13489,1848,chipset,RTX 5060 TI,
13490,1848,vram_gb,8,GB
13491,1848,vram_type,GDDR7,
13492,1848,recommended_psu_watt,650,W
13493,1848,length_mm,281,mm
13494,1848,performance_tier,중급,
13495,1849,chipset,RTX 5060 TI,
13496,1849,vram_gb,16,GB
13497,1849,vram_type,GDDR7,
13498,1849,recommended_psu_watt,650,W
13499,1849,length_mm,281,mm
13500,1849,performance_tier,중급,
13501,1850,chipset,RTX 5060 TI,
13502,1850,vram_gb,8,GB
13503,1850,vram_type,GDDR7,
13504,1850,recommended_psu_watt,650,W
13505,1850,length_mm,208,mm
13506,1850,performance_tier,중급,
13507,1851,chipset,RTX 5060 TI,
13508,1851,vram_gb,8,GB
13509,1851,vram_type,GDDR7,
13510,1851,recommended_psu_watt,650,W
13511,1851,length_mm,208,mm
13512,1851,performance_tier,중급,
13513,1852,chipset,RTX 5060 TI,
13514,1852,vram_gb,16,GB
13515,1852,vram_type,GDDR7,
13516,1852,tdp_watt,180,W
13517,1852,recommended_psu_watt,650,W
13518,1852,length_mm,281,mm
13519,1852,performance_tier,중급,
13520,1853,chipset,RTX 5070,
13521,1853,vram_gb,12,GB
13522,1853,vram_type,GDDR7,
13523,1853,recommended_psu_watt,750,W
13524,1853,length_mm,327,mm
13525,1853,performance_tier,고급,
13526,1854,chipset,RTX 5070,
13527,1854,vram_gb,12,GB
13528,1854,vram_type,GDDR7,
13529,1854,recommended_psu_watt,750,W
13530,1854,length_mm,317,mm
13531,1854,performance_tier,고급,
13532,1855,chipset,RTX 5070,
13533,1855,vram_gb,12,GB
13534,1855,vram_type,GDDR7,
13535,1855,recommended_psu_watt,750,W
13536,1855,length_mm,282,mm
13537,1855,performance_tier,고급,
13538,1856,chipset,RTX 5070,
13539,1856,vram_gb,12,GB
13540,1856,vram_type,GDDR7,
13541,1856,recommended_psu_watt,750,W
13542,1856,length_mm,282,mm
13543,1856,performance_tier,고급,
13544,1857,chipset,RTX 5070,
13545,1857,vram_gb,12,GB
13546,1857,vram_type,GDDR7,
13547,1857,recommended_psu_watt,750,W
13548,1857,length_mm,324,mm
13549,1857,performance_tier,고급,
13550,1858,chipset,RTX 5070,
13551,1858,vram_gb,12,GB
13552,1858,vram_type,GDDR7,
13553,1858,recommended_psu_watt,750,W
13554,1858,length_mm,290,mm
13555,1858,performance_tier,고급,
13556,1859,chipset,RTX 5070,
13557,1859,vram_gb,12,GB
13558,1859,vram_type,GDDR7,
13559,1859,recommended_psu_watt,750,W
13560,1859,length_mm,324,mm
13561,1859,performance_tier,고급,
13562,1860,chipset,RTX 5070,
13563,1860,vram_gb,12,GB
13564,1860,vram_type,GDDR7,
13565,1860,recommended_psu_watt,750,W
13566,1860,length_mm,290,mm
13567,1860,performance_tier,고급,
13568,1861,chipset,RTX 5070,
13569,1861,vram_gb,12,GB
13570,1861,vram_type,GDDR7,
13571,1861,recommended_psu_watt,750,W
13572,1861,length_mm,327,mm
13573,1861,performance_tier,고급,
13574,1862,chipset,RTX 5070,
13575,1862,vram_gb,12,GB
13576,1862,vram_type,GDDR7,
13577,1862,recommended_psu_watt,750,W
13578,1862,length_mm,309,mm
13579,1862,performance_tier,고급,
13580,1863,chipset,RTX 5070,
13581,1863,vram_gb,12,GB
13582,1863,vram_type,GDDR7,
13583,1863,recommended_psu_watt,750,W
13584,1863,length_mm,290,mm
13585,1863,performance_tier,고급,
13586,1864,chipset,RTX 5070,
13587,1864,vram_gb,12,GB
13588,1864,vram_type,GDDR7,
13589,1864,recommended_psu_watt,750,W
13590,1864,length_mm,290,mm
13591,1864,performance_tier,고급,
13592,1865,chipset,RTX 5070,
13593,1865,vram_gb,12,GB
13594,1865,vram_type,GDDR7,
13595,1865,recommended_psu_watt,750,W
13596,1865,length_mm,309,mm
13597,1865,performance_tier,고급,
13598,1866,chipset,RTX 5070,
13599,1866,vram_gb,12,GB
13600,1866,vram_type,GDDR7,
13601,1866,recommended_psu_watt,750,W
13602,1866,length_mm,317,mm
13603,1866,performance_tier,고급,
13604,1867,chipset,RTX 5070 TI,
13605,1867,vram_gb,16,GB
13606,1867,vram_type,GDDR7,
13607,1867,recommended_psu_watt,750,W
13608,1867,length_mm,340,mm
13609,1867,performance_tier,고급,
13610,1868,chipset,RTX 5070 TI,
13611,1868,vram_gb,16,GB
13612,1868,vram_type,GDDR7,
13613,1868,recommended_psu_watt,750,W
13614,1868,length_mm,340,mm
13615,1868,performance_tier,고급,
13616,1869,chipset,RTX 5070 TI,
13617,1869,vram_gb,16,GB
13618,1869,vram_type,GDDR7,
13619,1869,recommended_psu_watt,750,W
13620,1869,length_mm,304,mm
13621,1869,performance_tier,고급,
13622,1870,chipset,RTX 5070 TI,
13623,1870,vram_gb,16,GB
13624,1870,vram_type,GDDR7,
13625,1870,recommended_psu_watt,750,W
13626,1870,length_mm,304,mm
13627,1870,performance_tier,고급,
13628,1871,chipset,RTX 5070 TI,
13629,1871,vram_gb,16,GB
13630,1871,vram_type,GDDR7,
13631,1871,recommended_psu_watt,750,W
13632,1871,length_mm,340,mm
13633,1871,performance_tier,고급,
13634,1872,chipset,RTX 5070 TI,
13635,1872,vram_gb,16,GB
13636,1872,vram_type,GDDR7,
13637,1872,recommended_psu_watt,750,W
13638,1872,length_mm,261,mm
13639,1872,performance_tier,고급,
13640,1873,chipset,RTX 5070 TI,
13641,1873,vram_gb,16,GB
13642,1873,vram_type,GDDR7,
13643,1873,recommended_psu_watt,750,W
13644,1873,length_mm,330,mm
13645,1873,performance_tier,고급,
13646,1874,chipset,RTX 5070 TI,
13647,1874,vram_gb,16,GB
13648,1874,vram_type,GDDR7,
13649,1874,recommended_psu_watt,750,W
13650,1874,length_mm,304,mm
13651,1874,performance_tier,고급,
13652,1875,chipset,RTX 5070 TI,
13653,1875,vram_gb,16,GB
13654,1875,vram_type,GDDR7,
13655,1875,recommended_psu_watt,750,W
13656,1875,length_mm,340,mm
13657,1875,performance_tier,고급,
13658,1876,chipset,RTX 5070 TI,
13659,1876,vram_gb,16,GB
13660,1876,vram_type,GDDR7,
13661,1876,recommended_psu_watt,750,W
13662,1876,length_mm,304,mm
13663,1876,performance_tier,고급,
13664,1877,chipset,RTX 5070 TI,
13665,1877,vram_gb,16,GB
13666,1877,vram_type,GDDR7,
13667,1877,recommended_psu_watt,750,W
13668,1877,length_mm,330,mm
13669,1877,performance_tier,고급,
13670,1878,chipset,RTX 5070 TI,
13671,1878,vram_gb,16,GB
13672,1878,vram_type,GDDR7,
13673,1878,recommended_psu_watt,750,W
13674,1878,length_mm,304,mm
13675,1878,performance_tier,고급,
13676,1879,chipset,RTX 5070 TI,
13677,1879,vram_gb,16,GB
13678,1879,vram_type,GDDR7,
13679,1879,recommended_psu_watt,750,W
13680,1879,length_mm,304,mm
13681,1879,performance_tier,고급,
13682,1880,chipset,RTX 5070 TI,
13683,1880,vram_gb,16,GB
13684,1880,vram_type,GDDR7,
13685,1880,recommended_psu_watt,750,W
13686,1880,length_mm,360,mm
13687,1880,performance_tier,고급,
13688,1881,chipset,RTX 5080,
13689,1881,vram_gb,16,GB
13690,1881,vram_type,GDDR7,
13691,1881,recommended_psu_watt,850,W
13692,1881,length_mm,360,mm
13693,1881,performance_tier,최상급,
13694,1882,chipset,RTX 5080,
13695,1882,vram_gb,16,GB
13696,1882,vram_type,GDDR7,
13697,1882,recommended_psu_watt,850,W
13698,1882,length_mm,340,mm
13699,1882,performance_tier,최상급,
13700,1883,chipset,RTX 5080,
13701,1883,vram_gb,16,GB
13702,1883,vram_type,GDDR7,
13703,1883,recommended_psu_watt,850,W
13704,1883,length_mm,360,mm
13705,1883,performance_tier,최상급,
13706,1884,chipset,RTX 5080,
13707,1884,vram_gb,16,GB
13708,1884,vram_type,GDDR7,
13709,1884,recommended_psu_watt,850,W
13710,1884,length_mm,340,mm
13711,1884,performance_tier,최상급,
13712,1885,chipset,RTX 5080,
13713,1885,vram_gb,16,GB
13714,1885,vram_type,GDDR7,
13715,1885,recommended_psu_watt,850,W
13716,1885,length_mm,304,mm
13717,1885,performance_tier,최상급,
13718,1886,chipset,RTX 5080,
13719,1886,vram_gb,16,GB
13720,1886,vram_type,GDDR7,
13721,1886,recommended_psu_watt,850,W
13722,1886,length_mm,304,mm
13723,1886,performance_tier,최상급,
13724,1887,chipset,RTX 5080,
13725,1887,vram_gb,16,GB
13726,1887,vram_type,GDDR7,
13727,1887,recommended_psu_watt,850,W
13728,1887,length_mm,304,mm
13729,1887,performance_tier,최상급,
13730,1888,chipset,RTX 5080,
13731,1888,vram_gb,16,GB
13732,1888,vram_type,GDDR7,
13733,1888,recommended_psu_watt,850,W
13734,1888,length_mm,360,mm
13735,1888,performance_tier,최상급,
13736,1889,chipset,RTX 5080,
13737,1889,vram_gb,16,GB
13738,1889,vram_type,GDDR7,
13739,1889,recommended_psu_watt,850,W
13740,1889,length_mm,304,mm
13741,1889,performance_tier,최상급,
13742,1890,chipset,RTX 5080,
13743,1890,vram_gb,16,GB
13744,1890,vram_type,GDDR7,
13745,1890,recommended_psu_watt,850,W
13746,1890,length_mm,330,mm
13747,1890,performance_tier,최상급,
13748,1891,chipset,RTX 5080,
13749,1891,vram_gb,16,GB
13750,1891,vram_type,GDDR7,
13751,1891,recommended_psu_watt,850,W
13752,1891,length_mm,330,mm
13753,1891,performance_tier,최상급,
13754,1892,chipset,RTX 5080,
13755,1892,vram_gb,16,GB
13756,1892,vram_type,GDDR7,
13757,1892,recommended_psu_watt,850,W
13758,1892,length_mm,330,mm
13759,1892,performance_tier,최상급,
13760,1893,chipset,RTX 5080,
13761,1893,vram_gb,16,GB
13762,1893,vram_type,GDDR7,
13763,1893,recommended_psu_watt,850,W
13764,1893,length_mm,330,mm
13765,1893,performance_tier,최상급,
13766,1894,chipset,RTX 5080,
13767,1894,vram_gb,16,GB
13768,1894,vram_type,GDDR7,
13769,1894,recommended_psu_watt,850,W
13770,1894,length_mm,360,mm
13771,1894,performance_tier,최상급,
13772,1895,chipset,RTX 5080,
13773,1895,vram_gb,16,GB
13774,1895,vram_type,GDDR7,
13775,1895,recommended_psu_watt,850,W
13776,1895,length_mm,304,mm
13777,1895,performance_tier,최상급,
13778,1896,chipset,RTX 5080,
13779,1896,vram_gb,16,GB
13780,1896,vram_type,GDDR7,
13781,1896,recommended_psu_watt,850,W
13782,1896,length_mm,304,mm
13783,1896,performance_tier,최상급,
13784,1897,chipset,RTX 5080,
13785,1897,vram_gb,16,GB
13786,1897,vram_type,GDDR7,
13787,1897,recommended_psu_watt,850,W
13788,1897,length_mm,220,mm
13789,1897,performance_tier,최상급,
13790,1898,chipset,RTX 5090,
13791,1898,vram_gb,32,GB
13792,1898,vram_type,GDDR7,
13793,1898,recommended_psu_watt,1000,W
13794,1898,length_mm,360,mm
13795,1898,performance_tier,최상급,
13796,1899,chipset,RTX 5090,
13797,1899,vram_gb,32,GB
13798,1899,vram_type,GDDR7,
13799,1899,recommended_psu_watt,1000,W
13800,1899,length_mm,342,mm
13801,1899,performance_tier,최상급,
13802,1900,chipset,RTX 5090,
13803,1900,vram_gb,32,GB
13804,1900,vram_type,GDDR7,
13805,1900,recommended_psu_watt,1000,W
13806,1900,length_mm,246,mm
13807,1900,performance_tier,최상급,
13808,1901,chipset,RTX 5090,
13809,1901,vram_gb,32,GB
13810,1901,vram_type,GDDR7,
13811,1901,recommended_psu_watt,1000,W
13812,1901,length_mm,330,mm
13813,1901,performance_tier,최상급,
13814,1902,chipset,RTX 5090,
13815,1902,vram_gb,32,GB
13816,1902,vram_type,GDDR7,
13817,1902,recommended_psu_watt,1000,W
13818,1902,length_mm,330,mm
13819,1902,performance_tier,최상급,
13820,1903,chipset,RTX 5090,
13821,1903,vram_gb,32,GB
13822,1903,vram_type,GDDR7,
13823,1903,recommended_psu_watt,1000,W
13824,1903,length_mm,360,mm
13825,1903,performance_tier,최상급,
13826,1904,chipset,RTX 5090,
13827,1904,vram_gb,32,GB
13828,1904,vram_type,GDDR7,
13829,1904,recommended_psu_watt,1000,W
13830,1904,length_mm,342,mm
13831,1904,performance_tier,최상급,
13832,1905,chipset,RTX 5090,
13833,1905,vram_gb,32,GB
13834,1905,vram_type,GDDR7,
13835,1905,recommended_psu_watt,1000,W
13836,1905,length_mm,360,mm
13837,1905,performance_tier,최상급,
13838,1906,chipset,RTX 5090,
13839,1906,vram_gb,32,GB
13840,1906,vram_type,GDDR7,
13841,1906,recommended_psu_watt,1000,W
13842,1906,length_mm,360,mm
13843,1906,performance_tier,최상급,
13844,1907,chipset,RTX 5090,
13845,1907,vram_gb,32,GB
13846,1907,vram_type,GDDR7,
13847,1907,recommended_psu_watt,1000,W
13848,1907,length_mm,360,mm
13849,1907,performance_tier,최상급,
13850,1908,chipset,RTX 5090,
13851,1908,vram_gb,32,GB
13852,1908,vram_type,GDDR7,
13853,1908,recommended_psu_watt,1000,W
13854,1908,length_mm,360,mm
13855,1908,performance_tier,최상급,
13856,1909,chipset,RTX 5090,
13857,1909,vram_gb,32,GB
13858,1909,vram_type,GDDR7,
13859,1909,recommended_psu_watt,1000,W
13860,1909,length_mm,342,mm
13861,1909,performance_tier,최상급,
13862,1910,chipset,RTX 5090,
13863,1910,vram_gb,32,GB
13864,1910,vram_type,GDDR7,
13865,1910,recommended_psu_watt,1000,W
13866,1910,length_mm,342,mm
13867,1910,performance_tier,최상급,
13868,1911,chipset,RX 7600,
13869,1911,vram_gb,8,GB
13870,1911,vram_type,GDDR6,
13871,1911,recommended_psu_watt,550,W
13872,1911,length_mm,282,mm
13873,1911,performance_tier,보급,
13874,1912,chipset,RX 9060 XT,
13875,1912,vram_gb,16,GB
13876,1912,vram_type,GDDR6,
13877,1912,tdp_watt,160,W
13878,1912,recommended_psu_watt,450,W
13879,1912,length_mm,281,mm
13880,1912,performance_tier,중급,
13881,1913,chipset,RX 9060 XT,
13882,1913,vram_gb,16,GB
13883,1913,vram_type,GDDR6,
13884,1913,tdp_watt,160,W
13885,1913,recommended_psu_watt,450,W
13886,1913,length_mm,281,mm
13887,1913,performance_tier,중급,
13888,1914,chipset,RX 9060 XT,
13889,1914,vram_gb,16,GB
13890,1914,vram_type,GDDR6,
13891,1914,tdp_watt,160,W
13892,1914,recommended_psu_watt,450,W
13893,1914,length_mm,281,mm
13894,1914,performance_tier,중급,
13895,1915,chipset,RX 9060 XT,
13896,1915,vram_gb,8,GB
13897,1915,vram_type,GDDR6,
13898,1915,tdp_watt,160,W
13899,1915,recommended_psu_watt,450,W
13900,1915,length_mm,281,mm
13901,1915,performance_tier,중급,
13902,1916,chipset,RX 9060 XT,
13903,1916,vram_gb,8,GB
13904,1916,vram_type,GDDR6,
13905,1916,tdp_watt,160,W
13906,1916,recommended_psu_watt,450,W
13907,1916,length_mm,281,mm
13908,1916,performance_tier,중급,
13909,1917,chipset,RX 9070,
13910,1917,vram_gb,16,GB
13911,1917,vram_type,GDDR6,
13912,1917,recommended_psu_watt,750,W
13913,1917,length_mm,288,mm
13914,1917,performance_tier,고급,
13915,1918,chipset,RX 9070 GRE,
13916,1918,vram_gb,12,GB
13917,1918,vram_type,GDDR6,
13918,1918,recommended_psu_watt,750,W
13919,1918,length_mm,288,mm
13920,1918,performance_tier,고급,
13921,1919,chipset,RX 9070 GRE,
13922,1919,vram_gb,12,GB
13923,1919,vram_type,GDDR6,
13924,1919,recommended_psu_watt,750,W
13925,1919,length_mm,288,mm
13926,1919,performance_tier,고급,
13927,1920,chipset,RX 9070 XT,
13928,1920,vram_gb,16,GB
13929,1920,vram_type,GDDR6,
13930,1920,recommended_psu_watt,850,W
13931,1920,length_mm,288,mm
13932,1920,performance_tier,고급,
13933,1921,chipset,RX 9070 XT,
13934,1921,vram_gb,16,GB
13935,1921,vram_type,GDDR6,
13936,1921,recommended_psu_watt,850,W
13937,1921,length_mm,288,mm
13938,1921,performance_tier,고급,
13939,1922,chipset,RX 9070 XT,
13940,1922,vram_gb,16,GB
13941,1922,vram_type,GDDR6,
13942,1922,recommended_psu_watt,850,W
13943,1922,length_mm,288,mm
13944,1922,performance_tier,고급,
13945,1923,chipset,RX 9070 XT,
13946,1923,vram_gb,16,GB
13947,1923,vram_type,GDDR6,
13948,1923,recommended_psu_watt,850,W
13949,1923,length_mm,288,mm
13950,1923,performance_tier,고급,
13951,1924,chipset,RTX 3050,
13952,1924,vram_gb,6,GB
13953,1924,vram_type,GDDR6,
13954,1924,recommended_psu_watt,450,W
13955,1924,length_mm,201,mm
13956,1924,performance_tier,보급,
13957,1925,chipset,RTX 3050,
13958,1925,vram_gb,6,GB
13959,1925,vram_type,GDDR6,
13960,1925,recommended_psu_watt,450,W
13961,1925,length_mm,201,mm
13962,1925,performance_tier,보급,
13963,1926,chipset,RTX 3050,
13964,1926,vram_gb,6,GB
13965,1926,vram_type,GDDR6,
13966,1926,recommended_psu_watt,450,W
13967,1926,length_mm,201,mm
13968,1926,performance_tier,보급,
13969,1927,chipset,RTX 3050,
13970,1927,vram_gb,6,GB
13971,1927,vram_type,GDDR6,
13972,1927,recommended_psu_watt,450,W
13973,1927,length_mm,201,mm
13974,1927,performance_tier,보급,
13975,1928,chipset,RTX 3050,
13976,1928,vram_gb,6,GB
13977,1928,vram_type,GDDR6,
13978,1928,recommended_psu_watt,450,W
13979,1928,length_mm,201,mm
13980,1928,performance_tier,보급,
13981,1929,chipset,RTX 3060,
13982,1929,vram_gb,12,GB
13983,1929,vram_type,GDDR6,
13984,1929,recommended_psu_watt,650,W
13985,1929,length_mm,177,mm
13986,1929,performance_tier,중급,
13987,1930,chipset,RTX 3060 TI,
13988,1930,vram_gb,8,GB
13989,1930,vram_type,GDDR6,
13990,1930,recommended_psu_watt,750,W
13991,1930,length_mm,200,mm
13992,1930,performance_tier,중급,
13993,1931,chipset,RTX 3060 TI,
13994,1931,vram_gb,8,GB
13995,1931,vram_type,GDDR6,
13996,1931,recommended_psu_watt,750,W
13997,1931,length_mm,318.5,mm
13998,1931,performance_tier,중급,
13999,1932,chipset,RTX 3060 TI,
14000,1932,vram_gb,8,GB
14001,1932,vram_type,GDDR6,
14002,1932,recommended_psu_watt,750,W
14003,1932,length_mm,301,mm
14004,1932,performance_tier,중급,
14005,1933,chipset,RTX 3080,
14006,1933,vram_gb,10,GB
14007,1933,vram_type,GDDR6X,
14008,1933,recommended_psu_watt,750,W
14009,1933,length_mm,318.5,mm
14010,1933,performance_tier,최상급,
14011,1934,chipset,RTX 5050,
14012,1934,vram_gb,8,GB
14013,1934,vram_type,GDDR6,
14014,1934,tdp_watt,130,W
14015,1934,recommended_psu_watt,550,W
14016,1934,length_mm,203,mm
14017,1934,performance_tier,보급,
14018,1935,chipset,RTX 5050,
14019,1935,vram_gb,8,GB
14020,1935,vram_type,GDDR6,
14021,1935,tdp_watt,130,W
14022,1935,recommended_psu_watt,550,W
14023,1935,length_mm,203,mm
14024,1935,performance_tier,보급,
14025,1936,chipset,RTX 5050,
14026,1936,vram_gb,8,GB
14027,1936,vram_type,GDDR6,
14028,1936,tdp_watt,130,W
14029,1936,recommended_psu_watt,550,W
14030,1936,length_mm,203,mm
14031,1936,performance_tier,보급,
14032,1937,chipset,RTX 5050,
14033,1937,vram_gb,8,GB
14034,1937,vram_type,GDDR6,
14035,1937,tdp_watt,130,W
14036,1937,recommended_psu_watt,550,W
14037,1937,length_mm,203,mm
14038,1937,performance_tier,보급,
14039,1938,chipset,RTX 5060,
14040,1938,vram_gb,8,GB
14041,1938,vram_type,GDDR7,
14042,1938,recommended_psu_watt,550,W
14043,1938,length_mm,225,mm
14044,1938,performance_tier,중급,
14045,1939,chipset,RTX 5060,
14046,1939,vram_gb,8,GB
14047,1939,vram_type,GDDR7,
14048,1939,recommended_psu_watt,550,W
14049,1939,length_mm,228,mm
14050,1939,performance_tier,중급,
14051,1940,chipset,RTX 5060,
14052,1940,vram_gb,8,GB
14053,1940,vram_type,GDDR7,
14054,1940,recommended_psu_watt,550,W
14055,1940,length_mm,228,mm
14056,1940,performance_tier,중급,
14057,1941,chipset,RTX 5060,
14058,1941,vram_gb,8,GB
14059,1941,vram_type,GDDR7,
14060,1941,recommended_psu_watt,550,W
14061,1941,length_mm,225,mm
14062,1941,performance_tier,중급,
14063,1942,chipset,RTX 5060,
14064,1942,vram_gb,8,GB
14065,1942,vram_type,GDDR7,
14066,1942,recommended_psu_watt,550,W
14067,1942,length_mm,225,mm
14068,1942,performance_tier,중급,
14069,1943,chipset,RTX 5060,
14070,1943,vram_gb,8,GB
14071,1943,vram_type,GDDR7,
14072,1943,recommended_psu_watt,550,W
14073,1943,length_mm,268.3,mm
14074,1943,performance_tier,중급,
14075,1944,chipset,RTX 5060,
14076,1944,vram_gb,8,GB
14077,1944,vram_type,GDDR7,
14078,1944,recommended_psu_watt,550,W
14079,1944,length_mm,228,mm
14080,1944,performance_tier,중급,
14081,1945,chipset,RTX 5060,
14082,1945,vram_gb,8,GB
14083,1945,vram_type,GDDR7,
14084,1945,recommended_psu_watt,550,W
14085,1945,length_mm,228,mm
14086,1945,performance_tier,중급,
14087,1946,chipset,RTX 5060,
14088,1946,vram_gb,8,GB
14089,1946,vram_type,GDDR7,
14090,1946,recommended_psu_watt,550,W
14091,1946,length_mm,228,mm
14092,1946,performance_tier,중급,
14093,1947,chipset,RTX 5060 TI,
14094,1947,vram_gb,8,GB
14095,1947,vram_type,GDDR7,
14096,1947,recommended_psu_watt,550,W
14097,1947,length_mm,229,mm
14098,1947,performance_tier,중급,
14099,1948,chipset,RTX 5060 TI,
14100,1948,vram_gb,8,GB
14101,1948,vram_type,GDDR7,
14102,1948,recommended_psu_watt,550,W
14103,1948,length_mm,229,mm
14104,1948,performance_tier,중급,
14105,1949,chipset,RTX 5060 TI,
14106,1949,vram_gb,8,GB
14107,1949,vram_type,GDDR7,
14108,1949,recommended_psu_watt,550,W
14109,1949,length_mm,229,mm
14110,1949,performance_tier,중급,
14111,1950,chipset,RTX 5060 TI,
14112,1950,vram_gb,8,GB
14113,1950,vram_type,GDDR7,
14114,1950,recommended_psu_watt,550,W
14115,1950,length_mm,229,mm
14116,1950,performance_tier,중급,
14117,1951,chipset,RTX 5060 TI,
14118,1951,vram_gb,16,GB
14119,1951,vram_type,GDDR7,
14120,1951,recommended_psu_watt,550,W
14121,1951,length_mm,229,mm
14122,1951,performance_tier,중급,
14123,1952,chipset,RTX 5060 TI,
14124,1952,vram_gb,16,GB
14125,1952,vram_type,GDDR7,
14126,1952,recommended_psu_watt,550,W
14127,1952,length_mm,229,mm
14128,1952,performance_tier,중급,
14129,1953,chipset,RTX 5060 TI,
14130,1953,vram_gb,16,GB
14131,1953,vram_type,GDDR7,
14132,1953,recommended_psu_watt,550,W
14133,1953,length_mm,229,mm
14134,1953,performance_tier,중급,
14135,1954,chipset,RTX 5060 TI,
14136,1954,vram_gb,8,GB
14137,1954,vram_type,GDDR7,
14138,1954,recommended_psu_watt,550,W
14139,1954,length_mm,269,mm
14140,1954,performance_tier,중급,
14141,1955,chipset,RTX 5060 TI,
14142,1955,vram_gb,8,GB
14143,1955,vram_type,GDDR7,
14144,1955,recommended_psu_watt,550,W
14145,1955,length_mm,304,mm
14146,1955,performance_tier,중급,
14147,1956,chipset,RTX 5060 TI,
14148,1956,vram_gb,8,GB
14149,1956,vram_type,GDDR7,
14150,1956,recommended_psu_watt,550,W
14151,1956,length_mm,304,mm
14152,1956,performance_tier,중급,
14153,1957,chipset,RTX 5060 TI,
14154,1957,vram_gb,8,GB
14155,1957,vram_type,GDDR7,
14156,1957,recommended_psu_watt,550,W
14157,1957,length_mm,269,mm
14158,1957,performance_tier,중급,
14159,1958,chipset,RTX 5070,
14160,1958,vram_gb,12,GB
14161,1958,vram_type,GDDR7,
14162,1958,recommended_psu_watt,750,W
14163,1958,length_mm,249,mm
14164,1958,performance_tier,고급,
14165,1959,chipset,RTX 5070,
14166,1959,vram_gb,12,GB
14167,1959,vram_type,GDDR7,
14168,1959,recommended_psu_watt,750,W
14169,1959,length_mm,304,mm
14170,1959,performance_tier,고급,
14171,1960,chipset,RTX 5070,
14172,1960,vram_gb,12,GB
14173,1960,vram_type,GDDR7,
14174,1960,recommended_psu_watt,750,W
14175,1960,length_mm,304,mm
14176,1960,performance_tier,고급,
14177,1961,chipset,RTX 5070,
14178,1961,vram_gb,12,GB
14179,1961,vram_type,GDDR7,
14180,1961,recommended_psu_watt,750,W
14181,1961,length_mm,304,mm
14182,1961,performance_tier,고급,
14183,1962,chipset,RTX 5070,
14184,1962,vram_gb,12,GB
14185,1962,vram_type,GDDR7,
14186,1962,recommended_psu_watt,750,W
14187,1962,length_mm,304,mm
14188,1962,performance_tier,고급,
14189,1963,chipset,RTX 5070,
14190,1963,vram_gb,12,GB
14191,1963,vram_type,GDDR7,
14192,1963,recommended_psu_watt,750,W
14193,1963,length_mm,304,mm
14194,1963,performance_tier,고급,
14195,1964,chipset,RTX 5070,
14196,1964,vram_gb,12,GB
14197,1964,vram_type,GDDR7,
14198,1964,recommended_psu_watt,750,W
14199,1964,length_mm,305,mm
14200,1964,performance_tier,고급,
14201,1965,chipset,RTX 5070,
14202,1965,vram_gb,12,GB
14203,1965,vram_type,GDDR7,
14204,1965,recommended_psu_watt,750,W
14205,1965,length_mm,249,mm
14206,1965,performance_tier,고급,
14207,1966,chipset,RTX 5070,
14208,1966,vram_gb,12,GB
14209,1966,vram_type,GDDR7,
14210,1966,recommended_psu_watt,750,W
14211,1966,length_mm,249,mm
14212,1966,performance_tier,고급,
14213,1967,chipset,RTX 5070,
14214,1967,vram_gb,12,GB
14215,1967,vram_type,GDDR7,
14216,1967,recommended_psu_watt,750,W
14217,1967,length_mm,304,mm
14218,1967,performance_tier,고급,
14219,1968,chipset,RTX 5070,
14220,1968,vram_gb,12,GB
14221,1968,vram_type,GDDR7,
14222,1968,recommended_psu_watt,750,W
14223,1968,length_mm,305,mm
14224,1968,performance_tier,고급,
14225,1969,chipset,RTX 5070,
14226,1969,vram_gb,12,GB
14227,1969,vram_type,GDDR7,
14228,1969,recommended_psu_watt,750,W
14229,1969,length_mm,329,mm
14230,1969,performance_tier,고급,
14231,1970,chipset,RTX 5070 TI,
14232,1970,vram_gb,16,GB
14233,1970,vram_type,GDDR7,
14234,1970,recommended_psu_watt,750,W
14235,1970,length_mm,304,mm
14236,1970,performance_tier,고급,
14237,1971,chipset,RTX 5070 TI,
14238,1971,vram_gb,16,GB
14239,1971,vram_type,GDDR7,
14240,1971,recommended_psu_watt,750,W
14241,1971,length_mm,304,mm
14242,1971,performance_tier,고급,
14243,1972,chipset,RTX 5070 TI,
14244,1972,vram_gb,16,GB
14245,1972,vram_type,GDDR7,
14246,1972,recommended_psu_watt,750,W
14247,1972,length_mm,304,mm
14248,1972,performance_tier,고급,
14249,1973,chipset,RTX 5070 TI,
14250,1973,vram_gb,16,GB
14251,1973,vram_type,GDDR7,
14252,1973,recommended_psu_watt,850,W
14253,1973,length_mm,329,mm
14254,1973,performance_tier,고급,
14255,1974,chipset,RTX 5070 TI,
14256,1974,vram_gb,16,GB
14257,1974,vram_type,GDDR7,
14258,1974,recommended_psu_watt,750,W
14259,1974,length_mm,304,mm
14260,1974,performance_tier,고급,
14261,1975,chipset,RTX 5080,
14262,1975,vram_gb,16,GB
14263,1975,vram_type,GDDR7,
14264,1975,recommended_psu_watt,850,W
14265,1975,length_mm,306,mm
14266,1975,performance_tier,최상급,
14267,1976,chipset,RTX 5080,
14268,1976,vram_gb,16,GB
14269,1976,vram_type,GDDR7,
14270,1976,recommended_psu_watt,850,W
14271,1976,length_mm,357.6,mm
14272,1976,performance_tier,최상급,
14273,1977,chipset,RTX 5080,
14274,1977,vram_gb,16,GB
14275,1977,vram_type,GDDR7,
14276,1977,recommended_psu_watt,850,W
14277,1977,length_mm,304,mm
14278,1977,performance_tier,최상급,
14279,1978,chipset,RTX 5080,
14280,1978,vram_gb,16,GB
14281,1978,vram_type,GDDR7,
14282,1978,recommended_psu_watt,850,W
14283,1978,length_mm,357.6,mm
14284,1978,performance_tier,최상급,
14285,1979,chipset,RTX 5080,
14286,1979,vram_gb,16,GB
14287,1979,vram_type,GDDR7,
14288,1979,recommended_psu_watt,850,W
14289,1979,length_mm,306,mm
14290,1979,performance_tier,최상급,
14291,1980,chipset,RTX 5080,
14292,1980,vram_gb,16,GB
14293,1980,vram_type,GDDR7,
14294,1980,recommended_psu_watt,850,W
14295,1980,length_mm,304,mm
14296,1980,performance_tier,최상급,
14297,1981,chipset,RTX 5080,
14298,1981,vram_gb,16,GB
14299,1981,vram_type,GDDR7,
14300,1981,recommended_psu_watt,850,W
14301,1981,length_mm,304,mm
14302,1981,performance_tier,최상급,
14303,1982,chipset,RTX 5080,
14304,1982,vram_gb,16,GB
14305,1982,vram_type,GDDR7,
14306,1982,recommended_psu_watt,850,W
14307,1982,length_mm,348,mm
14308,1982,performance_tier,최상급,
14309,1983,chipset,RTX 5080,
14310,1983,vram_gb,16,GB
14311,1983,vram_type,GDDR7,
14312,1983,recommended_psu_watt,850,W
14313,1983,length_mm,348,mm
14314,1983,performance_tier,최상급,
14315,1984,chipset,RTX 5080,
14316,1984,vram_gb,16,GB
14317,1984,vram_type,GDDR7,
14318,1984,recommended_psu_watt,850,W
14319,1984,length_mm,304,mm
14320,1984,performance_tier,최상급,
14321,1985,chipset,RTX 5080,
14322,1985,vram_gb,16,GB
14323,1985,vram_type,GDDR7,
14324,1985,recommended_psu_watt,850,W
14325,1985,length_mm,304,mm
14326,1985,performance_tier,최상급,
14327,1986,chipset,RTX 5080,
14328,1986,vram_gb,16,GB
14329,1986,vram_type,GDDR7,
14330,1986,recommended_psu_watt,850,W
14331,1986,length_mm,306,mm
14332,1986,performance_tier,최상급,
14333,1987,chipset,RTX 5090,
14334,1987,vram_gb,32,GB
14335,1987,vram_type,GDDR7,
14336,1987,recommended_psu_watt,850,W
14337,1987,length_mm,357.6,mm
14338,1987,performance_tier,최상급,
14339,1988,chipset,RTX 5090,
14340,1988,vram_gb,32,GB
14341,1988,vram_type,GDDR7,
14342,1988,recommended_psu_watt,850,W
14343,1988,length_mm,357.6,mm
14344,1988,performance_tier,최상급,
14345,1989,chipset,RTX 5090,
14346,1989,vram_gb,32,GB
14347,1989,vram_type,GDDR7,
14348,1989,recommended_psu_watt,850,W
14349,1989,length_mm,357.6,mm
14350,1989,performance_tier,최상급,
14351,1990,chipset,RTX 5090,
14352,1990,vram_gb,32,GB
14353,1990,vram_type,GDDR7,
14354,1990,recommended_psu_watt,1000,W
14355,1990,length_mm,348,mm
14356,1990,performance_tier,최상급,
14357,1991,chipset,RTX 5090,
14358,1991,vram_gb,32,GB
14359,1991,vram_type,GDDR7,
14360,1991,recommended_psu_watt,850,W
14361,1991,length_mm,357.6,mm
14362,1991,performance_tier,최상급,
14363,1992,chipset,RTX 5090,
14364,1992,vram_gb,32,GB
14365,1992,vram_type,GDDR7,
14366,1992,recommended_psu_watt,1000,W
14367,1992,length_mm,288.5,mm
14368,1992,performance_tier,최상급,
14369,1993,chipset,RTX 5090,
14370,1993,vram_gb,32,GB
14371,1993,vram_type,GDDR7,
14372,1993,recommended_psu_watt,1000,W
14373,1993,length_mm,357.6,mm
14374,1993,performance_tier,최상급,
14375,1994,chipset,RTX 5090,
14376,1994,vram_gb,32,GB
14377,1994,vram_type,GDDR7,
14378,1994,recommended_psu_watt,1000,W
14379,1994,length_mm,348,mm
14380,1994,performance_tier,최상급,
14381,1995,chipset,RTX 5090,
14382,1995,vram_gb,32,GB
14383,1995,vram_type,GDDR7,
14384,1995,recommended_psu_watt,1000,W
14385,1995,length_mm,348,mm
14386,1995,performance_tier,최상급,
14387,1996,chipset,RTX 5090,
14388,1996,vram_gb,32,GB
14389,1996,vram_type,GDDR7,
14390,1996,recommended_psu_watt,1000,W
14391,1996,length_mm,288.5,mm
14392,1996,performance_tier,최상급,
14393,1997,chipset,RTX 5090,
14394,1997,vram_gb,32,GB
14395,1997,vram_type,GDDR7,
14396,1997,recommended_psu_watt,1000,W
14397,1997,length_mm,348,mm
14398,1997,performance_tier,최상급,
14399,1998,chipset,RX 7600,
14400,1998,vram_gb,8,GB
14401,1998,vram_type,GDDR6,
14402,1998,recommended_psu_watt,550,W
14403,1998,length_mm,229,mm
14404,1998,performance_tier,보급,
14405,1999,chipset,RX 9060,
14406,1999,vram_gb,8,GB
14407,1999,vram_type,GDDR6,
14408,1999,tdp_watt,132,W
14409,1999,recommended_psu_watt,550,W
14410,1999,length_mm,202,mm
14411,1999,performance_tier,중급,
14412,2000,chipset,RX 9060,
14413,2000,vram_gb,8,GB
14414,2000,vram_type,GDDR6,
14415,2000,tdp_watt,132,W
14416,2000,recommended_psu_watt,550,W
14417,2000,length_mm,202,mm
14418,2000,performance_tier,중급,
14419,2001,chipset,RX 9060,
14420,2001,vram_gb,8,GB
14421,2001,vram_type,GDDR6,
14422,2001,tdp_watt,132,W
14423,2001,recommended_psu_watt,550,W
14424,2001,length_mm,202,mm
14425,2001,performance_tier,중급,
14426,2002,chipset,RX 9060 XT,
14427,2002,vram_gb,16,GB
14428,2002,vram_type,GDDR6,
14429,2002,recommended_psu_watt,550,W
14430,2002,length_mm,202,mm
14431,2002,performance_tier,중급,
14432,2003,chipset,RX 9060 XT,
14433,2003,vram_gb,8,GB
14434,2003,vram_type,GDDR6,
14435,2003,tdp_watt,160,W
14436,2003,recommended_psu_watt,550,W
14437,2003,length_mm,304,mm
14438,2003,performance_tier,중급,
14439,2004,chipset,RX 9060 XT,
14440,2004,vram_gb,16,GB
14441,2004,vram_type,GDDR6,
14442,2004,tdp_watt,160,W
14443,2004,recommended_psu_watt,550,W
14444,2004,length_mm,304,mm
14445,2004,performance_tier,중급,
14446,2005,chipset,RX 9060 XT,
14447,2005,vram_gb,16,GB
14448,2005,vram_type,GDDR6,
14449,2005,tdp_watt,160,W
14450,2005,recommended_psu_watt,550,W
14451,2005,length_mm,304,mm
14452,2005,performance_tier,중급,
14453,2006,chipset,RX 9060 XT,
14454,2006,vram_gb,8,GB
14455,2006,vram_type,GDDR6,
14456,2006,recommended_psu_watt,550,W
14457,2006,length_mm,202,mm
14458,2006,performance_tier,중급,
14459,2007,chipset,RX 9060 XT,
14460,2007,vram_gb,16,GB
14461,2007,vram_type,GDDR6,
14462,2007,recommended_psu_watt,550,W
14463,2007,length_mm,304,mm
14464,2007,performance_tier,중급,
14465,2008,chipset,RX 9070,
14466,2008,vram_gb,16,GB
14467,2008,vram_type,GDDR6,
14468,2008,recommended_psu_watt,650,W
14469,2008,length_mm,304,mm
14470,2008,performance_tier,고급,
14471,2009,chipset,RX 9070 GRE,
14472,2009,vram_gb,12,GB
14473,2009,vram_type,GDDR6,
14474,2009,recommended_psu_watt,650,W
14475,2009,length_mm,304,mm
14476,2009,performance_tier,고급,
14477,2010,chipset,RX 9070 XT,
14478,2010,vram_gb,16,GB
14479,2010,vram_type,GDDR6,
14480,2010,recommended_psu_watt,750,W
14481,2010,length_mm,312,mm
14482,2010,performance_tier,고급,
14483,2011,chipset,RX 9070 XT,
14484,2011,vram_gb,16,GB
14485,2011,vram_type,GDDR6,
14486,2011,recommended_psu_watt,750,W
14487,2011,length_mm,312,mm
14488,2011,performance_tier,고급,
14489,2012,chipset,RX 9070 XT,
14490,2012,vram_gb,16,GB
14491,2012,vram_type,GDDR6,
14492,2012,recommended_psu_watt,750,W
14493,2012,length_mm,312,mm
14494,2012,performance_tier,고급,
14495,2013,chipset,GTX 1660 SUPER,
14496,2013,vram_gb,6,GB
14497,2013,vram_type,GDDR6,
14498,2013,recommended_psu_watt,450,W
14499,2013,length_mm,214,mm
14500,2013,performance_tier,중급,
14501,2014,chipset,GTX 1660 SUPER,
14502,2014,vram_gb,6,GB
14503,2014,vram_type,GDDR6,
14504,2014,recommended_psu_watt,450,W
14505,2014,length_mm,214,mm
14506,2014,performance_tier,중급,
14507,2015,chipset,RTX 3050,
14508,2015,vram_gb,6,GB
14509,2015,vram_type,GDDR6,
14510,2015,tdp_watt,70,W
14511,2015,recommended_psu_watt,300,W
14512,2015,length_mm,209,mm
14513,2015,performance_tier,보급,
14514,2016,chipset,RTX 3050,
14515,2016,vram_gb,6,GB
14516,2016,vram_type,GDDR6,
14517,2016,tdp_watt,70,W
14518,2016,recommended_psu_watt,300,W
14519,2016,length_mm,209,mm
14520,2016,performance_tier,보급,
14521,2017,chipset,RTX 3050,
14522,2017,vram_gb,8,GB
14523,2017,vram_type,GDDR6,
14524,2017,recommended_psu_watt,450,W
14525,2017,length_mm,189,mm
14526,2017,performance_tier,보급,
14527,2018,chipset,RTX 3060,
14528,2018,vram_gb,12,GB
14529,2018,vram_type,GDDR6,
14530,2018,recommended_psu_watt,550,W
14531,2018,length_mm,245,mm
14532,2018,performance_tier,중급,
14533,2019,chipset,RTX 3070 TI,
14534,2019,vram_gb,8,GB
14535,2019,vram_type,GDDR6X,
14536,2019,recommended_psu_watt,750,W
14537,2019,length_mm,238,mm
14538,2019,performance_tier,고급,
14539,2020,chipset,RTX 4060,
14540,2020,vram_gb,8,GB
14541,2020,vram_type,GDDR6,
14542,2020,tdp_watt,115,W
14543,2020,recommended_psu_watt,550,W
14544,2020,length_mm,247,mm
14545,2020,performance_tier,중급,
14546,2021,chipset,RTX 4060 TI,
14547,2021,vram_gb,8,GB
14548,2021,vram_type,GDDR6,
14549,2021,tdp_watt,160,W
14550,2021,recommended_psu_watt,550,W
14551,2021,length_mm,237,mm
14552,2021,performance_tier,중급,
14553,2022,chipset,RTX 4080 SUPER,
14554,2022,vram_gb,16,GB
14555,2022,vram_type,GDDR6X,
14556,2022,tdp_watt,320,W
14557,2022,recommended_psu_watt,850,W
14558,2022,length_mm,336,mm
14559,2022,performance_tier,최상급,
14560,2023,chipset,RTX 5050,
14561,2023,vram_gb,8,GB
14562,2023,vram_type,GDDR6,
14563,2023,tdp_watt,130,W
14564,2023,recommended_psu_watt,550,W
14565,2023,length_mm,225,mm
14566,2023,performance_tier,보급,
14567,2024,chipset,RTX 5050,
14568,2024,vram_gb,8,GB
14569,2024,vram_type,GDDR6,
14570,2024,tdp_watt,130,W
14571,2024,recommended_psu_watt,550,W
14572,2024,length_mm,225,mm
14573,2024,performance_tier,보급,
14574,2025,chipset,RTX 5050,
14575,2025,vram_gb,8,GB
14576,2025,vram_type,GDDR6,
14577,2025,tdp_watt,130,W
14578,2025,recommended_psu_watt,550,W
14579,2025,length_mm,225,mm
14580,2025,performance_tier,보급,
14581,2026,chipset,RTX 5050,
14582,2026,vram_gb,8,GB
14583,2026,vram_type,GDDR6,
14584,2026,tdp_watt,130,W
14585,2026,recommended_psu_watt,550,W
14586,2026,length_mm,225,mm
14587,2026,performance_tier,보급,
14588,2027,chipset,RTX 5060,
14589,2027,vram_gb,8,GB
14590,2027,vram_type,GDDR7,
14591,2027,tdp_watt,145,W
14592,2027,recommended_psu_watt,550,W
14593,2027,length_mm,225,mm
14594,2027,performance_tier,중급,
14595,2028,chipset,RTX 5060,
14596,2028,vram_gb,8,GB
14597,2028,vram_type,GDDR7,
14598,2028,tdp_watt,145,W
14599,2028,recommended_psu_watt,550,W
14600,2028,length_mm,225,mm
14601,2028,performance_tier,중급,
14602,2029,chipset,RTX 5060,
14603,2029,vram_gb,8,GB
14604,2029,vram_type,GDDR7,
14605,2029,tdp_watt,145,W
14606,2029,recommended_psu_watt,550,W
14607,2029,length_mm,255,mm
14608,2029,performance_tier,중급,
14609,2030,chipset,RTX 5060,
14610,2030,vram_gb,8,GB
14611,2030,vram_type,GDDR7,
14612,2030,tdp_watt,145,W
14613,2030,recommended_psu_watt,550,W
14614,2030,length_mm,255,mm
14615,2030,performance_tier,중급,
14616,2031,chipset,RTX 5060,
14617,2031,vram_gb,8,GB
14618,2031,vram_type,GDDR7,
14619,2031,tdp_watt,145,W
14620,2031,recommended_psu_watt,550,W
14621,2031,length_mm,225,mm
14622,2031,performance_tier,중급,
14623,2032,chipset,RTX 5060,
14624,2032,vram_gb,8,GB
14625,2032,vram_type,GDDR7,
14626,2032,tdp_watt,145,W
14627,2032,recommended_psu_watt,550,W
14628,2032,length_mm,255,mm
14629,2032,performance_tier,중급,
14630,2033,chipset,RTX 5060,
14631,2033,vram_gb,8,GB
14632,2033,vram_type,GDDR7,
14633,2033,tdp_watt,145,W
14634,2033,recommended_psu_watt,550,W
14635,2033,length_mm,225,mm
14636,2033,performance_tier,중급,
14637,2034,chipset,RTX 5060,
14638,2034,vram_gb,8,GB
14639,2034,vram_type,GDDR7,
14640,2034,tdp_watt,145,W
14641,2034,recommended_psu_watt,550,W
14642,2034,length_mm,225,mm
14643,2034,performance_tier,중급,
14644,2035,chipset,RTX 5060,
14645,2035,vram_gb,8,GB
14646,2035,vram_type,GDDR7,
14647,2035,tdp_watt,145,W
14648,2035,recommended_psu_watt,550,W
14649,2035,length_mm,225,mm
14650,2035,performance_tier,중급,
14651,2036,chipset,RTX 5060 TI,
14652,2036,vram_gb,8,GB
14653,2036,vram_type,GDDR7,
14654,2036,tdp_watt,180,W
14655,2036,recommended_psu_watt,600,W
14656,2036,length_mm,255,mm
14657,2036,performance_tier,중급,
14658,2037,chipset,RTX 5060 TI,
14659,2037,vram_gb,8,GB
14660,2037,vram_type,GDDR7,
14661,2037,tdp_watt,180,W
14662,2037,recommended_psu_watt,600,W
14663,2037,length_mm,235,mm
14664,2037,performance_tier,중급,
14665,2038,chipset,RTX 5060 TI,
14666,2038,vram_gb,16,GB
14667,2038,vram_type,GDDR7,
14668,2038,tdp_watt,180,W
14669,2038,recommended_psu_watt,600,W
14670,2038,length_mm,300,mm
14671,2038,performance_tier,중급,
14672,2039,chipset,RTX 5060 TI,
14673,2039,vram_gb,8,GB
14674,2039,vram_type,GDDR7,
14675,2039,tdp_watt,180,W
14676,2039,recommended_psu_watt,600,W
14677,2039,length_mm,235,mm
14678,2039,performance_tier,중급,
14679,2040,chipset,RTX 5060 TI,
14680,2040,vram_gb,8,GB
14681,2040,vram_type,GDDR7,
14682,2040,tdp_watt,180,W
14683,2040,recommended_psu_watt,600,W
14684,2040,length_mm,235,mm
14685,2040,performance_tier,중급,
14686,2041,chipset,RTX 5060 TI,
14687,2041,vram_gb,8,GB
14688,2041,vram_type,GDDR7,
14689,2041,tdp_watt,180,W
14690,2041,recommended_psu_watt,600,W
14691,2041,length_mm,255,mm
14692,2041,performance_tier,중급,
14693,2042,chipset,RTX 5070,
14694,2042,vram_gb,12,GB
14695,2042,vram_type,GDDR7,
14696,2042,tdp_watt,250,W
14697,2042,recommended_psu_watt,650,W
14698,2042,length_mm,240,mm
14699,2042,performance_tier,고급,
14700,2043,chipset,RTX 5070,
14701,2043,vram_gb,12,GB
14702,2043,vram_type,GDDR7,
14703,2043,tdp_watt,250,W
14704,2043,recommended_psu_watt,650,W
14705,2043,length_mm,322,mm
14706,2043,performance_tier,고급,
14707,2044,chipset,RTX 5070,
14708,2044,vram_gb,12,GB
14709,2044,vram_type,GDDR7,
14710,2044,tdp_watt,250,W
14711,2044,recommended_psu_watt,650,W
14712,2044,length_mm,240,mm
14713,2044,performance_tier,고급,
14714,2045,chipset,RTX 5070,
14715,2045,vram_gb,12,GB
14716,2045,vram_type,GDDR7,
14717,2045,tdp_watt,250,W
14718,2045,recommended_psu_watt,650,W
14719,2045,length_mm,322,mm
14720,2045,performance_tier,고급,
14721,2046,chipset,RTX 5070 TI,
14722,2046,vram_gb,16,GB
14723,2046,vram_type,GDDR7,
14724,2046,tdp_watt,300,W
14725,2046,recommended_psu_watt,750,W
14726,2046,length_mm,239,mm
14727,2046,performance_tier,고급,
14728,2047,chipset,RTX 5070 TI,
14729,2047,vram_gb,16,GB
14730,2047,vram_type,GDDR7,
14731,2047,tdp_watt,300,W
14732,2047,recommended_psu_watt,750,W
14733,2047,length_mm,322,mm
14734,2047,performance_tier,고급,
14735,2048,chipset,RTX 5070 TI,
14736,2048,vram_gb,16,GB
14737,2048,vram_type,GDDR7,
14738,2048,tdp_watt,300,W
14739,2048,recommended_psu_watt,750,W
14740,2048,length_mm,341,mm
14741,2048,performance_tier,고급,
14742,2049,chipset,RTX 5070 TI,
14743,2049,vram_gb,16,GB
14744,2049,vram_type,GDDR7,
14745,2049,tdp_watt,300,W
14746,2049,recommended_psu_watt,750,W
14747,2049,length_mm,341,mm
14748,2049,performance_tier,고급,
14749,2050,chipset,RTX 5070 TI,
14750,2050,vram_gb,16,GB
14751,2050,vram_type,GDDR7,
14752,2050,tdp_watt,300,W
14753,2050,recommended_psu_watt,750,W
14754,2050,length_mm,322,mm
14755,2050,performance_tier,고급,
14756,2051,chipset,RTX 5070 TI,
14757,2051,vram_gb,16,GB
14758,2051,vram_type,GDDR7,
14759,2051,tdp_watt,300,W
14760,2051,recommended_psu_watt,750,W
14761,2051,length_mm,303,mm
14762,2051,performance_tier,고급,
14763,2052,chipset,RTX 5070 TI,
14764,2052,vram_gb,16,GB
14765,2052,vram_type,GDDR7,
14766,2052,tdp_watt,300,W
14767,2052,recommended_psu_watt,750,W
14768,2052,length_mm,341,mm
14769,2052,performance_tier,고급,
14770,2053,chipset,RTX 5080,
14771,2053,vram_gb,16,GB
14772,2053,vram_type,GDDR7,
14773,2053,tdp_watt,360,W
14774,2053,recommended_psu_watt,850,W
14775,2053,length_mm,303,mm
14776,2053,performance_tier,최상급,
14777,2054,chipset,RTX 5080,
14778,2054,vram_gb,16,GB
14779,2054,vram_type,GDDR7,
14780,2054,tdp_watt,400,W
14781,2054,recommended_psu_watt,850,W
14782,2054,length_mm,341,mm
14783,2054,performance_tier,최상급,
14784,2055,chipset,RTX 5080,
14785,2055,vram_gb,16,GB
14786,2055,vram_type,GDDR7,
14787,2055,tdp_watt,360,W
14788,2055,recommended_psu_watt,850,W
14789,2055,length_mm,322,mm
14790,2055,performance_tier,최상급,
14791,2056,chipset,RTX 5080,
14792,2056,vram_gb,16,GB
14793,2056,vram_type,GDDR7,
14794,2056,tdp_watt,400,W
14795,2056,recommended_psu_watt,850,W
14796,2056,length_mm,341,mm
14797,2056,performance_tier,최상급,
14798,2057,chipset,RTX 5080,
14799,2057,vram_gb,16,GB
14800,2057,vram_type,GDDR7,
14801,2057,tdp_watt,360,W
14802,2057,recommended_psu_watt,850,W
14803,2057,length_mm,303,mm
14804,2057,performance_tier,최상급,
14805,2058,chipset,RTX 3050,
14806,2058,vram_gb,6,GB
14807,2058,vram_type,GDDR6,
14808,2058,tdp_watt,75,W
14809,2058,recommended_psu_watt,450,W
14810,2058,length_mm,245,mm
14811,2058,performance_tier,보급,
14812,2059,chipset,RTX 3050,
14813,2059,vram_gb,8,GB
14814,2059,vram_type,GDDR6,
14815,2059,tdp_watt,115,W
14816,2059,length_mm,249.1,mm
14817,2059,performance_tier,보급,
14818,2060,chipset,RTX 3050,
14819,2060,vram_gb,6,GB
14820,2060,vram_type,GDDR6,
14821,2060,tdp_watt,75,W
14822,2060,recommended_psu_watt,450,W
14823,2060,length_mm,245,mm
14824,2060,performance_tier,보급,
14825,2061,chipset,RTX 3050,
14826,2061,vram_gb,8,GB
14827,2061,vram_type,GDDR6,
14828,2061,recommended_psu_watt,550,W
14829,2061,length_mm,255,mm
14830,2061,performance_tier,보급,
14831,2062,chipset,RTX 3050,
14832,2062,vram_gb,8,GB
14833,2062,vram_type,GDDR6,
14834,2062,recommended_psu_watt,550,W
14835,2062,length_mm,255,mm
14836,2062,performance_tier,보급,
14837,2063,chipset,RTX 3050,
14838,2063,vram_gb,8,GB
14839,2063,vram_type,GDDR6,
14840,2063,tdp_watt,115,W
14841,2063,length_mm,249.1,mm
14842,2063,performance_tier,보급,
14843,2064,chipset,RTX 3060,
14844,2064,vram_gb,12,GB
14845,2064,vram_type,GDDR6,
14846,2064,tdp_watt,170,W
14847,2064,recommended_psu_watt,550,W
14848,2064,length_mm,253.4,mm
14849,2064,performance_tier,중급,
14850,2065,chipset,RTX 3060,
14851,2065,vram_gb,12,GB
14852,2065,vram_type,GDDR6,
14853,2065,tdp_watt,170,W
14854,2065,recommended_psu_watt,550,W
14855,2065,length_mm,253.4,mm
14856,2065,performance_tier,중급,
14857,2066,chipset,RTX 5050,
14858,2066,vram_gb,8,GB
14859,2066,vram_type,GDDR6,
14860,2066,tdp_watt,140,W
14861,2066,recommended_psu_watt,500,W
14862,2066,length_mm,200,mm
14863,2066,performance_tier,보급,
14864,2067,chipset,RTX 5050,
14865,2067,vram_gb,8,GB
14866,2067,vram_type,GDDR6,
14867,2067,tdp_watt,130,W
14868,2067,recommended_psu_watt,500,W
14869,2067,length_mm,231,mm
14870,2067,performance_tier,보급,
14871,2068,chipset,RTX 5050,
14872,2068,vram_gb,8,GB
14873,2068,vram_type,GDDR6,
14874,2068,tdp_watt,140,W
14875,2068,recommended_psu_watt,500,W
14876,2068,length_mm,200,mm
14877,2068,performance_tier,보급,
14878,2069,chipset,RTX 5060,
14879,2069,vram_gb,8,GB
14880,2069,vram_type,GDDR7,
14881,2069,tdp_watt,145,W
14882,2069,recommended_psu_watt,550,W
14883,2069,length_mm,231,mm
14884,2069,performance_tier,중급,
14885,2070,chipset,RTX 5060,
14886,2070,vram_gb,8,GB
14887,2070,vram_type,GDDR7,
14888,2070,tdp_watt,145,W
14889,2070,recommended_psu_watt,550,W
14890,2070,length_mm,300.5,mm
14891,2070,performance_tier,중급,
14892,2071,chipset,RTX 5060,
14893,2071,vram_gb,8,GB
14894,2071,vram_type,GDDR7,
14895,2071,tdp_watt,145,W
14896,2071,recommended_psu_watt,550,W
14897,2071,length_mm,200,mm
14898,2071,performance_tier,중급,
14899,2072,chipset,RTX 5060,
14900,2072,vram_gb,8,GB
14901,2072,vram_type,GDDR7,
14902,2072,tdp_watt,145,W
14903,2072,recommended_psu_watt,550,W
14904,2072,length_mm,231,mm
14905,2072,performance_tier,중급,
14906,2073,chipset,RTX 5060,
14907,2073,vram_gb,8,GB
14908,2073,vram_type,GDDR7,
14909,2073,tdp_watt,145,W
14910,2073,recommended_psu_watt,550,W
14911,2073,length_mm,200,mm
14912,2073,performance_tier,중급,
14913,2074,chipset,RTX 5060,
14914,2074,vram_gb,8,GB
14915,2074,vram_type,GDDR7,
14916,2074,tdp_watt,145,W
14917,2074,recommended_psu_watt,550,W
14918,2074,length_mm,231,mm
14919,2074,performance_tier,중급,
14920,2075,chipset,RTX 5060,
14921,2075,vram_gb,8,GB
14922,2075,vram_type,GDDR7,
14923,2075,tdp_watt,145,W
14924,2075,recommended_psu_watt,550,W
14925,2075,length_mm,231,mm
14926,2075,performance_tier,중급,
14927,2076,chipset,RTX 5060,
14928,2076,vram_gb,8,GB
14929,2076,vram_type,GDDR7,
14930,2076,tdp_watt,145,W
14931,2076,recommended_psu_watt,550,W
14932,2076,length_mm,300.5,mm
14933,2076,performance_tier,중급,
14934,2077,chipset,RTX 5060,
14935,2077,vram_gb,8,GB
14936,2077,vram_type,GDDR7,
14937,2077,tdp_watt,145,W
14938,2077,recommended_psu_watt,550,W
14939,2077,length_mm,300.5,mm
14940,2077,performance_tier,중급,
14941,2078,chipset,RTX 5060 TI,
14942,2078,vram_gb,16,GB
14943,2078,vram_type,GDDR7,
14944,2078,tdp_watt,180,W
14945,2078,recommended_psu_watt,600,W
14946,2078,length_mm,200,mm
14947,2078,performance_tier,중급,
14948,2079,chipset,RTX 5060 TI,
14949,2079,vram_gb,8,GB
14950,2079,vram_type,GDDR7,
14951,2079,tdp_watt,180,W
14952,2079,recommended_psu_watt,600,W
14953,2079,length_mm,231,mm
14954,2079,performance_tier,중급,
14955,2080,chipset,RTX 5060 TI,
14956,2080,vram_gb,16,GB
14957,2080,vram_type,GDDR7,
14958,2080,tdp_watt,180,W
14959,2080,recommended_psu_watt,600,W
14960,2080,length_mm,200,mm
14961,2080,performance_tier,중급,
14962,2081,chipset,RTX 5060 TI,
14963,2081,vram_gb,8,GB
14964,2081,vram_type,GDDR7,
14965,2081,tdp_watt,180,W
14966,2081,recommended_psu_watt,600,W
14967,2081,length_mm,200,mm
14968,2081,performance_tier,중급,
14969,2082,chipset,RTX 5060 TI,
14970,2082,vram_gb,16,GB
14971,2082,vram_type,GDDR7,
14972,2082,tdp_watt,180,W
14973,2082,recommended_psu_watt,600,W
14974,2082,length_mm,200,mm
14975,2082,performance_tier,중급,
14976,2083,chipset,RTX 5060 TI,
14977,2083,vram_gb,8,GB
14978,2083,vram_type,GDDR7,
14979,2083,tdp_watt,180,W
14980,2083,recommended_psu_watt,600,W
14981,2083,length_mm,200,mm
14982,2083,performance_tier,중급,
14983,2084,chipset,RTX 5060 TI,
14984,2084,vram_gb,16,GB
14985,2084,vram_type,GDDR7,
14986,2084,tdp_watt,180,W
14987,2084,recommended_psu_watt,600,W
14988,2084,length_mm,231,mm
14989,2084,performance_tier,중급,
14990,2085,chipset,RTX 5060 TI,
14991,2085,vram_gb,16,GB
14992,2085,vram_type,GDDR7,
14993,2085,tdp_watt,180,W
14994,2085,recommended_psu_watt,600,W
14995,2085,length_mm,231,mm
14996,2085,performance_tier,중급,
14997,2086,chipset,RTX 5060 TI,
14998,2086,vram_gb,16,GB
14999,2086,vram_type,GDDR7,
15000,2086,tdp_watt,180,W
15001,2086,recommended_psu_watt,600,W
15002,2086,length_mm,231,mm
15003,2086,performance_tier,중급,
15004,2087,chipset,RTX 5060 TI,
15005,2087,vram_gb,16,GB
15006,2087,vram_type,GDDR7,
15007,2087,tdp_watt,180,W
15008,2087,recommended_psu_watt,600,W
15009,2087,length_mm,231,mm
15010,2087,performance_tier,중급,
15011,2088,chipset,RTX 5060 TI,
15012,2088,vram_gb,8,GB
15013,2088,vram_type,GDDR7,
15014,2088,tdp_watt,180,W
15015,2088,recommended_psu_watt,600,W
15016,2088,length_mm,231,mm
15017,2088,performance_tier,중급,
15018,2089,chipset,RTX 5060 TI,
15019,2089,vram_gb,8,GB
15020,2089,vram_type,GDDR7,
15021,2089,tdp_watt,180,W
15022,2089,recommended_psu_watt,600,W
15023,2089,length_mm,231,mm
15024,2089,performance_tier,중급,
15025,2090,chipset,RTX 5060 TI,
15026,2090,vram_gb,16,GB
15027,2090,vram_type,GDDR7,
15028,2090,tdp_watt,180,W
15029,2090,recommended_psu_watt,600,W
15030,2090,length_mm,231,mm
15031,2090,performance_tier,중급,
15032,2091,chipset,RTX 5060 TI,
15033,2091,vram_gb,8,GB
15034,2091,vram_type,GDDR7,
15035,2091,tdp_watt,180,W
15036,2091,recommended_psu_watt,600,W
15037,2091,length_mm,200,mm
15038,2091,performance_tier,중급,
15039,2092,chipset,RTX 5060 TI,
15040,2092,vram_gb,16,GB
15041,2092,vram_type,GDDR7,
15042,2092,tdp_watt,180,W
15043,2092,recommended_psu_watt,600,W
15044,2092,length_mm,200,mm
15045,2092,performance_tier,중급,
15046,2093,chipset,RTX 5060 TI,
15047,2093,vram_gb,8,GB
15048,2093,vram_type,GDDR7,
15049,2093,tdp_watt,180,W
15050,2093,recommended_psu_watt,600,W
15051,2093,length_mm,231,mm
15052,2093,performance_tier,중급,
15053,2094,chipset,RTX 5060 TI,
15054,2094,vram_gb,8,GB
15055,2094,vram_type,GDDR7,
15056,2094,tdp_watt,180,W
15057,2094,recommended_psu_watt,600,W
15058,2094,length_mm,231,mm
15059,2094,performance_tier,중급,
15060,2095,chipset,RTX 5070,
15061,2095,vram_gb,12,GB
15062,2095,vram_type,GDDR7,
15063,2095,tdp_watt,250,W
15064,2095,recommended_psu_watt,650,W
15065,2095,length_mm,300.5,mm
15066,2095,performance_tier,고급,
15067,2096,chipset,RTX 5070,
15068,2096,vram_gb,12,GB
15069,2096,vram_type,GDDR7,
15070,2096,tdp_watt,250,W
15071,2096,recommended_psu_watt,650,W
15072,2096,length_mm,300,mm
15073,2096,performance_tier,고급,
15074,2097,chipset,RTX 5070,
15075,2097,vram_gb,12,GB
15076,2097,vram_type,GDDR7,
15077,2097,tdp_watt,260,W
15078,2097,recommended_psu_watt,650,W
15079,2097,length_mm,300.5,mm
15080,2097,performance_tier,고급,
15081,2098,chipset,RTX 5070,
15082,2098,vram_gb,12,GB
15083,2098,vram_type,GDDR7,
15084,2098,tdp_watt,250,W
15085,2098,recommended_psu_watt,650,W
15086,2098,length_mm,300.5,mm
15087,2098,performance_tier,고급,
15088,2099,chipset,RTX 5070,
15089,2099,vram_gb,12,GB
15090,2099,vram_type,GDDR7,
15091,2099,tdp_watt,250,W
15092,2099,recommended_psu_watt,650,W
15093,2099,length_mm,300.5,mm
15094,2099,performance_tier,고급,
15095,2100,chipset,RTX 5070,
15096,2100,vram_gb,12,GB
15097,2100,vram_type,GDDR7,
15098,2100,tdp_watt,250,W
15099,2100,recommended_psu_watt,650,W
15100,2100,length_mm,300,mm
15101,2100,performance_tier,고급,
15102,2101,chipset,RTX 5070 TI,
15103,2101,vram_gb,16,GB
15104,2101,vram_type,GDDR7,
15105,2101,tdp_watt,300,W
15106,2101,recommended_psu_watt,750,W
15107,2101,length_mm,310.4,mm
15108,2101,performance_tier,고급,
15109,2102,chipset,RTX 5070 TI,
15110,2102,vram_gb,16,GB
15111,2102,vram_type,GDDR7,
15112,2102,tdp_watt,300,W
15113,2102,recommended_psu_watt,750,W
15114,2102,length_mm,300.5,mm
15115,2102,performance_tier,고급,
15116,2103,chipset,RTX 5070 TI,
15117,2103,vram_gb,16,GB
15118,2103,vram_type,GDDR7,
15119,2103,tdp_watt,300,W
15120,2103,recommended_psu_watt,750,W
15121,2103,length_mm,300.5,mm
15122,2103,performance_tier,고급,
15123,2104,chipset,RTX 5070 TI,
15124,2104,vram_gb,16,GB
15125,2104,vram_type,GDDR7,
15126,2104,tdp_watt,300,W
15127,2104,recommended_psu_watt,750,W
15128,2104,length_mm,300.5,mm
15129,2104,performance_tier,고급,
15130,2105,chipset,RTX 5070 TI,
15131,2105,vram_gb,16,GB
15132,2105,vram_type,GDDR7,
15133,2105,tdp_watt,300,W
15134,2105,recommended_psu_watt,750,W
15135,2105,length_mm,310.4,mm
15136,2105,performance_tier,고급,
15137,2106,chipset,RTX 5070 TI,
15138,2106,vram_gb,16,GB
15139,2106,vram_type,GDDR7,
15140,2106,tdp_watt,300,W
15141,2106,recommended_psu_watt,750,W
15142,2106,length_mm,331,mm
15143,2106,performance_tier,고급,
15144,2107,chipset,RTX 5070 TI,
15145,2107,vram_gb,16,GB
15146,2107,vram_type,GDDR7,
15147,2107,tdp_watt,300,W
15148,2107,recommended_psu_watt,750,W
15149,2107,length_mm,300.5,mm
15150,2107,performance_tier,고급,
15151,2108,chipset,RTX 5070 TI,
15152,2108,vram_gb,16,GB
15153,2108,vram_type,GDDR7,
15154,2108,tdp_watt,300,W
15155,2108,recommended_psu_watt,750,W
15156,2108,length_mm,330.6,mm
15157,2108,performance_tier,고급,
15158,2109,chipset,RTX 5070 TI,
15159,2109,vram_gb,16,GB
15160,2109,vram_type,GDDR7,
15161,2109,tdp_watt,300,W
15162,2109,recommended_psu_watt,750,W
15163,2109,length_mm,331,mm
15164,2109,performance_tier,고급,
15165,2110,chipset,RTX 5070 TI,
15166,2110,vram_gb,16,GB
15167,2110,vram_type,GDDR7,
15168,2110,tdp_watt,300,W
15169,2110,recommended_psu_watt,750,W
15170,2110,length_mm,330.6,mm
15171,2110,performance_tier,고급,
15172,2111,chipset,RTX 5080,
15173,2111,vram_gb,16,GB
15174,2111,vram_type,GDDR7,
15175,2111,tdp_watt,380,W
15176,2111,recommended_psu_watt,850,W
15177,2111,length_mm,331,mm
15178,2111,performance_tier,최상급,
15179,2112,chipset,RTX 5080,
15180,2112,vram_gb,16,GB
15181,2112,vram_type,GDDR7,
15182,2112,tdp_watt,380,W
15183,2112,recommended_psu_watt,850,W
15184,2112,length_mm,331,mm
15185,2112,performance_tier,최상급,
15186,2113,chipset,RTX 5080,
15187,2113,vram_gb,16,GB
15188,2113,vram_type,GDDR7,
15189,2113,tdp_watt,380,W
15190,2113,recommended_psu_watt,850,W
15191,2113,length_mm,331,mm
15192,2113,performance_tier,최상급,
15193,2114,chipset,RTX 5080,
15194,2114,vram_gb,16,GB
15195,2114,vram_type,GDDR7,
15196,2114,tdp_watt,400,W
15197,2114,recommended_psu_watt,850,W
15198,2114,length_mm,360,mm
15199,2114,performance_tier,최상급,
15200,2115,chipset,RTX 5080,
15201,2115,vram_gb,16,GB
15202,2115,vram_type,GDDR7,
15203,2115,tdp_watt,380,W
15204,2115,recommended_psu_watt,850,W
15205,2115,length_mm,331,mm
15206,2115,performance_tier,최상급,
15207,2116,chipset,RTX 5080,
15208,2116,vram_gb,16,GB
15209,2116,vram_type,GDDR7,
15210,2116,tdp_watt,400,W
15211,2116,recommended_psu_watt,850,W
15212,2116,length_mm,360,mm
15213,2116,performance_tier,최상급,
15214,2117,chipset,GTX 1660 SUPER,
15215,2117,vram_gb,6,GB
15216,2117,vram_type,GDDR6,
15217,2117,recommended_psu_watt,450,W
15218,2117,length_mm,220,mm
15219,2117,performance_tier,중급,
15220,2118,chipset,RTX 2060,
15221,2118,vram_gb,12,GB
15222,2118,vram_type,GDDR6,
15223,2118,recommended_psu_watt,550,W
15224,2118,length_mm,235,mm
15225,2118,performance_tier,중급,
15226,2119,chipset,RTX 3050,
15227,2119,vram_gb,6,GB
15228,2119,vram_type,GDDR6,
15229,2119,tdp_watt,70,W
15230,2119,recommended_psu_watt,300,W
15231,2119,length_mm,187,mm
15232,2119,performance_tier,보급,
15233,2120,chipset,RTX 4060 TI,
15234,2120,vram_gb,8,GB
15235,2120,vram_type,GDDR6,
15236,2120,tdp_watt,160,W
15237,2120,recommended_psu_watt,650,W
15238,2120,length_mm,249.9,mm
15239,2120,performance_tier,중급,
15240,2121,chipset,RTX 4080 SUPER,
15241,2121,vram_gb,16,GB
15242,2121,vram_type,GDDR6X,
15243,2121,tdp_watt,320,W
15244,2121,recommended_psu_watt,850,W
15245,2121,length_mm,328.9,mm
15246,2121,performance_tier,최상급,
15247,2122,chipset,RTX 4080 SUPER,
15248,2122,vram_gb,16,GB
15249,2122,vram_type,GDDR6X,
15250,2122,tdp_watt,320,W
15251,2122,recommended_psu_watt,850,W
15252,2122,length_mm,328.9,mm
15253,2122,performance_tier,최상급,
15254,2123,chipset,RTX 5050,
15255,2123,vram_gb,8,GB
15256,2123,vram_type,GDDR6,
15257,2123,recommended_psu_watt,550,W
15258,2123,length_mm,250,mm
15259,2123,performance_tier,보급,
15260,2124,chipset,RTX 5060,
15261,2124,vram_gb,8,GB
15262,2124,vram_type,GDDR7,
15263,2124,tdp_watt,145,W
15264,2124,recommended_psu_watt,550,W
15265,2124,length_mm,250,mm
15266,2124,performance_tier,중급,
15267,2125,chipset,RTX 5060 TI,
15268,2125,vram_gb,8,GB
15269,2125,vram_type,GDDR7,
15270,2125,recommended_psu_watt,600,W
15271,2125,length_mm,250,mm
15272,2125,performance_tier,중급,
15273,2126,chipset,RTX 5070,
15274,2126,vram_gb,12,GB
15275,2126,vram_type,GDDR7,
15276,2126,recommended_psu_watt,650,W
15277,2126,length_mm,329,mm
15278,2126,performance_tier,고급,
15279,2127,chipset,RTX 5070 TI,
15280,2127,vram_gb,16,GB
15281,2127,vram_type,GDDR7,
15282,2127,recommended_psu_watt,750,W
15283,2127,length_mm,348,mm
15284,2127,performance_tier,고급,
15285,2128,chipset,RTX 5080,
15286,2128,vram_gb,16,GB
15287,2128,vram_type,GDDR7,
15288,2128,tdp_watt,360,W
15289,2128,recommended_psu_watt,850,W
15290,2128,length_mm,348,mm
15291,2128,performance_tier,최상급,
