번호,제조사,제품명,가격,세부스펙,이미지,상품주소
1,마이크로닉스,마이크로닉스 Classic II 850W 80PLUS골드 풀모듈러 ATX3.1,"149,000","ATX 파워 / 850W / 80 PLUS 골드 / 케이블연결 : 풀모듈러 / 전압변동 : ±0.5% / +12V 싱글레일 / 액티브PFC / PF(역률) : 99% / 120mm 팬 / 깊이 : 140mm / 무상 10년 / [커넥터] 메인전원 : 24핀(20+4) / 보조전원 : 8핀x1, (4+4)핀x1 / PCIe 16핀(12+4) : 12V2x6 1개 / PCIe 8핀(6+2) : 3개 / SATA : 8개 / IDE 4핀 : 4개 / FDD : 1개 / [부가기능] 팬리스모드 / 자동 팬 조절 / 대기전력 1W 미만 / 플랫케이블 / [변경사항] 25년 7월 PCIe 8핀(6+2) 2개→3개로 변경 닫기",https://img.danuri.io/catalog-image/078/815/051/ea4478cdd46e4e3abc021f713f4f5cac.jpeg?shrink=130:130&_v=20260921081038,https://prod.danawa.com/info/?pcode=51815078&cate=112777
2,마이크로닉스,마이크로닉스 Classic II 풀체인지 700W 80PLUS실버 ATX3.1,"87,420","ATX 파워 / 700W / 80 PLUS 실버 / ETA인증 : SILVER / LAMBDA인증 : STANDARD++ / 전압변동 : ±0.5% / +12V 싱글레일 / +12V 가용률 : 100% / 액티브PFC / PF(역률) : 99% / 120mm 팬 / 깊이 : 140mm / 무상 7년 / [커넥터] 메인전원 : 24핀 / 보조전원 : 8핀x1, (4+4)핀x1 / PCIe 16핀(12+4) : 12V2x6 1개 / PCIe 8핀(6+2) : 2개 / SATA : 6개 / IDE 4핀 : 4개 / [부가기능] 대기전력 1W 미만 닫기",https://img.danuri.io/catalog-image/309/986/096/bc73ea40a4514430abe4148ef6ae8380.jpeg?shrink=130:130&_v=20260921144128,https://prod.danawa.com/info/?pcode=96986309&cate=112777
3,마이크로닉스,마이크로닉스 Classic II 750W 80PLUS골드 풀모듈러 ATX3.1,"126,110","ATX 파워 / 750W / 80 PLUS 골드 / 케이블연결 : 풀모듈러 / 전압변동 : ±0.2% / +12V 싱글레일 / +12V 가용률 : 100% / 액티브PFC / PF(역률) : 99% / 120mm 팬 / 깊이 : 140mm / 무상 10년 / [커넥터] 메인전원 : 24핀(20+4) / 보조전원 : 8핀x1, (4+4)핀x1 / PCIe 16핀(12+4) : 12V2x6 1개 / PCIe 8핀(6+2) : 2개 / SATA : 8개 / IDE 4핀 : 4개 / FDD : 1개 / [부가기능] 팬리스모드 / 자동 팬 조절 / 대기전력 1W 미만 / 플랫케이블 닫기",https://img.danuri.io/catalog-image/891/913/058/4efa58882eca4672a276e7c0038b78c1.jpg?shrink=130:130&_v=20260921095709,https://prod.danawa.com/info/?pcode=58913891&cate=112777
4,마이크로닉스,마이크로닉스 Classic II 풀체인지 600W 80PLUS실버 ATX3.1,"64,400","ATX 파워 / 600W / 80 PLUS 실버 / ETA인증 : SILVER / LAMBDA인증 : STANDARD++ / 전압변동 : ±0.5% / +12V 싱글레일 / +12V 가용률 : 100% / 액티브PFC / PF(역률) : 99% / 120mm 팬 / 깊이 : 140mm / 무상 7년 / [커넥터] 메인전원 : 24핀 / 보조전원 : 8핀x1, 4핀x1 / PCIe 8핀(6+2) : 2개 / SATA : 6개 / IDE 4핀 : 4개 / [부가기능] 대기전력 1W 미만 닫기",https://img.danuri.io/catalog-image/270/986/096/d6b3a18236d84022881c8fe0629985dd.jpg?shrink=130:130&_v=20260921133218,https://prod.danawa.com/info/?pcode=96986270&cate=112777
5,마이크로닉스,마이크로닉스 Classic II 1050W 80PLUS골드 풀모듈러 ATX3.1,"184,810","ATX 파워 / 1050W / 80 PLUS 골드 / 케이블연결 : 풀모듈러 / 전압변동 : ±0.1% / +12V 싱글레일 / +12V 가용률 : 100% / 액티브PFC / PF(역률) : 99% / 120mm 팬 / 깊이 : 140mm / 무상 10년 / [커넥터] 메인전원 : 24핀(20+4) / 보조전원 : 8핀x1, (4+4)핀x1 / PCIe 16핀(12+4) : 12V2x6 1개 / PCIe 8핀(6+2) : 3개 / SATA : 8개 / IDE 4핀 : 4개 / FDD : 1개 / [부가기능] 팬리스모드 / 자동 팬 조절 / 대기전력 1W 미만 / 플랫케이블 / 제로팬모드 / 메쉬케이블 / 25년 7월 PCIe 8핀(6+2) 4개→3개로 변경 닫기",https://img.danuri.io/catalog-image/591/029/063/bd5cfa0a468746af825adb11f6fa3fed.jpg?shrink=130:130&_v=20260921081224,https://prod.danawa.com/info/?pcode=63029591&cate=112777
6,마이크로닉스,마이크로닉스 Classic II 풀체인지 650W 80PLUS스탠다드 ATX3.1,"65,000",ATX 파워 / 650W / 80 PLUS 스탠다드 / 전압변동 : ±0.32% / +12V 싱글레일 / +12V 가용률 : 100% / 액티브PFC / PF(역률) : 99% / 120mm 팬 / 깊이 : 140mm / 무상 7년 / [커넥터] 메인전원 : 24핀(20+4) / 보조전원 : (4+4)핀x1 / PCIe 8핀(6+2) : 2개 / SATA : 4개 / IDE 4핀 : 2개 / [부가기능] 대기전력 1W 미만 / 플랫케이블 닫기,https://img.danuri.io/catalog-image/889/979/072/36236d17a1914c52bb1193951a62d78a.jpg?shrink=130:130&_v=20260921131214,https://prod.danawa.com/info/?pcode=72979889&cate=112777
7,마이크로닉스,마이크로닉스 Classic II 풀체인지 500W 80PLUS실버 ATX3.1,"56,400","ATX 파워 / 500W / 80 PLUS 실버 / ETA인증 : SILVER / LAMBDA인증 : A- / 전압변동 : ±0.5% / +12V 싱글레일 / +12V 가용률 : 100% / 액티브PFC / PF(역률) : 99% / 120mm 팬 / 깊이 : 140mm / 무상 7년 / [커넥터] 메인전원 : 24핀 / 보조전원 : 8핀x1, 4핀x1 / PCIe 8핀(6+2) : 2개 / SATA : 6개 / IDE 4핀 : 3개 / [부가기능] 대기전력 1W 미만 닫기",https://img.danuri.io/catalog-image/219/986/096/187d4788f5f94df58e13391cf453fd1a.jpg?shrink=130:130&_v=20260921133134,https://prod.danawa.com/info/?pcode=96986219&cate=112777
8,마이크로닉스,마이크로닉스 WIZMAX G-1000W 80PLUS골드 ATX3.1,"195,990",ATX 파워 / 1000W / 80 PLUS 골드 / 케이블연결 : 풀모듈러 / ETA인증 : GOLD / LAMBDA인증 : A+ / 전압변동 : ±0.8% / +12V 싱글레일 / +12V 가용률 : 100% / 액티브PFC / PF(역률) : 99% / 140mm 팬 / 깊이 : 150mm / 무상 10년 / [커넥터] 메인전원 : 24핀(20+4) / 보조전원 : (4+4)핀x2 / PCIe 16핀(12+4) : 12V2x6 1개 / PCIe 8핀(6+2) : 4개 / SATA : 8개 / IDE 4핀 : 4개 / [부가기능] 팬리스모드 / 자동 팬 조절 / 대기전력 1W 미만 / 프리볼트 닫기,https://img.danuri.io/catalog-image/607/643/090/ee27d0648b024abc98fbc4da1a98da8a.jpg?shrink=130:130&_v=20260921130608,https://prod.danawa.com/info/?pcode=90643607&cate=112777
9,마이크로닉스,마이크로닉스 WIZMAX G-1200W 80PLUS골드 ATX3.1,"206,490",ATX 파워 / 1200W / 80 PLUS 골드 / 케이블연결 : 풀모듈러 / ETA인증 : PLATINUM / LAMBDA인증 : A / 전압변동 : ±0.7% / +12V 싱글레일 / +12V 가용률 : 100% / 액티브PFC / PF(역률) : 99% / 140mm 팬 / 깊이 : 150mm / 무상 10년 / [커넥터] 메인전원 : 24핀(20+4) / 보조전원 : (4+4)핀x2 / PCIe 16핀(12+4) : 12V2x6 2개 / PCIe 8핀(6+2) : 3개 / SATA : 8개 / IDE 4핀 : 4개 / [부가기능] 팬리스모드 / 자동 팬 조절 / 대기전력 1W 미만 / 프리볼트 닫기,https://img.danuri.io/catalog-image/040/482/092/35bb316d7fe74398b0e690ff0646fb71.jpg?shrink=130:130&_v=20260921092639,https://prod.danawa.com/info/?pcode=92482040&cate=112777
10,마이크로닉스,마이크로닉스 Classic II 850W 80PLUS골드 풀모듈러 ATX3.1 화이트,"149,000","ATX 파워 / 850W / 80 PLUS 골드 / 케이블연결 : 풀모듈러 / 전압변동 : ±0.5% / +12V 싱글레일 / 액티브PFC / PF(역률) : 99% / 120mm 팬 / 깊이 : 140mm / 무상 10년 / [커넥터] 메인전원 : 24핀(20+4) / 보조전원 : 8핀x1, (4+4)핀x1 / PCIe 16핀(12+4) : 12V2x6 1개 / PCIe 8핀(6+2) : 3개 / SATA : 8개 / IDE 4핀 : 4개 / FDD : 1개 / [부가기능] 팬리스모드 / 자동 팬 조절 / 대기전력 1W 미만 / 플랫케이블 / [변경사항] 25년 10월 PCIe 8핀(6+2) 2개→3개로 변경 닫기",https://img.danuri.io/catalog-image/848/487/047/3186865d86e2472f8fe2fca8341be852.jpeg?shrink=130:130&_v=20260921080609,https://prod.danawa.com/info/?pcode=47487848&cate=112777
11,마이크로닉스,마이크로닉스 Classic II 풀체인지 800W 80PLUS실버 ATX3.1,"95,900","ATX 파워 / 800W / 80 PLUS 실버 / ETA인증 : SILVER / LAMBDA인증 : STANDARD+ / 전압변동 : ±0.8% / +12V 싱글레일 / +12V 가용률 : 100% / 액티브PFC / PF(역률) : 99% / 120mm 팬 / 깊이 : 140mm / 무상 7년 / [커넥터] 메인전원 : 24핀 / 보조전원 : 8핀x1, (4+4)핀x1 / PCIe 16핀(12+4) : 12V2x6 1개 / PCIe 8핀(6+2) : 2개 / SATA : 8개 / IDE 4핀 : 4개 / [부가기능] 대기전력 1W 미만 닫기",https://img.danuri.io/catalog-image/339/986/096/15b5ce6594a746f2a183002017f4efb9.jpg?shrink=130:130&_v=20260921133413,https://prod.danawa.com/info/?pcode=96986339&cate=112777
12,마이크로닉스,마이크로닉스 WIZMAX S-EVO 700W ETA실버 풀모듈러 ATX 3.1,"87,700",ATX 파워 / 700W / 케이블연결 : 풀모듈러 / ETA인증 : SILVER / LAMBDA인증 : STANDARD+ / +12V 싱글레일 / +12V 가용률 : 100% / 액티브PFC / PF(역률) : 99% / 깊이 : 140mm / 무상 7년 / [커넥터] 메인전원 : 24핀(20+4) / 보조전원 : (4+4)핀x2 / PCIe 8핀(6+2) : 2개 / SATA : 4개 / IDE 4핀 : 2개 / [부가기능] 대기전력 1W 미만 / 프리볼트 닫기,https://img.danuri.io/catalog-image/254/639/122/fa6db0f4203e429b9b4375d7e35f5877.jpeg?shrink=130:130&_v=20260921080441,https://prod.danawa.com/info/?pcode=122639254&cate=112777
13,마이크로닉스,마이크로닉스 Classic II 풀체인지 600W 80PLUS브론즈 ATX3.1,"65,500","ATX 파워 / 600W / 80 PLUS 브론즈 / ETA인증 : BRONZE / LAMBDA인증 : STANDARD+ / 전압변동 : ±0.3% / +12V 싱글레일 / +12V 가용률 : 100% / 액티브PFC / PF(역률) : 99% / 120mm 팬 / 깊이 : 140mm / 무상 7년 / [커넥터] 메인전원 : 24핀(20+4) / 보조전원 : 8핀x1, 4핀x1 / PCIe 8핀(6+2) : 2개 / SATA : 6개 / IDE 4핀 : 4개 / [부가기능] 팬리스모드 / 자동 팬 조절 / 대기전력 1W 미만 / 플랫케이블 닫기",https://img.danuri.io/catalog-image/652/642/049/d89c7949f0974c729ab7f7b0279d09d7.jpg?shrink=130:130&_v=20260921134209,https://prod.danawa.com/info/?pcode=49642652&cate=112777
14,마이크로닉스,마이크로닉스 WIZMAX G-850W 80PLUS골드 ATX3.1,"120,590",ATX 파워 / 850W / 80 PLUS 골드 / 케이블연결 : 풀모듈러 / ETA인증 : PLATINUM / LAMBDA인증 : A+ / 전압변동 : ±0.6% / +12V 싱글레일 / +12V 가용률 : 100% / 액티브PFC / PF(역률) : 99% / 140mm 팬 / 깊이 : 150mm / 무상 10년 / [커넥터] 메인전원 : 24핀(20+4) / 보조전원 : (4+4)핀x2 / PCIe 16핀(12+4) : 12V2x6 1개 / PCIe 8핀(6+2) : 3개 / SATA : 8개 / IDE 4핀 : 4개 / [부가기능] 팬리스모드 / 자동 팬 조절 / 대기전력 1W 미만 / 프리볼트 닫기,https://img.danuri.io/catalog-image/544/643/090/94dd3254e91b4bd88a0630f033ea59b3.jpg?shrink=130:130&_v=20260921080458,https://prod.danawa.com/info/?pcode=90643544&cate=112777
15,마이크로닉스,마이크로닉스 Classic II 풀체인지 700W 80PLUS브론즈 ATX3.1,"86,900","ATX 파워 / 700W / 80 PLUS 브론즈 / 케이블연결 : 케이블일체형 / ETA인증 : BRONZE / LAMBDA인증 : STANDARD / 전압변동 : ±0.3% / +12V 싱글레일 / +12V 가용률 : 100% / 액티브PFC / PF(역률) : 99% / 120mm 팬 / 깊이 : 140mm / 무상 7년 / [커넥터] 메인전원 : 24핀 / 보조전원 : 8핀x1, (4+4)핀x1 / PCIe 16핀(12+4) : 12V2x6 1개 / PCIe 8핀(6+2) : 2개 / SATA : 6개 / IDE 4핀 : 4개 / [부가기능] 팬리스모드 / 자동 팬 조절 / 대기전력 1W 미만 / 플랫케이블 닫기",https://img.danuri.io/catalog-image/700/642/049/53eea9a4fccf4766a1df9b3cf70b4ec4.jpg?shrink=130:130&_v=20260921133754,https://prod.danawa.com/info/?pcode=49642700&cate=112777
16,마이크로닉스,마이크로닉스 Classic II 800W 80PLUS 230V EU,"68,000","ATX 파워 / 800W / 80 PLUS 스탠다드 / 케이블연결 : 케이블일체형 / +12V 싱글레일 / +12V 가용률 : 100% / 액티브PFC / PF(역률) : 99% / 120mm 팬 / 깊이 : 140mm / 무상 6년 / [커넥터] 메인전원 : 24핀(20+4) / 보조전원 : 8핀x1, (4+4)핀x1 / PCIe 8핀(6+2) : 4개 / SATA : 8개 / IDE 4핀 : 4개 / FDD : 1개 / [부가기능] 팬리스모드 / 자동 팬 조절 / 대기전력 1W 미만 / 플랫케이블 닫기",https://img.danuri.io/catalog-image/077/431/008/445ba4ef002d43b09d523895c9deef96.jpg?shrink=130:130&_v=20260921080609,https://prod.danawa.com/info/?pcode=8431077&cate=112777
17,마이크로닉스,마이크로닉스 COOLMAX VISION II 500W,"39,700",ATX 파워 / 500W / 케이블연결 : 케이블일체형 / 전압변동 : ±0.3% / +12V 싱글레일 / +12V 가용률 : 100% / 120mm 팬 / 깊이 : 140mm / 무상 5년 / [커넥터] 메인전원 : 24핀(20+4) / 보조전원 : (4+4)핀x1 / PCIe 8핀(6+2) : 2개 / SATA : 5개 / IDE 4핀 : 3개 / [부가기능] 대기전력 1W 미만 닫기,https://img.danuri.io/catalog-image/995/566/016/a76b1c9217994d41ad270d9d5c4724f3.jpg?shrink=130:130&_v=20260921102633,https://prod.danawa.com/info/?pcode=16566995&cate=112777
18,마이크로닉스,마이크로닉스 Classic II 750W 80PLUS골드 풀모듈러 ATX3.1 화이트,"135,900","ATX 파워 / 750W / 80 PLUS 골드 / 케이블연결 : 풀모듈러 / 전압변동 : ±0.2% / +12V 싱글레일 / +12V 가용률 : 100% / 액티브PFC / PF(역률) : 99% / 120mm 팬 / 깊이 : 140mm / [커넥터] 메인전원 : 24핀(20+4) / 보조전원 : 8핀x1, (4+4)핀x1 / PCIe 16핀(12+4) : 12V2x6 1개 / PCIe 8핀(6+2) : 2개 / SATA : 8개 / IDE 4핀 : 4개 / FDD : 1개 / [부가기능] 팬리스모드 / 자동 팬 조절 / 대기전력 1W 미만 / 플랫케이블 닫기",https://img.danuri.io/catalog-image/609/314/054/27d2412fe598429cb556d1f2342cf494.jpg?shrink=130:130&_v=20260921080443,https://prod.danawa.com/info/?pcode=54314609&cate=112777
19,마이크로닉스,마이크로닉스 Classic II 1000W 80PLUS플래티넘 ATX3.1,"239,000","ATX 파워 / 1000W / 80 PLUS 플래티넘 / 케이블연결 : 풀모듈러 / 전압변동 : ±0.5% / +12V 싱글레일 / 깊이 : 140mm / 무상 10년 / [커넥터] 메인전원 : 24핀(20+4) / 보조전원 : 8핀x1, (4+4)핀x1 / PCIe 16핀(12+4) : 12V2x6 1개 / PCIe 8핀(6+2) : 3개 / SATA : 10개 / IDE 4핀 : 4개 / FDD : 1개 / [부가기능] 팬리스모드 / 자동 팬 조절 / 대기전력 1W 미만 / 플랫케이블 닫기",https://img.danuri.io/catalog-image/377/939/075/09a3b757c8cd414998cdc4e633096ba3.jpg?shrink=130:130&_v=20260921090758,https://prod.danawa.com/info/?pcode=75939377&cate=112777
20,마이크로닉스,마이크로닉스 COOLMAX ELITE II 500W,"37,100",ATX 파워 / 500W / 케이블연결 : 케이블일체형 / 전압변동 : ±0.3% / +12V 싱글레일 / +12V 가용률 : 100% / 120mm 팬 / 깊이 : 140mm / 무상 5년 / [커넥터] 메인전원 : 24핀(20+4) / 보조전원 : (4+4)핀x1 / PCIe 8핀(6+2) : 2개 / SATA : 4개 / IDE 4핀 : 3개 / [부가기능] 대기전력 1W 미만 닫기,https://img.danuri.io/catalog-image/803/760/098/48a1c866618d436a847ba64e52a6326f.jpg?shrink=130:130&_v=20260921102658,https://prod.danawa.com/info/?pcode=98760803&cate=112777
21,마이크로닉스,마이크로닉스 Classic II 풀체인지 600W 80PLUS브론즈 ATX3.1 화이트,"68,000","ATX 파워 / 600W / 80 PLUS 브론즈 / 케이블연결 : 케이블일체형 / ETA인증 : BRONZE / LAMBDA인증 : STANDARD+ / 전압변동 : ±0.3% / +12V 싱글레일 / +12V 가용률 : 100% / 액티브PFC / PF(역률) : 99% / 120mm 팬 / 깊이 : 140mm / 무상 7년 / [커넥터] 메인전원 : 24핀 / 보조전원 : 8핀x1, 4핀x1 / PCIe 8핀(6+2) : 2개 / SATA : 6개 / IDE 4핀 : 4개 / [부가기능] 팬리스모드 / 자동 팬 조절 / 대기전력 1W 미만 / 플랫케이블 / [변경사항] 25년 12월 메인전원 24핀(20+4)⇢24핀으로 변경 닫기",https://img.danuri.io/catalog-image/478/888/046/bc949c1bab7d4f128cd7dd01a853b2d1.jpg?shrink=130:130&_v=20260921080444,https://prod.danawa.com/info/?pcode=46888478&cate=112777
22,마이크로닉스,마이크로닉스 Classic II 1200W 80PLUS골드 풀모듈러 ATX3.1,"204,390","ATX 파워 / 1200W / 80 PLUS 골드 / 케이블연결 : 풀모듈러 / 전압변동 : ±1.2% / +12V 싱글레일 / +12V 가용률 : 100% / 액티브PFC / PF(역률) : 99% / 135mm 팬 / 깊이 : 150mm / 무상 10년 / [커넥터] 메인전원 : 24핀 / 보조전원 : 8핀x1, (4+4)핀x1 / PCIe 16핀(12+4) : 12V2x6 1개 / PCIe 8핀(6+2) : 3개 / SATA : 8개 / IDE 4핀 : 4개 / FDD : 1개 / [부가기능] 자동 팬 조절 / 대기전력 1W 미만 / 프리볼트 / 제로팬모드 / 메쉬케이블 닫기",https://img.danuri.io/catalog-image/910/772/096/b53fc115cabe424aa71fc9ce99014c9b.jpg?shrink=130:130&_v=20260921091248,https://prod.danawa.com/info/?pcode=96772910&cate=112777
23,마이크로닉스,마이크로닉스 Classic II 1200W 80PLUS골드 풀모듈러 화이트 ATX3.1,"214,170","ATX 파워 / 1200W / 80 PLUS 골드 / 케이블연결 : 풀모듈러 / 전압변동 : ±1.2% / +12V 싱글레일 / +12V 가용률 : 100% / 액티브PFC / PF(역률) : 99% / 135mm 팬 / 깊이 : 150mm / 무상 10년 / [커넥터] 메인전원 : 24핀 / 보조전원 : 8핀x1, (4+4)핀x1 / PCIe 16핀(12+4) : 12V2x6 1개 / PCIe 8핀(6+2) : 3개 / SATA : 8개 / IDE 4핀 : 4개 / FDD : 1개 / [부가기능] 자동 팬 조절 / 대기전력 1W 미만 / 프리볼트 / 제로팬모드 / 메쉬케이블 닫기",https://img.danuri.io/catalog-image/838/954/097/cee498892f6b439986f96c4e9bdde3df.jpg?shrink=130:130&_v=20260921081030,https://prod.danawa.com/info/?pcode=97954838&cate=112777
24,마이크로닉스,마이크로닉스 WIZMAX P-2500W 80PLUS플래티넘 ATX3.1,"788,900",ATX 파워 / 2500W / 80 PLUS 플래티넘 / 케이블연결 : 풀모듈러 / 전압변동 : ±1.3% / +12V 싱글레일 / +12V 가용률 : 100% / 135mm 팬 / 깊이 : 200mm / 무상 10년 / [커넥터] 메인전원 : 24핀 / 보조전원 : (4+4)핀x2 / PCIe 16핀(12+4) : 12V2x6 4개 / PCIe 8핀(6+2) : 7개 / SATA : 11개 / IDE 4핀 : 4개 / [부가기능] 팬리스모드 / 자동 팬 조절 / 대기전력 1W 미만 / 플랫케이블 닫기,https://img.danuri.io/catalog-image/101/862/089/1bb8841f10974097af5c102b2f5dd7f5.jpg?shrink=130:130&_v=20260921081041,https://prod.danawa.com/info/?pcode=89862101&cate=112777
25,마이크로닉스,마이크로닉스 Classic II 풀체인지 700W 80PLUS실버 ATX3.1 화이트,"88,000","ATX 파워 / 700W / 80 PLUS 실버 / ETA인증 : SILVER / LAMBDA인증 : STANDARD++ / 전압변동 : ±0.5% / +12V 싱글레일 / +12V 가용률 : 100% / 액티브PFC / PF(역률) : 99% / 120mm 팬 / 깊이 : 140mm / 무상 7년 / [커넥터] 메인전원 : 24핀 / 보조전원 : 8핀x1, (4+4)핀x1 / PCIe 16핀(12+4) : 12V2x6 1개 / PCIe 8핀(6+2) : 2개 / SATA : 6개 / IDE 4핀 : 4개 / [부가기능] 대기전력 1W 미만 닫기",https://img.danuri.io/catalog-image/350/693/122/9d7a94177e174ba3ad348e456d93a6a3.jpeg?shrink=130:130&_v=20260921133323,https://prod.danawa.com/info/?pcode=122693350&cate=112777
26,마이크로닉스,마이크로닉스 Classic II 풀체인지 550W 80PLUS스탠다드 ATX3.1,"52,970",ATX 파워 / 550W / 80 PLUS 스탠다드 / 전압변동 : ±0.29% / +12V 싱글레일 / +12V 가용률 : 100% / 액티브PFC / PF(역률) : 99% / 120mm 팬 / 깊이 : 140mm / 무상 7년 / [커넥터] 메인전원 : 24핀(20+4) / 보조전원 : (4+4)핀x1 / PCIe 8핀(6+2) : 2개 / SATA : 4개 / IDE 4핀 : 2개 / [부가기능] 대기전력 1W 미만 / 플랫케이블 닫기,https://img.danuri.io/catalog-image/961/979/072/7b1dfaa23b3e463cac4701576752327d.jpg?shrink=130:130&_v=20260921080622,https://prod.danawa.com/info/?pcode=72979961&cate=112777
27,마이크로닉스,마이크로닉스 Classic II 풀체인지 500W 80PLUS브론즈 ATX3.1,"57,500","ATX 파워 / 500W / 80 PLUS 브론즈 / ETA인증 : BRONZE / LAMBDA인증 : STANDARD++ / 전압변동 : ±0.3% / +12V 싱글레일 / +12V 가용률 : 100% / 액티브PFC / PF(역률) : 99% / 120mm 팬 / 깊이 : 140mm / 무상 7년 / [커넥터] 메인전원 : 24핀(20+4) / 보조전원 : 8핀x1, 4핀x1 / PCIe 8핀(6+2) : 2개 / SATA : 6개 / IDE 4핀 : 3개 / [부가기능] 팬리스모드 / 자동 팬 조절 / 대기전력 1W 미만 / 플랫케이블 닫기",https://img.danuri.io/catalog-image/352/642/049/9a7ac7a6e51f4f13ae166309129c97af.jpg?shrink=130:130&_v=20260921133258,https://prod.danawa.com/info/?pcode=49642352&cate=112777
28,마이크로닉스,마이크로닉스 Classic II 700W 80PLUS 230V EU,"84,400","ATX 파워 / 700W / 80 PLUS 스탠다드 / 케이블연결 : 케이블일체형 / +12V 싱글레일 / +12V 가용률 : 90% / 액티브PFC / PF(역률) : 99% / 120mm 팬 / 깊이 : 140mm / 무상 6년 / [커넥터] 메인전원 : 24핀(20+4) / 보조전원 : 8핀x1, (4+4)핀x1 / PCIe 8핀(6+2) : 4개 / SATA : 6개 / IDE 4핀 : 4개 / FDD : 1개 / [부가기능] 자동 팬 조절 / 대기전력 1W 미만 / 플랫케이블 / [변경사항] 2020년 1월 CPU 커넥터 변경 닫기",https://img.danuri.io/catalog-image/330/966/001/26482ae6115e4d7d8c2f105d3f2976e8.jpg?shrink=130:130&_v=20260921122539,https://prod.danawa.com/info/?pcode=1966330&cate=112777
29,마이크로닉스,마이크로닉스 Classic II 풀체인지 800W 80PLUS실버 ATX3.1 화이트,"92,900","ATX 파워 / 800W / 80 PLUS 실버 / ETA인증 : SILVER / LAMBDA인증 : STANDARD+ / 전압변동 : ±0.49% / +12V 싱글레일 / +12V 가용률 : 100% / 액티브PFC / PF(역률) : 99% / 120mm 팬 / 깊이 : 140mm / 무상 7년 / [커넥터] 메인전원 : 24핀 / 보조전원 : 8핀x1, (4+4)핀x1 / PCIe 16핀(12+4) : 12V2x6 1개 / PCIe 8핀(6+2) : 2개 / SATA : 8개 / IDE 4핀 : 4개 / [부가기능] 대기전력 1W 미만 닫기",https://img.danuri.io/catalog-image/303/939/104/d989df65e054473f9f687b86938a120d.jpg?shrink=130:130&_v=20260921080622,https://prod.danawa.com/info/?pcode=104939303&cate=112777
30,마이크로닉스,마이크로닉스 COOLMAX FOCUS II 500W ETA BRONZE,"47,220",ATX 파워 / 500W / ETA인증 : BRONZE / LAMBDA인증 : A- / +12V 싱글레일 / 액티브PFC / PF(역률) : 99% / 120mm 팬 / 깊이 : 140mm / 무상 5년 / [커넥터] 메인전원 : 24핀(20+4) / 보조전원 : (4+4)핀x1 / PCIe 8핀(6+2) : 2개 / SATA : 5개 / IDE 4핀 : 3개 / 대기전력 1W 미만 / 플랫케이블 닫기,https://img.danuri.io/catalog-image/583/549/028/7df541f34a8d4375ac0fee5e08828de4.jpg?shrink=130:130&_v=20260921142723,https://prod.danawa.com/info/?pcode=28549583&cate=112777
31,마이크로닉스,마이크로닉스 Classic II 1300W 80PLUS플래티넘 ATX3.1,"292,450","ATX 파워 / 1300W / 80 PLUS 플래티넘 / 케이블연결 : 풀모듈러 / ETA인증 : PLATINUM / LAMBDA인증 : STANDARD / 전압변동 : ±0.6% / +12V 싱글레일 / +12V 가용률 : 99% / 액티브PFC / PF(역률) : 99% / 깊이 : 140mm / 무상 10년 / [커넥터] 메인전원 : 24핀(20+4) / 보조전원 : 8핀x1, (4+4)핀x1 / PCIe 16핀(12+4) : 12V2x6 2개 / PCIe 8핀(6+2) : 3개 / SATA : 10개 / IDE 4핀 : 4개 / FDD : 1개 / [부가기능] 팬리스모드 / 자동 팬 조절 / 대기전력 1W 미만 / 프리볼트 / 플랫케이블 닫기",https://img.danuri.io/catalog-image/245/174/078/68bfc5068a944b8aac9e44a6e81f1c2a.jpg?shrink=130:130&_v=20260921081058,https://prod.danawa.com/info/?pcode=78174245&cate=112777
32,마이크로닉스,마이크로닉스 COOLMAX ELITE II 600W,"43,890",ATX 파워 / 600W / 케이블연결 : 케이블일체형 / 전압변동 : ±0.4% / +12V 싱글레일 / +12V 가용률 : 100% / 120mm 팬 / 깊이 : 140mm / 무상 5년 / [커넥터] 메인전원 : 24핀(20+4) / 보조전원 : (4+4)핀x1 / PCIe 8핀(6+2) : 2개 / SATA : 4개 / IDE 4핀 : 3개 / [부가기능] 대기전력 1W 미만 닫기,https://img.danuri.io/catalog-image/842/760/098/61197b2a76764e45872d94ca1a71ede7.jpg?shrink=130:130&_v=20260921080443,https://prod.danawa.com/info/?pcode=98760842&cate=112777
33,마이크로닉스,마이크로닉스 Classic II 풀체인지 800W 80PLUS브론즈 ATX3.1,"97,500","ATX 파워 / 800W / 80 PLUS 브론즈 / ETA인증 : SILVER / LAMBDA인증 : STANDARD+ / 전압변동 : ±0.49% / +12V 싱글레일 / +12V 가용률 : 100% / 액티브PFC / PF(역률) : 99% / 120mm 팬 / 깊이 : 140mm / 무상 7년 / [커넥터] 메인전원 : 24핀 / 보조전원 : 8핀x1, (4+4)핀x1 / PCIe 16핀(12+4) : 12V2x6 1개 / PCIe 8핀(6+2) : 2개 / SATA : 8개 / IDE 4핀 : 4개 / [부가기능] 팬리스모드 / 자동 팬 조절 / 대기전력 1W 미만 / 플랫케이블 닫기",https://img.danuri.io/catalog-image/751/642/049/e6822924f88340fc821b46c87db5310f.jpg?shrink=130:130&_v=20260921080609,https://prod.danawa.com/info/?pcode=49642751&cate=112777
34,마이크로닉스,마이크로닉스 ASTRO II PT 1000W 80PLUS플래티넘 풀모듈러 ATX3.1,"249,000","ATX 파워 / 1000W / 80 PLUS 플래티넘 / 케이블연결 : 풀모듈러 / +12V 싱글레일 / +12V 가용률 : 100% / 액티브PFC / PF(역률) : 99% / 깊이 : 140mm / 무상 10년 / [커넥터] 메인전원 : 24핀(20+4) / 보조전원 : 8핀x1, (4+4)핀x1 / PCIe 16핀(12+4) : 12V2x6 3개 / PCIe 8핀(6+2) : 3개 / SATA : 10개 / IDE 4핀 : 4개 / FDD : 1개 / [부가기능] 팬리스모드 / 자동 팬 조절 / 대기전력 1W 미만 / 프리볼트 / 플랫케이블 닫기",https://img.danuri.io/catalog-image/894/634/122/75d69b36fd3e4846983e452418505779.jpeg?shrink=130:130&_v=20260921080444,https://prod.danawa.com/info/?pcode=122634894&cate=112777
35,마이크로닉스,마이크로닉스 Classic II 풀체인지 750W 80PLUS스탠다드 ATX3.1,"82,900","ATX 파워 / 750W / 80 PLUS 스탠다드 / 전압변동 : ±0.38% / +12V 싱글레일 / +12V 가용률 : 100% / 액티브PFC / PF(역률) : 99% / 120mm 팬 / 깊이 : 140mm / 무상 7년 / [커넥터] 메인전원 : 24핀(20+4) / 보조전원 : 8핀x1, (4+4)핀x1 / PCIe 16핀(12+4) : 12V2x6 1개 / PCIe 8핀(6+2) : 2개 / SATA : 4개 / IDE 4핀 : 2개 / [부가기능] 플랫케이블 / 대기전력 1W 미만 닫기",https://img.danuri.io/catalog-image/838/979/072/de4bcfcc549745d2ac1f92a867376d63.jpg?shrink=130:130&_v=20260921080609,https://prod.danawa.com/info/?pcode=72979838&cate=112777
36,마이크로닉스,마이크로닉스 Classic II 풀체인지 900W 80PLUS실버 ATX3.1,"110,800","ATX 파워 / 900W / 80 PLUS 실버 / ETA인증 : SILVER / LAMBDA인증 : STANDARD / 전압변동 : ±1.5% / +12V 싱글레일 / +12V 가용률 : 100% / 액티브PFC / PF(역률) : 99% / 120mm 팬 / 무상 7년 / [커넥터] 메인전원 : 24핀(20+4) / 보조전원 : 8핀x1, (4+4)핀x1 / PCIe 16핀(12+4) : 12V2x6 1개 / PCIe 8핀(6+2) : 4개 / SATA : 8개 / IDE 4핀 : 3개 / [부가기능] 자동 팬 조절 / 대기전력 1W 미만 / 플랫케이블 닫기",https://img.danuri.io/catalog-image/117/482/063/42968fa600fa4f17b6829cf80a1ae8cb.jpg?shrink=130:130&_v=20260921133448,https://prod.danawa.com/info/?pcode=63482117&cate=112777
37,마이크로닉스,마이크로닉스 Classic II 1050W 80PLUS골드 풀모듈러 ATX3.1 화이트,"194,610","ATX 파워 / 1050W / 80 PLUS 골드 / 케이블연결 : 풀모듈러 / 전압변동 : ±0.1% / +12V 싱글레일 / +12V 가용률 : 100% / 액티브PFC / PF(역률) : 99% / 120mm 팬 / 깊이 : 140mm / 무상 10년 / [커넥터] 메인전원 : 24핀(20+4) / 보조전원 : 8핀x1, (4+4)핀x1 / PCIe 16핀(12+4) : 12V2x6 1개 / PCIe 8핀(6+2) : 3개 / SATA : 8개 / IDE 4핀 : 4개 / FDD : 1개 / [부가기능] 팬리스모드 / 자동 팬 조절 / 대기전력 1W 미만 / 플랫케이블 / 제로팬모드 / 메쉬케이블 닫기",https://img.danuri.io/catalog-image/953/468/069/5d5db96646d3415ab827a0b79b862d70.jpeg?shrink=130:130&_v=20260921095702,https://prod.danawa.com/info/?pcode=69468953&cate=112777
38,마이크로닉스,마이크로닉스 COOLMAX P-1050W 80PLUS플래티넘 ATX3.1,"183,490","ATX 파워 / 1050W / 80 PLUS 플래티넘 / 케이블연결 : 풀모듈러 / 전압변동 : ±1.5% / +12V 싱글레일 / +12V 가용률 : 100% / 액티브PFC / PF(역률) : 99% / 120mm 팬 / 깊이 : 140mm / 무상 10년 / [커넥터] 메인전원 : 24핀(20+4) / 보조전원 : 8핀x1, (4+4)핀x1 / PCIe 16핀(12+4) : 12V2x6 1개 / PCIe 8핀(6+2) : 2개 / SATA : 10개 / IDE 4핀 : 4개 / [부가기능] 팬리스모드 / 자동 팬 조절 / 대기전력 1W 미만 / 플랫케이블 닫기",https://img.danuri.io/catalog-image/547/188/101/48e7595ec0b7480db209677b44a3bcec.jpg?shrink=130:130&_v=20260921081045,https://prod.danawa.com/info/?pcode=101188547&cate=112777
39,마이크로닉스,마이크로닉스 Classic II 풀체인지 700W 80PLUS브론즈 ATX3.1 화이트,"88,900","ATX 파워 / 700W / 80 PLUS 브론즈 / 케이블연결 : 케이블일체형 / ETA인증 : BRONZE / LAMBDA인증 : STANDARD / +12V 싱글레일 / +12V 가용률 : 100% / 액티브PFC / PF(역률) : 99% / 120mm 팬 / 깊이 : 140mm / 무상 7년 / [커넥터] 메인전원 : 24핀(20+4) / 보조전원 : 8핀x1, (4+4)핀x1 / PCIe 16핀(12+4) : 12V2x6 1개 / PCIe 8핀(6+2) : 2개 / SATA : 6개 / IDE 4핀 : 4개 / [부가기능] 팬리스모드 / 자동 팬 조절 / 대기전력 1W 미만 / 플랫케이블 닫기",https://img.danuri.io/catalog-image/339/906/044/82fabe4af5fc4e84bf06b19ab3dde939.jpg?shrink=130:130&_v=20260921080443,https://prod.danawa.com/info/?pcode=44906339&cate=112777
40,마이크로닉스,마이크로닉스 WIZMAX 850W 80PLUS골드 ATX 3.1,"110,800",ATX 파워 / 850W / 80 PLUS 골드 / +12V 싱글레일 / +12V 가용률 : 100% / 액티브PFC / PF(역률) : 99% / 120mm 팬 / 무상 7년 / [커넥터] 메인전원 : 24핀(20+4) / 보조전원 : (4+4)핀x1 / PCIe 16핀(12+4) : 12V2x6 1개 / PCIe 8핀(6+2) : 2개 / SATA : 8개 / IDE 4핀 : 4개 / [부가기능] 대기전력 1W 미만 / 프리볼트 닫기,https://img.danuri.io/catalog-image/249/720/122/50a6abad51d7499eaeed2e7bcceef606.jpeg?shrink=130:130&_v=20260921081229,https://prod.danawa.com/info/?pcode=122720249&cate=112777
41,마이크로닉스,마이크로닉스 WIZMAX G-1650W 80PLUS골드 ATX3.1,"492,730",ATX 파워 / 1650W / 80 PLUS 골드 / 케이블연결 : 풀모듈러 / 전압변동 : ±0.3% / +12V 싱글레일 / +12V 가용률 : 100% / 액티브PFC / PF(역률) : 99% / 135mm 팬 / 깊이 : 180mm / 무상 10년 / [커넥터] 메인전원 : 24핀(20+4) / 보조전원 : (4+4)핀x2 / PCIe 16핀(12+4) : 12V2x6 2개 / PCIe 8핀(6+2) : 9개 / SATA : 16개 / IDE 4핀 : 6개 / FDD : 1개 / [부가기능] 팬리스모드 / 자동 팬 조절 / 대기전력 1W 미만 / 프리볼트 / 플랫케이블 닫기,https://img.danuri.io/catalog-image/712/242/098/0cf1094f14f24f80b8bcdc3fa10c5a44.jpg?shrink=130:130&_v=20260921140455,https://prod.danawa.com/info/?pcode=98242712&cate=112777
42,마이크로닉스,마이크로닉스 ASTRO II PT 850W 80PLUS플래티넘 풀모듈러 ATX3.1,"208,630","ATX 파워 / 850W / 80 PLUS 플래티넘 / 케이블연결 : 풀모듈러 / +12V 싱글레일 / +12V 가용률 : 100% / 액티브PFC / PF(역률) : 99% / 깊이 : 140mm / 무상 10년 / [커넥터] 메인전원 : 24핀(20+4) / 보조전원 : 8핀x1, (4+4)핀x1 / PCIe 16핀(12+4) : 12V2x6 1개 / PCIe 8핀(6+2) : 3개 / SATA : 8개 / IDE 4핀 : 4개 / FDD : 1개 / [부가기능] 팬리스모드 / 자동 팬 조절 / 대기전력 1W 미만 / 프리볼트 / 플랫케이블 닫기",https://img.danuri.io/catalog-image/611/634/122/20d91e368fe54a16afdd767377c54537.jpeg?shrink=130:130&_v=20260921080622,https://prod.danawa.com/info/?pcode=122634611&cate=112777
43,마이크로닉스,마이크로닉스 Performance II HV 1000W 80PLUS브론즈 FDB,"81,900","ATX 파워 / 1000W / 80 PLUS 브론즈 / 케이블연결 : 세미모듈러 / +12V 싱글레일 / +12V 가용률 : 99% / 액티브PFC / PF(역률) : 99% / 135mm 팬 / 깊이 : 160mm / 무상 6년 / [커넥터] 메인전원 : 24핀(20+4) / 보조전원 : 8핀x1, (4+4)핀x1 / PCIe 8핀(6+2) : 6개 / SATA : 12개 / IDE 4핀 : 5개 / FDD : 1개 / [부가기능] 자동 팬 조절 / 대기전력 1W 미만 / 프리볼트 / 플랫케이블 닫기",https://img.danuri.io/catalog-image/617/054/010/d2ee9e97f2414f65b343c40d31fc1449.jpg?shrink=130:130&_v=20260921102726,https://prod.danawa.com/info/?pcode=10054617&cate=112777
44,마이크로닉스,마이크로닉스 COOLMAX P-1050W 80PLUS플래티넘 ATX3.0,"189,000",ATX 파워 / 1050W / 80 PLUS 플래티넘 / 케이블연결 : 풀모듈러 / 전압변동 : ±1.5% / +12V 싱글레일 / +12V 가용률 : 100% / 액티브PFC / PF(역률) : 99% / 120mm 팬 / 깊이 : 140mm / 무상 10년 / [커넥터] 메인전원 : 24핀(20+4) / 보조전원 : (4+4)핀x1 / PCIe 16핀(12+4) : 12VHPWR 1개 / PCIe 8핀(6+2) : 2개 / SATA : 10개 / IDE 4핀 : 4개 / 팬리스모드 / 자동 팬 조절 / 대기전력 1W 미만 / 플랫케이블 닫기,https://img.danuri.io/catalog-image/321/961/019/b854fa7ed95f4dfb9044a2694be550ce.jpg?shrink=130:130&_v=20260921080609,https://prod.danawa.com/info/?pcode=19961321&cate=112777
45,마이크로닉스,마이크로닉스 COOLMAX FOCUS II 600W ETA BRONZE,"53,840",ATX 파워 / 600W / ETA인증 : BRONZE / LAMBDA인증 : STANDARD+ / +12V 싱글레일 / 액티브PFC / PF(역률) : 99% / 120mm 팬 / 깊이 : 140mm / 무상 5년 / [커넥터] 메인전원 : 24핀(20+4) / 보조전원 : (4+4)핀x1 / PCIe 8핀(6+2) : 2개 / SATA : 5개 / IDE 4핀 : 3개 / [부가기능] 대기전력 1W 미만 / 플랫케이블 닫기,https://img.danuri.io/catalog-image/283/817/051/6afcda17b091404183dc74640f12dcda.jpg?shrink=130:130&_v=20260921102644,https://prod.danawa.com/info/?pcode=51817283&cate=112777
46,마이크로닉스,마이크로닉스 ASTRO II PT 1300W 80PLUS플래티넘 풀모듈러 ATX3.1,"259,000","ATX 파워 / 1300W / 80 PLUS 플래티넘 / 케이블연결 : 풀모듈러 / 전압변동 : ±0.6% / +12V 싱글레일 / 액티브PFC / PF(역률) : 99% / 깊이 : 150mm / 무상 10년 / [커넥터] 메인전원 : 24핀(20+4) / 보조전원 : 8핀x1, (4+4)핀x1 / PCIe 16핀(12+4) : 12V2x6 2개 / PCIe 8핀(6+2) : 3개 / SATA : 10개 / IDE 4핀 : 4개 / FDD : 1개 / [부가기능] 팬리스모드 / 자동 팬 조절 / 프리볼트 / 플랫케이블 닫기",https://img.danuri.io/catalog-image/042/386/033/212c9f57c105493c83e77eb1b1fc4ed2.jpg?shrink=130:130&_v=20260921080443,https://prod.danawa.com/info/?pcode=33386042&cate=112777
47,마이크로닉스,마이크로닉스 WIZMAX 750W 80PLUS골드 ATX 3.1,"87,000",ATX 파워 / 750W / 80 PLUS 골드 / +12V 싱글레일 / +12V 가용률 : 100% / 액티브PFC / PF(역률) : 99% / 120mm 팬 / 무상 7년 / [커넥터] 메인전원 : 24핀(20+4) / 보조전원 : (4+4)핀x1 / PCIe 16핀(12+4) : 12V2x6 1개 / PCIe 8핀(6+2) : 2개 / SATA : 6개 / IDE 4핀 : 4개 / [부가기능] 대기전력 1W 미만 / 프리볼트 닫기,https://img.danuri.io/catalog-image/233/720/122/34f178065fef43f7ab688c0c0029d27c.jpeg?shrink=130:130&_v=20260920190759,https://prod.danawa.com/info/?pcode=122720233&cate=112777
48,마이크로닉스,마이크로닉스 WIZMAX 750W 80PLUS실버 ATX3.0,"89,900","ATX 파워 / 750W / 80 PLUS 실버 / 전압변동 : ±0.9% / +12V 싱글레일 / +12V 가용률 : 100% / 액티브PFC / PF(역률) : 99% / 120mm 팬 / 깊이 : 140mm / 무상 6년 / [커넥터] 메인전원 : 24핀(20+4) / 보조전원 : 8핀x1, (4+4)핀x1 / PCIe 16핀(12+4) : 12VHPWR 1개 / PCIe 8핀(6+2) : 2개 / SATA : 6개 / IDE 4핀 : 2개 / [부가기능] 자동 팬 조절 / 대기전력 1W 미만 / 프리볼트 / 플랫케이블 닫기",https://img.danuri.io/catalog-image/080/628/020/553c726136b642348d2424e8c95496b9.jpg?shrink=130:130&_v=20260921090644,https://prod.danawa.com/info/?pcode=20628080&cate=112777
49,마이크로닉스,마이크로닉스 WIZMAX 750W 80PLUS실버 ATX3.1,"87,420","ATX 파워 / 750W / 80 PLUS 실버 / 전압변동 : ±0.9% / +12V 싱글레일 / +12V 가용률 : 100% / 액티브PFC / PF(역률) : 99% / 120mm 팬 / 깊이 : 140mm / 무상 6년 / [커넥터] 메인전원 : 24핀(20+4) / 보조전원 : 8핀x1, (4+4)핀x1 / PCIe 16핀(12+4) : 12V2x6 1개 / PCIe 8핀(6+2) : 2개 / SATA : 6개 / IDE 4핀 : 4개 / [부가기능] 플랫케이블 / 대기전력 1W 미만 / 자동 팬 조절 / 프리볼트 닫기",https://img.danuri.io/catalog-image/749/484/074/991d6eccb7144a97ab9bf0f410ba33a1.jpg?shrink=130:130&_v=20260921080622,https://prod.danawa.com/info/?pcode=74484749&cate=112777
50,마이크로닉스,마이크로닉스 WIZMAX 850W 80PLUS실버 ATX3.1,"108,640","ATX 파워 / 850W / 80 PLUS 실버 / 전압변동 : ±0.9% / +12V 싱글레일 / +12V 가용률 : 100% / 액티브PFC / PF(역률) : 99% / 120mm 팬 / 깊이 : 140mm / 무상 6년 / [커넥터] 메인전원 : 24핀(20+4) / 보조전원 : 8핀x1, (4+4)핀x1 / PCIe 16핀(12+4) : 12V2x6 1개 / PCIe 8핀(6+2) : 2개 / SATA : 8개 / IDE 4핀 : 4개 / [부가기능] 자동 팬 조절 / 대기전력 1W 미만 / 프리볼트 / 플랫케이블 닫기",https://img.danuri.io/catalog-image/791/484/074/63e6c5a4c6904f8c8b6354b109ab4b9b.jpg?shrink=130:130&_v=20260921080444,https://prod.danawa.com/info/?pcode=74484791&cate=112777
51,마이크로닉스,마이크로닉스 ASTRO II PT 1000W 80PLUS플래티넘 풀모듈러 ATX3.0,"219,000",ATX 파워 / 1000W / 80 PLUS 플래티넘 / 케이블연결 : 풀모듈러 / 전압변동 : ±0.5% / +12V 싱글레일 / +12V 가용률 : 100% / 액티브PFC / PF(역률) : 99% / 깊이 : 140mm / 무상 10년 / [커넥터] 메인전원 : 24핀(20+4) / 보조전원 : 8핀x2 / PCIe 16핀(12+4) : 12VHPWR 1개 / PCIe 8핀(6+2) : 3개 / SATA : 10개 / IDE 4핀 : 4개 / FDD : 1개 / [부가기능] 팬리스모드 / 자동 팬 조절 / 프리볼트 / 플랫케이블 닫기,https://img.danuri.io/catalog-image/170/942/027/77fc600718fd429eac872dce5f4d1a8d.jpg?shrink=130:130&_v=20260921131048,https://prod.danawa.com/info/?pcode=27942170&cate=112777
52,마이크로닉스,마이크로닉스 COOLMAX VISION II 800W,"56,640",ATX 파워 / 800W / 케이블연결 : 케이블일체형 / 전압변동 : ±1% / +12V 싱글레일 / +12V 가용률 : 100% / 120mm 팬 / 깊이 : 140mm / 무상 5년 / [커넥터] 메인전원 : 24핀(20+4) / 보조전원 : (4+4)핀x1 / PCIe 8핀(6+2) : 4개 / SATA : 6개 / IDE 4핀 : 4개 / [부가기능] 대기전력 1W 미만 닫기,https://img.danuri.io/catalog-image/229/567/016/1203beffbb3b429db7f6e073ebdee60d.jpg?shrink=130:130&_v=20260921133938,https://prod.danawa.com/info/?pcode=16567229&cate=112777
53,마이크로닉스,마이크로닉스 ASTRO II PT 850W 80PLUS플래티넘 풀모듈러 ATX3.0,"189,000",ATX 파워 / 850W / 80 PLUS 플래티넘 / 케이블연결 : 풀모듈러 / 전압변동 : ±0.4% / +12V 싱글레일 / +12V 가용률 : 100% / 액티브PFC / PF(역률) : 99% / 깊이 : 140mm / 무상 10년 / [커넥터] 메인전원 : 24핀(20+4) / 보조전원 : 8핀x2 / PCIe 16핀(12+4) : 12VHPWR 1개 / PCIe 8핀(6+2) : 3개 / SATA : 8개 / IDE 4핀 : 4개 / FDD : 1개 / [부가기능] 팬리스모드 / 자동 팬 조절 / 프리볼트 / 플랫케이블 닫기,https://img.danuri.io/catalog-image/059/942/027/03cae191a0104458b1e9bfac5b33c635.jpg?shrink=130:130&_v=20260921130609,https://prod.danawa.com/info/?pcode=27942059&cate=112777
54,마이크로닉스,마이크로닉스 COOLMAX FOCUS II 800W ETA실버 ATX3.1,"80,950","ATX 파워 / 800W / ETA인증 : SILVER / LAMBDA인증 : STANDARD+ / +12V 싱글레일 / +12V 가용률 : 100% / 액티브PFC / PF(역률) : 99% / 120mm 팬 / 깊이 : 140mm / 무상 5년 / [커넥터] 메인전원 : 24핀(20+4) / 보조전원 : 8핀x1, 4핀x1 / PCIe 16핀(12+4) : 12V2x6 1개 / PCIe 8핀(6+2) : 2개 / SATA : 5개 / IDE 4핀 : 3개 / [부가기능] 대기전력 1W 미만 / 플랫케이블 닫기",https://img.danuri.io/catalog-image/446/732/099/250e521bad1c442a872ecdf3be3c94be.jpg?shrink=130:130&_v=20260921080444,https://prod.danawa.com/info/?pcode=99732446&cate=112777
55,마이크로닉스,마이크로닉스 COOLMAX VISION II 600W,"49,900",ATX 파워 / 600W / 케이블연결 : 케이블일체형 / 전압변동 : ±0.8% / +12V 싱글레일 / +12V 가용률 : 100% / 120mm 팬 / 깊이 : 140mm / 무상 5년 / [커넥터] 메인전원 : 24핀(20+4) / 보조전원 : (4+4)핀x1 / PCIe 8핀(6+2) : 2개 / SATA : 4개 / IDE 4핀 : 3개 / [부가기능] 대기전력 1W 미만 닫기,https://img.danuri.io/catalog-image/067/567/016/2d431e14725d47b3b06ed972105c368a.jpg?shrink=130:130&_v=20260921081229,https://prod.danawa.com/info/?pcode=16567067&cate=112777
56,마이크로닉스,마이크로닉스 COOLMAX VISION II 700W,"60,000",ATX 파워 / 700W / 케이블연결 : 케이블일체형 / 전압변동 : ±0.4% / +12V 싱글레일 / +12V 가용률 : 100% / 120mm 팬 / 깊이 : 140mm / 무상 5년 / [커넥터] 메인전원 : 24핀(20+4) / 보조전원 : (4+4)핀x1 / PCIe 8핀(6+2) : 4개 / SATA : 5개 / IDE 4핀 : 3개 / [부가기능] 대기전력 1W 미만 닫기,https://img.danuri.io/catalog-image/166/567/016/f4d6038abe6d42a1a15908f4513fa131.jpg?shrink=130:130&_v=20260921091108,https://prod.danawa.com/info/?pcode=16567166&cate=112777
57,마이크로닉스,마이크로닉스 COOLMAX FOCUS II 700W ETA브론즈 ATX3.1,"56,800","ATX 파워 / 700W / ETA인증 : BRONZE / LAMBDA인증 : STANDARD+ / +12V 싱글레일 / +12V 가용률 : 100% / 액티브PFC / PF(역률) : 99% / 120mm 팬 / 깊이 : 140mm / 무상 5년 / [커넥터] 메인전원 : 24핀(20+4) / 보조전원 : 8핀x1, 4핀x1 / PCIe 16핀(12+4) : 12V2x6 1개 / PCIe 8핀(6+2) : 2개 / SATA : 5개 / IDE 4핀 : 3개 / [부가기능] 대기전력 1W 미만 / 플랫케이블 닫기",https://img.danuri.io/catalog-image/404/732/099/521bad26561e45d2ba05fad060eeeee7.jpg?shrink=130:130&_v=20260921080444,https://prod.danawa.com/info/?pcode=99732404&cate=112777
58,마이크로닉스,마이크로닉스 Performance II HV 850W 80PLUS브론즈 FDB,"154,160","ATX 파워 / 850W / 80 PLUS 브론즈 / 케이블연결 : 세미모듈러 / +12V 싱글레일 / +12V 가용률 : 99% / 액티브PFC / PF(역률) : 99% / 135mm 팬 / 깊이 : 160mm / 무상 6년 / [커넥터] 메인전원 : 24핀(20+4) / 보조전원 : 8핀x1, (4+4)핀x1 / PCIe 8핀(6+2) : 6개 / SATA : 10개 / IDE 4핀 : 5개 / FDD : 1개 / [부가기능] 자동 팬 조절 / 대기전력 1W 미만 / 프리볼트 / 플랫케이블 닫기",https://img.danuri.io/catalog-image/539/054/010/37ae09043fb240a08220babcdff54f3f.jpg?shrink=130:130&_v=20260921080443,https://prod.danawa.com/info/?pcode=10054539&cate=112777
59,마이크로닉스,마이크로닉스 ASTRO PLATINUM 850W 풀모듈러,"163,000",ATX 파워 / 850W / 80 PLUS 플래티넘 / 케이블연결 : 풀모듈러 / 전압변동 : ±0.5% / +12V 싱글레일 / +12V 가용률 : 100% / 액티브PFC / PF(역률) : 99% / 135mm 팬 / 깊이 : 180mm / 무상 10년 / [커넥터] 메인전원 : 24핀(20+4) / 보조전원 : (4+4)핀x2 / PCIe 8핀(6+2) : 6개 / SATA : 8개 / IDE 4핀 : 6개 / FDD : 1개 / [부가기능] 팬리스모드 / 자동 팬 조절 / 대기전력 1W 미만 / 프리볼트 / 플랫케이블 / 16AWG 케이블 닫기,https://img.danuri.io/catalog-image/849/461/006/067dd32abe954e7f8be34655f4a32942.jpg?shrink=130:130&_v=20260921080444,https://prod.danawa.com/info/?pcode=6461849&cate=112777
60,마이크로닉스,마이크로닉스 Performance II PV 600W 80PLUS브론즈 FDB,"114,000","ATX 파워 / 600W / 80 PLUS 브론즈 / 케이블연결 : 케이블일체형 / 전압변동 : ±0.5% / +12V 싱글레일 / +12V 가용률 : 100% / 액티브PFC / PF(역률) : 99% / 120mm 팬 / 깊이 : 140mm / 무상 6년 / [커넥터] 메인전원 : 24핀(20+4) / 보조전원 : 8핀x1, 4핀x1 / PCIe 8핀(6+2) : 2개 / SATA : 6개 / IDE 4핀 : 4개 / FDD : 1개 / [부가기능] 자동 팬 조절 / 대기전력 1W 미만 / 프리볼트 / 플랫케이블 / [변경사항] 23년 5월 커넥터 IDE+IDE 1줄, IDE+FDD 1줄 → IDE+IDE+IDE+FDD로 변경 닫기",https://img.danuri.io/catalog-image/888/557/010/d95b036bbfd94e32b99b29ccf8c87c84.jpg?shrink=130:130&_v=20260921081233,https://prod.danawa.com/info/?pcode=10557888&cate=112777
61,마이크로닉스,마이크로닉스 COOLMAX FOCUS II 900W ETA실버 ATX3.1,"91,210","ATX 파워 / 900W / ETA인증 : SILVER / LAMBDA인증 : STANDARD / +12V 싱글레일 / +12V 가용률 : 100% / 액티브PFC / PF(역률) : 99% / 120mm 팬 / 깊이 : 140mm / 무상 5년 / [커넥터] 메인전원 : 24핀(20+4) / 보조전원 : 8핀x1, (4+4)핀x1 / PCIe 16핀(12+4) : 12V2x6 1개 / PCIe 8핀(6+2) : 4개 / SATA : 6개 / IDE 4핀 : 3개 / [부가기능] 대기전력 1W 미만 / 플랫케이블 닫기",https://img.danuri.io/catalog-image/509/732/099/1a80f831031f4c0abed843aa48e53982.jpg?shrink=130:130&_v=20260921080455,https://prod.danawa.com/info/?pcode=99732509&cate=112777
62,마이크로닉스,마이크로닉스 Performance II PV 700W 80PLUS브론즈 FDB,"135,000","ATX 파워 / 700W / 80 PLUS 브론즈 / 케이블연결 : 케이블일체형 / 전압변동 : ±0.5% / +12V 싱글레일 / +12V 가용률 : 100% / 액티브PFC / PF(역률) : 99% / 120mm 팬 / 깊이 : 140mm / 무상 6년 / [커넥터] 메인전원 : 24핀(20+4) / 보조전원 : 8핀x1, (4+4)핀x1 / PCIe 8핀(6+2) : 4개 / SATA : 6개 / IDE 4핀 : 4개 / FDD : 1개 / [부가기능] 자동 팬 조절 / 대기전력 1W 미만 / 프리볼트 / 플랫케이블 / [변경사항] 23년 5월 커넥터 IDE+IDE 1줄, IDE+FDD 1줄 → IDE+IDE+IDE+FDD로 변경 닫기",https://img.danuri.io/catalog-image/909/557/010/753f44d4aa2047e196e39813a034783f.jpg?shrink=130:130&_v=20260921130743,https://prod.danawa.com/info/?pcode=10557909&cate=112777
63,마이크로닉스,마이크로닉스 Performance II PV RGB Sync 600W 80PLUS브론즈,"92,100","ATX 파워 / 600W / 80 PLUS 브론즈 / 케이블연결 : 케이블일체형 / 전압변동 : ±0.5% / +12V 싱글레일 / +12V 가용률 : 100% / 액티브PFC / PF(역률) : 99% / 120mm 팬 / 깊이 : 140mm / 무상 6년 / [커넥터] 메인전원 : 24핀(20+4) / 보조전원 : 8핀x1, 4핀x1 / PCIe 8핀(6+2) : 2개 / SATA : 6개 / IDE 4핀 : 4개 / FDD : 1개 / RGB : 1개 / [부가기능] 자동 팬 조절 / 프리볼트 / LED 라이트 닫기",https://img.danuri.io/catalog-image/151/537/006/db83f6d0db16484d86edc23cc00ae18d.jpg?shrink=130:130&_v=20260921102649,https://prod.danawa.com/info/?pcode=6537151&cate=112777
64,마이크로닉스,마이크로닉스 COOLMAX P-850W 80PLUS플래티넘 ATX3.0,"175,770",ATX 파워 / 850W / 80 PLUS 플래티넘 / 케이블연결 : 풀모듈러 / 전압변동 : ±1.3% / +12V 싱글레일 / +12V 가용률 : 100% / 액티브PFC / PF(역률) : 99% / 120mm 팬 / 깊이 : 140mm / 무상 10년 / [커넥터] 메인전원 : 24핀(20+4) / 보조전원 : (4+4)핀x1 / PCIe 16핀(12+4) : 12VHPWR 1개 / PCIe 8핀(6+2) : 2개 / SATA : 8개 / IDE 4핀 : 4개 / 팬리스모드 / 자동 팬 조절 / 대기전력 1W 미만 / 플랫케이블 닫기,https://img.danuri.io/catalog-image/018/961/019/eaa97c09f4ee4b6cbbd3f77c01ebd078.jpg?shrink=130:130&_v=20260921080456,https://prod.danawa.com/info/?pcode=19961018&cate=112777
65,마이크로닉스,마이크로닉스 ASTRO PLATINUM 1050W 풀모듈러,"232,860",ATX 파워 / 1050W / 80 PLUS 플래티넘 / 케이블연결 : 풀모듈러 / 전압변동 : ±0.5% / +12V 싱글레일 / +12V 가용률 : 100% / 액티브PFC / PF(역률) : 99% / 135mm 팬 / 깊이 : 180mm / 무상 10년 / [커넥터] 메인전원 : 24핀(20+4) / 보조전원 : (4+4)핀x2 / PCIe 8핀(6+2) : 8개 / SATA : 14개 / IDE 4핀 : 6개 / FDD : 1개 / [부가기능] 팬리스모드 / 대기전력 1W 미만 / 프리볼트 / 플랫케이블 / 16AWG 케이블 닫기,https://img.danuri.io/catalog-image/871/461/006/10400f72b21541de8e705a074ffa7954.jpg?shrink=130:130&_v=20260921102725,https://prod.danawa.com/info/?pcode=6461871&cate=112777
66,마이크로닉스,마이크로닉스 Performance II PV 500W 80PLUS브론즈 FDB,"89,000","ATX 파워 / 500W / 80 PLUS 브론즈 / 케이블연결 : 케이블일체형 / 전압변동 : ±0.5% / +12V 싱글레일 / +12V 가용률 : 100% / 액티브PFC / PF(역률) : 99% / 120mm 팬 / 깊이 : 140mm / 무상 6년 / [커넥터] 메인전원 : 24핀(20+4) / 보조전원 : 8핀x1, 4핀x1 / PCIe 8핀(6+2) : 2개 / SATA : 6개 / IDE 4핀 : 3개 / FDD : 1개 / [부가기능] 자동 팬 조절 / 대기전력 1W 미만 / 프리볼트 / 플랫케이블 / [변경사항] 23년 5월 커넥터 IDE+IDE 1줄, IDE+FDD 1줄 → IDE+IDE+IDE+FDD로 변경 닫기",https://img.danuri.io/catalog-image/825/557/010/c94fb6758cb948e29923db50e820b47a.jpg?shrink=130:130&_v=20260921081234,https://prod.danawa.com/info/?pcode=10557825&cate=112777
67,마이크로닉스,마이크로닉스 COOLMAX ELITE II 700W,"53,380","ATX 파워 / 700W / 전압변동 : ±0.4% / +12V 싱글레일 / +12V 가용률 : 100% / 120mm 팬 / 깊이 : 140mm / 무상 5년 / [커넥터] 메인전원 : 24핀(20+4) / 보조전원 : 8핀x1, (4+4)핀x1 / PCIe 8핀(6+2) : 4개 / SATA : 4개 / IDE 4핀 : 3개 / [부가기능] 대기전력 1W 미만 닫기",https://img.danuri.io/catalog-image/535/480/103/5c8247b74d664857ba301be6f80ba6fd.jpg?shrink=130:130&_v=20260921072438,https://prod.danawa.com/info/?pcode=103480535&cate=112777
68,마이크로닉스,마이크로닉스 ZERO PLUS 600W Active PFC,"56,180",ATX 파워 / 600W / 케이블연결 : 케이블일체형 / +12V 싱글레일 / +12V 가용률 : 90% / 액티브PFC / PF(역률) : 99% / 깊이 : 140mm / 무상 6년 / [커넥터] 메인전원 : 24핀(20+4) / 보조전원 : (4+4)핀x1 / PCIe 8핀(6+2) : 2개 / SATA : 5개 / IDE 4핀 : 3개 / FDD : 1개 / [부가기능] 대기전력 1W 미만 닫기,https://img.danuri.io/catalog-image/967/405/005/12ab7228289644d7942454825ce706f7.jpg?shrink=130:130&_v=20260921080609,https://prod.danawa.com/info/?pcode=5405967&cate=112777
69,마이크로닉스,마이크로닉스 ZERO PLUS 500W Active PFC,"47,770",ATX 파워 / 500W / 케이블연결 : 케이블일체형 / +12V 싱글레일 / +12V 가용률 : 90% / 액티브PFC / PF(역률) : 99% / 깊이 : 140mm / 무상 6년 / [커넥터] 메인전원 : 24핀(20+4) / 보조전원 : (4+4)핀x1 / PCIe 8핀(6+2) : 2개 / SATA : 5개 / IDE 4핀 : 3개 / FDD : 1개 / [부가기능] 대기전력 1W 미만 닫기,https://img.danuri.io/catalog-image/243/467/005/f95f583bfab24b9b9072b85331d893a9.jpg?shrink=130:130&_v=20260921080442,https://prod.danawa.com/info/?pcode=5467243&cate=112777
70,마이크로닉스,마이크로닉스 ZERO POWER 500W,"45,900",ATX 파워 / 500W / 케이블연결 : 케이블일체형 / +12V 싱글레일 / +12V 가용률 : 99% / 120mm 팬 / 무상 3년 / [커넥터] 메인전원 : 24핀(20+4) / 보조전원 : (4+4)핀x1 / PCIe 8핀(6+2) : 2개 / SATA : 5개 / IDE 4핀 : 3개 / FDD : 1개 / [부가기능] 대기전력 1W 미만 닫기,https://img.danuri.io/catalog-image/794/186/004/48f54f02231042f19f319f8e0e2030e7.jpg?shrink=130:130&_v=20260921080444,https://prod.danawa.com/info/?pcode=4186794&cate=112777
71,마이크로닉스,마이크로닉스 Classic II 600W 80PLUS 230V EU,"66,500","ATX 파워 / 600W / 80 PLUS 스탠다드 / 케이블연결 : 케이블일체형 / +12V 싱글레일 / +12V 가용률 : 90% / 액티브PFC / PF(역률) : 99% / 120mm 팬 / 깊이 : 140mm / 무상 6년 / [커넥터] 메인전원 : 24핀(20+4) / 보조전원 : 8핀x1, 4핀x1 / PCIe 8핀(6+2) : 2개 / SATA : 6개 / IDE 4핀 : 4개 / FDD : 1개 / [부가기능] 자동 팬 조절 / 대기전력 1W 미만 / 플랫케이블 닫기",https://img.danuri.io/catalog-image/750/928/001/5b2411de01024bc08c39e5b42013a8ec.jpg?shrink=130:130&_v=20260921080444,https://prod.danawa.com/info/?pcode=1928750&cate=112777
72,마이크로닉스,마이크로닉스 Classic II 풀체인지 800W 80PLUS브론즈 ATX3.1 화이트,"99,000","ATX 파워 / 800W / 80 PLUS 브론즈 / ETA인증 : SILVER / LAMBDA인증 : STANDARD+ / 전압변동 : ±0.6% / +12V 싱글레일 / +12V 가용률 : 100% / 액티브PFC / PF(역률) : 99% / 120mm 팬 / 깊이 : 140mm / 무상 7년 / [커넥터] 메인전원 : 24핀(20+4) / 보조전원 : 8핀x1, (4+4)핀x1 / PCIe 16핀(12+4) : 12V2x6 1개 / PCIe 8핀(6+2) : 2개 / SATA : 8개 / IDE 4핀 : 4개 / [부가기능] 팬리스모드 / 자동 팬 조절 / 대기전력 1W 미만 / 플랫케이블 닫기",https://img.danuri.io/catalog-image/029/124/050/2cbd04c377b745b69ec0c7bd79111c62.jpg?shrink=130:130&_v=20260921080609,https://prod.danawa.com/info/?pcode=50124029&cate=112777
73,마이크로닉스,마이크로닉스 Classic II 750W 80PLUS브론즈 230V EU HDB 핑크,"77,000","ATX 파워 / 750W / 80 PLUS 브론즈 / 케이블연결 : 케이블일체형 / +12V 싱글레일 / +12V 가용률 : 100% / 액티브PFC / PF(역률) : 99% / 120mm 팬 / 깊이 : 140mm / 무상 6년 / [커넥터] 메인전원 : 24핀(20+4) / 보조전원 : 8핀x1, (4+4)핀x1 / PCIe 8핀(6+2) : 4개 / SATA : 6개 / IDE 4핀 : 4개 / [부가기능] 팬리스모드 / 자동 팬 조절 / 대기전력 1W 미만 / 플랫케이블 / [변경사항] 23년 9월 8+4+4핀 2개 → 1개로 변경 닫기",https://img.danuri.io/catalog-image/742/901/010/9ac1660b89d04a6ca8dc800e5af735c6.jpg?shrink=130:130&_v=20260921080404,https://prod.danawa.com/info/?pcode=10901742&cate=112777
74,마이크로닉스,마이크로닉스 ASTRO II GD 1650W 80PLUS골드 풀모듈러 ATX3.0,"623,000",ATX 파워 / 1650W / 80 PLUS 골드 / 케이블연결 : 풀모듈러 / 전압변동 : ±0.3% / +12V 싱글레일 / +12V 가용률 : 100% / 액티브PFC / PF(역률) : 99% / 135mm 팬 / 깊이 : 180mm / 무상 10년 / [커넥터] 메인전원 : 24핀(20+4) / 보조전원 : (4+4)핀x2 / PCIe 16핀(12+4) : 12VHPWR 2개 / PCIe 8핀(6+2) : 6개 / SATA : 12개 / IDE 4핀 : 6개 / FDD : 1개 / [부가기능] 팬리스모드 / 자동 팬 조절 / 대기전력 1W 미만 / 프리볼트 / 플랫케이블 닫기,https://img.danuri.io/catalog-image/060/005/018/f47fa4dca72843c787d15b0ae591ab55.jpg?shrink=130:130&_v=20260921080443,https://prod.danawa.com/info/?pcode=18005060&cate=112777
75,마이크로닉스,마이크로닉스 Classic II 750W 80PLUS실버 모듈러 ATX3.1,"123,500","ATX 파워 / 750W / 80 PLUS 실버 / 케이블연결 : 세미모듈러 / 전압변동 : ±0.4% / +12V 싱글레일 / +12V 가용률 : 100% / 액티브PFC / PF(역률) : 99% / 깊이 : 140mm / 무상 7년 / [커넥터] 메인전원 : 24핀(20+4) / 보조전원 : 8핀x1, (4+4)핀x1 / PCIe 16핀(12+4) : 12V2x6 1개 / PCIe 8핀(6+2) : 2개 / SATA : 3개 / IDE 4핀 : 2개 / [부가기능] 팬리스모드 / 자동 팬 조절 / 대기전력 1W 미만 / 플랫케이블 닫기",https://img.danuri.io/catalog-image/360/232/088/e305fbee92644aefb781bdaeb58543ef.jpg?shrink=130:130&_v=20260921080609,https://prod.danawa.com/info/?pcode=88232360&cate=112777
76,마이크로닉스,마이크로닉스 Performance II PV 600W 80PLUS브론즈 Surge 4K,"98,000","ATX 파워 / 600W / 80 PLUS 브론즈 / 케이블연결 : 케이블일체형 / 전압변동 : ±0.5% / +12V 싱글레일 / +12V 가용률 : 100% / 액티브PFC / PF(역률) : 99% / 120mm 팬 / 무상 6년 / [커넥터] 메인전원 : 24핀(20+4) / 보조전원 : 8핀x1, 4핀x1 / PCIe 8핀(6+2) : 2개 / SATA : 6개 / IDE 4핀 : 4개 / FDD : 1개 / [부가기능] 대기전력 1W 미만 / 프리볼트 닫기",https://img.danuri.io/catalog-image/425/045/005/0be7288907434a27a576447932ecde7c.jpg?shrink=130:130&_v=20260921080609,https://prod.danawa.com/info/?pcode=5045425&cate=112777
77,마이크로닉스,마이크로닉스 Classic II 풀체인지 700W 80PLUS브론즈 230V EU,"86,900","ATX 파워 / 700W / 80 PLUS 브론즈 / 케이블연결 : 케이블일체형 / ETA인증 : BRONZE / LAMBDA인증 : STANDARD / 전압변동 : ±0.3% / +12V 싱글레일 / +12V 가용률 : 100% / 액티브PFC / PF(역률) : 99% / 120mm 팬 / 깊이 : 140mm / 무상 7년 / [커넥터] 메인전원 : 24핀(20+4) / 보조전원 : 8핀x1, (4+4)핀x1 / PCIe 16핀(12+4) : 12VHPWR 1개 / PCIe 8핀(6+2) : 2개 / SATA : 6개 / IDE 4핀 : 4개 / [부가기능] 팬리스모드 / 자동 팬 조절 / 대기전력 1W 미만 / 플랫케이블 / [변경사항] ※ 80PLUS 인증 등급 상향: 스탠다드→브론즈 / 무상 보증 기한 연장: 6년→7년 // 23년 5월 PCIE 6+2 (4개) → PCIE 6+2 (2개), 12VHPWR 12+4 (1개)로 변경 닫기",https://img.danuri.io/catalog-image/357/934/013/79813c1760144cb698bf408716affe68.jpg?shrink=130:130&_v=20260921144538,https://prod.danawa.com/info/?pcode=13934357&cate=112777
78,마이크로닉스,마이크로닉스 Classic II 1050W 80PLUS골드 230V EU 풀모듈러 화이트,"191,250","ATX 파워 / 1050W / 80 PLUS 골드 / 케이블연결 : 풀모듈러 / 전압변동 : ±0.1% / +12V 싱글레일 / +12V 가용률 : 100% / 액티브PFC / PF(역률) : 99% / 120mm 팬 / 깊이 : 140mm / 무상 10년 / [커넥터] 메인전원 : 24핀(20+4) / 보조전원 : 8핀x1, (4+4)핀x1 / PCIe 16핀(12+4) : 12VHPWR 1개 / PCIe 8핀(6+2) : 4개 / SATA : 8개 / IDE 4핀 : 4개 / FDD : 1개 / [부가기능] 팬리스모드 / 자동 팬 조절 / 수동 팬 조절 / 대기전력 1W 미만 / 플랫케이블 / [변경사항] 24년 8월 커넥터 8+4+4핀 2개, PCIe 8핀(6+2) 3개, SATA 10개 → 8+4+4핀 1개, PCIe 8핀(6+2) 4개, 12VHPWR 1개, SATA 8개로 변경 닫기",https://img.danuri.io/catalog-image/783/266/015/3e5a2310ee3540199419db898ac71b02.jpg?shrink=130:130&_v=20260921080458,https://prod.danawa.com/info/?pcode=15266783&cate=112777
79,마이크로닉스,마이크로닉스 WIZMAX 850W 80PLUS실버 ATX3.0,"106,400","ATX 파워 / 850W / 80 PLUS 실버 / 전압변동 : ±0.9% / +12V 싱글레일 / +12V 가용률 : 100% / 액티브PFC / PF(역률) : 99% / 120mm 팬 / 깊이 : 140mm / 무상 6년 / [커넥터] 메인전원 : 24핀(20+4) / 보조전원 : 8핀x1, (4+4)핀x1 / PCIe 16핀(12+4) : 12VHPWR 1개 / PCIe 8핀(6+2) : 2개 / SATA : 8개 / IDE 4핀 : 4개 / [부가기능] 자동 팬 조절 / 대기전력 1W 미만 / 프리볼트 / 플랫케이블 닫기",https://img.danuri.io/catalog-image/194/628/020/f364ddd809be4e3d9581a2749c770cd8.jpg?shrink=130:130&_v=20260921142624,https://prod.danawa.com/info/?pcode=20628194&cate=112777
80,마이크로닉스,마이크로닉스 WIZMAX 750W 80PLUS실버,"89,900","ATX 파워 / 750W / 80 PLUS 실버 / 케이블연결 : 케이블일체형 / 전압변동 : ±0.9% / +12V 싱글레일 / +12V 가용률 : 100% / 액티브PFC / PF(역률) : 99% / 120mm 팬 / 무상 6년 / [커넥터] 메인전원 : 24핀(20+4) / 보조전원 : 8핀x1, (4+4)핀x1 / PCIe 8핀(6+2) : 4개 / SATA : 6개 / IDE 4핀 : 4개 / [부가기능] 자동 팬 조절 / 대기전력 1W 미만 / 프리볼트 / 플랫케이블 닫기",https://img.danuri.io/catalog-image/254/741/018/7013ceee24da4cca8c583156dd22ba4c.jpg?shrink=130:130&_v=20260921080444,https://prod.danawa.com/info/?pcode=18741254&cate=112777
81,마이크로닉스,마이크로닉스 Classic II 700W 80PLUS 230V EU 화이트,"91,900","ATX 파워 / 700W / 80 PLUS 스탠다드 / 케이블연결 : 케이블일체형 / +12V 싱글레일 / +12V 가용률 : 90% / 액티브PFC / PF(역률) : 99% / 120mm 팬 / 깊이 : 150mm / 무상 6년 / [커넥터] 메인전원 : 24핀(20+4) / 보조전원 : 8핀x1, (4+4)핀x1 / PCIe 8핀(6+2) : 4개 / SATA : 6개 / IDE 4핀 : 4개 / FDD : 1개 / [부가기능] 자동 팬 조절 / 대기전력 1W 미만 / 플랫케이블 닫기",https://img.danuri.io/catalog-image/005/227/011/36d0f7a1a6dc4b82b130c68d5e7661b9.jpg?shrink=130:130&_v=20260921080454,https://prod.danawa.com/info/?pcode=11227005&cate=112777
82,마이크로닉스,마이크로닉스 Classic II 500W 80PLUS 230V EU,"59,000",ATX 파워 / 500W / 80 PLUS 스탠다드 / 케이블연결 : 케이블일체형 / +12V 싱글레일 / 액티브PFC / 120mm 팬 / 깊이 : 140mm / 무상 6년 / [커넥터] 메인전원 : 24핀(20+4) / PCIe 8핀(6+2) : 2개 / SATA : 6개 / IDE 4핀 : 3개 / [부가기능] 대기전력 1W 미만 / 플랫케이블 닫기,https://img.danuri.io/catalog-image/673/928/001/15eb4b335d5f420bb303d6dd126c2839.jpg?shrink=130:130&_v=20260921080443,https://prod.danawa.com/info/?pcode=1928673&cate=112777
83,마이크로닉스,마이크로닉스 Classic II 850W 80PLUS실버 모듈러 ATX3.1,"114,900","ATX 파워 / 850W / 80 PLUS 실버 / 케이블연결 : 세미모듈러 / 전압변동 : ±0.4% / +12V 싱글레일 / +12V 가용률 : 100% / 액티브PFC / PF(역률) : 99% / 깊이 : 140mm / 무상 7년 / [커넥터] 메인전원 : 24핀(20+4) / 보조전원 : 8핀x1, (4+4)핀x1 / PCIe 16핀(12+4) : 12V2x6 1개 / PCIe 8핀(6+2) : 2개 / SATA : 3개 / IDE 4핀 : 2개 / [부가기능] 팬리스모드 / 자동 팬 조절 / 대기전력 1W 미만 / 플랫케이블 닫기",https://img.danuri.io/catalog-image/459/232/088/2bec3e31480541c19bcbe57d492ab8a9.jpg?shrink=130:130&_v=20260921080443,https://prod.danawa.com/info/?pcode=88232459&cate=112777
84,마이크로닉스,마이크로닉스 WIZMAX 850W 80PLUS실버,"109,900","ATX 파워 / 850W / 80 PLUS 실버 / 케이블연결 : 케이블일체형 / 전압변동 : ±0.9% / +12V 싱글레일 / +12V 가용률 : 100% / 액티브PFC / PF(역률) : 99% / 120mm 팬 / 무상 6년 / [커넥터] 메인전원 : 24핀(20+4) / 보조전원 : 8핀x1, (4+4)핀x1 / PCIe 8핀(6+2) : 4개 / SATA : 8개 / IDE 4핀 : 4개 / [부가기능] 자동 팬 조절 / 대기전력 1W 미만 / 프리볼트 / 플랫케이블 닫기",https://img.danuri.io/catalog-image/287/741/018/64a85857adde40d4a541a99db58f2741.jpg?shrink=130:130&_v=20260921080444,https://prod.danawa.com/info/?pcode=18741287&cate=112777
85,마이크로닉스,마이크로닉스 Classic II 750W 80PLUS골드 230V EU,"129,000","ATX 파워 / 750W / 80 PLUS 골드 / 케이블연결 : 케이블일체형 / 전압변동 : ±0.4% / +12V 싱글레일 / +12V 가용률 : 100% / 액티브PFC / 120mm 팬 / 무상 7년 / [커넥터] 메인전원 : 24핀(20+4) / 보조전원 : 8핀x1, (4+4)핀x1 / PCIe 8핀(6+2) : 4개 / SATA : 6개 / IDE 4핀 : 4개 / FDD : 1개 / [부가기능] 자동 팬 조절 / 플랫케이블 닫기",https://img.danuri.io/catalog-image/910/046/015/555442f6dcdc4f979fd37878f4b77985.jpg?shrink=130:130&_v=20260921080444,https://prod.danawa.com/info/?pcode=15046910&cate=112777
86,마이크로닉스,마이크로닉스 ASTRO GD 750W 80PLUS골드 풀모듈러 FDB 화이트,"172,900",ATX 파워 / 750W / 80 PLUS 골드 / 케이블연결 : 풀모듈러 / +12V 싱글레일 / +12V 가용률 : 100% / 액티브PFC / PF(역률) : 99% / 135mm 팬 / 깊이 : 150mm / 무상 7년 / [커넥터] 메인전원 : 24핀(20+4) / 보조전원 : (4+4)핀x2 / PCIe 8핀(6+2) : 4개 / SATA : 8개 / IDE 4핀 : 4개 / FDD : 1개 / [부가기능] 자동 팬 조절 / 대기전력 1W 미만 / 프리볼트 / 플랫케이블 / LED 라이트 닫기,https://img.danuri.io/catalog-image/925/844/011/c3297fdf492148b8b1c760d0f58e0b22.jpg?shrink=130:130&_v=20260921080444,https://prod.danawa.com/info/?pcode=11844925&cate=112777
87,마이크로닉스,마이크로닉스 ASTRO GD 650W 80PLUS골드 풀모듈러 FDB 화이트,"114,430","ATX 파워 / 650W / 80 PLUS 골드 / 케이블연결 : 풀모듈러 / +12V 싱글레일 / +12V 가용률 : 100% / 액티브PFC / PF(역률) : 99% / 135mm 팬 / 깊이 : 160mm / 무상 7년 / [커넥터] 메인전원 : 24핀(20+4) / 보조전원 : 8핀x1, 4핀x1 / PCIe 8핀(6+2) : 4개 / SATA : 8개 / IDE 4핀 : 4개 / FDD : 1개 / [부가기능] 자동 팬 조절 / 대기전력 1W 미만 / 프리볼트 / 플랫케이블 닫기",https://img.danuri.io/catalog-image/562/000/016/fafd2ca9eeae43169e65d33884467e0d.jpg?shrink=130:130&_v=20260921080622,https://prod.danawa.com/info/?pcode=16000562&cate=112777
88,마이크로닉스,마이크로닉스 COOLMAX FOCUS II 800W ETA BRONZE,"82,700","ATX 파워 / 800W / 케이블연결 : 케이블일체형 / ETA인증 : BRONZE / LAMBDA인증 : STANDARD+ / +12V 싱글레일 / 액티브PFC / PF(역률) : 99% / 120mm 팬 / 깊이 : 140mm / 무상 5년 / [커넥터] 메인전원 : 24핀(20+4) / 보조전원 : 8핀x1, 4핀x1 / PCIe 8핀(6+2) : 4개 / SATA : 5개 / IDE 4핀 : 3개 / [부가기능] 대기전력 1W 미만 / 플랫케이블 닫기",https://img.danuri.io/catalog-image/878/052/017/7ea912ffdbe0424999a3a00962c5711b.jpg?shrink=130:130&_v=20260921080444,https://prod.danawa.com/info/?pcode=17052878&cate=112777
89,마이크로닉스,마이크로닉스 COOLMAX FOCUS II 700W ETA BRONZE PCIE5.1,"68,000","ATX 파워 / 700W / ETA인증 : BRONZE / LAMBDA인증 : STANDARD / +12V 싱글레일 / 액티브PFC / PF(역률) : 99% / 120mm 팬 / 깊이 : 140mm / 무상 5년 / [커넥터] 메인전원 : 24핀(20+4) / 보조전원 : 8핀x1, 4핀x1 / PCIe 16핀(12+4) : 12V2x6 1개 / PCIe 8핀(6+2) : 2개 / SATA : 5개 / IDE 4핀 : 3개 / [부가기능] 대기전력 1W 미만 / 플랫케이블 / [변경사항] 24년 7월 PCIe 16핀 12VHPWR 1개 → 12V2x6 1개로 변경 닫기",https://img.danuri.io/catalog-image/086/010/020/1189afeb91b34502aaf768878b363fa1.jpg?shrink=130:130&_v=20260921080458,https://prod.danawa.com/info/?pcode=20010086&cate=112777
90,마이크로닉스,마이크로닉스 COOLMAX FOCUS II 900W ETA SILVER PCIE5,"90,400","ATX 파워 / 900W / ETA인증 : SILVER / LAMBDA인증 : STANDARD / +12V 싱글레일 / +12V 가용률 : 100% / 액티브PFC / PF(역률) : 99% / 140mm 팬 / 깊이 : 150mm / 무상 5년 / [커넥터] 메인전원 : 24핀(20+4) / 보조전원 : 8핀x1, (4+4)핀x1 / PCIe 16핀(12+4) : 12VHPWR 1개 / PCIe 8핀(6+2) : 4개 / SATA : 6개 / IDE 4핀 : 3개 / [부가기능] 대기전력 1W 미만 / 플랫케이블 닫기",https://img.danuri.io/catalog-image/693/009/020/03bc6589c507461fa66a852a30effc5f.jpg?shrink=130:130&_v=20260921142539,https://prod.danawa.com/info/?pcode=20009693&cate=112777
91,마이크로닉스,마이크로닉스 COOLMAX FOCUS II 700W ETA BRONZE,"72,500","ATX 파워 / 700W / 케이블연결 : 케이블일체형 / ETA인증 : BRONZE / LAMBDA인증 : STANDARD / +12V 싱글레일 / 액티브PFC / PF(역률) : 99% / 120mm 팬 / 깊이 : 140mm / 무상 5년 / [커넥터] 메인전원 : 24핀(20+4) / 보조전원 : 8핀x1, 4핀x1 / PCIe 8핀(6+2) : 4개 / SATA : 5개 / IDE 4핀 : 3개 / [부가기능] 대기전력 1W 미만 / 플랫케이블 닫기",https://img.danuri.io/catalog-image/830/052/017/7bd2c64e7c8a41ee953610f6447fa25b.jpg?shrink=130:130&_v=20260920080519,https://prod.danawa.com/info/?pcode=17052830&cate=112777
92,마이크로닉스,마이크로닉스 COOLMAX FOCUS II 800W ETA BRONZE PCIE5.1,"82,700","ATX 파워 / 800W / ETA인증 : BRONZE / LAMBDA인증 : STANDARD+ / +12V 싱글레일 / 액티브PFC / PF(역률) : 99% / 120mm 팬 / 깊이 : 140mm / 무상 5년 / [커넥터] 메인전원 : 24핀(20+4) / 보조전원 : 8핀x1, 4핀x1 / PCIe 16핀(12+4) : 12V2x6 1개 / PCIe 8핀(6+2) : 2개 / SATA : 5개 / IDE 4핀 : 3개 / [부가기능] 대기전력 1W 미만 / 플랫케이블 / [변경사항] 24년 7월 PCIe 16핀 12VHPWR 1개 → 12V2x6 1개로 변경 닫기",https://img.danuri.io/catalog-image/002/010/020/2cc6d167d5084bdcbb859aea0fa00cac.jpg?shrink=130:130&_v=20260921080458,https://prod.danawa.com/info/?pcode=20010002&cate=112777
93,마이크로닉스,마이크로닉스 CASLON M 850W 80PLUS실버 모듈러 ATX3.0,"116,900","ATX 파워 / 850W / 80 PLUS 실버 / 케이블연결 : 세미모듈러 / 전압변동 : ±0.4% / +12V 싱글레일 / 액티브PFC / PF(역률) : 99% / 120mm 팬 / 깊이 : 140mm / 무상 6년 / [커넥터] 메인전원 : 24핀(20+4) / 보조전원 : 8핀x1, (4+4)핀x1 / PCIe 16핀(12+4) : 12VHPWR 1개 / PCIe 8핀(6+2) : 2개 / SATA : 8개 / IDE 4핀 : 4개 / FDD : 1개 / [부가기능] 팬리스모드 / 자동 팬 조절 / 대기전력 1W 미만 / 플랫케이블 닫기",https://img.danuri.io/catalog-image/696/084/029/828233d927954cd5b19e2885bc838c63.jpg?shrink=130:130&_v=20260920080523,https://prod.danawa.com/info/?pcode=29084696&cate=112777
94,마이크로닉스,마이크로닉스 CASLON M 750W 80PLUS실버 모듈러 ATX3.0,"99,000","ATX 파워 / 750W / 80 PLUS 실버 / 케이블연결 : 세미모듈러 / 전압변동 : ±0.4% / +12V 싱글레일 / 액티브PFC / PF(역률) : 99% / 120mm 팬 / 깊이 : 140mm / 무상 6년 / [커넥터] 메인전원 : 24핀(20+4) / 보조전원 : 8핀x1, (4+4)핀x1 / PCIe 16핀(12+4) : 12VHPWR 1개 / PCIe 8핀(6+2) : 2개 / SATA : 6개 / IDE 4핀 : 4개 / FDD : 1개 / [부가기능] 팬리스모드 / 자동 팬 조절 / 대기전력 1W 미만 / 플랫케이블 닫기",https://img.danuri.io/catalog-image/194/082/029/1231a72494bf49bfac6f7a924da23fb1.jpg?shrink=130:130&_v=20260921080444,https://prod.danawa.com/info/?pcode=29082194&cate=112777
95,마이크로닉스,마이크로닉스 Performance II PV 500W 80PLUS브론즈 Surge 4K,"89,000","ATX 파워 / 500W / 80 PLUS 브론즈 / 케이블연결 : 케이블일체형 / 전압변동 : ±0.5% / +12V 싱글레일 / +12V 가용률 : 100% / 액티브PFC / PF(역률) : 99% / 120mm 팬 / 무상 6년 / [커넥터] 메인전원 : 24핀(20+4) / 보조전원 : 8핀x1, 4핀x1 / PCIe 8핀(6+2) : 2개 / SATA : 6개 / IDE 4핀 : 3개 / FDD : 1개 / [부가기능] 대기전력 1W 미만 / 프리볼트 닫기",https://img.danuri.io/catalog-image/394/045/005/2a19e6cc2d01442a9bf50fbfe7201c05.jpg?shrink=130:130&_v=20260921042752,https://prod.danawa.com/info/?pcode=5045394&cate=112777
96,마이크로닉스,마이크로닉스 Performance II HV 850W Bronze,"164,000","ATX 파워 / 850W / 80 PLUS 브론즈 / 케이블연결 : 세미모듈러 / +12V 싱글레일 / +12V 가용률 : 99% / 액티브PFC / PF(역률) : 99% / 135mm 팬 / 깊이 : 160mm / 무상 6년 / [커넥터] 메인전원 : 24핀(20+4) / 보조전원 : 8핀x1, (4+4)핀x1 / PCIe 8핀(6+2) : 6개 / SATA : 10개 / IDE 4핀 : 5개 / FDD : 1개 / [부가기능] 자동 팬 조절 / 대기전력 1W 미만 / 프리볼트 / [변경사항] 2019년 10월 AS 기간 변경 (무상 3년 -> 무상 6년) 닫기",https://img.danuri.io/catalog-image/154/071/003/d2c12ebbba26444ab56a84881a5002ad.jpg?shrink=130:130&_v=20260921080458,https://prod.danawa.com/info/?pcode=3071154&cate=112777
97,마이크로닉스,마이크로닉스 Classic II 650W 80PLUS브론즈 230V EU HDB 핑크,"79,570","ATX 파워 / 650W / 80 PLUS 브론즈 / 케이블연결 : 케이블일체형 / +12V 싱글레일 / +12V 가용률 : 100% / 액티브PFC / PF(역률) : 99% / 120mm 팬 / 깊이 : 140mm / 무상 6년 / [커넥터] 메인전원 : 24핀(20+4) / 보조전원 : 8핀x1, 4핀x1 / PCIe 8핀(6+2) : 2개 / SATA : 6개 / IDE 4핀 : 4개 / [부가기능] 팬리스모드 / 자동 팬 조절 / 대기전력 1W 미만 / 플랫케이블 닫기",https://img.danuri.io/catalog-image/664/901/010/0bec1b7617f6439095c4a60e5dde0d0f.jpg?shrink=130:130&_v=20260921080442,https://prod.danawa.com/info/?pcode=10901664&cate=112777
98,마이크로닉스,마이크로닉스 Classic II 750W 80PLUS브론즈 230V EU HDB,"101,970","ATX 파워 / 750W / 80 PLUS 브론즈 / 케이블연결 : 케이블일체형 / +12V 싱글레일 / +12V 가용률 : 100% / 액티브PFC / PF(역률) : 99% / 120mm 팬 / 깊이 : 140mm / 무상 6년 / [커넥터] 메인전원 : 24핀(20+4) / 보조전원 : 8핀x1, (4+4)핀x1 / PCIe 8핀(6+2) : 4개 / SATA : 6개 / IDE 4핀 : 4개 / FDD : 1개 / [부가기능] 팬리스모드 / 자동 팬 조절 / 대기전력 1W 미만 / 플랫케이블 / [변경사항] 23년 9월 8+4+4핀 2개 → 1개로 변경 닫기",https://img.danuri.io/catalog-image/622/326/009/4d9a7e6b72c6454dbc9c4adbc1dd353f.jpg?shrink=130:130&_v=20260921142538,https://prod.danawa.com/info/?pcode=9326622&cate=112777
99,마이크로닉스,마이크로닉스 COOLMAX BASIC 500W,"42,900",ATX 파워 / 500W / 전압변동 : ±0.3% / +12V 싱글레일 / +12V 가용률 : 100% / 120mm 팬 / 깊이 : 140mm / 무상 5년 / [커넥터] 메인전원 : 24핀(20+4) / 보조전원 : (4+4)핀x1 / PCIe 8핀(6+2) : 1개 / SATA : 2개 / IDE 4핀 : 2개 / [부가기능] 대기전력 1W 미만 / 플랫케이블 닫기,https://img.danuri.io/catalog-image/566/082/077/3dc5312be9924ba4bedbedd922d0c756.jpg?shrink=130:130&_v=20260919080417,https://prod.danawa.com/info/?pcode=77082566&cate=112777
100,마이크로닉스,마이크로닉스 Performance II PV 700W 80PLUS브론즈 Surge 4K,"135,000","ATX 파워 / 700W / 80 PLUS 브론즈 / 케이블연결 : 케이블일체형 / 전압변동 : ±0.5% / +12V 싱글레일 / +12V 가용률 : 100% / 액티브PFC / PF(역률) : 99% / 120mm 팬 / 깊이 : 140mm / 무상 6년 / [커넥터] 메인전원 : 24핀(20+4) / 보조전원 : 8핀x1, 4핀x1 / PCIe 8핀(6+2) : 4개 / SATA : 6개 / IDE 4핀 : 4개 / FDD : 1개 / [부가기능] 대기전력 1W 미만 / 프리볼트 닫기",https://img.danuri.io/catalog-image/444/045/005/db0cf6f2b830483bbc8a219ca87f730d.jpg?shrink=130:130&_v=20260920080509,https://prod.danawa.com/info/?pcode=5045444&cate=112777
101,마이크로닉스,마이크로닉스 COOLMAX FOCUS PRO 600W 80PLUS 230V EU,"50,000",ATX 파워 / 600W / 80 PLUS 스탠다드 / 케이블연결 : 케이블일체형 / +12V 싱글레일 / +12V 가용률 : 92% / 액티브PFC / PF(역률) : 99% / 120mm 팬 / 무상 5년 / [커넥터] 메인전원 : 24핀(20+4) / 보조전원 : (4+4)핀x1 / PCIe 8핀(6+2) : 2개 / SATA : 4개 / IDE 4핀 : 3개 / [부가기능] 대기전력 1W 미만 / 플랫케이블 닫기,https://img.danuri.io/catalog-image/271/585/013/500dd4b785ba4c65b684a7b3eab0eba3.jpg?shrink=130:130&_v=20260921080609,https://prod.danawa.com/info/?pcode=13585271&cate=112777
102,마이크로닉스,마이크로닉스 Classic II 600W 80PLUS 230V EU 화이트,"99,000","ATX 파워 / 600W / 80 PLUS 스탠다드 / 케이블연결 : 케이블일체형 / +12V 싱글레일 / +12V 가용률 : 90% / 액티브PFC / PF(역률) : 99% / 120mm 팬 / 깊이 : 150mm / 무상 6년 / [커넥터] 메인전원 : 24핀(20+4) / 보조전원 : 8핀x1, 4핀x1 / PCIe 8핀(6+2) : 2개 / SATA : 6개 / IDE 4핀 : 4개 / FDD : 1개 / [부가기능] 자동 팬 조절 / 대기전력 1W 미만 / 플랫케이블 닫기",https://img.danuri.io/catalog-image/927/226/011/b3bde3c2eb774df5b4c107a8719204b3.jpg?shrink=130:130&_v=20260921080443,https://prod.danawa.com/info/?pcode=11226927&cate=112777
103,마이크로닉스,마이크로닉스 COOLMAX VISION 600W HDB,"105,000",ATX 파워 / 600W / 케이블연결 : 케이블일체형 / +12V 싱글레일 / +12V 가용률 : 99% / 120mm 팬 / 깊이 : 140mm / 무상 5년 / [커넥터] 메인전원 : 24핀(20+4) / 보조전원 : (4+4)핀x1 / PCIe 8핀(6+2) : 2개 / SATA : 4개 / IDE 4핀 : 3개 / [부가기능] 자동 팬 조절 / 벌크 여부 확인요망 닫기,https://img.danuri.io/catalog-image/481/076/012/50f54cf80c8b438fadcf3eda92799a67.jpg?shrink=130:130&_v=20260921080404,https://prod.danawa.com/info/?pcode=12076481&cate=112777
104,마이크로닉스,마이크로닉스 COOLMAX VISION 700W HDB,"125,000",ATX 파워 / 700W / 케이블연결 : 케이블일체형 / +12V 싱글레일 / +12V 가용률 : 99% / 120mm 팬 / 깊이 : 140mm / 무상 5년 / [커넥터] 메인전원 : 24핀(20+4) / 보조전원 : (4+4)핀x1 / PCIe 8핀(6+2) : 4개 / SATA : 4개 / IDE 4핀 : 3개 / [부가기능] 자동 팬 조절 닫기,https://img.danuri.io/catalog-image/526/076/012/eb0c8c7748d44df0a69668921e4dfa27.jpg?shrink=130:130&_v=20260916080502,https://prod.danawa.com/info/?pcode=12076526&cate=112777
105,마이크로닉스,마이크로닉스 Classic II 500W +12V Single Rail (중고),"15,900","ATX 파워 / 500W / 80 PLUS 스탠다드 / 케이블연결 : 케이블일체형 / +12V 싱글레일 / +12V 가용률 : 85% / 액티브PFC / PF(역률) : 99% / 120mm 팬 / 무상 3년 / [커넥터] 메인전원 : 24핀(20+4) / 보조전원 : 8핀x1, 4핀x1 / PCIe 8핀(6+2) : 2개 / SATA : 6개 / IDE 4핀 : 3개 / FDD : 1개 / [부가기능] 자동 팬 조절 / 대기전력 1W 미만 / 벌크 / 구매 시 확인 요망 닫기",https://img.danuri.io/catalog-image/244/743/123/9e4409ec659742af896d4fee762ade7b.jpg?shrink=130:130&_v=20260921080609,https://prod.danawa.com/info/?pcode=123743244&cate=112777
106,마이크로닉스,마이크로닉스 Classic II 700W 80PLUS 230V EU (중고),"34,990","ATX 파워 / 700W / 80 PLUS 스탠다드 / 케이블연결 : 케이블일체형 / +12V 싱글레일 / +12V 가용률 : 90% / 액티브PFC / PF(역률) : 99% / 120mm 팬 / 깊이 : 140mm / [커넥터] 메인전원 : 24핀(20+4) / 보조전원 : 8핀x1, (4+4)핀x1 / PCIe 8핀(6+2) : 4개 / SATA : 6개 / IDE 4핀 : 4개 / FDD : 1개 / [부가기능] 자동 팬 조절 / 대기전력 1W 미만 / 플랫케이블 닫기",https://img.danuri.io/catalog-image/028/380/014/cc11eab1f4e94f57b255199dbb173a22.jpg?shrink=130:130&_v=20260921080457,https://prod.danawa.com/info/?pcode=14380028&cate=112777
107,마이크로닉스,마이크로닉스 Classic II 600W 80PLUS 230V EU (중고),"26,000","ATX 파워 / 600W / 80 PLUS 스탠다드 / 케이블연결 : 케이블일체형 / +12V 싱글레일 / +12V 가용률 : 90% / 액티브PFC / PF(역률) : 99% / 120mm 팬 / 깊이 : 140mm / [커넥터] 메인전원 : 24핀(20+4) / 보조전원 : 8핀x1, 4핀x1 / PCIe 8핀(6+2) : 2개 / SATA : 6개 / IDE 4핀 : 4개 / FDD : 1개 / [부가기능] 대기전력 1W 미만 닫기",https://img.danuri.io/catalog-image/013/380/014/0b13c8bacd9849509dcaa59ec1fa5098.jpg?shrink=130:130&_v=20260921080444,https://prod.danawa.com/info/?pcode=14380013&cate=112777
108,마이크로닉스,마이크로닉스 Cyclone III 600W After Cooling (중고),"24,490",ATX 파워 / 600W / 케이블연결 : 케이블일체형 / +12V 싱글레일 / +12V 가용률 : 99% / 120mm 팬 / 깊이 : 140mm / [커넥터] 메인전원 : 24핀 / 보조전원 : (4+4)핀x1 / PCIe 8핀(6+2) : 2개 / SATA : 5개 / IDE 4핀 : 3개 / FDD : 1개 / [부가기능] 대기전력 1W 미만 닫기,https://img.danuri.io/catalog-image/549/911/015/abdb4b07bc004e3898571d6b27ee1e13.jpg?shrink=130:130&_v=20260921080456,https://prod.danawa.com/info/?pcode=15911549&cate=112777
109,마이크로닉스,마이크로닉스 Classic II 500W 80PLUS 230V EU (중고),"18,900",ATX 파워 / 500W / 80 PLUS 스탠다드 / 케이블연결 : 케이블일체형 / +12V 싱글레일 / 액티브PFC / 120mm 팬 / 깊이 : 140mm / [커넥터] 메인전원 : 24핀(20+4) / PCIe 8핀(6+2) : 2개 / SATA : 6개 / IDE 4핀 : 3개 / [부가기능] 대기전력 1W 미만 / 플랫케이블 닫기,https://img.danuri.io/catalog-image/944/155/016/5f01b1fd71ac459f951da0838440cf20.jpg?shrink=130:130&_v=20260921080443,https://prod.danawa.com/info/?pcode=16155944&cate=112777
110,마이크로닉스,마이크로닉스 WIZMAX G-850W 80PLUS골드 ATX3.1 (중고),"145,350",ATX 파워 / 850W / 80 PLUS 골드 / 케이블연결 : 풀모듈러 / ETA인증 : PLATINUM / LAMBDA인증 : A+ / 전압변동 : ±0.6% / +12V 싱글레일 / +12V 가용률 : 100% / 액티브PFC / PF(역률) : 99% / 140mm 팬 / 깊이 : 150mm / 무상 10년 / [커넥터] 메인전원 : 24핀(20+4) / 보조전원 : (4+4)핀x2 / PCIe 16핀(12+4) : 12V2x6 1개 / PCIe 8핀(6+2) : 3개 / SATA : 8개 / IDE 4핀 : 4개 / [부가기능] 팬리스모드 / 자동 팬 조절 / 대기전력 1W 미만 / 프리볼트 닫기,https://img.danuri.io/catalog-image/977/670/122/069838ffef3a4c1d8238ec44f0f0eb53.jpg?shrink=130:130&_v=20260921080444,https://prod.danawa.com/info/?pcode=122670977&cate=112777
111,마이크로닉스,마이크로닉스 WIZMAX 1050W 80PLUS플래티넘 풀모듈러 ATX3.1 (중고),"189,950",ATX 파워 / 1050W / 80 PLUS 플래티넘 / 케이블연결 : 풀모듈러 / ETA인증 : TITANIUM / LAMBDA인증 : STANDARD++ / 전압변동 : ±0.4% / +12V 싱글레일 / +12V 가용률 : 100% / 액티브PFC / PF(역률) : 99% / 120mm 팬 / 깊이 : 140mm / 무상 10년 / [커넥터] 메인전원 : 24핀(20+4) / 보조전원 : (4+4)핀x2 / PCIe 16핀(12+4) : 12V2x6 1개 / PCIe 8핀(6+2) : 3개 / SATA : 12개 / IDE 4핀 : 4개 / FDD : 1개 / [부가기능] 팬리스모드 / 자동 팬 조절 / 대기전력 1W 미만 / 프리볼트 / 플랫케이블 닫기,https://img.danuri.io/catalog-image/967/671/122/4f71b8abe4544ec0a68b6c3bfe142817.jpg?shrink=130:130&_v=20260921080455,https://prod.danawa.com/info/?pcode=122671967&cate=112777
112,마이크로닉스,마이크로닉스 Classic II 700W 80PLUS 230V EU 벌크,"74,670","ATX 파워 / 700W / 80 PLUS 스탠다드 / 케이블연결 : 케이블일체형 / +12V 싱글레일 / +12V 가용률 : 90% / 액티브PFC / PF(역률) : 99% / 120mm 팬 / 깊이 : 140mm / 무상 6년 / [커넥터] 메인전원 : 24핀(20+4) / 보조전원 : 8핀x1, (4+4)핀x2 / PCIe 8핀(6+2) : 4개 / SATA : 6개 / IDE 4핀 : 4개 / FDD : 1개 / [부가기능] 자동 팬 조절 / 대기전력 1W 미만 / 플랫케이블 닫기",https://img.danuri.io/catalog-image/924/061/013/0947f4868d324eeaaecab1b831742408.jpg?shrink=130:130&_v=20260921080442,https://prod.danawa.com/info/?pcode=13061924&cate=112777
113,마이크로닉스,마이크로닉스 The Classic II 600W +12V Single Rail 85+ (중고),"29,000",ATX파워 / 600W / 무상 3년 / [커넥터] 메인전원 : 24핀(20+4) / 보조전원 : 8+4핀 1개 닫기,https://img.danuri.io/catalog-image/269/072/116/47f447fe23b44e8fba98aa883c2f5b82.jpg?shrink=130:130&_v=20260921080622,https://prod.danawa.com/info/?pcode=116072269&cate=112777
114,마이크로닉스,마이크로닉스 COOLMAX FOCUS 600W 80Plus 230V EU (중고),"32,000",ATX 파워 / 600W / 80 PLUS 스탠다드 / 케이블연결 : 케이블일체형 / +12V 다중레일 / +12V 가용률 : 91% / 액티브PFC / 120mm 팬 / [커넥터] 메인전원 : 24핀(20+4) / 보조전원 : (4+4)핀x1 / PCIe 8핀(6+2) : 2개 / SATA : 4개 / IDE 4핀 : 3개 / [부가기능] 대기전력 1W 미만 닫기,https://img.danuri.io/catalog-image/537/903/014/9e81ed8d9af14ce18116478acdd17d53.jpg?shrink=130:130&_v=20260921080442,https://prod.danawa.com/info/?pcode=14903537&cate=112777
115,마이크로닉스,마이크로닉스 Performance 500W 80Plus 스탠다드 (중고),"26,000","ATX파워 / 500W / 80 PLUS 스탠다드 / 무상 3년 / [커넥터] 메인전원 : 24핀(20+4) / 보조전원 : 4핀 1개 , 8핀 1개 닫기",https://img.danuri.io/catalog-image/816/958/114/85a933e7c5114c45bb13f2f25b211a78.gif?shrink=130:130&_v=20260911080511,https://prod.danawa.com/info/?pcode=114958816&cate=112777
116,마이크로닉스,마이크로닉스 COOLMAX VISION II 800W (중고),"55,740",ATX 파워 / 800W / 케이블연결 : 케이블일체형 / 전압변동 : ±1% / +12V 싱글레일 / +12V 가용률 : 100% / 120mm 팬 / 깊이 : 140mm / 무상 5년 / [커넥터] 메인전원 : 24핀(20+4) / 보조전원 : (4+4)핀x1 / PCIe 8핀(6+2) : 4개 / SATA : 6개 / IDE 4핀 : 4개 / [부가기능] 대기전력 1W 미만 닫기,https://img.danuri.io/catalog-image/458/743/123/6cc3444f40364fa4a0ef8d108d92cc1b.jpg?shrink=130:130&_v=20260921080609,https://prod.danawa.com/info/?pcode=123743458&cate=112777
117,마이크로닉스,마이크로닉스 쿨맥스 FOCUS 600W 80Plus 230V EU (중고),"50,000",ATX파워 / 600W / 무상 3년 / [커넥터] 메인전원 : 24핀(20+4) / 보조전원 : 8핀(4+4) 1개 닫기,https://img.danuri.io/catalog-image/318/043/114/2c165457af96414d8b874262e9722bd7.jpg?shrink=130:130&_v=20260917080701,https://prod.danawa.com/info/?pcode=114043318&cate=112777
118,SuperFlower,SuperFlower SF-1000F14GE LEADEX III GOLD UP ATX3.1,"186,000",ATX 파워 / 1000W / 80 PLUS 골드 / 케이블연결 : 풀모듈러 / 전압변동 : ±0.5% / +12V 싱글레일 / +12V 가용률 : 99% / 액티브PFC / PF(역률) : 99% / 140mm 팬 / 깊이 : 150mm / 무상 10년 / [커넥터] 메인전원 : 24핀(20+4) / 보조전원 : (4+4)핀x2 / PCIe 16핀(12+4) : 12V2x6 1개 / PCIe 8핀(6+2) : 4개 / SATA : 8개 / IDE 4핀 : 4개 / [부가기능] 팬리스모드 / 자동 팬 조절 / 프리볼트 / 플랫케이블 닫기,https://img.danuri.io/catalog-image/725/468/069/f035d43b50674bab9c044d1756b739a3.jpeg?shrink=130:130&_v=20260921110339,https://prod.danawa.com/info/?pcode=69468725&cate=112777
119,SuperFlower,SuperFlower SF-850F14XG LEADEX VII GOLD ATX3.1,"192,000",ATX 파워 / 850W / 80 PLUS 골드 / 케이블연결 : 풀모듈러 / ETA인증 : PLATINUM / LAMBDA인증 : A / +12V 싱글레일 / +12V 가용률 : 99% / 액티브PFC / PF(역률) : 99% / 140mm / 깊이 : 150mm / 무상 10년 / [커넥터] 메인전원 : 24핀(20+4) / 보조전원 : (4+4)핀x2 / PCIe 16핀(12+4) : 12V2x6 1개 / PCIe 8핀(6+2) : 3개 / SATA : 12개 / IDE 4핀 : 4개 / [부가기능] 팬리스모드 / 자동 팬 조절 / 프리볼트 / 플랫케이블 / [변경사항] 24년 10월 ATX3.1지원하여 변경 닫기,https://img.danuri.io/catalog-image/990/057/020/05f1cb865c7849f6a8d62620214fbe50.jpg?shrink=130:130&_v=20260921143818,https://prod.danawa.com/info/?pcode=20057990&cate=112777
120,SuperFlower,SuperFlower SF-1000F14XG LEADEX VII GOLD ATX3.1,"219,150",ATX 파워 / 1000W / 80 PLUS 골드 / 케이블연결 : 풀모듈러 / ETA인증 : PLATINUM / LAMBDA인증 : A- / +12V 싱글레일 / +12V 가용률 : 99% / 액티브PFC / PF(역률) : 99% / 140mm / 깊이 : 150mm / 무상 10년 / [커넥터] 메인전원 : 24핀(20+4) / 보조전원 : (4+4)핀x2 / PCIe 16핀(12+4) : 12VHPWR 1개 / PCIe 8핀(6+2) : 4개 / SATA : 12개 / IDE 4핀 : 4개 / [부가기능] 팬리스모드 / 자동 팬 조절 / 프리볼트 / 플랫케이블 / [변경사항] 24년 10월 ATX3.1지원하여 변경 닫기,https://img.danuri.io/catalog-image/756/057/020/79bc89a790544c2a81f2bccbd578bb6e.jpeg?shrink=130:130&_v=20260921110124,https://prod.danawa.com/info/?pcode=20057756&cate=112777
121,SuperFlower,SuperFlower SF-1200F14XP LEADEX VII PRO PLATINUM 블랙 ATX3.1,"283,060",ATX 파워 / 1200W / 80 PLUS 플래티넘 / 케이블연결 : 풀모듈러 / ETA인증 : PLATINUM / LAMBDA인증 : STANDARD+ / 140mm / 깊이 : 150mm / 무상 12년 / [커넥터] 메인전원 : 24핀(20+4) / 보조전원 : (4+4)핀x2 / PCIe 16핀(12+4) : 12V2x6 2개 / PCIe 8핀(6+2) : 4개 / SATA : 12개 / IDE 4핀 : 4개 / [부가기능] 팬리스모드 / 프리볼트 / [변경사항] 24년 3월 ATX 3.0 → ATX 3.1 인증추가로 변경 / 24년 6월 A/S 보증기간 10년 → 12년으로 변경 / 25년 1월 PCIe 16핀(12+4) 12V2x6 1개→12V2x6 2개로 변경 닫기,https://img.danuri.io/catalog-image/043/038/032/78d52aa435524339ade8d79d8e8eadd5.jpg?shrink=130:130&_v=20260921131034,https://prod.danawa.com/info/?pcode=32038043&cate=112777
122,SuperFlower,SuperFlower SF-1200F14XP LEADEX VII PRO PLATINUM 화이트 ATX3.1,"291,490",ATX 파워 / 1200W / 80 PLUS 플래티넘 / 케이블연결 : 풀모듈러 / ETA인증 : PLATINUM / LAMBDA인증 : STANDARD+ / 140mm / 깊이 : 150mm / 무상 12년 / [커넥터] 메인전원 : 24핀(20+4) / 보조전원 : (4+4)핀x2 / PCIe 16핀(12+4) : 12V2x6 2개 / PCIe 8핀(6+2) : 4개 / SATA : 12개 / IDE 4핀 : 4개 / [부가기능] 팬리스모드 / 프리볼트 / [변경사항] 24년 6월 A/S 보증기간 10년 → 12년으로 변경 / 25년 1월 PCIe 16핀(12+4) 12V2x6 1개→12V2x6 2개로 변경 닫기,https://img.danuri.io/catalog-image/162/091/049/a162b1a906e04579884d10ad4a35b5b8.jpg?shrink=130:130&_v=20260921130444,https://prod.danawa.com/info/?pcode=49091162&cate=112777
123,SuperFlower,SuperFlower SF-1000F14XP LEADEX VII PRO PLATINUM 블랙 ATX3.1,"253,190",ATX 파워 / 1000W / 80 PLUS 플래티넘 / 케이블연결 : 풀모듈러 / ETA인증 : PLATINUM / LAMBDA인증 : STANDARD++ / 140mm / 깊이 : 150mm / 무상 12년 / [커넥터] 메인전원 : 24핀(20+4) / 보조전원 : (4+4)핀x2 / PCIe 16핀(12+4) : 12V2x6 1개 / PCIe 8핀(6+2) : 4개 / SATA : 12개 / IDE 4핀 : 4개 / [부가기능] 팬리스모드 / 프리볼트 / [변경사항] 24년 3월 ATX 3.0 → ATX 3.1 인증추가로 변경 / PCIe 16핀(12+4) 12VHPWR → 12V2x6로 변경 // 24년 6월 A/S 보증기간 10년 → 12년으로 변경 닫기,https://img.danuri.io/catalog-image/950/037/032/b6760375ffdb47f5bc333e2582a8e9c1.jpg?shrink=130:130&_v=20260921110124,https://prod.danawa.com/info/?pcode=32037950&cate=112777
124,SuperFlower,SuperFlower SF-1300F14XG LEADEX VII GOLD ATX3.1,"255,490",ATX 파워 / 1300W / 80 PLUS 골드 / 케이블연결 : 풀모듈러 / ETA인증 : PLATINUM / LAMBDA인증 : STANDARD+ / +12V 싱글레일 / +12V 가용률 : 99% / 액티브PFC / PF(역률) : 99% / 140mm / 깊이 : 150mm / 무상 10년 / [커넥터] 메인전원 : 24핀(20+4) / 보조전원 : (4+4)핀x2 / PCIe 16핀(12+4) : 12V2x6 2개 / PCIe 8핀(6+2) : 4개 / SATA : 12개 / IDE 4핀 : 4개 / [부가기능] 팬리스모드 / 자동 팬 조절 / 프리볼트 / 플랫케이블 / [변경사항] 24년 10월 ATX3.1지원하여 변경 / 25년 1월 PCIe 16핀(12+4) 12VHPWR 1개→12V2x6 2개로 변경 닫기,https://img.danuri.io/catalog-image/859/275/020/78189cbaa4ca41a59c1d0b38e1732abe.jpg?shrink=130:130&_v=20260921110339,https://prod.danawa.com/info/?pcode=20275859&cate=112777
125,SuperFlower,SuperFlower SF-1000C12DG COMBAT DG ETA골드 ATX3.1,"123,690",ATX 파워 / 1000W / 케이블연결 : 케이블일체형 / ETA인증 : GOLD / LAMBDA인증 : A / +12V 싱글레일 / +12V 가용률 : 100% / 120mm 팬 / 깊이 : 140mm / 무상 10년 / [커넥터] 메인전원 : 24핀 / 보조전원 : (4+4)핀x2 / PCIe 16핀(12+4) : 12V2x6 1개 / PCIe 8핀(6+2) : 4개 / SATA : 6개 / IDE 4핀 : 3개 / [부가기능] 자동 팬 조절 닫기,https://img.danuri.io/catalog-image/074/617/122/bc81c0e71c9b412da9a76637dd75a4ac.jpeg?shrink=130:130&_v=20260921135059,https://prod.danawa.com/info/?pcode=122617074&cate=112777
126,SuperFlower,SuperFlower SF-1000F14GE LEADEX III GOLD UP ATX3.1 화이트,"195,800",ATX 파워 / 1000W / 80 PLUS 골드 / 케이블연결 : 풀모듈러 / 전압변동 : ±0.5% / +12V 싱글레일 / +12V 가용률 : 99% / 액티브PFC / PF(역률) : 99% / 140mm 팬 / 깊이 : 150mm / 무상 10년 / [커넥터] 메인전원 : 24핀(20+4) / 보조전원 : (4+4)핀x2 / PCIe 16핀(12+4) : 12V2x6 1개 / PCIe 8핀(6+2) : 4개 / SATA : 8개 / IDE 4핀 : 4개 / [부가기능] 팬리스모드 / 자동 팬 조절 / 프리볼트 / 플랫케이블 닫기,https://img.danuri.io/catalog-image/258/445/094/3c57fd349c464585a4946075316f6b96.jpg?shrink=130:130&_v=20260921134623,https://prod.danawa.com/info/?pcode=94445258&cate=112777
127,SuperFlower,SuperFlower SF-750Z12DB Zillion DB ETA실버 ATX3.1,"80,680","ATX 파워 / 750W / 케이블연결 : 케이블일체형 / ETA인증 : SILVER / LAMBDA인증 : STANDARD+ / +12V 싱글레일 / +12V 가용률 : 100% / 액티브PFC / PF(역률) : 99% / 120mm 팬 / 깊이 : 140mm / 무상 6년 / [커넥터] 메인전원 : 24핀 / 보조전원 : 8핀x1, (4+4)핀x1 / PCIe 16핀(12+4) : 12V2x6 1개 / PCIe 8핀(6+2) : 4개 / SATA : 6개 / IDE 4핀 : 2개 / [부가기능] 자동 팬 조절 / 플랫케이블 닫기",https://img.danuri.io/catalog-image/104/156/090/acc95837e32342d3b7222f790f5de7dd.jpg?shrink=130:130&_v=20260921110257,https://prod.danawa.com/info/?pcode=90156104&cate=112777
128,SuperFlower,SuperFlower SF-1000F14XP LEADEX VII PRO PLATINUM 화이트 ATX3.1,"262,240",ATX 파워 / 1000W / 80 PLUS 플래티넘 / 케이블연결 : 풀모듈러 / ETA인증 : PLATINUM / LAMBDA인증 : STANDARD++ / 140mm / 깊이 : 150mm / 무상 12년 / [커넥터] 메인전원 : 24핀(20+4) / 보조전원 : (4+4)핀x2 / PCIe 16핀(12+4) : 12V2x6 1개 / PCIe 8핀(6+2) : 4개 / SATA : 12개 / IDE 4핀 : 4개 / [부가기능] 팬리스모드 / 프리볼트 / [변경사항] 24년 6월 A/S 보증기간 10년 → 12년으로 변경 닫기,https://img.danuri.io/catalog-image/385/081/049/d17e88b1cb2c4d7b8174b3267a6df5c5.jpg?shrink=130:130&_v=20260921131038,https://prod.danawa.com/info/?pcode=49081385&cate=112777
129,SuperFlower,SuperFlower SF-850F14XG LEADEX VII GOLD 화이트 ATX3.1,"201,130",ATX 파워 / 850W / 80 PLUS 골드 / 케이블연결 : 풀모듈러 / ETA인증 : PLATINUM / LAMBDA인증 : A / +12V 싱글레일 / +12V 가용률 : 99% / 액티브PFC / PF(역률) : 99% / 140mm / 깊이 : 150mm / 무상 10년 / [커넥터] 메인전원 : 24핀(20+4) / 보조전원 : (4+4)핀x2 / PCIe 16핀(12+4) : 12VHPWR 1개 / PCIe 8핀(6+2) : 3개 / SATA : 12개 / IDE 4핀 : 4개 / [부가기능] 팬리스모드 / 자동 팬 조절 / 프리볼트 / 플랫케이블 / [변경사항] 24년 10월 ATX3.1지원하여 변경 닫기,https://img.danuri.io/catalog-image/516/237/020/3fec07b4c6284116a09313dc8eccf148.jpg?shrink=130:130&_v=20260921140323,https://prod.danawa.com/info/?pcode=20237516&cate=112777
130,SuperFlower,SuperFlower SF-850F14GE LEADEX III GOLD UP ATX3.1,"160,800",ATX 파워 / 850W / 80 PLUS 골드 / 케이블연결 : 풀모듈러 / 전압변동 : ±0.5% / +12V 싱글레일 / +12V 가용률 : 99% / 액티브PFC / PF(역률) : 99% / 140mm 팬 / 깊이 : 150mm / 무상 10년 / [커넥터] 메인전원 : 24핀(20+4) / 보조전원 : (4+4)핀x2 / PCIe 16핀(12+4) : 12V2x6 1개 / PCIe 8핀(6+2) : 3개 / SATA : 8개 / IDE 4핀 : 4개 / [부가기능] 팬리스모드 / 자동 팬 조절 / 프리볼트 / 플랫케이블 닫기,https://img.danuri.io/catalog-image/698/468/069/d168af230e6f47159c8c703945b031af.jpg?shrink=130:130&_v=20260921131203,https://prod.danawa.com/info/?pcode=69468698&cate=112777
131,SuperFlower,SuperFlower SF-850F14XP LEADEX VII PRO PLATINUM 화이트 ATX3.1,"223,900",ATX 파워 / 850W / 80 PLUS 플래티넘 / 케이블연결 : 풀모듈러 / ETA인증 : PLATINUM / LAMBDA인증 : A- / 액티브PFC / PF(역률) : 99% / 140mm / 깊이 : 150mm / 무상 12년 / [커넥터] 메인전원 : 24핀(20+4) / 보조전원 : (4+4)핀x2 / PCIe 16핀(12+4) : 12V2x6 1개 / PCIe 8핀(6+2) : 3개 / SATA : 12개 / IDE 4핀 : 4개 / [부가기능] 팬리스모드 / 프리볼트 닫기,https://img.danuri.io/catalog-image/079/795/055/37f61c2302e142a385cc8700d46f34d0.jpg?shrink=130:130&_v=20260921144613,https://prod.danawa.com/info/?pcode=55795079&cate=112777
132,SuperFlower,SuperFlower SF-850F14GE LEADEX III GOLD UP ATX3.1 화이트,"166,460",ATX 파워 / 850W / 80 PLUS 골드 / 케이블연결 : 풀모듈러 / 전압변동 : ±0.5% / +12V 싱글레일 / +12V 가용률 : 99% / 액티브PFC / PF(역률) : 99% / 140mm 팬 / 깊이 : 150mm / 무상 10년 / [커넥터] 메인전원 : 24핀(20+4) / 보조전원 : (4+4)핀x2 / PCIe 16핀(12+4) : 12V2x6 1개 / PCIe 8핀(6+2) : 3개 / SATA : 8개 / IDE 4핀 : 4개 / [부가기능] 팬리스모드 / 자동 팬 조절 / 프리볼트 / 플랫케이블 닫기,https://img.danuri.io/catalog-image/237/445/094/abef6adaba6248dc8318c7acbba906c8.jpg?shrink=130:130&_v=20260921080458,https://prod.danawa.com/info/?pcode=94445237&cate=112777
133,SuperFlower,SuperFlower SF-2000F14HP LEADEX PLATINUM,"649,000","ATX 파워 / 2000W / 80 PLUS 플래티넘 / 케이블연결 : 풀모듈러 / +12V 싱글레일 / +12V 가용률 : 99% / 액티브PFC / PF(역률) : 99% / 140mm 팬 / 깊이 : 225mm / 무상 7년 / [커넥터] 메인전원 : 24핀(20+4) / 보조전원 : (4+4)핀x2 / PCIe 16핀(12+4) : 12V2x6 4개 / PCIe 8핀(6+2) : 6개 / PCIe 6핀 : 2개 / SATA : 16개 / IDE 4핀 : 6개 / FDD : 2개 / [부가기능] 자동 팬 조절 / 대기전력 1W 미만 / 플랫케이블 / [변경사항] 25년 8월 PCIe 8핀(6+2) 9개→6개, PCIe 6핀 5개→2개, 12VHPWR 2개→4개로 변경 닫기",https://img.danuri.io/catalog-image/742/353/003/ef558078d7ea4346be3db90ff9cbd962.jpg?shrink=130:130&_v=20260921120153,https://prod.danawa.com/info/?pcode=3353742&cate=112777
134,SuperFlower,SuperFlower SF-2200F14HP LEADEX TITANIUM ATX3.1,"724,000",ATX 파워 / 2200W / 케이블연결 : 풀모듈러 / ETA인증 : TITANIUM / LAMBDA인증 : STANDARD++ / 140mm / 깊이 : 200mm / 무상 10년 / [커넥터] 메인전원 : 24핀(20+4) / 보조전원 : (4+4)핀x2 / PCIe 16핀(12+4) : 12V2x6 2개 / PCIe 8핀(6+2) : 6개 / SATA : 16개 / IDE 4핀 : 4개 닫기,https://img.danuri.io/catalog-image/922/616/122/e270f793c2824e00b494905fb2d256a4.jpeg?shrink=130:130&_v=20260921133403,https://prod.danawa.com/info/?pcode=122616922&cate=112777
135,SuperFlower,SuperFlower SF-1000F14XG LEADEX VII GOLD 화이트 ATX3.1,"228,780",ATX 파워 / 1000W / 80 PLUS 골드 / 케이블연결 : 풀모듈러 / ETA인증 : PLATINUM / LAMBDA인증 : A- / +12V 싱글레일 / +12V 가용률 : 99% / 액티브PFC / PF(역률) : 99% / 140mm / 깊이 : 150mm / 무상 10년 / [커넥터] 메인전원 : 24핀(20+4) / 보조전원 : (4+4)핀x2 / PCIe 16핀(12+4) : 12VHPWR 1개 / PCIe 8핀(6+2) : 4개 / SATA : 12개 / IDE 4핀 : 4개 / [부가기능] 팬리스모드 / 자동 팬 조절 / 프리볼트 / 플랫케이블 / [변경사항] 24년 10월 ATX3.1지원하여 변경 닫기,https://img.danuri.io/catalog-image/495/237/020/33f445359e8f4c2eabf3cef1a01cff29.jpg?shrink=130:130&_v=20260921130735,https://prod.danawa.com/info/?pcode=20237495&cate=112777
136,SuperFlower,SuperFlower SF-650Z12DB Zillion DB ETA실버 ATX3.1,"64,790","ATX 파워 / 650W / 케이블연결 : 케이블일체형 / ETA인증 : SILVER / LAMBDA인증 : STANDARD++ / +12V 싱글레일 / +12V 가용률 : 99% / 액티브PFC / PF(역률) : 99% / 120mm 팬 / 깊이 : 140mm / 무상 6년 / [커넥터] 메인전원 : 24핀 / 보조전원 : 8핀x1, (4+4)핀x1 / PCIe 8핀(6+2) : 4개 / SATA : 6개 / IDE 4핀 : 2개 / [부가기능] 플랫케이블 닫기",https://img.danuri.io/catalog-image/108/707/096/940d56d9c8cf4c72b583b8ad9e6deb60.jpg?shrink=130:130&_v=20260921130734,https://prod.danawa.com/info/?pcode=96707108&cate=112777
137,SuperFlower,SuperFlower SF-850Z12DB Zillion DB ETA실버 ATX3.1,"89,560","ATX 파워 / 850W / 케이블연결 : 케이블일체형 / ETA인증 : SILVER / LAMBDA인증 : STANDARD+ / +12V 싱글레일 / +12V 가용률 : 100% / 액티브PFC / PF(역률) : 99% / 120mm 팬 / 깊이 : 140mm / 무상 6년 / [커넥터] 메인전원 : 24핀 / 보조전원 : 8핀x1, (4+4)핀x1 / PCIe 16핀(12+4) : 12V2x6 1개 / PCIe 8핀(6+2) : 4개 / SATA : 6개 / IDE 4핀 : 2개 / [부가기능] 자동 팬 조절 / 플랫케이블 닫기",https://img.danuri.io/catalog-image/149/156/090/972a5e7e7dfd49dbafd3c504bfc31c91.jpg?shrink=130:130&_v=20260921080622,https://prod.danawa.com/info/?pcode=90156149&cate=112777
138,SuperFlower,SuperFlower SF-1300F14GE LEADEX III GOLD UP ATX3.1,"224,600",ATX 파워 / 1300W / 80 PLUS 골드 / 케이블연결 : 풀모듈러 / ETA인증 : PLATINUM / LAMBDA인증 : A- / 전압변동 : ±0.3% / +12V 싱글레일 / +12V 가용률 : 99% / 140mm 팬 / 깊이 : 150mm / 무상 10년 / [커넥터] 메인전원 : 24핀 / 보조전원 : (4+4)핀x2 / PCIe 16핀(12+4) : 12V2x6 1개 / PCIe 8핀(6+2) : 4개 / SATA : 8개 / IDE 4핀 : 4개 / [부가기능] 팬리스모드 / 자동 팬 조절 / 프리볼트 / 플랫케이블 닫기,https://img.danuri.io/catalog-image/107/227/097/b854c4a8238e4b84a0535aa28ac8287d.jpg?shrink=130:130&_v=20260921110338,https://prod.danawa.com/info/?pcode=97227107&cate=112777
139,SuperFlower,SuperFlower SF-750F14GE LEADEX III GOLD UP ATX3.1,"146,290",ATX 파워 / 750W / 80 PLUS 골드 / 케이블연결 : 풀모듈러 / 전압변동 : ±0.5% / +12V 싱글레일 / +12V 가용률 : 99% / 액티브PFC / PF(역률) : 99% / 140mm 팬 / 깊이 : 150mm / 무상 10년 / [커넥터] 메인전원 : 24핀(20+4) / 보조전원 : (4+4)핀x2 / PCIe 16핀(12+4) : 12V2x6 1개 / PCIe 8핀(6+2) : 2개 / SATA : 6개 / IDE 4핀 : 4개 / [부가기능] 팬리스모드 / 자동 팬 조절 / 프리볼트 / 플랫케이블 닫기,https://img.danuri.io/catalog-image/659/468/069/7a037eeca489422fbc9de6b7338b2f59.jpg?shrink=130:130&_v=20260921103948,https://prod.danawa.com/info/?pcode=69468659&cate=112777
140,SuperFlower,SuperFlower SF-1300F14XG LEADEX VII GOLD 화이트 ATX3.1,"263,000",ATX 파워 / 1300W / 80 PLUS 골드 / 케이블연결 : 풀모듈러 / ETA인증 : PLATINUM / LAMBDA인증 : STANDARD+ / +12V 싱글레일 / +12V 가용률 : 99% / 액티브PFC / PF(역률) : 99% / 140mm / 깊이 : 150mm / 무상 10년 / [커넥터] 메인전원 : 24핀(20+4) / 보조전원 : (4+4)핀x2 / PCIe 16핀(12+4) : 12V2x6 2개 / PCIe 8핀(6+2) : 4개 / SATA : 12개 / IDE 4핀 : 4개 / [부가기능] 팬리스모드 / 자동 팬 조절 / 프리볼트 / 플랫케이블 / [변경사항] 24년 10월 ATX3.1지원하여 변경 / 25년 1월 PCIe 16핀(12+4) 12VHPWR 1개→12V2x6 2개로 변경 닫기,https://img.danuri.io/catalog-image/300/615/020/dc7873ba23fc49989f38d072986b5bc9.jpg?shrink=130:130&_v=20260921080442,https://prod.danawa.com/info/?pcode=20615300&cate=112777
141,SuperFlower,SuperFlower SF-2800F14HP LEADEX TITANIUM ATX3.1,"984,000",ATX 파워 / 2800W / 케이블연결 : 풀모듈러 / ETA인증 : TITANIUM / LAMBDA인증 : STANDARD+ / +12V 싱글레일 / +12V 가용률 : 99% / 140mm 팬 / 깊이 : 200 mm / 무상 10년 / [커넥터] 메인전원 : 24핀(20+4) / 보조전원 : (4+4)핀x2 / PCIe 16핀(12+4) : 12V2x6 4개 / PCIe 8핀(6+2) : 6개 / SATA : 16개 / IDE 4핀 : 4개 / [부가기능] 닫기,https://img.danuri.io/catalog-image/072/562/091/95cc9b446c5b4117bd5a08dc3c33b8c0.jpg?shrink=130:130&_v=20260921110213,https://prod.danawa.com/info/?pcode=91562072&cate=112777
142,SuperFlower,SuperFlower SF-850F14XP LEADEX VII PRO PLATINUM 블랙 ATX3.1,"213,890",ATX 파워 / 850W / 80 PLUS 플래티넘 / 케이블연결 : 풀모듈러 / ETA인증 : PLATINUM / LAMBDA인증 : A- / 140mm / 깊이 : 150mm / 무상 12년 / [커넥터] 메인전원 : 24핀(20+4) / 보조전원 : (4+4)핀x2 / PCIe 16핀(12+4) : 12V2x6 1개 / PCIe 8핀(6+2) : 3개 / SATA : 12개 / IDE 4핀 : 4개 / [부가기능] 팬리스모드 / 프리볼트 / [변경사항] 24년 3월 ATX 3.0 → ATX 3.1 인증추가로 변경 / PCIe 16핀(12+4) 12VHPWR → 12V2x6로 변경 // 24년 8월 A/S 보증기간 10년 → 12년으로 변경 닫기,https://img.danuri.io/catalog-image/836/037/032/ffc1f4f153074790a9794ed6a78c3198.jpg?shrink=130:130&_v=20260921143643,https://prod.danawa.com/info/?pcode=32037836&cate=112777
143,SuperFlower,SuperFlower SF-850C12FG COMBAT FG 80PLUS골드 ATX3.1,"139,000",ATX 파워 / 850W / 80 PLUS 골드 / 케이블연결 : 풀모듈러 / +12V 싱글레일 / +12V 가용률 : 99% / 액티브PFC / PF(역률) : 99% / 120mm 팬 / 깊이 : 140mm / 무상 10년 / [커넥터] 메인전원 : 24핀(20+4) / 보조전원 : (4+4)핀x2 / PCIe 16핀(12+4) : 12V2x6 1개 / PCIe 8핀(6+2) : 4개 / SATA : 9개 / IDE 4핀 : 4개 / 자동 팬 조절 / 프리볼트 / 플랫케이블 닫기,https://img.danuri.io/catalog-image/511/148/060/d570f7a5a36a4be1abef36de16aebdf5.jpg?shrink=130:130&_v=20260921080443,https://prod.danawa.com/info/?pcode=60148511&cate=112777
144,SuperFlower,SuperFlower SF-1300F14GE LEADEX III GOLD UP ATX3.1 화이트,"217,090",ATX 파워 / 1300W / 80 PLUS 골드 / 케이블연결 : 풀모듈러 / ETA인증 : PLATINUM / LAMBDA인증 : A- / 전압변동 : ±0.3% / +12V 싱글레일 / +12V 가용률 : 99% / 140mm 팬 / 깊이 : 150mm / 무상 10년 / [커넥터] 메인전원 : 24핀 / 보조전원 : (4+4)핀x2 / PCIe 16핀(12+4) : 12V2x6 1개 / PCIe 8핀(6+2) : 4개 / SATA : 8개 / IDE 4핀 : 4개 / [부가기능] 팬리스모드 / 자동 팬 조절 / 프리볼트 / 플랫케이블 닫기,https://img.danuri.io/catalog-image/119/227/097/11b71146ac2a4c2bbbdf64aca5f03c66.jpg?shrink=130:130&_v=20260921085813,https://prod.danawa.com/info/?pcode=97227119&cate=112777
145,SuperFlower,SuperFlower SF-1700F14HT LEADEX ETA티타늄 ATX3.1,"714,640",ATX 파워 / 1700W / 케이블연결 : 풀모듈러 / ETA인증 : TITANIUM / LAMBDA인증 : A / +12V 싱글레일 / +12V 가용률 : 99% / 140mm 팬 / 깊이 : 200mm / 무상 12년 / [커넥터] 메인전원 : 24핀(20+4) / 보조전원 : (4+4)핀x2 / PCIe 16핀(12+4) : 12V2x6 2개 / PCIe 8핀(6+2) : 6개 / SATA : 16개 / IDE 4핀 : 4개 / [부가기능] 팬리스모드 / 자동 팬 조절 닫기,https://img.danuri.io/catalog-image/143/544/101/86863b41e59142049da94e0680e336b5.jpg?shrink=130:130&_v=20260921131053,https://prod.danawa.com/info/?pcode=101544143&cate=112777
146,SuperFlower,SuperFlower SF-850F14HT LEADEX TITANIUM,"376,010","ATX 파워 / 850W / 80 PLUS 티타늄 / 케이블연결 : 풀모듈러 / 전압변동 : ±1% / +12V 싱글레일 / +12V 가용률 : 100% / 액티브PFC / 140mm 팬 / 깊이 : 180mm / 무상 10년 / [커넥터] 메인전원 : 24핀(20+4) / 보조전원 : (4+4)핀x2 / PCIe 16핀(12+4) : 12VHPWR 1개 / PCIe 8핀(6+2) : 4개 / PCIe 6핀 : 2개 / SATA : 10개 / IDE 4핀 : 4개 / FDD : 1개 / [부가기능] 팬리스모드 / 자동 팬 조절 / 수동 팬 조절 / 프리볼트 / [변경사항] ※ 2023.01 스펙 변경(팬 사양, 12VHPWR 추가) 닫기",https://img.danuri.io/catalog-image/278/343/009/4f4b789a40a34453b7eafc3705dfd606.jpg?shrink=130:130&_v=20260921082643,https://prod.danawa.com/info/?pcode=9343278&cate=112777
147,SuperFlower,SuperFlower SF-750C12FG COMBAT FG 80PLUS골드 ATX3.1,"123,700",ATX 파워 / 750W / 80 PLUS 골드 / 케이블연결 : 풀모듈러 / +12V 싱글레일 / +12V 가용률 : 99% / 액티브PFC / PF(역률) : 99% / 120mm 팬 / 깊이 : 140mm / 무상 10년 / [커넥터] 메인전원 : 24핀(20+4) / 보조전원 : (4+4)핀x2 / PCIe 16핀(12+4) : 12V2x6 1개 / PCIe 8핀(6+2) : 4개 / SATA : 9개 / IDE 4핀 : 4개 / 자동 팬 조절 / 프리볼트 / 플랫케이블 닫기,https://img.danuri.io/catalog-image/454/148/060/46f6e05fa8334ebfa67ab071c4fec393.jpg?shrink=130:130&_v=20260921082643,https://prod.danawa.com/info/?pcode=60148454&cate=112777
148,SuperFlower,SuperFlower SF-750F14HT LEADEX TITANIUM,"328,150","ATX 파워 / 750W / 80 PLUS 티타늄 / 케이블연결 : 풀모듈러 / 전압변동 : ±1% / +12V 싱글레일 / 액티브PFC / 140mm 팬 / 깊이 : 180mm / 무상 10년 / [커넥터] 메인전원 : 24핀(20+4) / 보조전원 : (4+4)핀x2 / PCIe 16핀(12+4) : 12VHPWR 1개 / PCIe 8핀(6+2) : 4개 / PCIe 6핀 : 2개 / SATA : 10개 / IDE 4핀 : 4개 / FDD : 1개 / [부가기능] 팬리스모드 / 자동 팬 조절 / 수동 팬 조절 / 프리볼트 / [변경사항] ※ 2023.01 스펙 변경(팬 사양, 12VHPWR 추가) 닫기",https://img.danuri.io/catalog-image/239/343/009/2afbc5707a0a45ca883d211d3f3900b8.jpg?shrink=130:130&_v=20260921110115,https://prod.danawa.com/info/?pcode=9343239&cate=112777
149,SuperFlower,SuperFlower SF-1000F14PE LEADEX VI PRO PLATINUM 화이트 PCIE5,"248,400",ATX 파워 / 1000W / 80 PLUS 플래티넘 / 케이블연결 : 풀모듈러 / 전압변동 : ±0.5% / +12V 싱글레일 / +12V 가용률 : 99% / 액티브PFC / PF(역률) : 99% / 120mm 팬 / 깊이 : 150mm / 무상 10년 / 메인전원 : 24핀(20+4) / 보조전원 : (4+4)핀x2 / PCIe 16핀(12+4) : 12VHPWR 1개 / PCIe 8핀(6+2) : 8개 / SATA : 12개 / IDE 4핀 : 4개 / 팬리스모드 / 자동 팬 조절 / 프리볼트 / 플랫케이블 닫기,https://img.danuri.io/catalog-image/292/921/019/e714dbf9d19c4609bcc247930657b9ac.jpg?shrink=130:130&_v=20260921080444,https://prod.danawa.com/info/?pcode=19921292&cate=112777
150,SuperFlower,SuperFlower SF-1600F14HT LEADEX TITANIUM ATX3.1,"912,500",ATX 파워 / 1600W / 80 PLUS 티타늄 / 케이블연결 : 풀모듈러 / ETA인증 : TITANIUM / +12V 싱글레일 / +12V 가용률 : 99% / 액티브PFC / PF(역률) : 99% / 140mm 팬 / 깊이 : 220mm / 무상 12년 / [커넥터] 메인전원 : 24핀(20+4) / 보조전원 : (4+4)핀x2 / PCIe 16핀(12+4) : 12V2x6 2개 / PCIe 8핀(6+2) : 5개 / PCIe 6핀 : 5개 / SATA : 14개 / IDE 4핀 : 5개 / FDD : 2개 / [부가기능] 팬리스모드 / 자동 팬 조절 / 프리볼트 닫기,https://img.danuri.io/catalog-image/013/621/067/65a953da55ca4f4da871a9e18f53f296.jpg?shrink=130:130&_v=20260921080444,https://prod.danawa.com/info/?pcode=67621013&cate=112777
151,SuperFlower,SuperFlower SF-850F14HG LEADEX III GOLD 블랙 PCIE5,"199,780",ATX 파워 / 850W / 80 PLUS 골드 / 케이블연결 : 풀모듈러 / ETA인증 : A / +12V 싱글레일 / 액티브PFC / 130mm 팬 / 깊이 : 160mm / 무상 10년 / [커넥터] 메인전원 : 24핀(20+4) / 보조전원 : (4+4)핀x2 / PCIe 16핀(12+4) : 12VHPWR 1개 / PCIe 8핀(6+2) : 6개 / SATA : 9개 / IDE 4핀 : 4개 / [부가기능] 팬리스모드 / 자동 팬 조절 / 프리볼트 / 플랫케이블 닫기,https://img.danuri.io/catalog-image/651/315/020/2b664f3e7b7644bf997273d077f16c9b.jpg?shrink=130:130&_v=20260921080458,https://prod.danawa.com/info/?pcode=20315651&cate=112777
152,SuperFlower,SuperFlower SF-850F14TP LEADEX V PRO PLATINUM 블랙,"240,800",ATX 파워 / 850W / 80 PLUS 플래티넘 / 케이블연결 : 풀모듈러 / 전압변동 : ±0.2% / +12V 싱글레일 / +12V 가용률 : 99% / 액티브PFC / PF(역률) : 99% / 120mm 팬 / 깊이 : 130mm / 무상 10년 / [커넥터] 메인전원 : 24핀(20+4) / 보조전원 : (4+4)핀x2 / PCIe 8핀(6+2) : 8개 / SATA : 9개 / IDE 4핀 : 4개 / [부가기능] 팬리스모드 / 자동 팬 조절 / 프리볼트 / 플랫케이블 닫기,https://img.danuri.io/catalog-image/862/298/015/6f4ae32bcd234644999230d5cb41bae4.jpg?shrink=130:130&_v=20260919080509,https://prod.danawa.com/info/?pcode=15298862&cate=112777
153,SuperFlower,SuperFlower SF-850F14PE LEADEX VI PRO PLATINUM PCIE5,"182,490",ATX 파워 / 850W / 80 PLUS 플래티넘 / 케이블연결 : 풀모듈러 / 전압변동 : ±0.5% / 액티브PFC / PF(역률) : 99% / 120mm 팬 / 깊이 : 150mm / 무상 10년 / [커넥터] 메인전원 : 24핀(20+4) / 보조전원 : (4+4)핀x2 / PCIe 16핀(12+4) : 12VHPWR 1개 / PCIe 8핀(6+2) : 6개 / SATA : 9개 / IDE 4핀 : 4개 / [부가기능] 팬리스모드 / 자동 팬 조절 / 프리볼트 / 플랫케이블 닫기,https://img.danuri.io/catalog-image/146/227/019/2f72746e72824942bb6f4f2d219e7d77.jpg?shrink=130:130&_v=20260921080442,https://prod.danawa.com/info/?pcode=19227146&cate=112777
154,SuperFlower,SuperFlower SF-850F14TP LEADEX V PRO PLATINUM 화이트,"269,500",ATX 파워 / 850W / 80 PLUS 플래티넘 / 케이블연결 : 풀모듈러 / 전압변동 : ±0.4% / +12V 싱글레일 / +12V 가용률 : 99% / 액티브PFC / PF(역률) : 99% / 120mm 팬 / 깊이 : 130mm / 무상 10년 / [커넥터] 메인전원 : 24핀(20+4) / 보조전원 : (4+4)핀x2 / PCIe 8핀(6+2) : 8개 / SATA : 9개 / IDE 4핀 : 4개 / [부가기능] 팬리스모드 / 자동 팬 조절 / 프리볼트 / 플랫케이블 닫기,https://img.danuri.io/catalog-image/550/054/016/ca24e45cf1654b6f902f03784c289cc6.jpg?shrink=130:130&_v=20260920080524,https://prod.danawa.com/info/?pcode=16054550&cate=112777
155,SuperFlower,SuperFlower SF-600R14SE Silver Green FX (중고),"29,900",ATX 파워 / 600W / 80 PLUS 실버 / 케이블연결 : 케이블일체형 / +12V 싱글레일 / 액티브PFC / 120mm 팬 / 깊이 : 145mm / 무상 7년 / [커넥터] 메인전원 : 24핀(20+4) / PCIe 8핀(6+2) : 2개 / SATA : 5개 / IDE 4핀 : 4개 / [부가기능] 대기전력 1W 미만 / 프리볼트 닫기,https://img.danuri.io/catalog-image/172/743/123/57e56c73b87d48d28edd3e78ea6b793b.jpg?shrink=130:130&_v=20260921080457,https://prod.danawa.com/info/?pcode=123743172&cate=112777
156,SuperFlower,SuperFlower SF-850F14MT LEADEX SILVER (중고),"71,900",ATX 파워 / 850W / 80 PLUS 실버 / 케이블연결 : 풀모듈러 / +12V 싱글레일 / +12V 가용률 : 99% / 액티브PFC / PF(역률) : 99% / 140mm 팬 / 깊이 : 165mm / 무상 7년 / [커넥터] 메인전원 : 24핀(20+4) / 보조전원 : (4+4)핀x2 / PCIe 8핀(6+2) : 4개 / SATA : 9개 / IDE 4핀 : 4개 / [부가기능] 팬리스모드 / 자동 팬 조절 / 수동 팬 조절 / 대기전력 1W 미만 닫기,https://img.danuri.io/catalog-image/416/743/123/9e064138f1ff4419bc176cf80840f191.jpg?shrink=130:130&_v=20260921080442,https://prod.danawa.com/info/?pcode=123743416&cate=112777
157,SuperFlower,SuperFlower SF-500R14SE Silver Green FX (중고),"25,900",ATX 파워 / 500W / 80 PLUS 실버 / 케이블연결 : 케이블일체형 / +12V 싱글레일 / 액티브PFC / 120mm 팬 / 깊이 : 145mm / 무상 7년 / [커넥터] 메인전원 : 24핀(20+4) / PCIe 8핀(6+2) : 2개 / SATA : 4개 / IDE 4핀 : 3개 / [부가기능] 대기전력 1W 미만 / 프리볼트 닫기,https://img.danuri.io/catalog-image/168/743/123/13069e4bbc9b4c718743b2de065ebc80.jpg?shrink=130:130&_v=20260921080622,https://prod.danawa.com/info/?pcode=123743168&cate=112777
158,SuperFlower,SuperFlower SF-500R12N (중고),"17,000",ATX 파워 / 500W / 케이블연결 : 케이블일체형 / +12V 싱글레일 / 120mm 팬 / 무상 3년 / [커넥터] 메인전원 : 24핀(20+4) / PCIe 8핀(6+2) : 1개 / PCIe 6핀 : 1개 / SATA : 4개 / IDE 4핀 : 2개 / [부가기능] 대기전력 1W 미만 닫기,https://img.danuri.io/catalog-image/703/762/123/74e34e1dc0414db6aec9fbba8d39efd8.jpg?shrink=130:130&_v=20260921114318,https://prod.danawa.com/info/?pcode=123762703&cate=112777
159,잘만,잘만 MegaMax II 700W 80PLUS브론즈 ATX3.1,"67,040","ATX 파워 / 700W / 80 PLUS 브론즈 / ETA인증 : SILVER / LAMBDA인증 : A- / +12V 싱글레일 / +12V 가용률 : 100% / 액티브PFC / PF(역률) : 99% / 120mm 팬 / 깊이 : 140mm / 무상 7년 / [커넥터] 메인전원 : 24핀(20+4) / 보조전원 : 8핀x1, (4+4)핀x1 / PCIe 16핀(12+4) : 12V2x6 1개 / PCIe 8핀(6+2) : 2개 / SATA : 6개 / IDE 4핀 : 4개 / FDD : 1개 / [부가기능] 대기전력 1W 미만 / 플랫케이블 닫기",https://img.danuri.io/catalog-image/925/056/074/35e02804b8e94ad6a7a201cb081611a1.jpg?shrink=130:130&_v=20260921080443,https://prod.danawa.com/info/?pcode=74056925&cate=112777
160,잘만,잘만 GigaMax III 850W 80PLUS브론즈 모듈러 ATX3.1,"90,010","ATX 파워 / 850W / 80 PLUS 브론즈 / 케이블연결 : 세미모듈러 / ETA인증 : SILVER / LAMBDA인증 : STANDARD++ / +12V 싱글레일 / +12V 가용률 : 100% / 액티브PFC / PF(역률) : 99% / 120mm 팬 / 깊이 : 140mm / 무상 7년 / [커넥터] 메인전원 : 24핀 / 보조전원 : 8핀x1, (4+4)핀x1 / PCIe 16핀(12+4) : 12V2x6 1개 / PCIe 8핀(6+2) : 4개 / SATA : 6개 / IDE 4핀 : 3개 / [부가기능] 대기전력 1W 미만 / 플랫케이블 / [변경사항] 24년 4월 ATX 3.0 → ATX 3.1 인증추가로 변경 / PCIe 16핀(12+4) 12VHPWR → 12V2x6로 변경 닫기",https://img.danuri.io/catalog-image/807/615/029/2530ba31f1324951b2f07dc0aa823b5d.jpg?shrink=130:130&_v=20260921143308,https://prod.danawa.com/info/?pcode=29615807&cate=112777
161,잘만,잘만 EcoMax 500W,"35,830",ATX 파워 / 500W / 케이블연결 : 케이블일체형 / +12V 다중레일 / +12V 가용률 : 91% / 120mm 팬 / 깊이 : 140mm / 무상 3년 / [커넥터] 메인전원 : 24핀(20+4) / 보조전원 : (4+4)핀x1 / PCIe 8핀(6+2) : 2개 / SATA : 4개 / IDE 4핀 : 3개 / [부가기능] 대기전력 1W 미만 닫기,https://img.danuri.io/catalog-image/861/216/006/5247871dffc8448f8e433a20f25a646c.jpg?shrink=130:130&_v=20260921080457,https://prod.danawa.com/info/?pcode=6216861&cate=112777
162,잘만,잘만 MegaMax 600W 80PLUS스탠다드,"49,840","ATX 파워 / 600W / 80 PLUS 스탠다드 / 케이블연결 : 케이블일체형 / +12V 싱글레일 / +12V 가용률 : 90% / 액티브PFC / PF(역률) : 98% / 120mm 팬 / 깊이 : 140mm / 무상 6년 / [커넥터] 메인전원 : 24핀(20+4) / 보조전원 : 8핀x1, 4핀x1 / PCIe 8핀(6+2) : 2개 / SATA : 6개 / IDE 4핀 : 4개 / FDD : 1개 / [부가기능] 자동 팬 조절 / 대기전력 1W 미만 / 플랫케이블 닫기",https://img.danuri.io/catalog-image/200/174/010/1f1527df4a484a21bf880a477c05ca9c.jpg?shrink=130:130&_v=20260921080444,https://prod.danawa.com/info/?pcode=10174200&cate=112777
163,잘만,잘만 TeraMax II SE 1000W 80PLUS골드 풀모듈러 ATX3.1 블랙,"147,200",ATX 파워 / 1000W / 80 PLUS 골드 / 케이블연결 : 풀모듈러 / ETA인증 : PLATINUM / LAMBDA인증 : A- / +12V 싱글레일 / +12V 가용률 : 100% / 액티브PFC / PF(역률) : 99% / 120mm 팬 / 깊이 : 140mm / 무상 10년 / [커넥터] 메인전원 : 24핀 / 보조전원 : (4+4)핀x2 / PCIe 16핀(12+4) : 12V2x6 1개 / PCIe 8핀(6+2) : 4개 / SATA : 12개 / IDE 4핀 : 3개 / FDD : 1개 / [부가기능] 대기전력 1W 미만 / 프리볼트 / 플랫케이블 닫기,https://img.danuri.io/catalog-image/575/529/089/a78b92247b6548fba93be62704243bb7.jpg?shrink=130:130&_v=20260921080444,https://prod.danawa.com/info/?pcode=89529575&cate=112777
164,잘만,잘만 EcoMax 700W,"46,900","ATX 파워 / 700W / +12V 싱글레일 / +12V 가용률 : 85% / 120mm 팬 / 깊이 : 140mm / 무상 3년 / [커넥터] 메인전원 : 24핀(20+4) / 보조전원 : 8핀x1, (4+4)핀x1 / PCIe 8핀(6+2) : 4개 / SATA : 5개 / IDE 4핀 : 3개 / [부가기능] 대기전력 1W 미만 닫기",https://img.danuri.io/catalog-image/259/998/014/54a2fb106b574617bf160076f8f39c89.jpg?shrink=130:130&_v=20260921102625,https://prod.danawa.com/info/?pcode=14998259&cate=112777
165,잘만,잘만 DecaMax 700W 80PLUS스탠다드,"51,400","ATX 파워 / 700W / 80 PLUS 스탠다드 / +12V 싱글레일 / +12V 가용률 : 91% / 액티브PFC / PF(역률) : 99% / 120mm 팬 / 깊이 : 140mm / 무상 6년 / [커넥터] 메인전원 : 24핀 / 보조전원 : 8핀x1, 4핀x1 / PCIe 8핀(6+2) : 4개 / SATA : 6개 / IDE 4핀 : 3개 / [부가기능] 대기전력 1W 미만 / 플랫케이블 닫기",https://img.danuri.io/catalog-image/173/617/049/15e12269689743f8b8392ba6acd06ef9.jpg?shrink=130:130&_v=20260921080455,https://prod.danawa.com/info/?pcode=49617173&cate=112777
166,잘만,잘만 EcoMax 600W,"41,200",ATX 파워 / 600W / 케이블연결 : 케이블일체형 / +12V 다중레일 / +12V 가용률 : 90% / 120mm 팬 / 깊이 : 140mm / 무상 3년 / [커넥터] 메인전원 : 24핀(20+4) / 보조전원 : (4+4)핀x1 / PCIe 8핀(6+2) : 2개 / SATA : 4개 / IDE 4핀 : 3개 / [부가기능] 대기전력 1W 미만 / 벌크 여부 확인요망 닫기,https://img.danuri.io/catalog-image/877/216/006/a93d118510714fc5aa15766c49ff8f07.jpg?shrink=130:130&_v=20260921080609,https://prod.danawa.com/info/?pcode=6216877&cate=112777
167,잘만,잘만 ACRUX II 1200W 80PLUS플래티넘 풀모듈러 ATX3.1,"234,000",ATX 파워 / 1200W / 80 PLUS 플래티넘 / 케이블연결 : 풀모듈러 / ETA인증 : PLATINUM / LAMBDA인증 : A+ / +12V 싱글레일 / +12V 가용률 : 100% / 액티브PFC / PF(역률) : 99% / 120mm 팬 / 깊이 : 140mm / 무상 10년 / 메인전원 : 24핀 / 보조전원 : (4+4)핀x2 / PCIe 16핀(12+4) : 12V2x6 1개 / PCIe 8핀(6+2) : 4개 / SATA : 12개 / IDE 4핀 : 3개 / FDD : 1개 / [부가기능] 팬리스모드 / 자동 팬 조절 / 대기전력 1W 미만 / 프리볼트 닫기,https://img.danuri.io/catalog-image/138/720/101/8ac77aa4fd75406499af622ba9e378b2.jpg?shrink=130:130&_v=20260921080457,https://prod.danawa.com/info/?pcode=101720138&cate=112777
168,잘만,잘만 MegaMax II 800W 80PLUS브론즈 ATX3.1,"78,320","ATX 파워 / 800W / 80 PLUS 브론즈 / ETA인증 : SILVER / LAMBDA인증 : A- / +12V 싱글레일 / +12V 가용률 : 100% / 액티브PFC / PF(역률) : 99% / 120mm 팬 / 깊이 : 140mm / 무상 7년 / [커넥터] 메인전원 : 24핀(20+4) / 보조전원 : 8핀x1, (4+4)핀x1 / PCIe 16핀(12+4) : 12V2x6 1개 / PCIe 8핀(6+2) : 2개 / SATA : 8개 / IDE 4핀 : 4개 / FDD : 1개 / [부가기능] 대기전력 1W 미만 / 플랫케이블 닫기",https://img.danuri.io/catalog-image/946/056/074/57d3365df7344479aa472b4e8d707fee.jpg?shrink=130:130&_v=20260921080442,https://prod.danawa.com/info/?pcode=74056946&cate=112777
169,잘만,잘만 MegaMax 800W 80PLUS스탠다드,"63,590","ATX 파워 / 800W / 80 PLUS 스탠다드 / 케이블연결 : 케이블일체형 / +12V 싱글레일 / +12V 가용률 : 90% / 액티브PFC / PF(역률) : 99% / 120mm 팬 / 깊이 : 140mm / 무상 6년 / [커넥터] 메인전원 : 24핀(20+4) / 보조전원 : 8핀x1, (4+4)핀x1 / PCIe 8핀(6+2) : 4개 / SATA : 8개 / IDE 4핀 : 4개 / FDD : 1개 / [부가기능] 대기전력 1W 미만 / 플랫케이블 닫기",https://img.danuri.io/catalog-image/305/786/015/3f7f6e3f79534e84a61c4bf0f9cc5ae1.jpg?shrink=130:130&_v=20260921080443,https://prod.danawa.com/info/?pcode=15786305&cate=112777
170,잘만,잘만 MegaMax II 600W 80PLUS브론즈 ATX3.1,"56,020","ATX 파워 / 600W / 80 PLUS 브론즈 / ETA인증 : SILVER / LAMBDA인증 : A / +12V 싱글레일 / +12V 가용률 : 100% / 액티브PFC / PF(역률) : 99% / 120mm 팬 / 깊이 : 140mm / 무상 7년 / [커넥터] 메인전원 : 24핀(20+4) / 보조전원 : 8핀x1, 4핀x1 / PCIe 8핀(6+2) : 2개 / SATA : 6개 / IDE 4핀 : 4개 / FDD : 1개 / [부가기능] 대기전력 1W 미만 / 플랫케이블 닫기",https://img.danuri.io/catalog-image/904/056/074/9234a5a225c545078818442bcf5aef29.jpg?shrink=130:130&_v=20260921080458,https://prod.danawa.com/info/?pcode=74056904&cate=112777
171,잘만,잘만 GigaMax III 750W 80PLUS브론즈 모듈러 ATX3.1,"77,390","ATX 파워 / 750W / 80 PLUS 브론즈 / 케이블연결 : 세미모듈러 / ETA인증 : SILVER / LAMBDA인증 : STANDARD++ / +12V 싱글레일 / +12V 가용률 : 100% / 액티브PFC / PF(역률) : 99% / 120mm 팬 / 깊이 : 140mm / 무상 7년 / [커넥터] 메인전원 : 24핀 / 보조전원 : 8핀x1, (4+4)핀x1 / PCIe 16핀(12+4) : 12V2x6 1개 / PCIe 8핀(6+2) : 4개 / SATA : 6개 / IDE 4핀 : 3개 / [부가기능] 대기전력 1W 미만 / 플랫케이블 / [변경사항] 24년 10월 ATX 3.0 → ATX 3.1 인증추가로 변경 / PCIe 16핀(12+4) 12VHPWR → 12V2x6로 변경 닫기",https://img.danuri.io/catalog-image/753/615/029/49257e5649b44e229621212afac0469f.jpg?shrink=130:130&_v=20260921142858,https://prod.danawa.com/info/?pcode=29615753&cate=112777
172,잘만,잘만 DecaMax 600W 80PLUS스탠다드,"47,490",ATX 파워 / 600W / 80 PLUS 스탠다드 / +12V 싱글레일 / +12V 가용률 : 91% / 액티브PFC / PF(역률) : 99% / 120mm 팬 / 깊이 : 140mm / 무상 6년 / [커넥터] 메인전원 : 24핀 / 보조전원 : (4+4)핀x1 / PCIe 8핀(6+2) : 2개 / SATA : 6개 / IDE 4핀 : 3개 / [부가기능] 대기전력 1W 미만 / 플랫케이블 닫기,https://img.danuri.io/catalog-image/028/609/049/460008ed3aee4c429b0fd7db107dcb6d.jpg?shrink=130:130&_v=20260921080442,https://prod.danawa.com/info/?pcode=49609028&cate=112777
173,잘만,잘만 MegaMax 700W 80PLUS스탠다드,"58,390","ATX 파워 / 700W / 80 PLUS 스탠다드 / 케이블연결 : 케이블일체형 / +12V 싱글레일 / +12V 가용률 : 90% / 액티브PFC / PF(역률) : 99% / 120mm 팬 / 깊이 : 140mm / 무상 6년 / [커넥터] 메인전원 : 24핀(20+4) / 보조전원 : 8핀x1, (4+4)핀x1 / PCIe 8핀(6+2) : 4개 / SATA : 6개 / IDE 4핀 : 4개 / FDD : 1개 / [부가기능] 자동 팬 조절 / 대기전력 1W 미만 / 플랫케이블 닫기",https://img.danuri.io/catalog-image/248/174/010/d01a4d34eb0c445485f391bf85f0ee93.jpg?shrink=130:130&_v=20260921080455,https://prod.danawa.com/info/?pcode=10174248&cate=112777
174,잘만,잘만 GigaMax III 650W 80PLUS브론즈 모듈러 ATX3.1,"67,420","ATX 파워 / 650W / 80 PLUS 브론즈 / 케이블연결 : 세미모듈러 / ETA인증 : SILVER / LAMBDA인증 : STANDARD++ / +12V 싱글레일 / +12V 가용률 : 100% / 액티브PFC / PF(역률) : 99% / 120mm 팬 / 깊이 : 140mm / 무상 7년 / [커넥터] 메인전원 : 24핀 / 보조전원 : 8핀x1, (4+4)핀x1 / PCIe 16핀(12+4) : 12V2x6 1개 / PCIe 8핀(6+2) : 2개 / SATA : 6개 / IDE 4핀 : 3개 / [부가기능] 대기전력 1W 미만 / [변경사항] 24년 10월 ATX 3.0 → ATX 3.1 인증추가로 변경 / PCIe 16핀(12+4) 12VHPWR → 12V2x6로 변경 닫기",https://img.danuri.io/catalog-image/193/996/031/d01647ea3e0440d3a5ef2d67abc4a7d0.jpg?shrink=130:130&_v=20260921080457,https://prod.danawa.com/info/?pcode=31996193&cate=112777
175,잘만,잘만 GigaMax III 850W 80PLUS브론즈 모듈러 ATX3.1 화이트,"92,670","ATX 파워 / 850W / 80 PLUS 브론즈 / 케이블연결 : 세미모듈러 / ETA인증 : SILVER / LAMBDA인증 : STANDARD++ / +12V 싱글레일 / +12V 가용률 : 100% / 액티브PFC / PF(역률) : 99% / 120mm 팬 / 깊이 : 140mm / 무상 7년 / [커넥터] 메인전원 : 24핀 / 보조전원 : 8핀x1, (4+4)핀x1 / PCIe 16핀(12+4) : 12V2x6 1개 / PCIe 8핀(6+2) : 4개 / SATA : 6개 / IDE 4핀 : 3개 / [부가기능] 대기전력 1W 미만 / 플랫케이블 닫기",https://img.danuri.io/catalog-image/329/566/094/6310cc88fdb745f5848ae2338e833d42.jpg?shrink=130:130&_v=20260921080622,https://prod.danawa.com/info/?pcode=94566329&cate=112777
176,잘만,잘만 MegaMax ET 700W 80PLUS스탠다드,"53,680","ATX 파워 / 700W / 80 PLUS 스탠다드 / 케이블연결 : 케이블일체형 / +12V 싱글레일 / +12V 가용률 : 90% / 액티브PFC / PF(역률) : 98% / 120mm 팬 / 깊이 : 140mm / 무상 5년 / [커넥터] 메인전원 : 24핀(20+4) / 보조전원 : 8핀x1, (4+4)핀x1 / PCIe 8핀(6+2) : 4개 / SATA : 6개 / IDE 4핀 : 3개 / FDD : 1개 / [부가기능] 자동 팬 조절 / 대기전력 1W 미만 닫기",https://img.danuri.io/catalog-image/220/122/017/4e5fb2820bd840808872bf14565b91de.jpg?shrink=130:130&_v=20260921080443,https://prod.danawa.com/info/?pcode=17122220&cate=112777
177,잘만,잘만 ZM500W-XEII,"36,740",ATX 파워 / 500W / +12V 싱글레일 / +12V 가용률 : 90% / 120mm 팬 / 깊이 : 150mm / 무상 3년 / [커넥터] 메인전원 : 24핀 / 보조전원 : (4+4)핀x1 / PCIe 8핀(6+2) : 2개 / SATA : 4개 / IDE 4핀 : 3개 / [부가기능] 대기전력 1W 미만 닫기,https://img.danuri.io/catalog-image/339/105/092/ade931dc8fd64b679581cfa9607af091.jpg?shrink=130:130&_v=20260921080444,https://prod.danawa.com/info/?pcode=92105339&cate=112777
178,잘만,잘만 DecaMax 500W 80PLUS스탠다드,"43,220",ATX 파워 / 500W / 80 PLUS 스탠다드 / +12V 싱글레일 / +12V 가용률 : 91% / 액티브PFC / PF(역률) : 99% / 120mm 팬 / 깊이 : 140mm / 무상 6년 / [커넥터] 메인전원 : 24핀 / 보조전원 : (4+4)핀x1 / PCIe 8핀(6+2) : 2개 / SATA : 4개 / IDE 4핀 : 3개 / [부가기능] 대기전력 1W 미만 / 플랫케이블 닫기,https://img.danuri.io/catalog-image/795/601/049/9ab99c32e0794154b56170ddf63ab92d.jpg?shrink=130:130&_v=20260921080609,https://prod.danawa.com/info/?pcode=49601795&cate=112777
179,잘만,잘만 ACRUX II 1000W 80PLUS플래티넘 풀모듈러 ATX3.1,"212,000",ATX 파워 / 1000W / 80 PLUS 플래티넘 / 케이블연결 : 풀모듈러 / ETA인증 : TITANIUM / LAMBDA인증 : A+ / +12V 싱글레일 / +12V 가용률 : 100% / 액티브PFC / PF(역률) : 99% / 120mm 팬 / 깊이 : 140mm / 무상 10년 / 메인전원 : 24핀 / 보조전원 : (4+4)핀x2 / PCIe 16핀(12+4) : 12V2x6 1개 / PCIe 8핀(6+2) : 4개 / SATA : 12개 / IDE 4핀 : 3개 / FDD : 1개 / [부가기능] 팬리스모드 / 자동 팬 조절 / 대기전력 1W 미만 / 프리볼트 닫기,https://img.danuri.io/catalog-image/540/696/101/f38e70d483f7470ab2ffd5fe7bd601cf.jpg?shrink=130:130&_v=20260921080457,https://prod.danawa.com/info/?pcode=101696540&cate=112777
180,잘만,잘만 TeraMax II SE 850W 80PLUS골드 풀모듈러 ATX3.1 블랙,"126,880",ATX 파워 / 850W / 80 PLUS 골드 / 케이블연결 : 풀모듈러 / ETA인증 : GOLD / LAMBDA인증 : A / +12V 싱글레일 / +12V 가용률 : 100% / 액티브PFC / PF(역률) : 99% / 120mm 팬 / 깊이 : 140mm / 무상 10년 / [커넥터] 메인전원 : 24핀 / 보조전원 : (4+4)핀x2 / PCIe 16핀(12+4) : 12V2x6 1개 / PCIe 8핀(6+2) : 4개 / SATA : 12개 / IDE 4핀 : 3개 / FDD : 1개 / [부가기능] 대기전력 1W 미만 / 프리볼트 / 플랫케이블 닫기,https://img.danuri.io/catalog-image/503/529/089/a4586c74272b4dbb919e2538fc02478b.jpg?shrink=130:130&_v=20260921080444,https://prod.danawa.com/info/?pcode=89529503&cate=112777
181,잘만,잘만 MegaMax 500W 80PLUS스탠다드,"44,830","ATX 파워 / 500W / 80 PLUS 스탠다드 / 케이블연결 : 케이블일체형 / +12V 싱글레일 / +12V 가용률 : 90% / 액티브PFC / PF(역률) : 98% / 120mm 팬 / 깊이 : 140mm / 무상 6년 / [커넥터] 메인전원 : 24핀(20+4) / 보조전원 : 8핀x1, 4핀x1 / PCIe 8핀(6+2) : 2개 / SATA : 6개 / IDE 4핀 : 3개 / [부가기능] 자동 팬 조절 / 대기전력 1W 미만 / 플랫케이블 닫기",https://img.danuri.io/catalog-image/137/174/010/06de5095c94d46ed8982a4ccf2ffc9cb.jpg?shrink=130:130&_v=20260921081041,https://prod.danawa.com/info/?pcode=10174137&cate=112777
182,잘만,잘만 MegaMax ET 600W 80PLUS스탠다드,"49,200","ATX 파워 / 600W / 80 PLUS 스탠다드 / 케이블연결 : 케이블일체형 / +12V 싱글레일 / +12V 가용률 : 90% / 액티브PFC / PF(역률) : 98% / 120mm 팬 / 깊이 : 140mm / 무상 5년 / [커넥터] 메인전원 : 24핀(20+4) / 보조전원 : 8핀x1, (4+4)핀x1 / PCIe 8핀(6+2) : 2개 / SATA : 6개 / IDE 4핀 : 3개 / FDD : 1개 / [부가기능] 자동 팬 조절 / 대기전력 1W 미만 닫기",https://img.danuri.io/catalog-image/130/122/017/33e04175c8a64cfb85db084d3a392ddb.jpg?shrink=130:130&_v=20260921131223,https://prod.danawa.com/info/?pcode=17122130&cate=112777
183,잘만,잘만 Wattbit II 500W,"38,800",ATX 파워 / 500W / 케이블연결 : 케이블일체형 / +12V 싱글레일 / +12V 가용률 : 90% / 120mm 팬 / 깊이 : 140mm / 무상 3년 / [커넥터] 메인전원 : 24핀(20+4) / 보조전원 : (4+4)핀x1 / PCIe 8핀(6+2) : 2개 / SATA : 4개 / IDE 4핀 : 3개 / [부가기능] 대기전력 1W 미만 닫기,https://img.danuri.io/catalog-image/939/023/012/664e397fe4fc4b339be09b794a883618.jpg?shrink=130:130&_v=20260921080457,https://prod.danawa.com/info/?pcode=12023939&cate=112777
184,잘만,잘만 TeraMax II SE 750W 80PLUS골드 풀모듈러 ATX3.1 블랙,"122,100",ATX 파워 / 750W / 80 PLUS 골드 / 케이블연결 : 풀모듈러 / ETA인증 : GOLD / LAMBDA인증 : A / +12V 싱글레일 / +12V 가용률 : 100% / 액티브PFC / PF(역률) : 99% / 120mm 팬 / 깊이 : 140mm / 무상 10년 / [커넥터] 메인전원 : 24핀 / 보조전원 : (4+4)핀x2 / PCIe 16핀(12+4) : 12V2x6 1개 / PCIe 8핀(6+2) : 3개 / SATA : 8개 / IDE 4핀 : 3개 / FDD : 1개 / [부가기능] 대기전력 1W 미만 / 프리볼트 / 플랫케이블 닫기,https://img.danuri.io/catalog-image/350/529/089/e7267c5d1b4642c4837d272dd1dd475e.jpg?shrink=130:130&_v=20260921080454,https://prod.danawa.com/info/?pcode=89529350&cate=112777
185,잘만,잘만 ACRUX II 850W 80PLUS플래티넘 풀모듈러 ATX3.1,"190,000",ATX 파워 / 850W / 80 PLUS 플래티넘 / 케이블연결 : 풀모듈러 / ETA인증 : PLATINUM / LAMBDA인증 : A+ / +12V 싱글레일 / +12V 가용률 : 100% / 액티브PFC / PF(역률) : 99% / 120mm 팬 / 깊이 : 140mm / 무상 10년 / 메인전원 : 24핀 / 보조전원 : (4+4)핀x2 / PCIe 16핀(12+4) : 12V2x6 1개 / PCIe 8핀(6+2) : 4개 / SATA : 12개 / IDE 4핀 : 3개 / FDD : 1개 / [부가기능] 팬리스모드 / 자동 팬 조절 / 대기전력 1W 미만 / 프리볼트 닫기,https://img.danuri.io/catalog-image/942/690/101/5258fc21678d4c319a73131652092463.jpg?shrink=130:130&_v=20260921080444,https://prod.danawa.com/info/?pcode=101690942&cate=112777
186,잘만,잘만 ZM700W-XEII,"47,100","ATX 파워 / 700W / +12V 싱글레일 / +12V 가용률 : 90% / 120mm 팬 / 깊이 : 150mm / 무상 3년 / [커넥터] 메인전원 : 24핀 / 보조전원 : 8핀x1, (4+4)핀x1 / PCIe 8핀(6+2) : 4개 / SATA : 5개 / IDE 4핀 : 3개 / [부가기능] 대기전력 1W 미만 닫기",https://img.danuri.io/catalog-image/531/105/092/4d0754985aaa461f87e2f14cb1bfb91b.jpg?shrink=130:130&_v=20260921080444,https://prod.danawa.com/info/?pcode=92105531&cate=112777
187,잘만,잘만 TeraMax II VIEW 1000W 80PLUS골드 풀모듈러 ATX3.1 블랙,"169,040",ATX 파워 / 1000W / 80 PLUS 골드 / 케이블연결 : 풀모듈러 / ETA인증 : PLATINUM / LAMBDA인증 : A- / +12V 싱글레일 / +12V 가용률 : 100% / 액티브PFC / PF(역률) : 99% / 120mm 팬 / 깊이 : 140mm / 무상 10년 / [커넥터] 메인전원 : 24핀 / 보조전원 : (4+4)핀x2 / PCIe 16핀(12+4) : 12V2x6 1개 / PCIe 8핀(6+2) : 4개 / SATA : 12개 / IDE 4핀 : 3개 / FDD : 1개 / RGB : 1개 / [부가기능] 대기전력 1W 미만 / 프리볼트 / 플랫케이블 닫기,https://img.danuri.io/catalog-image/416/566/094/a048eac2b6ea4f3cb6b8b610c27e2096.jpg?shrink=130:130&_v=20260921080441,https://prod.danawa.com/info/?pcode=94566416&cate=112777
188,잘만,잘만 DecaMax ET 700W 80PLUS스탠다드,"48,810","ATX 파워 / 700W / 80 PLUS 스탠다드 / 케이블연결 : 케이블일체형 / +12V 싱글레일 / +12V 가용률 : 91% / 액티브PFC / PF(역률) : 99% / 120mm 팬 / 깊이 : 140mm / 무상 5년 / [커넥터] 메인전원 : 24핀 / 보조전원 : 8핀x1, 4핀x1 / PCIe 8핀(6+2) : 4개 / SATA : 6개 / IDE 4핀 : 3개 / [부가기능] 대기전력 1W 미만 닫기",https://img.danuri.io/catalog-image/480/921/065/5669bf342f8a49cf988e045b5ec2e3b0.jpg?shrink=130:130&_v=20260921102608,https://prod.danawa.com/info/?pcode=65921480&cate=112777
189,잘만,잘만 ZM850-ARX 80PLUS플래티넘,"189,100","ATX 파워 / 850W / 80 PLUS 플래티넘 / 케이블연결 : 풀모듈러 / +12V 싱글레일 / +12V 가용률 : 98% / 액티브PFC / 135mm 팬 / 깊이 : 180mm / 무상 10년 / [커넥터] 메인전원 : 24핀(20+4) / 보조전원 : 8핀x1, (4+4)핀x1 / PCIe 8핀(6+2) : 6개 / SATA : 12개 / IDE 4핀 : 8개 / FDD : 1개 / [부가기능] 팬리스모드 / 자동 팬 조절 / 대기전력 1W 미만 / 프리볼트 / 플랫케이블 / [변경사항] ※ 23.01 무상 보증 기한 연장(7년→10년) 닫기",https://img.danuri.io/catalog-image/709/909/004/6ec93798222c4c0fa49a6dad9716c2ef.jpg?shrink=130:130&_v=20260921091053,https://prod.danawa.com/info/?pcode=4909709&cate=112777
190,잘만,잘만 GigaMax III 750W 80PLUS브론즈 모듈러 ATX3.1 화이트,"76,650","ATX 파워 / 750W / 80 PLUS 브론즈 / 케이블연결 : 세미모듈러 / ETA인증 : SILVER / LAMBDA인증 : STANDARD++ / +12V 싱글레일 / +12V 가용률 : 100% / 액티브PFC / PF(역률) : 99% / 120mm 팬 / 깊이 : 140mm / 무상 7년 / [커넥터] 메인전원 : 24핀 / 보조전원 : 8핀x1, (4+4)핀x1 / PCIe 16핀(12+4) : 12V2x6 1개 / PCIe 8핀(6+2) : 4개 / SATA : 6개 / IDE 4핀 : 3개 / [부가기능] 대기전력 1W 미만 / 플랫케이블 닫기",https://img.danuri.io/catalog-image/323/566/094/209bd104d36e4c9fb96bebd1d7894532.jpg?shrink=130:130&_v=20260920080523,https://prod.danawa.com/info/?pcode=94566323&cate=112777
191,잘만,잘만 Wattbit II 600W,"44,080",ATX 파워 / 600W / 케이블연결 : 케이블일체형 / +12V 싱글레일 / +12V 가용률 : 90% / 120mm 팬 / 깊이 : 140mm / 무상 3년 / [커넥터] 메인전원 : 24핀(20+4) / 보조전원 : (4+4)핀x1 / PCIe 8핀(6+2) : 2개 / SATA : 4개 / IDE 4핀 : 3개 / [부가기능] 대기전력 1W 미만 닫기,https://img.danuri.io/catalog-image/981/023/012/624983effd3943e48d2b7e6cfe0df747.jpg?shrink=130:130&_v=20260921080443,https://prod.danawa.com/info/?pcode=12023981&cate=112777
192,잘만,잘만 TeraMax II VIEW 1200W 80PLUS골드 풀모듈러 ATX3.1 블랙,"185,280",ATX 파워 / 1200W / 80 PLUS 골드 / 케이블연결 : 풀모듈러 / ETA인증 : PLATINUM / LAMBDA인증 : STANDARD+ / +12V 싱글레일 / +12V 가용률 : 100% / 액티브PFC / PF(역률) : 99% / 120mm 팬 / 깊이 : 140mm / 무상 10년 / [커넥터] 메인전원 : 24핀 / 보조전원 : (4+4)핀x2 / PCIe 16핀(12+4) : 12V2x6 1개 / PCIe 8핀(6+2) : 4개 / SATA : 12개 / IDE 4핀 : 3개 / FDD : 1개 / RGB : 1개 / [부가기능] 대기전력 1W 미만 / 프리볼트 / 플랫케이블 닫기,https://img.danuri.io/catalog-image/452/566/094/0e5cc405d9ca4285b78ae5beab878b88.jpg?shrink=130:130&_v=20260921080609,https://prod.danawa.com/info/?pcode=94566452&cate=112777
193,잘만,잘만 ZM600W-XEII,"41,360",ATX 파워 / 600W / +12V 싱글레일 / +12V 가용률 : 90% / 120mm 팬 / 깊이 : 150mm / 무상 3년 / [커넥터] 메인전원 : 24핀 / 보조전원 : (4+4)핀x1 / PCIe 8핀(6+2) : 2개 / SATA : 4개 / IDE 4핀 : 3개 / [부가기능] 대기전력 1W 미만 닫기,https://img.danuri.io/catalog-image/393/105/092/257311599d4c430f8f7f3ef72953bca3.jpg?shrink=130:130&_v=20260921080622,https://prod.danawa.com/info/?pcode=92105393&cate=112777
194,잘만,잘만 DecaMax ET 600W 80PLUS스탠다드,"44,640",ATX 파워 / 600W / 80 PLUS 스탠다드 / 케이블연결 : 케이블일체형 / +12V 싱글레일 / +12V 가용률 : 91% / 액티브PFC / PF(역률) : 99% / 120mm 팬 / 깊이 : 140mm / 무상 5년 / [커넥터] 메인전원 : 24핀 / 보조전원 : (4+4)핀x1 / PCIe 8핀(6+2) : 2개 / SATA : 6개 / IDE 4핀 : 3개 / [부가기능] 대기전력 1W 미만 닫기,https://img.danuri.io/catalog-image/402/921/065/55ccfbfa5cda4d68b01d3a58784f7fb4.jpg?shrink=130:130&_v=20260921102704,https://prod.danawa.com/info/?pcode=65921402&cate=112777
195,잘만,잘만 TeraMax II 750W 80PLUS골드 풀모듈러 ATX3.1 화이트,"135,300",ATX 파워 / 750W / 80 PLUS 골드 / 케이블연결 : 풀모듈러 / ETA인증 : PLATINUM / LAMBDA인증 : A- / +12V 싱글레일 / +12V 가용률 : 100% / 액티브PFC / PF(역률) : 99% / 120mm 팬 / 깊이 : 140mm / 무상 10년 / [커넥터] 메인전원 : 24핀 / 보조전원 : (4+4)핀x2 / PCIe 16핀(12+4) : 12V2x6 1개 / PCIe 8핀(6+2) : 3개 / SATA : 8개 / IDE 4핀 : 3개 / FDD : 1개 / [부가기능] 대기전력 1W 미만 / 프리볼트 / 플랫케이블 / [변경사항] 25년 3월 ATX 3.0 → ATX 3.1 인증추가로 변경 닫기,https://img.danuri.io/catalog-image/292/662/020/a3976a9041ca45f3b461490536093209.jpg?shrink=130:130&_v=20260921080609,https://prod.danawa.com/info/?pcode=20662292&cate=112777
196,잘만,잘만 TeraMax II 1200W 80PLUS골드 풀모듈러 ATX3.1 블랙,"175,480",ATX 파워 / 1200W / 80 PLUS 골드 / 케이블연결 : 풀모듈러 / ETA인증 : PLATINUM / LAMBDA인증 : STANDARD+ / +12V 싱글레일 / +12V 가용률 : 100% / 액티브PFC / PF(역률) : 99% / 120mm 팬 / 깊이 : 140mm / 무상 10년 / [커넥터] 메인전원 : 24핀 / 보조전원 : (4+4)핀x2 / PCIe 16핀(12+4) : 12V2x6 1개 / PCIe 8핀(6+2) : 4개 / SATA : 12개 / IDE 4핀 : 3개 / FDD : 1개 / [부가기능] 대기전력 1W 미만 / 프리볼트 / 플랫케이블 / [변경사항] 25년 3월 ATX 3.0 → ATX 3.1 인증추가로 변경 닫기,https://img.danuri.io/catalog-image/186/663/020/f42da7e8daf943bb9332525493d5bfb8.jpg?shrink=130:130&_v=20260921080609,https://prod.danawa.com/info/?pcode=20663186&cate=112777
197,잘만,잘만 GigaMax 650W 80PLUS브론즈 230V EU,"51,900",ATX 파워 / 650W / 80 PLUS 브론즈 / 케이블연결 : 케이블일체형 / +12V 싱글레일 / +12V 가용률 : 99% / 액티브PFC / PF(역률) : 99% / 120mm 팬 / 깊이 : 140mm / 무상 7년 / [커넥터] 메인전원 : 24핀 / 보조전원 : (4+4)핀x1 / PCIe 8핀(6+2) : 2개 / SATA : 5개 / IDE 4핀 : 3개 / FDD : 1개 / [부가기능] 대기전력 1W 미만 / 플랫케이블 닫기,https://img.danuri.io/catalog-image/554/910/009/ed612dd9cedb4869af103c78e395d99c.jpg?shrink=130:130&_v=20260921080404,https://prod.danawa.com/info/?pcode=9910554&cate=112777
198,잘만,잘만 TeraMax II 750W 80PLUS골드 풀모듈러 ATX3.1 블랙,"134,450",ATX 파워 / 750W / 80 PLUS 골드 / 케이블연결 : 풀모듈러 / ETA인증 : PLATINUM / LAMBDA인증 : A- / +12V 싱글레일 / +12V 가용률 : 100% / 액티브PFC / PF(역률) : 99% / 120mm 팬 / 깊이 : 140mm / 무상 10년 / [커넥터] 메인전원 : 24핀 / 보조전원 : (4+4)핀x2 / PCIe 16핀(12+4) : 12V2x6 1개 / PCIe 8핀(6+2) : 3개 / SATA : 8개 / IDE 4핀 : 3개 / FDD : 1개 / [부가기능] 대기전력 1W 미만 / 프리볼트 / 플랫케이블 / [변경사항] 25년 3월 ATX 3.0 → ATX 3.1 인증추가로 변경 닫기,https://img.danuri.io/catalog-image/217/662/020/f70fc2edad214c3581044b039e728148.jpg?shrink=130:130&_v=20260921080609,https://prod.danawa.com/info/?pcode=20662217&cate=112777
199,잘만,잘만 GV2SE 800W 80PLUS브론즈,"84,500","ATX 파워 / 800W / 80 PLUS 브론즈 / 케이블연결 : 케이블일체형 / ETA인증 : SILVER / LAMBDA인증 : A / +12V 싱글레일 / +12V 가용률 : 100% / 액티브PFC / PF(역률) : 99% / 120mm 팬 / 깊이 : 150mm / 무상 7년 / [커넥터] 메인전원 : 24핀(20+4) / 보조전원 : 8핀x1, (4+4)핀x1 / PCIe 8핀(6+2) : 2개 / SATA : 8개 / IDE 4핀 : 4개 / FDD : 1개 / [부가기능] 플랫케이블 닫기",https://img.danuri.io/catalog-image/433/994/123/d1616413b0b448b1bd5da57a9df03346.jpeg?shrink=130:130&_v=20260921080443,https://prod.danawa.com/info/?pcode=123994433&cate=112777
200,잘만,잘만 Tager GAMING 600W 벌크,"42,490",ATX 파워 / 600W / 케이블연결 : 케이블일체형 / +12V 싱글레일 / +12V 가용률 : 90% / 120mm 팬 / 깊이 : 140mm / 무상 3년 / [커넥터] 메인전원 : 24핀(20+4) / 보조전원 : (4+4)핀x1 / PCIe 8핀(6+2) : 2개 / SATA : 4개 / IDE 4핀 : 3개 / [부가기능] 대기전력 1W 미만 닫기,https://img.danuri.io/catalog-image/447/461/012/93e00306ba7447b281494f38ceede163.jpg?shrink=130:130&_v=20260921135114,https://prod.danawa.com/info/?pcode=12461447&cate=112777
201,잘만,잘만 TeraMax II 850W 80PLUS골드 풀모듈러 ATX3.1 블랙,"159,000",ATX 파워 / 850W / 80 PLUS 골드 / 케이블연결 : 풀모듈러 / ETA인증 : PLATINUM / LAMBDA인증 : A- / +12V 싱글레일 / +12V 가용률 : 100% / 액티브PFC / PF(역률) : 99% / 120mm 팬 / 깊이 : 140mm / 무상 10년 / [커넥터] 메인전원 : 24핀 / 보조전원 : (4+4)핀x2 / PCIe 16핀(12+4) : 12V2x6 1개 / PCIe 8핀(6+2) : 4개 / SATA : 12개 / IDE 4핀 : 3개 / FDD : 1개 / [부가기능] 대기전력 1W 미만 / 프리볼트 / 플랫케이블 / [변경사항] 25년 3월 ATX 3.0 → ATX 3.1 인증추가로 변경 닫기,https://img.danuri.io/catalog-image/490/662/020/39688801042e439c9b9016759cc0a52c.jpg?shrink=130:130&_v=20260921080455,https://prod.danawa.com/info/?pcode=20662490&cate=112777
202,잘만,잘만 WATTTERA 1200W 80PLUS골드,"269,360",ATX 파워 / 1200W / 80 PLUS 골드 / 케이블연결 : 풀모듈러 / 전압변동 : ±3% / +12V 싱글레일 / +12V 가용률 : 99% / 액티브PFC / PF(역률) : 99% / 135mm 팬 / 깊이 : 160mm / 무상 10년 / [커넥터] 메인전원 : 24핀 / 보조전원 : (4+4)핀x2 / PCIe 8핀(6+2) : 8개 / SATA : 12개 / IDE 4핀 : 3개 / FDD : 1개 / [부가기능] 자동 팬 조절 / 대기전력 1W 미만 / 플랫케이블 / [변경사항] ※ 23.01 무상 보증 기한 연장(7년→10년) 닫기,https://img.danuri.io/catalog-image/882/170/012/425b7cdd9ea6486db9bf5e2b36306be0.jpg?shrink=130:130&_v=20260921080621,https://prod.danawa.com/info/?pcode=12170882&cate=112777
203,잘만,잘만 Wattbit II 400W,"34,250",ATX 파워 / 400W / 케이블연결 : 케이블일체형 / +12V 싱글레일 / +12V 가용률 : 90% / 120mm 팬 / 깊이 : 140mm / 무상 3년 / [커넥터] 메인전원 : 24핀(20+4) / 보조전원 : (4+4)핀x1 / PCIe 8핀(6+2) : 2개 / SATA : 4개 / IDE 4핀 : 3개 / [부가기능] 대기전력 1W 미만 닫기,https://img.danuri.io/catalog-image/885/023/012/5fbb26226c584f31988a8458c5aa4ce4.jpg?shrink=130:130&_v=20260921080622,https://prod.danawa.com/info/?pcode=12023885&cate=112777
204,잘만,잘만 ZM1000-ARX 80PLUS플래티넘,"220,170","ATX 파워 / 1000W / 80 PLUS 플래티넘 / 케이블연결 : 풀모듈러 / +12V 싱글레일 / +12V 가용률 : 99% / 액티브PFC / 135mm 팬 / 깊이 : 180mm / 무상 10년 / [커넥터] 메인전원 : 24핀(20+4) / 보조전원 : 8핀x1, (4+4)핀x1 / PCIe 8핀(6+2) : 6개 / SATA : 12개 / IDE 4핀 : 8개 / FDD : 1개 / [부가기능] 팬리스모드 / 자동 팬 조절 / 대기전력 1W 미만 / 프리볼트 / 플랫케이블 / [변경사항] ※ 23.01 무상 보증 기한 연장(7년→10년) 닫기",https://img.danuri.io/catalog-image/726/909/004/0d3f7627f4054a83a3414bd59cb8a8f7.jpg?shrink=130:130&_v=20260921080458,https://prod.danawa.com/info/?pcode=4909726&cate=112777
205,잘만,잘만 MegaMax ET 500W 80PLUS스탠다드,"47,000",ATX 파워 / 500W / 80 PLUS 스탠다드 / 케이블연결 : 케이블일체형 / +12V 싱글레일 / +12V 가용률 : 90% / 액티브PFC / PF(역률) : 98% / 120mm 팬 / 깊이 : 140mm / 무상 5년 / [커넥터] 메인전원 : 24핀(20+4) / 보조전원 : (4+4)핀x1 / PCIe 8핀(6+2) : 2개 / SATA : 6개 / IDE 4핀 : 3개 / FDD : 1개 / [부가기능] 자동 팬 조절 / 대기전력 1W 미만 닫기,https://img.danuri.io/catalog-image/881/121/017/7feba9691fa54c67b8b8c7188fef45ae.jpg?shrink=130:130&_v=20260921080457,https://prod.danawa.com/info/?pcode=17121881&cate=112777
206,잘만,잘만 ZM1200-ARX 80PLUS플래티넘,"259,000","ATX 파워 / 1200W / 80 PLUS 플래티넘 / 케이블연결 : 풀모듈러 / +12V 싱글레일 / +12V 가용률 : 100% / 액티브PFC / 135mm 팬 / 깊이 : 180mm / 무상 10년 / [커넥터] 메인전원 : 24핀(20+4) / 보조전원 : 8핀x1, (4+4)핀x1 / PCIe 8핀(6+2) : 2개 / PCIe 6핀 : 4개 / SATA : 16개 / IDE 4핀 : 8개 / FDD : 1개 / [부가기능] 팬리스모드 / 자동 팬 조절 / 대기전력 1W 미만 / 프리볼트 / [변경사항] ※ 23.01 무상 보증 기한 연장(7년→10년) 닫기",https://img.danuri.io/catalog-image/836/488/005/632f07129d3b4db4a4693e4bcb43f7b5.jpg?shrink=130:130&_v=20260919080509,https://prod.danawa.com/info/?pcode=5488836&cate=112777
207,잘만,잘만 ZM750-ARX 80PLUS플래티넘,"179,000","ATX 파워 / 750W / 80 PLUS 플래티넘 / 케이블연결 : 풀모듈러 / +12V 싱글레일 / +12V 가용률 : 99% / 액티브PFC / 135mm 팬 / 깊이 : 180mm / 무상 10년 / [커넥터] 메인전원 : 24핀(20+4) / 보조전원 : 8핀x1, (4+4)핀x1 / PCIe 8핀(6+2) : 4개 / SATA : 12개 / IDE 4핀 : 6개 / FDD : 1개 / [부가기능] 팬리스모드 / 자동 팬 조절 / 대기전력 1W 미만 / 프리볼트 / 플랫케이블 / [변경사항] ※ 23.01 무상 보증 기한 연장(7년→10년) 닫기",https://img.danuri.io/catalog-image/686/909/004/bf0090d83e6f47dd84c56afa714df66c.jpg?shrink=130:130&_v=20260919080523,https://prod.danawa.com/info/?pcode=4909686&cate=112777
208,잘만,잘만 GAMING 600W 벌크,"42,500",ATX 파워 / 600W / 케이블연결 : 케이블일체형 / +12V 다중레일 / +12V 가용률 : 90% / 120mm 팬 / 깊이 : 140mm / 무상 3년 / [커넥터] 메인전원 : 24핀(20+4) / 보조전원 : (4+4)핀x1 / PCIe 8핀(6+2) : 2개 / SATA : 4개 / IDE 4핀 : 3개 / [부가기능] 대기전력 1W 미만 / [변경사항] 2019년 7월 디자인 변경 닫기,https://img.danuri.io/catalog-image/698/158/006/ce8608da015a48a2aea41fcc0496647e.jpg?shrink=130:130&_v=20260921080454,https://prod.danawa.com/info/?pcode=6158698&cate=112777
209,잘만,잘만 TeraMax II 1200W 80PLUS골드 풀모듈러 ATX3.1 화이트,"204,000",ATX 파워 / 1200W / 80 PLUS 골드 / 케이블연결 : 풀모듈러 / ETA인증 : PLATINUM / LAMBDA인증 : STANDARD+ / +12V 싱글레일 / +12V 가용률 : 100% / 액티브PFC / PF(역률) : 99% / 120mm 팬 / 깊이 : 140mm / 무상 10년 / [커넥터] 메인전원 : 24핀 / 보조전원 : (4+4)핀x2 / PCIe 16핀(12+4) : 12V2x6 1개 / PCIe 8핀(6+2) : 4개 / SATA : 12개 / IDE 4핀 : 3개 / FDD : 1개 / [부가기능] 대기전력 1W 미만 / 프리볼트 / 플랫케이블 / [변경사항] 25년 3월 ATX 3.0 → ATX 3.1 인증추가로 변경 닫기,https://img.danuri.io/catalog-image/225/663/020/aa250effc617470d9b9a6040d9948094.jpg?shrink=130:130&_v=20260920080523,https://prod.danawa.com/info/?pcode=20663225&cate=112777
210,잘만,잘만 GigaMax 750W 80PLUS브론즈 230V EU,"60,000",ATX 파워 / 750W / 80 PLUS 브론즈 / 케이블연결 : 케이블일체형 / +12V 싱글레일 / +12V 가용률 : 99% / 액티브PFC / PF(역률) : 99% / 120mm 팬 / 깊이 : 140mm / 무상 7년 / [커넥터] 메인전원 : 24핀 / 보조전원 : (4+4)핀x1 / PCIe 8핀(6+2) : 4개 / SATA : 5개 / IDE 4핀 : 3개 / FDD : 1개 / [부가기능] 대기전력 1W 미만 / 플랫케이블 닫기,https://img.danuri.io/catalog-image/572/910/009/74978eeb8eb5449da0caaad2603d4b84.jpg?shrink=130:130&_v=20260921080444,https://prod.danawa.com/info/?pcode=9910572&cate=112777
211,잘만,잘만 TeraMax II 1000W 80PLUS골드 풀모듈러 ATX3.1 블랙,"179,000",ATX 파워 / 1000W / 80 PLUS 골드 / 케이블연결 : 풀모듈러 / ETA인증 : PLATINUM / LAMBDA인증 : A- / +12V 싱글레일 / +12V 가용률 : 100% / 액티브PFC / PF(역률) : 99% / 120mm 팬 / 깊이 : 140mm / 무상 10년 / [커넥터] 메인전원 : 24핀 / 보조전원 : (4+4)핀x2 / PCIe 16핀(12+4) : 12V2x6 1개 / PCIe 8핀(6+2) : 4개 / SATA : 12개 / IDE 4핀 : 3개 / FDD : 1개 / [부가기능] 대기전력 1W 미만 / 프리볼트 / 플랫케이블 / [변경사항] 25년 3월 ATX 3.0 → ATX 3.1 인증추가로 변경 닫기,https://img.danuri.io/catalog-image/874/662/020/1f9067f32dad4c69a4b428aa0be01680.jpg?shrink=130:130&_v=20260919080517,https://prod.danawa.com/info/?pcode=20662874&cate=112777
212,잘만,잘만 TeraMax 750W 80PLUS골드 풀모듈러,"134,000",ATX 파워 / 750W / 80 PLUS 골드 / 케이블연결 : 풀모듈러 / 전압변동 : ±3% / +12V 싱글레일 / +12V 가용률 : 100% / 액티브PFC / PF(역률) : 99% / 120mm 팬 / 깊이 : 140mm / 무상 10년 / [커넥터] 메인전원 : 24핀 / 보조전원 : (4+4)핀x2 / PCIe 8핀(6+2) : 4개 / SATA : 8개 / IDE 4핀 : 3개 / FDD : 1개 / [부가기능] 대기전력 1W 미만 / 플랫케이블 / [변경사항] ※ 23.01 무상 보증 기한 연장(7년→10년) 닫기,https://img.danuri.io/catalog-image/488/935/016/1514e591222542a7aa30164f87f914f6.jpg?shrink=130:130&_v=20260921080444,https://prod.danawa.com/info/?pcode=16935488&cate=112777
213,잘만,잘만 TeraMax II 850W 80PLUS골드 풀모듈러 ATX3.1 화이트,"164,000",ATX 파워 / 850W / 80 PLUS 골드 / 케이블연결 : 풀모듈러 / ETA인증 : PLATINUM / LAMBDA인증 : A- / +12V 싱글레일 / +12V 가용률 : 100% / 액티브PFC / PF(역률) : 99% / 120mm 팬 / 깊이 : 140mm / 무상 10년 / [커넥터] 메인전원 : 24핀 / 보조전원 : (4+4)핀x2 / PCIe 16핀(12+4) : 12V2x6 1개 / PCIe 8핀(6+2) : 4개 / SATA : 12개 / IDE 4핀 : 3개 / FDD : 1개 / [부가기능] 대기전력 1W 미만 / 프리볼트 / 플랫케이블 / [변경사항] 25년 3월 ATX 3.0 → ATX 3.1 인증추가로 변경 닫기,https://img.danuri.io/catalog-image/529/662/020/a86494571fb945bb88cbb997c97b00c5.jpg?shrink=130:130&_v=20260917080516,https://prod.danawa.com/info/?pcode=20662529&cate=112777
214,잘만,잘만 MegaMax II 500W 80PLUS브론즈 ATX3.1,"55,000","ATX 파워 / 500W / 80 PLUS 브론즈 / ETA인증 : SILVER / LAMBDA인증 : A / +12V 싱글레일 / +12V 가용률 : 100% / 액티브PFC / PF(역률) : 99% / 120mm 팬 / 깊이 : 140mm / 무상 7년 / [커넥터] 메인전원 : 24핀(20+4) / 보조전원 : 8핀x1, 4핀x1 / PCIe 8핀(6+2) : 2개 / SATA : 6개 / IDE 4핀 : 3개 / FDD : 1개 / [부가기능] 대기전력 1W 미만 / 플랫케이블 닫기",https://img.danuri.io/catalog-image/880/056/074/500087eacee148ef95cd6a630d72023e.jpg?shrink=130:130&_v=20260921080442,https://prod.danawa.com/info/?pcode=74056880&cate=112777
215,잘만,잘만 WATTTERA 1000W 80PLUS골드,"236,880",ATX 파워 / 1000W / 80 PLUS 골드 / 케이블연결 : 풀모듈러 / +12V 싱글레일 / +12V 가용률 : 99% / 액티브PFC / PF(역률) : 99% / 135mm 팬 / 깊이 : 160mm / 무상 10년 / [커넥터] 메인전원 : 24핀 / 보조전원 : (4+4)핀x2 / PCIe 8핀(6+2) : 6개 / SATA : 8개 / IDE 4핀 : 3개 / FDD : 1개 / [부가기능] 자동 팬 조절 / 대기전력 1W 미만 / 프리볼트 / 플랫케이블 / [변경사항] ※ 23.01 무상 보증 기한 연장(7년→10년) 닫기,https://img.danuri.io/catalog-image/843/170/012/d55f7c469f5e41dc8078836982c39500.jpg?shrink=130:130&_v=20260920080509,https://prod.danawa.com/info/?pcode=12170843&cate=112777
216,잘만,잘만 GV2SE 700W 80PLUS브론즈,"75,000","ATX 파워 / 700W / 80 PLUS 브론즈 / 케이블연결 : 케이블일체형 / ETA인증 : SILVER / LAMBDA인증 : A / +12V 싱글레일 / +12V 가용률 : 100% / 액티브PFC / PF(역률) : 99% / 120mm 팬 / 깊이 : 150mm / 무상 7년 / [커넥터] 메인전원 : 24핀(20+4) / 보조전원 : 8핀x1, (4+4)핀x1 / PCIe 8핀(6+2) : 2개 / SATA : 6개 / IDE 4핀 : 4개 / FDD : 1개 / [부가기능] 플랫케이블 닫기",https://img.danuri.io/catalog-image/399/994/123/93d77f884da745dc963a66cdbfd0c3de.jpeg?shrink=130:130&_v=20260921080609,https://prod.danawa.com/info/?pcode=123994399&cate=112777
217,잘만,잘만 TeraMax II 1000W 80PLUS골드 풀모듈러 ATX3.1 화이트,"230,580",ATX 파워 / 1000W / 80 PLUS 골드 / 케이블연결 : 풀모듈러 / ETA인증 : PLATINUM / LAMBDA인증 : A- / +12V 싱글레일 / +12V 가용률 : 100% / 액티브PFC / PF(역률) : 99% / 120mm 팬 / 깊이 : 140mm / 무상 10년 / [커넥터] 메인전원 : 24핀 / 보조전원 : (4+4)핀x2 / PCIe 16핀(12+4) : 12V2x6 1개 / PCIe 8핀(6+2) : 4개 / SATA : 12개 / IDE 4핀 : 3개 / FDD : 1개 / [부가기능] 대기전력 1W 미만 / 프리볼트 / 플랫케이블 / [변경사항] 25년 3월 ATX 3.0 → ATX 3.1 인증추가로 변경 닫기,https://img.danuri.io/catalog-image/922/662/020/1dbfb725affb439b9f07e22126bc74cd.jpg?shrink=130:130&_v=20260920080509,https://prod.danawa.com/info/?pcode=20662922&cate=112777
218,잘만,잘만 GV2SE 600W 80PLUS브론즈,"61,000","ATX 파워 / 600W / 80 PLUS 브론즈 / 케이블연결 : 케이블일체형 / ETA인증 : SILVER / LAMBDA인증 : A / +12V 싱글레일 / +12V 가용률 : 100% / 액티브PFC / PF(역률) : 99% / 120mm 팬 / 깊이 : 150mm / 무상 7년 / [커넥터] 메인전원 : 24핀(20+4) / 보조전원 : 8핀x1, 4핀x1 / PCIe 8핀(6+2) : 2개 / SATA : 6개 / IDE 4핀 : 4개 / FDD : 1개 / [부가기능] 플랫케이블 닫기",https://img.danuri.io/catalog-image/368/994/123/9f68a96e83e549c68f1eaf257c7c84b6.jpeg?shrink=130:130&_v=20260920080523,https://prod.danawa.com/info/?pcode=123994368&cate=112777
219,잘만,잘만 EcoMax 500W (중고),"16,320",ATX 파워 / 500W / 케이블연결 : 케이블일체형 / +12V 다중레일 / +12V 가용률 : 91% / 120mm 팬 / 깊이 : 140mm / [커넥터] 메인전원 : 24핀(20+4) / 보조전원 : (4+4)핀x1 / PCIe 8핀(6+2) : 2개 / SATA : 4개 / IDE 4핀 : 3개 / [부가기능] 대기전력 1W 미만 닫기,https://img.danuri.io/catalog-image/184/989/014/4576cb8ebbca45349716045002e043a9.jpg?shrink=130:130&_v=20260921080444,https://prod.danawa.com/info/?pcode=14989184&cate=112777
220,잘만,잘만 MegaMax 700W 80PLUS스탠다드 (중고),"41,000","ATX 파워 / 700W / 80 PLUS 스탠다드 / 케이블연결 : 케이블일체형 / +12V 싱글레일 / +12V 가용률 : 90% / 액티브PFC / PF(역률) : 99% / 120mm 팬 / 깊이 : 140mm / [커넥터] 메인전원 : 24핀(20+4) / 보조전원 : (4+4)핀x1, 4핀x1 / PCIe 8핀(6+2) : 4개 / SATA : 6개 / IDE 4핀 : 4개 / FDD : 1개 / [부가기능] 자동 팬 조절 / 대기전력 1W 미만 / 플랫케이블 닫기",https://img.danuri.io/catalog-image/018/986/015/4631b65cdea54886a5126573323afc35.jpg?shrink=130:130&_v=20260921080442,https://prod.danawa.com/info/?pcode=15986018&cate=112777
221,잘만,잘만 ZM700-LEII (중고),"29,000",ATX파워 / 700W / 무상 3년 / [커넥터] 메인전원 : 24핀(20+4) / 보조전원 : 8핀(4+4) 1개 닫기,https://img.danuri.io/catalog-image/124/928/109/97d0e4659af9443482ec40218f0926a6.jpg?shrink=130:130&_v=20260921080609,https://prod.danawa.com/info/?pcode=109928124&cate=112777
222,잘만,잘만 WATTTERA 1200W 80PLUS골드 (중고),"180,310",ATX 파워 / 1200W / 80 PLUS 골드 / 케이블연결 : 풀모듈러 / 전압변동 : ±3% / +12V 싱글레일 / +12V 가용률 : 99% / 액티브PFC / PF(역률) : 99% / 135mm 팬 / 깊이 : 160mm / 무상 10년 / [커넥터] 메인전원 : 24핀 / 보조전원 : (4+4)핀x2 / PCIe 8핀(6+2) : 8개 / SATA : 12개 / IDE 4핀 : 3개 / FDD : 1개 / [부가기능] 자동 팬 조절 / 대기전력 1W 미만 / 플랫케이블 / [변경사항] ※ 23.01 무상 보증 기한 연장(7년→10년) 닫기,https://img.danuri.io/catalog-image/099/671/122/aa64f30a34da423ab2697dab8f7c17fc.jpg?shrink=130:130&_v=20260916080424,https://prod.danawa.com/info/?pcode=122671099&cate=112777
223,잘만,잘만 EcoMax 500W 벌크,"41,750",ATX 파워 / 500W / 케이블연결 : 케이블일체형 / +12V 다중레일 / +12V 가용률 : 91% / 120mm 팬 / 깊이 : 140mm / [커넥터] 메인전원 : 24핀(20+4) / 보조전원 : (4+4)핀x1 / PCIe 8핀(6+2) : 2개 / SATA : 4개 / IDE 4핀 : 3개 / [부가기능] 대기전력 1W 미만 닫기,https://img.danuri.io/catalog-image/658/925/015/999aec0226b141e1a2fed7839bd51475.jpg?shrink=130:130&_v=20260921041138,https://prod.danawa.com/info/?pcode=15925658&cate=112777
224,잘만,잘만 MegaMax 600W 80PLUS스탠다드 (중고),"36,000","ATX 파워 / 600W / 80 PLUS 스탠다드 / 케이블연결 : 케이블일체형 / +12V 싱글레일 / +12V 가용률 : 90% / 액티브PFC / PF(역률) : 98% / 120mm 팬 / 깊이 : 140mm / [커넥터] 메인전원 : 24핀(20+4) / 보조전원 : (4+4)핀x1, 4핀x1 / PCIe 8핀(6+2) : 2개 / SATA : 6개 / IDE 4핀 : 4개 / FDD : 1개 / [부가기능] 자동 팬 조절 / 대기전력 1W 미만 / 플랫케이블 닫기",https://img.danuri.io/catalog-image/640/925/015/62bf670b045e4e4989d96981921cabd1.jpg?shrink=130:130&_v=20260918080528,https://prod.danawa.com/info/?pcode=15925640&cate=112777
225,잘만,잘만 EcoMax 600W (중고),"26,000",ATX 파워 / 600W / 케이블연결 : 케이블일체형 / +12V 다중레일 / +12V 가용률 : 90% / 120mm 팬 / 깊이 : 140mm / [커넥터] 메인전원 : 24핀(20+4) / 보조전원 : (4+4)핀x1 / PCIe 8핀(6+2) : 2개 / SATA : 4개 / IDE 4핀 : 3개 / [부가기능] 대기전력 1W 미만 / 벌크 여부 확인요망 닫기,https://img.danuri.io/catalog-image/337/904/015/878ad25f885945ffb082b1f02fed29ae.jpg?shrink=130:130&_v=20260919080636,https://prod.danawa.com/info/?pcode=15904337&cate=112777
226,시소닉,시소닉 NEW FOCUS V4 GX-1000 GOLD 풀모듈러 ATX3.1,"274,990",ATX 파워 / 1000W / 80 PLUS 골드 / 케이블연결 : 풀모듈러 / ETA인증 : GOLD / LAMBDA인증 : A- / +12V 싱글레일 / +12V 가용률 : 99% / 액티브PFC / PF(역률) : 99% / 135mm 팬 / 깊이 : 140mm / 무상 10년 / [커넥터] 메인전원 : 24핀(20+4) / 보조전원 : (4+4)핀x2 / PCIe 16핀(12+4) : 12V2x6 1개 / PCIe 8핀(6+2) : 3개 / SATA : 8개 / IDE 4핀 : 3개 / [부가기능] 팬리스모드 / 자동 팬 조절 / 대기전력 1W 미만 닫기,https://img.danuri.io/catalog-image/099/577/067/c4d2c10741ce48b3b8ca58a485119bdd.jpg?shrink=130:130&_v=20260921102654,https://prod.danawa.com/info/?pcode=67577099&cate=112777
227,시소닉,시소닉 NEW FOCUS V4 GX-850 GOLD 풀모듈러 ATX3.1,"210,960",ATX 파워 / 850W / 80 PLUS 골드 / 케이블연결 : 풀모듈러 / LAMBDA인증 : A- / +12V 싱글레일 / +12V 가용률 : 98% / 액티브PFC / PF(역률) : 99% / 135mm 팬 / 깊이 : 140mm / 무상 10년 / [커넥터] 메인전원 : 24핀(20+4) / 보조전원 : (4+4)핀x2 / PCIe 16핀(12+4) : 12V2x6 1개 / PCIe 8핀(6+2) : 3개 / SATA : 8개 / IDE 4핀 : 3개 / [부가기능] 팬리스모드 / 자동 팬 조절 / 대기전력 1W 미만 닫기,https://img.danuri.io/catalog-image/021/577/067/747e78a57e504d94a8f4d77fb76f928d.jpg?shrink=130:130&_v=20260921131208,https://prod.danawa.com/info/?pcode=67577021&cate=112777
228,시소닉,시소닉 VERTEX GX-1200 GOLD 풀모듈러 ATX3.1,"399,000","ATX 파워 / 1200W / 80 PLUS 골드 / 케이블연결 : 풀모듈러 / ETA인증 : PLATINUM / LAMBDA인증 : A- / +12V 싱글레일 / +12V 가용률 : 100% / 액티브PFC / PF(역률) : 99% / 135mm 팬 / 깊이 : 160mm / 무상 12년 / [커넥터] 메인전원 : 24핀(20+4) / 보조전원 : (4+4)핀x2 / PCIe 16핀(12+4) : 12V2x6 1개 / PCIe 8핀(6+2) : 3개 / SATA : 16개 / SATA3.3 : 2개 / IDE 4핀 : 3개 / [부가기능] 팬리스모드 / 자동 팬 조절 / 대기전력 1W 미만 / [변경사항] 23년 11월 A/S 보증기간 무상 10년 → 12년으로 변경 / 25년 5월 ATX3.1인증 추가로 변경, PCIe 16핀(12+4) 12VHPWR →12V2x6로 변경 닫기",https://img.danuri.io/catalog-image/087/698/018/6d7fb50e393c459e9ad4f5cb1f7ae211.jpg?shrink=130:130&_v=20260921145558,https://prod.danawa.com/info/?pcode=18698087&cate=112777
229,시소닉,시소닉 VERTEX GX-1200 GOLD 풀모듈러 화이트 ATX3.1,"440,000","ATX 파워 / 1200W / 80 PLUS 골드 / 케이블연결 : 풀모듈러 / ETA인증 : PLATINUM / LAMBDA인증 : A- / +12V 싱글레일 / +12V 가용률 : 100% / 액티브PFC / PF(역률) : 99% / 135mm 팬 / 깊이 : 160mm / 무상 12년 / [커넥터] 메인전원 : 24핀(20+4) / 보조전원 : (4+4)핀x2 / PCIe 16핀(12+4) : 12V2x6 1개 / PCIe 8핀(6+2) : 3개 / SATA : 16개 / SATA3.3 : 2개 / IDE 4핀 : 3개 / [부가기능] 팬리스모드 / 자동 팬 조절 / [변경사항] 25년 5월 ATX3.1인증 추가로 변경, PCIe 16핀(12+4) 12VHPWR →12V2x6로 변경 닫기",https://img.danuri.io/catalog-image/666/035/063/c6675aea86d74e678d6b76c47693ace8.jpg?shrink=130:130&_v=20260921090359,https://prod.danawa.com/info/?pcode=63035666&cate=112777
230,시소닉,시소닉 CORE V2 GX-650 GOLD 풀모듈러 ATX3.1,"140,000",ATX 파워 / 650W / 80 PLUS 골드 / 케이블연결 : 풀모듈러 / +12V 싱글레일 / +12V 가용률 : 99% / 액티브PFC / PF(역률) : 99% / 120mm 팬 / 깊이 : 140mm / 무상 10년 / [커넥터] 메인전원 : 24핀(20+4) / 보조전원 : (4+4)핀x2 / PCIe 16핀(12+4) : 12V2x6 1개 / PCIe 8핀(6+2) : 2개 / SATA : 6개 / IDE 4핀 : 3개 / [부가기능] 자동 팬 조절 / 대기전력 1W 미만 닫기,https://img.danuri.io/catalog-image/782/843/078/450357fe784c4f0f95ab31d45388b4b1.jpg?shrink=130:130&_v=20260921080622,https://prod.danawa.com/info/?pcode=78843782&cate=112777
231,시소닉,시소닉 NEW FOCUS V4 GX-1000 GOLD 풀모듈러 ATX3.1 화이트,"288,990",ATX 파워 / 1000W / 80 PLUS 골드 / 케이블연결 : 풀모듈러 / ETA인증 : GOLD / LAMBDA인증 : A- / +12V 싱글레일 / +12V 가용률 : 99% / 액티브PFC / PF(역률) : 99% / 135mm 팬 / 깊이 : 140mm / 무상 10년 / [커넥터] 메인전원 : 24핀(20+4) / 보조전원 : (4+4)핀x2 / PCIe 16핀(12+4) : 12V2x6 1개 / PCIe 8핀(6+2) : 3개 / SATA : 8개 / IDE 4핀 : 3개 / [부가기능] 팬리스모드 / 자동 팬 조절 / 대기전력 1W 미만 닫기,https://img.danuri.io/catalog-image/342/577/067/976f2047edc246288b34d7d761fefb13.jpg?shrink=130:130&_v=20260921095812,https://prod.danawa.com/info/?pcode=67577342&cate=112777
232,시소닉,시소닉 PRIME TITANIUM TX-1300 풀모듈러 ATX3.1,"827,500",ATX 파워 / 1300W / 80 PLUS 티타늄 / 케이블연결 : 풀모듈러 / ETA인증 : TITANIUM / LAMBDA인증 : A++ / +12V 싱글레일 / +12V 가용률 : 99% / 액티브PFC / PF(역률) : 99% / 135mm 팬 / 깊이 : 210mm / 무상 12년 / [커넥터] 메인전원 : 24핀(20+4) / 보조전원 : (4+4)핀x3 / PCIe 16핀(12+4) : 12V2x6 1개 / PCIe 8핀(6+2) : 6개 / SATA : 16개 / SATA3.3 : 2개 / IDE 4핀 : 3개 / [부가기능] 팬리스모드 / 자동 팬 조절 / 프리볼트 닫기,https://img.danuri.io/catalog-image/119/895/074/120611216fd24c948b5f03e4cee90373.jpg?shrink=130:130&_v=20260921110809,https://prod.danawa.com/info/?pcode=74895119&cate=112777
233,시소닉,시소닉 CORE V2 GX-750 GOLD 풀모듈러 ATX3.1,"155,000",ATX 파워 / 750W / 80 PLUS 골드 / 케이블연결 : 풀모듈러 / +12V 싱글레일 / +12V 가용률 : 99% / 액티브PFC / PF(역률) : 99% / 120mm 팬 / 깊이 : 140mm / 무상 10년 / [커넥터] 메인전원 : 24핀(20+4) / 보조전원 : (4+4)핀x2 / PCIe 16핀(12+4) : 12V2x6 1개 / PCIe 8핀(6+2) : 2개 / SATA : 6개 / IDE 4핀 : 3개 / [부가기능] 자동 팬 조절 / 대기전력 1W 미만 닫기,https://img.danuri.io/catalog-image/821/843/078/6888baf02ab8471ea564626b510ad9bb.jpg?shrink=130:130&_v=20260921080622,https://prod.danawa.com/info/?pcode=78843821&cate=112777
234,시소닉,시소닉 CORE V2 GX-850 GOLD 풀모듈러 ATX3.1,"179,460",ATX 파워 / 850W / 80 PLUS 골드 / 케이블연결 : 풀모듈러 / +12V 싱글레일 / +12V 가용률 : 98% / 액티브PFC / PF(역률) : 99% / 120mm 팬 / 깊이 : 140mm / 무상 10년 / [커넥터] 메인전원 : 24핀(20+4) / 보조전원 : (4+4)핀x2 / PCIe 16핀(12+4) : 12V2x6 1개 / PCIe 8핀(6+2) : 3개 / SATA : 6개 / IDE 4핀 : 3개 / [부가기능] 자동 팬 조절 / 대기전력 1W 미만 닫기,https://img.danuri.io/catalog-image/112/844/078/3cfc1ef1c5184268b624c2d6a0f2ea8b.jpg?shrink=130:130&_v=20260921080457,https://prod.danawa.com/info/?pcode=78844112&cate=112777
235,시소닉,시소닉 PRIME TITANIUM TX-1600 풀모듈러 ATX3.1,"1,019,990",ATX 파워 / 1600W / 80 PLUS 티타늄 / 케이블연결 : 풀모듈러 / ETA인증 : TITANIUM / LAMBDA인증 : A / +12V 싱글레일 / +12V 가용률 : 99% / 액티브PFC / PF(역률) : 99% / 135mm 팬 / 깊이 : 210mm / 무상 12년 / [커넥터] 메인전원 : 24핀(20+4) / 보조전원 : (4+4)핀x3 / PCIe 16핀(12+4) : 12V2x6 2개 / PCIe 8핀(6+2) : 6개 / SATA : 16개 / SATA3.3 : 2개 / IDE 4핀 : 3개 / [부가기능] 팬리스모드 / 자동 팬 조절 / 프리볼트 닫기,https://img.danuri.io/catalog-image/005/895/074/01fca396385d46db9103932204be1f80.jpg?shrink=130:130&_v=20260921080444,https://prod.danawa.com/info/?pcode=74895005&cate=112777
236,시소닉,시소닉 NEW FOCUS V4 GX-850 GOLD 풀모듈러 ATX3.1 화이트,"232,000",ATX 파워 / 850W / 80 PLUS 골드 / 케이블연결 : 풀모듈러 / ETA인증 : PLATINUM / LAMBDA인증 : A- / +12V 싱글레일 / +12V 가용률 : 98% / 액티브PFC / PF(역률) : 99% / 135mm 팬 / 깊이 : 140mm / 무상 10년 / [커넥터] 메인전원 : 24핀(20+4) / 보조전원 : (4+4)핀x2 / PCIe 16핀(12+4) : 12V2x6 1개 / PCIe 8핀(6+2) : 3개 / SATA : 8개 / IDE 4핀 : 3개 / [부가기능] 팬리스모드 / 자동 팬 조절 / 대기전력 1W 미만 닫기,https://img.danuri.io/catalog-image/330/577/067/b80a6b8faf0e46519c0b899df854e08b.jpg?shrink=130:130&_v=20260921095709,https://prod.danawa.com/info/?pcode=67577330&cate=112777
237,시소닉,시소닉 PRIME PLATINUM PX-1600 풀모듈러 ATX3.1,"799,990",ATX 파워 / 1600W / 80 PLUS 플래티넘 / 케이블연결 : 풀모듈러 / ETA인증 : TITANIUM / LAMBDA인증 : A- / +12V 싱글레일 / +12V 가용률 : 99% / 액티브PFC / PF(역률) : 99% / 135mm 팬 / 깊이 : 210mm / 무상 12년 / [커넥터] 메인전원 : 24핀(20+4) / 보조전원 : (4+4)핀x3 / PCIe 16핀(12+4) : 12V2x6 2개 / PCIe 8핀(6+2) : 6개 / SATA : 16개 / SATA3.3 : 2개 / IDE 4핀 : 3개 / [부가기능] 팬리스모드 / 자동 팬 조절 / 프리볼트 닫기,https://img.danuri.io/catalog-image/068/895/074/3b93ada900f241699a4cc8187cdf0755.jpg?shrink=130:130&_v=20260921080443,https://prod.danawa.com/info/?pcode=74895068&cate=112777
238,시소닉,시소닉 NEW FOCUS V4 GX-750 GOLD 풀모듈러 ATX3.1,"199,000",ATX 파워 / 750W / 80 PLUS 골드 / 케이블연결 : 풀모듈러 / ETA인증 : GOLD / LAMBDA인증 : A- / +12V 싱글레일 / +12V 가용률 : 99% / 액티브PFC / PF(역률) : 99% / 135mm 팬 / 깊이 : 140mm / 무상 10년 / [커넥터] 메인전원 : 24핀(20+4) / 보조전원 : (4+4)핀x2 / PCIe 16핀(12+4) : 12V2x6 1개 / PCIe 8핀(6+2) : 2개 / SATA : 8개 / IDE 4핀 : 3개 / [부가기능] 팬리스모드 / 자동 팬 조절 / 대기전력 1W 미만 닫기,https://img.danuri.io/catalog-image/934/576/067/65de20173130459f8f732e84c020204d.jpg?shrink=130:130&_v=20260921080454,https://prod.danawa.com/info/?pcode=67576934&cate=112777
239,시소닉,시소닉 PRIME PLATINUM PX-2200 풀모듈러 ATX3,"920,000",ATX 파워 / 2200W / 80 PLUS 플래티넘 / 케이블연결 : 풀모듈러 / +12V 싱글레일 / 액티브PFC / PF(역률) : 99% / 135mm 팬 / 깊이 : 210mm / 무상 12년 / [커넥터] 메인전원 : 24핀(20+4) / 보조전원 : (4+4)핀x3 / PCIe 16핀(12+4) : 12V2x6 4개 / PCIe 8핀(6+2) : 4개 / SATA : 16개 / SATA3.3 : 2개 / IDE 4핀 : 3개 / [부가기능] 팬리스모드 / 자동 팬 조절 / 대기전력 1W 미만 닫기,https://img.danuri.io/catalog-image/960/174/062/c4c93154ac8f48cf8b56a860558fd3d3.jpg?shrink=130:130&_v=20260921080609,https://prod.danawa.com/info/?pcode=62174960&cate=112777
240,시소닉,시소닉 CORE V2 GX-850 GOLD 풀모듈러 ATX3.1 화이트,"195,000",ATX 파워 / 850W / 80 PLUS 골드 / 케이블연결 : 풀모듈러 / +12V 싱글레일 / +12V 가용률 : 98% / 액티브PFC / PF(역률) : 99% / 120mm 팬 / 깊이 : 140mm / 무상 10년 / [커넥터] 메인전원 : 24핀(20+4) / 보조전원 : (4+4)핀x2 / PCIe 16핀(12+4) : 12V2x6 1개 / PCIe 8핀(6+2) : 3개 / SATA : 6개 / IDE 4핀 : 3개 / [부가기능] 자동 팬 조절 / 대기전력 1W 미만 닫기,https://img.danuri.io/catalog-image/340/844/078/494fbe6b00114458b1aa73769a3ae259.jpg?shrink=130:130&_v=20260921144508,https://prod.danawa.com/info/?pcode=78844340&cate=112777
241,시소닉,시소닉 CORE V2 GX-750 GOLD 풀모듈러 ATX3.1 화이트,"165,000",ATX 파워 / 750W / 80 PLUS 골드 / 케이블연결 : 풀모듈러 / +12V 싱글레일 / +12V 가용률 : 99% / 액티브PFC / PF(역률) : 99% / 120mm 팬 / 깊이 : 140mm / 무상 10년 / [커넥터] 메인전원 : 24핀(20+4) / 보조전원 : (4+4)핀x2 / PCIe 16핀(12+4) : 12V2x6 1개 / PCIe 8핀(6+2) : 2개 / SATA : 6개 / IDE 4핀 : 3개 / [부가기능] 자동 팬 조절 / 대기전력 1W 미만 닫기,https://img.danuri.io/catalog-image/848/843/078/756ef967a07f4bb5b2f2a4ae3b536449.jpg?shrink=130:130&_v=20260921080444,https://prod.danawa.com/info/?pcode=78843848&cate=112777
242,시소닉,시소닉 PRIME TITANIUM TX-1300 풀모듈러 ATX3.0,"957,600",ATX 파워 / 1300W / 80 PLUS 티타늄 / 케이블연결 : 풀모듈러 / ETA인증 : TITANIUM / LAMBDA인증 : A++ / +12V 싱글레일 / +12V 가용률 : 99% / 액티브PFC / PF(역률) : 99% / 135mm 팬 / 깊이 : 210mm / 무상 12년 / [커넥터] 메인전원 : 24핀(20+4) / 보조전원 : (4+4)핀x3 / PCIe 16핀(12+4) : 12VHPWR 1개 / PCIe 8핀(6+2) : 6개 / SATA : 16개 / SATA3.3 : 2개 / IDE 4핀 : 3개 / [부가기능] 팬리스모드 / 자동 팬 조절 / 수동 팬 조절 / 프리볼트 닫기,https://img.danuri.io/catalog-image/484/193/021/53494cfc0f6e44c2806011ed6c1ddf65.jpg?shrink=130:130&_v=20260921080404,https://prod.danawa.com/info/?pcode=21193484&cate=112777
243,시소닉,시소닉 FOCUS GOLD GM-850 모듈러,"300,000",ATX 파워 / 850W / 80 PLUS 골드 / 케이블연결 : 세미모듈러 / 전압변동 : ±3% / +12V 가용률 : 99% / 액티브PFC / PF(역률) : 99% / 120mm 팬 / 깊이 : 140mm / 무상 7년 / [커넥터] 메인전원 : 24핀(20+4) / 보조전원 : (4+4)핀x2 / PCIe 8핀(6+2) : 6개 / SATA : 8개 / IDE 4핀 : 3개 / [부가기능] 자동 팬 조절 / 대기전력 1W 미만 / 프리볼트 / 플랫케이블 닫기,https://img.danuri.io/catalog-image/835/448/010/2d483bdecfc9452b8c780f50050e2d58.jpg?shrink=130:130&_v=20260921080455,https://prod.danawa.com/info/?pcode=10448835&cate=112777
244,시소닉,시소닉 B12 BRONZE BC-850,"130,560",ATX 파워 / 850W / 80 PLUS 브론즈 / 케이블연결 : 케이블일체형 / 전압변동 : ±3% / +12V 싱글레일 / +12V 가용률 : 99% / 액티브PFC / PF(역률) : 99% / 120mm 팬 / 깊이 : 140mm / 무상 5년 / [커넥터] 메인전원 : 24핀(20+4) / 보조전원 : (4+4)핀x2 / PCIe 8핀(6+2) : 3개 / SATA : 6개 / IDE 4핀 : 3개 / [부가기능] 자동 팬 조절 / 프리볼트 / 플랫케이블 닫기,https://img.danuri.io/catalog-image/920/087/018/480750c1c5c5441ebd0981f346b83766.jpg?shrink=130:130&_v=20260921080444,https://prod.danawa.com/info/?pcode=18087920&cate=112777
245,시소닉,시소닉 FOCUS GOLD GX-850 풀모듈러,"248,000",ATX 파워 / 850W / 80 PLUS 골드 / 케이블연결 : 풀모듈러 / 전압변동 : ±3% / +12V 싱글레일 / +12V 가용률 : 99% / 액티브PFC / PF(역률) : 99% / 120mm 팬 / 깊이 : 140mm / 무상 10년 / [커넥터] 메인전원 : 24핀 / 보조전원 : (4+4)핀x2 / PCIe 8핀(6+2) : 6개 / SATA : 10개 / SATA3.3 : 2개 / IDE 4핀 : 5개 / [부가기능] 팬리스모드 / 자동 팬 조절 / 수동 팬 조절 / 대기전력 1W 미만 / 프리볼트 / 플랫케이블 닫기,https://img.danuri.io/catalog-image/844/515/009/e7164d2448c840b6b7dd9e589d2a9855.jpg?shrink=130:130&_v=20260921080609,https://prod.danawa.com/info/?pcode=9515844&cate=112777
246,시소닉,시소닉 FOCUS GOLD GM-750 모듈러,"200,000",ATX 파워 / 750W / 80 PLUS 골드 / 케이블연결 : 세미모듈러 / 전압변동 : ±3% / +12V 가용률 : 99% / 액티브PFC / PF(역률) : 99% / 120mm 팬 / 깊이 : 140mm / 무상 7년 / [커넥터] 메인전원 : 24핀(20+4) / 보조전원 : (4+4)핀x2 / PCIe 8핀(6+2) : 4개 / SATA : 8개 / IDE 4핀 : 3개 / [부가기능] 대기전력 1W 미만 / 프리볼트 / 플랫케이블 닫기,https://img.danuri.io/catalog-image/097/782/009/f9a17cf70f3d4d69b554c5b62dd556bb.jpg?shrink=130:130&_v=20260921080444,https://prod.danawa.com/info/?pcode=9782097&cate=112777
247,시소닉,시소닉 B12 BRONZE BM-750 모듈러,"153,440",ATX 파워 / 750W / 80 PLUS 브론즈 / 케이블연결 : 세미모듈러 / 전압변동 : ±3% / +12V 싱글레일 / +12V 가용률 : 99% / 액티브PFC / PF(역률) : 99% / 120mm 팬 / 깊이 : 140mm / 무상 5년 / [커넥터] 메인전원 : 24핀(20+4) / 보조전원 : (4+4)핀x2 / PCIe 8핀(6+2) : 3개 / SATA : 6개 / IDE 4핀 : 3개 / [부가기능] 자동 팬 조절 / 프리볼트 / 플랫케이블 닫기,https://img.danuri.io/catalog-image/923/087/018/e7c6c40622564acdba8f7401bdd7dd46.jpg?shrink=130:130&_v=20260921080444,https://prod.danawa.com/info/?pcode=18087923&cate=112777
248,시소닉,시소닉 PRIME PLATINUM PX-1600 풀모듈러,"800,000",ATX 파워 / 1600W / 80 PLUS 플래티넘 / 케이블연결 : 풀모듈러 / 전압변동 : ±0.5% / +12V 싱글레일 / +12V 가용률 : 100% / 액티브PFC / PF(역률) : 99% / 135mm 팬 / 깊이 : 210mm / 무상 12년 / [커넥터] 메인전원 : 24핀(20+4) / 보조전원 : (4+4)핀x3 / PCIe 16핀(12+4) : 12VHPWR 2개 / PCIe 8핀(6+2) : 8개 / SATA : 16개 / SATA3.3 : 2개 / IDE 4핀 : 3개 / [부가기능] 팬리스모드 / 자동 팬 조절 / 수동 팬 조절 / 대기전력 1W 미만 / 프리볼트 / 플랫케이블 / 파워 서플라이 테스터 제공 / 12VHPWR 최대 600W 지원 닫기,https://img.danuri.io/catalog-image/129/870/017/4715d34558fd422cad284168e5241bfe.jpg?shrink=130:130&_v=20260921080622,https://prod.danawa.com/info/?pcode=17870129&cate=112777
249,시소닉,시소닉 NEW FOCUS GX-750 GOLD 풀모듈러 ATX3.0,"227,770",ATX 파워 / 750W / 80 PLUS 골드 / 케이블연결 : 풀모듈러 / ETA인증 : GOLD / LAMBDA인증 : A- / +12V 싱글레일 / 액티브PFC / PF(역률) : 99% / 135mm 팬 / 깊이 : 150mm / 무상 10년 / [커넥터] 메인전원 : 24핀(20+4) / 보조전원 : (4+4)핀x2 / PCIe 16핀(12+4) : 12VHPWR 1개 / PCIe 8핀(6+2) : 2개 / SATA : 8개 / SATA3.3 : 2개 / IDE 4핀 : 3개 / 팬리스모드 / 자동 팬 조절 닫기,https://img.danuri.io/catalog-image/680/416/028/a6f170f3a36049828ae8e46c033dbecb.jpg?shrink=130:130&_v=20260921080609,https://prod.danawa.com/info/?pcode=28416680&cate=112777
250,시소닉,시소닉 B12 BRONZE BM-850 모듈러,"148,800",ATX 파워 / 850W / 80 PLUS 브론즈 / 케이블연결 : 세미모듈러 / 전압변동 : ±3% / +12V 싱글레일 / +12V 가용률 : 99% / 액티브PFC / PF(역률) : 99% / 120mm 팬 / 깊이 : 140mm / 무상 5년 / [커넥터] 메인전원 : 24핀(20+4) / 보조전원 : (4+4)핀x2 / PCIe 8핀(6+2) : 3개 / SATA : 6개 / IDE 4핀 : 3개 / [부가기능] 자동 팬 조절 / 프리볼트 / 플랫케이블 닫기,https://img.danuri.io/catalog-image/932/087/018/1e31932c64484fa0ac197cdffe7d893a.jpg?shrink=130:130&_v=20260918080512,https://prod.danawa.com/info/?pcode=18087932&cate=112777
251,시소닉,시소닉 NEW FOCUS GX-850 GOLD 풀모듈러 ATX3.0,"200,000",ATX 파워 / 850W / 80 PLUS 골드 / 케이블연결 : 풀모듈러 / ETA인증 : GOLD / LAMBDA인증 : STANDARD++ / +12V 싱글레일 / 액티브PFC / PF(역률) : 99% / 135mm 팬 / 깊이 : 140mm / 무상 10년 / [커넥터] 메인전원 : 24핀(20+4) / 보조전원 : (4+4)핀x2 / PCIe 16핀(12+4) : 12VHPWR 1개 / PCIe 8핀(6+2) : 3개 / SATA : 8개 / SATA3.3 : 2개 / IDE 4핀 : 3개 / [부가기능] 팬리스모드 / 자동 팬 조절 닫기,https://img.danuri.io/catalog-image/773/416/028/8ac05b3a52d844779c9cc6fd1fdec2a8.jpg?shrink=130:130&_v=20260921143343,https://prod.danawa.com/info/?pcode=28416773&cate=112777
252,시소닉,시소닉 FOCUS GOLD GM-850 Modular (중고),"45,000","ATX파워 / 850W / 80 PLUS 골드 / 케이블연결 : 세미모듈러 / 전압변동 : ±3% / +12V 가용률 : 99% / PF(역률) : 99% / 무상 7년 / [커넥터] 메인전원 : 24핀(20+4) / 보조전원 : 8핀(4+4) 1개 , 8핀(4+4) 2개 / [부가기능] 자동 팬 조절 / 프리볼트 닫기",https://img.danuri.io/catalog-image/081/925/115/f986215b481043b190953a03fd6fd61c.jpg?shrink=130:130&_v=20260921080609,https://prod.danawa.com/info/?pcode=115925081&cate=112777
253,시소닉,시소닉 FOCUS GOLD GX-750 풀모듈러 (중고),"72,000",ATX 파워 / 750W / 80 PLUS 골드 / 케이블연결 : 풀모듈러 / 전압변동 : ±3% / +12V 싱글레일 / +12V 가용률 : 99% / 액티브PFC / PF(역률) : 99% / 120mm 팬 / 깊이 : 140mm / 무상 10년 / [커넥터] 메인전원 : 24핀 / 보조전원 : (4+4)핀x2 / PCIe 8핀(6+2) : 4개 / SATA : 10개 / SATA3.3 : 2개 / IDE 4핀 : 3개 / [부가기능] 팬리스모드 / 자동 팬 조절 / 수동 팬 조절 / 대기전력 1W 미만 / 프리볼트 / 플랫케이블 닫기,https://img.danuri.io/catalog-image/571/743/123/83a42e76522042ebbdf15fe23ca0c9cd.jpg?shrink=130:130&_v=20260921080444,https://prod.danawa.com/info/?pcode=123743571&cate=112777
254,시소닉,시소닉 SSP-600ES2 80PLUS브론즈,"128,500","ATX 파워 / 600W / 80 PLUS 브론즈 / 케이블연결 : 케이블일체형 / +12V 다중레일 / 액티브PFC / PF(역률) : 99% / 80mm 팬 / 깊이 : 140mm / 무상 3년 / [커넥터] 메인전원 : 24핀(20+4) / 보조전원 : 8핀x1, (4+4)핀x1 / PCIe 8핀(6+2) : 2개 / SATA : 6개 / IDE 4핀 : 5개 / FDD : 1개 / [부가기능] 대기전력 1W 미만 / 프리볼트 닫기",https://img.danuri.io/catalog-image/267/941/012/ea79d90c50894277b804e40d199e2ecc.jpg?shrink=130:130&_v=20260921080454,https://prod.danawa.com/info/?pcode=12941267&cate=112777
255,시소닉,시소닉 SSP-500ES2 80PLUS브론즈,"140,000","ATX 파워 / 500W / 80 PLUS 브론즈 / 케이블연결 : 케이블일체형 / +12V 다중레일 / 액티브PFC / PF(역률) : 99% / 80mm 팬 / 깊이 : 140mm / 무상 3년 / [커넥터] 메인전원 : 24핀(20+4) / 보조전원 : 8핀x1, (4+4)핀x1 / PCIe 8핀(6+2) : 2개 / SATA : 6개 / IDE 4핀 : 5개 / FDD : 1개 / [부가기능] 대기전력 1W 미만 / 프리볼트 닫기",https://img.danuri.io/catalog-image/177/941/012/e80074b7a95c465bb38f7221f16fc94c.jpg?shrink=130:130&_v=20260918080434,https://prod.danawa.com/info/?pcode=12941177&cate=112777
256,맥스엘리트,맥스엘리트 STARS CYGNUS 850W 80PLUS골드 풀모듈러 ATX3.1,"113,290",ATX 파워 / 850W / 80 PLUS 골드 / 케이블연결 : 풀모듈러 / +12V 싱글레일 / +12V 가용률 : 99% / 액티브PFC / PF(역률) : 99% / 140mm 팬 / 깊이 : 145mm / 무상 10년 / [커넥터] 메인전원 : 24핀(20+4) / 보조전원 : (4+4)핀x2 / PCIe 16핀(12+4) : 12V2x6 1개 / PCIe 8핀(6+2) : 3개 / SATA : 7개 / SATA3.3 : 1개 / IDE 4핀 : 4개 / [부가기능] 팬리스모드 / 자동 팬 조절 / 대기전력 1W 미만 / 프리볼트 닫기,https://img.danuri.io/catalog-image/312/500/090/b8c577a09e06448c85563496c91c7e03.jpg?shrink=130:130&_v=20260921081040,https://prod.danawa.com/info/?pcode=90500312&cate=112777
257,맥스엘리트,맥스엘리트 STARS GEMINI 750W 80PLUS브론즈 ATX3.1,"63,000",ATX 파워 / 750W / 80 PLUS 브론즈 / 케이블연결 : 케이블일체형 / +12V 싱글레일 / +12V 가용률 : 100% / 액티브PFC / PF(역률) : 99% / 140mm 팬 / 깊이 : 145mm / 무상 7년 / [커넥터] 메인전원 : 24핀(20+4) / 보조전원 : (4+4)핀x2 / PCIe 16핀(12+4) : 12V2x6 1개 / PCIe 8핀(6+2) : 2개 / SATA : 4개 / IDE 4핀 : 2개 / [부가기능] 자동 팬 조절 / 대기전력 1W 미만 / 플랫케이블 닫기,https://img.danuri.io/catalog-image/920/362/097/eeb00478b67544b28fd4cd52c87ed3af.jpg?shrink=130:130&_v=20260921081014,https://prod.danawa.com/info/?pcode=97362920&cate=112777
258,맥스엘리트,맥스엘리트 STARS GEMINI 850W 80PLUS브론즈 ATX3.1,"73,000",ATX 파워 / 850W / 80 PLUS 브론즈 / 케이블연결 : 케이블일체형 / +12V 싱글레일 / +12V 가용률 : 99% / 액티브PFC / PF(역률) : 99% / 140mm 팬 / 깊이 : 145mm / 무상 7년 / [커넥터] 메인전원 : 24핀(20+4) / 보조전원 : (4+4)핀x2 / PCIe 16핀(12+4) : 12V2x6 1개 / PCIe 8핀(6+2) : 3개 / SATA : 4개 / IDE 4핀 : 2개 / [부가기능] 자동 팬 조절 / 대기전력 1W 미만 / 플랫케이블 닫기,https://img.danuri.io/catalog-image/004/363/097/8a05b5eb19c847c190c2dd279870f902.jpg?shrink=130:130&_v=20260921080458,https://prod.danawa.com/info/?pcode=97363004&cate=112777
259,맥스엘리트,맥스엘리트 MAXWELL PRIMO 700W 80PLUS스탠다드 플랫,"54,050",ATX 파워 / 700W / 80 PLUS 스탠다드 / 케이블연결 : 케이블일체형 / +12V 싱글레일 / +12V 가용률 : 96% / 액티브PFC / PF(역률) : 95% / 120mm 팬 / 깊이 : 140mm / 무상 5년 / [커넥터] 메인전원 : 24핀(20+4) / 보조전원 : (4+4)핀x1 / PCIe 8핀(6+2) : 2개 / SATA : 4개 / IDE 4핀 : 2개 / [부가기능] 대기전력 1W 미만 / 플랫케이블 닫기,https://img.danuri.io/catalog-image/468/503/018/fafebb8242e649498c5485be612728cf.jpg?shrink=130:130&_v=20260921102650,https://prod.danawa.com/info/?pcode=18503468&cate=112777
260,맥스엘리트,맥스엘리트 STARS CYGNUS 850W 80PLUS골드 풀모듈러 ATX3.1 화이트,"115,500",ATX 파워 / 850W / 80 PLUS 골드 / 케이블연결 : 풀모듈러 / +12V 싱글레일 / +12V 가용률 : 99% / 액티브PFC / PF(역률) : 99% / 140mm 팬 / 깊이 : 145mm / 무상 10년 / [커넥터] 메인전원 : 24핀(20+4) / 보조전원 : (4+4)핀x2 / PCIe 16핀(12+4) : 12V2x6 1개 / PCIe 8핀(6+2) : 3개 / SATA : 7개 / SATA3.3 : 1개 / IDE 4핀 : 4개 / [부가기능] 팬리스모드 / 자동 팬 조절 / 대기전력 1W 미만 / 프리볼트 닫기,https://img.danuri.io/catalog-image/468/500/090/04738039ba934d61a03636125b6d468b.jpg?shrink=130:130&_v=20260921080456,https://prod.danawa.com/info/?pcode=90500468&cate=112777
261,맥스엘리트,맥스엘리트 STARS GEMINI 650W 80PLUS브론즈 ATX3.1 화이트,"54,000",ATX 파워 / 650W / 80 PLUS 브론즈 / 케이블연결 : 케이블일체형 / +12V 싱글레일 / +12V 가용률 : 99% / 액티브PFC / PF(역률) : 99% / 140mm 팬 / 깊이 : 145mm / 무상 7년 / [커넥터] 메인전원 : 24핀(20+4) / 보조전원 : (4+4)핀x2 / PCIe 8핀(6+2) : 2개 / SATA : 4개 / IDE 4핀 : 2개 / [부가기능] 자동 팬 조절 / 대기전력 1W 미만 / 플랫케이블 닫기,https://img.danuri.io/catalog-image/884/362/097/d30933c58a9543438a26152eaee0b4ab.jpg?shrink=130:130&_v=20260921080444,https://prod.danawa.com/info/?pcode=97362884&cate=112777
262,맥스엘리트,맥스엘리트 STARS CYGNUS 1000W 80PLUS골드 풀모듈러 ATX3.1 화이트,"156,620",ATX 파워 / 1000W / 80 PLUS 골드 / 케이블연결 : 풀모듈러 / +12V 싱글레일 / +12V 가용률 : 99% / 액티브PFC / PF(역률) : 99% / 140mm 팬 / 깊이 : 145mm / 무상 10년 / [커넥터] 메인전원 : 24핀(20+4) / 보조전원 : (4+4)핀x2 / PCIe 16핀(12+4) : 12V2x6 1개 / PCIe 8핀(6+2) : 3개 / SATA : 11개 / SATA3.3 : 1개 / IDE 4핀 : 4개 / [부가기능] 팬리스모드 / 자동 팬 조절 / 대기전력 1W 미만 / 프리볼트 닫기,https://img.danuri.io/catalog-image/489/500/090/9e42809542eb427daef00ed960b6cb14.jpg?shrink=130:130&_v=20260921080458,https://prod.danawa.com/info/?pcode=90500489&cate=112777
263,맥스엘리트,맥스엘리트 STARS GEMINI 650W 80PLUS브론즈 ATX3.1,"54,000",ATX 파워 / 650W / 80 PLUS 브론즈 / 케이블연결 : 케이블일체형 / +12V 싱글레일 / +12V 가용률 : 99% / 액티브PFC / PF(역률) : 99% / 140mm 팬 / 깊이 : 145mm / 무상 7년 / [커넥터] 메인전원 : 24핀(20+4) / 보조전원 : (4+4)핀x2 / PCIe 8핀(6+2) : 2개 / SATA : 4개 / IDE 4핀 : 2개 / [부가기능] 자동 팬 조절 / 대기전력 1W 미만 / 플랫케이블 닫기,https://img.danuri.io/catalog-image/872/362/097/93db905839be4edf9bc3e40e87083e4e.jpg?shrink=130:130&_v=20260921080444,https://prod.danawa.com/info/?pcode=97362872&cate=112777
264,맥스엘리트,맥스엘리트 STARS GEMINI 850W 80PLUS브론즈 ATX3.1 화이트,"73,000",ATX 파워 / 850W / 80 PLUS 브론즈 / 케이블연결 : 케이블일체형 / +12V 싱글레일 / +12V 가용률 : 99% / 액티브PFC / PF(역률) : 99% / 140mm 팬 / 깊이 : 145mm / 무상 7년 / [커넥터] 메인전원 : 24핀(20+4) / 보조전원 : (4+4)핀x2 / PCIe 16핀(12+4) : 12V2x6 1개 / PCIe 8핀(6+2) : 3개 / SATA : 4개 / IDE 4핀 : 2개 / [부가기능] 자동 팬 조절 / 대기전력 1W 미만 / 플랫케이블 닫기,https://img.danuri.io/catalog-image/016/363/097/9a8c41304c0046ba97367ced532d0aa0.jpg?shrink=130:130&_v=20260921080442,https://prod.danawa.com/info/?pcode=97363016&cate=112777
265,맥스엘리트,맥스엘리트 STARS GEMINI 750W 80PLUS브론즈 ATX3.1 화이트,"62,630",ATX 파워 / 750W / 80 PLUS 브론즈 / 케이블연결 : 케이블일체형 / +12V 싱글레일 / +12V 가용률 : 100% / 액티브PFC / PF(역률) : 99% / 140mm 팬 / 깊이 : 145mm / 무상 7년 / [커넥터] 메인전원 : 24핀(20+4) / 보조전원 : (4+4)핀x2 / PCIe 16핀(12+4) : 12V2x6 1개 / PCIe 8핀(6+2) : 2개 / SATA : 4개 / IDE 4핀 : 2개 / [부가기능] 자동 팬 조절 / 대기전력 1W 미만 / 플랫케이블 닫기,https://img.danuri.io/catalog-image/938/362/097/ee4bffacbeb546b983b8b0c92919f813.jpg?shrink=130:130&_v=20260921080444,https://prod.danawa.com/info/?pcode=97362938&cate=112777
266,맥스엘리트,맥스엘리트 STARS CYGNUS 1000W 80PLUS골드 풀모듈러 ATX3.1,"150,700",ATX 파워 / 1000W / 80 PLUS 골드 / 케이블연결 : 풀모듈러 / +12V 싱글레일 / +12V 가용률 : 99% / 액티브PFC / PF(역률) : 99% / 140mm 팬 / 깊이 : 145mm / 무상 10년 / [커넥터] 메인전원 : 24핀(20+4) / 보조전원 : (4+4)핀x2 / PCIe 16핀(12+4) : 12V2x6 1개 / PCIe 8핀(6+2) : 3개 / SATA : 11개 / SATA3.3 : 1개 / IDE 4핀 : 4개 / [부가기능] 팬리스모드 / 자동 팬 조절 / 대기전력 1W 미만 / 프리볼트 닫기,https://img.danuri.io/catalog-image/384/500/090/20bf782c252345658dd5907e798c2d56.jpg?shrink=130:130&_v=20260921080457,https://prod.danawa.com/info/?pcode=90500384&cate=112777
267,맥스엘리트,맥스엘리트 MAXWELL DUKE 1300W 80PLUS플래티넘 풀모듈러 ATX3.1 화이트,"296,160",ATX 파워 / 1300W / 80 PLUS 플래티넘 / 케이블연결 : 풀모듈러 / ETA인증 : PLATINUM / LAMBDA인증 : STANDARD+ / +12V 싱글레일 / +12V 가용률 : 99% / 액티브PFC / PF(역률) : 99% / 120mm 팬 / 깊이 : 140mm / 무상 10년 / [커넥터] 메인전원 : 24핀(20+4) / 보조전원 : (4+4)핀x2 / PCIe 16핀(12+4) : 12V2x6 1개 / PCIe 8핀(6+2) : 4개 / SATA : 12개 / IDE 4핀 : 6개 / [부가기능] 팬리스모드 / 자동 팬 조절 / 수동 팬 조절 / 대기전력 1W 미만 / 프리볼트 / 메쉬 패턴 케이블 / 16AWG 닫기,https://img.danuri.io/catalog-image/260/113/058/03041258ca8b466aafa68044a63f1daf.jpg?shrink=130:130&_v=20260921102703,https://prod.danawa.com/info/?pcode=58113260&cate=112777
268,맥스엘리트,맥스엘리트 STARS ARIES 550W 80PLUS스탠다드,"42,280",ATX 파워 / 550W / 80 PLUS 스탠다드 / 케이블연결 : 케이블일체형 / +12V 싱글레일 / 액티브PFC / PF(역률) : 99% / 140mm / 깊이 : 145mm / 무상 5년 / [커넥터] 메인전원 : 24핀(20+4) / 보조전원 : (4+4)핀x1 / PCIe 8핀(6+2) : 1개 / SATA : 4개 / IDE 4핀 : 2개 / [부가기능] 자동 팬 조절 / 대기전력 1W 미만 / 플랫케이블 닫기,https://img.danuri.io/catalog-image/385/667/122/53473438aead442797245fbd28fa3212.jpeg?shrink=130:130&_v=20260921080455,https://prod.danawa.com/info/?pcode=122667385&cate=112777
269,맥스엘리트,맥스엘리트 MAXWELL DUKE 1000W 80PLUS플래티넘 풀모듈러 ATX3.1,"235,000",ATX 파워 / 1000W / 80 PLUS 플래티넘 / 케이블연결 : 풀모듈러 / ETA인증 : PLATINUM / LAMBDA인증 : A- / +12V 싱글레일 / +12V 가용률 : 99% / 액티브PFC / PF(역률) : 99% / 120mm 팬 / 깊이 : 140mm / 무상 10년 / [커넥터] 메인전원 : 24핀(20+4) / 보조전원 : (4+4)핀x2 / PCIe 16핀(12+4) : 12V2x6 1개 / PCIe 8핀(6+2) : 4개 / SATA : 12개 / IDE 4핀 : 6개 / [부가기능] 팬리스모드 / 자동 팬 조절 / 대기전력 1W 미만 닫기,https://img.danuri.io/catalog-image/949/285/031/769b56c38a8e45b287576d6b0154c89f.jpg?shrink=130:130&_v=20260920080508,https://prod.danawa.com/info/?pcode=31285949&cate=112777
270,맥스엘리트,맥스엘리트 MAXWELL DUKE 1300W 80PLUS플래티넘 풀모듈러 ATX3.1,"287,610",ATX 파워 / 1300W / 80 PLUS 플래티넘 / 케이블연결 : 풀모듈러 / +12V 싱글레일 / +12V 가용률 : 99% / 액티브PFC / PF(역률) : 99% / 120mm 팬 / 깊이 : 140mm / 무상 10년 / [커넥터] 메인전원 : 24핀(20+4) / 보조전원 : (4+4)핀x2 / PCIe 16핀(12+4) : 12VHPWR 1개 / PCIe 8핀(6+2) : 4개 / SATA : 12개 / IDE 4핀 : 6개 / [부가기능] 팬리스모드 / 자동 팬 조절 / 대기전력 1W 미만 / 프리볼트 닫기,https://img.danuri.io/catalog-image/640/889/099/c006b8f2a8d346e6930eddf317540f09.jpg?shrink=130:130&_v=20260921143020,https://prod.danawa.com/info/?pcode=99889640&cate=112777
271,맥스엘리트,맥스엘리트 MAXWELL DUKE 1000W 80PLUS플래티넘 풀모듈러 ATX3.1 화이트,"227,710",ATX 파워 / 1000W / 80 PLUS 플래티넘 / 케이블연결 : 풀모듈러 / ETA인증 : PLATINUM / LAMBDA인증 : A- / +12V 싱글레일 / +12V 가용률 : 99% / 액티브PFC / PF(역률) : 99% / 120mm 팬 / 깊이 : 140mm / 무상 10년 / [커넥터] 메인전원 : 24핀(20+4) / 보조전원 : (4+4)핀x2 / PCIe 16핀(12+4) : 12V2x6 1개 / PCIe 8핀(6+2) : 4개 / SATA : 12개 / IDE 4핀 : 6개 / [부가기능] 팬리스모드 / 자동 팬 조절 / 대기전력 1W 미만 닫기,https://img.danuri.io/catalog-image/215/113/058/a92765a9e9ea4752bd10bc0828c8d6f7.jpg?shrink=130:130&_v=20260921080455,https://prod.danawa.com/info/?pcode=58113215&cate=112777
272,맥스엘리트,맥스엘리트 STARS ARIES 750W 80PLUS스탠다드,"55,160",ATX 파워 / 750W / 80 PLUS 스탠다드 / 케이블연결 : 케이블일체형 / +12V 싱글레일 / 액티브PFC / PF(역률) : 99% / 140mm / 깊이 : 145mm / 무상 5년 / [커넥터] 메인전원 : 24핀(20+4) / 보조전원 : (4+4)핀x2 / PCIe 8핀(6+2) : 2개 / SATA : 4개 / IDE 4핀 : 2개 / [부가기능] 자동 팬 조절 / 대기전력 1W 미만 / 플랫케이블 닫기,https://img.danuri.io/catalog-image/496/667/122/243b53bbb433405bad095bcfc2a425d0.jpeg?shrink=130:130&_v=20260921080458,https://prod.danawa.com/info/?pcode=122667496&cate=112777
273,맥스엘리트,맥스엘리트 STARS CYGNUS 1200W 80PLUS골드 풀모듈러 ATX3.1 화이트,"189,680",ATX 파워 / 1200W / 80 PLUS 골드 / 케이블연결 : 풀모듈러 / +12V 싱글레일 / +12V 가용률 : 99% / 액티브PFC / PF(역률) : 99% / 140mm 팬 / 깊이 : 145mm / 무상 10년 / [커넥터] 메인전원 : 24핀(20+4) / 보조전원 : (4+4)핀x2 / PCIe 16핀(12+4) : 12V2x6 1개 / PCIe 8핀(6+2) : 4개 / SATA : 11개 / SATA3.3 : 1개 / IDE 4핀 : 4개 / [부가기능] 팬리스모드 / 자동 팬 조절 / 대기전력 1W 미만 / 프리볼트 닫기,https://img.danuri.io/catalog-image/513/500/090/bb4dff1b612e482394368481f2b35cf9.jpg?shrink=130:130&_v=20260921080444,https://prod.danawa.com/info/?pcode=90500513&cate=112777
274,맥스엘리트,맥스엘리트 STARS ARIES 650W 80PLUS스탠다드,"47,720",ATX 파워 / 650W / 80 PLUS 스탠다드 / 케이블연결 : 케이블일체형 / +12V 싱글레일 / 액티브PFC / PF(역률) : 99% / 140mm / 깊이 : 145mm / 무상 5년 / [커넥터] 메인전원 : 24핀(20+4) / 보조전원 : (4+4)핀x1 / PCIe 8핀(6+2) : 2개 / SATA : 4개 / IDE 4핀 : 2개 / [부가기능] 자동 팬 조절 / 대기전력 1W 미만 / 플랫케이블 닫기,https://img.danuri.io/catalog-image/428/667/122/f09842e1c75046558e8bfb17ae6a1bd0.jpeg?shrink=130:130&_v=20260921080622,https://prod.danawa.com/info/?pcode=122667428&cate=112777
275,맥스엘리트,맥스엘리트 MAXWELL COUNT 850W 80PLUS골드 풀모듈러 ATX3.1,"147,810",ATX 파워 / 850W / 80 PLUS 골드 / 케이블연결 : 풀모듈러 / +12V 싱글레일 / +12V 가용률 : 99% / 액티브PFC / PF(역률) : 99% / 120mm 팬 / 깊이 : 140mm / 무상 10년 / [커넥터] 메인전원 : 24핀(20+4) / 보조전원 : (4+4)핀x2 / PCIe 16핀(12+4) : 12V2x6 1개 / PCIe 8핀(6+2) : 3개 / SATA : 8개 / IDE 4핀 : 4개 / 팬리스모드 / 자동 팬 조절 / 대기전력 1W 미만 / 프리볼트 닫기,https://img.danuri.io/catalog-image/685/349/030/abd0fcb214364ae6a9672dad4a1b17dc.jpg?shrink=130:130&_v=20260921080443,https://prod.danawa.com/info/?pcode=30349685&cate=112777
276,맥스엘리트,맥스엘리트 MAXWELL PRIMO 600W 80PLUS스탠다드 플랫,"49,030",ATX 파워 / 600W / 80 PLUS 스탠다드 / 케이블연결 : 케이블일체형 / +12V 싱글레일 / +12V 가용률 : 96% / 액티브PFC / PF(역률) : 95% / 120mm 팬 / 깊이 : 140mm / 무상 5년 / [커넥터] 메인전원 : 24핀(20+4) / 보조전원 : (4+4)핀x1 / PCIe 8핀(6+2) : 2개 / SATA : 4개 / IDE 4핀 : 2개 / [부가기능] 대기전력 1W 미만 / 플랫케이블 닫기,https://img.danuri.io/catalog-image/426/503/018/a66fc992844d4c70aaa0c9d36aeab790.jpg?shrink=130:130&_v=20260921080609,https://prod.danawa.com/info/?pcode=18503426&cate=112777
277,맥스엘리트,맥스엘리트 STARS CYGNUS 1200W 80PLUS골드 풀모듈러 ATX3.1,"185,590",ATX 파워 / 1200W / 80 PLUS 골드 / 케이블연결 : 풀모듈러 / +12V 싱글레일 / +12V 가용률 : 99% / 액티브PFC / PF(역률) : 99% / 140mm 팬 / 깊이 : 145mm / 무상 10년 / [커넥터] 메인전원 : 24핀(20+4) / 보조전원 : (4+4)핀x2 / PCIe 16핀(12+4) : 12V2x6 1개 / PCIe 8핀(6+2) : 4개 / SATA : 11개 / SATA3.3 : 1개 / IDE 4핀 : 4개 / [부가기능] 팬리스모드 / 자동 팬 조절 / 대기전력 1W 미만 / 프리볼트 닫기,https://img.danuri.io/catalog-image/444/500/090/92b93237811c4843bf430bec18e8fb54.jpg?shrink=130:130&_v=20260921080458,https://prod.danawa.com/info/?pcode=90500444&cate=112777
278,맥스엘리트,맥스엘리트 MAXWELL RENAS 500W 80PLUS스탠다드,"44,380",ATX 파워 / 500W / 80 PLUS 스탠다드 / 케이블연결 : 케이블일체형 / +12V 싱글레일 / +12V 가용률 : 91% / 액티브PFC / PF(역률) : 99% / 120mm 팬 / 깊이 : 140mm / 무상 5년 / [커넥터] 메인전원 : 24핀(20+4) / 보조전원 : (4+4)핀x1 / PCIe 8핀(6+2) : 1개 / SATA : 4개 / IDE 4핀 : 2개 / [부가기능] 자동 팬 조절 / 대기전력 1W 미만 / 플랫케이블 닫기,https://img.danuri.io/catalog-image/341/079/101/36b6af98a7504da3ab0c8f410a7c23df.jpg?shrink=130:130&_v=20260921080404,https://prod.danawa.com/info/?pcode=101079341&cate=112777
279,맥스엘리트,맥스엘리트 MAXWELL RENAS 600W 80PLUS스탠다드,"51,430",ATX 파워 / 600W / 80 PLUS 스탠다드 / 케이블연결 : 케이블일체형 / +12V 싱글레일 / +12V 가용률 : 98% / 액티브PFC / PF(역률) : 99% / 120mm 팬 / 깊이 : 140mm / 무상 5년 / [커넥터] 메인전원 : 24핀(20+4) / 보조전원 : (4+4)핀x1 / PCIe 8핀(6+2) : 2개 / SATA : 4개 / IDE 4핀 : 2개 / [부가기능] 자동 팬 조절 / 대기전력 1W 미만 / 플랫케이블 닫기,https://img.danuri.io/catalog-image/365/079/101/9a34f22e70c14e58ae845c961907f34e.jpg?shrink=130:130&_v=20260921080454,https://prod.danawa.com/info/?pcode=101079365&cate=112777
280,맥스엘리트,맥스엘리트 MAXWELL RENAS 700W 80PLUS스탠다드,"60,940",ATX 파워 / 700W / 80 PLUS 스탠다드 / 케이블연결 : 케이블일체형 / +12V 싱글레일 / +12V 가용률 : 90% / 액티브PFC / PF(역률) : 99% / 120mm 팬 / 깊이 : 140mm / 무상 5년 / [커넥터] 메인전원 : 24핀(20+4) / 보조전원 : (4+4)핀x2 / PCIe 8핀(6+2) : 2개 / SATA : 4개 / IDE 4핀 : 2개 / [부가기능] 자동 팬 조절 / 대기전력 1W 미만 / 플랫케이블 닫기,https://img.danuri.io/catalog-image/392/079/101/9d84e9b52cc24d2ca7e484aef9596825.jpg?shrink=130:130&_v=20260921080609,https://prod.danawa.com/info/?pcode=101079392&cate=112777
281,맥스엘리트,맥스엘리트 MAXWELL DUKE 1300W 80PLUS플래티넘 풀모듈러 ATX3.0 화이트,"387,100",ATX 파워 / 1300W / 80 PLUS 플래티넘 / 케이블연결 : 풀모듈러 / +12V 싱글레일 / +12V 가용률 : 99% / 액티브PFC / PF(역률) : 99% / 120mm 팬 / 깊이 : 140mm / 무상 10년 / [커넥터] 메인전원 : 24핀(20+4) / 보조전원 : (4+4)핀x2 / PCIe 16핀(12+4) : 12VHPWR 1개 / PCIe 8핀(6+2) : 4개 / SATA : 12개 / IDE 4핀 : 6개 / [부가기능] 팬리스모드 / 자동 팬 조절 / 수동 팬 조절 / 대기전력 1W 미만 / 프리볼트 / 메쉬 패턴 케이블 / 16AWG 닫기,https://img.danuri.io/catalog-image/564/602/027/1dd3f111ca9e404482b7ddb9bfa55f72.jpg?shrink=130:130&_v=20260921080622,https://prod.danawa.com/info/?pcode=27602564&cate=112777
282,맥스엘리트,맥스엘리트 MAXWELL DUKE 1300W 80PLUS플래티넘 풀모듈러 ATX3.0,"307,000",ATX 파워 / 1300W / 80 PLUS 플래티넘 / 케이블연결 : 풀모듈러 / +12V 싱글레일 / +12V 가용률 : 99% / 액티브PFC / PF(역률) : 99% / 120mm 팬 / 깊이 : 140mm / 무상 10년 / [커넥터] 메인전원 : 24핀(20+4) / 보조전원 : (4+4)핀x2 / PCIe 16핀(12+4) : 12VHPWR 1개 / PCIe 8핀(6+2) : 4개 / SATA : 12개 / IDE 4핀 : 6개 / [부가기능] 팬리스모드 / 자동 팬 조절 / 수동 팬 조절 / 대기전력 1W 미만 / 프리볼트 / 메쉬 패턴 케이블 / 16AWG 닫기,https://img.danuri.io/catalog-image/888/451/019/71d9091d73d547b48c6111f82277cdef.jpg?shrink=130:130&_v=20260921080458,https://prod.danawa.com/info/?pcode=19451888&cate=112777
283,맥스엘리트,맥스엘리트 MAXWELL COUNT 750W 80PLUS골드 풀모듈러 ATX3.1,"128,000",ATX 파워 / 750W / 80 PLUS 골드 / 케이블연결 : 풀모듈러 / +12V 싱글레일 / +12V 가용률 : 99% / 액티브PFC / PF(역률) : 99% / 120mm 팬 / 깊이 : 140mm / 무상 10년 / [커넥터] 메인전원 : 24핀(20+4) / 보조전원 : (4+4)핀x2 / PCIe 16핀(12+4) : 12V2x6 1개 / PCIe 8핀(6+2) : 3개 / SATA : 8개 / IDE 4핀 : 4개 / [부가기능] 팬리스모드 / 자동 팬 조절 / 대기전력 1W 미만 / 프리볼트 닫기,https://img.danuri.io/catalog-image/467/649/062/7468e0b2ed6c4baaa7b1be3fafd001e0.jpg?shrink=130:130&_v=20260921035942,https://prod.danawa.com/info/?pcode=62649467&cate=112777
284,맥스엘리트,맥스엘리트 MAXWELL DUO 800W 80PLUS브론즈 PCIE5 플랫,"81,000",ATX 파워 / 800W / 80 PLUS 브론즈 / 케이블연결 : 케이블일체형 / +12V 싱글레일 / +12V 가용률 : 99% / 액티브PFC / PF(역률) : 99% / 120mm 팬 / 깊이 : 140mm / 무상 7년 / [커넥터] 메인전원 : 24핀(20+4) / 보조전원 : (4+4)핀x2 / PCIe 16핀(12+4) : 12V2x6 1개 / PCIe 8핀(6+2) : 2개 / SATA : 3개 / SATA3.3 : 3개 / IDE 4핀 : 3개 / [부가기능] 대기전력 1W 미만 / 플랫케이블 닫기,https://img.danuri.io/catalog-image/255/789/068/540d7a918d7a49d8ae9cfe16142ea5a4.jpg?shrink=130:130&_v=20260921080444,https://prod.danawa.com/info/?pcode=68789255&cate=112777
285,맥스엘리트,맥스엘리트 MAXWELL DUO 700W 80PLUS브론즈 PCIE5 플랫,"68,000",ATX 파워 / 700W / 80 PLUS 브론즈 / 케이블연결 : 케이블일체형 / +12V 싱글레일 / +12V 가용률 : 99% / 액티브PFC / PF(역률) : 99% / 120mm 팬 / 깊이 : 140mm / 무상 7년 / [커넥터] 메인전원 : 24핀(20+4) / 보조전원 : (4+4)핀x2 / PCIe 16핀(12+4) : 12V2x6 1개 / PCIe 8핀(6+2) : 2개 / SATA : 3개 / SATA3.3 : 3개 / IDE 4핀 : 3개 / [부가기능] 대기전력 1W 미만 / 플랫케이블 닫기,https://img.danuri.io/catalog-image/177/789/068/a7ab5a3bf49e48d19724032b67cef9f3.jpg?shrink=130:130&_v=20260921080444,https://prod.danawa.com/info/?pcode=68789177&cate=112777
286,맥스엘리트,맥스엘리트 MAXWELL PRIMO 500W 80PLUS스탠다드 플랫,"47,000",ATX 파워 / 500W / 80 PLUS 스탠다드 / 케이블연결 : 케이블일체형 / +12V 싱글레일 / +12V 가용률 : 96% / 액티브PFC / PF(역률) : 95% / 120mm 팬 / 깊이 : 140mm / 무상 5년 / [커넥터] 메인전원 : 24핀(20+4) / 보조전원 : (4+4)핀x1 / PCIe 8핀(6+2) : 2개 / SATA : 4개 / IDE 4핀 : 2개 / [부가기능] 대기전력 1W 미만 / 플랫케이블 닫기,https://img.danuri.io/catalog-image/351/503/018/a56f80df7cad499aa21d472e0748ecb6.jpg?shrink=130:130&_v=20260921134853,https://prod.danawa.com/info/?pcode=18503351&cate=112777
287,맥스엘리트,맥스엘리트 MAXWELL DUO 800W 80PLUS브론즈 PCIE5 플랫 화이트,"80,000",ATX 파워 / 800W / 80 PLUS 브론즈 / 케이블연결 : 케이블일체형 / +12V 싱글레일 / +12V 가용률 : 99% / 액티브PFC / PF(역률) : 99% / 120mm 팬 / 깊이 : 140mm / 무상 7년 / [커넥터] 메인전원 : 24핀(20+4) / 보조전원 : (4+4)핀x2 / PCIe 16핀(12+4) : 12V2x6 1개 / PCIe 8핀(6+2) : 2개 / SATA : 3개 / SATA3.3 : 3개 / IDE 4핀 : 3개 / [부가기능] 대기전력 1W 미만 / 플랫케이블 닫기,https://img.danuri.io/catalog-image/267/789/068/488412847a6f4b5ea4f3191f2c13b3aa.jpg?shrink=130:130&_v=20260919080510,https://prod.danawa.com/info/?pcode=68789267&cate=112777
288,맥스엘리트,맥스엘리트 MAXWELL DUO 700W 80PLUS브론즈 PCIE5 플랫 화이트,"73,000",ATX 파워 / 700W / 80 PLUS 브론즈 / 케이블연결 : 케이블일체형 / +12V 싱글레일 / +12V 가용률 : 99% / 액티브PFC / PF(역률) : 99% / 120mm 팬 / 깊이 : 140mm / 무상 7년 / [커넥터] 메인전원 : 24핀(20+4) / 보조전원 : (4+4)핀x2 / PCIe 16핀(12+4) : 12V2x6 1개 / PCIe 8핀(6+2) : 2개 / SATA : 3개 / SATA3.3 : 3개 / IDE 4핀 : 3개 / [부가기능] 대기전력 1W 미만 / 플랫케이블 닫기,https://img.danuri.io/catalog-image/216/789/068/caf68a86fe8e41cf804eb8a6efdffc4f.jpg?shrink=130:130&_v=20260921080609,https://prod.danawa.com/info/?pcode=68789216&cate=112777
289,맥스엘리트,맥스엘리트 MAXWELL COUNT 750W 80PLUS골드 풀모듈러 (본체+메탈그레이),"158,000",ATX 파워 / 750W / 80 PLUS 골드 / 케이블연결 : 풀모듈러 / +12V 싱글레일 / +12V 가용률 : 99% / 액티브PFC / PF(역률) : 99% / 120mm 팬 / 깊이 : 140mm / 무상 10년 / [커넥터] 메인전원 : 24핀(20+4) / 보조전원 : (4+4)핀x2 / PCIe 8핀(6+2) : 2개 / SATA : 8개 / IDE 4핀 : 3개 / [부가기능] 수동 팬 조절 / 대기전력 1W 미만 / 프리볼트 닫기,https://img.danuri.io/catalog-image/183/102/017/4d52fbf5cec54d4c9ee2befa0458acdd.jpg?shrink=130:130&_v=20260921030207,https://prod.danawa.com/info/?pcode=17102183&cate=112777
290,맥스엘리트,맥스엘리트 MAXWELL COUNT 750W 80PLUS골드 풀모듈러 (본체+플랫멀티팩),"128,000",ATX 파워 / 750W / 80 PLUS 골드 / 케이블연결 : 풀모듈러 / +12V 싱글레일 / +12V 가용률 : 99% / 액티브PFC / PF(역률) : 99% / 120mm 팬 / 깊이 : 140mm / 무상 10년 / [커넥터] 메인전원 : 24핀(20+4) / 보조전원 : (4+4)핀x2 / PCIe 8핀(6+2) : 6개 / SATA : 12개 / IDE 4핀 : 6개 / [부가기능] 수동 팬 조절 / 대기전력 1W 미만 / 프리볼트 / 플랫케이블 닫기,https://img.danuri.io/catalog-image/069/102/017/03c0d4b774b9480abe131dff14630979.jpg?shrink=130:130&_v=20260919080651,https://prod.danawa.com/info/?pcode=17102069&cate=112777
291,맥스엘리트,맥스엘리트 MAXWELL COUNT 750W 80PLUS골드 풀모듈러 (본체+딥블랙),"165,600",ATX 파워 / 750W / 80 PLUS 골드 / 케이블연결 : 풀모듈러 / +12V 싱글레일 / +12V 가용률 : 99% / 액티브PFC / PF(역률) : 99% / 120mm 팬 / 깊이 : 140mm / 무상 10년 / [커넥터] 메인전원 : 24핀(20+4) / 보조전원 : (4+4)핀x2 / PCIe 8핀(6+2) : 2개 / SATA : 8개 / IDE 4핀 : 3개 / [부가기능] 수동 팬 조절 / 대기전력 1W 미만 / 프리볼트 닫기,https://img.danuri.io/catalog-image/117/102/017/0d884d8b312b416493a5eb666792f260.jpg?shrink=130:130&_v=20260919080510,https://prod.danawa.com/info/?pcode=17102117&cate=112777
292,맥스엘리트,맥스엘리트 MAXWELL DUKE 1000W 80PLUS플래티넘 풀모듈러 ATX3.0 화이트,"283,500",ATX 파워 / 1000W / 80 PLUS 플래티넘 / 케이블연결 : 풀모듈러 / ETA인증 : PLATINUM / LAMBDA인증 : A- / +12V 싱글레일 / +12V 가용률 : 99% / 액티브PFC / PF(역률) : 99% / 120mm 팬 / 깊이 : 140mm / 무상 10년 / [커넥터] 메인전원 : 24핀(20+4) / 보조전원 : (4+4)핀x2 / PCIe 16핀(12+4) : 12VHPWR 1개 / PCIe 8핀(6+2) : 4개 / SATA : 12개 / IDE 4핀 : 6개 / [부가기능] 팬리스모드 / 자동 팬 조절 / 수동 팬 조절 / 대기전력 1W 미만 / 프리볼트 닫기,https://img.danuri.io/catalog-image/531/602/027/b0c2a86a445a459c81cf7469a54b596d.jpg?shrink=130:130&_v=20260919080523,https://prod.danawa.com/info/?pcode=27602531&cate=112777
293,맥스엘리트,맥스엘리트 MAXWELL COUNT 750W 80PLUS골드 풀모듈러 (본체+플랫슬림팩),"153,300",ATX 파워 / 750W / 80 PLUS 골드 / 케이블연결 : 풀모듈러 / +12V 싱글레일 / +12V 가용률 : 99% / 액티브PFC / PF(역률) : 99% / 120mm 팬 / 깊이 : 140mm / 무상 10년 / [커넥터] 메인전원 : 24핀(20+4) / 보조전원 : (4+4)핀x2 / PCIe 8핀(6+2) : 4개 / SATA : 8개 / IDE 4핀 : 3개 / [부가기능] 수동 팬 조절 / 대기전력 1W 미만 / 프리볼트 / 플랫케이블 닫기,https://img.danuri.io/catalog-image/994/101/017/3498b13011e0419fbc5d86747a1b67c8.jpg?shrink=130:130&_v=20260918080512,https://prod.danawa.com/info/?pcode=17101994&cate=112777
294,맥스엘리트,맥스엘리트 MAXWELL GAMING PRO 600W 80PLUS스탠다드 플랫 (중고),"20,000",ATX 파워 / 600W / 80 PLUS 스탠다드 / 케이블연결 : 케이블일체형 / 전압변동 : ±2% / +12V 싱글레일 / +12V 가용률 : 95% / 액티브PFC / PF(역률) : 99% / 120mm 팬 / 깊이 : 140mm / [커넥터] 메인전원 : 24핀(20+4) / 보조전원 : (4+4)핀x1 / PCIe 8핀(6+2) : 2개 / SATA : 3개 / SATA3.3 : 3개 / IDE 4핀 : 3개 / [부가기능] 대기전력 1W 미만 / 플랫케이블 닫기,https://img.danuri.io/catalog-image/070/564/016/ecb1b6aacbe24abba199b889ecf0fadf.jpg?shrink=130:130&_v=20260921080444,https://prod.danawa.com/info/?pcode=16564070&cate=112777
295,맥스엘리트,맥스엘리트 MAXWELL DUKE 1300W 80PLUS플래티넘 풀모듈러 ATX3.0 (중고),"123,000",ATX 파워 / 1300W / 80 PLUS 플래티넘 / 케이블연결 : 풀모듈러 / +12V 싱글레일 / +12V 가용률 : 99% / 액티브PFC / PF(역률) : 99% / 120mm 팬 / 깊이 : 140mm / 무상 10년 / [커넥터] 메인전원 : 24핀(20+4) / 보조전원 : (4+4)핀x2 / PCIe 16핀(12+4) : 12VHPWR 1개 / PCIe 8핀(6+2) : 4개 / SATA : 12개 / IDE 4핀 : 6개 / [부가기능] 팬리스모드 / 자동 팬 조절 / 수동 팬 조절 / 대기전력 1W 미만 / 프리볼트 / 메쉬 패턴 케이블 / 16AWG 닫기,https://img.danuri.io/catalog-image/349/743/123/4aaa0896352f47dea7eeb4e23bcb9472.jpg?shrink=130:130&_v=20260921142604,https://prod.danawa.com/info/?pcode=123743349&cate=112777
296,맥스엘리트,맥스엘리트 MAXWELL DUKE 1000W 80PLUS PLATINUM 풀모듈러 ATX 3.1 (PCIE5),"229,320",ATX파워 / 80 PLUS 플래티넘 / 케이블연결 : 풀모듈러 / ETA인증 : PLATINUM / LAMBDA인증 : A- / +12V 가용률 : 99% / PF(역률) : 99% / [커넥터] 메인전원 : 24핀(20+4) / 보조전원 : 8핀(4+4) 2개 / [부가기능] 닫기,https://img.danuri.io/catalog-image/880/412/111/d92d040e99b040bc92a95697cf83a66d.jpg?shrink=130:130&_v=20260921080444,https://prod.danawa.com/info/?pcode=111412880&cate=112777
