번호,제품명,용량,가격,세부스펙,이미지,상품주소
1,ESSENCORE KLEVV CRAS C910G M.2 NVMe,4TB,"945,690","M.2 (2280) / PCIe4.0x4 (64GT/s) / TLC / 컨트롤러 : 기타 / [성능] 순차읽기 : 5,000MB/s / 순차쓰기 : 4,800MB/s / 읽기IOPS : 620K / 쓰기IOPS : 615K / [지원기능] TRIM / S.M.A.R.T / SLC캐싱 / HMB / ECC / AES 암호화 / 전용 S/W / [환경특성] TBW : 700TB / A/S기간 : 5년 , 제한보증 / 방열판 포함 / 두께 : 2.8mm / 10g",https://img.danuri.io/catalog-image/505/242/098/176951fa462a47c4aad23a32c0f868dc.jpg?shrink=130:130&_v=20260921081044,https://prod.danawa.com/info/?pcode=98242550&cate=112760
2,ESSENCORE KLEVV CRAS C910G M.2 NVMe,2TB,"517,000","M.2 (2280) / PCIe4.0x4 (64GT/s) / TLC / 컨트롤러 : 기타 / [성능] 순차읽기 : 5,000MB/s / 순차쓰기 : 4,800MB/s / 읽기IOPS : 620K / 쓰기IOPS : 615K / [지원기능] TRIM / S.M.A.R.T / SLC캐싱 / HMB / ECC / AES 암호화 / 전용 S/W / [환경특성] TBW : 700TB / A/S기간 : 5년 , 제한보증 / 방열판 포함 / 두께 : 2.8mm / 10g",https://img.danuri.io/catalog-image/505/242/098/176951fa462a47c4aad23a32c0f868dc.jpg?shrink=130:130&_v=20260921081044,https://prod.danawa.com/info/?pcode=98242532&cate=112760
3,ESSENCORE KLEVV CRAS C910G M.2 NVMe,1TB,"276,290","M.2 (2280) / PCIe4.0x4 (64GT/s) / TLC / 컨트롤러 : 기타 / [성능] 순차읽기 : 5,000MB/s / 순차쓰기 : 4,800MB/s / 읽기IOPS : 620K / 쓰기IOPS : 615K / [지원기능] TRIM / S.M.A.R.T / SLC캐싱 / HMB / ECC / AES 암호화 / 전용 S/W / [환경특성] TBW : 700TB / A/S기간 : 5년 , 제한보증 / 방열판 포함 / 두께 : 2.8mm / 10g",https://img.danuri.io/catalog-image/505/242/098/176951fa462a47c4aad23a32c0f868dc.jpg?shrink=130:130&_v=20260921081044,https://prod.danawa.com/info/?pcode=98242505&cate=112760
4,ESSENCORE KLEVV CRAS C910G M.2 NVMe,500GB,"169,980","M.2 (2280) / PCIe4.0x4 (64GT/s) / TLC / 컨트롤러 : 기타 / [성능] 순차읽기 : 5,000MB/s / 순차쓰기 : 4,800MB/s / 읽기IOPS : 620K / 쓰기IOPS : 615K / [지원기능] TRIM / S.M.A.R.T / SLC캐싱 / HMB / ECC / AES 암호화 / 전용 S/W / [환경특성] TBW : 700TB / A/S기간 : 5년 , 제한보증 / 방열판 포함 / 두께 : 2.8mm / 10g",https://img.danuri.io/catalog-image/505/242/098/176951fa462a47c4aad23a32c0f868dc.jpg?shrink=130:130&_v=20260921081044,https://prod.danawa.com/info/?pcode=98242472&cate=112760
5,삼성전자 990 PRO M.2 NVMe,4TB,"1,442,890","M.2 (2280) / PCIe4.0x4 (64GT/s) / TLC(토글) / DRAM 탑재 / DDR4 2GB / 컨트롤러 : 삼성 Pascal / [성능] 순차읽기 : 7,450MB/s / 순차쓰기 : 6,900MB/s / 읽기IOPS : 1,400K / 쓰기IOPS : 1,550K / [지원기능] TRIM / S.M.A.R.T / SLC캐싱 / GC / DEVSLP / AES 암호화 / 전용 S/W / [환경특성] MTBF : 150만 / TBW : 1,200TB / SLC : 226GB / PS5 호환 / A/S기간 : 5년 , 제한보증 / 방열판 미포함 / 두께 : 2.3mm / 9g",https://img.danuri.io/catalog-image/722/297/018/86053af7566c43d8b3c56da85d1ac491.jpg?shrink=130:130&_v=20260921120408,https://prod.danawa.com/info/?pcode=28131875&cate=112760
6,삼성전자 990 PRO M.2 NVMe,2TB,"639,000","M.2 (2280) / PCIe4.0x4 (64GT/s) / TLC(토글) / DRAM 탑재 / DDR4 2GB / 컨트롤러 : 삼성 Pascal / [성능] 순차읽기 : 7,450MB/s / 순차쓰기 : 6,900MB/s / 읽기IOPS : 1,400K / 쓰기IOPS : 1,550K / [지원기능] TRIM / S.M.A.R.T / SLC캐싱 / GC / DEVSLP / AES 암호화 / 전용 S/W / [환경특성] MTBF : 150만 / TBW : 1,200TB / SLC : 226GB / PS5 호환 / A/S기간 : 5년 , 제한보증 / 방열판 미포함 / 두께 : 2.3mm / 9g",https://img.danuri.io/catalog-image/722/297/018/86053af7566c43d8b3c56da85d1ac491.jpg?shrink=130:130&_v=20260921120408,https://prod.danawa.com/info/?pcode=18297722&cate=112760
7,삼성전자 990 PRO M.2 NVMe,1TB,"397,040","M.2 (2280) / PCIe4.0x4 (64GT/s) / TLC(토글) / DRAM 탑재 / DDR4 2GB / 컨트롤러 : 삼성 Pascal / [성능] 순차읽기 : 7,450MB/s / 순차쓰기 : 6,900MB/s / 읽기IOPS : 1,400K / 쓰기IOPS : 1,550K / [지원기능] TRIM / S.M.A.R.T / SLC캐싱 / GC / DEVSLP / AES 암호화 / 전용 S/W / [환경특성] MTBF : 150만 / TBW : 1,200TB / SLC : 226GB / PS5 호환 / A/S기간 : 5년 , 제한보증 / 방열판 미포함 / 두께 : 2.3mm / 9g",https://img.danuri.io/catalog-image/722/297/018/86053af7566c43d8b3c56da85d1ac491.jpg?shrink=130:130&_v=20260921120408,https://prod.danawa.com/info/?pcode=18297002&cate=112760
8,타무즈 M740Q M.2 NVMe 벌크,1TB,"230,480","M.2 (2280) / PCIe3.0x4 (32GT/s) / QLC / 컨트롤러 : 기타 / [성능] 순차읽기 : 3,000MB/s / 순차쓰기 : 1,800MB/s / 읽기IOPS : 314K / 쓰기IOPS : 286K / [지원기능] TRIM / S.M.A.R.T / SLC캐싱 / GC / ECC / DEVSLP / [환경특성] MTBF : 100만 / TBW : 300TB / A/S기간 : 3년 , 제한보증 / 방열판 미포함 / 두께 : 2.15mm / 5g",https://img.danuri.io/catalog-image/572/692/103/7c2cd6e3e7b14637888e4298a30ee4e6.jpg?shrink=130:130&_v=20260921124804,https://prod.danawa.com/info/?pcode=103692554&cate=112760
9,타무즈 M740Q M.2 NVMe 벌크,512GB,"127,510","M.2 (2280) / PCIe3.0x4 (32GT/s) / QLC / 컨트롤러 : 기타 / [성능] 순차읽기 : 3,000MB/s / 순차쓰기 : 1,800MB/s / 읽기IOPS : 314K / 쓰기IOPS : 286K / [지원기능] TRIM / S.M.A.R.T / SLC캐싱 / GC / ECC / DEVSLP / [환경특성] MTBF : 100만 / TBW : 300TB / A/S기간 : 3년 , 제한보증 / 방열판 미포함 / 두께 : 2.15mm / 5g",https://img.danuri.io/catalog-image/572/692/103/7c2cd6e3e7b14637888e4298a30ee4e6.jpg?shrink=130:130&_v=20260921124804,https://prod.danawa.com/info/?pcode=103692572&cate=112760
10,타무즈 M740Q M.2 NVMe 벌크,256GB,"88,990","M.2 (2280) / PCIe3.0x4 (32GT/s) / QLC / 컨트롤러 : 기타 / [성능] 순차읽기 : 3,000MB/s / 순차쓰기 : 1,800MB/s / 읽기IOPS : 314K / 쓰기IOPS : 286K / [지원기능] TRIM / S.M.A.R.T / SLC캐싱 / GC / ECC / DEVSLP / [환경특성] MTBF : 100만 / TBW : 300TB / A/S기간 : 3년 , 제한보증 / 방열판 미포함 / 두께 : 2.15mm / 5g",https://img.danuri.io/catalog-image/572/692/103/7c2cd6e3e7b14637888e4298a30ee4e6.jpg?shrink=130:130&_v=20260921124804,https://prod.danawa.com/info/?pcode=103692578&cate=112760
11,ADATA LEGEND 900 M.2 NVMe 파인인포,2TB,"499,000","M.2 (2280) / PCIe4.0x4 (64GT/s) / 컨트롤러 : 기타 / [성능] 순차읽기 : 6,200MB/s / 순차쓰기 : 2,300MB/s / [지원기능] HMB / ECC / SLC캐싱 / S.M.A.R.T / 전용 S/W / AES 암호화 / [환경특성] MTBF : 150만 / TBW : 300TB / PS5 호환 / A/S기간 : 5년 , 제한보증 / 방열판 포함 / 두께 : 3.35mm",https://img.danuri.io/catalog-image/061/402/079/4bd9b19be5b04b4497036ebdb3814e2b.jpg?shrink=130:130&_v=20260921081233,https://prod.danawa.com/info/?pcode=79402016&cate=112760
12,ADATA LEGEND 900 M.2 NVMe 파인인포,1TB,"285,000","M.2 (2280) / PCIe4.0x4 (64GT/s) / 컨트롤러 : 기타 / [성능] 순차읽기 : 6,200MB/s / 순차쓰기 : 2,300MB/s / [지원기능] HMB / ECC / SLC캐싱 / S.M.A.R.T / 전용 S/W / AES 암호화 / [환경특성] MTBF : 150만 / TBW : 300TB / PS5 호환 / A/S기간 : 5년 , 제한보증 / 방열판 포함 / 두께 : 3.35mm",https://img.danuri.io/catalog-image/061/402/079/4bd9b19be5b04b4497036ebdb3814e2b.jpg?shrink=130:130&_v=20260921081233,https://prod.danawa.com/info/?pcode=79402034&cate=112760
13,ADATA LEGEND 900 M.2 NVMe 파인인포,512GB,"178,940","M.2 (2280) / PCIe4.0x4 (64GT/s) / 컨트롤러 : 기타 / [성능] 순차읽기 : 6,200MB/s / 순차쓰기 : 2,300MB/s / [지원기능] HMB / ECC / SLC캐싱 / S.M.A.R.T / 전용 S/W / AES 암호화 / [환경특성] MTBF : 150만 / TBW : 300TB / PS5 호환 / A/S기간 : 5년 , 제한보증 / 방열판 포함 / 두께 : 3.35mm",https://img.danuri.io/catalog-image/061/402/079/4bd9b19be5b04b4497036ebdb3814e2b.jpg?shrink=130:130&_v=20260921081233,https://prod.danawa.com/info/?pcode=79402061&cate=112760
14,키오시아 EXCERIA PLUS G4 M.2 NVMe,2TB,"447,700","M.2 (2280) / PCIe5.0x4 (128GT/s) / TLC / 컨트롤러 : 파이슨 PS5031-E31T / [성능] 순차읽기 : 10,000MB/s / 순차쓰기 : 7,900MB/s / 읽기IOPS : 1,300K / 쓰기IOPS : 1,400K / [지원기능] GC / SLC캐싱 / TRIM / HMB / 전용 S/W / [환경특성] MTBF : 150만 / TBW : 600TB / A/S기간 : 5년 , 제한보증 / 방열판 미포함 / 두께 : 2.38mm / 5.6g",https://img.danuri.io/catalog-image/493/056/074/7829668a50ea43b3886831e946c36763.jpg?shrink=130:130&_v=20260921131054,https://prod.danawa.com/info/?pcode=74056484&cate=112760
15,키오시아 EXCERIA PLUS G4 M.2 NVMe,1TB,"348,400","M.2 (2280) / PCIe5.0x4 (128GT/s) / TLC / 컨트롤러 : 파이슨 PS5031-E31T / [성능] 순차읽기 : 10,000MB/s / 순차쓰기 : 7,900MB/s / 읽기IOPS : 1,300K / 쓰기IOPS : 1,400K / [지원기능] GC / SLC캐싱 / TRIM / HMB / 전용 S/W / [환경특성] MTBF : 150만 / TBW : 600TB / A/S기간 : 5년 , 제한보증 / 방열판 미포함 / 두께 : 2.38mm / 5.6g",https://img.danuri.io/catalog-image/493/056/074/7829668a50ea43b3886831e946c36763.jpg?shrink=130:130&_v=20260921131054,https://prod.danawa.com/info/?pcode=74056493&cate=112760
16,Western Digital WD BLACK SN850X M.2 NVMe,4TB,"1,000,000","M.2 (2280) / PCIe4.0x4 (64GT/s) / TLC / DRAM 탑재 / DDR4 1GB / 컨트롤러 : WD Black G2 / [성능] 순차읽기 : 7,300MB/s / 순차쓰기 : 6,300MB/s / 읽기IOPS : 800K / 쓰기IOPS : 1,100K / [지원기능] TRIM / SLC캐싱 / S.M.A.R.T / 전용 S/W / [환경특성] MTBF : 180만 / TBW : 600TB / SLC : 300GB / PS5 호환 / A/S기간 : 제한보증 , 5년 / 방열판 미포함 / 두께 : 2.38mm / 7.5g",https://img.danuri.io/catalog-image/487/788/017/1406f2562a854be6a55e2b3499988714.jpg?shrink=130:130&_v=20260921080458,https://prod.danawa.com/info/?pcode=17788379&cate=112760
17,Western Digital WD BLACK SN850X M.2 NVMe,2TB,"582,000","M.2 (2280) / PCIe4.0x4 (64GT/s) / TLC / DRAM 탑재 / DDR4 1GB / 컨트롤러 : WD Black G2 / [성능] 순차읽기 : 7,300MB/s / 순차쓰기 : 6,300MB/s / 읽기IOPS : 800K / 쓰기IOPS : 1,100K / [지원기능] TRIM / SLC캐싱 / S.M.A.R.T / 전용 S/W / [환경특성] MTBF : 180만 / TBW : 600TB / SLC : 300GB / PS5 호환 / A/S기간 : 제한보증 , 5년 / 방열판 미포함 / 두께 : 2.38mm / 7.5g",https://img.danuri.io/catalog-image/487/788/017/1406f2562a854be6a55e2b3499988714.jpg?shrink=130:130&_v=20260921080458,https://prod.danawa.com/info/?pcode=17788451&cate=112760
18,Western Digital WD BLACK SN850X M.2 NVMe,1TB,"377,990","M.2 (2280) / PCIe4.0x4 (64GT/s) / TLC / DRAM 탑재 / DDR4 1GB / 컨트롤러 : WD Black G2 / [성능] 순차읽기 : 7,300MB/s / 순차쓰기 : 6,300MB/s / 읽기IOPS : 800K / 쓰기IOPS : 1,100K / [지원기능] TRIM / SLC캐싱 / S.M.A.R.T / 전용 S/W / [환경특성] MTBF : 180만 / TBW : 600TB / SLC : 300GB / PS5 호환 / A/S기간 : 제한보증 , 5년 / 방열판 미포함 / 두께 : 2.38mm / 7.5g",https://img.danuri.io/catalog-image/487/788/017/1406f2562a854be6a55e2b3499988714.jpg?shrink=130:130&_v=20260921080458,https://prod.danawa.com/info/?pcode=17788487&cate=112760
19,삼성전자 990 EVO Plus M.2 NVMe,4TB,"1,047,420","M.2 (2280) / PCIe4.0x4(64GT/s), PCIe5.0x2 / TLC(토글) / 컨트롤러 : 삼성 Piccolo / [성능] 순차읽기 : 7,150MB/s / 순차쓰기 : 6,300MB/s / 읽기IOPS : 850K / 쓰기IOPS : 1,350K / [지원기능] TRIM / S.M.A.R.T / SLC캐싱 / HMB / GC / DEVSLP / AES 암호화 / [환경특성] MTBF : 150만 / TBW : 600TB / SLC : 108GB / PS5 호환 / A/S기간 : 5년 , 제한보증 / 방열판 미포함 / 두께 : 2.38mm / 9g",https://img.danuri.io/catalog-image/543/869/069/bb8eff470ce54b689aaed45ea99a2475.jpg?shrink=130:130&_v=20260921131948,https://prod.danawa.com/info/?pcode=69869606&cate=112760
20,삼성전자 990 EVO Plus M.2 NVMe,2TB,"508,980","M.2 (2280) / PCIe4.0x4(64GT/s), PCIe5.0x2 / TLC(토글) / 컨트롤러 : 삼성 Piccolo / [성능] 순차읽기 : 7,150MB/s / 순차쓰기 : 6,300MB/s / 읽기IOPS : 850K / 쓰기IOPS : 1,350K / [지원기능] TRIM / S.M.A.R.T / SLC캐싱 / HMB / GC / DEVSLP / AES 암호화 / [환경특성] MTBF : 150만 / TBW : 600TB / SLC : 108GB / PS5 호환 / A/S기간 : 5년 , 제한보증 / 방열판 미포함 / 두께 : 2.38mm / 9g",https://img.danuri.io/catalog-image/543/869/069/bb8eff470ce54b689aaed45ea99a2475.jpg?shrink=130:130&_v=20260921131948,https://prod.danawa.com/info/?pcode=69869573&cate=112760
21,삼성전자 990 EVO Plus M.2 NVMe,1TB,"328,800","M.2 (2280) / PCIe4.0x4(64GT/s), PCIe5.0x2 / TLC(토글) / 컨트롤러 : 삼성 Piccolo / [성능] 순차읽기 : 7,150MB/s / 순차쓰기 : 6,300MB/s / 읽기IOPS : 850K / 쓰기IOPS : 1,350K / [지원기능] TRIM / S.M.A.R.T / SLC캐싱 / HMB / GC / DEVSLP / AES 암호화 / [환경특성] MTBF : 150만 / TBW : 600TB / SLC : 108GB / PS5 호환 / A/S기간 : 5년 , 제한보증 / 방열판 미포함 / 두께 : 2.38mm / 9g",https://img.danuri.io/catalog-image/543/869/069/bb8eff470ce54b689aaed45ea99a2475.jpg?shrink=130:130&_v=20260921131948,https://prod.danawa.com/info/?pcode=69869543&cate=112760
22,SK하이닉스 Platinum P41 M.2 NVMe,2TB,"669,990","M.2 (2280) / PCIe4.0x4 (64GT/s) / TLC(토글) / DRAM 탑재 / DDR4 1GB / 컨트롤러 : SK하이닉스 Aries / [성능] 순차읽기 : 7,000MB/s / 순차쓰기 : 6,500MB/s / 읽기IOPS : 1,400K / 쓰기IOPS : 1,300K / [지원기능] TRIM / S.M.A.R.T / SLC캐싱 / GC / DEVSLP / AES 암호화 / 전용 S/W / [환경특성] MTBF : 150만 / TBW : 750TB / SLC : 213GB / PS5 호환 / A/S기간 : 5년 , 제한보증 / 방열판 미포함 / 두께 : 2.38mm / 7g",https://img.danuri.io/catalog-image/050/001/017/ad7497c5c9bc4f2e8091709069115d7a.jpg?shrink=130:130&_v=20260921080456,https://prod.danawa.com/info/?pcode=17000984&cate=112760
23,SK하이닉스 Platinum P41 M.2 NVMe,1TB,"427,800","M.2 (2280) / PCIe4.0x4 (64GT/s) / TLC(토글) / DRAM 탑재 / DDR4 1GB / 컨트롤러 : SK하이닉스 Aries / [성능] 순차읽기 : 7,000MB/s / 순차쓰기 : 6,500MB/s / 읽기IOPS : 1,400K / 쓰기IOPS : 1,300K / [지원기능] TRIM / S.M.A.R.T / SLC캐싱 / GC / DEVSLP / AES 암호화 / 전용 S/W / [환경특성] MTBF : 150만 / TBW : 750TB / SLC : 213GB / PS5 호환 / A/S기간 : 5년 , 제한보증 / 방열판 미포함 / 두께 : 2.38mm / 7g",https://img.danuri.io/catalog-image/050/001/017/ad7497c5c9bc4f2e8091709069115d7a.jpg?shrink=130:130&_v=20260921080456,https://prod.danawa.com/info/?pcode=17001050&cate=112760
24,SK하이닉스 Platinum P41 M.2 NVMe,500GB,"344,980","M.2 (2280) / PCIe4.0x4 (64GT/s) / TLC(토글) / DRAM 탑재 / DDR4 1GB / 컨트롤러 : SK하이닉스 Aries / [성능] 순차읽기 : 7,000MB/s / 순차쓰기 : 6,500MB/s / 읽기IOPS : 1,400K / 쓰기IOPS : 1,300K / [지원기능] TRIM / S.M.A.R.T / SLC캐싱 / GC / DEVSLP / AES 암호화 / 전용 S/W / [환경특성] MTBF : 150만 / TBW : 750TB / SLC : 213GB / PS5 호환 / A/S기간 : 5년 , 제한보증 / 방열판 미포함 / 두께 : 2.38mm / 7g",https://img.danuri.io/catalog-image/050/001/017/ad7497c5c9bc4f2e8091709069115d7a.jpg?shrink=130:130&_v=20260921080456,https://prod.danawa.com/info/?pcode=17001083&cate=112760
25,삼성전자 PM9A1 M.2 NVMe 벌크,2TB,"618,000","M.2 (2280) / PCIe4.0x4 (64GT/s) / TLC(토글) / DRAM 탑재 / DDR4 512MB / 컨트롤러 : 삼성 Elpis / [성능] 순차읽기 : 6,400MB/s / 순차쓰기 : 2,700MB/s / 읽기IOPS : 500K / 쓰기IOPS : 600K / [지원기능] TRIM / SLC캐싱 / S.M.A.R.T / AES 암호화 / [환경특성] MTBF : 150만 / TBW : 150TB / SLC : 49GB / PS5 호환 / 방열판 미포함 / 두께 : 2.38mm / 9g / [기타] 노트북 적출상품 / ＊병행, 중고 판매처 확인요망",https://img.danuri.io/catalog-image/969/550/013/c9ee66e0e9284b0fb232af8505cfd8c1.jpg?shrink=130:130&_v=20260921095641,https://prod.danawa.com/info/?pcode=14653847&cate=112760
26,삼성전자 PM9A1 M.2 NVMe 벌크,1TB,"331,900","M.2 (2280) / PCIe4.0x4 (64GT/s) / TLC(토글) / DRAM 탑재 / DDR4 512MB / 컨트롤러 : 삼성 Elpis / [성능] 순차읽기 : 6,400MB/s / 순차쓰기 : 2,700MB/s / 읽기IOPS : 500K / 쓰기IOPS : 600K / [지원기능] TRIM / SLC캐싱 / S.M.A.R.T / AES 암호화 / [환경특성] MTBF : 150만 / TBW : 150TB / SLC : 49GB / PS5 호환 / 방열판 미포함 / 두께 : 2.38mm / 9g / [기타] 노트북 적출상품 / ＊병행, 중고 판매처 확인요망",https://img.danuri.io/catalog-image/969/550/013/c9ee66e0e9284b0fb232af8505cfd8c1.jpg?shrink=130:130&_v=20260921095641,https://prod.danawa.com/info/?pcode=13486118&cate=112760
27,삼성전자 PM9A1 M.2 NVMe 벌크,512GB,"220,000","M.2 (2280) / PCIe4.0x4 (64GT/s) / TLC(토글) / DRAM 탑재 / DDR4 512MB / 컨트롤러 : 삼성 Elpis / [성능] 순차읽기 : 6,400MB/s / 순차쓰기 : 2,700MB/s / 읽기IOPS : 500K / 쓰기IOPS : 600K / [지원기능] TRIM / SLC캐싱 / S.M.A.R.T / AES 암호화 / [환경특성] MTBF : 150만 / TBW : 150TB / SLC : 49GB / PS5 호환 / 방열판 미포함 / 두께 : 2.38mm / 9g / [기타] 노트북 적출상품 / ＊병행, 중고 판매처 확인요망",https://img.danuri.io/catalog-image/969/550/013/c9ee66e0e9284b0fb232af8505cfd8c1.jpg?shrink=130:130&_v=20260921095641,https://prod.danawa.com/info/?pcode=13649699&cate=112760
28,삼성전자 PM9A1 M.2 NVMe 벌크,256GB,"93,790","M.2 (2280) / PCIe4.0x4 (64GT/s) / TLC(토글) / DRAM 탑재 / DDR4 512MB / 컨트롤러 : 삼성 Elpis / [성능] 순차읽기 : 6,400MB/s / 순차쓰기 : 2,700MB/s / 읽기IOPS : 500K / 쓰기IOPS : 600K / [지원기능] TRIM / SLC캐싱 / S.M.A.R.T / AES 암호화 / [환경특성] MTBF : 150만 / TBW : 150TB / SLC : 49GB / PS5 호환 / 방열판 미포함 / 두께 : 2.38mm / 9g / [기타] 노트북 적출상품 / ＊병행, 중고 판매처 확인요망",https://img.danuri.io/catalog-image/969/550/013/c9ee66e0e9284b0fb232af8505cfd8c1.jpg?shrink=130:130&_v=20260921095641,https://prod.danawa.com/info/?pcode=13550969&cate=112760
29,삼성전자 870 EVO,4TB,"1,933,460","6.4cm(2.5형) / SATA3 (6Gb/s) / TLC(토글) / DRAM 탑재 / DDR4 512MB / 컨트롤러 : 삼성 MKX / [성능] 순차읽기 : 560MB/s / 순차쓰기 : 530MB/s / 읽기IOPS : 98K / 쓰기IOPS : 88K / [지원기능] TRIM / S.M.A.R.T / SLC캐싱 / GC / AES 암호화 / 전용 S/W / [환경특성] MTBF : 150만 / TBW : 300TB / SLC : 22GB / A/S기간 : 5년 , 제한보증 / 두께 : 6.8mm / 45g",https://img.danuri.io/catalog-image/519/190/013/092cc914cdc449d4a9b4f2d9220f7dd4.jpg?shrink=130:130&_v=20260921134943,https://prod.danawa.com/info/?pcode=13190711&cate=112760
30,삼성전자 870 EVO,2TB,"1,048,800","6.4cm(2.5형) / SATA3 (6Gb/s) / TLC(토글) / DRAM 탑재 / DDR4 512MB / 컨트롤러 : 삼성 MKX / [성능] 순차읽기 : 560MB/s / 순차쓰기 : 530MB/s / 읽기IOPS : 98K / 쓰기IOPS : 88K / [지원기능] TRIM / S.M.A.R.T / SLC캐싱 / GC / AES 암호화 / 전용 S/W / [환경특성] MTBF : 150만 / TBW : 300TB / SLC : 22GB / A/S기간 : 5년 , 제한보증 / 두께 : 6.8mm / 45g",https://img.danuri.io/catalog-image/519/190/013/092cc914cdc449d4a9b4f2d9220f7dd4.jpg?shrink=130:130&_v=20260921134943,https://prod.danawa.com/info/?pcode=13190630&cate=112760
31,삼성전자 870 EVO,1TB,"424,990","6.4cm(2.5형) / SATA3 (6Gb/s) / TLC(토글) / DRAM 탑재 / DDR4 512MB / 컨트롤러 : 삼성 MKX / [성능] 순차읽기 : 560MB/s / 순차쓰기 : 530MB/s / 읽기IOPS : 98K / 쓰기IOPS : 88K / [지원기능] TRIM / S.M.A.R.T / SLC캐싱 / GC / AES 암호화 / 전용 S/W / [환경특성] MTBF : 150만 / TBW : 300TB / SLC : 22GB / A/S기간 : 5년 , 제한보증 / 두께 : 6.8mm / 45g",https://img.danuri.io/catalog-image/519/190/013/092cc914cdc449d4a9b4f2d9220f7dd4.jpg?shrink=130:130&_v=20260921134943,https://prod.danawa.com/info/?pcode=13190573&cate=112760
32,삼성전자 870 EVO,500GB,"286,380","6.4cm(2.5형) / SATA3 (6Gb/s) / TLC(토글) / DRAM 탑재 / DDR4 512MB / 컨트롤러 : 삼성 MKX / [성능] 순차읽기 : 560MB/s / 순차쓰기 : 530MB/s / 읽기IOPS : 98K / 쓰기IOPS : 88K / [지원기능] TRIM / S.M.A.R.T / SLC캐싱 / GC / AES 암호화 / 전용 S/W / [환경특성] MTBF : 150만 / TBW : 300TB / SLC : 22GB / A/S기간 : 5년 , 제한보증 / 두께 : 6.8mm / 45g",https://img.danuri.io/catalog-image/519/190/013/092cc914cdc449d4a9b4f2d9220f7dd4.jpg?shrink=130:130&_v=20260921134943,https://prod.danawa.com/info/?pcode=13190519&cate=112760
33,삼성전자 9100 PRO M.2 NVMe,4TB,"1,640,990","M.2 (2280) / PCIe5.0x4 (128GT/s) / TLC(토글) / DRAM 탑재 / DDR4 4GB / 컨트롤러 : 삼성 Presto / [성능] 순차읽기 : 14,800MB/s / 순차쓰기 : 13,400MB/s / 읽기IOPS : 2,200K / 쓰기IOPS : 2,600K / [지원기능] DEVSLP / TRIM / SLC캐싱 / GC / S.M.A.R.T / AES 암호화 / 전용 S/W / [환경특성] MTBF : 150만 / TBW : 2,400TB / SLC : 442GB / PS5 호환 / A/S기간 : 5년 , 제한보증 / 방열판 미포함 / 두께 : 2.38mm / 9g",https://img.danuri.io/catalog-image/759/716/078/c5287d93c0c44c94bfb0356f26cf5167.jpg?shrink=130:130&_v=20260921124829,https://prod.danawa.com/info/?pcode=78716759&cate=112760
34,삼성전자 9100 PRO M.2 NVMe,2TB,"933,780","M.2 (2280) / PCIe5.0x4 (128GT/s) / TLC(토글) / DRAM 탑재 / DDR4 4GB / 컨트롤러 : 삼성 Presto / [성능] 순차읽기 : 14,800MB/s / 순차쓰기 : 13,400MB/s / 읽기IOPS : 2,200K / 쓰기IOPS : 2,600K / [지원기능] DEVSLP / TRIM / SLC캐싱 / GC / S.M.A.R.T / AES 암호화 / 전용 S/W / [환경특성] MTBF : 150만 / TBW : 2,400TB / SLC : 442GB / PS5 호환 / A/S기간 : 5년 , 제한보증 / 방열판 미포함 / 두께 : 2.38mm / 9g",https://img.danuri.io/catalog-image/759/716/078/c5287d93c0c44c94bfb0356f26cf5167.jpg?shrink=130:130&_v=20260921124829,https://prod.danawa.com/info/?pcode=78716720&cate=112760
35,삼성전자 9100 PRO M.2 NVMe,1TB,"441,010","M.2 (2280) / PCIe5.0x4 (128GT/s) / TLC(토글) / DRAM 탑재 / DDR4 4GB / 컨트롤러 : 삼성 Presto / [성능] 순차읽기 : 14,800MB/s / 순차쓰기 : 13,400MB/s / 읽기IOPS : 2,200K / 쓰기IOPS : 2,600K / [지원기능] DEVSLP / TRIM / SLC캐싱 / GC / S.M.A.R.T / AES 암호화 / 전용 S/W / [환경특성] MTBF : 150만 / TBW : 2,400TB / SLC : 442GB / PS5 호환 / A/S기간 : 5년 , 제한보증 / 방열판 미포함 / 두께 : 2.38mm / 9g",https://img.danuri.io/catalog-image/759/716/078/c5287d93c0c44c94bfb0356f26cf5167.jpg?shrink=130:130&_v=20260921124829,https://prod.danawa.com/info/?pcode=78716702&cate=112760
36,화웨이 eKitStor Xtreme 201 M.2 NVMe,2TB,"475,000","M.2 (2280) / PCIe4.0x4 (64GT/s) / TLC / 컨트롤러 : 화웨이 / [성능] 순차읽기 : 7,400MB/s / 순차쓰기 : 6,700MB/s / 읽기IOPS : 1,000K / 쓰기IOPS : 1,300K / [지원기능] HMB / TRIM / ECC / SLC캐싱 / S.M.A.R.T / 전용 S/W / [환경특성] MTBF : 200만 / TBW : 2,000TB / PS5 호환 / A/S기간 : 5년 , 제한보증 / 방열판 미포함 / 두께 : 2.7mm",https://img.danuri.io/catalog-image/863/411/102/53aac5ec2ebd4a5bacf8820b7eea54f3.jpg?shrink=130:130&_v=20260921080444,https://prod.danawa.com/info/?pcode=102411866&cate=112760
37,화웨이 eKitStor Xtreme 201 M.2 NVMe,1TB,"269,000","M.2 (2280) / PCIe4.0x4 (64GT/s) / TLC / 컨트롤러 : 화웨이 / [성능] 순차읽기 : 7,400MB/s / 순차쓰기 : 6,700MB/s / 읽기IOPS : 1,000K / 쓰기IOPS : 1,300K / [지원기능] HMB / TRIM / ECC / SLC캐싱 / S.M.A.R.T / 전용 S/W / [환경특성] MTBF : 200만 / TBW : 2,000TB / PS5 호환 / A/S기간 : 5년 , 제한보증 / 방열판 미포함 / 두께 : 2.7mm",https://img.danuri.io/catalog-image/863/411/102/53aac5ec2ebd4a5bacf8820b7eea54f3.jpg?shrink=130:130&_v=20260921080444,https://prod.danawa.com/info/?pcode=102411863&cate=112760
38,SK하이닉스 Gold P31 M.2 NVMe,2TB,"737,000","M.2 (2280) / PCIe3.0x4 (32GT/s) / TLC(토글) / DRAM 탑재 / DDR4 1GB / 컨트롤러 : SK하이닉스 Cepheus / [성능] 순차읽기 : 3,500MB/s / 순차쓰기 : 3,200MB/s / 읽기IOPS : 570K / 쓰기IOPS : 600K / [지원기능] TRIM / S.M.A.R.T / SLC캐싱 / AES 암호화 / 전용 S/W / [환경특성] MTBF : 150만 / TBW : 750TB / SLC : 92GB / A/S기간 : 5년 , 제한보증 / 방열판 미포함 / 두께 : 2.3mm / 7g",https://img.danuri.io/catalog-image/338/161/013/ffd31858c1ee4f738944be8eb5570ee7.jpg?shrink=130:130&_v=20260921080444,https://prod.danawa.com/info/?pcode=15022826&cate=112760
39,SK하이닉스 Gold P31 M.2 NVMe,1TB,"435,000","M.2 (2280) / PCIe3.0x4 (32GT/s) / TLC(토글) / DRAM 탑재 / DDR4 1GB / 컨트롤러 : SK하이닉스 Cepheus / [성능] 순차읽기 : 3,500MB/s / 순차쓰기 : 3,200MB/s / 읽기IOPS : 570K / 쓰기IOPS : 600K / [지원기능] TRIM / S.M.A.R.T / SLC캐싱 / AES 암호화 / 전용 S/W / [환경특성] MTBF : 150만 / TBW : 750TB / SLC : 92GB / A/S기간 : 5년 , 제한보증 / 방열판 미포함 / 두께 : 2.3mm / 7g",https://img.danuri.io/catalog-image/338/161/013/ffd31858c1ee4f738944be8eb5570ee7.jpg?shrink=130:130&_v=20260921080444,https://prod.danawa.com/info/?pcode=13161338&cate=112760
40,SK하이닉스 Gold P31 M.2 NVMe,500GB,"382,000","M.2 (2280) / PCIe3.0x4 (32GT/s) / TLC(토글) / DRAM 탑재 / DDR4 1GB / 컨트롤러 : SK하이닉스 Cepheus / [성능] 순차읽기 : 3,500MB/s / 순차쓰기 : 3,200MB/s / 읽기IOPS : 570K / 쓰기IOPS : 600K / [지원기능] TRIM / S.M.A.R.T / SLC캐싱 / AES 암호화 / 전용 S/W / [환경특성] MTBF : 150만 / TBW : 750TB / SLC : 92GB / A/S기간 : 5년 , 제한보증 / 방열판 미포함 / 두께 : 2.3mm / 7g",https://img.danuri.io/catalog-image/338/161/013/ffd31858c1ee4f738944be8eb5570ee7.jpg?shrink=130:130&_v=20260921080444,https://prod.danawa.com/info/?pcode=13161353&cate=112760
41,삼성전자 PM9A1 M.2 NVMe 중고,2TB,"568,000","M.2 (2280) / PCIe4.0x4 (64GT/s) / TLC(토글) / DRAM 탑재 / DDR4 512MB / 컨트롤러 : 삼성 Elpis / [성능] 순차읽기 : 6,900MB/s / 순차쓰기 : 5,000MB/s / 읽기IOPS : 800K / 쓰기IOPS : 800K / [지원기능] TRIM / S.M.A.R.T / SLC캐싱 / AES 암호화 / [환경특성] MTBF : 150만 / TBW : 300TB / SLC : 94GB / PS5 호환 / 방열판 미포함 / 두께 : 2.38mm / 9g",https://img.danuri.io/catalog-image/306/691/100/28f06baec6644beeb9e3aba5688e5152.jpg?shrink=130:130&_v=20260921080443,https://prod.danawa.com/info/?pcode=122699039&cate=112760
42,삼성전자 PM9A1 M.2 NVMe 중고,1TB,"278,000","M.2 (2280) / PCIe4.0x4 (64GT/s) / TLC(토글) / DRAM 탑재 / DDR4 512MB / 컨트롤러 : 삼성 Elpis / [성능] 순차읽기 : 6,900MB/s / 순차쓰기 : 5,000MB/s / 읽기IOPS : 800K / 쓰기IOPS : 800K / [지원기능] TRIM / S.M.A.R.T / SLC캐싱 / AES 암호화 / [환경특성] MTBF : 150만 / TBW : 300TB / SLC : 94GB / PS5 호환 / 방열판 미포함 / 두께 : 2.38mm / 9g",https://img.danuri.io/catalog-image/306/691/100/28f06baec6644beeb9e3aba5688e5152.jpg?shrink=130:130&_v=20260921080443,https://prod.danawa.com/info/?pcode=98782121&cate=112760
43,삼성전자 PM9A1 M.2 NVMe 중고,512GB,"173,890","M.2 (2280) / PCIe4.0x4 (64GT/s) / TLC(토글) / DRAM 탑재 / DDR4 512MB / 컨트롤러 : 삼성 Elpis / [성능] 순차읽기 : 6,900MB/s / 순차쓰기 : 5,000MB/s / 읽기IOPS : 800K / 쓰기IOPS : 800K / [지원기능] TRIM / S.M.A.R.T / SLC캐싱 / AES 암호화 / [환경특성] MTBF : 150만 / TBW : 300TB / SLC : 94GB / PS5 호환 / 방열판 미포함 / 두께 : 2.38mm / 9g",https://img.danuri.io/catalog-image/306/691/100/28f06baec6644beeb9e3aba5688e5152.jpg?shrink=130:130&_v=20260921080443,https://prod.danawa.com/info/?pcode=100691306&cate=112760
44,삼성전자 PM9A1 M.2 NVMe 중고,256GB,"79,000","M.2 (2280) / PCIe4.0x4 (64GT/s) / TLC(토글) / DRAM 탑재 / DDR4 512MB / 컨트롤러 : 삼성 Elpis / [성능] 순차읽기 : 6,900MB/s / 순차쓰기 : 5,000MB/s / 읽기IOPS : 800K / 쓰기IOPS : 800K / [지원기능] TRIM / S.M.A.R.T / SLC캐싱 / AES 암호화 / [환경특성] MTBF : 150만 / TBW : 300TB / SLC : 94GB / PS5 호환 / 방열판 미포함 / 두께 : 2.38mm / 9g",https://img.danuri.io/catalog-image/306/691/100/28f06baec6644beeb9e3aba5688e5152.jpg?shrink=130:130&_v=20260921080443,https://prod.danawa.com/info/?pcode=102760391&cate=112760
45,삼성전자 PM9C1 M.2 NVMe 벌크,1TB,"313,990","M.2 (2280) / PCIe4.0x4 (64GT/s) / TLC / 컨트롤러 : 삼성 Piccolo / [성능] 순차읽기 : 4,950MB/s / 순차쓰기 : 2,500MB/s / 읽기IOPS : 400K / 쓰기IOPS : 550K / [지원기능] HMB / [환경특성] 방열판 미포함 / 두께 : 2.38mm / [기타] 노트북 적출상품",https://img.danuri.io/catalog-image/951/012/071/550d8436096749c2a88ccbeb263fb113.jpg?shrink=130:130&_v=20260921124749,https://prod.danawa.com/info/?pcode=94888187&cate=112760
46,삼성전자 PM9C1 M.2 NVMe 벌크,512GB,"183,150","M.2 (2280) / PCIe4.0x4 (64GT/s) / TLC / 컨트롤러 : 삼성 Piccolo / [성능] 순차읽기 : 4,950MB/s / 순차쓰기 : 2,500MB/s / 읽기IOPS : 400K / 쓰기IOPS : 550K / [지원기능] HMB / [환경특성] 방열판 미포함 / 두께 : 2.38mm / [기타] 노트북 적출상품",https://img.danuri.io/catalog-image/951/012/071/550d8436096749c2a88ccbeb263fb113.jpg?shrink=130:130&_v=20260921124749,https://prod.danawa.com/info/?pcode=71012951&cate=112760
47,삼성전자 PM9C1 M.2 NVMe 벌크,256GB,"74,610","M.2 (2280) / PCIe4.0x4 (64GT/s) / TLC / 컨트롤러 : 삼성 Piccolo / [성능] 순차읽기 : 4,950MB/s / 순차쓰기 : 2,500MB/s / 읽기IOPS : 400K / 쓰기IOPS : 550K / [지원기능] HMB / [환경특성] 방열판 미포함 / 두께 : 2.38mm / [기타] 노트북 적출상품",https://img.danuri.io/catalog-image/951/012/071/550d8436096749c2a88ccbeb263fb113.jpg?shrink=130:130&_v=20260921124749,https://prod.danawa.com/info/?pcode=97112444&cate=112760
48,Western Digital WD Blue SA510,4TB,"1,006,730","6.4cm(2.5형) / SATA3 (6Gb/s) / TLC / 컨트롤러 : WD / [성능] 순차읽기 : 560MB/s / 순차쓰기 : 520MB/s / 읽기IOPS : 90K / 쓰기IOPS : 82K / [지원기능] SLC캐싱 / S.M.A.R.T / TRIM / [환경특성] MTBF : 175만 / TBW : 400TB / A/S기간 : 5년 , 제한보증 / 두께 : 7mm",https://img.danuri.io/catalog-image/170/142/017/bff35cb516b24fb69b99aa56bb093c3f.jpg?shrink=130:130&_v=20260921080622,https://prod.danawa.com/info/?pcode=27806333&cate=112760
49,Western Digital WD Blue SA510,2TB,"820,340","6.4cm(2.5형) / SATA3 (6Gb/s) / TLC / 컨트롤러 : WD / [성능] 순차읽기 : 560MB/s / 순차쓰기 : 520MB/s / 읽기IOPS : 90K / 쓰기IOPS : 82K / [지원기능] SLC캐싱 / S.M.A.R.T / TRIM / [환경특성] MTBF : 175만 / TBW : 400TB / A/S기간 : 5년 , 제한보증 / 두께 : 7mm",https://img.danuri.io/catalog-image/170/142/017/bff35cb516b24fb69b99aa56bb093c3f.jpg?shrink=130:130&_v=20260921080622,https://prod.danawa.com/info/?pcode=21429281&cate=112760
50,Western Digital WD Blue SA510,1TB,"300,000","6.4cm(2.5형) / SATA3 (6Gb/s) / TLC / 컨트롤러 : WD / [성능] 순차읽기 : 560MB/s / 순차쓰기 : 520MB/s / 읽기IOPS : 90K / 쓰기IOPS : 82K / [지원기능] SLC캐싱 / S.M.A.R.T / TRIM / [환경특성] MTBF : 175만 / TBW : 400TB / A/S기간 : 5년 , 제한보증 / 두께 : 7mm",https://img.danuri.io/catalog-image/170/142/017/bff35cb516b24fb69b99aa56bb093c3f.jpg?shrink=130:130&_v=20260921080622,https://prod.danawa.com/info/?pcode=17142170&cate=112760
51,Western Digital WD Blue SA510,500GB,"169,000","6.4cm(2.5형) / SATA3 (6Gb/s) / TLC / 컨트롤러 : WD / [성능] 순차읽기 : 560MB/s / 순차쓰기 : 520MB/s / 읽기IOPS : 90K / 쓰기IOPS : 82K / [지원기능] SLC캐싱 / S.M.A.R.T / TRIM / [환경특성] MTBF : 175만 / TBW : 400TB / A/S기간 : 5년 , 제한보증 / 두께 : 7mm",https://img.danuri.io/catalog-image/170/142/017/bff35cb516b24fb69b99aa56bb093c3f.jpg?shrink=130:130&_v=20260921080622,https://prod.danawa.com/info/?pcode=17142212&cate=112760
52,Western Digital WD Blue SA510,250GB,"165,000","6.4cm(2.5형) / SATA3 (6Gb/s) / TLC / 컨트롤러 : WD / [성능] 순차읽기 : 560MB/s / 순차쓰기 : 520MB/s / 읽기IOPS : 90K / 쓰기IOPS : 82K / [지원기능] SLC캐싱 / S.M.A.R.T / TRIM / [환경특성] MTBF : 175만 / TBW : 400TB / A/S기간 : 5년 , 제한보증 / 두께 : 7mm",https://img.danuri.io/catalog-image/170/142/017/bff35cb516b24fb69b99aa56bb093c3f.jpg?shrink=130:130&_v=20260921080622,https://prod.danawa.com/info/?pcode=17142230&cate=112760
53,Sandisk Optimus GX PRO 8100 M.2 NVMe,4TB,"1,713,590","M.2 (2280) / PCIe5.0x4 (128GT/s) / TLC / DRAM 탑재 / 컨트롤러 : 실리콘모션 / [성능] 순차읽기 : 14,900MB/s / 순차쓰기 : 11,000MB/s / 읽기IOPS : 1,600K / 쓰기IOPS : 2,400K / [지원기능] S.M.A.R.T / SLC캐싱 / TRIM / [환경특성] MTBF : 175만 / TBW : 600TB / PS5 호환 / A/S기간 : 5년 , 제한보증 / 방열판 미포함 / 두께 : 2.38mm / 7.5g",https://img.danuri.io/catalog-image/549/668/122/4448d36da05a48e58069f9eb48dcde53.jpeg?shrink=130:130&_v=20260921142643,https://prod.danawa.com/info/?pcode=122668313&cate=112760
54,Sandisk Optimus GX PRO 8100 M.2 NVMe,2TB,"919,570","M.2 (2280) / PCIe5.0x4 (128GT/s) / TLC / DRAM 탑재 / 컨트롤러 : 실리콘모션 / [성능] 순차읽기 : 14,900MB/s / 순차쓰기 : 11,000MB/s / 읽기IOPS : 1,600K / 쓰기IOPS : 2,400K / [지원기능] S.M.A.R.T / SLC캐싱 / TRIM / [환경특성] MTBF : 175만 / TBW : 600TB / PS5 호환 / A/S기간 : 5년 , 제한보증 / 방열판 미포함 / 두께 : 2.38mm / 7.5g",https://img.danuri.io/catalog-image/549/668/122/4448d36da05a48e58069f9eb48dcde53.jpeg?shrink=130:130&_v=20260921142643,https://prod.danawa.com/info/?pcode=122668350&cate=112760
55,Sandisk Optimus GX PRO 8100 M.2 NVMe,1TB,"499,650","M.2 (2280) / PCIe5.0x4 (128GT/s) / TLC / DRAM 탑재 / 컨트롤러 : 실리콘모션 / [성능] 순차읽기 : 14,900MB/s / 순차쓰기 : 11,000MB/s / 읽기IOPS : 1,600K / 쓰기IOPS : 2,400K / [지원기능] S.M.A.R.T / SLC캐싱 / TRIM / [환경특성] MTBF : 175만 / TBW : 600TB / PS5 호환 / A/S기간 : 5년 , 제한보증 / 방열판 미포함 / 두께 : 2.38mm / 7.5g",https://img.danuri.io/catalog-image/549/668/122/4448d36da05a48e58069f9eb48dcde53.jpeg?shrink=130:130&_v=20260921142643,https://prod.danawa.com/info/?pcode=122668549&cate=112760
56,Western Digital WD Blue SN5000 M.2 NVMe,4TB,"859,290","M.2 (2280) / PCIe4.0x4 (64GT/s) / TLC / 컨트롤러 : WD Polaris 3 / [성능] 순차읽기 : 5,150MB/s / 순차쓰기 : 4,900MB/s / 읽기IOPS : 730K / 쓰기IOPS : 770K / [지원기능] S.M.A.R.T / SLC캐싱 / TRIM / HMB / 전용 S/W / [환경특성] MTBF : 175만 / TBW : 600TB / A/S기간 : 5년 , 제한보증 / 방열판 미포함 / 두께 : 2.38mm / 5.7g",https://img.danuri.io/catalog-image/211/176/062/c48994c3f7984de29d32906a76a6ceb1.jpg?shrink=130:130&_v=20260921080442,https://prod.danawa.com/info/?pcode=62176130&cate=112760
57,Western Digital WD Blue SN5000 M.2 NVMe,2TB,"510,000","M.2 (2280) / PCIe4.0x4 (64GT/s) / TLC / 컨트롤러 : WD Polaris 3 / [성능] 순차읽기 : 5,150MB/s / 순차쓰기 : 4,900MB/s / 읽기IOPS : 730K / 쓰기IOPS : 770K / [지원기능] S.M.A.R.T / SLC캐싱 / TRIM / HMB / 전용 S/W / [환경특성] MTBF : 175만 / TBW : 600TB / A/S기간 : 5년 , 제한보증 / 방열판 미포함 / 두께 : 2.38mm / 5.7g",https://img.danuri.io/catalog-image/211/176/062/c48994c3f7984de29d32906a76a6ceb1.jpg?shrink=130:130&_v=20260921080442,https://prod.danawa.com/info/?pcode=62176193&cate=112760
58,Western Digital WD Blue SN5000 M.2 NVMe,1TB,"289,530","M.2 (2280) / PCIe4.0x4 (64GT/s) / TLC / 컨트롤러 : WD Polaris 3 / [성능] 순차읽기 : 5,150MB/s / 순차쓰기 : 4,900MB/s / 읽기IOPS : 730K / 쓰기IOPS : 770K / [지원기능] S.M.A.R.T / SLC캐싱 / TRIM / HMB / 전용 S/W / [환경특성] MTBF : 175만 / TBW : 600TB / A/S기간 : 5년 , 제한보증 / 방열판 미포함 / 두께 : 2.38mm / 5.7g",https://img.danuri.io/catalog-image/211/176/062/c48994c3f7984de29d32906a76a6ceb1.jpg?shrink=130:130&_v=20260921080442,https://prod.danawa.com/info/?pcode=62176211&cate=112760
59,Western Digital WD Blue SN5000 M.2 NVMe,500GB,"223,460","M.2 (2280) / PCIe4.0x4 (64GT/s) / TLC / 컨트롤러 : WD Polaris 3 / [성능] 순차읽기 : 5,150MB/s / 순차쓰기 : 4,900MB/s / 읽기IOPS : 730K / 쓰기IOPS : 770K / [지원기능] S.M.A.R.T / SLC캐싱 / TRIM / HMB / 전용 S/W / [환경특성] MTBF : 175만 / TBW : 600TB / A/S기간 : 5년 , 제한보증 / 방열판 미포함 / 두께 : 2.38mm / 5.7g",https://img.danuri.io/catalog-image/211/176/062/c48994c3f7984de29d32906a76a6ceb1.jpg?shrink=130:130&_v=20260921080442,https://prod.danawa.com/info/?pcode=62176226&cate=112760
60,키오시아 EXCERIA PLUS G3 M.2 NVMe,2TB,"366,830","M.2 (2280) / PCIe4.0x4 (64GT/s) / TLC / 컨트롤러 : KIOXIA / [성능] 순차읽기 : 5,000MB/s / 순차쓰기 : 3,900MB/s / 읽기IOPS : 680K / 쓰기IOPS : 950K / [지원기능] HMB / TRIM / ECC / SLC캐싱 / GC / S.M.A.R.T / 전용 S/W / [환경특성] MTBF : 150만 / TBW : 1,200TB / A/S기간 : 5년 , 제한보증 / 방열판 미포함 / 두께 : 2.63mm / 7g",https://img.danuri.io/catalog-image/118/271/030/3dc876b941ef449aaa1b6be78aa348d1.jpg?shrink=130:130&_v=20260921080444,https://prod.danawa.com/info/?pcode=30271118&cate=112760
61,키오시아 EXCERIA PLUS G3 M.2 NVMe,1TB,"295,000","M.2 (2280) / PCIe4.0x4 (64GT/s) / TLC / 컨트롤러 : KIOXIA / [성능] 순차읽기 : 5,000MB/s / 순차쓰기 : 3,900MB/s / 읽기IOPS : 680K / 쓰기IOPS : 950K / [지원기능] HMB / TRIM / ECC / SLC캐싱 / GC / S.M.A.R.T / 전용 S/W / [환경특성] MTBF : 150만 / TBW : 1,200TB / A/S기간 : 5년 , 제한보증 / 방열판 미포함 / 두께 : 2.63mm / 7g",https://img.danuri.io/catalog-image/118/271/030/3dc876b941ef449aaa1b6be78aa348d1.jpg?shrink=130:130&_v=20260921080444,https://prod.danawa.com/info/?pcode=30271115&cate=112760
62,Seagate 파이어쿠다 X1070 M.2 NVMe,4TB,"999,000","M.2 (2280) / PCIe4.0x4 (64GT/s) / QLC / 컨트롤러 : 기타 / [성능] 순차읽기 : 7,200MB/s / 순차쓰기 : 6,000MB/s / 읽기IOPS : 850K / 쓰기IOPS : 900K / [지원기능] TRIM / SLC캐싱 / S.M.A.R.T / [환경특성] MTBF : 180만 / TBW : 600TB / PS5 호환 / A/S기간 : 제한보증 , 5년 , 데이터 복구 3년 / 방열판 미포함 / 두께 : 2.2mm / 6g",https://img.danuri.io/catalog-image/288/392/108/8ebc65f88273444686e003d6496afa33.jpg?shrink=130:130&_v=20260921080404,https://prod.danawa.com/info/?pcode=108392246&cate=112760
63,Seagate 파이어쿠다 X1070 M.2 NVMe,2TB,"538,790","M.2 (2280) / PCIe4.0x4 (64GT/s) / QLC / 컨트롤러 : 기타 / [성능] 순차읽기 : 7,200MB/s / 순차쓰기 : 6,000MB/s / 읽기IOPS : 850K / 쓰기IOPS : 900K / [지원기능] TRIM / SLC캐싱 / S.M.A.R.T / [환경특성] MTBF : 180만 / TBW : 600TB / PS5 호환 / A/S기간 : 제한보증 , 5년 , 데이터 복구 3년 / 방열판 미포함 / 두께 : 2.2mm / 6g",https://img.danuri.io/catalog-image/288/392/108/8ebc65f88273444686e003d6496afa33.jpg?shrink=130:130&_v=20260921080404,https://prod.danawa.com/info/?pcode=108392261&cate=112760
64,Seagate 파이어쿠다 X1070 M.2 NVMe,1TB,"299,000","M.2 (2280) / PCIe4.0x4 (64GT/s) / QLC / 컨트롤러 : 기타 / [성능] 순차읽기 : 7,200MB/s / 순차쓰기 : 6,000MB/s / 읽기IOPS : 850K / 쓰기IOPS : 900K / [지원기능] TRIM / SLC캐싱 / S.M.A.R.T / [환경특성] MTBF : 180만 / TBW : 600TB / PS5 호환 / A/S기간 : 제한보증 , 5년 , 데이터 복구 3년 / 방열판 미포함 / 두께 : 2.2mm / 6g",https://img.danuri.io/catalog-image/288/392/108/8ebc65f88273444686e003d6496afa33.jpg?shrink=130:130&_v=20260921080404,https://prod.danawa.com/info/?pcode=108392288&cate=112760
65,Sandisk Optimus 5100 M.2 NVMe,4TB,"1,086,090","M.2 (2280) / PCIe4.0x4 (64GT/s) / QLC / 컨트롤러 : WD / [성능] 순차읽기 : 6,600MB/s / 순차쓰기 : 5,600MB/s / 읽기IOPS : 660K / 쓰기IOPS : 1,100K / [지원기능] TRIM / HMB / SLC캐싱 / S.M.A.R.T / [환경특성] MTBF : 175만 / TBW : 300TB / PS5 호환 / A/S기간 : 5년 , 제한보증 / 방열판 미포함 / 두께 : 2.38mm / 5.7g",https://img.danuri.io/catalog-image/752/669/122/054dc38725b24cb69432e92144b081c0.jpeg?shrink=130:130&_v=20260921110223,https://prod.danawa.com/info/?pcode=122669782&cate=112760
66,Sandisk Optimus 5100 M.2 NVMe,2TB,"626,180","M.2 (2280) / PCIe4.0x4 (64GT/s) / QLC / 컨트롤러 : WD / [성능] 순차읽기 : 6,600MB/s / 순차쓰기 : 5,600MB/s / 읽기IOPS : 660K / 쓰기IOPS : 1,100K / [지원기능] TRIM / HMB / SLC캐싱 / S.M.A.R.T / [환경특성] MTBF : 175만 / TBW : 300TB / PS5 호환 / A/S기간 : 5년 , 제한보증 / 방열판 미포함 / 두께 : 2.38mm / 5.7g",https://img.danuri.io/catalog-image/752/669/122/054dc38725b24cb69432e92144b081c0.jpeg?shrink=130:130&_v=20260921110223,https://prod.danawa.com/info/?pcode=122669695&cate=112760
67,Sandisk Optimus 5100 M.2 NVMe,1TB,"334,950","M.2 (2280) / PCIe4.0x4 (64GT/s) / QLC / 컨트롤러 : WD / [성능] 순차읽기 : 6,600MB/s / 순차쓰기 : 5,600MB/s / 읽기IOPS : 660K / 쓰기IOPS : 1,100K / [지원기능] TRIM / HMB / SLC캐싱 / S.M.A.R.T / [환경특성] MTBF : 175만 / TBW : 300TB / PS5 호환 / A/S기간 : 5년 , 제한보증 / 방열판 미포함 / 두께 : 2.38mm / 5.7g",https://img.danuri.io/catalog-image/752/669/122/054dc38725b24cb69432e92144b081c0.jpeg?shrink=130:130&_v=20260921110223,https://prod.danawa.com/info/?pcode=122669740&cate=112760
68,Sandisk Optimus 5100 M.2 NVMe,500GB,"173,680","M.2 (2280) / PCIe4.0x4 (64GT/s) / QLC / 컨트롤러 : WD / [성능] 순차읽기 : 6,600MB/s / 순차쓰기 : 5,600MB/s / 읽기IOPS : 660K / 쓰기IOPS : 1,100K / [지원기능] TRIM / HMB / SLC캐싱 / S.M.A.R.T / [환경특성] MTBF : 175만 / TBW : 300TB / PS5 호환 / A/S기간 : 5년 , 제한보증 / 방열판 미포함 / 두께 : 2.38mm / 5.7g",https://img.danuri.io/catalog-image/752/669/122/054dc38725b24cb69432e92144b081c0.jpeg?shrink=130:130&_v=20260921110223,https://prod.danawa.com/info/?pcode=122669752&cate=112760
69,마이크로닉스 WARP B2,256GB,"61,070",6.4cm(2.5형) / SATA3 (6Gb/s) / 컨트롤러 : 기타 / [성능] 순차읽기 : 500MB/s / 순차쓰기 : 350MB/s / [지원기능] TRIM / SLC캐싱 / ECC / [환경특성] MTBF : 100만 / A/S기간 : 3년 / 두께 : 7mm / 46g / [기타] 26년 7월부로 순차읽기/쓰기 정보 변경,https://img.danuri.io/catalog-image/899/899/016/779bb0a22614462f868d79a06b7ffb5d.jpg?shrink=130:130&_v=20260921080458,https://prod.danawa.com/info/?pcode=16899899&cate=112760
70,마이크로닉스 WARP B2,512GB,"101,880",6.4cm(2.5형) / SATA3 (6Gb/s) / 컨트롤러 : 기타 / [성능] 순차읽기 : 500MB/s / 순차쓰기 : 350MB/s / [지원기능] TRIM / SLC캐싱 / ECC / [환경특성] MTBF : 100만 / A/S기간 : 3년 / 두께 : 7mm / 46g / [기타] 26년 7월부로 순차읽기/쓰기 정보 변경,https://img.danuri.io/catalog-image/899/899/016/779bb0a22614462f868d79a06b7ffb5d.jpg?shrink=130:130&_v=20260921080458,https://prod.danawa.com/info/?pcode=16899878&cate=112760
71,ESSENCORE KLEVV CRAS C715 M.2 NVMe,1TB,"272,270","M.2 (2280) / PCIe3.0x4 (32GT/s) / TLC / 컨트롤러 : 기타 / [성능] 순차읽기 : 3,200MB/s / 순차쓰기 : 2,000MB/s / [지원기능] HMB / TRIM / ECC / SLC캐싱 / S.M.A.R.T / 전용 S/W / [환경특성] TBW : 300TB / A/S기간 : 제한보증 , 5년 / 방열판 미포함 / 두께 : 2.5mm / 7g",https://img.danuri.io/catalog-image/332/660/069/c8bf04bd80394c32a29750b69a344e7e.jpg?shrink=130:130&_v=20260921080458,https://prod.danawa.com/info/?pcode=69660347&cate=112760
72,ESSENCORE KLEVV CRAS C715 M.2 NVMe,512GB,"153,710","M.2 (2280) / PCIe3.0x4 (32GT/s) / TLC / 컨트롤러 : 기타 / [성능] 순차읽기 : 3,200MB/s / 순차쓰기 : 2,000MB/s / [지원기능] HMB / TRIM / ECC / SLC캐싱 / S.M.A.R.T / 전용 S/W / [환경특성] TBW : 300TB / A/S기간 : 제한보증 , 5년 / 방열판 미포함 / 두께 : 2.5mm / 7g",https://img.danuri.io/catalog-image/332/660/069/c8bf04bd80394c32a29750b69a344e7e.jpg?shrink=130:130&_v=20260921080458,https://prod.danawa.com/info/?pcode=69660332&cate=112760
73,ESSENCORE KLEVV CRAS C715 M.2 NVMe,256GB,"104,070","M.2 (2280) / PCIe3.0x4 (32GT/s) / TLC / 컨트롤러 : 기타 / [성능] 순차읽기 : 3,200MB/s / 순차쓰기 : 2,000MB/s / [지원기능] HMB / TRIM / ECC / SLC캐싱 / S.M.A.R.T / 전용 S/W / [환경특성] TBW : 300TB / A/S기간 : 제한보증 , 5년 / 방열판 미포함 / 두께 : 2.5mm / 7g",https://img.danuri.io/catalog-image/332/660/069/c8bf04bd80394c32a29750b69a344e7e.jpg?shrink=130:130&_v=20260921080458,https://prod.danawa.com/info/?pcode=69657575&cate=112760
74,Western Digital WD BLACK SN850X 히트싱크 M.2 NVMe,4TB,"1,474,990","M.2 (2280) / PCIe4.0x4 (64GT/s) / TLC / DRAM 탑재 / DDR4 2GB / 컨트롤러 : WD Black G2 / [성능] 순차읽기 : 7,300MB/s / 순차쓰기 : 6,600MB/s / 읽기IOPS : 1,200K / 쓰기IOPS : 1,100K / [지원기능] TRIM / SLC캐싱 / S.M.A.R.T / 전용 S/W / [환경특성] MTBF : 180만 / TBW : 1,200TB / SLC : 600GB / PS5 호환 / A/S기간 : 5년 , 제한보증 / 방열판 포함 / 두께 : 8.8mm / 24g",https://img.danuri.io/catalog-image/299/790/017/bd520a4e074047ffa35d180246f719c3.jpg?shrink=130:130&_v=20260921080444,https://prod.danawa.com/info/?pcode=74052506&cate=112760
75,Western Digital WD BLACK SN850X 히트싱크 M.2 NVMe,2TB,"592,000","M.2 (2280) / PCIe4.0x4 (64GT/s) / TLC / DRAM 탑재 / DDR4 2GB / 컨트롤러 : WD Black G2 / [성능] 순차읽기 : 7,300MB/s / 순차쓰기 : 6,600MB/s / 읽기IOPS : 1,200K / 쓰기IOPS : 1,100K / [지원기능] TRIM / SLC캐싱 / S.M.A.R.T / 전용 S/W / [환경특성] MTBF : 180만 / TBW : 1,200TB / SLC : 600GB / PS5 호환 / A/S기간 : 5년 , 제한보증 / 방열판 포함 / 두께 : 8.8mm / 24g",https://img.danuri.io/catalog-image/299/790/017/bd520a4e074047ffa35d180246f719c3.jpg?shrink=130:130&_v=20260921080444,https://prod.danawa.com/info/?pcode=17790299&cate=112760
76,Western Digital WD BLACK SN850X 히트싱크 M.2 NVMe,1TB,"393,980","M.2 (2280) / PCIe4.0x4 (64GT/s) / TLC / DRAM 탑재 / DDR4 2GB / 컨트롤러 : WD Black G2 / [성능] 순차읽기 : 7,300MB/s / 순차쓰기 : 6,600MB/s / 읽기IOPS : 1,200K / 쓰기IOPS : 1,100K / [지원기능] TRIM / SLC캐싱 / S.M.A.R.T / 전용 S/W / [환경특성] MTBF : 180만 / TBW : 1,200TB / SLC : 600GB / PS5 호환 / A/S기간 : 5년 , 제한보증 / 방열판 포함 / 두께 : 8.8mm / 24g",https://img.danuri.io/catalog-image/299/790/017/bd520a4e074047ffa35d180246f719c3.jpg?shrink=130:130&_v=20260921080444,https://prod.danawa.com/info/?pcode=17790251&cate=112760
77,키오시아 EXCERIA,480GB,"121,190","6.4cm(2.5형) / SATA3 (6Gb/s) / TLC(토글) / 컨트롤러 : KIOXIA / [성능] 순차읽기 : 555MB/s / 순차쓰기 : 530MB/s / 읽기IOPS : 82K / 쓰기IOPS : 88K / [지원기능] GC / S.M.A.R.T / SLC캐싱 / TRIM / ECC / DEVSLP / 전용 S/W / [환경특성] MTBF : 150만 / TBW : 120TB / A/S기간 : 3년 , 제한보증 / 두께 : 7mm / 46g",https://img.danuri.io/catalog-image/967/282/011/a5321158774f412f90432c4b6f4b3b90.jpg?shrink=130:130&_v=20260921110213,https://prod.danawa.com/info/?pcode=11282967&cate=112760
78,키오시아 EXCERIA,240GB,"90,020","6.4cm(2.5형) / SATA3 (6Gb/s) / TLC(토글) / 컨트롤러 : KIOXIA / [성능] 순차읽기 : 555MB/s / 순차쓰기 : 530MB/s / 읽기IOPS : 82K / 쓰기IOPS : 88K / [지원기능] GC / S.M.A.R.T / SLC캐싱 / TRIM / ECC / DEVSLP / 전용 S/W / [환경특성] MTBF : 150만 / TBW : 120TB / A/S기간 : 3년 , 제한보증 / 두께 : 7mm / 46g",https://img.danuri.io/catalog-image/967/282/011/a5321158774f412f90432c4b6f4b3b90.jpg?shrink=130:130&_v=20260921110213,https://prod.danawa.com/info/?pcode=11282853&cate=112760
79,TeamGroup MP44L M.2 NVMe 서린,1TB,"279,000","M.2 (2280) / PCIe4.0x4 (64GT/s) / TLC / 컨트롤러 : 기타 / [성능] 순차읽기 : 5,000MB/s / 순차쓰기 : 4,500MB/s / 읽기IOPS : 525K / 쓰기IOPS : 550K / [지원기능] TRIM / ECC / HMB / GC / SLC캐싱 / S.M.A.R.T / [환경특성] MTBF : 150만 / TBW : 600TB / A/S기간 : 5년 , 제한보증 / 방열판 미포함 / 두께 : 2.25mm / 7g",https://img.danuri.io/catalog-image/489/983/018/86029df08f7848978b9ca5c177258a99.jpg?shrink=130:130&_v=20260921143123,https://prod.danawa.com/info/?pcode=18983489&cate=112760
80,TeamGroup MP44L M.2 NVMe 서린,500GB,"158,300","M.2 (2280) / PCIe4.0x4 (64GT/s) / TLC / 컨트롤러 : 기타 / [성능] 순차읽기 : 5,000MB/s / 순차쓰기 : 4,500MB/s / 읽기IOPS : 525K / 쓰기IOPS : 550K / [지원기능] TRIM / ECC / HMB / GC / SLC캐싱 / S.M.A.R.T / [환경특성] MTBF : 150만 / TBW : 600TB / A/S기간 : 5년 , 제한보증 / 방열판 미포함 / 두께 : 2.25mm / 7g",https://img.danuri.io/catalog-image/489/983/018/86029df08f7848978b9ca5c177258a99.jpg?shrink=130:130&_v=20260921143123,https://prod.danawa.com/info/?pcode=18983501&cate=112760
81,파이슨 ESO256GHLCJ-EL1 M.2 NVMe 벌크,256GB,"62,000","M.2 (2280) / PCIe4.0x4 (64GT/s) / TLC / 컨트롤러 : 파이슨 / [성능] 순차읽기 : 4,900MB/s / 순차쓰기 : 2,750MB/s / 읽기IOPS : 500K / 쓰기IOPS : 680K / [지원기능] HMB / SLC캐싱 / [환경특성] 방열판 미포함 / 두께 : 7mm / [기타] 노트북 적출상품",https://img.danuri.io/catalog-image/759/624/077/8002292c10e84f7a91f71c3add0209d5.jpg?shrink=130:130&_v=20260921080454,https://prod.danawa.com/info/?pcode=77624759&cate=112760
82,SK하이닉스 PC801 M.2 NVMe 벌크,1TB,"345,000","M.2 (2280) / PCIe4.0x4 (64GT/s) / DRAM 탑재 / 컨트롤러 : SK하이닉스 / [성능] 순차읽기 : 7,000MB/s / 순차쓰기 : 4,700MB/s / 읽기IOPS : 960K / 쓰기IOPS : 1,000K / [환경특성] PS5 호환 / 방열판 미포함 / 두께 : 2.23mm / 8g / [기타] B2B 전용 모델로, 시장에 유통되는 상품은 완제품에서 적출된 상품일 수 있습니다.",https://img.danuri.io/catalog-image/616/399/028/027072fac61b47a0b982ce51b9aa4a6b.jpg?shrink=130:130&_v=20260921080456,https://prod.danawa.com/info/?pcode=62174813&cate=112760
83,SK하이닉스 PC801 M.2 NVMe 벌크,512GB,"226,000","M.2 (2280) / PCIe4.0x4 (64GT/s) / DRAM 탑재 / 컨트롤러 : SK하이닉스 / [성능] 순차읽기 : 7,000MB/s / 순차쓰기 : 4,700MB/s / 읽기IOPS : 960K / 쓰기IOPS : 1,000K / [환경특성] PS5 호환 / 방열판 미포함 / 두께 : 2.23mm / 8g / [기타] B2B 전용 모델로, 시장에 유통되는 상품은 완제품에서 적출된 상품일 수 있습니다.",https://img.danuri.io/catalog-image/616/399/028/027072fac61b47a0b982ce51b9aa4a6b.jpg?shrink=130:130&_v=20260921080456,https://prod.danawa.com/info/?pcode=28399616&cate=112760
84,SK하이닉스 PC801 M.2 NVMe 벌크,256GB,"88,160","M.2 (2280) / PCIe4.0x4 (64GT/s) / DRAM 탑재 / 컨트롤러 : SK하이닉스 / [성능] 순차읽기 : 7,000MB/s / 순차쓰기 : 4,700MB/s / 읽기IOPS : 960K / 쓰기IOPS : 1,000K / [환경특성] PS5 호환 / 방열판 미포함 / 두께 : 2.23mm / 8g / [기타] B2B 전용 모델로, 시장에 유통되는 상품은 완제품에서 적출된 상품일 수 있습니다.",https://img.danuri.io/catalog-image/616/399/028/027072fac61b47a0b982ce51b9aa4a6b.jpg?shrink=130:130&_v=20260921080456,https://prod.danawa.com/info/?pcode=19826411&cate=112760
85,ESSENCORE KLEVV CRAS C925G M.2 NVMe,1TB,"285,660","M.2 (2280) / PCIe4.0x4 (64GT/s) / TLC / 컨트롤러 : Maxio MAP1602 / [성능] 순차읽기 : 7,400MB/s / 순차쓰기 : 6,300MB/s / 읽기IOPS : 670K / 쓰기IOPS : 980K / [지원기능] TRIM / ECC / HMB / SLC캐싱 / S.M.A.R.T / AES 암호화 / 전용 S/W / [환경특성] TBW : 1,200TB / PS5 호환 / A/S기간 : 5년 , 제한보증 / 방열판 포함 / 두께 : 2.8mm / 9g",https://img.danuri.io/catalog-image/699/814/094/083b3e56c9a3495ea07bb284160a0eec.jpg?shrink=130:130&_v=20260921110324,https://prod.danawa.com/info/?pcode=94814699&cate=112760
86,ESSENCORE KLEVV CRAS C925G M.2 NVMe,2TB,"501,550","M.2 (2280) / PCIe4.0x4 (64GT/s) / TLC / 컨트롤러 : Maxio MAP1602 / [성능] 순차읽기 : 7,400MB/s / 순차쓰기 : 6,300MB/s / 읽기IOPS : 670K / 쓰기IOPS : 980K / [지원기능] TRIM / ECC / HMB / SLC캐싱 / S.M.A.R.T / AES 암호화 / 전용 S/W / [환경특성] TBW : 1,200TB / PS5 호환 / A/S기간 : 5년 , 제한보증 / 방열판 포함 / 두께 : 2.8mm / 9g",https://img.danuri.io/catalog-image/699/814/094/083b3e56c9a3495ea07bb284160a0eec.jpg?shrink=130:130&_v=20260921110324,https://prod.danawa.com/info/?pcode=94814663&cate=112760
87,삼성전자 990 PRO 히트싱크 M.2 NVMe,4TB,"1,820,890","M.2 (2280) / PCIe4.0x4 (64GT/s) / TLC(토글) / DRAM 탑재 / DDR4 2GB / 컨트롤러 : 삼성 Pascal / [성능] 순차읽기 : 7,450MB/s / 순차쓰기 : 6,900MB/s / 읽기IOPS : 1,400K / 쓰기IOPS : 1,550K / [지원기능] DEVSLP / TRIM / SLC캐싱 / GC / S.M.A.R.T / RGB/LED / AES 암호화 / 전용 S/W / [환경특성] MTBF : 150만 / TBW : 1,200TB / SLC : 226GB / PS5 호환 / A/S기간 : 제한보증 , 5년 / 방열판 포함 / 두께 : 8.2mm / 28g",https://img.danuri.io/catalog-image/147/600/020/d0cfd05a03294e598d8bc00b66615a1d.jpg?shrink=130:130&_v=20260921132918,https://prod.danawa.com/info/?pcode=30612962&cate=112760
88,삼성전자 990 PRO 히트싱크 M.2 NVMe,2TB,"777,340","M.2 (2280) / PCIe4.0x4 (64GT/s) / TLC(토글) / DRAM 탑재 / DDR4 2GB / 컨트롤러 : 삼성 Pascal / [성능] 순차읽기 : 7,450MB/s / 순차쓰기 : 6,900MB/s / 읽기IOPS : 1,400K / 쓰기IOPS : 1,550K / [지원기능] DEVSLP / TRIM / SLC캐싱 / GC / S.M.A.R.T / RGB/LED / AES 암호화 / 전용 S/W / [환경특성] MTBF : 150만 / TBW : 1,200TB / SLC : 226GB / PS5 호환 / A/S기간 : 제한보증 , 5년 / 방열판 포함 / 두께 : 8.2mm / 28g",https://img.danuri.io/catalog-image/147/600/020/d0cfd05a03294e598d8bc00b66615a1d.jpg?shrink=130:130&_v=20260921132918,https://prod.danawa.com/info/?pcode=20600147&cate=112760
89,삼성전자 990 PRO 히트싱크 M.2 NVMe,1TB,"398,780","M.2 (2280) / PCIe4.0x4 (64GT/s) / TLC(토글) / DRAM 탑재 / DDR4 2GB / 컨트롤러 : 삼성 Pascal / [성능] 순차읽기 : 7,450MB/s / 순차쓰기 : 6,900MB/s / 읽기IOPS : 1,400K / 쓰기IOPS : 1,550K / [지원기능] DEVSLP / TRIM / SLC캐싱 / GC / S.M.A.R.T / RGB/LED / AES 암호화 / 전용 S/W / [환경특성] MTBF : 150만 / TBW : 1,200TB / SLC : 226GB / PS5 호환 / A/S기간 : 제한보증 , 5년 / 방열판 포함 / 두께 : 8.2mm / 28g",https://img.danuri.io/catalog-image/147/600/020/d0cfd05a03294e598d8bc00b66615a1d.jpg?shrink=130:130&_v=20260921132918,https://prod.danawa.com/info/?pcode=20600144&cate=112760
90,삼성전자 980 M.2 NVMe,1TB,"449,090","M.2 (2280) / PCIe3.0x4 (32GT/s) / TLC(토글) / 컨트롤러 : 삼성 Pablo / [성능] 순차읽기 : 3,500MB/s / 순차쓰기 : 3,000MB/s / 읽기IOPS : 500K / 쓰기IOPS : 480K / [지원기능] DEVSLP / HMB / TRIM / SLC캐싱 / GC / S.M.A.R.T / AES 암호화 / 전용 S/W / [환경특성] MTBF : 150만 / TBW : 600TB / SLC : 160GB / A/S기간 : 제한보증 , 5년 / 방열판 미포함 / 두께 : 2.38mm / 8g 닫기",https://img.danuri.io/catalog-image/714/562/013/01b585a56fc748208555d0d09cd21498.jpg?shrink=130:130&_v=20260921103455,https://prod.danawa.com/info/?pcode=13562714&cate=112760
91,삼성전자 980 M.2 NVMe,500GB,"289,850","M.2 (2280) / PCIe3.0x4 (32GT/s) / TLC(토글) / 컨트롤러 : 삼성 Pablo / [성능] 순차읽기 : 3,500MB/s / 순차쓰기 : 3,000MB/s / 읽기IOPS : 500K / 쓰기IOPS : 480K / [지원기능] DEVSLP / HMB / TRIM / SLC캐싱 / GC / S.M.A.R.T / AES 암호화 / 전용 S/W / [환경특성] MTBF : 150만 / TBW : 600TB / SLC : 160GB / A/S기간 : 제한보증 , 5년 / 방열판 미포함 / 두께 : 2.38mm / 8g 닫기",https://img.danuri.io/catalog-image/714/562/013/01b585a56fc748208555d0d09cd21498.jpg?shrink=130:130&_v=20260921103455,https://prod.danawa.com/info/?pcode=13562693&cate=112760
92,삼성전자 980 M.2 NVMe,250GB,"255,000","M.2 (2280) / PCIe3.0x4 (32GT/s) / TLC(토글) / 컨트롤러 : 삼성 Pablo / [성능] 순차읽기 : 3,500MB/s / 순차쓰기 : 3,000MB/s / 읽기IOPS : 500K / 쓰기IOPS : 480K / [지원기능] DEVSLP / HMB / TRIM / SLC캐싱 / GC / S.M.A.R.T / AES 암호화 / 전용 S/W / [환경특성] MTBF : 150만 / TBW : 600TB / SLC : 160GB / A/S기간 : 제한보증 , 5년 / 방열판 미포함 / 두께 : 2.38mm / 8g 닫기",https://img.danuri.io/catalog-image/714/562/013/01b585a56fc748208555d0d09cd21498.jpg?shrink=130:130&_v=20260921103455,https://prod.danawa.com/info/?pcode=13562645&cate=112760
93,PATRIOT P300 M.2 NVMe,2TB,"504,000","M.2 (2280) / PCIe3.0x4 (32GT/s) / QLC / 컨트롤러 : Maxio / [성능] 순차읽기 : 2,700MB/s / 순차쓰기 : 1,900MB/s / 읽기IOPS : 290K / 쓰기IOPS : 260K / [지원기능] TRIM / S.M.A.R.T / HMB / GC / ECC / 전용 S/W / [환경특성] MTBF : 150만 / TBW : 120TB / A/S기간 : 5년 , 제한보증 / 방열판 미포함 / 두께 : 3.8mm / 20g / [기타] 26년 9월부로 메모리타입 TLC→QLC 변경 닫기",https://img.danuri.io/catalog-image/391/826/012/8f4c8fc2e1f3480787c80efc7170e56e.jpg?shrink=130:130&_v=20260921081058,https://prod.danawa.com/info/?pcode=18617705&cate=112760
94,PATRIOT P300 M.2 NVMe,1TB,"284,480","M.2 (2280) / PCIe3.0x4 (32GT/s) / QLC / 컨트롤러 : Maxio / [성능] 순차읽기 : 2,700MB/s / 순차쓰기 : 1,900MB/s / 읽기IOPS : 290K / 쓰기IOPS : 260K / [지원기능] TRIM / S.M.A.R.T / HMB / GC / ECC / 전용 S/W / [환경특성] MTBF : 150만 / TBW : 120TB / A/S기간 : 5년 , 제한보증 / 방열판 미포함 / 두께 : 3.8mm / 20g / [기타] 26년 9월부로 메모리타입 TLC→QLC 변경 닫기",https://img.danuri.io/catalog-image/391/826/012/8f4c8fc2e1f3480787c80efc7170e56e.jpg?shrink=130:130&_v=20260921081058,https://prod.danawa.com/info/?pcode=12825845&cate=112760
95,PATRIOT P300 M.2 NVMe,512GB,"133,400","M.2 (2280) / PCIe3.0x4 (32GT/s) / QLC / 컨트롤러 : Maxio / [성능] 순차읽기 : 2,700MB/s / 순차쓰기 : 1,900MB/s / 읽기IOPS : 290K / 쓰기IOPS : 260K / [지원기능] TRIM / S.M.A.R.T / HMB / GC / ECC / 전용 S/W / [환경특성] MTBF : 150만 / TBW : 120TB / A/S기간 : 5년 , 제한보증 / 방열판 미포함 / 두께 : 3.8mm / 20g / [기타] 26년 9월부로 메모리타입 TLC→QLC 변경 닫기",https://img.danuri.io/catalog-image/391/826/012/8f4c8fc2e1f3480787c80efc7170e56e.jpg?shrink=130:130&_v=20260921081058,https://prod.danawa.com/info/?pcode=12826274&cate=112760
96,PATRIOT P300 M.2 NVMe,256GB,"86,160","M.2 (2280) / PCIe3.0x4 (32GT/s) / QLC / 컨트롤러 : Maxio / [성능] 순차읽기 : 2,700MB/s / 순차쓰기 : 1,900MB/s / 읽기IOPS : 290K / 쓰기IOPS : 260K / [지원기능] TRIM / S.M.A.R.T / HMB / GC / ECC / 전용 S/W / [환경특성] MTBF : 150만 / TBW : 120TB / A/S기간 : 5년 , 제한보증 / 방열판 미포함 / 두께 : 3.8mm / 20g / [기타] 26년 9월부로 메모리타입 TLC→QLC 변경 닫기",https://img.danuri.io/catalog-image/391/826/012/8f4c8fc2e1f3480787c80efc7170e56e.jpg?shrink=130:130&_v=20260921081058,https://prod.danawa.com/info/?pcode=12826391&cate=112760
97,ADATA Ultimate SU650 파인인포,2TB,"238,410","6.4cm(2.5형) / SATA3 (6Gb/s) / 컨트롤러 : Maxio / [성능] 순차읽기 : 520MB/s / 순차쓰기 : 450MB/s / 읽기IOPS : 40K / 쓰기IOPS : 75K / [지원기능] TRIM / ECC / SLC캐싱 / S.M.A.R.T / 전용 S/W / [환경특성] MTBF : 200만 / TBW : 280TB / A/S기간 : 제한보증 , 3년 / 두께 : 7mm / 50.8g 닫기",https://img.danuri.io/catalog-image/920/552/102/35e07dbb70b147fa91dd5e5477676203.jpg?shrink=130:130&_v=20260921081230,https://prod.danawa.com/info/?pcode=102552779&cate=112760
98,ADATA Ultimate SU650 파인인포,1TB,"228,800","6.4cm(2.5형) / SATA3 (6Gb/s) / 컨트롤러 : Maxio / [성능] 순차읽기 : 520MB/s / 순차쓰기 : 450MB/s / 읽기IOPS : 40K / 쓰기IOPS : 75K / [지원기능] TRIM / ECC / SLC캐싱 / S.M.A.R.T / 전용 S/W / [환경특성] MTBF : 200만 / TBW : 280TB / A/S기간 : 제한보증 , 3년 / 두께 : 7mm / 50.8g 닫기",https://img.danuri.io/catalog-image/920/552/102/35e07dbb70b147fa91dd5e5477676203.jpg?shrink=130:130&_v=20260921081230,https://prod.danawa.com/info/?pcode=102552866&cate=112760
99,ADATA Ultimate SU650 파인인포,512GB,"124,780","6.4cm(2.5형) / SATA3 (6Gb/s) / 컨트롤러 : Maxio / [성능] 순차읽기 : 520MB/s / 순차쓰기 : 450MB/s / 읽기IOPS : 40K / 쓰기IOPS : 75K / [지원기능] TRIM / ECC / SLC캐싱 / S.M.A.R.T / 전용 S/W / [환경특성] MTBF : 200만 / TBW : 280TB / A/S기간 : 제한보증 , 3년 / 두께 : 7mm / 50.8g 닫기",https://img.danuri.io/catalog-image/920/552/102/35e07dbb70b147fa91dd5e5477676203.jpg?shrink=130:130&_v=20260921081230,https://prod.danawa.com/info/?pcode=102552920&cate=112760
100,ADATA Ultimate SU650 파인인포,256GB,"78,400","6.4cm(2.5형) / SATA3 (6Gb/s) / 컨트롤러 : Maxio / [성능] 순차읽기 : 520MB/s / 순차쓰기 : 450MB/s / 읽기IOPS : 40K / 쓰기IOPS : 75K / [지원기능] TRIM / ECC / SLC캐싱 / S.M.A.R.T / 전용 S/W / [환경특성] MTBF : 200만 / TBW : 280TB / A/S기간 : 제한보증 , 3년 / 두께 : 7mm / 50.8g 닫기",https://img.danuri.io/catalog-image/920/552/102/35e07dbb70b147fa91dd5e5477676203.jpg?shrink=130:130&_v=20260921081230,https://prod.danawa.com/info/?pcode=102552941&cate=112760
101,Western Digital WD BLACK SN8100 M.2 NVMe,4TB,"1,815,000","M.2 (2280) / PCIe5.0x4 (128GT/s) / TLC / DRAM 탑재 / DDR4 2GB / 컨트롤러 : 실리콘모션 SM2508 / [성능] 순차읽기 : 14,900MB/s / 순차쓰기 : 14,000MB/s / 읽기IOPS : 2,300K / 쓰기IOPS : 2,400K / [지원기능] TRIM / SLC캐싱 / S.M.A.R.T / [환경특성] MTBF : 175만 / TBW : 1,200TB / PS5 호환 / A/S기간 : 5년 , 제한보증 / 방열판 미포함 / 두께 : 2.38mm / 7.5g 닫기",https://img.danuri.io/catalog-image/342/186/092/b2943f0c609b45ebac1937927fa5a6ab.jpg?shrink=130:130&_v=20260921123403,https://prod.danawa.com/info/?pcode=92184953&cate=112760
102,Western Digital WD BLACK SN8100 M.2 NVMe,2TB,"701,000","M.2 (2280) / PCIe5.0x4 (128GT/s) / TLC / DRAM 탑재 / DDR4 2GB / 컨트롤러 : 실리콘모션 SM2508 / [성능] 순차읽기 : 14,900MB/s / 순차쓰기 : 14,000MB/s / 읽기IOPS : 2,300K / 쓰기IOPS : 2,400K / [지원기능] TRIM / SLC캐싱 / S.M.A.R.T / [환경특성] MTBF : 175만 / TBW : 1,200TB / PS5 호환 / A/S기간 : 5년 , 제한보증 / 방열판 미포함 / 두께 : 2.38mm / 7.5g 닫기",https://img.danuri.io/catalog-image/342/186/092/b2943f0c609b45ebac1937927fa5a6ab.jpg?shrink=130:130&_v=20260921123403,https://prod.danawa.com/info/?pcode=92186342&cate=112760
103,Western Digital WD BLACK SN8100 M.2 NVMe,1TB,"425,830","M.2 (2280) / PCIe5.0x4 (128GT/s) / TLC / DRAM 탑재 / DDR4 2GB / 컨트롤러 : 실리콘모션 SM2508 / [성능] 순차읽기 : 14,900MB/s / 순차쓰기 : 14,000MB/s / 읽기IOPS : 2,300K / 쓰기IOPS : 2,400K / [지원기능] TRIM / SLC캐싱 / S.M.A.R.T / [환경특성] MTBF : 175만 / TBW : 1,200TB / PS5 호환 / A/S기간 : 5년 , 제한보증 / 방열판 미포함 / 두께 : 2.38mm / 7.5g 닫기",https://img.danuri.io/catalog-image/342/186/092/b2943f0c609b45ebac1937927fa5a6ab.jpg?shrink=130:130&_v=20260921123403,https://prod.danawa.com/info/?pcode=92186393&cate=112760
104,삼성전자 990 M.2 NVMe,2TB,"785,590","M.2 (2280) / PCIe4.0x4 (64GT/s) / QLC / 컨트롤러 : 삼성 PiccoloQ / [성능] 순차읽기 : 7,150MB/s / 순차쓰기 : 6,450MB/s / 읽기IOPS : 700K / 쓰기IOPS : 1,100K / [지원기능] TRIM / S.M.A.R.T / SLC캐싱 / HMB / GC / DEVSLP / AES 암호화 / 전용 S/W / [환경특성] MTBF : 150만 / TBW : 400TB / PS5 호환 / A/S기간 : 3년 , 제한보증 / 방열판 미포함 / 두께 : 2.38mm / 9g 닫기",https://img.danuri.io/catalog-image/360/606/123/6de82de5bf9645828800dfef64415ee5.jpeg?shrink=130:130&_v=20260921080622,https://prod.danawa.com/info/?pcode=123606381&cate=112760
105,삼성전자 990 M.2 NVMe,1TB,"316,000","M.2 (2280) / PCIe4.0x4 (64GT/s) / QLC / 컨트롤러 : 삼성 PiccoloQ / [성능] 순차읽기 : 7,150MB/s / 순차쓰기 : 6,450MB/s / 읽기IOPS : 700K / 쓰기IOPS : 1,100K / [지원기능] TRIM / S.M.A.R.T / SLC캐싱 / HMB / GC / DEVSLP / AES 암호화 / 전용 S/W / [환경특성] MTBF : 150만 / TBW : 400TB / PS5 호환 / A/S기간 : 3년 , 제한보증 / 방열판 미포함 / 두께 : 2.38mm / 9g 닫기",https://img.danuri.io/catalog-image/360/606/123/6de82de5bf9645828800dfef64415ee5.jpeg?shrink=130:130&_v=20260921080622,https://prod.danawa.com/info/?pcode=123606360&cate=112760
106,Seagate 파이어쿠다 530R M.2 NVMe,4TB,"1,199,000","M.2 (2280) / PCIe4.0x4 (64GT/s) / TLC / DRAM 탑재 / DDR4 2GB / 컨트롤러 : 파이슨 PS5018-E18 / [성능] 순차읽기 : 7,400MB/s / 순차쓰기 : 6,900MB/s / 읽기IOPS : 1,300K / 쓰기IOPS : 1,300K / [지원기능] TRIM / S.M.A.R.T / SLC캐싱 / GC / DEVSLP / 전용 S/W / [환경특성] MTBF : 180만 / TBW : 2,400TB / PS5 호환 / A/S기간 : 5년 , 데이터 복구 3년 , 제한보증 / 방열판 미포함 / 두께 : 3.58mm / 8.8g 닫기",https://img.danuri.io/catalog-image/369/436/061/c92195ae3f3b44b09488ee7565ee4844.jpg?shrink=130:130&_v=20260921080455,https://prod.danawa.com/info/?pcode=61436288&cate=112760
107,Seagate 파이어쿠다 530R M.2 NVMe,2TB,"592,800","M.2 (2280) / PCIe4.0x4 (64GT/s) / TLC / DRAM 탑재 / DDR4 2GB / 컨트롤러 : 파이슨 PS5018-E18 / [성능] 순차읽기 : 7,400MB/s / 순차쓰기 : 6,900MB/s / 읽기IOPS : 1,300K / 쓰기IOPS : 1,300K / [지원기능] TRIM / S.M.A.R.T / SLC캐싱 / GC / DEVSLP / 전용 S/W / [환경특성] MTBF : 180만 / TBW : 2,400TB / PS5 호환 / A/S기간 : 5년 , 데이터 복구 3년 , 제한보증 / 방열판 미포함 / 두께 : 3.58mm / 8.8g 닫기",https://img.danuri.io/catalog-image/369/436/061/c92195ae3f3b44b09488ee7565ee4844.jpg?shrink=130:130&_v=20260921080455,https://prod.danawa.com/info/?pcode=61436369&cate=112760
108,BIWIN M560 M.2 NVMe,2TB,"619,900","M.2 (2280) / PCIe5.0x4 (128GT/s) / 컨트롤러 : 기타 / [성능] 순차읽기 : 11,000MB/s / 순차쓰기 : 9,700MB/s / 읽기IOPS : 1,400K / 쓰기IOPS : 1,600K / [지원기능] TRIM / SLC캐싱 / ECC / 전용 S/W / [환경특성] MTBF : 150만 / TBW : 750TB / PS5 호환 / A/S기간 : 5년 , 제한보증 / 방열판 미포함 / 두께 : 2.45mm / 10g 닫기",https://img.danuri.io/catalog-image/192/710/122/db8ced58f9b74504804b60634362b321.jpeg?shrink=130:130&_v=20260921132638,https://prod.danawa.com/info/?pcode=122710177&cate=112760
109,BIWIN M560 M.2 NVMe,1TB,"309,900","M.2 (2280) / PCIe5.0x4 (128GT/s) / 컨트롤러 : 기타 / [성능] 순차읽기 : 11,000MB/s / 순차쓰기 : 9,700MB/s / 읽기IOPS : 1,400K / 쓰기IOPS : 1,600K / [지원기능] TRIM / SLC캐싱 / ECC / 전용 S/W / [환경특성] MTBF : 150만 / TBW : 750TB / PS5 호환 / A/S기간 : 5년 , 제한보증 / 방열판 미포함 / 두께 : 2.45mm / 10g 닫기",https://img.danuri.io/catalog-image/192/710/122/db8ced58f9b74504804b60634362b321.jpeg?shrink=130:130&_v=20260921132638,https://prod.danawa.com/info/?pcode=122710192&cate=112760
110,삼성전자 990 PRO M.2 NVMe 병행수입,4TB,"1,122,400","M.2 (2280) / PCIe4.0x4 (64GT/s) / TLC(토글) / DRAM 탑재 / DDR4 2GB / 컨트롤러 : 삼성 Pascal / [성능] 순차읽기 : 7,450MB/s / 순차쓰기 : 6,900MB/s / 읽기IOPS : 1,400K / 쓰기IOPS : 1,550K / [지원기능] TRIM / DEVSLP / SLC캐싱 / GC / S.M.A.R.T / AES 암호화 / 전용 S/W / [환경특성] MTBF : 150만 / TBW : 1,200TB / SLC : 226GB / PS5 호환 / 방열판 미포함 / 두께 : 2.3mm / 9g 닫기",https://img.danuri.io/catalog-image/834/518/018/cfc352c5d42149a78da07587b309f24d.jpg?shrink=130:130&_v=20260921120103,https://prod.danawa.com/info/?pcode=41420363&cate=112760
111,삼성전자 990 PRO M.2 NVMe 병행수입,2TB,"565,580","M.2 (2280) / PCIe4.0x4 (64GT/s) / TLC(토글) / DRAM 탑재 / DDR4 2GB / 컨트롤러 : 삼성 Pascal / [성능] 순차읽기 : 7,450MB/s / 순차쓰기 : 6,900MB/s / 읽기IOPS : 1,400K / 쓰기IOPS : 1,550K / [지원기능] TRIM / DEVSLP / SLC캐싱 / GC / S.M.A.R.T / AES 암호화 / 전용 S/W / [환경특성] MTBF : 150만 / TBW : 1,200TB / SLC : 226GB / PS5 호환 / 방열판 미포함 / 두께 : 2.3mm / 9g 닫기",https://img.danuri.io/catalog-image/834/518/018/cfc352c5d42149a78da07587b309f24d.jpg?shrink=130:130&_v=20260921120103,https://prod.danawa.com/info/?pcode=18518834&cate=112760
112,삼성전자 990 PRO M.2 NVMe 병행수입,1TB,"381,330","M.2 (2280) / PCIe4.0x4 (64GT/s) / TLC(토글) / DRAM 탑재 / DDR4 2GB / 컨트롤러 : 삼성 Pascal / [성능] 순차읽기 : 7,450MB/s / 순차쓰기 : 6,900MB/s / 읽기IOPS : 1,400K / 쓰기IOPS : 1,550K / [지원기능] TRIM / DEVSLP / SLC캐싱 / GC / S.M.A.R.T / AES 암호화 / 전용 S/W / [환경특성] MTBF : 150만 / TBW : 1,200TB / SLC : 226GB / PS5 호환 / 방열판 미포함 / 두께 : 2.3mm / 9g 닫기",https://img.danuri.io/catalog-image/834/518/018/cfc352c5d42149a78da07587b309f24d.jpg?shrink=130:130&_v=20260921120103,https://prod.danawa.com/info/?pcode=18518807&cate=112760
113,Apacer AS2280P4X M.2 NVMe,1TB,"240,900","M.2 (2280) / PCIe3.0x4 (32GT/s) / 컨트롤러 : 기타 / [성능] 순차읽기 : 2,100MB/s / 순차쓰기 : 1,700MB/s / 읽기IOPS : 530K / 쓰기IOPS : 420K / [지원기능] ECC / SLC캐싱 / S.M.A.R.T / [환경특성] MTBF : 150만 / TBW : 350TB / A/S기간 : 3년 , 제한보증 / 방열판 미포함 / 두께 : 2.25mm / 6.8g 닫기",https://img.danuri.io/catalog-image/047/329/100/07ef298165124be29df07eecd83c9827.jpg?shrink=130:130&_v=20260921094848,https://prod.danawa.com/info/?pcode=100329047&cate=112760
114,Apacer AS2280P4X M.2 NVMe,512GB,"146,640","M.2 (2280) / PCIe3.0x4 (32GT/s) / 컨트롤러 : 기타 / [성능] 순차읽기 : 2,100MB/s / 순차쓰기 : 1,700MB/s / 읽기IOPS : 530K / 쓰기IOPS : 420K / [지원기능] ECC / SLC캐싱 / S.M.A.R.T / [환경특성] MTBF : 150만 / TBW : 350TB / A/S기간 : 3년 , 제한보증 / 방열판 미포함 / 두께 : 2.25mm / 6.8g 닫기",https://img.danuri.io/catalog-image/047/329/100/07ef298165124be29df07eecd83c9827.jpg?shrink=130:130&_v=20260921094848,https://prod.danawa.com/info/?pcode=100329014&cate=112760
115,삼성전자 9100 PRO 히트싱크 M.2 NVMe,4TB,"1,994,980","M.2 (2280) / PCIe5.0x4 (128GT/s) / TLC(토글) / DRAM 탑재 / DDR4 8GB / 컨트롤러 : 삼성 Presto / [성능] 순차읽기 : 14,800MB/s / 순차쓰기 : 13,400MB/s / 읽기IOPS : 2,200K / 쓰기IOPS : 2,600K / [지원기능] TRIM / S.M.A.R.T / SLC캐싱 / GC / DEVSLP / AES 암호화 / 전용 S/W / [환경특성] MTBF : 150만 / TBW : 4,800TB / PS5 호환 / A/S기간 : 5년 , 제한보증 / 방열판 포함 / 두께 : 11.25mm / 35g 닫기",https://img.danuri.io/catalog-image/388/230/098/9e2e2c675768459dbf458b0ca6ece7ce.jpg?shrink=130:130&_v=20260921095632,https://prod.danawa.com/info/?pcode=78716765&cate=112760
116,삼성전자 9100 PRO 히트싱크 M.2 NVMe,2TB,"910,740","M.2 (2280) / PCIe5.0x4 (128GT/s) / TLC(토글) / DRAM 탑재 / DDR4 8GB / 컨트롤러 : 삼성 Presto / [성능] 순차읽기 : 14,800MB/s / 순차쓰기 : 13,400MB/s / 읽기IOPS : 2,200K / 쓰기IOPS : 2,600K / [지원기능] TRIM / S.M.A.R.T / SLC캐싱 / GC / DEVSLP / AES 암호화 / 전용 S/W / [환경특성] MTBF : 150만 / TBW : 4,800TB / PS5 호환 / A/S기간 : 5년 , 제한보증 / 방열판 포함 / 두께 : 11.25mm / 35g 닫기",https://img.danuri.io/catalog-image/388/230/098/9e2e2c675768459dbf458b0ca6ece7ce.jpg?shrink=130:130&_v=20260921095632,https://prod.danawa.com/info/?pcode=78716747&cate=112760
117,삼성전자 9100 PRO 히트싱크 M.2 NVMe,1TB,"461,990","M.2 (2280) / PCIe5.0x4 (128GT/s) / TLC(토글) / DRAM 탑재 / DDR4 8GB / 컨트롤러 : 삼성 Presto / [성능] 순차읽기 : 14,800MB/s / 순차쓰기 : 13,400MB/s / 읽기IOPS : 2,200K / 쓰기IOPS : 2,600K / [지원기능] TRIM / S.M.A.R.T / SLC캐싱 / GC / DEVSLP / AES 암호화 / 전용 S/W / [환경특성] MTBF : 150만 / TBW : 4,800TB / PS5 호환 / A/S기간 : 5년 , 제한보증 / 방열판 포함 / 두께 : 11.25mm / 35g 닫기",https://img.danuri.io/catalog-image/388/230/098/9e2e2c675768459dbf458b0ca6ece7ce.jpg?shrink=130:130&_v=20260921095632,https://prod.danawa.com/info/?pcode=78716753&cate=112760
118,Seagate Game Drive for PS5 M.2 NVMe,2TB,"599,000","M.2 (2280) / PCIe4.0x4 (64GT/s) / TLC / DRAM 탑재 / DDR4 2GB / 컨트롤러 : 파이슨 PS5018-E18 / [성능] 순차읽기 : 7,300MB/s / 순차쓰기 : 6,900MB/s / 읽기IOPS : 1,000K / 쓰기IOPS : 1,000K / [지원기능] TRIM / SLC캐싱 / S.M.A.R.T / [환경특성] MTBF : 180만 / TBW : 2,550TB / PS5 호환 / A/S기간 : 5년 , 제한보증 / 방열판 포함 / 두께 : 10.39mm / 47g / [기타] ※ 23년 11월부로 신규 모델 넘버 ZP2000GP3A3001 추가(제원 정보 소폭 변동) 닫기",https://img.danuri.io/catalog-image/601/947/017/540dc7ecaa0141f9bd4a24c2c9ad9d3b.jpg?shrink=130:130&_v=20260921123343,https://prod.danawa.com/info/?pcode=17947601&cate=112760
119,Seagate Game Drive for PS5 M.2 NVMe,1TB,"395,260","M.2 (2280) / PCIe4.0x4 (64GT/s) / TLC / DRAM 탑재 / DDR4 2GB / 컨트롤러 : 파이슨 PS5018-E18 / [성능] 순차읽기 : 7,300MB/s / 순차쓰기 : 6,900MB/s / 읽기IOPS : 1,000K / 쓰기IOPS : 1,000K / [지원기능] TRIM / SLC캐싱 / S.M.A.R.T / [환경특성] MTBF : 180만 / TBW : 2,550TB / PS5 호환 / A/S기간 : 5년 , 제한보증 / 방열판 포함 / 두께 : 10.39mm / 47g / [기타] ※ 23년 11월부로 신규 모델 넘버 ZP2000GP3A3001 추가(제원 정보 소폭 변동) 닫기",https://img.danuri.io/catalog-image/601/947/017/540dc7ecaa0141f9bd4a24c2c9ad9d3b.jpg?shrink=130:130&_v=20260921123343,https://prod.danawa.com/info/?pcode=17947481&cate=112760
120,Western Digital WD BLACK SN7100 M.2 NVMe,4TB,"981,990","M.2 (2280) / PCIe4.0x4 (64GT/s) / TLC / 컨트롤러 : WD Polaris 3 / [성능] 순차읽기 : 7,250MB/s / 순차쓰기 : 6,900MB/s / 읽기IOPS : 1,000K / 쓰기IOPS : 1,400K / [지원기능] TRIM / HMB / SLC캐싱 / S.M.A.R.T / [환경특성] TBW : 600TB / PS5 호환 / A/S기간 : 5년 , 제한보증 / 방열판 미포함 / 두께 : 1.14mm / 5.8g 닫기",https://img.danuri.io/catalog-image/179/118/074/235e721f5d964f53919cb61c66f325d8.jpg?shrink=130:130&_v=20260921080457,https://prod.danawa.com/info/?pcode=75001856&cate=112760
121,Western Digital WD BLACK SN7100 M.2 NVMe,2TB,"506,800","M.2 (2280) / PCIe4.0x4 (64GT/s) / TLC / 컨트롤러 : WD Polaris 3 / [성능] 순차읽기 : 7,250MB/s / 순차쓰기 : 6,900MB/s / 읽기IOPS : 1,000K / 쓰기IOPS : 1,400K / [지원기능] TRIM / HMB / SLC캐싱 / S.M.A.R.T / [환경특성] TBW : 600TB / PS5 호환 / A/S기간 : 5년 , 제한보증 / 방열판 미포함 / 두께 : 1.14mm / 5.8g 닫기",https://img.danuri.io/catalog-image/179/118/074/235e721f5d964f53919cb61c66f325d8.jpg?shrink=130:130&_v=20260921080457,https://prod.danawa.com/info/?pcode=74118173&cate=112760
122,Western Digital WD BLACK SN7100 M.2 NVMe,1TB,"328,990","M.2 (2280) / PCIe4.0x4 (64GT/s) / TLC / 컨트롤러 : WD Polaris 3 / [성능] 순차읽기 : 7,250MB/s / 순차쓰기 : 6,900MB/s / 읽기IOPS : 1,000K / 쓰기IOPS : 1,400K / [지원기능] TRIM / HMB / SLC캐싱 / S.M.A.R.T / [환경특성] TBW : 600TB / PS5 호환 / A/S기간 : 5년 , 제한보증 / 방열판 미포함 / 두께 : 1.14mm / 5.8g 닫기",https://img.danuri.io/catalog-image/179/118/074/235e721f5d964f53919cb61c66f325d8.jpg?shrink=130:130&_v=20260921080457,https://prod.danawa.com/info/?pcode=74118179&cate=112760
123,Western Digital WD BLACK SN7100 M.2 NVMe,500GB,"276,000","M.2 (2280) / PCIe4.0x4 (64GT/s) / TLC / 컨트롤러 : WD Polaris 3 / [성능] 순차읽기 : 7,250MB/s / 순차쓰기 : 6,900MB/s / 읽기IOPS : 1,000K / 쓰기IOPS : 1,400K / [지원기능] TRIM / HMB / SLC캐싱 / S.M.A.R.T / [환경특성] TBW : 600TB / PS5 호환 / A/S기간 : 5년 , 제한보증 / 방열판 미포함 / 두께 : 1.14mm / 5.8g 닫기",https://img.danuri.io/catalog-image/179/118/074/235e721f5d964f53919cb61c66f325d8.jpg?shrink=130:130&_v=20260921080457,https://prod.danawa.com/info/?pcode=74118188&cate=112760
124,BIWIN Black Opal X570 PRO M.2 NVMe,4TB,"1,142,100","M.2 (2280) / PCIe5.0x4 (128GT/s) / TLC / DRAM 탑재 / DDR4 4GB / 컨트롤러 : 실리콘모션 SM2508 / [성능] 순차읽기 : 14,000MB/s / 순차쓰기 : 13,000MB/s / 읽기IOPS : 2,000K / 쓰기IOPS : 1,600K / [지원기능] TRIM / ECC / SLC캐싱 / GC / S.M.A.R.T / [환경특성] MTBF : 150만 / TBW : 3,000TB / PS5 호환 / A/S기간 : 5년 , 제한보증 / 방열판 미포함 / 두께 : 2.5mm / 9g 닫기",https://img.danuri.io/catalog-image/731/424/095/26e378440b864054ad6b861e819fd1bc.jpg?shrink=130:130&_v=20260921120349,https://prod.danawa.com/info/?pcode=95424731&cate=112760
125,BIWIN Black Opal X570 PRO M.2 NVMe,2TB,"615,000","M.2 (2280) / PCIe5.0x4 (128GT/s) / TLC / DRAM 탑재 / DDR4 4GB / 컨트롤러 : 실리콘모션 SM2508 / [성능] 순차읽기 : 14,000MB/s / 순차쓰기 : 13,000MB/s / 읽기IOPS : 2,000K / 쓰기IOPS : 1,600K / [지원기능] TRIM / ECC / SLC캐싱 / GC / S.M.A.R.T / [환경특성] MTBF : 150만 / TBW : 3,000TB / PS5 호환 / A/S기간 : 5년 , 제한보증 / 방열판 미포함 / 두께 : 2.5mm / 9g 닫기",https://img.danuri.io/catalog-image/731/424/095/26e378440b864054ad6b861e819fd1bc.jpg?shrink=130:130&_v=20260921120349,https://prod.danawa.com/info/?pcode=95424707&cate=112760
126,BIWIN Black Opal X570 PRO M.2 NVMe,1TB,"359,000","M.2 (2280) / PCIe5.0x4 (128GT/s) / TLC / DRAM 탑재 / DDR4 4GB / 컨트롤러 : 실리콘모션 SM2508 / [성능] 순차읽기 : 14,000MB/s / 순차쓰기 : 13,000MB/s / 읽기IOPS : 2,000K / 쓰기IOPS : 1,600K / [지원기능] TRIM / ECC / SLC캐싱 / GC / S.M.A.R.T / [환경특성] MTBF : 150만 / TBW : 3,000TB / PS5 호환 / A/S기간 : 5년 , 제한보증 / 방열판 미포함 / 두께 : 2.5mm / 9g 닫기",https://img.danuri.io/catalog-image/731/424/095/26e378440b864054ad6b861e819fd1bc.jpg?shrink=130:130&_v=20260921120349,https://prod.danawa.com/info/?pcode=95424686&cate=112760
127,트랜센드 MTE310S M.2 2230 NVMe,2TB,"973,770","M.2 (2230) / PCIe4.0x4 (64GT/s) / 컨트롤러 : 기타 / [성능] 순차읽기 : 3,300MB/s / 순차쓰기 : 1,700MB/s / 읽기IOPS : 119K / 쓰기IOPS : 395K / [지원기능] GC / S.M.A.R.T / SLC캐싱 / ECC / 전용 S/W / [환경특성] MTBF : 200만 / TBW : 300TB / 스팀덱, Ally 호환 / A/S기간 : 5년 , 제한보증 / 방열판 미포함 / 두께 : 2.23mm / 4g 닫기",https://img.danuri.io/catalog-image/020/790/068/e436199e039949baa0eb1d1e347811d1.jpg?shrink=130:130&_v=20260921092559,https://prod.danawa.com/info/?pcode=74056328&cate=112760
128,트랜센드 MTE310S M.2 2230 NVMe,1TB,"493,000","M.2 (2230) / PCIe4.0x4 (64GT/s) / 컨트롤러 : 기타 / [성능] 순차읽기 : 3,300MB/s / 순차쓰기 : 1,700MB/s / 읽기IOPS : 119K / 쓰기IOPS : 395K / [지원기능] GC / S.M.A.R.T / SLC캐싱 / ECC / 전용 S/W / [환경특성] MTBF : 200만 / TBW : 300TB / 스팀덱, Ally 호환 / A/S기간 : 5년 , 제한보증 / 방열판 미포함 / 두께 : 2.23mm / 4g 닫기",https://img.danuri.io/catalog-image/020/790/068/e436199e039949baa0eb1d1e347811d1.jpg?shrink=130:130&_v=20260921092559,https://prod.danawa.com/info/?pcode=68789954&cate=112760
129,트랜센드 MTE310S M.2 2230 NVMe,512GB,"266,500","M.2 (2230) / PCIe4.0x4 (64GT/s) / 컨트롤러 : 기타 / [성능] 순차읽기 : 3,300MB/s / 순차쓰기 : 1,700MB/s / 읽기IOPS : 119K / 쓰기IOPS : 395K / [지원기능] GC / S.M.A.R.T / SLC캐싱 / ECC / 전용 S/W / [환경특성] MTBF : 200만 / TBW : 300TB / 스팀덱, Ally 호환 / A/S기간 : 5년 , 제한보증 / 방열판 미포함 / 두께 : 2.23mm / 4g 닫기",https://img.danuri.io/catalog-image/020/790/068/e436199e039949baa0eb1d1e347811d1.jpg?shrink=130:130&_v=20260921092559,https://prod.danawa.com/info/?pcode=68790020&cate=112760
130,PNY CS900 제이씨현,1TB,"216,790","6.4cm(2.5형) / SATA3 (6Gb/s) / 컨트롤러 : 기타 / [성능] 순차읽기 : 535MB/s / 순차쓰기 : 515MB/s / [지원기능] TRIM / S.M.A.R.T / SLC캐싱 / ECC / DEVSLP / [환경특성] MTBF : 200만 / A/S기간 : 3년 , 제한보증 / 두께 : 7mm / 45g / [기타] 24년 10월부로 제조사 요청에 의한 컨트롤러,메모리타입 정보 삭제 닫기",https://img.danuri.io/catalog-image/081/041/018/d50d2d1f7cf8404bb0025c393be441be.jpg?shrink=130:130&_v=20260921125728,https://prod.danawa.com/info/?pcode=18041081&cate=112760
131,PNY CS900 제이씨현,500GB,"114,400","6.4cm(2.5형) / SATA3 (6Gb/s) / 컨트롤러 : 기타 / [성능] 순차읽기 : 535MB/s / 순차쓰기 : 515MB/s / [지원기능] TRIM / S.M.A.R.T / SLC캐싱 / ECC / DEVSLP / [환경특성] MTBF : 200만 / A/S기간 : 3년 , 제한보증 / 두께 : 7mm / 45g / [기타] 24년 10월부로 제조사 요청에 의한 컨트롤러,메모리타입 정보 삭제 닫기",https://img.danuri.io/catalog-image/081/041/018/d50d2d1f7cf8404bb0025c393be441be.jpg?shrink=130:130&_v=20260921125728,https://prod.danawa.com/info/?pcode=13865279&cate=112760
132,PNY CS900 제이씨현,250GB,"68,990","6.4cm(2.5형) / SATA3 (6Gb/s) / 컨트롤러 : 기타 / [성능] 순차읽기 : 535MB/s / 순차쓰기 : 515MB/s / [지원기능] TRIM / S.M.A.R.T / SLC캐싱 / ECC / DEVSLP / [환경특성] MTBF : 200만 / A/S기간 : 3년 , 제한보증 / 두께 : 7mm / 45g / [기타] 24년 10월부로 제조사 요청에 의한 컨트롤러,메모리타입 정보 삭제 닫기",https://img.danuri.io/catalog-image/081/041/018/d50d2d1f7cf8404bb0025c393be441be.jpg?shrink=130:130&_v=20260921125728,https://prod.danawa.com/info/?pcode=17970794&cate=112760
133,PNY CS1031 Gen3 M.2 NVMe 제이씨현,1TB,"234,990","M.2 (2280) / PCIe3.0x4 (32GT/s) / 컨트롤러 : 파이슨 / [성능] 순차읽기 : 1,700MB/s / 순차쓰기 : 1,100MB/s / [지원기능] TRIM / S.M.A.R.T / HMB / [환경특성] MTBF : 200만 / A/S기간 : 5년 , 제한보증 / 방열판 미포함 / 두께 : 4mm / 6.6g / [기타] 24년 10월부로 제조사 요청에 의한 컨트롤러, 메모리타입 정보 삭제 닫기",https://img.danuri.io/catalog-image/749/137/013/3a860b709373493193cd55f3e9124156.jpg?shrink=130:130&_v=20260921131918,https://prod.danawa.com/info/?pcode=123721509&cate=112760
134,PNY CS1031 Gen3 M.2 NVMe 제이씨현,500GB,"154,000","M.2 (2280) / PCIe3.0x4 (32GT/s) / 컨트롤러 : 파이슨 / [성능] 순차읽기 : 1,700MB/s / 순차쓰기 : 1,100MB/s / [지원기능] TRIM / S.M.A.R.T / HMB / [환경특성] MTBF : 200만 / A/S기간 : 5년 , 제한보증 / 방열판 미포함 / 두께 : 4mm / 6.6g / [기타] 24년 10월부로 제조사 요청에 의한 컨트롤러, 메모리타입 정보 삭제 닫기",https://img.danuri.io/catalog-image/749/137/013/3a860b709373493193cd55f3e9124156.jpg?shrink=130:130&_v=20260921131918,https://prod.danawa.com/info/?pcode=17970599&cate=112760
135,PNY CS1031 Gen3 M.2 NVMe 제이씨현,512GB,"159,000","M.2 (2280) / PCIe3.0x4 (32GT/s) / 컨트롤러 : 파이슨 / [성능] 순차읽기 : 1,700MB/s / 순차쓰기 : 1,100MB/s / [지원기능] TRIM / S.M.A.R.T / HMB / [환경특성] MTBF : 200만 / A/S기간 : 5년 , 제한보증 / 방열판 미포함 / 두께 : 4mm / 6.6g / [기타] 24년 10월부로 제조사 요청에 의한 컨트롤러, 메모리타입 정보 삭제 닫기",https://img.danuri.io/catalog-image/749/137/013/3a860b709373493193cd55f3e9124156.jpg?shrink=130:130&_v=20260921131918,https://prod.danawa.com/info/?pcode=13137641&cate=112760
136,PNY CS1031 Gen3 M.2 NVMe 제이씨현,256GB,"76,960","M.2 (2280) / PCIe3.0x4 (32GT/s) / 컨트롤러 : 파이슨 / [성능] 순차읽기 : 1,700MB/s / 순차쓰기 : 1,100MB/s / [지원기능] TRIM / S.M.A.R.T / HMB / [환경특성] MTBF : 200만 / A/S기간 : 5년 , 제한보증 / 방열판 미포함 / 두께 : 4mm / 6.6g / [기타] 24년 10월부로 제조사 요청에 의한 컨트롤러, 메모리타입 정보 삭제 닫기",https://img.danuri.io/catalog-image/749/137/013/3a860b709373493193cd55f3e9124156.jpg?shrink=130:130&_v=20260921131918,https://prod.danawa.com/info/?pcode=13137749&cate=112760
137,트랜센드 MSA230S mSATA,512GB,"324,980","Mini SATA(mSATA) / SATA3 (6Gb/s) / TLC / DRAM 탑재 / 컨트롤러 : 기타 / [성능] 순차읽기 : 350MB/s / 순차쓰기 : 200MB/s / 읽기IOPS : 35K / 쓰기IOPS : 50K / [지원기능] TRIM / ECC / GC / S.M.A.R.T / [환경특성] MTBF : 200만 / TBW : 40TB / A/S기간 : 3년 , 제한보증 / 두께 : 4.85mm / 9g 닫기",https://img.danuri.io/catalog-image/029/430/007/fea8372b18ef433aac97604567643665.jpg?shrink=130:130&_v=20260921080443,https://prod.danawa.com/info/?pcode=17550233&cate=112760
138,트랜센드 MSA230S mSATA,256GB,"191,980","Mini SATA(mSATA) / SATA3 (6Gb/s) / TLC / DRAM 탑재 / 컨트롤러 : 기타 / [성능] 순차읽기 : 350MB/s / 순차쓰기 : 200MB/s / 읽기IOPS : 35K / 쓰기IOPS : 50K / [지원기능] TRIM / ECC / GC / S.M.A.R.T / [환경특성] MTBF : 200만 / TBW : 40TB / A/S기간 : 3년 , 제한보증 / 두께 : 4.85mm / 9g 닫기",https://img.danuri.io/catalog-image/029/430/007/fea8372b18ef433aac97604567643665.jpg?shrink=130:130&_v=20260921080443,https://prod.danawa.com/info/?pcode=8842694&cate=112760
139,키오시아 EXCERIA 히트싱크 M.2 NVMe,4TB,"930,000","M.2 (2280) / PCIe4.0x4 (64GT/s) / TLC(토글) / DRAM 탑재 / 컨트롤러 : KIOXIA / [성능] 순차읽기 : 6,200MB/s / 순차쓰기 : 4,800MB/s / 읽기IOPS : 810K / 쓰기IOPS : 450K / [지원기능] S.M.A.R.T / SLC캐싱 / TRIM / ECC / MTBF : 150만 / TBW : 2,400TB / PS5 호환 / A/S기간 : 제한보증 , 5년 / 방열판 포함 / 두께 : 11.2mm / 46g 닫기",https://img.danuri.io/catalog-image/576/125/099/063db5a329ee48f6b0d5937072655ad6.jpg?shrink=130:130&_v=20260921080454,https://prod.danawa.com/info/?pcode=99125576&cate=112760
140,키오시아 EXCERIA 히트싱크 M.2 NVMe,2TB,"547,480","M.2 (2280) / PCIe4.0x4 (64GT/s) / TLC(토글) / DRAM 탑재 / 컨트롤러 : KIOXIA / [성능] 순차읽기 : 6,200MB/s / 순차쓰기 : 4,800MB/s / 읽기IOPS : 810K / 쓰기IOPS : 450K / [지원기능] S.M.A.R.T / SLC캐싱 / TRIM / ECC / MTBF : 150만 / TBW : 2,400TB / PS5 호환 / A/S기간 : 제한보증 , 5년 / 방열판 포함 / 두께 : 11.2mm / 46g 닫기",https://img.danuri.io/catalog-image/576/125/099/063db5a329ee48f6b0d5937072655ad6.jpg?shrink=130:130&_v=20260921080454,https://prod.danawa.com/info/?pcode=74971640&cate=112760
141,키오시아 EXCERIA 히트싱크 M.2 NVMe,1TB,"400,000","M.2 (2280) / PCIe4.0x4 (64GT/s) / TLC(토글) / DRAM 탑재 / 컨트롤러 : KIOXIA / [성능] 순차읽기 : 6,200MB/s / 순차쓰기 : 4,800MB/s / 읽기IOPS : 810K / 쓰기IOPS : 450K / [지원기능] S.M.A.R.T / SLC캐싱 / TRIM / ECC / MTBF : 150만 / TBW : 2,400TB / PS5 호환 / A/S기간 : 제한보증 , 5년 / 방열판 포함 / 두께 : 11.2mm / 46g 닫기",https://img.danuri.io/catalog-image/576/125/099/063db5a329ee48f6b0d5937072655ad6.jpg?shrink=130:130&_v=20260921080454,https://prod.danawa.com/info/?pcode=74971610&cate=112760
142,트랜센드 MTS820S M.2 SATA,480GB,"184,120","M.2 (2280) / SATA3 (6Gb/s) / 컨트롤러 : 기타 / [성능] 순차읽기 : 500MB/s / 순차쓰기 : 430MB/s / 읽기IOPS : 40K / 쓰기IOPS : 75K / [지원기능] GC / S.M.A.R.T / SLC캐싱 / TRIM / DEVSLP / 전용 S/W / [환경특성] MTBF : 100만 / TBW : 80TB / A/S기간 : 3년 , 제한보증 / 두께 : 3.58mm / 9g 닫기",https://img.danuri.io/catalog-image/687/986/005/11f71328d6d24f3abc66781a283ca631.jpg?shrink=130:130&_v=20260921080444,https://prod.danawa.com/info/?pcode=5986690&cate=112760
143,트랜센드 MTS820S M.2 SATA,240GB,"122,200","M.2 (2280) / SATA3 (6Gb/s) / 컨트롤러 : 기타 / [성능] 순차읽기 : 500MB/s / 순차쓰기 : 430MB/s / 읽기IOPS : 40K / 쓰기IOPS : 75K / [지원기능] GC / S.M.A.R.T / SLC캐싱 / TRIM / DEVSLP / 전용 S/W / [환경특성] MTBF : 100만 / TBW : 80TB / A/S기간 : 3년 , 제한보증 / 두께 : 3.58mm / 9g 닫기",https://img.danuri.io/catalog-image/687/986/005/11f71328d6d24f3abc66781a283ca631.jpg?shrink=130:130&_v=20260921080444,https://prod.danawa.com/info/?pcode=5986687&cate=112760
144,Western Digital WD Blue SN5100 M.2 NVMe,4TB,"839,990","M.2 (2280) / PCIe4.0x4 (64GT/s) / QLC / 컨트롤러 : WD Polaris 3 / [성능] 순차읽기 : 6,600MB/s / 순차쓰기 : 5,600MB/s / 읽기IOPS : 660K / 쓰기IOPS : 1,100K / [지원기능] HMB / TRIM / SLC캐싱 / S.M.A.R.T / 전용 S/W / [환경특성] MTBF : 175만 / TBW : 300TB / PS5 호환 / A/S기간 : 5년 , 제한보증 / 방열판 미포함 / 두께 : 2.38mm / 5.7g 닫기",https://img.danuri.io/catalog-image/913/853/096/1ab536edf0424a75920c909babf781f0.jpg?shrink=130:130&_v=20260921124753,https://prod.danawa.com/info/?pcode=99746318&cate=112760
145,Western Digital WD Blue SN5100 M.2 NVMe,2TB,"443,650","M.2 (2280) / PCIe4.0x4 (64GT/s) / QLC / 컨트롤러 : WD Polaris 3 / [성능] 순차읽기 : 6,600MB/s / 순차쓰기 : 5,600MB/s / 읽기IOPS : 660K / 쓰기IOPS : 1,100K / [지원기능] HMB / TRIM / SLC캐싱 / S.M.A.R.T / 전용 S/W / [환경특성] MTBF : 175만 / TBW : 300TB / PS5 호환 / A/S기간 : 5년 , 제한보증 / 방열판 미포함 / 두께 : 2.38mm / 5.7g 닫기",https://img.danuri.io/catalog-image/913/853/096/1ab536edf0424a75920c909babf781f0.jpg?shrink=130:130&_v=20260921124753,https://prod.danawa.com/info/?pcode=96853958&cate=112760
146,Western Digital WD Blue SN5100 M.2 NVMe,1TB,"297,920","M.2 (2280) / PCIe4.0x4 (64GT/s) / QLC / 컨트롤러 : WD Polaris 3 / [성능] 순차읽기 : 6,600MB/s / 순차쓰기 : 5,600MB/s / 읽기IOPS : 660K / 쓰기IOPS : 1,100K / [지원기능] HMB / TRIM / SLC캐싱 / S.M.A.R.T / 전용 S/W / [환경특성] MTBF : 175만 / TBW : 300TB / PS5 호환 / A/S기간 : 5년 , 제한보증 / 방열판 미포함 / 두께 : 2.38mm / 5.7g 닫기",https://img.danuri.io/catalog-image/913/853/096/1ab536edf0424a75920c909babf781f0.jpg?shrink=130:130&_v=20260921124753,https://prod.danawa.com/info/?pcode=96853946&cate=112760
147,Western Digital WD Blue SN5100 M.2 NVMe,500GB,"212,500","M.2 (2280) / PCIe4.0x4 (64GT/s) / QLC / 컨트롤러 : WD Polaris 3 / [성능] 순차읽기 : 6,600MB/s / 순차쓰기 : 5,600MB/s / 읽기IOPS : 660K / 쓰기IOPS : 1,100K / [지원기능] HMB / TRIM / SLC캐싱 / S.M.A.R.T / 전용 S/W / [환경특성] MTBF : 175만 / TBW : 300TB / PS5 호환 / A/S기간 : 5년 , 제한보증 / 방열판 미포함 / 두께 : 2.38mm / 5.7g 닫기",https://img.danuri.io/catalog-image/913/853/096/1ab536edf0424a75920c909babf781f0.jpg?shrink=130:130&_v=20260921124753,https://prod.danawa.com/info/?pcode=96853913&cate=112760
148,Seagate 파이어쿠다 530 M.2 NVMe 중고,2TB,"330,000","M.2 (2280) / PCIe4.0x4 (64GT/s) / TLC / DRAM 탑재 / 컨트롤러 : 파이슨 PS5018-E18 / [성능] 순차읽기 : 7,300MB/s / 순차쓰기 : 6,900MB/s / 읽기IOPS : 1,000K / 쓰기IOPS : 1,000K / [지원기능] TRIM / S.M.A.R.T / SLC캐싱 / GC / DEVSLP / AES 암호화 / 전용 S/W / [환경특성] MTBF : 180만 / TBW : 2,550TB / PS5 호환 / 방열판 미포함 / 두께 : 2.23mm / 8.1g 닫기",https://img.danuri.io/catalog-image/415/760/102/6949bd2b4f844481840d0dcd72c2df98.jpg?shrink=130:130&_v=20260921080444,https://prod.danawa.com/info/?pcode=102760415&cate=112760
149,SK하이닉스 Platinum P51 M.2 NVMe,2TB,"987,990","M.2 (2280) / PCIe5.0x4 (128GT/s) / TLC(토글) / DRAM 탑재 / DDR4 2GB / 컨트롤러 : SK하이닉스 Alistar / [성능] 순차읽기 : 14,700MB/s / 순차쓰기 : 13,400MB/s / 읽기IOPS : 2,360K / 쓰기IOPS : 2,550K / [지원기능] TRIM / DEVSLP / SLC캐싱 / GC / S.M.A.R.T / AES 암호화 / 전용 S/W / [환경특성] MTBF : 200만 / TBW : 1,200TB / SLC : 506GB / PS5 호환 / A/S기간 : 제한보증 , 5년 / 방열판 미포함 / 두께 : 2.38mm / 7g / [기타] 25년 7월부로 읽기/쓰기 상품 정보 변경 닫기",https://img.danuri.io/catalog-image/133/823/072/4308b51ecd834e19a2cb0d5942e55a16.jpg?shrink=130:130&_v=20260921080458,https://prod.danawa.com/info/?pcode=72823133&cate=112760
150,SK하이닉스 Platinum P51 M.2 NVMe,1TB,"680,990","M.2 (2280) / PCIe5.0x4 (128GT/s) / TLC(토글) / DRAM 탑재 / DDR4 2GB / 컨트롤러 : SK하이닉스 Alistar / [성능] 순차읽기 : 14,700MB/s / 순차쓰기 : 13,400MB/s / 읽기IOPS : 2,360K / 쓰기IOPS : 2,550K / [지원기능] TRIM / DEVSLP / SLC캐싱 / GC / S.M.A.R.T / AES 암호화 / 전용 S/W / [환경특성] MTBF : 200만 / TBW : 1,200TB / SLC : 506GB / PS5 호환 / A/S기간 : 제한보증 , 5년 / 방열판 미포함 / 두께 : 2.38mm / 7g / [기타] 25년 7월부로 읽기/쓰기 상품 정보 변경 닫기",https://img.danuri.io/catalog-image/133/823/072/4308b51ecd834e19a2cb0d5942e55a16.jpg?shrink=130:130&_v=20260921080458,https://prod.danawa.com/info/?pcode=72823220&cate=112760
151,마이크론 Crucial P310 M.2 NVMe 대원씨티에스,1TB,"297,830","M.2 (2280) / PCIe4.0x4 (64GT/s) / QLC / 컨트롤러 : 파이슨 PS5027-E27 / [성능] 순차읽기 : 7,100MB/s / 순차쓰기 : 6,000MB/s / 읽기IOPS : 1,000K / 쓰기IOPS : 1,200K / [지원기능] TRIM / S.M.A.R.T / SLC캐싱 / HMB / GC / ECC / [환경특성] MTBF : 150만 / TBW : 220TB / PS5 호환 / A/S기간 : 5년 , 제한보증 / 방열판 미포함 / 두께 : 2.3mm / 10g 닫기",https://img.danuri.io/catalog-image/961/852/067/a41ef17ea4a4437dafbef92793a1649a.jpeg?shrink=130:130&_v=20260921140948,https://prod.danawa.com/info/?pcode=67852961&cate=112760
152,마이크론 Crucial P310 M.2 NVMe 대원씨티에스,500GB,"194,550","M.2 (2280) / PCIe4.0x4 (64GT/s) / QLC / 컨트롤러 : 파이슨 PS5027-E27 / [성능] 순차읽기 : 7,100MB/s / 순차쓰기 : 6,000MB/s / 읽기IOPS : 1,000K / 쓰기IOPS : 1,200K / [지원기능] TRIM / S.M.A.R.T / SLC캐싱 / HMB / GC / ECC / [환경특성] MTBF : 150만 / TBW : 220TB / PS5 호환 / A/S기간 : 5년 , 제한보증 / 방열판 미포함 / 두께 : 2.3mm / 10g 닫기",https://img.danuri.io/catalog-image/961/852/067/a41ef17ea4a4437dafbef92793a1649a.jpeg?shrink=130:130&_v=20260921140948,https://prod.danawa.com/info/?pcode=67852964&cate=112760
153,삼성전자 PM981a M.2 NVMe 중고,512GB,"138,990","M.2 (2280) / PCIe3.0x4 (32GT/s) / TLC(토글) / DRAM 탑재 / 컨트롤러 : 삼성 Phoenix / [성능] 순차읽기 : 3,500MB/s / 순차쓰기 : 2,400MB/s / 읽기IOPS : 240K / 쓰기IOPS : 480K / [지원기능] TRIM / ECC / SLC캐싱 / S.M.A.R.T / [환경특성] 방열판 미포함 / 두께 : 2.38mm / 8.5g 닫기",https://img.danuri.io/catalog-image/411/691/122/39e1f2f78b2142b88a5b9df8a9ebc558.jpg?shrink=130:130&_v=20260921080442,https://prod.danawa.com/info/?pcode=102620828&cate=112760
154,삼성전자 PM981a M.2 NVMe 중고,256GB,"58,640","M.2 (2280) / PCIe3.0x4 (32GT/s) / TLC(토글) / DRAM 탑재 / 컨트롤러 : 삼성 Phoenix / [성능] 순차읽기 : 3,500MB/s / 순차쓰기 : 2,400MB/s / 읽기IOPS : 240K / 쓰기IOPS : 480K / [지원기능] TRIM / ECC / SLC캐싱 / S.M.A.R.T / [환경특성] 방열판 미포함 / 두께 : 2.38mm / 8.5g 닫기",https://img.danuri.io/catalog-image/411/691/122/39e1f2f78b2142b88a5b9df8a9ebc558.jpg?shrink=130:130&_v=20260921080442,https://prod.danawa.com/info/?pcode=122691411&cate=112760
155,COLORFUL CN600 M.2 NVMe 디앤디컴,512GB,"129,000","M.2 (2280) / PCIe3.0x4 (32GT/s) / TLC / 컨트롤러 : 기타 / [성능] 순차읽기 : 3,200MB/s / 순차쓰기 : 2,000MB/s / [환경특성] A/S기간 : 3년 / 방열판 미포함 / 두께 : 3mm / [기타] 26년 7월부로 상품정보 변경(순차쓰기/컨트롤러) 닫기",https://img.danuri.io/catalog-image/520/583/015/3bd219ed98b94af6b18b728d7181e976.jpg?shrink=130:130&_v=20260921080609,https://prod.danawa.com/info/?pcode=15583520&cate=112760
156,COLORFUL CN600 M.2 NVMe 디앤디컴,256GB,"79,000","M.2 (2280) / PCIe3.0x4 (32GT/s) / TLC / 컨트롤러 : 기타 / [성능] 순차읽기 : 3,200MB/s / 순차쓰기 : 2,000MB/s / [환경특성] A/S기간 : 3년 / 방열판 미포함 / 두께 : 3mm / [기타] 26년 7월부로 상품정보 변경(순차쓰기/컨트롤러) 닫기",https://img.danuri.io/catalog-image/520/583/015/3bd219ed98b94af6b18b728d7181e976.jpg?shrink=130:130&_v=20260921080609,https://prod.danawa.com/info/?pcode=15583340&cate=112760
157,한창코퍼레이션 WIN SSD,1TB,"190,000",6.4cm(2.5형) / SATA3 (6Gb/s) / TLC / 컨트롤러 : 실리콘모션 SM2258XT / [성능] 순차읽기 : 520MB/s / 순차쓰기 : 450MB/s / [지원기능] TRIM / ECC / SLC캐싱 / S.M.A.R.T / [환경특성] MTBF : 200만 / A/S기간 : 3년 / 두께 : 7mm / 45.5g 닫기,https://img.danuri.io/catalog-image/311/509/019/c8c10f93c4ba41f3a97438150565636c.jpg?shrink=130:130&_v=20260921102605,https://prod.danawa.com/info/?pcode=19509350&cate=112760
158,한창코퍼레이션 WIN SSD,512GB,"100,000",6.4cm(2.5형) / SATA3 (6Gb/s) / TLC / 컨트롤러 : 실리콘모션 SM2258XT / [성능] 순차읽기 : 520MB/s / 순차쓰기 : 450MB/s / [지원기능] TRIM / ECC / SLC캐싱 / S.M.A.R.T / [환경특성] MTBF : 200만 / A/S기간 : 3년 / 두께 : 7mm / 45.5g 닫기,https://img.danuri.io/catalog-image/311/509/019/c8c10f93c4ba41f3a97438150565636c.jpg?shrink=130:130&_v=20260921102605,https://prod.danawa.com/info/?pcode=19509311&cate=112760
159,한창코퍼레이션 WIN SSD,256GB,"63,000",6.4cm(2.5형) / SATA3 (6Gb/s) / TLC / 컨트롤러 : 실리콘모션 SM2258XT / [성능] 순차읽기 : 520MB/s / 순차쓰기 : 450MB/s / [지원기능] TRIM / ECC / SLC캐싱 / S.M.A.R.T / [환경특성] MTBF : 200만 / A/S기간 : 3년 / 두께 : 7mm / 45.5g 닫기,https://img.danuri.io/catalog-image/311/509/019/c8c10f93c4ba41f3a97438150565636c.jpg?shrink=130:130&_v=20260921102605,https://prod.danawa.com/info/?pcode=19509257&cate=112760
160,한창코퍼레이션 WIN SSD,240GB,"61,000",6.4cm(2.5형) / SATA3 (6Gb/s) / TLC / 컨트롤러 : 실리콘모션 SM2258XT / [성능] 순차읽기 : 520MB/s / 순차쓰기 : 450MB/s / [지원기능] TRIM / ECC / SLC캐싱 / S.M.A.R.T / [환경특성] MTBF : 200만 / A/S기간 : 3년 / 두께 : 7mm / 45.5g 닫기,https://img.danuri.io/catalog-image/311/509/019/c8c10f93c4ba41f3a97438150565636c.jpg?shrink=130:130&_v=20260921102605,https://prod.danawa.com/info/?pcode=19509188&cate=112760
161,삼성전자 870 EVO 병행수입,4TB,"1,889,990",6.4cm(2.5형) / SATA3 (6Gb/s) / TLC(토글) / DRAM 탑재 / DDR3 512MB / 컨트롤러 : 삼성 MKX / [성능] 순차읽기 : 560MB/s / 순차쓰기 : 530MB/s / 읽기IOPS : 98K / 쓰기IOPS : 88K / [지원기능] TRIM / SLC캐싱 / GC / S.M.A.R.T / AES 암호화 / 전용 S/W / [환경특성] MTBF : 150만 / TBW : 600TB / SLC : 22GB / 두께 : 6.8mm / 45g 닫기,https://img.danuri.io/catalog-image/010/312/013/8108650852004251b5e264e78c79fad7.jpg?shrink=130:130&_v=20260921080444,https://prod.danawa.com/info/?pcode=13860719&cate=112760
162,삼성전자 870 EVO 병행수입,2TB,"978,810",6.4cm(2.5형) / SATA3 (6Gb/s) / TLC(토글) / DRAM 탑재 / DDR3 512MB / 컨트롤러 : 삼성 MKX / [성능] 순차읽기 : 560MB/s / 순차쓰기 : 530MB/s / 읽기IOPS : 98K / 쓰기IOPS : 88K / [지원기능] TRIM / SLC캐싱 / GC / S.M.A.R.T / AES 암호화 / 전용 S/W / [환경특성] MTBF : 150만 / TBW : 600TB / SLC : 22GB / 두께 : 6.8mm / 45g 닫기,https://img.danuri.io/catalog-image/010/312/013/8108650852004251b5e264e78c79fad7.jpg?shrink=130:130&_v=20260921080444,https://prod.danawa.com/info/?pcode=13417007&cate=112760
163,삼성전자 870 EVO 병행수입,1TB,"414,990",6.4cm(2.5형) / SATA3 (6Gb/s) / TLC(토글) / DRAM 탑재 / DDR3 512MB / 컨트롤러 : 삼성 MKX / [성능] 순차읽기 : 560MB/s / 순차쓰기 : 530MB/s / 읽기IOPS : 98K / 쓰기IOPS : 88K / [지원기능] TRIM / SLC캐싱 / GC / S.M.A.R.T / AES 암호화 / 전용 S/W / [환경특성] MTBF : 150만 / TBW : 600TB / SLC : 22GB / 두께 : 6.8mm / 45g 닫기,https://img.danuri.io/catalog-image/010/312/013/8108650852004251b5e264e78c79fad7.jpg?shrink=130:130&_v=20260921080444,https://prod.danawa.com/info/?pcode=13311974&cate=112760
164,삼성전자 870 EVO 병행수입,500GB,"293,610",6.4cm(2.5형) / SATA3 (6Gb/s) / TLC(토글) / DRAM 탑재 / DDR3 512MB / 컨트롤러 : 삼성 MKX / [성능] 순차읽기 : 560MB/s / 순차쓰기 : 530MB/s / 읽기IOPS : 98K / 쓰기IOPS : 88K / [지원기능] TRIM / SLC캐싱 / GC / S.M.A.R.T / AES 암호화 / 전용 S/W / [환경특성] MTBF : 150만 / TBW : 600TB / SLC : 22GB / 두께 : 6.8mm / 45g 닫기,https://img.danuri.io/catalog-image/010/312/013/8108650852004251b5e264e78c79fad7.jpg?shrink=130:130&_v=20260921080444,https://prod.danawa.com/info/?pcode=13312010&cate=112760
165,삼성전자 PM9B1 M.2 2242 NVMe 벌크,512GB,"220,000","M.2 (2242) / PCIe4.0x4 (64GT/s) / TLC(토글) / 컨트롤러 : 마벨 / [성능] 순차읽기 : 3,300MB/s / 순차쓰기 : 1,250MB/s / 읽기IOPS : 240K / 쓰기IOPS : 400K / [지원기능] TRIM / HMB / SLC캐싱 / S.M.A.R.T / [환경특성] 방열판 미포함 / 두께 : 2.38mm / [기타] 노트북 적출상품 / ＊병행, 중고 판매처 확인요망 닫기",https://img.danuri.io/catalog-image/703/159/019/77c9c36c55c144a58a95df759e8b3b42.jpg?shrink=130:130&_v=20260921080458,https://prod.danawa.com/info/?pcode=58029764&cate=112760
166,삼성전자 PM9B1 M.2 2242 NVMe 벌크,256GB,"79,000","M.2 (2242) / PCIe4.0x4 (64GT/s) / TLC(토글) / 컨트롤러 : 마벨 / [성능] 순차읽기 : 3,300MB/s / 순차쓰기 : 1,250MB/s / 읽기IOPS : 240K / 쓰기IOPS : 400K / [지원기능] TRIM / HMB / SLC캐싱 / S.M.A.R.T / [환경특성] 방열판 미포함 / 두께 : 2.38mm / [기타] 노트북 적출상품 / ＊병행, 중고 판매처 확인요망 닫기",https://img.danuri.io/catalog-image/703/159/019/77c9c36c55c144a58a95df759e8b3b42.jpg?shrink=130:130&_v=20260921080458,https://prod.danawa.com/info/?pcode=19159703&cate=112760
167,마이크론 Crucial BX500 대원씨티에스,1TB,"349,370","6.4cm(2.5형) / SATA3 (6Gb/s) / TLC / 컨트롤러 : 실리콘모션 / [성능] 순차읽기 : 540MB/s / 순차쓰기 : 500MB/s / [지원기능] TRIM / ECC / SLC캐싱 / S.M.A.R.T / 전용 S/W / [환경특성] MTBF : 150만 / TBW : 80TB / A/S기간 : 3년 , 제한보증 / 두께 : 7mm / 55g 닫기",https://img.danuri.io/catalog-image/569/429/006/1c9d7d91d8df4e8b900d65df0cf22dd0.jpg?shrink=130:130&_v=20260921135129,https://prod.danawa.com/info/?pcode=11103009&cate=112760
168,마이크론 Crucial BX500 대원씨티에스,240GB,"87,070","6.4cm(2.5형) / SATA3 (6Gb/s) / TLC / 컨트롤러 : 실리콘모션 / [성능] 순차읽기 : 540MB/s / 순차쓰기 : 500MB/s / [지원기능] TRIM / ECC / SLC캐싱 / S.M.A.R.T / 전용 S/W / [환경특성] MTBF : 150만 / TBW : 80TB / A/S기간 : 3년 , 제한보증 / 두께 : 7mm / 55g 닫기",https://img.danuri.io/catalog-image/569/429/006/1c9d7d91d8df4e8b900d65df0cf22dd0.jpg?shrink=130:130&_v=20260921135129,https://prod.danawa.com/info/?pcode=6429569&cate=112760
169,삼성전자 PM9B1 M.2 NVMe 벌크,1TB,"269,000","M.2 (2280) / PCIe4.0x4 (64GT/s) / TLC(토글) / 컨트롤러 : 마벨 / HMB / [환경특성] 방열판 미포함 / 두께 : 2.38mm / [기타] 노트북 적출상품 / ＊병행, 중고 판매처 확인요망 닫기",https://img.danuri.io/catalog-image/067/308/020/bb769aca13734a39975ae1d5c1270759.jpg?shrink=130:130&_v=20260921080456,https://prod.danawa.com/info/?pcode=20308046&cate=112760
170,삼성전자 PM9B1 M.2 NVMe 벌크,512GB,"171,570","M.2 (2280) / PCIe4.0x4 (64GT/s) / TLC(토글) / 컨트롤러 : 마벨 / HMB / [환경특성] 방열판 미포함 / 두께 : 2.38mm / [기타] 노트북 적출상품 / ＊병행, 중고 판매처 확인요망 닫기",https://img.danuri.io/catalog-image/067/308/020/bb769aca13734a39975ae1d5c1270759.jpg?shrink=130:130&_v=20260921080456,https://prod.danawa.com/info/?pcode=18952679&cate=112760
171,삼성전자 PM9B1 M.2 NVMe 벌크,256GB,"76,120","M.2 (2280) / PCIe4.0x4 (64GT/s) / TLC(토글) / 컨트롤러 : 마벨 / HMB / [환경특성] 방열판 미포함 / 두께 : 2.38mm / [기타] 노트북 적출상품 / ＊병행, 중고 판매처 확인요망 닫기",https://img.danuri.io/catalog-image/067/308/020/bb769aca13734a39975ae1d5c1270759.jpg?shrink=130:130&_v=20260921080456,https://prod.danawa.com/info/?pcode=20308067&cate=112760
172,Western Digital WD BLACK SN850X M.2 NVMe 해외구매,4TB,"1,148,160","M.2 (2280) / PCIe4.0x4 (64GT/s) / TLC / DRAM 탑재 / DDR4 1GB / 컨트롤러 : WD Black G2 / [성능] 순차읽기 : 7,300MB/s / 순차쓰기 : 6,300MB/s / 읽기IOPS : 800K / 쓰기IOPS : 1,100K / [지원기능] TRIM / SLC캐싱 / S.M.A.R.T / 전용 S/W / [환경특성] MTBF : 180만 / TBW : 600TB / SLC : 300GB / PS5 호환 / 방열판 미포함 / 두께 : 2.38mm / 7.5g 닫기",https://img.danuri.io/catalog-image/666/819/017/a9bae61a973641a4a89f86736e2fe1c2.jpg?shrink=130:130&_v=20260921110303,https://prod.danawa.com/info/?pcode=18684167&cate=112760
173,Western Digital WD BLACK SN850X M.2 NVMe 해외구매,2TB,"646,400","M.2 (2280) / PCIe4.0x4 (64GT/s) / TLC / DRAM 탑재 / DDR4 1GB / 컨트롤러 : WD Black G2 / [성능] 순차읽기 : 7,300MB/s / 순차쓰기 : 6,300MB/s / 읽기IOPS : 800K / 쓰기IOPS : 1,100K / [지원기능] TRIM / SLC캐싱 / S.M.A.R.T / 전용 S/W / [환경특성] MTBF : 180만 / TBW : 600TB / SLC : 300GB / PS5 호환 / 방열판 미포함 / 두께 : 2.38mm / 7.5g 닫기",https://img.danuri.io/catalog-image/666/819/017/a9bae61a973641a4a89f86736e2fe1c2.jpg?shrink=130:130&_v=20260921110303,https://prod.danawa.com/info/?pcode=18684164&cate=112760
174,Western Digital WD BLACK SN850X M.2 NVMe 해외구매,1TB,"330,770","M.2 (2280) / PCIe4.0x4 (64GT/s) / TLC / DRAM 탑재 / DDR4 1GB / 컨트롤러 : WD Black G2 / [성능] 순차읽기 : 7,300MB/s / 순차쓰기 : 6,300MB/s / 읽기IOPS : 800K / 쓰기IOPS : 1,100K / [지원기능] TRIM / SLC캐싱 / S.M.A.R.T / 전용 S/W / [환경특성] MTBF : 180만 / TBW : 600TB / SLC : 300GB / PS5 호환 / 방열판 미포함 / 두께 : 2.38mm / 7.5g 닫기",https://img.danuri.io/catalog-image/666/819/017/a9bae61a973641a4a89f86736e2fe1c2.jpg?shrink=130:130&_v=20260921110303,https://prod.danawa.com/info/?pcode=17819666&cate=112760
175,MSI SPATIUM M450 V1 M.2 NVMe,1TB,"254,000","M.2 (2280) / PCIe4.0x4 (64GT/s) / 컨트롤러 : 파이슨 E19T / [성능] 순차읽기 : 3.400MB/s / 순차쓰기 : 2,400MB/s / 읽기IOPS : 500K / 쓰기IOPS : 550K / [지원기능] S.M.A.R.T / SLC캐싱 / TRIM / ECC / [환경특성] MTBF : 150만 / TBW : 300TB / A/S기간 : 5년 , 제한보증 / 방열판 미포함 / 두께 : 2.15mm 닫기",https://img.danuri.io/catalog-image/954/173/078/9c5e64bb6d4d4ee0929ac355ad62a905.jpg?shrink=130:130&_v=20260921080609,https://prod.danawa.com/info/?pcode=78173954&cate=112760
176,MSI SPATIUM M450 V1 M.2 NVMe,500GB,"173,500","M.2 (2280) / PCIe4.0x4 (64GT/s) / 컨트롤러 : 파이슨 E19T / [성능] 순차읽기 : 3.400MB/s / 순차쓰기 : 2,400MB/s / 읽기IOPS : 500K / 쓰기IOPS : 550K / [지원기능] S.M.A.R.T / SLC캐싱 / TRIM / ECC / [환경특성] MTBF : 150만 / TBW : 300TB / A/S기간 : 5년 , 제한보증 / 방열판 미포함 / 두께 : 2.15mm 닫기",https://img.danuri.io/catalog-image/954/173/078/9c5e64bb6d4d4ee0929ac355ad62a905.jpg?shrink=130:130&_v=20260921080609,https://prod.danawa.com/info/?pcode=91424435&cate=112760
177,키오시아 XG7 M.2 NVMe 벌크,4TB,"1,038,310","M.2 (2280) / PCIe4.0x4 (64GT/s) / TLC / DRAM 탑재 / 컨트롤러 : KIOXIA / [성능] 순차읽기 : 6,400MB/s / 순차쓰기 : 5,000MB/s / 읽기IOPS : 650K / 쓰기IOPS : 450K / [환경특성] MTBF : 150만 / TBW : 2,400TB / PS5 호환 / A/S기간 : 3년 , 제한보증 / 방열판 미포함 / 두께 : 2.23mm / 7.1g / [기타] 판매점별 완제품 적출 상품 여부 확인 필요 닫기",https://img.danuri.io/catalog-image/784/686/092/1130777c5a6d446483595eb735cabd9e.jpg?shrink=130:130&_v=20260921102650,https://prod.danawa.com/info/?pcode=92686784&cate=112760
178,키오시아 XG7 M.2 NVMe 벌크,1TB,"357,000","M.2 (2280) / PCIe4.0x4 (64GT/s) / TLC / DRAM 탑재 / 컨트롤러 : KIOXIA / [성능] 순차읽기 : 6,400MB/s / 순차쓰기 : 5,000MB/s / 읽기IOPS : 650K / 쓰기IOPS : 450K / [환경특성] MTBF : 150만 / TBW : 2,400TB / PS5 호환 / A/S기간 : 3년 , 제한보증 / 방열판 미포함 / 두께 : 2.23mm / 7.1g / [기타] 판매점별 완제품 적출 상품 여부 확인 필요 닫기",https://img.danuri.io/catalog-image/784/686/092/1130777c5a6d446483595eb735cabd9e.jpg?shrink=130:130&_v=20260921102650,https://prod.danawa.com/info/?pcode=78180524&cate=112760
179,SK하이닉스 Platinum P41 M.2 NVMe 해외구매,2TB,"618,150","M.2 (2280) / PCIe4.0x4 (64GT/s) / TLC(토글) / DRAM 탑재 / DDR4 1GB / 컨트롤러 : SK하이닉스 Aries / [성능] 순차읽기 : 7,000MB/s / 순차쓰기 : 6,500MB/s / 읽기IOPS : 1,400K / 쓰기IOPS : 1,300K / [지원기능] TRIM / S.M.A.R.T / SLC캐싱 / GC / DEVSLP / AES 암호화 / 전용 S/W / [환경특성] MTBF : 150만 / TBW : 750TB / SLC : 213GB / PS5 호환 / 방열판 미포함 / 두께 : 2.38mm / 7g 닫기",https://img.danuri.io/catalog-image/064/398/017/81c2caa1bb6b40bf88c902accc1f128f.jpg?shrink=130:130&_v=20260921080622,https://prod.danawa.com/info/?pcode=17398076&cate=112760
180,SK하이닉스 Platinum P41 M.2 NVMe 해외구매,1TB,"430,300","M.2 (2280) / PCIe4.0x4 (64GT/s) / TLC(토글) / DRAM 탑재 / DDR4 1GB / 컨트롤러 : SK하이닉스 Aries / [성능] 순차읽기 : 7,000MB/s / 순차쓰기 : 6,500MB/s / 읽기IOPS : 1,400K / 쓰기IOPS : 1,300K / [지원기능] TRIM / S.M.A.R.T / SLC캐싱 / GC / DEVSLP / AES 암호화 / 전용 S/W / [환경특성] MTBF : 150만 / TBW : 750TB / SLC : 213GB / PS5 호환 / 방열판 미포함 / 두께 : 2.38mm / 7g 닫기",https://img.danuri.io/catalog-image/064/398/017/81c2caa1bb6b40bf88c902accc1f128f.jpg?shrink=130:130&_v=20260921080622,https://prod.danawa.com/info/?pcode=17398064&cate=112760
181,SK하이닉스 Platinum P41 M.2 NVMe 해외구매,500GB,"211,680","M.2 (2280) / PCIe4.0x4 (64GT/s) / TLC(토글) / DRAM 탑재 / DDR4 1GB / 컨트롤러 : SK하이닉스 Aries / [성능] 순차읽기 : 7,000MB/s / 순차쓰기 : 6,500MB/s / 읽기IOPS : 1,400K / 쓰기IOPS : 1,300K / [지원기능] TRIM / S.M.A.R.T / SLC캐싱 / GC / DEVSLP / AES 암호화 / 전용 S/W / [환경특성] MTBF : 150만 / TBW : 750TB / SLC : 213GB / PS5 호환 / 방열판 미포함 / 두께 : 2.38mm / 7g 닫기",https://img.danuri.io/catalog-image/064/398/017/81c2caa1bb6b40bf88c902accc1f128f.jpg?shrink=130:130&_v=20260921080622,https://prod.danawa.com/info/?pcode=17397623&cate=112760
182,키오시아 EXCERIA BASIC M.2 NVMe,2TB,"469,900","M.2 (2280) / PCIe4.0x4 (64GT/s) / QLC / 컨트롤러 : 기타 / [성능] 순차읽기 : 7,300MB/s / 순차쓰기 : 6,800MB/s / 읽기IOPS : 1,000K / 쓰기IOPS : 1,250K / [지원기능] TRIM / HMB / GC / SLC캐싱 / S.M.A.R.T / 전용 S/W / [환경특성] MTBF : 150만 / TBW : 600TB / PS5 호환 / A/S기간 : 제한보증 , 5년 / 방열판 미포함 / 두께 : 2.38mm / 5.6g 닫기",https://img.danuri.io/catalog-image/757/545/101/5f3900207053455ab7d6640b87d244d5.jpg?shrink=130:130&_v=20260921080458,https://prod.danawa.com/info/?pcode=101545757&cate=112760
183,키오시아 EXCERIA BASIC M.2 NVMe,1TB,"299,000","M.2 (2280) / PCIe4.0x4 (64GT/s) / QLC / 컨트롤러 : 기타 / [성능] 순차읽기 : 7,300MB/s / 순차쓰기 : 6,800MB/s / 읽기IOPS : 1,000K / 쓰기IOPS : 1,250K / [지원기능] TRIM / HMB / GC / SLC캐싱 / S.M.A.R.T / 전용 S/W / [환경특성] MTBF : 150만 / TBW : 600TB / PS5 호환 / A/S기간 : 제한보증 , 5년 / 방열판 미포함 / 두께 : 2.38mm / 5.6g 닫기",https://img.danuri.io/catalog-image/757/545/101/5f3900207053455ab7d6640b87d244d5.jpg?shrink=130:130&_v=20260921080458,https://prod.danawa.com/info/?pcode=101545817&cate=112760
184,키오시아 EXCERIA PRO G2 M.2 NVMe,4TB,"1,754,520","M.2 (2280) / PCIe5.0x4 (128GT/s) / TLC(토글) / DRAM 탑재 / DDR4 4GB / 컨트롤러 : 실리콘모션 / [성능] 순차읽기 : 14,900MB/s / 순차쓰기 : 13,700MB/s / 읽기IOPS : 2,300K / 쓰기IOPS : 1,950K / [지원기능] TRIM / DEVSLP / SLC캐싱 / GC / S.M.A.R.T / 전용 S/W / [환경특성] MTBF : 150만 / TBW : 2,400TB / PS5 호환 / A/S기간 : 5년 , 제한보증 / 방열판 미포함 / 두께 : 2.63mm / 7.3g 닫기",https://img.danuri.io/catalog-image/882/228/104/4cdf7767ff5c42d7a2b93d43073d9250.jpg?shrink=130:130&_v=20260921110123,https://prod.danawa.com/info/?pcode=104228882&cate=112760
185,키오시아 EXCERIA PRO G2 M.2 NVMe,2TB,"969,470","M.2 (2280) / PCIe5.0x4 (128GT/s) / TLC(토글) / DRAM 탑재 / DDR4 4GB / 컨트롤러 : 실리콘모션 / [성능] 순차읽기 : 14,900MB/s / 순차쓰기 : 13,700MB/s / 읽기IOPS : 2,300K / 쓰기IOPS : 1,950K / [지원기능] TRIM / DEVSLP / SLC캐싱 / GC / S.M.A.R.T / 전용 S/W / [환경특성] MTBF : 150만 / TBW : 2,400TB / PS5 호환 / A/S기간 : 5년 , 제한보증 / 방열판 미포함 / 두께 : 2.63mm / 7.3g 닫기",https://img.danuri.io/catalog-image/882/228/104/4cdf7767ff5c42d7a2b93d43073d9250.jpg?shrink=130:130&_v=20260921110123,https://prod.danawa.com/info/?pcode=104228876&cate=112760
186,키오시아 EXCERIA PRO G2 M.2 NVMe,1TB,"538,480","M.2 (2280) / PCIe5.0x4 (128GT/s) / TLC(토글) / DRAM 탑재 / DDR4 4GB / 컨트롤러 : 실리콘모션 / [성능] 순차읽기 : 14,900MB/s / 순차쓰기 : 13,700MB/s / 읽기IOPS : 2,300K / 쓰기IOPS : 1,950K / [지원기능] TRIM / DEVSLP / SLC캐싱 / GC / S.M.A.R.T / 전용 S/W / [환경특성] MTBF : 150만 / TBW : 2,400TB / PS5 호환 / A/S기간 : 5년 , 제한보증 / 방열판 미포함 / 두께 : 2.63mm / 7.3g 닫기",https://img.danuri.io/catalog-image/882/228/104/4cdf7767ff5c42d7a2b93d43073d9250.jpg?shrink=130:130&_v=20260921110123,https://prod.danawa.com/info/?pcode=104228879&cate=112760
187,COLORFUL CN600 PRO M.2 NVMe 디앤디컴,1TB,"236,500","M.2 (2280) / PCIe3.0x4 (32GT/s) / TLC / 컨트롤러 : Maxio / [성능] 순차읽기 : 3,400MB/s / 순차쓰기 : 3,100MB/s / [지원기능] TRIM / HMB / GC / S.M.A.R.T / [환경특성] A/S기간 : 3년 / 방열판 미포함 / 두께 : 3mm / [기타] 23년2월부로 컨트롤러 변경 닫기",https://img.danuri.io/catalog-image/650/633/018/159361e2cb214be0a65f88eb58cf589b.jpg?shrink=130:130&_v=20260921130624,https://prod.danawa.com/info/?pcode=18633650&cate=112760
188,COLORFUL CN600 PRO M.2 NVMe 디앤디컴,512GB,"149,000","M.2 (2280) / PCIe3.0x4 (32GT/s) / TLC / 컨트롤러 : Maxio / [성능] 순차읽기 : 3,400MB/s / 순차쓰기 : 3,100MB/s / [지원기능] TRIM / HMB / GC / S.M.A.R.T / [환경특성] A/S기간 : 3년 / 방열판 미포함 / 두께 : 3mm / [기타] 23년2월부로 컨트롤러 변경 닫기",https://img.danuri.io/catalog-image/650/633/018/159361e2cb214be0a65f88eb58cf589b.jpg?shrink=130:130&_v=20260921130624,https://prod.danawa.com/info/?pcode=18363101&cate=112760
189,COLORFUL CN600 PRO M.2 NVMe 디앤디컴,256GB,"83,990","M.2 (2280) / PCIe3.0x4 (32GT/s) / TLC / 컨트롤러 : Maxio / [성능] 순차읽기 : 3,400MB/s / 순차쓰기 : 3,100MB/s / [지원기능] TRIM / HMB / GC / S.M.A.R.T / [환경특성] A/S기간 : 3년 / 방열판 미포함 / 두께 : 3mm / [기타] 23년2월부로 컨트롤러 변경 닫기",https://img.danuri.io/catalog-image/650/633/018/159361e2cb214be0a65f88eb58cf589b.jpg?shrink=130:130&_v=20260921130624,https://prod.danawa.com/info/?pcode=18363194&cate=112760
190,COLORFUL CN700 PRO M.2 NVMe 디앤디컴,1TB,"279,000","M.2 (2280) / PCIe4.0x4 (64GT/s) / TLC / 컨트롤러 : Maxio / [성능] 순차읽기 : 7,000MB/s / 순차쓰기 : 6,000MB/s / [지원기능] TRIM / S.M.A.R.T / [환경특성] PS5 호환 / A/S기간 : 3년 / 방열판 미포함 / 두께 : 3mm 닫기",https://img.danuri.io/catalog-image/278/427/071/e8e94f808e204186ba3a0e4f6b955aeb.jpg?shrink=130:130&_v=20260921080458,https://prod.danawa.com/info/?pcode=71427278&cate=112760
191,BIWIN NV7200 M.2 NVMe,2TB,"480,960","M.2 (2280) / PCIe4.0x4 (64GT/s) / QLC / 컨트롤러 : Maxio / [성능] 순차읽기 : 7,200MB/s / 순차쓰기 : 6,200MB/s / 읽기IOPS : 1,000K / 쓰기IOPS : 800K / [지원기능] HMB / TRIM / ECC / SLC캐싱 / GC / [환경특성] MTBF : 150만 / TBW : 400TB / PS5 호환 / A/S기간 : 5년 , 제한보증 / 방열판 미포함 / 두께 : 2.45mm / 9g 닫기",https://img.danuri.io/catalog-image/535/270/100/aab3de3245524386b7e07f708a291ea2.jpg?shrink=130:130&_v=20260921120348,https://prod.danawa.com/info/?pcode=100270616&cate=112760
192,BIWIN NV7200 M.2 NVMe,1TB,"262,210","M.2 (2280) / PCIe4.0x4 (64GT/s) / QLC / 컨트롤러 : Maxio / [성능] 순차읽기 : 7,200MB/s / 순차쓰기 : 6,200MB/s / 읽기IOPS : 1,000K / 쓰기IOPS : 800K / [지원기능] HMB / TRIM / ECC / SLC캐싱 / GC / [환경특성] MTBF : 150만 / TBW : 400TB / PS5 호환 / A/S기간 : 5년 , 제한보증 / 방열판 미포함 / 두께 : 2.45mm / 9g 닫기",https://img.danuri.io/catalog-image/535/270/100/aab3de3245524386b7e07f708a291ea2.jpg?shrink=130:130&_v=20260921120348,https://prod.danawa.com/info/?pcode=100270535&cate=112760
193,키오시아 EXCERIA G3 M.2 NVMe,4TB,"1,645,970","M.2 (2280) / PCIe5.0x4 (128GT/s) / QLC / 컨트롤러 : 기타 / [성능] 순차읽기 : 10,000MB/s / 순차쓰기 : 9,600MB/s / 읽기IOPS : 1,600K / 쓰기IOPS : 1,450K / [지원기능] TRIM / S.M.A.R.T / SLC캐싱 / HMB / GC / DEVSLP / 전용 S/W / [환경특성] MTBF : 150만 / TBW : 1,200TB / PS5 호환 / A/S기간 : 5년 , 제한보증 / 방열판 미포함 / 두께 : 2.38mm / 5.8g 닫기",https://img.danuri.io/catalog-image/885/228/104/8b36cf715f444e4086393a00ae03aaf9.jpg?shrink=130:130&_v=20260921110124,https://prod.danawa.com/info/?pcode=122719763&cate=112760
194,키오시아 EXCERIA G3 M.2 NVMe,2TB,"577,470","M.2 (2280) / PCIe5.0x4 (128GT/s) / QLC / 컨트롤러 : 기타 / [성능] 순차읽기 : 10,000MB/s / 순차쓰기 : 9,600MB/s / 읽기IOPS : 1,600K / 쓰기IOPS : 1,450K / [지원기능] TRIM / S.M.A.R.T / SLC캐싱 / HMB / GC / DEVSLP / 전용 S/W / [환경특성] MTBF : 150만 / TBW : 1,200TB / PS5 호환 / A/S기간 : 5년 , 제한보증 / 방열판 미포함 / 두께 : 2.38mm / 5.8g 닫기",https://img.danuri.io/catalog-image/885/228/104/8b36cf715f444e4086393a00ae03aaf9.jpg?shrink=130:130&_v=20260921110124,https://prod.danawa.com/info/?pcode=104228885&cate=112760
195,키오시아 EXCERIA G3 M.2 NVMe,1TB,"381,470","M.2 (2280) / PCIe5.0x4 (128GT/s) / QLC / 컨트롤러 : 기타 / [성능] 순차읽기 : 10,000MB/s / 순차쓰기 : 9,600MB/s / 읽기IOPS : 1,600K / 쓰기IOPS : 1,450K / [지원기능] TRIM / S.M.A.R.T / SLC캐싱 / HMB / GC / DEVSLP / 전용 S/W / [환경특성] MTBF : 150만 / TBW : 1,200TB / PS5 호환 / A/S기간 : 5년 , 제한보증 / 방열판 미포함 / 두께 : 2.38mm / 5.8g 닫기",https://img.danuri.io/catalog-image/885/228/104/8b36cf715f444e4086393a00ae03aaf9.jpg?shrink=130:130&_v=20260921110124,https://prod.danawa.com/info/?pcode=104228888&cate=112760
196,트랜센드 MTE245S M.2 NVMe,4TB,"1,579,980","M.2 (2280) / PCIe4.0x4 (64GT/s) / TLC / 컨트롤러 : 실리콘모션 / [성능] 순차읽기 : 3,200MB/s / 순차쓰기 : 1,800MB/s / 읽기IOPS : 100K / 쓰기IOPS : 390K / [지원기능] HMB / TRIM / SLC캐싱 / GC / S.M.A.R.T / AES 암호화 / [환경특성] MTBF : 200만 / TBW : 150TB / A/S기간 : 5년 , 제한보증 / 방열판 미포함 / 두께 : 2.42mm / 9g 닫기",https://img.danuri.io/catalog-image/633/915/068/f95c2bf5ecc444cdac793e56989ca19d.jpg?shrink=130:130&_v=20260921080455,https://prod.danawa.com/info/?pcode=29307746&cate=112760
197,트랜센드 MTE245S M.2 NVMe,2TB,"779,980","M.2 (2280) / PCIe4.0x4 (64GT/s) / TLC / 컨트롤러 : 실리콘모션 / [성능] 순차읽기 : 3,200MB/s / 순차쓰기 : 1,800MB/s / 읽기IOPS : 100K / 쓰기IOPS : 390K / [지원기능] HMB / TRIM / SLC캐싱 / GC / S.M.A.R.T / AES 암호화 / [환경특성] MTBF : 200만 / TBW : 150TB / A/S기간 : 5년 , 제한보증 / 방열판 미포함 / 두께 : 2.42mm / 9g 닫기",https://img.danuri.io/catalog-image/633/915/068/f95c2bf5ecc444cdac793e56989ca19d.jpg?shrink=130:130&_v=20260921080455,https://prod.danawa.com/info/?pcode=29307863&cate=112760
198,트랜센드 MTE245S M.2 NVMe,1TB,"373,980","M.2 (2280) / PCIe4.0x4 (64GT/s) / TLC / 컨트롤러 : 실리콘모션 / [성능] 순차읽기 : 3,200MB/s / 순차쓰기 : 1,800MB/s / 읽기IOPS : 100K / 쓰기IOPS : 390K / [지원기능] HMB / TRIM / SLC캐싱 / GC / S.M.A.R.T / AES 암호화 / [환경특성] MTBF : 200만 / TBW : 150TB / A/S기간 : 5년 , 제한보증 / 방열판 미포함 / 두께 : 2.42mm / 9g 닫기",https://img.danuri.io/catalog-image/633/915/068/f95c2bf5ecc444cdac793e56989ca19d.jpg?shrink=130:130&_v=20260921080455,https://prod.danawa.com/info/?pcode=29307890&cate=112760
199,트랜센드 MTE245S M.2 NVMe,500GB,"244,970","M.2 (2280) / PCIe4.0x4 (64GT/s) / TLC / 컨트롤러 : 실리콘모션 / [성능] 순차읽기 : 3,200MB/s / 순차쓰기 : 1,800MB/s / 읽기IOPS : 100K / 쓰기IOPS : 390K / [지원기능] HMB / TRIM / SLC캐싱 / GC / S.M.A.R.T / AES 암호화 / [환경특성] MTBF : 200만 / TBW : 150TB / A/S기간 : 5년 , 제한보증 / 방열판 미포함 / 두께 : 2.42mm / 9g 닫기",https://img.danuri.io/catalog-image/633/915/068/f95c2bf5ecc444cdac793e56989ca19d.jpg?shrink=130:130&_v=20260921080455,https://prod.danawa.com/info/?pcode=29340407&cate=112760
200,트랜센드 MTE245S M.2 NVMe,250GB,"160,000","M.2 (2280) / PCIe4.0x4 (64GT/s) / TLC / 컨트롤러 : 실리콘모션 / [성능] 순차읽기 : 3,200MB/s / 순차쓰기 : 1,800MB/s / 읽기IOPS : 100K / 쓰기IOPS : 390K / [지원기능] HMB / TRIM / SLC캐싱 / GC / S.M.A.R.T / AES 암호화 / [환경특성] MTBF : 200만 / TBW : 150TB / A/S기간 : 5년 , 제한보증 / 방열판 미포함 / 두께 : 2.42mm / 9g 닫기",https://img.danuri.io/catalog-image/633/915/068/f95c2bf5ecc444cdac793e56989ca19d.jpg?shrink=130:130&_v=20260921080455,https://prod.danawa.com/info/?pcode=68915633&cate=112760
201,MSI SPATIUM M452 M.2 NVMe,500GB,"168,960","M.2 (2280) / PCIe4.0x4 (64GT/s) / QLC / 컨트롤러 : 파이슨 E29T / [성능] 순차읽기 : 3,600MB/s / 순차쓰기 : 3,100MB/s / 읽기IOPS : 470K / 쓰기IOPS : 750K / [지원기능] TRIM / S.M.A.R.T / SLC캐싱 / ECC / [환경특성] MTBF : 150만 / TBW : 150TB / A/S기간 : 5년 , 제한보증 / 방열판 미포함 / 두께 : 2.15mm 닫기",https://img.danuri.io/catalog-image/280/802/123/e9b8540c4f4549009dafaff85277c0d9.jpg?shrink=130:130&_v=20260921140654,https://prod.danawa.com/info/?pcode=123802280&cate=112760
202,GIGABYTE Gen4 4000E M.2 NVMe 제이씨현,1TB,"283,810","M.2 (2280) / PCIe4.0x4 (64GT/s) / TLC / 컨트롤러 : 파이슨 E19T / [성능] 순차읽기 : 3,600MB/s / 순차쓰기 : 3,000MB/s / 읽기IOPS : 362K / 쓰기IOPS : 775K / [지원기능] TRIM / HMB / S.M.A.R.T / 전용 S/W / [환경특성] MTBF : 150만 / TBW : 300TB / A/S기간 : 제한보증 , 3년 / 방열판 미포함 / 두께 : 2.3mm 닫기",https://img.danuri.io/catalog-image/958/931/075/1665f9d3dca74a82abd2663b7744e645.jpg?shrink=130:130&_v=20260921120348,https://prod.danawa.com/info/?pcode=75931919&cate=112760
203,GIGABYTE Gen4 4000E M.2 NVMe 제이씨현,500GB,"154,990","M.2 (2280) / PCIe4.0x4 (64GT/s) / TLC / 컨트롤러 : 파이슨 E19T / [성능] 순차읽기 : 3,600MB/s / 순차쓰기 : 3,000MB/s / 읽기IOPS : 362K / 쓰기IOPS : 775K / [지원기능] TRIM / HMB / S.M.A.R.T / 전용 S/W / [환경특성] MTBF : 150만 / TBW : 300TB / A/S기간 : 제한보증 , 3년 / 방열판 미포함 / 두께 : 2.3mm 닫기",https://img.danuri.io/catalog-image/958/931/075/1665f9d3dca74a82abd2663b7744e645.jpg?shrink=130:130&_v=20260921120348,https://prod.danawa.com/info/?pcode=75931958&cate=112760
204,GIGABYTE Gen3 V2 M.2 NVMe 제이씨현,256GB,"80,000","M.2 (2280) / PCIe3.0x4 (32GT/s) / TLC / 컨트롤러 : 기타 / [성능] 순차읽기 : 3,200MB/s / 순차쓰기 : 1,200MB/s / 읽기IOPS : 220K / 쓰기IOPS : 400K / [지원기능] TRIM / S.M.A.R.T / HMB / 전용 S/W / [환경특성] MTBF : 150만 / TBW : 100TB / A/S기간 : 3년 , 제한보증 / 방열판 미포함 / 두께 : 2.3mm 닫기",https://img.danuri.io/catalog-image/696/129/124/861b2ecaf72e4e32bc1309bbc0a86c14.jpeg?shrink=130:130&_v=20260921080442,https://prod.danawa.com/info/?pcode=124129696&cate=112760
205,ADATA LEGEND 710 M.2 NVMe 파인인포,1TB,"279,380","M.2 (2280) / PCIe3.0x4 (32GT/s) / 컨트롤러 : Realtek / [성능] 순차읽기 : 2,400MB/s / 순차쓰기 : 1,600MB/s / 읽기IOPS : 90K / 쓰기IOPS : 150K / [지원기능] HMB / SLC캐싱 / AES 암호화 / 전용 S/W / [환경특성] MTBF : 150만 / TBW : 130TB / A/S기간 : 3년 , 제한보증 / 방열판 포함 / 두께 : 3.13mm 닫기",https://img.danuri.io/catalog-image/181/396/079/3d6f9058efcb4f8fbdac0deae4695c4a.jpg?shrink=130:130&_v=20260921130628,https://prod.danawa.com/info/?pcode=79395908&cate=112760
206,ADATA LEGEND 710 M.2 NVMe 파인인포,512GB,"162,000","M.2 (2280) / PCIe3.0x4 (32GT/s) / 컨트롤러 : Realtek / [성능] 순차읽기 : 2,400MB/s / 순차쓰기 : 1,600MB/s / 읽기IOPS : 90K / 쓰기IOPS : 150K / [지원기능] HMB / SLC캐싱 / AES 암호화 / 전용 S/W / [환경특성] MTBF : 150만 / TBW : 130TB / A/S기간 : 3년 , 제한보증 / 방열판 포함 / 두께 : 3.13mm 닫기",https://img.danuri.io/catalog-image/181/396/079/3d6f9058efcb4f8fbdac0deae4695c4a.jpg?shrink=130:130&_v=20260921130628,https://prod.danawa.com/info/?pcode=79396181&cate=112760
207,ADATA LEGEND 710 M.2 NVMe 파인인포,256GB,"108,700","M.2 (2280) / PCIe3.0x4 (32GT/s) / 컨트롤러 : Realtek / [성능] 순차읽기 : 2,400MB/s / 순차쓰기 : 1,600MB/s / 읽기IOPS : 90K / 쓰기IOPS : 150K / [지원기능] HMB / SLC캐싱 / AES 암호화 / 전용 S/W / [환경특성] MTBF : 150만 / TBW : 130TB / A/S기간 : 3년 , 제한보증 / 방열판 포함 / 두께 : 3.13mm 닫기",https://img.danuri.io/catalog-image/181/396/079/3d6f9058efcb4f8fbdac0deae4695c4a.jpg?shrink=130:130&_v=20260921130628,https://prod.danawa.com/info/?pcode=79396202&cate=112760
208,Apacer AS2280F4L M.2 NVMe,1TB,"378,760","M.2 (2280) / PCIe5.0x4 (128GT/s) / 컨트롤러 : 기타 / [성능] 순차읽기 : 10,400MB/s / 순차쓰기 : 8,600MB/s / 읽기IOPS : 1,300K / 쓰기IOPS : 1,500K / [지원기능] TRIM / S.M.A.R.T / SLC캐싱 / HMB / ECC / [환경특성] MTBF : 150만 / TBW : 600TB / PS5 호환 / A/S기간 : 5년 , 제한보증 / 방열판 미포함 / 두께 : 2.38mm 닫기",https://img.danuri.io/catalog-image/229/711/122/50ac8000c4bf4ba3bdbfbf9cc29dc30a.jpeg?shrink=130:130&_v=20260921091049,https://prod.danawa.com/info/?pcode=122711229&cate=112760
209,ADATA XPG GAMMIX S70 BLADE M.2 NVMe 파인인포,2TB,"570,000","M.2 (2280) / PCIe4.0x4 (64GT/s) / TLC / DRAM 탑재 / DDR4 1GB / 컨트롤러 : Innogrit IG5236 / [성능] 순차읽기 : 7,400MB/s / 순차쓰기 : 5,500MB/s / 읽기IOPS : 740K / 쓰기IOPS : 740K / [지원기능] TRIM / S.M.A.R.T / SLC캐싱 / ECC / AES 암호화 / 전용 S/W / [환경특성] MTBF : 200만 / TBW : 740TB / PS5 호환 / A/S기간 : 5년 , 제한보증 / 방열판 포함 / 두께 : 4.3mm / 11g 닫기",https://img.danuri.io/catalog-image/608/354/108/1dfc7095ba2b41528dca6d590166d5ca.jpg?shrink=130:130&_v=20260921131209,https://prod.danawa.com/info/?pcode=108354521&cate=112760
210,ADATA XPG GAMMIX S70 BLADE M.2 NVMe 파인인포,1TB,"349,990","M.2 (2280) / PCIe4.0x4 (64GT/s) / TLC / DRAM 탑재 / DDR4 1GB / 컨트롤러 : Innogrit IG5236 / [성능] 순차읽기 : 7,400MB/s / 순차쓰기 : 5,500MB/s / 읽기IOPS : 740K / 쓰기IOPS : 740K / [지원기능] TRIM / S.M.A.R.T / SLC캐싱 / ECC / AES 암호화 / 전용 S/W / [환경특성] MTBF : 200만 / TBW : 740TB / PS5 호환 / A/S기간 : 5년 , 제한보증 / 방열판 포함 / 두께 : 4.3mm / 11g 닫기",https://img.danuri.io/catalog-image/608/354/108/1dfc7095ba2b41528dca6d590166d5ca.jpg?shrink=130:130&_v=20260921131209,https://prod.danawa.com/info/?pcode=108354608&cate=112760
211,ADATA XPG GAMMIX S70 BLADE M.2 NVMe 파인인포,512GB,"217,900","M.2 (2280) / PCIe4.0x4 (64GT/s) / TLC / DRAM 탑재 / DDR4 1GB / 컨트롤러 : Innogrit IG5236 / [성능] 순차읽기 : 7,400MB/s / 순차쓰기 : 5,500MB/s / 읽기IOPS : 740K / 쓰기IOPS : 740K / [지원기능] TRIM / S.M.A.R.T / SLC캐싱 / ECC / AES 암호화 / 전용 S/W / [환경특성] MTBF : 200만 / TBW : 740TB / PS5 호환 / A/S기간 : 5년 , 제한보증 / 방열판 포함 / 두께 : 4.3mm / 11g 닫기",https://img.danuri.io/catalog-image/608/354/108/1dfc7095ba2b41528dca6d590166d5ca.jpg?shrink=130:130&_v=20260921131209,https://prod.danawa.com/info/?pcode=108354569&cate=112760
212,ESSENCORE KLEVV CRAS C910 M.2 NVMe,4TB,"1,039,510","M.2 (2280) / PCIe4.0x4 (64GT/s) / TLC / 컨트롤러 : InnoGrit IG5220 / [성능] 순차읽기 : 5,000MB/s / 순차쓰기 : 4,800MB/s / 읽기IOPS : 620K / 쓰기IOPS : 615K / [지원기능] TRIM / ECC / HMB / SLC캐싱 / S.M.A.R.T / AES 암호화 / 전용 S/W / [환경특성] TBW : 700TB / A/S기간 : 5년 , 제한보증 / 방열판 포함 / 두께 : 3.4mm / 10g 닫기",https://img.danuri.io/catalog-image/154/849/058/865cd82d2a254de7acd95dd59e2de705.jpg?shrink=130:130&_v=20260921080444,https://prod.danawa.com/info/?pcode=70250720&cate=112760
213,ESSENCORE KLEVV CRAS C910 M.2 NVMe,2TB,"497,890","M.2 (2280) / PCIe4.0x4 (64GT/s) / TLC / 컨트롤러 : InnoGrit IG5220 / [성능] 순차읽기 : 5,000MB/s / 순차쓰기 : 4,800MB/s / 읽기IOPS : 620K / 쓰기IOPS : 615K / [지원기능] TRIM / ECC / HMB / SLC캐싱 / S.M.A.R.T / AES 암호화 / 전용 S/W / [환경특성] TBW : 700TB / A/S기간 : 5년 , 제한보증 / 방열판 포함 / 두께 : 3.4mm / 10g 닫기",https://img.danuri.io/catalog-image/154/849/058/865cd82d2a254de7acd95dd59e2de705.jpg?shrink=130:130&_v=20260921080444,https://prod.danawa.com/info/?pcode=58849022&cate=112760
214,ESSENCORE KLEVV CRAS C910 M.2 NVMe,1TB,"313,940","M.2 (2280) / PCIe4.0x4 (64GT/s) / TLC / 컨트롤러 : InnoGrit IG5220 / [성능] 순차읽기 : 5,000MB/s / 순차쓰기 : 4,800MB/s / 읽기IOPS : 620K / 쓰기IOPS : 615K / [지원기능] TRIM / ECC / HMB / SLC캐싱 / S.M.A.R.T / AES 암호화 / 전용 S/W / [환경특성] TBW : 700TB / A/S기간 : 5년 , 제한보증 / 방열판 포함 / 두께 : 3.4mm / 10g 닫기",https://img.danuri.io/catalog-image/154/849/058/865cd82d2a254de7acd95dd59e2de705.jpg?shrink=130:130&_v=20260921080444,https://prod.danawa.com/info/?pcode=58849154&cate=112760
215,ESSENCORE KLEVV CRAS C910 M.2 NVMe,500GB,"184,000","M.2 (2280) / PCIe4.0x4 (64GT/s) / TLC / 컨트롤러 : InnoGrit IG5220 / [성능] 순차읽기 : 5,000MB/s / 순차쓰기 : 4,800MB/s / 읽기IOPS : 620K / 쓰기IOPS : 615K / [지원기능] TRIM / ECC / HMB / SLC캐싱 / S.M.A.R.T / AES 암호화 / 전용 S/W / [환경특성] TBW : 700TB / A/S기간 : 5년 , 제한보증 / 방열판 포함 / 두께 : 3.4mm / 10g 닫기",https://img.danuri.io/catalog-image/154/849/058/865cd82d2a254de7acd95dd59e2de705.jpg?shrink=130:130&_v=20260921080444,https://prod.danawa.com/info/?pcode=58849172&cate=112760
216,Sandisk Optimus GX PRO 850X M.2 NVMe,4TB,"1,690,000","M.2 (2280) / PCIe4.0x4 (64GT/s) / TLC / DRAM 탑재 / DDR4 1GB / 컨트롤러 : WD / [성능] 순차읽기 : 7,300MB/s / 순차쓰기 : 6,600MB/s / 읽기IOPS : 800K / 쓰기IOPS : 1,100K / [지원기능] TRIM / SLC캐싱 / S.M.A.R.T / 전용 S/W / [환경특성] MTBF : 175만 / TBW : 600TB / PS5 호환 / A/S기간 : 5년 , 제한보증 / 방열판 미포함 / 두께 : 2.38mm / 7.5g 닫기",https://img.danuri.io/catalog-image/989/667/122/64881e6b7ebc4bd1ba87e5afbc7f4605.jpeg?shrink=130:130&_v=20260921142644,https://prod.danawa.com/info/?pcode=122667889&cate=112760
217,Sandisk Optimus GX PRO 850X M.2 NVMe,2TB,"884,420","M.2 (2280) / PCIe4.0x4 (64GT/s) / TLC / DRAM 탑재 / DDR4 1GB / 컨트롤러 : WD / [성능] 순차읽기 : 7,300MB/s / 순차쓰기 : 6,600MB/s / 읽기IOPS : 800K / 쓰기IOPS : 1,100K / [지원기능] TRIM / SLC캐싱 / S.M.A.R.T / 전용 S/W / [환경특성] MTBF : 175만 / TBW : 600TB / PS5 호환 / A/S기간 : 5년 , 제한보증 / 방열판 미포함 / 두께 : 2.38mm / 7.5g 닫기",https://img.danuri.io/catalog-image/989/667/122/64881e6b7ebc4bd1ba87e5afbc7f4605.jpeg?shrink=130:130&_v=20260921142644,https://prod.danawa.com/info/?pcode=122667976&cate=112760
218,Sandisk Optimus GX PRO 850X M.2 NVMe,1TB,"444,170","M.2 (2280) / PCIe4.0x4 (64GT/s) / TLC / DRAM 탑재 / DDR4 1GB / 컨트롤러 : WD / [성능] 순차읽기 : 7,300MB/s / 순차쓰기 : 6,600MB/s / 읽기IOPS : 800K / 쓰기IOPS : 1,100K / [지원기능] TRIM / SLC캐싱 / S.M.A.R.T / 전용 S/W / [환경특성] MTBF : 175만 / TBW : 600TB / PS5 호환 / A/S기간 : 5년 , 제한보증 / 방열판 미포함 / 두께 : 2.38mm / 7.5g 닫기",https://img.danuri.io/catalog-image/989/667/122/64881e6b7ebc4bd1ba87e5afbc7f4605.jpeg?shrink=130:130&_v=20260921142644,https://prod.danawa.com/info/?pcode=122667989&cate=112760
219,ADATA Ultimate SU650,2TB,"680,000","6.4cm(2.5형) / SATA3 (6Gb/s) / 컨트롤러 : Maxio / [성능] 순차읽기 : 520MB/s / 순차쓰기 : 450MB/s / 읽기IOPS : 40K / 쓰기IOPS : 75K / [지원기능] TRIM / ECC / SLC캐싱 / S.M.A.R.T / 전용 S/W / [환경특성] MTBF : 200만 / TBW : 560TB / A/S기간 : 3년 , 제한보증 / 두께 : 7mm / 50.8g / [기타] 25년 2월부로 유통사 요청에 의한 메모리 타입 정보 삭제 닫기",https://img.danuri.io/catalog-image/977/953/019/aba80d1fb28a418dbad1ebdb581b0797.jpg?shrink=130:130&_v=20260921081225,https://prod.danawa.com/info/?pcode=76512914&cate=112760
220,ADATA Ultimate SU650,1TB,"226,990","6.4cm(2.5형) / SATA3 (6Gb/s) / 컨트롤러 : Maxio / [성능] 순차읽기 : 520MB/s / 순차쓰기 : 450MB/s / 읽기IOPS : 40K / 쓰기IOPS : 75K / [지원기능] TRIM / ECC / SLC캐싱 / S.M.A.R.T / 전용 S/W / [환경특성] MTBF : 200만 / TBW : 560TB / A/S기간 : 3년 , 제한보증 / 두께 : 7mm / 50.8g / [기타] 25년 2월부로 유통사 요청에 의한 메모리 타입 정보 삭제 닫기",https://img.danuri.io/catalog-image/977/953/019/aba80d1fb28a418dbad1ebdb581b0797.jpg?shrink=130:130&_v=20260921081225,https://prod.danawa.com/info/?pcode=19953977&cate=112760
221,ADATA Ultimate SU650,512GB,"124,990","6.4cm(2.5형) / SATA3 (6Gb/s) / 컨트롤러 : Maxio / [성능] 순차읽기 : 520MB/s / 순차쓰기 : 450MB/s / 읽기IOPS : 40K / 쓰기IOPS : 75K / [지원기능] TRIM / ECC / SLC캐싱 / S.M.A.R.T / 전용 S/W / [환경특성] MTBF : 200만 / TBW : 560TB / A/S기간 : 3년 , 제한보증 / 두께 : 7mm / 50.8g / [기타] 25년 2월부로 유통사 요청에 의한 메모리 타입 정보 삭제 닫기",https://img.danuri.io/catalog-image/977/953/019/aba80d1fb28a418dbad1ebdb581b0797.jpg?shrink=130:130&_v=20260921081225,https://prod.danawa.com/info/?pcode=16677893&cate=112760
222,ADATA Ultimate SU650,256GB,"78,600","6.4cm(2.5형) / SATA3 (6Gb/s) / 컨트롤러 : Maxio / [성능] 순차읽기 : 520MB/s / 순차쓰기 : 450MB/s / 읽기IOPS : 40K / 쓰기IOPS : 75K / [지원기능] TRIM / ECC / SLC캐싱 / S.M.A.R.T / 전용 S/W / [환경특성] MTBF : 200만 / TBW : 560TB / A/S기간 : 3년 , 제한보증 / 두께 : 7mm / 50.8g / [기타] 25년 2월부로 유통사 요청에 의한 메모리 타입 정보 삭제 닫기",https://img.danuri.io/catalog-image/977/953/019/aba80d1fb28a418dbad1ebdb581b0797.jpg?shrink=130:130&_v=20260921081225,https://prod.danawa.com/info/?pcode=15222089&cate=112760
223,GIGABYTE SSD 제이씨현,1TB,"233,000","6.4cm(2.5형) / SATA3 (6Gb/s) / TLC / 컨트롤러 : 기타 / [성능] 순차읽기 : 500MB/s / 순차쓰기 : 420MB/s / 읽기IOPS : 50K / 쓰기IOPS : 75K / [지원기능] TRIM / S.M.A.R.T / [환경특성] MTBF : 200만 / TBW : 100TB / A/S기간 : 3년 , 제한보증 / 두께 : 7mm 닫기",https://img.danuri.io/catalog-image/584/662/016/c6ed963cb9c64664881ba2db943246d1.jpg?shrink=130:130&_v=20260921110124,https://prod.danawa.com/info/?pcode=12888908&cate=112760
224,GIGABYTE SSD 제이씨현,480GB,"133,260","6.4cm(2.5형) / SATA3 (6Gb/s) / TLC / 컨트롤러 : 기타 / [성능] 순차읽기 : 500MB/s / 순차쓰기 : 420MB/s / 읽기IOPS : 50K / 쓰기IOPS : 75K / [지원기능] TRIM / S.M.A.R.T / [환경특성] MTBF : 200만 / TBW : 100TB / A/S기간 : 3년 , 제한보증 / 두께 : 7mm 닫기",https://img.danuri.io/catalog-image/584/662/016/c6ed963cb9c64664881ba2db943246d1.jpg?shrink=130:130&_v=20260921110124,https://prod.danawa.com/info/?pcode=7261471&cate=112760
225,GIGABYTE SSD 제이씨현,240GB,"73,760","6.4cm(2.5형) / SATA3 (6Gb/s) / TLC / 컨트롤러 : 기타 / [성능] 순차읽기 : 500MB/s / 순차쓰기 : 420MB/s / 읽기IOPS : 50K / 쓰기IOPS : 75K / [지원기능] TRIM / S.M.A.R.T / [환경특성] MTBF : 200만 / TBW : 100TB / A/S기간 : 3년 , 제한보증 / 두께 : 7mm 닫기",https://img.danuri.io/catalog-image/584/662/016/c6ed963cb9c64664881ba2db943246d1.jpg?shrink=130:130&_v=20260921110124,https://prod.danawa.com/info/?pcode=16662584&cate=112760
226,킹스톤 NV3 M.2 NVMe,4TB,"1,346,960","M.2 (2280) / PCIe4.0x4 (64GT/s) / QLC / 컨트롤러 : 실리콘모션 / [성능] 순차읽기 : 6,000MB/s / 순차쓰기 : 4,000MB/s / [지원기능] TRIM / HMB / SLC캐싱 / S.M.A.R.T / [환경특성] MTBF : 200만 / TBW : 320TB / PS5 호환 / A/S기간 : 제한보증 , 5년 / 방열판 미포함 / 두께 : 2.3mm / 7g 닫기",https://img.danuri.io/catalog-image/595/772/096/06e0299d4ebe4e0fb943a2f9fda479c0.jpg?shrink=130:130&_v=20260921130629,https://prod.danawa.com/info/?pcode=96772508&cate=112760
227,킹스톤 NV3 M.2 NVMe,2TB,"540,910","M.2 (2280) / PCIe4.0x4 (64GT/s) / QLC / 컨트롤러 : 실리콘모션 / [성능] 순차읽기 : 6,000MB/s / 순차쓰기 : 4,000MB/s / [지원기능] TRIM / HMB / SLC캐싱 / S.M.A.R.T / [환경특성] MTBF : 200만 / TBW : 320TB / PS5 호환 / A/S기간 : 제한보증 , 5년 / 방열판 미포함 / 두께 : 2.3mm / 7g 닫기",https://img.danuri.io/catalog-image/595/772/096/06e0299d4ebe4e0fb943a2f9fda479c0.jpg?shrink=130:130&_v=20260921130629,https://prod.danawa.com/info/?pcode=96772562&cate=112760
228,킹스톤 NV3 M.2 NVMe,1TB,"292,650","M.2 (2280) / PCIe4.0x4 (64GT/s) / QLC / 컨트롤러 : 실리콘모션 / [성능] 순차읽기 : 6,000MB/s / 순차쓰기 : 4,000MB/s / [지원기능] TRIM / HMB / SLC캐싱 / S.M.A.R.T / [환경특성] MTBF : 200만 / TBW : 320TB / PS5 호환 / A/S기간 : 제한보증 , 5년 / 방열판 미포함 / 두께 : 2.3mm / 7g 닫기",https://img.danuri.io/catalog-image/595/772/096/06e0299d4ebe4e0fb943a2f9fda479c0.jpg?shrink=130:130&_v=20260921130629,https://prod.danawa.com/info/?pcode=96772595&cate=112760
229,킹스톤 NV3 M.2 NVMe,500GB,"192,470","M.2 (2280) / PCIe4.0x4 (64GT/s) / QLC / 컨트롤러 : 실리콘모션 / [성능] 순차읽기 : 6,000MB/s / 순차쓰기 : 4,000MB/s / [지원기능] TRIM / HMB / SLC캐싱 / S.M.A.R.T / [환경특성] MTBF : 200만 / TBW : 320TB / PS5 호환 / A/S기간 : 제한보증 , 5년 / 방열판 미포함 / 두께 : 2.3mm / 7g 닫기",https://img.danuri.io/catalog-image/595/772/096/06e0299d4ebe4e0fb943a2f9fda479c0.jpg?shrink=130:130&_v=20260921130629,https://prod.danawa.com/info/?pcode=96772631&cate=112760
230,Western Digital WD GREEN SSD,2TB,"448,890","6.4cm(2.5형) / SATA3 (6Gb/s) / TLC / 컨트롤러 : 기타 / [성능] 순차읽기 : 545MB/s / [지원기능] DEVSLP / TRIM / S.M.A.R.T / 전용 S/W / [환경특성] MTBF : 200만 / A/S기간 : 3년 , 제한보증 / 두께 : 7mm / 32.7g / [기타] 25년 8월부로 상품 정보 변경(패키지 이미지, MTBF) 닫기",https://img.danuri.io/catalog-image/257/277/007/83e4b2e9134f48f0b2ff81183268dc8c.jpg?shrink=130:130&_v=20260921130003,https://prod.danawa.com/info/?pcode=95000048&cate=112760
231,Western Digital WD GREEN SSD,1TB,"265,820","6.4cm(2.5형) / SATA3 (6Gb/s) / TLC / 컨트롤러 : 기타 / [성능] 순차읽기 : 545MB/s / [지원기능] DEVSLP / TRIM / S.M.A.R.T / 전용 S/W / [환경특성] MTBF : 200만 / A/S기간 : 3년 , 제한보증 / 두께 : 7mm / 32.7g / [기타] 25년 8월부로 상품 정보 변경(패키지 이미지, MTBF) 닫기",https://img.danuri.io/catalog-image/257/277/007/83e4b2e9134f48f0b2ff81183268dc8c.jpg?shrink=130:130&_v=20260921130003,https://prod.danawa.com/info/?pcode=7277257&cate=112760
232,Western Digital WD GREEN SSD,500GB,"144,700","6.4cm(2.5형) / SATA3 (6Gb/s) / TLC / 컨트롤러 : 기타 / [성능] 순차읽기 : 545MB/s / [지원기능] DEVSLP / TRIM / S.M.A.R.T / 전용 S/W / [환경특성] MTBF : 200만 / A/S기간 : 3년 , 제한보증 / 두께 : 7mm / 32.7g / [기타] 25년 8월부로 상품 정보 변경(패키지 이미지, MTBF) 닫기",https://img.danuri.io/catalog-image/257/277/007/83e4b2e9134f48f0b2ff81183268dc8c.jpg?shrink=130:130&_v=20260921130003,https://prod.danawa.com/info/?pcode=95000096&cate=112760
233,Western Digital WD GREEN SSD,480GB,"185,490","6.4cm(2.5형) / SATA3 (6Gb/s) / TLC / 컨트롤러 : 기타 / [성능] 순차읽기 : 545MB/s / [지원기능] DEVSLP / TRIM / S.M.A.R.T / 전용 S/W / [환경특성] MTBF : 200만 / A/S기간 : 3년 , 제한보증 / 두께 : 7mm / 32.7g / [기타] 25년 8월부로 상품 정보 변경(패키지 이미지, MTBF) 닫기",https://img.danuri.io/catalog-image/257/277/007/83e4b2e9134f48f0b2ff81183268dc8c.jpg?shrink=130:130&_v=20260921130003,https://prod.danawa.com/info/?pcode=6446362&cate=112760
234,Western Digital WD GREEN SSD,250GB,"142,540","6.4cm(2.5형) / SATA3 (6Gb/s) / TLC / 컨트롤러 : 기타 / [성능] 순차읽기 : 545MB/s / [지원기능] DEVSLP / TRIM / S.M.A.R.T / 전용 S/W / [환경특성] MTBF : 200만 / A/S기간 : 3년 , 제한보증 / 두께 : 7mm / 32.7g / [기타] 25년 8월부로 상품 정보 변경(패키지 이미지, MTBF) 닫기",https://img.danuri.io/catalog-image/257/277/007/83e4b2e9134f48f0b2ff81183268dc8c.jpg?shrink=130:130&_v=20260921130003,https://prod.danawa.com/info/?pcode=95000072&cate=112760
235,Western Digital WD GREEN SSD,240GB,"160,000","6.4cm(2.5형) / SATA3 (6Gb/s) / TLC / 컨트롤러 : 기타 / [성능] 순차읽기 : 545MB/s / [지원기능] DEVSLP / TRIM / S.M.A.R.T / 전용 S/W / [환경특성] MTBF : 200만 / A/S기간 : 3년 , 제한보증 / 두께 : 7mm / 32.7g / [기타] 25년 8월부로 상품 정보 변경(패키지 이미지, MTBF) 닫기",https://img.danuri.io/catalog-image/257/277/007/83e4b2e9134f48f0b2ff81183268dc8c.jpg?shrink=130:130&_v=20260921130003,https://prod.danawa.com/info/?pcode=4593708&cate=112760
236,MSI SPATIUM M480 PRO M.2 NVMe,2TB,"679,000","M.2 (2280) / PCIe4.0x4 (64GT/s) / TLC / DRAM 탑재 / DDR4 2GB / 컨트롤러 : 파이슨 PS5018-E18 / [성능] 순차읽기 : 7,400MB/s / 순차쓰기 : 7,000MB/s / 읽기IOPS : 1,000K / 쓰기IOPS : 1,000K / [지원기능] GC / S.M.A.R.T / SLC캐싱 / TRIM / ECC / AES 암호화 / 전용 S/W / [환경특성] MTBF : 160만 / TBW : 1,400TB / PS5 호환 / A/S기간 : 5년 , 제한보증 / 방열판 미포함 / 두께 : 2.15mm 닫기",https://img.danuri.io/catalog-image/443/103/032/d4272d670f6d47a09b6b1f1c650932c7.jpg?shrink=130:130&_v=20260921090400,https://prod.danawa.com/info/?pcode=32103443&cate=112760
237,MSI SPATIUM M480 PRO M.2 NVMe,1TB,"396,000","M.2 (2280) / PCIe4.0x4 (64GT/s) / TLC / DRAM 탑재 / DDR4 2GB / 컨트롤러 : 파이슨 PS5018-E18 / [성능] 순차읽기 : 7,400MB/s / 순차쓰기 : 7,000MB/s / 읽기IOPS : 1,000K / 쓰기IOPS : 1,000K / [지원기능] GC / S.M.A.R.T / SLC캐싱 / TRIM / ECC / AES 암호화 / 전용 S/W / [환경특성] MTBF : 160만 / TBW : 1,400TB / PS5 호환 / A/S기간 : 5년 , 제한보증 / 방열판 미포함 / 두께 : 2.15mm 닫기",https://img.danuri.io/catalog-image/443/103/032/d4272d670f6d47a09b6b1f1c650932c7.jpg?shrink=130:130&_v=20260921090400,https://prod.danawa.com/info/?pcode=20693714&cate=112760
238,ESSENCORE KLEVV NEO N410+,512GB,"147,970","6.4cm(2.5형) / SATA3 (6Gb/s) / TLC / 컨트롤러 : 실리콘모션 SM2259XT2 / [성능] 순차읽기 : 540MB/s / 순차쓰기 : 500MB/s / [지원기능] S.M.A.R.T / SLC캐싱 / TRIM / ECC / [환경특성] TBW : 200TB / A/S기간 : 3년 , 제한보증 / 두께 : 7mm / 35g 닫기",https://img.danuri.io/catalog-image/261/130/103/fbcc67bc6f3e4d44b7a9f102bed4c528.jpg?shrink=130:130&_v=20260921131049,https://prod.danawa.com/info/?pcode=103130261&cate=112760
239,ESSENCORE KLEVV NEO N410+,256GB,"84,000","6.4cm(2.5형) / SATA3 (6Gb/s) / TLC / 컨트롤러 : 실리콘모션 SM2259XT2 / [성능] 순차읽기 : 540MB/s / 순차쓰기 : 500MB/s / [지원기능] S.M.A.R.T / SLC캐싱 / TRIM / ECC / [환경특성] TBW : 200TB / A/S기간 : 3년 , 제한보증 / 두께 : 7mm / 35g 닫기",https://img.danuri.io/catalog-image/261/130/103/fbcc67bc6f3e4d44b7a9f102bed4c528.jpg?shrink=130:130&_v=20260921131049,https://prod.danawa.com/info/?pcode=103130264&cate=112760
240,ESSENCORE KLEVV CRAS C930 M.2 NVMe,2TB,"573,140","M.2 (2280) / PCIe4.0x4 (64GT/s) / TLC / DRAM 탑재 / DDR4 2GB / 컨트롤러 : InnoGrit IG5236 / [성능] 순차읽기 : 7,400MB/s / 순차쓰기 : 6,800MB/s / 읽기IOPS : 1,000K / 쓰기IOPS : 1,000K / [지원기능] TRIM / ECC / SLC캐싱 / S.M.A.R.T / AES 암호화 / 전용 S/W / [환경특성] TBW : 1,500TB / PS5 호환 / A/S기간 : 5년 , 제한보증 / 방열판 포함 / 두께 : 8.7mm / 23g / Acronis 공식 소프트웨어지원 닫기",https://img.danuri.io/catalog-image/771/612/020/d88c07c5bd2842edbf4a0e4c9f19261a.jpg?shrink=130:130&_v=20260921130918,https://prod.danawa.com/info/?pcode=20612771&cate=112760
241,ESSENCORE KLEVV CRAS C930 M.2 NVMe,1TB,"380,000","M.2 (2280) / PCIe4.0x4 (64GT/s) / TLC / DRAM 탑재 / DDR4 2GB / 컨트롤러 : InnoGrit IG5236 / [성능] 순차읽기 : 7,400MB/s / 순차쓰기 : 6,800MB/s / 읽기IOPS : 1,000K / 쓰기IOPS : 1,000K / [지원기능] TRIM / ECC / SLC캐싱 / S.M.A.R.T / AES 암호화 / 전용 S/W / [환경특성] TBW : 1,500TB / PS5 호환 / A/S기간 : 5년 , 제한보증 / 방열판 포함 / 두께 : 8.7mm / 23g / Acronis 공식 소프트웨어지원 닫기",https://img.danuri.io/catalog-image/771/612/020/d88c07c5bd2842edbf4a0e4c9f19261a.jpg?shrink=130:130&_v=20260921130918,https://prod.danawa.com/info/?pcode=20612159&cate=112760
242,Apacer AS2280Q4X M.2 NVMe,2TB,"439,000","M.2 (2280) / PCIe4.0x4 (64GT/s) / 컨트롤러 : 기타 / [성능] 순차읽기 : 5,000MB/s / 순차쓰기 : 4,400MB/s / 읽기IOPS : 750K / 쓰기IOPS : 750K / [지원기능] S.M.A.R.T / SLC캐싱 / ECC / [환경특성] MTBF : 150만 / TBW : 600TB / A/S기간 : 3년 , 제한보증 / 방열판 미포함 / 두께 : 2.25mm / 7.6g 닫기",https://img.danuri.io/catalog-image/819/328/100/e26794d92c6d40018990c4fb3cd1c938.jpg?shrink=130:130&_v=20260921080457,https://prod.danawa.com/info/?pcode=100328870&cate=112760
243,Apacer AS2280Q4X M.2 NVMe,1TB,"257,800","M.2 (2280) / PCIe4.0x4 (64GT/s) / 컨트롤러 : 기타 / [성능] 순차읽기 : 5,000MB/s / 순차쓰기 : 4,400MB/s / 읽기IOPS : 750K / 쓰기IOPS : 750K / [지원기능] S.M.A.R.T / SLC캐싱 / ECC / [환경특성] MTBF : 150만 / TBW : 600TB / A/S기간 : 3년 , 제한보증 / 방열판 미포함 / 두께 : 2.25mm / 7.6g 닫기",https://img.danuri.io/catalog-image/819/328/100/e26794d92c6d40018990c4fb3cd1c938.jpg?shrink=130:130&_v=20260921080457,https://prod.danawa.com/info/?pcode=100328819&cate=112760
244,Apacer AS2280Q4X M.2 NVMe,512GB,"165,000","M.2 (2280) / PCIe4.0x4 (64GT/s) / 컨트롤러 : 기타 / [성능] 순차읽기 : 5,000MB/s / 순차쓰기 : 4,400MB/s / 읽기IOPS : 750K / 쓰기IOPS : 750K / [지원기능] S.M.A.R.T / SLC캐싱 / ECC / [환경특성] MTBF : 150만 / TBW : 600TB / A/S기간 : 3년 , 제한보증 / 방열판 미포함 / 두께 : 2.25mm / 7.6g 닫기",https://img.danuri.io/catalog-image/819/328/100/e26794d92c6d40018990c4fb3cd1c938.jpg?shrink=130:130&_v=20260921080457,https://prod.danawa.com/info/?pcode=100328783&cate=112760
245,PATRIOT P400 Lite M.2 NVMe,2TB,"508,480","M.2 (2280) / PCIe4.0x4 (64GT/s) / QLC / 컨트롤러 : Maxio / [성능] 순차읽기 : 3,500MB/s / 순차쓰기 : 2,700MB/s / 읽기IOPS : 340K / 쓰기IOPS : 540K / [지원기능] TRIM / ECC / DEVSLP / HMB / GC / S.M.A.R.T / 전용 S/W / [환경특성] MTBF : 150만 / TBW : 560TB / A/S기간 : 5년 , 제한보증 / 방열판 미포함 / 두께 : 3.8mm / 20g / [기타] 26년 1월부로 읽기/쓰기 정보 변경 닫기",https://img.danuri.io/catalog-image/305/875/076/b56b2ef5166c4636bece0a9f59607776.jpg?shrink=130:130&_v=20260921082648,https://prod.danawa.com/info/?pcode=76875284&cate=112760
246,PATRIOT P400 Lite M.2 NVMe,1TB,"275,900","M.2 (2280) / PCIe4.0x4 (64GT/s) / QLC / 컨트롤러 : Maxio / [성능] 순차읽기 : 3,500MB/s / 순차쓰기 : 2,700MB/s / 읽기IOPS : 340K / 쓰기IOPS : 540K / [지원기능] TRIM / ECC / DEVSLP / HMB / GC / S.M.A.R.T / 전용 S/W / [환경특성] MTBF : 150만 / TBW : 560TB / A/S기간 : 5년 , 제한보증 / 방열판 미포함 / 두께 : 3.8mm / 20g / [기타] 26년 1월부로 읽기/쓰기 정보 변경 닫기",https://img.danuri.io/catalog-image/305/875/076/b56b2ef5166c4636bece0a9f59607776.jpg?shrink=130:130&_v=20260921082648,https://prod.danawa.com/info/?pcode=76875305&cate=112760
247,PATRIOT P400 Lite M.2 NVMe,500GB,"161,000","M.2 (2280) / PCIe4.0x4 (64GT/s) / QLC / 컨트롤러 : Maxio / [성능] 순차읽기 : 3,500MB/s / 순차쓰기 : 2,700MB/s / 읽기IOPS : 340K / 쓰기IOPS : 540K / [지원기능] TRIM / ECC / DEVSLP / HMB / GC / S.M.A.R.T / 전용 S/W / [환경특성] MTBF : 150만 / TBW : 560TB / A/S기간 : 5년 , 제한보증 / 방열판 미포함 / 두께 : 3.8mm / 20g / [기타] 26년 1월부로 읽기/쓰기 정보 변경 닫기",https://img.danuri.io/catalog-image/305/875/076/b56b2ef5166c4636bece0a9f59607776.jpg?shrink=130:130&_v=20260921082648,https://prod.danawa.com/info/?pcode=76875311&cate=112760
248,ADATA XPG MARS 980 BLADE M.2 NVMe,2TB,"647,000","M.2 (2280) / PCIe5.0x4 (128GT/s) / TLC / DRAM 탑재 / 컨트롤러 : 실리콘모션 SM2508 / [성능] 순차읽기 : 14,000MB/s / 순차쓰기 : 10,000MB/s / 읽기IOPS : 1,600K / 쓰기IOPS : 1,650K / [지원기능] ECC / SLC캐싱 / S.M.A.R.T / 전용 S/W / [환경특성] MTBF : 160만 / TBW : 740TB / PS5 호환(6,100MB/s) / A/S기간 : 제한보증 , 5년 / 방열판 포함 / 두께 : 4.5mm / 12g 닫기",https://img.danuri.io/catalog-image/900/133/088/088a51c9444f46c8b64ceb2cf433a0a0.jpg?shrink=130:130&_v=20260921131054,https://prod.danawa.com/info/?pcode=88133846&cate=112760
249,ADATA XPG MARS 980 BLADE M.2 NVMe,1TB,"375,000","M.2 (2280) / PCIe5.0x4 (128GT/s) / TLC / DRAM 탑재 / 컨트롤러 : 실리콘모션 SM2508 / [성능] 순차읽기 : 14,000MB/s / 순차쓰기 : 10,000MB/s / 읽기IOPS : 1,600K / 쓰기IOPS : 1,650K / [지원기능] ECC / SLC캐싱 / S.M.A.R.T / 전용 S/W / [환경특성] MTBF : 160만 / TBW : 740TB / PS5 호환(6,100MB/s) / A/S기간 : 제한보증 , 5년 / 방열판 포함 / 두께 : 4.5mm / 12g 닫기",https://img.danuri.io/catalog-image/900/133/088/088a51c9444f46c8b64ceb2cf433a0a0.jpg?shrink=130:130&_v=20260921131054,https://prod.danawa.com/info/?pcode=88133900&cate=112760
250,TeamGroup GX2,1TB,"238,500","6.4cm(2.5형) / SATA3 (6Gb/s) / TLC / 컨트롤러 : 파이슨,실리콘모션 / [성능] 순차읽기 : 530MB/s / 순차쓰기 : 430MB/s / [지원기능] TRIM / ECC / DEVSLP / GC / S.M.A.R.T / [환경특성] MTBF : 100만 / TBW : 400TB / A/S기간 : 3년 , 제한보증 / 두께 : 7mm / ※ 2022년 10월부로 패키지 디자인 리뉴얼 / 컨트롤러는 상황에 따라 임의 변경 출고될 수 있음(파이슨/실리콘모션) 닫기",https://img.danuri.io/catalog-image/591/282/009/f4c2122c56894bd49924909dd1dbd75b.jpg?shrink=130:130&_v=20260921080454,https://prod.danawa.com/info/?pcode=9282597&cate=112760
251,TeamGroup GX2,512GB,"127,840","6.4cm(2.5형) / SATA3 (6Gb/s) / TLC / 컨트롤러 : 파이슨,실리콘모션 / [성능] 순차읽기 : 530MB/s / 순차쓰기 : 430MB/s / [지원기능] TRIM / ECC / DEVSLP / GC / S.M.A.R.T / [환경특성] MTBF : 100만 / TBW : 400TB / A/S기간 : 3년 , 제한보증 / 두께 : 7mm / ※ 2022년 10월부로 패키지 디자인 리뉴얼 / 컨트롤러는 상황에 따라 임의 변경 출고될 수 있음(파이슨/실리콘모션) 닫기",https://img.danuri.io/catalog-image/591/282/009/f4c2122c56894bd49924909dd1dbd75b.jpg?shrink=130:130&_v=20260921080454,https://prod.danawa.com/info/?pcode=9282591&cate=112760
252,TeamGroup GX2,256GB,"88,000","6.4cm(2.5형) / SATA3 (6Gb/s) / TLC / 컨트롤러 : 파이슨,실리콘모션 / [성능] 순차읽기 : 530MB/s / 순차쓰기 : 430MB/s / [지원기능] TRIM / ECC / DEVSLP / GC / S.M.A.R.T / [환경특성] MTBF : 100만 / TBW : 400TB / A/S기간 : 3년 , 제한보증 / 두께 : 7mm / ※ 2022년 10월부로 패키지 디자인 리뉴얼 / 컨트롤러는 상황에 따라 임의 변경 출고될 수 있음(파이슨/실리콘모션) 닫기",https://img.danuri.io/catalog-image/591/282/009/f4c2122c56894bd49924909dd1dbd75b.jpg?shrink=130:130&_v=20260921080454,https://prod.danawa.com/info/?pcode=9282576&cate=112760
253,타무즈 RXK550 벌크,2TB,"377,660","6.4cm(2.5형) / SATA3 (6Gb/s) / TLC / 컨트롤러 : 실리콘모션 / [성능] 순차읽기 : 550MB/s / 순차쓰기 : 500MB/s / 읽기IOPS : 40K / 쓰기IOPS : 70K / [지원기능] TRIM / ECC / DEVSLP / GC / SLC캐싱 / S.M.A.R.T / [환경특성] MTBF : 150만 / TBW : 256TB / A/S기간 : 3년 , 제한보증 / 두께 : 7mm / 48g 닫기",https://img.danuri.io/catalog-image/674/369/033/b027c12b8daf4463b17eb154d31c89c5.jpg?shrink=130:130&_v=20260921080457,https://prod.danawa.com/info/?pcode=96423437&cate=112760
254,타무즈 RXK550 벌크,1TB,"198,980","6.4cm(2.5형) / SATA3 (6Gb/s) / TLC / 컨트롤러 : 실리콘모션 / [성능] 순차읽기 : 550MB/s / 순차쓰기 : 500MB/s / 읽기IOPS : 40K / 쓰기IOPS : 70K / [지원기능] TRIM / ECC / DEVSLP / GC / SLC캐싱 / S.M.A.R.T / [환경특성] MTBF : 150만 / TBW : 256TB / A/S기간 : 3년 , 제한보증 / 두께 : 7mm / 48g 닫기",https://img.danuri.io/catalog-image/674/369/033/b027c12b8daf4463b17eb154d31c89c5.jpg?shrink=130:130&_v=20260921080457,https://prod.danawa.com/info/?pcode=33369665&cate=112760
255,타무즈 RXK550 벌크,512GB,"111,580","6.4cm(2.5형) / SATA3 (6Gb/s) / TLC / 컨트롤러 : 실리콘모션 / [성능] 순차읽기 : 550MB/s / 순차쓰기 : 500MB/s / 읽기IOPS : 40K / 쓰기IOPS : 70K / [지원기능] TRIM / ECC / DEVSLP / GC / SLC캐싱 / S.M.A.R.T / [환경특성] MTBF : 150만 / TBW : 256TB / A/S기간 : 3년 , 제한보증 / 두께 : 7mm / 48g 닫기",https://img.danuri.io/catalog-image/674/369/033/b027c12b8daf4463b17eb154d31c89c5.jpg?shrink=130:130&_v=20260921080457,https://prod.danawa.com/info/?pcode=33369674&cate=112760
256,타무즈 RXK550 벌크,256GB,"65,500","6.4cm(2.5형) / SATA3 (6Gb/s) / TLC / 컨트롤러 : 실리콘모션 / [성능] 순차읽기 : 550MB/s / 순차쓰기 : 500MB/s / 읽기IOPS : 40K / 쓰기IOPS : 70K / [지원기능] TRIM / ECC / DEVSLP / GC / SLC캐싱 / S.M.A.R.T / [환경특성] MTBF : 150만 / TBW : 256TB / A/S기간 : 3년 , 제한보증 / 두께 : 7mm / 48g 닫기",https://img.danuri.io/catalog-image/674/369/033/b027c12b8daf4463b17eb154d31c89c5.jpg?shrink=130:130&_v=20260921080457,https://prod.danawa.com/info/?pcode=33369677&cate=112760
257,BIWIN M100,2TB,"375,000","6.4cm(2.5형) / SATA3 (6Gb/s) / QLC / 컨트롤러 : 기타 / [성능] 순차읽기 : 550MB/s / 순차쓰기 : 480MB/s / 읽기IOPS : 60K / 쓰기IOPS : 60K / [환경특성] MTBF : 150만시간 / TBW : 160TB / A/S기간 : 3년 , 제한보증 / 두께 : 6.7mm / 50g 닫기",https://img.danuri.io/catalog-image/440/424/095/4ae67b5754ac43ee97aca07421714365.jpg?shrink=130:130&_v=20260921080404,https://prod.danawa.com/info/?pcode=98777909&cate=112760
258,BIWIN M100,1TB,"236,000","6.4cm(2.5형) / SATA3 (6Gb/s) / QLC / 컨트롤러 : 기타 / [성능] 순차읽기 : 550MB/s / 순차쓰기 : 480MB/s / 읽기IOPS : 60K / 쓰기IOPS : 60K / [환경특성] MTBF : 150만시간 / TBW : 160TB / A/S기간 : 3년 , 제한보증 / 두께 : 6.7mm / 50g 닫기",https://img.danuri.io/catalog-image/440/424/095/4ae67b5754ac43ee97aca07421714365.jpg?shrink=130:130&_v=20260921080404,https://prod.danawa.com/info/?pcode=98777888&cate=112760
259,BIWIN M100,512GB,"112,500","6.4cm(2.5형) / SATA3 (6Gb/s) / QLC / 컨트롤러 : 기타 / [성능] 순차읽기 : 550MB/s / 순차쓰기 : 480MB/s / 읽기IOPS : 60K / 쓰기IOPS : 60K / [환경특성] MTBF : 150만시간 / TBW : 160TB / A/S기간 : 3년 , 제한보증 / 두께 : 6.7mm / 50g 닫기",https://img.danuri.io/catalog-image/440/424/095/4ae67b5754ac43ee97aca07421714365.jpg?shrink=130:130&_v=20260921080404,https://prod.danawa.com/info/?pcode=95424440&cate=112760
260,BIWIN M100,256GB,"66,000","6.4cm(2.5형) / SATA3 (6Gb/s) / QLC / 컨트롤러 : 기타 / [성능] 순차읽기 : 550MB/s / 순차쓰기 : 480MB/s / 읽기IOPS : 60K / 쓰기IOPS : 60K / [환경특성] MTBF : 150만시간 / TBW : 160TB / A/S기간 : 3년 , 제한보증 / 두께 : 6.7mm / 50g 닫기",https://img.danuri.io/catalog-image/440/424/095/4ae67b5754ac43ee97aca07421714365.jpg?shrink=130:130&_v=20260921080404,https://prod.danawa.com/info/?pcode=95424425&cate=112760
261,Seagate 파이어쿠다 530R 히트싱크 M.2 NVMe,2TB,"575,000","M.2 (2280) / PCIe4.0x4 (64GT/s) / TLC / DRAM 탑재 / DDR4 2GB / 컨트롤러 : 파이슨 PS5018-E18 / [성능] 순차읽기 : 7,400MB/s / 순차쓰기 : 6,900MB/s / 읽기IOPS : 1,300K / 쓰기IOPS : 1,300K / [지원기능] TRIM / S.M.A.R.T / SLC캐싱 / GC / DEVSLP / 전용 S/W / [환경특성] MTBF : 180만 / TBW : 2,400TB / PS5 호환 / A/S기간 : 5년 , 데이터 복구 3년 , 제한보증 / 방열판 포함 / 두께 : 11.10mm / 49g 닫기",https://img.danuri.io/catalog-image/648/436/061/7cee077ca38844af9ed8fe0c592cced1.jpg?shrink=130:130&_v=20260921110154,https://prod.danawa.com/info/?pcode=61436648&cate=112760
262,Seagate 파이어쿠다 530R 히트싱크 M.2 NVMe,4TB,"1,214,990","M.2 (2280) / PCIe4.0x4 (64GT/s) / TLC / DRAM 탑재 / DDR4 2GB / 컨트롤러 : 파이슨 PS5018-E18 / [성능] 순차읽기 : 7,400MB/s / 순차쓰기 : 6,900MB/s / 읽기IOPS : 1,300K / 쓰기IOPS : 1,300K / [지원기능] TRIM / S.M.A.R.T / SLC캐싱 / GC / DEVSLP / 전용 S/W / [환경특성] MTBF : 180만 / TBW : 2,400TB / PS5 호환 / A/S기간 : 5년 , 데이터 복구 3년 , 제한보증 / 방열판 포함 / 두께 : 11.10mm / 49g 닫기",https://img.danuri.io/catalog-image/648/436/061/7cee077ca38844af9ed8fe0c592cced1.jpg?shrink=130:130&_v=20260921110154,https://prod.danawa.com/info/?pcode=61436567&cate=112760
263,BIWIN NV7200 M.2 NVMe 해외구매,1TB,"363,360","M.2 (2280) / PCIe4.0x4 (64GT/s) / QLC / 컨트롤러 : Maxio / [성능] 순차읽기 : 7,200MB/s / 순차쓰기 : 6,200MB/s / 읽기IOPS : 1,000K / 쓰기IOPS : 800K / [지원기능] HMB / TRIM / ECC / [환경특성] MTBF : 150만 / TBW : 400TB / PS5 호환 / 방열판 미포함 / 두께 : 2.45mm / 9g 닫기",https://img.danuri.io/catalog-image/090/944/099/e423d60e1e664e1cacfa3deba82c74fc.jpg?shrink=130:130&_v=20260921080622,https://prod.danawa.com/info/?pcode=99944090&cate=112760
264,Sandisk Optimus GX 7100 M.2 NVMe,4TB,"1,529,490","M.2 (2280) / PCIe4.0x4 (64GT/s) / TLC / 컨트롤러 : WD / [성능] 순차읽기 : 6,800MB/s / 순차쓰기 : 5,800MB/s / 읽기IOPS : 760K / 쓰기IOPS : 1,200K / [지원기능] HMB / TRIM / SLC캐싱 / S.M.A.R.T / [환경특성] MTBF : 175만 / TBW : 300TB / PS5 호환 / A/S기간 : 5년 , 제한보증 / 방열판 미포함 / 두께 : 2.38mm / 5.8g 닫기",https://img.danuri.io/catalog-image/528/669/122/c8e16dd1f6e443cf809f94a41e32cbe4.jpeg?shrink=130:130&_v=20260921142624,https://prod.danawa.com/info/?pcode=122669472&cate=112760
265,Sandisk Optimus GX 7100 M.2 NVMe,2TB,"798,040","M.2 (2280) / PCIe4.0x4 (64GT/s) / TLC / 컨트롤러 : WD / [성능] 순차읽기 : 6,800MB/s / 순차쓰기 : 5,800MB/s / 읽기IOPS : 760K / 쓰기IOPS : 1,200K / [지원기능] HMB / TRIM / SLC캐싱 / S.M.A.R.T / [환경특성] MTBF : 175만 / TBW : 300TB / PS5 호환 / A/S기간 : 5년 , 제한보증 / 방열판 미포함 / 두께 : 2.38mm / 5.8g 닫기",https://img.danuri.io/catalog-image/528/669/122/c8e16dd1f6e443cf809f94a41e32cbe4.jpeg?shrink=130:130&_v=20260921142624,https://prod.danawa.com/info/?pcode=122669499&cate=112760
266,Sandisk Optimus GX 7100 M.2 NVMe,1TB,"406,380","M.2 (2280) / PCIe4.0x4 (64GT/s) / TLC / 컨트롤러 : WD / [성능] 순차읽기 : 6,800MB/s / 순차쓰기 : 5,800MB/s / 읽기IOPS : 760K / 쓰기IOPS : 1,200K / [지원기능] HMB / TRIM / SLC캐싱 / S.M.A.R.T / [환경특성] MTBF : 175만 / TBW : 300TB / PS5 호환 / A/S기간 : 5년 , 제한보증 / 방열판 미포함 / 두께 : 2.38mm / 5.8g 닫기",https://img.danuri.io/catalog-image/528/669/122/c8e16dd1f6e443cf809f94a41e32cbe4.jpeg?shrink=130:130&_v=20260921142624,https://prod.danawa.com/info/?pcode=122669509&cate=112760
267,Sandisk Optimus GX 7100 M.2 NVMe,500GB,"207,410","M.2 (2280) / PCIe4.0x4 (64GT/s) / TLC / 컨트롤러 : WD / [성능] 순차읽기 : 6,800MB/s / 순차쓰기 : 5,800MB/s / 읽기IOPS : 760K / 쓰기IOPS : 1,200K / [지원기능] HMB / TRIM / SLC캐싱 / S.M.A.R.T / [환경특성] MTBF : 175만 / TBW : 300TB / PS5 호환 / A/S기간 : 5년 , 제한보증 / 방열판 미포함 / 두께 : 2.38mm / 5.8g 닫기",https://img.danuri.io/catalog-image/528/669/122/c8e16dd1f6e443cf809f94a41e32cbe4.jpeg?shrink=130:130&_v=20260921142624,https://prod.danawa.com/info/?pcode=122669528&cate=112760
268,ADATA XPG SX8200 Pro M.2 NVMe 파인인포,512GB,"191,480","M.2 (2280) / PCIe3.0x4 (32GT/s) / TLC / DRAM 탑재 / DDR3 512MB / 컨트롤러 : 실리콘모션 / [성능] 순차읽기 : 3,500MB/s / 순차쓰기 : 2,350MB/s / 읽기IOPS : 390K / 쓰기IOPS : 380K / [지원기능] TRIM / S.M.A.R.T / SLC캐싱 / ECC / AES 암호화 / [환경특성] MTBF : 200만 / TBW : 320TB / A/S기간 : 5년 , 제한보증 / 방열판 제공(탈거가능) / 두께 : 3.5mm / 8g 닫기",https://img.danuri.io/catalog-image/977/552/102/b7a40f27d0234374adc0f2ab9d4e11c0.jpg?shrink=130:130&_v=20260921131013,https://prod.danawa.com/info/?pcode=102552977&cate=112760
269,BIWIN M350 M.2 NVMe,2TB,"412,500","M.2 (2280) / PCIe4.0x4 (64GT/s) / QLC / 컨트롤러 : 기타 / [성능] 순차읽기 : 5,200MB/s / 순차쓰기 : 4,800MB/s / 읽기IOPS : 400K / 쓰기IOPS : 600K / [지원기능] S.M.A.R.T / SLC캐싱 / TRIM / HMB / 전용 S/W / [환경특성] MTBF : 150만 / TBW : 800TB / PS5 호환 / A/S기간 : 5년 , 제한보증 / 방열판 미포함 / 두께 : 2.45mm / 9g 닫기",https://img.danuri.io/catalog-image/991/943/099/7a03ac351b41496a9fa1e8dab394a8d0.jpg?shrink=130:130&_v=20260921132638,https://prod.danawa.com/info/?pcode=99943991&cate=112760
270,BIWIN M350 M.2 NVMe,1TB,"255,000","M.2 (2280) / PCIe4.0x4 (64GT/s) / QLC / 컨트롤러 : 기타 / [성능] 순차읽기 : 5,200MB/s / 순차쓰기 : 4,800MB/s / 읽기IOPS : 400K / 쓰기IOPS : 600K / [지원기능] S.M.A.R.T / SLC캐싱 / TRIM / HMB / 전용 S/W / [환경특성] MTBF : 150만 / TBW : 800TB / PS5 호환 / A/S기간 : 5년 , 제한보증 / 방열판 미포함 / 두께 : 2.45mm / 9g 닫기",https://img.danuri.io/catalog-image/991/943/099/7a03ac351b41496a9fa1e8dab394a8d0.jpg?shrink=130:130&_v=20260921132638,https://prod.danawa.com/info/?pcode=99944000&cate=112760
271,킹스톤 KC3000 M.2 NVMe,2TB,"642,360","M.2 (2280) / PCIe4.0x4 (64GT/s) / TLC / DRAM 탑재 / DDR4 1GB / 컨트롤러 : 파이슨 PS5018-E18 / [성능] 순차읽기 : 7,000MB/s / 순차쓰기 : 6,000MB/s / 읽기IOPS : 900K / 쓰기IOPS : 1,000K / [지원기능] TRIM / SLC캐싱 / S.M.A.R.T / 전용 S/W / [환경특성] MTBF : 200만 / TBW : 800TB / PS5 호환 / A/S기간 : 5년 , 제한보증 / 방열판 포함 / 두께 : 2.21mm / 7g 닫기",https://img.danuri.io/catalog-image/165/773/096/5735dc456087458990aed7deb8bea266.jpg?shrink=130:130&_v=20260921080444,https://prod.danawa.com/info/?pcode=96773093&cate=112760
272,킹스톤 KC3000 M.2 NVMe,4TB,"1,484,000","M.2 (2280) / PCIe4.0x4 (64GT/s) / TLC / DRAM 탑재 / DDR4 1GB / 컨트롤러 : 파이슨 PS5018-E18 / [성능] 순차읽기 : 7,000MB/s / 순차쓰기 : 6,000MB/s / 읽기IOPS : 900K / 쓰기IOPS : 1,000K / [지원기능] TRIM / SLC캐싱 / S.M.A.R.T / 전용 S/W / [환경특성] MTBF : 200만 / TBW : 800TB / PS5 호환 / A/S기간 : 5년 , 제한보증 / 방열판 포함 / 두께 : 2.21mm / 7g 닫기",https://img.danuri.io/catalog-image/165/773/096/5735dc456087458990aed7deb8bea266.jpg?shrink=130:130&_v=20260921080444,https://prod.danawa.com/info/?pcode=96773027&cate=112760
273,킹스톤 KC3000 M.2 NVMe,1TB,"437,910","M.2 (2280) / PCIe4.0x4 (64GT/s) / TLC / DRAM 탑재 / DDR4 1GB / 컨트롤러 : 파이슨 PS5018-E18 / [성능] 순차읽기 : 7,000MB/s / 순차쓰기 : 6,000MB/s / 읽기IOPS : 900K / 쓰기IOPS : 1,000K / [지원기능] TRIM / SLC캐싱 / S.M.A.R.T / 전용 S/W / [환경특성] MTBF : 200만 / TBW : 800TB / PS5 호환 / A/S기간 : 5년 , 제한보증 / 방열판 포함 / 두께 : 2.21mm / 7g 닫기",https://img.danuri.io/catalog-image/165/773/096/5735dc456087458990aed7deb8bea266.jpg?shrink=130:130&_v=20260921080444,https://prod.danawa.com/info/?pcode=96773165&cate=112760
274,킹스톤 KC3000 M.2 NVMe,512GB,"269,000","M.2 (2280) / PCIe4.0x4 (64GT/s) / TLC / DRAM 탑재 / DDR4 1GB / 컨트롤러 : 파이슨 PS5018-E18 / [성능] 순차읽기 : 7,000MB/s / 순차쓰기 : 6,000MB/s / 읽기IOPS : 900K / 쓰기IOPS : 1,000K / [지원기능] TRIM / SLC캐싱 / S.M.A.R.T / 전용 S/W / [환경특성] MTBF : 200만 / TBW : 800TB / PS5 호환 / A/S기간 : 5년 , 제한보증 / 방열판 포함 / 두께 : 2.21mm / 7g 닫기",https://img.danuri.io/catalog-image/165/773/096/5735dc456087458990aed7deb8bea266.jpg?shrink=130:130&_v=20260921080444,https://prod.danawa.com/info/?pcode=96773204&cate=112760
275,ADATA LEGEND 860 M.2 NVMe,1TB,"278,000","M.2 (2280) / PCIe4.0x4 (64GT/s) / QLC / 컨트롤러 : Realtek / [성능] 순차읽기 : 5,000MB/s / 순차쓰기 : 3,000MB/s / [지원기능] HMB / ECC / SLC캐싱 / S.M.A.R.T / 전용 S/W / [환경특성] MTBF : 200만 / TBW : 160TB / PS5 호환 / A/S기간 : 제한보증 , 5년 / 방열판 포함 / 두께 : 3.13mm / 9.5g 닫기",https://img.danuri.io/catalog-image/273/250/079/359ef983db984c43b4f93daa447832c1.jpg?shrink=130:130&_v=20260921081230,https://prod.danawa.com/info/?pcode=79250330&cate=112760
276,ADATA LEGEND 860 M.2 NVMe,2TB,"482,000","M.2 (2280) / PCIe4.0x4 (64GT/s) / QLC / 컨트롤러 : Realtek / [성능] 순차읽기 : 5,000MB/s / 순차쓰기 : 3,000MB/s / [지원기능] HMB / ECC / SLC캐싱 / S.M.A.R.T / 전용 S/W / [환경특성] MTBF : 200만 / TBW : 160TB / PS5 호환 / A/S기간 : 제한보증 , 5년 / 방열판 포함 / 두께 : 3.13mm / 9.5g 닫기",https://img.danuri.io/catalog-image/273/250/079/359ef983db984c43b4f93daa447832c1.jpg?shrink=130:130&_v=20260921081230,https://prod.danawa.com/info/?pcode=79401872&cate=112760
277,ADATA LEGEND 860 M.2 NVMe,500GB,"164,000","M.2 (2280) / PCIe4.0x4 (64GT/s) / QLC / 컨트롤러 : Realtek / [성능] 순차읽기 : 5,000MB/s / 순차쓰기 : 3,000MB/s / [지원기능] HMB / ECC / SLC캐싱 / S.M.A.R.T / 전용 S/W / [환경특성] MTBF : 200만 / TBW : 160TB / PS5 호환 / A/S기간 : 제한보증 , 5년 / 방열판 포함 / 두께 : 3.13mm / 9.5g 닫기",https://img.danuri.io/catalog-image/273/250/079/359ef983db984c43b4f93daa447832c1.jpg?shrink=130:130&_v=20260921081230,https://prod.danawa.com/info/?pcode=79250273&cate=112760
278,BIWIN Black Opal X570 M.2 NVMe,4TB,"1,050,000","M.2 (2280) / PCIe5.0x4 (128GT/s) / TLC / 컨트롤러 : 기타 / [성능] 순차읽기 : 14,500MB/s / 순차쓰기 : 10,000MB/s / 읽기IOPS : 2,000K / 쓰기IOPS : 1,400K / [지원기능] HMB / SLC캐싱 / [환경특성] MTBF : 150만 / TBW : 1,200TB / PS5 호환 / A/S기간 : 5년 , 제한보증 / 방열판 미포함 / 두께 : 2.5mm / 9g 닫기",https://img.danuri.io/catalog-image/824/424/095/44f3194470b046ca885401dd4b176a47.jpg?shrink=130:130&_v=20260921132703,https://prod.danawa.com/info/?pcode=95424833&cate=112760
279,BIWIN Black Opal X570 M.2 NVMe,2TB,"511,250","M.2 (2280) / PCIe5.0x4 (128GT/s) / TLC / 컨트롤러 : 기타 / [성능] 순차읽기 : 14,500MB/s / 순차쓰기 : 10,000MB/s / 읽기IOPS : 2,000K / 쓰기IOPS : 1,400K / [지원기능] HMB / SLC캐싱 / [환경특성] MTBF : 150만 / TBW : 1,200TB / PS5 호환 / A/S기간 : 5년 , 제한보증 / 방열판 미포함 / 두께 : 2.5mm / 9g 닫기",https://img.danuri.io/catalog-image/824/424/095/44f3194470b046ca885401dd4b176a47.jpg?shrink=130:130&_v=20260921132703,https://prod.danawa.com/info/?pcode=95424824&cate=112760
280,BIWIN Black Opal X570 M.2 NVMe,1TB,"310,000","M.2 (2280) / PCIe5.0x4 (128GT/s) / TLC / 컨트롤러 : 기타 / [성능] 순차읽기 : 14,500MB/s / 순차쓰기 : 10,000MB/s / 읽기IOPS : 2,000K / 쓰기IOPS : 1,400K / [지원기능] HMB / SLC캐싱 / [환경특성] MTBF : 150만 / TBW : 1,200TB / PS5 호환 / A/S기간 : 5년 , 제한보증 / 방열판 미포함 / 두께 : 2.5mm / 9g 닫기",https://img.danuri.io/catalog-image/824/424/095/44f3194470b046ca885401dd4b176a47.jpg?shrink=130:130&_v=20260921132703,https://prod.danawa.com/info/?pcode=95424803&cate=112760
281,COLORFUL SL500 디앤디컴,512GB,"104,000",6.4cm(2.5형) / SATA3 (6Gb/s) / TLC / 컨트롤러 : 기타 / [성능] 순차읽기 : 500MB/s / 순차쓰기 : 480MB/s / [환경특성] A/S기간 : 3년 / 두께 : 7mm 닫기,https://img.danuri.io/catalog-image/551/585/015/c8c921c388394691affa20c4f3771159.jpg?shrink=130:130&_v=20260921130913,https://prod.danawa.com/info/?pcode=15585551&cate=112760
282,COLORFUL SL500 디앤디컴,256GB,"59,000",6.4cm(2.5형) / SATA3 (6Gb/s) / TLC / 컨트롤러 : 기타 / [성능] 순차읽기 : 500MB/s / 순차쓰기 : 480MB/s / [환경특성] A/S기간 : 3년 / 두께 : 7mm 닫기,https://img.danuri.io/catalog-image/551/585/015/c8c921c388394691affa20c4f3771159.jpg?shrink=130:130&_v=20260921130913,https://prod.danawa.com/info/?pcode=15585548&cate=112760
283,ESSENCORE KLEVV CRAS C730 M.2 NVMe,2TB,"418,000","M.2 (2280) / PCIe3.0x4 (32GT/s) / TLC / DRAM 탑재 / 컨트롤러 : Realtek RTS5762 / [성능] 순차읽기 : 3,700MB/s / 순차쓰기 : 2,800MB/s / 읽기IOPS : 240K / 쓰기IOPS : 350K / [지원기능] TRIM / ECC / SLC캐싱 / S.M.A.R.T / AES 암호화 / [환경특성] TBW : 1,280TB / A/S기간 : 5년 , 제한보증 / 방열판 미포함 / 두께 : 3.96mm / 9g / Acronis 공식 소프트웨어지원 닫기",https://img.danuri.io/catalog-image/567/190/019/2d49fc5efd7345c7a6f1a3ded9df6243.jpg?shrink=130:130&_v=20260921080622,https://prod.danawa.com/info/?pcode=19190567&cate=112760
284,PNY CS2241 M.2 NVMe 제이씨현,1TB,"265,000","M.2 (2280) / PCIe4.0x4 (64GT/s) / QLC / 컨트롤러 : 기타 / [성능] 순차읽기 : 4,700MB/s / 순차쓰기 : 1,700MB/s / [지원기능] TRIM / ECC / HMB / SLC캐싱 / S.M.A.R.T / [환경특성] MTBF : 150만 / TBW : 160TB / A/S기간 : 5년 , 제한보증 / 방열판 미포함 / 두께 : 4mm / 6.6g 닫기",https://img.danuri.io/catalog-image/395/427/071/280736f452cb415999debe831551d277.jpg?shrink=130:130&_v=20260921140500,https://prod.danawa.com/info/?pcode=29858063&cate=112760
285,PNY CS2241 M.2 NVMe 제이씨현,500GB,"158,990","M.2 (2280) / PCIe4.0x4 (64GT/s) / QLC / 컨트롤러 : 기타 / [성능] 순차읽기 : 4,700MB/s / 순차쓰기 : 1,700MB/s / [지원기능] TRIM / ECC / HMB / SLC캐싱 / S.M.A.R.T / [환경특성] MTBF : 150만 / TBW : 160TB / A/S기간 : 5년 , 제한보증 / 방열판 미포함 / 두께 : 4mm / 6.6g 닫기",https://img.danuri.io/catalog-image/395/427/071/280736f452cb415999debe831551d277.jpg?shrink=130:130&_v=20260921140500,https://prod.danawa.com/info/?pcode=71427395&cate=112760
286,GIGABYTE AORUS Gen4 7000E M.2 NVMe 제이씨현,1TB,"294,690","M.2 (2280) / PCIe4.0x4 (64GT/s) / TLC / 컨트롤러 : InnoGrit IG5220 / [성능] 순차읽기 : 7,100MB/s / 순차쓰기 : 6,100MB/s / 읽기IOPS : 940K / 쓰기IOPS : 900K / [지원기능] S.M.A.R.T / TRIM / HMB / 전용 S/W / [환경특성] MTBF : 150만 / TBW : 700TB / PS5 호환 / A/S기간 : 5년 , 제한보증 / 방열판 미포함 / 두께 : 2.3mm 닫기",https://img.danuri.io/catalog-image/385/726/106/71cd86f37ee44f30859d66aba0ad7fe1.jpg?shrink=130:130&_v=20260921124758,https://prod.danawa.com/info/?pcode=106726385&cate=112760
287,STCOM STORM SSD,480GB,"99,990",6.4cm(2.5형) / SATA3 (6Gb/s) / TLC / 컨트롤러 : 기타 / [성능] 순차읽기 : 500MB/s / 순차쓰기 : 500MB/s / [환경특성] MTBF : 150만시간 / A/S기간 : 3년 / 두께 : 7mm / 35g 닫기,https://img.danuri.io/catalog-image/451/991/010/ac67b7627ace4d27b614563bc05ea2ea.jpg?shrink=130:130&_v=20260921080442,https://prod.danawa.com/info/?pcode=10991451&cate=112760
288,Apacer AST280X M.2 SATA,512GB,"119,380","M.2 (2280) / SATA3 (6Gb/s) / 컨트롤러 : 기타 / [성능] 순차읽기 : 520MB/s / 순차쓰기 : 500MB/s / 읽기IOPS : 44K / 쓰기IOPS : 73K / [지원기능] S.M.A.R.T / SLC캐싱 / TRIM / ECC / [환경특성] MTBF : 150만 / TBW : 280TB / A/S기간 : 3년 , 제한보증 / 두께 : 2.25mm / 6.8g 닫기",https://img.danuri.io/catalog-image/206/329/100/fe827b03fd9742e1a7b9b2ac706df0e6.jpg?shrink=130:130&_v=20260921080622,https://prod.danawa.com/info/?pcode=100329206&cate=112760
289,Apacer AS350X,1TB,"224,380","6.4cm(2.5형) / SATA3 (6Gb/s) / 컨트롤러 : 기타 / [성능] 순차읽기 : 560MB/s / 순차쓰기 : 540MB/s / 읽기IOPS : 87K / 쓰기IOPS : 80K / [지원기능] TRIM / ECC / SLC캐싱 / S.M.A.R.T / 전용 S/W / [환경특성] MTBF : 150만 / TBW : 320TB / A/S기간 : 제한보증 , 3년 / 두께 : 6.9mm / 48g 닫기",https://img.danuri.io/catalog-image/771/382/100/6e5a53164c2c4105beec2437767eb4dc.jpg?shrink=130:130&_v=20260921080444,https://prod.danawa.com/info/?pcode=100382792&cate=112760
290,Apacer AS350X,512GB,"121,260","6.4cm(2.5형) / SATA3 (6Gb/s) / 컨트롤러 : 기타 / [성능] 순차읽기 : 560MB/s / 순차쓰기 : 540MB/s / 읽기IOPS : 87K / 쓰기IOPS : 80K / [지원기능] TRIM / ECC / SLC캐싱 / S.M.A.R.T / 전용 S/W / [환경특성] MTBF : 150만 / TBW : 320TB / A/S기간 : 제한보증 , 3년 / 두께 : 6.9mm / 48g 닫기",https://img.danuri.io/catalog-image/771/382/100/6e5a53164c2c4105beec2437767eb4dc.jpg?shrink=130:130&_v=20260921080444,https://prod.danawa.com/info/?pcode=100382771&cate=112760
291,Apacer AS350X,256GB,"72,380","6.4cm(2.5형) / SATA3 (6Gb/s) / 컨트롤러 : 기타 / [성능] 순차읽기 : 560MB/s / 순차쓰기 : 540MB/s / 읽기IOPS : 87K / 쓰기IOPS : 80K / [지원기능] TRIM / ECC / SLC캐싱 / S.M.A.R.T / 전용 S/W / [환경특성] MTBF : 150만 / TBW : 320TB / A/S기간 : 제한보증 , 3년 / 두께 : 6.9mm / 48g 닫기",https://img.danuri.io/catalog-image/771/382/100/6e5a53164c2c4105beec2437767eb4dc.jpg?shrink=130:130&_v=20260921080444,https://prod.danawa.com/info/?pcode=100382744&cate=112760
292,Sandisk Optimus GX PRO 8100 히트싱크 M.2 NVMe,4TB,"1,723,590","M.2 (2280) / PCIe5.0x4 (128GT/s) / TLC / DRAM 탑재 / 컨트롤러 : 실리콘모션 / [성능] 순차읽기 : 14,900MB/s / 순차쓰기 : 14,000MB/s / 읽기IOPS : 2,300K / 쓰기IOPS : 2,400K / [지원기능] TRIM / SLC캐싱 / S.M.A.R.T / [환경특성] MTBF : 175만 / TBW : 2,400TB / PS5 호환 / A/S기간 : 5년 / 방열판 포함 / 두께 : 9.76mm / 28.2g 닫기",https://img.danuri.io/catalog-image/913/668/122/994af25365b248b9a000683eb827d518.jpeg?shrink=130:130&_v=20260921131223,https://prod.danawa.com/info/?pcode=122668913&cate=112760
293,Sandisk Optimus GX PRO 8100 히트싱크 M.2 NVMe,2TB,"940,500","M.2 (2280) / PCIe5.0x4 (128GT/s) / TLC / DRAM 탑재 / 컨트롤러 : 실리콘모션 / [성능] 순차읽기 : 14,900MB/s / 순차쓰기 : 14,000MB/s / 읽기IOPS : 2,300K / 쓰기IOPS : 2,400K / [지원기능] TRIM / SLC캐싱 / S.M.A.R.T / [환경특성] MTBF : 175만 / TBW : 2,400TB / PS5 호환 / A/S기간 : 5년 / 방열판 포함 / 두께 : 9.76mm / 28.2g 닫기",https://img.danuri.io/catalog-image/913/668/122/994af25365b248b9a000683eb827d518.jpeg?shrink=130:130&_v=20260921131223,https://prod.danawa.com/info/?pcode=122669256&cate=112760
294,Sandisk Optimus GX PRO 8100 히트싱크 M.2 NVMe,1TB,"540,970","M.2 (2280) / PCIe5.0x4 (128GT/s) / TLC / DRAM 탑재 / 컨트롤러 : 실리콘모션 / [성능] 순차읽기 : 14,900MB/s / 순차쓰기 : 14,000MB/s / 읽기IOPS : 2,300K / 쓰기IOPS : 2,400K / [지원기능] TRIM / SLC캐싱 / S.M.A.R.T / [환경특성] MTBF : 175만 / TBW : 2,400TB / PS5 호환 / A/S기간 : 5년 / 방열판 포함 / 두께 : 9.76mm / 28.2g 닫기",https://img.danuri.io/catalog-image/913/668/122/994af25365b248b9a000683eb827d518.jpeg?shrink=130:130&_v=20260921131223,https://prod.danawa.com/info/?pcode=122669264&cate=112760
295,AGI AI298 M.2 NVMe 서린,1TB,"235,000","M.2 (2280) / PCIe3.0x4 (32GT/s) / QLC / 컨트롤러 : 기타 / [성능] 순차읽기 : 3,200MB/s / 순차쓰기 : 1,700MB/s / [지원기능] TRIM / ECC / HMB / SLC캐싱 / S.M.A.R.T / [환경특성] MTBF : 160만 / TBW : 600TB / A/S기간 : 3년 , 제한보증 / 방열판 미포함 / 두께 : 3.5mm / 5g 닫기",https://img.danuri.io/catalog-image/865/684/122/15206b82e34045a09b2559edf8f8725b.jpeg?shrink=130:130&_v=20260921080457,https://prod.danawa.com/info/?pcode=122684865&cate=112760
296,AGI AI298 M.2 NVMe 서린,512GB,"140,000","M.2 (2280) / PCIe3.0x4 (32GT/s) / QLC / 컨트롤러 : 기타 / [성능] 순차읽기 : 3,200MB/s / 순차쓰기 : 1,700MB/s / [지원기능] TRIM / ECC / HMB / SLC캐싱 / S.M.A.R.T / [환경특성] MTBF : 160만 / TBW : 600TB / A/S기간 : 3년 , 제한보증 / 방열판 미포함 / 두께 : 3.5mm / 5g 닫기",https://img.danuri.io/catalog-image/865/684/122/15206b82e34045a09b2559edf8f8725b.jpeg?shrink=130:130&_v=20260921080457,https://prod.danawa.com/info/?pcode=122684878&cate=112760
297,트랜센드 MTE220S M.2 NVMe,2TB,"984,980","M.2 (2280) / PCIe3.0x4 (32GT/s) / DRAM 탑재 / 컨트롤러 : 기타 / [성능] 순차읽기 : 3,300MB/s / 순차쓰기 : 1,250MB/s / 읽기IOPS : 190K / 쓰기IOPS : 300K / [지원기능] GC / S.M.A.R.T / SLC캐싱 / TRIM / ECC / 전용 S/W / [환경특성] MTBF : 200만 / TBW : 550TB / A/S기간 : 제한보증 , 5년 / 방열판 미포함 / 두께 : 3.58mm / 8g / [기타] 2023년 4월부로 업데이트로 인한 일부 스펙 변경 적용 닫기",https://img.danuri.io/catalog-image/865/049/008/25b875f9a63f47f3bdadc932e19ea353.jpg?shrink=130:130&_v=20260921080441,https://prod.danawa.com/info/?pcode=11093694&cate=112760
298,트랜센드 MTE220S M.2 NVMe,1TB,"680,000","M.2 (2280) / PCIe3.0x4 (32GT/s) / DRAM 탑재 / 컨트롤러 : 기타 / [성능] 순차읽기 : 3,300MB/s / 순차쓰기 : 1,250MB/s / 읽기IOPS : 190K / 쓰기IOPS : 300K / [지원기능] GC / S.M.A.R.T / SLC캐싱 / TRIM / ECC / 전용 S/W / [환경특성] MTBF : 200만 / TBW : 550TB / A/S기간 : 제한보증 , 5년 / 방열판 미포함 / 두께 : 3.58mm / 8g / [기타] 2023년 4월부로 업데이트로 인한 일부 스펙 변경 적용 닫기",https://img.danuri.io/catalog-image/865/049/008/25b875f9a63f47f3bdadc932e19ea353.jpg?shrink=130:130&_v=20260921080441,https://prod.danawa.com/info/?pcode=8049886&cate=112760
299,트랜센드 MTE220S M.2 NVMe,512GB,"316,720","M.2 (2280) / PCIe3.0x4 (32GT/s) / DRAM 탑재 / 컨트롤러 : 기타 / [성능] 순차읽기 : 3,300MB/s / 순차쓰기 : 1,250MB/s / 읽기IOPS : 190K / 쓰기IOPS : 300K / [지원기능] GC / S.M.A.R.T / SLC캐싱 / TRIM / ECC / 전용 S/W / [환경특성] MTBF : 200만 / TBW : 550TB / A/S기간 : 제한보증 , 5년 / 방열판 미포함 / 두께 : 3.58mm / 8g / [기타] 2023년 4월부로 업데이트로 인한 일부 스펙 변경 적용 닫기",https://img.danuri.io/catalog-image/865/049/008/25b875f9a63f47f3bdadc932e19ea353.jpg?shrink=130:130&_v=20260921080441,https://prod.danawa.com/info/?pcode=8049874&cate=112760
300,트랜센드 MTE220S M.2 NVMe,256GB,"193,940","M.2 (2280) / PCIe3.0x4 (32GT/s) / DRAM 탑재 / 컨트롤러 : 기타 / [성능] 순차읽기 : 3,300MB/s / 순차쓰기 : 1,250MB/s / 읽기IOPS : 190K / 쓰기IOPS : 300K / [지원기능] GC / S.M.A.R.T / SLC캐싱 / TRIM / ECC / 전용 S/W / [환경특성] MTBF : 200만 / TBW : 550TB / A/S기간 : 제한보증 , 5년 / 방열판 미포함 / 두께 : 3.58mm / 8g / [기타] 2023년 4월부로 업데이트로 인한 일부 스펙 변경 적용 닫기",https://img.danuri.io/catalog-image/865/049/008/25b875f9a63f47f3bdadc932e19ea353.jpg?shrink=130:130&_v=20260921080441,https://prod.danawa.com/info/?pcode=8049865&cate=112760
301,PATRIOT P410 M.2 NVMe,2TB,"499,900","M.2 (2280) / PCIe4.0x4 (64GT/s) / QLC / 컨트롤러 : 기타 / [성능] 순차읽기 : 5,000MB/s / 순차쓰기 : 2,300MB/s / [지원기능] TRIM / ECC / HMB / SLC캐싱 / S.M.A.R.T / [환경특성] TBW : 160TB / A/S기간 : 5년 , 제한보증 / 방열판 미포함 / 두께 : 3.8mm / 11g 닫기",https://img.danuri.io/catalog-image/561/721/106/ba619cb67e9b4341a34068231ae0903e.jpg?shrink=130:130&_v=20260921081046,https://prod.danawa.com/info/?pcode=106721537&cate=112760
302,PATRIOT P410 M.2 NVMe,1TB,"284,900","M.2 (2280) / PCIe4.0x4 (64GT/s) / QLC / 컨트롤러 : 기타 / [성능] 순차읽기 : 5,000MB/s / 순차쓰기 : 2,300MB/s / [지원기능] TRIM / ECC / HMB / SLC캐싱 / S.M.A.R.T / [환경특성] TBW : 160TB / A/S기간 : 5년 , 제한보증 / 방열판 미포함 / 두께 : 3.8mm / 11g 닫기",https://img.danuri.io/catalog-image/561/721/106/ba619cb67e9b4341a34068231ae0903e.jpg?shrink=130:130&_v=20260921081046,https://prod.danawa.com/info/?pcode=106721555&cate=112760
303,PATRIOT P410 M.2 NVMe,500GB,"157,300","M.2 (2280) / PCIe4.0x4 (64GT/s) / QLC / 컨트롤러 : 기타 / [성능] 순차읽기 : 5,000MB/s / 순차쓰기 : 2,300MB/s / [지원기능] TRIM / ECC / HMB / SLC캐싱 / S.M.A.R.T / [환경특성] TBW : 160TB / A/S기간 : 5년 , 제한보증 / 방열판 미포함 / 두께 : 3.8mm / 11g 닫기",https://img.danuri.io/catalog-image/561/721/106/ba619cb67e9b4341a34068231ae0903e.jpg?shrink=130:130&_v=20260921081046,https://prod.danawa.com/info/?pcode=106721561&cate=112760
304,ADATA XPG MARS 970 Plus M.2 NVMe,2TB,"594,970","M.2 (2280) / PCIe5.0x4 (128GT/s) / TLC / 컨트롤러 : 기타 / [성능] 순차읽기 : 10,500MB/s / 순차쓰기 : 9,500MB/s / 읽기IOPS : 1,600K / 쓰기IOPS : 1,400K / [지원기능] TRIM / ECC / HMB / SLC캐싱 / S.M.A.R.T / 전용 S/W / [환경특성] MTBF : 200만 / TBW : 600TB / PS5 호환 / A/S기간 : 5년 , 제한보증 / 방열판 포함 / 두께 : 3.9mm / 10g 닫기",https://img.danuri.io/catalog-image/082/989/107/8a18ca66bc1246e787a7ad3908ed687a.jpg?shrink=130:130&_v=20260921081046,https://prod.danawa.com/info/?pcode=107989058&cate=112760
305,ADATA XPG MARS 970 Plus M.2 NVMe,1TB,"324,900","M.2 (2280) / PCIe5.0x4 (128GT/s) / TLC / 컨트롤러 : 기타 / [성능] 순차읽기 : 10,500MB/s / 순차쓰기 : 9,500MB/s / 읽기IOPS : 1,600K / 쓰기IOPS : 1,400K / [지원기능] TRIM / ECC / HMB / SLC캐싱 / S.M.A.R.T / 전용 S/W / [환경특성] MTBF : 200만 / TBW : 600TB / PS5 호환 / A/S기간 : 5년 , 제한보증 / 방열판 포함 / 두께 : 3.9mm / 10g 닫기",https://img.danuri.io/catalog-image/082/989/107/8a18ca66bc1246e787a7ad3908ed687a.jpg?shrink=130:130&_v=20260921081046,https://prod.danawa.com/info/?pcode=107989082&cate=112760
306,트랜센드 SSD230S,2TB,"1,489,800","6.4cm(2.5형) / SATA3 (6Gb/s) / TLC / DRAM 탑재 / 컨트롤러 : 기타 / [성능] 순차읽기 : 560MB/s / 순차쓰기 : 500MB/s / 읽기IOPS : 65K / 쓰기IOPS : 85K / [지원기능] TRIM / S.M.A.R.T / SLC캐싱 / GC / DEVSLP / 전용 S/W / [환경특성] MTBF : 200만 / TBW : 140TB / A/S기간 : 5년 , 제한보증 / 두께 : 6.8mm / 53g 닫기",https://img.danuri.io/catalog-image/610/825/004/3518d0fa623e4af68416cb92f733d513.jpg?shrink=130:130&_v=20260921080609,https://prod.danawa.com/info/?pcode=7631194&cate=112760
307,트랜센드 SSD230S,4TB,"1,700,000","6.4cm(2.5형) / SATA3 (6Gb/s) / TLC / DRAM 탑재 / 컨트롤러 : 기타 / [성능] 순차읽기 : 560MB/s / 순차쓰기 : 500MB/s / 읽기IOPS : 65K / 쓰기IOPS : 85K / [지원기능] TRIM / S.M.A.R.T / SLC캐싱 / GC / DEVSLP / 전용 S/W / [환경특성] MTBF : 200만 / TBW : 140TB / A/S기간 : 5년 , 제한보증 / 두께 : 6.8mm / 53g 닫기",https://img.danuri.io/catalog-image/610/825/004/3518d0fa623e4af68416cb92f733d513.jpg?shrink=130:130&_v=20260921080609,https://prod.danawa.com/info/?pcode=17594117&cate=112760
308,트랜센드 SSD230S,1TB,"608,980","6.4cm(2.5형) / SATA3 (6Gb/s) / TLC / DRAM 탑재 / 컨트롤러 : 기타 / [성능] 순차읽기 : 560MB/s / 순차쓰기 : 500MB/s / 읽기IOPS : 65K / 쓰기IOPS : 85K / [지원기능] TRIM / S.M.A.R.T / SLC캐싱 / GC / DEVSLP / 전용 S/W / [환경특성] MTBF : 200만 / TBW : 140TB / A/S기간 : 5년 , 제한보증 / 두께 : 6.8mm / 53g 닫기",https://img.danuri.io/catalog-image/610/825/004/3518d0fa623e4af68416cb92f733d513.jpg?shrink=130:130&_v=20260921080609,https://prod.danawa.com/info/?pcode=5901598&cate=112760
309,트랜센드 SSD230S,512GB,"310,000","6.4cm(2.5형) / SATA3 (6Gb/s) / TLC / DRAM 탑재 / 컨트롤러 : 기타 / [성능] 순차읽기 : 560MB/s / 순차쓰기 : 500MB/s / 읽기IOPS : 65K / 쓰기IOPS : 85K / [지원기능] TRIM / S.M.A.R.T / SLC캐싱 / GC / DEVSLP / 전용 S/W / [환경특성] MTBF : 200만 / TBW : 140TB / A/S기간 : 5년 , 제한보증 / 두께 : 6.8mm / 53g 닫기",https://img.danuri.io/catalog-image/610/825/004/3518d0fa623e4af68416cb92f733d513.jpg?shrink=130:130&_v=20260921080609,https://prod.danawa.com/info/?pcode=4825561&cate=112760
310,트랜센드 SSD230S,256GB,"185,980","6.4cm(2.5형) / SATA3 (6Gb/s) / TLC / DRAM 탑재 / 컨트롤러 : 기타 / [성능] 순차읽기 : 560MB/s / 순차쓰기 : 500MB/s / 읽기IOPS : 65K / 쓰기IOPS : 85K / [지원기능] TRIM / S.M.A.R.T / SLC캐싱 / GC / DEVSLP / 전용 S/W / [환경특성] MTBF : 200만 / TBW : 140TB / A/S기간 : 5년 , 제한보증 / 두께 : 6.8mm / 53g 닫기",https://img.danuri.io/catalog-image/610/825/004/3518d0fa623e4af68416cb92f733d513.jpg?shrink=130:130&_v=20260921080609,https://prod.danawa.com/info/?pcode=4825610&cate=112760
311,GIGABYTE Gen4 4000E M.2 NVMe 피씨디렉트,1TB,"269,480","M.2 (2280) / PCIe4.0x4 (64GT/s) / 컨트롤러 : 기타 / [성능] 순차읽기 : 3,600MB/s / 순차쓰기 : 3,000MB/s / [지원기능] TRIM / HMB / S.M.A.R.T / 전용 S/W / [환경특성] MTBF : 150만 / TBW : 300TB / A/S기간 : 3년 , 제한보증 / 방열판 미포함 / 두께 : 2.3mm 닫기",https://img.danuri.io/catalog-image/905/226/098/0a8f16d5041049ac880c3238480e32c4.jpg?shrink=130:130&_v=20260921085750,https://prod.danawa.com/info/?pcode=122616252&cate=112760
312,GIGABYTE Gen4 4000E M.2 NVMe 피씨디렉트,500 GB,"162,420","M.2 (2280) / PCIe4.0x4 (64GT/s) / 컨트롤러 : 기타 / [성능] 순차읽기 : 3,600MB/s / 순차쓰기 : 3,000MB/s / [지원기능] TRIM / HMB / S.M.A.R.T / 전용 S/W / [환경특성] MTBF : 150만 / TBW : 300TB / A/S기간 : 3년 , 제한보증 / 방열판 미포함 / 두께 : 2.3mm 닫기",https://img.danuri.io/catalog-image/905/226/098/0a8f16d5041049ac880c3238480e32c4.jpg?shrink=130:130&_v=20260921085750,https://prod.danawa.com/info/?pcode=98226905&cate=112760
313,ADATA LEGEND 710 M.2 NVMe,1TB,"279,300","M.2 (2280) / PCIe3.0x4 (32GT/s) / TLC / 컨트롤러 : Realtek / [성능] 순차읽기 : 2,400MB/s / 순차쓰기 : 1,800MB/s / 읽기IOPS : 180K / 쓰기IOPS : 150K / [지원기능] HMB / SLC캐싱 / AES 암호화 / 전용 S/W / [환경특성] MTBF : 150만 / TBW : 260TB / A/S기간 : 제한보증 , 3년 / 방열판 포함 / 두께 : 3.13mm 닫기",https://img.danuri.io/catalog-image/469/287/017/5cf9fe3594ca449894bc755b87381a86.jpg?shrink=130:130&_v=20260921081038,https://prod.danawa.com/info/?pcode=17287469&cate=112760
314,ADATA LEGEND 710 M.2 NVMe,512GB,"162,000","M.2 (2280) / PCIe3.0x4 (32GT/s) / TLC / 컨트롤러 : Realtek / [성능] 순차읽기 : 2,400MB/s / 순차쓰기 : 1,800MB/s / 읽기IOPS : 180K / 쓰기IOPS : 150K / [지원기능] HMB / SLC캐싱 / AES 암호화 / 전용 S/W / [환경특성] MTBF : 150만 / TBW : 260TB / A/S기간 : 제한보증 , 3년 / 방열판 포함 / 두께 : 3.13mm 닫기",https://img.danuri.io/catalog-image/469/287/017/5cf9fe3594ca449894bc755b87381a86.jpg?shrink=130:130&_v=20260921081038,https://prod.danawa.com/info/?pcode=17287529&cate=112760
315,ADATA LEGEND 710 M.2 NVMe,256GB,"108,700","M.2 (2280) / PCIe3.0x4 (32GT/s) / TLC / 컨트롤러 : Realtek / [성능] 순차읽기 : 2,400MB/s / 순차쓰기 : 1,800MB/s / 읽기IOPS : 180K / 쓰기IOPS : 150K / [지원기능] HMB / SLC캐싱 / AES 암호화 / 전용 S/W / [환경특성] MTBF : 150만 / TBW : 260TB / A/S기간 : 제한보증 , 3년 / 방열판 포함 / 두께 : 3.13mm 닫기",https://img.danuri.io/catalog-image/469/287/017/5cf9fe3594ca449894bc755b87381a86.jpg?shrink=130:130&_v=20260921081038,https://prod.danawa.com/info/?pcode=19649351&cate=112760
316,TeamGroup MS30 M.2 SATA,512GB,"146,640",M.2 (2280) / SATA3 (6Gb/s) / TLC / 컨트롤러 : 실리콘모션 SM2258XT / [성능] 순차읽기 : 530MB/s / 순차쓰기 : 430MB/s / [지원기능] TRIM / ECC / DEVSLP / SLC캐싱 / GC / S.M.A.R.T / [환경특성] MTBF : 150만 / TBW : 256TB / A/S기간 : 3년 / 두께 : 3.5mm 닫기,https://img.danuri.io/catalog-image/922/911/007/1ac7741c6ade4d1fbabc3d36ed381e6e.jpg?shrink=130:130&_v=20260921080404,https://prod.danawa.com/info/?pcode=7911922&cate=112760
317,TeamGroup MS30 M.2 SATA,256GB,"114,000",M.2 (2280) / SATA3 (6Gb/s) / TLC / 컨트롤러 : 실리콘모션 SM2258XT / [성능] 순차읽기 : 530MB/s / 순차쓰기 : 430MB/s / [지원기능] TRIM / ECC / DEVSLP / SLC캐싱 / GC / S.M.A.R.T / [환경특성] MTBF : 150만 / TBW : 256TB / A/S기간 : 3년 / 두께 : 3.5mm 닫기,https://img.danuri.io/catalog-image/922/911/007/1ac7741c6ade4d1fbabc3d36ed381e6e.jpg?shrink=130:130&_v=20260921080404,https://prod.danawa.com/info/?pcode=7911898&cate=112760
318,MSI SPATIUM M560 M.2 NVMe,1TB,"383,040","M.2 (2280) / PCIe5.0x4 (128GT/s) / TLC / 컨트롤러 : 파이슨 PS5031-E31T / [성능] 순차읽기 : 10,200MB/s / 순차쓰기 : 8,400MB/s / 읽기IOPS : 1,300K / 쓰기IOPS : 1,400K / [지원기능] TRIM / ECC / HMB / SLC캐싱 / S.M.A.R.T / [환경특성] MTBF : 150만 / TBW : 600TB / PS5 호환 / A/S기간 : 제한보증 , 5년 / 방열판 미포함 / 두께 : 2.15mm 닫기",https://img.danuri.io/catalog-image/663/440/093/3a398bcbcc9241928c2ee95601d14ac7.jpg?shrink=130:130&_v=20260921090406,https://prod.danawa.com/info/?pcode=93440663&cate=112760
319,화웨이 eKitStor Xtreme 200E M.2 NVMe,1TB,"256,490","M.2 (2280) / PCIe4.0x4 (64GT/s) / QLC / 컨트롤러 : 기타 / [성능] 순차읽기 : 7,000MB/s / 순차쓰기 : 6,500MB/s / 읽기IOPS : 900K / 쓰기IOPS : 1,000K / [지원기능] TRIM / HMB / SLC캐싱 / S.M.A.R.T / 전용 S/W / [환경특성] MTBF : 150만 / TBW : 400TB / PS5 호환 / A/S기간 : 5년 , 제한보증 / 방열판 미포함 / 두께 : 2.7mm 닫기",https://img.danuri.io/catalog-image/480/121/073/ea525cee0b894d7094b0aa31ab9dd149.jpg?shrink=130:130&_v=20260921135718,https://prod.danawa.com/info/?pcode=73121480&cate=112760
320,트랜센드 MTS830S M.2 SATA,1TB,"488,980","M.2 (2280) / SATA3 (6Gb/s) / DRAM 탑재 / 컨트롤러 : 기타 / [성능] 순차읽기 : 560MB/s / 순차쓰기 : 500MB/s / 읽기IOPS : 80K / 쓰기IOPS : 85K / [지원기능] TRIM / ECC / DEVSLP / GC / SLC캐싱 / S.M.A.R.T / 전용 S/W / [환경특성] MTBF : 200만 / TBW : 280TB / A/S기간 : 5년 , 제한보증 / 두께 : 3.58mm / 9g 닫기",https://img.danuri.io/catalog-image/502/798/006/f686ff06d8a74c5f8972a08b2bff8131.jpg?shrink=130:130&_v=20260921080609,https://prod.danawa.com/info/?pcode=6938563&cate=112760
321,트랜센드 MTS830S M.2 SATA,512GB,"275,000","M.2 (2280) / SATA3 (6Gb/s) / DRAM 탑재 / 컨트롤러 : 기타 / [성능] 순차읽기 : 560MB/s / 순차쓰기 : 500MB/s / 읽기IOPS : 80K / 쓰기IOPS : 85K / [지원기능] TRIM / ECC / DEVSLP / GC / SLC캐싱 / S.M.A.R.T / 전용 S/W / [환경특성] MTBF : 200만 / TBW : 280TB / A/S기간 : 5년 , 제한보증 / 두께 : 3.58mm / 9g 닫기",https://img.danuri.io/catalog-image/502/798/006/f686ff06d8a74c5f8972a08b2bff8131.jpg?shrink=130:130&_v=20260921080609,https://prod.danawa.com/info/?pcode=6798502&cate=112760
322,트랜센드 MTS830S M.2 SATA,256GB,"186,950","M.2 (2280) / SATA3 (6Gb/s) / DRAM 탑재 / 컨트롤러 : 기타 / [성능] 순차읽기 : 560MB/s / 순차쓰기 : 500MB/s / 읽기IOPS : 80K / 쓰기IOPS : 85K / [지원기능] TRIM / ECC / DEVSLP / GC / SLC캐싱 / S.M.A.R.T / 전용 S/W / [환경특성] MTBF : 200만 / TBW : 280TB / A/S기간 : 5년 , 제한보증 / 두께 : 3.58mm / 9g 닫기",https://img.danuri.io/catalog-image/502/798/006/f686ff06d8a74c5f8972a08b2bff8131.jpg?shrink=130:130&_v=20260921080609,https://prod.danawa.com/info/?pcode=6798490&cate=112760
323,트랜센드 SSD225S,2TB,"909,490","6.4cm(2.5형) / SATA3 (6Gb/s) / TLC / 컨트롤러 : 기타 / [성능] 순차읽기 : 500MB/s / 순차쓰기 : 330MB/s / 읽기IOPS : 40K / 쓰기IOPS : 75K / [지원기능] TRIM / ECC / DEVSLP / GC / SLC캐싱 / S.M.A.R.T / 전용 S/W / [환경특성] MTBF : 200만 / TBW : 90TB / A/S기간 : 5년 , 제한보증 / 두께 : 6.8mm / 45g 닫기",https://img.danuri.io/catalog-image/367/719/017/f310baa78fdc4b48a1336134e1e73e16.jpg?shrink=130:130&_v=20260921080458,https://prod.danawa.com/info/?pcode=17719115&cate=112760
324,트랜센드 SSD225S,1TB,"427,980","6.4cm(2.5형) / SATA3 (6Gb/s) / TLC / 컨트롤러 : 기타 / [성능] 순차읽기 : 500MB/s / 순차쓰기 : 330MB/s / 읽기IOPS : 40K / 쓰기IOPS : 75K / [지원기능] TRIM / ECC / DEVSLP / GC / SLC캐싱 / S.M.A.R.T / 전용 S/W / [환경특성] MTBF : 200만 / TBW : 90TB / A/S기간 : 5년 , 제한보증 / 두께 : 6.8mm / 45g 닫기",https://img.danuri.io/catalog-image/367/719/017/f310baa78fdc4b48a1336134e1e73e16.jpg?shrink=130:130&_v=20260921080458,https://prod.danawa.com/info/?pcode=17719241&cate=112760
325,트랜센드 SSD225S,500GB,"199,980","6.4cm(2.5형) / SATA3 (6Gb/s) / TLC / 컨트롤러 : 기타 / [성능] 순차읽기 : 500MB/s / 순차쓰기 : 330MB/s / 읽기IOPS : 40K / 쓰기IOPS : 75K / [지원기능] TRIM / ECC / DEVSLP / GC / SLC캐싱 / S.M.A.R.T / 전용 S/W / [환경특성] MTBF : 200만 / TBW : 90TB / A/S기간 : 5년 , 제한보증 / 두께 : 6.8mm / 45g 닫기",https://img.danuri.io/catalog-image/367/719/017/f310baa78fdc4b48a1336134e1e73e16.jpg?shrink=130:130&_v=20260921080458,https://prod.danawa.com/info/?pcode=17719292&cate=112760
326,트랜센드 SSD225S,250GB,"122,000","6.4cm(2.5형) / SATA3 (6Gb/s) / TLC / 컨트롤러 : 기타 / [성능] 순차읽기 : 500MB/s / 순차쓰기 : 330MB/s / 읽기IOPS : 40K / 쓰기IOPS : 75K / [지원기능] TRIM / ECC / DEVSLP / GC / SLC캐싱 / S.M.A.R.T / 전용 S/W / [환경특성] MTBF : 200만 / TBW : 90TB / A/S기간 : 5년 , 제한보증 / 두께 : 6.8mm / 45g 닫기",https://img.danuri.io/catalog-image/367/719/017/f310baa78fdc4b48a1336134e1e73e16.jpg?shrink=130:130&_v=20260921080458,https://prod.danawa.com/info/?pcode=17719367&cate=112760
327,킹스톤 FURY Renegade G5 M.2 NVMe,4TB,"2,275,310","M.2 (2280) / PCIe5.0x4 (128GT/s) / TLC / DRAM 탑재 / DDR4 2GB / 컨트롤러 : 실리콘모션 SM2508 / [성능] 순차읽기 : 14,700MB/s / 순차쓰기 : 14,000MB/s / 읽기IOPS : 2,200K / 쓰기IOPS : 2,200K / [지원기능] TRIM / SLC캐싱 / S.M.A.R.T / [환경특성] MTBF : 200만 / TBW : 2,000TB / PS5 호환 / A/S기간 : 5년 , 제한보증 / 방열판 미포함 / 두께 : 2.3mm / 7.7g 닫기",https://img.danuri.io/catalog-image/120/773/096/d88367943ea548cda80d4742d7bba534.jpg?shrink=130:130&_v=20260921080455,https://prod.danawa.com/info/?pcode=96772838&cate=112760
328,킹스톤 FURY Renegade G5 M.2 NVMe,2TB,"1,200,000","M.2 (2280) / PCIe5.0x4 (128GT/s) / TLC / DRAM 탑재 / DDR4 2GB / 컨트롤러 : 실리콘모션 SM2508 / [성능] 순차읽기 : 14,700MB/s / 순차쓰기 : 14,000MB/s / 읽기IOPS : 2,200K / 쓰기IOPS : 2,200K / [지원기능] TRIM / SLC캐싱 / S.M.A.R.T / [환경특성] MTBF : 200만 / TBW : 2,000TB / PS5 호환 / A/S기간 : 5년 , 제한보증 / 방열판 미포함 / 두께 : 2.3mm / 7.7g 닫기",https://img.danuri.io/catalog-image/120/773/096/d88367943ea548cda80d4742d7bba534.jpg?shrink=130:130&_v=20260921080455,https://prod.danawa.com/info/?pcode=96773120&cate=112760
329,킹스톤 FURY Renegade G5 M.2 NVMe,1TB,"787,680","M.2 (2280) / PCIe5.0x4 (128GT/s) / TLC / DRAM 탑재 / DDR4 2GB / 컨트롤러 : 실리콘모션 SM2508 / [성능] 순차읽기 : 14,700MB/s / 순차쓰기 : 14,000MB/s / 읽기IOPS : 2,200K / 쓰기IOPS : 2,200K / [지원기능] TRIM / SLC캐싱 / S.M.A.R.T / [환경특성] MTBF : 200만 / TBW : 2,000TB / PS5 호환 / A/S기간 : 5년 , 제한보증 / 방열판 미포함 / 두께 : 2.3mm / 7.7g 닫기",https://img.danuri.io/catalog-image/120/773/096/d88367943ea548cda80d4742d7bba534.jpg?shrink=130:130&_v=20260921080455,https://prod.danawa.com/info/?pcode=96773153&cate=112760
330,타무즈 GKX370 mSATA,512GB,"191,600","Mini SATA(mSATA) / SATA3 (6Gb/s) / TLC / 컨트롤러 : ASolid AS2258 / [성능] 순차읽기 : 550MB/s / 순차쓰기 : 500MB/s / [지원기능] TRIM / ECC / SLC캐싱 / GC / S.M.A.R.T / 전용 S/W / [환경특성] MTBF : 150만 / TBW : 256TB / A/S기간 : 제한보증 , 3년 / 두께 : 2mm / 8.5g / [기타] 두께 3.5mm에서 2mm로 수정되었습니다(20.01.18) 닫기",https://img.danuri.io/catalog-image/049/034/010/def834095273404bbe0f3cbc65ccb716.jpg?shrink=130:130&_v=20260921142644,https://prod.danawa.com/info/?pcode=10034049&cate=112760
331,타무즈 GKX370 mSATA,256GB,"109,000","Mini SATA(mSATA) / SATA3 (6Gb/s) / TLC / 컨트롤러 : ASolid AS2258 / [성능] 순차읽기 : 550MB/s / 순차쓰기 : 500MB/s / [지원기능] TRIM / ECC / SLC캐싱 / GC / S.M.A.R.T / 전용 S/W / [환경특성] MTBF : 150만 / TBW : 256TB / A/S기간 : 제한보증 , 3년 / 두께 : 2mm / 8.5g / [기타] 두께 3.5mm에서 2mm로 수정되었습니다(20.01.18) 닫기",https://img.danuri.io/catalog-image/049/034/010/def834095273404bbe0f3cbc65ccb716.jpg?shrink=130:130&_v=20260921142644,https://prod.danawa.com/info/?pcode=10034037&cate=112760
332,AGI AI858 M.2 NVMe,1TB,"389,000","M.2 (2280) / PCIe5.0x4 (128GT/s) / DRAM 탑재 / 컨트롤러 : 실리콘모션 SMI2508 / [성능] 순차읽기 : 14,000MB/s / 순차쓰기 : 10,000MB/s / [지원기능] TRIM / ECC / SLC캐싱 / S.M.A.R.T / [환경특성] MTBF : 160만 / TBW : 750TB / PS5 호환 / A/S기간 : 5년 , 제한보증 / 방열판 포함 / 두께 : 11mm / 23g 닫기",https://img.danuri.io/catalog-image/508/680/122/dd681b6974c9404a87db3e0a66752e17.jpeg?shrink=130:130&_v=20260921080609,https://prod.danawa.com/info/?pcode=122680508&cate=112760
333,타무즈 GKM330 M.2 SATA,512GB,"121,670","M.2 (2280) / SATA3 (6Gb/s) / TLC / 컨트롤러 : ASolid AS2258 / [성능] 순차읽기 : 550MB/s / 순차쓰기 : 500MB/s / 읽기IOPS : 90K / 쓰기IOPS : 85K / [지원기능] TRIM / ECC / GC / SLC캐싱 / S.M.A.R.T / 전용 S/W / [환경특성] MTBF : 150만 / TBW : 125TB / A/S기간 : 제한보증 , 3년 / 두께 : 2.25mm / 최대 11g 닫기",https://img.danuri.io/catalog-image/295/701/009/2c319cf1359e4a858f98d23a2ea56ec1.jpg?shrink=130:130&_v=20260921080458,https://prod.danawa.com/info/?pcode=9701343&cate=112760
334,타무즈 GKM330 M.2 SATA,256GB,"81,690","M.2 (2280) / SATA3 (6Gb/s) / TLC / 컨트롤러 : ASolid AS2258 / [성능] 순차읽기 : 550MB/s / 순차쓰기 : 500MB/s / 읽기IOPS : 90K / 쓰기IOPS : 85K / [지원기능] TRIM / ECC / GC / SLC캐싱 / S.M.A.R.T / 전용 S/W / [환경특성] MTBF : 150만 / TBW : 125TB / A/S기간 : 제한보증 , 3년 / 두께 : 2.25mm / 최대 11g 닫기",https://img.danuri.io/catalog-image/295/701/009/2c319cf1359e4a858f98d23a2ea56ec1.jpg?shrink=130:130&_v=20260921080458,https://prod.danawa.com/info/?pcode=9701295&cate=112760
335,트랜센드 MTE110S M.2 NVMe,2TB,"877,000","M.2 (2280) / PCIe3.0x4 (32GT/s) / QLC / 컨트롤러 : 기타 / [성능] 순차읽기 : 1,700MB/s / 순차쓰기 : 900MB/s / 읽기IOPS : 160K / 쓰기IOPS : 140K / [지원기능] HMB / TRIM / GC / S.M.A.R.T / 전용 S/W / [환경특성] MTBF : 360만 / TBW : 200TB / A/S기간 : 5년 , 제한보증 / 방열판 미포함 / 두께 : 3.58mm / 8g / [기타] 25년 8월부로 메모리타입 변경 (TLC→QLC) 닫기",https://img.danuri.io/catalog-image/079/242/006/2c598f48136c4f91a00a8e3161bc852f.jpg?shrink=130:130&_v=20260921080444,https://prod.danawa.com/info/?pcode=17549690&cate=112760
336,트랜센드 MTE110S M.2 NVMe,1TB,"459,610","M.2 (2280) / PCIe3.0x4 (32GT/s) / QLC / 컨트롤러 : 기타 / [성능] 순차읽기 : 1,700MB/s / 순차쓰기 : 900MB/s / 읽기IOPS : 160K / 쓰기IOPS : 140K / [지원기능] HMB / TRIM / GC / S.M.A.R.T / 전용 S/W / [환경특성] MTBF : 360만 / TBW : 200TB / A/S기간 : 5년 , 제한보증 / 방열판 미포함 / 두께 : 3.58mm / 8g / [기타] 25년 8월부로 메모리타입 변경 (TLC→QLC) 닫기",https://img.danuri.io/catalog-image/079/242/006/2c598f48136c4f91a00a8e3161bc852f.jpg?shrink=130:130&_v=20260921080444,https://prod.danawa.com/info/?pcode=6938251&cate=112760
337,트랜센드 MTE110S M.2 NVMe,512GB,"194,580","M.2 (2280) / PCIe3.0x4 (32GT/s) / QLC / 컨트롤러 : 기타 / [성능] 순차읽기 : 1,700MB/s / 순차쓰기 : 900MB/s / 읽기IOPS : 160K / 쓰기IOPS : 140K / [지원기능] HMB / TRIM / GC / S.M.A.R.T / 전용 S/W / [환경특성] MTBF : 360만 / TBW : 200TB / A/S기간 : 5년 , 제한보증 / 방열판 미포함 / 두께 : 3.58mm / 8g / [기타] 25년 8월부로 메모리타입 변경 (TLC→QLC) 닫기",https://img.danuri.io/catalog-image/079/242/006/2c598f48136c4f91a00a8e3161bc852f.jpg?shrink=130:130&_v=20260921080444,https://prod.danawa.com/info/?pcode=6242079&cate=112760
338,트랜센드 MTE110S M.2 NVMe,256GB,"157,000","M.2 (2280) / PCIe3.0x4 (32GT/s) / QLC / 컨트롤러 : 기타 / [성능] 순차읽기 : 1,700MB/s / 순차쓰기 : 900MB/s / 읽기IOPS : 160K / 쓰기IOPS : 140K / [지원기능] HMB / TRIM / GC / S.M.A.R.T / 전용 S/W / [환경특성] MTBF : 360만 / TBW : 200TB / A/S기간 : 5년 , 제한보증 / 방열판 미포함 / 두께 : 3.58mm / 8g / [기타] 25년 8월부로 메모리타입 변경 (TLC→QLC) 닫기",https://img.danuri.io/catalog-image/079/242/006/2c598f48136c4f91a00a8e3161bc852f.jpg?shrink=130:130&_v=20260921080444,https://prod.danawa.com/info/?pcode=6242075&cate=112760
339,트랜센드 SSD220S,480GB,"199,980","6.4cm(2.5형) / SATA3 (6Gb/s) / TLC / 컨트롤러 : 기타 / [성능] 순차읽기 : 500MB/s / 순차쓰기 : 350MB/s / 읽기IOPS : 최대 28K / 쓰기IOPS : 최대 75K / [지원기능] GC / S.M.A.R.T / SLC캐싱 / TRIM / DEVSLP / 전용 S/W / [환경특성] MTBF : 100만 / TBW : 40TB / A/S기간 : 제한보증 , 3년 / 두께 : 6.8mm / 45g 닫기",https://img.danuri.io/catalog-image/615/091/004/25d844fe24564ffba7f5b168c3272546.jpg?shrink=130:130&_v=20260921080458,https://prod.danawa.com/info/?pcode=3975334&cate=112760
340,트랜센드 SSD220S,240GB,"96,000","6.4cm(2.5형) / SATA3 (6Gb/s) / TLC / 컨트롤러 : 기타 / [성능] 순차읽기 : 500MB/s / 순차쓰기 : 350MB/s / 읽기IOPS : 최대 28K / 쓰기IOPS : 최대 75K / [지원기능] GC / S.M.A.R.T / SLC캐싱 / TRIM / DEVSLP / 전용 S/W / [환경특성] MTBF : 100만 / TBW : 40TB / A/S기간 : 제한보증 , 3년 / 두께 : 6.8mm / 45g 닫기",https://img.danuri.io/catalog-image/615/091/004/25d844fe24564ffba7f5b168c3272546.jpg?shrink=130:130&_v=20260921080458,https://prod.danawa.com/info/?pcode=3975348&cate=112760
341,Western Digital WD Green SN350 M.2 NVMe,2TB,"522,420","M.2 (2280) / PCIe3.0x4 (32GT/s) / QLC / 컨트롤러 : WD / [성능] 순차읽기 : 3,200MB/s / 순차쓰기 : 2,500MB/s / 읽기IOPS : 300K / 쓰기IOPS : 400K / [지원기능] HMB / TRIM / SLC캐싱 / S.M.A.R.T / 전용 S/W / [환경특성] MTBF : 100만 / TBW : 100TB / A/S기간 : 3년 , 제한보증 / 방열판 미포함 / 두께 : 2.38mm / 7.5g 닫기",https://img.danuri.io/catalog-image/613/712/015/54ce13097f734cf3aa10d3d837eaa3d9.jpg?shrink=130:130&_v=20260921080441,https://prod.danawa.com/info/?pcode=15712556&cate=112760
342,Western Digital WD Green SN350 M.2 NVMe,1TB,"252,980","M.2 (2280) / PCIe3.0x4 (32GT/s) / QLC / 컨트롤러 : WD / [성능] 순차읽기 : 3,200MB/s / 순차쓰기 : 2,500MB/s / 읽기IOPS : 300K / 쓰기IOPS : 400K / [지원기능] HMB / TRIM / SLC캐싱 / S.M.A.R.T / 전용 S/W / [환경특성] MTBF : 100만 / TBW : 100TB / A/S기간 : 3년 , 제한보증 / 방열판 미포함 / 두께 : 2.38mm / 7.5g 닫기",https://img.danuri.io/catalog-image/613/712/015/54ce13097f734cf3aa10d3d837eaa3d9.jpg?shrink=130:130&_v=20260921080441,https://prod.danawa.com/info/?pcode=15712613&cate=112760
343,Western Digital WD Green SN350 M.2 NVMe,500GB,"188,500","M.2 (2280) / PCIe3.0x4 (32GT/s) / QLC / 컨트롤러 : WD / [성능] 순차읽기 : 3,200MB/s / 순차쓰기 : 2,500MB/s / 읽기IOPS : 300K / 쓰기IOPS : 400K / [지원기능] HMB / TRIM / SLC캐싱 / S.M.A.R.T / 전용 S/W / [환경특성] MTBF : 100만 / TBW : 100TB / A/S기간 : 3년 , 제한보증 / 방열판 미포함 / 두께 : 2.38mm / 7.5g 닫기",https://img.danuri.io/catalog-image/613/712/015/54ce13097f734cf3aa10d3d837eaa3d9.jpg?shrink=130:130&_v=20260921080441,https://prod.danawa.com/info/?pcode=20020220&cate=112760
344,Western Digital WD Green SN350 M.2 NVMe,250GB,"107,000","M.2 (2280) / PCIe3.0x4 (32GT/s) / QLC / 컨트롤러 : WD / [성능] 순차읽기 : 3,200MB/s / 순차쓰기 : 2,500MB/s / 읽기IOPS : 300K / 쓰기IOPS : 400K / [지원기능] HMB / TRIM / SLC캐싱 / S.M.A.R.T / 전용 S/W / [환경특성] MTBF : 100만 / TBW : 100TB / A/S기간 : 3년 , 제한보증 / 방열판 미포함 / 두께 : 2.38mm / 7.5g 닫기",https://img.danuri.io/catalog-image/613/712/015/54ce13097f734cf3aa10d3d837eaa3d9.jpg?shrink=130:130&_v=20260921080441,https://prod.danawa.com/info/?pcode=20020157&cate=112760
345,트랜센드 MTS420S M.2 2242 SATA,480GB,"214,980","M.2 (2242) / SATA3 (6Gb/s) / 컨트롤러 : 기타 / [성능] 순차읽기 : 500MB/s / 순차쓰기 : 430MB/s / 읽기IOPS : 40K / 쓰기IOPS : 75K / [지원기능] TRIM / SLC캐싱 / GC / S.M.A.R.T / 전용 S/W / [환경특성] MTBF : 200만 / TBW : 80TB / A/S기간 : 제한보증 , 3년 / 두께 : 3.58mm 닫기",https://img.danuri.io/catalog-image/280/847/015/977e4eaeb14245e59baff5bba675e855.jpg?shrink=130:130&_v=20260921080444,https://prod.danawa.com/info/?pcode=15847289&cate=112760
346,트랜센드 MTS420S M.2 2242 SATA,240GB,"100,000","M.2 (2242) / SATA3 (6Gb/s) / 컨트롤러 : 기타 / [성능] 순차읽기 : 500MB/s / 순차쓰기 : 430MB/s / 읽기IOPS : 40K / 쓰기IOPS : 75K / [지원기능] TRIM / SLC캐싱 / GC / S.M.A.R.T / 전용 S/W / [환경특성] MTBF : 200만 / TBW : 80TB / A/S기간 : 제한보증 , 3년 / 두께 : 3.58mm 닫기",https://img.danuri.io/catalog-image/280/847/015/977e4eaeb14245e59baff5bba675e855.jpg?shrink=130:130&_v=20260921080444,https://prod.danawa.com/info/?pcode=15847280&cate=112760
347,GIGABYTE Gen3 M.2 NVMe 제이씨현,512GB,"142,990","M.2 (2280) / PCIe3.0x4 (32GT/s) / TLC / 컨트롤러 : Realtek / [성능] 순차읽기 : 1,900MB/s / 순차쓰기 : 1,200MB/s / 읽기IOPS : 39K / 쓰기IOPS : 200K / [지원기능] S.M.A.R.T / TRIM / HMB / 전용 S/W / [환경특성] MTBF : 150만 / TBW : 160TB / A/S기간 : 제한보증 , 3년 / 방열판 미포함 / 두께 : 2.3mm 닫기",https://img.danuri.io/catalog-image/414/005/102/70fb5b87eade4875986bc23030d77ebb.jpg?shrink=130:130&_v=20260921080444,https://prod.danawa.com/info/?pcode=102005414&cate=112760
348,PATRIOT P220 QLC,2TB,"540,000","6.4cm(2.5형) / SATA3 (6Gb/s) / QLC / 컨트롤러 : Maxio / [성능] 순차읽기 : 550MB/s / 순차쓰기 : 500MB/s / 읽기IOPS : 50K / 쓰기IOPS : 50K / [지원기능] TRIM / SLC캐싱 / S.M.A.R.T / 전용 S/W / [환경특성] MTBF : 150만 / TBW : 480TB / A/S기간 : 3년 , 제한보증 / 두께 : 7mm / 53g 닫기",https://img.danuri.io/catalog-image/521/509/076/32e4b762381f48fa9052565d087c098f.jpg?shrink=130:130&_v=20260921081103,https://prod.danawa.com/info/?pcode=76509536&cate=112760
349,PATRIOT P220 QLC,1TB,"263,000","6.4cm(2.5형) / SATA3 (6Gb/s) / QLC / 컨트롤러 : Maxio / [성능] 순차읽기 : 550MB/s / 순차쓰기 : 500MB/s / 읽기IOPS : 50K / 쓰기IOPS : 50K / [지원기능] TRIM / SLC캐싱 / S.M.A.R.T / 전용 S/W / [환경특성] MTBF : 150만 / TBW : 480TB / A/S기간 : 3년 , 제한보증 / 두께 : 7mm / 53g 닫기",https://img.danuri.io/catalog-image/521/509/076/32e4b762381f48fa9052565d087c098f.jpg?shrink=130:130&_v=20260921081103,https://prod.danawa.com/info/?pcode=76509521&cate=112760
350,PATRIOT P220 QLC,512GB,"154,980","6.4cm(2.5형) / SATA3 (6Gb/s) / QLC / 컨트롤러 : Maxio / [성능] 순차읽기 : 550MB/s / 순차쓰기 : 500MB/s / 읽기IOPS : 50K / 쓰기IOPS : 50K / [지원기능] TRIM / SLC캐싱 / S.M.A.R.T / 전용 S/W / [환경특성] MTBF : 150만 / TBW : 480TB / A/S기간 : 3년 , 제한보증 / 두께 : 7mm / 53g 닫기",https://img.danuri.io/catalog-image/521/509/076/32e4b762381f48fa9052565d087c098f.jpg?shrink=130:130&_v=20260921081103,https://prod.danawa.com/info/?pcode=76509518&cate=112760
351,PATRIOT P220 QLC,256GB,"82,480","6.4cm(2.5형) / SATA3 (6Gb/s) / QLC / 컨트롤러 : Maxio / [성능] 순차읽기 : 550MB/s / 순차쓰기 : 500MB/s / 읽기IOPS : 50K / 쓰기IOPS : 50K / [지원기능] TRIM / SLC캐싱 / S.M.A.R.T / 전용 S/W / [환경특성] MTBF : 150만 / TBW : 480TB / A/S기간 : 3년 , 제한보증 / 두께 : 7mm / 53g 닫기",https://img.danuri.io/catalog-image/521/509/076/32e4b762381f48fa9052565d087c098f.jpg?shrink=130:130&_v=20260921081103,https://prod.danawa.com/info/?pcode=76509512&cate=112760
352,TeamGroup MP33 M.2 NVMe 서린,1TB,"250,840","M.2 (2280) / PCIe3.0x4 (32GT/s) / TLC / 컨트롤러 : 기타 / [성능] 순차읽기 : 1,800MB/s / 순차쓰기 : 1,500MB/s / [지원기능] HMB / TRIM / ECC / SLC캐싱 / GC / S.M.A.R.T / [환경특성] MTBF : 150만 / TBW : 240TB / A/S기간 : 5년 , 제한보증 / 방열판 미포함 / 두께 : 3.8mm / 6g 닫기",https://img.danuri.io/catalog-image/023/325/104/2628e03422d34446987a86ea68642999.jpg?shrink=130:130&_v=20260921080444,https://prod.danawa.com/info/?pcode=104325023&cate=112760
353,TeamGroup MP33 M.2 NVMe 서린,512GB,"157,500","M.2 (2280) / PCIe3.0x4 (32GT/s) / TLC / 컨트롤러 : 기타 / [성능] 순차읽기 : 1,800MB/s / 순차쓰기 : 1,500MB/s / [지원기능] HMB / TRIM / ECC / SLC캐싱 / GC / S.M.A.R.T / [환경특성] MTBF : 150만 / TBW : 240TB / A/S기간 : 5년 , 제한보증 / 방열판 미포함 / 두께 : 3.8mm / 6g 닫기",https://img.danuri.io/catalog-image/023/325/104/2628e03422d34446987a86ea68642999.jpg?shrink=130:130&_v=20260921080444,https://prod.danawa.com/info/?pcode=104325029&cate=112760
354,Western Digital WD Blue SA510 M.2 SATA,2TB,"387,000","M.2 (2280) / SATA3 (6Gb/s) / TLC / 컨트롤러 : WD / [성능] 순차읽기 : 560MB/s / 순차쓰기 : 520MB/s / 읽기IOPS : 90K / 쓰기IOPS : 82K / [환경특성] MTBF : 175만시간 / TBW : 400TB / A/S기간 : 5년 , 제한보증 / 두께 : 2.38mm / 4.8g 닫기",https://img.danuri.io/catalog-image/130/143/017/8f353f7703e94202838eca9a17f3b85f.jpg?shrink=130:130&_v=20260921080454,https://prod.danawa.com/info/?pcode=93070559&cate=112760
355,Western Digital WD Blue SA510 M.2 SATA,1TB,"275,330","M.2 (2280) / SATA3 (6Gb/s) / TLC / 컨트롤러 : WD / [성능] 순차읽기 : 560MB/s / 순차쓰기 : 520MB/s / 읽기IOPS : 90K / 쓰기IOPS : 82K / [환경특성] MTBF : 175만시간 / TBW : 400TB / A/S기간 : 5년 , 제한보증 / 두께 : 2.38mm / 4.8g 닫기",https://img.danuri.io/catalog-image/130/143/017/8f353f7703e94202838eca9a17f3b85f.jpg?shrink=130:130&_v=20260921080454,https://prod.danawa.com/info/?pcode=17143130&cate=112760
356,Western Digital WD Blue SA510 M.2 SATA,500GB,"204,000","M.2 (2280) / SATA3 (6Gb/s) / TLC / 컨트롤러 : WD / [성능] 순차읽기 : 560MB/s / 순차쓰기 : 520MB/s / 읽기IOPS : 90K / 쓰기IOPS : 82K / [환경특성] MTBF : 175만시간 / TBW : 400TB / A/S기간 : 5년 , 제한보증 / 두께 : 2.38mm / 4.8g 닫기",https://img.danuri.io/catalog-image/130/143/017/8f353f7703e94202838eca9a17f3b85f.jpg?shrink=130:130&_v=20260921080454,https://prod.danawa.com/info/?pcode=17143169&cate=112760
357,Western Digital WD Blue SA510 M.2 SATA,250GB,"188,000","M.2 (2280) / SATA3 (6Gb/s) / TLC / 컨트롤러 : WD / [성능] 순차읽기 : 560MB/s / 순차쓰기 : 520MB/s / 읽기IOPS : 90K / 쓰기IOPS : 82K / [환경특성] MTBF : 175만시간 / TBW : 400TB / A/S기간 : 5년 , 제한보증 / 두께 : 2.38mm / 4.8g 닫기",https://img.danuri.io/catalog-image/130/143/017/8f353f7703e94202838eca9a17f3b85f.jpg?shrink=130:130&_v=20260921080454,https://prod.danawa.com/info/?pcode=17143181&cate=112760
358,타무즈 GK300,256GB,"70,000","6.4cm(2.5형) / SATA3 (6Gb/s) / TLC(토글) / 컨트롤러 : ASolid AS2258 / [성능] 순차읽기 : 300MB/s / 순차쓰기 : 200MB/s / 읽기IOPS : 30K / 쓰기IOPS : 40K / [지원기능] TRIM / ECC / SLC캐싱 / GC / S.M.A.R.T / 전용 S/W / [환경특성] MTBF : 150만 / TBW : 30TB / A/S기간 : 3년 , 제한보증 / 두께 : 7mm 닫기",https://img.danuri.io/catalog-image/717/708/011/05e7bc4c8600473d9e3e6cca717a8379.jpg?shrink=130:130&_v=20260921080458,https://prod.danawa.com/info/?pcode=9496839&cate=112760
359,GIGABYTE Gen3 2500E M.2 NVMe 피씨디렉트,500GB,"134,220","M.2 (2280) / PCIe3.0x4 (32GT/s) / QLC / 컨트롤러 : 파이슨 / [성능] 순차읽기 : 2,300MB/s / 순차쓰기 : 1,500MB/s / 읽기IOPS : 60K / 쓰기IOPS : 240K / [지원기능] TRIM / HMB / S.M.A.R.T / 전용 S/W / [환경특성] MTBF : 150만 / TBW : 120TB / A/S기간 : 3년 , 제한보증 / 방열판 미포함 / 두께 : 2.3mm 닫기",https://img.danuri.io/catalog-image/581/986/031/b42f5aff24874c89ba98cc352eda03dc.jpg?shrink=130:130&_v=20260921135213,https://prod.danawa.com/info/?pcode=31986581&cate=112760
360,Sandisk Optimus GX PRO 850X 히트싱크 M.2 NVMe,4TB,"1,739,970","M.2 (2280) / PCIe4.0x4 (64GT/s) / TLC / DRAM 탑재 / DDR4 2GB / 컨트롤러 : WD / [성능] 순차읽기 : 7,300MB/s / 순차쓰기 : 6,600MB/s / 읽기IOPS : 1,200K / 쓰기IOPS : 1,100K / [지원기능] TRIM / SLC캐싱 / S.M.A.R.T / 전용 S/W / [환경특성] MTBF : 175만 / TBW : 1,200TB / PS5 호환 / A/S기간 : 제한보증 , 5년 / 방열판 포함 / 두께 : 8.9mm / 24g 닫기",https://img.danuri.io/catalog-image/191/668/122/d665498679e544aa916e7268066a7b9d.jpeg?shrink=130:130&_v=20260921080456,https://prod.danawa.com/info/?pcode=122668158&cate=112760
361,Sandisk Optimus GX PRO 850X 히트싱크 M.2 NVMe,2TB,"929,970","M.2 (2280) / PCIe4.0x4 (64GT/s) / TLC / DRAM 탑재 / DDR4 2GB / 컨트롤러 : WD / [성능] 순차읽기 : 7,300MB/s / 순차쓰기 : 6,600MB/s / 읽기IOPS : 1,200K / 쓰기IOPS : 1,100K / [지원기능] TRIM / SLC캐싱 / S.M.A.R.T / 전용 S/W / [환경특성] MTBF : 175만 / TBW : 1,200TB / PS5 호환 / A/S기간 : 제한보증 , 5년 / 방열판 포함 / 두께 : 8.9mm / 24g 닫기",https://img.danuri.io/catalog-image/191/668/122/d665498679e544aa916e7268066a7b9d.jpeg?shrink=130:130&_v=20260921080456,https://prod.danawa.com/info/?pcode=122668191&cate=112760
362,Sandisk Optimus GX PRO 850X 히트싱크 M.2 NVMe,1TB,"494,880","M.2 (2280) / PCIe4.0x4 (64GT/s) / TLC / DRAM 탑재 / DDR4 2GB / 컨트롤러 : WD / [성능] 순차읽기 : 7,300MB/s / 순차쓰기 : 6,600MB/s / 읽기IOPS : 1,200K / 쓰기IOPS : 1,100K / [지원기능] TRIM / SLC캐싱 / S.M.A.R.T / 전용 S/W / [환경특성] MTBF : 175만 / TBW : 1,200TB / PS5 호환 / A/S기간 : 제한보증 , 5년 / 방열판 포함 / 두께 : 8.9mm / 24g 닫기",https://img.danuri.io/catalog-image/191/668/122/d665498679e544aa916e7268066a7b9d.jpeg?shrink=130:130&_v=20260921080456,https://prod.danawa.com/info/?pcode=122668205&cate=112760
363,트랜센드 MTE250H M.2 NVMe,2TB,"1,059,980","M.2 (2280) / PCIe4.0x4 (64GT/s) / DRAM 탑재 / 컨트롤러 : 기타 / [성능] 순차읽기 : 7,100MB/s / 순차쓰기 : 6,500MB/s / 읽기IOPS : 530K / 쓰기IOPS : 420K / [지원기능] TRIM / ECC / SLC캐싱 / GC / S.M.A.R.T / 전용 S/W / [환경특성] MTBF : 300만 / TBW : 1,560TB / PS5 호환 / A/S기간 : 5년 , 제한보증 / 방열판 포함 / 두께 : 9.2mm / 34g 닫기",https://img.danuri.io/catalog-image/717/581/018/ead292aad79d45edb3c63fe6d86c587d.jpg?shrink=130:130&_v=20260921080443,https://prod.danawa.com/info/?pcode=18581717&cate=112760
364,트랜센드 MTE250H M.2 NVMe,1TB,"764,980","M.2 (2280) / PCIe4.0x4 (64GT/s) / DRAM 탑재 / 컨트롤러 : 기타 / [성능] 순차읽기 : 7,100MB/s / 순차쓰기 : 6,500MB/s / 읽기IOPS : 530K / 쓰기IOPS : 420K / [지원기능] TRIM / ECC / SLC캐싱 / GC / S.M.A.R.T / 전용 S/W / [환경특성] MTBF : 300만 / TBW : 1,560TB / PS5 호환 / A/S기간 : 5년 , 제한보증 / 방열판 포함 / 두께 : 9.2mm / 34g 닫기",https://img.danuri.io/catalog-image/717/581/018/ead292aad79d45edb3c63fe6d86c587d.jpg?shrink=130:130&_v=20260921080443,https://prod.danawa.com/info/?pcode=18581684&cate=112760
365,타무즈 GKX570 mSATA 벌크,256GB,"118,300",Mini SATA(mSATA) / SATA3 (6Gb/s) / MLC / 컨트롤러 : ASolid AS2258 / [성능] 순차읽기 : 200MB/s / 순차쓰기 : 190MB/s / [지원기능] TRIM / ECC / SLC캐싱 / GC / S.M.A.R.T / 전용 S/W / [환경특성] MTBF : 150만 / TBW : 60TB / A/S기간 : 3년 / 두께 : 3.5mm / 8.5g 닫기,https://img.danuri.io/catalog-image/824/033/010/ec49d3069148461e9c4eb750a2aa9bda.jpg?shrink=130:130&_v=20260921080622,https://prod.danawa.com/info/?pcode=10033884&cate=112760
366,ADATA LEGEND 960 M.2 NVMe,2TB,"612,600","M.2 (2280) / PCIe4.0x4 (64GT/s) / TLC / DRAM 탑재 / DDR4 2GB / 컨트롤러 : 실리콘모션 SM2264 / [성능] 순차읽기 : 7,400MB/s / 순차쓰기 : 6,800MB/s / 읽기IOPS : 750K / 쓰기IOPS : 630K / [지원기능] TRIM / S.M.A.R.T / SLC캐싱 / ECC / AES 암호화 / 전용 S/W / [환경특성] MTBF : 200만 / TBW : 1,560TB / PS5 호환 / A/S기간 : 5년 , 제한보증 / 방열판 포함 / 두께 : 4.68mm / 11g 닫기",https://img.danuri.io/catalog-image/151/146/020/ee58e214c8ef41f6a3af77b6e2602f8b.jpg?shrink=130:130&_v=20260921081059,https://prod.danawa.com/info/?pcode=20146151&cate=112760
367,ADATA LEGEND 960 M.2 NVMe,1TB,"355,000","M.2 (2280) / PCIe4.0x4 (64GT/s) / TLC / DRAM 탑재 / DDR4 2GB / 컨트롤러 : 실리콘모션 SM2264 / [성능] 순차읽기 : 7,400MB/s / 순차쓰기 : 6,800MB/s / 읽기IOPS : 750K / 쓰기IOPS : 630K / [지원기능] TRIM / S.M.A.R.T / SLC캐싱 / ECC / AES 암호화 / 전용 S/W / [환경특성] MTBF : 200만 / TBW : 1,560TB / PS5 호환 / A/S기간 : 5년 , 제한보증 / 방열판 포함 / 두께 : 4.68mm / 11g 닫기",https://img.danuri.io/catalog-image/151/146/020/ee58e214c8ef41f6a3af77b6e2602f8b.jpg?shrink=130:130&_v=20260921081059,https://prod.danawa.com/info/?pcode=20146127&cate=112760
368,트랜센드 MTE410S M.2 2242 NVMe,2TB,"971,710","M.2 (2242) / PCIe4.0x4 (64GT/s) / 컨트롤러 : 기타 / [성능] 순차읽기 : 5,000MB/s / 순차쓰기 : 4,300MB/s / 읽기IOPS : 570K / 쓰기IOPS : 700K / [지원기능] TRIM / SLC캐싱 / GC / S.M.A.R.T / 전용 S/W / [환경특성] MTBF : 200만 / TBW : 1,200TB / A/S기간 : 제한보증 , 5년 / 방열판 미포함 / 두께 : 2.23mm / 5g 닫기",https://img.danuri.io/catalog-image/455/673/032/6ba2e1d29c3e4dc7b20753379ac3a9f4.jpg?shrink=130:130&_v=20260921080443,https://prod.danawa.com/info/?pcode=32673455&cate=112760
369,트랜센드 MTE410S M.2 2242 NVMe,1TB,"494,500","M.2 (2242) / PCIe4.0x4 (64GT/s) / 컨트롤러 : 기타 / [성능] 순차읽기 : 5,000MB/s / 순차쓰기 : 4,300MB/s / 읽기IOPS : 570K / 쓰기IOPS : 700K / [지원기능] TRIM / SLC캐싱 / GC / S.M.A.R.T / 전용 S/W / [환경특성] MTBF : 200만 / TBW : 1,200TB / A/S기간 : 제한보증 , 5년 / 방열판 미포함 / 두께 : 2.23mm / 5g 닫기",https://img.danuri.io/catalog-image/455/673/032/6ba2e1d29c3e4dc7b20753379ac3a9f4.jpg?shrink=130:130&_v=20260921080443,https://prod.danawa.com/info/?pcode=32682920&cate=112760
370,트랜센드 MTE410S M.2 2242 NVMe,512GB,"268,490","M.2 (2242) / PCIe4.0x4 (64GT/s) / 컨트롤러 : 기타 / [성능] 순차읽기 : 5,000MB/s / 순차쓰기 : 4,300MB/s / 읽기IOPS : 570K / 쓰기IOPS : 700K / [지원기능] TRIM / SLC캐싱 / GC / S.M.A.R.T / 전용 S/W / [환경특성] MTBF : 200만 / TBW : 1,200TB / A/S기간 : 제한보증 , 5년 / 방열판 미포함 / 두께 : 2.23mm / 5g 닫기",https://img.danuri.io/catalog-image/455/673/032/6ba2e1d29c3e4dc7b20753379ac3a9f4.jpg?shrink=130:130&_v=20260921080443,https://prod.danawa.com/info/?pcode=32690744&cate=112760
371,AGI AI238,1TB,"225,000","6.4cm(2.5형) / SATA3 (6Gb/s) / 컨트롤러 : 기타 / [성능] 순차읽기 : 530MB/s / 순차쓰기 : 510MB/s / [지원기능] TRIM / ECC / SLC캐싱 / S.M.A.R.T / [환경특성] MTBF : 150만 / TBW : 300TB / A/S기간 : 3년 , 제한보증 닫기",https://img.danuri.io/catalog-image/355/679/122/e964ee17d5b348849ed05df289737c3b.jpeg?shrink=130:130&_v=20260921080443,https://prod.danawa.com/info/?pcode=122679334&cate=112760
372,AGI AI238,512GB,"129,000","6.4cm(2.5형) / SATA3 (6Gb/s) / 컨트롤러 : 기타 / [성능] 순차읽기 : 530MB/s / 순차쓰기 : 510MB/s / [지원기능] TRIM / ECC / SLC캐싱 / S.M.A.R.T / [환경특성] MTBF : 150만 / TBW : 300TB / A/S기간 : 3년 , 제한보증 닫기",https://img.danuri.io/catalog-image/355/679/122/e964ee17d5b348849ed05df289737c3b.jpeg?shrink=130:130&_v=20260921080443,https://prod.danawa.com/info/?pcode=122679355&cate=112760
373,AGI AI238,256GB,"70,000","6.4cm(2.5형) / SATA3 (6Gb/s) / 컨트롤러 : 기타 / [성능] 순차읽기 : 530MB/s / 순차쓰기 : 510MB/s / [지원기능] TRIM / ECC / SLC캐싱 / S.M.A.R.T / [환경특성] MTBF : 150만 / TBW : 300TB / A/S기간 : 3년 , 제한보증 닫기",https://img.danuri.io/catalog-image/355/679/122/e964ee17d5b348849ed05df289737c3b.jpeg?shrink=130:130&_v=20260921080443,https://prod.danawa.com/info/?pcode=122679370&cate=112760
374,GIGABYTE AORUS Gen4 7300 V2 M.2 NVMe 제이씨현,1TB,"375,940","M.2 (2280) / PCIe4.0x4 (64GT/s) / TLC / DRAM 탑재 / DDR4 1GB / 컨트롤러 : 파이슨 PS5018-E18 / [성능] 순차읽기 : 7,300MB/s / 순차쓰기 : 6,000MB/s / 읽기IOPS : 750K / 쓰기IOPS : 1,000K / [지원기능] TRIM / S.M.A.R.T / AES 암호화 / 전용 S/W / [환경특성] MTBF : 160만 / TBW : 700TB / PS5 호환 / A/S기간 : 제한보증 , 5년 / 방열판 미포함 / 두께 : 2.3mm 닫기",https://img.danuri.io/catalog-image/290/398/079/2a6b991076a74a29ab76b3dabd1e74dc.jpg?shrink=130:130&_v=20260921080443,https://prod.danawa.com/info/?pcode=79398290&cate=112760
375,트랜센드 MTE110Q M.2 NVMe,1TB,"377,980","M.2 (2280) / PCIe3.0x4 (32GT/s) / QLC / 컨트롤러 : 기타 / [성능] 순차읽기 : 2,000MB/s / 순차쓰기 : 1,500MB/s / 읽기IOPS : 170K / 쓰기IOPS : 250K / [지원기능] TRIM / S.M.A.R.T / 전용 S/W / [환경특성] MTBF : 200만 / TBW : 300TB / A/S기간 : 제한보증 , 3년 / 방열판 미포함 / 두께 : 3.58mm / 8g 닫기",https://img.danuri.io/catalog-image/542/245/016/c819887296eb40c3a000d8e76adefeb6.jpg?shrink=130:130&_v=20260921080458,https://prod.danawa.com/info/?pcode=16245542&cate=112760
376,트랜센드 MTE110Q M.2 NVMe,500GB,"177,810","M.2 (2280) / PCIe3.0x4 (32GT/s) / QLC / 컨트롤러 : 기타 / [성능] 순차읽기 : 2,000MB/s / 순차쓰기 : 1,500MB/s / 읽기IOPS : 170K / 쓰기IOPS : 250K / [지원기능] TRIM / S.M.A.R.T / 전용 S/W / [환경특성] MTBF : 200만 / TBW : 300TB / A/S기간 : 제한보증 , 3년 / 방열판 미포함 / 두께 : 3.58mm / 8g 닫기",https://img.danuri.io/catalog-image/542/245/016/c819887296eb40c3a000d8e76adefeb6.jpg?shrink=130:130&_v=20260921080458,https://prod.danawa.com/info/?pcode=16245587&cate=112760
377,Seagate 파이어쿠다 530 M.2 NVMe,2TB,"625,000","M.2 (2280) / PCIe4.0x4 (64GT/s) / TLC / DRAM 탑재 / 컨트롤러 : 파이슨 PS5018-E18 / [성능] 순차읽기 : 7,300MB/s / 순차쓰기 : 6,900MB/s / 읽기IOPS : 1,000K / 쓰기IOPS : 1,000K / [지원기능] TRIM / S.M.A.R.T / SLC캐싱 / GC / DEVSLP / AES 암호화 / 전용 S/W / [환경특성] MTBF : 180만 / TBW : 2,550TB / PS5 호환 / A/S기간 : 5년 , 데이터 복구 3년 , 제한보증 / 방열판 미포함 / 두께 : 3.58mm / 10g 닫기",https://img.danuri.io/catalog-image/478/803/014/dcd37274ecb24bde877b55b3bee21034.jpg?shrink=130:130&_v=20260921080444,https://prod.danawa.com/info/?pcode=14803478&cate=112760
378,BIOSTAR M760 M.2 NVMe,256GB,"80,440","M.2 (2280) / PCIe3.0x4 (32GT/s) / TLC / 컨트롤러 : Maxio MAP1202 / [성능] 순차읽기 : 3,300MB/s / 순차쓰기 : 1,350MB/s / 읽기IOPS : 86K / 쓰기IOPS : 240K / [지원기능] TRIM / ECC / HMB / S.M.A.R.T / [환경특성] A/S기간 : 3년 / 방열판 미포함 / 두께 : 2.1mm / 8g 닫기",https://img.danuri.io/catalog-image/426/338/018/669742a41ac04564bfc357d0e19f3d7c.jpg?shrink=130:130&_v=20260921080622,https://prod.danawa.com/info/?pcode=18338426&cate=112760
379,타무즈 M820 M.2 NVMe,1TB,"264,480","M.2 (2280) / PCIe4.0x4 (64GT/s) / TLC / 컨트롤러 : 기타 / [성능] 순차읽기 : 5,200MB/s / 순차쓰기 : 4,800MB/s / 읽기IOPS : 450K / 쓰기IOPS : 470K / [지원기능] DEVSLP / TRIM / ECC / SLC캐싱 / GC / S.M.A.R.T / 전용 S/W / [환경특성] MTBF : 100만 / TBW : 700TB / A/S기간 : 3년 , 제한보증 / 방열판 미포함 / 두께 : 2.3mm / 5g 닫기",https://img.danuri.io/catalog-image/991/765/091/23c2bcb805ff4a5cbac89eedbb3ef167.jpg?shrink=130:130&_v=20260921080609,https://prod.danawa.com/info/?pcode=91765991&cate=112760
380,타무즈 M820 M.2 NVMe,512GB,"148,990","M.2 (2280) / PCIe4.0x4 (64GT/s) / TLC / 컨트롤러 : 기타 / [성능] 순차읽기 : 5,200MB/s / 순차쓰기 : 4,800MB/s / 읽기IOPS : 450K / 쓰기IOPS : 470K / [지원기능] DEVSLP / TRIM / ECC / SLC캐싱 / GC / S.M.A.R.T / 전용 S/W / [환경특성] MTBF : 100만 / TBW : 700TB / A/S기간 : 3년 , 제한보증 / 방열판 미포함 / 두께 : 2.3mm / 5g 닫기",https://img.danuri.io/catalog-image/991/765/091/23c2bcb805ff4a5cbac89eedbb3ef167.jpg?shrink=130:130&_v=20260921080609,https://prod.danawa.com/info/?pcode=91765979&cate=112760
381,트랜센드 MTE400S M.2 2242 NVMe,2TB,"962,920","M.2 (2242) / PCIe3.0x4 (32GT/s) / 컨트롤러 : 기타 / [성능] 순차읽기 : 2,000MB/s / 순차쓰기 : 900MB/s / 읽기IOPS : 53K / 쓰기IOPS : 235K / [지원기능] HMB / TRIM / SLC캐싱 / GC / S.M.A.R.T / 전용 S/W / [환경특성] MTBF : 200만 / TBW : 200TB / A/S기간 : 5년 , 제한보증 / 방열판 미포함 / 두께 : 2.23mm / 5g 닫기",https://img.danuri.io/catalog-image/044/176/019/8984f3dd02974a078d2a68e0dcfe515e.jpg?shrink=130:130&_v=20260921080444,https://prod.danawa.com/info/?pcode=30217520&cate=112760
382,트랜센드 MTE400S M.2 2242 NVMe,1TB,"489,980","M.2 (2242) / PCIe3.0x4 (32GT/s) / 컨트롤러 : 기타 / [성능] 순차읽기 : 2,000MB/s / 순차쓰기 : 900MB/s / 읽기IOPS : 53K / 쓰기IOPS : 235K / [지원기능] HMB / TRIM / SLC캐싱 / GC / S.M.A.R.T / 전용 S/W / [환경특성] MTBF : 200만 / TBW : 200TB / A/S기간 : 5년 , 제한보증 / 방열판 미포함 / 두께 : 2.23mm / 5g 닫기",https://img.danuri.io/catalog-image/044/176/019/8984f3dd02974a078d2a68e0dcfe515e.jpg?shrink=130:130&_v=20260921080444,https://prod.danawa.com/info/?pcode=19176074&cate=112760
383,트랜센드 MTE400S M.2 2242 NVMe,512GB,"264,230","M.2 (2242) / PCIe3.0x4 (32GT/s) / 컨트롤러 : 기타 / [성능] 순차읽기 : 2,000MB/s / 순차쓰기 : 900MB/s / 읽기IOPS : 53K / 쓰기IOPS : 235K / [지원기능] HMB / TRIM / SLC캐싱 / GC / S.M.A.R.T / 전용 S/W / [환경특성] MTBF : 200만 / TBW : 200TB / A/S기간 : 5년 , 제한보증 / 방열판 미포함 / 두께 : 2.23mm / 5g 닫기",https://img.danuri.io/catalog-image/044/176/019/8984f3dd02974a078d2a68e0dcfe515e.jpg?shrink=130:130&_v=20260921080444,https://prod.danawa.com/info/?pcode=19176044&cate=112760
384,트랜센드 MTE400S M.2 2242 NVMe,256GB,"156,000","M.2 (2242) / PCIe3.0x4 (32GT/s) / 컨트롤러 : 기타 / [성능] 순차읽기 : 2,000MB/s / 순차쓰기 : 900MB/s / 읽기IOPS : 53K / 쓰기IOPS : 235K / [지원기능] HMB / TRIM / SLC캐싱 / GC / S.M.A.R.T / 전용 S/W / [환경특성] MTBF : 200만 / TBW : 200TB / A/S기간 : 5년 , 제한보증 / 방열판 미포함 / 두께 : 2.23mm / 5g 닫기",https://img.danuri.io/catalog-image/044/176/019/8984f3dd02974a078d2a68e0dcfe515e.jpg?shrink=130:130&_v=20260921080444,https://prod.danawa.com/info/?pcode=19175996&cate=112760
385,트랜센드 MTE250S M.2 NVMe,4TB,"2,126,990","M.2 (2280) / PCIe4.0x4 (64GT/s) / TLC / DRAM 탑재 / DDR4 2GB / 컨트롤러 : 실리콘모션 / [성능] 순차읽기 : 7,500MB/s / 순차쓰기 : 6,700MB/s / 읽기IOPS : 540K / 쓰기IOPS : 440K / [지원기능] TRIM / GC / SLC캐싱 / S.M.A.R.T / [환경특성] MTBF : 300만 / TBW : 3,120TB / PS5 호환 / A/S기간 : 5년 , 제한보증 / 방열판 미포함 / 두께 : 3.77mm / 10g 닫기",https://img.danuri.io/catalog-image/288/094/019/ee49cf4554c64a8eb02697a00d59c194.jpg?shrink=130:130&_v=20260921080454,https://prod.danawa.com/info/?pcode=19094288&cate=112760
386,트랜센드 MTE250S M.2 NVMe,2TB,"1,056,920","M.2 (2280) / PCIe4.0x4 (64GT/s) / TLC / DRAM 탑재 / DDR4 2GB / 컨트롤러 : 실리콘모션 / [성능] 순차읽기 : 7,500MB/s / 순차쓰기 : 6,700MB/s / 읽기IOPS : 540K / 쓰기IOPS : 440K / [지원기능] TRIM / GC / SLC캐싱 / S.M.A.R.T / [환경특성] MTBF : 300만 / TBW : 3,120TB / PS5 호환 / A/S기간 : 5년 , 제한보증 / 방열판 미포함 / 두께 : 3.77mm / 10g 닫기",https://img.danuri.io/catalog-image/288/094/019/ee49cf4554c64a8eb02697a00d59c194.jpg?shrink=130:130&_v=20260921080454,https://prod.danawa.com/info/?pcode=18479384&cate=112760
387,트랜센드 MTE250S M.2 NVMe,1TB,"763,440","M.2 (2280) / PCIe4.0x4 (64GT/s) / TLC / DRAM 탑재 / DDR4 2GB / 컨트롤러 : 실리콘모션 / [성능] 순차읽기 : 7,500MB/s / 순차쓰기 : 6,700MB/s / 읽기IOPS : 540K / 쓰기IOPS : 440K / [지원기능] TRIM / GC / SLC캐싱 / S.M.A.R.T / [환경특성] MTBF : 300만 / TBW : 3,120TB / PS5 호환 / A/S기간 : 5년 , 제한보증 / 방열판 미포함 / 두께 : 3.77mm / 10g 닫기",https://img.danuri.io/catalog-image/288/094/019/ee49cf4554c64a8eb02697a00d59c194.jpg?shrink=130:130&_v=20260921080454,https://prod.danawa.com/info/?pcode=18479411&cate=112760
388,트랜센드 MTE240S M.2 NVMe,2TB,"954,980","M.2 (2280) / PCIe4.0x4 (64GT/s) / DRAM 탑재 / 컨트롤러 : 기타 / [성능] 순차읽기 : 3,800MB/s / 순차쓰기 : 3,200MB/s / 읽기IOPS : 190K / 쓰기IOPS : 540K / [지원기능] TRIM / ECC / SLC캐싱 / S.M.A.R.T / 전용 S/W / [환경특성] MTBF : 200만 / TBW : 850TB / A/S기간 : 5년 , 제한보증 / 방열판 포함 / 두께 : 3.58mm / 10g / [기타] 25년 10월부로 상품 정보 변경 (순차읽기/쓰기) 닫기",https://img.danuri.io/catalog-image/342/081/014/6b7e2d976f4a4c1c977168a6720a19f0.jpg?shrink=130:130&_v=20260921080444,https://prod.danawa.com/info/?pcode=99476564&cate=112760
389,트랜센드 MTE240S M.2 NVMe,1TB,"494,980","M.2 (2280) / PCIe4.0x4 (64GT/s) / DRAM 탑재 / 컨트롤러 : 기타 / [성능] 순차읽기 : 3,800MB/s / 순차쓰기 : 3,200MB/s / 읽기IOPS : 190K / 쓰기IOPS : 540K / [지원기능] TRIM / ECC / SLC캐싱 / S.M.A.R.T / 전용 S/W / [환경특성] MTBF : 200만 / TBW : 850TB / A/S기간 : 5년 , 제한보증 / 방열판 포함 / 두께 : 3.58mm / 10g / [기타] 25년 10월부로 상품 정보 변경 (순차읽기/쓰기) 닫기",https://img.danuri.io/catalog-image/342/081/014/6b7e2d976f4a4c1c977168a6720a19f0.jpg?shrink=130:130&_v=20260921080444,https://prod.danawa.com/info/?pcode=14081222&cate=112760
390,트랜센드 MTE240S M.2 NVMe,500GB,"378,980","M.2 (2280) / PCIe4.0x4 (64GT/s) / DRAM 탑재 / 컨트롤러 : 기타 / [성능] 순차읽기 : 3,800MB/s / 순차쓰기 : 3,200MB/s / 읽기IOPS : 190K / 쓰기IOPS : 540K / [지원기능] TRIM / ECC / SLC캐싱 / S.M.A.R.T / 전용 S/W / [환경특성] MTBF : 200만 / TBW : 850TB / A/S기간 : 5년 , 제한보증 / 방열판 포함 / 두께 : 3.58mm / 10g / [기타] 25년 10월부로 상품 정보 변경 (순차읽기/쓰기) 닫기",https://img.danuri.io/catalog-image/342/081/014/6b7e2d976f4a4c1c977168a6720a19f0.jpg?shrink=130:130&_v=20260921080444,https://prod.danawa.com/info/?pcode=14081342&cate=112760
391,Western Digital WD BLACK SN850 M.2 NVMe,1TB,"372,000","M.2 (2280) / PCIe4.0x4 (64GT/s) / TLC / DRAM 탑재 / DDR4 1GB / 컨트롤러 : 기타 / [성능] 순차읽기 : 7,000MB/s / 순차쓰기 : 5,300MB/s / 읽기IOPS : 1,000K / 쓰기IOPS : 720K / [지원기능] S.M.A.R.T / SLC캐싱 / TRIM / 전용 S/W / [환경특성] MTBF : 175만 / TBW : 600TB / SLC : 300GB / PS5 호환 / A/S기간 : 5년 , 제한보증 / 방열판 미포함 / 두께 : 2.38mm / 7.5g 닫기",https://img.danuri.io/catalog-image/173/660/012/28a30501d037435eab1264796b1302dc.jpg?shrink=130:130&_v=20260921080457,https://prod.danawa.com/info/?pcode=12660173&cate=112760
