spec_id,part_id,spec_key,spec_value,spec_unit
1,1,ram_type,DDR4,
2,1,capacity_gb,8,GB
3,1,speed_mhz,3200,MHz
4,1,module_count,1,EA
5,2,ram_type,DDR4,
6,2,capacity_gb,8,GB
7,2,speed_mhz,3200,MHz
8,2,module_count,1,EA
9,3,ram_type,DDR4,
10,3,capacity_gb,8,GB
11,3,speed_mhz,2666,MHz
12,3,module_count,1,EA
13,4,ram_type,DDR4,
14,4,capacity_gb,8,GB
15,4,speed_mhz,2133,MHz
16,4,module_count,1,EA
17,5,ram_type,DDR4,
18,5,capacity_gb,8,GB
19,5,speed_mhz,2666,MHz
20,5,module_count,1,EA
21,6,ram_type,DDR4,
22,6,capacity_gb,8,GB
23,6,speed_mhz,2400,MHz
24,6,module_count,1,EA
25,7,ram_type,DDR4,
26,7,capacity_gb,8,GB
27,7,speed_mhz,2400,MHz
28,7,module_count,1,EA
29,8,ram_type,DDR4,
30,8,capacity_gb,8,GB
31,8,speed_mhz,2933,MHz
32,8,module_count,1,EA
33,9,ram_type,DDR4,
34,9,capacity_gb,8,GB
35,9,speed_mhz,2933,MHz
36,9,module_count,1,EA
37,10,ram_type,DDR4,
38,10,capacity_gb,8,GB
39,10,speed_mhz,3200,MHz
40,10,module_count,1,EA
41,11,ram_type,DDR4,
42,11,capacity_gb,8,GB
43,11,speed_mhz,3200,MHz
44,11,module_count,1,EA
45,12,ram_type,DDR4,
46,12,capacity_gb,8,GB
47,12,speed_mhz,3200,MHz
48,12,module_count,1,EA
49,13,ram_type,DDR4,
50,13,capacity_gb,8,GB
51,13,speed_mhz,3200,MHz
52,13,module_count,1,EA
53,14,ram_type,DDR4,
54,14,capacity_gb,8,GB
55,14,speed_mhz,3200,MHz
56,14,module_count,1,EA
57,15,ram_type,DDR4,
58,15,capacity_gb,8,GB
59,15,speed_mhz,2666,MHz
60,15,module_count,1,EA
61,16,ram_type,DDR4,
62,16,capacity_gb,8,GB
63,16,speed_mhz,3200,MHz
64,16,module_count,1,EA
65,17,ram_type,DDR4,
66,17,capacity_gb,8,GB
67,17,speed_mhz,3200,MHz
68,17,module_count,1,EA
69,18,ram_type,DDR4,
70,18,capacity_gb,8,GB
71,18,speed_mhz,2666,MHz
72,18,module_count,1,EA
73,19,ram_type,DDR4,
74,19,capacity_gb,16,GB
75,19,speed_mhz,3200,MHz
76,19,module_count,1,EA
77,20,ram_type,DDR4,
78,20,capacity_gb,16,GB
79,20,speed_mhz,3200,MHz
80,20,module_count,1,EA
81,21,ram_type,DDR4,
82,21,capacity_gb,16,GB
83,21,speed_mhz,2666,MHz
84,21,module_count,1,EA
85,22,ram_type,DDR4,
86,22,capacity_gb,16,GB
87,22,speed_mhz,2400,MHz
88,22,module_count,1,EA
89,23,ram_type,DDR4,
90,23,capacity_gb,16,GB
91,23,speed_mhz,2666,MHz
92,23,module_count,1,EA
93,24,ram_type,DDR4,
94,24,capacity_gb,16,GB
95,24,speed_mhz,2400,MHz
96,24,module_count,1,EA
97,25,ram_type,DDR4,
98,25,capacity_gb,16,GB
99,25,speed_mhz,2133,MHz
100,25,module_count,1,EA
101,26,ram_type,DDR4,
102,26,capacity_gb,16,GB
103,26,speed_mhz,2133,MHz
104,26,module_count,1,EA
105,27,ram_type,DDR4,
106,27,capacity_gb,16,GB
107,27,speed_mhz,2933,MHz
108,27,module_count,1,EA
109,28,ram_type,DDR4,
110,28,capacity_gb,16,GB
111,28,speed_mhz,3200,MHz
112,28,module_count,1,EA
113,29,ram_type,DDR4,
114,29,capacity_gb,16,GB
115,29,speed_mhz,2666,MHz
116,29,module_count,1,EA
117,30,ram_type,DDR4,
118,30,capacity_gb,16,GB
119,30,speed_mhz,3200,MHz
120,30,module_count,1,EA
121,31,ram_type,DDR4,
122,31,capacity_gb,16,GB
123,31,speed_mhz,2666,MHz
124,31,module_count,1,EA
125,32,ram_type,DDR4,
126,32,capacity_gb,16,GB
127,32,speed_mhz,3200,MHz
128,32,module_count,1,EA
129,33,ram_type,DDR4,
130,33,capacity_gb,16,GB
131,33,speed_mhz,3600,MHz
132,33,module_count,2,EA
133,34,ram_type,DDR4,
134,34,capacity_gb,16,GB
135,34,speed_mhz,3200,MHz
136,34,module_count,2,EA
137,35,ram_type,DDR4,
138,35,capacity_gb,16,GB
139,35,speed_mhz,3200,MHz
140,35,module_count,2,EA
141,36,ram_type,DDR4,
142,36,capacity_gb,16,GB
143,36,speed_mhz,3600,MHz
144,36,module_count,2,EA
145,37,ram_type,DDR4,
146,37,capacity_gb,16,GB
147,37,speed_mhz,2666,MHz
148,37,module_count,1,EA
149,38,ram_type,DDR4,
150,38,capacity_gb,16,GB
151,38,speed_mhz,3200,MHz
152,38,module_count,2,EA
153,39,ram_type,DDR4,
154,39,capacity_gb,16,GB
155,39,speed_mhz,3200,MHz
156,39,module_count,2,EA
157,40,ram_type,DDR4,
158,40,capacity_gb,16,GB
159,40,speed_mhz,3200,MHz
160,40,module_count,1,EA
161,41,ram_type,DDR4,
162,41,capacity_gb,16,GB
163,41,speed_mhz,3600,MHz
164,41,module_count,2,EA
165,42,ram_type,DDR4,
166,42,capacity_gb,16,GB
167,42,speed_mhz,3600,MHz
168,42,module_count,2,EA
169,43,ram_type,DDR4,
170,43,capacity_gb,16,GB
171,43,speed_mhz,3200,MHz
172,43,module_count,1,EA
173,44,ram_type,DDR4,
174,44,capacity_gb,16,GB
175,44,speed_mhz,3200,MHz
176,44,module_count,2,EA
177,45,ram_type,DDR4,
178,45,capacity_gb,16,GB
179,45,speed_mhz,3200,MHz
180,45,module_count,2,EA
181,46,ram_type,DDR4,
182,46,capacity_gb,16,GB
183,46,speed_mhz,3600,MHz
184,46,module_count,2,EA
185,47,ram_type,DDR4,
186,47,capacity_gb,16,GB
187,47,speed_mhz,3600,MHz
188,47,module_count,2,EA
189,48,ram_type,DDR4,
190,48,capacity_gb,16,GB
191,48,speed_mhz,3600,MHz
192,48,module_count,2,EA
193,49,ram_type,DDR4,
194,49,capacity_gb,16,GB
195,49,speed_mhz,3600,MHz
196,49,module_count,2,EA
197,50,ram_type,DDR4,
198,50,capacity_gb,16,GB
199,50,speed_mhz,3200,MHz
200,50,module_count,2,EA
201,51,ram_type,DDR4,
202,51,capacity_gb,16,GB
203,51,speed_mhz,3200,MHz
204,51,module_count,1,EA
205,52,ram_type,DDR4,
206,52,capacity_gb,16,GB
207,52,speed_mhz,3200,MHz
208,52,module_count,2,EA
209,53,ram_type,DDR4,
210,53,capacity_gb,16,GB
211,53,speed_mhz,3600,MHz
212,53,module_count,2,EA
213,54,ram_type,DDR4,
214,54,capacity_gb,16,GB
215,54,speed_mhz,3600,MHz
216,54,module_count,2,EA
217,55,ram_type,DDR4,
218,55,capacity_gb,32,GB
219,55,speed_mhz,3200,MHz
220,55,module_count,1,EA
221,56,ram_type,DDR4,
222,56,capacity_gb,32,GB
223,56,speed_mhz,2666,MHz
224,56,module_count,1,EA
225,57,ram_type,DDR4,
226,57,capacity_gb,32,GB
227,57,speed_mhz,3200,MHz
228,57,module_count,1,EA
229,58,ram_type,DDR4,
230,58,capacity_gb,32,GB
231,58,speed_mhz,2666,MHz
232,58,module_count,1,EA
233,59,ram_type,DDR4,
234,59,capacity_gb,32,GB
235,59,speed_mhz,2933,MHz
236,59,module_count,1,EA
237,60,ram_type,DDR4,
238,60,capacity_gb,32,GB
239,60,speed_mhz,3200,MHz
240,60,module_count,1,EA
241,61,ram_type,DDR4,
242,61,capacity_gb,32,GB
243,61,speed_mhz,3200,MHz
244,61,module_count,1,EA
245,62,ram_type,DDR4,
246,62,capacity_gb,32,GB
247,62,speed_mhz,3200,MHz
248,62,module_count,1,EA
249,63,ram_type,DDR4,
250,63,capacity_gb,32,GB
251,63,speed_mhz,3600,MHz
252,63,module_count,2,EA
253,64,ram_type,DDR4,
254,64,capacity_gb,32,GB
255,64,speed_mhz,3600,MHz
256,64,module_count,2,EA
257,65,ram_type,DDR4,
258,65,capacity_gb,32,GB
259,65,speed_mhz,3600,MHz
260,65,module_count,2,EA
261,66,ram_type,DDR4,
262,66,capacity_gb,32,GB
263,66,speed_mhz,3200,MHz
264,66,module_count,2,EA
265,67,ram_type,DDR4,
266,67,capacity_gb,32,GB
267,67,speed_mhz,3600,MHz
268,67,module_count,2,EA
269,68,ram_type,DDR4,
270,68,capacity_gb,32,GB
271,68,speed_mhz,3600,MHz
272,68,module_count,2,EA
273,69,ram_type,DDR4,
274,69,capacity_gb,32,GB
275,69,speed_mhz,3200,MHz
276,69,module_count,2,EA
277,70,ram_type,DDR4,
278,70,capacity_gb,32,GB
279,70,speed_mhz,3200,MHz
280,70,module_count,2,EA
281,71,ram_type,DDR4,
282,71,capacity_gb,32,GB
283,71,speed_mhz,3200,MHz
284,71,module_count,1,EA
285,72,ram_type,DDR4,
286,72,capacity_gb,32,GB
287,72,speed_mhz,3200,MHz
288,72,module_count,2,EA
289,73,ram_type,DDR4,
290,73,capacity_gb,32,GB
291,73,speed_mhz,3200,MHz
292,73,module_count,1,EA
293,74,ram_type,DDR4,
294,74,capacity_gb,32,GB
295,74,speed_mhz,3600,MHz
296,74,module_count,2,EA
297,75,ram_type,DDR4,
298,75,capacity_gb,32,GB
299,75,speed_mhz,3200,MHz
300,75,module_count,2,EA
301,76,ram_type,DDR4,
302,76,capacity_gb,32,GB
303,76,speed_mhz,3200,MHz
304,76,module_count,2,EA
305,77,ram_type,DDR4,
306,77,capacity_gb,32,GB
307,77,speed_mhz,3600,MHz
308,77,module_count,2,EA
309,78,ram_type,DDR4,
310,78,capacity_gb,64,GB
311,78,speed_mhz,3600,MHz
312,78,module_count,2,EA
313,79,ram_type,DDR5,
314,79,capacity_gb,8,GB
315,79,speed_mhz,5600,MHz
316,79,module_count,1,EA
317,80,ram_type,DDR5,
318,80,capacity_gb,8,GB
319,80,speed_mhz,4800,MHz
320,80,module_count,1,EA
321,81,ram_type,DDR5,
322,81,capacity_gb,8,GB
323,81,speed_mhz,6400,MHz
324,81,module_count,1,EA
325,82,ram_type,DDR5,
326,82,capacity_gb,8,GB
327,82,speed_mhz,4800,MHz
328,82,module_count,1,EA
329,83,ram_type,DDR5,
330,83,capacity_gb,8,GB
331,83,speed_mhz,5600,MHz
332,83,module_count,1,EA
333,84,ram_type,DDR5,
334,84,capacity_gb,8,GB
335,84,speed_mhz,7200,MHz
336,84,module_count,1,EA
337,85,ram_type,DDR5,
338,85,capacity_gb,8,GB
339,85,speed_mhz,5600,MHz
340,85,module_count,1,EA
341,86,ram_type,DDR5,
342,86,capacity_gb,8,GB
343,86,speed_mhz,5600,MHz
344,86,module_count,1,EA
345,87,ram_type,DDR5,
346,87,capacity_gb,8,GB
347,87,speed_mhz,5600,MHz
348,87,module_count,1,EA
349,88,ram_type,DDR5,
350,88,capacity_gb,8,GB
351,88,speed_mhz,5600,MHz
352,88,module_count,1,EA
353,89,ram_type,DDR5,
354,89,capacity_gb,8,GB
355,89,speed_mhz,5600,MHz
356,89,module_count,1,EA
357,90,ram_type,DDR5,
358,90,capacity_gb,8,GB
359,90,speed_mhz,5600,MHz
360,90,module_count,1,EA
361,91,ram_type,DDR5,
362,91,capacity_gb,8,GB
363,91,speed_mhz,6000,MHz
364,91,module_count,1,EA
365,92,ram_type,DDR5,
366,92,capacity_gb,8,GB
367,92,speed_mhz,5600,MHz
368,92,module_count,1,EA
369,93,ram_type,DDR5,
370,93,capacity_gb,8,GB
371,93,speed_mhz,5600,MHz
372,93,module_count,1,EA
373,94,ram_type,DDR5,
374,94,capacity_gb,16,GB
375,94,speed_mhz,5600,MHz
376,94,module_count,1,EA
377,95,ram_type,DDR5,
378,95,capacity_gb,16,GB
379,95,speed_mhz,7200,MHz
380,95,module_count,1,EA
381,96,ram_type,DDR5,
382,96,capacity_gb,16,GB
383,96,speed_mhz,6400,MHz
384,96,module_count,1,EA
385,97,ram_type,DDR5,
386,97,capacity_gb,16,GB
387,97,speed_mhz,4800,MHz
388,97,module_count,1,EA
389,98,ram_type,DDR5,
390,98,capacity_gb,16,GB
391,98,speed_mhz,4800,MHz
392,98,module_count,1,EA
393,99,ram_type,DDR5,
394,99,capacity_gb,16,GB
395,99,speed_mhz,5600,MHz
396,99,module_count,1,EA
397,100,ram_type,DDR5,
398,100,capacity_gb,16,GB
399,100,speed_mhz,4800,MHz
400,100,module_count,1,EA
401,101,ram_type,DDR5,
402,101,capacity_gb,16,GB
403,101,speed_mhz,6000,MHz
404,101,module_count,1,EA
405,102,ram_type,DDR5,
406,102,capacity_gb,16,GB
407,102,speed_mhz,6000,MHz
408,102,module_count,1,EA
409,103,ram_type,DDR5,
410,103,capacity_gb,16,GB
411,103,speed_mhz,6000,MHz
412,103,module_count,1,EA
413,104,ram_type,DDR5,
414,104,capacity_gb,16,GB
415,104,speed_mhz,6000,MHz
416,104,module_count,1,EA
417,105,ram_type,DDR5,
418,105,capacity_gb,16,GB
419,105,speed_mhz,6000,MHz
420,105,module_count,1,EA
421,106,ram_type,DDR5,
422,106,capacity_gb,16,GB
423,106,speed_mhz,5600,MHz
424,106,module_count,1,EA
425,107,ram_type,DDR5,
426,107,capacity_gb,16,GB
427,107,speed_mhz,6000,MHz
428,107,module_count,1,EA
429,108,ram_type,DDR5,
430,108,capacity_gb,16,GB
431,108,speed_mhz,5600,MHz
432,108,module_count,1,EA
433,109,ram_type,DDR5,
434,109,capacity_gb,16,GB
435,109,speed_mhz,5600,MHz
436,109,module_count,1,EA
437,110,ram_type,DDR5,
438,110,capacity_gb,16,GB
439,110,speed_mhz,6000,MHz
440,110,module_count,2,EA
441,111,ram_type,DDR5,
442,111,capacity_gb,16,GB
443,111,speed_mhz,6000,MHz
444,111,module_count,2,EA
445,112,ram_type,DDR5,
446,112,capacity_gb,16,GB
447,112,speed_mhz,6400,MHz
448,112,module_count,1,EA
449,113,ram_type,DDR5,
450,113,capacity_gb,16,GB
451,113,speed_mhz,5600,MHz
452,113,module_count,1,EA
453,114,ram_type,DDR5,
454,114,capacity_gb,16,GB
455,114,speed_mhz,5600,MHz
456,114,module_count,1,EA
457,115,ram_type,DDR5,
458,115,capacity_gb,16,GB
459,115,speed_mhz,5600,MHz
460,115,module_count,1,EA
461,116,ram_type,DDR5,
462,116,capacity_gb,16,GB
463,116,speed_mhz,6000,MHz
464,116,module_count,1,EA
465,117,ram_type,DDR5,
466,117,capacity_gb,16,GB
467,117,speed_mhz,5600,MHz
468,117,module_count,1,EA
469,118,ram_type,DDR5,
470,118,capacity_gb,16,GB
471,118,speed_mhz,6000,MHz
472,118,module_count,1,EA
473,119,ram_type,DDR5,
474,119,capacity_gb,16,GB
475,119,speed_mhz,5600,MHz
476,119,module_count,1,EA
477,120,ram_type,DDR5,
478,120,capacity_gb,16,GB
479,120,speed_mhz,4800,MHz
480,120,module_count,1,EA
481,121,ram_type,DDR5,
482,121,capacity_gb,16,GB
483,121,speed_mhz,5200,MHz
484,121,module_count,1,EA
485,122,ram_type,DDR5,
486,122,capacity_gb,16,GB
487,122,speed_mhz,5600,MHz
488,122,module_count,1,EA
489,123,ram_type,DDR5,
490,123,capacity_gb,16,GB
491,123,speed_mhz,5600,MHz
492,123,module_count,1,EA
493,124,ram_type,DDR5,
494,124,capacity_gb,32,GB
495,124,speed_mhz,5600,MHz
496,124,module_count,1,EA
497,125,ram_type,DDR5,
498,125,capacity_gb,32,GB
499,125,speed_mhz,4800,MHz
500,125,module_count,1,EA
501,126,ram_type,DDR5,
502,126,capacity_gb,32,GB
503,126,speed_mhz,4800,MHz
504,126,module_count,1,EA
505,127,ram_type,DDR5,
506,127,capacity_gb,32,GB
507,127,speed_mhz,5600,MHz
508,127,module_count,1,EA
509,128,ram_type,DDR5,
510,128,capacity_gb,32,GB
511,128,speed_mhz,4800,MHz
512,128,module_count,1,EA
513,129,ram_type,DDR5,
514,129,capacity_gb,32,GB
515,129,speed_mhz,6000,MHz
516,129,module_count,2,EA
517,130,ram_type,DDR5,
518,130,capacity_gb,32,GB
519,130,speed_mhz,6000,MHz
520,130,module_count,2,EA
521,131,ram_type,DDR5,
522,131,capacity_gb,32,GB
523,131,speed_mhz,8000,MHz
524,131,module_count,2,EA
525,132,ram_type,DDR5,
526,132,capacity_gb,32,GB
527,132,speed_mhz,6000,MHz
528,132,module_count,2,EA
529,133,ram_type,DDR5,
530,133,capacity_gb,32,GB
531,133,speed_mhz,6400,MHz
532,133,module_count,2,EA
533,134,ram_type,DDR5,
534,134,capacity_gb,32,GB
535,134,speed_mhz,5600,MHz
536,134,module_count,1,EA
537,135,ram_type,DDR5,
538,135,capacity_gb,32,GB
539,135,speed_mhz,6400,MHz
540,135,module_count,2,EA
541,136,ram_type,DDR5,
542,136,capacity_gb,32,GB
543,136,speed_mhz,6400,MHz
544,136,module_count,2,EA
545,137,ram_type,DDR5,
546,137,capacity_gb,32,GB
547,137,speed_mhz,6200,MHz
548,137,module_count,2,EA
549,138,ram_type,DDR5,
550,138,capacity_gb,32,GB
551,138,speed_mhz,7200,MHz
552,138,module_count,2,EA
553,139,ram_type,DDR5,
554,139,capacity_gb,32,GB
555,139,speed_mhz,7400,MHz
556,139,module_count,2,EA
557,140,ram_type,DDR5,
558,140,capacity_gb,32,GB
559,140,speed_mhz,7000,MHz
560,140,module_count,2,EA
561,141,ram_type,DDR5,
562,141,capacity_gb,32,GB
563,141,speed_mhz,6600,MHz
564,141,module_count,2,EA
565,142,ram_type,DDR5,
566,142,capacity_gb,32,GB
567,142,speed_mhz,6200,MHz
568,142,module_count,2,EA
569,143,ram_type,DDR5,
570,143,capacity_gb,32,GB
571,143,speed_mhz,7400,MHz
572,143,module_count,2,EA
573,144,ram_type,DDR5,
574,144,capacity_gb,32,GB
575,144,speed_mhz,7200,MHz
576,144,module_count,2,EA
577,145,ram_type,DDR5,
578,145,capacity_gb,32,GB
579,145,speed_mhz,6800,MHz
580,145,module_count,2,EA
581,146,ram_type,DDR5,
582,146,capacity_gb,32,GB
583,146,speed_mhz,6600,MHz
584,146,module_count,2,EA
585,147,ram_type,DDR5,
586,147,capacity_gb,32,GB
587,147,speed_mhz,6000,MHz
588,147,module_count,2,EA
589,148,ram_type,DDR5,
590,148,capacity_gb,32,GB
591,148,speed_mhz,7000,MHz
592,148,module_count,2,EA
593,149,ram_type,DDR5,
594,149,capacity_gb,32,GB
595,149,speed_mhz,6200,MHz
596,149,module_count,2,EA
597,150,ram_type,DDR5,
598,150,capacity_gb,32,GB
599,150,speed_mhz,6800,MHz
600,150,module_count,2,EA
601,151,ram_type,DDR5,
602,151,capacity_gb,32,GB
603,151,speed_mhz,6600,MHz
604,151,module_count,2,EA
605,152,ram_type,DDR5,
606,152,capacity_gb,32,GB
607,152,speed_mhz,6000,MHz
608,152,module_count,2,EA
609,153,ram_type,DDR5,
610,153,capacity_gb,32,GB
611,153,speed_mhz,7000,MHz
612,153,module_count,2,EA
613,154,ram_type,DDR5,
614,154,capacity_gb,32,GB
615,154,speed_mhz,7000,MHz
616,154,module_count,2,EA
617,155,ram_type,DDR5,
618,155,capacity_gb,32,GB
619,155,speed_mhz,6000,MHz
620,155,module_count,2,EA
621,156,ram_type,DDR5,
622,156,capacity_gb,32,GB
623,156,speed_mhz,6000,MHz
624,156,module_count,2,EA
625,157,ram_type,DDR5,
626,157,capacity_gb,32,GB
627,157,speed_mhz,5600,MHz
628,157,module_count,1,EA
629,158,ram_type,DDR5,
630,158,capacity_gb,32,GB
631,158,speed_mhz,6000,MHz
632,158,module_count,2,EA
633,159,ram_type,DDR5,
634,159,capacity_gb,32,GB
635,159,speed_mhz,6000,MHz
636,159,module_count,2,EA
637,160,ram_type,DDR5,
638,160,capacity_gb,32,GB
639,160,speed_mhz,6000,MHz
640,160,module_count,2,EA
641,161,ram_type,DDR5,
642,161,capacity_gb,32,GB
643,161,speed_mhz,6000,MHz
644,161,module_count,2,EA
645,162,ram_type,DDR5,
646,162,capacity_gb,32,GB
647,162,speed_mhz,6000,MHz
648,162,module_count,2,EA
649,163,ram_type,DDR5,
650,163,capacity_gb,32,GB
651,163,speed_mhz,6000,MHz
652,163,module_count,2,EA
653,164,ram_type,DDR5,
654,164,capacity_gb,32,GB
655,164,speed_mhz,6000,MHz
656,164,module_count,2,EA
657,165,ram_type,DDR5,
658,165,capacity_gb,32,GB
659,165,speed_mhz,6400,MHz
660,165,module_count,2,EA
661,166,ram_type,DDR5,
662,166,capacity_gb,32,GB
663,166,speed_mhz,6000,MHz
664,166,module_count,2,EA
665,167,ram_type,DDR5,
666,167,capacity_gb,32,GB
667,167,speed_mhz,6000,MHz
668,167,module_count,2,EA
669,168,ram_type,DDR5,
670,168,capacity_gb,32,GB
671,168,speed_mhz,6000,MHz
672,168,module_count,2,EA
673,169,ram_type,DDR5,
674,169,capacity_gb,32,GB
675,169,speed_mhz,6000,MHz
676,169,module_count,2,EA
677,170,ram_type,DDR5,
678,170,capacity_gb,32,GB
679,170,speed_mhz,6000,MHz
680,170,module_count,2,EA
681,171,ram_type,DDR5,
682,171,capacity_gb,32,GB
683,171,speed_mhz,6000,MHz
684,171,module_count,2,EA
685,172,ram_type,DDR5,
686,172,capacity_gb,32,GB
687,172,speed_mhz,6000,MHz
688,172,module_count,2,EA
689,173,ram_type,DDR5,
690,173,capacity_gb,32,GB
691,173,speed_mhz,6000,MHz
692,173,module_count,2,EA
693,174,ram_type,DDR5,
694,174,capacity_gb,32,GB
695,174,speed_mhz,6000,MHz
696,174,module_count,2,EA
697,175,ram_type,DDR5,
698,175,capacity_gb,32,GB
699,175,speed_mhz,6000,MHz
700,175,module_count,2,EA
701,176,ram_type,DDR5,
702,176,capacity_gb,32,GB
703,176,speed_mhz,6400,MHz
704,176,module_count,2,EA
705,177,ram_type,DDR5,
706,177,capacity_gb,32,GB
707,177,speed_mhz,7200,MHz
708,177,module_count,2,EA
709,178,ram_type,DDR5,
710,178,capacity_gb,32,GB
711,178,speed_mhz,6000,MHz
712,178,module_count,2,EA
713,179,ram_type,DDR5,
714,179,capacity_gb,32,GB
715,179,speed_mhz,6400,MHz
716,179,module_count,2,EA
717,180,ram_type,DDR5,
718,180,capacity_gb,32,GB
719,180,speed_mhz,6400,MHz
720,180,module_count,2,EA
721,181,ram_type,DDR5,
722,181,capacity_gb,32,GB
723,181,speed_mhz,6400,MHz
724,181,module_count,2,EA
725,182,ram_type,DDR5,
726,182,capacity_gb,32,GB
727,182,speed_mhz,6400,MHz
728,182,module_count,2,EA
729,183,ram_type,DDR5,
730,183,capacity_gb,32,GB
731,183,speed_mhz,6400,MHz
732,183,module_count,2,EA
733,184,ram_type,DDR5,
734,184,capacity_gb,32,GB
735,184,speed_mhz,7200,MHz
736,184,module_count,2,EA
737,185,ram_type,DDR5,
738,185,capacity_gb,32,GB
739,185,speed_mhz,7200,MHz
740,185,module_count,2,EA
741,186,ram_type,DDR5,
742,186,capacity_gb,32,GB
743,186,speed_mhz,6000,MHz
744,186,module_count,2,EA
745,187,ram_type,DDR5,
746,187,capacity_gb,32,GB
747,187,speed_mhz,6000,MHz
748,187,module_count,2,EA
749,188,ram_type,DDR5,
750,188,capacity_gb,32,GB
751,188,speed_mhz,6000,MHz
752,188,module_count,2,EA
753,189,ram_type,DDR5,
754,189,capacity_gb,32,GB
755,189,speed_mhz,6400,MHz
756,189,module_count,2,EA
757,190,ram_type,DDR5,
758,190,capacity_gb,32,GB
759,190,speed_mhz,6000,MHz
760,190,module_count,2,EA
761,191,ram_type,DDR5,
762,191,capacity_gb,32,GB
763,191,speed_mhz,6000,MHz
764,191,module_count,2,EA
765,192,ram_type,DDR5,
766,192,capacity_gb,32,GB
767,192,speed_mhz,6000,MHz
768,192,module_count,2,EA
769,193,ram_type,DDR5,
770,193,capacity_gb,32,GB
771,193,speed_mhz,6000,MHz
772,193,module_count,2,EA
773,194,ram_type,DDR5,
774,194,capacity_gb,32,GB
775,194,speed_mhz,6000,MHz
776,194,module_count,2,EA
777,195,ram_type,DDR5,
778,195,capacity_gb,32,GB
779,195,speed_mhz,5600,MHz
780,195,module_count,1,EA
781,196,ram_type,DDR5,
782,196,capacity_gb,32,GB
783,196,speed_mhz,6000,MHz
784,196,module_count,2,EA
785,197,ram_type,DDR5,
786,197,capacity_gb,32,GB
787,197,speed_mhz,6000,MHz
788,197,module_count,2,EA
789,198,ram_type,DDR5,
790,198,capacity_gb,32,GB
791,198,speed_mhz,6000,MHz
792,198,module_count,2,EA
793,199,ram_type,DDR5,
794,199,capacity_gb,32,GB
795,199,speed_mhz,6000,MHz
796,199,module_count,2,EA
797,200,ram_type,DDR5,
798,200,capacity_gb,32,GB
799,200,speed_mhz,6000,MHz
800,200,module_count,2,EA
801,201,ram_type,DDR5,
802,201,capacity_gb,32,GB
803,201,speed_mhz,6000,MHz
804,201,module_count,2,EA
805,202,ram_type,DDR5,
806,202,capacity_gb,32,GB
807,202,speed_mhz,6000,MHz
808,202,module_count,2,EA
809,203,ram_type,DDR5,
810,203,capacity_gb,32,GB
811,203,speed_mhz,6000,MHz
812,203,module_count,2,EA
813,204,ram_type,DDR5,
814,204,capacity_gb,32,GB
815,204,speed_mhz,6000,MHz
816,204,module_count,2,EA
817,205,ram_type,DDR5,
818,205,capacity_gb,32,GB
819,205,speed_mhz,6000,MHz
820,205,module_count,2,EA
821,206,ram_type,DDR5,
822,206,capacity_gb,32,GB
823,206,speed_mhz,6000,MHz
824,206,module_count,2,EA
825,207,ram_type,DDR5,
826,207,capacity_gb,32,GB
827,207,speed_mhz,6400,MHz
828,207,module_count,2,EA
829,208,ram_type,DDR5,
830,208,capacity_gb,32,GB
831,208,speed_mhz,6000,MHz
832,208,module_count,2,EA
833,209,ram_type,DDR5,
834,209,capacity_gb,32,GB
835,209,speed_mhz,6000,MHz
836,209,module_count,2,EA
837,210,ram_type,DDR5,
838,210,capacity_gb,32,GB
839,210,speed_mhz,6000,MHz
840,210,module_count,2,EA
841,211,ram_type,DDR5,
842,211,capacity_gb,32,GB
843,211,speed_mhz,5200,MHz
844,211,module_count,2,EA
845,212,ram_type,DDR5,
846,212,capacity_gb,32,GB
847,212,speed_mhz,6000,MHz
848,212,module_count,2,EA
849,213,ram_type,DDR5,
850,213,capacity_gb,32,GB
851,213,speed_mhz,5200,MHz
852,213,module_count,2,EA
853,214,ram_type,DDR5,
854,214,capacity_gb,32,GB
855,214,speed_mhz,5200,MHz
856,214,module_count,2,EA
857,215,ram_type,DDR5,
858,215,capacity_gb,32,GB
859,215,speed_mhz,6000,MHz
860,215,module_count,2,EA
861,216,ram_type,DDR5,
862,216,capacity_gb,32,GB
863,216,speed_mhz,5200,MHz
864,216,module_count,2,EA
865,217,ram_type,DDR5,
866,217,capacity_gb,32,GB
867,217,speed_mhz,5600,MHz
868,217,module_count,1,EA
869,218,ram_type,DDR5,
870,218,capacity_gb,32,GB
871,218,speed_mhz,6000,MHz
872,218,module_count,2,EA
873,219,ram_type,DDR5,
874,219,capacity_gb,32,GB
875,219,speed_mhz,6000,MHz
876,219,module_count,2,EA
877,220,ram_type,DDR5,
878,220,capacity_gb,32,GB
879,220,speed_mhz,6000,MHz
880,220,module_count,2,EA
881,221,ram_type,DDR5,
882,221,capacity_gb,32,GB
883,221,speed_mhz,6000,MHz
884,221,module_count,2,EA
885,222,ram_type,DDR5,
886,222,capacity_gb,32,GB
887,222,speed_mhz,6000,MHz
888,222,module_count,2,EA
889,223,ram_type,DDR5,
890,223,capacity_gb,32,GB
891,223,speed_mhz,5600,MHz
892,223,module_count,2,EA
893,224,ram_type,DDR5,
894,224,capacity_gb,32,GB
895,224,speed_mhz,6000,MHz
896,224,module_count,2,EA
897,225,ram_type,DDR5,
898,225,capacity_gb,32,GB
899,225,speed_mhz,4800,MHz
900,225,module_count,1,EA
901,226,ram_type,DDR5,
902,226,capacity_gb,32,GB
903,226,speed_mhz,7200,MHz
904,226,module_count,2,EA
905,227,ram_type,DDR5,
906,227,capacity_gb,32,GB
907,227,speed_mhz,6000,MHz
908,227,module_count,2,EA
909,228,ram_type,DDR5,
910,228,capacity_gb,32,GB
911,228,speed_mhz,6000,MHz
912,228,module_count,2,EA
913,229,ram_type,DDR5,
914,229,capacity_gb,32,GB
915,229,speed_mhz,6000,MHz
916,229,module_count,2,EA
917,230,ram_type,DDR5,
918,230,capacity_gb,32,GB
919,230,speed_mhz,5600,MHz
920,230,module_count,1,EA
921,231,ram_type,DDR5,
922,231,capacity_gb,32,GB
923,231,speed_mhz,7200,MHz
924,231,module_count,2,EA
925,232,ram_type,DDR5,
926,232,capacity_gb,32,GB
927,232,speed_mhz,5600,MHz
928,232,module_count,2,EA
929,233,ram_type,DDR5,
930,233,capacity_gb,32,GB
931,233,speed_mhz,5600,MHz
932,233,module_count,2,EA
933,234,ram_type,DDR5,
934,234,capacity_gb,32,GB
935,234,speed_mhz,6000,MHz
936,234,module_count,2,EA
937,235,ram_type,DDR5,
938,235,capacity_gb,32,GB
939,235,speed_mhz,6400,MHz
940,235,module_count,2,EA
941,236,ram_type,DDR5,
942,236,capacity_gb,32,GB
943,236,speed_mhz,6400,MHz
944,236,module_count,2,EA
945,237,ram_type,DDR5,
946,237,capacity_gb,32,GB
947,237,speed_mhz,6000,MHz
948,237,module_count,2,EA
949,238,ram_type,DDR5,
950,238,capacity_gb,32,GB
951,238,speed_mhz,5600,MHz
952,238,module_count,1,EA
953,239,ram_type,DDR5,
954,239,capacity_gb,32,GB
955,239,speed_mhz,6000,MHz
956,239,module_count,2,EA
957,240,ram_type,DDR5,
958,240,capacity_gb,32,GB
959,240,speed_mhz,5600,MHz
960,240,module_count,1,EA
961,241,ram_type,DDR5,
962,241,capacity_gb,64,GB
963,241,speed_mhz,6400,MHz
964,241,module_count,2,EA
965,242,ram_type,DDR5,
966,242,capacity_gb,64,GB
967,242,speed_mhz,6000,MHz
968,242,module_count,2,EA
969,243,ram_type,DDR5,
970,243,capacity_gb,64,GB
971,243,speed_mhz,6000,MHz
972,243,module_count,2,EA
973,244,ram_type,DDR5,
974,244,capacity_gb,64,GB
975,244,speed_mhz,6400,MHz
976,244,module_count,2,EA
977,245,ram_type,DDR5,
978,245,capacity_gb,64,GB
979,245,speed_mhz,6000,MHz
980,245,module_count,2,EA
981,246,ram_type,DDR5,
982,246,capacity_gb,64,GB
983,246,speed_mhz,6000,MHz
984,246,module_count,2,EA
985,247,ram_type,DDR5,
986,247,capacity_gb,64,GB
987,247,speed_mhz,6400,MHz
988,247,module_count,2,EA
989,248,ram_type,DDR5,
990,248,capacity_gb,64,GB
991,248,speed_mhz,6000,MHz
992,248,module_count,2,EA
993,249,ram_type,DDR5,
994,249,capacity_gb,64,GB
995,249,speed_mhz,6000,MHz
996,249,module_count,2,EA
997,250,ram_type,DDR5,
998,250,capacity_gb,64,GB
999,250,speed_mhz,6000,MHz
1000,250,module_count,2,EA
1001,251,ram_type,DDR5,
1002,251,capacity_gb,64,GB
1003,251,speed_mhz,6000,MHz
1004,251,module_count,2,EA
1005,252,ram_type,DDR5,
1006,252,capacity_gb,64,GB
1007,252,speed_mhz,6000,MHz
1008,252,module_count,2,EA
1009,253,ram_type,DDR5,
1010,253,capacity_gb,64,GB
1011,253,speed_mhz,6000,MHz
1012,253,module_count,2,EA
1013,254,ram_type,DDR5,
1014,254,capacity_gb,64,GB
1015,254,speed_mhz,5200,MHz
1016,254,module_count,2,EA
1017,255,ram_type,DDR5,
1018,255,capacity_gb,64,GB
1019,255,speed_mhz,6000,MHz
1020,255,module_count,2,EA
1021,256,ram_type,DDR5,
1022,256,capacity_gb,64,GB
1023,256,speed_mhz,6000,MHz
1024,256,module_count,2,EA
1025,257,ram_type,DDR5,
1026,257,capacity_gb,64,GB
1027,257,speed_mhz,6000,MHz
1028,257,module_count,2,EA
1029,258,ram_type,DDR5,
1030,258,capacity_gb,64,GB
1031,258,speed_mhz,5200,MHz
1032,258,module_count,2,EA
1033,259,ram_type,DDR5,
1034,259,capacity_gb,64,GB
1035,259,speed_mhz,6400,MHz
1036,259,module_count,2,EA
1037,260,ram_type,DDR5,
1038,260,capacity_gb,64,GB
1039,260,speed_mhz,6000,MHz
1040,260,module_count,2,EA
1041,261,ram_type,DDR5,
1042,261,capacity_gb,64,GB
1043,261,speed_mhz,5200,MHz
1044,261,module_count,2,EA
1045,262,ram_type,DDR5,
1046,262,capacity_gb,64,GB
1047,262,speed_mhz,6000,MHz
1048,262,module_count,2,EA
1049,263,ram_type,DDR5,
1050,263,capacity_gb,64,GB
1051,263,speed_mhz,6000,MHz
1052,263,module_count,2,EA
1053,264,ram_type,DDR5,
1054,264,capacity_gb,64,GB
1055,264,speed_mhz,6400,MHz
1056,264,module_count,2,EA
1057,265,ram_type,DDR5,
1058,265,capacity_gb,64,GB
1059,265,speed_mhz,6000,MHz
1060,265,module_count,2,EA
1061,266,ram_type,DDR5,
1062,266,capacity_gb,64,GB
1063,266,speed_mhz,6000,MHz
1064,266,module_count,2,EA
1065,267,ram_type,DDR5,
1066,267,capacity_gb,64,GB
1067,267,speed_mhz,6000,MHz
1068,267,module_count,2,EA
1069,268,ram_type,DDR5,
1070,268,capacity_gb,64,GB
1071,268,speed_mhz,6000,MHz
1072,268,module_count,2,EA
1073,269,ram_type,DDR5,
1074,269,capacity_gb,64,GB
1075,269,speed_mhz,6000,MHz
1076,269,module_count,2,EA
1077,270,ram_type,DDR5,
1078,270,capacity_gb,64,GB
1079,270,speed_mhz,6400,MHz
1080,270,module_count,2,EA
1081,271,ram_type,DDR5,
1082,271,capacity_gb,64,GB
1083,271,speed_mhz,6000,MHz
1084,271,module_count,2,EA
1085,272,ram_type,DDR5,
1086,272,capacity_gb,64,GB
1087,272,speed_mhz,6000,MHz
1088,272,module_count,2,EA
1089,273,ram_type,DDR5,
1090,273,capacity_gb,64,GB
1091,273,speed_mhz,6000,MHz
1092,273,module_count,2,EA
1093,274,ram_type,DDR5,
1094,274,capacity_gb,64,GB
1095,274,speed_mhz,6000,MHz
1096,274,module_count,2,EA
1097,275,ram_type,DDR5,
1098,275,capacity_gb,64,GB
1099,275,speed_mhz,5600,MHz
1100,275,module_count,2,EA
1101,276,ram_type,DDR5,
1102,276,capacity_gb,64,GB
1103,276,speed_mhz,6000,MHz
1104,276,module_count,2,EA
1105,277,ram_type,DDR5,
1106,277,capacity_gb,64,GB
1107,277,speed_mhz,6400,MHz
1108,277,module_count,2,EA
1109,278,ram_type,DDR5,
1110,278,capacity_gb,64,GB
1111,278,speed_mhz,6000,MHz
1112,278,module_count,2,EA
1113,279,ram_type,DDR5,
1114,279,capacity_gb,64,GB
1115,279,speed_mhz,6000,MHz
1116,279,module_count,2,EA
1117,280,ram_type,DDR5,
1118,280,capacity_gb,64,GB
1119,280,speed_mhz,6000,MHz
1120,280,module_count,2,EA
1121,281,ram_type,DDR5,
1122,281,capacity_gb,64,GB
1123,281,speed_mhz,5600,MHz
1124,281,module_count,2,EA
1125,282,ram_type,DDR5,
1126,282,capacity_gb,64,GB
1127,282,speed_mhz,6400,MHz
1128,282,module_count,2,EA
1129,283,ram_type,DDR5,
1130,283,capacity_gb,64,GB
1131,283,speed_mhz,5600,MHz
1132,283,module_count,2,EA
1133,284,ram_type,DDR5,
1134,284,capacity_gb,64,GB
1135,284,speed_mhz,6000,MHz
1136,284,module_count,2,EA
1137,285,cpu_brand,Intel,
1138,285,cpu_socket,LGA1200,
1139,285,tdp_watt,65,W
1140,285,cpu_core,6,EA
1141,285,thread,12,EA
1142,285,cpu_clock,4.3,GHz
1143,285,cpu_L3,12,MB
1144,285,DDR,DDR4,
1145,286,cpu_brand,Intel,
1146,286,cpu_socket,LGA1200,
1147,286,tdp_watt,65,W
1148,286,cpu_core,6,EA
1149,286,thread,12,EA
1150,286,cpu_clock,4.5,GHz
1151,286,cpu_L3,12,MB
1152,286,DDR,DDR4,
1153,287,cpu_brand,Intel,
1154,287,cpu_socket,LGA1200,
1155,287,tdp_watt,65,W
1156,287,cpu_core,8,EA
1157,287,thread,16,EA
1158,287,cpu_clock,4.8,GHz
1159,287,cpu_L3,16,MB
1160,287,DDR,DDR4,
1161,288,cpu_brand,Intel,
1162,288,cpu_socket,LGA1200,
1163,288,tdp_watt,65,W
1164,288,cpu_core,8,EA
1165,288,thread,16,EA
1166,288,cpu_clock,4.8,GHz
1167,288,cpu_L3,16,MB
1168,288,DDR,DDR4,
1169,289,cpu_brand,Intel,
1170,289,cpu_socket,LGA1200,
1171,289,tdp_watt,65,W
1172,289,cpu_core,4,EA
1173,289,thread,8,EA
1174,289,cpu_clock,4.3,GHz
1175,289,cpu_L3,6,MB
1176,289,DDR,DDR4,
1177,290,cpu_brand,Intel,
1178,290,cpu_socket,LGA1200,
1179,290,tdp_watt,65,W
1180,290,cpu_core,6,EA
1181,290,thread,12,EA
1182,290,cpu_clock,4.3,GHz
1183,290,cpu_L3,12,MB
1184,290,DDR,DDR4,
1185,291,cpu_brand,Intel,
1186,291,cpu_socket,LGA1200,
1187,291,tdp_watt,65,W
1188,291,cpu_core,4,EA
1189,291,thread,8,EA
1190,291,cpu_clock,4.4,GHz
1191,291,cpu_L3,6,MB
1192,291,DDR,DDR4,
1193,292,cpu_brand,Intel,
1194,292,cpu_socket,LGA1200,
1195,292,tdp_watt,125,W
1196,292,cpu_core,6,EA
1197,292,thread,12,EA
1198,292,cpu_clock,4.8,GHz
1199,292,cpu_L3,12,MB
1200,292,DDR,DDR4,
1201,293,cpu_brand,Intel,
1202,293,cpu_socket,LGA1200,
1203,293,tdp_watt,65,W
1204,293,cpu_core,10,EA
1205,293,thread,20,EA
1206,293,cpu_clock,5.2,GHz
1207,293,cpu_L3,20,MB
1208,293,DDR,DDR4,
1209,294,cpu_brand,Intel,
1210,294,cpu_socket,LGA1200,
1211,294,tdp_watt,125,W
1212,294,cpu_core,10,EA
1213,294,thread,20,EA
1214,294,cpu_clock,5.3,GHz
1215,294,cpu_L3,20,MB
1216,294,DDR,DDR4,
1217,295,cpu_brand,Intel,
1218,295,cpu_socket,LGA1200,
1219,295,tdp_watt,125,W
1220,295,cpu_core,8,EA
1221,295,thread,16,EA
1222,295,cpu_clock,5.1,GHz
1223,295,cpu_L3,16,MB
1224,295,DDR,DDR4,
1225,296,cpu_brand,Intel,
1226,296,cpu_socket,LGA1200,
1227,296,tdp_watt,125,W
1228,296,cpu_core,8,EA
1229,296,thread,16,EA
1230,296,cpu_clock,5.1,GHz
1231,296,cpu_L3,16,MB
1232,296,DDR,DDR4,
1233,297,cpu_brand,Intel,
1234,297,cpu_socket,LGA1200,
1235,297,tdp_watt,65,W
1236,297,cpu_core,4,EA
1237,297,thread,8,EA
1238,297,cpu_clock,4.3,GHz
1239,297,cpu_L3,6,MB
1240,297,DDR,DDR4,
1241,298,cpu_brand,Intel,
1242,298,cpu_socket,LGA1200,
1243,298,tdp_watt,65,W
1244,298,cpu_core,4,EA
1245,298,thread,8,EA
1246,298,cpu_clock,4.4,GHz
1247,298,cpu_L3,6,MB
1248,298,DDR,DDR4,
1249,299,cpu_brand,Intel,
1250,299,cpu_socket,LGA1200,
1251,299,tdp_watt,125,W
1252,299,cpu_core,6,EA
1253,299,thread,12,EA
1254,299,cpu_clock,4.8,GHz
1255,299,cpu_L3,12,MB
1256,299,DDR,DDR4,
1257,300,cpu_brand,Intel,
1258,300,cpu_socket,LGA1200,
1259,300,tdp_watt,65,W
1260,300,cpu_core,10,EA
1261,300,thread,20,EA
1262,300,cpu_clock,5.2,GHz
1263,300,cpu_L3,20,MB
1264,300,DDR,DDR4,
1265,301,cpu_brand,Intel,
1266,301,cpu_socket,LGA1200,
1267,301,tdp_watt,125,W
1268,301,cpu_core,10,EA
1269,301,thread,20,EA
1270,301,cpu_clock,5.2,GHz
1271,301,cpu_L3,20,MB
1272,301,DDR,DDR4,
1273,302,cpu_brand,Intel,
1274,302,cpu_socket,LGA1200,
1275,302,tdp_watt,125,W
1276,302,cpu_core,10,EA
1277,302,thread,20,EA
1278,302,cpu_clock,5.3,GHz
1279,302,cpu_L3,20,MB
1280,302,DDR,DDR4,
1281,303,cpu_brand,Intel,
1282,303,cpu_socket,LGA1200,
1283,303,tdp_watt,65,W
1284,303,cpu_core,8,EA
1285,303,thread,16,EA
1286,303,cpu_clock,4.9,GHz
1287,303,cpu_L3,16,MB
1288,303,DDR,DDR4,
1289,304,cpu_brand,Intel,
1290,304,cpu_socket,LGA1200,
1291,304,tdp_watt,65,W
1292,304,cpu_core,6,EA
1293,304,thread,12,EA
1294,304,cpu_clock,4.4,GHz
1295,304,cpu_L3,12,MB
1296,304,DDR,DDR4,
1297,305,cpu_brand,Intel,
1298,305,cpu_socket,LGA1200,
1299,305,tdp_watt,65,W
1300,305,cpu_core,6,EA
1301,305,thread,12,EA
1302,305,cpu_clock,4.6,GHz
1303,305,cpu_L3,12,MB
1304,305,DDR,DDR4,
1305,306,cpu_brand,Intel,
1306,306,cpu_socket,LGA1200,
1307,306,tdp_watt,65,W
1308,306,cpu_core,6,EA
1309,306,thread,12,EA
1310,306,cpu_clock,4.4,GHz
1311,306,cpu_L3,12,MB
1312,306,DDR,DDR4,
1313,307,cpu_brand,Intel,
1314,307,cpu_socket,LGA1200,
1315,307,tdp_watt,125,W
1316,307,cpu_core,8,EA
1317,307,thread,16,EA
1318,307,cpu_clock,5,GHz
1319,307,cpu_L3,16,MB
1320,307,DDR,DDR4,
1321,308,cpu_brand,Intel,
1322,308,cpu_socket,LGA1200,
1323,308,tdp_watt,65,W
1324,308,cpu_core,8,EA
1325,308,thread,16,EA
1326,308,cpu_clock,4.9,GHz
1327,308,cpu_L3,16,MB
1328,308,DDR,DDR4,
1329,309,cpu_brand,Intel,
1330,309,cpu_socket,LGA1200,
1331,309,tdp_watt,65,W
1332,309,cpu_core,8,EA
1333,309,thread,16,EA
1334,309,cpu_clock,5.2,GHz
1335,309,cpu_L3,16,MB
1336,309,DDR,DDR4,
1337,310,cpu_brand,Intel,
1338,310,cpu_socket,LGA1200,
1339,310,tdp_watt,125,W
1340,310,cpu_core,8,EA
1341,310,thread,16,EA
1342,310,cpu_clock,5.3,GHz
1343,310,cpu_L3,16,MB
1344,310,DDR,DDR4,
1345,311,cpu_brand,Intel,
1346,311,cpu_socket,LGA1200,
1347,311,tdp_watt,125,W
1348,311,cpu_core,8,EA
1349,311,thread,16,EA
1350,311,cpu_clock,5.3,GHz
1351,311,cpu_L3,16,MB
1352,311,DDR,DDR4,
1353,312,cpu_brand,Intel,
1354,312,cpu_socket,LGA1200,
1355,312,tdp_watt,65,W
1356,312,cpu_core,8,EA
1357,312,thread,16,EA
1358,312,cpu_clock,5.2,GHz
1359,312,cpu_L3,16,MB
1360,312,DDR,DDR4,
1361,313,cpu_brand,Intel,
1362,313,cpu_socket,LGA1200,
1363,313,tdp_watt,125,W
1364,313,cpu_core,6,EA
1365,313,thread,12,EA
1366,313,cpu_clock,4.9,GHz
1367,313,cpu_L3,12,MB
1368,313,DDR,DDR4,
1369,314,cpu_brand,Intel,
1370,314,cpu_socket,LGA1200,
1371,314,tdp_watt,125,W
1372,314,cpu_core,6,EA
1373,314,thread,12,EA
1374,314,cpu_clock,4.9,GHz
1375,314,cpu_L3,12,MB
1376,314,DDR,DDR4,
1377,315,cpu_brand,Intel,
1378,315,cpu_socket,LGA1200,
1379,315,tdp_watt,125,W
1380,315,cpu_core,8,EA
1381,315,thread,16,EA
1382,315,cpu_clock,5,GHz
1383,315,cpu_L3,16,MB
1384,315,DDR,DDR4,
1385,316,cpu_brand,Intel,
1386,316,cpu_socket,LGA1700,
1387,316,tdp_watt,117,W
1388,316,cpu_core,6,EA
1389,316,thread,12,EA
1390,316,cpu_clock,4.4,GHz
1391,316,cpu_L2,7.5,MB
1392,316,cpu_L3,18,MB
1393,316,DDR,"DDR5, DDR4",
1394,317,cpu_brand,Intel,
1395,317,cpu_socket,LGA1700,
1396,317,tdp_watt,117,W
1397,317,cpu_core,6,EA
1398,317,thread,12,EA
1399,317,cpu_clock,4.4,GHz
1400,317,cpu_L2,7.5,MB
1401,317,cpu_L3,18,MB
1402,317,DDR,"DDR5, DDR4",
1403,318,cpu_brand,Intel,
1404,318,cpu_socket,LGA1700,
1405,318,tdp_watt,180,W
1406,318,cpu_core,12,EA
1407,318,thread,20,EA
1408,318,cpu_clock,4.9,GHz
1409,318,cpu_L2,12,MB
1410,318,cpu_L3,25,MB
1411,318,DDR,"DDR5, DDR4",
1412,319,cpu_brand,Intel,
1413,319,cpu_socket,LGA1700,
1414,319,tdp_watt,89,W
1415,319,cpu_core,4,EA
1416,319,thread,8,EA
1417,319,cpu_clock,4.3,GHz
1418,319,cpu_L2,5,MB
1419,319,cpu_L3,12,MB
1420,319,DDR,"DDR5, DDR4",
1421,320,cpu_brand,Intel,
1422,320,cpu_socket,LGA1700,
1423,320,tdp_watt,190,W
1424,320,cpu_core,12,EA
1425,320,thread,20,EA
1426,320,cpu_clock,5,GHz
1427,320,cpu_L2,12,MB
1428,320,cpu_L3,25,MB
1429,320,DDR,"DDR5, DDR4",
1430,321,cpu_brand,Intel,
1431,321,cpu_socket,LGA1700,
1432,321,tdp_watt,241,W
1433,321,cpu_core,16,EA
1434,321,thread,24,EA
1435,321,cpu_clock,5.2,GHz
1436,321,cpu_L2,14,MB
1437,321,cpu_L3,30,MB
1438,321,DDR,"DDR5, DDR4",
1439,322,cpu_brand,Intel,
1440,322,cpu_socket,LGA1700,
1441,322,tdp_watt,180,W
1442,322,cpu_core,12,EA
1443,322,thread,20,EA
1444,322,cpu_clock,4.9,GHz
1445,322,cpu_L2,12,MB
1446,322,cpu_L3,25,MB
1447,322,DDR,"DDR5, DDR4",
1448,323,cpu_brand,Intel,
1449,323,cpu_socket,LGA1700,
1450,323,tdp_watt,89,W
1451,323,cpu_core,4,EA
1452,323,thread,8,EA
1453,323,cpu_clock,4.3,GHz
1454,323,cpu_L2,5,MB
1455,323,cpu_L3,12,MB
1456,323,DDR,"DDR5, DDR4",
1457,324,cpu_brand,Intel,
1458,324,cpu_socket,LGA1700,
1459,324,tdp_watt,190,W
1460,324,cpu_core,12,EA
1461,324,thread,20,EA
1462,324,cpu_clock,5,GHz
1463,324,cpu_L2,12,MB
1464,324,cpu_L3,25,MB
1465,324,DDR,"DDR5, DDR4",
1466,325,cpu_brand,Intel,
1467,325,cpu_socket,LGA1700,
1468,325,tdp_watt,202,W
1469,325,cpu_core,16,EA
1470,325,thread,24,EA
1471,325,cpu_clock,5.1,GHz
1472,325,cpu_L2,14,MB
1473,325,cpu_L3,30,MB
1474,325,DDR,"DDR5, DDR4",
1475,326,cpu_brand,Intel,
1476,326,cpu_socket,LGA1700,
1477,326,tdp_watt,117,W
1478,326,cpu_core,6,EA
1479,326,thread,12,EA
1480,326,cpu_clock,4.6,GHz
1481,326,cpu_L2,7.5,MB
1482,326,cpu_L3,18,MB
1483,326,DDR,"DDR5, DDR4",
1484,327,cpu_brand,Intel,
1485,327,cpu_socket,LGA1700,
1486,327,tdp_watt,150,W
1487,327,cpu_core,10,EA
1488,327,thread,16,EA
1489,327,cpu_clock,4.9,GHz
1490,327,cpu_L2,9.5,MB
1491,327,cpu_L3,20,MB
1492,327,DDR,"DDR5, DDR4",
1493,328,cpu_brand,Intel,
1494,328,cpu_socket,LGA1700,
1495,328,tdp_watt,150,W
1496,328,cpu_core,10,EA
1497,328,thread,16,EA
1498,328,cpu_clock,4.9,GHz
1499,328,cpu_L2,9.5,MB
1500,328,cpu_L3,20,MB
1501,328,DDR,"DDR5, DDR4",
1502,329,cpu_brand,Intel,
1503,329,cpu_socket,LGA1700,
1504,329,tdp_watt,241,W
1505,329,cpu_core,16,EA
1506,329,thread,24,EA
1507,329,cpu_clock,5.2,GHz
1508,329,cpu_L2,14,MB
1509,329,cpu_L3,30,MB
1510,329,DDR,"DDR5, DDR4",
1511,330,cpu_brand,Intel,
1512,330,cpu_socket,LGA1700,
1513,330,tdp_watt,117,W
1514,330,cpu_core,6,EA
1515,330,thread,12,EA
1516,330,cpu_clock,4.8,GHz
1517,330,cpu_L2,7.5,MB
1518,330,cpu_L3,18,MB
1519,330,DDR,"DDR5, DDR4",
1520,331,cpu_brand,Intel,
1521,331,cpu_socket,LGA1700,
1522,331,tdp_watt,35,W
1523,331,cpu_core,4,EA
1524,331,thread,8,EA
1525,331,cpu_clock,4.1,GHz
1526,331,cpu_L2,5,MB
1527,331,cpu_L3,12,MB
1528,331,DDR,"DDR5, DDR4",
1529,332,cpu_brand,Intel,
1530,332,cpu_socket,LGA1700,
1531,332,tdp_watt,35,W
1532,332,cpu_core,6,EA
1533,332,thread,12,EA
1534,332,cpu_clock,4.4,GHz
1535,332,cpu_L2,7.5,MB
1536,332,cpu_L3,18,MB
1537,332,DDR,"DDR5, DDR4",
1538,333,cpu_brand,Intel,
1539,333,cpu_socket,LGA1700,
1540,333,tdp_watt,241,W
1541,333,cpu_core,16,EA
1542,333,thread,24,EA
1543,333,cpu_clock,5.5,GHz
1544,333,cpu_L2,14,MB
1545,333,cpu_L3,30,MB
1546,333,DDR,"DDR5, DDR4",
1547,334,cpu_brand,Intel,
1548,334,cpu_socket,LGA1700,
1549,334,tdp_watt,202,W
1550,334,cpu_core,16,EA
1551,334,thread,24,EA
1552,334,cpu_clock,5.1,GHz
1553,334,cpu_L2,14,MB
1554,334,cpu_L3,30,MB
1555,334,DDR,"DDR5, DDR4",
1556,335,cpu_brand,Intel,
1557,335,cpu_socket,LGA1700,
1558,335,tdp_watt,35,W
1559,335,cpu_core,12,EA
1560,335,thread,20,EA
1561,335,cpu_clock,4.7,GHz
1562,335,cpu_L2,12,MB
1563,335,cpu_L3,25,MB
1564,335,DDR,"DDR5, DDR4",
1565,336,cpu_brand,Intel,
1566,336,cpu_socket,LGA1700,
1567,336,tdp_watt,35,W
1568,336,cpu_core,16,EA
1569,336,thread,24,EA
1570,336,cpu_clock,4.9,GHz
1571,336,cpu_L2,14,MB
1572,336,cpu_L3,30,MB
1573,336,DDR,"DDR5, DDR4",
1574,337,cpu_brand,Intel,
1575,337,cpu_socket,LGA1700,
1576,337,tdp_watt,74,W
1577,337,cpu_core,6,EA
1578,337,thread,12,EA
1579,337,cpu_clock,4.2,GHz
1580,337,cpu_L2,7.5,MB
1581,337,cpu_L3,18,MB
1582,337,DDR,"DDR5, DDR4",
1583,338,cpu_brand,Intel,
1584,338,cpu_socket,LGA1700,
1585,338,tdp_watt,253,W
1586,338,cpu_core,24,EA
1587,338,thread,32,EA
1588,338,cpu_clock,5.8,GHz
1589,338,cpu_L2,32,MB
1590,338,cpu_L3,36,MB
1591,338,DDR,"DDR5, DDR4",
1592,339,cpu_brand,Intel,
1593,339,cpu_socket,LGA1700,
1594,339,tdp_watt,219,W
1595,339,cpu_core,16,EA
1596,339,thread,24,EA
1597,339,cpu_clock,5.2,GHz
1598,339,cpu_L2,24,MB
1599,339,cpu_L3,30,MB
1600,339,DDR,"DDR5, DDR4",
1601,340,cpu_brand,Intel,
1602,340,cpu_socket,LGA1700,
1603,340,tdp_watt,154,W
1604,340,cpu_core,10,EA
1605,340,thread,16,EA
1606,340,cpu_clock,4.6,GHz
1607,340,cpu_L2,9.5,MB
1608,340,cpu_L3,20,MB
1609,340,DDR,"DDR5, DDR4",
1610,341,cpu_brand,Intel,
1611,341,cpu_socket,LGA1700,
1612,341,tdp_watt,219,W
1613,341,cpu_core,24,EA
1614,341,thread,32,EA
1615,341,cpu_clock,5.6,GHz
1616,341,cpu_L2,32,MB
1617,341,cpu_L3,36,MB
1618,341,DDR,"DDR5, DDR4",
1619,342,cpu_brand,Intel,
1620,342,cpu_socket,LGA1700,
1621,342,tdp_watt,154,W
1622,342,cpu_core,14,EA
1623,342,thread,20,EA
1624,342,cpu_clock,4.8,GHz
1625,342,cpu_L2,11.5,MB
1626,342,cpu_L3,24,MB
1627,342,DDR,"DDR5, DDR4",
1628,343,cpu_brand,Intel,
1629,343,cpu_socket,LGA1700,
1630,343,tdp_watt,148,W
1631,343,cpu_core,10,EA
1632,343,thread,16,EA
1633,343,cpu_clock,4.6,GHz
1634,343,cpu_L2,9.5,MB
1635,343,cpu_L3,20,MB
1636,343,DDR,"DDR5, DDR4",
1637,344,cpu_brand,Intel,
1638,344,cpu_socket,LGA1700,
1639,344,tdp_watt,253,W
1640,344,cpu_core,24,EA
1641,344,thread,32,EA
1642,344,cpu_clock,5.8,GHz
1643,344,cpu_L2,32,MB
1644,344,cpu_L3,36,MB
1645,344,DDR,"DDR5, DDR4",
1646,345,cpu_brand,Intel,
1647,345,cpu_socket,LGA1700,
1648,345,tdp_watt,89,W
1649,345,cpu_core,4,EA
1650,345,thread,8,EA
1651,345,cpu_clock,4.5,GHz
1652,345,cpu_L2,5,MB
1653,345,cpu_L3,12,MB
1654,345,DDR,"DDR5, DDR4",
1655,346,cpu_brand,Intel,
1656,346,cpu_socket,LGA1700,
1657,346,tdp_watt,219,W
1658,346,cpu_core,24,EA
1659,346,thread,32,EA
1660,346,cpu_clock,5.6,GHz
1661,346,cpu_L2,32,MB
1662,346,cpu_L3,36,MB
1663,346,DDR,"DDR5, DDR4",
1664,347,cpu_brand,Intel,
1665,347,cpu_socket,LGA1700,
1666,347,tdp_watt,253,W
1667,347,cpu_core,16,EA
1668,347,thread,24,EA
1669,347,cpu_clock,5.4,GHz
1670,347,cpu_L2,24,MB
1671,347,cpu_L3,30,MB
1672,347,DDR,"DDR5, DDR4",
1673,348,cpu_brand,Intel,
1674,348,cpu_socket,LGA1700,
1675,348,tdp_watt,181,W
1676,348,cpu_core,14,EA
1677,348,thread,20,EA
1678,348,cpu_clock,5.1,GHz
1679,348,cpu_L2,20,MB
1680,348,cpu_L3,24,MB
1681,348,DDR,"DDR5, DDR4",
1682,349,cpu_brand,Intel,
1683,349,cpu_socket,LGA1700,
1684,349,tdp_watt,181,W
1685,349,cpu_core,14,EA
1686,349,thread,20,EA
1687,349,cpu_clock,5.1,GHz
1688,349,cpu_L2,20,MB
1689,349,cpu_L3,24,MB
1690,349,DDR,"DDR5, DDR4",
1691,350,cpu_brand,Intel,
1692,350,cpu_socket,LGA1700,
1693,350,tdp_watt,253,W
1694,350,cpu_core,16,EA
1695,350,thread,24,EA
1696,350,cpu_clock,5.4,GHz
1697,350,cpu_L2,24,MB
1698,350,cpu_L3,30,MB
1699,350,DDR,"DDR5, DDR4",
1700,351,cpu_brand,Intel,
1701,351,cpu_socket,LGA1700,
1702,351,tdp_watt,219,W
1703,351,cpu_core,16,EA
1704,351,thread,24,EA
1705,351,cpu_clock,5.2,GHz
1706,351,cpu_L2,24,MB
1707,351,cpu_L3,30,MB
1708,351,DDR,"DDR5, DDR4",
1709,352,cpu_brand,Intel,
1710,352,cpu_socket,LGA1700,
1711,352,tdp_watt,154,W
1712,352,cpu_core,14,EA
1713,352,thread,20,EA
1714,352,cpu_clock,5,GHz
1715,352,cpu_L2,11.5,MB
1716,352,cpu_L3,24,MB
1717,352,DDR,"DDR5, DDR4",
1718,353,cpu_brand,Intel,
1719,353,cpu_socket,LGA1700,
1720,353,tdp_watt,89,W
1721,353,cpu_core,4,EA
1722,353,thread,8,EA
1723,353,cpu_clock,4.5,GHz
1724,353,cpu_L2,5,MB
1725,353,cpu_L3,12,MB
1726,353,DDR,"DDR5, DDR4",
1727,354,cpu_brand,Intel,
1728,354,cpu_socket,LGA1700,
1729,354,tdp_watt,253,W
1730,354,cpu_core,24,EA
1731,354,thread,32,EA
1732,354,cpu_clock,6,GHz
1733,354,cpu_L2,32,MB
1734,354,cpu_L3,36,MB
1735,354,DDR,"DDR5, DDR4",
1736,355,cpu_brand,Intel,
1737,355,cpu_socket,LGA1700,
1738,355,tdp_watt,106,W
1739,355,cpu_core,16,EA
1740,355,thread,24,EA
1741,355,cpu_clock,4.9,GHz
1742,355,cpu_L2,24,MB
1743,355,cpu_L3,30,MB
1744,355,DDR,"DDR5, DDR4",
1745,356,cpu_brand,Intel,
1746,356,cpu_socket,LGA1700,
1747,356,tdp_watt,92,W
1748,356,cpu_core,14,EA
1749,356,thread,20,EA
1750,356,cpu_clock,4.6,GHz
1751,356,cpu_L2,11.5,MB
1752,356,cpu_L3,24,MB
1753,356,DDR,"DDR5, DDR4",
1754,357,cpu_brand,Intel,
1755,357,cpu_socket,LGA1700,
1756,357,tdp_watt,106,W
1757,357,cpu_core,24,EA
1758,357,thread,32,EA
1759,357,cpu_clock,5.3,GHz
1760,357,cpu_L2,32,MB
1761,357,cpu_L3,36,MB
1762,357,DDR,"DDR5, DDR4",
1763,358,cpu_brand,Intel,
1764,358,cpu_socket,LGA1700,
1765,358,tdp_watt,69,W
1766,358,cpu_core,4,EA
1767,358,thread,8,EA
1768,358,cpu_clock,4.2,GHz
1769,358,cpu_L2,5,MB
1770,358,cpu_L3,12,MB
1771,358,DDR,"DDR5, DDR4",
1772,359,cpu_brand,Intel,
1773,359,cpu_socket,LGA1700,
1774,359,tdp_watt,148,W
1775,359,cpu_core,10,EA
1776,359,thread,16,EA
1777,359,cpu_clock,4.7,GHz
1778,359,cpu_L2,9.5,MB
1779,359,cpu_L3,20,MB
1780,359,DDR,"DDR5, DDR4",
1781,360,cpu_brand,Intel,
1782,360,cpu_socket,LGA1700,
1783,360,tdp_watt,181,W
1784,360,cpu_core,14,EA
1785,360,thread,20,EA
1786,360,cpu_clock,5.3,GHz
1787,360,cpu_L2,20,MB
1788,360,cpu_L3,24,MB
1789,360,DDR,"DDR5, DDR4",
1790,361,cpu_brand,Intel,
1791,361,cpu_socket,LGA1700,
1792,361,tdp_watt,148,W
1793,361,cpu_core,10,EA
1794,361,thread,16,EA
1795,361,cpu_clock,4.7,GHz
1796,361,cpu_L2,9.5,MB
1797,361,cpu_L3,20,MB
1798,361,DDR,"DDR5, DDR4",
1799,362,cpu_brand,Intel,
1800,362,cpu_socket,LGA1700,
1801,362,tdp_watt,181,W
1802,362,cpu_core,14,EA
1803,362,thread,20,EA
1804,362,cpu_clock,5.3,GHz
1805,362,cpu_L2,20,MB
1806,362,cpu_L3,24,MB
1807,362,DDR,"DDR5, DDR4",
1808,363,cpu_brand,Intel,
1809,363,cpu_socket,LGA1700,
1810,363,tdp_watt,253,W
1811,363,cpu_core,24,EA
1812,363,thread,32,EA
1813,363,cpu_clock,6,GHz
1814,363,cpu_L2,32,MB
1815,363,cpu_L3,36,MB
1816,363,DDR,"DDR5, DDR4",
1817,364,cpu_brand,Intel,
1818,364,cpu_socket,LGA1700,
1819,364,tdp_watt,253,W
1820,364,cpu_core,24,EA
1821,364,thread,32,EA
1822,364,cpu_clock,6,GHz
1823,364,cpu_L2,32,MB
1824,364,cpu_L3,36,MB
1825,364,DDR,"DDR5, DDR4",
1826,365,cpu_brand,Intel,
1827,365,cpu_socket,LGA1700,
1828,365,tdp_watt,110,W
1829,365,cpu_core,4,EA
1830,365,thread,8,EA
1831,365,cpu_clock,4.7,GHz
1832,365,cpu_L2,5,MB
1833,365,cpu_L3,12,MB
1834,365,DDR,"DDR5, DDR4",
1835,366,cpu_brand,Intel,
1836,366,cpu_socket,LGA1700,
1837,366,tdp_watt,219,W
1838,366,cpu_core,20,EA
1839,366,thread,28,EA
1840,366,cpu_clock,5.4,GHz
1841,366,cpu_L2,28,MB
1842,366,cpu_L3,33,MB
1843,366,DDR,"DDR5, DDR4",
1844,367,cpu_brand,Intel,
1845,367,cpu_socket,LGA1700,
1846,367,tdp_watt,219,W
1847,367,cpu_core,20,EA
1848,367,thread,28,EA
1849,367,cpu_clock,5.4,GHz
1850,367,cpu_L2,28,MB
1851,367,cpu_L3,33,MB
1852,367,DDR,"DDR5, DDR4",
1853,368,cpu_brand,Intel,
1854,368,cpu_socket,LGA1700,
1855,368,tdp_watt,154,W
1856,368,cpu_core,14,EA
1857,368,thread,20,EA
1858,368,cpu_clock,5,GHz
1859,368,cpu_L2,11.5,MB
1860,368,cpu_L3,24,MB
1861,368,DDR,"DDR5, DDR4",
1862,369,cpu_brand,Intel,
1863,369,cpu_socket,LGA1700,
1864,369,tdp_watt,253,W
1865,369,cpu_core,20,EA
1866,369,thread,28,EA
1867,369,cpu_clock,5.6,GHz
1868,369,cpu_L2,28,MB
1869,369,cpu_L3,33,MB
1870,369,DDR,"DDR5, DDR4",
1871,370,cpu_brand,Intel,
1872,370,cpu_socket,LGA1700,
1873,370,tdp_watt,110,W
1874,370,cpu_core,4,EA
1875,370,thread,8,EA
1876,370,cpu_clock,4.7,GHz
1877,370,cpu_L2,5,MB
1878,370,cpu_L3,12,MB
1879,370,DDR,"DDR5, DDR4",
1880,371,cpu_brand,Intel,
1881,371,cpu_socket,LGA1700,
1882,371,tdp_watt,219,W
1883,371,cpu_core,24,EA
1884,371,thread,32,EA
1885,371,cpu_clock,5.8,GHz
1886,371,cpu_L3,36,MB
1887,371,DDR,"DDR5, DDR4",
1888,372,cpu_brand,Intel,
1889,372,cpu_socket,LGA1700,
1890,372,tdp_watt,219,W
1891,372,cpu_core,24,EA
1892,372,thread,32,EA
1893,372,cpu_clock,5.8,GHz
1894,372,cpu_L2,32,MB
1895,372,cpu_L3,36,MB
1896,372,DDR,"DDR5, DDR4",
1897,373,cpu_brand,Intel,
1898,373,cpu_socket,LGA1700,
1899,373,tdp_watt,410,W
1900,373,cpu_core,24,EA
1901,373,thread,32,EA
1902,373,cpu_clock,6.2,GHz
1903,373,cpu_L2,32,MB
1904,373,cpu_L3,36,MB
1905,373,DDR,"DDR5, DDR4",
1906,374,cpu_brand,Intel,
1907,374,cpu_socket,LGA1700,
1908,374,tdp_watt,253,W
1909,374,cpu_core,20,EA
1910,374,thread,28,EA
1911,374,cpu_clock,5.6,GHz
1912,374,cpu_L2,28,MB
1913,374,cpu_L3,33,MB
1914,374,DDR,"DDR5, DDR4",
1915,375,cpu_brand,Intel,
1916,375,cpu_socket,LGA1700,
1917,375,tdp_watt,106,W
1918,375,cpu_core,24,EA
1919,375,thread,32,EA
1920,375,cpu_clock,5.5,GHz
1921,375,cpu_L2,32,MB
1922,375,cpu_L3,36,MB
1923,375,DDR,"DDR5, DDR4",
1924,376,cpu_brand,Intel,
1925,376,cpu_socket,LGA1700,
1926,376,tdp_watt,92,W
1927,376,cpu_core,14,EA
1928,376,thread,20,EA
1929,376,cpu_clock,4.8,GHz
1930,376,cpu_L2,11.5,MB
1931,376,cpu_L3,24,MB
1932,376,DDR,"DDR5, DDR4",
1933,377,cpu_brand,Intel,
1934,377,cpu_socket,LGA1700,
1935,377,tdp_watt,69,W
1936,377,cpu_core,4,EA
1937,377,thread,8,EA
1938,377,cpu_clock,4.4,GHz
1939,377,cpu_L2,5,MB
1940,377,cpu_L3,12,MB
1941,377,DDR,"DDR5, DDR4",
1942,378,cpu_brand,Intel,
1943,378,cpu_socket,LGA1700,
1944,378,tdp_watt,106,W
1945,378,cpu_core,20,EA
1946,378,thread,28,EA
1947,378,cpu_clock,5.2,GHz
1948,378,cpu_L2,28,MB
1949,378,cpu_L3,33,MB
1950,378,DDR,"DDR5, DDR4",
1951,379,cpu_brand,Intel,
1952,379,cpu_socket,LGA1851,
1953,379,tdp_watt,250,W
1954,379,cpu_core,24,EA
1955,379,thread,24,EA
1956,379,cpu_clock,5.5,GHz
1957,379,cpu_L2,40,MB
1958,379,cpu_L3,36,MB
1959,379,DDR,DDR5,
1960,380,cpu_brand,Intel,
1961,380,cpu_socket,LGA1851,
1962,380,tdp_watt,159,W
1963,380,cpu_core,18,EA
1964,380,thread,18,EA
1965,380,cpu_clock,5.3,GHz
1966,380,cpu_L2,30,MB
1967,380,cpu_L3,30,MB
1968,380,DDR,DDR5,
1969,381,cpu_brand,Intel,
1970,381,cpu_socket,LGA1851,
1971,381,tdp_watt,250,W
1972,381,cpu_core,24,EA
1973,381,thread,24,EA
1974,381,cpu_clock,5.7,GHz
1975,381,cpu_L2,40,MB
1976,381,cpu_L3,36,MB
1977,381,DDR,DDR5,
1978,382,cpu_brand,Intel,
1979,382,cpu_socket,LGA1851,
1980,382,tdp_watt,121,W
1981,382,cpu_core,10,EA
1982,382,thread,10,EA
1983,382,cpu_clock,4.9,GHz
1984,382,cpu_L2,22,MB
1985,382,cpu_L3,20,MB
1986,382,DDR,DDR5,
1987,383,cpu_brand,Intel,
1988,383,cpu_socket,LGA1851,
1989,383,tdp_watt,159,W
1990,383,cpu_core,14,EA
1991,383,thread,14,EA
1992,383,cpu_clock,5.2,GHz
1993,383,cpu_L2,26,MB
1994,383,cpu_L3,24,MB
1995,383,DDR,DDR5,
1996,384,cpu_brand,Intel,
1997,384,cpu_socket,LGA1851,
1998,384,tdp_watt,250,W
1999,384,cpu_core,20,EA
2000,384,thread,20,EA
2001,384,cpu_clock,5.5,GHz
2002,384,cpu_L2,36,MB
2003,384,cpu_L3,30,MB
2004,384,DDR,DDR5,
2005,385,cpu_brand,Intel,
2006,385,cpu_socket,LGA1851,
2007,385,tdp_watt,121,W
2008,385,cpu_core,10,EA
2009,385,thread,10,EA
2010,385,cpu_clock,4.9,GHz
2011,385,cpu_L2,22,MB
2012,385,cpu_L3,20,MB
2013,385,DDR,DDR5,
2014,386,cpu_brand,Intel,
2015,386,cpu_socket,LGA1851,
2016,386,tdp_watt,159,W
2017,386,cpu_core,18,EA
2018,386,thread,18,EA
2019,386,cpu_clock,5.3,GHz
2020,386,cpu_L2,30,MB
2021,386,cpu_L3,30,MB
2022,386,DDR,DDR5,
2023,387,cpu_brand,Intel,
2024,387,cpu_socket,LGA1851,
2025,387,tdp_watt,182,W
2026,387,cpu_core,24,EA
2027,387,thread,24,EA
2028,387,cpu_clock,5.6,GHz
2029,387,cpu_L2,40,MB
2030,387,cpu_L3,36,MB
2031,387,DDR,DDR5,
2032,388,cpu_brand,Intel,
2033,388,cpu_socket,LGA1851,
2034,388,tdp_watt,250,W
2035,388,cpu_core,20,EA
2036,388,thread,20,EA
2037,388,cpu_clock,5.5,GHz
2038,388,cpu_L2,36,MB
2039,388,cpu_L3,30,MB
2040,388,DDR,DDR5,
2041,389,cpu_brand,Intel,
2042,389,cpu_socket,LGA1851,
2043,389,tdp_watt,121,W
2044,389,cpu_core,14,EA
2045,389,thread,14,EA
2046,389,cpu_clock,5,GHz
2047,389,cpu_L2,26,MB
2048,389,cpu_L3,24,MB
2049,389,DDR,DDR5,
2050,390,cpu_brand,Intel,
2051,390,cpu_socket,LGA1851,
2052,390,tdp_watt,159,W
2053,390,cpu_core,14,EA
2054,390,thread,14,EA
2055,390,cpu_clock,5.2,GHz
2056,390,cpu_L2,26,MB
2057,390,cpu_L3,24,MB
2058,390,DDR,DDR5,
2059,391,cpu_brand,Intel,
2060,391,cpu_socket,LGA1851,
2061,391,tdp_watt,182,W
2062,391,cpu_core,20,EA
2063,391,thread,20,EA
2064,391,cpu_clock,5.3,GHz
2065,391,cpu_L2,36,MB
2066,391,cpu_L3,30,MB
2067,391,DDR,DDR5,
2068,392,cpu_brand,Intel,
2069,392,cpu_socket,LGA1851,
2070,392,tdp_watt,182,W
2071,392,cpu_core,20,EA
2072,392,thread,20,EA
2073,392,cpu_clock,5.3,GHz
2074,392,cpu_L2,36,MB
2075,392,cpu_L3,30,MB
2076,392,DDR,DDR5,
2077,393,cpu_brand,Intel,
2078,393,cpu_socket,LGA1851,
2079,393,tdp_watt,121,W
2080,393,cpu_core,14,EA
2081,393,thread,14,EA
2082,393,cpu_clock,5.1,GHz
2083,393,cpu_L2,26,MB
2084,393,cpu_L3,24,MB
2085,393,DDR,DDR5,
2086,394,cpu_brand,Intel,
2087,394,cpu_socket,LGA1851,
2088,394,tdp_watt,112,W
2089,394,cpu_core,24,EA
2090,394,thread,24,EA
2091,394,cpu_clock,5.4,GHz
2092,394,cpu_L2,40,MB
2093,394,cpu_L3,36,MB
2094,394,DDR,DDR5,
2095,395,cpu_brand,Intel,
2096,395,cpu_socket,LGA1851,
2097,395,tdp_watt,114,W
2098,395,cpu_core,10,EA
2099,395,thread,10,EA
2100,395,cpu_clock,4.9,GHz
2101,395,cpu_L2,22,MB
2102,395,cpu_L3,20,MB
2103,395,DDR,DDR5,
2104,396,cpu_brand,Intel,
2105,396,cpu_socket,LGA1851,
2106,396,tdp_watt,112,W
2107,396,cpu_core,20,EA
2108,396,thread,20,EA
2109,396,cpu_clock,5.3,GHz
2110,396,cpu_L2,36,MB
2111,396,cpu_L3,30,MB
2112,396,DDR,DDR5,
2113,397,cpu_brand,Intel,
2114,397,cpu_socket,LGA1851,
2115,397,tdp_watt,114,W
2116,397,cpu_core,14,EA
2117,397,thread,14,EA
2118,397,cpu_clock,5,GHz
2119,397,cpu_L2,26,MB
2120,397,cpu_L3,24,MB
2121,397,DDR,DDR5,
2122,398,cpu_brand,AMD,
2123,398,cpu_socket,AM4,
2124,398,tdp_watt,65,W
2125,398,cpu_core,4,EA
2126,398,thread,8,EA
2127,398,cpu_clock,4.2,GHz
2128,398,cpu_L2,2,MB
2129,398,cpu_L3,4,MB
2130,398,DDR,DDR4,
2131,399,cpu_brand,AMD,
2132,399,cpu_socket,AM4,
2133,399,tdp_watt,65,W
2134,399,cpu_core,6,EA
2135,399,thread,12,EA
2136,399,cpu_clock,4.2,GHz
2137,399,cpu_L2,3,MB
2138,399,cpu_L3,32,MB
2139,399,DDR,DDR4,
2140,400,cpu_brand,AMD,
2141,400,cpu_socket,AM4,
2142,400,tdp_watt,65,W
2143,400,cpu_core,4,EA
2144,400,thread,4,EA
2145,400,cpu_clock,4,GHz
2146,400,cpu_L2,2,MB
2147,400,cpu_L3,4,MB
2148,400,DDR,DDR4,
2149,401,cpu_brand,AMD,
2150,401,cpu_socket,AM4,
2151,401,tdp_watt,105,W
2152,401,cpu_core,12,EA
2153,401,thread,24,EA
2154,401,cpu_clock,4.6,GHz
2155,401,cpu_L2,6,MB
2156,401,cpu_L3,64,MB
2157,401,DDR,DDR4,
2158,402,cpu_brand,AMD,
2159,402,cpu_socket,AM4,
2160,402,tdp_watt,65,W
2161,402,cpu_core,4,EA
2162,402,thread,8,EA
2163,402,cpu_clock,4.3,GHz
2164,402,cpu_L2,2,MB
2165,402,cpu_L3,16,MB
2166,402,DDR,DDR4,
2167,403,cpu_brand,AMD,
2168,403,cpu_socket,AM4,
2169,403,tdp_watt,95,W
2170,403,cpu_core,6,EA
2171,403,thread,12,EA
2172,403,cpu_clock,4.4,GHz
2173,403,cpu_L2,3,MB
2174,403,cpu_L3,32,MB
2175,403,DDR,DDR4,
2176,404,cpu_brand,AMD,
2177,404,cpu_socket,AM4,
2178,404,tdp_watt,65,W
2179,404,cpu_core,8,EA
2180,404,thread,16,EA
2181,404,cpu_clock,4.4,GHz
2182,404,cpu_L2,4,MB
2183,404,cpu_L3,32,MB
2184,404,DDR,DDR4,
2185,405,cpu_brand,AMD,
2186,405,cpu_socket,AM4,
2187,405,tdp_watt,105,W
2188,405,cpu_core,8,EA
2189,405,thread,16,EA
2190,405,cpu_clock,4.5,GHz
2191,405,cpu_L2,4,MB
2192,405,cpu_L3,32,MB
2193,405,DDR,DDR4,
2194,406,cpu_brand,AMD,
2195,406,cpu_socket,AM4,
2196,406,tdp_watt,105,W
2197,406,cpu_core,16,EA
2198,406,thread,32,EA
2199,406,cpu_clock,4.7,GHz
2200,406,cpu_L2,8,MB
2201,406,cpu_L3,64,MB
2202,406,DDR,DDR4,
2203,407,cpu_brand,AMD,
2204,407,cpu_socket,AM4,
2205,407,tdp_watt,65,W
2206,407,cpu_core,6,EA
2207,407,thread,6,EA
2208,407,cpu_clock,4.1,GHz
2209,407,cpu_L2,3,MB
2210,407,cpu_L3,16,MB
2211,407,DDR,DDR4,
2212,408,cpu_brand,AMD,
2213,408,cpu_socket,AM4,
2214,408,tdp_watt,65,W
2215,408,cpu_core,4,EA
2216,408,thread,8,EA
2217,408,cpu_clock,3.9,GHz
2218,408,cpu_L2,2,MB
2219,408,cpu_L3,16,MB
2220,408,DDR,DDR4,
2221,409,cpu_brand,AMD,
2222,409,cpu_socket,AM4,
2223,409,tdp_watt,105,W
2224,409,cpu_core,12,EA
2225,409,thread,24,EA
2226,409,cpu_clock,4.7,GHz
2227,409,cpu_L2,6,MB
2228,409,cpu_L3,64,MB
2229,409,DDR,DDR4,
2230,410,cpu_brand,AMD,
2231,410,cpu_socket,AM4,
2232,410,tdp_watt,105,W
2233,410,cpu_core,8,EA
2234,410,thread,16,EA
2235,410,cpu_clock,4.7,GHz
2236,410,cpu_L2,4,MB
2237,410,cpu_L3,32,MB
2238,410,DDR,DDR4,
2239,411,cpu_brand,AMD,
2240,411,cpu_socket,AM4,
2241,411,tdp_watt,65,W
2242,411,cpu_core,6,EA
2243,411,thread,6,EA
2244,411,cpu_clock,4.1,GHz
2245,411,cpu_L2,3,MB
2246,411,cpu_L3,32,MB
2247,411,DDR,DDR4,
2248,412,cpu_brand,AMD,
2249,412,cpu_socket,AM4,
2250,412,tdp_watt,95,W
2251,412,cpu_core,6,EA
2252,412,thread,12,EA
2253,412,cpu_clock,4.5,GHz
2254,412,cpu_L2,3,MB
2255,412,cpu_L3,32,MB
2256,412,DDR,DDR4,
2257,413,cpu_brand,AMD,
2258,413,cpu_socket,AM4,
2259,413,tdp_watt,65,W
2260,413,cpu_core,6,EA
2261,413,thread,12,EA
2262,413,cpu_clock,4.2,GHz
2263,413,cpu_L2,3,MB
2264,413,cpu_L3,8,MB
2265,413,DDR,DDR4,
2266,414,cpu_brand,AMD,
2267,414,cpu_socket,AM4,
2268,414,tdp_watt,65,W
2269,414,cpu_core,4,EA
2270,414,thread,8,EA
2271,414,cpu_clock,4,GHz
2272,414,cpu_L2,2,MB
2273,414,cpu_L3,4,MB
2274,414,DDR,DDR4,
2275,415,cpu_brand,AMD,
2276,415,cpu_socket,AM4,
2277,415,tdp_watt,65,W
2278,415,cpu_core,6,EA
2279,415,thread,12,EA
2280,415,cpu_clock,4.2,GHz
2281,415,cpu_L2,3,MB
2282,415,cpu_L3,8,MB
2283,415,DDR,DDR4,
2284,416,cpu_brand,AMD,
2285,416,cpu_socket,AM4,
2286,416,tdp_watt,65,W
2287,416,cpu_core,6,EA
2288,416,thread,12,EA
2289,416,cpu_clock,4.1,GHz
2290,416,cpu_L2,3,MB
2291,416,cpu_L3,8,MB
2292,416,DDR,DDR4,
2293,417,cpu_brand,AMD,
2294,417,cpu_socket,AM4,
2295,417,tdp_watt,65,W
2296,417,cpu_core,8,EA
2297,417,thread,16,EA
2298,417,cpu_clock,4.4,GHz
2299,417,cpu_L2,4,MB
2300,417,cpu_L3,8,MB
2301,417,DDR,DDR4,
2302,418,cpu_brand,AMD,
2303,418,cpu_socket,AM4,
2304,418,tdp_watt,65,W
2305,418,cpu_core,4,EA
2306,418,thread,8,EA
2307,418,cpu_clock,4,GHz
2308,418,cpu_L2,2,MB
2309,418,cpu_L3,4,MB
2310,418,DDR,DDR4,
2311,419,cpu_brand,AMD,
2312,419,cpu_socket,AM4,
2313,419,tdp_watt,65,W
2314,419,cpu_core,6,EA
2315,419,thread,12,EA
2316,419,cpu_clock,4.4,GHz
2317,419,cpu_L2,3,MB
2318,419,cpu_L3,16,MB
2319,419,DDR,DDR4,
2320,420,cpu_brand,AMD,
2321,420,cpu_socket,AM4,
2322,420,tdp_watt,65,W
2323,420,cpu_core,6,EA
2324,420,thread,12,EA
2325,420,cpu_clock,4.4,GHz
2326,420,cpu_L2,3,MB
2327,420,cpu_L3,32,MB
2328,420,DDR,DDR4,
2329,421,cpu_brand,AMD,
2330,421,cpu_socket,AM4,
2331,421,tdp_watt,65,W
2332,421,cpu_core,8,EA
2333,421,thread,16,EA
2334,421,cpu_clock,4.6,GHz
2335,421,cpu_L2,4,MB
2336,421,cpu_L3,32,MB
2337,421,DDR,DDR4,
2338,422,cpu_brand,AMD,
2339,422,cpu_socket,AM4,
2340,422,tdp_watt,105,W
2341,422,cpu_core,8,EA
2342,422,thread,16,EA
2343,422,cpu_clock,4.5,GHz
2344,422,cpu_L2,4,MB
2345,422,cpu_L3,96,MB
2346,422,DDR,DDR4,
2347,423,cpu_brand,AMD,
2348,423,cpu_socket,AM4,
2349,423,tdp_watt,65,W
2350,423,cpu_core,6,EA
2351,423,thread,12,EA
2352,423,cpu_clock,4.4,GHz
2353,423,cpu_L2,3,MB
2354,423,cpu_L3,16,MB
2355,423,DDR,DDR4,
2356,424,cpu_brand,AMD,
2357,424,cpu_socket,AM4,
2358,424,tdp_watt,65,W
2359,424,cpu_core,6,EA
2360,424,thread,12,EA
2361,424,cpu_clock,4.6,GHz
2362,424,cpu_L2,3,MB
2363,424,cpu_L3,16,MB
2364,424,DDR,DDR4,
2365,425,cpu_brand,AMD,
2366,425,cpu_socket,AM4,
2367,425,tdp_watt,105,W
2368,425,cpu_core,8,EA
2369,425,thread,16,EA
2370,425,cpu_clock,4.5,GHz
2371,425,cpu_L2,4,MB
2372,425,cpu_L3,96,MB
2373,425,DDR,DDR4,
2374,426,cpu_brand,AMD,
2375,426,cpu_socket,AM4,
2376,426,tdp_watt,65,W
2377,426,cpu_core,4,EA
2378,426,thread,4,EA
2379,426,cpu_clock,4,GHz
2380,426,cpu_L2,2,MB
2381,426,cpu_L3,4,MB
2382,426,DDR,DDR4,
2383,427,cpu_brand,AMD,
2384,427,cpu_socket,AM4,
2385,427,tdp_watt,65,W
2386,427,cpu_core,8,EA
2387,427,thread,16,EA
2388,427,cpu_clock,4.6,GHz
2389,427,cpu_L2,4,MB
2390,427,cpu_L3,16,MB
2391,427,DDR,DDR4,
2392,428,cpu_brand,AMD,
2393,428,cpu_socket,AM4,
2394,428,tdp_watt,105,W
2395,428,cpu_core,8,EA
2396,428,thread,16,EA
2397,428,cpu_clock,4.1,GHz
2398,428,cpu_L2,4,MB
2399,428,cpu_L3,96,MB
2400,428,DDR,DDR4,
2401,429,cpu_brand,AMD,
2402,429,cpu_socket,AM4,
2403,429,tdp_watt,65,W
2404,429,cpu_core,6,EA
2405,429,thread,12,EA
2406,429,cpu_clock,4.6,GHz
2407,429,cpu_L2,3,MB
2408,429,cpu_L3,32,MB
2409,429,DDR,DDR4,
2410,430,cpu_brand,AMD,
2411,430,cpu_socket,AM4,
2412,430,tdp_watt,105,W
2413,430,cpu_core,8,EA
2414,430,thread,16,EA
2415,430,cpu_clock,4.7,GHz
2416,430,cpu_L2,4,MB
2417,430,cpu_L3,32,MB
2418,430,DDR,DDR4,
2419,431,cpu_brand,AMD,
2420,431,cpu_socket,AM4,
2421,431,tdp_watt,65,W
2422,431,cpu_core,6,EA
2423,431,thread,12,EA
2424,431,cpu_clock,4.2,GHz
2425,431,cpu_L2,3,MB
2426,431,cpu_L3,16,MB
2427,431,DDR,DDR4,
2428,432,cpu_brand,AMD,
2429,432,cpu_socket,AM4,
2430,432,tdp_watt,105,W
2431,432,cpu_core,16,EA
2432,432,thread,32,EA
2433,432,cpu_clock,4.9,GHz
2434,432,cpu_L2,8,MB
2435,432,cpu_L3,64,MB
2436,432,DDR,DDR4,
2437,433,cpu_brand,AMD,
2438,433,cpu_socket,AM4,
2439,433,tdp_watt,105,W
2440,433,cpu_core,12,EA
2441,433,thread,24,EA
2442,433,cpu_clock,4.8,GHz
2443,433,cpu_L2,6,MB
2444,433,cpu_L3,64,MB
2445,433,DDR,DDR4,
2446,434,cpu_brand,AMD,
2447,434,cpu_socket,AM4,
2448,434,tdp_watt,35,W
2449,434,cpu_core,4,EA
2450,434,thread,8,EA
2451,434,cpu_clock,4.2,GHz
2452,434,cpu_L2,2,MB
2453,434,cpu_L3,8,MB
2454,434,DDR,DDR4,
2455,435,cpu_brand,AMD,
2456,435,cpu_socket,AM4,
2457,435,tdp_watt,105,W
2458,435,cpu_core,16,EA
2459,435,thread,32,EA
2460,435,cpu_clock,4.8,GHz
2461,435,cpu_L2,8,MB
2462,435,cpu_L3,64,MB
2463,435,DDR,DDR4,
2464,436,cpu_brand,AMD,
2465,436,cpu_socket,AM4,
2466,436,tdp_watt,65,W
2467,436,cpu_core,4,EA
2468,436,thread,8,EA
2469,436,cpu_clock,4.2,GHz
2470,436,cpu_L2,2,MB
2471,436,cpu_L3,8,MB
2472,436,DDR,DDR4,
2473,437,cpu_brand,AMD,
2474,437,cpu_socket,AM4,
2475,437,tdp_watt,65,W
2476,437,cpu_core,6,EA
2477,437,thread,12,EA
2478,437,cpu_clock,4.7,GHz
2479,437,cpu_L2,3,MB
2480,437,cpu_L3,32,MB
2481,437,DDR,DDR4,
2482,438,cpu_brand,AMD,
2483,438,cpu_socket,AM4,
2484,438,tdp_watt,65,W
2485,438,cpu_core,6,EA
2486,438,thread,12,EA
2487,438,cpu_clock,4.5,GHz
2488,438,cpu_L2,3,MB
2489,438,cpu_L3,32,MB
2490,438,DDR,DDR4,
2491,439,cpu_brand,AMD,
2492,439,cpu_socket,AM4,
2493,439,tdp_watt,65,W
2494,439,cpu_core,8,EA
2495,439,thread,16,EA
2496,439,cpu_clock,4.6,GHz
2497,439,cpu_L2,4,MB
2498,439,cpu_L3,16,MB
2499,439,DDR,DDR4,
2500,440,cpu_brand,AMD,
2501,440,cpu_socket,AM5,
2502,440,tdp_watt,120,W
2503,440,cpu_core,8,EA
2504,440,thread,16,EA
2505,440,cpu_clock,5,GHz
2506,440,cpu_L2,8,MB
2507,440,cpu_L3,96,MB
2508,440,DDR,DDR5,
2509,441,cpu_brand,AMD,
2510,441,cpu_socket,AM5,
2511,441,tdp_watt,65,W
2512,441,cpu_core,6,EA
2513,441,thread,12,EA
2514,441,cpu_clock,5,GHz
2515,441,cpu_L2,6,MB
2516,441,cpu_L3,32,MB
2517,441,DDR,DDR5,
2518,442,cpu_brand,AMD,
2519,442,cpu_socket,AM5,
2520,442,tdp_watt,65,W
2521,442,cpu_core,6,EA
2522,442,thread,12,EA
2523,442,cpu_clock,4.5,GHz
2524,442,cpu_L2,6,MB
2525,442,cpu_L3,96,MB
2526,442,DDR,DDR5,
2527,443,cpu_brand,AMD,
2528,443,cpu_socket,AM5,
2529,443,tdp_watt,120,W
2530,443,cpu_core,8,EA
2531,443,thread,16,EA
2532,443,cpu_clock,4.5,GHz
2533,443,cpu_L2,8,MB
2534,443,cpu_L3,96,MB
2535,443,DDR,DDR5,
2536,444,cpu_brand,AMD,
2537,444,cpu_socket,AM5,
2538,444,tdp_watt,120,W
2539,444,cpu_core,16,EA
2540,444,thread,32,EA
2541,444,cpu_clock,5.7,GHz
2542,444,cpu_L2,16,MB
2543,444,cpu_L3,128,MB
2544,444,DDR,DDR5,
2545,445,cpu_brand,AMD,
2546,445,cpu_socket,AM5,
2547,445,tdp_watt,170,W
2548,445,cpu_core,16,EA
2549,445,thread,32,EA
2550,445,cpu_clock,5.7,GHz
2551,445,cpu_L2,16,MB
2552,445,cpu_L3,64,MB
2553,445,DDR,DDR5,
2554,446,cpu_brand,AMD,
2555,446,cpu_socket,AM5,
2556,446,tdp_watt,65,W
2557,446,cpu_core,6,EA
2558,446,thread,12,EA
2559,446,cpu_clock,4.7,GHz
2560,446,cpu_L2,6,MB
2561,446,cpu_L3,32,MB
2562,446,DDR,DDR5,
2563,447,cpu_brand,AMD,
2564,447,cpu_socket,AM5,
2565,447,tdp_watt,65,W
2566,447,cpu_core,12,EA
2567,447,thread,24,EA
2568,447,cpu_clock,5.4,GHz
2569,447,cpu_L2,12,MB
2570,447,cpu_L3,64,MB
2571,447,DDR,DDR5,
2572,448,cpu_brand,AMD,
2573,448,cpu_socket,AM5,
2574,448,tdp_watt,65,W
2575,448,cpu_core,6,EA
2576,448,thread,12,EA
2577,448,cpu_clock,5.1,GHz
2578,448,cpu_L2,6,MB
2579,448,cpu_L3,32,MB
2580,448,DDR,DDR5,
2581,449,cpu_brand,AMD,
2582,449,cpu_socket,AM5,
2583,449,tdp_watt,105,W
2584,449,cpu_core,8,EA
2585,449,thread,16,EA
2586,449,cpu_clock,5.4,GHz
2587,449,cpu_L2,8,MB
2588,449,cpu_L3,32,MB
2589,449,DDR,DDR5,
2590,450,cpu_brand,AMD,
2591,450,cpu_socket,AM5,
2592,450,tdp_watt,65,W
2593,450,cpu_core,8,EA
2594,450,thread,16,EA
2595,450,cpu_clock,5.3,GHz
2596,450,cpu_L2,8,MB
2597,450,cpu_L3,32,MB
2598,450,DDR,DDR5,
2599,451,cpu_brand,AMD,
2600,451,cpu_socket,AM5,
2601,451,tdp_watt,170,W
2602,451,cpu_core,12,EA
2603,451,thread,24,EA
2604,451,cpu_clock,5.6,GHz
2605,451,cpu_L2,12,MB
2606,451,cpu_L3,64,MB
2607,451,DDR,DDR5,
2608,452,cpu_brand,AMD,
2609,452,cpu_socket,AM5,
2610,452,tdp_watt,65,W
2611,452,cpu_core,6,EA
2612,452,thread,12,EA
2613,452,cpu_clock,4.3,GHz
2614,452,cpu_L2,6,MB
2615,452,cpu_L3,16,MB
2616,452,DDR,DDR5,
2617,453,cpu_brand,AMD,
2618,453,cpu_socket,AM5,
2619,453,tdp_watt,105,W
2620,453,cpu_core,6,EA
2621,453,thread,12,EA
2622,453,cpu_clock,5.3,GHz
2623,453,cpu_L2,6,MB
2624,453,cpu_L3,32,MB
2625,453,DDR,DDR5,
2626,454,cpu_brand,AMD,
2627,454,cpu_socket,AM5,
2628,454,tdp_watt,120,W
2629,454,cpu_core,12,EA
2630,454,thread,24,EA
2631,454,cpu_clock,5.6,GHz
2632,454,cpu_L2,12,MB
2633,454,cpu_L3,128,MB
2634,454,DDR,DDR5,
2635,455,cpu_brand,AMD,
2636,455,cpu_socket,AM5,
2637,455,tdp_watt,65,W
2638,455,cpu_core,6,EA
2639,455,thread,12,EA
2640,455,cpu_clock,5.1,GHz
2641,455,cpu_L2,6,MB
2642,455,cpu_L3,32,MB
2643,455,DDR,DDR5,
2644,456,cpu_brand,AMD,
2645,456,cpu_socket,AM5,
2646,456,tdp_watt,65,W
2647,456,cpu_core,8,EA
2648,456,thread,16,EA
2649,456,cpu_clock,5.3,GHz
2650,456,cpu_L2,8,MB
2651,456,cpu_L3,32,MB
2652,456,DDR,DDR5,
2653,457,cpu_brand,AMD,
2654,457,cpu_socket,AM5,
2655,457,tdp_watt,65,W
2656,457,cpu_core,12,EA
2657,457,thread,24,EA
2658,457,cpu_clock,5.4,GHz
2659,457,cpu_L2,12,MB
2660,457,cpu_L3,64,MB
2661,457,DDR,DDR5,
2662,458,cpu_brand,AMD,
2663,458,cpu_socket,AM5,
2664,458,tdp_watt,65,W
2665,458,cpu_core,6,EA
2666,458,thread,12,EA
2667,458,cpu_clock,5,GHz
2668,458,cpu_L2,6,MB
2669,458,cpu_L3,16,MB
2670,458,DDR,DDR5,
2671,459,cpu_brand,AMD,
2672,459,cpu_socket,AM5,
2673,459,tdp_watt,65,W
2674,459,cpu_core,6,EA
2675,459,thread,12,EA
2676,459,cpu_clock,5,GHz
2677,459,cpu_L2,6,MB
2678,459,cpu_L3,16,MB
2679,459,DDR,DDR5,
2680,460,cpu_brand,AMD,
2681,460,cpu_socket,AM5,
2682,460,tdp_watt,65,W
2683,460,cpu_core,8,EA
2684,460,thread,16,EA
2685,460,cpu_clock,5,GHz
2686,460,cpu_L2,8,MB
2687,460,cpu_L3,16,MB
2688,460,DDR,DDR5,
2689,461,cpu_brand,AMD,
2690,461,cpu_socket,AM5,
2691,461,tdp_watt,65,W
2692,461,cpu_core,8,EA
2693,461,thread,16,EA
2694,461,cpu_clock,5.1,GHz
2695,461,cpu_L2,8,MB
2696,461,cpu_L3,16,MB
2697,461,DDR,DDR5,
2698,462,cpu_brand,AMD,
2699,462,cpu_socket,AM5,
2700,462,tdp_watt,65,W
2701,462,cpu_core,6,EA
2702,462,thread,12,EA
2703,462,cpu_clock,4.7,GHz
2704,462,cpu_L2,6,MB
2705,462,cpu_L3,16,MB
2706,462,DDR,DDR5,
2707,463,cpu_brand,AMD,
2708,463,cpu_socket,AM5,
2709,463,tdp_watt,65,W
2710,463,cpu_core,6,EA
2711,463,thread,12,EA
2712,463,cpu_clock,5,GHz
2713,463,cpu_L2,6,MB
2714,463,cpu_L3,16,MB
2715,463,DDR,DDR5,
2716,464,cpu_brand,AMD,
2717,464,cpu_socket,AM5,
2718,464,tdp_watt,65,W
2719,464,cpu_core,6,EA
2720,464,thread,12,EA
2721,464,cpu_clock,5,GHz
2722,464,cpu_L2,6,MB
2723,464,cpu_L3,16,MB
2724,464,DDR,DDR5,
2725,465,cpu_brand,AMD,
2726,465,cpu_socket,AM5,
2727,465,tdp_watt,120,W
2728,465,cpu_core,8,EA
2729,465,thread,16,EA
2730,465,cpu_clock,5.2,GHz
2731,465,cpu_L2,8,MB
2732,465,cpu_L3,96,MB
2733,465,DDR,DDR5,
2734,466,cpu_brand,AMD,
2735,466,cpu_socket,AM5,
2736,466,tdp_watt,65,W
2737,466,cpu_core,6,EA
2738,466,thread,12,EA
2739,466,cpu_clock,5.4,GHz
2740,466,cpu_L2,6,MB
2741,466,cpu_L3,32,MB
2742,466,DDR,DDR5,
2743,467,cpu_brand,AMD,
2744,467,cpu_socket,AM5,
2745,467,tdp_watt,170,W
2746,467,cpu_core,16,EA
2747,467,thread,32,EA
2748,467,cpu_clock,5.7,GHz
2749,467,cpu_L2,16,MB
2750,467,cpu_L3,128,MB
2751,467,DDR,DDR5,
2752,468,cpu_brand,AMD,
2753,468,cpu_socket,AM5,
2754,468,tdp_watt,65,W
2755,468,cpu_core,8,EA
2756,468,thread,16,EA
2757,468,cpu_clock,5.5,GHz
2758,468,cpu_L2,8,MB
2759,468,cpu_L3,32,MB
2760,468,DDR,DDR5,
2761,469,cpu_brand,AMD,
2762,469,cpu_socket,AM5,
2763,469,tdp_watt,120,W
2764,469,cpu_core,8,EA
2765,469,thread,16,EA
2766,469,cpu_clock,5.6,GHz
2767,469,cpu_L2,8,MB
2768,469,cpu_L3,96,MB
2769,469,DDR,DDR5,
2770,470,cpu_brand,AMD,
2771,470,cpu_socket,AM5,
2772,470,tdp_watt,200,W
2773,470,cpu_core,16,EA
2774,470,thread,32,EA
2775,470,cpu_clock,5.6,GHz
2776,470,cpu_L2,16,MB
2777,470,cpu_L3,192,MB
2778,470,DDR,DDR5,
2779,471,cpu_brand,AMD,
2780,471,cpu_socket,AM5,
2781,471,tdp_watt,65,W
2782,471,cpu_core,6,EA
2783,471,thread,12,EA
2784,471,cpu_clock,5,GHz
2785,471,cpu_L2,6,MB
2786,471,cpu_L3,32,MB
2787,471,DDR,DDR5,
2788,472,cpu_brand,AMD,
2789,472,cpu_socket,AM5,
2790,472,tdp_watt,120,W
2791,472,cpu_core,12,EA
2792,472,thread,24,EA
2793,472,cpu_clock,5.6,GHz
2794,472,cpu_L2,12,MB
2795,472,cpu_L3,64,MB
2796,472,DDR,DDR5,
2797,473,cpu_brand,AMD,
2798,473,cpu_socket,AM5,
2799,473,tdp_watt,170,W
2800,473,cpu_core,16,EA
2801,473,thread,32,EA
2802,473,cpu_clock,5.7,GHz
2803,473,cpu_L2,16,MB
2804,473,cpu_L3,64,MB
2805,473,DDR,DDR5,
2806,474,cpu_brand,AMD,
2807,474,cpu_socket,AM5,
2808,474,tdp_watt,65,W
2809,474,cpu_core,6,EA
2810,474,thread,12,EA
2811,474,cpu_clock,5.2,GHz
2812,474,cpu_L2,6,MB
2813,474,cpu_L3,32,MB
2814,474,DDR,DDR5,
2815,475,cpu_brand,AMD,
2816,475,cpu_socket,AM5,
2817,475,tdp_watt,120,W
2818,475,cpu_core,12,EA
2819,475,thread,24,EA
2820,475,cpu_clock,5.5,GHz
2821,475,cpu_L2,12,MB
2822,475,cpu_L3,128,MB
2823,475,DDR,DDR5,
2824,476,cpu_socket,AM4,
2825,476,ram_type,DDR4,
2826,476,ram_socket,4,EA
2827,476,form_factor,M-ATX,
2828,476,chipset,B550,
2829,476,m2_slots,2,EA
2830,476,max_ram_capacity_gb,128,GB
2831,477,cpu_socket,AM4,
2832,477,ram_type,DDR4,
2833,477,ram_socket,2,EA
2834,477,form_factor,M-ATX,
2835,477,chipset,A520,
2836,477,m2_slots,1,EA
2837,477,max_ram_capacity_gb,64,GB
2838,478,cpu_socket,AM4,
2839,478,ram_type,DDR4,
2840,478,ram_socket,2,EA
2841,478,form_factor,M-ATX,
2842,478,chipset,B550,
2843,478,m2_slots,2,EA
2844,478,max_ram_capacity_gb,64,GB
2845,479,cpu_socket,AM4,
2846,479,ram_type,DDR4,
2847,479,ram_socket,4,EA
2848,479,form_factor,M-ATX,
2849,479,chipset,B550,
2850,479,m2_slots,2,EA
2851,479,max_ram_capacity_gb,128,GB
2852,480,cpu_socket,AM4,
2853,480,ram_type,DDR4,
2854,480,ram_socket,2,EA
2855,480,form_factor,M-ATX,
2856,480,chipset,A520,
2857,480,m2_slots,1,EA
2858,480,max_ram_capacity_gb,64,GB
2859,481,cpu_socket,AM4,
2860,481,ram_type,DDR4,
2861,481,ram_socket,4,EA
2862,481,form_factor,ATX,
2863,481,chipset,X570,
2864,481,m2_slots,2,EA
2865,481,max_ram_capacity_gb,128,GB
2866,482,cpu_socket,AM4,
2867,482,ram_type,DDR4,
2868,482,ram_socket,4,EA
2869,482,form_factor,M-ATX,
2870,482,chipset,A320,
2871,482,m2_slots,1,EA
2872,482,max_ram_capacity_gb,64,GB
2873,483,cpu_socket,AM4,
2874,483,ram_type,DDR4,
2875,483,ram_socket,2,EA
2876,483,form_factor,M-ATX,
2877,483,chipset,B550,
2878,483,m2_slots,2,EA
2879,483,max_ram_capacity_gb,64,GB
2880,484,cpu_socket,AM4,
2881,484,ram_type,DDR4,
2882,484,ram_socket,2,EA
2883,484,form_factor,M-ATX,
2884,484,chipset,A520,
2885,484,m2_slots,1,EA
2886,484,max_ram_capacity_gb,64,GB
2887,485,cpu_socket,AM4,
2888,485,ram_type,DDR4,
2889,485,ram_socket,2,EA
2890,485,form_factor,M-ATX,
2891,485,chipset,A520,
2892,485,m2_slots,2,EA
2893,485,max_ram_capacity_gb,64,GB
2894,486,cpu_socket,AM4,
2895,486,ram_type,DDR4,
2896,486,ram_socket,4,EA
2897,486,form_factor,M-ATX,
2898,486,chipset,B450,
2899,486,m2_slots,2,EA
2900,486,max_ram_capacity_gb,64,GB
2901,487,cpu_socket,AM4,
2902,487,ram_type,DDR4,
2903,487,ram_socket,2,EA
2904,487,form_factor,M-ATX,
2905,487,chipset,A520,
2906,487,m2_slots,1,EA
2907,487,max_ram_capacity_gb,64,GB
2908,488,cpu_socket,AM5,
2909,488,ram_type,DDR5,
2910,488,ram_socket,4,EA
2911,488,form_factor,M-ATX,
2912,488,chipset,B850,
2913,488,m2_slots,3,EA
2914,488,max_ram_capacity_gb,256,GB
2915,489,cpu_socket,AM5,
2916,489,ram_type,DDR5,
2917,489,ram_socket,4,EA
2918,489,form_factor,M-ATX,
2919,489,chipset,B650,
2920,489,m2_slots,3,EA
2921,489,max_ram_capacity_gb,256,GB
2922,490,cpu_socket,AM5,
2923,490,ram_type,DDR5,
2924,490,ram_socket,4,EA
2925,490,form_factor,M-ATX,
2926,490,chipset,B850,
2927,490,m2_slots,3,EA
2928,490,max_ram_capacity_gb,256,GB
2929,491,cpu_socket,AM5,
2930,491,ram_type,DDR5,
2931,491,ram_socket,4,EA
2932,491,form_factor,ATX,
2933,491,chipset,X870E,
2934,491,m2_slots,5,EA
2935,491,max_ram_capacity_gb,256,GB
2936,492,cpu_socket,AM5,
2937,492,ram_type,DDR5,
2938,492,ram_socket,4,EA
2939,492,form_factor,ATX,
2940,492,chipset,B850,
2941,492,m2_slots,3,EA
2942,492,max_ram_capacity_gb,256,GB
2943,493,cpu_socket,AM5,
2944,493,ram_type,DDR5,
2945,493,ram_socket,2,EA
2946,493,form_factor,M-ITX,
2947,493,chipset,B850,
2948,493,m2_slots,2,EA
2949,493,max_ram_capacity_gb,96,GB
2950,494,cpu_socket,AM5,
2951,494,ram_type,DDR5,
2952,494,ram_socket,4,EA
2953,494,form_factor,M-ATX,
2954,494,chipset,B650,
2955,494,m2_slots,3,EA
2956,494,max_ram_capacity_gb,256,GB
2957,495,cpu_socket,AM5,
2958,495,ram_type,DDR5,
2959,495,ram_socket,4,EA
2960,495,form_factor,ATX,
2961,495,chipset,B850,
2962,495,m2_slots,3,EA
2963,495,max_ram_capacity_gb,192,GB
2964,496,cpu_socket,AM5,
2965,496,ram_type,DDR5,
2966,496,ram_socket,4,EA
2967,496,form_factor,ATX,
2968,496,chipset,X870E,
2969,496,m2_slots,4,EA
2970,496,max_ram_capacity_gb,192,GB
2971,497,cpu_socket,AM5,
2972,497,ram_type,DDR5,
2973,497,ram_socket,4,EA
2974,497,form_factor,ATX,
2975,497,chipset,X870E,
2976,497,m2_slots,4,EA
2977,497,max_ram_capacity_gb,192,GB
2978,498,cpu_socket,AM5,
2979,498,ram_type,DDR5,
2980,498,ram_socket,4,EA
2981,498,form_factor,M-ATX,
2982,498,chipset,B650,
2983,498,m2_slots,3,EA
2984,498,max_ram_capacity_gb,256,GB
2985,499,cpu_socket,AM5,
2986,499,ram_type,DDR5,
2987,499,ram_socket,4,EA
2988,499,form_factor,M-ATX,
2989,499,chipset,B850,
2990,499,m2_slots,3,EA
2991,499,max_ram_capacity_gb,256,GB
2992,500,cpu_socket,AM5,
2993,500,ram_type,DDR5,
2994,500,ram_socket,4,EA
2995,500,form_factor,ATX,
2996,500,chipset,X870E,
2997,500,m2_slots,4,EA
2998,500,max_ram_capacity_gb,256,GB
2999,501,cpu_socket,AM5,
3000,501,ram_type,DDR5,
3001,501,ram_socket,4,EA
3002,501,form_factor,ATX,
3003,501,chipset,B850,
3004,501,m2_slots,3,EA
3005,501,max_ram_capacity_gb,256,GB
3006,502,cpu_socket,AM5,
3007,502,ram_type,DDR5,
3008,502,ram_socket,4,EA
3009,502,form_factor,M-ATX,
3010,502,chipset,B850,
3011,502,m2_slots,3,EA
3012,502,max_ram_capacity_gb,192,GB
3013,503,cpu_socket,AM5,
3014,503,ram_type,DDR5,
3015,503,ram_socket,4,EA
3016,503,form_factor,ATX,
3017,503,chipset,X870,
3018,503,m2_slots,4,EA
3019,503,max_ram_capacity_gb,192,GB
3020,504,cpu_socket,AM5,
3021,504,ram_type,DDR5,
3022,504,ram_socket,2,EA
3023,504,form_factor,ATX,
3024,504,chipset,X870E,
3025,504,m2_slots,5,EA
3026,504,max_ram_capacity_gb,128,GB
3027,505,cpu_socket,AM5,
3028,505,ram_type,DDR5,
3029,505,ram_socket,4,EA
3030,505,form_factor,E-ATX,
3031,505,chipset,X870E,
3032,505,m2_slots,5,EA
3033,505,max_ram_capacity_gb,256,GB
3034,506,cpu_socket,AM5,
3035,506,ram_type,DDR5,
3036,506,ram_socket,2,EA
3037,506,form_factor,M-ITX,
3038,506,chipset,X870,
3039,506,m2_slots,2,EA
3040,506,max_ram_capacity_gb,128,GB
3041,507,cpu_socket,AM5,
3042,507,ram_type,DDR5,
3043,507,ram_socket,4,EA
3044,507,form_factor,M-ATX,
3045,507,chipset,B650,
3046,507,m2_slots,3,EA
3047,507,max_ram_capacity_gb,256,GB
3048,508,cpu_socket,AM5,
3049,508,ram_type,DDR5,
3050,508,ram_socket,4,EA
3051,508,form_factor,M-ATX,
3052,508,chipset,B850,
3053,508,m2_slots,2,EA
3054,508,max_ram_capacity_gb,256,GB
3055,509,cpu_socket,AM5,
3056,509,ram_type,DDR5,
3057,509,ram_socket,4,EA
3058,509,form_factor,ATX,
3059,509,chipset,X870E,
3060,509,m2_slots,5,EA
3061,509,max_ram_capacity_gb,256,GB
3062,510,cpu_socket,AM5,
3063,510,ram_type,DDR5,
3064,510,ram_socket,4,EA
3065,510,form_factor,ATX,
3066,510,chipset,X870E,
3067,510,m2_slots,4,EA
3068,510,max_ram_capacity_gb,256,GB
3069,511,cpu_socket,AM5,
3070,511,ram_type,DDR5,
3071,511,ram_socket,2,EA
3072,511,form_factor,ATX,
3073,511,chipset,X870E,
3074,511,m2_slots,5,EA
3075,511,max_ram_capacity_gb,128,GB
3076,512,cpu_socket,AM5,
3077,512,ram_type,DDR5,
3078,512,ram_socket,4,EA
3079,512,form_factor,M-ATX,
3080,512,chipset,B650,
3081,512,m2_slots,2,EA
3082,512,max_ram_capacity_gb,128,GB
3083,513,cpu_socket,AM5,
3084,513,ram_type,DDR5,
3085,513,ram_socket,4,EA
3086,513,form_factor,M-ATX,
3087,513,chipset,B850,
3088,513,m2_slots,3,EA
3089,513,max_ram_capacity_gb,256,GB
3090,514,cpu_socket,AM5,
3091,514,ram_type,DDR5,
3092,514,ram_socket,4,EA
3093,514,form_factor,ATX,
3094,514,chipset,X870E,
3095,514,m2_slots,5,EA
3096,514,max_ram_capacity_gb,256,GB
3097,515,cpu_socket,AM5,
3098,515,ram_type,DDR5,
3099,515,ram_socket,4,EA
3100,515,form_factor,ATX,
3101,515,chipset,X870E,
3102,515,m2_slots,5,EA
3103,515,max_ram_capacity_gb,256,GB
3104,516,cpu_socket,AM5,
3105,516,ram_type,DDR5,
3106,516,ram_socket,4,EA
3107,516,form_factor,ATX,
3108,516,chipset,X870E,
3109,516,m2_slots,4,EA
3110,516,max_ram_capacity_gb,256,GB
3111,517,cpu_socket,AM5,
3112,517,ram_type,DDR5,
3113,517,ram_socket,4,EA
3114,517,form_factor,ATX,
3115,517,chipset,B850,
3116,517,m2_slots,4,EA
3117,517,max_ram_capacity_gb,256,GB
3118,518,cpu_socket,AM5,
3119,518,ram_type,DDR5,
3120,518,ram_socket,4,EA
3121,518,form_factor,M-ATX,
3122,518,chipset,B850,
3123,518,m2_slots,4,EA
3124,518,max_ram_capacity_gb,256,GB
3125,519,cpu_socket,AM5,
3126,519,ram_type,DDR5,
3127,519,ram_socket,4,EA
3128,519,form_factor,M-ATX,
3129,519,chipset,B850,
3130,519,m2_slots,3,EA
3131,519,max_ram_capacity_gb,256,GB
3132,520,cpu_socket,AM5,
3133,520,ram_type,DDR5,
3134,520,ram_socket,4,EA
3135,520,form_factor,ATX,
3136,520,chipset,B850,
3137,520,m2_slots,5,EA
3138,520,max_ram_capacity_gb,192,GB
3139,521,cpu_socket,AM5,
3140,521,ram_type,DDR5,
3141,521,ram_socket,4,EA
3142,521,form_factor,ATX,
3143,521,chipset,B850,
3144,521,m2_slots,3,EA
3145,521,max_ram_capacity_gb,192,GB
3146,522,cpu_socket,AM5,
3147,522,ram_type,DDR5,
3148,522,ram_socket,4,EA
3149,522,form_factor,ATX,
3150,522,chipset,B850,
3151,522,m2_slots,3,EA
3152,522,max_ram_capacity_gb,256,GB
3153,523,cpu_socket,AM5,
3154,523,ram_type,DDR5,
3155,523,ram_socket,4,EA
3156,523,form_factor,M-ATX,
3157,523,chipset,B850,
3158,523,m2_slots,3,EA
3159,523,max_ram_capacity_gb,256,GB
3160,524,cpu_socket,AM5,
3161,524,ram_type,DDR5,
3162,524,ram_socket,4,EA
3163,524,form_factor,M-ATX,
3164,524,chipset,B850,
3165,524,m2_slots,3,EA
3166,524,max_ram_capacity_gb,256,GB
3167,525,cpu_socket,AM5,
3168,525,ram_type,DDR5,
3169,525,ram_socket,4,EA
3170,525,form_factor,ATX,
3171,525,chipset,X870E,
3172,525,m2_slots,5,EA
3173,525,max_ram_capacity_gb,256,GB
3174,526,cpu_socket,AM5,
3175,526,ram_type,DDR5,
3176,526,ram_socket,4,EA
3177,526,form_factor,ATX,
3178,526,chipset,X870,
3179,526,m2_slots,4,EA
3180,526,max_ram_capacity_gb,256,GB
3181,527,cpu_socket,AM5,
3182,527,ram_type,DDR5,
3183,527,ram_socket,4,EA
3184,527,form_factor,ATX,
3185,527,chipset,X870E,
3186,527,m2_slots,5,EA
3187,527,max_ram_capacity_gb,256,GB
3188,528,cpu_socket,AM5,
3189,528,ram_type,DDR5,
3190,528,ram_socket,4,EA
3191,528,form_factor,M-ATX,
3192,528,chipset,B850,
3193,528,m2_slots,3,EA
3194,528,max_ram_capacity_gb,256,GB
3195,529,cpu_socket,AM5,
3196,529,ram_type,DDR5,
3197,529,ram_socket,4,EA
3198,529,form_factor,ATX,
3199,529,chipset,X870,
3200,529,m2_slots,4,EA
3201,529,max_ram_capacity_gb,256,GB
3202,530,cpu_socket,AM5,
3203,530,ram_type,DDR5,
3204,530,ram_socket,4,EA
3205,530,form_factor,ATX,
3206,530,chipset,X870E,
3207,530,m2_slots,4,EA
3208,530,max_ram_capacity_gb,256,GB
3209,531,cpu_socket,AM5,
3210,531,ram_type,DDR5,
3211,531,ram_socket,4,EA
3212,531,form_factor,ATX,
3213,531,chipset,B850,
3214,531,m2_slots,5,EA
3215,531,max_ram_capacity_gb,256,GB
3216,532,cpu_socket,AM5,
3217,532,ram_type,DDR5,
3218,532,ram_socket,4,EA
3219,532,form_factor,ATX,
3220,532,chipset,B850,
3221,532,m2_slots,3,EA
3222,532,max_ram_capacity_gb,256,GB
3223,533,cpu_socket,AM5,
3224,533,ram_type,DDR5,
3225,533,ram_socket,4,EA
3226,533,form_factor,ATX,
3227,533,chipset,X870E,
3228,533,m2_slots,4,EA
3229,533,max_ram_capacity_gb,256,GB
3230,534,cpu_socket,AM5,
3231,534,ram_type,DDR5,
3232,534,ram_socket,4,EA
3233,534,form_factor,M-ATX,
3234,534,chipset,B840,
3235,534,m2_slots,3,EA
3236,534,max_ram_capacity_gb,192,GB
3237,535,cpu_socket,AM5,
3238,535,ram_type,DDR5,
3239,535,ram_socket,4,EA
3240,535,form_factor,ATX,
3241,535,chipset,B850,
3242,535,m2_slots,4,EA
3243,535,max_ram_capacity_gb,256,GB
3244,536,cpu_socket,AM5,
3245,536,ram_type,DDR5,
3246,536,ram_socket,4,EA
3247,536,form_factor,M-ATX,
3248,536,chipset,B850,
3249,536,m2_slots,3,EA
3250,536,max_ram_capacity_gb,256,GB
3251,537,cpu_socket,AM5,
3252,537,ram_type,DDR5,
3253,537,ram_socket,2,EA
3254,537,form_factor,M-ITX,
3255,537,chipset,B850,
3256,537,m2_slots,2,EA
3257,537,max_ram_capacity_gb,96,GB
3258,538,cpu_socket,AM5,
3259,538,ram_type,DDR5,
3260,538,ram_socket,4,EA
3261,538,form_factor,ATX,
3262,538,chipset,B850,
3263,538,m2_slots,3,EA
3264,538,max_ram_capacity_gb,256,GB
3265,539,cpu_socket,AM5,
3266,539,ram_type,DDR5,
3267,539,ram_socket,4,EA
3268,539,form_factor,M-ATX,
3269,539,chipset,B850,
3270,539,m2_slots,3,EA
3271,539,max_ram_capacity_gb,256,GB
3272,540,cpu_socket,AM5,
3273,540,ram_type,DDR5,
3274,540,ram_socket,4,EA
3275,540,form_factor,ATX,
3276,540,chipset,X870E,
3277,540,m2_slots,5,EA
3278,540,max_ram_capacity_gb,192,GB
3279,541,cpu_socket,AM5,
3280,541,ram_type,DDR5,
3281,541,ram_socket,2,EA
3282,541,form_factor,M-ITX,
3283,541,chipset,X870,
3284,541,m2_slots,2,EA
3285,541,max_ram_capacity_gb,128,GB
3286,542,cpu_socket,AM5,
3287,542,ram_type,DDR5,
3288,542,ram_socket,4,EA
3289,542,form_factor,ATX,
3290,542,chipset,B850,
3291,542,m2_slots,3,EA
3292,542,max_ram_capacity_gb,256,GB
3293,543,cpu_socket,AM5,
3294,543,ram_type,DDR5,
3295,543,ram_socket,4,EA
3296,543,form_factor,M-ATX,
3297,543,chipset,B850,
3298,543,m2_slots,3,EA
3299,543,max_ram_capacity_gb,256,GB
3300,544,cpu_socket,AM5,
3301,544,ram_type,DDR5,
3302,544,ram_socket,4,EA
3303,544,form_factor,M-ATX,
3304,544,chipset,B650,
3305,544,m2_slots,3,EA
3306,544,max_ram_capacity_gb,256,GB
3307,545,cpu_socket,AM5,
3308,545,ram_type,DDR5,
3309,545,ram_socket,4,EA
3310,545,form_factor,M-ATX,
3311,545,chipset,A620A,
3312,545,m2_slots,2,EA
3313,545,max_ram_capacity_gb,256,GB
3314,546,cpu_socket,AM5,
3315,546,ram_type,DDR5,
3316,546,ram_socket,2,EA
3317,546,form_factor,M-ATX,
3318,546,chipset,A620,
3319,546,m2_slots,1,EA
3320,546,max_ram_capacity_gb,96,GB
3321,547,cpu_socket,AM5,
3322,547,ram_type,DDR5,
3323,547,ram_socket,4,EA
3324,547,form_factor,E-ATX,
3325,547,chipset,X870E,
3326,547,m2_slots,5,EA
3327,547,max_ram_capacity_gb,256,GB
3328,548,cpu_socket,AM5,
3329,548,ram_type,DDR5,
3330,548,ram_socket,4,EA
3331,548,form_factor,M-ATX,
3332,548,chipset,B850,
3333,548,m2_slots,3,EA
3334,548,max_ram_capacity_gb,256,GB
3335,549,cpu_socket,AM5,
3336,549,ram_type,DDR5,
3337,549,ram_socket,4,EA
3338,549,form_factor,M-ATX,
3339,549,chipset,B850,
3340,549,m2_slots,4,EA
3341,549,max_ram_capacity_gb,256,GB
3342,550,cpu_socket,AM5,
3343,550,ram_type,DDR5,
3344,550,ram_socket,4,EA
3345,550,form_factor,ATX,
3346,550,chipset,B850,
3347,550,m2_slots,4,EA
3348,550,max_ram_capacity_gb,256,GB
3349,551,cpu_socket,AM5,
3350,551,ram_type,DDR5,
3351,551,ram_socket,4,EA
3352,551,form_factor,M-ATX,
3353,551,chipset,B650,
3354,551,m2_slots,2,EA
3355,551,max_ram_capacity_gb,192,GB
3356,552,cpu_socket,AM5,
3357,552,ram_type,DDR5,
3358,552,ram_socket,2,EA
3359,552,form_factor,M-ATX,
3360,552,chipset,A620A,
3361,552,m2_slots,1,EA
3362,552,max_ram_capacity_gb,128,GB
3363,553,cpu_socket,AM5,
3364,553,ram_type,DDR5,
3365,553,ram_socket,4,EA
3366,553,form_factor,ATX,
3367,553,chipset,X870,
3368,553,m2_slots,4,EA
3369,553,max_ram_capacity_gb,192,GB
3370,554,cpu_socket,AM5,
3371,554,ram_type,DDR5,
3372,554,ram_socket,4,EA
3373,554,form_factor,ATX,
3374,554,chipset,B650,
3375,554,m2_slots,3,EA
3376,554,max_ram_capacity_gb,128,GB
3377,555,cpu_socket,AM5,
3378,555,ram_type,DDR5,
3379,555,ram_socket,4,EA
3380,555,form_factor,ATX,
3381,555,chipset,X870E,
3382,555,m2_slots,5,EA
3383,555,max_ram_capacity_gb,256,GB
3384,556,cpu_socket,AM5,
3385,556,ram_type,DDR5,
3386,556,ram_socket,4,EA
3387,556,form_factor,ATX,
3388,556,chipset,B850,
3389,556,m2_slots,3,EA
3390,556,max_ram_capacity_gb,256,GB
3391,557,cpu_socket,AM5,
3392,557,ram_type,DDR5,
3393,557,ram_socket,4,EA
3394,557,form_factor,ATX,
3395,557,chipset,X870,
3396,557,m2_slots,4,EA
3397,557,max_ram_capacity_gb,192,GB
3398,558,cpu_socket,AM5,
3399,558,ram_type,DDR5,
3400,558,ram_socket,4,EA
3401,558,form_factor,ATX,
3402,558,chipset,B650,
3403,558,m2_slots,3,EA
3404,558,max_ram_capacity_gb,128,GB
3405,559,cpu_socket,AM5,
3406,559,ram_type,DDR5,
3407,559,ram_socket,4,EA
3408,559,form_factor,ATX,
3409,559,chipset,B850,
3410,559,m2_slots,5,EA
3411,559,max_ram_capacity_gb,192,GB
3412,560,cpu_socket,AM5,
3413,560,ram_type,DDR5,
3414,560,ram_socket,4,EA
3415,560,form_factor,M-ATX,
3416,560,chipset,B850,
3417,560,m2_slots,3,EA
3418,560,max_ram_capacity_gb,256,GB
3419,561,cpu_socket,AM5,
3420,561,ram_type,DDR5,
3421,561,ram_socket,4,EA
3422,561,form_factor,M-ATX,
3423,561,chipset,B850,
3424,561,m2_slots,3,EA
3425,561,max_ram_capacity_gb,192,GB
3426,562,cpu_socket,AM5,
3427,562,ram_type,DDR5,
3428,562,ram_socket,4,EA
3429,562,form_factor,ATX,
3430,562,chipset,X870,
3431,562,m2_slots,4,EA
3432,562,max_ram_capacity_gb,192,GB
3433,563,cpu_socket,AM5,
3434,563,ram_type,DDR5,
3435,563,ram_socket,4,EA
3436,563,form_factor,M-ATX,
3437,563,chipset,B650,
3438,563,m2_slots,3,EA
3439,563,max_ram_capacity_gb,256,GB
3440,564,cpu_socket,AM5,
3441,564,ram_type,DDR5,
3442,564,ram_socket,4,EA
3443,564,form_factor,M-ATX,
3444,564,chipset,B850,
3445,564,m2_slots,3,EA
3446,564,max_ram_capacity_gb,256,GB
3447,565,cpu_socket,AM5,
3448,565,ram_type,DDR5,
3449,565,ram_socket,4,EA
3450,565,form_factor,ATX,
3451,565,chipset,X870,
3452,565,m2_slots,4,EA
3453,565,max_ram_capacity_gb,192,GB
3454,566,cpu_socket,AM5,
3455,566,ram_type,DDR5,
3456,566,ram_socket,4,EA
3457,566,form_factor,M-ATX,
3458,566,chipset,B850,
3459,566,m2_slots,3,EA
3460,566,max_ram_capacity_gb,256,GB
3461,567,cpu_socket,AM5,
3462,567,ram_type,DDR5,
3463,567,ram_socket,4,EA
3464,567,form_factor,ATX,
3465,567,chipset,X870E,
3466,567,m2_slots,4,EA
3467,567,max_ram_capacity_gb,256,GB
3468,568,cpu_socket,AM5,
3469,568,ram_type,DDR5,
3470,568,ram_socket,4,EA
3471,568,form_factor,ATX,
3472,568,chipset,X870E,
3473,568,m2_slots,5,EA
3474,568,max_ram_capacity_gb,192,GB
3475,569,cpu_socket,AM5,
3476,569,ram_type,DDR5,
3477,569,ram_socket,4,EA
3478,569,form_factor,ATX,
3479,569,chipset,X870,
3480,569,m2_slots,4,EA
3481,569,max_ram_capacity_gb,192,GB
3482,570,cpu_socket,AM5,
3483,570,ram_type,DDR5,
3484,570,ram_socket,2,EA
3485,570,form_factor,M-ITX,
3486,570,chipset,X870,
3487,570,m2_slots,2,EA
3488,570,max_ram_capacity_gb,128,GB
3489,571,cpu_socket,AM5,
3490,571,ram_type,DDR5,
3491,571,ram_socket,4,EA
3492,571,form_factor,M-ATX,
3493,571,chipset,B850,
3494,571,m2_slots,3,EA
3495,571,max_ram_capacity_gb,192,GB
3496,572,cpu_socket,AM5,
3497,572,ram_type,DDR5,
3498,572,ram_socket,4,EA
3499,572,form_factor,ATX,
3500,572,chipset,X870,
3501,572,m2_slots,4,EA
3502,572,max_ram_capacity_gb,192,GB
3503,573,cpu_socket,AM5,
3504,573,ram_type,DDR5,
3505,573,ram_socket,4,EA
3506,573,form_factor,ATX,
3507,573,chipset,B850,
3508,573,m2_slots,4,EA
3509,573,max_ram_capacity_gb,256,GB
3510,574,cpu_socket,AM5,
3511,574,ram_type,DDR5,
3512,574,ram_socket,4,EA
3513,574,form_factor,ATX,
3514,574,chipset,X870E,
3515,574,m2_slots,5,EA
3516,574,max_ram_capacity_gb,192,GB
3517,575,cpu_socket,AM5,
3518,575,ram_type,DDR5,
3519,575,ram_socket,4,EA
3520,575,form_factor,M-ATX,
3521,575,chipset,B840,
3522,575,m2_slots,3,EA
3523,575,max_ram_capacity_gb,192,GB
3524,576,cpu_socket,AM5,
3525,576,ram_type,DDR5,
3526,576,ram_socket,4,EA
3527,576,form_factor,ATX,
3528,576,chipset,X670E,
3529,576,m2_slots,4,EA
3530,576,max_ram_capacity_gb,128,GB
3531,577,cpu_socket,AM5,
3532,577,ram_type,DDR5,
3533,577,ram_socket,4,EA
3534,577,form_factor,M-ATX,
3535,577,chipset,B840,
3536,577,m2_slots,3,EA
3537,577,max_ram_capacity_gb,192,GB
3538,578,cpu_socket,AM5,
3539,578,ram_type,DDR5,
3540,578,ram_socket,4,EA
3541,578,form_factor,ATX,
3542,578,chipset,A620,
3543,578,m2_slots,2,EA
3544,578,max_ram_capacity_gb,192,GB
3545,579,cpu_socket,AM5,
3546,579,ram_type,DDR5,
3547,579,ram_socket,4,EA
3548,579,form_factor,ATX,
3549,579,chipset,B650E,
3550,579,m2_slots,4,EA
3551,579,max_ram_capacity_gb,128,GB
3552,580,cpu_socket,AM5,
3553,580,ram_type,DDR5,
3554,580,ram_socket,4,EA
3555,580,form_factor,ATX,
3556,580,chipset,B850,
3557,580,m2_slots,4,EA
3558,580,max_ram_capacity_gb,256,GB
3559,581,cpu_socket,AM5,
3560,581,ram_type,DDR5,
3561,581,ram_socket,4,EA
3562,581,form_factor,M-ATX,
3563,581,chipset,B850,
3564,581,m2_slots,3,EA
3565,581,max_ram_capacity_gb,256,GB
3566,582,cpu_socket,AM5,
3567,582,ram_type,DDR5,
3568,582,ram_socket,4,EA
3569,582,form_factor,M-ATX,
3570,582,chipset,B840,
3571,582,m2_slots,3,EA
3572,582,max_ram_capacity_gb,192,GB
3573,583,cpu_socket,AM5,
3574,583,ram_type,DDR5,
3575,583,ram_socket,4,EA
3576,583,form_factor,M-ATX,
3577,583,chipset,B840,
3578,583,m2_slots,3,EA
3579,583,max_ram_capacity_gb,192,GB
3580,584,cpu_socket,AM5,
3581,584,ram_type,DDR5,
3582,584,ram_socket,4,EA
3583,584,form_factor,ATX,
3584,584,chipset,B650E,
3585,584,m2_slots,3,EA
3586,584,max_ram_capacity_gb,128,GB
3587,585,cpu_socket,AM5,
3588,585,ram_type,DDR5,
3589,585,ram_socket,4,EA
3590,585,form_factor,M-ATX,
3591,585,chipset,A620A,
3592,585,m2_slots,2,EA
3593,585,max_ram_capacity_gb,256,GB
3594,586,cpu_socket,AM5,
3595,586,ram_type,DDR5,
3596,586,ram_socket,4,EA
3597,586,form_factor,ATX,
3598,586,chipset,B650,
3599,586,m2_slots,3,EA
3600,586,max_ram_capacity_gb,128,GB
3601,587,cpu_socket,AM5,
3602,587,ram_type,DDR5,
3603,587,ram_socket,4,EA
3604,587,form_factor,M-ATX,
3605,587,chipset,B650,
3606,587,m2_slots,2,EA
3607,587,max_ram_capacity_gb,192,GB
3608,588,cpu_socket,AM5,
3609,588,ram_type,DDR5,
3610,588,ram_socket,2,EA
3611,588,form_factor,M-ITX,
3612,588,chipset,B850,
3613,588,m2_slots,2,EA
3614,588,max_ram_capacity_gb,96,GB
3615,589,cpu_socket,AM5,
3616,589,ram_type,DDR5,
3617,589,ram_socket,4,EA
3618,589,form_factor,M-ATX,
3619,589,chipset,B850,
3620,589,m2_slots,3,EA
3621,589,max_ram_capacity_gb,192,GB
3622,590,cpu_socket,AM5,
3623,590,ram_type,DDR5,
3624,590,ram_socket,4,EA
3625,590,form_factor,M-ATX,
3626,590,chipset,A620,
3627,590,m2_slots,2,EA
3628,590,max_ram_capacity_gb,128,GB
3629,591,cpu_socket,AM5,
3630,591,ram_type,DDR5,
3631,591,ram_socket,4,EA
3632,591,form_factor,ATX,
3633,591,chipset,X870E,
3634,591,m2_slots,5,EA
3635,591,max_ram_capacity_gb,192,GB
3636,592,cpu_socket,AM5,
3637,592,ram_type,DDR5,
3638,592,ram_socket,4,EA
3639,592,form_factor,M-ATX,
3640,592,chipset,A620,
3641,592,m2_slots,2,EA
3642,592,max_ram_capacity_gb,128,GB
3643,593,cpu_socket,AM5,
3644,593,ram_type,DDR5,
3645,593,ram_socket,4,EA
3646,593,form_factor,ATX,
3647,593,chipset,X870,
3648,593,m2_slots,4,EA
3649,593,max_ram_capacity_gb,192,GB
3650,594,cpu_socket,AM5,
3651,594,ram_type,DDR5,
3652,594,ram_socket,4,EA
3653,594,form_factor,ATX,
3654,594,chipset,X670E,
3655,594,m2_slots,4,EA
3656,594,max_ram_capacity_gb,128,GB
3657,595,cpu_socket,AM5,
3658,595,ram_type,DDR5,
3659,595,ram_socket,4,EA
3660,595,form_factor,M-ATX,
3661,595,chipset,B650,
3662,595,m2_slots,2,EA
3663,595,max_ram_capacity_gb,128,GB
3664,596,cpu_socket,AM5,
3665,596,ram_type,DDR5,
3666,596,ram_socket,4,EA
3667,596,form_factor,ATX,
3668,596,chipset,X870,
3669,596,m2_slots,4,EA
3670,596,max_ram_capacity_gb,192,GB
3671,597,cpu_socket,AM5,
3672,597,ram_type,DDR5,
3673,597,ram_socket,4,EA
3674,597,form_factor,M-ATX,
3675,597,chipset,B650,
3676,597,m2_slots,2,EA
3677,597,max_ram_capacity_gb,192,GB
3678,598,cpu_socket,AM5,
3679,598,ram_type,DDR5,
3680,598,ram_socket,4,EA
3681,598,form_factor,M-ATX,
3682,598,chipset,B850,
3683,598,m2_slots,3,EA
3684,598,max_ram_capacity_gb,256,GB
3685,599,cpu_socket,AM5,
3686,599,ram_type,DDR5,
3687,599,ram_socket,4,EA
3688,599,form_factor,ATX,
3689,599,chipset,X670E,
3690,599,m2_slots,4,EA
3691,599,max_ram_capacity_gb,128,GB
3692,600,cpu_socket,AM5,
3693,600,ram_type,DDR5,
3694,600,ram_socket,4,EA
3695,600,form_factor,ATX,
3696,600,chipset,B850,
3697,600,m2_slots,4,EA
3698,600,max_ram_capacity_gb,192,GB
3699,601,cpu_socket,AM5,
3700,601,ram_type,DDR5,
3701,601,ram_socket,4,EA
3702,601,form_factor,ATX,
3703,601,chipset,X870,
3704,601,m2_slots,4,EA
3705,601,max_ram_capacity_gb,192,GB
3706,602,cpu_socket,AM5,
3707,602,ram_type,DDR5,
3708,602,ram_socket,4,EA
3709,602,form_factor,M-ATX,
3710,602,chipset,B650,
3711,602,m2_slots,2,EA
3712,602,max_ram_capacity_gb,128,GB
3713,603,cpu_socket,AM5,
3714,603,ram_type,DDR5,
3715,603,ram_socket,4,EA
3716,603,form_factor,ATX,
3717,603,chipset,B850,
3718,603,m2_slots,4,EA
3719,603,max_ram_capacity_gb,192,GB
3720,604,cpu_socket,AM5,
3721,604,ram_type,DDR5,
3722,604,ram_socket,4,EA
3723,604,form_factor,ATX,
3724,604,chipset,X870E,
3725,604,m2_slots,4,EA
3726,604,max_ram_capacity_gb,256,GB
3727,605,cpu_socket,AM5,
3728,605,ram_type,DDR5,
3729,605,ram_socket,4,EA
3730,605,form_factor,ATX,
3731,605,chipset,X870,
3732,605,m2_slots,4,EA
3733,605,max_ram_capacity_gb,192,GB
3734,606,cpu_socket,AM5,
3735,606,ram_type,DDR5,
3736,606,ram_socket,4,EA
3737,606,form_factor,ATX,
3738,606,chipset,B840,
3739,606,m2_slots,3,EA
3740,606,max_ram_capacity_gb,192,GB
3741,607,cpu_socket,AM5,
3742,607,ram_type,DDR5,
3743,607,ram_socket,4,EA
3744,607,form_factor,ATX,
3745,607,chipset,B650,
3746,607,m2_slots,2,EA
3747,607,max_ram_capacity_gb,128,GB
3748,608,cpu_socket,AM5,
3749,608,ram_type,DDR5,
3750,608,ram_socket,4,EA
3751,608,form_factor,ATX,
3752,608,chipset,X870,
3753,608,m2_slots,4,EA
3754,608,max_ram_capacity_gb,192,GB
3755,609,cpu_socket,AM5,
3756,609,ram_type,DDR5,
3757,609,ram_socket,4,EA
3758,609,form_factor,M-ATX,
3759,609,chipset,A620,
3760,609,m2_slots,2,EA
3761,609,max_ram_capacity_gb,128,GB
3762,610,cpu_socket,AM5,
3763,610,ram_type,DDR5,
3764,610,ram_socket,4,EA
3765,610,form_factor,M-ATX,
3766,610,chipset,B850,
3767,610,m2_slots,3,EA
3768,610,max_ram_capacity_gb,192,GB
3769,611,cpu_socket,AM5,
3770,611,ram_type,DDR5,
3771,611,ram_socket,4,EA
3772,611,form_factor,ATX,
3773,611,chipset,B850,
3774,611,m2_slots,4,EA
3775,611,max_ram_capacity_gb,192,GB
3776,612,cpu_socket,AM5,
3777,612,ram_type,DDR5,
3778,612,ram_socket,4,EA
3779,612,form_factor,M-ATX,
3780,612,chipset,A620,
3781,612,m2_slots,2,EA
3782,612,max_ram_capacity_gb,128,GB
3783,613,cpu_socket,AM5,
3784,613,ram_type,DDR5,
3785,613,ram_socket,4,EA
3786,613,form_factor,ATX,
3787,613,chipset,B850,
3788,613,m2_slots,4,EA
3789,613,max_ram_capacity_gb,192,GB
3790,614,cpu_socket,AM5,
3791,614,ram_type,DDR5,
3792,614,ram_socket,4,EA
3793,614,form_factor,ATX,
3794,614,chipset,B650,
3795,614,m2_slots,3,EA
3796,614,max_ram_capacity_gb,128,GB
3797,615,cpu_socket,AM5,
3798,615,ram_type,DDR5,
3799,615,ram_socket,4,EA
3800,615,form_factor,M-ATX,
3801,615,chipset,B650,
3802,615,m2_slots,2,EA
3803,615,max_ram_capacity_gb,128,GB
3804,616,cpu_socket,AM5,
3805,616,ram_type,DDR5,
3806,616,ram_socket,4,EA
3807,616,form_factor,M-ATX,
3808,616,chipset,A620,
3809,616,m2_slots,2,EA
3810,616,max_ram_capacity_gb,128,GB
3811,617,cpu_socket,AM5,
3812,617,ram_type,DDR5,
3813,617,ram_socket,4,EA
3814,617,form_factor,M-ATX,
3815,617,chipset,A620,
3816,617,m2_slots,2,EA
3817,617,max_ram_capacity_gb,128,GB
3818,618,cpu_socket,AM5,
3819,618,ram_type,DDR5,
3820,618,ram_socket,4,EA
3821,618,form_factor,ATX,
3822,618,chipset,X870E,
3823,618,m2_slots,5,EA
3824,618,max_ram_capacity_gb,256,GB
3825,619,cpu_socket,AM5,
3826,619,ram_type,DDR5,
3827,619,ram_socket,4,EA
3828,619,form_factor,ATX,
3829,619,chipset,B850,
3830,619,m2_slots,4,EA
3831,619,max_ram_capacity_gb,256,GB
3832,620,cpu_socket,AM5,
3833,620,ram_type,DDR5,
3834,620,ram_socket,4,EA
3835,620,form_factor,ATX,
3836,620,chipset,B850,
3837,620,m2_slots,3,EA
3838,620,max_ram_capacity_gb,256,GB
3839,621,cpu_socket,AM5,
3840,621,ram_type,DDR5,
3841,621,ram_socket,4,EA
3842,621,form_factor,M-ATX,
3843,621,chipset,B650,
3844,621,m2_slots,3,EA
3845,621,max_ram_capacity_gb,256,GB
3846,622,cpu_socket,AM5,
3847,622,ram_type,DDR5,
3848,622,ram_socket,4,EA
3849,622,form_factor,ATX,
3850,622,chipset,X870E,
3851,622,m2_slots,5,EA
3852,622,max_ram_capacity_gb,256,GB
3853,623,cpu_socket,AM5,
3854,623,ram_type,DDR5,
3855,623,ram_socket,4,EA
3856,623,form_factor,ATX,
3857,623,chipset,B850,
3858,623,m2_slots,4,EA
3859,623,max_ram_capacity_gb,256,GB
3860,624,cpu_socket,AM5,
3861,624,ram_type,DDR5,
3862,624,ram_socket,4,EA
3863,624,form_factor,ATX,
3864,624,chipset,B850,
3865,624,m2_slots,4,EA
3866,624,max_ram_capacity_gb,256,GB
3867,625,cpu_socket,AM5,
3868,625,ram_type,DDR5,
3869,625,ram_socket,4,EA
3870,625,form_factor,ATX,
3871,625,chipset,B850,
3872,625,m2_slots,3,EA
3873,625,max_ram_capacity_gb,256,GB
3874,626,cpu_socket,AM5,
3875,626,ram_type,DDR5,
3876,626,ram_socket,4,EA
3877,626,form_factor,ATX,
3878,626,chipset,X870E,
3879,626,m2_slots,4,EA
3880,626,max_ram_capacity_gb,256,GB
3881,627,cpu_socket,LGA1200,
3882,627,ram_type,DDR4,
3883,627,ram_socket,2,EA
3884,627,form_factor,M-ATX,
3885,627,chipset,H470,
3886,627,m2_slots,1,EA
3887,627,max_ram_capacity_gb,64,GB
3888,628,cpu_socket,LGA1200,
3889,628,ram_type,DDR4,
3890,628,ram_socket,2,EA
3891,628,form_factor,M-ITX,
3892,628,chipset,C252,
3893,628,m2_slots,1,EA
3894,628,max_ram_capacity_gb,64,GB
3895,629,cpu_socket,LGA1200,
3896,629,ram_type,DDR4,
3897,629,ram_socket,4,EA
3898,629,form_factor,ATX,
3899,629,chipset,Z590,
3900,629,m2_slots,3,EA
3901,629,max_ram_capacity_gb,128,GB
3902,630,cpu_socket,LGA1200,
3903,630,ram_type,DDR4,
3904,630,ram_socket,4,EA
3905,630,form_factor,ATX,
3906,630,chipset,Z590,
3907,630,m2_slots,4,EA
3908,630,max_ram_capacity_gb,64,GB
3909,631,cpu_socket,LGA1200,
3910,631,ram_type,DDR4,
3911,631,ram_socket,2,EA
3912,631,form_factor,M-ATX,
3913,631,chipset,H410,
3914,631,m2_slots,1,EA
3915,631,max_ram_capacity_gb,64,GB
3916,632,cpu_socket,LGA1200,
3917,632,ram_type,DDR4,
3918,632,ram_socket,2,EA
3919,632,form_factor,M-ATX,
3920,632,chipset,H510,
3921,632,m2_slots,1,EA
3922,632,max_ram_capacity_gb,64,GB
3923,633,cpu_socket,LGA1200,
3924,633,ram_type,DDR4,
3925,633,ram_socket,4,EA
3926,633,form_factor,ATX,
3927,633,chipset,Z490,
3928,633,m2_slots,2,EA
3929,633,max_ram_capacity_gb,128,GB
3930,634,cpu_socket,LGA1200,
3931,634,ram_type,DDR4,
3932,634,ram_socket,4,EA
3933,634,form_factor,M-ATX,
3934,634,chipset,B560,
3935,634,m2_slots,2,EA
3936,634,max_ram_capacity_gb,128,GB
3937,635,cpu_socket,LGA1200,
3938,635,ram_type,DDR4,
3939,635,ram_socket,2,EA
3940,635,form_factor,M-ATX,
3941,635,chipset,H470,
3942,635,m2_slots,1,EA
3943,635,max_ram_capacity_gb,64,GB
3944,636,cpu_socket,LGA1200,
3945,636,ram_type,DDR4,
3946,636,ram_socket,4,EA
3947,636,form_factor,ATX,
3948,636,chipset,B560,
3949,636,m2_slots,2,EA
3950,636,max_ram_capacity_gb,128,GB
3951,637,cpu_socket,LGA1200,
3952,637,ram_type,DDR4,
3953,637,ram_socket,4,EA
3954,637,form_factor,ATX,
3955,637,chipset,Z590,
3956,637,m2_slots,4,EA
3957,637,max_ram_capacity_gb,128,GB
3958,638,cpu_socket,LGA1200,
3959,638,ram_type,DDR4,
3960,638,ram_socket,4,EA
3961,638,form_factor,M-ATX,
3962,638,chipset,B560,
3963,638,m2_slots,2,EA
3964,638,max_ram_capacity_gb,128,GB
3965,639,cpu_socket,LGA1700,
3966,639,ram_type,DDR4,
3967,639,ram_socket,2,EA
3968,639,form_factor,M-ATX,
3969,639,chipset,H610,
3970,639,m2_slots,1,EA
3971,639,max_ram_capacity_gb,64,GB
3972,640,cpu_socket,LGA1700,
3973,640,ram_type,DDR4,
3974,640,ram_socket,4,EA
3975,640,form_factor,M-ATX,
3976,640,chipset,B760,
3977,640,m2_slots,2,EA
3978,640,max_ram_capacity_gb,128,GB
3979,641,cpu_socket,LGA1700,
3980,641,ram_type,DDR5,
3981,641,ram_socket,4,EA
3982,641,form_factor,ATX,
3983,641,chipset,B760,
3984,641,m2_slots,3,EA
3985,641,max_ram_capacity_gb,128,GB
3986,642,cpu_socket,LGA1700,
3987,642,ram_type,DDR5,
3988,642,ram_socket,4,EA
3989,642,form_factor,ATX,
3990,642,chipset,Z790,
3991,642,m2_slots,3,EA
3992,642,max_ram_capacity_gb,128,GB
3993,643,cpu_socket,LGA1700,
3994,643,ram_type,DDR5,
3995,643,ram_socket,4,EA
3996,643,form_factor,M-ATX,
3997,643,chipset,B760,
3998,643,m2_slots,2,EA
3999,643,max_ram_capacity_gb,192,GB
4000,644,cpu_socket,LGA1700,
4001,644,ram_type,DDR5,
4002,644,ram_socket,4,EA
4003,644,form_factor,ATX,
4004,644,chipset,Z790,
4005,644,m2_slots,3,EA
4006,644,max_ram_capacity_gb,128,GB
4007,645,cpu_socket,LGA1700,
4008,645,ram_type,DDR4,
4009,645,ram_socket,2,EA
4010,645,form_factor,M-ITX,
4011,645,chipset,H610,
4012,645,m2_slots,1,EA
4013,645,max_ram_capacity_gb,64,GB
4014,646,cpu_socket,LGA1700,
4015,646,ram_type,DDR4,
4016,646,ram_socket,2,EA
4017,646,form_factor,M-ATX,
4018,646,chipset,H610,
4019,646,m2_slots,1,EA
4020,646,max_ram_capacity_gb,64,GB
4021,647,cpu_socket,LGA1700,
4022,647,ram_type,DDR4,
4023,647,ram_socket,2,EA
4024,647,form_factor,M-ATX,
4025,647,chipset,B760,
4026,647,m2_slots,2,EA
4027,647,max_ram_capacity_gb,64,GB
4028,648,cpu_socket,LGA1700,
4029,648,ram_type,DDR5,
4030,648,ram_socket,4,EA
4031,648,form_factor,M-ATX,
4032,648,chipset,B760,
4033,648,m2_slots,2,EA
4034,648,max_ram_capacity_gb,192,GB
4035,649,cpu_socket,LGA1700,
4036,649,ram_type,DDR4,
4037,649,ram_socket,2,EA
4038,649,form_factor,M-ATX,
4039,649,chipset,H610,
4040,649,m2_slots,2,EA
4041,649,max_ram_capacity_gb,64,GB
4042,650,cpu_socket,LGA1700,
4043,650,ram_type,DDR5,
4044,650,ram_socket,4,EA
4045,650,form_factor,M-ATX,
4046,650,chipset,B760,
4047,650,m2_slots,3,EA
4048,650,max_ram_capacity_gb,192,GB
4049,651,cpu_socket,LGA1700,
4050,651,ram_type,DDR5,
4051,651,ram_socket,4,EA
4052,651,form_factor,M-ATX,
4053,651,chipset,B760,
4054,651,m2_slots,2,EA
4055,651,max_ram_capacity_gb,128,GB
4056,652,cpu_socket,LGA1700,
4057,652,ram_type,DDR5,
4058,652,ram_socket,2,EA
4059,652,form_factor,M-ITX,
4060,652,chipset,B760,
4061,652,m2_slots,2,EA
4062,652,max_ram_capacity_gb,64,GB
4063,653,cpu_socket,LGA1700,
4064,653,ram_type,DDR4,
4065,653,ram_socket,2,EA
4066,653,form_factor,M-ATX,
4067,653,chipset,B760,
4068,653,m2_slots,2,EA
4069,653,max_ram_capacity_gb,64,GB
4070,654,cpu_socket,LGA1700,
4071,654,ram_type,DDR5,
4072,654,ram_socket,2,EA
4073,654,form_factor,ATX,
4074,654,chipset,Z790,
4075,654,m2_slots,5,EA
4076,654,max_ram_capacity_gb,96,GB
4077,655,cpu_socket,LGA1700,
4078,655,ram_type,DDR5,
4079,655,ram_socket,4,EA
4080,655,form_factor,M-ATX,
4081,655,chipset,B760,
4082,655,m2_slots,2,EA
4083,655,max_ram_capacity_gb,128,GB
4084,656,cpu_socket,LGA1700,
4085,656,ram_type,DDR5,
4086,656,ram_socket,4,EA
4087,656,form_factor,ATX,
4088,656,chipset,W680,
4089,656,m2_slots,3,EA
4090,656,max_ram_capacity_gb,128,GB
4091,657,cpu_socket,LGA1700,
4092,657,ram_type,DDR4,
4093,657,ram_socket,2,EA
4094,657,form_factor,M-ATX,
4095,657,chipset,B760,
4096,657,m2_slots,2,EA
4097,657,max_ram_capacity_gb,64,GB
4098,658,cpu_socket,LGA1700,
4099,658,ram_type,DDR5,
4100,658,ram_socket,4,EA
4101,658,form_factor,ATX,
4102,658,chipset,Z790,
4103,658,m2_slots,3,EA
4104,658,max_ram_capacity_gb,128,GB
4105,659,cpu_socket,LGA1700,
4106,659,ram_type,DDR5,
4107,659,ram_socket,2,EA
4108,659,form_factor,M-ITX,
4109,659,chipset,H610,
4110,659,m2_slots,1,EA
4111,659,max_ram_capacity_gb,96,GB
4112,660,cpu_socket,LGA1700,
4113,660,ram_type,DDR4,
4114,660,ram_socket,4,EA
4115,660,form_factor,M-ATX,
4116,660,chipset,B660,
4117,660,m2_slots,2,EA
4118,660,max_ram_capacity_gb,128,GB
4119,661,cpu_socket,LGA1700,
4120,661,ram_type,DDR5,
4121,661,ram_socket,4,EA
4122,661,form_factor,M-ATX,
4123,661,chipset,B760,
4124,661,m2_slots,2,EA
4125,661,max_ram_capacity_gb,128,GB
4126,662,cpu_socket,LGA1700,
4127,662,ram_type,DDR5,
4128,662,ram_socket,2,EA
4129,662,form_factor,M-ATX,
4130,662,chipset,B760,
4131,662,m2_slots,2,EA
4132,662,max_ram_capacity_gb,96,GB
4133,663,cpu_socket,LGA1700,
4134,663,ram_type,DDR5,
4135,663,ram_socket,4,EA
4136,663,form_factor,M-ATX,
4137,663,chipset,Z790,
4138,663,m2_slots,3,EA
4139,663,max_ram_capacity_gb,128,GB
4140,664,cpu_socket,LGA1700,
4141,664,ram_type,DDR5,
4142,664,ram_socket,4,EA
4143,664,form_factor,ATX,
4144,664,chipset,B760,
4145,664,m2_slots,3,EA
4146,664,max_ram_capacity_gb,128,GB
4147,665,cpu_socket,LGA1700,
4148,665,ram_type,DDR5,
4149,665,ram_socket,2,EA
4150,665,form_factor,M-ATX,
4151,665,chipset,B760,
4152,665,m2_slots,2,EA
4153,665,max_ram_capacity_gb,64,GB
4154,666,cpu_socket,LGA1700,
4155,666,ram_type,DDR5,
4156,666,ram_socket,2,EA
4157,666,form_factor,M-ATX,
4158,666,chipset,H610,
4159,666,m2_slots,2,EA
4160,666,max_ram_capacity_gb,96,GB
4161,667,cpu_socket,LGA1700,
4162,667,ram_type,DDR5,
4163,667,ram_socket,2,EA
4164,667,form_factor,M-ATX,
4165,667,chipset,B760,
4166,667,m2_slots,2,EA
4167,667,max_ram_capacity_gb,96,GB
4168,668,cpu_socket,LGA1700,
4169,668,ram_type,DDR5,
4170,668,ram_socket,4,EA
4171,668,form_factor,ATX,
4172,668,chipset,C266,
4173,668,m2_slots,2,EA
4174,668,max_ram_capacity_gb,128,GB
4175,669,cpu_socket,LGA1700,
4176,669,ram_type,DDR5,
4177,669,ram_socket,2,EA
4178,669,form_factor,M-ATX,
4179,669,chipset,H610,
4180,669,m2_slots,1,EA
4181,669,max_ram_capacity_gb,96,GB
4182,670,cpu_socket,LGA1700,
4183,670,ram_type,DDR5,
4184,670,ram_socket,4,EA
4185,670,form_factor,ATX,
4186,670,chipset,W680,
4187,670,m2_slots,3,EA
4188,670,max_ram_capacity_gb,128,GB
4189,671,cpu_socket,LGA1700,
4190,671,ram_type,DDR5,
4191,671,ram_socket,2,EA
4192,671,form_factor,M-ATX,
4193,671,chipset,H610,
4194,671,m2_slots,1,EA
4195,671,max_ram_capacity_gb,96,GB
4196,672,cpu_socket,LGA1700,
4197,672,ram_type,DDR4,
4198,672,ram_socket,2,EA
4199,672,form_factor,M-ATX,
4200,672,chipset,B760,
4201,672,m2_slots,2,EA
4202,672,max_ram_capacity_gb,64,GB
4203,673,cpu_socket,LGA1700,
4204,673,ram_type,DDR5,
4205,673,ram_socket,4,EA
4206,673,form_factor,M-ATX,
4207,673,chipset,C262,
4208,673,m2_slots,1,EA
4209,673,max_ram_capacity_gb,128,GB
4210,674,cpu_socket,LGA1700,
4211,674,ram_type,DDR5,
4212,674,ram_socket,4,EA
4213,674,form_factor,M-ATX,
4214,674,chipset,B760,
4215,674,m2_slots,2,EA
4216,674,max_ram_capacity_gb,128,GB
4217,675,cpu_socket,LGA1700,
4218,675,ram_type,DDR5,
4219,675,ram_socket,4,EA
4220,675,form_factor,M-ATX,
4221,675,chipset,B760,
4222,675,m2_slots,2,EA
4223,675,max_ram_capacity_gb,192,GB
4224,676,cpu_socket,LGA1700,
4225,676,ram_type,DDR5,
4226,676,ram_socket,2,EA
4227,676,form_factor,M-ITX,
4228,676,chipset,B760,
4229,676,m2_slots,2,EA
4230,676,max_ram_capacity_gb,64,GB
4231,677,cpu_socket,LGA1700,
4232,677,ram_type,DDR5,
4233,677,ram_socket,2,EA
4234,677,form_factor,M-ATX,
4235,677,chipset,H610,
4236,677,m2_slots,1,EA
4237,677,max_ram_capacity_gb,96,GB
4238,678,cpu_socket,LGA1700,
4239,678,ram_type,DDR5,
4240,678,ram_socket,4,EA
4241,678,form_factor,ATX,
4242,678,chipset,B760,
4243,678,m2_slots,3,EA
4244,678,max_ram_capacity_gb,128,GB
4245,679,cpu_socket,LGA1700,
4246,679,ram_type,DDR5,
4247,679,ram_socket,4,EA
4248,679,form_factor,E-ATX,
4249,679,chipset,Z690,
4250,679,m2_slots,5,EA
4251,679,max_ram_capacity_gb,128,GB
4252,680,cpu_socket,LGA1700,
4253,680,ram_type,DDR5,
4254,680,ram_socket,2,EA
4255,680,form_factor,M-ATX,
4256,680,chipset,H610,
4257,680,m2_slots,2,EA
4258,680,max_ram_capacity_gb,96,GB
4259,681,cpu_socket,LGA1700,
4260,681,ram_type,DDR5,
4261,681,ram_socket,4,EA
4262,681,form_factor,ATX,
4263,681,chipset,Z790,
4264,681,m2_slots,3,EA
4265,681,max_ram_capacity_gb,128,GB
4266,682,cpu_socket,LGA1700,
4267,682,ram_type,DDR5,
4268,682,ram_socket,4,EA
4269,682,form_factor,M-ATX,
4270,682,chipset,B760,
4271,682,m2_slots,2,EA
4272,682,max_ram_capacity_gb,192,GB
4273,683,cpu_socket,LGA1700,
4274,683,ram_type,DDR5,
4275,683,ram_socket,4,EA
4276,683,form_factor,ATX,
4277,683,chipset,B760,
4278,683,m2_slots,3,EA
4279,683,max_ram_capacity_gb,128,GB
4280,684,cpu_socket,LGA1700,
4281,684,ram_type,DDR5,
4282,684,ram_socket,2,EA
4283,684,form_factor,M-ATX,
4284,684,chipset,H610,
4285,684,m2_slots,1,EA
4286,684,max_ram_capacity_gb,96,GB
4287,685,cpu_socket,LGA1700,
4288,685,ram_type,DDR5,
4289,685,ram_socket,4,EA
4290,685,form_factor,ATX,
4291,685,chipset,B760,
4292,685,m2_slots,3,EA
4293,685,max_ram_capacity_gb,128,GB
4294,686,cpu_socket,LGA1700,
4295,686,ram_type,DDR5,
4296,686,ram_socket,4,EA
4297,686,form_factor,M-ATX,
4298,686,chipset,B760,
4299,686,m2_slots,2,EA
4300,686,max_ram_capacity_gb,192,GB
4301,687,cpu_socket,LGA1700,
4302,687,ram_type,DDR4,
4303,687,ram_socket,4,EA
4304,687,form_factor,M-ATX,
4305,687,chipset,B760,
4306,687,m2_slots,2,EA
4307,687,max_ram_capacity_gb,128,GB
4308,688,cpu_socket,LGA1700,
4309,688,ram_type,DDR5,
4310,688,ram_socket,4,EA
4311,688,form_factor,M-ATX,
4312,688,chipset,B760,
4313,688,m2_slots,2,EA
4314,688,max_ram_capacity_gb,256,GB
4315,689,cpu_socket,LGA1700,
4316,689,ram_type,DDR4,
4317,689,ram_socket,2,EA
4318,689,form_factor,M-ATX,
4319,689,chipset,H610,
4320,689,m2_slots,1,EA
4321,689,max_ram_capacity_gb,64,GB
4322,690,cpu_socket,LGA1700,
4323,690,ram_type,DDR5,
4324,690,ram_socket,4,EA
4325,690,form_factor,E-ATX,
4326,690,chipset,Z690,
4327,690,m2_slots,5,EA
4328,690,max_ram_capacity_gb,128,GB
4329,691,cpu_socket,LGA1700,
4330,691,ram_type,DDR5,
4331,691,ram_socket,2,EA
4332,691,form_factor,M-ITX,
4333,691,chipset,H610,
4334,691,m2_slots,1,EA
4335,691,max_ram_capacity_gb,64,GB
4336,692,cpu_socket,LGA1700,
4337,692,ram_type,DDR5,
4338,692,ram_socket,4,EA
4339,692,form_factor,ATX,
4340,692,chipset,Z790,
4341,692,m2_slots,3,EA
4342,692,max_ram_capacity_gb,128,GB
4343,693,cpu_socket,LGA1700,
4344,693,ram_type,DDR5,
4345,693,ram_socket,4,EA
4346,693,form_factor,ATX,
4347,693,chipset,C266,
4348,693,m2_slots,2,EA
4349,693,max_ram_capacity_gb,128,GB
4350,694,cpu_socket,LGA1700,
4351,694,ram_type,DDR4,
4352,694,ram_socket,2,EA
4353,694,form_factor,M-ATX,
4354,694,chipset,H610,
4355,694,m2_slots,2,EA
4356,694,max_ram_capacity_gb,64,GB
4357,695,cpu_socket,LGA1851,
4358,695,ram_type,DDR5,
4359,695,ram_socket,4,EA
4360,695,form_factor,M-ATX,
4361,695,chipset,B860,
4362,695,m2_slots,4,EA
4363,695,max_ram_capacity_gb,192,GB
4364,696,cpu_socket,LGA1851,
4365,696,ram_type,DDR5,
4366,696,ram_socket,4,EA
4367,696,form_factor,M-ATX,
4368,696,chipset,B860,
4369,696,m2_slots,2,EA
4370,696,max_ram_capacity_gb,192,GB
4371,697,cpu_socket,LGA1851,
4372,697,ram_type,DDR5,
4373,697,ram_socket,4,EA
4374,697,form_factor,ATX,
4375,697,chipset,Z890,
4376,697,m2_slots,4,EA
4377,697,max_ram_capacity_gb,192,GB
4378,698,cpu_socket,LGA1851,
4379,698,ram_type,DDR5,
4380,698,ram_socket,4,EA
4381,698,form_factor,ATX,
4382,698,chipset,B860,
4383,698,m2_slots,3,EA
4384,698,max_ram_capacity_gb,256,GB
4385,699,cpu_socket,LGA1851,
4386,699,ram_type,DDR5,
4387,699,ram_socket,2,EA
4388,699,form_factor,M-ATX,
4389,699,chipset,B860,
4390,699,m2_slots,2,EA
4391,699,max_ram_capacity_gb,128,GB
4392,700,cpu_socket,LGA1851,
4393,700,ram_type,DDR5,
4394,700,ram_socket,2,EA
4395,700,form_factor,M-ATX,
4396,700,chipset,H810,
4397,700,m2_slots,1,EA
4398,700,max_ram_capacity_gb,128,GB
4399,701,cpu_socket,LGA1851,
4400,701,ram_type,DDR5,
4401,701,ram_socket,4,EA
4402,701,form_factor,M-ATX,
4403,701,chipset,B860,
4404,701,m2_slots,3,EA
4405,701,max_ram_capacity_gb,256,GB
4406,702,cpu_socket,LGA1851,
4407,702,ram_type,DDR5,
4408,702,ram_socket,2,EA
4409,702,form_factor,M-ATX,
4410,702,chipset,H810,
4411,702,m2_slots,1,EA
4412,702,max_ram_capacity_gb,128,GB
4413,703,cpu_socket,LGA1851,
4414,703,ram_type,DDR5,
4415,703,ram_socket,4,EA
4416,703,form_factor,ATX,
4417,703,chipset,Z890,
4418,703,m2_slots,5,EA
4419,703,max_ram_capacity_gb,192,GB
4420,704,cpu_socket,LGA1851,
4421,704,ram_type,DDR5,
4422,704,ram_socket,4,EA
4423,704,form_factor,ATX,
4424,704,chipset,Z890,
4425,704,m2_slots,6,EA
4426,704,max_ram_capacity_gb,192,GB
4427,705,cpu_socket,LGA1851,
4428,705,ram_type,DDR5,
4429,705,ram_socket,4,EA
4430,705,form_factor,ATX,
4431,705,chipset,Z890,
4432,705,m2_slots,4,EA
4433,705,max_ram_capacity_gb,256,GB
4434,706,cpu_socket,LGA1851,
4435,706,ram_type,DDR5,
4436,706,ram_socket,2,EA
4437,706,form_factor,M-ITX,
4438,706,chipset,B860,
4439,706,m2_slots,2,EA
4440,706,max_ram_capacity_gb,128,GB
4441,707,cpu_socket,LGA1851,
4442,707,ram_type,DDR5,
4443,707,ram_socket,4,EA
4444,707,form_factor,ATX,
4445,707,chipset,Z890,
4446,707,m2_slots,5,EA
4447,707,max_ram_capacity_gb,192,GB
4448,708,cpu_socket,LGA1851,
4449,708,ram_type,DDR5,
4450,708,ram_socket,4,EA
4451,708,form_factor,ATX,
4452,708,chipset,Z890,
4453,708,m2_slots,5,EA
4454,708,max_ram_capacity_gb,192,GB
4455,709,cpu_socket,LGA1851,
4456,709,ram_type,DDR5,
4457,709,ram_socket,2,EA
4458,709,form_factor,M-ATX,
4459,709,chipset,H810,
4460,709,m2_slots,2,EA
4461,709,max_ram_capacity_gb,128,GB
4462,710,cpu_socket,LGA1851,
4463,710,ram_type,DDR5,
4464,710,ram_socket,2,EA
4465,710,form_factor,M-ITX,
4466,710,chipset,Z890,
4467,710,m2_slots,2,EA
4468,710,max_ram_capacity_gb,96,GB
4469,711,cpu_socket,LGA1851,
4470,711,ram_type,DDR5,
4471,711,ram_socket,4,EA
4472,711,form_factor,ATX,
4473,711,chipset,Z890,
4474,711,m2_slots,4,EA
4475,711,max_ram_capacity_gb,192,GB
4476,712,cpu_socket,LGA1851,
4477,712,ram_type,DDR5,
4478,712,ram_socket,4,EA
4479,712,form_factor,M-ATX,
4480,712,chipset,B860,
4481,712,m2_slots,3,EA
4482,712,max_ram_capacity_gb,256,GB
4483,713,cpu_socket,LGA1851,
4484,713,ram_type,DDR5,
4485,713,ram_socket,4,EA
4486,713,form_factor,ATX,
4487,713,chipset,Z890,
4488,713,m2_slots,4,EA
4489,713,max_ram_capacity_gb,192,GB
4490,714,cpu_socket,LGA1851,
4491,714,ram_type,DDR5,
4492,714,ram_socket,4,EA
4493,714,form_factor,ATX,
4494,714,chipset,Z890,
4495,714,m2_slots,4,EA
4496,714,max_ram_capacity_gb,192,GB
4497,715,cpu_socket,LGA1851,
4498,715,ram_type,DDR5,
4499,715,ram_socket,4,EA
4500,715,form_factor,ATX,
4501,715,chipset,Z890,
4502,715,m2_slots,4,EA
4503,715,max_ram_capacity_gb,192,GB
4504,716,cpu_socket,LGA1851,
4505,716,ram_type,DDR5,
4506,716,ram_socket,4,EA
4507,716,form_factor,ATX,
4508,716,chipset,B860,
4509,716,m2_slots,3,EA
4510,716,max_ram_capacity_gb,192,GB
4511,717,cpu_socket,LGA1851,
4512,717,ram_type,DDR5,
4513,717,ram_socket,4,EA
4514,717,form_factor,ATX,
4515,717,chipset,Z890,
4516,717,m2_slots,6,EA
4517,717,max_ram_capacity_gb,192,GB
4518,718,cpu_socket,LGA1851,
4519,718,ram_type,DDR5,
4520,718,ram_socket,4,EA
4521,718,form_factor,ATX,
4522,718,chipset,B860,
4523,718,m2_slots,2,EA
4524,718,max_ram_capacity_gb,256,GB
4525,719,cpu_socket,LGA1851,
4526,719,ram_type,DDR5,
4527,719,ram_socket,4,EA
4528,719,form_factor,M-ATX,
4529,719,chipset,Z890,
4530,719,m2_slots,3,EA
4531,719,max_ram_capacity_gb,192,GB
4532,720,cpu_socket,LGA1851,
4533,720,ram_type,DDR5,
4534,720,ram_socket,4,EA
4535,720,form_factor,ATX,
4536,720,chipset,Z890,
4537,720,m2_slots,4,EA
4538,720,max_ram_capacity_gb,192,GB
4539,721,cpu_socket,LGA1851,
4540,721,ram_type,DDR5,
4541,721,ram_socket,2,EA
4542,721,form_factor,M-ATX,
4543,721,chipset,H810,
4544,721,m2_slots,2,EA
4545,721,max_ram_capacity_gb,128,GB
4546,722,cpu_socket,LGA1851,
4547,722,ram_type,DDR5,
4548,722,ram_socket,4,EA
4549,722,form_factor,ATX,
4550,722,chipset,B860,
4551,722,m2_slots,4,EA
4552,722,max_ram_capacity_gb,256,GB
4553,723,cpu_socket,LGA1851,
4554,723,ram_type,DDR5,
4555,723,ram_socket,4,EA
4556,723,form_factor,M-ATX,
4557,723,chipset,Z890,
4558,723,m2_slots,3,EA
4559,723,max_ram_capacity_gb,192,GB
4560,724,cpu_socket,LGA1851,
4561,724,ram_type,DDR5,
4562,724,ram_socket,2,EA
4563,724,form_factor,M-ATX,
4564,724,chipset,H810,
4565,724,m2_slots,2,EA
4566,724,max_ram_capacity_gb,128,GB
4567,725,cpu_socket,LGA1851,
4568,725,ram_type,DDR5,
4569,725,ram_socket,2,EA
4570,725,form_factor,M-ATX,
4571,725,chipset,B860,
4572,725,m2_slots,2,EA
4573,725,max_ram_capacity_gb,128,GB
4574,726,cpu_socket,LGA1851,
4575,726,ram_type,DDR5,
4576,726,ram_socket,2,EA
4577,726,form_factor,M-ITX,
4578,726,chipset,Z890,
4579,726,m2_slots,2,EA
4580,726,max_ram_capacity_gb,96,GB
4581,727,cpu_socket,LGA1851,
4582,727,ram_type,DDR5,
4583,727,ram_socket,4,EA
4584,727,form_factor,ATX,
4585,727,chipset,Z890,
4586,727,m2_slots,4,EA
4587,727,max_ram_capacity_gb,192,GB
4588,728,cpu_socket,LGA1851,
4589,728,ram_type,DDR5,
4590,728,ram_socket,2,EA
4591,728,form_factor,M-ATX,
4592,728,chipset,H810,
4593,728,m2_slots,2,EA
4594,728,max_ram_capacity_gb,128,GB
4595,729,cpu_socket,LGA1851,
4596,729,ram_type,DDR5,
4597,729,ram_socket,4,EA
4598,729,form_factor,ATX,
4599,729,chipset,Z890,
4600,729,m2_slots,4,EA
4601,729,max_ram_capacity_gb,192,GB
4602,730,cpu_socket,LGA1851,
4603,730,ram_type,DDR5,
4604,730,ram_socket,2,EA
4605,730,form_factor,M-ATX,
4606,730,chipset,H810,
4607,730,m2_slots,2,EA
4608,730,max_ram_capacity_gb,128,GB
4609,731,cpu_socket,LGA1851,
4610,731,ram_type,DDR5,
4611,731,ram_socket,4,EA
4612,731,form_factor,M-ATX,
4613,731,chipset,B860,
4614,731,m2_slots,2,EA
4615,731,max_ram_capacity_gb,256,GB
4616,732,cpu_socket,LGA1851,
4617,732,ram_type,DDR5,
4618,732,ram_socket,2,EA
4619,732,form_factor,M-ATX,
4620,732,chipset,H810,
4621,732,m2_slots,2,EA
4622,732,max_ram_capacity_gb,128,GB
4623,733,cpu_socket,LGA1851,
4624,733,ram_type,DDR5,
4625,733,ram_socket,4,EA
4626,733,form_factor,ATX,
4627,733,chipset,Z890,
4628,733,m2_slots,4,EA
4629,733,max_ram_capacity_gb,192,GB
4630,734,cpu_socket,LGA1851,
4631,734,ram_type,DDR5,
4632,734,ram_socket,4,EA
4633,734,form_factor,ATX,
4634,734,chipset,Z890,
4635,734,m2_slots,7,EA
4636,734,max_ram_capacity_gb,192,GB
4637,735,cpu_socket,LGA1851,
4638,735,ram_type,DDR5,
4639,735,ram_socket,4,EA
4640,735,form_factor,ATX,
4641,735,chipset,Z890,
4642,735,m2_slots,5,EA
4643,735,max_ram_capacity_gb,192,GB
4644,736,cpu_socket,LGA1851,
4645,736,ram_type,DDR5,
4646,736,ram_socket,4,EA
4647,736,form_factor,ATX,
4648,736,chipset,B860,
4649,736,m2_slots,2,EA
4650,736,max_ram_capacity_gb,256,GB
4651,737,cpu_socket,LGA1851,
4652,737,ram_type,DDR5,
4653,737,ram_socket,4,EA
4654,737,form_factor,M-ATX,
4655,737,chipset,B860,
4656,737,m2_slots,2,EA
4657,737,max_ram_capacity_gb,256,GB
4658,738,cpu_socket,LGA1851,
4659,738,ram_type,DDR5,
4660,738,ram_socket,4,EA
4661,738,form_factor,M-ATX,
4662,738,chipset,B860,
4663,738,m2_slots,2,EA
4664,738,max_ram_capacity_gb,192,GB
4665,739,cpu_socket,LGA1851,
4666,739,ram_type,DDR5,
4667,739,ram_socket,4,EA
4668,739,form_factor,ATX,
4669,739,chipset,Z890,
4670,739,m2_slots,5,EA
4671,739,max_ram_capacity_gb,192,GB
4672,740,cpu_socket,LGA1851,
4673,740,ram_type,DDR5,
4674,740,ram_socket,2,EA
4675,740,form_factor,M-ATX,
4676,740,chipset,H810,
4677,740,m2_slots,2,EA
4678,740,max_ram_capacity_gb,128,GB
4679,741,cpu_socket,LGA1851,
4680,741,ram_type,DDR5,
4681,741,ram_socket,4,EA
4682,741,form_factor,ATX,
4683,741,chipset,B860,
4684,741,m2_slots,3,EA
4685,741,max_ram_capacity_gb,192,GB
4686,742,cpu_socket,LGA1851,
4687,742,ram_type,DDR5,
4688,742,ram_socket,2,EA
4689,742,form_factor,M-ATX,
4690,742,chipset,H810,
4691,742,m2_slots,2,EA
4692,742,max_ram_capacity_gb,128,GB
4693,743,cpu_socket,LGA1851,
4694,743,ram_type,DDR5,
4695,743,ram_socket,4,EA
4696,743,form_factor,M-ATX,
4697,743,chipset,B860,
4698,743,m2_slots,2,EA
4699,743,max_ram_capacity_gb,192,GB
4700,744,cpu_socket,LGA1851,
4701,744,ram_type,DDR5,
4702,744,ram_socket,2,EA
4703,744,form_factor,M-ATX,
4704,744,chipset,H810,
4705,744,m2_slots,2,EA
4706,744,max_ram_capacity_gb,128,GB
4707,745,cpu_socket,LGA1851,
4708,745,ram_type,DDR5,
4709,745,ram_socket,4,EA
4710,745,form_factor,ATX,
4711,745,chipset,Z890,
4712,745,m2_slots,4,EA
4713,745,max_ram_capacity_gb,192,GB
4714,746,cpu_socket,LGA1851,
4715,746,ram_type,DDR5,
4716,746,ram_socket,2,EA
4717,746,form_factor,M-ATX,
4718,746,chipset,H810,
4719,746,m2_slots,1,EA
4720,746,max_ram_capacity_gb,128,GB
4721,747,cpu_socket,LGA1851,
4722,747,ram_type,DDR5,
4723,747,ram_socket,2,EA
4724,747,form_factor,M-ITX,
4725,747,chipset,Z890,
4726,747,m2_slots,2,EA
4727,747,max_ram_capacity_gb,96,GB
4728,748,cpu_socket,LGA1851,
4729,748,ram_type,DDR5,
4730,748,ram_socket,4,EA
4731,748,form_factor,ATX,
4732,748,chipset,Z890,
4733,748,m2_slots,6,EA
4734,748,max_ram_capacity_gb,192,GB
4735,749,cpu_socket,LGA1851,
4736,749,ram_type,DDR5,
4737,749,ram_socket,4,EA
4738,749,form_factor,ATX,
4739,749,chipset,Z890,
4740,749,m2_slots,7,EA
4741,749,max_ram_capacity_gb,192,GB
4742,750,cpu_socket,LGA1851,
4743,750,ram_type,DDR5,
4744,750,ram_socket,2,EA
4745,750,form_factor,M-ATX,
4746,750,chipset,H810,
4747,750,m2_slots,2,EA
4748,750,max_ram_capacity_gb,128,GB
4749,751,cpu_socket,LGA1851,
4750,751,ram_type,DDR5,
4751,751,ram_socket,4,EA
4752,751,form_factor,ATX,
4753,751,chipset,Z890,
4754,751,m2_slots,5,EA
4755,751,max_ram_capacity_gb,192,GB
4756,752,cpu_socket,LGA1851,
4757,752,ram_type,DDR5,
4758,752,ram_socket,4,EA
4759,752,form_factor,ATX,
4760,752,chipset,Z890,
4761,752,m2_slots,5,EA
4762,752,max_ram_capacity_gb,192,GB
4763,753,cpu_socket,LGA1851,
4764,753,ram_type,DDR5,
4765,753,ram_socket,4,EA
4766,753,form_factor,ATX,
4767,753,chipset,Z890,
4768,753,m2_slots,4,EA
4769,753,max_ram_capacity_gb,192,GB
4770,754,cpu_socket,LGA1851,
4771,754,ram_type,DDR5,
4772,754,ram_socket,4,EA
4773,754,form_factor,ATX,
4774,754,chipset,B860,
4775,754,m2_slots,4,EA
4776,754,max_ram_capacity_gb,192,GB
4777,755,cpu_socket,LGA1851,
4778,755,ram_type,DDR5,
4779,755,ram_socket,4,EA
4780,755,form_factor,ATX,
4781,755,chipset,B860,
4782,755,m2_slots,4,EA
4783,755,max_ram_capacity_gb,256,GB
4784,756,cpu_socket,LGA1851,
4785,756,ram_type,DDR5,
4786,756,ram_socket,4,EA
4787,756,form_factor,ATX,
4788,756,chipset,B860,
4789,756,m2_slots,4,EA
4790,756,max_ram_capacity_gb,192,GB
4791,757,cpu_socket,LGA1851,
4792,757,ram_type,DDR5,
4793,757,ram_socket,2,EA
4794,757,form_factor,M-ITX,
4795,757,chipset,H810,
4796,757,m2_slots,1,EA
4797,757,max_ram_capacity_gb,128,GB
4798,758,cpu_socket,LGA1851,
4799,758,ram_type,DDR5,
4800,758,ram_socket,4,EA
4801,758,form_factor,M-ATX,
4802,758,chipset,B860,
4803,758,m2_slots,2,EA
4804,758,max_ram_capacity_gb,256,GB
4805,759,cpu_socket,LGA1851,
4806,759,ram_type,DDR5,
4807,759,ram_socket,4,EA
4808,759,form_factor,ATX,
4809,759,chipset,B860,
4810,759,m2_slots,4,EA
4811,759,max_ram_capacity_gb,192,GB
4812,760,cpu_socket,LGA1851,
4813,760,ram_type,DDR5,
4814,760,ram_socket,4,EA
4815,760,form_factor,ATX,
4816,760,chipset,B860,
4817,760,m2_slots,4,EA
4818,760,max_ram_capacity_gb,192,GB
4819,761,cpu_socket,LGA1851,
4820,761,ram_type,DDR5,
4821,761,ram_socket,2,EA
4822,761,form_factor,M-ATX,
4823,761,chipset,H810,
4824,761,m2_slots,2,EA
4825,761,max_ram_capacity_gb,128,GB
4826,762,cpu_socket,LGA1851,
4827,762,ram_type,DDR5,
4828,762,ram_socket,4,EA
4829,762,form_factor,ATX,
4830,762,chipset,B860,
4831,762,m2_slots,3,EA
4832,762,max_ram_capacity_gb,192,GB
4833,763,cpu_socket,LGA1851,
4834,763,ram_type,DDR5,
4835,763,ram_socket,4,EA
4836,763,form_factor,ATX,
4837,763,chipset,B860,
4838,763,m2_slots,3,EA
4839,763,max_ram_capacity_gb,192,GB
4840,764,cpu_socket,LGA1851,
4841,764,ram_type,DDR5,
4842,764,ram_socket,2,EA
4843,764,form_factor,M-ITX,
4844,764,chipset,B860,
4845,764,m2_slots,2,EA
4846,764,max_ram_capacity_gb,96,GB
4847,765,cpu_socket,LGA1851,
4848,765,ram_type,DDR5,
4849,765,ram_socket,4,EA
4850,765,form_factor,M-ATX,
4851,765,chipset,B860,
4852,765,m2_slots,3,EA
4853,765,max_ram_capacity_gb,256,GB
4854,766,cpu_socket,LGA1851,
4855,766,ram_type,DDR5,
4856,766,ram_socket,4,EA
4857,766,form_factor,ATX,
4858,766,chipset,Z890,
4859,766,m2_slots,4,EA
4860,766,max_ram_capacity_gb,192,GB
4861,767,cpu_socket,AM4,
4862,767,ram_type,DDR4,
4863,767,ram_socket,4,EA
4864,767,form_factor,M-ATX,
4865,767,chipset,B550,
4866,767,m2_slots,2,EA
4867,767,max_ram_capacity_gb,128,GB
4868,768,cpu_socket,AM4,
4869,768,ram_type,DDR4,
4870,768,ram_socket,4,EA
4871,768,form_factor,M-ATX,
4872,768,chipset,B550,
4873,768,m2_slots,2,EA
4874,768,max_ram_capacity_gb,128,GB
4875,769,cpu_socket,AM4,
4876,769,ram_type,DDR4,
4877,769,ram_socket,2,EA
4878,769,form_factor,M-ATX,
4879,769,chipset,A520,
4880,769,m2_slots,1,EA
4881,769,max_ram_capacity_gb,64,GB
4882,770,cpu_socket,AM4,
4883,770,ram_type,DDR4,
4884,770,ram_socket,2,EA
4885,770,form_factor,M-ATX,
4886,770,chipset,A520,
4887,770,m2_slots,1,EA
4888,770,max_ram_capacity_gb,64,GB
4889,771,cpu_socket,AM4,
4890,771,ram_type,DDR4,
4891,771,ram_socket,2,EA
4892,771,form_factor,M-ATX,
4893,771,chipset,A320,
4894,771,m2_slots,1,EA
4895,771,max_ram_capacity_gb,32,GB
4896,772,cpu_socket,AM4,
4897,772,ram_type,DDR4,
4898,772,ram_socket,2,EA
4899,772,form_factor,M-ATX,
4900,772,chipset,A320,
4901,772,m2_slots,1,EA
4902,772,max_ram_capacity_gb,32,GB
4903,773,cpu_socket,AM4,
4904,773,ram_type,DDR4,
4905,773,ram_socket,2,EA
4906,773,form_factor,M-ATX,
4907,773,chipset,A520,
4908,773,m2_slots,1,EA
4909,773,max_ram_capacity_gb,64,GB
4910,774,cpu_socket,AM5,
4911,774,ram_type,DDR5,
4912,774,ram_socket,4,EA
4913,774,form_factor,M-ATX,
4914,774,chipset,B850,
4915,774,m2_slots,2,EA
4916,774,max_ram_capacity_gb,256,GB
4917,775,cpu_socket,AM5,
4918,775,ram_type,DDR5,
4919,775,ram_socket,4,EA
4920,775,form_factor,M-ATX,
4921,775,chipset,B850,
4922,775,m2_slots,2,EA
4923,775,max_ram_capacity_gb,256,GB
4924,776,cpu_socket,AM5,
4925,776,ram_type,DDR5,
4926,776,ram_socket,4,EA
4927,776,form_factor,ATX,
4928,776,chipset,X870E,
4929,776,m2_slots,4,EA
4930,776,max_ram_capacity_gb,256,GB
4931,777,cpu_socket,AM5,
4932,777,ram_type,DDR5,
4933,777,ram_socket,4,EA
4934,777,form_factor,M-ATX,
4935,777,chipset,B650,
4936,777,m2_slots,2,EA
4937,777,max_ram_capacity_gb,192,GB
4938,778,cpu_socket,AM5,
4939,778,ram_type,DDR5,
4940,778,ram_socket,4,EA
4941,778,form_factor,M-ATX,
4942,778,chipset,B850,
4943,778,m2_slots,2,EA
4944,778,max_ram_capacity_gb,256,GB
4945,779,cpu_socket,AM5,
4946,779,ram_type,DDR5,
4947,779,ram_socket,4,EA
4948,779,form_factor,ATX,
4949,779,chipset,B850,
4950,779,m2_slots,4,EA
4951,779,max_ram_capacity_gb,256,GB
4952,780,cpu_socket,AM5,
4953,780,ram_type,DDR5,
4954,780,ram_socket,4,EA
4955,780,form_factor,ATX,
4956,780,chipset,B850,
4957,780,m2_slots,4,EA
4958,780,max_ram_capacity_gb,256,GB
4959,781,cpu_socket,AM5,
4960,781,ram_type,DDR5,
4961,781,ram_socket,4,EA
4962,781,form_factor,ATX,
4963,781,chipset,X870E,
4964,781,m2_slots,4,EA
4965,781,max_ram_capacity_gb,256,GB
4966,782,cpu_socket,AM5,
4967,782,ram_type,DDR5,
4968,782,ram_socket,4,EA
4969,782,form_factor,M-ATX,
4970,782,chipset,B650,
4971,782,m2_slots,2,EA
4972,782,max_ram_capacity_gb,192,GB
4973,783,cpu_socket,AM5,
4974,783,ram_type,DDR5,
4975,783,ram_socket,4,EA
4976,783,form_factor,M-ATX,
4977,783,chipset,B850,
4978,783,m2_slots,2,EA
4979,783,max_ram_capacity_gb,256,GB
4980,784,cpu_socket,AM5,
4981,784,ram_type,DDR5,
4982,784,ram_socket,4,EA
4983,784,form_factor,ATX,
4984,784,chipset,X870E,
4985,784,m2_slots,4,EA
4986,784,max_ram_capacity_gb,256,GB
4987,785,cpu_socket,AM5,
4988,785,ram_type,DDR5,
4989,785,ram_socket,4,EA
4990,785,form_factor,ATX,
4991,785,chipset,X870E,
4992,785,m2_slots,5,EA
4993,785,max_ram_capacity_gb,256,GB
4994,786,cpu_socket,AM5,
4995,786,ram_type,DDR5,
4996,786,ram_socket,4,EA
4997,786,form_factor,ATX,
4998,786,chipset,B850,
4999,786,m2_slots,4,EA
5000,786,max_ram_capacity_gb,256,GB
5001,787,cpu_socket,AM5,
5002,787,ram_type,DDR5,
5003,787,ram_socket,4,EA
5004,787,form_factor,M-ATX,
5005,787,chipset,B850,
5006,787,m2_slots,2,EA
5007,787,max_ram_capacity_gb,256,GB
5008,788,cpu_socket,AM5,
5009,788,ram_type,DDR5,
5010,788,ram_socket,4,EA
5011,788,form_factor,ATX,
5012,788,chipset,B850,
5013,788,m2_slots,3,EA
5014,788,max_ram_capacity_gb,256,GB
5015,789,cpu_socket,AM5,
5016,789,ram_type,DDR5,
5017,789,ram_socket,4,EA
5018,789,form_factor,ATX,
5019,789,chipset,X870E,
5020,789,m2_slots,4,EA
5021,789,max_ram_capacity_gb,256,GB
5022,790,cpu_socket,AM5,
5023,790,ram_type,DDR5,
5024,790,ram_socket,4,EA
5025,790,form_factor,ATX,
5026,790,chipset,X870,
5027,790,m2_slots,4,EA
5028,790,max_ram_capacity_gb,256,GB
5029,791,cpu_socket,AM5,
5030,791,ram_type,DDR5,
5031,791,ram_socket,4,EA
5032,791,form_factor,ATX,
5033,791,chipset,X870E,
5034,791,m2_slots,4,EA
5035,791,max_ram_capacity_gb,256,GB
5036,792,cpu_socket,AM5,
5037,792,ram_type,DDR5,
5038,792,ram_socket,4,EA
5039,792,form_factor,M-ATX,
5040,792,chipset,B850,
5041,792,m2_slots,2,EA
5042,792,max_ram_capacity_gb,256,GB
5043,793,cpu_socket,AM5,
5044,793,ram_type,DDR5,
5045,793,ram_socket,2,EA
5046,793,form_factor,M-ATX,
5047,793,chipset,B850,
5048,793,m2_slots,3,EA
5049,793,max_ram_capacity_gb,128,GB
5050,794,cpu_socket,AM5,
5051,794,ram_type,DDR5,
5052,794,ram_socket,4,EA
5053,794,form_factor,M-ATX,
5054,794,chipset,B850,
5055,794,m2_slots,3,EA
5056,794,max_ram_capacity_gb,256,GB
5057,795,cpu_socket,AM5,
5058,795,ram_type,DDR5,
5059,795,ram_socket,4,EA
5060,795,form_factor,ATX,
5061,795,chipset,B850,
5062,795,m2_slots,4,EA
5063,795,max_ram_capacity_gb,256,GB
5064,796,cpu_socket,AM5,
5065,796,ram_type,DDR5,
5066,796,ram_socket,4,EA
5067,796,form_factor,ATX,
5068,796,chipset,X870E,
5069,796,m2_slots,4,EA
5070,796,max_ram_capacity_gb,256,GB
5071,797,cpu_socket,AM5,
5072,797,ram_type,DDR5,
5073,797,ram_socket,4,EA
5074,797,form_factor,ATX,
5075,797,chipset,X870,
5076,797,m2_slots,4,EA
5077,797,max_ram_capacity_gb,256,GB
5078,798,cpu_socket,AM5,
5079,798,ram_type,DDR5,
5080,798,ram_socket,4,EA
5081,798,form_factor,ATX,
5082,798,chipset,X870E,
5083,798,m2_slots,4,EA
5084,798,max_ram_capacity_gb,256,GB
5085,799,cpu_socket,AM5,
5086,799,ram_type,DDR5,
5087,799,ram_socket,4,EA
5088,799,form_factor,ATX,
5089,799,chipset,X870E,
5090,799,m2_slots,4,EA
5091,799,max_ram_capacity_gb,256,GB
5092,800,cpu_socket,AM5,
5093,800,ram_type,DDR5,
5094,800,ram_socket,4,EA
5095,800,form_factor,ATX,
5096,800,chipset,X870E,
5097,800,m2_slots,4,EA
5098,800,max_ram_capacity_gb,256,GB
5099,801,cpu_socket,AM5,
5100,801,ram_type,DDR5,
5101,801,ram_socket,4,EA
5102,801,form_factor,ATX,
5103,801,chipset,B850,
5104,801,m2_slots,3,EA
5105,801,max_ram_capacity_gb,256,GB
5106,802,cpu_socket,AM5,
5107,802,ram_type,DDR5,
5108,802,ram_socket,4,EA
5109,802,form_factor,ATX,
5110,802,chipset,B850,
5111,802,m2_slots,4,EA
5112,802,max_ram_capacity_gb,256,GB
5113,803,cpu_socket,AM5,
5114,803,ram_type,DDR5,
5115,803,ram_socket,4,EA
5116,803,form_factor,ATX,
5117,803,chipset,X870,
5118,803,m2_slots,4,EA
5119,803,max_ram_capacity_gb,256,GB
5120,804,cpu_socket,AM5,
5121,804,ram_type,DDR5,
5122,804,ram_socket,4,EA
5123,804,form_factor,ATX,
5124,804,chipset,X870,
5125,804,m2_slots,4,EA
5126,804,max_ram_capacity_gb,256,GB
5127,805,cpu_socket,AM5,
5128,805,ram_type,DDR5,
5129,805,ram_socket,2,EA
5130,805,form_factor,M-ATX,
5131,805,chipset,B850,
5132,805,m2_slots,3,EA
5133,805,max_ram_capacity_gb,128,GB
5134,806,cpu_socket,AM5,
5135,806,ram_type,DDR5,
5136,806,ram_socket,4,EA
5137,806,form_factor,ATX,
5138,806,chipset,X870,
5139,806,m2_slots,4,EA
5140,806,max_ram_capacity_gb,256,GB
5141,807,cpu_socket,AM5,
5142,807,ram_type,DDR5,
5143,807,ram_socket,2,EA
5144,807,form_factor,M-ITX,
5145,807,chipset,B850,
5146,807,m2_slots,2,EA
5147,807,max_ram_capacity_gb,128,GB
5148,808,cpu_socket,AM5,
5149,808,ram_type,DDR5,
5150,808,ram_socket,4,EA
5151,808,form_factor,M-ATX,
5152,808,chipset,B850,
5153,808,m2_slots,2,EA
5154,808,max_ram_capacity_gb,256,GB
5155,809,cpu_socket,AM5,
5156,809,ram_type,DDR5,
5157,809,ram_socket,4,EA
5158,809,form_factor,ATX,
5159,809,chipset,B850,
5160,809,m2_slots,4,EA
5161,809,max_ram_capacity_gb,256,GB
5162,810,cpu_socket,AM5,
5163,810,ram_type,DDR5,
5164,810,ram_socket,4,EA
5165,810,form_factor,ATX,
5166,810,chipset,B650,
5167,810,m2_slots,3,EA
5168,810,max_ram_capacity_gb,192,GB
5169,811,cpu_socket,AM5,
5170,811,ram_type,DDR5,
5171,811,ram_socket,4,EA
5172,811,form_factor,ATX,
5173,811,chipset,B850,
5174,811,m2_slots,3,EA
5175,811,max_ram_capacity_gb,256,GB
5176,812,cpu_socket,AM5,
5177,812,ram_type,DDR5,
5178,812,ram_socket,4,EA
5179,812,form_factor,M-ATX,
5180,812,chipset,B850,
5181,812,m2_slots,2,EA
5182,812,max_ram_capacity_gb,256,GB
5183,813,cpu_socket,AM5,
5184,813,ram_type,DDR5,
5185,813,ram_socket,4,EA
5186,813,form_factor,M-ATX,
5187,813,chipset,B850,
5188,813,m2_slots,3,EA
5189,813,max_ram_capacity_gb,256,GB
5190,814,cpu_socket,AM5,
5191,814,ram_type,DDR5,
5192,814,ram_socket,2,EA
5193,814,form_factor,E-ATX,
5194,814,chipset,X870,
5195,814,m2_slots,3,EA
5196,814,max_ram_capacity_gb,128,GB
5197,815,cpu_socket,AM5,
5198,815,ram_type,DDR5,
5199,815,ram_socket,4,EA
5200,815,form_factor,ATX,
5201,815,chipset,B850,
5202,815,m2_slots,3,EA
5203,815,max_ram_capacity_gb,256,GB
5204,816,cpu_socket,AM5,
5205,816,ram_type,DDR5,
5206,816,ram_socket,4,EA
5207,816,form_factor,M-ATX,
5208,816,chipset,B850,
5209,816,m2_slots,2,EA
5210,816,max_ram_capacity_gb,256,GB
5211,817,cpu_socket,AM5,
5212,817,ram_type,DDR5,
5213,817,ram_socket,4,EA
5214,817,form_factor,ATX,
5215,817,chipset,X870,
5216,817,m2_slots,4,EA
5217,817,max_ram_capacity_gb,256,GB
5218,818,cpu_socket,AM5,
5219,818,ram_type,DDR5,
5220,818,ram_socket,4,EA
5221,818,form_factor,ATX,
5222,818,chipset,X870E,
5223,818,m2_slots,5,EA
5224,818,max_ram_capacity_gb,256,GB
5225,819,cpu_socket,AM5,
5226,819,ram_type,DDR5,
5227,819,ram_socket,4,EA
5228,819,form_factor,E-ATX,
5229,819,chipset,X870E,
5230,819,m2_slots,4,EA
5231,819,max_ram_capacity_gb,256,GB
5232,820,cpu_socket,AM5,
5233,820,ram_type,DDR5,
5234,820,ram_socket,4,EA
5235,820,form_factor,M-ATX,
5236,820,chipset,B850,
5237,820,m2_slots,2,EA
5238,820,max_ram_capacity_gb,256,GB
5239,821,cpu_socket,AM5,
5240,821,ram_type,DDR5,
5241,821,ram_socket,2,EA
5242,821,form_factor,E-ATX,
5243,821,chipset,X870,
5244,821,m2_slots,3,EA
5245,821,max_ram_capacity_gb,128,GB
5246,822,cpu_socket,AM5,
5247,822,ram_type,DDR5,
5248,822,ram_socket,4,EA
5249,822,form_factor,ATX,
5250,822,chipset,B850,
5251,822,m2_slots,4,EA
5252,822,max_ram_capacity_gb,256,GB
5253,823,cpu_socket,AM5,
5254,823,ram_type,DDR5,
5255,823,ram_socket,4,EA
5256,823,form_factor,M-ATX,
5257,823,chipset,B850,
5258,823,m2_slots,2,EA
5259,823,max_ram_capacity_gb,256,GB
5260,824,cpu_socket,AM5,
5261,824,ram_type,DDR5,
5262,824,ram_socket,4,EA
5263,824,form_factor,M-ATX,
5264,824,chipset,B850,
5265,824,m2_slots,3,EA
5266,824,max_ram_capacity_gb,256,GB
5267,825,cpu_socket,AM5,
5268,825,ram_type,DDR5,
5269,825,ram_socket,2,EA
5270,825,form_factor,M-ITX,
5271,825,chipset,X870,
5272,825,m2_slots,2,EA
5273,825,max_ram_capacity_gb,128,GB
5274,826,cpu_socket,AM5,
5275,826,ram_type,DDR5,
5276,826,ram_socket,4,EA
5277,826,form_factor,M-ATX,
5278,826,chipset,B850,
5279,826,m2_slots,3,EA
5280,826,max_ram_capacity_gb,256,GB
5281,827,cpu_socket,AM5,
5282,827,ram_type,DDR5,
5283,827,ram_socket,4,EA
5284,827,form_factor,ATX,
5285,827,chipset,X870E,
5286,827,m2_slots,4,EA
5287,827,max_ram_capacity_gb,256,GB
5288,828,cpu_socket,AM5,
5289,828,ram_type,DDR5,
5290,828,ram_socket,4,EA
5291,828,form_factor,M-ATX,
5292,828,chipset,B850,
5293,828,m2_slots,2,EA
5294,828,max_ram_capacity_gb,256,GB
5295,829,cpu_socket,AM5,
5296,829,ram_type,DDR5,
5297,829,ram_socket,4,EA
5298,829,form_factor,M-ATX,
5299,829,chipset,B850,
5300,829,m2_slots,2,EA
5301,829,max_ram_capacity_gb,256,GB
5302,830,cpu_socket,AM5,
5303,830,ram_type,DDR5,
5304,830,ram_socket,2,EA
5305,830,form_factor,M-ATX,
5306,830,chipset,B850,
5307,830,m2_slots,3,EA
5308,830,max_ram_capacity_gb,128,GB
5309,831,cpu_socket,AM5,
5310,831,ram_type,DDR5,
5311,831,ram_socket,4,EA
5312,831,form_factor,ATX,
5313,831,chipset,B850,
5314,831,m2_slots,3,EA
5315,831,max_ram_capacity_gb,256,GB
5316,832,cpu_socket,AM5,
5317,832,ram_type,DDR5,
5318,832,ram_socket,4,EA
5319,832,form_factor,ATX,
5320,832,chipset,X870,
5321,832,m2_slots,3,EA
5322,832,max_ram_capacity_gb,256,GB
5323,833,cpu_socket,AM5,
5324,833,ram_type,DDR5,
5325,833,ram_socket,2,EA
5326,833,form_factor,M-ATX,
5327,833,chipset,B850,
5328,833,m2_slots,3,EA
5329,833,max_ram_capacity_gb,128,GB
5330,834,cpu_socket,AM5,
5331,834,ram_type,DDR5,
5332,834,ram_socket,4,EA
5333,834,form_factor,ATX,
5334,834,chipset,B850,
5335,834,m2_slots,4,EA
5336,834,max_ram_capacity_gb,256,GB
5337,835,cpu_socket,AM5,
5338,835,ram_type,DDR5,
5339,835,ram_socket,2,EA
5340,835,form_factor,M-ATX,
5341,835,chipset,A620A,
5342,835,m2_slots,1,EA
5343,835,max_ram_capacity_gb,128,GB
5344,836,cpu_socket,AM5,
5345,836,ram_type,DDR5,
5346,836,ram_socket,4,EA
5347,836,form_factor,M-ATX,
5348,836,chipset,B650,
5349,836,m2_slots,2,EA
5350,836,max_ram_capacity_gb,192,GB
5351,837,cpu_socket,AM5,
5352,837,ram_type,DDR5,
5353,837,ram_socket,4,EA
5354,837,form_factor,M-ATX,
5355,837,chipset,B850,
5356,837,m2_slots,2,EA
5357,837,max_ram_capacity_gb,256,GB
5358,838,cpu_socket,AM5,
5359,838,ram_type,DDR5,
5360,838,ram_socket,4,EA
5361,838,form_factor,ATX,
5362,838,chipset,X870,
5363,838,m2_slots,4,EA
5364,838,max_ram_capacity_gb,256,GB
5365,839,cpu_socket,AM5,
5366,839,ram_type,DDR5,
5367,839,ram_socket,4,EA
5368,839,form_factor,ATX,
5369,839,chipset,X870,
5370,839,m2_slots,4,EA
5371,839,max_ram_capacity_gb,256,GB
5372,840,cpu_socket,AM5,
5373,840,ram_type,DDR5,
5374,840,ram_socket,4,EA
5375,840,form_factor,ATX,
5376,840,chipset,X870E,
5377,840,m2_slots,4,EA
5378,840,max_ram_capacity_gb,256,GB
5379,841,cpu_socket,AM5,
5380,841,ram_type,DDR5,
5381,841,ram_socket,4,EA
5382,841,form_factor,ATX,
5383,841,chipset,B850,
5384,841,m2_slots,3,EA
5385,841,max_ram_capacity_gb,256,GB
5386,842,cpu_socket,AM5,
5387,842,ram_type,DDR5,
5388,842,ram_socket,4,EA
5389,842,form_factor,ATX,
5390,842,chipset,X870,
5391,842,m2_slots,3,EA
5392,842,max_ram_capacity_gb,256,GB
5393,843,cpu_socket,AM5,
5394,843,ram_type,DDR5,
5395,843,ram_socket,4,EA
5396,843,form_factor,ATX,
5397,843,chipset,B650E,
5398,843,m2_slots,3,EA
5399,843,max_ram_capacity_gb,192,GB
5400,844,cpu_socket,AM5,
5401,844,ram_type,DDR5,
5402,844,ram_socket,4,EA
5403,844,form_factor,ATX,
5404,844,chipset,B650,
5405,844,m2_slots,3,EA
5406,844,max_ram_capacity_gb,192,GB
5407,845,cpu_socket,AM5,
5408,845,ram_type,DDR5,
5409,845,ram_socket,4,EA
5410,845,form_factor,ATX,
5411,845,chipset,X870E,
5412,845,m2_slots,4,EA
5413,845,max_ram_capacity_gb,256,GB
5414,846,cpu_socket,AM5,
5415,846,ram_type,DDR5,
5416,846,ram_socket,4,EA
5417,846,form_factor,ATX,
5418,846,chipset,X870E,
5419,846,m2_slots,4,EA
5420,846,max_ram_capacity_gb,256,GB
5421,847,cpu_socket,AM5,
5422,847,ram_type,DDR5,
5423,847,ram_socket,4,EA
5424,847,form_factor,ATX,
5425,847,chipset,B650,
5426,847,m2_slots,3,EA
5427,847,max_ram_capacity_gb,192,GB
5428,848,cpu_socket,AM5,
5429,848,ram_type,DDR5,
5430,848,ram_socket,4,EA
5431,848,form_factor,M-ATX,
5432,848,chipset,B650,
5433,848,m2_slots,2,EA
5434,848,max_ram_capacity_gb,128,GB
5435,849,cpu_socket,AM5,
5436,849,ram_type,DDR5,
5437,849,ram_socket,4,EA
5438,849,form_factor,M-ATX,
5439,849,chipset,A620,
5440,849,m2_slots,1,EA
5441,849,max_ram_capacity_gb,128,GB
5442,850,cpu_socket,AM5,
5443,850,ram_type,DDR5,
5444,850,ram_socket,4,EA
5445,850,form_factor,ATX,
5446,850,chipset,B650,
5447,850,m2_slots,3,EA
5448,850,max_ram_capacity_gb,192,GB
5449,851,cpu_socket,AM5,
5450,851,ram_type,DDR5,
5451,851,ram_socket,2,EA
5452,851,form_factor,M-ITX,
5453,851,chipset,X870,
5454,851,m2_slots,2,EA
5455,851,max_ram_capacity_gb,128,GB
5456,852,cpu_socket,AM5,
5457,852,ram_type,DDR5,
5458,852,ram_socket,4,EA
5459,852,form_factor,ATX,
5460,852,chipset,X670,
5461,852,m2_slots,4,EA
5462,852,max_ram_capacity_gb,192,GB
5463,853,cpu_socket,AM5,
5464,853,ram_type,DDR5,
5465,853,ram_socket,4,EA
5466,853,form_factor,ATX,
5467,853,chipset,B650,
5468,853,m2_slots,3,EA
5469,853,max_ram_capacity_gb,192,GB
5470,854,cpu_socket,AM5,
5471,854,ram_type,DDR5,
5472,854,ram_socket,2,EA
5473,854,form_factor,M-ATX,
5474,854,chipset,B650,
5475,854,m2_slots,1,EA
5476,854,max_ram_capacity_gb,96,GB
5477,855,cpu_socket,AM5,
5478,855,ram_type,DDR5,
5479,855,ram_socket,4,EA
5480,855,form_factor,M-ATX,
5481,855,chipset,A620,
5482,855,m2_slots,1,EA
5483,855,max_ram_capacity_gb,128,GB
5484,856,cpu_socket,AM5,
5485,856,ram_type,DDR5,
5486,856,ram_socket,4,EA
5487,856,form_factor,M-ATX,
5488,856,chipset,B650,
5489,856,m2_slots,2,EA
5490,856,max_ram_capacity_gb,128,GB
5491,857,cpu_socket,AM5,
5492,857,ram_type,DDR5,
5493,857,ram_socket,4,EA
5494,857,form_factor,ATX,
5495,857,chipset,X870E,
5496,857,m2_slots,4,EA
5497,857,max_ram_capacity_gb,256,GB
5498,858,cpu_socket,AM5,
5499,858,ram_type,DDR5,
5500,858,ram_socket,4,EA
5501,858,form_factor,M-ATX,
5502,858,chipset,B650,
5503,858,m2_slots,2,EA
5504,858,max_ram_capacity_gb,192,GB
5505,859,cpu_socket,AM5,
5506,859,ram_type,DDR5,
5507,859,ram_socket,4,EA
5508,859,form_factor,M-ATX,
5509,859,chipset,B850,
5510,859,m2_slots,2,EA
5511,859,max_ram_capacity_gb,256,GB
5512,860,cpu_socket,AM5,
5513,860,ram_type,DDR5,
5514,860,ram_socket,4,EA
5515,860,form_factor,M-ATX,
5516,860,chipset,B650,
5517,860,m2_slots,2,EA
5518,860,max_ram_capacity_gb,128,GB
5519,861,cpu_socket,LGA1200,
5520,861,ram_type,DDR4,
5521,861,ram_socket,2,EA
5522,861,form_factor,M-ATX,
5523,861,chipset,H510,
5524,861,m2_slots,1,EA
5525,861,max_ram_capacity_gb,64,GB
5526,862,cpu_socket,LGA1200,
5527,862,ram_type,DDR4,
5528,862,ram_socket,4,EA
5529,862,form_factor,ATX,
5530,862,chipset,Z590,
5531,862,m2_slots,3,EA
5532,862,max_ram_capacity_gb,128,GB
5533,863,cpu_socket,LGA1200,
5534,863,ram_type,DDR4,
5535,863,ram_socket,4,EA
5536,863,form_factor,ATX,
5537,863,chipset,Z590,
5538,863,m2_slots,3,EA
5539,863,max_ram_capacity_gb,128,GB
5540,864,cpu_socket,LGA1200,
5541,864,ram_type,DDR4,
5542,864,ram_socket,4,EA
5543,864,form_factor,M-ATX,
5544,864,chipset,B560,
5545,864,m2_slots,2,EA
5546,864,max_ram_capacity_gb,128,GB
5547,865,cpu_socket,LGA1700,
5548,865,ram_type,DDR4,
5549,865,ram_socket,4,EA
5550,865,form_factor,M-ATX,
5551,865,chipset,B760,
5552,865,m2_slots,2,EA
5553,865,max_ram_capacity_gb,128,GB
5554,866,cpu_socket,LGA1700,
5555,866,ram_type,DDR4,
5556,866,ram_socket,4,EA
5557,866,form_factor,M-ATX,
5558,866,chipset,B760,
5559,866,m2_slots,2,EA
5560,866,max_ram_capacity_gb,128,GB
5561,867,cpu_socket,LGA1700,
5562,867,ram_type,DDR4,
5563,867,ram_socket,4,EA
5564,867,form_factor,M-ATX,
5565,867,chipset,B760,
5566,867,m2_slots,2,EA
5567,867,max_ram_capacity_gb,128,GB
5568,868,cpu_socket,LGA1700,
5569,868,ram_type,DDR4,
5570,868,ram_socket,2,EA
5571,868,form_factor,M-ATX,
5572,868,chipset,H610,
5573,868,m2_slots,1,EA
5574,868,max_ram_capacity_gb,64,GB
5575,869,cpu_socket,LGA1700,
5576,869,ram_type,DDR4,
5577,869,ram_socket,2,EA
5578,869,form_factor,M-ATX,
5579,869,chipset,H610,
5580,869,m2_slots,1,EA
5581,869,max_ram_capacity_gb,64,GB
5582,870,cpu_socket,LGA1700,
5583,870,ram_type,DDR4,
5584,870,ram_socket,4,EA
5585,870,form_factor,M-ATX,
5586,870,chipset,B760,
5587,870,m2_slots,2,EA
5588,870,max_ram_capacity_gb,128,GB
5589,871,cpu_socket,LGA1700,
5590,871,ram_type,DDR5,
5591,871,ram_socket,4,EA
5592,871,form_factor,M-ATX,
5593,871,chipset,B760,
5594,871,m2_slots,2,EA
5595,871,max_ram_capacity_gb,256,GB
5596,872,cpu_socket,LGA1700,
5597,872,ram_type,DDR4,
5598,872,ram_socket,4,EA
5599,872,form_factor,M-ATX,
5600,872,chipset,B760,
5601,872,m2_slots,2,EA
5602,872,max_ram_capacity_gb,128,GB
5603,873,cpu_socket,LGA1700,
5604,873,ram_type,DDR4,
5605,873,ram_socket,2,EA
5606,873,form_factor,M-ITX,
5607,873,chipset,H610,
5608,873,m2_slots,1,EA
5609,873,max_ram_capacity_gb,64,GB
5610,874,cpu_socket,LGA1700,
5611,874,ram_type,DDR4,
5612,874,ram_socket,4,EA
5613,874,form_factor,M-ATX,
5614,874,chipset,B760,
5615,874,m2_slots,2,EA
5616,874,max_ram_capacity_gb,128,GB
5617,875,cpu_socket,LGA1700,
5618,875,ram_type,DDR4,
5619,875,ram_socket,2,EA
5620,875,form_factor,M-ATX,
5621,875,chipset,H610,
5622,875,m2_slots,1,EA
5623,875,max_ram_capacity_gb,64,GB
5624,876,cpu_socket,LGA1700,
5625,876,ram_type,DDR5,
5626,876,ram_socket,4,EA
5627,876,form_factor,M-ATX,
5628,876,chipset,B760,
5629,876,m2_slots,2,EA
5630,876,max_ram_capacity_gb,256,GB
5631,877,cpu_socket,LGA1700,
5632,877,ram_type,DDR5,
5633,877,ram_socket,4,EA
5634,877,form_factor,ATX,
5635,877,chipset,Z790,
5636,877,m2_slots,3,EA
5637,877,max_ram_capacity_gb,128,GB
5638,878,cpu_socket,LGA1700,
5639,878,ram_type,DDR5,
5640,878,ram_socket,2,EA
5641,878,form_factor,M-ATX,
5642,878,chipset,H610,
5643,878,m2_slots,1,EA
5644,878,max_ram_capacity_gb,128,GB
5645,879,cpu_socket,LGA1700,
5646,879,ram_type,DDR5,
5647,879,ram_socket,4,EA
5648,879,form_factor,ATX,
5649,879,chipset,Z790,
5650,879,m2_slots,4,EA
5651,879,max_ram_capacity_gb,128,GB
5652,880,cpu_socket,LGA1700,
5653,880,ram_type,DDR4,
5654,880,ram_socket,4,EA
5655,880,form_factor,M-ATX,
5656,880,chipset,B760,
5657,880,m2_slots,2,EA
5658,880,max_ram_capacity_gb,128,GB
5659,881,cpu_socket,LGA1700,
5660,881,ram_type,DDR4,
5661,881,ram_socket,4,EA
5662,881,form_factor,M-ATX,
5663,881,chipset,B760,
5664,881,m2_slots,2,EA
5665,881,max_ram_capacity_gb,128,GB
5666,882,cpu_socket,LGA1700,
5667,882,ram_type,DDR5,
5668,882,ram_socket,2,EA
5669,882,form_factor,M-ATX,
5670,882,chipset,H610,
5671,882,m2_slots,1,EA
5672,882,max_ram_capacity_gb,128,GB
5673,883,cpu_socket,LGA1700,
5674,883,ram_type,DDR5,
5675,883,ram_socket,4,EA
5676,883,form_factor,M-ATX,
5677,883,chipset,B760,
5678,883,m2_slots,2,EA
5679,883,max_ram_capacity_gb,256,GB
5680,884,cpu_socket,LGA1700,
5681,884,ram_type,DDR4,
5682,884,ram_socket,4,EA
5683,884,form_factor,M-ATX,
5684,884,chipset,B760,
5685,884,m2_slots,2,EA
5686,884,max_ram_capacity_gb,128,GB
5687,885,cpu_socket,LGA1700,
5688,885,ram_type,DDR5,
5689,885,ram_socket,2,EA
5690,885,form_factor,M-ATX,
5691,885,chipset,H610,
5692,885,m2_slots,1,EA
5693,885,max_ram_capacity_gb,128,GB
5694,886,cpu_socket,LGA1700,
5695,886,ram_type,DDR4,
5696,886,ram_socket,2,EA
5697,886,form_factor,M-ATX,
5698,886,chipset,H610,
5699,886,m2_slots,1,EA
5700,886,max_ram_capacity_gb,64,GB
5701,887,cpu_socket,LGA1700,
5702,887,ram_type,DDR5,
5703,887,ram_socket,4,EA
5704,887,form_factor,M-ATX,
5705,887,chipset,B760,
5706,887,m2_slots,2,EA
5707,887,max_ram_capacity_gb,256,GB
5708,888,cpu_socket,LGA1700,
5709,888,ram_type,DDR5,
5710,888,ram_socket,2,EA
5711,888,form_factor,M-ATX,
5712,888,chipset,B760,
5713,888,m2_slots,2,EA
5714,888,max_ram_capacity_gb,96,GB
5715,889,cpu_socket,LGA1700,
5716,889,ram_type,DDR5,
5717,889,ram_socket,2,EA
5718,889,form_factor,M-ATX,
5719,889,chipset,H610,
5720,889,m2_slots,1,EA
5721,889,max_ram_capacity_gb,128,GB
5722,890,cpu_socket,LGA1700,
5723,890,ram_type,DDR5,
5724,890,ram_socket,2,EA
5725,890,form_factor,M-ATX,
5726,890,chipset,H610,
5727,890,m2_slots,1,EA
5728,890,max_ram_capacity_gb,128,GB
5729,891,cpu_socket,LGA1700,
5730,891,ram_type,DDR5,
5731,891,ram_socket,2,EA
5732,891,form_factor,M-ATX,
5733,891,chipset,H610,
5734,891,m2_slots,1,EA
5735,891,max_ram_capacity_gb,64,GB
5736,892,cpu_socket,LGA1700,
5737,892,ram_type,DDR5,
5738,892,ram_socket,4,EA
5739,892,form_factor,ATX,
5740,892,chipset,Z790,
5741,892,m2_slots,4,EA
5742,892,max_ram_capacity_gb,128,GB
5743,893,cpu_socket,LGA1700,
5744,893,ram_type,DDR5,
5745,893,ram_socket,4,EA
5746,893,form_factor,E-ATX,
5747,893,chipset,Z790,
5748,893,m2_slots,5,EA
5749,893,max_ram_capacity_gb,192,GB
5750,894,cpu_socket,LGA1700,
5751,894,ram_type,DDR5,
5752,894,ram_socket,4,EA
5753,894,form_factor,M-ATX,
5754,894,chipset,B760,
5755,894,m2_slots,2,EA
5756,894,max_ram_capacity_gb,128,GB
5757,895,cpu_socket,LGA1700,
5758,895,ram_type,DDR5,
5759,895,ram_socket,4,EA
5760,895,form_factor,E-ATX,
5761,895,chipset,Z790,
5762,895,m2_slots,5,EA
5763,895,max_ram_capacity_gb,128,GB
5764,896,cpu_socket,LGA1700,
5765,896,ram_type,DDR5,
5766,896,ram_socket,4,EA
5767,896,form_factor,E-ATX,
5768,896,chipset,Z690,
5769,896,m2_slots,4,EA
5770,896,max_ram_capacity_gb,128,GB
5771,897,cpu_socket,LGA1700,
5772,897,ram_type,DDR5,
5773,897,ram_socket,4,EA
5774,897,form_factor,M-ATX,
5775,897,chipset,B760,
5776,897,m2_slots,2,EA
5777,897,max_ram_capacity_gb,128,GB
5778,898,cpu_socket,LGA1700,
5779,898,ram_type,DDR5,
5780,898,ram_socket,4,EA
5781,898,form_factor,ATX,
5782,898,chipset,Z790,
5783,898,m2_slots,4,EA
5784,898,max_ram_capacity_gb,128,GB
5785,899,cpu_socket,LGA1700,
5786,899,ram_type,DDR5,
5787,899,ram_socket,4,EA
5788,899,form_factor,ATX,
5789,899,chipset,Z690,
5790,899,m2_slots,4,EA
5791,899,max_ram_capacity_gb,128,GB
5792,900,cpu_socket,LGA1700,
5793,900,ram_type,DDR5,
5794,900,ram_socket,4,EA
5795,900,form_factor,M-ATX,
5796,900,chipset,B760,
5797,900,m2_slots,2,EA
5798,900,max_ram_capacity_gb,128,GB
5799,901,cpu_socket,LGA1700,
5800,901,ram_type,DDR4,
5801,901,ram_socket,2,EA
5802,901,form_factor,M-ATX,
5803,901,chipset,H610,
5804,901,m2_slots,1,EA
5805,901,max_ram_capacity_gb,64,GB
5806,902,cpu_socket,LGA1700,
5807,902,ram_type,DDR5,
5808,902,ram_socket,4,EA
5809,902,form_factor,ATX,
5810,902,chipset,Z790,
5811,902,m2_slots,4,EA
5812,902,max_ram_capacity_gb,128,GB
5813,903,cpu_socket,LGA1700,
5814,903,ram_type,DDR5,
5815,903,ram_socket,2,EA
5816,903,form_factor,M-ATX,
5817,903,chipset,H610,
5818,903,m2_slots,1,EA
5819,903,max_ram_capacity_gb,96,GB
5820,904,cpu_socket,LGA1700,
5821,904,ram_type,DDR4,
5822,904,ram_socket,2,EA
5823,904,form_factor,M-ATX,
5824,904,chipset,H610,
5825,904,m2_slots,1,EA
5826,904,max_ram_capacity_gb,64,GB
5827,905,cpu_socket,LGA1700,
5828,905,ram_type,DDR5,
5829,905,ram_socket,4,EA
5830,905,form_factor,M-ATX,
5831,905,chipset,B760,
5832,905,m2_slots,2,EA
5833,905,max_ram_capacity_gb,192,GB
5834,906,cpu_socket,LGA1700,
5835,906,ram_type,DDR5,
5836,906,ram_socket,2,EA
5837,906,form_factor,M-ATX,
5838,906,chipset,H610,
5839,906,m2_slots,1,EA
5840,906,max_ram_capacity_gb,96,GB
5841,907,cpu_socket,LGA1700,
5842,907,ram_type,DDR5,
5843,907,ram_socket,4,EA
5844,907,form_factor,ATX,
5845,907,chipset,Z790,
5846,907,m2_slots,3,EA
5847,907,max_ram_capacity_gb,128,GB
5848,908,cpu_socket,LGA1700,
5849,908,ram_type,DDR5,
5850,908,ram_socket,4,EA
5851,908,form_factor,ATX,
5852,908,chipset,Z690,
5853,908,m2_slots,4,EA
5854,908,max_ram_capacity_gb,128,GB
5855,909,cpu_socket,LGA1700,
5856,909,ram_type,DDR5,
5857,909,ram_socket,2,EA
5858,909,form_factor,M-ATX,
5859,909,chipset,H610,
5860,909,m2_slots,1,EA
5861,909,max_ram_capacity_gb,64,GB
5862,910,cpu_socket,LGA1700,
5863,910,ram_type,DDR5,
5864,910,ram_socket,2,EA
5865,910,form_factor,M-ATX,
5866,910,chipset,H610,
5867,910,m2_slots,1,EA
5868,910,max_ram_capacity_gb,64,GB
5869,911,cpu_socket,LGA1700,
5870,911,ram_type,DDR5,
5871,911,ram_socket,2,EA
5872,911,form_factor,M-ATX,
5873,911,chipset,H610,
5874,911,m2_slots,1,EA
5875,911,max_ram_capacity_gb,64,GB
5876,912,cpu_socket,LGA1700,
5877,912,ram_type,DDR4,
5878,912,ram_socket,2,EA
5879,912,form_factor,M-ATX,
5880,912,chipset,H610,
5881,912,m2_slots,1,EA
5882,912,max_ram_capacity_gb,64,GB
5883,913,cpu_socket,LGA1700,
5884,913,ram_type,DDR4,
5885,913,ram_socket,2,EA
5886,913,form_factor,M-ATX,
5887,913,chipset,H610,
5888,913,m2_slots,1,EA
5889,913,max_ram_capacity_gb,64,GB
5890,914,cpu_socket,LGA1700,
5891,914,ram_type,DDR4,
5892,914,ram_socket,2,EA
5893,914,form_factor,M-ATX,
5894,914,chipset,H610,
5895,914,m2_slots,1,EA
5896,914,max_ram_capacity_gb,64,GB
5897,915,cpu_socket,LGA1700,
5898,915,ram_type,DDR4,
5899,915,ram_socket,2,EA
5900,915,form_factor,M-ATX,
5901,915,chipset,H610,
5902,915,m2_slots,1,EA
5903,915,max_ram_capacity_gb,64,GB
5904,916,cpu_socket,LGA1700,
5905,916,ram_type,DDR5,
5906,916,ram_socket,2,EA
5907,916,form_factor,M-ATX,
5908,916,chipset,H610,
5909,916,m2_slots,1,EA
5910,916,max_ram_capacity_gb,128,GB
5911,917,cpu_socket,LGA1700,
5912,917,ram_type,DDR5,
5913,917,ram_socket,2,EA
5914,917,form_factor,M-ATX,
5915,917,chipset,H610,
5916,917,m2_slots,1,EA
5917,917,max_ram_capacity_gb,96,GB
5918,918,cpu_socket,LGA1700,
5919,918,ram_type,DDR4,
5920,918,ram_socket,2,EA
5921,918,form_factor,M-ATX,
5922,918,chipset,H610,
5923,918,m2_slots,1,EA
5924,918,max_ram_capacity_gb,64,GB
5925,919,cpu_socket,LGA1700,
5926,919,ram_type,DDR4,
5927,919,ram_socket,2,EA
5928,919,form_factor,M-ATX,
5929,919,chipset,H610,
5930,919,m2_slots,1,EA
5931,919,max_ram_capacity_gb,64,GB
5932,920,cpu_socket,LGA1700,
5933,920,ram_type,DDR5,
5934,920,ram_socket,4,EA
5935,920,form_factor,ATX,
5936,920,chipset,Z790,
5937,920,m2_slots,4,EA
5938,920,max_ram_capacity_gb,128,GB
5939,921,cpu_socket,LGA1700,
5940,921,ram_type,DDR5,
5941,921,ram_socket,2,EA
5942,921,form_factor,M-ATX,
5943,921,chipset,H610,
5944,921,m2_slots,1,EA
5945,921,max_ram_capacity_gb,96,GB
5946,922,cpu_socket,LGA1851,
5947,922,ram_type,DDR5,
5948,922,ram_socket,4,EA
5949,922,form_factor,M-ATX,
5950,922,chipset,B860,
5951,922,m2_slots,2,EA
5952,922,max_ram_capacity_gb,256,GB
5953,923,cpu_socket,LGA1851,
5954,923,ram_type,DDR5,
5955,923,ram_socket,4,EA
5956,923,form_factor,M-ATX,
5957,923,chipset,B860,
5958,923,m2_slots,3,EA
5959,923,max_ram_capacity_gb,256,GB
5960,924,cpu_socket,LGA1851,
5961,924,ram_type,DDR5,
5962,924,ram_socket,4,EA
5963,924,form_factor,M-ATX,
5964,924,chipset,B860,
5965,924,m2_slots,2,EA
5966,924,max_ram_capacity_gb,256,GB
5967,925,cpu_socket,LGA1851,
5968,925,ram_type,DDR5,
5969,925,ram_socket,4,EA
5970,925,form_factor,ATX,
5971,925,chipset,Z890,
5972,925,m2_slots,1,EA
5973,925,max_ram_capacity_gb,256,GB
5974,926,cpu_socket,LGA1851,
5975,926,ram_type,DDR5,
5976,926,ram_socket,2,EA
5977,926,form_factor,M-ATX,
5978,926,chipset,H810,
5979,926,m2_slots,1,EA
5980,926,max_ram_capacity_gb,128,GB
5981,927,cpu_socket,LGA1851,
5982,927,ram_type,DDR5,
5983,927,ram_socket,2,EA
5984,927,form_factor,M-ATX,
5985,927,chipset,H810,
5986,927,m2_slots,1,EA
5987,927,max_ram_capacity_gb,128,GB
5988,928,cpu_socket,LGA1851,
5989,928,ram_type,DDR5,
5990,928,ram_socket,4,EA
5991,928,form_factor,M-ATX,
5992,928,chipset,B860,
5993,928,m2_slots,2,EA
5994,928,max_ram_capacity_gb,256,GB
5995,929,cpu_socket,LGA1851,
5996,929,ram_type,DDR5,
5997,929,ram_socket,4,EA
5998,929,form_factor,M-ATX,
5999,929,chipset,B860,
6000,929,m2_slots,3,EA
6001,929,max_ram_capacity_gb,256,GB
6002,930,cpu_socket,LGA1851,
6003,930,ram_type,DDR5,
6004,930,ram_socket,4,EA
6005,930,form_factor,M-ATX,
6006,930,chipset,B860,
6007,930,m2_slots,3,EA
6008,930,max_ram_capacity_gb,256,GB
6009,931,cpu_socket,LGA1851,
6010,931,ram_type,DDR5,
6011,931,ram_socket,4,EA
6012,931,form_factor,ATX,
6013,931,chipset,Z890,
6014,931,m2_slots,4,EA
6015,931,max_ram_capacity_gb,256,GB
6016,932,cpu_socket,LGA1851,
6017,932,ram_type,DDR5,
6018,932,ram_socket,4,EA
6019,932,form_factor,M-ATX,
6020,932,chipset,B860,
6021,932,m2_slots,3,EA
6022,932,max_ram_capacity_gb,256,GB
6023,933,cpu_socket,LGA1851,
6024,933,ram_type,DDR5,
6025,933,ram_socket,4,EA
6026,933,form_factor,M-ATX,
6027,933,chipset,Z890,
6028,933,m2_slots,3,EA
6029,933,max_ram_capacity_gb,256,GB
6030,934,cpu_socket,LGA1851,
6031,934,ram_type,DDR5,
6032,934,ram_socket,4,EA
6033,934,form_factor,ATX,
6034,934,chipset,B860,
6035,934,m2_slots,3,EA
6036,934,max_ram_capacity_gb,256,GB
6037,935,cpu_socket,LGA1851,
6038,935,ram_type,DDR5,
6039,935,ram_socket,4,EA
6040,935,form_factor,ATX,
6041,935,chipset,Z890,
6042,935,m2_slots,5,EA
6043,935,max_ram_capacity_gb,256,GB
6044,936,cpu_socket,LGA1851,
6045,936,ram_type,DDR5,
6046,936,ram_socket,2,EA
6047,936,form_factor,M-ITX,
6048,936,chipset,Z890,
6049,936,m2_slots,2,EA
6050,936,max_ram_capacity_gb,128,GB
6051,937,cpu_socket,LGA1851,
6052,937,ram_type,DDR5,
6053,937,ram_socket,4,EA
6054,937,form_factor,ATX,
6055,937,chipset,Z890,
6056,937,m2_slots,5,EA
6057,937,max_ram_capacity_gb,256,GB
6058,938,cpu_socket,LGA1851,
6059,938,ram_type,DDR5,
6060,938,ram_socket,4,EA
6061,938,form_factor,ATX,
6062,938,chipset,Z890,
6063,938,m2_slots,1,EA
6064,938,max_ram_capacity_gb,256,GB
6065,939,cpu_socket,LGA1851,
6066,939,ram_type,DDR5,
6067,939,ram_socket,4,EA
6068,939,form_factor,ATX,
6069,939,chipset,Z890,
6070,939,m2_slots,4,EA
6071,939,max_ram_capacity_gb,256,GB
6072,940,cpu_socket,LGA1851,
6073,940,ram_type,DDR5,
6074,940,ram_socket,2,EA
6075,940,form_factor,M-ATX,
6076,940,chipset,H810,
6077,940,m2_slots,1,EA
6078,940,max_ram_capacity_gb,128,GB
6079,941,cpu_socket,LGA1851,
6080,941,ram_type,DDR5,
6081,941,ram_socket,4,EA
6082,941,form_factor,M-ATX,
6083,941,chipset,Z890,
6084,941,m2_slots,1,EA
6085,941,max_ram_capacity_gb,256,GB
6086,942,cpu_socket,LGA1851,
6087,942,ram_type,DDR5,
6088,942,ram_socket,2,EA
6089,942,form_factor,ATX,
6090,942,chipset,Z890,
6091,942,m2_slots,2,EA
6092,942,max_ram_capacity_gb,256,GB
6093,943,cpu_socket,LGA1851,
6094,943,ram_type,DDR5,
6095,943,ram_socket,4,EA
6096,943,form_factor,ATX,
6097,943,chipset,Z890,
6098,943,m2_slots,4,EA
6099,943,max_ram_capacity_gb,256,GB
6100,944,cpu_socket,LGA1851,
6101,944,ram_type,DDR5,
6102,944,ram_socket,4,EA
6103,944,form_factor,M-ATX,
6104,944,chipset,B860,
6105,944,m2_slots,2,EA
6106,944,max_ram_capacity_gb,256,GB
6107,945,cpu_socket,LGA1851,
6108,945,ram_type,DDR5,
6109,945,ram_socket,4,EA
6110,945,form_factor,ATX,
6111,945,chipset,Z890,
6112,945,m2_slots,5,EA
6113,945,max_ram_capacity_gb,256,GB
6114,946,cpu_socket,LGA1851,
6115,946,ram_type,DDR5,
6116,946,ram_socket,4,EA
6117,946,form_factor,ATX,
6118,946,chipset,Z890,
6119,946,m2_slots,4,EA
6120,946,max_ram_capacity_gb,256,GB
6121,947,cpu_socket,LGA1851,
6122,947,ram_type,DDR5,
6123,947,ram_socket,4,EA
6124,947,form_factor,E-ATX,
6125,947,chipset,Z890,
6126,947,m2_slots,4,EA
6127,947,max_ram_capacity_gb,256,GB
6128,948,cpu_socket,LGA1851,
6129,948,ram_type,DDR5,
6130,948,ram_socket,4,EA
6131,948,form_factor,ATX,
6132,948,chipset,Z890,
6133,948,m2_slots,4,EA
6134,948,max_ram_capacity_gb,256,GB
6135,949,cpu_socket,LGA1851,
6136,949,ram_type,DDR5,
6137,949,ram_socket,4,EA
6138,949,form_factor,ATX,
6139,949,chipset,Z890,
6140,949,m2_slots,4,EA
6141,949,max_ram_capacity_gb,256,GB
6142,950,cpu_socket,LGA1851,
6143,950,ram_type,DDR5,
6144,950,ram_socket,2,EA
6145,950,form_factor,M-ATX,
6146,950,chipset,H810,
6147,950,m2_slots,1,EA
6148,950,max_ram_capacity_gb,128,GB
6149,951,cpu_socket,LGA1851,
6150,951,ram_type,DDR5,
6151,951,ram_socket,2,EA
6152,951,form_factor,ATX,
6153,951,chipset,Z890,
6154,951,m2_slots,5,EA
6155,951,max_ram_capacity_gb,256,GB
6156,952,cpu_socket,LGA1851,
6157,952,ram_type,DDR5,
6158,952,ram_socket,4,EA
6159,952,form_factor,M-ATX,
6160,952,chipset,B860,
6161,952,m2_slots,3,EA
6162,952,max_ram_capacity_gb,256,GB
6163,953,cpu_socket,LGA1851,
6164,953,ram_type,DDR5,
6165,953,ram_socket,4,EA
6166,953,form_factor,ATX,
6167,953,chipset,B860,
6168,953,m2_slots,3,EA
6169,953,max_ram_capacity_gb,256,GB
6170,954,cpu_socket,LGA1851,
6171,954,ram_type,DDR5,
6172,954,ram_socket,2,EA
6173,954,form_factor,M-ATX,
6174,954,chipset,H810,
6175,954,m2_slots,1,EA
6176,954,max_ram_capacity_gb,128,GB
6177,955,cpu_socket,LGA1851,
6178,955,ram_type,DDR5,
6179,955,ram_socket,4,EA
6180,955,form_factor,M-ATX,
6181,955,chipset,B860,
6182,955,m2_slots,3,EA
6183,955,max_ram_capacity_gb,256,GB
6184,956,cpu_socket,LGA1851,
6185,956,ram_type,DDR5,
6186,956,ram_socket,2,EA
6187,956,form_factor,M-ATX,
6188,956,chipset,H810,
6189,956,m2_slots,1,EA
6190,956,max_ram_capacity_gb,128,GB
6191,957,cpu_socket,LGA1851,
6192,957,ram_type,DDR5,
6193,957,ram_socket,2,EA
6194,957,form_factor,M-ATX,
6195,957,chipset,H810,
6196,957,m2_slots,1,EA
6197,957,max_ram_capacity_gb,128,GB
6198,958,cpu_socket,LGA1851,
6199,958,ram_type,DDR5,
6200,958,ram_socket,2,EA
6201,958,form_factor,M-ATX,
6202,958,chipset,H810,
6203,958,m2_slots,1,EA
6204,958,max_ram_capacity_gb,128,GB
6205,959,cpu_socket,LGA1851,
6206,959,ram_type,DDR5,
6207,959,ram_socket,2,EA
6208,959,form_factor,M-ATX,
6209,959,chipset,H810,
6210,959,m2_slots,1,EA
6211,959,max_ram_capacity_gb,128,GB
6212,960,cpu_socket,LGA1851,
6213,960,ram_type,DDR5,
6214,960,ram_socket,2,EA
6215,960,form_factor,M-ATX,
6216,960,chipset,H810,
6217,960,m2_slots,1,EA
6218,960,max_ram_capacity_gb,128,GB
6219,961,cpu_socket,LGA1851,
6220,961,ram_type,DDR5,
6221,961,ram_socket,2,EA
6222,961,form_factor,M-ATX,
6223,961,chipset,H810,
6224,961,m2_slots,1,EA
6225,961,max_ram_capacity_gb,128,GB
6226,962,cpu_socket,LGA1851,
6227,962,ram_type,DDR5,
6228,962,ram_socket,4,EA
6229,962,form_factor,ATX,
6230,962,chipset,Z890,
6231,962,m2_slots,5,EA
6232,962,max_ram_capacity_gb,256,GB
6233,963,cpu_socket,LGA1851,
6234,963,ram_type,DDR5,
6235,963,ram_socket,2,EA
6236,963,form_factor,M-ATX,
6237,963,chipset,H810,
6238,963,m2_slots,1,EA
6239,963,max_ram_capacity_gb,128,GB
6240,964,cpu_socket,LGA1851,
6241,964,ram_type,DDR5,
6242,964,ram_socket,2,EA
6243,964,form_factor,M-ATX,
6244,964,chipset,H810,
6245,964,m2_slots,1,EA
6246,964,max_ram_capacity_gb,128,GB
6247,965,cpu_socket,LGA1851,
6248,965,ram_type,DDR5,
6249,965,ram_socket,2,EA
6250,965,form_factor,M-ITX,
6251,965,chipset,Z890,
6252,965,m2_slots,2,EA
6253,965,max_ram_capacity_gb,128,GB
6254,966,cpu_socket,LGA1851,
6255,966,ram_type,DDR5,
6256,966,ram_socket,2,EA
6257,966,form_factor,M-ATX,
6258,966,chipset,H810,
6259,966,m2_slots,1,EA
6260,966,max_ram_capacity_gb,128,GB
6261,967,cpu_socket,AM4,
6262,967,ram_type,DDR4,
6263,967,ram_socket,2,EA
6264,967,form_factor,M-ATX,
6265,967,chipset,A520,
6266,967,m2_slots,1,EA
6267,967,max_ram_capacity_gb,128,GB
6268,968,cpu_socket,AM4,
6269,968,ram_type,DDR4,
6270,968,ram_socket,4,EA
6271,968,form_factor,M-ATX,
6272,968,chipset,B550,
6273,968,m2_slots,2,EA
6274,968,max_ram_capacity_gb,128,GB
6275,969,cpu_socket,AM4,
6276,969,ram_type,DDR4,
6277,969,ram_socket,4,EA
6278,969,form_factor,M-ATX,
6279,969,chipset,B550,
6280,969,m2_slots,2,EA
6281,969,max_ram_capacity_gb,128,GB
6282,970,cpu_socket,AM4,
6283,970,ram_type,DDR4,
6284,970,ram_socket,4,EA
6285,970,form_factor,M-ATX,
6286,970,chipset,B550,
6287,970,m2_slots,2,EA
6288,970,max_ram_capacity_gb,128,GB
6289,971,cpu_socket,AM4,
6290,971,ram_type,DDR4,
6291,971,ram_socket,2,EA
6292,971,form_factor,M-ITX,
6293,971,chipset,A520,
6294,971,m2_slots,1,EA
6295,971,max_ram_capacity_gb,64,GB
6296,972,cpu_socket,AM4,
6297,972,ram_type,DDR4,
6298,972,ram_socket,4,EA
6299,972,form_factor,M-ATX,
6300,972,chipset,B550,
6301,972,m2_slots,2,EA
6302,972,max_ram_capacity_gb,128,GB
6303,973,cpu_socket,AM4,
6304,973,ram_type,DDR4,
6305,973,ram_socket,4,EA
6306,973,form_factor,M-ATX,
6307,973,chipset,B550,
6308,973,m2_slots,2,EA
6309,973,max_ram_capacity_gb,128,GB
6310,974,cpu_socket,AM4,
6311,974,ram_type,DDR4,
6312,974,ram_socket,4,EA
6313,974,form_factor,M-ATX,
6314,974,chipset,B550,
6315,974,m2_slots,2,EA
6316,974,max_ram_capacity_gb,128,GB
6317,975,cpu_socket,AM4,
6318,975,ram_type,DDR4,
6319,975,ram_socket,4,EA
6320,975,form_factor,M-ATX,
6321,975,chipset,B550,
6322,975,m2_slots,2,EA
6323,975,max_ram_capacity_gb,128,GB
6324,976,cpu_socket,AM4,
6325,976,ram_type,DDR4,
6326,976,ram_socket,4,EA
6327,976,form_factor,M-ATX,
6328,976,chipset,B550,
6329,976,m2_slots,2,EA
6330,976,max_ram_capacity_gb,128,GB
6331,977,cpu_socket,AM4,
6332,977,ram_type,DDR4,
6333,977,ram_socket,4,EA
6334,977,form_factor,M-ATX,
6335,977,chipset,B550,
6336,977,m2_slots,2,EA
6337,977,max_ram_capacity_gb,128,GB
6338,978,cpu_socket,AM4,
6339,978,ram_type,DDR4,
6340,978,ram_socket,2,EA
6341,978,form_factor,M-ATX,
6342,978,chipset,A520,
6343,978,m2_slots,1,EA
6344,978,max_ram_capacity_gb,64,GB
6345,979,cpu_socket,AM4,
6346,979,ram_type,DDR4,
6347,979,ram_socket,4,EA
6348,979,form_factor,M-ATX,
6349,979,chipset,B550,
6350,979,m2_slots,2,EA
6351,979,max_ram_capacity_gb,128,GB
6352,980,cpu_socket,AM4,
6353,980,ram_type,DDR4,
6354,980,ram_socket,4,EA
6355,980,form_factor,M-ATX,
6356,980,chipset,B550,
6357,980,m2_slots,2,EA
6358,980,max_ram_capacity_gb,128,GB
6359,981,cpu_socket,AM4,
6360,981,ram_type,DDR4,
6361,981,ram_socket,2,EA
6362,981,form_factor,M-ATX,
6363,981,chipset,A520,
6364,981,m2_slots,1,EA
6365,981,max_ram_capacity_gb,64,GB
6366,982,cpu_socket,AM4,
6367,982,ram_type,DDR4,
6368,982,ram_socket,4,EA
6369,982,form_factor,M-ATX,
6370,982,chipset,B550,
6371,982,m2_slots,2,EA
6372,982,max_ram_capacity_gb,128,GB
6373,983,cpu_socket,AM4,
6374,983,ram_type,DDR4,
6375,983,ram_socket,4,EA
6376,983,form_factor,ATX,
6377,983,chipset,B450,
6378,983,m2_slots,2,EA
6379,983,max_ram_capacity_gb,64,GB
6380,984,cpu_socket,AM4,
6381,984,ram_type,DDR4,
6382,984,ram_socket,4,EA
6383,984,form_factor,M-ATX,
6384,984,chipset,B450,
6385,984,m2_slots,2,EA
6386,984,max_ram_capacity_gb,128,GB
6387,985,cpu_socket,AM4,
6388,985,ram_type,DDR4,
6389,985,ram_socket,2,EA
6390,985,form_factor,M-ATX,
6391,985,chipset,B450,
6392,985,m2_slots,1,EA
6393,985,max_ram_capacity_gb,64,GB
6394,986,cpu_socket,AM4,
6395,986,ram_type,DDR4,
6396,986,ram_socket,2,EA
6397,986,form_factor,M-ATX,
6398,986,chipset,A520,
6399,986,m2_slots,1,EA
6400,986,max_ram_capacity_gb,64,GB
6401,987,cpu_socket,AM4,
6402,987,ram_type,DDR4,
6403,987,ram_socket,4,EA
6404,987,form_factor,ATX,
6405,987,chipset,B450,
6406,987,m2_slots,2,EA
6407,987,max_ram_capacity_gb,64,GB
6408,988,cpu_socket,AM4,
6409,988,ram_type,DDR4,
6410,988,ram_socket,2,EA
6411,988,form_factor,M-ATX,
6412,988,chipset,A520,
6413,988,m2_slots,1,EA
6414,988,max_ram_capacity_gb,64,GB
6415,989,cpu_socket,AM4,
6416,989,ram_type,DDR4,
6417,989,ram_socket,2,EA
6418,989,form_factor,M-ATX,
6419,989,chipset,A320,
6420,989,m2_slots,1,EA
6421,989,max_ram_capacity_gb,32,GB
6422,990,cpu_socket,AM4,
6423,990,ram_type,DDR4,
6424,990,ram_socket,4,EA
6425,990,form_factor,M-ATX,
6426,990,chipset,B550,
6427,990,m2_slots,2,EA
6428,990,max_ram_capacity_gb,128,GB
6429,991,cpu_socket,AM4,
6430,991,ram_type,DDR4,
6431,991,ram_socket,2,EA
6432,991,form_factor,M-ATX,
6433,991,chipset,A520,
6434,991,m2_slots,1,EA
6435,991,max_ram_capacity_gb,64,GB
6436,992,cpu_socket,AM5,
6437,992,ram_type,DDR5,
6438,992,ram_socket,4,EA
6439,992,form_factor,M-ATX,
6440,992,chipset,B650,
6441,992,m2_slots,3,EA
6442,992,max_ram_capacity_gb,256,GB
6443,993,cpu_socket,AM5,
6444,993,ram_type,DDR5,
6445,993,ram_socket,4,EA
6446,993,form_factor,ATX,
6447,993,chipset,B850,
6448,993,m2_slots,4,EA
6449,993,max_ram_capacity_gb,256,GB
6450,994,cpu_socket,AM5,
6451,994,ram_type,DDR5,
6452,994,ram_socket,4,EA
6453,994,form_factor,M-ATX,
6454,994,chipset,B650,
6455,994,m2_slots,3,EA
6456,994,max_ram_capacity_gb,256,GB
6457,995,cpu_socket,AM5,
6458,995,ram_type,DDR5,
6459,995,ram_socket,4,EA
6460,995,form_factor,ATX,
6461,995,chipset,X870,
6462,995,m2_slots,3,EA
6463,995,max_ram_capacity_gb,256,GB
6464,996,cpu_socket,AM5,
6465,996,ram_type,DDR5,
6466,996,ram_socket,4,EA
6467,996,form_factor,ATX,
6468,996,chipset,X870,
6469,996,m2_slots,3,EA
6470,996,max_ram_capacity_gb,256,GB
6471,997,cpu_socket,AM5,
6472,997,ram_type,DDR5,
6473,997,ram_socket,2,EA
6474,997,form_factor,M-ATX,
6475,997,chipset,A620A,
6476,997,m2_slots,2,EA
6477,997,max_ram_capacity_gb,128,GB
6478,998,cpu_socket,AM5,
6479,998,ram_type,DDR5,
6480,998,ram_socket,4,EA
6481,998,form_factor,M-ATX,
6482,998,chipset,B650,
6483,998,m2_slots,3,EA
6484,998,max_ram_capacity_gb,256,GB
6485,999,cpu_socket,AM5,
6486,999,ram_type,DDR5,
6487,999,ram_socket,4,EA
6488,999,form_factor,ATX,
6489,999,chipset,B850,
6490,999,m2_slots,4,EA
6491,999,max_ram_capacity_gb,256,GB
6492,1000,cpu_socket,AM5,
6493,1000,ram_type,DDR5,
6494,1000,ram_socket,2,EA
6495,1000,form_factor,M-ITX,
6496,1000,chipset,A620A,
6497,1000,m2_slots,2,EA
6498,1000,max_ram_capacity_gb,128,GB
6499,1001,cpu_socket,AM5,
6500,1001,ram_type,DDR5,
6501,1001,ram_socket,4,EA
6502,1001,form_factor,E-ATX,
6503,1001,chipset,X870E,
6504,1001,m2_slots,4,EA
6505,1001,max_ram_capacity_gb,256,GB
6506,1002,cpu_socket,AM5,
6507,1002,ram_type,DDR5,
6508,1002,ram_socket,4,EA
6509,1002,form_factor,M-ATX,
6510,1002,chipset,B650,
6511,1002,m2_slots,3,EA
6512,1002,max_ram_capacity_gb,192,GB
6513,1003,cpu_socket,AM5,
6514,1003,ram_type,DDR5,
6515,1003,ram_socket,2,EA
6516,1003,form_factor,M-ITX,
6517,1003,chipset,B850,
6518,1003,m2_slots,2,EA
6519,1003,max_ram_capacity_gb,128,GB
6520,1004,cpu_socket,AM5,
6521,1004,ram_type,DDR5,
6522,1004,ram_socket,4,EA
6523,1004,form_factor,M-ATX,
6524,1004,chipset,B850,
6525,1004,m2_slots,3,EA
6526,1004,max_ram_capacity_gb,256,GB
6527,1005,cpu_socket,AM5,
6528,1005,ram_type,DDR5,
6529,1005,ram_socket,4,EA
6530,1005,form_factor,M-ATX,
6531,1005,chipset,B650,
6532,1005,m2_slots,3,EA
6533,1005,max_ram_capacity_gb,192,GB
6534,1006,cpu_socket,AM5,
6535,1006,ram_type,DDR5,
6536,1006,ram_socket,4,EA
6537,1006,form_factor,ATX,
6538,1006,chipset,X870E,
6539,1006,m2_slots,5,EA
6540,1006,max_ram_capacity_gb,256,GB
6541,1007,cpu_socket,AM5,
6542,1007,ram_type,DDR5,
6543,1007,ram_socket,2,EA
6544,1007,form_factor,M-ATX,
6545,1007,chipset,B850,
6546,1007,m2_slots,2,EA
6547,1007,max_ram_capacity_gb,128,GB
6548,1008,cpu_socket,AM5,
6549,1008,ram_type,DDR5,
6550,1008,ram_socket,2,EA
6551,1008,form_factor,M-ATX,
6552,1008,chipset,B850,
6553,1008,m2_slots,2,EA
6554,1008,max_ram_capacity_gb,128,GB
6555,1009,cpu_socket,AM5,
6556,1009,ram_type,DDR5,
6557,1009,ram_socket,4,EA
6558,1009,form_factor,ATX,
6559,1009,chipset,B850,
6560,1009,m2_slots,4,EA
6561,1009,max_ram_capacity_gb,256,GB
6562,1010,cpu_socket,AM5,
6563,1010,ram_type,DDR5,
6564,1010,ram_socket,4,EA
6565,1010,form_factor,M-ATX,
6566,1010,chipset,B650,
6567,1010,m2_slots,2,EA
6568,1010,max_ram_capacity_gb,192,GB
6569,1011,cpu_socket,AM5,
6570,1011,ram_type,DDR5,
6571,1011,ram_socket,4,EA
6572,1011,form_factor,ATX,
6573,1011,chipset,X870E,
6574,1011,m2_slots,5,EA
6575,1011,max_ram_capacity_gb,256,GB
6576,1012,cpu_socket,AM5,
6577,1012,ram_type,DDR5,
6578,1012,ram_socket,4,EA
6579,1012,form_factor,M-ATX,
6580,1012,chipset,B650,
6581,1012,m2_slots,2,EA
6582,1012,max_ram_capacity_gb,192,GB
6583,1013,cpu_socket,AM5,
6584,1013,ram_type,DDR5,
6585,1013,ram_socket,4,EA
6586,1013,form_factor,M-ATX,
6587,1013,chipset,B850,
6588,1013,m2_slots,2,EA
6589,1013,max_ram_capacity_gb,256,GB
6590,1014,cpu_socket,AM5,
6591,1014,ram_type,DDR5,
6592,1014,ram_socket,4,EA
6593,1014,form_factor,M-ATX,
6594,1014,chipset,B850,
6595,1014,m2_slots,3,EA
6596,1014,max_ram_capacity_gb,256,GB
6597,1015,cpu_socket,AM5,
6598,1015,ram_type,DDR5,
6599,1015,ram_socket,2,EA
6600,1015,form_factor,M-ATX,
6601,1015,chipset,A620A,
6602,1015,m2_slots,2,EA
6603,1015,max_ram_capacity_gb,128,GB
6604,1016,cpu_socket,AM5,
6605,1016,ram_type,DDR5,
6606,1016,ram_socket,4,EA
6607,1016,form_factor,M-ATX,
6608,1016,chipset,B650,
6609,1016,m2_slots,3,EA
6610,1016,max_ram_capacity_gb,256,GB
6611,1017,cpu_socket,AM5,
6612,1017,ram_type,DDR5,
6613,1017,ram_socket,4,EA
6614,1017,form_factor,M-ATX,
6615,1017,chipset,B650,
6616,1017,m2_slots,3,EA
6617,1017,max_ram_capacity_gb,256,GB
6618,1018,cpu_socket,AM5,
6619,1018,ram_type,DDR5,
6620,1018,ram_socket,2,EA
6621,1018,form_factor,M-ATX,
6622,1018,chipset,B850,
6623,1018,m2_slots,2,EA
6624,1018,max_ram_capacity_gb,128,GB
6625,1019,cpu_socket,AM5,
6626,1019,ram_type,DDR5,
6627,1019,ram_socket,4,EA
6628,1019,form_factor,ATX,
6629,1019,chipset,B850,
6630,1019,m2_slots,4,EA
6631,1019,max_ram_capacity_gb,256,GB
6632,1020,cpu_socket,AM5,
6633,1020,ram_type,DDR5,
6634,1020,ram_socket,4,EA
6635,1020,form_factor,M-ATX,
6636,1020,chipset,B850,
6637,1020,m2_slots,3,EA
6638,1020,max_ram_capacity_gb,256,GB
6639,1021,cpu_socket,AM5,
6640,1021,ram_type,DDR5,
6641,1021,ram_socket,4,EA
6642,1021,form_factor,ATX,
6643,1021,chipset,B850,
6644,1021,m2_slots,4,EA
6645,1021,max_ram_capacity_gb,256,GB
6646,1022,cpu_socket,AM5,
6647,1022,ram_type,DDR5,
6648,1022,ram_socket,2,EA
6649,1022,form_factor,M-ATX,
6650,1022,chipset,B850,
6651,1022,m2_slots,2,EA
6652,1022,max_ram_capacity_gb,128,GB
6653,1023,cpu_socket,AM5,
6654,1023,ram_type,DDR5,
6655,1023,ram_socket,4,EA
6656,1023,form_factor,ATX,
6657,1023,chipset,B650,
6658,1023,m2_slots,3,EA
6659,1023,max_ram_capacity_gb,256,GB
6660,1024,cpu_socket,AM5,
6661,1024,ram_type,DDR5,
6662,1024,ram_socket,2,EA
6663,1024,form_factor,M-ITX,
6664,1024,chipset,B850,
6665,1024,m2_slots,2,EA
6666,1024,max_ram_capacity_gb,128,GB
6667,1025,cpu_socket,AM5,
6668,1025,ram_type,DDR5,
6669,1025,ram_socket,4,EA
6670,1025,form_factor,ATX,
6671,1025,chipset,B850,
6672,1025,m2_slots,4,EA
6673,1025,max_ram_capacity_gb,256,GB
6674,1026,cpu_socket,AM5,
6675,1026,ram_type,DDR5,
6676,1026,ram_socket,4,EA
6677,1026,form_factor,ATX,
6678,1026,chipset,X870,
6679,1026,m2_slots,4,EA
6680,1026,max_ram_capacity_gb,256,GB
6681,1027,cpu_socket,AM5,
6682,1027,ram_type,DDR5,
6683,1027,ram_socket,4,EA
6684,1027,form_factor,M-ATX,
6685,1027,chipset,B650,
6686,1027,m2_slots,3,EA
6687,1027,max_ram_capacity_gb,192,GB
6688,1028,cpu_socket,AM5,
6689,1028,ram_type,DDR5,
6690,1028,ram_socket,4,EA
6691,1028,form_factor,M-ATX,
6692,1028,chipset,B850,
6693,1028,m2_slots,3,EA
6694,1028,max_ram_capacity_gb,256,GB
6695,1029,cpu_socket,AM5,
6696,1029,ram_type,DDR5,
6697,1029,ram_socket,4,EA
6698,1029,form_factor,ATX,
6699,1029,chipset,B850,
6700,1029,m2_slots,2,EA
6701,1029,max_ram_capacity_gb,256,GB
6702,1030,cpu_socket,AM5,
6703,1030,ram_type,DDR5,
6704,1030,ram_socket,4,EA
6705,1030,form_factor,M-ATX,
6706,1030,chipset,B850,
6707,1030,m2_slots,3,EA
6708,1030,max_ram_capacity_gb,256,GB
6709,1031,cpu_socket,AM5,
6710,1031,ram_type,DDR5,
6711,1031,ram_socket,2,EA
6712,1031,form_factor,M-ATX,
6713,1031,chipset,B850,
6714,1031,m2_slots,2,EA
6715,1031,max_ram_capacity_gb,128,GB
6716,1032,cpu_socket,AM5,
6717,1032,ram_type,DDR5,
6718,1032,ram_socket,4,EA
6719,1032,form_factor,M-ATX,
6720,1032,chipset,B650,
6721,1032,m2_slots,3,EA
6722,1032,max_ram_capacity_gb,192,GB
6723,1033,cpu_socket,AM5,
6724,1033,ram_type,DDR5,
6725,1033,ram_socket,4,EA
6726,1033,form_factor,M-ATX,
6727,1033,chipset,B850,
6728,1033,m2_slots,3,EA
6729,1033,max_ram_capacity_gb,256,GB
6730,1034,cpu_socket,AM5,
6731,1034,ram_type,DDR5,
6732,1034,ram_socket,4,EA
6733,1034,form_factor,ATX,
6734,1034,chipset,B850,
6735,1034,m2_slots,2,EA
6736,1034,max_ram_capacity_gb,256,GB
6737,1035,cpu_socket,AM5,
6738,1035,ram_type,DDR5,
6739,1035,ram_socket,4,EA
6740,1035,form_factor,E-ATX,
6741,1035,chipset,X870E,
6742,1035,m2_slots,4,EA
6743,1035,max_ram_capacity_gb,256,GB
6744,1036,cpu_socket,AM5,
6745,1036,ram_type,DDR5,
6746,1036,ram_socket,4,EA
6747,1036,form_factor,M-ATX,
6748,1036,chipset,B850,
6749,1036,m2_slots,3,EA
6750,1036,max_ram_capacity_gb,256,GB
6751,1037,cpu_socket,AM5,
6752,1037,ram_type,DDR5,
6753,1037,ram_socket,4,EA
6754,1037,form_factor,ATX,
6755,1037,chipset,B850,
6756,1037,m2_slots,2,EA
6757,1037,max_ram_capacity_gb,256,GB
6758,1038,cpu_socket,AM5,
6759,1038,ram_type,DDR5,
6760,1038,ram_socket,4,EA
6761,1038,form_factor,ATX,
6762,1038,chipset,B850,
6763,1038,m2_slots,2,EA
6764,1038,max_ram_capacity_gb,256,GB
6765,1039,cpu_socket,AM5,
6766,1039,ram_type,DDR5,
6767,1039,ram_socket,4,EA
6768,1039,form_factor,ATX,
6769,1039,chipset,B850,
6770,1039,m2_slots,2,EA
6771,1039,max_ram_capacity_gb,256,GB
6772,1040,cpu_socket,AM5,
6773,1040,ram_type,DDR5,
6774,1040,ram_socket,4,EA
6775,1040,form_factor,M-ATX,
6776,1040,chipset,B850,
6777,1040,m2_slots,3,EA
6778,1040,max_ram_capacity_gb,256,GB
6779,1041,cpu_socket,AM5,
6780,1041,ram_type,DDR5,
6781,1041,ram_socket,4,EA
6782,1041,form_factor,M-ATX,
6783,1041,chipset,B850,
6784,1041,m2_slots,3,EA
6785,1041,max_ram_capacity_gb,256,GB
6786,1042,cpu_socket,AM5,
6787,1042,ram_type,DDR5,
6788,1042,ram_socket,4,EA
6789,1042,form_factor,ATX,
6790,1042,chipset,X870,
6791,1042,m2_slots,3,EA
6792,1042,max_ram_capacity_gb,256,GB
6793,1043,cpu_socket,AM5,
6794,1043,ram_type,DDR5,
6795,1043,ram_socket,4,EA
6796,1043,form_factor,ATX,
6797,1043,chipset,X870,
6798,1043,m2_slots,3,EA
6799,1043,max_ram_capacity_gb,256,GB
6800,1044,cpu_socket,AM5,
6801,1044,ram_type,DDR5,
6802,1044,ram_socket,4,EA
6803,1044,form_factor,ATX,
6804,1044,chipset,B850,
6805,1044,m2_slots,2,EA
6806,1044,max_ram_capacity_gb,256,GB
6807,1045,cpu_socket,AM5,
6808,1045,ram_type,DDR5,
6809,1045,ram_socket,4,EA
6810,1045,form_factor,M-ATX,
6811,1045,chipset,B850,
6812,1045,m2_slots,3,EA
6813,1045,max_ram_capacity_gb,256,GB
6814,1046,cpu_socket,AM5,
6815,1046,ram_type,DDR5,
6816,1046,ram_socket,2,EA
6817,1046,form_factor,M-ATX,
6818,1046,chipset,B850,
6819,1046,m2_slots,2,EA
6820,1046,max_ram_capacity_gb,128,GB
6821,1047,cpu_socket,AM5,
6822,1047,ram_type,DDR5,
6823,1047,ram_socket,4,EA
6824,1047,form_factor,ATX,
6825,1047,chipset,B850,
6826,1047,m2_slots,4,EA
6827,1047,max_ram_capacity_gb,256,GB
6828,1048,cpu_socket,AM5,
6829,1048,ram_type,DDR5,
6830,1048,ram_socket,4,EA
6831,1048,form_factor,ATX,
6832,1048,chipset,X870E,
6833,1048,m2_slots,5,EA
6834,1048,max_ram_capacity_gb,256,GB
6835,1049,cpu_socket,AM5,
6836,1049,ram_type,DDR5,
6837,1049,ram_socket,4,EA
6838,1049,form_factor,E-ATX,
6839,1049,chipset,X870E,
6840,1049,m2_slots,4,EA
6841,1049,max_ram_capacity_gb,256,GB
6842,1050,cpu_socket,AM5,
6843,1050,ram_type,DDR5,
6844,1050,ram_socket,4,EA
6845,1050,form_factor,ATX,
6846,1050,chipset,B650,
6847,1050,m2_slots,3,EA
6848,1050,max_ram_capacity_gb,256,GB
6849,1051,cpu_socket,AM5,
6850,1051,ram_type,DDR5,
6851,1051,ram_socket,4,EA
6852,1051,form_factor,ATX,
6853,1051,chipset,X870,
6854,1051,m2_slots,3,EA
6855,1051,max_ram_capacity_gb,256,GB
6856,1052,cpu_socket,AM5,
6857,1052,ram_type,DDR5,
6858,1052,ram_socket,4,EA
6859,1052,form_factor,ATX,
6860,1052,chipset,B850,
6861,1052,m2_slots,4,EA
6862,1052,max_ram_capacity_gb,256,GB
6863,1053,cpu_socket,AM5,
6864,1053,ram_type,DDR5,
6865,1053,ram_socket,4,EA
6866,1053,form_factor,M-ATX,
6867,1053,chipset,B650,
6868,1053,m2_slots,3,EA
6869,1053,max_ram_capacity_gb,192,GB
6870,1054,cpu_socket,AM5,
6871,1054,ram_type,DDR5,
6872,1054,ram_socket,4,EA
6873,1054,form_factor,M-ATX,
6874,1054,chipset,B850,
6875,1054,m2_slots,2,EA
6876,1054,max_ram_capacity_gb,256,GB
6877,1055,cpu_socket,AM5,
6878,1055,ram_type,DDR5,
6879,1055,ram_socket,4,EA
6880,1055,form_factor,ATX,
6881,1055,chipset,B850,
6882,1055,m2_slots,2,EA
6883,1055,max_ram_capacity_gb,256,GB
6884,1056,cpu_socket,AM5,
6885,1056,ram_type,DDR5,
6886,1056,ram_socket,4,EA
6887,1056,form_factor,M-ATX,
6888,1056,chipset,B850,
6889,1056,m2_slots,3,EA
6890,1056,max_ram_capacity_gb,256,GB
6891,1057,cpu_socket,AM5,
6892,1057,ram_type,DDR5,
6893,1057,ram_socket,4,EA
6894,1057,form_factor,M-ATX,
6895,1057,chipset,B850,
6896,1057,m2_slots,3,EA
6897,1057,max_ram_capacity_gb,256,GB
6898,1058,cpu_socket,AM5,
6899,1058,ram_type,DDR5,
6900,1058,ram_socket,2,EA
6901,1058,form_factor,M-ATX,
6902,1058,chipset,B850,
6903,1058,m2_slots,2,EA
6904,1058,max_ram_capacity_gb,128,GB
6905,1059,cpu_socket,AM5,
6906,1059,ram_type,DDR5,
6907,1059,ram_socket,4,EA
6908,1059,form_factor,M-ATX,
6909,1059,chipset,B850,
6910,1059,m2_slots,3,EA
6911,1059,max_ram_capacity_gb,256,GB
6912,1060,cpu_socket,AM5,
6913,1060,ram_type,DDR5,
6914,1060,ram_socket,4,EA
6915,1060,form_factor,M-ATX,
6916,1060,chipset,B850,
6917,1060,m2_slots,3,EA
6918,1060,max_ram_capacity_gb,256,GB
6919,1061,cpu_socket,AM5,
6920,1061,ram_type,DDR5,
6921,1061,ram_socket,4,EA
6922,1061,form_factor,ATX,
6923,1061,chipset,B850,
6924,1061,m2_slots,4,EA
6925,1061,max_ram_capacity_gb,256,GB
6926,1062,cpu_socket,AM5,
6927,1062,ram_type,DDR5,
6928,1062,ram_socket,4,EA
6929,1062,form_factor,ATX,
6930,1062,chipset,X870,
6931,1062,m2_slots,4,EA
6932,1062,max_ram_capacity_gb,256,GB
6933,1063,cpu_socket,AM5,
6934,1063,ram_type,DDR5,
6935,1063,ram_socket,4,EA
6936,1063,form_factor,M-ATX,
6937,1063,chipset,B850,
6938,1063,m2_slots,3,EA
6939,1063,max_ram_capacity_gb,256,GB
6940,1064,cpu_socket,AM5,
6941,1064,ram_type,DDR5,
6942,1064,ram_socket,4,EA
6943,1064,form_factor,M-ATX,
6944,1064,chipset,B850,
6945,1064,m2_slots,3,EA
6946,1064,max_ram_capacity_gb,256,GB
6947,1065,cpu_socket,AM5,
6948,1065,ram_type,DDR5,
6949,1065,ram_socket,4,EA
6950,1065,form_factor,ATX,
6951,1065,chipset,B850,
6952,1065,m2_slots,4,EA
6953,1065,max_ram_capacity_gb,256,GB
6954,1066,cpu_socket,AM5,
6955,1066,ram_type,DDR5,
6956,1066,ram_socket,4,EA
6957,1066,form_factor,M-ATX,
6958,1066,chipset,B650,
6959,1066,m2_slots,2,EA
6960,1066,max_ram_capacity_gb,192,GB
6961,1067,cpu_socket,AM5,
6962,1067,ram_type,DDR5,
6963,1067,ram_socket,2,EA
6964,1067,form_factor,M-ATX,
6965,1067,chipset,A620A,
6966,1067,m2_slots,2,EA
6967,1067,max_ram_capacity_gb,128,GB
6968,1068,cpu_socket,AM5,
6969,1068,ram_type,DDR5,
6970,1068,ram_socket,4,EA
6971,1068,form_factor,ATX,
6972,1068,chipset,X870,
6973,1068,m2_slots,3,EA
6974,1068,max_ram_capacity_gb,256,GB
6975,1069,cpu_socket,AM5,
6976,1069,ram_type,DDR5,
6977,1069,ram_socket,4,EA
6978,1069,form_factor,ATX,
6979,1069,chipset,B850,
6980,1069,m2_slots,4,EA
6981,1069,max_ram_capacity_gb,256,GB
6982,1070,cpu_socket,AM5,
6983,1070,ram_type,DDR5,
6984,1070,ram_socket,4,EA
6985,1070,form_factor,ATX,
6986,1070,chipset,X870,
6987,1070,m2_slots,3,EA
6988,1070,max_ram_capacity_gb,256,GB
6989,1071,cpu_socket,AM5,
6990,1071,ram_type,DDR5,
6991,1071,ram_socket,4,EA
6992,1071,form_factor,M-ATX,
6993,1071,chipset,B850,
6994,1071,m2_slots,3,EA
6995,1071,max_ram_capacity_gb,256,GB
6996,1072,cpu_socket,AM5,
6997,1072,ram_type,DDR5,
6998,1072,ram_socket,4,EA
6999,1072,form_factor,M-ATX,
7000,1072,chipset,B850,
7001,1072,m2_slots,2,EA
7002,1072,max_ram_capacity_gb,256,GB
7003,1073,cpu_socket,AM5,
7004,1073,ram_type,DDR5,
7005,1073,ram_socket,4,EA
7006,1073,form_factor,ATX,
7007,1073,chipset,X870,
7008,1073,m2_slots,3,EA
7009,1073,max_ram_capacity_gb,256,GB
7010,1074,cpu_socket,AM5,
7011,1074,ram_type,DDR5,
7012,1074,ram_socket,4,EA
7013,1074,form_factor,M-ATX,
7014,1074,chipset,B850,
7015,1074,m2_slots,3,EA
7016,1074,max_ram_capacity_gb,256,GB
7017,1075,cpu_socket,AM5,
7018,1075,ram_type,DDR5,
7019,1075,ram_socket,4,EA
7020,1075,form_factor,ATX,
7021,1075,chipset,B850,
7022,1075,m2_slots,4,EA
7023,1075,max_ram_capacity_gb,256,GB
7024,1076,cpu_socket,AM5,
7025,1076,ram_type,DDR5,
7026,1076,ram_socket,4,EA
7027,1076,form_factor,M-ATX,
7028,1076,chipset,B850,
7029,1076,m2_slots,3,EA
7030,1076,max_ram_capacity_gb,256,GB
7031,1077,cpu_socket,AM5,
7032,1077,ram_type,DDR5,
7033,1077,ram_socket,4,EA
7034,1077,form_factor,ATX,
7035,1077,chipset,B850,
7036,1077,m2_slots,3,EA
7037,1077,max_ram_capacity_gb,256,GB
7038,1078,cpu_socket,AM5,
7039,1078,ram_type,DDR5,
7040,1078,ram_socket,2,EA
7041,1078,form_factor,M-ATX,
7042,1078,chipset,B650,
7043,1078,m2_slots,2,EA
7044,1078,max_ram_capacity_gb,96,GB
7045,1079,cpu_socket,AM5,
7046,1079,ram_type,DDR5,
7047,1079,ram_socket,4,EA
7048,1079,form_factor,ATX,
7049,1079,chipset,B650,
7050,1079,m2_slots,3,EA
7051,1079,max_ram_capacity_gb,128,GB
7052,1080,cpu_socket,AM5,
7053,1080,ram_type,DDR5,
7054,1080,ram_socket,4,EA
7055,1080,form_factor,M-ATX,
7056,1080,chipset,B650,
7057,1080,m2_slots,3,EA
7058,1080,max_ram_capacity_gb,256,GB
7059,1081,cpu_socket,AM5,
7060,1081,ram_type,DDR5,
7061,1081,ram_socket,4,EA
7062,1081,form_factor,ATX,
7063,1081,chipset,X870,
7064,1081,m2_slots,3,EA
7065,1081,max_ram_capacity_gb,256,GB
7066,1082,cpu_socket,AM5,
7067,1082,ram_type,DDR5,
7068,1082,ram_socket,4,EA
7069,1082,form_factor,M-ATX,
7070,1082,chipset,B650,
7071,1082,m2_slots,3,EA
7072,1082,max_ram_capacity_gb,256,GB
7073,1083,cpu_socket,AM5,
7074,1083,ram_type,DDR5,
7075,1083,ram_socket,4,EA
7076,1083,form_factor,ATX,
7077,1083,chipset,B650,
7078,1083,m2_slots,3,EA
7079,1083,max_ram_capacity_gb,128,GB
7080,1084,cpu_socket,AM5,
7081,1084,ram_type,DDR5,
7082,1084,ram_socket,4,EA
7083,1084,form_factor,ATX,
7084,1084,chipset,X870,
7085,1084,m2_slots,3,EA
7086,1084,max_ram_capacity_gb,256,GB
7087,1085,cpu_socket,AM5,
7088,1085,ram_type,DDR5,
7089,1085,ram_socket,4,EA
7090,1085,form_factor,ATX,
7091,1085,chipset,X870,
7092,1085,m2_slots,3,EA
7093,1085,max_ram_capacity_gb,256,GB
7094,1086,cpu_socket,AM5,
7095,1086,ram_type,DDR5,
7096,1086,ram_socket,4,EA
7097,1086,form_factor,ATX,
7098,1086,chipset,B650,
7099,1086,m2_slots,3,EA
7100,1086,max_ram_capacity_gb,128,GB
7101,1087,cpu_socket,AM5,
7102,1087,ram_type,DDR5,
7103,1087,ram_socket,4,EA
7104,1087,form_factor,ATX,
7105,1087,chipset,B650,
7106,1087,m2_slots,3,EA
7107,1087,max_ram_capacity_gb,192,GB
7108,1088,cpu_socket,AM5,
7109,1088,ram_type,DDR5,
7110,1088,ram_socket,4,EA
7111,1088,form_factor,ATX,
7112,1088,chipset,B650E,
7113,1088,m2_slots,3,EA
7114,1088,max_ram_capacity_gb,192,GB
7115,1089,cpu_socket,AM5,
7116,1089,ram_type,DDR5,
7117,1089,ram_socket,4,EA
7118,1089,form_factor,ATX,
7119,1089,chipset,B650E,
7120,1089,m2_slots,3,EA
7121,1089,max_ram_capacity_gb,192,GB
7122,1090,cpu_socket,AM5,
7123,1090,ram_type,DDR5,
7124,1090,ram_socket,4,EA
7125,1090,form_factor,ATX,
7126,1090,chipset,B650,
7127,1090,m2_slots,3,EA
7128,1090,max_ram_capacity_gb,192,GB
7129,1091,cpu_socket,AM5,
7130,1091,ram_type,DDR5,
7131,1091,ram_socket,4,EA
7132,1091,form_factor,M-ATX,
7133,1091,chipset,B650,
7134,1091,m2_slots,2,EA
7135,1091,max_ram_capacity_gb,192,GB
7136,1092,cpu_socket,AM5,
7137,1092,ram_type,DDR5,
7138,1092,ram_socket,4,EA
7139,1092,form_factor,M-ATX,
7140,1092,chipset,B650,
7141,1092,m2_slots,3,EA
7142,1092,max_ram_capacity_gb,192,GB
7143,1093,cpu_socket,AM5,
7144,1093,ram_type,DDR5,
7145,1093,ram_socket,4,EA
7146,1093,form_factor,M-ATX,
7147,1093,chipset,B650,
7148,1093,m2_slots,3,EA
7149,1093,max_ram_capacity_gb,192,GB
7150,1094,cpu_socket,AM5,
7151,1094,ram_type,DDR5,
7152,1094,ram_socket,4,EA
7153,1094,form_factor,M-ATX,
7154,1094,chipset,B650,
7155,1094,m2_slots,3,EA
7156,1094,max_ram_capacity_gb,256,GB
7157,1095,cpu_socket,AM5,
7158,1095,ram_type,DDR5,
7159,1095,ram_socket,4,EA
7160,1095,form_factor,M-ATX,
7161,1095,chipset,B650,
7162,1095,m2_slots,3,EA
7163,1095,max_ram_capacity_gb,256,GB
7164,1096,cpu_socket,AM5,
7165,1096,ram_type,DDR5,
7166,1096,ram_socket,4,EA
7167,1096,form_factor,M-ATX,
7168,1096,chipset,B650,
7169,1096,m2_slots,3,EA
7170,1096,max_ram_capacity_gb,256,GB
7171,1097,cpu_socket,AM5,
7172,1097,ram_type,DDR5,
7173,1097,ram_socket,4,EA
7174,1097,form_factor,M-ATX,
7175,1097,chipset,B650,
7176,1097,m2_slots,3,EA
7177,1097,max_ram_capacity_gb,256,GB
7178,1098,cpu_socket,AM5,
7179,1098,ram_type,DDR5,
7180,1098,ram_socket,2,EA
7181,1098,form_factor,M-ATX,
7182,1098,chipset,A620A,
7183,1098,m2_slots,2,EA
7184,1098,max_ram_capacity_gb,128,GB
7185,1099,cpu_socket,AM5,
7186,1099,ram_type,DDR5,
7187,1099,ram_socket,4,EA
7188,1099,form_factor,E-ATX,
7189,1099,chipset,X870E,
7190,1099,m2_slots,4,EA
7191,1099,max_ram_capacity_gb,256,GB
7192,1100,cpu_socket,AM5,
7193,1100,ram_type,DDR5,
7194,1100,ram_socket,4,EA
7195,1100,form_factor,M-ATX,
7196,1100,chipset,B650,
7197,1100,m2_slots,2,EA
7198,1100,max_ram_capacity_gb,192,GB
7199,1101,cpu_socket,LGA1200,
7200,1101,ram_type,DDR4,
7201,1101,ram_socket,4,EA
7202,1101,form_factor,M-ATX,
7203,1101,chipset,B560,
7204,1101,m2_slots,3,EA
7205,1101,max_ram_capacity_gb,128,GB
7206,1102,cpu_socket,LGA1200,
7207,1102,ram_type,DDR4,
7208,1102,ram_socket,2,EA
7209,1102,form_factor,M-ATX,
7210,1102,chipset,B560,
7211,1102,m2_slots,1,EA
7212,1102,max_ram_capacity_gb,64,GB
7213,1103,cpu_socket,LGA1200,
7214,1103,ram_type,DDR4,
7215,1103,ram_socket,4,EA
7216,1103,form_factor,ATX,
7217,1103,chipset,B560,
7218,1103,m2_slots,3,EA
7219,1103,max_ram_capacity_gb,128,GB
7220,1104,cpu_socket,LGA1700,
7221,1104,ram_type,DDR4,
7222,1104,ram_socket,4,EA
7223,1104,form_factor,M-ATX,
7224,1104,chipset,B760,
7225,1104,m2_slots,2,EA
7226,1104,max_ram_capacity_gb,128,GB
7227,1105,cpu_socket,LGA1700,
7228,1105,ram_type,DDR5,
7229,1105,ram_socket,2,EA
7230,1105,form_factor,M-ATX,
7231,1105,chipset,B760,
7232,1105,m2_slots,2,EA
7233,1105,max_ram_capacity_gb,96,GB
7234,1106,cpu_socket,LGA1700,
7235,1106,ram_type,DDR4,
7236,1106,ram_socket,4,EA
7237,1106,form_factor,M-ATX,
7238,1106,chipset,B760,
7239,1106,m2_slots,2,EA
7240,1106,max_ram_capacity_gb,128,GB
7241,1107,cpu_socket,LGA1700,
7242,1107,ram_type,DDR4,
7243,1107,ram_socket,2,EA
7244,1107,form_factor,M-ATX,
7245,1107,chipset,H610,
7246,1107,m2_slots,1,EA
7247,1107,max_ram_capacity_gb,64,GB
7248,1108,cpu_socket,LGA1700,
7249,1108,ram_type,DDR4,
7250,1108,ram_socket,2,EA
7251,1108,form_factor,M-ITX,
7252,1108,chipset,H610,
7253,1108,m2_slots,2,EA
7254,1108,max_ram_capacity_gb,64,GB
7255,1109,cpu_socket,LGA1700,
7256,1109,ram_type,DDR4,
7257,1109,ram_socket,2,EA
7258,1109,form_factor,M-ATX,
7259,1109,chipset,H610,
7260,1109,m2_slots,1,EA
7261,1109,max_ram_capacity_gb,64,GB
7262,1110,cpu_socket,LGA1700,
7263,1110,ram_type,DDR5,
7264,1110,ram_socket,4,EA
7265,1110,form_factor,M-ATX,
7266,1110,chipset,B760,
7267,1110,m2_slots,3,EA
7268,1110,max_ram_capacity_gb,256,GB
7269,1111,cpu_socket,LGA1700,
7270,1111,ram_type,DDR5,
7271,1111,ram_socket,4,EA
7272,1111,form_factor,M-ATX,
7273,1111,chipset,B760,
7274,1111,m2_slots,3,EA
7275,1111,max_ram_capacity_gb,192,GB
7276,1112,cpu_socket,LGA1700,
7277,1112,ram_type,DDR5,
7278,1112,ram_socket,2,EA
7279,1112,form_factor,M-ATX,
7280,1112,chipset,H610,
7281,1112,m2_slots,1,EA
7282,1112,max_ram_capacity_gb,96,GB
7283,1113,cpu_socket,LGA1700,
7284,1113,ram_type,DDR4,
7285,1113,ram_socket,2,EA
7286,1113,form_factor,M-ATX,
7287,1113,chipset,H610,
7288,1113,m2_slots,1,EA
7289,1113,max_ram_capacity_gb,64,GB
7290,1114,cpu_socket,LGA1700,
7291,1114,ram_type,DDR5,
7292,1114,ram_socket,2,EA
7293,1114,form_factor,M-ATX,
7294,1114,chipset,H610,
7295,1114,m2_slots,1,EA
7296,1114,max_ram_capacity_gb,96,GB
7297,1115,cpu_socket,LGA1700,
7298,1115,ram_type,DDR5,
7299,1115,ram_socket,2,EA
7300,1115,form_factor,M-ATX,
7301,1115,chipset,H610,
7302,1115,m2_slots,1,EA
7303,1115,max_ram_capacity_gb,96,GB
7304,1116,cpu_socket,LGA1700,
7305,1116,ram_type,DDR4,
7306,1116,ram_socket,2,EA
7307,1116,form_factor,M-ATX,
7308,1116,chipset,H610,
7309,1116,m2_slots,1,EA
7310,1116,max_ram_capacity_gb,64,GB
7311,1117,cpu_socket,LGA1700,
7312,1117,ram_type,DDR5,
7313,1117,ram_socket,2,EA
7314,1117,form_factor,M-ATX,
7315,1117,chipset,H610,
7316,1117,m2_slots,1,EA
7317,1117,max_ram_capacity_gb,96,GB
7318,1118,cpu_socket,LGA1700,
7319,1118,ram_type,DDR5,
7320,1118,ram_socket,2,EA
7321,1118,form_factor,M-ATX,
7322,1118,chipset,H610,
7323,1118,m2_slots,1,EA
7324,1118,max_ram_capacity_gb,96,GB
7325,1119,cpu_socket,LGA1700,
7326,1119,ram_type,DDR5,
7327,1119,ram_socket,2,EA
7328,1119,form_factor,M-ATX,
7329,1119,chipset,H610,
7330,1119,m2_slots,1,EA
7331,1119,max_ram_capacity_gb,96,GB
7332,1120,cpu_socket,LGA1700,
7333,1120,ram_type,DDR5,
7334,1120,ram_socket,2,EA
7335,1120,form_factor,M-ATX,
7336,1120,chipset,H610,
7337,1120,m2_slots,1,EA
7338,1120,max_ram_capacity_gb,128,GB
7339,1121,cpu_socket,LGA1700,
7340,1121,ram_type,DDR5,
7341,1121,ram_socket,2,EA
7342,1121,form_factor,M-ATX,
7343,1121,chipset,H610,
7344,1121,m2_slots,1,EA
7345,1121,max_ram_capacity_gb,96,GB
7346,1122,cpu_socket,LGA1700,
7347,1122,ram_type,DDR5,
7348,1122,ram_socket,4,EA
7349,1122,form_factor,M-ATX,
7350,1122,chipset,B760,
7351,1122,m2_slots,3,EA
7352,1122,max_ram_capacity_gb,192,GB
7353,1123,cpu_socket,LGA1700,
7354,1123,ram_type,DDR5,
7355,1123,ram_socket,2,EA
7356,1123,form_factor,M-ATX,
7357,1123,chipset,H610,
7358,1123,m2_slots,1,EA
7359,1123,max_ram_capacity_gb,128,GB
7360,1124,cpu_socket,LGA1700,
7361,1124,ram_type,DDR5,
7362,1124,ram_socket,2,EA
7363,1124,form_factor,M-ATX,
7364,1124,chipset,H610,
7365,1124,m2_slots,1,EA
7366,1124,max_ram_capacity_gb,128,GB
7367,1125,cpu_socket,LGA1700,
7368,1125,ram_type,DDR4,
7369,1125,ram_socket,4,EA
7370,1125,form_factor,M-ATX,
7371,1125,chipset,B660,
7372,1125,m2_slots,2,EA
7373,1125,max_ram_capacity_gb,128,GB
7374,1126,cpu_socket,LGA1700,
7375,1126,ram_type,DDR5,
7376,1126,ram_socket,2,EA
7377,1126,form_factor,M-ATX,
7378,1126,chipset,B760,
7379,1126,m2_slots,2,EA
7380,1126,max_ram_capacity_gb,128,GB
7381,1127,cpu_socket,LGA1700,
7382,1127,ram_type,DDR5,
7383,1127,ram_socket,4,EA
7384,1127,form_factor,M-ATX,
7385,1127,chipset,B760,
7386,1127,m2_slots,3,EA
7387,1127,max_ram_capacity_gb,192,GB
7388,1128,cpu_socket,LGA1700,
7389,1128,ram_type,DDR5,
7390,1128,ram_socket,2,EA
7391,1128,form_factor,M-ATX,
7392,1128,chipset,H610,
7393,1128,m2_slots,1,EA
7394,1128,max_ram_capacity_gb,128,GB
7395,1129,cpu_socket,LGA1700,
7396,1129,ram_type,DDR5,
7397,1129,ram_socket,2,EA
7398,1129,form_factor,M-ATX,
7399,1129,chipset,H610,
7400,1129,m2_slots,1,EA
7401,1129,max_ram_capacity_gb,96,GB
7402,1130,cpu_socket,LGA1700,
7403,1130,ram_type,DDR4,
7404,1130,ram_socket,2,EA
7405,1130,form_factor,M-ATX,
7406,1130,chipset,H610,
7407,1130,m2_slots,1,EA
7408,1130,max_ram_capacity_gb,64,GB
7409,1131,cpu_socket,LGA1700,
7410,1131,ram_type,DDR5,
7411,1131,ram_socket,2,EA
7412,1131,form_factor,M-ATX,
7413,1131,chipset,H610,
7414,1131,m2_slots,1,EA
7415,1131,max_ram_capacity_gb,96,GB
7416,1132,cpu_socket,LGA1700,
7417,1132,ram_type,DDR4,
7418,1132,ram_socket,2,EA
7419,1132,form_factor,M-ATX,
7420,1132,chipset,H610,
7421,1132,m2_slots,1,EA
7422,1132,max_ram_capacity_gb,64,GB
7423,1133,cpu_socket,LGA1700,
7424,1133,ram_type,DDR5,
7425,1133,ram_socket,2,EA
7426,1133,form_factor,M-ATX,
7427,1133,chipset,H610,
7428,1133,m2_slots,1,EA
7429,1133,max_ram_capacity_gb,128,GB
7430,1134,cpu_socket,LGA1700,
7431,1134,ram_type,DDR5,
7432,1134,ram_socket,2,EA
7433,1134,form_factor,M-ATX,
7434,1134,chipset,H610,
7435,1134,m2_slots,1,EA
7436,1134,max_ram_capacity_gb,128,GB
7437,1135,cpu_socket,LGA1700,
7438,1135,ram_type,DDR5,
7439,1135,ram_socket,2,EA
7440,1135,form_factor,M-ATX,
7441,1135,chipset,H610,
7442,1135,m2_slots,1,EA
7443,1135,max_ram_capacity_gb,96,GB
7444,1136,cpu_socket,LGA1700,
7445,1136,ram_type,DDR5,
7446,1136,ram_socket,4,EA
7447,1136,form_factor,M-ATX,
7448,1136,chipset,B760,
7449,1136,m2_slots,3,EA
7450,1136,max_ram_capacity_gb,192,GB
7451,1137,cpu_socket,LGA1700,
7452,1137,ram_type,DDR5,
7453,1137,ram_socket,2,EA
7454,1137,form_factor,M-ATX,
7455,1137,chipset,H610,
7456,1137,m2_slots,1,EA
7457,1137,max_ram_capacity_gb,128,GB
7458,1138,cpu_socket,LGA1700,
7459,1138,ram_type,DDR5,
7460,1138,ram_socket,2,EA
7461,1138,form_factor,M-ATX,
7462,1138,chipset,H610,
7463,1138,m2_slots,1,EA
7464,1138,max_ram_capacity_gb,128,GB
7465,1139,cpu_socket,LGA1700,
7466,1139,ram_type,DDR5,
7467,1139,ram_socket,4,EA
7468,1139,form_factor,M-ATX,
7469,1139,chipset,B760,
7470,1139,m2_slots,3,EA
7471,1139,max_ram_capacity_gb,256,GB
7472,1140,cpu_socket,LGA1700,
7473,1140,ram_type,DDR5,
7474,1140,ram_socket,4,EA
7475,1140,form_factor,ATX,
7476,1140,chipset,Z790,
7477,1140,m2_slots,4,EA
7478,1140,max_ram_capacity_gb,256,GB
7479,1141,cpu_socket,LGA1700,
7480,1141,ram_type,DDR4,
7481,1141,ram_socket,2,EA
7482,1141,form_factor,M-ATX,
7483,1141,chipset,B660,
7484,1141,m2_slots,2,EA
7485,1141,max_ram_capacity_gb,64,GB
7486,1142,cpu_socket,LGA1700,
7487,1142,ram_type,DDR4,
7488,1142,ram_socket,2,EA
7489,1142,form_factor,M-ATX,
7490,1142,chipset,H610,
7491,1142,m2_slots,1,EA
7492,1142,max_ram_capacity_gb,64,GB
7493,1143,cpu_socket,LGA1700,
7494,1143,ram_type,DDR5,
7495,1143,ram_socket,4,EA
7496,1143,form_factor,ATX,
7497,1143,chipset,Z790,
7498,1143,m2_slots,4,EA
7499,1143,max_ram_capacity_gb,128,GB
7500,1144,cpu_socket,LGA1700,
7501,1144,ram_type,DDR5,
7502,1144,ram_socket,4,EA
7503,1144,form_factor,ATX,
7504,1144,chipset,Z790,
7505,1144,m2_slots,4,EA
7506,1144,max_ram_capacity_gb,128,GB
7507,1145,cpu_socket,LGA1700,
7508,1145,ram_type,DDR5,
7509,1145,ram_socket,4,EA
7510,1145,form_factor,M-ATX,
7511,1145,chipset,B760,
7512,1145,m2_slots,3,EA
7513,1145,max_ram_capacity_gb,192,GB
7514,1146,cpu_socket,LGA1700,
7515,1146,ram_type,DDR4,
7516,1146,ram_socket,2,EA
7517,1146,form_factor,M-ATX,
7518,1146,chipset,H610,
7519,1146,m2_slots,1,EA
7520,1146,max_ram_capacity_gb,64,GB
7521,1147,cpu_socket,LGA1700,
7522,1147,ram_type,DDR4,
7523,1147,ram_socket,2,EA
7524,1147,form_factor,M-ATX,
7525,1147,chipset,H610,
7526,1147,m2_slots,1,EA
7527,1147,max_ram_capacity_gb,64,GB
7528,1148,cpu_socket,LGA1700,
7529,1148,ram_type,DDR5,
7530,1148,ram_socket,4,EA
7531,1148,form_factor,M-ATX,
7532,1148,chipset,B760,
7533,1148,m2_slots,3,EA
7534,1148,max_ram_capacity_gb,128,GB
7535,1149,cpu_socket,LGA1700,
7536,1149,ram_type,DDR5,
7537,1149,ram_socket,4,EA
7538,1149,form_factor,ATX,
7539,1149,chipset,Z790,
7540,1149,m2_slots,4,EA
7541,1149,max_ram_capacity_gb,128,GB
7542,1150,cpu_socket,LGA1700,
7543,1150,ram_type,DDR5,
7544,1150,ram_socket,2,EA
7545,1150,form_factor,M-ATX,
7546,1150,chipset,H610,
7547,1150,m2_slots,1,EA
7548,1150,max_ram_capacity_gb,96,GB
7549,1151,cpu_socket,LGA1700,
7550,1151,ram_type,DDR5,
7551,1151,ram_socket,4,EA
7552,1151,form_factor,M-ATX,
7553,1151,chipset,B760,
7554,1151,m2_slots,3,EA
7555,1151,max_ram_capacity_gb,192,GB
7556,1152,cpu_socket,LGA1700,
7557,1152,ram_type,DDR5,
7558,1152,ram_socket,4,EA
7559,1152,form_factor,M-ATX,
7560,1152,chipset,B760,
7561,1152,m2_slots,3,EA
7562,1152,max_ram_capacity_gb,192,GB
7563,1153,cpu_socket,LGA1700,
7564,1153,ram_type,DDR5,
7565,1153,ram_socket,4,EA
7566,1153,form_factor,ATX,
7567,1153,chipset,Z790,
7568,1153,m2_slots,4,EA
7569,1153,max_ram_capacity_gb,128,GB
7570,1154,cpu_socket,LGA1700,
7571,1154,ram_type,DDR5,
7572,1154,ram_socket,4,EA
7573,1154,form_factor,ATX,
7574,1154,chipset,Z790,
7575,1154,m2_slots,4,EA
7576,1154,max_ram_capacity_gb,128,GB
7577,1155,cpu_socket,LGA1700,
7578,1155,ram_type,DDR4,
7579,1155,ram_socket,2,EA
7580,1155,form_factor,M-ATX,
7581,1155,chipset,H610,
7582,1155,m2_slots,1,EA
7583,1155,max_ram_capacity_gb,64,GB
7584,1156,cpu_socket,LGA1700,
7585,1156,ram_type,DDR4,
7586,1156,ram_socket,2,EA
7587,1156,form_factor,M-ATX,
7588,1156,chipset,H610,
7589,1156,m2_slots,1,EA
7590,1156,max_ram_capacity_gb,64,GB
7591,1157,cpu_socket,LGA1700,
7592,1157,ram_type,DDR4,
7593,1157,ram_socket,4,EA
7594,1157,form_factor,M-ATX,
7595,1157,chipset,B760,
7596,1157,m2_slots,2,EA
7597,1157,max_ram_capacity_gb,128,GB
7598,1158,cpu_socket,LGA1700,
7599,1158,ram_type,DDR4,
7600,1158,ram_socket,4,EA
7601,1158,form_factor,M-ATX,
7602,1158,chipset,B760,
7603,1158,m2_slots,2,EA
7604,1158,max_ram_capacity_gb,128,GB
7605,1159,cpu_socket,LGA1700,
7606,1159,ram_type,DDR4,
7607,1159,ram_socket,2,EA
7608,1159,form_factor,M-ATX,
7609,1159,chipset,H610,
7610,1159,m2_slots,1,EA
7611,1159,max_ram_capacity_gb,64,GB
7612,1160,cpu_socket,LGA1700,
7613,1160,ram_type,DDR5,
7614,1160,ram_socket,2,EA
7615,1160,form_factor,M-ATX,
7616,1160,chipset,H610,
7617,1160,m2_slots,1,EA
7618,1160,max_ram_capacity_gb,96,GB
7619,1161,cpu_socket,LGA1700,
7620,1161,ram_type,DDR5,
7621,1161,ram_socket,2,EA
7622,1161,form_factor,M-ATX,
7623,1161,chipset,H610,
7624,1161,m2_slots,1,EA
7625,1161,max_ram_capacity_gb,96,GB
7626,1162,cpu_socket,LGA1700,
7627,1162,ram_type,DDR4,
7628,1162,ram_socket,2,EA
7629,1162,form_factor,M-ITX,
7630,1162,chipset,H610,
7631,1162,m2_slots,2,EA
7632,1162,max_ram_capacity_gb,64,GB
7633,1163,cpu_socket,LGA1851,
7634,1163,ram_type,DDR5,
7635,1163,ram_socket,4,EA
7636,1163,form_factor,ATX,
7637,1163,chipset,Z890,
7638,1163,m2_slots,4,EA
7639,1163,max_ram_capacity_gb,256,GB
7640,1164,cpu_socket,LGA1851,
7641,1164,ram_type,DDR5,
7642,1164,ram_socket,4,EA
7643,1164,form_factor,ATX,
7644,1164,chipset,Z890,
7645,1164,m2_slots,4,EA
7646,1164,max_ram_capacity_gb,256,GB
7647,1165,cpu_socket,LGA1851,
7648,1165,ram_type,DDR5,
7649,1165,ram_socket,4,EA
7650,1165,form_factor,ATX,
7651,1165,chipset,Z890,
7652,1165,m2_slots,4,EA
7653,1165,max_ram_capacity_gb,256,GB
7654,1166,cpu_socket,LGA1851,
7655,1166,ram_type,DDR5,
7656,1166,ram_socket,4,EA
7657,1166,form_factor,ATX,
7658,1166,chipset,Z890,
7659,1166,m2_slots,6,EA
7660,1166,max_ram_capacity_gb,256,GB
7661,1167,cpu_socket,LGA1851,
7662,1167,ram_type,DDR5,
7663,1167,ram_socket,4,EA
7664,1167,form_factor,ATX,
7665,1167,chipset,Z890,
7666,1167,m2_slots,6,EA
7667,1167,max_ram_capacity_gb,256,GB
7668,1168,cpu_socket,LGA1851,
7669,1168,ram_type,DDR5,
7670,1168,ram_socket,2,EA
7671,1168,form_factor,M-ITX,
7672,1168,chipset,B860,
7673,1168,m2_slots,2,EA
7674,1168,max_ram_capacity_gb,128,GB
7675,1169,cpu_socket,LGA1851,
7676,1169,ram_type,DDR5,
7677,1169,ram_socket,4,EA
7678,1169,form_factor,M-ATX,
7679,1169,chipset,B860,
7680,1169,m2_slots,3,EA
7681,1169,max_ram_capacity_gb,256,GB
7682,1170,cpu_socket,LGA1851,
7683,1170,ram_type,DDR5,
7684,1170,ram_socket,4,EA
7685,1170,form_factor,M-ATX,
7686,1170,chipset,B860,
7687,1170,m2_slots,3,EA
7688,1170,max_ram_capacity_gb,256,GB
7689,1171,cpu_socket,LGA1851,
7690,1171,ram_type,DDR5,
7691,1171,ram_socket,4,EA
7692,1171,form_factor,M-ATX,
7693,1171,chipset,B860,
7694,1171,m2_slots,3,EA
7695,1171,max_ram_capacity_gb,256,GB
7696,1172,cpu_socket,LGA1851,
7697,1172,ram_type,DDR5,
7698,1172,ram_socket,4,EA
7699,1172,form_factor,ATX,
7700,1172,chipset,B860,
7701,1172,m2_slots,3,EA
7702,1172,max_ram_capacity_gb,256,GB
7703,1173,cpu_socket,LGA1851,
7704,1173,ram_type,DDR5,
7705,1173,ram_socket,2,EA
7706,1173,form_factor,M-ATX,
7707,1173,chipset,B860,
7708,1173,m2_slots,2,EA
7709,1173,max_ram_capacity_gb,128,GB
7710,1174,cpu_socket,LGA1851,
7711,1174,ram_type,DDR5,
7712,1174,ram_socket,2,EA
7713,1174,form_factor,M-ATX,
7714,1174,chipset,B860,
7715,1174,m2_slots,2,EA
7716,1174,max_ram_capacity_gb,128,GB
7717,1175,cpu_socket,LGA1851,
7718,1175,ram_type,DDR5,
7719,1175,ram_socket,4,EA
7720,1175,form_factor,ATX,
7721,1175,chipset,Z890,
7722,1175,m2_slots,4,EA
7723,1175,max_ram_capacity_gb,256,GB
7724,1176,cpu_socket,LGA1851,
7725,1176,ram_type,DDR5,
7726,1176,ram_socket,4,EA
7727,1176,form_factor,M-ATX,
7728,1176,chipset,B860,
7729,1176,m2_slots,3,EA
7730,1176,max_ram_capacity_gb,256,GB
7731,1177,cpu_socket,LGA1851,
7732,1177,ram_type,DDR5,
7733,1177,ram_socket,2,EA
7734,1177,form_factor,M-ITX,
7735,1177,chipset,H810,
7736,1177,m2_slots,2,EA
7737,1177,max_ram_capacity_gb,128,GB
7738,1178,cpu_socket,LGA1851,
7739,1178,ram_type,DDR5,
7740,1178,ram_socket,4,EA
7741,1178,form_factor,ATX,
7742,1178,chipset,B860,
7743,1178,m2_slots,3,EA
7744,1178,max_ram_capacity_gb,256,GB
7745,1179,cpu_socket,LGA1851,
7746,1179,ram_type,DDR5,
7747,1179,ram_socket,2,EA
7748,1179,form_factor,M-ATX,
7749,1179,chipset,H810,
7750,1179,m2_slots,1,EA
7751,1179,max_ram_capacity_gb,128,GB
7752,1180,cpu_socket,LGA1851,
7753,1180,ram_type,DDR5,
7754,1180,ram_socket,2,EA
7755,1180,form_factor,M-ATX,
7756,1180,chipset,B860,
7757,1180,m2_slots,2,EA
7758,1180,max_ram_capacity_gb,128,GB
7759,1181,cpu_socket,LGA1851,
7760,1181,ram_type,DDR5,
7761,1181,ram_socket,2,EA
7762,1181,form_factor,M-ATX,
7763,1181,chipset,B860,
7764,1181,m2_slots,2,EA
7765,1181,max_ram_capacity_gb,128,GB
7766,1182,cpu_socket,LGA1851,
7767,1182,ram_type,DDR5,
7768,1182,ram_socket,4,EA
7769,1182,form_factor,M-ATX,
7770,1182,chipset,B860,
7771,1182,m2_slots,3,EA
7772,1182,max_ram_capacity_gb,256,GB
7773,1183,cpu_socket,LGA1851,
7774,1183,ram_type,DDR5,
7775,1183,ram_socket,2,EA
7776,1183,form_factor,M-ITX,
7777,1183,chipset,B860,
7778,1183,m2_slots,2,EA
7779,1183,max_ram_capacity_gb,128,GB
7780,1184,cpu_socket,LGA1851,
7781,1184,ram_type,DDR5,
7782,1184,ram_socket,4,EA
7783,1184,form_factor,M-ATX,
7784,1184,chipset,B860,
7785,1184,m2_slots,3,EA
7786,1184,max_ram_capacity_gb,256,GB
7787,1185,cpu_socket,LGA1851,
7788,1185,ram_type,DDR5,
7789,1185,ram_socket,2,EA
7790,1185,form_factor,M-ATX,
7791,1185,chipset,B860,
7792,1185,m2_slots,2,EA
7793,1185,max_ram_capacity_gb,128,GB
7794,1186,cpu_socket,LGA1851,
7795,1186,ram_type,DDR5,
7796,1186,ram_socket,4,EA
7797,1186,form_factor,ATX,
7798,1186,chipset,Z890,
7799,1186,m2_slots,6,EA
7800,1186,max_ram_capacity_gb,256,GB
7801,1187,cpu_socket,LGA1851,
7802,1187,ram_type,DDR5,
7803,1187,ram_socket,2,EA
7804,1187,form_factor,M-ATX,
7805,1187,chipset,B860,
7806,1187,m2_slots,2,EA
7807,1187,max_ram_capacity_gb,128,GB
7808,1188,cpu_socket,LGA1851,
7809,1188,ram_type,DDR5,
7810,1188,ram_socket,4,EA
7811,1188,form_factor,ATX,
7812,1188,chipset,B860,
7813,1188,m2_slots,3,EA
7814,1188,max_ram_capacity_gb,256,GB
7815,1189,cpu_socket,LGA1851,
7816,1189,ram_type,DDR5,
7817,1189,ram_socket,4,EA
7818,1189,form_factor,M-ATX,
7819,1189,chipset,B860,
7820,1189,m2_slots,4,EA
7821,1189,max_ram_capacity_gb,256,GB
7822,1190,cpu_socket,LGA1851,
7823,1190,ram_type,DDR5,
7824,1190,ram_socket,4,EA
7825,1190,form_factor,ATX,
7826,1190,chipset,Z890,
7827,1190,m2_slots,4,EA
7828,1190,max_ram_capacity_gb,256,GB
7829,1191,cpu_socket,LGA1851,
7830,1191,ram_type,DDR5,
7831,1191,ram_socket,2,EA
7832,1191,form_factor,M-ATX,
7833,1191,chipset,H810,
7834,1191,m2_slots,1,EA
7835,1191,max_ram_capacity_gb,128,GB
7836,1192,cpu_socket,LGA1851,
7837,1192,ram_type,DDR5,
7838,1192,ram_socket,4,EA
7839,1192,form_factor,ATX,
7840,1192,chipset,Z890,
7841,1192,m2_slots,4,EA
7842,1192,max_ram_capacity_gb,256,GB
7843,1193,cpu_socket,LGA1851,
7844,1193,ram_type,DDR5,
7845,1193,ram_socket,4,EA
7846,1193,form_factor,ATX,
7847,1193,chipset,Z890,
7848,1193,m2_slots,4,EA
7849,1193,max_ram_capacity_gb,256,GB
7850,1194,cpu_socket,LGA1851,
7851,1194,ram_type,DDR5,
7852,1194,ram_socket,4,EA
7853,1194,form_factor,ATX,
7854,1194,chipset,B860,
7855,1194,m2_slots,3,EA
7856,1194,max_ram_capacity_gb,256,GB
7857,1195,cpu_socket,LGA1851,
7858,1195,ram_type,DDR5,
7859,1195,ram_socket,4,EA
7860,1195,form_factor,ATX,
7861,1195,chipset,B860,
7862,1195,m2_slots,3,EA
7863,1195,max_ram_capacity_gb,256,GB
7864,1196,cpu_socket,LGA1851,
7865,1196,ram_type,DDR5,
7866,1196,ram_socket,4,EA
7867,1196,form_factor,M-ATX,
7868,1196,chipset,B860,
7869,1196,m2_slots,3,EA
7870,1196,max_ram_capacity_gb,256,GB
7871,1197,cpu_socket,LGA1851,
7872,1197,ram_type,DDR5,
7873,1197,ram_socket,4,EA
7874,1197,form_factor,ATX,
7875,1197,chipset,Z890,
7876,1197,m2_slots,6,EA
7877,1197,max_ram_capacity_gb,256,GB
7878,1198,cpu_socket,LGA1851,
7879,1198,ram_type,DDR5,
7880,1198,ram_socket,4,EA
7881,1198,form_factor,ATX,
7882,1198,chipset,B860,
7883,1198,m2_slots,3,EA
7884,1198,max_ram_capacity_gb,256,GB
7885,1199,cpu_socket,LGA1851,
7886,1199,ram_type,DDR5,
7887,1199,ram_socket,2,EA
7888,1199,form_factor,M-ITX,
7889,1199,chipset,Z890,
7890,1199,m2_slots,3,EA
7891,1199,max_ram_capacity_gb,128,GB
7892,1200,cpu_socket,LGA1851,
7893,1200,ram_type,DDR5,
7894,1200,ram_socket,2,EA
7895,1200,form_factor,M-ATX,
7896,1200,chipset,H810,
7897,1200,m2_slots,1,EA
7898,1200,max_ram_capacity_gb,128,GB
7899,1201,cpu_socket,LGA1851,
7900,1201,ram_type,DDR5,
7901,1201,ram_socket,4,EA
7902,1201,form_factor,ATX,
7903,1201,chipset,Z890,
7904,1201,m2_slots,6,EA
7905,1201,max_ram_capacity_gb,256,GB
7906,1202,cpu_socket,LGA1851,
7907,1202,ram_type,DDR5,
7908,1202,ram_socket,2,EA
7909,1202,form_factor,M-ATX,
7910,1202,chipset,H810,
7911,1202,m2_slots,1,EA
7912,1202,max_ram_capacity_gb,128,GB
7913,1203,cpu_socket,LGA1851,
7914,1203,ram_type,DDR5,
7915,1203,ram_socket,2,EA
7916,1203,form_factor,M-ATX,
7917,1203,chipset,H810,
7918,1203,m2_slots,1,EA
7919,1203,max_ram_capacity_gb,128,GB
7920,1204,cpu_socket,LGA1851,
7921,1204,ram_type,DDR5,
7922,1204,ram_socket,4,EA
7923,1204,form_factor,ATX,
7924,1204,chipset,Z890,
7925,1204,m2_slots,4,EA
7926,1204,max_ram_capacity_gb,256,GB
7927,1205,cpu_socket,LGA1851,
7928,1205,ram_type,DDR5,
7929,1205,ram_socket,4,EA
7930,1205,form_factor,ATX,
7931,1205,chipset,Z890,
7932,1205,m2_slots,4,EA
7933,1205,max_ram_capacity_gb,256,GB
7934,1206,cpu_socket,LGA1851,
7935,1206,ram_type,DDR5,
7936,1206,ram_socket,4,EA
7937,1206,form_factor,ATX,
7938,1206,chipset,Z890,
7939,1206,m2_slots,4,EA
7940,1206,max_ram_capacity_gb,256,GB
7941,1207,cpu_socket,LGA1851,
7942,1207,ram_type,DDR5,
7943,1207,ram_socket,4,EA
7944,1207,form_factor,ATX,
7945,1207,chipset,B860,
7946,1207,m2_slots,3,EA
7947,1207,max_ram_capacity_gb,256,GB
7948,1208,cpu_socket,LGA1851,
7949,1208,ram_type,DDR5,
7950,1208,ram_socket,4,EA
7951,1208,form_factor,M-ATX,
7952,1208,chipset,B860,
7953,1208,m2_slots,3,EA
7954,1208,max_ram_capacity_gb,256,GB
7955,1209,cpu_socket,LGA1851,
7956,1209,ram_type,DDR5,
7957,1209,ram_socket,2,EA
7958,1209,form_factor,M-ATX,
7959,1209,chipset,H810,
7960,1209,m2_slots,1,EA
7961,1209,max_ram_capacity_gb,128,GB
7962,1210,cpu_socket,LGA1851,
7963,1210,ram_type,DDR5,
7964,1210,ram_socket,2,EA
7965,1210,form_factor,M-ATX,
7966,1210,chipset,B860,
7967,1210,m2_slots,2,EA
7968,1210,max_ram_capacity_gb,128,GB
7969,1211,cpu_socket,LGA1851,
7970,1211,ram_type,DDR5,
7971,1211,ram_socket,2,EA
7972,1211,form_factor,M-ATX,
7973,1211,chipset,H810,
7974,1211,m2_slots,2,EA
7975,1211,max_ram_capacity_gb,128,GB
7976,1212,cpu_socket,LGA1851,
7977,1212,ram_type,DDR5,
7978,1212,ram_socket,4,EA
7979,1212,form_factor,ATX,
7980,1212,chipset,B860,
7981,1212,m2_slots,3,EA
7982,1212,max_ram_capacity_gb,256,GB
7983,1213,cpu_socket,LGA1851,
7984,1213,ram_type,DDR5,
7985,1213,ram_socket,2,EA
7986,1213,form_factor,M-ATX,
7987,1213,chipset,H810,
7988,1213,m2_slots,1,EA
7989,1213,max_ram_capacity_gb,128,GB
7990,1214,cpu_socket,LGA1851,
7991,1214,ram_type,DDR5,
7992,1214,ram_socket,4,EA
7993,1214,form_factor,ATX,
7994,1214,chipset,B860,
7995,1214,m2_slots,3,EA
7996,1214,max_ram_capacity_gb,256,GB
7997,1215,cpu_socket,LGA1851,
7998,1215,ram_type,DDR5,
7999,1215,ram_socket,2,EA
8000,1215,form_factor,M-ATX,
8001,1215,chipset,H810,
8002,1215,m2_slots,1,EA
8003,1215,max_ram_capacity_gb,128,GB
8004,1216,cpu_socket,LGA1851,
8005,1216,ram_type,DDR5,
8006,1216,ram_socket,4,EA
8007,1216,form_factor,ATX,
8008,1216,chipset,Z890,
8009,1216,m2_slots,6,EA
8010,1216,max_ram_capacity_gb,256,GB
8011,1217,cpu_socket,LGA1851,
8012,1217,ram_type,DDR5,
8013,1217,ram_socket,4,EA
8014,1217,form_factor,ATX,
8015,1217,chipset,Z890,
8016,1217,m2_slots,4,EA
8017,1217,max_ram_capacity_gb,256,GB
8018,1218,cpu_socket,LGA1851,
8019,1218,ram_type,DDR5,
8020,1218,ram_socket,2,EA
8021,1218,form_factor,M-ATX,
8022,1218,chipset,H810,
8023,1218,m2_slots,1,EA
8024,1218,max_ram_capacity_gb,128,GB
8025,1219,cpu_socket,LGA1851,
8026,1219,ram_type,DDR5,
8027,1219,ram_socket,4,EA
8028,1219,form_factor,ATX,
8029,1219,chipset,Z890,
8030,1219,m2_slots,4,EA
8031,1219,max_ram_capacity_gb,256,GB
8032,1220,cpu_socket,LGA1851,
8033,1220,ram_type,DDR5,
8034,1220,ram_socket,2,EA
8035,1220,form_factor,M-ATX,
8036,1220,chipset,H810,
8037,1220,m2_slots,1,EA
8038,1220,max_ram_capacity_gb,128,GB
8039,1221,cpu_socket,LGA1851,
8040,1221,ram_type,DDR5,
8041,1221,ram_socket,2,EA
8042,1221,form_factor,M-ATX,
8043,1221,chipset,H810,
8044,1221,m2_slots,1,EA
8045,1221,max_ram_capacity_gb,128,GB
8046,1222,cpu_socket,LGA1851,
8047,1222,ram_type,DDR5,
8048,1222,ram_socket,2,EA
8049,1222,form_factor,M-ATX,
8050,1222,chipset,B860,
8051,1222,m2_slots,2,EA
8052,1222,max_ram_capacity_gb,128,GB
8053,1223,cpu_socket,LGA1851,
8054,1223,ram_type,DDR5,
8055,1223,ram_socket,2,EA
8056,1223,form_factor,M-ATX,
8057,1223,chipset,H810,
8058,1223,m2_slots,1,EA
8059,1223,max_ram_capacity_gb,128,GB
8060,1224,cpu_socket,LGA1851,
8061,1224,ram_type,DDR5,
8062,1224,ram_socket,2,EA
8063,1224,form_factor,M-ATX,
8064,1224,chipset,H810,
8065,1224,m2_slots,1,EA
8066,1224,max_ram_capacity_gb,128,GB
8067,1225,cpu_socket,LGA1851,
8068,1225,ram_type,DDR5,
8069,1225,ram_socket,2,EA
8070,1225,form_factor,M-ATX,
8071,1225,chipset,H810,
8072,1225,m2_slots,2,EA
8073,1225,max_ram_capacity_gb,128,GB
8074,1226,cpu_socket,LGA1851,
8075,1226,ram_type,DDR5,
8076,1226,ram_socket,2,EA
8077,1226,form_factor,M-ATX,
8078,1226,chipset,H810,
8079,1226,m2_slots,1,EA
8080,1226,max_ram_capacity_gb,128,GB
8081,1227,cpu_socket,LGA1851,
8082,1227,ram_type,DDR5,
8083,1227,ram_socket,2,EA
8084,1227,form_factor,M-ATX,
8085,1227,chipset,H810,
8086,1227,m2_slots,1,EA
8087,1227,max_ram_capacity_gb,128,GB
8088,1228,cpu_socket,LGA1851,
8089,1228,ram_type,DDR5,
8090,1228,ram_socket,2,EA
8091,1228,form_factor,M-ATX,
8092,1228,chipset,B860,
8093,1228,m2_slots,2,EA
8094,1228,max_ram_capacity_gb,128,GB
8095,1229,cpu_socket,LGA1851,
8096,1229,ram_type,DDR5,
8097,1229,ram_socket,2,EA
8098,1229,form_factor,M-ATX,
8099,1229,chipset,H810,
8100,1229,m2_slots,1,EA
8101,1229,max_ram_capacity_gb,128,GB
8102,1230,cpu_socket,LGA1851,
8103,1230,ram_type,DDR5,
8104,1230,ram_socket,2,EA
8105,1230,form_factor,M-ATX,
8106,1230,chipset,H810,
8107,1230,m2_slots,1,EA
8108,1230,max_ram_capacity_gb,128,GB
8109,1231,cpu_socket,LGA1851,
8110,1231,ram_type,DDR5,
8111,1231,ram_socket,4,EA
8112,1231,form_factor,M-ATX,
8113,1231,chipset,B860,
8114,1231,m2_slots,3,EA
8115,1231,max_ram_capacity_gb,256,GB
8116,1232,cpu_socket,LGA1851,
8117,1232,ram_type,DDR5,
8118,1232,ram_socket,4,EA
8119,1232,form_factor,ATX,
8120,1232,chipset,B860,
8121,1232,m2_slots,4,EA
8122,1232,max_ram_capacity_gb,256,GB
8123,1233,cpu_socket,LGA1851,
8124,1233,ram_type,DDR5,
8125,1233,ram_socket,2,EA
8126,1233,form_factor,M-ATX,
8127,1233,chipset,B860,
8128,1233,m2_slots,2,EA
8129,1233,max_ram_capacity_gb,128,GB
8130,1234,cpu_socket,LGA1851,
8131,1234,ram_type,DDR5,
8132,1234,ram_socket,4,EA
8133,1234,form_factor,ATX,
8134,1234,chipset,Z890,
8135,1234,m2_slots,4,EA
8136,1234,max_ram_capacity_gb,256,GB
8137,1235,cpu_socket,LGA1851,
8138,1235,ram_type,DDR5,
8139,1235,ram_socket,2,EA
8140,1235,form_factor,ATX,
8141,1235,chipset,Z890,
8142,1235,m2_slots,6,EA
8143,1235,max_ram_capacity_gb,128,GB
8144,1236,cpu_socket,LGA1851,
8145,1236,ram_type,DDR5,
8146,1236,ram_socket,2,EA
8147,1236,form_factor,M-ATX,
8148,1236,chipset,B860,
8149,1236,m2_slots,2,EA
8150,1236,max_ram_capacity_gb,128,GB
8151,1237,cpu_socket,LGA1851,
8152,1237,ram_type,DDR5,
8153,1237,ram_socket,4,EA
8154,1237,form_factor,M-ATX,
8155,1237,chipset,B860,
8156,1237,m2_slots,3,EA
8157,1237,max_ram_capacity_gb,256,GB
8158,1238,cpu_socket,LGA1851,
8159,1238,ram_type,DDR5,
8160,1238,ram_socket,2,EA
8161,1238,form_factor,M-ATX,
8162,1238,chipset,H810,
8163,1238,m2_slots,1,EA
8164,1238,max_ram_capacity_gb,128,GB
8165,1239,cpu_socket,LGA1851,
8166,1239,ram_type,DDR5,
8167,1239,ram_socket,4,EA
8168,1239,form_factor,M-ATX,
8169,1239,chipset,B860,
8170,1239,m2_slots,4,EA
8171,1239,max_ram_capacity_gb,256,GB
8172,1240,cpu_socket,LGA1851,
8173,1240,ram_type,DDR5,
8174,1240,ram_socket,2,EA
8175,1240,form_factor,M-ATX,
8176,1240,chipset,H810,
8177,1240,m2_slots,1,EA
8178,1240,max_ram_capacity_gb,128,GB
8179,1241,cpu_socket,LGA1851,
8180,1241,ram_type,DDR5,
8181,1241,ram_socket,2,EA
8182,1241,form_factor,M-ATX,
8183,1241,chipset,H810,
8184,1241,m2_slots,1,EA
8185,1241,max_ram_capacity_gb,128,GB
8186,1242,cpu_socket,AM4,
8187,1242,ram_type,DDR4,
8188,1242,ram_socket,2,EA
8189,1242,form_factor,M-ATX,
8190,1242,chipset,A520,
8191,1242,m2_slots,1,EA
8192,1242,max_ram_capacity_gb,64,GB
8193,1243,cpu_socket,AM4,
8194,1243,ram_type,DDR4,
8195,1243,ram_socket,4,EA
8196,1243,form_factor,ATX,
8197,1243,chipset,X470,
8198,1243,m2_slots,2,EA
8199,1243,max_ram_capacity_gb,128,GB
8200,1244,cpu_socket,AM4,
8201,1244,ram_type,DDR4,
8202,1244,ram_socket,4,EA
8203,1244,form_factor,E-ATX,
8204,1244,chipset,X570,
8205,1244,m2_slots,2,EA
8206,1244,max_ram_capacity_gb,128,GB
8207,1245,cpu_socket,AM4,
8208,1245,ram_type,DDR4,
8209,1245,ram_socket,4,EA
8210,1245,form_factor,M-ATX,
8211,1245,chipset,B550,
8212,1245,m2_slots,2,EA
8213,1245,max_ram_capacity_gb,128,GB
8214,1246,cpu_socket,AM4,
8215,1246,ram_type,DDR4,
8216,1246,ram_socket,2,EA
8217,1246,form_factor,M-ATX,
8218,1246,chipset,B550,
8219,1246,m2_slots,1,EA
8220,1246,max_ram_capacity_gb,64,GB
8221,1247,cpu_socket,AM4,
8222,1247,ram_type,DDR4,
8223,1247,ram_socket,4,EA
8224,1247,form_factor,ATX,
8225,1247,chipset,B550,
8226,1247,m2_slots,2,EA
8227,1247,max_ram_capacity_gb,128,GB
8228,1248,cpu_socket,AM4,
8229,1248,ram_type,DDR4,
8230,1248,ram_socket,4,EA
8231,1248,form_factor,M-ATX,
8232,1248,chipset,B550,
8233,1248,m2_slots,2,EA
8234,1248,max_ram_capacity_gb,128,GB
8235,1249,cpu_socket,AM4,
8236,1249,ram_type,DDR4,
8237,1249,ram_socket,2,EA
8238,1249,form_factor,M-ATX,
8239,1249,chipset,A520,
8240,1249,m2_slots,1,EA
8241,1249,max_ram_capacity_gb,64,GB
8242,1250,cpu_socket,AM5,
8243,1250,ram_type,DDR5,
8244,1250,ram_socket,4,EA
8245,1250,form_factor,M-ATX,
8246,1250,chipset,B850,
8247,1250,m2_slots,3,EA
8248,1250,max_ram_capacity_gb,256,GB
8249,1251,cpu_socket,AM5,
8250,1251,ram_type,DDR5,
8251,1251,ram_socket,4,EA
8252,1251,form_factor,ATX,
8253,1251,chipset,B850,
8254,1251,m2_slots,4,EA
8255,1251,max_ram_capacity_gb,256,GB
8256,1252,cpu_socket,AM5,
8257,1252,ram_type,DDR5,
8258,1252,ram_socket,4,EA
8259,1252,form_factor,ATX,
8260,1252,chipset,X870E,
8261,1252,m2_slots,4,EA
8262,1252,max_ram_capacity_gb,256,GB
8263,1253,cpu_socket,AM5,
8264,1253,ram_type,DDR5,
8265,1253,ram_socket,4,EA
8266,1253,form_factor,M-ATX,
8267,1253,chipset,B650,
8268,1253,m2_slots,2,EA
8269,1253,max_ram_capacity_gb,256,GB
8270,1254,cpu_socket,AM5,
8271,1254,ram_type,DDR5,
8272,1254,ram_socket,4,EA
8273,1254,form_factor,M-ATX,
8274,1254,chipset,B650,
8275,1254,m2_slots,2,EA
8276,1254,max_ram_capacity_gb,256,GB
8277,1255,cpu_socket,AM5,
8278,1255,ram_type,DDR5,
8279,1255,ram_socket,4,EA
8280,1255,form_factor,ATX,
8281,1255,chipset,B650,
8282,1255,m2_slots,3,EA
8283,1255,max_ram_capacity_gb,192,GB
8284,1256,cpu_socket,AM5,
8285,1256,ram_type,DDR5,
8286,1256,ram_socket,4,EA
8287,1256,form_factor,M-ATX,
8288,1256,chipset,B850,
8289,1256,m2_slots,3,EA
8290,1256,max_ram_capacity_gb,256,GB
8291,1257,cpu_socket,AM5,
8292,1257,ram_type,DDR5,
8293,1257,ram_socket,4,EA
8294,1257,form_factor,ATX,
8295,1257,chipset,X870E,
8296,1257,m2_slots,4,EA
8297,1257,max_ram_capacity_gb,256,GB
8298,1258,cpu_socket,AM5,
8299,1258,ram_type,DDR5,
8300,1258,ram_socket,4,EA
8301,1258,form_factor,ATX,
8302,1258,chipset,X870E,
8303,1258,m2_slots,4,EA
8304,1258,max_ram_capacity_gb,256,GB
8305,1259,cpu_socket,AM5,
8306,1259,ram_type,DDR5,
8307,1259,ram_socket,4,EA
8308,1259,form_factor,ATX,
8309,1259,chipset,X870E,
8310,1259,m2_slots,4,EA
8311,1259,max_ram_capacity_gb,256,GB
8312,1260,cpu_socket,AM5,
8313,1260,ram_type,DDR5,
8314,1260,ram_socket,2,EA
8315,1260,form_factor,M-ATX,
8316,1260,chipset,A620A,
8317,1260,m2_slots,1,EA
8318,1260,max_ram_capacity_gb,128,GB
8319,1261,cpu_socket,AM5,
8320,1261,ram_type,DDR5,
8321,1261,ram_socket,4,EA
8322,1261,form_factor,M-ATX,
8323,1261,chipset,B850,
8324,1261,m2_slots,2,EA
8325,1261,max_ram_capacity_gb,256,GB
8326,1262,cpu_socket,AM5,
8327,1262,ram_type,DDR5,
8328,1262,ram_socket,4,EA
8329,1262,form_factor,M-ATX,
8330,1262,chipset,B650,
8331,1262,m2_slots,2,EA
8332,1262,max_ram_capacity_gb,256,GB
8333,1263,cpu_socket,AM5,
8334,1263,ram_type,DDR5,
8335,1263,ram_socket,4,EA
8336,1263,form_factor,M-ATX,
8337,1263,chipset,B850,
8338,1263,m2_slots,2,EA
8339,1263,max_ram_capacity_gb,256,GB
8340,1264,cpu_socket,AM5,
8341,1264,ram_type,DDR5,
8342,1264,ram_socket,2,EA
8343,1264,form_factor,M-ITX,
8344,1264,chipset,B850,
8345,1264,m2_slots,2,EA
8346,1264,max_ram_capacity_gb,128,GB
8347,1265,cpu_socket,AM5,
8348,1265,ram_type,DDR5,
8349,1265,ram_socket,4,EA
8350,1265,form_factor,ATX,
8351,1265,chipset,X870E,
8352,1265,m2_slots,4,EA
8353,1265,max_ram_capacity_gb,256,GB
8354,1266,cpu_socket,AM5,
8355,1266,ram_type,DDR5,
8356,1266,ram_socket,4,EA
8357,1266,form_factor,M-ATX,
8358,1266,chipset,B650,
8359,1266,m2_slots,2,EA
8360,1266,max_ram_capacity_gb,256,GB
8361,1267,cpu_socket,AM5,
8362,1267,ram_type,DDR5,
8363,1267,ram_socket,4,EA
8364,1267,form_factor,ATX,
8365,1267,chipset,B850,
8366,1267,m2_slots,4,EA
8367,1267,max_ram_capacity_gb,256,GB
8368,1268,cpu_socket,AM5,
8369,1268,ram_type,DDR5,
8370,1268,ram_socket,4,EA
8371,1268,form_factor,M-ATX,
8372,1268,chipset,B850,
8373,1268,m2_slots,3,EA
8374,1268,max_ram_capacity_gb,256,GB
8375,1269,cpu_socket,AM5,
8376,1269,ram_type,DDR5,
8377,1269,ram_socket,2,EA
8378,1269,form_factor,M-ATX,
8379,1269,chipset,B650,
8380,1269,m2_slots,1,EA
8381,1269,max_ram_capacity_gb,128,GB
8382,1270,cpu_socket,AM5,
8383,1270,ram_type,DDR5,
8384,1270,ram_socket,2,EA
8385,1270,form_factor,M-ATX,
8386,1270,chipset,A620,
8387,1270,m2_slots,2,EA
8388,1270,max_ram_capacity_gb,128,GB
8389,1271,cpu_socket,AM5,
8390,1271,ram_type,DDR5,
8391,1271,ram_socket,4,EA
8392,1271,form_factor,M-ATX,
8393,1271,chipset,B650,
8394,1271,m2_slots,2,EA
8395,1271,max_ram_capacity_gb,256,GB
8396,1272,cpu_socket,AM5,
8397,1272,ram_type,DDR5,
8398,1272,ram_socket,4,EA
8399,1272,form_factor,ATX,
8400,1272,chipset,X870,
8401,1272,m2_slots,4,EA
8402,1272,max_ram_capacity_gb,256,GB
8403,1273,cpu_socket,AM5,
8404,1273,ram_type,DDR5,
8405,1273,ram_socket,2,EA
8406,1273,form_factor,M-ATX,
8407,1273,chipset,A620,
8408,1273,m2_slots,1,EA
8409,1273,max_ram_capacity_gb,64,GB
8410,1274,cpu_socket,AM5,
8411,1274,ram_type,DDR5,
8412,1274,ram_socket,4,EA
8413,1274,form_factor,ATX,
8414,1274,chipset,B650,
8415,1274,m2_slots,3,EA
8416,1274,max_ram_capacity_gb,256,GB
8417,1275,cpu_socket,AM5,
8418,1275,ram_type,DDR5,
8419,1275,ram_socket,4,EA
8420,1275,form_factor,ATX,
8421,1275,chipset,B650,
8422,1275,m2_slots,4,EA
8423,1275,max_ram_capacity_gb,256,GB
8424,1276,cpu_socket,AM5,
8425,1276,ram_type,DDR5,
8426,1276,ram_socket,4,EA
8427,1276,form_factor,ATX,
8428,1276,chipset,X670E,
8429,1276,m2_slots,4,EA
8430,1276,max_ram_capacity_gb,192,GB
8431,1277,cpu_socket,AM5,
8432,1277,ram_type,DDR5,
8433,1277,ram_socket,4,EA
8434,1277,form_factor,ATX,
8435,1277,chipset,B650,
8436,1277,m2_slots,3,EA
8437,1277,max_ram_capacity_gb,192,GB
8438,1278,cpu_socket,AM5,
8439,1278,ram_type,DDR5,
8440,1278,ram_socket,4,EA
8441,1278,form_factor,ATX,
8442,1278,chipset,X670E,
8443,1278,m2_slots,4,EA
8444,1278,max_ram_capacity_gb,128,GB
8445,1279,cpu_socket,AM5,
8446,1279,ram_type,DDR5,
8447,1279,ram_socket,4,EA
8448,1279,form_factor,ATX,
8449,1279,chipset,X670E,
8450,1279,m2_slots,4,EA
8451,1279,max_ram_capacity_gb,192,GB
8452,1280,cpu_socket,AM5,
8453,1280,ram_type,DDR5,
8454,1280,ram_socket,2,EA
8455,1280,form_factor,M-ITX,
8456,1280,chipset,B650,
8457,1280,m2_slots,2,EA
8458,1280,max_ram_capacity_gb,64,GB
8459,1281,cpu_socket,AM5,
8460,1281,ram_type,DDR5,
8461,1281,ram_socket,4,EA
8462,1281,form_factor,ATX,
8463,1281,chipset,B650,
8464,1281,m2_slots,3,EA
8465,1281,max_ram_capacity_gb,192,GB
8466,1282,cpu_socket,AM5,
8467,1282,ram_type,DDR5,
8468,1282,ram_socket,4,EA
8469,1282,form_factor,ATX,
8470,1282,chipset,X870E,
8471,1282,m2_slots,4,EA
8472,1282,max_ram_capacity_gb,256,GB
8473,1283,cpu_socket,LGA1200,
8474,1283,ram_type,DDR4,
8475,1283,ram_socket,2,EA
8476,1283,form_factor,M-ATX,
8477,1283,chipset,H510,
8478,1283,m2_slots,1,EA
8479,1283,max_ram_capacity_gb,64,GB
8480,1284,cpu_socket,LGA1200,
8481,1284,ram_type,DDR4,
8482,1284,ram_socket,2,EA
8483,1284,form_factor,M-ITX,
8484,1284,chipset,Z490,
8485,1284,m2_slots,2,EA
8486,1284,max_ram_capacity_gb,64,GB
8487,1285,cpu_socket,LGA1200,
8488,1285,ram_type,DDR4,
8489,1285,ram_socket,4,EA
8490,1285,form_factor,ATX,
8491,1285,chipset,Z490,
8492,1285,m2_slots,2,EA
8493,1285,max_ram_capacity_gb,128,GB
8494,1286,cpu_socket,LGA1200,
8495,1286,ram_type,DDR4,
8496,1286,ram_socket,4,EA
8497,1286,form_factor,ATX,
8498,1286,chipset,B560,
8499,1286,m2_slots,3,EA
8500,1286,max_ram_capacity_gb,128,GB
8501,1287,cpu_socket,LGA1200,
8502,1287,ram_type,DDR4,
8503,1287,ram_socket,4,EA
8504,1287,form_factor,ATX,
8505,1287,chipset,Z590,
8506,1287,m2_slots,3,EA
8507,1287,max_ram_capacity_gb,128,GB
8508,1288,cpu_socket,LGA1700,
8509,1288,ram_type,DDR4,
8510,1288,ram_socket,4,EA
8511,1288,form_factor,M-ATX,
8512,1288,chipset,B760,
8513,1288,m2_slots,2,EA
8514,1288,max_ram_capacity_gb,128,GB
8515,1289,cpu_socket,LGA1700,
8516,1289,ram_type,DDR5,
8517,1289,ram_socket,4,EA
8518,1289,form_factor,M-ATX,
8519,1289,chipset,B760,
8520,1289,m2_slots,3,EA
8521,1289,max_ram_capacity_gb,256,GB
8522,1290,cpu_socket,LGA1700,
8523,1290,ram_type,DDR4,
8524,1290,ram_socket,2,EA
8525,1290,form_factor,M-ATX,
8526,1290,chipset,H610,
8527,1290,m2_slots,1,EA
8528,1290,max_ram_capacity_gb,64,GB
8529,1291,cpu_socket,LGA1700,
8530,1291,ram_type,DDR4,
8531,1291,ram_socket,4,EA
8532,1291,form_factor,M-ATX,
8533,1291,chipset,B660,
8534,1291,m2_slots,2,EA
8535,1291,max_ram_capacity_gb,128,GB
8536,1292,cpu_socket,LGA1700,
8537,1292,ram_type,DDR4,
8538,1292,ram_socket,4,EA
8539,1292,form_factor,M-ATX,
8540,1292,chipset,B760,
8541,1292,m2_slots,2,EA
8542,1292,max_ram_capacity_gb,128,GB
8543,1293,cpu_socket,LGA1700,
8544,1293,ram_type,DDR5,
8545,1293,ram_socket,4,EA
8546,1293,form_factor,ATX,
8547,1293,chipset,B760,
8548,1293,m2_slots,3,EA
8549,1293,max_ram_capacity_gb,192,GB
8550,1294,cpu_socket,LGA1700,
8551,1294,ram_type,DDR5,
8552,1294,ram_socket,2,EA
8553,1294,form_factor,M-ATX,
8554,1294,chipset,H610,
8555,1294,m2_slots,1,EA
8556,1294,max_ram_capacity_gb,96,GB
8557,1295,cpu_socket,LGA1700,
8558,1295,ram_type,DDR4,
8559,1295,ram_socket,2,EA
8560,1295,form_factor,M-ATX,
8561,1295,chipset,B760,
8562,1295,m2_slots,1,EA
8563,1295,max_ram_capacity_gb,64,GB
8564,1296,cpu_socket,LGA1700,
8565,1296,ram_type,DDR5,
8566,1296,ram_socket,4,EA
8567,1296,form_factor,M-ATX,
8568,1296,chipset,B760,
8569,1296,m2_slots,2,EA
8570,1296,max_ram_capacity_gb,192,GB
8571,1297,cpu_socket,LGA1700,
8572,1297,ram_type,DDR5,
8573,1297,ram_socket,4,EA
8574,1297,form_factor,ATX,
8575,1297,chipset,Z790,
8576,1297,m2_slots,4,EA
8577,1297,max_ram_capacity_gb,192,GB
8578,1298,cpu_socket,LGA1700,
8579,1298,ram_type,DDR5,
8580,1298,ram_socket,4,EA
8581,1298,form_factor,M-ATX,
8582,1298,chipset,B760,
8583,1298,m2_slots,2,EA
8584,1298,max_ram_capacity_gb,256,GB
8585,1299,cpu_socket,LGA1700,
8586,1299,ram_type,DDR5,
8587,1299,ram_socket,2,EA
8588,1299,form_factor,M-ATX,
8589,1299,chipset,H610,
8590,1299,m2_slots,1,EA
8591,1299,max_ram_capacity_gb,96,GB
8592,1300,cpu_socket,LGA1700,
8593,1300,ram_type,DDR4,
8594,1300,ram_socket,2,EA
8595,1300,form_factor,M-ATX,
8596,1300,chipset,H610,
8597,1300,m2_slots,1,EA
8598,1300,max_ram_capacity_gb,64,GB
8599,1301,cpu_socket,LGA1700,
8600,1301,ram_type,DDR4,
8601,1301,ram_socket,4,EA
8602,1301,form_factor,M-ATX,
8603,1301,chipset,B660,
8604,1301,m2_slots,2,EA
8605,1301,max_ram_capacity_gb,128,GB
8606,1302,cpu_socket,LGA1700,
8607,1302,ram_type,DDR4,
8608,1302,ram_socket,2,EA
8609,1302,form_factor,M-ATX,
8610,1302,chipset,H610,
8611,1302,m2_slots,1,EA
8612,1302,max_ram_capacity_gb,64,GB
8613,1303,cpu_socket,LGA1700,
8614,1303,ram_type,DDR4,
8615,1303,ram_socket,4,EA
8616,1303,form_factor,M-ATX,
8617,1303,chipset,B660,
8618,1303,m2_slots,2,EA
8619,1303,max_ram_capacity_gb,128,GB
8620,1304,cpu_socket,LGA1700,
8621,1304,ram_type,DDR5,
8622,1304,ram_socket,4,EA
8623,1304,form_factor,M-ATX,
8624,1304,chipset,B660,
8625,1304,m2_slots,2,EA
8626,1304,max_ram_capacity_gb,128,GB
8627,1305,cpu_socket,LGA1700,
8628,1305,ram_type,DDR5,
8629,1305,ram_socket,2,EA
8630,1305,form_factor,M-ATX,
8631,1305,chipset,H610,
8632,1305,m2_slots,1,EA
8633,1305,max_ram_capacity_gb,96,GB
8634,1306,cpu_socket,LGA1851,
8635,1306,ram_type,DDR5,
8636,1306,ram_socket,4,EA
8637,1306,form_factor,M-ATX,
8638,1306,chipset,B860,
8639,1306,m2_slots,3,EA
8640,1306,max_ram_capacity_gb,256,GB
8641,1307,cpu_socket,LGA1851,
8642,1307,ram_type,DDR5,
8643,1307,ram_socket,4,EA
8644,1307,form_factor,ATX,
8645,1307,chipset,Z890,
8646,1307,m2_slots,4,EA
8647,1307,max_ram_capacity_gb,256,GB
8648,1308,cpu_socket,LGA1851,
8649,1308,ram_type,DDR5,
8650,1308,ram_socket,4,EA
8651,1308,form_factor,M-ATX,
8652,1308,chipset,B860,
8653,1308,m2_slots,3,EA
8654,1308,max_ram_capacity_gb,256,GB
8655,1309,cpu_socket,LGA1851,
8656,1309,ram_type,DDR5,
8657,1309,ram_socket,4,EA
8658,1309,form_factor,M-ATX,
8659,1309,chipset,B860,
8660,1309,m2_slots,3,EA
8661,1309,max_ram_capacity_gb,256,GB
8662,1310,cpu_socket,LGA1851,
8663,1310,ram_type,DDR5,
8664,1310,ram_socket,4,EA
8665,1310,form_factor,M-ATX,
8666,1310,chipset,B860,
8667,1310,m2_slots,3,EA
8668,1310,max_ram_capacity_gb,256,GB
8669,1311,cpu_socket,LGA1851,
8670,1311,ram_type,DDR5,
8671,1311,ram_socket,4,EA
8672,1311,form_factor,ATX,
8673,1311,chipset,B860,
8674,1311,m2_slots,3,EA
8675,1311,max_ram_capacity_gb,256,GB
8676,1312,cpu_socket,LGA1851,
8677,1312,ram_type,DDR5,
8678,1312,ram_socket,4,EA
8679,1312,form_factor,ATX,
8680,1312,chipset,Z890,
8681,1312,m2_slots,5,EA
8682,1312,max_ram_capacity_gb,256,GB
8683,1313,cpu_socket,LGA1851,
8684,1313,ram_type,DDR5,
8685,1313,ram_socket,2,EA
8686,1313,form_factor,ATX,
8687,1313,chipset,Z890,
8688,1313,m2_slots,6,EA
8689,1313,max_ram_capacity_gb,128,GB
8690,1314,cpu_socket,LGA1851,
8691,1314,ram_type,DDR5,
8692,1314,ram_socket,4,EA
8693,1314,form_factor,ATX,
8694,1314,chipset,Z890,
8695,1314,m2_slots,4,EA
8696,1314,max_ram_capacity_gb,256,GB
8697,1315,cpu_socket,LGA1851,
8698,1315,ram_type,DDR5,
8699,1315,ram_socket,4,EA
8700,1315,form_factor,ATX,
8701,1315,chipset,Z890,
8702,1315,m2_slots,4,EA
8703,1315,max_ram_capacity_gb,256,GB
8704,1316,cpu_socket,LGA1851,
8705,1316,ram_type,DDR5,
8706,1316,ram_socket,2,EA
8707,1316,form_factor,M-ATX,
8708,1316,chipset,H810,
8709,1316,m2_slots,1,EA
8710,1316,max_ram_capacity_gb,128,GB
8711,1317,cpu_socket,LGA1851,
8712,1317,ram_type,DDR5,
8713,1317,ram_socket,4,EA
8714,1317,form_factor,ATX,
8715,1317,chipset,Z890,
8716,1317,m2_slots,5,EA
8717,1317,max_ram_capacity_gb,256,GB
8718,1318,cpu_socket,LGA1851,
8719,1318,ram_type,DDR5,
8720,1318,ram_socket,4,EA
8721,1318,form_factor,ATX,
8722,1318,chipset,Z890,
8723,1318,m2_slots,5,EA
8724,1318,max_ram_capacity_gb,256,GB
8725,1319,cpu_socket,LGA1851,
8726,1319,ram_type,DDR5,
8727,1319,ram_socket,2,EA
8728,1319,form_factor,M-ATX,
8729,1319,m2_slots,1,EA
8730,1319,max_ram_capacity_gb,128,GB
8731,1320,cpu_socket,LGA1851,
8732,1320,ram_type,DDR5,
8733,1320,ram_socket,4,EA
8734,1320,form_factor,ATX,
8735,1320,chipset,Z890,
8736,1320,m2_slots,4,EA
8737,1320,max_ram_capacity_gb,256,GB
8738,1321,cpu_socket,LGA1851,
8739,1321,ram_type,DDR5,
8740,1321,ram_socket,2,EA
8741,1321,form_factor,M-ATX,
8742,1321,chipset,H810,
8743,1321,m2_slots,2,EA
8744,1321,max_ram_capacity_gb,128,GB
