part_id,category,brand,part_name,price,is_discontinued,image_url,product_url
1,RAM,삼성전자,삼성전자 DDR4-3200,79900,Y,https://img.danuri.io/catalog-image/857/541/011/a5cd8f444ed445cf94eefda7d25a45ff.jpg?shrink=130:130&_v=20260917080645,https://prod.danawa.com/info/?pcode=11541857&cate=112752
2,RAM,삼성전자,삼성전자 DDR4-3200 중고,66300,,https://img.danuri.io/catalog-image/048/578/015/0eb8a8efdd134cecbdb4b118bfbcb6ef.jpg?shrink=130:130&_v=20260917184903,https://prod.danawa.com/info/?pcode=15578048&cate=112752
3,RAM,삼성전자,삼성전자 DDR4-2666 중고,54990,,https://img.danuri.io/catalog-image/972/158/008/c61a9e406e5e4ded92ebecaa56723ab2.jpg?shrink=130:130&_v=20260917173649,https://prod.danawa.com/info/?pcode=8158972&cate=112752
4,RAM,삼성전자,삼성전자 DDR4-2133 중고,50770,,https://img.danuri.io/catalog-image/841/676/005/69b084a45b564b7b8fe4a490d7838c77.jpg?shrink=130:130&_v=20260917185744,https://prod.danawa.com/info/?pcode=5676841&cate=112752
5,RAM,삼성전자,삼성전자 DDR4-2666,65390,Y,https://img.danuri.io/catalog-image/666/937/005/cefa1d5c69ad4e918d512ad0d0fa1587.jpg?shrink=130:130&_v=20260917170948,https://prod.danawa.com/info/?pcode=5937666&cate=112752
6,RAM,삼성전자,삼성전자 DDR4-2400,55000,,https://img.danuri.io/catalog-image/051/343/004/5e5d16947c3c418da09cbf110f418303.jpg?shrink=130:130&_v=20260917184903,https://prod.danawa.com/info/?pcode=4343051&cate=112752
7,RAM,삼성전자,삼성전자 DDR4-2400 중고,53980,,https://img.danuri.io/catalog-image/449/236/011/ccb5cb44a01f4785b4f203721b3b66a9.jpg?shrink=130:130&_v=20260917185713,https://prod.danawa.com/info/?pcode=11236449&cate=112752
8,RAM,삼성전자,삼성전자 DDR4-2933,95000,,https://img.danuri.io/catalog-image/427/376/010/b17f839a12d5482b90667d9002712525.jpg?shrink=130:130&_v=20260917080516,https://prod.danawa.com/info/?pcode=10376427&cate=112752
9,RAM,삼성전자,삼성전자 DDR4-2933 중고,98890,,https://img.danuri.io/catalog-image/794/844/017/56790e9c0bd54a3082b68135606e7798.jpg?shrink=130:130&_v=20260917222642,https://prod.danawa.com/info/?pcode=17844794&cate=112752
10,RAM,PATRIOT,PATRIOT DDR4-3200 CL22 SIGNATURE,85480,,https://img.danuri.io/catalog-image/204/445/011/02aee2852aae442e84e7ccbbf8c0f43b.jpg?shrink=130:130&_v=20260917080645,https://prod.danawa.com/info/?pcode=11445204&cate=112752
11,RAM,ESSENCORE,ESSENCORE KLEVV DDR4-3200 CL22 파인인포,87060,,https://img.danuri.io/catalog-image/049/787/011/347bdd54366b42bda45c57e58c8f7458.jpg?shrink=130:130&_v=20260917202629,https://prod.danawa.com/info/?pcode=11787049&cate=112752
12,RAM,ESSENCORE,ESSENCORE KLEVV DDR4-3200 CL16 BOLT X 서린,119000,,https://img.danuri.io/catalog-image/110/867/027/5a0a8963ae364c72b22851f732325fe9.jpg?shrink=130:130&_v=20260917080534,https://prod.danawa.com/info/?pcode=27867110&cate=112752
13,RAM,ESSENCORE,ESSENCORE KLEVV DDR4-3200 CL22 중고,85000,,https://img.danuri.io/catalog-image/874/133/123/d87f0318f80b4b69a69b3427d26aaf7b.jpg?shrink=130:130&_v=20260916080628,https://prod.danawa.com/info/?pcode=123133874&cate=112752
14,RAM,G.SKILL,G.SKILL DDR4-3200 CL16 AEGIS,85000,,https://img.danuri.io/catalog-image/730/593/009/e88cbc1960b54b73a2cdeba056cc3473.jpg?shrink=130:130&_v=20260917172603,https://prod.danawa.com/info/?pcode=9593730&cate=112752
15,RAM,G.SKILL,G.SKILL DDR4-2666 CL19 AEGIS,89980,,https://img.danuri.io/catalog-image/268/002/006/4fb2be646b5e4d36a484f3b6a5ca44d8.jpg?shrink=130:130&_v=20260917175718,https://prod.danawa.com/info/?pcode=6002268&cate=112752
16,RAM,TeamGroup,TeamGroup DDR4-3200 Elite 서린,102830,,https://img.danuri.io/catalog-image/443/907/014/bc99606c337e4676b6ad50ec8df0867b.jpg?shrink=130:130&_v=20260917080441,https://prod.danawa.com/info/?pcode=14907443&cate=112752
17,RAM,TeamGroup,TeamGroup DDR4-3200 Elite,85480,,https://img.danuri.io/catalog-image/141/188/010/506b651d3b5a42568bf2f8f547eed219.jpg?shrink=130:130&_v=20260917172448,https://prod.danawa.com/info/?pcode=10188141&cate=112752
18,RAM,TeamGroup,TeamGroup DDR4-2666 Elite,86000,,https://img.danuri.io/catalog-image/228/680/005/93e912e85e42400a98456411e54360fb.jpg?shrink=130:130&_v=20260916080628,https://prod.danawa.com/info/?pcode=5680228&cate=112752
19,RAM,삼성전자,삼성전자 DDR4-3200 중고,173990,,https://img.danuri.io/catalog-image/766/126/016/370bda7aeaa04dd6b81a6d96cd55d09a.jpg?shrink=130:130&_v=20260917184908,https://prod.danawa.com/info/?pcode=16126766&cate=112752
20,RAM,삼성전자,삼성전자 DDR4-3200,193980,Y,https://img.danuri.io/catalog-image/199/790/011/2aa64d8e13ee41f291ffd8598e7961a2.jpg?shrink=130:130&_v=20260917080701,https://prod.danawa.com/info/?pcode=11790199&cate=112752
21,RAM,삼성전자,삼성전자 DDR4-2666 중고,133730,,https://img.danuri.io/catalog-image/329/165/008/440844aaa86546b2ba3f925746b0eb94.jpg?shrink=130:130&_v=20260917173658,https://prod.danawa.com/info/?pcode=8165329&cate=112752
22,RAM,삼성전자,삼성전자 DDR4-2400,122260,,https://img.danuri.io/catalog-image/874/519/004/76155a99343d4e90b669929eb79f5a33.jpg?shrink=130:130&_v=20260917154649,https://prod.danawa.com/info/?pcode=4519874&cate=112752
23,RAM,삼성전자,삼성전자 DDR4-2666,147560,Y,https://img.danuri.io/catalog-image/995/941/005/5cab55f928b14a6a8308eb5b8f132241.jpg?shrink=130:130&_v=20260917091558,https://prod.danawa.com/info/?pcode=5941995&cate=112752
24,RAM,삼성전자,삼성전자 DDR4-2400 중고,122990,,https://img.danuri.io/catalog-image/180/298/011/2a42cc5972bd4e57b32d9993bfb565ba.jpg?shrink=130:130&_v=20260917170154,https://prod.danawa.com/info/?pcode=11298180&cate=112752
25,RAM,삼성전자,삼성전자 DDR4-2133 중고,112680,,https://img.danuri.io/catalog-image/709/823/012/f67b478abda74d42851bb12eea29a9b0.jpg?shrink=130:130&_v=20260917080516,https://prod.danawa.com/info/?pcode=12823709&cate=112752
26,RAM,삼성전자,삼성전자 DDR4-2133,129900,,https://img.danuri.io/catalog-image/273/898/116/4c610b6034ae412b8b38827a412187b4.jpg?shrink=130:130&_v=20260917080516,https://prod.danawa.com/info/?pcode=116898273&cate=112752
27,RAM,삼성전자,삼성전자 DDR4-2933,199890,,https://img.danuri.io/catalog-image/242/513/012/c20e8566499b48a8b0057f1cbc409dad.jpg?shrink=130:130&_v=20260917080531,https://prod.danawa.com/info/?pcode=12513242&cate=112752
28,RAM,PATRIOT,PATRIOT DDR4-3200 CL22 SIGNATURE,166110,,https://img.danuri.io/catalog-image/216/445/011/4da20768569447c8bbd5c930833a3d96.jpg?shrink=130:130&_v=20260917090029,https://prod.danawa.com/info/?pcode=11445216&cate=112752
29,RAM,PATRIOT,PATRIOT DDR4-2666 CL19 SIGNATURE,150000,,https://img.danuri.io/catalog-image/236/607/008/6834b3b7c87e48979a4b8176995d072f.jpg?shrink=130:130&_v=20260916201608,https://prod.danawa.com/info/?pcode=8607236&cate=112752
30,RAM,ESSENCORE,ESSENCORE KLEVV DDR4-3200 CL22 파인인포,179890,,https://img.danuri.io/catalog-image/091/787/011/c695e1a1e23f43beb0d1cf8a4ab2dc41.jpg?shrink=130:130&_v=20260917184903,https://prod.danawa.com/info/?pcode=11787091&cate=112752
31,RAM,ESSENCORE,ESSENCORE KLEVV DDR4-2666 CL19 파인인포,181000,,https://img.danuri.io/catalog-image/978/390/009/35073cfc078d4834bdce4c196e1d17d9.jpg?shrink=130:130&_v=20260916080519,https://prod.danawa.com/info/?pcode=9390978&cate=112752
32,RAM,G.SKILL,G.SKILL DDR4-3200 CL16 AEGIS,180000,,https://img.danuri.io/catalog-image/742/593/009/5591d0bf36a3408f8fd2be7a9342780c.jpg?shrink=130:130&_v=20260917161958,https://prod.danawa.com/info/?pcode=9593742&cate=112752
33,RAM,G.SKILL,G.SKILL DDR4-3600 CL18 TRIDENT Z RGB 패키지,207000,,https://img.danuri.io/catalog-image/059/431/011/78b676c62ae84713ae48706792e5c1e3.jpg?shrink=130:130&_v=20260917140758,https://prod.danawa.com/info/?pcode=11431059&cate=112752
34,RAM,G.SKILL,G.SKILL DDR4-3200 CL16 TRIDENT Z RGB 패키지,203000,,https://img.danuri.io/catalog-image/070/905/004/7e3102cb29544f1f82ee3cb2f9a53c92.jpg?shrink=130:130&_v=20260917170258,https://prod.danawa.com/info/?pcode=4905070&cate=112752
35,RAM,G.SKILL,G.SKILL DDR4-3200 CL16 TRIDENT ZKW 패키지,201520,,https://img.danuri.io/catalog-image/107/589/004/58f5152002b64f6f9c647908a98db185.jpg?shrink=130:130&_v=20260917170228,https://prod.danawa.com/info/?pcode=4589107&cate=112752
36,RAM,G.SKILL,G.SKILL DDR4-3600 CL16 TRIDENT Z NEO C 패키지,218900,,https://img.danuri.io/catalog-image/838/470/009/0d533978c873482f9024b19ff3da1373.jpg?shrink=130:130&_v=20260917161958,https://prod.danawa.com/info/?pcode=9470838&cate=112752
37,RAM,G.SKILL,G.SKILL DDR4-2666 CL19 AEGIS,161500,,https://img.danuri.io/catalog-image/147/540/006/2a091ffa99b74195b1eae81c1de1c8ae.jpg?shrink=130:130&_v=20260917080519,https://prod.danawa.com/info/?pcode=6540147&cate=112752
38,RAM,G.SKILL,G.SKILL DDR4-3200 CL16 TRIDENT Z 패키지,201520,,https://img.danuri.io/catalog-image/724/439/003/afe8a1635fc64be8af71c774b95c1ca8.jpg?shrink=130:130&_v=20260917160348,https://prod.danawa.com/info/?pcode=3439724&cate=112752
39,RAM,G.SKILL,G.SKILL DDR4-3200 CL14 TRIDENT Z RGB 패키지,220000,,https://img.danuri.io/catalog-image/041/905/004/b136bb9e52514f349853f50da3f25221.jpg?shrink=130:130&_v=20260917080519,https://prod.danawa.com/info/?pcode=4905041&cate=112752
40,RAM,G.SKILL,G.SKILL DDR4-3200 CL16 RIPJAWS V VK,206230,,https://img.danuri.io/catalog-image/593/571/004/5d787891ea8b4d10ade10d1189802c15.jpg?shrink=130:130&_v=20260917080519,https://prod.danawa.com/info/?pcode=4571593&cate=112752
41,RAM,G.SKILL,G.SKILL DDR4-3600 CL18 TRIDENT Z ROYAL 실버 패키지,782650,,https://img.danuri.io/catalog-image/186/030/007/5e0057849f174f0b8d83811b02b30d20.jpg?shrink=130:130&_v=20260917080441,https://prod.danawa.com/info/?pcode=7030186&cate=112752
42,RAM,G.SKILL,G.SKILL DDR4-3600 CL18 TRIDENT Z RGB 패키지 (해외구매),245810,,https://img.danuri.io/catalog-image/175/643/018/f1ebf9e465bc4ec2b9da3cedb8c14f58.jpg?shrink=130:130&_v=20260902080656,https://prod.danawa.com/info/?pcode=18643175&cate=112752
43,RAM,TeamGroup,TeamGroup DDR4-3200 Elite 서린,192260,,https://img.danuri.io/catalog-image/467/907/014/e02d0849155840b7bac2346ebade2645.jpg?shrink=130:130&_v=20260917080645,https://prod.danawa.com/info/?pcode=14907467&cate=112752
44,RAM,TeamGroup,TeamGroup T-Force DDR4-3200 CL16 Delta RGB 화이트 패키지 서린,229980,,https://img.danuri.io/catalog-image/475/320/007/af2d5d9aa5b144ec967ee7635f7e334d.jpg?shrink=130:130&_v=20260917080519,https://prod.danawa.com/info/?pcode=7320475&cate=112752
45,RAM,TeamGroup,TeamGroup T-Force DDR4-3200 CL16 Delta RGB 패키지 서린,223880,,https://img.danuri.io/catalog-image/400/320/007/7de6d35f196048d7ac2f7775c5fe4daf.jpg?shrink=130:130&_v=20260917080441,https://prod.danawa.com/info/?pcode=7320400&cate=112752
46,RAM,TeamGroup,TeamGroup T-Force DDR4-3600 CL18 Delta RGB 패키지 서린,227040,,https://img.danuri.io/catalog-image/119/380/011/ad0cd5f877fe421d949ef203ec4b0780.jpg?shrink=130:130&_v=20260917080519,https://prod.danawa.com/info/?pcode=11380119&cate=112752
47,RAM,TeamGroup,TeamGroup T-Force DDR4-3600 CL18 Delta RGB 화이트 패키지 서린,232980,,https://img.danuri.io/catalog-image/437/380/011/438aa93f94cd4d42bdeab8b11f827b3e.jpg?shrink=130:130&_v=20260917170318,https://prod.danawa.com/info/?pcode=11380437&cate=112752
48,RAM,TeamGroup,TeamGroup T-CREATE DDR4-3600 CL18 EXPERT OC10L 패키지 서린,221980,,https://img.danuri.io/catalog-image/076/981/013/1af142637a6643938d837529c8bc3699.jpg?shrink=130:130&_v=20260917080519,https://prod.danawa.com/info/?pcode=13981076&cate=112752
49,RAM,TeamGroup,TeamGroup T-Force DDR4-3600 CL18 Vulcan Z Gray 패키지 서린,223130,,https://img.danuri.io/catalog-image/745/747/106/e0cc4a09a552412694692bdeb3692f96.jpg?shrink=130:130&_v=20260917080645,https://prod.danawa.com/info/?pcode=106747745&cate=112752
50,RAM,TeamGroup,TeamGroup T-Force DDR4-3200 CL16 DARK Z RED 패키지,215060,,https://img.danuri.io/catalog-image/006/389/010/ab620e2c462e48e3a18807342bb4da0f.jpg?shrink=130:130&_v=20260912080528,https://prod.danawa.com/info/?pcode=10389006&cate=112752
51,RAM,TeamGroup,TeamGroup DDR4-3200 Elite,198900,,https://img.danuri.io/catalog-image/159/188/010/9b37f79203004855b1406be4db566826.jpg?shrink=130:130&_v=20260917080441,https://prod.danawa.com/info/?pcode=10188159&cate=112752
52,RAM,TeamGroup,TeamGroup T-Force DDR4-3200 CL16 XTREEM ARGB 패키지,210990,,https://img.danuri.io/catalog-image/262/462/011/ba4c5a2d47f748d6a7fd9cc7a011e822.jpg?shrink=130:130&_v=20260917080441,https://prod.danawa.com/info/?pcode=11462262&cate=112752
53,RAM,TeamGroup,TeamGroup T-Force DDR4-3600 CL18 Delta RGB 화이트 패키지,232990,,https://img.danuri.io/catalog-image/869/858/011/2c9f6ee157cf4c2e89ffabe42552579d.jpg?shrink=130:130&_v=20260915080424,https://prod.danawa.com/info/?pcode=11858869&cate=112752
54,RAM,TeamGroup,TeamGroup T-Force T-Force DDR4-3600 CL18 Delta RGB 화이트 패키지,279650,,https://img.danuri.io/catalog-image/632/838/118/df4a29d8ffa446b899300185d947c56b.jpg?shrink=130:130&_v=20260917071258,https://prod.danawa.com/info/?pcode=118838632&cate=112752
55,RAM,삼성전자,삼성전자 DDR4-3200,490990,Y,https://img.danuri.io/catalog-image/636/028/011/be1991c834bc4d7d883cc663c9de2e68.jpg?shrink=130:130&_v=20260917141213,https://prod.danawa.com/info/?pcode=11028636&cate=112752
56,RAM,삼성전자,삼성전자 DDR4-2666 중고,271990,,https://img.danuri.io/catalog-image/414/493/016/241bdf956c9e4e039bae5ab3e4d479dd.jpg?shrink=130:130&_v=20260917201948,https://prod.danawa.com/info/?pcode=16493414&cate=112752
57,RAM,삼성전자,삼성전자 DDR4-3200 중고,347800,,https://img.danuri.io/catalog-image/045/379/016/3ca27668d5f44c5ab40c0b5e0c6eae28.jpg?shrink=130:130&_v=20260917164718,https://prod.danawa.com/info/?pcode=16379045&cate=112752
58,RAM,삼성전자,삼성전자 DDR4-2666,303080,Y,https://img.danuri.io/catalog-image/391/239/009/ccd3cba1935b44eca66e365b7f22bc9d.jpg?shrink=130:130&_v=20260917111948,https://prod.danawa.com/info/?pcode=9239391&cate=112752
59,RAM,삼성전자,삼성전자 DDR4-2933,299000,,https://img.danuri.io/catalog-image/992/541/011/427bf4323fb84ceeaa00389cf75faea2.jpg?shrink=130:130&_v=20260917090019,https://prod.danawa.com/info/?pcode=11541992&cate=112752
60,RAM,PATRIOT,PATRIOT DDR4-3200 CL22 SIGNATURE,424000,,https://img.danuri.io/catalog-image/219/445/011/030a50febdf3451d928880c3b4d0ef5c.jpg?shrink=130:130&_v=20260917080519,https://prod.danawa.com/info/?pcode=11445219&cate=112752
61,RAM,ESSENCORE,ESSENCORE KLEVV DDR4-3200 CL22 파인인포,431990,,https://img.danuri.io/catalog-image/474/858/014/76d6cfb64668484a914be93d4c4d4eb6.jpg?shrink=130:130&_v=20260917131258,https://prod.danawa.com/info/?pcode=14858474&cate=112752
62,RAM,ESSENCORE,ESSENCORE KLEVV DDR4-3200 CL22 중고,363840,,https://img.danuri.io/catalog-image/867/133/123/851ff3f41ce442f69c187af4b5c6865b.jpg?shrink=130:130&_v=20260917080519,https://prod.danawa.com/info/?pcode=123133867&cate=112752
63,RAM,G.SKILL,G.SKILL DDR4-3600 CL16 TRIDENT Z NEO C 패키지,415360,,https://img.danuri.io/catalog-image/405/480/009/a61b14fb481643ff859019071efe75c2.jpg?shrink=130:130&_v=20260917172403,https://prod.danawa.com/info/?pcode=9480405&cate=112752
64,RAM,G.SKILL,G.SKILL DDR4-3600 CL18 TRIDENT Z RGB 패키지,392810,,https://img.danuri.io/catalog-image/083/431/011/6d89d365ce3343659cc66d9079417ac4.jpg?shrink=130:130&_v=20260917080516,https://prod.danawa.com/info/?pcode=11431083&cate=112752
65,RAM,TeamGroup,TeamGroup T-Force DDR4-3600 CL18 Delta RGB 화이트 패키지 서린,445000,,https://img.danuri.io/catalog-image/467/380/011/cbe295ec41e148a988833179c136915f.jpg?shrink=130:130&_v=20260917080519,https://prod.danawa.com/info/?pcode=11380467&cate=112752
66,RAM,TeamGroup,TeamGroup T-Force DDR4-3200 CL16-20-20 Delta RGB 패키지 서린,425640,,https://img.danuri.io/catalog-image/455/876/012/954e7914b7814b69811920323df3ea68.jpg?shrink=130:130&_v=20260917140903,https://prod.danawa.com/info/?pcode=12876455&cate=112752
67,RAM,TeamGroup,TeamGroup T-Force DDR4-3600 CL18 Delta RGB 패키지 서린,445000,,https://img.danuri.io/catalog-image/332/380/011/61665cd6df5c430190e29538f9a51576.jpg?shrink=130:130&_v=20260917080441,https://prod.danawa.com/info/?pcode=11380332&cate=112752
68,RAM,TeamGroup,TeamGroup T-CREATE DDR4-3600 CL18 EXPERT OC10L 패키지 서린,428980,,https://img.danuri.io/catalog-image/106/981/013/33b91653bdf0416cbce21eaa595e66a6.jpg?shrink=130:130&_v=20260917080534,https://prod.danawa.com/info/?pcode=13981106&cate=112752
69,RAM,TeamGroup,TeamGroup T-Force DDR4-3200 CL16-20-20 Delta RGB 화이트 패키지 서린,433550,,https://img.danuri.io/catalog-image/503/876/012/e723d9e9432c42e295a27387a16928f8.jpg?shrink=130:130&_v=20260917140934,https://prod.danawa.com/info/?pcode=12876503&cate=112752
70,RAM,TeamGroup,TeamGroup T-Force DDR4-3200 CL16 Delta RGB 화이트 패키지 서린,440000,,https://img.danuri.io/catalog-image/865/320/007/b669c444d0e04d5a8e10317a0d3c779e.jpg?shrink=130:130&_v=20260917080441,https://prod.danawa.com/info/?pcode=7320865&cate=112752
71,RAM,TeamGroup,TeamGroup DDR4-3200 Elite 서린,399000,,https://img.danuri.io/catalog-image/485/907/014/0f223d52fa424865b92f69d1829fb006.jpg?shrink=130:130&_v=20260917080519,https://prod.danawa.com/info/?pcode=14907485&cate=112752
72,RAM,TeamGroup,TeamGroup T-Force DDR4-3200 CL16 Delta RGB 패키지 서린,440000,,https://img.danuri.io/catalog-image/805/320/007/f421dd17cb0e4a288a6217d099a4a3af.jpg?shrink=130:130&_v=20260917080519,https://prod.danawa.com/info/?pcode=7320805&cate=112752
73,RAM,TeamGroup,TeamGroup DDR4-3200 Elite 중고,290000,,https://img.danuri.io/catalog-image/860/133/123/c1a97936756a429288a8e75007a9a4a4.jpg?shrink=130:130&_v=20260917174933,https://prod.danawa.com/info/?pcode=123133860&cate=112752
74,RAM,TeamGroup,TeamGroup T-Force DDR4-3600 CL18 Delta RGB 패키지,428960,,https://img.danuri.io/catalog-image/860/858/011/880f6ae4d2cd499eb18ba315abfdc8ae.jpg?shrink=130:130&_v=20260917141213,https://prod.danawa.com/info/?pcode=11858860&cate=112752
75,RAM,TeamGroup,TeamGroup T-Force DDR4-3200 CL16 Delta RGB 패키지,389850,,https://img.danuri.io/catalog-image/872/935/006/22eb5b27392d411daf696134cd4ce0c0.jpg?shrink=130:130&_v=20260917222713,https://prod.danawa.com/info/?pcode=6935872&cate=112752
76,RAM,TeamGroup,TeamGroup T-Force DDR4-3200 CL16-20-20 Delta RGB 패키지,428240,,https://img.danuri.io/catalog-image/028/958/012/01df4d5af142488cb8c763e9655422a0.jpg?shrink=130:130&_v=20260917080534,https://prod.danawa.com/info/?pcode=12958028&cate=112752
77,RAM,TeamGroup,TeamGroup T-Force DDR4-3600 CL18 Delta RGB 화이트 패키지,445000,,https://img.danuri.io/catalog-image/875/858/011/390f4dce39a64cfd8b087c26b50a6689.jpg?shrink=130:130&_v=20260917080519,https://prod.danawa.com/info/?pcode=11858875&cate=112752
78,RAM,G.SKILL,G.SKILL DDR4-3600 CL18 TRIDENT Z NEO 패키지,770000,,https://img.danuri.io/catalog-image/452/044/011/31e4daabde92461e866ba1e8a5d8d800.jpg?shrink=130:130&_v=20260917080645,https://prod.danawa.com/info/?pcode=11044452&cate=112752
79,RAM,삼성전자,삼성전자 DDR5-5600,182580,,https://img.danuri.io/catalog-image/771/911/018/9d0b8840eb7b4413bfc91bc45fac4970.jpg?shrink=130:130&_v=20260917200748,https://prod.danawa.com/info/?pcode=18911771&cate=112752
80,RAM,삼성전자,삼성전자 DDR5-4800,177750,,https://img.danuri.io/catalog-image/927/388/016/4cc3e3ef5e94404aa8b0bd107d5ce38c.jpg?shrink=130:130&_v=20260917124909,https://prod.danawa.com/info/?pcode=16388927&cate=112752
81,RAM,삼성전자,삼성전자 DDR5-6400 CL52 CUDIMM,181600,,https://img.danuri.io/catalog-image/649/391/108/62988408143049909624ea820be34ebe.jpg?shrink=130:130&_v=20260917200508,https://prod.danawa.com/info/?pcode=108391649&cate=112752
82,RAM,삼성전자,삼성전자 DDR5-4800 병행수입,173910,,https://img.danuri.io/catalog-image/247/390/016/1ce11be439be4cfe913dec96aa3256f7.jpg?shrink=130:130&_v=20260917080645,https://prod.danawa.com/info/?pcode=16390247&cate=112752
83,RAM,삼성전자,삼성전자 DDR5-5600 중고,177410,,https://img.danuri.io/catalog-image/097/623/122/9ce77d1016204fe784d0eb5730a2823c.jpg?shrink=130:130&_v=20260917200148,https://prod.danawa.com/info/?pcode=122623097&cate=112752
84,RAM,삼성전자,삼성전자 DDR5-7200 CL58 CUDIMM,188080,,https://img.danuri.io/catalog-image/277/237/124/32d24ce029124eccbbbb9ea7a165016b.jpeg?shrink=130:130&_v=20260917200408,https://prod.danawa.com/info/?pcode=124237277&cate=112752
85,RAM,PATRIOT,PATRIOT DDR5-5600 CL46 EVO,180000,,https://img.danuri.io/catalog-image/760/709/057/b28104b1a57943ca8ee633d3db01dce6.jpg?shrink=130:130&_v=20260917110150,https://prod.danawa.com/info/?pcode=57709760&cate=112752
86,RAM,PATRIOT,PATRIOT DDR5-5600 CL46 SIGNATURE PREMIUM 블랙,194990,,https://img.danuri.io/catalog-image/529/946/099/69b70a270cc54d189629a83cf370ea26.jpg?shrink=130:130&_v=20260917110152,https://prod.danawa.com/info/?pcode=99946529&cate=112752
87,RAM,PATRIOT,PATRIOT DDR5-5600 CL46 SIGNATURE PREMIUM 화이트,189980,,https://img.danuri.io/catalog-image/297/167/124/d419a5f901d24abc992764e40e8a9968.jpeg?shrink=130:130&_v=20260917080645,https://prod.danawa.com/info/?pcode=124167297&cate=112752
88,RAM,ESSENCORE,ESSENCORE KLEVV DDR5-5600 CL46 AMD 파인인포,181520,,https://img.danuri.io/catalog-image/203/638/094/70f27cf46c8648e5b207ece42a677447.jpg?shrink=130:130&_v=20260917233148,https://prod.danawa.com/info/?pcode=94638203&cate=112752
89,RAM,ESSENCORE,ESSENCORE KLEVV DDR5-5600 CL46 NEO 파인인포,192500,,https://img.danuri.io/catalog-image/489/074/093/14d29b6b5c8a4e17b9a813fbf16120fd.jpg?shrink=130:130&_v=20260917080535,https://prod.danawa.com/info/?pcode=93074489&cate=112752
90,RAM,G.SKILL,G.SKILL DDR5-5600 CL36 FLARE X5 AMD 블랙,225000,,https://img.danuri.io/catalog-image/307/553/102/6a3054edc6b44878b4e692e690178bb3.jpg?shrink=130:130&_v=20260917080534,https://prod.danawa.com/info/?pcode=102553307&cate=112752
91,RAM,G.SKILL,G.SKILL DDR5-6000 CL30 FLARE X5 AMD 블랙,234990,,https://img.danuri.io/catalog-image/352/553/102/6981fd8ac68940bba50e3bd96536ba90.jpg?shrink=130:130&_v=20260917080531,https://prod.danawa.com/info/?pcode=102553352&cate=112752
92,RAM,TeamGroup,TeamGroup DDR5-5600 CL46 Elite 서린,182990,,https://img.danuri.io/catalog-image/683/369/033/179d204fb0f94048bcf16c7d8f2e081b.jpg?shrink=130:130&_v=20260917101658,https://prod.danawa.com/info/?pcode=33369683&cate=112752
93,RAM,TeamGroup,TeamGroup DDR5-5600 CL46 Elite,183000,,https://img.danuri.io/catalog-image/886/345/037/36c41cc5ac8344dea7a1bab4c4f612c2.jpg?shrink=130:130&_v=20260917080701,https://prod.danawa.com/info/?pcode=37345886&cate=112752
94,RAM,삼성전자,삼성전자 DDR5-5600,334970,,https://img.danuri.io/catalog-image/780/911/018/1e7b1c0f060d4bb1b4002868cc9202c2.jpg?shrink=130:130&_v=20260917175704,https://prod.danawa.com/info/?pcode=18911780&cate=112752
95,RAM,삼성전자,삼성전자 DDR5-7200 CL58 CUDIMM,417920,,https://img.danuri.io/catalog-image/611/658/122/7da5c2d997dd4318af4946d67a64fd7a.jpeg?shrink=130:130&_v=20260917200718,https://prod.danawa.com/info/?pcode=122658611&cate=112752
96,RAM,삼성전자,삼성전자 DDR5-6400 CL52 CUDIMM,350180,,https://img.danuri.io/catalog-image/655/391/108/8fd3760310ef48268d88a45cbfce9e62.jpg?shrink=130:130&_v=20260917224638,https://prod.danawa.com/info/?pcode=108391655&cate=112752
97,RAM,삼성전자,삼성전자 DDR5-4800 병행수입,320890,,https://img.danuri.io/catalog-image/262/390/016/01757a41076245c88bf4f24d0bd827a3.jpg?shrink=130:130&_v=20260917102533,https://prod.danawa.com/info/?pcode=16390262&cate=112752
98,RAM,삼성전자,삼성전자 DDR5-4800,363960,,https://img.danuri.io/catalog-image/071/759/015/15e0a2ac2c7f403c9468fc62d01b50f5.jpg?shrink=130:130&_v=20260917080519,https://prod.danawa.com/info/?pcode=15759071&cate=112752
99,RAM,삼성전자,삼성전자 DDR5-5600 중고,303430,,https://img.danuri.io/catalog-image/367/621/122/5a85f088840d407ebae1e5b4e3287719.jpg?shrink=130:130&_v=20260917224643,https://prod.danawa.com/info/?pcode=122621367&cate=112752
100,RAM,삼성전자,삼성전자 DDR5-4800 중고,350000,,https://img.danuri.io/catalog-image/325/799/123/830324745ca448c4a6b60fcbc3419c80.jpg?shrink=130:130&_v=20260917091954,https://prod.danawa.com/info/?pcode=123799325&cate=112752
101,RAM,PATRIOT,PATRIOT DDR5-6000 CL30 SIGNATURE PREMIUM EVO 블랙,337050,,https://img.danuri.io/catalog-image/718/946/099/04e702c3169c41db8c8dc07748d1b3f4.jpg?shrink=130:130&_v=20260917090041,https://prod.danawa.com/info/?pcode=99946718&cate=112752
102,RAM,PATRIOT,PATRIOT DDR5-6000 CL30 SIGNATURE PREMIUM EVO 화이트,323970,,https://img.danuri.io/catalog-image/733/946/099/010b2651f91548b58960ae226a21223f.jpg?shrink=130:130&_v=20260917090036,https://prod.danawa.com/info/?pcode=99946733&cate=112752
103,RAM,PATRIOT,PATRIOT DDR5-6000 CL36 SIGNATURE PREMIUM EVO 블랙,319770,,https://img.danuri.io/catalog-image/481/721/123/0fed7cd447c94b509e7be0882dc38025.jpeg?shrink=130:130&_v=20260917080516,https://prod.danawa.com/info/?pcode=123721481&cate=112752
104,RAM,PATRIOT,PATRIOT DDR5-6000 CL36 SIGNATURE PREMIUM EVO 화이트,319770,,https://img.danuri.io/catalog-image/482/721/123/736c01a1d8c94c52b43b6519413e8e02.jpeg?shrink=130:130&_v=20260917080519,https://prod.danawa.com/info/?pcode=123721482&cate=112752
105,RAM,PATRIOT,PATRIOT DDR5-6000 CL30 VIPER Elite 5,331200,,https://img.danuri.io/catalog-image/935/465/075/58c20e0faa394331b37ec3dd66b9299f.jpg?shrink=130:130&_v=20260917201848,https://prod.danawa.com/info/?pcode=75465935&cate=112752
106,RAM,PATRIOT,PATRIOT DDR5-5600 CL46 EVO,409000,,https://img.danuri.io/catalog-image/748/709/057/64d02eeff0854630b808e30aed08e5b1.jpg?shrink=130:130&_v=20260917080516,https://prod.danawa.com/info/?pcode=57709748&cate=112752
107,RAM,PATRIOT,PATRIOT DDR5-6000 CL30 VIPER Elite 5 RGB,443880,,https://img.danuri.io/catalog-image/804/501/071/c5636f81e75b49c4862bbf88126cb923.jpg?shrink=130:130&_v=20260917080700,https://prod.danawa.com/info/?pcode=71501804&cate=112752
108,RAM,ESSENCORE,ESSENCORE KLEVV DDR5-5600 CL46 파인인포,335980,,https://img.danuri.io/catalog-image/774/965/018/ac99721b271747c59acec2f3ad07483e.jpg?shrink=130:130&_v=20260917215338,https://prod.danawa.com/info/?pcode=18965774&cate=112752
109,RAM,ESSENCORE,ESSENCORE KLEVV DDR5-5600 CL46 AMD 파인인포,330840,,https://img.danuri.io/catalog-image/185/638/094/0d51f3baad7b4c31a0ec5945b704ae6b.jpg?shrink=130:130&_v=20260917174953,https://prod.danawa.com/info/?pcode=94638185&cate=112752
110,RAM,ESSENCORE,ESSENCORE KLEVV DDR5-6000 CL30 FIT V AMD 패키지 서린,374990,,https://img.danuri.io/catalog-image/226/663/122/3efdae24134c40ac9357bd6945b8fe98.jpeg?shrink=130:130&_v=20260917121948,https://prod.danawa.com/info/?pcode=122663226&cate=112752
111,RAM,ESSENCORE,ESSENCORE KLEVV DDR5-6000 CL30 FIT V WHITE AMD 패키지 서린,374980,,https://img.danuri.io/catalog-image/232/663/122/395c9a5a98264af18f3cc4354c2a3c9c.jpeg?shrink=130:130&_v=20260917080519,https://prod.danawa.com/info/?pcode=122663232&cate=112752
112,RAM,ESSENCORE,ESSENCORE KLEVV DDR5-6400 CL52 CUDIMM 파인인포,365000,,https://img.danuri.io/catalog-image/050/340/074/c089839a8c4d45778c1571c4f791393b.jpg?shrink=130:130&_v=20260917120408,https://prod.danawa.com/info/?pcode=74340050&cate=112752
113,RAM,ESSENCORE,ESSENCORE KLEVV DDR5-5600 CL30 FIT V WHITE 서린,358980,,https://img.danuri.io/catalog-image/197/107/058/3f0476f860b441b3ace44f4d40a61f5b.jpg?shrink=130:130&_v=20260917080535,https://prod.danawa.com/info/?pcode=58107197&cate=112752
114,RAM,ESSENCORE,ESSENCORE KLEVV DDR5-5600 CL30 FIT V 서린,359170,,https://img.danuri.io/catalog-image/220/152/092/abcdf2ccfe47492fb01062f5d93656d4.jpg?shrink=130:130&_v=20260917080519,https://prod.danawa.com/info/?pcode=92152220&cate=112752
115,RAM,ESSENCORE,ESSENCORE KLEVV DDR5-5600 CL46 NEO 중고,335000,,https://img.danuri.io/catalog-image/264/167/124/de032efee1204d1287758325e572a3be.jpg?shrink=130:130&_v=20260917080519,https://prod.danawa.com/info/?pcode=124167264&cate=112752
116,RAM,G.SKILL,G.SKILL DDR5-6000 CL36 AEGIS 5,355760,,https://img.danuri.io/catalog-image/406/913/072/6e4f277e9e2a4efa9ea8b16c6e8b0fd4.jpg?shrink=130:130&_v=20260917080519,https://prod.danawa.com/info/?pcode=72913406&cate=112752
117,RAM,G.SKILL,G.SKILL DDR5-5600 CL36 AEGIS 5,388230,,https://img.danuri.io/catalog-image/219/241/028/200b687af7a949bcbe7774c1366c8966.jpg?shrink=130:130&_v=20260917175158,https://prod.danawa.com/info/?pcode=28241219&cate=112752
118,RAM,G.SKILL,G.SKILL DDR5-6000 CL36 RIPJAWS S5 블랙,407500,,https://img.danuri.io/catalog-image/379/553/102/52e52e113b3e4fd4a0c3dcd007ba5b51.jpg?shrink=130:130&_v=20260917160348,https://prod.danawa.com/info/?pcode=102553379&cate=112752
119,RAM,TeamGroup,TeamGroup DDR5-5600 CL46 Elite 서린,339470,,https://img.danuri.io/catalog-image/839/535/017/f65101d98b1645069576dcc5325f469f.jpg?shrink=130:130&_v=20260917225648,https://prod.danawa.com/info/?pcode=17535839&cate=112752
120,RAM,TeamGroup,TeamGroup DDR5-4800 CL40 Elite 서린,319350,,https://img.danuri.io/catalog-image/233/535/017/0b5e0e7388b243a186afdd452c3cd3bf.jpg?shrink=130:130&_v=20260917140954,https://prod.danawa.com/info/?pcode=17535233&cate=112752
121,RAM,TeamGroup,TeamGroup DDR5-5200 CL42 Elite 서린,337500,,https://img.danuri.io/catalog-image/360/767/018/574b962a356d4c27a59944d24851816c.jpg?shrink=130:130&_v=20260917080519,https://prod.danawa.com/info/?pcode=18767360&cate=112752
122,RAM,TeamGroup,TeamGroup DDR5-5600 CL46 Elite Plus 블랙 서린,372000,,https://img.danuri.io/catalog-image/413/768/018/a0d9e894a7d04351a3bdf89163e14e2c.jpg?shrink=130:130&_v=20260917080519,https://prod.danawa.com/info/?pcode=18768413&cate=112752
123,RAM,TeamGroup,TeamGroup DDR5-5600 CL46 Elite,336460,,https://img.danuri.io/catalog-image/973/563/023/8c4db447c2334614a8bc74b8dbeb1621.jpg?shrink=130:130&_v=20260917223358,https://prod.danawa.com/info/?pcode=23563973&cate=112752
124,RAM,삼성전자,삼성전자 DDR5-5600,795910,,https://img.danuri.io/catalog-image/043/644/020/697226f9da3b4183a68d85ce8e8031a4.jpg?shrink=130:130&_v=20260917220148,https://prod.danawa.com/info/?pcode=20644043&cate=112752
125,RAM,삼성전자,삼성전자 DDR5-4800,697990,,https://img.danuri.io/catalog-image/342/764/015/992aa0c3080b41d0a77914e6938ce3c6.jpg?shrink=130:130&_v=20260917174953,https://prod.danawa.com/info/?pcode=15764342&cate=112752
126,RAM,삼성전자,삼성전자 DDR5-4800 병행수입,621890,,https://img.danuri.io/catalog-image/268/390/016/04beee63344544169422706d6ee67c34.jpg?shrink=130:130&_v=20260917080519,https://prod.danawa.com/info/?pcode=16390268&cate=112752
127,RAM,삼성전자,삼성전자 DDR5-5600 중고,729000,,https://img.danuri.io/catalog-image/337/799/123/aa8c71bfbf7142afb4f9ae285a302bb3.jpg?shrink=130:130&_v=20260917091719,https://prod.danawa.com/info/?pcode=123799337&cate=112752
128,RAM,삼성전자,삼성전자 DDR5-4800 중고,722160,,https://img.danuri.io/catalog-image/326/799/123/385b3153b71242cea5e00c3cf94b4515.jpg?shrink=130:130&_v=20260916080407,https://prod.danawa.com/info/?pcode=123799326&cate=112752
129,RAM,PATRIOT,PATRIOT DDR5-6000 CL30 VIPER Elite 5 패키지,650000,,https://img.danuri.io/catalog-image/037/466/075/dec4ac8ccc9f469e9dab4a23283c9be4.jpg?shrink=130:130&_v=20260917080701,https://prod.danawa.com/info/?pcode=75466037&cate=112752
130,RAM,PATRIOT,PATRIOT DDR5-6000 CL30 VIPER VENOM 패키지,659980,,https://img.danuri.io/catalog-image/513/144/056/185b032ce14b4a3183466b304c961390.jpg?shrink=130:130&_v=20260917143003,https://prod.danawa.com/info/?pcode=56144513&cate=112752
131,RAM,PATRIOT,PATRIOT DDR5-8000 CL38 VIPER Xtreme5 RGB 패키지,816750,,https://img.danuri.io/catalog-image/837/057/095/ec76cbffc8054aff83cdafd43836f757.jpg?shrink=130:130&_v=20260917080519,https://prod.danawa.com/info/?pcode=95057837&cate=112752
132,RAM,PATRIOT,PATRIOT DDR5-6000 CL30 VIPER VENOM RGB 패키지,696270,,https://img.danuri.io/catalog-image/432/144/056/e77fbc0b8a734b2bbd01d8a74cdf6952.jpg?shrink=130:130&_v=20260917080519,https://prod.danawa.com/info/?pcode=56144432&cate=112752
133,RAM,PATRIOT,PATRIOT DDR5-6400 CL32 VIPER VENOM RGB 패키지,714340,,https://img.danuri.io/catalog-image/056/351/030/c83992f70ab3400db9698730f6953c0a.jpg?shrink=130:130&_v=20260917090101,https://prod.danawa.com/info/?pcode=30351056&cate=112752
134,RAM,PATRIOT,PATRIOT DDR5-5600 CL36 VIPER Elite 5 RGB,674910,,https://img.danuri.io/catalog-image/129/501/071/5073bbe8db4a4aa98fe0d8814225b8c0.jpg?shrink=130:130&_v=20260917095748,https://prod.danawa.com/info/?pcode=71501129&cate=112752
135,RAM,PATRIOT,PATRIOT DDR5-6400 CL32 VIPER Elite 5 패키지,684550,,https://img.danuri.io/catalog-image/202/466/075/f333255e3ae24622b1d493b146a50c66.jpg?shrink=130:130&_v=20260917095814,https://prod.danawa.com/info/?pcode=75466202&cate=112752
136,RAM,PATRIOT,PATRIOT DDR5-6400 CL32 VIPER VENOM 패키지,684550,,https://img.danuri.io/catalog-image/426/341/030/a48ad8b54504409dbf4bcccfed5f7c65.jpg?shrink=130:130&_v=20260917090041,https://prod.danawa.com/info/?pcode=30341426&cate=112752
137,RAM,PATRIOT,PATRIOT DDR5-6200 CL42 VIPER Elite 5 RGB 패키지,687910,,https://img.danuri.io/catalog-image/108/500/030/89caa679f98944a6bb6e991b0ea84b7a.jpg?shrink=130:130&_v=20260917080700,https://prod.danawa.com/info/?pcode=30500108&cate=112752
138,RAM,PATRIOT,PATRIOT DDR5-7200 CL34 VIPER VENOM RGB 패키지,973790,,https://img.danuri.io/catalog-image/218/351/030/7c9120e735ad4e07bd300deb719b665b.jpg?shrink=130:130&_v=20260917090002,https://prod.danawa.com/info/?pcode=30351218&cate=112752
139,RAM,PATRIOT,PATRIOT DDR5-7400 CL36 VIPER VENOM RGB 패키지,983440,,https://img.danuri.io/catalog-image/236/351/030/c1847c2997b74ecca095836fa28d3cdf.jpg?shrink=130:130&_v=20260917090033,https://prod.danawa.com/info/?pcode=30351236&cate=112752
140,RAM,PATRIOT,PATRIOT DDR5-7000 CL32 VIPER VENOM 패키지,944870,,https://img.danuri.io/catalog-image/504/341/030/dc246e2c0b794bd091b241e0b7ad7481.jpg?shrink=130:130&_v=20260917090049,https://prod.danawa.com/info/?pcode=30341504&cate=112752
141,RAM,PATRIOT,PATRIOT DDR5-6600 CL34 VIPER VENOM 패키지,839910,,https://img.danuri.io/catalog-image/480/341/030/afa16ac302214017bf222f1798bbc455.jpg?shrink=130:130&_v=20260917090055,https://prod.danawa.com/info/?pcode=30341480&cate=112752
142,RAM,PATRIOT,PATRIOT DDR5-6200 CL40 VIPER VENOM RGB 패키지,704950,,https://img.danuri.io/catalog-image/029/351/030/835e49413fe24bcda1f552aebb14f825.jpg?shrink=130:130&_v=20260917102719,https://prod.danawa.com/info/?pcode=30351029&cate=112752
143,RAM,PATRIOT,PATRIOT DDR5-7400 CL36 VIPER VENOM 패키지,964150,,https://img.danuri.io/catalog-image/525/341/030/c6673842038e4716a54bd2d67cd8fcc7.jpg?shrink=130:130&_v=20260917090010,https://prod.danawa.com/info/?pcode=30341525&cate=112752
144,RAM,PATRIOT,PATRIOT DDR5-7200 CL34 VIPER VENOM 패키지,954510,,https://img.danuri.io/catalog-image/510/341/030/128984777ea5457292e8200d0b2fbedd.jpg?shrink=130:130&_v=20260917085945,https://prod.danawa.com/info/?pcode=30341510&cate=112752
145,RAM,PATRIOT,PATRIOT DDR5-6800 CL34 VIPER VENOM 패키지,841540,,https://img.danuri.io/catalog-image/495/341/030/8019b082f6c443358f369dca4db0fcf0.jpg?shrink=130:130&_v=20260917090029,https://prod.danawa.com/info/?pcode=30341495&cate=112752
146,RAM,PATRIOT,PATRIOT DDR5-6600 CL34 VIPER VENOM RGB 패키지,838810,,https://img.danuri.io/catalog-image/077/351/030/386040fe2056412e8647a750f71b29f0.jpg?shrink=130:130&_v=20260917090050,https://prod.danawa.com/info/?pcode=30351077&cate=112752
147,RAM,PATRIOT,PATRIOT DDR5-6000 CL28 VIPER Elite 5 ULTRA 패키지,762960,,https://img.danuri.io/catalog-image/237/057/095/76df6174da2e4d16b1dc8c8cafbf473c.jpg?shrink=130:130&_v=20260917080534,https://prod.danawa.com/info/?pcode=95057237&cate=112752
148,RAM,PATRIOT,PATRIOT DDR5-7000 CL32 VIPER VENOM RGB 패키지,964140,,https://img.danuri.io/catalog-image/131/351/030/d271664a206441789d9840c7494f8952.jpg?shrink=130:130&_v=20260917090047,https://prod.danawa.com/info/?pcode=30351131&cate=112752
149,RAM,PATRIOT,PATRIOT DDR5-6200 CL40 VIPER VENOM 패키지,685330,,https://img.danuri.io/catalog-image/402/341/030/7aa552c41f524330936d4343be2cc429.jpg?shrink=130:130&_v=20260917090053,https://prod.danawa.com/info/?pcode=30341402&cate=112752
150,RAM,PATRIOT,PATRIOT DDR5-6800 CL34 VIPER VENOM RGB 패키지,858100,,https://img.danuri.io/catalog-image/110/351/030/b14eb0b6344c4e14b9c83e1ebd0c01ff.jpg?shrink=130:130&_v=20260917090056,https://prod.danawa.com/info/?pcode=30351110&cate=112752
151,RAM,PATRIOT,PATRIOT DDR5-6600 CL36 VIPER Elite 5 RGB 패키지,863240,,https://img.danuri.io/catalog-image/317/612/030/41efe17fcfd84fdd81683ca364ccfe46.jpg?shrink=130:130&_v=20260917080519,https://prod.danawa.com/info/?pcode=30612317&cate=112752
152,RAM,PATRIOT,PATRIOT DDR5-6000 CL28 VIPER Elite 5 ULTRA RGB 패키지,790600,,https://img.danuri.io/catalog-image/655/056/095/f93b4b876ace4698b600c24eded7ef51.jpg?shrink=130:130&_v=20260917080534,https://prod.danawa.com/info/?pcode=95056655&cate=112752
153,RAM,PATRIOT,PATRIOT DDR5-7000 CL38 VIPER Elite 5 RGB 패키지,999760,,https://img.danuri.io/catalog-image/216/500/030/fd53bff4e5ab4a12804e3a4f5b364301.jpg?shrink=130:130&_v=20260916202623,https://prod.danawa.com/info/?pcode=30500216&cate=112752
154,RAM,PATRIOT,PATRIOT DDR5-7000 CL32 VIPER Elite 5 RGB 패키지,979180,,https://img.danuri.io/catalog-image/885/501/071/10cd3e8de3f344cfa2ab4a768db35ede.jpg?shrink=130:130&_v=20260917080519,https://prod.danawa.com/info/?pcode=71501885&cate=112752
155,RAM,PATRIOT,PATRIOT DDR5-6000 CL36 VIPER VENOM RGB 패키지,709990,,https://img.danuri.io/catalog-image/996/350/030/35ec7bb4cfd44df69f07f745392afb1c.jpg?shrink=130:130&_v=20260916080502,https://prod.danawa.com/info/?pcode=30350996&cate=112752
156,RAM,PATRIOT,PATRIOT DDR5-6000 CL36 VIPER VENOM 패키지,690000,,https://img.danuri.io/catalog-image/372/341/030/de9ea121c93d43aa8e8b91f5ce59e669.jpg?shrink=130:130&_v=20260915080511,https://prod.danawa.com/info/?pcode=30341372&cate=112752
157,RAM,ESSENCORE,ESSENCORE KLEVV DDR5-5600 CL46 파인인포,668000,,https://img.danuri.io/catalog-image/391/913/027/585ad12bee4c45cb881774a9d227ef02.jpg?shrink=130:130&_v=20260917161248,https://prod.danawa.com/info/?pcode=27913391&cate=112752
158,RAM,ESSENCORE,ESSENCORE KLEVV DDR5-6000 CL30 CRAS V RGB WHITE 패키지 서린,905800,,https://img.danuri.io/catalog-image/077/076/032/b48e8547888841238f36c821e49ba56c.jpg?shrink=130:130&_v=20260917080535,https://prod.danawa.com/info/?pcode=32076077&cate=112752
159,RAM,ESSENCORE,ESSENCORE KLEVV DDR5-6000 CL30 FIT V WHITE 패키지 서린,758980,,https://img.danuri.io/catalog-image/716/188/091/850659e8414f475b9e59e050947efb50.jpg?shrink=130:130&_v=20260917080701,https://prod.danawa.com/info/?pcode=91188716&cate=112752
160,RAM,ESSENCORE,ESSENCORE KLEVV DDR5-6000 CL28 CRAS V RGB WHITE 패키지 서린,918980,,https://img.danuri.io/catalog-image/470/188/091/9949a36a3f98474d8b21ab2c2850e120.jpg?shrink=130:130&_v=20260917161400,https://prod.danawa.com/info/?pcode=91188470&cate=112752
161,RAM,ESSENCORE,ESSENCORE KLEVV DDR5-6000 CL30 URBANE V RGB 패키지 서린,888980,,https://img.danuri.io/catalog-image/681/587/072/86ab5a68e504487eac02a0481e6913ca.jpg?shrink=130:130&_v=20260917080441,https://prod.danawa.com/info/?pcode=72587681&cate=112752
162,RAM,ESSENCORE,ESSENCORE KLEVV DDR5-6000 CL30 BOLT V AMD 패키지 서린,765000,,https://img.danuri.io/catalog-image/574/000/079/95ff63e6f7014601a292d31e0e2026f6.jpg?shrink=130:130&_v=20260917172403,https://prod.danawa.com/info/?pcode=79000574&cate=112752
163,RAM,ESSENCORE,ESSENCORE KLEVV DDR5-6000 CL30 CRAS V RGB 패키지 서린,805730,,https://img.danuri.io/catalog-image/268/886/027/a391f71a8ad94663bc8ce3866bb4df68.jpg?shrink=130:130&_v=20260917215718,https://prod.danawa.com/info/?pcode=27886268&cate=112752
164,RAM,ESSENCORE,ESSENCORE KLEVV DDR5-6000 CL30 BOLT V 패키지 서린,819000,,https://img.danuri.io/catalog-image/470/894/027/e10c9fd675e6446dbfd879bbe8ffc0b7.jpeg?shrink=130:130&_v=20260917153238,https://prod.danawa.com/info/?pcode=27894470&cate=112752
165,RAM,ESSENCORE,ESSENCORE KLEVV DDR5-6400 CL32 BOLT V WHITE AMD 패키지 서린,779000,,https://img.danuri.io/catalog-image/770/538/123/f6b589ea4d494cebb94f766f78635b57.jpeg?shrink=130:130&_v=20260917112118,https://prod.danawa.com/info/?pcode=123538770&cate=112752
166,RAM,ESSENCORE,ESSENCORE KLEVV DDR5-6000 CL28 FIT V BLACK AMD 패키지 서린,738980,,https://img.danuri.io/catalog-image/610/437/123/e030be34f0ae46948382be87ee956721.jpeg?shrink=130:130&_v=20260917080701,https://prod.danawa.com/info/?pcode=123437610&cate=112752
167,RAM,ESSENCORE,ESSENCORE KLEVV DDR5-6000 CL28 URBANE V RGB 블랙 패키지 서린,849000,,https://img.danuri.io/catalog-image/755/692/100/ab6171769042450cbf077b253a3bbd1d.jpg?shrink=130:130&_v=20260917161404,https://prod.danawa.com/info/?pcode=100692755&cate=112752
168,RAM,ESSENCORE,ESSENCORE KLEVV DDR5-6000 CL30 URBANE V RGB 블랙 패키지 서린,839850,,https://img.danuri.io/catalog-image/833/692/100/baf6df5ca82f40d2951d77eae2a2642d.jpg?shrink=130:130&_v=20260917080519,https://prod.danawa.com/info/?pcode=100692833&cate=112752
169,RAM,ESSENCORE,ESSENCORE KLEVV DDR5-6000 CL28 FIT V WHITE AMD 패키지 서린,738980,,https://img.danuri.io/catalog-image/617/437/123/aee1922b51df40cbac4211bafa692d51.jpeg?shrink=130:130&_v=20260917080516,https://prod.danawa.com/info/?pcode=123437617&cate=112752
170,RAM,ESSENCORE,ESSENCORE KLEVV DDR5-6000 CL30 BOLT V WHITE AMD 패키지 서린,797430,,https://img.danuri.io/catalog-image/748/538/123/178b5e1657eb4127aafcef3ced817e39.jpeg?shrink=130:130&_v=20260917171148,https://prod.danawa.com/info/?pcode=123538748&cate=112752
171,RAM,ESSENCORE,ESSENCORE KLEVV DDR5-6000 CL30 FIT V 패키지 서린,759000,,https://img.danuri.io/catalog-image/656/188/091/14acb896c1ce4137b87fe34f73ed472d.jpeg?shrink=130:130&_v=20260917080519,https://prod.danawa.com/info/?pcode=91188656&cate=112752
172,RAM,ESSENCORE,ESSENCORE KLEVV DDR5-6000 CL28 CRAS V RGB 패키지 서린,879000,,https://img.danuri.io/catalog-image/443/188/091/2879d21d60fb4c2b8dd52cbd12cd53da.jpg?shrink=130:130&_v=20260917080519,https://prod.danawa.com/info/?pcode=91188443&cate=112752
173,RAM,ESSENCORE,ESSENCORE KLEVV DDR5-6000 CL28 URBANE V RGB 화이트 패키지 서린,888980,,https://img.danuri.io/catalog-image/737/692/100/3df1e0efd7984b3793927e3c7cbde70d.jpg?shrink=130:130&_v=20260917080534,https://prod.danawa.com/info/?pcode=100692737&cate=112752
174,RAM,ESSENCORE,ESSENCORE KLEVV DDR5-6000 CL30 CRAS V RGB WHITE AMD 패키지 서린,848100,,https://img.danuri.io/catalog-image/636/010/079/dd6866883ece4ff18bbe55ec02467f27.jpg?shrink=130:130&_v=20260917200348,https://prod.danawa.com/info/?pcode=79010636&cate=112752
175,RAM,ESSENCORE,ESSENCORE KLEVV DDR5-6000 CL30 BOLT V WHITE 패키지 서린,795200,,https://img.danuri.io/catalog-image/256/152/092/4f75e0c4e3c74380b3330ca2e0003e72.jpg?shrink=130:130&_v=20260917115653,https://prod.danawa.com/info/?pcode=92152256&cate=112752
176,RAM,ESSENCORE,ESSENCORE KLEVV DDR5-6400 CL32 CRAS V RGB WHITE 패키지 서린,919000,,https://img.danuri.io/catalog-image/993/075/032/ca6e95a9254b4d6eb9ef800b122bbd36.jpg?shrink=130:130&_v=20260917161658,https://prod.danawa.com/info/?pcode=32075993&cate=112752
177,RAM,ESSENCORE,ESSENCORE KLEVV DDR5-7200 CL34 CRAS V RGB 패키지 서린,922730,,https://img.danuri.io/catalog-image/676/886/027/90e2d992b14943d8b0e7416f455e54b0.jpg?shrink=130:130&_v=20260917080534,https://prod.danawa.com/info/?pcode=27886676&cate=112752
178,RAM,ESSENCORE,ESSENCORE KLEVV DDR5-6000 CL28 BOLT V WHITE 패키지 서린,801490,,https://img.danuri.io/catalog-image/350/188/091/40f55bbb314448e5a49faa549870809d.jpg?shrink=130:130&_v=20260917161358,https://prod.danawa.com/info/?pcode=91188350&cate=112752
179,RAM,ESSENCORE,ESSENCORE KLEVV DDR5-6400 CL32 CRAS V RGB WHITE AMD 패키지 서린,829000,,https://img.danuri.io/catalog-image/092/017/079/0c26e1fb14bf48d397833d8c26e27ef6.jpg?shrink=130:130&_v=20260917161623,https://prod.danawa.com/info/?pcode=79017092&cate=112752
180,RAM,ESSENCORE,ESSENCORE KLEVV DDR5-6400 CL32 URBANE V RGB 패키지 서린,886000,,https://img.danuri.io/catalog-image/687/587/072/97ad459f26264ad98fbc491c5534445e.jpg?shrink=130:130&_v=20260917141014,https://prod.danawa.com/info/?pcode=72587687&cate=112752
181,RAM,ESSENCORE,ESSENCORE KLEVV DDR5-6400 CL30 BOLT V 패키지 서린,878980,,https://img.danuri.io/catalog-image/016/805/093/2e929290c7d744c3becfe934949bbc3e.jpg?shrink=130:130&_v=20260917161359,https://prod.danawa.com/info/?pcode=93805016&cate=112752
182,RAM,ESSENCORE,ESSENCORE KLEVV DDR5-6400 CL30 BOLT V WHITE 패키지 서린,875490,,https://img.danuri.io/catalog-image/103/805/093/636d88ba47474e2c8bdd0f9fa4a97fdb.jpg?shrink=130:130&_v=20260917141249,https://prod.danawa.com/info/?pcode=93805103&cate=112752
183,RAM,ESSENCORE,ESSENCORE KLEVV DDR5-6400 CL32 CRAS V RGB 패키지 서린,836500,,https://img.danuri.io/catalog-image/454/886/027/d406cf891eda40b296476de8126992a6.jpg?shrink=130:130&_v=20260917222603,https://prod.danawa.com/info/?pcode=27886454&cate=112752
184,RAM,ESSENCORE,ESSENCORE KLEVV DDR5-7200 CL34 CRAS V RGB ROG 패키지 서린,789000,,https://img.danuri.io/catalog-image/690/376/064/b963f60cb5374e65a3c6e9d10610f21f.jpg?shrink=130:130&_v=20260917080519,https://prod.danawa.com/info/?pcode=64376690&cate=112752
185,RAM,ESSENCORE,ESSENCORE KLEVV DDR5-7200 CL34 CRAS V RGB White 패키지 서린,935480,,https://img.danuri.io/catalog-image/197/989/037/c04eeb13a6624d63b56518197bc51b02.jpg?shrink=130:130&_v=20260917080534,https://prod.danawa.com/info/?pcode=37989197&cate=112752
186,RAM,ESSENCORE,ESSENCORE KLEVV DDR5-6000 CL30 CRAS V RGB WHITE 패키지 중고,857000,,https://img.danuri.io/catalog-image/950/804/123/27db833b67124cf18a5e4fee283f04af.jpg?shrink=130:130&_v=20260917080701,https://prod.danawa.com/info/?pcode=123804950&cate=112752
187,RAM,G.SKILL,G.SKILL DDR5-6000 CL36 TRIDENT Z5 NEO RGB J 패키지,899000,,https://img.danuri.io/catalog-image/893/931/017/f0cd0dea3df54f579485f9846dd62be4.jpg?shrink=130:130&_v=20260917141134,https://prod.danawa.com/info/?pcode=17931893&cate=112752
188,RAM,G.SKILL,G.SKILL DDR5-6000 CL32 TRIDENT Z5 RGB J 화이트 패키지,899990,,https://img.danuri.io/catalog-image/061/541/051/f74b15a4ca454e1584b9961fd3c7dd26.jpg?shrink=130:130&_v=20260917222628,https://prod.danawa.com/info/?pcode=51541061&cate=112752
189,RAM,G.SKILL,G.SKILL DDR5-6400 CL32 TRIDENT Z5 RGB J 패키지,959000,,https://img.danuri.io/catalog-image/698/272/016/145e1325658a4be9a8e4bd3398bdd515.jpg?shrink=130:130&_v=20260917222648,https://prod.danawa.com/info/?pcode=16272698&cate=112752
190,RAM,G.SKILL,G.SKILL DDR5-6000 CL26 TRIDENT Z5 NeoX RGB for AMD ULL 매트블랙 패키지,2190000,,https://img.danuri.io/catalog-image/539/727/122/f60a8a38dec34ec1b60971de39ff849f.jpeg?shrink=130:130&_v=20260917080531,https://prod.danawa.com/info/?pcode=122727539&cate=112752
191,RAM,G.SKILL,G.SKILL DDR5-6000 CL30 RIPJAWS M5 RGB 블랙 패키지,1067690,,https://img.danuri.io/catalog-image/878/151/056/75fe85266cd4414d92c01ee359982e12.jpg?shrink=130:130&_v=20260917141133,https://prod.danawa.com/info/?pcode=56151878&cate=112752
192,RAM,G.SKILL,G.SKILL DDR5-6000 CL26 TRIDENT Z5 NeoX RGB for AMD ULL 글로시블랙 패키지,2190000,,https://img.danuri.io/catalog-image/537/727/122/189384b7638d4c8bbaf252901adc14a2.jpeg?shrink=130:130&_v=20260917080645,https://prod.danawa.com/info/?pcode=122727537&cate=112752
193,RAM,G.SKILL,G.SKILL DDR5-6000 CL36 TRIDENT Z5 RGB 화이트 패키지,829070,,https://img.danuri.io/catalog-image/443/639/021/4b1ea3a3b7bb43e68220816adcf23843.jpg?shrink=130:130&_v=20260917141223,https://prod.danawa.com/info/?pcode=21639443&cate=112752
194,RAM,G.SKILL,G.SKILL DDR5-6000 CL26 TRIDENT Z5 NeoX RGB for AMD ULL 매트화이트 패키지,2090000,,https://img.danuri.io/catalog-image/540/727/122/4d09999902d944c89de0c61c5da2e17f.jpeg?shrink=130:130&_v=20260917080534,https://prod.danawa.com/info/?pcode=122727540&cate=112752
195,RAM,G.SKILL,G.SKILL DDR5-5600 CL36 AEGIS 5,818990,,https://img.danuri.io/catalog-image/471/656/075/2134f73856f9476882b1e27c6ad2d2ee.jpg?shrink=130:130&_v=20260917080519,https://prod.danawa.com/info/?pcode=75656471&cate=112752
196,RAM,G.SKILL,G.SKILL DDR5-6000 CL30 TRIDENT Z5 NEO RGB J 화이트 패키지,1089990,,https://img.danuri.io/catalog-image/721/579/040/58b19a930b3a431fa81035e29707f213.jpg?shrink=130:130&_v=20260917080516,https://prod.danawa.com/info/?pcode=40579721&cate=112752
197,RAM,G.SKILL,G.SKILL DDR5-6000 CL36 TRIDENT Z5 RGB J 패키지,829000,,https://img.danuri.io/catalog-image/474/193/016/1fe4781a09774b76bf60d6f72311bd9f.jpg?shrink=130:130&_v=20260917080519,https://prod.danawa.com/info/?pcode=16193474&cate=112752
198,RAM,G.SKILL,G.SKILL DDR5-6000 CL30 TRIDENT Z5 NEO RGB J 패키지,1079990,,https://img.danuri.io/catalog-image/836/931/017/66dc663561ae4621b708bf09a1ec4f70.jpg?shrink=130:130&_v=20260917080519,https://prod.danawa.com/info/?pcode=17931836&cate=112752
199,RAM,G.SKILL,G.SKILL DDR5-6000 CL30 TRIDENT Z5 RGB J 패키지,919000,,https://img.danuri.io/catalog-image/946/873/016/165d54946b6a401bbe6aca932ecb063b.jpg?shrink=130:130&_v=20260917140803,https://prod.danawa.com/info/?pcode=16873946&cate=112752
200,RAM,G.SKILL,G.SKILL DDR5-6000 CL30 TRIDENT Z5 NeoX RGB for AMD ULL 매트화이트 패키지,1160000,,https://img.danuri.io/catalog-image/512/727/122/d268d9fd814e424d812acebf516bc587.jpeg?shrink=130:130&_v=20260917174933,https://prod.danawa.com/info/?pcode=122727512&cate=112752
201,RAM,G.SKILL,G.SKILL DDR5-6000 CL30 FLARE X5 J 패키지,1049990,,https://img.danuri.io/catalog-image/765/022/040/5b68b857d4bc4f3c821682028306320f.jpg?shrink=130:130&_v=20260917161958,https://prod.danawa.com/info/?pcode=40022765&cate=112752
202,RAM,G.SKILL,G.SKILL DDR5-6000 CL30 RIPJAWS M5 RGB 화이트 패키지,1069990,,https://img.danuri.io/catalog-image/998/151/056/909ef0a2c3704abda01d312aa42182b6.jpg?shrink=130:130&_v=20260917141024,https://prod.danawa.com/info/?pcode=56151998&cate=112752
203,RAM,G.SKILL,G.SKILL DDR5-6000 CL28 TRIDENT Z5 NeoX RGB for AMD ULL 매트블랙 패키지,1990000,,https://img.danuri.io/catalog-image/533/727/122/2a8064899cff4e7eb97086617ed34ee6.jpeg?shrink=130:130&_v=20260917080516,https://prod.danawa.com/info/?pcode=122727533&cate=112752
204,RAM,G.SKILL,G.SKILL DDR5-6000 CL28 TRIDENT Z5 NeoX RGB for AMD ULL 매트화이트 패키지,1990000,,https://img.danuri.io/catalog-image/534/727/122/e79d5d83b6f245ec89bee07b4e0dd1a6.jpeg?shrink=130:130&_v=20260917080519,https://prod.danawa.com/info/?pcode=122727534&cate=112752
205,RAM,G.SKILL,G.SKILL DDR5-6000 CL30 TRIDENT Z5 NeoX RGB for AMD ULL 매트블랙 패키지,1182000,,https://img.danuri.io/catalog-image/504/727/122/225f359f8b4e404fa8bfd931229e31de.jpeg?shrink=130:130&_v=20260917174953,https://prod.danawa.com/info/?pcode=122727504&cate=112752
206,RAM,G.SKILL,G.SKILL DDR5-6000 CL30 TRIDENT Z5 NeoX RGB for AMD ULL 글로시블랙 패키지,1180000,,https://img.danuri.io/catalog-image/495/727/122/f217af9bd46f4887a5e064b7e92a2fd8.jpeg?shrink=130:130&_v=20260917184908,https://prod.danawa.com/info/?pcode=122727495&cate=112752
207,RAM,G.SKILL,G.SKILL DDR5-6400 CL30 TRIDENT Z5 NEO RGB J 화이트 패키지,747120,,https://img.danuri.io/catalog-image/150/847/067/0975b2260895494fbfa3e3caa92bf3cd.jpg?shrink=130:130&_v=20260917141003,https://prod.danawa.com/info/?pcode=67847150&cate=112752
208,RAM,G.SKILL,G.SKILL DDR5-6000 CL30 TRIDENT Z5 NEO J 패키지,963120,,https://img.danuri.io/catalog-image/031/932/017/47e45d614cbb481fb8e0bbecaa85c0d7.jpg?shrink=130:130&_v=20260916080628,https://prod.danawa.com/info/?pcode=17932031&cate=112752
209,RAM,G.SKILL,G.SKILL DDR5-6000 CL28 TRIDENT Z5 NeoX RGB for AMD ULL 글로시블랙 패키지,1990000,,https://img.danuri.io/catalog-image/531/727/122/71e8f3a381a84e69aa3218e8f0cfb440.jpeg?shrink=130:130&_v=20260915080424,https://prod.danawa.com/info/?pcode=122727531&cate=112752
210,RAM,G.SKILL,G.SKILL DDR5-6000 CL36 TRIDENT Z5 NeoX RGB for AMD ULL 매트화이트 패키지,986000,,https://img.danuri.io/catalog-image/477/727/122/5ffb8b79a64b4cd385adaa2145942dee.jpeg?shrink=130:130&_v=20260917174954,https://prod.danawa.com/info/?pcode=122727477&cate=112752
211,RAM,G.SKILL,G.SKILL DDR5-5200 CL40 RIPJAWS S5 J 화이트 패키지,743300,,https://img.danuri.io/catalog-image/232/103/054/a3beb75ff8f44ced89068294e264ee13.jpg?shrink=130:130&_v=20260917222543,https://prod.danawa.com/info/?pcode=54103232&cate=112752
212,RAM,G.SKILL,G.SKILL DDR5-6000 CL36 RIPJAWS M5 RGB 화이트 패키지,847000,,https://img.danuri.io/catalog-image/667/218/071/c4a79d9c316a4a30a3a20d401d5b122f.jpg?shrink=130:130&_v=20260917140748,https://prod.danawa.com/info/?pcode=71218667&cate=112752
213,RAM,G.SKILL,G.SKILL DDR5-5200 CL40 RIPJAWS M5 RGB 블랙 패키지,738300,,https://img.danuri.io/catalog-image/461/151/056/a8883e80214f48dba3c06fea99b0fd35.jpg?shrink=130:130&_v=20260917222603,https://prod.danawa.com/info/?pcode=56151461&cate=112752
214,RAM,G.SKILL,G.SKILL DDR5-5200 CL40 RIPJAWS M5 RGB 화이트 패키지,729000,,https://img.danuri.io/catalog-image/521/151/056/c75bfd03d6614e7ab46be6817e8bc07b.jpg?shrink=130:130&_v=20260917141054,https://prod.danawa.com/info/?pcode=56151521&cate=112752
215,RAM,G.SKILL,G.SKILL DDR5-6000 CL36 RIPJAWS M5 NEO RGB 블랙 패키지,888990,,https://img.danuri.io/catalog-image/834/983/078/ecc3d697d0d744448defd7871520e1ec.jpg?shrink=130:130&_v=20260917125719,https://prod.danawa.com/info/?pcode=78983834&cate=112752
216,RAM,G.SKILL,G.SKILL DDR5-5200 CL40 RIPJAWS S5 J 블랙 패키지,729000,,https://img.danuri.io/catalog-image/109/103/054/0e592a25e8c64306900de1fad4ca6af5.jpg?shrink=130:130&_v=20260917201749,https://prod.danawa.com/info/?pcode=54103109&cate=112752
217,RAM,TeamGroup,TeamGroup DDR5-5600 CL46 Elite 서린,689310,,https://img.danuri.io/catalog-image/627/545/027/77772ac03a1940afa24513d618d32ec8.jpg?shrink=130:130&_v=20260917172703,https://prod.danawa.com/info/?pcode=27545627&cate=112752
218,RAM,TeamGroup,TeamGroup T-CREATE DDR5-6000 CL30 EXPERT 패키지 서린,794350,,https://img.danuri.io/catalog-image/438/546/020/e31131043ad7473fada9af68d1a21df2.jpg?shrink=130:130&_v=20260917080534,https://prod.danawa.com/info/?pcode=20546438&cate=112752
219,RAM,TeamGroup,TeamGroup T-Force DDR5-6000 CL30 Delta RGB 화이트 패키지,807970,,https://img.danuri.io/catalog-image/029/135/018/c20bd359d94f45139738ee638b0262e1.jpg?shrink=130:130&_v=20260917140859,https://prod.danawa.com/info/?pcode=18135029&cate=112752
220,RAM,TeamGroup,TeamGroup T-Force DDR5-6000 CL38 Delta RGB 화이트 패키지 서린,783990,,https://img.danuri.io/catalog-image/341/443/016/1b107d7d17b641de80c984243431d304.jpg?shrink=130:130&_v=20260917080516,https://prod.danawa.com/info/?pcode=16443341&cate=112752
221,RAM,TeamGroup,TeamGroup T-Force DDR5-6000 CL30 Delta RGB 패키지,810000,,https://img.danuri.io/catalog-image/999/134/018/8c880cf3491e4211818f219b3d5bc860.jpg?shrink=130:130&_v=20260917080519,https://prod.danawa.com/info/?pcode=18134999&cate=112752
222,RAM,TeamGroup,TeamGroup T-CREATE DDR5-6000 CL30 EXPERT 화이트 패키지 서린,798980,,https://img.danuri.io/catalog-image/684/546/020/89a26dfc240d43f59b19cc1bcf0d6484.jpg?shrink=130:130&_v=20260917141008,https://prod.danawa.com/info/?pcode=20546684&cate=112752
223,RAM,TeamGroup,TeamGroup T-CREATE DDR5-5600 CL46 CLASSIC 패키지 서린,765980,,https://img.danuri.io/catalog-image/122/566/019/5207d963463047efb7c6a5116a8c88c3.jpg?shrink=130:130&_v=20260917141124,https://prod.danawa.com/info/?pcode=19566122&cate=112752
224,RAM,TeamGroup,TeamGroup T-Force DDR5-6000 CL38 Delta RGB 패키지 서린,784000,,https://img.danuri.io/catalog-image/945/034/016/22e156ca90f94561b0fb59199fac2e41.jpg?shrink=130:130&_v=20260917080534,https://prod.danawa.com/info/?pcode=16034945&cate=112752
225,RAM,TeamGroup,TeamGroup DDR5-4800 CL40 Elite 서린,610400,,https://img.danuri.io/catalog-image/647/535/017/7d17c286332f4d9bb6c10c608d27c24a.jpg?shrink=130:130&_v=20260917080519,https://prod.danawa.com/info/?pcode=17535647&cate=112752
226,RAM,TeamGroup,TeamGroup T-Force DDR5-7200 CL34 Delta RGB 패키지,762160,,https://img.danuri.io/catalog-image/167/135/018/384274176b734e6f91e6188b323baf5c.jpg?shrink=130:130&_v=20260917141058,https://prod.danawa.com/info/?pcode=18135167&cate=112752
227,RAM,TeamGroup,TeamGroup T-CREATE DDR5-6000 CL48 CLASSIC 패키지 서린,729280,,https://img.danuri.io/catalog-image/433/567/019/1fd0c5f6ca5344b2912eba6a70e6572d.jpg?shrink=130:130&_v=20260917080645,https://prod.danawa.com/info/?pcode=19567433&cate=112752
228,RAM,TeamGroup,TeamGroup T-Force DDR5-6000 CL28 Delta RGB 화이트 패키지 서린,917980,,https://img.danuri.io/catalog-image/892/341/074/18012ebc6d4b4730a50d3b389eb4565c.jpg?shrink=130:130&_v=20260917141004,https://prod.danawa.com/info/?pcode=74341892&cate=112752
229,RAM,TeamGroup,TeamGroup T-Force DDR5-6000 CL28 Delta RGB 블랙 패키지 서린,917980,,https://img.danuri.io/catalog-image/889/341/074/2b931131ade34b64b08e685a7225cc74.jpg?shrink=130:130&_v=20260917141023,https://prod.danawa.com/info/?pcode=74341889&cate=112752
230,RAM,TeamGroup,TeamGroup DDR5-5600 CL46 Elite Plus 블랙 서린,729980,,https://img.danuri.io/catalog-image/675/545/027/5586a8b0947c4e6db85e7aa2ddb0c335.jpg?shrink=130:130&_v=20260917080645,https://prod.danawa.com/info/?pcode=27545675&cate=112752
231,RAM,TeamGroup,TeamGroup T-Force DDR5-7200 CL34 Delta RGB 화이트 패키지,762160,,https://img.danuri.io/catalog-image/173/135/018/4f5f9d5a9a8b466c93cab7246d8abf50.jpg?shrink=130:130&_v=20260916221708,https://prod.danawa.com/info/?pcode=18135173&cate=112752
232,RAM,TeamGroup,TeamGroup T-Force DDR5-5600 CL40 Delta RGB 블랙 패키지,750000,,https://img.danuri.io/catalog-image/101/199/124/ec7393dea9fb4247bb218d56dd298cb2.jpeg?shrink=130:130&_v=20260917115154,https://prod.danawa.com/info/?pcode=124199101&cate=112752
233,RAM,TeamGroup,TeamGroup T-Force DDR5-5600 CL40 Delta RGB 화이트 패키지,750000,,https://img.danuri.io/catalog-image/132/199/124/d09d50e6d2684c3e8f1fb1577182012e.jpeg?shrink=130:130&_v=20260917115202,https://prod.danawa.com/info/?pcode=124199132&cate=112752
234,RAM,TeamGroup,TeamGroup T-Force DDR5-6000 CL38 Vulcan Black 패키지 서린,740000,,https://img.danuri.io/catalog-image/178/613/018/90f1929fcf0e41e0b360e682bacd1f3a.jpg?shrink=130:130&_v=20260917130703,https://prod.danawa.com/info/?pcode=18613178&cate=112752
235,RAM,TeamGroup,TeamGroup T-Force DDR5-6400 CL32 XTREEM ARGB 패키지 서린,870000,,https://img.danuri.io/catalog-image/646/693/067/42e9971359f84504a2998300c2fb29c4.jpg?shrink=130:130&_v=20260916080502,https://prod.danawa.com/info/?pcode=67693646&cate=112752
236,RAM,TeamGroup,TeamGroup T-Force DDR5-6400 CL40 Delta RGB 패키지 서린,761300,,https://img.danuri.io/catalog-image/029/035/016/888afdecb3c145329ed67821771b0c49.jpg?shrink=130:130&_v=20260917080531,https://prod.danawa.com/info/?pcode=16035029&cate=112752
237,RAM,TeamGroup,TeamGroup T-CREATE DDR5-6000 CL30 EXPERT 패키지 서린,799000,,https://img.danuri.io/catalog-image/500/699/110/a1a1c2576f9b4acfbe110f4624a5b8d6.jpg?shrink=130:130&_v=20260917080441,https://prod.danawa.com/info/?pcode=110699500&cate=112752
238,RAM,TeamGroup,TeamGroup DDR5-5600 CL46 Elite Plus 블랙,730000,,https://img.danuri.io/catalog-image/821/421/074/e0db32bf3f074ee487b5f7af52ece84c.jpg?shrink=130:130&_v=20260917091724,https://prod.danawa.com/info/?pcode=74421821&cate=112752
239,RAM,TeamGroup,TeamGroup T-Force DDR5-6000 CL38 Delta RGB 화이트 패키지,784000,,https://img.danuri.io/catalog-image/009/483/029/32b8b73a194644659460c86eaa71405d.jpg?shrink=130:130&_v=20260917174953,https://prod.danawa.com/info/?pcode=29483009&cate=112752
240,RAM,TeamGroup,TeamGroup DDR5-5600 CL46 Elite,722500,,https://img.danuri.io/catalog-image/851/333/030/8e811ca45ab8408488d64c18e0c3875a.jpg?shrink=130:130&_v=20260916080645,https://prod.danawa.com/info/?pcode=30333851&cate=112752
241,RAM,PATRIOT,PATRIOT DDR5-6400 CL32 VIPER VENOM 패키지,1300000,,https://img.danuri.io/catalog-image/450/341/030/5cb8732692fc4358a75399d54addf0fb.jpg?shrink=130:130&_v=20260917080519,https://prod.danawa.com/info/?pcode=30341450&cate=112752
242,RAM,ESSENCORE,ESSENCORE KLEVV DDR5-6000 CL30 CRAS V RGB WHITE 패키지 서린,1849800,,https://img.danuri.io/catalog-image/017/989/037/f27eeb35ae58402082e0c5f9904d1391.jpg?shrink=130:130&_v=20260917220618,https://prod.danawa.com/info/?pcode=37989017&cate=112752
243,RAM,ESSENCORE,ESSENCORE KLEVV DDR5-6000 CL30 CRAS V RGB 패키지 서린,1850000,,https://img.danuri.io/catalog-image/663/002/030/fb841e6a626048808f04a1e2484a5372.jpg?shrink=130:130&_v=20260917080645,https://prod.danawa.com/info/?pcode=30002663&cate=112752
244,RAM,ESSENCORE,ESSENCORE KLEVV DDR5-6400 CL32 CRAS V RGB WHITE 패키지 서린,1850000,,https://img.danuri.io/catalog-image/125/989/037/3f100208f0594f32a1c6625b32a95576.jpg?shrink=130:130&_v=20260917080700,https://prod.danawa.com/info/?pcode=37989125&cate=112752
245,RAM,G.SKILL,G.SKILL DDR5-6000 CL30 TRIDENT Z5 RGB 화이트 패키지,2190000,,https://img.danuri.io/catalog-image/437/639/021/992f9863a9e04283a9ec34b838f9d2bf.jpg?shrink=130:130&_v=20260917161523,https://prod.danawa.com/info/?pcode=21639437&cate=112752
246,RAM,G.SKILL,G.SKILL DDR5-6000 CL32 TRIDENT Z5 NEO RGB J 패키지,1989990,,https://img.danuri.io/catalog-image/958/610/018/8d6ec69bbce347658b986e9d509a60ab.jpg?shrink=130:130&_v=20260917080519,https://prod.danawa.com/info/?pcode=18610958&cate=112752
247,RAM,G.SKILL,G.SKILL DDR5-6400 CL32 TRIDENT Z5 RGB J 패키지,2144990,,https://img.danuri.io/catalog-image/602/036/018/d0aba40f97be4219b3c083f057e362d3.jpg?shrink=130:130&_v=20260917080516,https://prod.danawa.com/info/?pcode=18036602&cate=112752
248,RAM,G.SKILL,G.SKILL DDR5-6000 CL36 TRIDENT Z5 NEO RGB J 패키지,1775000,,https://img.danuri.io/catalog-image/664/913/072/ba522862398c43b18729b9ff770d723d.jpg?shrink=130:130&_v=20260917080519,https://prod.danawa.com/info/?pcode=72913664&cate=112752
249,RAM,G.SKILL,G.SKILL DDR5-6000 CL30 TRIDENT Z5 NEO RGB J 패키지,2190000,,https://img.danuri.io/catalog-image/260/572/040/e4aae1eaac3e4847bfc259cf7115af7f.jpg?shrink=130:130&_v=20260917201348,https://prod.danawa.com/info/?pcode=40572260&cate=112752
250,RAM,G.SKILL,G.SKILL DDR5-6000 CL30 RIPJAWS M5 RGB 블랙 패키지,2180000,,https://img.danuri.io/catalog-image/800/151/056/bcb8a589d4784adc9cf61b0d7eec958e.jpg?shrink=130:130&_v=20260917161958,https://prod.danawa.com/info/?pcode=56151800&cate=112752
251,RAM,G.SKILL,G.SKILL DDR5-6000 CL36 FLARE X5 J 화이트 패키지,1653050,,https://img.danuri.io/catalog-image/568/913/072/95411ae2e2444ce893f57d71df618a1f.jpg?shrink=130:130&_v=20260917080519,https://prod.danawa.com/info/?pcode=72913568&cate=112752
252,RAM,G.SKILL,G.SKILL DDR5-6000 CL36 TRIDENT Z5 NEO RGB J 화이트 패키지,1789990,,https://img.danuri.io/catalog-image/682/913/072/c487d9addd20430b8c0cd1985e14e1e3.jpg?shrink=130:130&_v=20260917080531,https://prod.danawa.com/info/?pcode=72913682&cate=112752
253,RAM,G.SKILL,G.SKILL DDR5-6000 CL30 TRIDENT Z5 RGB J 패키지,2190000,,https://img.danuri.io/catalog-image/209/001/017/241b9db0fbac424b814116562d79421b.jpg?shrink=130:130&_v=20260917141254,https://prod.danawa.com/info/?pcode=17001209&cate=112752
254,RAM,G.SKILL,G.SKILL DDR5-5200 CL40 RIPJAWS M5 RGB 화이트 패키지,1572290,,https://img.danuri.io/catalog-image/509/151/056/24dd45c8354d4308a11b7bd0c5a14aa5.jpg?shrink=130:130&_v=20260917222643,https://prod.danawa.com/info/?pcode=56151509&cate=112752
255,RAM,G.SKILL,G.SKILL DDR5-6000 CL36 RIPJAWS M5 NEO RGB 화이트 패키지,1689990,,https://img.danuri.io/catalog-image/613/913/072/451caedc86614b26b262fcaa02e69099.jpg?shrink=130:130&_v=20260917080519,https://prod.danawa.com/info/?pcode=72913613&cate=112752
256,RAM,G.SKILL,G.SKILL DDR5-6000 CL30 FLARE X5 J 패키지,2089990,,https://img.danuri.io/catalog-image/774/022/040/1fe0782a1d0e4299a9ca28baa27f9396.jpg?shrink=130:130&_v=20260917161958,https://prod.danawa.com/info/?pcode=40022774&cate=112752
257,RAM,G.SKILL,G.SKILL DDR5-6000 CL36 FLARE X5 J 패키지,1679990,,https://img.danuri.io/catalog-image/559/913/072/7e47478d8a084fe78f324ece401b179d.jpg?shrink=130:130&_v=20260917080531,https://prod.danawa.com/info/?pcode=72913559&cate=112752
258,RAM,G.SKILL,G.SKILL DDR5-5200 CL40 RIPJAWS S5 J 블랙 패키지,1539990,,https://img.danuri.io/catalog-image/163/103/054/f8bc17fe84554e8d8ac1979ad4e0f939.jpg?shrink=130:130&_v=20260917080519,https://prod.danawa.com/info/?pcode=54103163&cate=112752
259,RAM,G.SKILL,G.SKILL DDR5-6400 CL32 RIPJAWS M5 RGB 블랙 패키지,2037190,,https://img.danuri.io/catalog-image/055/152/056/e5aaf3e03301416c8fffd785082f0f7a.jpg?shrink=130:130&_v=20260917080534,https://prod.danawa.com/info/?pcode=56152055&cate=112752
260,RAM,G.SKILL,G.SKILL DDR5-6000 CL32 TRIDENT Z5 NEO RGB J 화이트 패키지,1887990,,https://img.danuri.io/catalog-image/544/385/093/3623f0074bb24eec8ad5a2d526973210.jpg?shrink=130:130&_v=20260917222608,https://prod.danawa.com/info/?pcode=93385544&cate=112752
261,RAM,G.SKILL,G.SKILL DDR5-5200 CL40 RIPJAWS M5 RGB 블랙 패키지,1590000,,https://img.danuri.io/catalog-image/416/151/056/586d132a3f8449c78d75073ca39c7864.jpg?shrink=130:130&_v=20260917161958,https://prod.danawa.com/info/?pcode=56151416&cate=112752
262,RAM,G.SKILL,G.SKILL DDR5-6000 CL30 RIPJAWS M5 NEO RGB 화이트 패키지,2190000,,https://img.danuri.io/catalog-image/526/724/075/ff6c18376baa43dab50e6163f30cbd96.jpg?shrink=130:130&_v=20260917140828,https://prod.danawa.com/info/?pcode=75724526&cate=112752
263,RAM,G.SKILL,G.SKILL DDR5-6000 CL36 RIPJAWS M5 NEO RGB 블랙 패키지,1689990,,https://img.danuri.io/catalog-image/592/913/072/847d50de09e74aec9033b40fe53d1122.jpg?shrink=130:130&_v=20260917110718,https://prod.danawa.com/info/?pcode=72913592&cate=112752
264,RAM,G.SKILL,G.SKILL DDR5-6400 CL32 RIPJAWS M5 RGB 화이트 패키지,2042690,,https://img.danuri.io/catalog-image/124/152/056/c2db1dbdb02449a8a007bfaf3b8754bf.jpg?shrink=130:130&_v=20260916080519,https://prod.danawa.com/info/?pcode=56152124&cate=112752
265,RAM,G.SKILL,G.SKILL DDR5-6000 CL30 TRIDENT Z5 J 패키지,2100000,,https://img.danuri.io/catalog-image/326/139/017/6d4505210aae418abf528f758cd9442d.jpg?shrink=130:130&_v=20260917141029,https://prod.danawa.com/info/?pcode=17139326&cate=112752
266,RAM,G.SKILL,G.SKILL DDR5-6000 CL30 RIPJAWS M5 RGB 화이트 패키지,2126360,,https://img.danuri.io/catalog-image/980/151/056/ad5c12eded0646a88c8d7fc45acae4a0.jpg?shrink=130:130&_v=20260917141049,https://prod.danawa.com/info/?pcode=56151980&cate=112752
267,RAM,G.SKILL,G.SKILL DDR5-6000 CL30 RIPJAWS S5 J 블랙 패키지,2036460,,https://img.danuri.io/catalog-image/666/000/017/03fedb4aa35e47d99042fa8abed2c552.jpg?shrink=130:130&_v=20260917080535,https://prod.danawa.com/info/?pcode=17000666&cate=112752
268,RAM,G.SKILL,G.SKILL DDR5-6000 CL30 RIPJAWS S5 J 화이트 패키지,2090000,,https://img.danuri.io/catalog-image/741/000/017/b978c0a0f0e34d8a9d1964ac039a9565.jpg?shrink=130:130&_v=20260916080502,https://prod.danawa.com/info/?pcode=17000741&cate=112752
269,RAM,G.SKILL,G.SKILL DDR5-6000 CL30 TRIDENT Z5 NEO J 패키지,2100000,,https://img.danuri.io/catalog-image/801/559/040/21a6dd64db424340ac082f96205ad02d.jpg?shrink=130:130&_v=20260917141124,https://prod.danawa.com/info/?pcode=40559801&cate=112752
270,RAM,G.SKILL,G.SKILL DDR5-6400 CL32 TRIDENT Z5 RGB 화이트 패키지,1790000,,https://img.danuri.io/catalog-image/455/639/021/1ee46552950944af8483fd774230a09a.jpg?shrink=130:130&_v=20260917080519,https://prod.danawa.com/info/?pcode=21639455&cate=112752
271,RAM,G.SKILL,G.SKILL DDR5-6000 CL28 FLARE X5 J 화이트 패키지,1979990,,https://img.danuri.io/catalog-image/726/656/075/86a0832f310b48c1aac35d9ced32bf01.jpg?shrink=130:130&_v=20260917080519,https://prod.danawa.com/info/?pcode=75656726&cate=112752
272,RAM,G.SKILL,G.SKILL DDR5-6000 CL28 RIPJAWS M5 NEO RGB 블랙 패키지,1680000,,https://img.danuri.io/catalog-image/346/724/075/307a699d788643fc897b739b935805a1.jpg?shrink=130:130&_v=20260917080534,https://prod.danawa.com/info/?pcode=75724346&cate=112752
273,RAM,G.SKILL,G.SKILL DDR5-6000 CL30 RIPJAWS M5 NEO RGB 블랙 패키지,2190000,,https://img.danuri.io/catalog-image/439/724/075/41cdce81063443c8875321d2ba741245.jpg?shrink=130:130&_v=20260916080407,https://prod.danawa.com/info/?pcode=75724439&cate=112752
274,RAM,G.SKILL,G.SKILL DDR5-6000 CL28 FLARE X5 J 패키지,1906190,,https://img.danuri.io/catalog-image/702/656/075/0ab62e05e6fc4884b3809f3dc81edf76.jpg?shrink=130:130&_v=20260917080531,https://prod.danawa.com/info/?pcode=75656702&cate=112752
275,RAM,TeamGroup,TeamGroup T-CREATE DDR5-5600 CL46 CLASSIC 패키지 서린,1420590,,https://img.danuri.io/catalog-image/335/566/019/ae126aebb87c46e598629ea77740a62e.jpg?shrink=130:130&_v=20260917222628,https://prod.danawa.com/info/?pcode=19566335&cate=112752
276,RAM,TeamGroup,TeamGroup T-CREATE DDR5-6000 CL34 EXPERT 화이트 패키지 서린,1600000,,https://img.danuri.io/catalog-image/735/546/020/990c41321f6e479a9a771696411aeeb3.jpg?shrink=130:130&_v=20260917080534,https://prod.danawa.com/info/?pcode=20546735&cate=112752
277,RAM,TeamGroup,TeamGroup T-CREATE DDR5-6400 CL34 EXPERT 화이트 패키지 서린,1650500,,https://img.danuri.io/catalog-image/080/547/020/875f1ca68e644c008bf8fae6b228a79e.jpg?shrink=130:130&_v=20260917140818,https://prod.danawa.com/info/?pcode=20547080&cate=112752
278,RAM,TeamGroup,TeamGroup T-CREATE DDR5-6000 CL48 CLASSIC 패키지 서린,1477350,,https://img.danuri.io/catalog-image/628/567/019/ec848d39977e44d1944a4d3f769ff45f.jpg?shrink=130:130&_v=20260917080645,https://prod.danawa.com/info/?pcode=19567628&cate=112752
279,RAM,TeamGroup,TeamGroup T-Force DDR5-6000 CL38 Delta RGB 패키지 서린,1559980,,https://img.danuri.io/catalog-image/994/552/019/f8c2e6dc04534c298494221405ba6e6c.jpg?shrink=130:130&_v=20260917080519,https://prod.danawa.com/info/?pcode=19552994&cate=112752
280,RAM,TeamGroup,TeamGroup T-CREATE DDR5-6000 CL34 EXPERT 패키지 서린,1581310,,https://img.danuri.io/catalog-image/788/566/019/ff0bcc73c50d47799e5135b85cd03173.jpg?shrink=130:130&_v=20260917160348,https://prod.danawa.com/info/?pcode=19566788&cate=112752
281,RAM,TeamGroup,TeamGroup T-Force DDR5-5600 CL36 Delta RGB 패키지 서린,1520000,,https://img.danuri.io/catalog-image/202/552/019/8237a7fa46a54444b6c0fd7bd1a5502e.jpg?shrink=130:130&_v=20260917080535,https://prod.danawa.com/info/?pcode=19552202&cate=112752
282,RAM,TeamGroup,TeamGroup T-CREATE DDR5-6400 CL34 EXPERT 패키지 서린,1669800,,https://img.danuri.io/catalog-image/934/567/019/8d374d5d6d7b45cca00f6e4b25d400fd.jpg?shrink=130:130&_v=20260917140844,https://prod.danawa.com/info/?pcode=19567934&cate=112752
283,RAM,TeamGroup,TeamGroup T-Force DDR5-5600 CL36 Delta RGB 화이트 패키지 서린,1520000,,https://img.danuri.io/catalog-image/541/552/019/87ff799a6f8d4317999951d9996e045b.jpg?shrink=130:130&_v=20260917080531,https://prod.danawa.com/info/?pcode=19552541&cate=112752
284,RAM,TeamGroup,TeamGroup T-Force DDR5-6000 CL38 Delta RGB 화이트 패키지 서린,1559980,,https://img.danuri.io/catalog-image/282/553/019/913ec489ed7f4404a63d8fe327c8810a.jpg?shrink=130:130&_v=20260917080534,https://prod.danawa.com/info/?pcode=19553282&cate=112752
285,CPU,인텔,인텔 코어i5-10세대 10400F (코멧레이크S),173380,,https://img.danuri.io/catalog-image/973/489/011/4496cebe45ad43d39e0b4d680efa0d4e.jpg?shrink=130:130&_v=20260917165724,https://prod.danawa.com/info/?pcode=11489973&cate=112747
286,CPU,인텔,인텔 코어i5-10세대 10500 (코멧레이크S),189590,,https://img.danuri.io/catalog-image/766/480/011/3197cc90719d434cb69e1821faa1860b.jpg?shrink=130:130&_v=20260917170159,https://prod.danawa.com/info/?pcode=11480766&cate=112747
287,CPU,인텔,인텔 코어i7-10세대 10700F (코멧레이크S),279810,,https://img.danuri.io/catalog-image/861/824/011/33a6a03270dd4b5088aaf95081ca950c.jpg?shrink=130:130&_v=20260917170338,https://prod.danawa.com/info/?pcode=11824861&cate=112747
288,CPU,인텔,인텔 코어i7-10세대 10700 (코멧레이크S),272980,,https://img.danuri.io/catalog-image/624/481/011/9d538d80ba414d9cb36e38744bdb10ef.jpg?shrink=130:130&_v=20260917194953,https://prod.danawa.com/info/?pcode=11481624&cate=112747
289,CPU,인텔,인텔 코어i3-10세대 10100F (코멧레이크S),102000,,https://img.danuri.io/catalog-image/424/487/012/a2e70a0fcc574c2ab093ce4e60b962d6.jpg?shrink=130:130&_v=20260917080519,https://prod.danawa.com/info/?pcode=12487424&cate=112747
290,CPU,인텔,인텔 코어i5-10세대 10400 (코멧레이크S),179490,,https://img.danuri.io/catalog-image/010/480/011/2ac1d9e39dad41cfa7a29c20c1bf7160.jpg?shrink=130:130&_v=20260917200259,https://prod.danawa.com/info/?pcode=11480010&cate=112747
291,CPU,인텔,인텔 코어i3-10세대 10105F (코멧레이크S 리프레시),110000,,https://img.danuri.io/catalog-image/334/753/013/0f8c702cb0db4c8fa165d2cfa5f6c634.jpg?shrink=130:130&_v=20260917170139,https://prod.danawa.com/info/?pcode=13753334&cate=112747
292,CPU,인텔,인텔 코어i5-10세대 10600K (코멧레이크S),209200,,https://img.danuri.io/catalog-image/858/481/011/d9a00718a08a424b8767fe8382ea93c9.jpg?shrink=130:130&_v=20260917140904,https://prod.danawa.com/info/?pcode=11481858&cate=112747
293,CPU,인텔,인텔 코어i9-10세대 10900 (코멧레이크S),716000,,https://img.danuri.io/catalog-image/941/870/011/8e84ff2554254ae2932a0da94f321649.jpg?shrink=130:130&_v=20260917141259,https://prod.danawa.com/info/?pcode=11870941&cate=112747
294,CPU,인텔,인텔 코어i9-10세대 10900K (코멧레이크S),563990,,https://img.danuri.io/catalog-image/857/309/012/b56236ade3bc4b4d975bed6bec8c2fbe.jpg?shrink=130:130&_v=20260917200533,https://prod.danawa.com/info/?pcode=12309857&cate=112747
295,CPU,인텔,인텔 코어i7-10세대 10700KF (코멧레이크S),280900,,https://img.danuri.io/catalog-image/075/110/012/63beb43276e54effb1a55052829151b2.jpg?shrink=130:130&_v=20260917170238,https://prod.danawa.com/info/?pcode=12110075&cate=112747
296,CPU,인텔,인텔 코어i7-10세대 10700K (코멧레이크S),440040,,https://img.danuri.io/catalog-image/776/479/011/4f2838a712ce4a1d88b1ac1b0ca36cc5.jpg?shrink=130:130&_v=20260917170258,https://prod.danawa.com/info/?pcode=11479776&cate=112747
297,CPU,인텔,인텔 코어i3-10세대 10100 (코멧레이크S),159890,,https://img.danuri.io/catalog-image/511/480/011/409d7a704fe347d9bf61aaeb73c5b0a8.jpg?shrink=130:130&_v=20260916080502,https://prod.danawa.com/info/?pcode=11480511&cate=112747
298,CPU,인텔,인텔 코어i3-10세대 10105 (코멧레이크S 리프레시),154560,,https://img.danuri.io/catalog-image/386/409/014/d707ee0ab97d4f33ba96fc5f4427859c.jpg?shrink=130:130&_v=20260917080534,https://prod.danawa.com/info/?pcode=14409386&cate=112747
299,CPU,인텔,인텔 코어i5-10세대 10600KF (코멧레이크S),169710,,https://img.danuri.io/catalog-image/750/110/012/90d917c43dc34a70aa0ea7456e810330.jpg?shrink=130:130&_v=20260917080701,https://prod.danawa.com/info/?pcode=12110750&cate=112747
300,CPU,인텔,인텔 코어i9-10세대 10900F (코멧레이크S),630000,,https://img.danuri.io/catalog-image/936/824/011/e683c8e826ce4572b4cfa92dea60655c.jpg?shrink=130:130&_v=20260917080516,https://prod.danawa.com/info/?pcode=11824936&cate=112747
301,CPU,인텔,인텔 코어i9-10세대 10850K (코멧레이크S),1699940,,https://img.danuri.io/catalog-image/624/872/012/f88391321c664c0895954a4ccf8ec1fb.jpg?shrink=130:130&_v=20260916080502,https://prod.danawa.com/info/?pcode=12872624&cate=112747
302,CPU,인텔,인텔 코어i9-10세대 10900KF (코멧레이크S),765600,,https://img.danuri.io/catalog-image/717/338/012/54d6199a1b8c4b359a197f2a0b1aa813.jpg?shrink=130:130&_v=20260913080401,https://prod.danawa.com/info/?pcode=12338717&cate=112747
303,CPU,인텔,인텔 코어i7-11세대 11700 (로켓레이크S),273980,,https://img.danuri.io/catalog-image/665/824/013/2860ebe31a6e40ae89cb3c2ceb67815b.jpg?shrink=130:130&_v=20260917080534,https://prod.danawa.com/info/?pcode=13824665&cate=112747
304,CPU,인텔,인텔 코어i5-11세대 11400 (로켓레이크S),216600,,https://img.danuri.io/catalog-image/185/809/013/da22181f143349b5b77ab7d3a450aa3d.jpg?shrink=130:130&_v=20260917202748,https://prod.danawa.com/info/?pcode=13809185&cate=112747
305,CPU,인텔,인텔 코어i5-11세대 11500 (로켓레이크S),221610,,https://img.danuri.io/catalog-image/269/809/013/dac4ccd485ef43e5afeee926ec825099.jpg?shrink=130:130&_v=20260917170408,https://prod.danawa.com/info/?pcode=13809269&cate=112747
306,CPU,인텔,인텔 코어i5-11세대 11400F (로켓레이크S),151100,,https://img.danuri.io/catalog-image/422/824/013/930c98b1cfdf4b879e270957faccf930.jpg?shrink=130:130&_v=20260917080534,https://prod.danawa.com/info/?pcode=13824422&cate=112747
307,CPU,인텔,인텔 코어i7-11세대 11700K (로켓레이크S),373290,,https://img.danuri.io/catalog-image/974/824/013/f0099ef76c2140e29bf64afa3537948d.jpg?shrink=130:130&_v=20260917080645,https://prod.danawa.com/info/?pcode=13824974&cate=112747
308,CPU,인텔,인텔 코어i7-11세대 11700F (로켓레이크S),558000,,https://img.danuri.io/catalog-image/481/753/013/45e727f90ce441e9aaeac82c1e339acf.jpg?shrink=130:130&_v=20260917080535,https://prod.danawa.com/info/?pcode=13753481&cate=112747
309,CPU,인텔,인텔 코어i9-11세대 11900F (로켓레이크S),481360,,https://img.danuri.io/catalog-image/319/825/013/5362238d68114561889740a46e968f67.jpg?shrink=130:130&_v=20260917080519,https://prod.danawa.com/info/?pcode=13825319&cate=112747
310,CPU,인텔,인텔 코어i9-11세대 11900K (로켓레이크S),558470,,https://img.danuri.io/catalog-image/984/867/014/3a91de2073ec4dc296aa23dcdd3c92ff.jpg?shrink=130:130&_v=20260917080516,https://prod.danawa.com/info/?pcode=14867984&cate=112747
311,CPU,인텔,인텔 코어i9-11세대 11900KF (로켓레이크S),559730,,https://img.danuri.io/catalog-image/337/848/014/3c5545f5b35a4d819af810681cf1f7e9.jpg?shrink=130:130&_v=20260917080441,https://prod.danawa.com/info/?pcode=14848337&cate=112747
312,CPU,인텔,인텔 코어i9-11세대 11900 (로켓레이크S),748000,,https://img.danuri.io/catalog-image/493/825/013/bb3d859536b34ea6818a4a1fc48bf140.jpg?shrink=130:130&_v=20260917080516,https://prod.danawa.com/info/?pcode=13825493&cate=112747
313,CPU,인텔,인텔 코어i5-11세대 11600K (로켓레이크S),485000,,https://img.danuri.io/catalog-image/710/809/013/8711dd95f5324b8796c16056d647670f.jpg?shrink=130:130&_v=20260917080534,https://prod.danawa.com/info/?pcode=13809710&cate=112747
314,CPU,인텔,인텔 코어i5-11세대 11600KF (로켓레이크S),229510,,https://img.danuri.io/catalog-image/219/096/014/54760b1450974da1a2b5584c6b72c51b.jpg?shrink=130:130&_v=20260911080501,https://prod.danawa.com/info/?pcode=14096219&cate=112747
315,CPU,인텔,인텔 코어i7-11세대 11700KF (로켓레이크S),705000,,https://img.danuri.io/catalog-image/121/825/013/3e2b3d81a2984efcb6ac7846d95decf7.jpg?shrink=130:130&_v=20260916080645,https://prod.danawa.com/info/?pcode=13825121&cate=112747
316,CPU,인텔,인텔 코어i5-12세대 12400F (엘더레이크),195000,,https://img.danuri.io/catalog-image/353/101/016/a732b743674647feb96a624e6dfa582c.jpg?shrink=130:130&_v=20260917170808,https://prod.danawa.com/info/?pcode=16101353&cate=112747
317,CPU,인텔,인텔 코어i5-12세대 12400 (엘더레이크),278270,,https://img.danuri.io/catalog-image/326/101/016/5c09dd1ae4e54356a701ddf0832ed844.jpg?shrink=130:130&_v=20260917170408,https://prod.danawa.com/info/?pcode=16101326&cate=112747
318,CPU,인텔,인텔 코어i7-12세대 12700F (엘더레이크),415220,,https://img.danuri.io/catalog-image/464/101/016/21a1ab7bfa604238bd811b55df0bf431.jpg?shrink=130:130&_v=20260917174458,https://prod.danawa.com/info/?pcode=16101464&cate=112747
319,CPU,인텔,인텔 코어i3-12세대 12100 (엘더레이크),171240,,https://img.danuri.io/catalog-image/083/101/016/1c997359df6246889d7c799b1c777674.jpg?shrink=130:130&_v=20260917174503,https://prod.danawa.com/info/?pcode=16101083&cate=112747
320,CPU,인텔,인텔 코어i7-12세대 12700K (엘더레이크),597990,,https://img.danuri.io/catalog-image/638/594/015/591c9b6e86cc483ebe2bd570d67622b9.jpg?shrink=130:130&_v=20260917080534,https://prod.danawa.com/info/?pcode=15594638&cate=112747
321,CPU,인텔,인텔 코어i9-12세대 12900K (엘더레이크),833990,,https://img.danuri.io/catalog-image/887/594/015/77a4da471afa479087182493b47afdc6.jpg?shrink=130:130&_v=20260917202638,https://prod.danawa.com/info/?pcode=15594887&cate=112747
322,CPU,인텔,인텔 코어i7-12세대 12700 (엘더레이크),555980,,https://img.danuri.io/catalog-image/809/140/016/52282f35fc594616a4d0dea09d5f3ae7.jpg?shrink=130:130&_v=20260917080519,https://prod.danawa.com/info/?pcode=16140809&cate=112747
323,CPU,인텔,인텔 코어i3-12세대 12100F (엘더레이크),189990,,https://img.danuri.io/catalog-image/179/101/016/3553c02b0a4741879e9cb2db39f0cddc.jpg?shrink=130:130&_v=20260917080531,https://prod.danawa.com/info/?pcode=16101179&cate=112747
324,CPU,인텔,인텔 코어i7-12세대 12700KF (엘더레이크),494000,,https://img.danuri.io/catalog-image/701/594/015/821500f8b8324db7888a5a34d58d94c0.jpg?shrink=130:130&_v=20260917080519,https://prod.danawa.com/info/?pcode=15594701&cate=112747
325,CPU,인텔,인텔 코어i9-12세대 12900 (엘더레이크),900000,,https://img.danuri.io/catalog-image/545/101/016/0b23923b0d1245bdbc599f3bc3e92f75.jpg?shrink=130:130&_v=20260917202753,https://prod.danawa.com/info/?pcode=16101545&cate=112747
326,CPU,인텔,인텔 코어i5-12세대 12500 (엘더레이크),388650,,https://img.danuri.io/catalog-image/900/232/016/ad3b94cb6d52451885c9e9d6f78fecd4.jpg?shrink=130:130&_v=20260917080516,https://prod.danawa.com/info/?pcode=16232900&cate=112747
327,CPU,인텔,인텔 코어i5-12세대 12600K (엘더레이크),320100,,https://img.danuri.io/catalog-image/510/752/015/c2dc949987fb488181b187e0ba22d86a.jpg?shrink=130:130&_v=20260917165723,https://prod.danawa.com/info/?pcode=15752510&cate=112747
328,CPU,인텔,인텔 코어i5-12세대 12600KF (엘더레이크),255290,,https://img.danuri.io/catalog-image/597/752/015/b64384612e954c85a60d4b5363b2fbe7.jpg?shrink=130:130&_v=20260917192558,https://prod.danawa.com/info/?pcode=15752597&cate=112747
329,CPU,인텔,인텔 코어i9-12세대 12900KF (엘더레이크),515440,,https://img.danuri.io/catalog-image/257/797/016/440315b8881f4fac966774b801e0ee00.jpg?shrink=130:130&_v=20260915080515,https://prod.danawa.com/info/?pcode=16797257&cate=112747
330,CPU,인텔,인텔 코어i5-12세대 12600 (엘더레이크),442000,,https://img.danuri.io/catalog-image/990/232/016/48c709ab59e84ee488deb3a46fa0c75e.jpg?shrink=130:130&_v=20260917080519,https://prod.danawa.com/info/?pcode=16232990&cate=112747
331,CPU,인텔,인텔 코어i3-12세대 12100T (엘더레이크),208000,,https://img.danuri.io/catalog-image/682/393/016/8a0523e380244191bea0aafd2b0c0aa9.jpg?shrink=130:130&_v=20260917080535,https://prod.danawa.com/info/?pcode=16393682&cate=112747
332,CPU,인텔,인텔 코어i5-12세대 12500T (엘더레이크),377990,,https://img.danuri.io/catalog-image/835/393/016/2bcbc94cd72b46e99c84ad35f21e443d.jpg?shrink=130:130&_v=20260917080519,https://prod.danawa.com/info/?pcode=16393835&cate=112747
333,CPU,인텔,인텔 코어i9-12세대 12900KS (엘더레이크),908000,,https://img.danuri.io/catalog-image/728/978/018/4b4e8d0851784e97b5172aefa938ba5d.jpg?shrink=130:130&_v=20260917080531,https://prod.danawa.com/info/?pcode=18978728&cate=112747
334,CPU,인텔,인텔 코어i9-12세대 12900F (엘더레이크),605000,,https://img.danuri.io/catalog-image/314/233/016/9daaf2b70d244c8ab98e67f4228b40a8.jpg?shrink=130:130&_v=20260912080511,https://prod.danawa.com/info/?pcode=16233314&cate=112747
335,CPU,인텔,인텔 코어i7-12세대 12700T (엘더레이크),590000,,https://img.danuri.io/catalog-image/964/393/016/ed5ed7b0bc98448ea77648e1f6cb6be5.jpg?shrink=130:130&_v=20260917080531,https://prod.danawa.com/info/?pcode=16393964&cate=112747
336,CPU,인텔,인텔 코어i9-12세대 12900T (엘더레이크),974000,,https://img.danuri.io/catalog-image/042/394/016/1281ace868f843b6aab388e88353f8be.jpg?shrink=130:130&_v=20260910080425,https://prod.danawa.com/info/?pcode=16394042&cate=112747
337,CPU,인텔,인텔 코어i5-12세대 12400T (엘더레이크),378000,,https://img.danuri.io/catalog-image/980/811/017/1cb00c04c76b48878fd34848f134a81d.jpg?shrink=130:130&_v=20260913080451,https://prod.danawa.com/info/?pcode=17811980&cate=112747
338,CPU,인텔,인텔 코어i9-13세대 13900K (랩터레이크),10000000,,https://img.danuri.io/catalog-image/569/039/018/775922461b5740d4b3cf5a2f2373fe4d.jpg?shrink=130:130&_v=20260917080516,https://prod.danawa.com/info/?pcode=18039569&cate=112747
339,CPU,인텔,인텔 코어i7-13세대 13700F (랩터레이크),525000,,https://img.danuri.io/catalog-image/379/640/018/0c10d52f3c304b62a3a35f16f57bd478.jpg?shrink=130:130&_v=20260917080516,https://prod.danawa.com/info/?pcode=18640379&cate=112747
340,CPU,인텔,인텔 코어i5-13세대 13400 (랩터레이크),299700,,https://img.danuri.io/catalog-image/286/640/018/ef6508d3712a4e35a10e3a17b5247e14.jpg?shrink=130:130&_v=20260917080645,https://prod.danawa.com/info/?pcode=18640286&cate=112747
341,CPU,인텔,인텔 코어i9-13세대 13900F (랩터레이크),752990,,https://img.danuri.io/catalog-image/442/640/018/29a763fa09d04336bf74cb939d5458ce.jpg?shrink=130:130&_v=20260917200859,https://prod.danawa.com/info/?pcode=18640442&cate=112747
342,CPU,인텔,인텔 코어i5-13세대 13500 (랩터레이크),434000,,https://img.danuri.io/catalog-image/319/640/018/2d1724db779b4cffab3375074a7d1407.jpg?shrink=130:130&_v=20260917080519,https://prod.danawa.com/info/?pcode=18640319&cate=112747
343,CPU,인텔,인텔 코어i5-13세대 13400F (랩터레이크),389000,,https://img.danuri.io/catalog-image/280/640/018/8051d021c45f45c4929ea024c993e89b.jpg?shrink=130:130&_v=20260917080519,https://prod.danawa.com/info/?pcode=18640280&cate=112747
344,CPU,인텔,인텔 코어i9-13세대 13900KF (랩터레이크),703080,,https://img.danuri.io/catalog-image/512/039/018/ca3acaa79ed5434686ed9756740feb1f.jpg?shrink=130:130&_v=20260917080519,https://prod.danawa.com/info/?pcode=18039512&cate=112747
345,CPU,인텔,인텔 코어i3-13세대 13100 (랩터레이크),497990,,https://img.danuri.io/catalog-image/205/640/018/48b5a35671af4e10b732ef91909801b2.jpg?shrink=130:130&_v=20260917080531,https://prod.danawa.com/info/?pcode=18640205&cate=112747
346,CPU,인텔,인텔 코어i9-13세대 13900 (랩터레이크),1043700,,https://img.danuri.io/catalog-image/472/640/018/6db9d61ed43f4a419e3db875f2a6c229.jpg?shrink=130:130&_v=20260917080534,https://prod.danawa.com/info/?pcode=18640472&cate=112747
347,CPU,인텔,인텔 코어i7-13세대 13700K (랩터레이크),667780,,https://img.danuri.io/catalog-image/374/039/018/c487c641780a445dab31e771c7679509.jpg?shrink=130:130&_v=20260917174503,https://prod.danawa.com/info/?pcode=18039374&cate=112747
348,CPU,인텔,인텔 코어i5-13세대 13600KF (랩터레이크),286830,,https://img.danuri.io/catalog-image/253/169/018/ea081ad887854243a80b622360de77da.jpg?shrink=130:130&_v=20260917140828,https://prod.danawa.com/info/?pcode=18169253&cate=112747
349,CPU,인텔,인텔 코어i5-13세대 13600K (랩터레이크),410000,,https://img.danuri.io/catalog-image/127/169/018/b7b14d8bea044f258d1a1021d20f4f8d.jpg?shrink=130:130&_v=20260917080535,https://prod.danawa.com/info/?pcode=18169127&cate=112747
350,CPU,인텔,인텔 코어i7-13세대 13700KF (랩터레이크),386410,,https://img.danuri.io/catalog-image/013/184/018/9f988c8785d345c2b8784e066c5c2c0a.jpg?shrink=130:130&_v=20260917080519,https://prod.danawa.com/info/?pcode=18184013&cate=112747
351,CPU,인텔,인텔 코어i7-13세대 13700 (랩터레이크),582440,,https://img.danuri.io/catalog-image/751/703/018/2c97b9008b12412191a6e79eea8283c6.jpg?shrink=130:130&_v=20260917080534,https://prod.danawa.com/info/?pcode=18703751&cate=112747
352,CPU,인텔,인텔 코어i5-13세대 13600 (랩터레이크),336710,,https://img.danuri.io/catalog-image/350/125/103/516cac1793c04329a78f8c2b04e392a7.jpg?shrink=130:130&_v=20260917141319,https://prod.danawa.com/info/?pcode=103125350&cate=112747
353,CPU,인텔,인텔 코어i3-13세대 13100F (랩터레이크),208000,,https://img.danuri.io/catalog-image/614/702/018/c84602ba1dad4fc89b84302f353d348d.jpg?shrink=130:130&_v=20260917080534,https://prod.danawa.com/info/?pcode=18702614&cate=112747
354,CPU,인텔,인텔 코어i9-13세대 13900KS (랩터레이크),1100000,,https://img.danuri.io/catalog-image/844/925/018/ca976017c96f4a44a1ce86617c1c8b92.jpg?shrink=130:130&_v=20260916080408,https://prod.danawa.com/info/?pcode=18925844&cate=112747
355,CPU,인텔,인텔 코어i7-13세대 13700T (랩터레이크),760990,,https://img.danuri.io/catalog-image/336/665/018/c5412d069503499597e02b5bfbade172.jpg?shrink=130:130&_v=20260915080515,https://prod.danawa.com/info/?pcode=18665336&cate=112747
356,CPU,인텔,인텔 코어i5-13세대 13500T (랩터레이크),477990,,https://img.danuri.io/catalog-image/261/665/018/fc8258b24eed49ecbe1df8c944dca52a.jpg?shrink=130:130&_v=20260917080534,https://prod.danawa.com/info/?pcode=18665261&cate=112747
357,CPU,인텔,인텔 코어i9-13세대 13900T (랩터레이크),971490,,https://img.danuri.io/catalog-image/705/710/018/d10a1a0a69d74e86bf8a7d205a63b5ce.jpg?shrink=130:130&_v=20260917202623,https://prod.danawa.com/info/?pcode=18710705&cate=112747
358,CPU,인텔,인텔 코어i3-13세대 13100T (랩터레이크),477990,,https://img.danuri.io/catalog-image/090/665/018/1a3536a122d444718064401d0f914404.jpg?shrink=130:130&_v=20260915080533,https://prod.danawa.com/info/?pcode=18665090&cate=112747
359,CPU,인텔,인텔 코어i5-14세대 14400F (랩터레이크 리프레시),232680,,https://img.danuri.io/catalog-image/634/555/076/ab130cd78017482facccc38b49de78e5.jpg?shrink=130:130&_v=20260917130349,https://prod.danawa.com/info/?pcode=76555634&cate=112747
360,CPU,인텔,인텔 코어i5-14세대 14600KF (랩터레이크 리프레시),296980,,https://img.danuri.io/catalog-image/685/555/076/8a6d2c3e1859495999b726358e44aa13.jpg?shrink=130:130&_v=20260917161248,https://prod.danawa.com/info/?pcode=76555685&cate=112747
361,CPU,인텔,인텔 코어i5-14세대 14400 (랩터레이크 리프레시),296250,,https://img.danuri.io/catalog-image/580/038/032/fedc01f6d2aa4138987969d7d6a649b1.jpg?shrink=130:130&_v=20260917202108,https://prod.danawa.com/info/?pcode=32038580&cate=112747
362,CPU,인텔,인텔 코어i5-14세대 14600K (랩터레이크 리프레시),331500,,https://img.danuri.io/catalog-image/654/799/028/38b3d57cd5814fdb82f9f83ed3744db3.jpg?shrink=130:130&_v=20260917080519,https://prod.danawa.com/info/?pcode=28799654&cate=112747
363,CPU,인텔,인텔 코어i9-14세대 14900K (랩터레이크 리프레시),820500,,https://img.danuri.io/catalog-image/964/798/028/96dc699919324998899285c7ad5dfc3e.jpg?shrink=130:130&_v=20260917200645,https://prod.danawa.com/info/?pcode=28798964&cate=112747
364,CPU,인텔,인텔 코어i9-14세대 14900KF (랩터레이크 리프레시),711120,,https://img.danuri.io/catalog-image/180/799/028/000c1a5a21c84f8396c37b39faf0a923.jpg?shrink=130:130&_v=20260917080701,https://prod.danawa.com/info/?pcode=28799180&cate=112747
365,CPU,인텔,인텔 코어i3-14세대 14100 (랩터레이크 리프레시),195990,,https://img.danuri.io/catalog-image/820/038/032/d4b05004d47248c2be63458fe341c611.jpg?shrink=130:130&_v=20260917170224,https://prod.danawa.com/info/?pcode=32038820&cate=112747
366,CPU,인텔,인텔 코어i7-14세대 14700F (랩터레이크 리프레시),534710,,https://img.danuri.io/catalog-image/936/156/032/8c5408962e284c9eb279b53934b68d84.jpg?shrink=130:130&_v=20260917141003,https://prod.danawa.com/info/?pcode=32156936&cate=112747
367,CPU,인텔,인텔 코어i7-14세대 14700 (랩터레이크 리프레시),572490,,https://img.danuri.io/catalog-image/001/038/032/89f3a4b784fc4ffa88e8ab3425f890b9.jpg?shrink=130:130&_v=20260917170248,https://prod.danawa.com/info/?pcode=32038001&cate=112747
368,CPU,인텔,인텔 코어i5-14세대 14500 (랩터레이크 리프레시),363440,,https://img.danuri.io/catalog-image/256/038/032/6496148c064e400390cab8666296cd72.jpg?shrink=130:130&_v=20260917141109,https://prod.danawa.com/info/?pcode=32038256&cate=112747
369,CPU,인텔,인텔 코어i7-14세대 14700KF (랩터레이크 리프레시),545150,,https://img.danuri.io/catalog-image/498/799/028/3f8b616dc99a4c3cb07a2c2d1eff9b37.jpg?shrink=130:130&_v=20260917191908,https://prod.danawa.com/info/?pcode=28799498&cate=112747
370,CPU,인텔,인텔 코어i3-14세대 14100F (랩터레이크 리프레시),152080,,https://img.danuri.io/catalog-image/895/038/032/4bbab872688149088c77e2cfb57b5182.jpg?shrink=130:130&_v=20260917202623,https://prod.danawa.com/info/?pcode=32038895&cate=112747
371,CPU,인텔,인텔 코어i9-14세대 14900 (랩터레이크 리프레시),857310,,https://img.danuri.io/catalog-image/824/037/032/d77e8dfb0c804baabd401e121b1053a5.jpg?shrink=130:130&_v=20260917155708,https://prod.danawa.com/info/?pcode=32037824&cate=112747
372,CPU,인텔,인텔 코어i9-14세대 14900F (랩터레이크 리프레시),824580,,https://img.danuri.io/catalog-image/701/037/032/46a5a40a885b48ce8b92e6305fe767d9.jpg?shrink=130:130&_v=20260917200428,https://prod.danawa.com/info/?pcode=32037701&cate=112747
373,CPU,인텔,인텔 코어i9-14세대 14900KS (랩터레이크 리프레시),1150000,,https://img.danuri.io/catalog-image/423/895/040/475676cb2a1346f7a20c0c4e60661796.jpg?shrink=130:130&_v=20260917080701,https://prod.danawa.com/info/?pcode=40895423&cate=112747
374,CPU,인텔,인텔 코어i7-14세대 14700K (랩터레이크 리프레시),780000,,https://img.danuri.io/catalog-image/435/799/028/00ff65d03d6c40d894576c0992a6b1aa.jpg?shrink=130:130&_v=20260917080519,https://prod.danawa.com/info/?pcode=28799435&cate=112747
375,CPU,인텔,인텔 코어i9-14세대 14900T (랩터레이크 리프레시),978990,,https://img.danuri.io/catalog-image/732/444/032/964e4dd78b3e46a49846b7ec9fd7ebd3.jpg?shrink=130:130&_v=20260917080519,https://prod.danawa.com/info/?pcode=32444732&cate=112747
376,CPU,인텔,인텔 코어i5-14세대 14500T (랩터레이크 리프레시),465860,,https://img.danuri.io/catalog-image/899/463/032/a52fef33a7e947b0ae3d53d812ebf050.jpg?shrink=130:130&_v=20260917080645,https://prod.danawa.com/info/?pcode=32463899&cate=112747
377,CPU,인텔,인텔 코어i3-14세대 14100T (랩터레이크 리프레시),281280,,https://img.danuri.io/catalog-image/280/464/032/c67b1cde57fe46b59d31a03bea2f451d.jpg?shrink=130:130&_v=20260916174303,https://prod.danawa.com/info/?pcode=32464280&cate=112747
378,CPU,인텔,인텔 코어i7-14세대 14700T (랩터레이크 리프레시),761000,,https://img.danuri.io/catalog-image/785/457/032/447d3bca0a7c4462ab47800fe597e40d.jpg?shrink=130:130&_v=20260917080519,https://prod.danawa.com/info/?pcode=32457785&cate=112747
379,CPU,인텔,인텔 코어 울트라7 시리즈2 270K Plus (애로우레이크 리프레시),501390,,https://img.danuri.io/catalog-image/286/424/108/99707b6716c34b4ca86d6b09e240bd54.jpeg?shrink=130:130&_v=20260917115559,https://prod.danawa.com/info/?pcode=108424286&cate=112747
380,CPU,인텔,인텔 코어 울트라5 시리즈2 250K Plus (애로우레이크 리프레시),342240,,https://img.danuri.io/catalog-image/451/424/108/028b5a624a2040858e8e6fce9ae93d0d.jpg?shrink=130:130&_v=20260917200408,https://prod.danawa.com/info/?pcode=108424451&cate=112747
381,CPU,인텔,인텔 코어 울트라9 시리즈2 285K (애로우레이크),924000,,https://img.danuri.io/catalog-image/459/059/069/f596f70b1f41408199e406a42713293e.jpeg?shrink=130:130&_v=20260917200653,https://prod.danawa.com/info/?pcode=69059459&cate=112747
382,CPU,인텔,인텔 코어 울트라5 시리즈2 225 (애로우레이크),283990,,https://img.danuri.io/catalog-image/084/123/074/681b0e546dbf411e8e24e0aab0b19849.jpg?shrink=130:130&_v=20260917202633,https://prod.danawa.com/info/?pcode=74123084&cate=112747
383,CPU,인텔,인텔 코어 울트라5 시리즈2 245K (애로우레이크),320290,,https://img.danuri.io/catalog-image/753/059/069/1742d30858614f50b2c7c952723b3fb7.jpg?shrink=130:130&_v=20260917150253,https://prod.danawa.com/info/?pcode=69059753&cate=112747
384,CPU,인텔,인텔 코어 울트라7 시리즈2 265K (애로우레이크),508000,,https://img.danuri.io/catalog-image/687/059/069/cc8f82a9b77145369c850e01fd6fe9ea.jpg?shrink=130:130&_v=20260917141003,https://prod.danawa.com/info/?pcode=69059687&cate=112747
385,CPU,인텔,인텔 코어 울트라5 시리즈2 225F (애로우레이크),214930,,https://img.danuri.io/catalog-image/111/123/074/c3c593b37f8c42a2b1f2d040adc4025e.jpg?shrink=130:130&_v=20260917200453,https://prod.danawa.com/info/?pcode=74123111&cate=112747
386,CPU,인텔,인텔 코어 울트라5 시리즈2 250KF Plus (애로우레이크 리프레시),328930,,https://img.danuri.io/catalog-image/457/424/108/28d0ca17564b4546af665b26bdd8d4a5.jpg?shrink=130:130&_v=20260917200403,https://prod.danawa.com/info/?pcode=108424457&cate=112747
387,CPU,인텔,인텔 코어 울트라9 시리즈2 285 (애로우레이크),904000,,https://img.danuri.io/catalog-image/559/122/074/6b23d56f75924a01903a5adace2b1518.jpg?shrink=130:130&_v=20260917080519,https://prod.danawa.com/info/?pcode=74122559&cate=112747
388,CPU,인텔,인텔 코어 울트라7 시리즈2 265KF (애로우레이크),477000,,https://img.danuri.io/catalog-image/723/059/069/0e0953994b2d48eebcdb524dc9b73469.jpg?shrink=130:130&_v=20260917130239,https://prod.danawa.com/info/?pcode=69059723&cate=112747
389,CPU,인텔,인텔 코어 울트라5 시리즈2 235 (애로우레이크),411000,,https://img.danuri.io/catalog-image/036/123/074/e32daea76ebc4b3bbadc0e1f898eaa83.jpg?shrink=130:130&_v=20260917170323,https://prod.danawa.com/info/?pcode=74123036&cate=112747
390,CPU,인텔,인텔 코어 울트라5 시리즈2 245KF (애로우레이크),289680,,https://img.danuri.io/catalog-image/771/059/069/0b801a077f3c4e5eac495bd1957e087a.jpg?shrink=130:130&_v=20260917183143,https://prod.danawa.com/info/?pcode=69059771&cate=112747
391,CPU,인텔,인텔 코어 울트라7 시리즈2 265F (애로우레이크),534000,,https://img.danuri.io/catalog-image/937/122/074/4cfb925ce5ff4d5fa05ef04f8dd7be03.jpg?shrink=130:130&_v=20260917080701,https://prod.danawa.com/info/?pcode=74122937&cate=112747
392,CPU,인텔,인텔 코어 울트라7 시리즈2 265 (애로우레이크),549210,,https://img.danuri.io/catalog-image/820/583/096/f899f45e10804e2786e35cc9281a41a4.jpg?shrink=130:130&_v=20260917125613,https://prod.danawa.com/info/?pcode=96583820&cate=112747
393,CPU,인텔,인텔 코어 울트라5 시리즈2 245 (애로우레이크),368000,,https://img.danuri.io/catalog-image/243/500/093/21209dcd1e0544d0aef5f45ce527f7d8.jpg?shrink=130:130&_v=20260917161249,https://prod.danawa.com/info/?pcode=93500243&cate=112747
394,CPU,인텔,인텔 코어 울트라9 시리즈2 285T (애로우레이크),1006210,,https://img.danuri.io/catalog-image/643/583/096/02206308b8194098af65e9d286804cd0.jpg?shrink=130:130&_v=20260917200048,https://prod.danawa.com/info/?pcode=96583643&cate=112747
395,CPU,인텔,인텔 코어 울트라5 시리즈2 225T (애로우레이크),487310,,https://img.danuri.io/catalog-image/438/584/096/83c68b8dafc045819b06104d70534f5b.jpg?shrink=130:130&_v=20260917080645,https://prod.danawa.com/info/?pcode=96584438&cate=112747
396,CPU,인텔,인텔 코어 울트라7 시리즈2 265T (애로우레이크),734990,,https://img.danuri.io/catalog-image/015/584/096/e5ee7b3107f74588b8679b6e6dcc2b5c.jpg?shrink=130:130&_v=20260916202608,https://prod.danawa.com/info/?pcode=96584015&cate=112747
397,CPU,인텔,인텔 코어 울트라5 시리즈2 235T (애로우레이크),508990,,https://img.danuri.io/catalog-image/405/584/096/298e42e0394640e3b5995c7979757ed2.jpg?shrink=130:130&_v=20260917080701,https://prod.danawa.com/info/?pcode=96584405&cate=112747
398,CPU,AMD,AMD 라이젠5-2세대 3400G (피카소),104710,,https://img.danuri.io/catalog-image/534/176/010/8dd9987e27d84fb9850e616539f7a4af.jpg?shrink=130:130&_v=20260917141019,https://prod.danawa.com/info/?pcode=10176534&cate=112747
399,CPU,AMD,AMD 라이젠5-3세대 3600 (마티스),115380,,https://img.danuri.io/catalog-image/092/861/010/57d9462a440f40f3b39bff0158d13848.jpg?shrink=130:130&_v=20260917130139,https://prod.danawa.com/info/?pcode=10861092&cate=112747
400,CPU,AMD,AMD 라이젠3-2세대 3200G (피카소),87700,,https://img.danuri.io/catalog-image/291/460/008/a24eac89501a4973b2fe9a9b5d003cd0.jpg?shrink=130:130&_v=20260917080531,https://prod.danawa.com/info/?pcode=8460291&cate=112747
401,CPU,AMD,AMD 라이젠9-3세대 3900X (마티스),1500000,,https://img.danuri.io/catalog-image/111/457/008/7a501f31287d44af836da41a35a88ce9.jpg?shrink=130:130&_v=20260917080441,https://prod.danawa.com/info/?pcode=8457111&cate=112747
402,CPU,AMD,AMD 라이젠3-3세대 3300X (마티스),270000,,https://img.danuri.io/catalog-image/094/625/012/b94dfca8a698495ebe69f829e7f9a324.jpg?shrink=130:130&_v=20260915080515,https://prod.danawa.com/info/?pcode=12625094&cate=112747
403,CPU,AMD,AMD 라이젠5-3세대 3600X (마티스),109700,,https://img.danuri.io/catalog-image/358/024/011/ed17ddf56cf84dcfa5553578d968731d.jpg?shrink=130:130&_v=20260917080701,https://prod.danawa.com/info/?pcode=11024358&cate=112747
404,CPU,AMD,AMD 라이젠7-3세대 3700X (마티스),405000,,https://img.danuri.io/catalog-image/629/421/009/49cfc462886843688b17aecef812ae48.jpg?shrink=130:130&_v=20260917080519,https://prod.danawa.com/info/?pcode=9421629&cate=112747
405,CPU,AMD,AMD 라이젠7-3세대 3800X (마티스),560760,,https://img.danuri.io/catalog-image/781/459/008/884225c71bf94fb59d6945b84b02aa89.jpg?shrink=130:130&_v=20260917080516,https://prod.danawa.com/info/?pcode=8459781&cate=112747
406,CPU,AMD,AMD 라이젠9-3세대 3950X (마티스),442400,,https://img.danuri.io/catalog-image/701/026/011/f945558fc5d140df93abab910105a184.jpg?shrink=130:130&_v=20260917080531,https://prod.danawa.com/info/?pcode=11026701&cate=112747
407,CPU,AMD,AMD 라이젠5-3세대 3500 (마티스),98940,,https://img.danuri.io/catalog-image/140/936/075/6114b15207904c0ab2548a0e7ad0da08.jpg?shrink=130:130&_v=20260916080502,https://prod.danawa.com/info/?pcode=75936140&cate=112747
408,CPU,AMD,AMD 라이젠3-3세대 3100 (마티스),74490,,https://img.danuri.io/catalog-image/864/200/012/4a3bcfdb3973492d902b44697baed62b.jpg?shrink=130:130&_v=20260917080519,https://prod.danawa.com/info/?pcode=12200864&cate=112747
409,CPU,AMD,AMD 라이젠9-3세대 3900XT (마티스),500000,,https://img.danuri.io/catalog-image/828/338/012/a6d3a3d15cd84ec6b24c0841c3966910.jpg?shrink=130:130&_v=20260907080619,https://prod.danawa.com/info/?pcode=12338828&cate=112747
410,CPU,AMD,AMD 라이젠7-3세대 3800XT (마티스),166250,,https://img.danuri.io/catalog-image/966/338/012/5c0c86bef5de4be282dced1da3403671.jpg?shrink=130:130&_v=20260917080441,https://prod.danawa.com/info/?pcode=12338966&cate=112747
411,CPU,AMD,AMD 라이젠5-3세대 3500X (마티스),113540,,https://img.danuri.io/catalog-image/591/744/017/bfabea40e6964794b5268c0a65aa62cd.jpg?shrink=130:130&_v=20260916080408,https://prod.danawa.com/info/?pcode=17744591&cate=112747
412,CPU,AMD,AMD 라이젠5-3세대 3600XT (마티스),106880,,https://img.danuri.io/catalog-image/050/339/012/c3a9f495589447a8b3135c43a2c83b14.jpg?shrink=130:130&_v=20260917080519,https://prod.danawa.com/info/?pcode=12339050&cate=112747
413,CPU,AMD,AMD 라이젠5-3세대 4600G (르누아르),8530,,https://img.danuri.io/catalog-image/790/287/017/1dc92ad1933f4da593c2b3b6dfddf4b9.jpg?shrink=130:130&_v=20260917080701,https://prod.danawa.com/info/?pcode=17287790&cate=112747
414,CPU,AMD,AMD 라이젠3-3세대 4100 (르누아르-X),81000,,https://img.danuri.io/catalog-image/590/740/016/a85145f2917a472ea1787349f7b8c979.jpg?shrink=130:130&_v=20260917080519,https://prod.danawa.com/info/?pcode=16740590&cate=112747
415,CPU,AMD,AMD 라이젠5 PRO 4650G (르누아르),220000,,https://img.danuri.io/catalog-image/443/876/011/e61a2aaa3899440790e36ea8816104f8.jpg?shrink=130:130&_v=20260917080516,https://prod.danawa.com/info/?pcode=11876443&cate=112747
416,CPU,AMD,AMD 라이젠5-3세대 4500 (르누아르-X),103630,,https://img.danuri.io/catalog-image/596/950/016/27cfae8b553b4c9da1f384289e556fd0.jpg?shrink=130:130&_v=20260917080645,https://prod.danawa.com/info/?pcode=16950596&cate=112747
417,CPU,AMD,AMD 라이젠7 PRO 4750G (르누아르),273270,,https://img.danuri.io/catalog-image/365/276/015/bd87550f1c0a48b995c03e8c53fc9d2d.jpg?shrink=130:130&_v=20260917080519,https://prod.danawa.com/info/?pcode=15276365&cate=112747
418,CPU,AMD,AMD 라이젠3 PRO 4350G (르누아르),104990,,https://img.danuri.io/catalog-image/354/704/018/6d9a68bd6d2c438daf01dbfe73c1ab93.jpg?shrink=130:130&_v=20260917080516,https://prod.danawa.com/info/?pcode=18704354&cate=112747
419,CPU,AMD,AMD 라이젠5-4세대 5500GT (세잔),194920,,https://img.danuri.io/catalog-image/171/218/054/897e8c2c8f4b459eb9972f5f9a0bf661.jpg?shrink=130:130&_v=20260917080441,https://prod.danawa.com/info/?pcode=54218171&cate=112747
420,CPU,AMD,AMD 라이젠5-4세대 5600 (버미어),161990,,https://img.danuri.io/catalog-image/211/741/016/adc88269a44341158839cad040af7b1c.jpg?shrink=130:130&_v=20260917175809,https://prod.danawa.com/info/?pcode=16741211&cate=112747
421,CPU,AMD,AMD 라이젠7-4세대 5700X (버미어),298980,,https://img.danuri.io/catalog-image/349/741/016/57d76ed6f1054e0092b9878f4e654167.jpg?shrink=130:130&_v=20260917080441,https://prod.danawa.com/info/?pcode=16741349&cate=112747
422,CPU,AMD,AMD 라이젠7-4세대 5800X3D AM4 10주년 기념 에디션 (버미어),581680,,https://img.danuri.io/catalog-image/750/711/122/0765bf4fb5d74b9a91c93eac0f232f58.jpeg?shrink=130:130&_v=20260917200718,https://prod.danawa.com/info/?pcode=122711750&cate=112747
423,CPU,AMD,AMD 라이젠5-4세대 5600G (세잔),219480,,https://img.danuri.io/catalog-image/675/927/014/0bd22220b83943abbdc72a4133e61bac.jpg?shrink=130:130&_v=20260917170153,https://prod.danawa.com/info/?pcode=14927675&cate=112747
424,CPU,AMD,AMD 라이젠5-4세대 5600GT (세잔),224460,,https://img.danuri.io/catalog-image/690/167/060/a922a03bc40a4fca92cc948f0048d21a.jpg?shrink=130:130&_v=20260917170250,https://prod.danawa.com/info/?pcode=60167690&cate=112747
425,CPU,AMD,AMD 라이젠7-4세대 5800X3D (버미어),565440,,https://img.danuri.io/catalog-image/231/521/027/2ac0c3e74a434ce29e57ca26f9595a6f.jpg?shrink=130:130&_v=20260917141119,https://prod.danawa.com/info/?pcode=27521231&cate=112747
426,CPU,AMD,AMD 라이젠3-2세대 3200G (피카소),92250,,https://img.danuri.io/catalog-image/438/401/012/f52d403b41d14711ab80aca354f76f3e.jpg?shrink=130:130&_v=20260917170318,https://prod.danawa.com/info/?pcode=12401438&cate=112747
427,CPU,AMD,AMD 라이젠7-4세대 5700G (세잔),322990,,https://img.danuri.io/catalog-image/759/927/014/f43a74610ca94399bdd688b7b2fb6b13.jpg?shrink=130:130&_v=20260917080519,https://prod.danawa.com/info/?pcode=14927759&cate=112747
428,CPU,AMD,AMD 라이젠7-4세대 5700X3D (버미어),699500,,https://img.danuri.io/catalog-image/865/336/034/ef3c4457fd794528a38815e8fa66fa20.jpg?shrink=130:130&_v=20260917080534,https://prod.danawa.com/info/?pcode=34336865&cate=112747
429,CPU,AMD,AMD 라이젠5-4세대 5600X (버미어),600000,,https://img.danuri.io/catalog-image/265/625/012/ae11273cf1854e46873670b244e18469.jpg?shrink=130:130&_v=20260917080519,https://prod.danawa.com/info/?pcode=12625265&cate=112747
430,CPU,AMD,AMD 라이젠7-4세대 5800X (버미어),365000,,https://img.danuri.io/catalog-image/422/902/013/e96a372453444b87bd8ab5d284606bcd.jpg?shrink=130:130&_v=20260917080534,https://prod.danawa.com/info/?pcode=13902422&cate=112747
431,CPU,AMD,AMD 라이젠5-4세대 5500 (세잔),159690,,https://img.danuri.io/catalog-image/090/688/106/1e86161e13e846509ddc3265f14d2c76.jpg?shrink=130:130&_v=20260917080516,https://prod.danawa.com/info/?pcode=106688090&cate=112747
432,CPU,AMD,AMD 라이젠9-4세대 5950X (버미어),735000,,https://img.danuri.io/catalog-image/262/172/013/75b500e1e64b483e8b1d104db8037e2c.jpg?shrink=130:130&_v=20260917080534,https://prod.danawa.com/info/?pcode=13172262&cate=112747
433,CPU,AMD,AMD 라이젠9-4세대 5900X (버미어),759000,,https://img.danuri.io/catalog-image/425/837/012/121cb4fb4893400ea195b3fdfb3e621e.jpg?shrink=130:130&_v=20260917080519,https://prod.danawa.com/info/?pcode=12837425&cate=112747
434,CPU,AMD,AMD 라이젠3 PRO 5350GE  (세잔),168000,,https://img.danuri.io/catalog-image/216/217/124/050dd449ce9a43ee8efc624228213f21.jpeg?shrink=130:130&_v=20260917080441,https://prod.danawa.com/info/?pcode=124217216&cate=112747
435,CPU,AMD,AMD 라이젠9-4세대 5900XT (버미어),700000,,https://img.danuri.io/catalog-image/036/165/062/57faaf6d0e984d65b3ead520681d5bc5.jpg?shrink=130:130&_v=20260917080519,https://prod.danawa.com/info/?pcode=62165036&cate=112747
436,CPU,AMD,AMD 라이젠3-4세대 5300G (세잔),178670,,https://img.danuri.io/catalog-image/251/254/070/05ec9e33bf5941e09205f2b3ebd00daf.jpg?shrink=130:130&_v=20260917080645,https://prod.danawa.com/info/?pcode=70254251&cate=112747
437,CPU,AMD,AMD 라이젠5-4세대 5600XT (버미어),398000,,https://img.danuri.io/catalog-image/159/051/074/1ba367af17b2420191b5d0838ce4abd3.jpg?shrink=130:130&_v=20260917080516,https://prod.danawa.com/info/?pcode=74051159&cate=112747
438,CPU,AMD,AMD 라이젠5-4세대 5600T (버미어),230170,,https://img.danuri.io/catalog-image/059/254/070/faf343dbf0384665a74e6de8b776b003.jpg?shrink=130:130&_v=20260917130853,https://prod.danawa.com/info/?pcode=70254059&cate=112747
439,CPU,AMD,AMD 라이젠7-4세대 5700 (세잔),334810,,https://img.danuri.io/catalog-image/090/337/034/7565267e82b44a3fb8c68378266364e9.jpg?shrink=130:130&_v=20260916080502,https://prod.danawa.com/info/?pcode=34337090&cate=112747
440,CPU,AMD,AMD 라이젠7-5세대 7800X3D (라파엘),441490,,https://img.danuri.io/catalog-image/934/627/019/06dbb694db084f5b8ddca38ffa95d717.jpg?shrink=130:130&_v=20260917145708,https://prod.danawa.com/info/?pcode=19627934&cate=112747
441,CPU,AMD,AMD 라이젠5-5세대 7500F (라파엘),174800,,https://img.danuri.io/catalog-image/499/694/021/def25f4b749f47b499d21a4023537502.jpg?shrink=130:130&_v=20260917080519,https://prod.danawa.com/info/?pcode=21694499&cate=112747
442,CPU,AMD,AMD 라이젠5-5세대 7500X3D (라파엘),316600,,https://img.danuri.io/catalog-image/188/223/104/024ce0eba5f0448fab82a5962975de0d.jpg?shrink=130:130&_v=20260917112653,https://prod.danawa.com/info/?pcode=104223188&cate=112747
443,CPU,AMD,AMD 라이젠7-5세대 7700X3D (라파엘),428890,,https://img.danuri.io/catalog-image/946/234/123/407d7ff17c024d2cbd88b8336b57805b.jpeg?shrink=130:130&_v=20260917201148,https://prod.danawa.com/info/?pcode=123234946&cate=112747
444,CPU,AMD,AMD 라이젠9-5세대 7950X3D (라파엘),689630,,https://img.danuri.io/catalog-image/601/627/019/2b263713649947868d8f1477bb39b4a6.jpg?shrink=130:130&_v=20260917170228,https://prod.danawa.com/info/?pcode=19627601&cate=112747
445,CPU,AMD,AMD 라이젠9-5세대 7950X (라파엘),1500000,,https://img.danuri.io/catalog-image/197/613/020/06af130126d4459fa5b9d31fc2f0306f.jpg?shrink=130:130&_v=20260917080516,https://prod.danawa.com/info/?pcode=20613197&cate=112747
446,CPU,AMD,AMD 라이젠5-5세대 7400F (라파엘),169470,,https://img.danuri.io/catalog-image/328/705/097/a43ab1d1050847c085ff1a78c3547a25.jpg?shrink=130:130&_v=20260917201543,https://prod.danawa.com/info/?pcode=97705328&cate=112747
447,CPU,AMD,AMD 라이젠9-5세대 7900 (라파엘),484930,,https://img.danuri.io/catalog-image/631/718/018/6543339aba9a40919760e175ab568f77.jpg?shrink=130:130&_v=20260917080535,https://prod.danawa.com/info/?pcode=18718631&cate=112747
448,CPU,AMD,AMD 라이젠5-5세대 7600 (라파엘),221750,,https://img.danuri.io/catalog-image/496/718/018/031ab8fed06846d89d6b4f8acbf4f953.jpg?shrink=130:130&_v=20260917185744,https://prod.danawa.com/info/?pcode=18718496&cate=112747
449,CPU,AMD,AMD 라이젠7-5세대 7700X (라파엘),363000,,https://img.danuri.io/catalog-image/140/945/027/b7f63096e7e445e19ea42c5c5153e305.jpg?shrink=130:130&_v=20260917140924,https://prod.danawa.com/info/?pcode=27945140&cate=112747
450,CPU,AMD,AMD 라이젠7-5세대 7700 (라파엘),345990,,https://img.danuri.io/catalog-image/538/718/018/acced76a7e814740af194b9c6d1d9678.jpg?shrink=130:130&_v=20260917202638,https://prod.danawa.com/info/?pcode=18718538&cate=112747
451,CPU,AMD,AMD 라이젠9-5세대 7900X (라파엘),415000,,https://img.danuri.io/catalog-image/418/402/028/38a8c5af5a6f489ca8a8020db05f5982.jpg?shrink=130:130&_v=20260917141208,https://prod.danawa.com/info/?pcode=28402418&cate=112747
452,CPU,AMD,AMD 라이젠5-5세대 7400 (라파엘),189230,,https://img.danuri.io/catalog-image/163/705/097/595c39eba53c4fb5a241a5b954c139a4.jpg?shrink=130:130&_v=20260917080645,https://prod.danawa.com/info/?pcode=97705163&cate=112747
453,CPU,AMD,AMD 라이젠5-5세대 7600X (라파엘),292390,,https://img.danuri.io/catalog-image/619/757/027/401fe76f11614244af4830e37873f663.jpg?shrink=130:130&_v=20260917080519,https://prod.danawa.com/info/?pcode=27757619&cate=112747
454,CPU,AMD,AMD 라이젠9-5세대 7900X3D (라파엘),804590,,https://img.danuri.io/catalog-image/457/627/019/6ac35c3ef4a147debe3a094bf431d8b4.jpg?shrink=130:130&_v=20260917080645,https://prod.danawa.com/info/?pcode=19627457&cate=112747
455,CPU,AMD,AMD 라이젠5 PRO 7645 (라파엘),269380,,https://img.danuri.io/catalog-image/575/658/029/0ee122c95f57419a9fcbc10bd50d02d5.jpeg?shrink=130:130&_v=20260917080516,https://prod.danawa.com/info/?pcode=29658575&cate=112747
456,CPU,AMD,AMD 라이젠7 PRO 7745 (라파엘),513620,,https://img.danuri.io/catalog-image/509/658/029/c9f6667535464bfa9ae9295ff17e8161.jpeg?shrink=130:130&_v=20260917080645,https://prod.danawa.com/info/?pcode=29658509&cate=112747
457,CPU,AMD,AMD 라이젠9 PRO 7945 (라파엘),751890,,https://img.danuri.io/catalog-image/350/658/029/957b40cb69994b31aaa415d4cb9c0c92.jpeg?shrink=130:130&_v=20260917080531,https://prod.danawa.com/info/?pcode=29658350&cate=112747
458,CPU,AMD,AMD 라이젠5-5세대 8600G (피닉스),268480,,https://img.danuri.io/catalog-image/204/170/060/aa27cf4ab30a4e05bcc9321292e58654.jpg?shrink=130:130&_v=20260917170403,https://prod.danawa.com/info/?pcode=60170204&cate=112747
459,CPU,AMD,AMD 라이젠5-5세대 8500G (피닉스),235980,,https://img.danuri.io/catalog-image/150/170/060/0ee6f732c94c4c2bade65ea082db94ca.jpg?shrink=130:130&_v=20260917141323,https://prod.danawa.com/info/?pcode=60170150&cate=112747
460,CPU,AMD,AMD 라이젠7-5세대 8700F (피닉스),224990,,https://img.danuri.io/catalog-image/649/779/053/0d076cec6c4649348b31a36811f4eb15.jpg?shrink=130:130&_v=20260917090100,https://prod.danawa.com/info/?pcode=53779649&cate=112747
461,CPU,AMD,AMD 라이젠7-5세대 8700G (피닉스),413460,,https://img.danuri.io/catalog-image/169/933/058/ee8db602bea340d98e08afa99c3f2a7a.jpg?shrink=130:130&_v=20260917202428,https://prod.danawa.com/info/?pcode=58933169&cate=112747
462,CPU,AMD,AMD 라이젠5-5세대 8400F (피닉스),172340,,https://img.danuri.io/catalog-image/130/626/053/7a238831e22e466b91c8a767c68a738e.jpg?shrink=130:130&_v=20260917155718,https://prod.danawa.com/info/?pcode=53626130&cate=112747
463,CPU,AMD,AMD 라이젠5 PRO 8500G (피닉스),285890,,https://img.danuri.io/catalog-image/789/621/122/a5a10a34e59e4e5cbb74683d66394022.jpeg?shrink=130:130&_v=20260917080645,https://prod.danawa.com/info/?pcode=122621789&cate=112747
464,CPU,AMD,AMD 라이젠5 PRO 8600G (피닉스),305750,,https://img.danuri.io/catalog-image/460/222/106/a994791baa63491baf4a051fbe4b74aa.jpg?shrink=130:130&_v=20260917080701,https://prod.danawa.com/info/?pcode=106222460&cate=112747
465,CPU,AMD,AMD 라이젠7-6세대 9800X3D (그래니트 릿지),652540,,https://img.danuri.io/catalog-image/547/531/070/749fd202aa5d4ebaac1438998c3addd2.jpeg?shrink=130:130&_v=20260917170053,https://prod.danawa.com/info/?pcode=70531547&cate=112747
466,CPU,AMD,AMD 라이젠5-6세대 9600X (그래니트 릿지),274250,,https://img.danuri.io/catalog-image/079/794/062/a21e7ef2993f4154ba69804f7264dde5.jpg?shrink=130:130&_v=20260917170313,https://prod.danawa.com/info/?pcode=62794079&cate=112747
467,CPU,AMD,AMD 라이젠9-6세대 9950X3D (그래니트 릿지),935720,,https://img.danuri.io/catalog-image/914/790/077/f80e6f0109e4459da565e989f77c7c8a.jpg?shrink=130:130&_v=20260917081403,https://prod.danawa.com/info/?pcode=77790914&cate=112747
468,CPU,AMD,AMD 라이젠7-6세대 9700X (그래니트 릿지),392950,,https://img.danuri.io/catalog-image/082/794/062/87e11a2d022646898224f79f01fc402b.jpg?shrink=130:130&_v=20260917153603,https://prod.danawa.com/info/?pcode=62794082&cate=112747
469,CPU,AMD,AMD 라이젠7-6세대 9850X3D (그래니트 릿지),715460,,https://img.danuri.io/catalog-image/873/627/104/b5f564ff6f4347658844c3feb6f2e965.jpg?shrink=130:130&_v=20260917172628,https://prod.danawa.com/info/?pcode=104627873&cate=112747
470,CPU,AMD,AMD 라이젠9-6세대 9950X3D2 (그래니트 릿지),1419620,,https://img.danuri.io/catalog-image/011/634/122/8c8805d983984bc68a255b1155c1cb8a.jpeg?shrink=130:130&_v=20260917161248,https://prod.danawa.com/info/?pcode=122634011&cate=112747
471,CPU,AMD,AMD 라이젠5-6세대 9500F (그래니트 릿지),255000,,https://img.danuri.io/catalog-image/881/704/097/71d47148647d4c56abf5802e5e8c44a1.jpeg?shrink=130:130&_v=20260917080535,https://prod.danawa.com/info/?pcode=97704881&cate=112747
472,CPU,AMD,AMD 라이젠9-6세대 9900X (그래니트 릿지),620760,,https://img.danuri.io/catalog-image/387/140/063/79f289fdd4a24638b3d962033adc4db3.jpg?shrink=130:130&_v=20260917195348,https://prod.danawa.com/info/?pcode=63140387&cate=112747
473,CPU,AMD,AMD 라이젠9-6세대 9950X (그래니트 릿지),827440,,https://img.danuri.io/catalog-image/417/140/063/8b3e09b7b0f344798024a07b1e4d770b.jpg?shrink=130:130&_v=20260917160548,https://prod.danawa.com/info/?pcode=63140417&cate=112747
474,CPU,AMD,AMD 라이젠5-6세대 9600 (그래니트 릿지),262280,,https://img.danuri.io/catalog-image/280/465/076/8f0ce5a51f7d4b638200caf529ecb91f.jpg?shrink=130:130&_v=20260917200938,https://prod.danawa.com/info/?pcode=76465280&cate=112747
475,CPU,AMD,AMD 라이젠9-6세대 9900X3D (그래니트 릿지),809370,,https://img.danuri.io/catalog-image/890/790/077/3cde2c2726494fbe9f73ba767d73c3cf.jpg?shrink=130:130&_v=20260917090736,https://prod.danawa.com/info/?pcode=77790890&cate=112747
476,MAINBOARD,ASUS,ASUS TUF Gaming B550M-PLUS STCOM,154650,,https://img.danuri.io/catalog-image/368/571/011/2c90536df0e74012bf1668d9e427c763.jpg?shrink=130:130&_v=20260917223253,https://prod.danawa.com/info/?pcode=11571368&cate=112751
477,MAINBOARD,ASUS,ASUS PRIME A520M-K 대원씨티에스,60300,,https://img.danuri.io/catalog-image/566/069/012/91d527634a8f4e9ea6dfa28b815d0e13.jpg?shrink=130:130&_v=20260917193358,https://prod.danawa.com/info/?pcode=12069566&cate=112751
478,MAINBOARD,ASUS,ASUS PRIME B550M-K ARGB 대원씨티에스,108170,,https://img.danuri.io/catalog-image/849/968/105/7ff224dd12da44808b591160f5c39cbc.jpg?shrink=130:130&_v=20260917215233,https://prod.danawa.com/info/?pcode=105968849&cate=112751
479,MAINBOARD,ASUS,ASUS PRIME B550M-A 대원씨티에스,123380,,https://img.danuri.io/catalog-image/458/574/011/2577db3f96e846129a1ce93837a37624.jpg?shrink=130:130&_v=20260917142623,https://prod.danawa.com/info/?pcode=11574458&cate=112751
480,MAINBOARD,ASUS,ASUS PRIME A520M-K 인텍앤컴퍼니,62520,,https://img.danuri.io/catalog-image/555/643/122/6cd8dbc2c0ea4e3f88164faef50a9a1c.jpeg?shrink=130:130&_v=20260917142623,https://prod.danawa.com/info/?pcode=122643555&cate=112751
481,MAINBOARD,ASUS,ASUS ROG CROSSHAIR VIII DARK HERO STCOM,750000,,https://img.danuri.io/catalog-image/975/701/012/7316cda4d3a9409dbb260e1927af91e7.jpg?shrink=130:130&_v=20260917080519,https://prod.danawa.com/info/?pcode=12701975&cate=112751
482,MAINBOARD,ASUS,ASUS EX A320M-GAMING 대원씨티에스,116000,,https://img.danuri.io/catalog-image/148/452/007/2853193b82404f9eb784f2507616b71a.jpg?shrink=130:130&_v=20260917080516,https://prod.danawa.com/info/?pcode=7452148&cate=112751
483,MAINBOARD,ASUS,ASUS PRIME B550M-K ARGB STCOM,114430,,https://img.danuri.io/catalog-image/858/968/105/4cf3ffc3422a408da523760a4e503b01.jpg?shrink=130:130&_v=20260917175903,https://prod.danawa.com/info/?pcode=105968858&cate=112751
484,MAINBOARD,ASUS,ASUS PRIME A520M-K STCOM,62060,,https://img.danuri.io/catalog-image/293/060/012/179e4bf8ca96485b8111c10aa592630d.jpg?shrink=130:130&_v=20260917175303,https://prod.danawa.com/info/?pcode=12060293&cate=112751
485,MAINBOARD,ASUS,ASUS PRIME A520M-K ARGB 대원씨티에스,66660,,https://img.danuri.io/catalog-image/897/721/122/e64a32718e6e4afcbcd7b729fc80b87a.jpeg?shrink=130:130&_v=20260917195748,https://prod.danawa.com/info/?pcode=122721897&cate=112751
486,MAINBOARD,ASUS,ASUS TUF B450M-PRO GAMING (해외구매),172000,,https://img.danuri.io/catalog-image/157/396/013/9f766b7d80024f1c96d7c32488d7c525.jpg?shrink=130:130&_v=20260917151009,https://prod.danawa.com/info/?pcode=13396157&cate=112751
487,MAINBOARD,ASUS,ASUS PRIME A520M-K 아이보라,64000,,https://img.danuri.io/catalog-image/610/067/012/be5c8d4dfdb744caaf1ac425acb187ff.jpg?shrink=130:130&_v=20260917080534,https://prod.danawa.com/info/?pcode=12067610&cate=112751
488,MAINBOARD,ASUS,ASUS TUF Gaming B850M-PLUS WIFI7 STCOM,258270,,https://img.danuri.io/catalog-image/710/988/095/65ccf36625b84800af2b694e9bd8fb8a.jpg?shrink=130:130&_v=20260917215658,https://prod.danawa.com/info/?pcode=95988710&cate=112751
489,MAINBOARD,ASUS,ASUS TUF Gaming B650EM-E WIFI 대원씨티에스,183100,,https://img.danuri.io/catalog-image/418/703/093/09e84372ca7d49d8801e09a536050afc.jpg?shrink=130:130&_v=20260917080535,https://prod.danawa.com/info/?pcode=93703418&cate=112751
490,MAINBOARD,ASUS,ASUS TUF Gaming B850M-PLUS WIFI7 W STCOM,265980,,https://img.danuri.io/catalog-image/944/988/095/7bfb27c8d3844224aeb4418523f2cf2a.jpg?shrink=130:130&_v=20260917175843,https://prod.danawa.com/info/?pcode=95988944&cate=112751
491,MAINBOARD,ASUS,ASUS ROG CROSSHAIR X870E DARK HERO 대원씨티에스,1050180,,https://img.danuri.io/catalog-image/463/989/104/9c9c2f28b13d486b8d00fac8c8e2a9da.jpg?shrink=130:130&_v=20260917225703,https://prod.danawa.com/info/?pcode=104989463&cate=112751
492,MAINBOARD,ASUS,ASUS ProArt B850-CREATOR WIFI NEO 인텍앤컴퍼니,368620,,https://img.danuri.io/catalog-image/533/663/122/497f045e04cc436484ef35f54c7ccf26.jpeg?shrink=130:130&_v=20260917080441,https://prod.danawa.com/info/?pcode=122663533&cate=112751
493,MAINBOARD,ASUS,ASUS ROG STRIX B850-I GAMING WIFI 인텍앤컴퍼니,376670,,https://img.danuri.io/catalog-image/525/946/076/02d6cb25bf114792b2dfe5a5b72f83ac.jpg?shrink=130:130&_v=20260917080519,https://prod.danawa.com/info/?pcode=76946525&cate=112751
494,MAINBOARD,ASUS,ASUS PRIME B650EM-A 대원씨티에스,135000,,https://img.danuri.io/catalog-image/959/119/097/d53ab5ed8b1541ca9390988025669fdd.jpg?shrink=130:130&_v=20260917095508,https://prod.danawa.com/info/?pcode=97119959&cate=112751
495,MAINBOARD,ASUS,ASUS TUF Gaming B850-PLUS WIFI 대원씨티에스,309750,,https://img.danuri.io/catalog-image/492/763/073/210a87f6757d49e6b4492c470bfc98b3.jpg?shrink=130:130&_v=20260917175729,https://prod.danawa.com/info/?pcode=73763492&cate=112751
496,MAINBOARD,ASUS,ASUS ProArt X870E-CREATOR WIFI 대원씨티에스,740960,,https://img.danuri.io/catalog-image/106/852/067/e8fada26e8164bc284b1a0d3d66cc655.jpg?shrink=130:130&_v=20260917223258,https://prod.danawa.com/info/?pcode=67852106&cate=112751
497,MAINBOARD,ASUS,ASUS ProArt X870E-CREATOR WIFI STCOM,766000,,https://img.danuri.io/catalog-image/132/694/067/25b8e5954f7442d6a7590e657ee49112.jpg?shrink=130:130&_v=20260917080535,https://prod.danawa.com/info/?pcode=67694132&cate=112751
498,MAINBOARD,ASUS,ASUS TUF Gaming B650EM-E WIFI STCOM,189000,,https://img.danuri.io/catalog-image/218/421/095/ef86b8c4b993436387791728f4019600.jpg?shrink=130:130&_v=20260917080519,https://prod.danawa.com/info/?pcode=95421218&cate=112751
499,MAINBOARD,ASUS,ASUS TUF Gaming B850M-PLUS II 대원씨티에스,230240,,https://img.danuri.io/catalog-image/116/119/097/98b6b3a0d5bf41fc9c4ffb3df88fd39f.jpg?shrink=130:130&_v=20260917095725,https://prod.danawa.com/info/?pcode=97119116&cate=112751
500,MAINBOARD,ASUS,ASUS ROG STRIX X870E-A GAMING WIFI7 NEO STCOM,652300,,https://img.danuri.io/catalog-image/913/676/122/7996ec51682f416baac0c17c4f8167dc.jpeg?shrink=130:130&_v=20260917175858,https://prod.danawa.com/info/?pcode=122676913&cate=112751
501,MAINBOARD,ASUS,ASUS TUF Gaming B850-PLUS WIFI STCOM,305790,,https://img.danuri.io/catalog-image/083/884/073/b526340878d047f89874a46c394b3e50.jpg?shrink=130:130&_v=20260917215738,https://prod.danawa.com/info/?pcode=73884083&cate=112751
502,MAINBOARD,ASUS,ASUS PRIME B850M-A-CSM 인텍앤컴퍼니,194060,,https://img.danuri.io/catalog-image/890/184/101/8975722713324a518915cb431d436415.jpg?shrink=130:130&_v=20260917200508,https://prod.danawa.com/info/?pcode=101184890&cate=112751
503,MAINBOARD,ASUS,ASUS TUF Gaming X870-PLUS WIFI 인텍앤컴퍼니,330850,,https://img.danuri.io/catalog-image/188/814/074/2ce3b62647944f73aa0d112a6f392f7a.jpg?shrink=130:130&_v=20260917150508,https://prod.danawa.com/info/?pcode=74814188&cate=112751
504,MAINBOARD,ASUS,ASUS ROG CROSSHAIR X870E APEX STCOM,950950,,https://img.danuri.io/catalog-image/469/971/092/cc223e97ccd54e93a47066e547c1d256.jpg?shrink=130:130&_v=20260917162539,https://prod.danawa.com/info/?pcode=92971469&cate=112751
505,MAINBOARD,ASUS,ASUS ROG CROSSHAIR X870E EXTREME STCOM,1473000,,https://img.danuri.io/catalog-image/986/018/093/254182470ecc495786630ed54331804a.jpg?shrink=130:130&_v=20260917175913,https://prod.danawa.com/info/?pcode=93018986&cate=112751
506,MAINBOARD,ASUS,ASUS ROG STRIX X870-I GAMING WIFI 인텍앤컴퍼니,499000,,https://img.danuri.io/catalog-image/700/930/122/318595297f1a442f9f706d25ffc42505.jpeg?shrink=130:130&_v=20260917080701,https://prod.danawa.com/info/?pcode=122930700&cate=112751
507,MAINBOARD,ASUS,ASUS TUF Gaming B650EM-E WIFI 인텍앤컴퍼니,182430,,https://img.danuri.io/catalog-image/756/893/099/8f45c51701574a328e13f990524e7ead.jpg?shrink=130:130&_v=20260917080701,https://prod.danawa.com/info/?pcode=99893756&cate=112751
508,MAINBOARD,ASUS,ASUS PRO WS B850M-ACE SE STCOM,622480,,https://img.danuri.io/catalog-image/676/913/099/deb042bf4dba44df94041a5d342ff564.jpg?shrink=130:130&_v=20260917175903,https://prod.danawa.com/info/?pcode=99913676&cate=112751
509,MAINBOARD,ASUS,ASUS ROG STRIX X870E-E GAMING WIFI7 NEO STCOM,910980,,https://img.danuri.io/catalog-image/807/684/122/0cbebf9a3c5646a8bbc03cdb8c218878.jpeg?shrink=130:130&_v=20260917175853,https://prod.danawa.com/info/?pcode=122684807&cate=112751
510,MAINBOARD,ASUS,ASUS TUF Gaming X870E-PLUS WIFI7 STCOM,418500,,https://img.danuri.io/catalog-image/957/475/097/d3af4e5acd294a81ac5c1c4fbf4bd221.jpg?shrink=130:130&_v=20260918000807,https://prod.danawa.com/info/?pcode=97475957&cate=112751
511,MAINBOARD,ASUS,ASUS ROG CROSSHAIR X870E APEX 대원씨티에스,798990,,https://img.danuri.io/catalog-image/088/019/093/e1843e702380436c912e3182ab3abb3f.jpg?shrink=130:130&_v=20260917130854,https://prod.danawa.com/info/?pcode=93019088&cate=112751
512,MAINBOARD,ASUS,ASUS PRIME B650M-A II 대원씨티에스,129810,,https://img.danuri.io/catalog-image/519/691/019/dfcfd3ee75ef438cb3434ca88a392e22.jpg?shrink=130:130&_v=20260917080534,https://prod.danawa.com/info/?pcode=19691519&cate=112751
513,MAINBOARD,ASUS,ASUS TUF Gaming B850M-PLUS II STCOM,230890,,https://img.danuri.io/catalog-image/578/988/095/24f95538e6564d378d9be9a5411fd41a.jpg?shrink=130:130&_v=20260917175843,https://prod.danawa.com/info/?pcode=95988578&cate=112751
514,MAINBOARD,ASUS,ASUS ROG CROSSHAIR X870E HERO BTF STCOM,1120000,,https://img.danuri.io/catalog-image/398/476/097/49aae4f77c8844b59650ddeaab99c3bc.jpg?shrink=130:130&_v=20260917175913,https://prod.danawa.com/info/?pcode=97476398&cate=112751
515,MAINBOARD,ASUS,ASUS ROG CROSSHAIR X870E HERO STCOM,1017610,,https://img.danuri.io/catalog-image/456/694/067/87057c0d6c5c42d798e2616d4d53081f.jpg?shrink=130:130&_v=20260917161753,https://prod.danawa.com/info/?pcode=67694456&cate=112751
516,MAINBOARD,ASUS,ASUS ROG STRIX X870E-H GAMING WIFI7 STCOM,546000,,https://img.danuri.io/catalog-image/215/476/097/d80ab85f8d6f4c03ab53a65a84fb0ded.jpg?shrink=130:130&_v=20260917175908,https://prod.danawa.com/info/?pcode=97476215&cate=112751
517,MAINBOARD,ASUS,ASUS ROG STRIX B850-F GAMING WIFI7 NEO 인텍앤컴퍼니,441430,,https://img.danuri.io/catalog-image/559/663/122/640a3a3658db4576ba48fd6794f721ab.jpeg?shrink=130:130&_v=20260917080534,https://prod.danawa.com/info/?pcode=122663559&cate=112751
518,MAINBOARD,ASUS,ASUS ROG STRIX B850-G GAMING WIFI STCOM,368330,,https://img.danuri.io/catalog-image/465/420/095/74df42d0824d4d5f9a46b3036e93a9b2.jpg?shrink=130:130&_v=20260917175913,https://prod.danawa.com/info/?pcode=95420465&cate=112751
519,MAINBOARD,ASUS,ASUS B850M MAX GAMING WIFI 인텍앤컴퍼니,180030,,https://img.danuri.io/catalog-image/218/188/103/554bcaddbdad4c509527af2b5d877847.jpg?shrink=130:130&_v=20260917080534,https://prod.danawa.com/info/?pcode=103188218&cate=112751
520,MAINBOARD,ASUS,ASUS ROG STRIX B850-E GAMING WIFI 인텍앤컴퍼니,528990,,https://img.danuri.io/catalog-image/890/460/077/3c48b549382c4e4196a3a8e3ee9b2d96.jpg?shrink=130:130&_v=20260917080531,https://prod.danawa.com/info/?pcode=77460890&cate=112751
521,MAINBOARD,ASUS,ASUS TUF Gaming B850-PLUS WIFI 인텍앤컴퍼니,310570,,https://img.danuri.io/catalog-image/911/460/077/b2fafbf2d2f14454b18503d811c8f479.jpg?shrink=130:130&_v=20260917080519,https://prod.danawa.com/info/?pcode=77460911&cate=112751
522,MAINBOARD,ASUS,ASUS TUF Gaming B850-PRO WIFI7 W NEO STCOM,338270,,https://img.danuri.io/catalog-image/820/670/122/52168b0f6675450287e0735ac97434b1.jpeg?shrink=130:130&_v=20260917175853,https://prod.danawa.com/info/?pcode=122670820&cate=112751
523,MAINBOARD,ASUS,ASUS TUF Gaming B850M-PLUS WIFI7 인텍앤컴퍼니,265880,,https://img.danuri.io/catalog-image/263/894/099/fc3c0c4e9d684be985b3db5e2d68d1da.jpg?shrink=130:130&_v=20260917080516,https://prod.danawa.com/info/?pcode=99894263&cate=112751
524,MAINBOARD,ASUS,ASUS TUF Gaming B850M-PLUS WIFI7 W 인텍앤컴퍼니,269950,,https://img.danuri.io/catalog-image/935/184/101/25a8d747b2f14467aebcf6a09c43bc2f.jpg?shrink=130:130&_v=20260917170148,https://prod.danawa.com/info/?pcode=101184935&cate=112751
525,MAINBOARD,ASUS,ASUS ROG CROSSHAIR X870E DARK HERO STCOM,1115700,,https://img.danuri.io/catalog-image/913/554/104/3f2f8f0532b84235ae4f2a8269b7ad0d.jpg?shrink=130:130&_v=20260917175903,https://prod.danawa.com/info/?pcode=104554913&cate=112751
526,MAINBOARD,ASUS,ASUS TUF Gaming X870-PRO WIFI7 W NEO 대원씨티에스,391710,,https://img.danuri.io/catalog-image/452/746/106/a3f402b20f144402bc7dbcc8c99c26e9.jpg?shrink=130:130&_v=20260917225603,https://prod.danawa.com/info/?pcode=106746452&cate=112751
527,MAINBOARD,ASUS,ASUS ROG CROSSHAIR 2006 STCOM,1244000,,https://img.danuri.io/catalog-image/875/690/122/e3455280334f44d8a238a788c5593a1d.jpeg?shrink=130:130&_v=20260917175853,https://prod.danawa.com/info/?pcode=122690875&cate=112751
528,MAINBOARD,ASUS,ASUS TUF Gaming B850M-PLUS II 인텍앤컴퍼니,240370,,https://img.danuri.io/catalog-image/215/188/103/a741f67851874399b5ffd6e8325b688c.jpg?shrink=130:130&_v=20260917080441,https://prod.danawa.com/info/?pcode=103188215&cate=112751
529,MAINBOARD,ASUS,ASUS TUF Gaming X870-PRO WIFI7 W NEO STCOM,406500,,https://img.danuri.io/catalog-image/357/621/122/03ddbe5b864c4d01bb56f27781c526d1.jpeg?shrink=130:130&_v=20260917190049,https://prod.danawa.com/info/?pcode=122621357&cate=112751
530,MAINBOARD,ASUS,ASUS TUF Gaming X870E-PLUS WIFI7 대원씨티에스,403150,,https://img.danuri.io/catalog-image/923/288/099/8be6e28f1d6a4e9db5be06edcfc48dc8.jpg?shrink=130:130&_v=20260917141054,https://prod.danawa.com/info/?pcode=99288923&cate=112751
531,MAINBOARD,ASUS,ASUS ROG STRIX B850-E GAMING WIFI STCOM,513000,,https://img.danuri.io/catalog-image/858/618/077/716e312a25fd49979f127749589f934d.jpg?shrink=130:130&_v=20260917175913,https://prod.danawa.com/info/?pcode=77618858&cate=112751
532,MAINBOARD,ASUS,ASUS ProArt B850-CREATOR WIFI NEO STCOM,403210,,https://img.danuri.io/catalog-image/803/670/122/71f5d1e7dc53402e865035e6952b9387.jpeg?shrink=130:130&_v=20260917080535,https://prod.danawa.com/info/?pcode=122670803&cate=112751
533,MAINBOARD,ASUS,ASUS ROG STRIX X870E-A GAMING WIFI7 NEO 인텍앤컴퍼니,657290,,https://img.danuri.io/catalog-image/659/663/122/5d6f8fb8e40b40b5859fb0065c81313c.jpeg?shrink=130:130&_v=20260917091818,https://prod.danawa.com/info/?pcode=122663659&cate=112751
534,MAINBOARD,ASUS,ASUS PRIME B840M-A-CSM 인텍앤컴퍼니,144430,,https://img.danuri.io/catalog-image/244/491/074/afd94cc792e24ba2863b7c5c0ae4fa1e.jpg?shrink=130:130&_v=20260917200408,https://prod.danawa.com/info/?pcode=74491244&cate=112751
535,MAINBOARD,ASUS,ASUS ROG STRIX B850-A GAMING WIFI7 NEO STCOM,389000,,https://img.danuri.io/catalog-image/765/670/122/ed0ed6d8ab7c42afaadf3b073a789a3b.jpeg?shrink=130:130&_v=20260917175858,https://prod.danawa.com/info/?pcode=122670765&cate=112751
536,MAINBOARD,ASUS,ASUS B850M MAX GAMING WIFI 대원씨티에스,183860,,https://img.danuri.io/catalog-image/258/071/093/52edb204012946be8c66ec9863cac619.jpg?shrink=130:130&_v=20260917230823,https://prod.danawa.com/info/?pcode=93071258&cate=112751
537,MAINBOARD,ASUS,ASUS ROG STRIX B850-I GAMING WIFI STCOM,434350,,https://img.danuri.io/catalog-image/963/883/073/c84e37feeaf945dcaf96e5bb5e5925de.jpg?shrink=130:130&_v=20260917080519,https://prod.danawa.com/info/?pcode=73883963&cate=112751
538,MAINBOARD,ASUS,ASUS TUF Gaming B850-BTF WIFI W 인텍앤컴퍼니,390730,,https://img.danuri.io/catalog-image/840/678/092/6a8beaa676aa44129cb1321b19a12899.jpg?shrink=130:130&_v=20260917080519,https://prod.danawa.com/info/?pcode=92678840&cate=112751
539,MAINBOARD,ASUS,ASUS TUF Gaming B850M-PLUS WIFI7 W 대원씨티에스,273030,,https://img.danuri.io/catalog-image/361/120/097/991139685b944627955299d6b74029f2.jpg?shrink=130:130&_v=20260917080519,https://prod.danawa.com/info/?pcode=97120361&cate=112751
540,MAINBOARD,ASUS,ASUS ROG CROSSHAIR X870E HERO 인텍앤컴퍼니,919190,,https://img.danuri.io/catalog-image/956/460/077/a3152e83435b4c1780d4d2bbb4df57c4.jpg?shrink=130:130&_v=20260917080531,https://prod.danawa.com/info/?pcode=77460956&cate=112751
541,MAINBOARD,ASUS,ASUS ROG STRIX X870-I GAMING WIFI STCOM,758990,,https://img.danuri.io/catalog-image/948/976/067/3ad14febf8684481946832ee4057d567.jpg?shrink=130:130&_v=20260917161748,https://prod.danawa.com/info/?pcode=67976948&cate=112751
542,MAINBOARD,ASUS,ASUS TUF Gaming B850-BTF WIFI W STCOM,401420,,https://img.danuri.io/catalog-image/717/656/096/41665a66189649e6b9dacf14ca4997fe.jpg?shrink=130:130&_v=20260917175908,https://prod.danawa.com/info/?pcode=96656717&cate=112751
543,MAINBOARD,ASUS,ASUS TUF Gaming B850M-E WIFI 대원씨티에스,239000,,https://img.danuri.io/catalog-image/303/121/097/ac435b92e349494c970ed55ad05469df.jpg?shrink=130:130&_v=20260917222623,https://prod.danawa.com/info/?pcode=97121303&cate=112751
544,MAINBOARD,ASUS,ASUS PRIME B650EM-A STCOM,147000,,https://img.danuri.io/catalog-image/895/712/096/f4c87a761592482ea6bcb8e2d8c54f47.jpg?shrink=130:130&_v=20260917102023,https://prod.danawa.com/info/?pcode=96712895&cate=112751
545,MAINBOARD,ASUS,ASUS PRIME A620AM-A 대원씨티에스,108450,,https://img.danuri.io/catalog-image/432/703/106/98d27e2a62304a03aece16c5d3a573c6.jpg?shrink=130:130&_v=20260917150518,https://prod.danawa.com/info/?pcode=106703432&cate=112751
546,MAINBOARD,ASUS,ASUS PRIME A620M-K 대원씨티에스,117300,,https://img.danuri.io/catalog-image/693/428/021/70bbd0ea111d42f99b9997e1b89539dd.jpg?shrink=130:130&_v=20260917080519,https://prod.danawa.com/info/?pcode=21428693&cate=112751
547,MAINBOARD,ASUS,ASUS ROG CROSSHAIR X870E EXTREME 대원씨티에스,1441500,,https://img.danuri.io/catalog-image/430/022/093/2654b328d08646c793ebd940644fd742.jpg?shrink=130:130&_v=20260917222603,https://prod.danawa.com/info/?pcode=93022430&cate=112751
548,MAINBOARD,ASUS,ASUS TUF Gaming B850M-PLUS WIFI7 대원씨티에스,263970,,https://img.danuri.io/catalog-image/543/118/097/390deb33ec564efbaf18f50429a150cf.jpg?shrink=130:130&_v=20260917080534,https://prod.danawa.com/info/?pcode=97118543&cate=112751
549,MAINBOARD,ASUS,ASUS ROG STRIX B850-G GAMING WIFI 대원씨티에스,338530,,https://img.danuri.io/catalog-image/752/815/094/6798a86cb3284cc6bad2e5a58c3e78d5.jpg?shrink=130:130&_v=20260917080519,https://prod.danawa.com/info/?pcode=94815752&cate=112751
550,MAINBOARD,ASUS,ASUS ROG STRIX B850-F GAMING WIFI7 NEO 대원씨티에스,425060,,https://img.danuri.io/catalog-image/236/642/122/a015e5606de0475d91e92950d300d7c7.jpeg?shrink=130:130&_v=20260917190838,https://prod.danawa.com/info/?pcode=122642236&cate=112751
551,MAINBOARD,ASUS,ASUS TUF Gaming B650M-PLUS WIFI STCOM,250650,,https://img.danuri.io/catalog-image/522/044/018/5f9d3fc89f8a43b58c925d90743dc07e.jpg?shrink=130:130&_v=20260917162023,https://prod.danawa.com/info/?pcode=18044522&cate=112751
552,MAINBOARD,ASUS,ASUS PRIME A620AM-K 대원씨티에스,109280,,https://img.danuri.io/catalog-image/318/703/106/312aac48d2ad4fb39833228ebf670d76.jpg?shrink=130:130&_v=20260917142623,https://prod.danawa.com/info/?pcode=106703318&cate=112751
553,MAINBOARD,ASUS,ASUS ROG STRIX X870-A GAMING WIFI STCOM,537990,,https://img.danuri.io/catalog-image/840/694/067/862aa906b9f54ceeb95c3495763e7951.jpg?shrink=130:130&_v=20260917080516,https://prod.danawa.com/info/?pcode=67694840&cate=112751
554,MAINBOARD,ASUS,ASUS TUF Gaming B650-PLUS WIFI STCOM,376640,,https://img.danuri.io/catalog-image/558/044/018/4ba86ed512354dfc9ddcaec96c3944e7.jpg?shrink=130:130&_v=20260917080516,https://prod.danawa.com/info/?pcode=18044558&cate=112751
555,MAINBOARD,ASUS,ASUS ROG CROSSHAIR 2006 인텍앤컴퍼니,1189050,,https://img.danuri.io/catalog-image/643/705/122/8bccf49fe8ae48efb97bea354648faf3.jpeg?shrink=130:130&_v=20260917145808,https://prod.danawa.com/info/?pcode=122705643&cate=112751
556,MAINBOARD,ASUS,ASUS TUF Gaming B850-PRO WIFI7 W NEO 인텍앤컴퍼니,324940,,https://img.danuri.io/catalog-image/671/663/122/6e78b7d8b5d640eab560bc82f8d2190b.jpeg?shrink=130:130&_v=20260917080701,https://prod.danawa.com/info/?pcode=122663671&cate=112751
557,MAINBOARD,ASUS,ASUS ROG STRIX X870-F GAMING WIFI 대원씨티에스,647460,,https://img.danuri.io/catalog-image/793/852/067/ba54f0bf0d4944188665be3e85181ee0.jpg?shrink=130:130&_v=20260917080645,https://prod.danawa.com/info/?pcode=67852793&cate=112751
558,MAINBOARD,ASUS,ASUS TUF Gaming B650-PLUS WIFI 대원씨티에스,377200,,https://img.danuri.io/catalog-image/662/021/018/be33e98dee33480598bb8e8ae5baa2bc.jpg?shrink=130:130&_v=20260917080519,https://prod.danawa.com/info/?pcode=18021662&cate=112751
559,MAINBOARD,ASUS,ASUS ROG STRIX B850-E GAMING WIFI 대원씨티에스,514840,,https://img.danuri.io/catalog-image/836/767/073/b66cf7fc28c44901a85b0531e9413d7e.jpg?shrink=130:130&_v=20260917161618,https://prod.danawa.com/info/?pcode=73767836&cate=112751
560,MAINBOARD,ASUS,ASUS TUF Gaming B850M-E WIFI STCOM,253000,,https://img.danuri.io/catalog-image/443/988/095/7ad9dbc37ea440b08908d02710c31aba.jpg?shrink=130:130&_v=20260917095718,https://prod.danawa.com/info/?pcode=95988443&cate=112751
561,MAINBOARD,ASUS,ASUS TUF Gaming B850M-PLUS WIFI 인텍앤컴퍼니,277620,,https://img.danuri.io/catalog-image/250/491/074/4a542d2d724e40a2b014799e39037e77.jpg?shrink=130:130&_v=20260917230243,https://prod.danawa.com/info/?pcode=74491250&cate=112751
562,MAINBOARD,ASUS,ASUS PRIME X870-P WIFI-CSM 대원씨티에스,330700,,https://img.danuri.io/catalog-image/653/851/067/04a8d40563874b40947ab33fb943a2cd.jpg?shrink=130:130&_v=20260917170218,https://prod.danawa.com/info/?pcode=67851653&cate=112751
563,MAINBOARD,ASUS,ASUS PRIME B650EM-A 인텍앤컴퍼니,144000,,https://img.danuri.io/catalog-image/853/004/102/a06707f0473c473aaaad6c31c4c2248b.jpg?shrink=130:130&_v=20260917080535,https://prod.danawa.com/info/?pcode=102004853&cate=112751
564,MAINBOARD,ASUS,ASUS B850M MAX GAMING WIFI STCOM,187990,,https://img.danuri.io/catalog-image/366/420/095/8bd9af57aef94004b10cebd8804ddca2.jpg?shrink=130:130&_v=20260918001123,https://prod.danawa.com/info/?pcode=95420366&cate=112751
565,MAINBOARD,ASUS,ASUS PRIME X870-P-CSM STCOM,346000,,https://img.danuri.io/catalog-image/952/693/067/fc33e8605f354c688be31a9ef0648b40.jpg?shrink=130:130&_v=20260917222543,https://prod.danawa.com/info/?pcode=67693952&cate=112751
566,MAINBOARD,ASUS,ASUS TUF Gaming B850M-PLUS WIFI STCOM,251000,,https://img.danuri.io/catalog-image/041/884/073/0ca04ad239394f22953461330872e606.jpg?shrink=130:130&_v=20260917080701,https://prod.danawa.com/info/?pcode=73884041&cate=112751
567,MAINBOARD,ASUS,ASUS TUF Gaming X870E-PLUS WIFI7 인텍앤컴퍼니,418990,,https://img.danuri.io/catalog-image/034/183/103/d8928542114741a5a2a3c649ce9c6c9d.jpg?shrink=130:130&_v=20260917080441,https://prod.danawa.com/info/?pcode=103183034&cate=112751
568,MAINBOARD,ASUS,ASUS ROG CROSSHAIR X870E HERO 대원씨티에스,1357700,,https://img.danuri.io/catalog-image/211/852/067/5a7eb9962a6e428c83d48542fe2c852d.jpg?shrink=130:130&_v=20260917080519,https://prod.danawa.com/info/?pcode=67852211&cate=112751
569,MAINBOARD,ASUS,ASUS ROG STRIX X870-A GAMING WIFI 인텍앤컴퍼니,539000,,https://img.danuri.io/catalog-image/980/460/077/58abbe0b74ad4b69a80067f42e867555.jpg?shrink=130:130&_v=20260917080645,https://prod.danawa.com/info/?pcode=77460980&cate=112751
570,MAINBOARD,ASUS,ASUS ROG STRIX X870-I GAMING WIFI 대원씨티에스,742480,,https://img.danuri.io/catalog-image/946/852/067/c16e1de524164cfeb3f95cab98681497.jpg?shrink=130:130&_v=20260918000603,https://prod.danawa.com/info/?pcode=67852946&cate=112751
571,MAINBOARD,ASUS,ASUS PRIME B850M-A-CSM 대원씨티에스,190660,,https://img.danuri.io/catalog-image/751/022/093/8db434ebe532490c9cec639bf7c77942.jpg?shrink=130:130&_v=20260917225708,https://prod.danawa.com/info/?pcode=93022751&cate=112751
572,MAINBOARD,ASUS,ASUS PRIME X870-P WIFI-CSM STCOM,346500,,https://img.danuri.io/catalog-image/886/693/067/af9cb7f1f9644245afc63ac1fc32abad.jpg?shrink=130:130&_v=20260917175258,https://prod.danawa.com/info/?pcode=67693886&cate=112751
573,MAINBOARD,ASUS,ASUS ROG STRIX B850-F GAMING WIFI7 NEO STCOM,424750,,https://img.danuri.io/catalog-image/941/637/122/7069bfe130fb43d9be7836d6509fff02.jpeg?shrink=130:130&_v=20260918000453,https://prod.danawa.com/info/?pcode=122637941&cate=112751
574,MAINBOARD,ASUS,ASUS ROG STRIX X870E-E GAMING WIFI STCOM,835000,,https://img.danuri.io/catalog-image/921/694/067/a7ae96d95ad84078bc7e26bdc4e18ef2.jpg?shrink=130:130&_v=20260917080441,https://prod.danawa.com/info/?pcode=67694921&cate=112751
575,MAINBOARD,ASUS,ASUS PRIME B840M-A WIFI-CSM STCOM,236880,,https://img.danuri.io/catalog-image/143/884/073/093062a7fa2e4bb9a39a8081a69e71c8.jpg?shrink=130:130&_v=20260917080441,https://prod.danawa.com/info/?pcode=73884143&cate=112751
576,MAINBOARD,ASUS,ASUS ROG STRIX X670E-A GAMING WIFI STCOM,669100,,https://img.danuri.io/catalog-image/748/926/017/2e1a805210f149a4890b56655047daae.jpg?shrink=130:130&_v=20260917080534,https://prod.danawa.com/info/?pcode=17926748&cate=112751
577,MAINBOARD,ASUS,ASUS PRIME B840M-A-CSM STCOM,219020,,https://img.danuri.io/catalog-image/173/884/073/c7a71695b51e44cb9a30aa3f965aeae6.jpg?shrink=130:130&_v=20260917080441,https://prod.danawa.com/info/?pcode=73884173&cate=112751
578,MAINBOARD,ASUS,ASUS TUF Gaming A620-PRO WIFI STCOM,266200,,https://img.danuri.io/catalog-image/291/318/020/5f10952072134e55b1cb9f4ce309e985.jpg?shrink=130:130&_v=20260917142623,https://prod.danawa.com/info/?pcode=20318291&cate=112751
579,MAINBOARD,ASUS,ASUS ROG STRIX B650E-E GAMING WIFI STCOM,476500,,https://img.danuri.io/catalog-image/582/044/018/fdecfa47e6784d2cb62cbe2ca078aab1.jpg?shrink=130:130&_v=20260917080534,https://prod.danawa.com/info/?pcode=18044582&cate=112751
580,MAINBOARD,ASUS,ASUS ROG STRIX B850-A GAMING WIFI7 NEO 인텍앤컴퍼니,392630,,https://img.danuri.io/catalog-image/567/663/122/f7fbe279b98a4297b63ad76d466b12a7.jpeg?shrink=130:130&_v=20260917080534,https://prod.danawa.com/info/?pcode=122663567&cate=112751
581,MAINBOARD,ASUS,ASUS TUF Gaming B850M-PLUS STCOM,254000,,https://img.danuri.io/catalog-image/029/884/073/d87c81165bb14a33829b19287bd5eb72.jpg?shrink=130:130&_v=20260917080519,https://prod.danawa.com/info/?pcode=73884029&cate=112751
582,MAINBOARD,ASUS,ASUS PRIME B840M-A-CSM 대원씨티에스,223110,,https://img.danuri.io/catalog-image/342/769/073/dd4fe5b264604a5b819a41b17857df93.jpg?shrink=130:130&_v=20260917102656,https://prod.danawa.com/info/?pcode=73769342&cate=112751
583,MAINBOARD,ASUS,ASUS PRIME B840M-A WIFI-CSM 대원씨티에스,234980,,https://img.danuri.io/catalog-image/318/769/073/c16249e6eb19412da39e3f63e93324a1.jpg?shrink=130:130&_v=20260917080531,https://prod.danawa.com/info/?pcode=73769318&cate=112751
584,MAINBOARD,ASUS,ASUS ROG STRIX B650E-F GAMING WIFI 대원씨티에스,593000,,https://img.danuri.io/catalog-image/715/265/018/78f63485d2c643399b6953ed729c479d.jpg?shrink=130:130&_v=20260917080516,https://prod.danawa.com/info/?pcode=18265715&cate=112751
585,MAINBOARD,ASUS,ASUS PRIME A620AM-A STCOM,124850,,https://img.danuri.io/catalog-image/559/989/104/a28dac4a74724ca1930a9e8b794292c8.jpg?shrink=130:130&_v=20260917175908,https://prod.danawa.com/info/?pcode=104989559&cate=112751
586,MAINBOARD,ASUS,ASUS ROG STRIX B650-A GAMING WIFI 대원씨티에스,302150,,https://img.danuri.io/catalog-image/842/021/018/e4420340900f4ecfb2e6aa13b4bc5836.jpg?shrink=130:130&_v=20260917080516,https://prod.danawa.com/info/?pcode=18021842&cate=112751
587,MAINBOARD,ASUS,ASUS TUF Gaming B650M-PLUS STCOM,267430,,https://img.danuri.io/catalog-image/519/044/018/78b604010c4f471a8ca07ca02a07def5.jpg?shrink=130:130&_v=20260917080520,https://prod.danawa.com/info/?pcode=18044519&cate=112751
588,MAINBOARD,ASUS,ASUS ROG STRIX B850-I GAMING WIFI 대원씨티에스,460740,,https://img.danuri.io/catalog-image/364/768/073/92a4d147b70c4e05bf6d8d4f57bc1c4f.jpg?shrink=130:130&_v=20260917080645,https://prod.danawa.com/info/?pcode=73768364&cate=112751
589,MAINBOARD,ASUS,ASUS TUF Gaming B850M-PLUS WIFI 대원씨티에스,275650,,https://img.danuri.io/catalog-image/909/763/073/d2d72a7ec50649828a7a066bd138d75b.jpg?shrink=130:130&_v=20260917225603,https://prod.danawa.com/info/?pcode=73763909&cate=112751
590,MAINBOARD,ASUS,ASUS TUF Gaming A620M-PLUS 대원씨티에스,154990,,https://img.danuri.io/catalog-image/731/926/019/0ba812b30a394d00858f8b0f6c20247a.jpg?shrink=130:130&_v=20260917080519,https://prod.danawa.com/info/?pcode=19926731&cate=112751
591,MAINBOARD,ASUS,ASUS ROG STRIX X870E-E GAMING WIFI 대원씨티에스,1050000,,https://img.danuri.io/catalog-image/766/852/067/c8033d0b16ba4a2f8d1aba22bc3b8b7d.jpg?shrink=130:130&_v=20260917080441,https://prod.danawa.com/info/?pcode=67852766&cate=112751
592,MAINBOARD,ASUS,ASUS PRIME A620M-A 대원씨티에스,142990,,https://img.danuri.io/catalog-image/611/926/019/d2848ea4aafc4e2ab5432af0e7fce197.jpg?shrink=130:130&_v=20260917080701,https://prod.danawa.com/info/?pcode=19926611&cate=112751
593,MAINBOARD,ASUS,ASUS PRIME X870-P-CSM 대원씨티에스,319540,,https://img.danuri.io/catalog-image/971/851/067/363d3ac2a7004e7885455f9156b7a551.jpg?shrink=130:130&_v=20260917080519,https://prod.danawa.com/info/?pcode=67851971&cate=112751
594,MAINBOARD,ASUS,ASUS ROG STRIX X670E-A GAMING WIFI 대원씨티에스,421940,,https://img.danuri.io/catalog-image/787/926/017/82fc2defe29a4e418035137a063c2df0.jpg?shrink=130:130&_v=20260917080519,https://prod.danawa.com/info/?pcode=17926787&cate=112751
595,MAINBOARD,ASUS,ASUS PRIME B650M-A II STCOM,227000,,https://img.danuri.io/catalog-image/258/163/019/3d68e679bb4a4e4d864ff75cb7dc462e.jpg?shrink=130:130&_v=20260917080534,https://prod.danawa.com/info/?pcode=19163258&cate=112751
596,MAINBOARD,ASUS,ASUS ROG STRIX X870-F GAMING WIFI STCOM,668000,,https://img.danuri.io/catalog-image/545/695/067/ef23239753334595a59fa7de8700c524.jpg?shrink=130:130&_v=20260917080531,https://prod.danawa.com/info/?pcode=67695545&cate=112751
597,MAINBOARD,ASUS,ASUS TUF Gaming B650M-E STCOM,218540,,https://img.danuri.io/catalog-image/933/476/048/ae5ce5d675dd4d9a9ae408f6737d6567.jpg?shrink=130:130&_v=20260917080516,https://prod.danawa.com/info/?pcode=48476933&cate=112751
598,MAINBOARD,ASUS,ASUS PRIME B850M-A-CSM STCOM,199000,,https://img.danuri.io/catalog-image/537/420/095/85167753b29743059f4a9124a7478632.jpg?shrink=130:130&_v=20260917080441,https://prod.danawa.com/info/?pcode=95420537&cate=112751
599,MAINBOARD,ASUS,ASUS ROG STRIX X670E-F GAMING WIFI STCOM,749000,,https://img.danuri.io/catalog-image/504/158/013/d3dd17c5764346bcba849d7701f55529.jpg?shrink=130:130&_v=20260917080531,https://prod.danawa.com/info/?pcode=13158504&cate=112751
600,MAINBOARD,ASUS,ASUS ROG STRIX B850-F GAMING WIFI 대원씨티에스,422550,,https://img.danuri.io/catalog-image/989/767/073/4ef5accdd1174d1eaf4aaa56d73b4fbe.jpg?shrink=130:130&_v=20260917080441,https://prod.danawa.com/info/?pcode=73767989&cate=112751
601,MAINBOARD,ASUS,ASUS ROG STRIX X870-A GAMING WIFI 대원씨티에스,559000,,https://img.danuri.io/catalog-image/265/852/067/f61d24bd34254d0aa56c643b88a9fe4f.jpg?shrink=130:130&_v=20260918000423,https://prod.danawa.com/info/?pcode=67852265&cate=112751
602,MAINBOARD,ASUS,ASUS TUF Gaming B650M-E WIFI 대원씨티에스,267000,,https://img.danuri.io/catalog-image/535/427/021/7c76bea3ef924227a628b33c83228383.jpg?shrink=130:130&_v=20260917080701,https://prod.danawa.com/info/?pcode=21427535&cate=112751
603,MAINBOARD,ASUS,ASUS ROG STRIX B850-A GAMING WIFI 인텍앤컴퍼니,408990,,https://img.danuri.io/catalog-image/548/099/078/65c1abcd0f9d41efa686e174d5e3ac25.jpg?shrink=130:130&_v=20260917080441,https://prod.danawa.com/info/?pcode=78099548&cate=112751
604,MAINBOARD,ASUS,ASUS ROG STRIX X870E-H GAMING WIFI7 대원씨티에스,626000,,https://img.danuri.io/catalog-image/125/544/098/9063ea18e3bf4d779396c318d912727a.jpg?shrink=130:130&_v=20260917080519,https://prod.danawa.com/info/?pcode=98544125&cate=112751
605,MAINBOARD,ASUS,ASUS TUF Gaming X870-PLUS WIFI 대원씨티에스,381960,,https://img.danuri.io/catalog-image/838/852/067/b8d253d241614abebcdc5ba0771a24b3.jpg?shrink=130:130&_v=20260917080516,https://prod.danawa.com/info/?pcode=67852838&cate=112751
606,MAINBOARD,ASUS,ASUS PRIME B840-PLUS WIFI-CSM 대원씨티에스,282720,,https://img.danuri.io/catalog-image/357/769/073/42dcee2a0a224e1db25b3ff650705e70.jpg?shrink=130:130&_v=20260917080519,https://prod.danawa.com/info/?pcode=73769357&cate=112751
607,MAINBOARD,ASUS,ASUS PRIME B650-PLUS STCOM,339990,,https://img.danuri.io/catalog-image/375/128/018/9281a17ef5504213b98f813c7ed2aecd.jpg?shrink=130:130&_v=20260917080534,https://prod.danawa.com/info/?pcode=18128375&cate=112751
608,MAINBOARD,ASUS,ASUS TUF Gaming X870-PLUS WIFI STCOM,395950,,https://img.danuri.io/catalog-image/563/695/067/43a5d6875c594df186e0a2c06aa13934.jpg?shrink=130:130&_v=20260917080535,https://prod.danawa.com/info/?pcode=67695563&cate=112751
609,MAINBOARD,ASUS,ASUS TUF Gaming A620M-PLUS WIFI STCOM,205000,,https://img.danuri.io/catalog-image/059/926/019/e02b2c90c89247268aa415877efb4edf.jpg?shrink=130:130&_v=20260917080531,https://prod.danawa.com/info/?pcode=19926059&cate=112751
610,MAINBOARD,ASUS,ASUS TUF Gaming B850M-PLUS 대원씨티에스,328890,,https://img.danuri.io/catalog-image/426/883/073/51c5270a7db646fb9488b5ded8427ade.jpg?shrink=130:130&_v=20260917080519,https://prod.danawa.com/info/?pcode=73883426&cate=112751
611,MAINBOARD,ASUS,ASUS ROG STRIX B850-A GAMING WIFI 대원씨티에스,413770,,https://img.danuri.io/catalog-image/137/764/073/cde9229383d84ce9b2347e5951419759.jpg?shrink=130:130&_v=20260917222633,https://prod.danawa.com/info/?pcode=73764137&cate=112751
612,MAINBOARD,ASUS,ASUS PRIME A620M-A STCOM,280000,,https://img.danuri.io/catalog-image/310/924/019/f2c2b1595f1847e7ab17afb9f476cd3c.jpg?shrink=130:130&_v=20260917080535,https://prod.danawa.com/info/?pcode=19924310&cate=112751
613,MAINBOARD,ASUS,ASUS ROG STRIX B850-F GAMING WIFI 인텍앤컴퍼니,394000,,https://img.danuri.io/catalog-image/080/944/076/9a1da0466d5c452d8842455558cb7adb.jpg?shrink=130:130&_v=20260918000128,https://prod.danawa.com/info/?pcode=76944080&cate=112751
614,MAINBOARD,ASUS,ASUS ROG STRIX B650-A GAMING WIFI STCOM,364000,,https://img.danuri.io/catalog-image/567/044/018/b80d00bf53e642c0bb2ed87b456de219.jpg?shrink=130:130&_v=20260917080441,https://prod.danawa.com/info/?pcode=18044567&cate=112751
615,MAINBOARD,ASUS,ASUS TUF Gaming B650M-PLUS WIFI 대원씨티에스,250660,,https://img.danuri.io/catalog-image/491/021/018/23f59f8756004ce1a05fd25926659b15.jpg?shrink=130:130&_v=20260917080441,https://prod.danawa.com/info/?pcode=18021491&cate=112751
616,MAINBOARD,ASUS,ASUS TUF Gaming A620M-PLUS STCOM,186000,,https://img.danuri.io/catalog-image/807/925/019/90c87ac4c6704d4780a32373facb1ac1.jpg?shrink=130:130&_v=20260917150503,https://prod.danawa.com/info/?pcode=19925807&cate=112751
617,MAINBOARD,ASUS,ASUS TUF Gaming A620M-PLUS WIFI 대원씨티에스,181000,,https://img.danuri.io/catalog-image/037/927/019/046ee8b9bf444d87aac700d4d372c254.jpg?shrink=130:130&_v=20260909080529,https://prod.danawa.com/info/?pcode=19927037&cate=112751
618,MAINBOARD,ASUS,ASUS ROG CROSSHAIR 2006 대원씨티에스,1245390,,https://img.danuri.io/catalog-image/170/651/123/3851c6ea30744673adedda054967bfb0.jpeg?shrink=130:130&_v=20260917080441,https://prod.danawa.com/info/?pcode=123651170&cate=112751
619,MAINBOARD,ASUS,ASUS ROG STRIX B850-A GAMING WIFI7 NEO 대원씨티에스,376540,,https://img.danuri.io/catalog-image/245/642/122/eda36c3c27d84a31ac688bb324560459.jpeg?shrink=130:130&_v=20260917223927,https://prod.danawa.com/info/?pcode=122642245&cate=112751
620,MAINBOARD,ASUS,ASUS ProArt B850-CREATOR WIFI NEO 대원씨티에스,367280,,https://img.danuri.io/catalog-image/599/641/122/9bd4249e8848430f85791482af924bfb.jpeg?shrink=130:130&_v=20260917223348,https://prod.danawa.com/info/?pcode=122641599&cate=112751
621,MAINBOARD,ASUS,ASUS PRIME B650EM-A WIFI-CSM 대원씨티에스,163890,,https://img.danuri.io/catalog-image/330/723/122/1bf03d18c55c4bcc8240ef2d243b9a02.jpeg?shrink=130:130&_v=20260917234403,https://prod.danawa.com/info/?pcode=122723330&cate=112751
622,MAINBOARD,ASUS,ASUS ROG STRIX X870E-E GAMING WIFI7 NEO 대원씨티에스,891130,,https://img.danuri.io/catalog-image/210/642/122/156874c80acf46a583264a9764768ada.jpeg?shrink=130:130&_v=20260917082623,https://prod.danawa.com/info/?pcode=122642210&cate=112751
623,MAINBOARD,ASUS,ASUS ROG STRIX B850-F GAMING WIFI STCOM,390370,,https://img.danuri.io/catalog-image/918/883/073/e691c920ea514abf85a49c80f7ecb274.jpg?shrink=130:130&_v=20260917161253,https://prod.danawa.com/info/?pcode=73883918&cate=112751
624,MAINBOARD,ASUS,ASUS ROG STRIX B850-A GAMING WIFI STCOM,374980,,https://img.danuri.io/catalog-image/867/883/073/ca319517568b4c5297252f8ad7a84597.jpg?shrink=130:130&_v=20260917161258,https://prod.danawa.com/info/?pcode=73883867&cate=112751
625,MAINBOARD,ASUS,ASUS TUF Gaming B850-PRO WIFI7 W NEO 대원씨티에스,327800,,https://img.danuri.io/catalog-image/328/642/122/0553174c5a39419fab3958e1003b4836.jpeg?shrink=130:130&_v=20260917223358,https://prod.danawa.com/info/?pcode=122642328&cate=112751
626,MAINBOARD,ASUS,ASUS ROG STRIX X870E-A GAMING WIFI7 NEO 대원씨티에스,670710,,https://img.danuri.io/catalog-image/205/645/122/5ffa6ac101284d078645b4a12003e161.jpeg?shrink=130:130&_v=20260917225708,https://prod.danawa.com/info/?pcode=122645205&cate=112751
627,MAINBOARD,ASUS,ASUS PRIME H510M-K R2.0 STCOM,115430,,https://img.danuri.io/catalog-image/822/511/028/7058d35abd584d72acc74dc589a419e2.jpg?shrink=130:130&_v=20260917200918,https://prod.danawa.com/info/?pcode=28511822&cate=112751
628,MAINBOARD,ASUS,ASUS P12R-I STCOM,358990,,https://img.danuri.io/catalog-image/871/927/019/e5d7848308684dbdbfc5376647e5318e.jpg?shrink=130:130&_v=20260917055827,https://prod.danawa.com/info/?pcode=19927871&cate=112751
629,MAINBOARD,ASUS,ASUS TUF Gaming Z590-PLUS 인텍앤컴퍼니,500000,,https://img.danuri.io/catalog-image/644/587/013/c7123290580942dba3c460e772a1df3e.jpg?shrink=130:130&_v=20260917080441,https://prod.danawa.com/info/?pcode=13587644&cate=112751
630,MAINBOARD,ASUS,ASUS ROG MAXIMUS XIII APEX 인텍앤컴퍼니,650000,,https://img.danuri.io/catalog-image/599/875/013/db5c80f6e90c4da2ac93d57444d85f0e.jpg?shrink=130:130&_v=20260917080534,https://prod.danawa.com/info/?pcode=13875599&cate=112751
631,MAINBOARD,ASUS,ASUS PRIME H410M-A STCOM,120000,,https://img.danuri.io/catalog-image/290/971/016/2f95a0a8c5dc4ed496d2b7201d162cda.jpg?shrink=130:130&_v=20260917080531,https://prod.danawa.com/info/?pcode=16971290&cate=112751
632,MAINBOARD,ASUS,ASUS PRIME H510M-K 인텍앤컴퍼니,142100,,https://img.danuri.io/catalog-image/334/005/014/d71fe143fa0a405cbfa59e4123b715be.jpg?shrink=130:130&_v=20260917080519,https://prod.danawa.com/info/?pcode=14005334&cate=112751
633,MAINBOARD,ASUS,ASUS ROG STRIX Z490-E GAMING STCOM,500000,,https://img.danuri.io/catalog-image/097/210/011/f4142a2098334364bec3f85c0efb03c3.jpg?shrink=130:130&_v=20260917080701,https://prod.danawa.com/info/?pcode=11210097&cate=112751
634,MAINBOARD,ASUS,ASUS TUF Gaming B560M-PLUS WIFI 인텍앤컴퍼니,330000,,https://img.danuri.io/catalog-image/976/561/013/bcb3013aa02540b6a1298e0671e661ff.jpg?shrink=130:130&_v=20260917080516,https://prod.danawa.com/info/?pcode=13561976&cate=112751
635,MAINBOARD,ASUS,ASUS PRIME H510M-K R2.0 인텍앤컴퍼니,300000,,https://img.danuri.io/catalog-image/564/027/020/1a2028125fc644e0a2259c0531ee7034.jpg?shrink=130:130&_v=20260917080535,https://prod.danawa.com/info/?pcode=20027564&cate=112751
636,MAINBOARD,ASUS,ASUS ROG STRIX B560-A GAMING WIFI STCOM,500000,,https://img.danuri.io/catalog-image/805/924/013/6a3fb30e677b4c40b4f8deaf5e55e8e7.jpg?shrink=130:130&_v=20260917080534,https://prod.danawa.com/info/?pcode=13924805&cate=112751
637,MAINBOARD,ASUS,ASUS ROG STRIX Z590-F GAMING WIFI 인텍앤컴퍼니,600000,,https://img.danuri.io/catalog-image/441/355/013/cc534e76de4444f7a6e421139032911c.jpg?shrink=130:130&_v=20260917080519,https://prod.danawa.com/info/?pcode=13355441&cate=112751
638,MAINBOARD,ASUS,ASUS TUF Gaming B560M-PLUS WIFI (해외구매),257800,,https://img.danuri.io/catalog-image/498/398/018/3acfc202bf354691ab568d3c2e3cd9d8.jpg?shrink=130:130&_v=20260917080701,https://prod.danawa.com/info/?pcode=18398498&cate=112751
639,MAINBOARD,ASUS,ASUS PRIME H610M-K D4 인텍앤컴퍼니,76600,,https://img.danuri.io/catalog-image/650/083/016/6374b5603cd7476ca5bec5f5a6a83bb1.jpg?shrink=130:130&_v=20260917210148,https://prod.danawa.com/info/?pcode=16083650&cate=112751
640,MAINBOARD,ASUS,ASUS PRIME B760M-A D4 STCOM,128500,,https://img.danuri.io/catalog-image/898/652/018/4583a8aa0dd14c4a88e79cc3681fc073.jpg?shrink=130:130&_v=20260917182713,https://prod.danawa.com/info/?pcode=18652898&cate=112751
641,MAINBOARD,ASUS,ASUS PRIME B760-PLUS 코잇,248120,,https://img.danuri.io/catalog-image/130/756/019/ab2033c7347e4c95a8f65fae32e4dbf7.jpg?shrink=130:130&_v=20260917225708,https://prod.danawa.com/info/?pcode=19756130&cate=112751
642,MAINBOARD,ASUS,ASUS PRIME Z790-P-CSM 코잇,340180,,https://img.danuri.io/catalog-image/803/054/018/d583f2fdf96d425bbf4e6f9803704058.jpg?shrink=130:130&_v=20260917233143,https://prod.danawa.com/info/?pcode=18054803&cate=112751
643,MAINBOARD,ASUS,ASUS ROG STRIX B760-G GAMING WIFI 인텍앤컴퍼니,219750,,https://img.danuri.io/catalog-image/675/772/019/e502347c4e60477fbd968ca37cc51756.jpg?shrink=130:130&_v=20260917080519,https://prod.danawa.com/info/?pcode=19772675&cate=112751
644,MAINBOARD,ASUS,ASUS PRIME Z790-P WIFI-CSM 코잇,368500,,https://img.danuri.io/catalog-image/881/054/018/703ce71dacfb45aebbe8810c54eb4884.jpg?shrink=130:130&_v=20260917080519,https://prod.danawa.com/info/?pcode=18054881&cate=112751
645,MAINBOARD,ASUS,ASUS Pro H610T/CSM D4 코잇 (벌크),173990,,https://img.danuri.io/catalog-image/002/193/017/ae8dd47d740b491e8f068c094a2bb2f0.jpg?shrink=130:130&_v=20260917150303,https://prod.danawa.com/info/?pcode=17193002&cate=112751
646,MAINBOARD,ASUS,ASUS PRIME H610M-CS D4 코잇,75070,,https://img.danuri.io/catalog-image/700/344/020/39bce927a60c40c6a8e7ecc1d34387ae.jpg?shrink=130:130&_v=20260917225648,https://prod.danawa.com/info/?pcode=20344700&cate=112751
647,MAINBOARD,ASUS,ASUS PRIME B760M-K D4 STCOM,123740,,https://img.danuri.io/catalog-image/895/652/018/952312b3ffbf484097c08ca6920aea22.jpg?shrink=130:130&_v=20260917162023,https://prod.danawa.com/info/?pcode=18652895&cate=112751
648,MAINBOARD,ASUS,ASUS ROG STRIX B760-G GAMING WIFI 코잇,219250,,https://img.danuri.io/catalog-image/481/903/019/0ab95686768c4ac69822ddf540899c18.jpg?shrink=130:130&_v=20260917213553,https://prod.danawa.com/info/?pcode=19903481&cate=112751
649,MAINBOARD,ASUS,ASUS PRIME H610M-A D4 STCOM,106490,,https://img.danuri.io/catalog-image/177/103/016/115be85023074cc990ba9392d21bbab2.jpg?shrink=130:130&_v=20260917175258,https://prod.danawa.com/info/?pcode=16103177&cate=112751
650,MAINBOARD,ASUS,ASUS TUF Gaming B760M-PLUS II 코잇,161970,,https://img.danuri.io/catalog-image/659/815/034/6444babdd8ba4c2d90e8e70445c2ed54.jpg?shrink=130:130&_v=20260917170308,https://prod.danawa.com/info/?pcode=34815659&cate=112751
651,MAINBOARD,ASUS,ASUS PRIME B760M-A 인텍앤컴퍼니,143800,,https://img.danuri.io/catalog-image/375/772/019/f54c11a7fbf5426a96b6cd23076c28f6.jpg?shrink=130:130&_v=20260917080531,https://prod.danawa.com/info/?pcode=19772375&cate=112751
652,MAINBOARD,ASUS,ASUS ROG STRIX B760-I GAMING WIFI 코잇,373840,,https://img.danuri.io/catalog-image/924/716/018/176ce26124d24536840e97d900953f4f.jpg?shrink=130:130&_v=20260917215638,https://prod.danawa.com/info/?pcode=18716924&cate=112751
653,MAINBOARD,ASUS,ASUS EX B760M-V5 D4 코잇,121990,,https://img.danuri.io/catalog-image/511/652/018/4bd226440345457c8a3c3b30018d2b8a.jpg?shrink=130:130&_v=20260917113317,https://prod.danawa.com/info/?pcode=18652511&cate=112751
654,MAINBOARD,ASUS,ASUS ROG MAXIMUS Z790 APEX ENCORE STCOM,897990,,https://img.danuri.io/catalog-image/482/803/028/14dbe176a5ed4b2381c758813c3af279.jpg?shrink=130:130&_v=20260917080531,https://prod.danawa.com/info/?pcode=28803482&cate=112751
655,MAINBOARD,ASUS,ASUS PRIME B760M-A STCOM,156000,,https://img.danuri.io/catalog-image/602/605/019/2b526624fec24d23bded1020e76b3903.jpg?shrink=130:130&_v=20260917080519,https://prod.danawa.com/info/?pcode=19605602&cate=112751
656,MAINBOARD,ASUS,ASUS PRO WS W680-ACE IPMI STCOM,729990,,https://img.danuri.io/catalog-image/732/556/019/0929cd0c0399412cbdbf2050f4584fbb.jpg?shrink=130:130&_v=20260918001048,https://prod.danawa.com/info/?pcode=19556732&cate=112751
657,MAINBOARD,ASUS,ASUS PRIME B760M-K D4 코잇,123490,,https://img.danuri.io/catalog-image/442/652/018/ad8325a2acc44defbc98933bbcc24899.jpg?shrink=130:130&_v=20260917225708,https://prod.danawa.com/info/?pcode=18652442&cate=112751
658,MAINBOARD,ASUS,ASUS ROG MAXIMUS Z790 HERO 코잇,1038490,,https://img.danuri.io/catalog-image/819/254/018/775d1882e37b4fe8be3925ebdcfff494.jpg?shrink=130:130&_v=20260917123505,https://prod.danawa.com/info/?pcode=18254819&cate=112751
659,MAINBOARD,ASUS,ASUS PRIME H610I-PLUS 코잇,190470,,https://img.danuri.io/catalog-image/921/393/029/1a2086d44bea48fc83c18f6ad7ddbcd6.jpg?shrink=130:130&_v=20260917215123,https://prod.danawa.com/info/?pcode=29393921&cate=112751
660,MAINBOARD,ASUS,ASUS TUF Gaming B660M-E D4 인텍앤컴퍼니,226900,,https://img.danuri.io/catalog-image/327/085/016/a408865d46534b1189d135980115ade9.jpg?shrink=130:130&_v=20260917080519,https://prod.danawa.com/info/?pcode=16085327&cate=112751
661,MAINBOARD,ASUS,ASUS PRIME B760M-A 코잇,141000,,https://img.danuri.io/catalog-image/527/704/019/30ecfc56c8714a95a7bb65605c942e08.jpg?shrink=130:130&_v=20260917160349,https://prod.danawa.com/info/?pcode=19704527&cate=112751
662,MAINBOARD,ASUS,ASUS PRIME B760M-K 인텍앤컴퍼니,130890,,https://img.danuri.io/catalog-image/217/710/020/363c2a536a394f918a66ff527ec3c4b6.jpg?shrink=130:130&_v=20260918000128,https://prod.danawa.com/info/?pcode=20710217&cate=112751
663,MAINBOARD,ASUS,ASUS PRIME Z790M-PLUS-CSM 코잇,348990,,https://img.danuri.io/catalog-image/008/079/020/7ebb846c0e6d42cb942334e6da7a8978.jpg?shrink=130:130&_v=20260917002123,https://prod.danawa.com/info/?pcode=20079008&cate=112751
664,MAINBOARD,ASUS,ASUS TUF Gaming B760-PLUS WIFI 코잇,278090,,https://img.danuri.io/catalog-image/199/756/019/e5c3853d4c054e70922cd848abcc6f69.jpg?shrink=130:130&_v=20260917225728,https://prod.danawa.com/info/?pcode=19756199&cate=112751
665,MAINBOARD,ASUS,ASUS PRIME B760M-KS 코잇 (벌크),134710,,https://img.danuri.io/catalog-image/690/612/020/4a91e671573d49bcbd8e248569ae70b9.jpg?shrink=130:130&_v=20260917080519,https://prod.danawa.com/info/?pcode=20612690&cate=112751
666,MAINBOARD,ASUS,ASUS PRIME H610M-E 코잇,103950,,https://img.danuri.io/catalog-image/110/675/027/7b9bb904e5e5403fac4fdd696ef8ee7b.jpg?shrink=130:130&_v=20260917170208,https://prod.danawa.com/info/?pcode=27675110&cate=112751
667,MAINBOARD,ASUS,ASUS PRIME B760M-K 코잇,158990,,https://img.danuri.io/catalog-image/650/343/020/7118422f19b946e18f96f36fd2232123.jpg?shrink=130:130&_v=20260917055927,https://prod.danawa.com/info/?pcode=20343650&cate=112751
668,MAINBOARD,ASUS,ASUS P13R-E STCOM,807400,,https://img.danuri.io/catalog-image/137/033/123/ac525fdbd51b4dccbb27489f1658450f.jpeg?shrink=130:130&_v=20260917175848,https://prod.danawa.com/info/?pcode=123033137&cate=112751
669,MAINBOARD,ASUS,ASUS PRIME H610M-CS 2.5G 코잇,112990,,https://img.danuri.io/catalog-image/282/739/034/64cffbfa54024b2d8be51ed6ba549c87.jpg?shrink=130:130&_v=20260917140748,https://prod.danawa.com/info/?pcode=34739282&cate=112751
670,MAINBOARD,ASUS,ASUS PRO WS W680-ACE STCOM,584000,,https://img.danuri.io/catalog-image/996/556/019/2f2140728972441c8720679013d4303c.jpg?shrink=130:130&_v=20260917222543,https://prod.danawa.com/info/?pcode=19556996&cate=112751
671,MAINBOARD,ASUS,ASUS PRIME H610M-D 코잇,110500,,https://img.danuri.io/catalog-image/195/942/029/a490067f38fc4db7a66d95750cc5477c.jpg?shrink=130:130&_v=20260917170303,https://prod.danawa.com/info/?pcode=29942195&cate=112751
672,MAINBOARD,ASUS,ASUS PRIME B760M-K D4 인텍앤컴퍼니,123350,,https://img.danuri.io/catalog-image/312/725/018/8d40db599b494a63bb9242344e7a3a33.jpg?shrink=130:130&_v=20260917080534,https://prod.danawa.com/info/?pcode=18725312&cate=112751
673,MAINBOARD,ASUS,ASUS P13R-M STCOM,743320,,https://img.danuri.io/catalog-image/415/712/122/6b3f0b6d970541bf81275b29216d2b79.jpeg?shrink=130:130&_v=20260917175853,https://prod.danawa.com/info/?pcode=122712415&cate=112751
674,MAINBOARD,ASUS,ASUS TUF Gaming B760M-PLUS 코잇,190890,,https://img.danuri.io/catalog-image/207/628/019/685d33a28ee34a20a91cd4990029bc13.jpg?shrink=130:130&_v=20260917080519,https://prod.danawa.com/info/?pcode=19628207&cate=112751
675,MAINBOARD,ASUS,ASUS PRIME B760M-PLUS-CSM 인텍앤컴퍼니,169000,,https://img.danuri.io/catalog-image/925/810/034/1aa0d09d7113452db6d189a58695da20.jpg?shrink=130:130&_v=20260917061438,https://prod.danawa.com/info/?pcode=34810925&cate=112751
676,MAINBOARD,ASUS,ASUS ROG STRIX B760-I GAMING WIFI STCOM,389550,,https://img.danuri.io/catalog-image/789/662/018/edebc1404c8346cdb3a9a85bdcf8225d.jpg?shrink=130:130&_v=20260917222603,https://prod.danawa.com/info/?pcode=18662789&cate=112751
677,MAINBOARD,ASUS,ASUS PRIME H610M-K D5 인텍앤컴퍼니,79900,,https://img.danuri.io/catalog-image/518/857/028/5d3444119c234c9fb8e920c4290cb6e4.jpg?shrink=130:130&_v=20260917080645,https://prod.danawa.com/info/?pcode=28857518&cate=112751
678,MAINBOARD,ASUS,ASUS TUF Gaming B760-PLUS WIFI 인텍앤컴퍼니,462000,,https://img.danuri.io/catalog-image/598/306/019/e1c82176e757411f9a985bb2a21d7431.jpg?shrink=130:130&_v=20260917080516,https://prod.danawa.com/info/?pcode=19306598&cate=112751
679,MAINBOARD,ASUS,ASUS ROG MAXIMUS Z690 EXTREME GLACIAL STCOM,2994000,,https://img.danuri.io/catalog-image/538/285/016/47cc66cd40f6485fa34a53536f1a385f.jpg?shrink=130:130&_v=20260917080441,https://prod.danawa.com/info/?pcode=16285538&cate=112751
680,MAINBOARD,ASUS,ASUS PRIME H610M-E 인텍앤컴퍼니,166170,,https://img.danuri.io/catalog-image/138/572/027/25335f4b715947f498081ec40d8f1067.jpg?shrink=130:130&_v=20260917080535,https://prod.danawa.com/info/?pcode=27572138&cate=112751
681,MAINBOARD,ASUS,ASUS ROG MAXIMUS Z790 HERO STCOM,1444980,,https://img.danuri.io/catalog-image/849/059/018/cc79be722c6b4bd28474cb84ec5ab9a4.jpg?shrink=130:130&_v=20260917080441,https://prod.danawa.com/info/?pcode=18059849&cate=112751
682,MAINBOARD,ASUS,ASUS PRIME B760M-PLUS-CSM STCOM,227380,,https://img.danuri.io/catalog-image/580/372/034/8ddf1bf8d9214eb48705f42b00c24f0e.jpg?shrink=130:130&_v=20260917080531,https://prod.danawa.com/info/?pcode=34372580&cate=112751
683,MAINBOARD,ASUS,ASUS PRIME B760-PLUS 인텍앤컴퍼니,279000,,https://img.danuri.io/catalog-image/519/772/019/ac3d251d914f41f7becec0c83452868e.jpg?shrink=130:130&_v=20260917080441,https://prod.danawa.com/info/?pcode=19772519&cate=112751
684,MAINBOARD,ASUS,ASUS PRIME H610M-K ARGB 인텍앤컴퍼니,127000,,https://img.danuri.io/catalog-image/623/857/028/8db42947f74b43f690b8af5445b02547.jpg?shrink=130:130&_v=20260917150303,https://prod.danawa.com/info/?pcode=28857623&cate=112751
685,MAINBOARD,ASUS,ASUS PRIME B760-PLUS STCOM,288000,,https://img.danuri.io/catalog-image/325/429/019/57f76aa8c6cb4989bbda6bd55f60478a.jpg?shrink=130:130&_v=20260917080531,https://prod.danawa.com/info/?pcode=19429325&cate=112751
686,MAINBOARD,ASUS,ASUS PRIME B760M-PLUS-CSM 코잇,200990,,https://img.danuri.io/catalog-image/323/815/034/0e724b346caa454a96c5c1e13224310e.jpg?shrink=130:130&_v=20260916080628,https://prod.danawa.com/info/?pcode=34815323&cate=112751
687,MAINBOARD,ASUS,ASUS PRIME B760M-A D4 코잇,132720,,https://img.danuri.io/catalog-image/949/708/106/e8083270671d4ae5b6cfcf1001ea2c23.jpg?shrink=130:130&_v=20260918000218,https://prod.danawa.com/info/?pcode=106708949&cate=112751
688,MAINBOARD,ASUS,ASUS PRIME B760M-A II 코잇,148310,,https://img.danuri.io/catalog-image/238/733/099/e29eec3f7f374379a6d84fb228168087.jpg?shrink=130:130&_v=20260917225603,https://prod.danawa.com/info/?pcode=99733238&cate=112751
689,MAINBOARD,ASUS,ASUS PRIME H610M-K D4 아이보라,78990,,https://img.danuri.io/catalog-image/409/523/018/5cfda3ba172c43a482b617007f442ad0.jpg?shrink=130:130&_v=20260917155723,https://prod.danawa.com/info/?pcode=18523409&cate=112751
690,MAINBOARD,ASUS,ASUS ROG MAXIMUS Z690 EXTREME GLACIAL 아이보라,3264000,,https://img.danuri.io/catalog-image/778/673/015/8fb6c8ddb59d4daf89f9437b74de6089.jpg?shrink=130:130&_v=20260917080519,https://prod.danawa.com/info/?pcode=15673778&cate=112751
691,MAINBOARD,ASUS,ASUS Pro H610T-CSM D5 코잇 (벌크),204590,,https://img.danuri.io/catalog-image/692/426/096/2b3a6648a94e441b97477080abe7d463.jpg?shrink=130:130&_v=20260917080534,https://prod.danawa.com/info/?pcode=96426692&cate=112751
692,MAINBOARD,ASUS,ASUS ROG MAXIMUS Z790 HERO (해외구매),1541000,,https://img.danuri.io/catalog-image/316/169/018/038314dd763b4ee783b31c8cfc7b24e6.jpg?shrink=130:130&_v=20260914080411,https://prod.danawa.com/info/?pcode=18169316&cate=112751
693,MAINBOARD,ASUS,ASUS P13R-E,859000,,https://img.danuri.io/catalog-image/018/059/096/6c8c251a9ae74e3fa3e33e878ceddefb.jpg?shrink=130:130&_v=20260917080441,https://prod.danawa.com/info/?pcode=96059018&cate=112751
694,MAINBOARD,ASUS,ASUS PRIME H610M-E D4 아이보라,157560,,https://img.danuri.io/catalog-image/297/103/016/f7c6d6e8235d4f51aa18b94c12802d2e.jpg?shrink=130:130&_v=20260913080447,https://prod.danawa.com/info/?pcode=16103297&cate=112751
695,MAINBOARD,ASUS,ASUS ROG STRIX B860-G GAMING WIFI 코잇,280300,,https://img.danuri.io/catalog-image/115/338/074/13b4830843164038b4dae87db0283a50.jpg?shrink=130:130&_v=20260918000658,https://prod.danawa.com/info/?pcode=74338115&cate=112751
696,MAINBOARD,ASUS,ASUS PRIME B860M-A-CSM 코잇,178050,,https://img.danuri.io/catalog-image/680/337/074/75c64da016064022a4896cadfa8e7198.jpg?shrink=130:130&_v=20260917141234,https://prod.danawa.com/info/?pcode=74337680&cate=112751
697,MAINBOARD,ASUS,ASUS TUF Gaming Z890-PLUS WIFI 코잇,397420,,https://img.danuri.io/catalog-image/058/697/069/353caecf4f954d2a9cb5e31432653444.jpg?shrink=130:130&_v=20260917170149,https://prod.danawa.com/info/?pcode=69697058&cate=112751
698,MAINBOARD,ASUS,ASUS PRIME B860-PLUS-CSM STCOM,274980,,https://img.danuri.io/catalog-image/114/255/074/0192522553504845b35bad6b2d686cf3.jpg?shrink=130:130&_v=20260918000158,https://prod.danawa.com/info/?pcode=74255114&cate=112751
699,MAINBOARD,ASUS,ASUS B860M AYW GAMING WIFI 인텍앤컴퍼니,174990,,https://img.danuri.io/catalog-image/555/536/075/3c373378925f4a48a56d5f03da2c3404.jpg?shrink=130:130&_v=20260917162030,https://prod.danawa.com/info/?pcode=75536555&cate=112751
700,MAINBOARD,ASUS,ASUS PRIME H810M-X 2.5G Gen5 코잇,118340,,https://img.danuri.io/catalog-image/225/167/108/e45a19140d674c64a7318a3e0cb10668.jpg?shrink=130:130&_v=20260917225648,https://prod.danawa.com/info/?pcode=108167225&cate=112751
701,MAINBOARD,ASUS,ASUS TUF Gaming B860M-PLUS STCOM,240010,,https://img.danuri.io/catalog-image/832/254/074/b8e626b07bd74ac4bffa80a47be6cc7f.jpg?shrink=130:130&_v=20260917080701,https://prod.danawa.com/info/?pcode=74254832&cate=112751
702,MAINBOARD,ASUS,ASUS PRIME H810M-K 인텍앤컴퍼니,87970,,https://img.danuri.io/catalog-image/128/616/104/8d47515167464012b8ae370638e40eb6.jpg?shrink=130:130&_v=20260917080645,https://prod.danawa.com/info/?pcode=104616128&cate=112751
703,MAINBOARD,ASUS,ASUS ROG STRIX Z890-A GAMING WIFI 인텍앤컴퍼니,518900,,https://img.danuri.io/catalog-image/168/656/069/e78f134a0ce04995ac4497c2d1484ab0.jpg?shrink=130:130&_v=20260917080519,https://prod.danawa.com/info/?pcode=69656168&cate=112751
704,MAINBOARD,ASUS,ASUS ROG MAXIMUS Z890 HERO 인텍앤컴퍼니,934990,,https://img.danuri.io/catalog-image/996/566/069/89f1e59159e94ae69f711ede59cb54c3.jpg?shrink=130:130&_v=20260917080534,https://prod.danawa.com/info/?pcode=69566996&cate=112751
705,MAINBOARD,ASUS,ASUS PRO WS Z890-ACE SE STCOM,853500,,https://img.danuri.io/catalog-image/695/382/077/45b3417b44704807ae783f4cd91caf8a.jpg?shrink=130:130&_v=20260917080645,https://prod.danawa.com/info/?pcode=77382695&cate=112751
706,MAINBOARD,ASUS,ASUS ROG STRIX B860-I GAMING WIFI STCOM,429000,,https://img.danuri.io/catalog-image/203/253/074/d3630e33721747dbad9754b767c72a28.jpg?shrink=130:130&_v=20260917080519,https://prod.danawa.com/info/?pcode=74253203&cate=112751
707,MAINBOARD,ASUS,ASUS ProArt Z890-CREATOR WIFI 코잇,837620,,https://img.danuri.io/catalog-image/563/696/069/30d90f610474489daa1e4492e26eb08d.jpg?shrink=130:130&_v=20260917141104,https://prod.danawa.com/info/?pcode=69696563&cate=112751
708,MAINBOARD,ASUS,ASUS ProArt Z890-CREATOR WIFI STCOM,841990,,https://img.danuri.io/catalog-image/147/001/070/7eb27b816c3e4fe4b5b2308b117c2cba.jpg?shrink=130:130&_v=20260917080645,https://prod.danawa.com/info/?pcode=70001147&cate=112751
709,MAINBOARD,ASUS,ASUS PRIME H810M-A 코잇,120440,,https://img.danuri.io/catalog-image/181/083/077/d65e4e9fa60d4a67a472ac5e12ad76e7.jpg?shrink=130:130&_v=20260917225733,https://prod.danawa.com/info/?pcode=77083181&cate=112751
710,MAINBOARD,ASUS,ASUS ROG STRIX Z890-I GAMING WIFI 코잇,738280,,https://img.danuri.io/catalog-image/016/697/069/16d0b81b683b4ab09e2ce63e482aef74.jpg?shrink=130:130&_v=20260918000948,https://prod.danawa.com/info/?pcode=69697016&cate=112751
711,MAINBOARD,ASUS,ASUS PRIME Z890-P-CSM 인텍앤컴퍼니,328960,,https://img.danuri.io/catalog-image/858/656/069/bf2911561e764d2f8ee3c3a5316c098d.jpg?shrink=130:130&_v=20260917150233,https://prod.danawa.com/info/?pcode=69656858&cate=112751
712,MAINBOARD,ASUS,ASUS TUF Gaming B860M-PLUS WIFI STCOM,270000,,https://img.danuri.io/catalog-image/814/254/074/b21c008dbde642f3b67935e37044716d.jpg?shrink=130:130&_v=20260917080519,https://prod.danawa.com/info/?pcode=74254814&cate=112751
713,MAINBOARD,ASUS,ASUS PRIME Z890-P WIFI-CSM STCOM,410800,,https://img.danuri.io/catalog-image/250/661/069/2f7fac20262249cc82af1319761673d6.jpg?shrink=130:130&_v=20260917080531,https://prod.danawa.com/info/?pcode=69661250&cate=112751
714,MAINBOARD,ASUS,ASUS TUF Gaming Z890-PRO WIFI STCOM,417340,,https://img.danuri.io/catalog-image/171/662/069/ba11c8d8ade44a87ace83e1f30be1e54.jpg?shrink=130:130&_v=20260917161749,https://prod.danawa.com/info/?pcode=69662171&cate=112751
715,MAINBOARD,ASUS,ASUS PRIME Z890-P-CSM 코잇,325420,,https://img.danuri.io/catalog-image/269/696/069/f8611941fbd14487b6d7108aadeff8dc.jpg?shrink=130:130&_v=20260917225643,https://prod.danawa.com/info/?pcode=69696269&cate=112751
716,MAINBOARD,ASUS,ASUS TUF Gaming B860-PLUS WIFI STCOM,297830,,https://img.danuri.io/catalog-image/724/254/074/15e610b2efb84d4693e65d2dfdaa8777.jpg?shrink=130:130&_v=20260918000643,https://prod.danawa.com/info/?pcode=74254724&cate=112751
717,MAINBOARD,ASUS,ASUS ROG MAXIMUS Z890 HERO 코잇,897980,,https://img.danuri.io/catalog-image/719/696/069/e6b6807798664d759f8422b5cd19661c.jpg?shrink=130:130&_v=20260918001153,https://prod.danawa.com/info/?pcode=69696719&cate=112751
718,MAINBOARD,ASUS,ASUS PRIME B860-PLUS WIFI-CSM STCOM,292590,,https://img.danuri.io/catalog-image/120/255/074/b8e9b0bb100b4451ba56c89cc568c4cb.jpg?shrink=130:130&_v=20260917175729,https://prod.danawa.com/info/?pcode=74255120&cate=112751
719,MAINBOARD,ASUS,ASUS PRIME Z890M-PLUS WIFI-CSM 코잇,363430,,https://img.danuri.io/catalog-image/464/696/069/115acd6e17a544f3b029954e07629b44.jpg?shrink=130:130&_v=20260917225623,https://prod.danawa.com/info/?pcode=69696464&cate=112751
720,MAINBOARD,ASUS,ASUS Z890 AYW GAMING WIFI W 코잇,392300,,https://img.danuri.io/catalog-image/280/697/069/afa05858776041359cfb62308fdcbc07.jpg?shrink=130:130&_v=20260917140849,https://prod.danawa.com/info/?pcode=69697280&cate=112751
721,MAINBOARD,ASUS,ASUS PRIME H810M-E 코잇,113170,,https://img.danuri.io/catalog-image/990/691/100/6b1c61ea638540f0a7c814184f6aca75.jpg?shrink=130:130&_v=20260917200708,https://prod.danawa.com/info/?pcode=100691990&cate=112751
722,MAINBOARD,ASUS,ASUS ROG STRIX B860-F GAMING WIFI STCOM,428140,,https://img.danuri.io/catalog-image/692/253/074/bceff538474e456b8f05da650bdb511d.jpg?shrink=130:130&_v=20260917080701,https://prod.danawa.com/info/?pcode=74253692&cate=112751
723,MAINBOARD,ASUS,ASUS PRIME Z890M-PLUS WIFI-CSM STCOM,378980,,https://img.danuri.io/catalog-image/455/002/070/401c58437f07495083f1c1e3b318177d.jpg?shrink=130:130&_v=20260917161753,https://prod.danawa.com/info/?pcode=70002455&cate=112751
724,MAINBOARD,ASUS,ASUS PRIME H810M-A 인텍앤컴퍼니,122260,,https://img.danuri.io/catalog-image/068/720/075/46e510f359e6466da7eef74810d50a48.jpg?shrink=130:130&_v=20260917080516,https://prod.danawa.com/info/?pcode=75720068&cate=112751
725,MAINBOARD,ASUS,ASUS PRIME B860M-K-CSM STCOM,186000,,https://img.danuri.io/catalog-image/084/255/074/64a50f5730d342339506eeca2a5fa1df.jpg?shrink=130:130&_v=20260917080701,https://prod.danawa.com/info/?pcode=74255084&cate=112751
726,MAINBOARD,ASUS,ASUS ROG STRIX Z890-I GAMING WIFI 인텍앤컴퍼니,791010,,https://img.danuri.io/catalog-image/266/808/074/243cbdf7de4e439fb488a0bee04ce322.jpg?shrink=130:130&_v=20260917191608,https://prod.danawa.com/info/?pcode=74808266&cate=112751
727,MAINBOARD,ASUS,ASUS PRIME Z890-P WIFI-CSM 코잇,372640,,https://img.danuri.io/catalog-image/089/696/069/aab19cc5155e41e7bd57dfbfdaf6b31e.jpg?shrink=130:130&_v=20260917225733,https://prod.danawa.com/info/?pcode=69696089&cate=112751
728,MAINBOARD,ASUS,ASUS PRIME H810M-A WIFI-CSM STCOM,158980,,https://img.danuri.io/catalog-image/894/336/074/ab736db2c68a47f2b8a79acefc866a9d.jpg?shrink=130:130&_v=20260917080516,https://prod.danawa.com/info/?pcode=74336894&cate=112751
729,MAINBOARD,ASUS,ASUS Z890 AYW GAMING WIFI W STCOM,409000,,https://img.danuri.io/catalog-image/327/662/069/6cfd407deb0e4e2ab22851218b80a901.jpg?shrink=130:130&_v=20260917062433,https://prod.danawa.com/info/?pcode=69662327&cate=112751
730,MAINBOARD,ASUS,ASUS PRIME H810M-A STCOM,125390,,https://img.danuri.io/catalog-image/033/336/074/d6ab27d8dcd64ecca2f94b9c7819a647.jpg?shrink=130:130&_v=20260917063138,https://prod.danawa.com/info/?pcode=74336033&cate=112751
731,MAINBOARD,ASUS,ASUS PRIME B860M-A-CSM STCOM,189500,,https://img.danuri.io/catalog-image/060/255/074/71f9ffc4add447809dc096144b904c9c.jpg?shrink=130:130&_v=20260917120454,https://prod.danawa.com/info/?pcode=74255060&cate=112751
732,MAINBOARD,ASUS,ASUS H810M AYW GAMING WIFI 코잇,153470,,https://img.danuri.io/catalog-image/265/083/077/02bf124d3dec4a19a3a7f5361c2b8797.jpg?shrink=130:130&_v=20260917170228,https://prod.danawa.com/info/?pcode=77083265&cate=112751
733,MAINBOARD,ASUS,ASUS Z890 AYW GAMING WIFI W 인텍앤컴퍼니,397690,,https://img.danuri.io/catalog-image/004/661/069/cbe465fccc114489bb6ec61a919b5670.jpg?shrink=130:130&_v=20260917161743,https://prod.danawa.com/info/?pcode=69661004&cate=112751
734,MAINBOARD,ASUS,ASUS ROG STRIX Z890-E GAMING WIFI 인텍앤컴퍼니,805190,,https://img.danuri.io/catalog-image/276/656/069/35b2c3df5968405088b753da4307d6e5.jpg?shrink=130:130&_v=20260917090523,https://prod.danawa.com/info/?pcode=69656276&cate=112751
735,MAINBOARD,ASUS,ASUS ProArt Z890-CREATOR WIFI 인텍앤컴퍼니,810600,,https://img.danuri.io/catalog-image/214/661/069/0c2fd8aaf23045b5babb291ac316c46f.jpg?shrink=130:130&_v=20260917080441,https://prod.danawa.com/info/?pcode=69661214&cate=112751
736,MAINBOARD,ASUS,ASUS PRIME B860-PLUS WIFI-CSM 인텍앤컴퍼니,214000,,https://img.danuri.io/catalog-image/327/255/074/88884ab66a2941e3bc944d401da8d287.jpg?shrink=130:130&_v=20260917170204,https://prod.danawa.com/info/?pcode=74255327&cate=112751
737,MAINBOARD,ASUS,ASUS PRIME B860M-A-CSM 인텍앤컴퍼니,178990,,https://img.danuri.io/catalog-image/321/255/074/7caf950ee9b4496bac10cf519bb53b85.jpg?shrink=130:130&_v=20260918000737,https://prod.danawa.com/info/?pcode=74255321&cate=112751
738,MAINBOARD,ASUS,ASUS PRIME B860M-A WIFI-CSM STCOM,247000,,https://img.danuri.io/catalog-image/033/255/074/c2aa798da34944f584ad51255259ba18.jpg?shrink=130:130&_v=20260917080645,https://prod.danawa.com/info/?pcode=74255033&cate=112751
739,MAINBOARD,ASUS,ASUS ROG STRIX Z890-F GAMING WIFI 코잇,758970,,https://img.danuri.io/catalog-image/959/696/069/7343a8431bef4b299d8d0c62fa6353dd.jpg?shrink=130:130&_v=20260917133339,https://prod.danawa.com/info/?pcode=69696959&cate=112751
740,MAINBOARD,ASUS,ASUS PRIME H810M-A WIFI STCOM,154980,,https://img.danuri.io/catalog-image/888/336/074/b92a1f4876224f9390b4f3096adcc21b.jpg?shrink=130:130&_v=20260917080516,https://prod.danawa.com/info/?pcode=74336888&cate=112751
741,MAINBOARD,ASUS,ASUS TUF Gaming B860-PLUS WIFI 인텍앤컴퍼니,278310,,https://img.danuri.io/catalog-image/378/255/074/b82b939210f745dca201e7436252e23d.jpg?shrink=130:130&_v=20260917090353,https://prod.danawa.com/info/?pcode=74255378&cate=112751
742,MAINBOARD,ASUS,ASUS H810M AYW GAMING WIFI-CSM STCOM,161000,,https://img.danuri.io/catalog-image/777/463/076/e954133432124f6982920ae32835f255.jpg?shrink=130:130&_v=20260917080519,https://prod.danawa.com/info/?pcode=76463777&cate=112751
743,MAINBOARD,ASUS,ASUS PRIME B860M-A WIFI-CSM 인텍앤컴퍼니,207670,,https://img.danuri.io/catalog-image/204/255/074/8d474cee88144209847d9c4427cf2ecf.jpg?shrink=130:130&_v=20260917161248,https://prod.danawa.com/info/?pcode=74255204&cate=112751
744,MAINBOARD,ASUS,ASUS PRIME H810M-A-CSM STCOM,140180,,https://img.danuri.io/catalog-image/102/336/074/9c3c09773e9a4669b41a800daa89b948.jpg?shrink=130:130&_v=20260917080519,https://prod.danawa.com/info/?pcode=74336102&cate=112751
745,MAINBOARD,ASUS,ASUS PRIME Z890-P WIFI-CSM 인텍앤컴퍼니,398880,,https://img.danuri.io/catalog-image/816/656/069/a0d159e9cecb4e92974f16dc3bc92780.jpg?shrink=130:130&_v=20260917080645,https://prod.danawa.com/info/?pcode=69656816&cate=112751
746,MAINBOARD,ASUS,ASUS PRIME H810M-K STCOM,119500,,https://img.danuri.io/catalog-image/499/989/104/48d1b4aaedd44677b1b4443b4e23c1e6.jpg?shrink=130:130&_v=20260917175903,https://prod.danawa.com/info/?pcode=104989499&cate=112751
747,MAINBOARD,ASUS,ASUS ROG STRIX Z890-I GAMING WIFI STCOM,796810,,https://img.danuri.io/catalog-image/153/662/069/a7fd9d92c67a4b8ea65638fbfe2ce326.jpg?shrink=130:130&_v=20260917191558,https://prod.danawa.com/info/?pcode=69662153&cate=112751
748,MAINBOARD,ASUS,ASUS ROG MAXIMUS Z890 HERO STCOM,1192320,,https://img.danuri.io/catalog-image/799/661/069/702c84f6764f4e228466edbad5e2f2f3.jpg?shrink=130:130&_v=20260917133338,https://prod.danawa.com/info/?pcode=69661799&cate=112751
749,MAINBOARD,ASUS,ASUS ROG STRIX Z890-E GAMING WIFI 코잇,839000,,https://img.danuri.io/catalog-image/863/696/069/cf78867625d942fb86e82969ccfcccdb.jpg?shrink=130:130&_v=20260917080519,https://prod.danawa.com/info/?pcode=69696863&cate=112751
750,MAINBOARD,ASUS,ASUS H810M AYW GAMING WIFI STCOM,154720,,https://img.danuri.io/catalog-image/696/463/076/f50cc9319ba24e5086adbd50452ea9ce.jpg?shrink=130:130&_v=20260917161008,https://prod.danawa.com/info/?pcode=76463696&cate=112751
751,MAINBOARD,ASUS,ASUS ROG STRIX Z890-F GAMING WIFI STCOM,722240,,https://img.danuri.io/catalog-image/114/662/069/00a5e1b24f5e45d0aace3788a56eaac7.jpg?shrink=130:130&_v=20260917133338,https://prod.danawa.com/info/?pcode=69662114&cate=112751
752,MAINBOARD,ASUS,ASUS ROG STRIX Z890-F GAMING WIFI 인텍앤컴퍼니,731610,,https://img.danuri.io/catalog-image/426/656/069/b8cc46c90d2342a49ef7ade704ad107c.jpg?shrink=130:130&_v=20260917080519,https://prod.danawa.com/info/?pcode=69656426&cate=112751
753,MAINBOARD,ASUS,ASUS PRIME Z890-P-CSM STCOM,336330,,https://img.danuri.io/catalog-image/526/661/069/42617f3047d34fcd9566dd97971701ea.jpg?shrink=130:130&_v=20260917080534,https://prod.danawa.com/info/?pcode=69661526&cate=112751
754,MAINBOARD,ASUS,ASUS ROG STRIX B860-F GAMING WIFI 인텍앤컴퍼니,431940,,https://img.danuri.io/catalog-image/336/255/074/a4108309d3434da38b7d7d7535e8bc78.jpg?shrink=130:130&_v=20260917080519,https://prod.danawa.com/info/?pcode=74255336&cate=112751
755,MAINBOARD,ASUS,ASUS ROG STRIX B860-A GAMING WIFI STCOM,399000,,https://img.danuri.io/catalog-image/586/254/074/0e4f82f0ebfe47ed98076f8661d3525e.jpg?shrink=130:130&_v=20260917102024,https://prod.danawa.com/info/?pcode=74254586&cate=112751
756,MAINBOARD,ASUS,ASUS ROG STRIX B860-A GAMING WIFI 인텍앤컴퍼니,398870,,https://img.danuri.io/catalog-image/333/255/074/6317796f57bb401db9bbfc13c3338a6b.jpg?shrink=130:130&_v=20260917230243,https://prod.danawa.com/info/?pcode=74255333&cate=112751
757,MAINBOARD,ASUS,ASUS Pro H810T-CSM,209240,,https://img.danuri.io/catalog-image/754/414/103/0eb3537c0ec54ce1b6c85c5b260a42fa.jpg?shrink=130:130&_v=20260917080535,https://prod.danawa.com/info/?pcode=103414754&cate=112751
758,MAINBOARD,ASUS,ASUS PRIME B860M-A WIFI-CSM 코잇,205960,,https://img.danuri.io/catalog-image/416/698/100/ba660b177928489290d79bd6d7579431.jpg?shrink=130:130&_v=20260917141058,https://prod.danawa.com/info/?pcode=100698416&cate=112751
759,MAINBOARD,ASUS,ASUS ROG STRIX B860-A GAMING WIFI 코잇,369000,,https://img.danuri.io/catalog-image/722/337/074/734359861aa143f0bc249cc0dfc79780.jpg?shrink=130:130&_v=20260917170155,https://prod.danawa.com/info/?pcode=74337722&cate=112751
760,MAINBOARD,ASUS,ASUS ROG STRIX B860-F GAMING WIFI 코잇,424710,,https://img.danuri.io/catalog-image/013/338/074/81076c99158b43d7b6b3d74ff3b69e5d.jpg?shrink=130:130&_v=20260917223138,https://prod.danawa.com/info/?pcode=74338013&cate=112751
761,MAINBOARD,ASUS,ASUS PRIME H810M-A WIFI 코잇,137990,,https://img.danuri.io/catalog-image/238/083/077/c0172aa7191f4146b390ab68a4c260b0.jpg?shrink=130:130&_v=20260917170303,https://prod.danawa.com/info/?pcode=77083238&cate=112751
762,MAINBOARD,ASUS,ASUS TUF Gaming B860-PLUS WIFI 코잇,291370,,https://img.danuri.io/catalog-image/622/338/074/9112934d9c9748bb8e7b52b4e0a4ec96.jpg?shrink=130:130&_v=20260917224218,https://prod.danawa.com/info/?pcode=74338622&cate=112751
763,MAINBOARD,ASUS,ASUS PRIME B860-PLUS-CSM 코잇,275000,,https://img.danuri.io/catalog-image/014/337/074/ec494e68bf044d8691d66168c6bdcf78.jpg?shrink=130:130&_v=20260917140744,https://prod.danawa.com/info/?pcode=74337014&cate=112751
764,MAINBOARD,ASUS,ASUS ROG STRIX B860-I GAMING WIFI 코잇,502850,,https://img.danuri.io/catalog-image/499/338/074/1f204ef943ed447eaadb7b2ea9d8a029.jpg?shrink=130:130&_v=20260917080701,https://prod.danawa.com/info/?pcode=74338499&cate=112751
765,MAINBOARD,ASUS,ASUS TUF Gaming B860M-PLUS 코잇,240900,,https://img.danuri.io/catalog-image/374/621/102/6e4c885391b346f1a558017388c2f57a.jpg?shrink=130:130&_v=20260917080531,https://prod.danawa.com/info/?pcode=102621374&cate=112751
766,MAINBOARD,ASUS,ASUS PRIME Z890-P WIFI-CSM STCOM (중고),335200,,https://img.danuri.io/catalog-image/170/711/096/926cf748af204918827027d0896f7974.jpg?shrink=130:130&_v=20260916080628,https://prod.danawa.com/info/?pcode=96711170&cate=112751
767,MAINBOARD,GIGABYTE,GIGABYTE B550M AORUS ELITE 제이씨현,117680,,https://img.danuri.io/catalog-image/576/684/011/e283c35758ca45b6b399e6c855ccc4de.jpg?shrink=130:130&_v=20260917142623,https://prod.danawa.com/info/?pcode=11684576&cate=112751
768,MAINBOARD,GIGABYTE,GIGABYTE B550M AORUS ELITE 피씨디렉트,117150,,https://img.danuri.io/catalog-image/599/751/011/fbca88484fdf4fce84ca6292e10ad456.jpg?shrink=130:130&_v=20260917231118,https://prod.danawa.com/info/?pcode=11751599&cate=112751
769,MAINBOARD,GIGABYTE,GIGABYTE A520M K V2 제이씨현,55990,,https://img.danuri.io/catalog-image/081/459/020/8fe00fee8e334a799a17192e80150f41.jpg?shrink=130:130&_v=20260918000717,https://prod.danawa.com/info/?pcode=20459081&cate=112751
770,MAINBOARD,GIGABYTE,GIGABYTE A520M K V2 피씨디렉트,59880,,https://img.danuri.io/catalog-image/530/431/019/245533182b4b42bf95e936267fec39c1.jpg?shrink=130:130&_v=20260917225917,https://prod.danawa.com/info/?pcode=19431530&cate=112751
771,MAINBOARD,GIGABYTE,GIGABYTE GA-A320M-S2H 듀러블에디션 피씨디렉트,110000,,https://img.danuri.io/catalog-image/948/997/005/c132687195234485a81af3399faada79.jpg?shrink=130:130&_v=20260917080441,https://prod.danawa.com/info/?pcode=5997948&cate=112751
772,MAINBOARD,GIGABYTE,GIGABYTE A320M-H 듀러블에디션 피씨디렉트,110000,,https://img.danuri.io/catalog-image/307/500/006/17a90a9e823f40abb99f68e9324f0b08.jpg?shrink=130:130&_v=20260917080701,https://prod.danawa.com/info/?pcode=6500307&cate=112751
773,MAINBOARD,GIGABYTE,GIGABYTE A520M S2H 듀러블에디션 제이씨현,480000,,https://img.danuri.io/catalog-image/093/077/012/209f9e1e33414adabb98fdb97ca74358.jpg?shrink=130:130&_v=20260917080534,https://prod.danawa.com/info/?pcode=12077093&cate=112751
774,MAINBOARD,GIGABYTE,GIGABYTE B850M GAMING X WIFI6E 제이씨현,188070,,https://img.danuri.io/catalog-image/197/697/122/8c2152c5c6144a0a8b54e189fedfbff5.png?shrink=130:130&_v=20260917171503,https://prod.danawa.com/info/?pcode=122697197&cate=112751
775,MAINBOARD,GIGABYTE,GIGABYTE B850M AORUS ELITE WIFI6E ICE 피씨디렉트,222250,,https://img.danuri.io/catalog-image/000/892/073/02c13af6f28f43cc9f654c489d2e92ed.jpeg?shrink=130:130&_v=20260918001058,https://prod.danawa.com/info/?pcode=73892000&cate=112751
776,MAINBOARD,GIGABYTE,GIGABYTE X870E AORUS ELITE X3D 피씨디렉트,425750,,https://img.danuri.io/catalog-image/977/764/106/c20e5316d4284e638c90b489f9bfb4d8.jpg?shrink=130:130&_v=20260918000318,https://prod.danawa.com/info/?pcode=106764977&cate=112751
777,MAINBOARD,GIGABYTE,GIGABYTE B650M K 피씨디렉트,112210,,https://img.danuri.io/catalog-image/307/727/021/ae16eb7d429241e5bc56043aaa1d4577.jpg?shrink=130:130&_v=20260917142623,https://prod.danawa.com/info/?pcode=21727307&cate=112751
778,MAINBOARD,GIGABYTE,GIGABYTE B850M GAMING X WIFI6E 피씨디렉트,192990,,https://img.danuri.io/catalog-image/530/694/122/d7c4b8ec55fb4dedaac3ed2338f3af8d.jpeg?shrink=130:130&_v=20260917161148,https://prod.danawa.com/info/?pcode=122694530&cate=112751
779,MAINBOARD,GIGABYTE,GIGABYTE B850 AORUS ELITE-P ICE 피씨디렉트,319710,,https://img.danuri.io/catalog-image/429/130/124/30692d764b1d493f9a6faf3d1709e351.jpeg?shrink=130:130&_v=20260918000643,https://prod.danawa.com/info/?pcode=124130429&cate=112751
780,MAINBOARD,GIGABYTE,GIGABYTE B850 AORUS ELITE-P ICE 제이씨현,319020,,https://img.danuri.io/catalog-image/229/088/124/4f26951ede7b427ab3b1a3545e36f31b.jpeg?shrink=130:130&_v=20260917080519,https://prod.danawa.com/info/?pcode=124088229&cate=112751
781,MAINBOARD,GIGABYTE,GIGABYTE X870E AORUS ELITE X3D ICE 피씨디렉트,410840,,https://img.danuri.io/catalog-image/016/765/106/dc2d957a4abd4333b420dad8a3f7f535.jpg?shrink=130:130&_v=20260917215719,https://prod.danawa.com/info/?pcode=106765016&cate=112751
782,MAINBOARD,GIGABYTE,GIGABYTE B650M K 제이씨현,115170,,https://img.danuri.io/catalog-image/882/324/020/8a13429eca6544eb983c4820c6912413.jpg?shrink=130:130&_v=20260917185823,https://prod.danawa.com/info/?pcode=20324882&cate=112751
783,MAINBOARD,GIGABYTE,GIGABYTE B850M AORUS ELITE WIFI6E ICE 제이씨현,218180,,https://img.danuri.io/catalog-image/423/892/073/3884f311766e4db59002a568888515af.jpg?shrink=130:130&_v=20260917161038,https://prod.danawa.com/info/?pcode=73892423&cate=112751
784,MAINBOARD,GIGABYTE,GIGABYTE X870E AORUS ELITE X3D 제이씨현,419160,,https://img.danuri.io/catalog-image/658/989/107/e8319b10c6b744c7817595049dcb38c3.jpg?shrink=130:130&_v=20260917225733,https://prod.danawa.com/info/?pcode=107989658&cate=112751
785,MAINBOARD,GIGABYTE,GIGABYTE X870E AORUS MASTER X3D ICE 피씨디렉트,839000,,https://img.danuri.io/catalog-image/731/613/098/a406f6c682eb4670991efc89f3b5785d.jpg?shrink=130:130&_v=20260917085956,https://prod.danawa.com/info/?pcode=98613731&cate=112751
786,MAINBOARD,GIGABYTE,GIGABYTE B850 AORUS STEALTH ICE 피씨디렉트,372750,,https://img.danuri.io/catalog-image/604/442/093/7ed22296cd2d48439c408d91c294f773.jpg?shrink=130:130&_v=20260917092600,https://prod.danawa.com/info/?pcode=93442604&cate=112751
787,MAINBOARD,GIGABYTE,GIGABYTE B850M AORUS ELITE WIFI6E 제이씨현,217840,,https://img.danuri.io/catalog-image/671/843/078/a1b4f112e6574c1696040a31a35da1a1.jpeg?shrink=130:130&_v=20260917150508,https://prod.danawa.com/info/?pcode=78843671&cate=112751
788,MAINBOARD,GIGABYTE,GIGABYTE B850 AORUS ELITE WIFI7 제이씨현,280370,,https://img.danuri.io/catalog-image/309/892/073/f78558ed8dbb452da99316f5934e7c2c.jpg?shrink=130:130&_v=20260918001308,https://prod.danawa.com/info/?pcode=73892309&cate=112751
789,MAINBOARD,GIGABYTE,GIGABYTE X870E AORUS ELITE X3D ICE 제이씨현,421620,,https://img.danuri.io/catalog-image/464/767/106/54a3d6fe57c7476da62f006aa5e0ec1d.jpg?shrink=130:130&_v=20260917234933,https://prod.danawa.com/info/?pcode=106767464&cate=112751
790,MAINBOARD,GIGABYTE,GIGABYTE X870 AORUS ELITE WIFI7 ICE 피씨디렉트,342910,,https://img.danuri.io/catalog-image/492/847/067/bc5f4b5894fc4de09e2a0c79ae7d9928.jpg?shrink=130:130&_v=20260917225623,https://prod.danawa.com/info/?pcode=67847492&cate=112751
791,MAINBOARD,GIGABYTE,GIGABYTE X870E AORUS PRO 제이씨현,428000,,https://img.danuri.io/catalog-image/170/600/075/bee582aa87634aa5bf984ed8af68d293.jpg?shrink=130:130&_v=20260917080701,https://prod.danawa.com/info/?pcode=75600170&cate=112751
792,MAINBOARD,GIGABYTE,GIGABYTE B850M AORUS ELITE WIFI6E 피씨디렉트,220230,,https://img.danuri.io/catalog-image/790/000/079/b615041cee4e484ebd59117da7c53882.jpg?shrink=130:130&_v=20260917225703,https://prod.danawa.com/info/?pcode=79000790&cate=112751
793,MAINBOARD,GIGABYTE,GIGABYTE B850M FORCE 제이씨현,147760,,https://img.danuri.io/catalog-image/263/280/095/a8396678b0244dba9804d693058c8297.jpg?shrink=130:130&_v=20260917222643,https://prod.danawa.com/info/?pcode=95280263&cate=112751
794,MAINBOARD,GIGABYTE,GIGABYTE B850M AORUS STEALTH ICE 피씨디렉트,276850,,https://img.danuri.io/catalog-image/775/710/122/68d2291df327467e8b3688a9b5632a0e.jpeg?shrink=130:130&_v=20260917225727,https://prod.danawa.com/info/?pcode=122710775&cate=112751
795,MAINBOARD,GIGABYTE,GIGABYTE B850 AORUS ELITE X3D 피씨디렉트,305840,,https://img.danuri.io/catalog-image/466/718/122/3007fdfa4c034f738e81f6257fe09914.jpeg?shrink=130:130&_v=20260917223148,https://prod.danawa.com/info/?pcode=122718466&cate=112751
796,MAINBOARD,GIGABYTE,GIGABYTE X870E AERO X3D WOOD 피씨디렉트,553950,,https://img.danuri.io/catalog-image/806/829/122/46ef2fb4254e43c989e4a332aa8c5cb4.jpeg?shrink=130:130&_v=20260917225617,https://prod.danawa.com/info/?pcode=122829806&cate=112751
797,MAINBOARD,GIGABYTE,GIGABYTE X870 AORUS ELITE WIFI7 피씨디렉트,335700,,https://img.danuri.io/catalog-image/474/847/067/0220898743144d099489daa6372203a5.jpg?shrink=130:130&_v=20260917215738,https://prod.danawa.com/info/?pcode=67847474&cate=112751
798,MAINBOARD,GIGABYTE,GIGABYTE X870E AERO X3D DARK WOOD 제이씨현,560440,,https://img.danuri.io/catalog-image/050/662/122/6a9fb4c1f5524c9d9b05f350b11ef869.jpeg?shrink=130:130&_v=20260917233408,https://prod.danawa.com/info/?pcode=122662050&cate=112751
799,MAINBOARD,GIGABYTE,GIGABYTE X870E AERO X3D DARK WOOD 피씨디렉트,562070,,https://img.danuri.io/catalog-image/102/681/122/aca2ba2905de4a27882fe5d0db06347f.jpeg?shrink=130:130&_v=20260917233653,https://prod.danawa.com/info/?pcode=122681102&cate=112751
800,MAINBOARD,GIGABYTE,GIGABYTE X870E AORUS PRO X3D ICE 피씨디렉트,594460,,https://img.danuri.io/catalog-image/660/543/098/396d0d5a6a2b42f3bb5e3ad6c269edaa.jpg?shrink=130:130&_v=20260917233348,https://prod.danawa.com/info/?pcode=98543660&cate=112751
801,MAINBOARD,GIGABYTE,GIGABYTE B850 AORUS ELITE WIFI7 ICE 피씨디렉트,288530,,https://img.danuri.io/catalog-image/778/891/073/92547fecf4e642268f08a220564df834.jpg?shrink=130:130&_v=20260918001042,https://prod.danawa.com/info/?pcode=73891778&cate=112751
802,MAINBOARD,GIGABYTE,GIGABYTE B850 AORUS ELITE X3D 제이씨현,317980,,https://img.danuri.io/catalog-image/156/726/122/9db5a34af0114475b3e00d33f6a64c94.jpeg?shrink=130:130&_v=20260917202728,https://prod.danawa.com/info/?pcode=122726156&cate=112751
803,MAINBOARD,GIGABYTE,GIGABYTE X870 AORUS ELITE WIFI7 ICE 제이씨현,342900,,https://img.danuri.io/catalog-image/863/845/067/402321a48aa04d7e8362d3b17ec0ab90.jpg?shrink=130:130&_v=20260917214123,https://prod.danawa.com/info/?pcode=67845863&cate=112751
804,MAINBOARD,GIGABYTE,GIGABYTE X870 AORUS STEALTH 피씨디렉트,447220,,https://img.danuri.io/catalog-image/306/966/104/15ad5d17be574f14b3d8d6d263746458.jpg?shrink=130:130&_v=20260917235728,https://prod.danawa.com/info/?pcode=104966306&cate=112751
805,MAINBOARD,GIGABYTE,GIGABYTE B850M FORCE V2 제이씨현,162370,,https://img.danuri.io/catalog-image/665/699/122/d530ceda3eef451d882cb8105ff1a1bc.jpeg?shrink=130:130&_v=20260917080519,https://prod.danawa.com/info/?pcode=122699665&cate=112751
806,MAINBOARD,GIGABYTE,GIGABYTE X870 AORUS STEALTH ICE 피씨디렉트,447010,,https://img.danuri.io/catalog-image/367/073/093/d7afa928a0b54c1f950fab045830c5d7.jpg?shrink=130:130&_v=20260918001502,https://prod.danawa.com/info/?pcode=93073367&cate=112751
807,MAINBOARD,GIGABYTE,GIGABYTE B850I AORUS PRO 피씨디렉트,315020,,https://img.danuri.io/catalog-image/971/856/077/cecd989d1b6040d6aae5de6ce577d7a8.jpg?shrink=130:130&_v=20260917215658,https://prod.danawa.com/info/?pcode=77856971&cate=112751
808,MAINBOARD,GIGABYTE,GIGABYTE B850M AORUS PRO WIFI7 피씨디렉트,249140,,https://img.danuri.io/catalog-image/713/695/106/9670c0bb3f44481ca7edd1de70a82bdc.jpg?shrink=130:130&_v=20260917215628,https://prod.danawa.com/info/?pcode=106695713&cate=112751
809,MAINBOARD,GIGABYTE,GIGABYTE B850 AORUS STEALTH 제이씨현,379000,,https://img.danuri.io/catalog-image/489/227/108/5d4610548e7e41f185c46c0dd853104a.jpg?shrink=130:130&_v=20260917080519,https://prod.danawa.com/info/?pcode=108227489&cate=112751
810,MAINBOARD,GIGABYTE,GIGABYTE B650 AORUS ELITE V2 피씨디렉트,208990,,https://img.danuri.io/catalog-image/067/071/032/ee9ea18b9e564346bc912aef8c2ac55f.jpg?shrink=130:130&_v=20260917175203,https://prod.danawa.com/info/?pcode=32071067&cate=112751
811,MAINBOARD,GIGABYTE,GIGABYTE B850 EAGLE ICE 피씨디렉트,220220,,https://img.danuri.io/catalog-image/475/192/100/59d934edfd0d45169385b12de7716311.jpg?shrink=130:130&_v=20260917155639,https://prod.danawa.com/info/?pcode=100192475&cate=112751
812,MAINBOARD,GIGABYTE,GIGABYTE B850M DS3H ICE 피씨디렉트,165250,,https://img.danuri.io/catalog-image/880/620/077/8fa76305e6ee4c508f606c7d691fb23f.jpg?shrink=130:130&_v=20260917150458,https://prod.danawa.com/info/?pcode=77620880&cate=112751
813,MAINBOARD,GIGABYTE,GIGABYTE B850M AORUS STEALTH 피씨디렉트,276850,,https://img.danuri.io/catalog-image/792/710/122/e7077bec514044aeb9944425eaee60ef.jpeg?shrink=130:130&_v=20260917225648,https://prod.danawa.com/info/?pcode=122710792&cate=112751
814,MAINBOARD,GIGABYTE,GIGABYTE X870 AORUS INFINITY 제이씨현,1064520,,https://img.danuri.io/catalog-image/388/728/122/c9383a2c9efc488a93002eb4c1ac9be7.jpeg?shrink=130:130&_v=20260917091643,https://prod.danawa.com/info/?pcode=122728388&cate=112751
815,MAINBOARD,GIGABYTE,GIGABYTE B850 AORUS ELITE WIFI7 피씨디렉트,276850,,https://img.danuri.io/catalog-image/739/891/073/68d3ff5d017a475f87e901f41e32f7b0.jpg?shrink=130:130&_v=20260917225703,https://prod.danawa.com/info/?pcode=73891739&cate=112751
816,MAINBOARD,GIGABYTE,GIGABYTE B850M AORUS ELITE WIFI7 ICE-P 피씨디렉트,258990,,https://img.danuri.io/catalog-image/386/945/099/b50c724a34d74c2396e2efa8937fe052.jpg?shrink=130:130&_v=20260917080519,https://prod.danawa.com/info/?pcode=99945386&cate=112751
817,MAINBOARD,GIGABYTE,GIGABYTE X870 AORUS STEALTH 제이씨현,444570,,https://img.danuri.io/catalog-image/564/227/108/8205cec3755a467e8b486b246a18e350.jpg?shrink=130:130&_v=20260917140829,https://prod.danawa.com/info/?pcode=108227564&cate=112751
818,MAINBOARD,GIGABYTE,GIGABYTE X870E AORUS MASTER X3D ICE 제이씨현,820850,,https://img.danuri.io/catalog-image/940/227/098/d72400f63c9e4cb1ab8a75e197dc79aa.jpg?shrink=130:130&_v=20260917080519,https://prod.danawa.com/info/?pcode=98227940&cate=112751
819,MAINBOARD,GIGABYTE,GIGABYTE X870E AORUS XTREME AI TOP 피씨디렉트,939000,,https://img.danuri.io/catalog-image/854/770/073/23793950c2f54616a8ff756109a8c1bf.jpg?shrink=130:130&_v=20260917080516,https://prod.danawa.com/info/?pcode=73770854&cate=112751
820,MAINBOARD,GIGABYTE,GIGABYTE B850M DS3H ICE 제이씨현,165700,,https://img.danuri.io/catalog-image/818/460/077/9088dec620fa48668c7514f79b4de83c.jpeg?shrink=130:130&_v=20260917202613,https://prod.danawa.com/info/?pcode=77460818&cate=112751
821,MAINBOARD,GIGABYTE,GIGABYTE X870 AORUS INFINITY 피씨디렉트,1022690,,https://img.danuri.io/catalog-image/583/726/122/565edad1d23447cd961b93d428f11102.jpeg?shrink=130:130&_v=20260917233408,https://prod.danawa.com/info/?pcode=122726583&cate=112751
822,MAINBOARD,GIGABYTE,GIGABYTE B850 AORUS STEALTH 피씨디렉트,378220,,https://img.danuri.io/catalog-image/336/966/104/a14014cfb7da4bc5b2b4092af6fcee97.jpg?shrink=130:130&_v=20260917234843,https://prod.danawa.com/info/?pcode=104966336&cate=112751
823,MAINBOARD,GIGABYTE,GIGABYTE B850M DS3H 제이씨현,166190,,https://img.danuri.io/catalog-image/354/892/073/e02b2dc9072b4ba8bc8093a8c335df55.jpg?shrink=130:130&_v=20260917230153,https://prod.danawa.com/info/?pcode=73892354&cate=112751
824,MAINBOARD,GIGABYTE,GIGABYTE B850M AORUS STEALTH 제이씨현,278750,,https://img.danuri.io/catalog-image/072/711/122/ae940e75ed7f4287af565866b3af65d9.jpeg?shrink=130:130&_v=20260917215638,https://prod.danawa.com/info/?pcode=122711072&cate=112751
825,MAINBOARD,GIGABYTE,GIGABYTE X870I AORUS PRO ICE 피씨디렉트,463180,,https://img.danuri.io/catalog-image/190/791/077/5fba78fa30474a6f8912fb9c3df0fdbd.jpg?shrink=130:130&_v=20260918001027,https://prod.danawa.com/info/?pcode=77791190&cate=112751
826,MAINBOARD,GIGABYTE,GIGABYTE B850M AORUS STEALTH ICE 제이씨현,295110,,https://img.danuri.io/catalog-image/070/711/122/e1887038e5044aa88ddbe7bf850ba9dd.jpeg?shrink=130:130&_v=20260917080531,https://prod.danawa.com/info/?pcode=122711070&cate=112751
827,MAINBOARD,GIGABYTE,GIGABYTE X870E AORUS PRO X3D ICE 제이씨현,604170,,https://img.danuri.io/catalog-image/074/229/098/ae014ed060674f67a692d7df2fdd9978.jpg?shrink=130:130&_v=20260917091707,https://prod.danawa.com/info/?pcode=98229074&cate=112751
828,MAINBOARD,GIGABYTE,GIGABYTE B850M AORUS PRO WIFI7 제이씨현,250870,,https://img.danuri.io/catalog-image/312/727/106/ac2adce409a3444ab965a08768b3348c.jpg?shrink=130:130&_v=20260917225728,https://prod.danawa.com/info/?pcode=106727312&cate=112751
829,MAINBOARD,GIGABYTE,GIGABYTE B850M DS3H 피씨디렉트,165380,,https://img.danuri.io/catalog-image/084/892/073/ad381bbc3f004d2ea03b1caaf16e62fd.jpg?shrink=130:130&_v=20260917142558,https://prod.danawa.com/info/?pcode=73892084&cate=112751
830,MAINBOARD,GIGABYTE,GIGABYTE B850M FORCE V2 피씨디렉트,158830,,https://img.danuri.io/catalog-image/263/704/106/7c2e4ce93e4d41f88686a0cae0a9c759.jpg?shrink=130:130&_v=20260917174854,https://prod.danawa.com/info/?pcode=106704263&cate=112751
831,MAINBOARD,GIGABYTE,GIGABYTE B850 EAGLE ICE 제이씨현,224890,,https://img.danuri.io/catalog-image/582/746/099/8e403e91d2ea4abda176457331680242.jpg?shrink=130:130&_v=20260917080516,https://prod.danawa.com/info/?pcode=99746582&cate=112751
832,MAINBOARD,GIGABYTE,GIGABYTE X870 EAGLE WIFI7 피씨디렉트,296500,,https://img.danuri.io/catalog-image/706/852/067/e6a9260dc4554485b0ddd0448476c2a1.jpg?shrink=130:130&_v=20260917225643,https://prod.danawa.com/info/?pcode=67852706&cate=112751
833,MAINBOARD,GIGABYTE,GIGABYTE B850M FORCE 피씨디렉트,150920,,https://img.danuri.io/catalog-image/499/200/095/cb9bd177642c4ba687211651ad7f7e36.jpg?shrink=130:130&_v=20260917203358,https://prod.danawa.com/info/?pcode=95200499&cate=112751
834,MAINBOARD,GIGABYTE,GIGABYTE B850 AORUS STEALTH ICE 제이씨현,379000,,https://img.danuri.io/catalog-image/939/500/093/ceeaab002f9a46d18860d9bbbe3364c9.jpg?shrink=130:130&_v=20260917080441,https://prod.danawa.com/info/?pcode=93500939&cate=112751
835,MAINBOARD,GIGABYTE,GIGABYTE A620M H 피씨디렉트,94540,,https://img.danuri.io/catalog-image/508/465/106/6f4d8eb31a794974913df9283e2cd270.jpg?shrink=130:130&_v=20260917200533,https://prod.danawa.com/info/?pcode=106465508&cate=112751
836,MAINBOARD,GIGABYTE,GIGABYTE B650M AORUS ELITE AX ICE 제이씨현,291400,,https://img.danuri.io/catalog-image/127/863/029/8c33a8e3f52342d0a07b877a2f6d3b5b.jpg?shrink=130:130&_v=20260917120210,https://prod.danawa.com/info/?pcode=29863127&cate=112751
837,MAINBOARD,GIGABYTE,GIGABYTE B850M AORUS ELITE WIFI7 ICE-P 제이씨현,295000,,https://img.danuri.io/catalog-image/822/746/099/55684f7fcf364962aa4bc9fa85e63a65.jpg?shrink=130:130&_v=20260917080535,https://prod.danawa.com/info/?pcode=99746822&cate=112751
838,MAINBOARD,GIGABYTE,GIGABYTE X870 AORUS STEALTH ICE 제이씨현,444790,,https://img.danuri.io/catalog-image/223/073/093/8cbb48ea975348d3a790a33d816efd62.jpg?shrink=130:130&_v=20260917113438,https://prod.danawa.com/info/?pcode=93073223&cate=112751
839,MAINBOARD,GIGABYTE,GIGABYTE X870 AORUS ELITE WIFI7 제이씨현,334510,,https://img.danuri.io/catalog-image/815/845/067/19713604f450412b8829a88db7d4e64b.jpg?shrink=130:130&_v=20260917233253,https://prod.danawa.com/info/?pcode=67845815&cate=112751
840,MAINBOARD,GIGABYTE,GIGABYTE X870E AORUS PRO 피씨디렉트,425460,,https://img.danuri.io/catalog-image/548/560/073/10ad3c893894442d975b628a4b0c1e30.jpg?shrink=130:130&_v=20260917230243,https://prod.danawa.com/info/?pcode=73560548&cate=112751
841,MAINBOARD,GIGABYTE,GIGABYTE B850 AORUS ELITE WIFI7 ICE 제이씨현,290050,,https://img.danuri.io/catalog-image/279/892/073/6f3c170ddb4a4819a730168d82d8fbcc.jpg?shrink=130:130&_v=20260917230253,https://prod.danawa.com/info/?pcode=73892279&cate=112751
842,MAINBOARD,GIGABYTE,GIGABYTE X870 EAGLE WIFI7 제이씨현,308990,,https://img.danuri.io/catalog-image/052/846/067/dc726f636602458484b92a927933ea12.jpg?shrink=130:130&_v=20260917080516,https://prod.danawa.com/info/?pcode=67846052&cate=112751
843,MAINBOARD,GIGABYTE,GIGABYTE B650E AORUS ELITE X AX ICE 제이씨현,251690,,https://img.danuri.io/catalog-image/730/741/034/31ab5ea9ad8442d2b2733b53f78c7420.jpg?shrink=130:130&_v=20260917080645,https://prod.danawa.com/info/?pcode=34741730&cate=112751
844,MAINBOARD,GIGABYTE,GIGABYTE B650 AORUS ELITE AX ICE 제이씨현,281000,,https://img.danuri.io/catalog-image/400/070/030/47ccdf7da565483989b228c262481b55.jpg?shrink=130:130&_v=20260917080519,https://prod.danawa.com/info/?pcode=30070400&cate=112751
845,MAINBOARD,GIGABYTE,GIGABYTE X870E AORUS PRO ICE 피씨디렉트,618550,,https://img.danuri.io/catalog-image/609/847/067/3cb4ada7624748c88620404e67943c1e.jpg?shrink=130:130&_v=20260917162553,https://prod.danawa.com/info/?pcode=67847609&cate=112751
846,MAINBOARD,GIGABYTE,GIGABYTE X870E AORUS PRO ICE 제이씨현,648080,,https://img.danuri.io/catalog-image/785/845/067/fd572cce4bc947409a6e618f57935a66.jpg?shrink=130:130&_v=20260917080516,https://prod.danawa.com/info/?pcode=67845785&cate=112751
847,MAINBOARD,GIGABYTE,GIGABYTE B650 AORUS ELITE 피씨디렉트,212500,,https://img.danuri.io/catalog-image/497/189/018/1b6b46659fb54096808df7e82e2738c5.jpg?shrink=130:130&_v=20260917080519,https://prod.danawa.com/info/?pcode=18189497&cate=112751
848,MAINBOARD,GIGABYTE,GIGABYTE B650M AORUS ELITE 제이씨현,170230,,https://img.danuri.io/catalog-image/338/970/017/c6aaa5fe6790440a8be78c36b3e54ff7.jpg?shrink=130:130&_v=20260917222548,https://prod.danawa.com/info/?pcode=17970338&cate=112751
849,MAINBOARD,GIGABYTE,GIGABYTE A620M GAMING X 피씨디렉트,166350,,https://img.danuri.io/catalog-image/299/725/019/cee7aa11415840c7b606a41665444be8.jpg?shrink=130:130&_v=20260917223403,https://prod.danawa.com/info/?pcode=19725299&cate=112751
850,MAINBOARD,GIGABYTE,GIGABYTE B650 AORUS ELITE V2 제이씨현,297000,,https://img.danuri.io/catalog-image/006/078/032/46e8c969f2cb4c559b4d096c698cf4ab.jpg?shrink=130:130&_v=20260917191103,https://prod.danawa.com/info/?pcode=32078006&cate=112751
851,MAINBOARD,GIGABYTE,GIGABYTE X870I AORUS PRO ICE 제이씨현,477000,,https://img.danuri.io/catalog-image/439/402/079/a3722bf03ef246ac993dbfd7fae0f65f.jpg?shrink=130:130&_v=20260917184938,https://prod.danawa.com/info/?pcode=79402439&cate=112751
852,MAINBOARD,GIGABYTE,GIGABYTE X670 AORUS ELITE AX 제이씨현,279000,,https://img.danuri.io/catalog-image/426/915/017/47ed088e5d224643b49b08adac2bc2da.jpg?shrink=130:130&_v=20260917080645,https://prod.danawa.com/info/?pcode=17915426&cate=112751
853,MAINBOARD,GIGABYTE,GIGABYTE B650 AORUS ELITE AX 피씨디렉트,216140,,https://img.danuri.io/catalog-image/146/970/017/67a0c38f4643401ab715d6900bf1e8f8.jpg?shrink=130:130&_v=20260917080441,https://prod.danawa.com/info/?pcode=17970146&cate=112751
854,MAINBOARD,GIGABYTE,GIGABYTE B650M S2H 제이씨현,174720,,https://img.danuri.io/catalog-image/021/731/021/8090c8746dd74244bfad212e1ce6e2bd.jpg?shrink=130:130&_v=20260917080701,https://prod.danawa.com/info/?pcode=21731021&cate=112751
855,MAINBOARD,GIGABYTE,GIGABYTE A620M GAMING X 제이씨현,151520,,https://img.danuri.io/catalog-image/600/673/019/0a965fa6ef5d494f81fd4d97e7cf85ea.jpg?shrink=130:130&_v=20260917080531,https://prod.danawa.com/info/?pcode=19673600&cate=112751
856,MAINBOARD,GIGABYTE,GIGABYTE B650M AORUS ELITE AX 피씨디렉트,314900,,https://img.danuri.io/catalog-image/015/113/018/50ae96f992f74d88992ce5aa26d830c5.jpg?shrink=130:130&_v=20260917080645,https://prod.danawa.com/info/?pcode=18113015&cate=112751
857,MAINBOARD,GIGABYTE,GIGABYTE X870E AORUS ELITE WIFI7 (해외구매),422080,,https://img.danuri.io/catalog-image/327/949/073/0240e75f1a3b44bbadd66ce24fea0904.jpg?shrink=130:130&_v=20260917151008,https://prod.danawa.com/info/?pcode=73949327&cate=112751
858,MAINBOARD,GIGABYTE,GIGABYTE B650M K 제이씨현 (벌크),115900,,https://img.danuri.io/catalog-image/773/080/094/acfb312075c442c090dbd8a0d8106ba4.jpg?shrink=130:130&_v=20260917080519,https://prod.danawa.com/info/?pcode=94080773&cate=112751
859,MAINBOARD,GIGABYTE,GIGABYTE B850M AORUS ELITE WIFI6E ICE 제이씨현 (중고),235470,,https://img.danuri.io/catalog-image/327/904/097/bf31f0e879c1427f84a6ed8490a011a5.jpg?shrink=130:130&_v=20260917080519,https://prod.danawa.com/info/?pcode=97904327&cate=112751
860,MAINBOARD,GIGABYTE,GIGABYTE B650M AORUS ELITE AX (해외구매),418970,,https://img.danuri.io/catalog-image/240/344/018/83c9b1c0dad04c1e95d36cabdbef00e5.jpg?shrink=130:130&_v=20260824144405,https://prod.danawa.com/info/?pcode=18344240&cate=112751
861,MAINBOARD,GIGABYTE,GIGABYTE H510M H 듀러블에디션 제이씨현,960000,,https://img.danuri.io/catalog-image/011/830/013/357493db66aa4553b5e0a03f08d966b8.jpg?shrink=130:130&_v=20260917080531,https://prod.danawa.com/info/?pcode=13830011&cate=112751
862,MAINBOARD,GIGABYTE,GIGABYTE Z590 AORUS ULTRA 제이씨현,550000,,https://img.danuri.io/catalog-image/568/537/013/017269aaaf214ab19ec8c36d77b1ac26.jpg?shrink=130:130&_v=20260917080519,https://prod.danawa.com/info/?pcode=13537568&cate=112751
863,MAINBOARD,GIGABYTE,GIGABYTE Z590 AORUS ULTRA 피씨디렉트,550000,,https://img.danuri.io/catalog-image/285/448/013/43ceb561b4a041a3aae8c8ea6ad00ed3.jpg?shrink=130:130&_v=20260917080516,https://prod.danawa.com/info/?pcode=13448285&cate=112751
864,MAINBOARD,GIGABYTE,GIGABYTE B560M AORUS PRO AX (해외구매),278200,,https://img.danuri.io/catalog-image/403/397/018/1eddd0bba2604d35aa6e3cd087f579e2.jpg?shrink=130:130&_v=20260917080516,https://prod.danawa.com/info/?pcode=18397403&cate=112751
865,MAINBOARD,GIGABYTE,GIGABYTE B760M DS3H D4 피씨디렉트,123300,,https://img.danuri.io/catalog-image/560/651/018/57e2383efe6d480698404a34717ddd6a.jpg?shrink=130:130&_v=20260917225923,https://prod.danawa.com/info/?pcode=18651560&cate=112751
866,MAINBOARD,GIGABYTE,GIGABYTE B760M AORUS ELITE D4 GEN5 피씨디렉트,173400,,https://img.danuri.io/catalog-image/494/813/105/17e2cb61b6454ca7bec9e982578075f6.jpg?shrink=130:130&_v=20260917192908,https://prod.danawa.com/info/?pcode=105813494&cate=112751
867,MAINBOARD,GIGABYTE,GIGABYTE B760M DS3H WIFI6E D4 GEN5 피씨디렉트,147310,,https://img.danuri.io/catalog-image/915/968/105/9558f358f1414a65a65204da9fc57606.jpg?shrink=130:130&_v=20260917234633,https://prod.danawa.com/info/?pcode=105968915&cate=112751
868,MAINBOARD,GIGABYTE,GIGABYTE H610M K D4 제이씨현,71310,,https://img.danuri.io/catalog-image/778/670/018/4a255d221ec84b9bb36d2771d238a219.jpg?shrink=130:130&_v=20260917202753,https://prod.danawa.com/info/?pcode=18670778&cate=112751
869,MAINBOARD,GIGABYTE,GIGABYTE H610M K D4 피씨디렉트,69190,,https://img.danuri.io/catalog-image/455/663/018/b7b6a6af01824bb99549ae8c1bd63693.jpg?shrink=130:130&_v=20260917225858,https://prod.danawa.com/info/?pcode=18663455&cate=112751
870,MAINBOARD,GIGABYTE,GIGABYTE B760M DS3H D4 GEN5 피씨디렉트,129750,,https://img.danuri.io/catalog-image/367/597/109/d5efd90dbccb4e67b81af64065183a48.jpg?shrink=130:130&_v=20260917185803,https://prod.danawa.com/info/?pcode=109597367&cate=112751
871,MAINBOARD,GIGABYTE,GIGABYTE B760M AORUS ELITE GEN5 제이씨현,171920,,https://img.danuri.io/catalog-image/250/271/090/9ade02abd0a34c15bcae18458176afd6.jpg?shrink=130:130&_v=20260917213853,https://prod.danawa.com/info/?pcode=90271250&cate=112751
872,MAINBOARD,GIGABYTE,GIGABYTE B760M AORUS ELITE D4 GEN5 제이씨현,177480,,https://img.danuri.io/catalog-image/802/817/105/01739ac1c356455a8027c53ce33897eb.jpg?shrink=130:130&_v=20260917080441,https://prod.danawa.com/info/?pcode=105817802&cate=112751
873,MAINBOARD,GIGABYTE,GIGABYTE H610I D4 듀러블에디션 피씨디렉트,159630,,https://img.danuri.io/catalog-image/992/697/017/6e9b0daa276e4386a79bb9da151b3e47.jpg?shrink=130:130&_v=20260917225603,https://prod.danawa.com/info/?pcode=17697992&cate=112751
874,MAINBOARD,GIGABYTE,GIGABYTE B760M DS3H D4 제이씨현,126880,,https://img.danuri.io/catalog-image/483/650/018/1958a6f18bfc4b2bb58ec278510e8851.jpg?shrink=130:130&_v=20260917222628,https://prod.danawa.com/info/?pcode=18650483&cate=112751
875,MAINBOARD,GIGABYTE,GIGABYTE H610M H V2 D4 피씨디렉트,78790,,https://img.danuri.io/catalog-image/583/119/020/60aef7325a6d4c43aa62d323b7f883e3.jpg?shrink=130:130&_v=20260917225648,https://prod.danawa.com/info/?pcode=20119583&cate=112751
876,MAINBOARD,GIGABYTE,GIGABYTE B760M DS3H GEN5 피씨디렉트,134340,,https://img.danuri.io/catalog-image/095/872/091/c6b6e2275398419092bdcf45966263a9.jpg?shrink=130:130&_v=20260917233403,https://prod.danawa.com/info/?pcode=91872095&cate=112751
877,MAINBOARD,GIGABYTE,GIGABYTE Z790 UD 피씨디렉트,301950,,https://img.danuri.io/catalog-image/245/261/018/4c272a371f6344b893ca504b305b0793.jpg?shrink=130:130&_v=20260918000727,https://prod.danawa.com/info/?pcode=18261245&cate=112751
878,MAINBOARD,GIGABYTE,GIGABYTE H610M S2H V2 피씨디렉트,107020,,https://img.danuri.io/catalog-image/479/307/065/7d7cba7a55ee401380f2aa2b2b7d13e0.jpg?shrink=130:130&_v=20260917215743,https://prod.danawa.com/info/?pcode=65307479&cate=112751
879,MAINBOARD,GIGABYTE,GIGABYTE Z790 AORUS ELITE 제이씨현,240380,,https://img.danuri.io/catalog-image/316/112/018/d521d4d4f12346c7b7914f47c3bf0a74.jpg?shrink=130:130&_v=20260917222628,https://prod.danawa.com/info/?pcode=18112316&cate=112751
880,MAINBOARD,GIGABYTE,GIGABYTE B760M DS3H D4 GEN5 제이씨현,133050,,https://img.danuri.io/catalog-image/725/044/106/390230f55daf46cb9114207d6594a1cf.jpg?shrink=130:130&_v=20260917233148,https://prod.danawa.com/info/?pcode=106044725&cate=112751
881,MAINBOARD,GIGABYTE,GIGABYTE B760M DS3H WIFI6E D4 GEN5 제이씨현,155000,,https://img.danuri.io/catalog-image/329/047/106/8aa0c3f9a59644a6a93d9f9d0f0a35a9.jpg?shrink=130:130&_v=20260917080519,https://prod.danawa.com/info/?pcode=106047329&cate=112751
882,MAINBOARD,GIGABYTE,GIGABYTE H610M K V2 피씨디렉트,72990,,https://img.danuri.io/catalog-image/283/678/067/224712f157cb4fc2b07f7fb257bd374a.jpg?shrink=130:130&_v=20260917092730,https://prod.danawa.com/info/?pcode=67678283&cate=112751
883,MAINBOARD,GIGABYTE,GIGABYTE B760M AORUS ELITE GEN5 피씨디렉트,176240,,https://img.danuri.io/catalog-image/931/502/090/01d70c624bfd439cb6e044306c4fcd40.jpg?shrink=130:130&_v=20260918001108,https://prod.danawa.com/info/?pcode=90502931&cate=112751
884,MAINBOARD,GIGABYTE,GIGABYTE B760M AORUS ELITE D4 피씨디렉트,197330,,https://img.danuri.io/catalog-image/545/651/018/f83a06bae3034bef8f01461ece03ab41.jpg?shrink=130:130&_v=20260917080535,https://prod.danawa.com/info/?pcode=18651545&cate=112751
885,MAINBOARD,GIGABYTE,GIGABYTE H610M H V2 제이씨현,98540,,https://img.danuri.io/catalog-image/259/046/066/f0d040bf798f4324977ea395c1388104.jpg?shrink=130:130&_v=20260917150303,https://prod.danawa.com/info/?pcode=66046259&cate=112751
886,MAINBOARD,GIGABYTE,GIGABYTE H610M S2H V2 D4 듀러블에디션 제이씨현,104990,,https://img.danuri.io/catalog-image/146/242/019/50e51c5d1faf43d3948ebe2cd7352a96.jpg?shrink=130:130&_v=20260917150324,https://prod.danawa.com/info/?pcode=19242146&cate=112751
887,MAINBOARD,GIGABYTE,GIGABYTE B760M DS3H GEN5 제이씨현,132990,,https://img.danuri.io/catalog-image/951/871/091/1e26342b1f6a4b25a6ad5c0776c8334b.jpg?shrink=130:130&_v=20260917080519,https://prod.danawa.com/info/?pcode=91871951&cate=112751
888,MAINBOARD,GIGABYTE,GIGABYTE B760M D2HX LITE SI GEN5 피씨디렉트 (벌크),96350,,https://img.danuri.io/catalog-image/226/888/094/0632a71116f647e18bcbcaf8a63714a0.jpg?shrink=130:130&_v=20260917225703,https://prod.danawa.com/info/?pcode=94888226&cate=112751
889,MAINBOARD,GIGABYTE,GIGABYTE H610M K V2 제이씨현,74500,,https://img.danuri.io/catalog-image/349/046/066/c7cb7d19ee4445d5b2ff02d677215b1e.jpg?shrink=130:130&_v=20260917233143,https://prod.danawa.com/info/?pcode=66046349&cate=112751
890,MAINBOARD,GIGABYTE,GIGABYTE H610M S2H V2 제이씨현,112530,,https://img.danuri.io/catalog-image/067/046/066/1fdc61a410274b0b90437b59aa06b955.jpg?shrink=130:130&_v=20260918001332,https://prod.danawa.com/info/?pcode=66046067&cate=112751
891,MAINBOARD,GIGABYTE,GIGABYTE H610M H V2 피씨디렉트,99490,,https://img.danuri.io/catalog-image/265/375/064/042eed4fd15a44feac6b8eeb3f40361b.jpg?shrink=130:130&_v=20260917185718,https://prod.danawa.com/info/?pcode=64375265&cate=112751
892,MAINBOARD,GIGABYTE,GIGABYTE Z790 AORUS ELITE AX 피씨디렉트,450000,,https://img.danuri.io/catalog-image/176/261/018/b1bfe69b3bb24e0f8a13c3afbc30baf0.jpg?shrink=130:130&_v=20260917080519,https://prod.danawa.com/info/?pcode=18261176&cate=112751
893,MAINBOARD,GIGABYTE,GIGABYTE Z790 AORUS XTREME X ICE + AORUS 지포스 RTX 4080 SUPER XTREME ICE 패키지 피씨디렉트,3115260,,https://img.danuri.io/catalog-image/606/326/054/7347bad60aaa42408f8967a80c5cd282.jpg?shrink=130:130&_v=20260917090022,https://prod.danawa.com/info/?pcode=54326606&cate=112751
894,MAINBOARD,GIGABYTE,GIGABYTE B760M DS3H 피씨디렉트,151720,,https://img.danuri.io/catalog-image/991/781/018/59e44b8a455443b3818469d4bf31a298.jpg?shrink=130:130&_v=20260917080516,https://prod.danawa.com/info/?pcode=18781991&cate=112751
895,MAINBOARD,GIGABYTE,GIGABYTE Z790 AORUS XTREME 제이씨현,1550000,,https://img.danuri.io/catalog-image/412/460/018/e446fae8f6584757860b08db458006dc.jpg?shrink=130:130&_v=20260917080701,https://prod.danawa.com/info/?pcode=18460412&cate=112751
896,MAINBOARD,GIGABYTE,GIGABYTE Z690 AORUS XTREME WATERFORCE 피씨디렉트,1080000,,https://img.danuri.io/catalog-image/150/932/015/dfca1dc9e70f4e4db556349f568b66c4.jpg?shrink=130:130&_v=20260917080516,https://prod.danawa.com/info/?pcode=15932150&cate=112751
897,MAINBOARD,GIGABYTE,GIGABYTE B760M DS3H 제이씨현,139000,,https://img.danuri.io/catalog-image/608/813/018/a8f47ee3741c4987bde853edc62cf9e2.jpg?shrink=130:130&_v=20260917080519,https://prod.danawa.com/info/?pcode=18813608&cate=112751
898,MAINBOARD,GIGABYTE,GIGABYTE Z790 AORUS ELITE AX 제이씨현,450000,,https://img.danuri.io/catalog-image/857/264/018/392af8d447df4117835e09e2979552f0.jpg?shrink=130:130&_v=20260917080645,https://prod.danawa.com/info/?pcode=18264857&cate=112751
899,MAINBOARD,GIGABYTE,GIGABYTE Z690 AORUS ELITE 피씨디렉트,450000,,https://img.danuri.io/catalog-image/582/653/015/4b1eb545df484b53beb8a41e5dd0560d.jpg?shrink=130:130&_v=20260917080519,https://prod.danawa.com/info/?pcode=15653582&cate=112751
900,MAINBOARD,GIGABYTE,GIGABYTE B760M AORUS ELITE 제이씨현,190000,,https://img.danuri.io/catalog-image/997/649/018/ece6b401f5ab49f29622971ab69b8a52.jpg?shrink=130:130&_v=20260917080534,https://prod.danawa.com/info/?pcode=18649997&cate=112751
901,MAINBOARD,GIGABYTE,GIGABYTE H610M S2H V2 D4 듀러블에디션 피씨디렉트,114000,,https://img.danuri.io/catalog-image/107/170/019/8c480ababf204329baa112e3710c592c.jpg?shrink=130:130&_v=20260917150240,https://prod.danawa.com/info/?pcode=19170107&cate=112751
902,MAINBOARD,GIGABYTE,GIGABYTE Z790 AORUS ELITE 피씨디렉트,216690,,https://img.danuri.io/catalog-image/350/060/018/f969f07f33c344748dc380e19b713d4e.jpg?shrink=130:130&_v=20260917080519,https://prod.danawa.com/info/?pcode=18060350&cate=112751
903,MAINBOARD,GIGABYTE,GIGABYTE H610M K 제이씨현,82990,,https://img.danuri.io/catalog-image/515/938/019/6c0638a3abb04f4a9da61260d91c39f9.jpg?shrink=130:130&_v=20260917080519,https://prod.danawa.com/info/?pcode=19938515&cate=112751
904,MAINBOARD,GIGABYTE,GIGABYTE H610M H V2 D4 제이씨현,92120,,https://img.danuri.io/catalog-image/924/462/020/d9b50140cfc14d968ad637c3ad15091d.jpg?shrink=130:130&_v=20260917080441,https://prod.danawa.com/info/?pcode=20462924&cate=112751
905,MAINBOARD,GIGABYTE,GIGABYTE B760M AORUS ELITE 피씨디렉트,189990,,https://img.danuri.io/catalog-image/431/651/018/f64db52e0cc644d4821b78c8c92d4b17.jpg?shrink=130:130&_v=20260917080516,https://prod.danawa.com/info/?pcode=18651431&cate=112751
906,MAINBOARD,GIGABYTE,GIGABYTE H610M K 피씨디렉트,81000,,https://img.danuri.io/catalog-image/916/999/019/201a357e18dd4142a564e3d54727ac23.jpg?shrink=130:130&_v=20260917080531,https://prod.danawa.com/info/?pcode=19999916&cate=112751
907,MAINBOARD,GIGABYTE,GIGABYTE Z790 UD 제이씨현,514500,,https://img.danuri.io/catalog-image/187/265/018/6195e27f82d4425e970cb2a545be03a0.jpg?shrink=130:130&_v=20260917080441,https://prod.danawa.com/info/?pcode=18265187&cate=112751
908,MAINBOARD,GIGABYTE,GIGABYTE Z690 AORUS ELITE 제이씨현,369000,,https://img.danuri.io/catalog-image/012/791/015/c681d555b1774b87b4073ed2f492c7c2.jpg?shrink=130:130&_v=20260916080628,https://prod.danawa.com/info/?pcode=15791012&cate=112751
909,MAINBOARD,GIGABYTE,GIGABYTE H610M H 듀러블에디션 제이씨현,108000,,https://img.danuri.io/catalog-image/507/619/019/15c1e7e392624e5fa4410bd8e6e18ae7.jpg?shrink=130:130&_v=20260917080645,https://prod.danawa.com/info/?pcode=19619507&cate=112751
910,MAINBOARD,GIGABYTE,GIGABYTE H610M S2H 듀러블에디션 피씨디렉트,121000,,https://img.danuri.io/catalog-image/694/834/019/128bb454520e4b0eb39eb5c9396d507b.jpg?shrink=130:130&_v=20260917080516,https://prod.danawa.com/info/?pcode=19834694&cate=112751
911,MAINBOARD,GIGABYTE,GIGABYTE H610M S2H 듀러블에디션 제이씨현,135000,,https://img.danuri.io/catalog-image/558/610/019/2f2e7364969e44a19008d6d458a5c4a5.jpg?shrink=130:130&_v=20260917080519,https://prod.danawa.com/info/?pcode=19610558&cate=112751
912,MAINBOARD,GIGABYTE,GIGABYTE H610M H D4 듀러블에디션 제이씨현,102000,,https://img.danuri.io/catalog-image/367/102/016/0f0f6d3ef4704e0fb681393f067cf2a7.jpg?shrink=130:130&_v=20260917150340,https://prod.danawa.com/info/?pcode=16102367&cate=112751
913,MAINBOARD,GIGABYTE,GIGABYTE H610M S2H D4 듀러블에디션 제이씨현,129000,,https://img.danuri.io/catalog-image/667/102/016/595879287d81471286125164118815c7.jpg?shrink=130:130&_v=20260916080423,https://prod.danawa.com/info/?pcode=16102667&cate=112751
914,MAINBOARD,GIGABYTE,GIGABYTE H610M K D4 제이씨현 (벌크),70380,,https://img.danuri.io/catalog-image/067/002/032/02cbe4f323a349a08bfae820a28e0953.jpg?shrink=130:130&_v=20260917092725,https://prod.danawa.com/info/?pcode=32002067&cate=112751
915,MAINBOARD,GIGABYTE,GIGABYTE H610M K D4 피씨디렉트 (벌크),71500,,https://img.danuri.io/catalog-image/501/286/037/c545fda9f62a418682783b83bac57878.jpg?shrink=130:130&_v=20260917170249,https://prod.danawa.com/info/?pcode=37286501&cate=112751
916,MAINBOARD,GIGABYTE,GIGABYTE H610M K V2 제이씨현 (벌크),73000,,https://img.danuri.io/catalog-image/806/080/094/b87032521a44452f97e94e96804c974b.jpg?shrink=130:130&_v=20260917090100,https://prod.danawa.com/info/?pcode=94080806&cate=112751
917,MAINBOARD,GIGABYTE,GIGABYTE H610M K 피씨디렉트 (벌크),95030,,https://img.danuri.io/catalog-image/687/286/037/3632cbed95564a45b05235eeaaa722e0.jpg?shrink=130:130&_v=20260917234128,https://prod.danawa.com/info/?pcode=37286687&cate=112751
918,MAINBOARD,GIGABYTE,GIGABYTE H610M H V2 D4 피씨디렉트 (벌크),86380,,https://img.danuri.io/catalog-image/591/286/037/e843dbc72e7242e794077bf5b2934e2d.jpg?shrink=130:130&_v=20260917080516,https://prod.danawa.com/info/?pcode=37286591&cate=112751
919,MAINBOARD,GIGABYTE,GIGABYTE H610M H V2 D4 제이씨현 (벌크),99000,,https://img.danuri.io/catalog-image/158/534/027/8ca7f32b1e61488998d3f21c16085f1b.jpg?shrink=130:130&_v=20260917150323,https://prod.danawa.com/info/?pcode=27534158&cate=112751
920,MAINBOARD,GIGABYTE,GIGABYTE Z790 AORUS ELITE AX (해외구매),556570,,https://img.danuri.io/catalog-image/078/344/018/4f7ee5f11fb44c5b97f141eba270d4f2.jpg?shrink=130:130&_v=20260913080448,https://prod.danawa.com/info/?pcode=18344078&cate=112751
921,MAINBOARD,GIGABYTE,GIGABYTE H610M K 피씨디렉트 (중고),81000,,https://img.danuri.io/catalog-image/954/314/096/3ab76c3fa1f74d209c3c2d7c5ad4cdf6.jpg?shrink=130:130&_v=20260823080511,https://prod.danawa.com/info/?pcode=96314954&cate=112751
922,MAINBOARD,GIGABYTE,GIGABYTE B860M DS3H 제이씨현,167460,,https://img.danuri.io/catalog-image/349/251/074/62ce9d2b2a1548ccb1d917e02e3a2690.jpg?shrink=130:130&_v=20260917080645,https://prod.danawa.com/info/?pcode=74251349&cate=112751
923,MAINBOARD,GIGABYTE,GIGABYTE B860M AORUS ELITE WIFI6E 피씨디렉트,240840,,https://img.danuri.io/catalog-image/390/255/074/b23c27663c3146d981d68540ecfd10de.jpg?shrink=130:130&_v=20260917215618,https://prod.danawa.com/info/?pcode=74255390&cate=112751
924,MAINBOARD,GIGABYTE,GIGABYTE B860M GAMING X 피씨디렉트,178090,,https://img.danuri.io/catalog-image/173/669/122/a1d75890ebf04e67baba63f7677a56fe.jpeg?shrink=130:130&_v=20260917223143,https://prod.danawa.com/info/?pcode=122669173&cate=112751
925,MAINBOARD,GIGABYTE,GIGABYTE Z890 AORUS ELITE WIFI7 PLUS 피씨디렉트,331760,,https://img.danuri.io/catalog-image/802/617/122/aa5fc84e67104d1db7cc68d4a590c9ed.jpeg?shrink=130:130&_v=20260917185723,https://prod.danawa.com/info/?pcode=122617802&cate=112751
926,MAINBOARD,GIGABYTE,GIGABYTE H810M S2H GEN5 피씨디렉트,115240,,https://img.danuri.io/catalog-image/174/688/106/bb763b011d5a4472b796d8754e334006.jpg?shrink=130:130&_v=20260918000203,https://prod.danawa.com/info/?pcode=106688174&cate=112751
927,MAINBOARD,GIGABYTE,GIGABYTE H810M H 제이씨현,100320,,https://img.danuri.io/catalog-image/815/941/076/ef74169124764df9ba93cc787145bb7b.jpg?shrink=130:130&_v=20260917233353,https://prod.danawa.com/info/?pcode=76941815&cate=112751
928,MAINBOARD,GIGABYTE,GIGABYTE B860M DS3H 피씨디렉트,167750,,https://img.danuri.io/catalog-image/393/255/074/f8cc11d0038a44b8b6e6f39dbda9cdd2.jpeg?shrink=130:130&_v=20260917095704,https://prod.danawa.com/info/?pcode=74255393&cate=112751
929,MAINBOARD,GIGABYTE,GIGABYTE B860M AORUS ELITE WIFI6E ICE 피씨디렉트,248100,,https://img.danuri.io/catalog-image/387/255/074/e0c38a9e81d34372a3f8f5859e710520.jpg?shrink=130:130&_v=20260917080519,https://prod.danawa.com/info/?pcode=74255387&cate=112751
930,MAINBOARD,GIGABYTE,GIGABYTE B860M AORUS ELITE 피씨디렉트,212990,,https://img.danuri.io/catalog-image/384/255/074/67bda226f5e5420a99852d52f50b6099.jpeg?shrink=130:130&_v=20260917233403,https://prod.danawa.com/info/?pcode=74255384&cate=112751
931,MAINBOARD,GIGABYTE,GIGABYTE Z890 AORUS ELITE WIFI7 제이씨현,347190,,https://img.danuri.io/catalog-image/182/699/069/00143fb6525c4466827abba7d4d297d0.jpg?shrink=130:130&_v=20260917200653,https://prod.danawa.com/info/?pcode=69699182&cate=112751
932,MAINBOARD,GIGABYTE,GIGABYTE B860M AORUS ELITE 제이씨현,216980,,https://img.danuri.io/catalog-image/253/251/074/ea139d98811546798cc854cc98ea66b6.jpg?shrink=130:130&_v=20260917150753,https://prod.danawa.com/info/?pcode=74251253&cate=112751
933,MAINBOARD,GIGABYTE,GIGABYTE Z890M AORUS ELITE WIFI7 피씨디렉트,295460,,https://img.danuri.io/catalog-image/914/617/122/5b8ff2ddfc664349851609d036381e31.jpeg?shrink=130:130&_v=20260917215658,https://prod.danawa.com/info/?pcode=122617914&cate=112751
934,MAINBOARD,GIGABYTE,GIGABYTE B860 AORUS ELITE WIFI7 ICE 피씨디렉트,272940,,https://img.danuri.io/catalog-image/381/255/074/8e9f642093a8420d903f3dd1ebc93c4c.jpg?shrink=130:130&_v=20260917225647,https://prod.danawa.com/info/?pcode=74255381&cate=112751
935,MAINBOARD,GIGABYTE,GIGABYTE Z890 AORUS PRO ICE 제이씨현,401600,,https://img.danuri.io/catalog-image/870/698/069/458c8c9b6b184c748639535abd2ba535.jpg?shrink=130:130&_v=20260917215717,https://prod.danawa.com/info/?pcode=69698870&cate=112751
936,MAINBOARD,GIGABYTE,GIGABYTE Z890I AORUS ULTRA 피씨디렉트,469620,,https://img.danuri.io/catalog-image/695/699/069/344f2718383848e2a8248467d5cfd5d7.jpg?shrink=130:130&_v=20260917215629,https://prod.danawa.com/info/?pcode=69699695&cate=112751
937,MAINBOARD,GIGABYTE,GIGABYTE Z890 AORUS MASTER 피씨디렉트,631250,,https://img.danuri.io/catalog-image/467/699/069/da129bf26ee4422daa62c3ee1cde1274.jpg?shrink=130:130&_v=20260917215718,https://prod.danawa.com/info/?pcode=69699467&cate=112751
938,MAINBOARD,GIGABYTE,GIGABYTE Z890 AORUS ELITE WIFI7 PLUS 제이씨현,341720,,https://img.danuri.io/catalog-image/900/618/122/92a5f0bcf90e4370aa5fbcf157c26eac.jpeg?shrink=130:130&_v=20260917215118,https://prod.danawa.com/info/?pcode=122618900&cate=112751
939,MAINBOARD,GIGABYTE,GIGABYTE Z890 AORUS ELITE WIFI7 ICE 피씨디렉트,346980,,https://img.danuri.io/catalog-image/599/699/069/b5b36dc681b14dccb6a8321d5dd43b04.jpg?shrink=130:130&_v=20260917215658,https://prod.danawa.com/info/?pcode=69699599&cate=112751
940,MAINBOARD,GIGABYTE,GIGABYTE H810M K GEN5 제이씨현,101030,,https://img.danuri.io/catalog-image/528/401/108/24f5db644ae44f3b8d93319e5569a856.jpg?shrink=130:130&_v=20260917202703,https://prod.danawa.com/info/?pcode=108401528&cate=112751
941,MAINBOARD,GIGABYTE,GIGABYTE Z890M AORUS ELITE WIFI7 ICE 피씨디렉트,315020,,https://img.danuri.io/catalog-image/854/617/122/b67d85b4e0aa440c8944eaa1b310e43e.jpeg?shrink=130:130&_v=20260917215739,https://prod.danawa.com/info/?pcode=122617854&cate=112751
942,MAINBOARD,GIGABYTE,GIGABYTE Z890 AORUS ELITE DUO X 피씨디렉트,409000,,https://img.danuri.io/catalog-image/482/680/109/7f84c68e63184ec58f368bdeea774159.jpg?shrink=130:130&_v=20260917080535,https://prod.danawa.com/info/?pcode=109680482&cate=112751
943,MAINBOARD,GIGABYTE,GIGABYTE Z890 AORUS ELITE WIFI7 ICE 제이씨현,348030,,https://img.danuri.io/catalog-image/071/699/069/ed577ccf035f44a28ad1ac1ec65c99d3.jpg?shrink=130:130&_v=20260917215739,https://prod.danawa.com/info/?pcode=69699071&cate=112751
944,MAINBOARD,GIGABYTE,GIGABYTE B860M GAMING X 제이씨현,181590,,https://img.danuri.io/catalog-image/874/676/122/862ba47b35884bc4936d82f28633ba23.jpeg?shrink=130:130&_v=20260917223408,https://prod.danawa.com/info/?pcode=122676874&cate=112751
945,MAINBOARD,GIGABYTE,GIGABYTE Z890 AORUS PRO ICE 피씨디렉트,419900,,https://img.danuri.io/catalog-image/584/699/069/49b8e099e3d14388ae8e88f35176c9e8.jpg?shrink=130:130&_v=20260917205648,https://prod.danawa.com/info/?pcode=69699584&cate=112751
946,MAINBOARD,GIGABYTE,GIGABYTE Z890 UD 제이씨현,289100,,https://img.danuri.io/catalog-image/317/699/069/21e3c26823b94ab1b62eb0174ba5b071.jpg?shrink=130:130&_v=20260917172104,https://prod.danawa.com/info/?pcode=69699317&cate=112751
947,MAINBOARD,GIGABYTE,GIGABYTE Z890 AORUS XTREME AI TOP 피씨디렉트,1650240,,https://img.danuri.io/catalog-image/675/227/072/02f584fdf10a477d977c67eef096798c.jpg?shrink=130:130&_v=20260917133421,https://prod.danawa.com/info/?pcode=72227675&cate=112751
948,MAINBOARD,GIGABYTE,GIGABYTE Z890 UD 피씨디렉트,285670,,https://img.danuri.io/catalog-image/425/699/069/7bc74d2b1ced40ebacdd63dd09da2489.jpg?shrink=130:130&_v=20260917080441,https://prod.danawa.com/info/?pcode=69699425&cate=112751
949,MAINBOARD,GIGABYTE,GIGABYTE Z890 AORUS ELITE WIFI7 피씨디렉트,343820,,https://img.danuri.io/catalog-image/671/699/069/2f0bf7f2f58f4c25a7cf550b2e11d351.jpg?shrink=130:130&_v=20260918000228,https://prod.danawa.com/info/?pcode=69699671&cate=112751
950,MAINBOARD,GIGABYTE,GIGABYTE H810M D2HX SI GEN5 피씨디렉트,114190,,https://img.danuri.io/catalog-image/550/735/106/121bfc2b8cc640a4870f5e7d24a52c2b.jpg?shrink=130:130&_v=20260917215738,https://prod.danawa.com/info/?pcode=106735550&cate=112751
951,MAINBOARD,GIGABYTE,GIGABYTE Z890 AORUS ELITE DUO X 제이씨현,437000,,https://img.danuri.io/catalog-image/006/618/122/730f764b5faf4c91a3f78440e638123b.jpeg?shrink=130:130&_v=20260917080516,https://prod.danawa.com/info/?pcode=122618006&cate=112751
952,MAINBOARD,GIGABYTE,GIGABYTE B860M AORUS ELITE WIFI6E ICE 제이씨현,257980,,https://img.danuri.io/catalog-image/974/250/074/bf4b9e68309141e2a933d09dd0d79445.jpg?shrink=130:130&_v=20260917080535,https://prod.danawa.com/info/?pcode=74250974&cate=112751
953,MAINBOARD,GIGABYTE,GIGABYTE B860 AORUS ELITE WIFI7 ICE 제이씨현,279780,,https://img.danuri.io/catalog-image/827/250/074/a11a0faa399b489b934f42f51dc48f67.jpg?shrink=130:130&_v=20260917215735,https://prod.danawa.com/info/?pcode=74250827&cate=112751
954,MAINBOARD,GIGABYTE,GIGABYTE H810M K 피씨디렉트,100850,,https://img.danuri.io/catalog-image/073/942/076/047a95b822154208bf5c4b2817d359ce.jpg?shrink=130:130&_v=20260917185803,https://prod.danawa.com/info/?pcode=76942073&cate=112751
955,MAINBOARD,GIGABYTE,GIGABYTE B860M AORUS ELITE WIFI6E 제이씨현,261090,,https://img.danuri.io/catalog-image/187/251/074/f23527f3cd40489facf35049d0e0b6cc.jpg?shrink=130:130&_v=20260917092603,https://prod.danawa.com/info/?pcode=74251187&cate=112751
956,MAINBOARD,GIGABYTE,GIGABYTE H810M K 제이씨현,104990,,https://img.danuri.io/catalog-image/983/941/076/68f0fe5472f849a1b4628978419eb91f.jpg?shrink=130:130&_v=20260917080534,https://prod.danawa.com/info/?pcode=76941983&cate=112751
957,MAINBOARD,GIGABYTE,GIGABYTE H810M S2H GEN5 제이씨현,111070,,https://img.danuri.io/catalog-image/782/687/122/1d192eacc8194147a6a4b474e9c5f5e8.jpeg?shrink=130:130&_v=20260917082723,https://prod.danawa.com/info/?pcode=122687782&cate=112751
958,MAINBOARD,GIGABYTE,GIGABYTE H810M K GEN5 피씨디렉트,101230,,https://img.danuri.io/catalog-image/718/045/106/086ca5be42384420a2af728190d599ed.jpg?shrink=130:130&_v=20260917200808,https://prod.danawa.com/info/?pcode=106045718&cate=112751
959,MAINBOARD,GIGABYTE,GIGABYTE H810M D2HX SI GEN5 제이씨현,111980,,https://img.danuri.io/catalog-image/201/454/106/22cc7625b6b04fac8346f5828f9745e9.jpg?shrink=130:130&_v=20260917171754,https://prod.danawa.com/info/?pcode=106454201&cate=112751
960,MAINBOARD,GIGABYTE,GIGABYTE H810M S2H 제이씨현,112800,,https://img.danuri.io/catalog-image/716/941/076/5f815ce02198433bbe4741ba340bd498.jpg?shrink=130:130&_v=20260917223308,https://prod.danawa.com/info/?pcode=76941716&cate=112751
961,MAINBOARD,GIGABYTE,GIGABYTE H810M H GEN5 제이씨현,112550,,https://img.danuri.io/catalog-image/966/033/124/c6f0b27c62b043c6bab076acc3b10b48.jpeg?shrink=130:130&_v=20260917225558,https://prod.danawa.com/info/?pcode=124033966&cate=112751
962,MAINBOARD,GIGABYTE,GIGABYTE Z890 AORUS MASTER 제이씨현,669000,,https://img.danuri.io/catalog-image/756/698/069/e2f0ae4869b647daa5744ce8543c3860.jpg?shrink=130:130&_v=20260917080516,https://prod.danawa.com/info/?pcode=69698756&cate=112751
963,MAINBOARD,GIGABYTE,GIGABYTE H810M H 피씨디렉트,109790,,https://img.danuri.io/catalog-image/061/942/076/a4d668d128b347359f07e799fe891ed8.jpg?shrink=130:130&_v=20260917185639,https://prod.danawa.com/info/?pcode=76942061&cate=112751
964,MAINBOARD,GIGABYTE,GIGABYTE H810M S2H 피씨디렉트,114190,,https://img.danuri.io/catalog-image/094/942/076/44101e1ce4594367a48219e4c716935f.jpg?shrink=130:130&_v=20260917225728,https://prod.danawa.com/info/?pcode=76942094&cate=112751
965,MAINBOARD,GIGABYTE,GIGABYTE Z890I AORUS ULTRA 제이씨현,480960,,https://img.danuri.io/catalog-image/389/699/069/c76b14a5a75f403381a134eb692e4efe.jpg?shrink=130:130&_v=20260917215718,https://prod.danawa.com/info/?pcode=69699389&cate=112751
966,MAINBOARD,GIGABYTE,GIGABYTE H810M H GEN5 피씨디렉트,111070,,https://img.danuri.io/catalog-image/001/045/106/6b8c91ba6e6f4fb29e5e3bee95d90674.jpg?shrink=130:130&_v=20260917215653,https://prod.danawa.com/info/?pcode=106045001&cate=112751
967,MAINBOARD,ASRock,ASRock A520M-HVS 대원씨티에스,53230,,https://img.danuri.io/catalog-image/989/706/077/2a94e07972ee4c81ab449bd11ac22678.jpg?shrink=130:130&_v=20260917165659,https://prod.danawa.com/info/?pcode=77706989&cate=112751
968,MAINBOARD,ASRock,ASRock B550M Pro-A 대원씨티에스,107850,,https://img.danuri.io/catalog-image/135/398/108/4f1b15e7e057484baf311908ee74d961.jpg?shrink=130:130&_v=20260917080534,https://prod.danawa.com/info/?pcode=108398135&cate=112751
969,MAINBOARD,ASRock,ASRock B550M Pro RS 대원씨티에스,116990,,https://img.danuri.io/catalog-image/851/995/049/ed8a2c13640e475f85457653f37741eb.jpg?shrink=130:130&_v=20260917142623,https://prod.danawa.com/info/?pcode=49995851&cate=112751
970,MAINBOARD,ASRock,ASRock B550M Pro RS 디앤디컴,118550,,https://img.danuri.io/catalog-image/646/162/049/dda7ad448a4642ea80022fd34d50ec75.jpg?shrink=130:130&_v=20260918001433,https://prod.danawa.com/info/?pcode=49162646&cate=112751
971,MAINBOARD,ASRock,ASRock A520M-ITX/ac 디앤디컴,171160,,https://img.danuri.io/catalog-image/013/121/012/3cd6b465feae4007b9de29e9ff948d56.jpg?shrink=130:130&_v=20260917234538,https://prod.danawa.com/info/?pcode=12121013&cate=112751
972,MAINBOARD,ASRock,ASRock B550M Phantom Gaming 4 에즈윈,110320,,https://img.danuri.io/catalog-image/213/464/012/77d1dc7319bd47df8a5bbaf29de67d15.jpg?shrink=130:130&_v=20260917200523,https://prod.danawa.com/info/?pcode=12464213&cate=112751
973,MAINBOARD,ASRock,ASRock B550M Pro-A 디앤디컴,114470,,https://img.danuri.io/catalog-image/258/726/122/e34125a9a83b492c8433e0579fedff5c.jpeg?shrink=130:130&_v=20260917233248,https://prod.danawa.com/info/?pcode=122726258&cate=112751
974,MAINBOARD,ASRock,ASRock B550M Phantom Gaming 4 대원씨티에스,109700,,https://img.danuri.io/catalog-image/397/627/019/4b95a6baa0d642b7a0cf783259e44a85.jpg?shrink=130:130&_v=20260917142623,https://prod.danawa.com/info/?pcode=19627397&cate=112751
975,MAINBOARD,ASRock,ASRock B550M Pro RS + WiFi6E 랜카드 패키지 디앤디컴,156290,,https://img.danuri.io/catalog-image/822/538/049/2771e0ae014f41b19abf297e814f5246.jpg?shrink=130:130&_v=20260917233752,https://prod.danawa.com/info/?pcode=49538822&cate=112751
976,MAINBOARD,ASRock,ASRock B550M Pro RS 에즈윈,123000,,https://img.danuri.io/catalog-image/182/740/049/d316ea2cdff44598aa718f9cd261c8e5.jpg?shrink=130:130&_v=20260917142623,https://prod.danawa.com/info/?pcode=49740182&cate=112751
977,MAINBOARD,ASRock,ASRock B550M Pro-A + WiFi6E 랜카드 패키지 디앤디컴,141220,,https://img.danuri.io/catalog-image/100/829/122/237a8418605f452fbe3298f63ea31e12.jpeg?shrink=130:130&_v=20260917233153,https://prod.danawa.com/info/?pcode=122829100&cate=112751
978,MAINBOARD,ASRock,ASRock A520M-HDV 디앤디컴,66020,,https://img.danuri.io/catalog-image/663/092/012/e49218014a8d422aaff1acdbeb80d24f.jpg?shrink=130:130&_v=20260917223403,https://prod.danawa.com/info/?pcode=12092663&cate=112751
979,MAINBOARD,ASRock,ASRock B550M Pro RS + WiFi7 랜카드 패키지 디앤디컴,170940,,https://img.danuri.io/catalog-image/538/618/122/849324c9e3974e6787ec716981ddac9e.jpeg?shrink=130:130&_v=20260917231834,https://prod.danawa.com/info/?pcode=122618538&cate=112751
980,MAINBOARD,ASRock,ASRock B550M Phantom Gaming 4 디앤디컴,109280,,https://img.danuri.io/catalog-image/823/487/012/bb1e650d8f40447a912c4758c6aa31e0.jpg?shrink=130:130&_v=20260917234533,https://prod.danawa.com/info/?pcode=12487823&cate=112751
981,MAINBOARD,ASRock,ASRock A520M-HDV 에즈윈,65840,,https://img.danuri.io/catalog-image/286/130/012/88b54b9b61a84018b77c9a2ff233b6f0.jpg?shrink=130:130&_v=20260917200953,https://prod.danawa.com/info/?pcode=12130286&cate=112751
982,MAINBOARD,ASRock,ASRock B550M Phantom Gaming 4 + WiFi6E 랜카드 패키지 디앤디컴,134940,,https://img.danuri.io/catalog-image/583/382/093/b6760702305742ab8850a4e6e4759256.jpg?shrink=130:130&_v=20260917233612,https://prod.danawa.com/info/?pcode=93382583&cate=112751
983,MAINBOARD,ASRock,ASRock B450 PRO4 디앤디컴,166000,,https://img.danuri.io/catalog-image/014/494/006/f734e95bb81c465c9f1a72b6c09464cd.jpg?shrink=130:130&_v=20260917080531,https://prod.danawa.com/info/?pcode=6494014&cate=112751
984,MAINBOARD,ASRock,ASRock B450M 스틸레전드 디앤디컴,157000,,https://img.danuri.io/catalog-image/008/097/007/f42b79febc9949cea715956f97c08bb8.jpg?shrink=130:130&_v=20260917080519,https://prod.danawa.com/info/?pcode=7097008&cate=112751
985,MAINBOARD,ASRock,ASRock B450M-HDV R4.0 대원씨티에스,980000,,https://img.danuri.io/catalog-image/357/879/029/da9834239aac4156a4c9154d2c7b5876.jpg?shrink=130:130&_v=20260917080519,https://prod.danawa.com/info/?pcode=29879357&cate=112751
986,MAINBOARD,ASRock,ASRock A520M-HDV 대원씨티에스,69890,,https://img.danuri.io/catalog-image/331/403/018/0a0d0f15b9f14d94abc8ea243d00f1a0.jpg?shrink=130:130&_v=20260917080645,https://prod.danawa.com/info/?pcode=18403331&cate=112751
987,MAINBOARD,ASRock,ASRock B450 스틸레전드 디앤디컴,166000,,https://img.danuri.io/catalog-image/291/015/007/4e15d7e2bfd54913b08abba048ba8028.jpg?shrink=130:130&_v=20260917080535,https://prod.danawa.com/info/?pcode=7015291&cate=112751
988,MAINBOARD,ASRock,ASRock A520M-HDV 에즈윈 (벌크),65120,,https://img.danuri.io/catalog-image/067/213/025/f98dab2f64b64bc3a96fe32821409d56.jpg?shrink=130:130&_v=20260916080502,https://prod.danawa.com/info/?pcode=25213067&cate=112751
989,MAINBOARD,ASRock,ASRock A320M-HDVP 디앤디컴,150000,,https://img.danuri.io/catalog-image/752/864/010/58366164e9a742a48186e944e0966e9c.jpg?shrink=130:130&_v=20260917080534,https://prod.danawa.com/info/?pcode=10864752&cate=112751
990,MAINBOARD,ASRock,ASRock B550M Phantom Gaming 4 + WiFi7 랜카드 패키지 디앤디컴,151400,,https://img.danuri.io/catalog-image/520/618/122/7b0bec461ead4b8e9d3e60d867ef6639.jpeg?shrink=130:130&_v=20260917231833,https://prod.danawa.com/info/?pcode=122618520&cate=112751
991,MAINBOARD,ASRock,ASRock A520M-HDV 디앤디컴 (벌크),66450,,https://img.danuri.io/catalog-image/353/660/012/640a4d79c52c46888e40b5df68f499fd.jpg?shrink=130:130&_v=20260917234548,https://prod.danawa.com/info/?pcode=12660353&cate=112751
992,MAINBOARD,ASRock,ASRock B650M Pro X3D 에즈윈,122810,,https://img.danuri.io/catalog-image/641/509/076/3c1e7557f65c4f8483a65ac7a482db3e.jpg?shrink=130:130&_v=20260917142623,https://prod.danawa.com/info/?pcode=76509641&cate=112751
993,MAINBOARD,ASRock,ASRock B850 Pro-A WiFi 디앤디컴,181000,,https://img.danuri.io/catalog-image/761/410/079/bcc13fc985014456bee404ce0befbadf.jpg?shrink=130:130&_v=20260917170223,https://prod.danawa.com/info/?pcode=79410761&cate=112751
994,MAINBOARD,ASRock,ASRock B650M Pro X3D 대원씨티에스,125590,,https://img.danuri.io/catalog-image/647/706/077/4d762ebc310d43cbba561e01912e0374.jpg?shrink=130:130&_v=20260917225703,https://prod.danawa.com/info/?pcode=77706647&cate=112751
995,MAINBOARD,ASRock,ASRock X870 스틸레전드 WiFi 대원씨티에스,338580,,https://img.danuri.io/catalog-image/061/242/068/245c353c5d854cd5bd4a58950125bac3.jpg?shrink=130:130&_v=20260917080531,https://prod.danawa.com/info/?pcode=68242061&cate=112751
996,MAINBOARD,ASRock,ASRock X870 Pro RS 에즈윈,287980,,https://img.danuri.io/catalog-image/641/695/067/442fef19c0af4405bf3c5bbf2a9cec55.jpg?shrink=130:130&_v=20260917202638,https://prod.danawa.com/info/?pcode=67695641&cate=112751
997,MAINBOARD,ASRock,ASRock A620AM-HVS 에즈윈,89390,,https://img.danuri.io/catalog-image/591/360/092/9c22cfbdda204e8ca29bf8f813a42d53.jpg?shrink=130:130&_v=20260917200519,https://prod.danawa.com/info/?pcode=92360591&cate=112751
998,MAINBOARD,ASRock,ASRock B650M Pro X3D 디앤디컴,132980,,https://img.danuri.io/catalog-image/816/786/077/7f043a0f953243abae976407c9082870.jpg?shrink=130:130&_v=20260917233624,https://prod.danawa.com/info/?pcode=77786816&cate=112751
999,MAINBOARD,ASRock,ASRock B850 Pro RS WiFi 대원씨티에스,247590,,https://img.danuri.io/catalog-image/005/939/075/bfc1a807e6f5437abdbb3f6a155469b7.jpg?shrink=130:130&_v=20260917170149,https://prod.danawa.com/info/?pcode=75939005&cate=112751
1000,MAINBOARD,ASRock,ASRock A620AI WiFi 대원씨티에스,226000,,https://img.danuri.io/catalog-image/858/565/097/80ccda74c61c4e8c853bca3b9ebc0a97.jpg?shrink=130:130&_v=20260917142623,https://prod.danawa.com/info/?pcode=97565858&cate=112751
1001,MAINBOARD,ASRock,ASRock X870E Taichi WHITE 디앤디컴,792050,,https://img.danuri.io/catalog-image/572/056/124/8ab0243745a847f49502d1a79971a4f2.jpeg?shrink=130:130&_v=20260917215723,https://prod.danawa.com/info/?pcode=124056572&cate=112751
1002,MAINBOARD,ASRock,ASRock B650M PG Lightning 대원씨티에스,121090,,https://img.danuri.io/catalog-image/260/300/030/4d8108ee3ea24d0290cf9008df1698dc.jpg?shrink=130:130&_v=20260917163218,https://prod.danawa.com/info/?pcode=30300260&cate=112751
1003,MAINBOARD,ASRock,ASRock B850I Lightning WiFi 대원씨티에스,335210,,https://img.danuri.io/catalog-image/676/278/077/a463c6c135ac4e568a29f2ecb6ca7f6e.jpg?shrink=130:130&_v=20260917170154,https://prod.danawa.com/info/?pcode=77278676&cate=112751
1004,MAINBOARD,ASRock,ASRock B850M 스틸레전드 WiFi 디앤디컴,216390,,https://img.danuri.io/catalog-image/476/102/078/853d09ebf92c421fb15ac38195f45ee7.jpg?shrink=130:130&_v=20260917215628,https://prod.danawa.com/info/?pcode=78102476&cate=112751
1005,MAINBOARD,ASRock,ASRock B650M PG Lightning 디앤디컴,139990,,https://img.danuri.io/catalog-image/775/908/029/e2a2eda651a240f3889fde4cdee56b6a.jpg?shrink=130:130&_v=20260917080441,https://prod.danawa.com/info/?pcode=29908775&cate=112751
1006,MAINBOARD,ASRock,ASRock X870E Nova WiFi 대원씨티에스,455000,,https://img.danuri.io/catalog-image/987/769/070/dd0eb9807c154a8ba8e553735a5577e1.jpg?shrink=130:130&_v=20260917080645,https://prod.danawa.com/info/?pcode=70769987&cate=112751
1007,MAINBOARD,ASRock,ASRock B850M Rock WiFi 대원씨티에스,178220,,https://img.danuri.io/catalog-image/645/960/107/ed95b44a417b44c2b130d26852cf2400.jpg?shrink=130:130&_v=20260917091622,https://prod.danawa.com/info/?pcode=107960645&cate=112751
1008,MAINBOARD,ASRock,ASRock B850M Rock WiFi 에즈윈,187060,,https://img.danuri.io/catalog-image/577/717/106/7bd47a900b834a7984038c98994b34c0.jpg?shrink=130:130&_v=20260917080645,https://prod.danawa.com/info/?pcode=106717577&cate=112751
1009,MAINBOARD,ASRock,ASRock B850 스틸레전드 WiFi 디앤디컴,278940,,https://img.danuri.io/catalog-image/710/340/074/dbd822c6639f4fa0b8dbb9caec6ba1e3.jpg?shrink=130:130&_v=20260917235053,https://prod.danawa.com/info/?pcode=74340710&cate=112751
1010,MAINBOARD,ASRock,ASRock B650M PG Riptide WiFi White 에즈윈,218930,,https://img.danuri.io/catalog-image/640/791/062/69054c18624c4b31bbea19d9793860dc.jpg?shrink=130:130&_v=20260917142624,https://prod.danawa.com/info/?pcode=62791640&cate=112751
1011,MAINBOARD,ASRock,ASRock X870E Nova WiFi 에즈윈,471900,,https://img.danuri.io/catalog-image/967/852/067/9919c17a73b7471d9cd3ca2e43847155.jpg?shrink=130:130&_v=20260918000308,https://prod.danawa.com/info/?pcode=67852967&cate=112751
1012,MAINBOARD,ASRock,ASRock B650M PG Riptide 대원씨티에스,177600,,https://img.danuri.io/catalog-image/604/971/017/e9320eab660a4862b6212680a85e7535.jpg?shrink=130:130&_v=20260917080534,https://prod.danawa.com/info/?pcode=17971604&cate=112751
1013,MAINBOARD,ASRock,ASRock B850M Challenger WiFi 7 White 디앤디컴,221140,,https://img.danuri.io/catalog-image/525/768/107/fefb6eff94f64612878e1b1701792722.jpg?shrink=130:130&_v=20260917231838,https://prod.danawa.com/info/?pcode=107768525&cate=112751
1014,MAINBOARD,ASRock,ASRock B850M Pro RS WiFi 디앤디컴,197860,,https://img.danuri.io/catalog-image/851/600/075/d3ac6b35bb5e46f1becbafbe7ee01d83.jpg?shrink=130:130&_v=20260917192543,https://prod.danawa.com/info/?pcode=75600851&cate=112751
1015,MAINBOARD,ASRock,ASRock A620AM-HVS 디앤디컴,89740,,https://img.danuri.io/catalog-image/667/149/092/e25e2a9b187747739cccf476123f3dd0.jpg?shrink=130:130&_v=20260918000953,https://prod.danawa.com/info/?pcode=92149667&cate=112751
1016,MAINBOARD,ASRock,ASRock B650M Pro X3D WiFi 디앤디컴,171150,,https://img.danuri.io/catalog-image/621/786/077/ff611640cc95493ab54827f30120da06.jpg?shrink=130:130&_v=20260917234543,https://prod.danawa.com/info/?pcode=77786621&cate=112751
1017,MAINBOARD,ASRock,ASRock B650M PRO-A Gen5 디앤디컴,128900,,https://img.danuri.io/catalog-image/250/697/122/3d36c78066ec481e878b28b43ccc36bd.jpeg?shrink=130:130&_v=20260917231818,https://prod.danawa.com/info/?pcode=122697250&cate=112751
1018,MAINBOARD,ASRock,ASRock B850M-X 디앤디컴,147390,,https://img.danuri.io/catalog-image/787/341/074/9ec446d79a264b149f9b8463712b803d.jpg?shrink=130:130&_v=20260917140853,https://prod.danawa.com/info/?pcode=74341787&cate=112751
1019,MAINBOARD,ASRock,ASRock B850 Pro-A 대원씨티에스,218330,,https://img.danuri.io/catalog-image/455/250/074/0615ca01eff14ca890db6fee368e0f58.jpg?shrink=130:130&_v=20260917092725,https://prod.danawa.com/info/?pcode=74250455&cate=112751
1020,MAINBOARD,ASRock,ASRock B850M Pro-A 디앤디컴,161180,,https://img.danuri.io/catalog-image/184/724/075/3b3fae1cf73b44058be592e2b9236f5e.jpg?shrink=130:130&_v=20260918001428,https://prod.danawa.com/info/?pcode=75724184&cate=112751
1021,MAINBOARD,ASRock,ASRock B850 Pro-A 디앤디컴,216240,,https://img.danuri.io/catalog-image/610/341/074/1a678d1ba113478caa873b7a813cebd7.jpg?shrink=130:130&_v=20260918000138,https://prod.danawa.com/info/?pcode=74341610&cate=112751
1022,MAINBOARD,ASRock,ASRock B850M Rock WiFi 디앤디컴,189670,,https://img.danuri.io/catalog-image/865/694/122/f2ef922a10dd4e769ebb7bf7ced6dea1.jpeg?shrink=130:130&_v=20260917231828,https://prod.danawa.com/info/?pcode=122694865&cate=112751
1023,MAINBOARD,ASRock,ASRock B650 스틸레전드 WiFi 대원씨티에스,220490,,https://img.danuri.io/catalog-image/610/304/072/9c5ffa599dd14929ba532de25981e45d.jpg?shrink=130:130&_v=20260917080519,https://prod.danawa.com/info/?pcode=72304610&cate=112751
1024,MAINBOARD,ASRock,ASRock B850I Lightning WiFi 에즈윈,338950,,https://img.danuri.io/catalog-image/591/952/073/71fc2bf88f44436b9536ec7172dd0e67.jpg?shrink=130:130&_v=20260917170845,https://prod.danawa.com/info/?pcode=73952591&cate=112751
1025,MAINBOARD,ASRock,ASRock B850 Pro RS 에즈윈,240390,,https://img.danuri.io/catalog-image/525/952/073/ae9bfb74e9ab4ec88e4db13838c06704.jpg?shrink=130:130&_v=20260917142603,https://prod.danawa.com/info/?pcode=73952525&cate=112751
1026,MAINBOARD,ASRock,ASRock X870 Taichi Creator 대원씨티에스,634380,,https://img.danuri.io/catalog-image/595/750/103/97be5da647e54f7a823bcc8cc8759e3f.jpg?shrink=130:130&_v=20260917080645,https://prod.danawa.com/info/?pcode=103750595&cate=112751
1027,MAINBOARD,ASRock,ASRock B650M Pro RS 대원씨티에스,165000,,https://img.danuri.io/catalog-image/827/627/021/ba6d4deea9f54ce2be9b63cb9814be34.jpg?shrink=130:130&_v=20260917080519,https://prod.danawa.com/info/?pcode=21627827&cate=112751
1028,MAINBOARD,ASRock,ASRock B850M Pro RS WiFi WHITE 대원씨티에스,198030,,https://img.danuri.io/catalog-image/396/028/094/2fadb8fa720d4815848f926f7a6bca42.jpg?shrink=130:130&_v=20260917080645,https://prod.danawa.com/info/?pcode=94028396&cate=112751
1029,MAINBOARD,ASRock,ASRock B850 Challenger WiFi 7 White 디앤디컴,239000,,https://img.danuri.io/catalog-image/896/054/099/738f6c03fe4d41b6ab355dd5f24b91eb.jpg?shrink=130:130&_v=20260917080516,https://prod.danawa.com/info/?pcode=99054896&cate=112751
1030,MAINBOARD,ASRock,ASRock B850M Pro RS 디앤디컴,198480,,https://img.danuri.io/catalog-image/842/600/075/a3036749a7b6496fa4b893bb95e8557e.jpg?shrink=130:130&_v=20260917235342,https://prod.danawa.com/info/?pcode=75600842&cate=112751
1031,MAINBOARD,ASRock,ASRock B850M-X R2.0 디앤디컴,146020,,https://img.danuri.io/catalog-image/456/553/079/1285fd2bbeb24c90afd295c140a30388.jpg?shrink=130:130&_v=20260917213643,https://prod.danawa.com/info/?pcode=79553456&cate=112751
1032,MAINBOARD,ASRock,ASRock B650M PG Lightning 에즈윈,139000,,https://img.danuri.io/catalog-image/964/603/028/643ea5bafdfe44c5aad2fd5ca955d25e.jpg?shrink=130:130&_v=20260917080519,https://prod.danawa.com/info/?pcode=28603964&cate=112751
1033,MAINBOARD,ASRock,ASRock B850M Pro-A 에즈윈,159790,,https://img.danuri.io/catalog-image/163/341/074/ec8f7142dbc845a68bf12f0b4e2b46ef.jpg?shrink=130:130&_v=20260917085951,https://prod.danawa.com/info/?pcode=74341163&cate=112751
1034,MAINBOARD,ASRock,ASRock B850 Rock WiFi 7 디앤디컴,230520,,https://img.danuri.io/catalog-image/871/694/122/5982ab7fa26d4acfb5b648e5a6986301.jpeg?shrink=130:130&_v=20260917231823,https://prod.danawa.com/info/?pcode=122694871&cate=112751
1035,MAINBOARD,ASRock,ASRock X870E Taichi 에즈윈,753000,,https://img.danuri.io/catalog-image/639/850/067/66fa63c235764b869cb71307d1f4b001.jpg?shrink=130:130&_v=20260917080531,https://prod.danawa.com/info/?pcode=67850639&cate=112751
1036,MAINBOARD,ASRock,ASRock B850M Pro Plus WiFi 디앤디컴,209320,,https://img.danuri.io/catalog-image/581/804/093/2d9ab38d560d4925a1e457c33e234a55.jpg?shrink=130:130&_v=20260917233608,https://prod.danawa.com/info/?pcode=93804581&cate=112751
1037,MAINBOARD,ASRock,ASRock B850 Rock WiFi 7 에즈윈,228750,,https://img.danuri.io/catalog-image/493/717/106/d2501e45dbb34822884f79b1006516c0.jpg?shrink=130:130&_v=20260917170358,https://prod.danawa.com/info/?pcode=106717493&cate=112751
1038,MAINBOARD,ASRock,ASRock B850 Challenger WiFi 7 대원씨티에스,238460,,https://img.danuri.io/catalog-image/418/702/097/e201c5bc8af04416b1b40520e869219c.jpg?shrink=130:130&_v=20260917150458,https://prod.danawa.com/info/?pcode=97702418&cate=112751
1039,MAINBOARD,ASRock,ASRock B850 Challenger WiFi 7 White 대원씨티에스,254350,,https://img.danuri.io/catalog-image/355/702/097/0b6c2bdd18cb4b2db609d34730a72971.jpg?shrink=130:130&_v=20260917170228,https://prod.danawa.com/info/?pcode=97702355&cate=112751
1040,MAINBOARD,ASRock,ASRock B850M Pro-A WiFi 디앤디컴,178620,,https://img.danuri.io/catalog-image/249/553/079/0fff8a328d16447bba80e90db12a86ab.jpg?shrink=130:130&_v=20260917235128,https://prod.danawa.com/info/?pcode=79553249&cate=112751
1041,MAINBOARD,ASRock,ASRock B850M Riptide WiFi 대원씨티에스,247040,,https://img.danuri.io/catalog-image/072/705/077/1aa2026281014a4189796e9a8c1157b8.jpg?shrink=130:130&_v=20260917080519,https://prod.danawa.com/info/?pcode=77705072&cate=112751
1042,MAINBOARD,ASRock,ASRock X870 Pro-A WiFi 대원씨티에스,286470,,https://img.danuri.io/catalog-image/365/925/098/b6feede348ea440ea21fe52c34d80717.jpg?shrink=130:130&_v=20260917140749,https://prod.danawa.com/info/?pcode=98925365&cate=112751
1043,MAINBOARD,ASRock,ASRock X870 스틸레전드 WiFi 디앤디컴,363190,,https://img.danuri.io/catalog-image/103/440/068/722889e1232e410f9a2fab5c1d8a8855.jpg?shrink=130:130&_v=20260917171938,https://prod.danawa.com/info/?pcode=68440103&cate=112751
1044,MAINBOARD,ASRock,ASRock B850 Rock WiFi 7 대원씨티에스,230390,,https://img.danuri.io/catalog-image/404/958/107/3ce1ac11663d469da52b681c4c9ec84e.jpg?shrink=130:130&_v=20260917162528,https://prod.danawa.com/info/?pcode=107958404&cate=112751
1045,MAINBOARD,ASRock,ASRock B850M Pro RS 에즈윈,197990,,https://img.danuri.io/catalog-image/729/952/073/47aa3c7025554eb09baa3dbcfe7a81dd.jpg?shrink=130:130&_v=20260917090008,https://prod.danawa.com/info/?pcode=73952729&cate=112751
1046,MAINBOARD,ASRock,ASRock B850M-X R2.0 에즈윈,155070,,https://img.danuri.io/catalog-image/181/093/082/bd88f476674045e3aa9773a93bb28bd3.jpg?shrink=130:130&_v=20260917172023,https://prod.danawa.com/info/?pcode=82093181&cate=112751
1047,MAINBOARD,ASRock,ASRock B850 Pro RS WiFi 에즈윈,240400,,https://img.danuri.io/catalog-image/600/952/073/237134fcf494456c933f19744cfc7dc8.jpg?shrink=130:130&_v=20260917150458,https://prod.danawa.com/info/?pcode=73952600&cate=112751
1048,MAINBOARD,ASRock,ASRock X870E Nova WiFi 디앤디컴,476670,,https://img.danuri.io/catalog-image/274/757/072/139b0680d7d84656999130ac50cde0b2.jpg?shrink=130:130&_v=20260917200948,https://prod.danawa.com/info/?pcode=72757274&cate=112751
1049,MAINBOARD,ASRock,ASRock X870E Taichi 대원씨티에스,768000,,https://img.danuri.io/catalog-image/816/246/068/2923255f29ed490492405d933c803988.jpg?shrink=130:130&_v=20260917080516,https://prod.danawa.com/info/?pcode=68246816&cate=112751
1050,MAINBOARD,ASRock,ASRock B650 스틸레전드 WiFi 디앤디컴,207410,,https://img.danuri.io/catalog-image/135/394/064/27bbe44914b2443f83b2ac3be9c2cafe.jpg?shrink=130:130&_v=20260917142623,https://prod.danawa.com/info/?pcode=64394135&cate=112751
1051,MAINBOARD,ASRock,ASRock X870 Pro RS WiFi 에즈윈,322850,,https://img.danuri.io/catalog-image/260/101/070/f99115995b634206a69caac126411b9a.jpg?shrink=130:130&_v=20260917085851,https://prod.danawa.com/info/?pcode=70101260&cate=112751
1052,MAINBOARD,ASRock,ASRock B850 Pro-A WiFi 에즈윈,230500,,https://img.danuri.io/catalog-image/293/990/078/60f364a448f54b91b1e796cf697ab54b.jpg?shrink=130:130&_v=20260917090024,https://prod.danawa.com/info/?pcode=78990293&cate=112751
1053,MAINBOARD,ASRock,ASRock B650M PG Lightning + WiFi6E 모듈 패키지 디앤디컴,190000,,https://img.danuri.io/catalog-image/879/167/030/3187e4b10a5448409b25178dfbb4eb15.jpg?shrink=130:130&_v=20260917080534,https://prod.danawa.com/info/?pcode=30167879&cate=112751
1054,MAINBOARD,ASRock,ASRock B850M Challenger WiFi 7 White 대원씨티에스,228500,,https://img.danuri.io/catalog-image/478/956/107/63f8385e68eb4d21b8407f6cfc9987d5.jpg?shrink=130:130&_v=20260917141209,https://prod.danawa.com/info/?pcode=107956478&cate=112751
1055,MAINBOARD,ASRock,ASRock B850 Challenger WiFi 7 White 에즈윈,267150,,https://img.danuri.io/catalog-image/200/383/100/d42420b5fce043c78cbf5f08fab92323.jpg?shrink=130:130&_v=20260917080531,https://prod.danawa.com/info/?pcode=100383200&cate=112751
1056,MAINBOARD,ASRock,ASRock B850M Pro RS WiFi WHITE 디앤디컴,198980,,https://img.danuri.io/catalog-image/822/803/093/24d2c5714ce342448c90dffac5d31d4e.jpg?shrink=130:130&_v=20260917233258,https://prod.danawa.com/info/?pcode=93803822&cate=112751
1057,MAINBOARD,ASRock,ASRock B850M 스틸레전드 WiFi 에즈윈,229000,,https://img.danuri.io/catalog-image/418/341/074/99aed3e9794444fa9fd76074f9cdd4e3.jpg?shrink=130:130&_v=20260917092640,https://prod.danawa.com/info/?pcode=74341418&cate=112751
1058,MAINBOARD,ASRock,ASRock B850M-X R2.0 대원씨티에스,158530,,https://img.danuri.io/catalog-image/738/556/079/fa9a7a309176498da13dd14841bac818.jpg?shrink=130:130&_v=20260917102734,https://prod.danawa.com/info/?pcode=79556738&cate=112751
1059,MAINBOARD,ASRock,ASRock B850M Pro RS WiFi 에즈윈,208000,,https://img.danuri.io/catalog-image/732/952/073/d5e2e3d7c2ab497caf748b9e91c54290.jpg?shrink=130:130&_v=20260917085952,https://prod.danawa.com/info/?pcode=73952732&cate=112751
1060,MAINBOARD,ASRock,ASRock B850M Pro-A WiFi 에즈윈,182000,,https://img.danuri.io/catalog-image/325/341/074/72cf1428d9d14d2fbe0e93495333cee1.jpg?shrink=130:130&_v=20260917092640,https://prod.danawa.com/info/?pcode=74341325&cate=112751
1061,MAINBOARD,ASRock,ASRock B850 Pro-A 에즈윈,220000,,https://img.danuri.io/catalog-image/933/999/074/4212326304514072b88a0d422548b8db.jpg?shrink=130:130&_v=20260917085853,https://prod.danawa.com/info/?pcode=74999933&cate=112751
1062,MAINBOARD,ASRock,ASRock X870 Taichi Creator 에즈윈,650320,,https://img.danuri.io/catalog-image/254/415/098/ec7cc28a8386436ba48b71bff5a05965.jpg?shrink=130:130&_v=20260917080534,https://prod.danawa.com/info/?pcode=98415254&cate=112751
1063,MAINBOARD,ASRock,ASRock B850M 스틸레전드 WiFi 대원씨티에스,237810,,https://img.danuri.io/catalog-image/688/704/077/cdfd3561e0f243a5849fd5632dbf3500.jpg?shrink=130:130&_v=20260916080407,https://prod.danawa.com/info/?pcode=77704688&cate=112751
1064,MAINBOARD,ASRock,ASRock B850M Pro RS 대원씨티에스,196980,,https://img.danuri.io/catalog-image/394/538/075/3d2ebf4114d845eb80cd23fe4908a7e9.jpg?shrink=130:130&_v=20260917092615,https://prod.danawa.com/info/?pcode=75538394&cate=112751
1065,MAINBOARD,ASRock,ASRock B850 Riptide WiFi 대원씨티에스,295220,,https://img.danuri.io/catalog-image/557/250/074/930f95739c1b44299c33058614007d2d.jpg?shrink=130:130&_v=20260917080531,https://prod.danawa.com/info/?pcode=74250557&cate=112751
1066,MAINBOARD,ASRock,ASRock B650M PG Riptide WiFi White 디앤디컴,239500,,https://img.danuri.io/catalog-image/363/269/063/c54fb91e5bfa49fb938dbef42aa5ca66.jpg?shrink=130:130&_v=20260917142623,https://prod.danawa.com/info/?pcode=63269363&cate=112751
1067,MAINBOARD,ASRock,ASRock A620AM-HVS 대원씨티에스,93500,,https://img.danuri.io/catalog-image/180/108/092/f2bece37aede493e9d03543eac389f05.jpg?shrink=130:130&_v=20260917142623,https://prod.danawa.com/info/?pcode=92108180&cate=112751
1068,MAINBOARD,ASRock,ASRock X870 Riptide WiFi 대원씨티에스,315590,,https://img.danuri.io/catalog-image/040/541/075/dd826e43879d48aa8eb5da93defa3054.jpg?shrink=130:130&_v=20260917201848,https://prod.danawa.com/info/?pcode=75541040&cate=112751
1069,MAINBOARD,ASRock,ASRock B850 Pro RS WiFi 디앤디컴,250800,,https://img.danuri.io/catalog-image/596/340/074/46a2a71aec4e41d7b0f3a0c0f7769121.jpg?shrink=130:130&_v=20260918001523,https://prod.danawa.com/info/?pcode=74340596&cate=112751
1070,MAINBOARD,ASRock,ASRock X870 Pro-A WiFi 디앤디컴,266000,,https://img.danuri.io/catalog-image/935/224/097/c9bd367fbc344cfd99b7c00421c89419.jpg?shrink=130:130&_v=20260917080519,https://prod.danawa.com/info/?pcode=97224935&cate=112751
1071,MAINBOARD,ASRock,ASRock B850M Pro-A WiFi 대원씨티에스,184990,,https://img.danuri.io/catalog-image/665/540/075/855aa2bf708143fc90d93bfc1a2ab1a0.jpg?shrink=130:130&_v=20260917170308,https://prod.danawa.com/info/?pcode=75540665&cate=112751
1072,MAINBOARD,ASRock,ASRock B850M Challenger WiFi 7 White 에즈윈,232810,,https://img.danuri.io/catalog-image/485/728/106/0506ffc64342419eb255d36880efb930.jpg?shrink=130:130&_v=20260917150308,https://prod.danawa.com/info/?pcode=106728485&cate=112751
1073,MAINBOARD,ASRock,ASRock X870 Pro RS 디앤디컴,283330,,https://img.danuri.io/catalog-image/566/875/070/a7cefcd7fc434bee922e013e5774d456.jpg?shrink=130:130&_v=20260917092659,https://prod.danawa.com/info/?pcode=70875566&cate=112751
1074,MAINBOARD,ASRock,ASRock B850M Pro RS + WiFi6E 모듈 패키지 디앤디컴,237900,,https://img.danuri.io/catalog-image/680/534/078/5db4bd95e7c04ff2ba6dffcfdc883fac.jpg?shrink=130:130&_v=20260917180813,https://prod.danawa.com/info/?pcode=78534680&cate=112751
1075,MAINBOARD,ASRock,ASRock B850 스틸레전드 WiFi 에즈윈,287770,,https://img.danuri.io/catalog-image/937/278/077/c73b872dd6c44504b1d239133b5cf780.jpg?shrink=130:130&_v=20260917200843,https://prod.danawa.com/info/?pcode=77278937&cate=112751
1076,MAINBOARD,ASRock,ASRock B850M Pro-A 대원씨티에스,229000,,https://img.danuri.io/catalog-image/754/538/075/595cb5eeedd84446b505a9c0236876f1.jpg?shrink=130:130&_v=20260917080441,https://prod.danawa.com/info/?pcode=75538754&cate=112751
1077,MAINBOARD,ASRock,ASRock B850 LiveMixer WiFi 대원씨티에스,282970,,https://img.danuri.io/catalog-image/353/250/074/0a3c3c12fcec474c93d4c49ed7240783.jpg?shrink=130:130&_v=20260917080519,https://prod.danawa.com/info/?pcode=74250353&cate=112751
1078,MAINBOARD,ASRock,ASRock B650M-HDV/M.2 에즈윈,184710,,https://img.danuri.io/catalog-image/692/536/019/3da369db4a0144979ffd67fc8b0a2823.jpg?shrink=130:130&_v=20260917080701,https://prod.danawa.com/info/?pcode=19536692&cate=112751
1079,MAINBOARD,ASRock,ASRock B650 Pro RS 에즈윈,329000,,https://img.danuri.io/catalog-image/247/971/017/add821db69fb4720b8fe520bed6c8a7c.jpg?shrink=130:130&_v=20260917080534,https://prod.danawa.com/info/?pcode=17971247&cate=112751
1080,MAINBOARD,ASRock,ASRock B650M Pro X3D WiFi 에즈윈,178990,,https://img.danuri.io/catalog-image/309/317/093/8d09d66cc89c4a84ab25331f45fe6efb.jpg?shrink=130:130&_v=20260916080424,https://prod.danawa.com/info/?pcode=93317309&cate=112751
1081,MAINBOARD,ASRock,ASRock X870 Pro RS WiFi 대원씨티에스,317910,,https://img.danuri.io/catalog-image/124/242/068/cc2b2ae6dac64a40b6d565b048347495.jpg?shrink=130:130&_v=20260917072749,https://prod.danawa.com/info/?pcode=68242124&cate=112751
1082,MAINBOARD,ASRock,ASRock B650M Pro X3D WiFi 대원씨티에스,171590,,https://img.danuri.io/catalog-image/833/702/093/f0df350b42754e63afec6774b3a720ec.jpg?shrink=130:130&_v=20260917080535,https://prod.danawa.com/info/?pcode=93702833&cate=112751
1083,MAINBOARD,ASRock,ASRock B650 PG Lightning + WiFi6E 모듈 패키지 디앤디컴,354790,,https://img.danuri.io/catalog-image/354/649/019/25f8580d9c1b493289520cbede06f554.jpg?shrink=130:130&_v=20260917080531,https://prod.danawa.com/info/?pcode=19649354&cate=112751
1084,MAINBOARD,ASRock,ASRock X870 Pro RS WiFi 디앤디컴,324000,,https://img.danuri.io/catalog-image/686/410/079/75048ffed71246549f3026e6caaf245e.jpg?shrink=130:130&_v=20260917080645,https://prod.danawa.com/info/?pcode=79410686&cate=112751
1085,MAINBOARD,ASRock,ASRock X870 Pro RS 대원씨티에스,278000,,https://img.danuri.io/catalog-image/145/242/068/7c9ce20757584c90963344ea652e15fd.jpg?shrink=130:130&_v=20260917080701,https://prod.danawa.com/info/?pcode=68242145&cate=112751
1086,MAINBOARD,ASRock,ASRock B650 Pro RS + WiFi6E 모듈 패키지 디앤디컴,379320,,https://img.danuri.io/catalog-image/718/648/019/82e3bed0acb9470e9d99a3c6e2265130.jpg?shrink=130:130&_v=20260916080424,https://prod.danawa.com/info/?pcode=19648718&cate=112751
1087,MAINBOARD,ASRock,ASRock B650 PG Lightning 디앤디컴,323750,,https://img.danuri.io/catalog-image/196/971/017/361100ae311f493aa75589f5dc018233.jpg?shrink=130:130&_v=20260917080645,https://prod.danawa.com/info/?pcode=17971196&cate=112751
1088,MAINBOARD,ASRock,ASRock B650E 스틸레전드 WiFi 대원씨티에스,438970,,https://img.danuri.io/catalog-image/499/007/018/86d10233d3c64ce0bac8aa1ce5aa9110.jpg?shrink=130:130&_v=20260917080516,https://prod.danawa.com/info/?pcode=18007499&cate=112751
1089,MAINBOARD,ASRock,ASRock B650E PG Riptide WiFi 대원씨티에스,355100,,https://img.danuri.io/catalog-image/478/007/018/b0c4608f75524c6082eea7ff1268e0d2.jpg?shrink=130:130&_v=20260917080645,https://prod.danawa.com/info/?pcode=18007478&cate=112751
1090,MAINBOARD,ASRock,ASRock B650 Pro RS 디앤디컴,379000,,https://img.danuri.io/catalog-image/202/971/017/f5f9461951f64f60b061a4ecc1e42316.jpg?shrink=130:130&_v=20260917080519,https://prod.danawa.com/info/?pcode=17971202&cate=112751
1091,MAINBOARD,ASRock,ASRock B650M PG Riptide 에즈윈,299000,,https://img.danuri.io/catalog-image/253/971/017/7ba7bd1de8d345c6a825360a83469421.jpg?shrink=130:130&_v=20260917080531,https://prod.danawa.com/info/?pcode=17971253&cate=112751
1092,MAINBOARD,ASRock,ASRock B650M PG Lightning WiFi 디앤디컴,170000,,https://img.danuri.io/catalog-image/996/742/046/fa4eb29c10484657b6e8acc0ad8dc709.jpg?shrink=130:130&_v=20260915080515,https://prod.danawa.com/info/?pcode=46742996&cate=112751
1093,MAINBOARD,ASRock,ASRock B650M PG Lightning + WiFi6E 모듈 패키지 에즈윈,197910,,https://img.danuri.io/catalog-image/283/622/030/87315b5863664b37a22deac27d21dbda.jpg?shrink=130:130&_v=20260917222548,https://prod.danawa.com/info/?pcode=30622283&cate=112751
1094,MAINBOARD,ASRock,ASRock B650M Pro X3D + WiFi6E 모듈 패키지 디앤디컴,156510,,https://img.danuri.io/catalog-image/326/678/122/1a7f19e4594d43efa5b833272b10280b.jpeg?shrink=130:130&_v=20260917233408,https://prod.danawa.com/info/?pcode=122678326&cate=112751
1095,MAINBOARD,ASRock,ASRock B650M PRO-A Gen5 + WiFi6E 모듈 패키지 디앤디컴,164030,,https://img.danuri.io/catalog-image/411/183/124/8a201306c3f54a04b37ff8f98f605d14.jpeg?shrink=130:130&_v=20260918000938,https://prod.danawa.com/info/?pcode=124183411&cate=112751
1096,MAINBOARD,ASRock,ASRock B650M PRO-A Gen5 대원씨티에스,133430,,https://img.danuri.io/catalog-image/502/699/122/bc355a55d8f64280ae41e5ea0b448a81.jpeg?shrink=130:130&_v=20260917170233,https://prod.danawa.com/info/?pcode=122699502&cate=112751
1097,MAINBOARD,ASRock,ASRock B650M PRO-A Gen5 + WiFi7 모듈 패키지 디앤디컴,181720,,https://img.danuri.io/catalog-image/390/183/124/19ee1c3714ad4438bf4b413e683eeec6.jpeg?shrink=130:130&_v=20260918001308,https://prod.danawa.com/info/?pcode=124183390&cate=112751
1098,MAINBOARD,ASRock,ASRock A620AM-HVS + WiFi6E 랜카드 패키지 디앤디컴,123000,,https://img.danuri.io/catalog-image/679/081/094/16eecf8e47b24af389a01cef6f790447.jpg?shrink=130:130&_v=20260917140739,https://prod.danawa.com/info/?pcode=94081679&cate=112751
1099,MAINBOARD,ASRock,ASRock X870E Taichi Lite (해외구매),590560,,https://img.danuri.io/catalog-image/189/949/073/d63bf6d3bca349d4b082d5e5ca2d4177.jpg?shrink=130:130&_v=20260917080534,https://prod.danawa.com/info/?pcode=73949189&cate=112751
1100,MAINBOARD,ASRock,ASRock B650M PG Riptide WiFi White 디앤디컴 (중고),211680,,https://img.danuri.io/catalog-image/482/998/094/05adc6f781fc4ae699f32532e0c0e9ed.jpg?shrink=130:130&_v=20260917080645,https://prod.danawa.com/info/?pcode=94998482&cate=112751
1101,MAINBOARD,ASRock,ASRock B560M PRO4 에즈윈,226000,,https://img.danuri.io/catalog-image/171/289/013/edd78f3f1b4643188f7202ec94a0f0cb.jpg?shrink=130:130&_v=20260917080519,https://prod.danawa.com/info/?pcode=13289171&cate=112751
1102,MAINBOARD,ASRock,ASRock B560M-HDV/M.2 디앤디컴,156000,,https://img.danuri.io/catalog-image/957/754/019/55a5ac7faf604437bc7199b950e52cf4.jpg?shrink=130:130&_v=20260917080645,https://prod.danawa.com/info/?pcode=19754957&cate=112751
1103,MAINBOARD,ASRock,ASRock B560 PRO4 에즈윈,246000,,https://img.danuri.io/catalog-image/012/289/013/17e971cf53ac4f028fa2cce91ea89952.jpg?shrink=130:130&_v=20260917080519,https://prod.danawa.com/info/?pcode=13289012&cate=112751
1104,MAINBOARD,ASRock,ASRock B760M Pro-A/D4 에즈윈,129190,,https://img.danuri.io/catalog-image/313/483/109/19f032f5518749fa8a1174130bfb33da.jpg?shrink=130:130&_v=20260917200624,https://prod.danawa.com/info/?pcode=109483313&cate=112751
1105,MAINBOARD,ASRock,ASRock B760M-HDVP D5 에즈윈 (벌크),120810,,https://img.danuri.io/catalog-image/331/536/020/438b111333464c47abc42106fe03cd75.jpg?shrink=130:130&_v=20260917200538,https://prod.danawa.com/info/?pcode=20536331&cate=112751
1106,MAINBOARD,ASRock,ASRock B760M Pro-A/D4 디앤디컴,128910,,https://img.danuri.io/catalog-image/107/749/106/c0bd4975d38f442b95b354cc964495f3.jpg?shrink=130:130&_v=20260917225728,https://prod.danawa.com/info/?pcode=106749107&cate=112751
1107,MAINBOARD,ASRock,ASRock H610M-H2/M.2 D4 에즈윈,73240,,https://img.danuri.io/catalog-image/343/432/058/dab9c8d9bd5a4c5089c5c37a0df27ebc.jpg?shrink=130:130&_v=20260917200953,https://prod.danawa.com/info/?pcode=58432343&cate=112751
1108,MAINBOARD,ASRock,ASRock H610TM-ITX 에즈윈 (벌크),167690,,https://img.danuri.io/catalog-image/819/187/103/434c6272c26e4c54970d62abfedd1f58.jpg?shrink=130:130&_v=20260917090013,https://prod.danawa.com/info/?pcode=103187819&cate=112751
1109,MAINBOARD,ASRock,ASRock H610M-HDV/M.2 R2.0 D4 디앤디컴,88800,,https://img.danuri.io/catalog-image/948/792/017/2a15ee78c71f410e8a25289c9ea7d083.jpg?shrink=130:130&_v=20260917234528,https://prod.danawa.com/info/?pcode=17792948&cate=112751
1110,MAINBOARD,ASRock,ASRock B760M Pro-A 인텍앤컴퍼니,124500,,https://img.danuri.io/catalog-image/977/468/069/1876372188624f419f2c51aa6dade71c.jpg?shrink=130:130&_v=20260917080531,https://prod.danawa.com/info/?pcode=69468977&cate=112751
1111,MAINBOARD,ASRock,ASRock B760M Pro RS D5 에즈윈,148500,,https://img.danuri.io/catalog-image/062/536/019/304327454be34211941673ccca857295.jpg?shrink=130:130&_v=20260917121008,https://prod.danawa.com/info/?pcode=19536062&cate=112751
1112,MAINBOARD,ASRock,ASRock H610M-H2/M.2 D5 디앤디컴,77260,,https://img.danuri.io/catalog-image/691/183/028/fb35e79ac482475088177fbce81c20b5.jpg?shrink=130:130&_v=20260917234528,https://prod.danawa.com/info/?pcode=28183691&cate=112751
1113,MAINBOARD,ASRock,ASRock H610M-HVS/M.2 R2.0 D4 디앤디컴,82040,,https://img.danuri.io/catalog-image/371/793/017/b5fe6d0a627042d7b15a031180e0234b.jpg?shrink=130:130&_v=20260917141024,https://prod.danawa.com/info/?pcode=17793371&cate=112751
1114,MAINBOARD,ASRock,ASRock H610M-H2/M.2 D5 에즈윈 (벌크),68480,,https://img.danuri.io/catalog-image/617/029/028/d68dc314486a4cb897bb5f1948d3f71f.jpg?shrink=130:130&_v=20260917170150,https://prod.danawa.com/info/?pcode=28029617&cate=112751
1115,MAINBOARD,ASRock,ASRock H610M-HDV/M.2+ D5 대원씨티에스,84000,,https://img.danuri.io/catalog-image/074/546/027/15f0d759d10f447a95bc8c344cd4fd18.jpg?shrink=130:130&_v=20260917150308,https://prod.danawa.com/info/?pcode=27546074&cate=112751
1116,MAINBOARD,ASRock,ASRock H610M-HDV/M.2 R2.0 D4 에즈윈 (벌크),87890,,https://img.danuri.io/catalog-image/233/847/017/d564292c957942118320758bb64d1df1.jpg?shrink=130:130&_v=20260917170359,https://prod.danawa.com/info/?pcode=17847233&cate=112751
1117,MAINBOARD,ASRock,ASRock H610M-HDV/M.2+ D5 에즈윈,80850,,https://img.danuri.io/catalog-image/491/866/025/28b54eed719b4f81b3a6faa5538baec8.jpg?shrink=130:130&_v=20260917115953,https://prod.danawa.com/info/?pcode=25866491&cate=112751
1118,MAINBOARD,ASRock,ASRock H610M-H2/M.2 D5 디앤디컴 (벌크),76240,,https://img.danuri.io/catalog-image/721/183/028/4a7a5fb335e0468ab3c712c69c5d23b6.jpg?shrink=130:130&_v=20260917234523,https://prod.danawa.com/info/?pcode=28183721&cate=112751
1119,MAINBOARD,ASRock,ASRock H610M-H2/M.2 D5 에즈윈,70040,,https://img.danuri.io/catalog-image/582/776/096/7321bb99270f44b4bf30eab6590b0c7a.jpg?shrink=130:130&_v=20260917140924,https://prod.danawa.com/info/?pcode=96776582&cate=112751
1120,MAINBOARD,ASRock,ASRock H610M-HDV/M.2 D5 Gen5 에즈윈,97380,,https://img.danuri.io/catalog-image/851/714/099/7fed482bf034494faaec23d220ebf2e2.jpg?shrink=130:130&_v=20260917080531,https://prod.danawa.com/info/?pcode=99714851&cate=112751
1121,MAINBOARD,ASRock,ASRock H610M-HDV/M.2+ D5 디앤디컴,89780,,https://img.danuri.io/catalog-image/910/409/027/69cc1be946074f22a3ecd47240ea6148.jpg?shrink=130:130&_v=20260917172213,https://prod.danawa.com/info/?pcode=27409910&cate=112751
1122,MAINBOARD,ASRock,ASRock B760M Pro RS D5 디앤디컴,152090,,https://img.danuri.io/catalog-image/640/498/019/ccf27ed714af488584368e3c904facb9.jpg?shrink=130:130&_v=20260917215008,https://prod.danawa.com/info/?pcode=19498640&cate=112751
1123,MAINBOARD,ASRock,ASRock H610M-HDV/M.2 D5 Gen5 디앤디컴,95450,,https://img.danuri.io/catalog-image/831/069/101/4821a7438ed346acab64323265c89d4f.jpg?shrink=130:130&_v=20260917223258,https://prod.danawa.com/info/?pcode=101069831&cate=112751
1124,MAINBOARD,ASRock,ASRock H610M-X D5 Gen5 디앤디컴,112190,,https://img.danuri.io/catalog-image/660/069/101/fdba76090d954dcdae4e130422b6eb94.jpg?shrink=130:130&_v=20260917090308,https://prod.danawa.com/info/?pcode=101069660&cate=112751
1125,MAINBOARD,ASRock,ASRock B660M Pro RS D4 에즈윈,196000,,https://img.danuri.io/catalog-image/554/089/016/c33d55a8f74d4ea7bf5cda37c1f0ef8e.jpg?shrink=130:130&_v=20260917080519,https://prod.danawa.com/info/?pcode=16089554&cate=112751
1126,MAINBOARD,ASRock,ASRock B760M-X Gen5 에즈윈 (벌크),123890,,https://img.danuri.io/catalog-image/806/714/099/b2a89a666c87483f84e732af66bc50ec.jpg?shrink=130:130&_v=20260917141048,https://prod.danawa.com/info/?pcode=99714806&cate=112751
1127,MAINBOARD,ASRock,ASRock B760M Pro RS D5 + WiFi7 모듈 패키지 디앤디컴,202050,,https://img.danuri.io/catalog-image/920/959/031/8c81de3ee1d14bc39484498769667944.jpg?shrink=130:130&_v=20260917234518,https://prod.danawa.com/info/?pcode=31959920&cate=112751
1128,MAINBOARD,ASRock,ASRock H610M-X D5 Gen5 대원씨티에스,102190,,https://img.danuri.io/catalog-image/728/595/104/4d71f248fa34446db8b54c58e99cad3f.jpg?shrink=130:130&_v=20260917090015,https://prod.danawa.com/info/?pcode=104595728&cate=112751
1129,MAINBOARD,ASRock,ASRock H610M-X D5 에즈윈 (벌크),101380,,https://img.danuri.io/catalog-image/463/423/061/86942870d44a40c799b1fdb65718ba72.jpg?shrink=130:130&_v=20260917170223,https://prod.danawa.com/info/?pcode=61423463&cate=112751
1130,MAINBOARD,ASRock,ASRock H610M-HDV/M.2 R2.0 D4 에즈윈,87720,,https://img.danuri.io/catalog-image/224/847/017/d0b42468e2e54726aea8e9eda8a37143.jpg?shrink=130:130&_v=20260917150239,https://prod.danawa.com/info/?pcode=17847224&cate=112751
1131,MAINBOARD,ASRock,ASRock H610M-HDV/M.2+ D5 에즈윈 (벌크),83690,,https://img.danuri.io/catalog-image/083/869/025/efb13d53f5f542f28d69011b1495d78e.jpg?shrink=130:130&_v=20260917163329,https://prod.danawa.com/info/?pcode=25869083&cate=112751
1132,MAINBOARD,ASRock,ASRock H610M-H2/M.2 D4 에즈윈 (벌크),77390,,https://img.danuri.io/catalog-image/128/623/058/299e7bcd56d34539a650a6fa5422b56f.jpg?shrink=130:130&_v=20260917080519,https://prod.danawa.com/info/?pcode=58623128&cate=112751
1133,MAINBOARD,ASRock,ASRock H610M-X D5 Gen5 에즈윈 (벌크),108660,,https://img.danuri.io/catalog-image/830/714/099/f66df3999a10439d95a500026a1e65f0.jpg?shrink=130:130&_v=20260917141204,https://prod.danawa.com/info/?pcode=99714830&cate=112751
1134,MAINBOARD,ASRock,ASRock H610M-HDV/M.2 D5 Gen5 디앤디컴 (벌크),94110,,https://img.danuri.io/catalog-image/493/074/101/0e37c60d5d934542982772cc31913905.jpg?shrink=130:130&_v=20260917223148,https://prod.danawa.com/info/?pcode=101074493&cate=112751
1135,MAINBOARD,ASRock,ASRock H610M-HDV/M.2+ D5 디앤디컴 (벌크),90940,,https://img.danuri.io/catalog-image/134/059/028/0ecec06a42ee48cc84fcd51066b64b8c.jpg?shrink=130:130&_v=20260917170404,https://prod.danawa.com/info/?pcode=28059134&cate=112751
1136,MAINBOARD,ASRock,ASRock B760M Pro-A 에즈윈 (벌크),134490,,https://img.danuri.io/catalog-image/613/717/106/d8220c8f16f14cc69d008121a4942ec9.jpg?shrink=130:130&_v=20260917170254,https://prod.danawa.com/info/?pcode=106717613&cate=112751
1137,MAINBOARD,ASRock,ASRock H610M-X D5 Gen5 에즈윈,112250,,https://img.danuri.io/catalog-image/738/415/103/80c1111445974e288f4adae94047af9a.jpg?shrink=130:130&_v=20260917141308,https://prod.danawa.com/info/?pcode=103415738&cate=112751
1138,MAINBOARD,ASRock,ASRock H610M-X D5 Gen5 디앤디컴 (벌크),111340,,https://img.danuri.io/catalog-image/490/074/101/9b63e3c1cc304afdb22a9e952d82e2ab.jpg?shrink=130:130&_v=20260917231853,https://prod.danawa.com/info/?pcode=101074490&cate=112751
1139,MAINBOARD,ASRock,ASRock B760M Pro RS D5 인텍앤컴퍼니,146530,,https://img.danuri.io/catalog-image/049/469/069/7afdd419172b4899985d05c9eed7d98b.jpg?shrink=130:130&_v=20260917080516,https://prod.danawa.com/info/?pcode=69469049&cate=112751
1140,MAINBOARD,ASRock,ASRock Z790 PG Lightning D5 에즈윈,346800,,https://img.danuri.io/catalog-image/340/052/018/4b6ea228b6974fffa1fc598a241472ae.jpg?shrink=130:130&_v=20260917080534,https://prod.danawa.com/info/?pcode=18052340&cate=112751
1141,MAINBOARD,ASRock,ASRock B660M-HDV D4 디앤디컴,156000,,https://img.danuri.io/catalog-image/537/094/016/8261b252f6584970b5a434dd4515739b.jpg?shrink=130:130&_v=20260917080534,https://prod.danawa.com/info/?pcode=16094537&cate=112751
1142,MAINBOARD,ASRock,ASRock H610M-H2/M.2 D4 인텍앤컴퍼니,76000,,https://img.danuri.io/catalog-image/189/559/079/d362f02b7cb54676b13acc197a9b480f.jpg?shrink=130:130&_v=20260917080516,https://prod.danawa.com/info/?pcode=79559189&cate=112751
1143,MAINBOARD,ASRock,ASRock Z790 Pro RS D5 디앤디컴,351000,,https://img.danuri.io/catalog-image/353/060/018/e8f6652e940e4bfd83c2ece721b9bc8f.jpg?shrink=130:130&_v=20260917080519,https://prod.danawa.com/info/?pcode=18060353&cate=112751
1144,MAINBOARD,ASRock,ASRock Z790 Pro RS D5 + WiFi7 모듈 패키지 디앤디컴,405000,,https://img.danuri.io/catalog-image/437/959/031/35f713fc86ac497eb461f217e77dc467.jpg?shrink=130:130&_v=20260917080519,https://prod.danawa.com/info/?pcode=31959437&cate=112751
1145,MAINBOARD,ASRock,ASRock B760M Pro RS D5 + WiFi6E 모듈 패키지 디앤디컴,184200,,https://img.danuri.io/catalog-image/287/103/020/9fc3ce8e210c4da3926c34a44d76a3ed.jpg?shrink=130:130&_v=20260917055832,https://prod.danawa.com/info/?pcode=20103287&cate=112751
1146,MAINBOARD,ASRock,ASRock H610M-HDV/M.2 R2.0 D4 디앤디컴 (벌크),87890,,https://img.danuri.io/catalog-image/603/831/017/449bddba912d400cb0a4645bb2ea7ed6.jpg?shrink=130:130&_v=20260917200948,https://prod.danawa.com/info/?pcode=17831603&cate=112751
1147,MAINBOARD,ASRock,ASRock H610M-HVS M.2 R2.0 D4 대원씨티에스,95000,,https://img.danuri.io/catalog-image/134/880/029/90d5a8aad6424951bd793bf26a18b098.jpg?shrink=130:130&_v=20260917080534,https://prod.danawa.com/info/?pcode=29880134&cate=112751
1148,MAINBOARD,ASRock,ASRock B760M PG SONIC WiFi D5 에즈윈,180000,,https://img.danuri.io/catalog-image/154/646/018/2e2c3823d2e042e79bccf1bd9dd00aae.jpg?shrink=130:130&_v=20260917080701,https://prod.danawa.com/info/?pcode=18646154&cate=112751
1149,MAINBOARD,ASRock,ASRock Z790 Pro RS WiFi D5 에즈윈,389000,,https://img.danuri.io/catalog-image/485/348/018/02673a236871468e8df88cf112cdc42e.jpg?shrink=130:130&_v=20260917080534,https://prod.danawa.com/info/?pcode=18348485&cate=112751
1150,MAINBOARD,ASRock,ASRock H610M-X D5 인텍앤컴퍼니 (벌크),84000,,https://img.danuri.io/catalog-image/680/468/069/6a8ccdaf6bcb4aa38a5909a74c1dbc67.jpg?shrink=130:130&_v=20260917062503,https://prod.danawa.com/info/?pcode=69468680&cate=112751
1151,MAINBOARD,ASRock,ASRock B760M Pro RS D5 + WiFi6E 모듈 패키지 에즈윈,225000,,https://img.danuri.io/catalog-image/927/638/030/78d93f556a9b4ce1b840a4c428b3fa12.jpg?shrink=130:130&_v=20260917080441,https://prod.danawa.com/info/?pcode=30638927&cate=112751
1152,MAINBOARD,ASRock,ASRock B760M Pro-A 에즈윈,171500,,https://img.danuri.io/catalog-image/255/895/040/9c5a818516b74b3eb2a0356166947d05.jpg?shrink=130:130&_v=20260917080535,https://prod.danawa.com/info/?pcode=40895255&cate=112751
1153,MAINBOARD,ASRock,ASRock Z790 Pro RS D5 + WiFi6E 모듈 패키지 디앤디컴,386000,,https://img.danuri.io/catalog-image/147/012/020/51a201f76a434f9f8b2de7c40dc89da9.jpg?shrink=130:130&_v=20260917080441,https://prod.danawa.com/info/?pcode=20012147&cate=112751
1154,MAINBOARD,ASRock,ASRock Z790 Pro RS WiFi D5 디앤디컴,354000,,https://img.danuri.io/catalog-image/645/485/018/e0a0e8cab8c142d48d755b1b26e8e76a.jpg?shrink=130:130&_v=20260917080441,https://prod.danawa.com/info/?pcode=18485645&cate=112751
1155,MAINBOARD,ASRock,ASRock H610M-HVS M.2 R2.0 D4 인텍앤컴퍼니,97200,,https://img.danuri.io/catalog-image/782/468/069/471703a3f95f4cc0a3729eab2e648406.jpg?shrink=130:130&_v=20260917080519,https://prod.danawa.com/info/?pcode=69468782&cate=112751
1156,MAINBOARD,ASRock,ASRock H610M-H2/M.2 D4 디앤디컴 (벌크),72680,,https://img.danuri.io/catalog-image/064/827/059/c79713a8bb454a189effcf29af931243.jpg?shrink=130:130&_v=20260917234518,https://prod.danawa.com/info/?pcode=59827064&cate=112751
1157,MAINBOARD,ASRock,ASRock B760M Pro-A/D4 + WiFi6E 모듈 패키지 디앤디컴,164020,,https://img.danuri.io/catalog-image/463/678/122/11676ac2b83d4e3d831b9dd1f19c725f.jpeg?shrink=130:130&_v=20260917234637,https://prod.danawa.com/info/?pcode=122678463&cate=112751
1158,MAINBOARD,ASRock,ASRock B760M Pro-A/D4 + WiFi7 모듈 패키지 디앤디컴,185970,,https://img.danuri.io/catalog-image/434/678/122/7c7b00370e3143098c5cf7ffd703c9e2.jpeg?shrink=130:130&_v=20260917232513,https://prod.danawa.com/info/?pcode=122678434&cate=112751
1159,MAINBOARD,ASRock,ASRock H610M-H2/M.2 D4 디앤디컴,73270,,https://img.danuri.io/catalog-image/524/826/059/e03a4ca7370f4e749c0abbc0dc7512ab.jpg?shrink=130:130&_v=20260917234517,https://prod.danawa.com/info/?pcode=59826524&cate=112751
1160,MAINBOARD,ASRock,ASRock H610M-X D5 디앤디컴,94490,,https://img.danuri.io/catalog-image/650/087/063/34efc4d17e874c4e828a7733607dc82e.jpg?shrink=130:130&_v=20260917150303,https://prod.danawa.com/info/?pcode=63087650&cate=112751
1161,MAINBOARD,ASRock,ASRock H610M-X D5 디앤디컴 (벌크),69000,,https://img.danuri.io/catalog-image/087/140/063/9a45889476a54dbca464ca119db5f407.jpg?shrink=130:130&_v=20260917170339,https://prod.danawa.com/info/?pcode=63140087&cate=112751
1162,MAINBOARD,ASRock,ASRock H610TM-ITX 에즈윈,208990,,https://img.danuri.io/catalog-image/837/187/103/e67e49fd28e44026ac46cdbdbe22f4a1.jpg?shrink=130:130&_v=20260917080519,https://prod.danawa.com/info/?pcode=103187837&cate=112751
1163,MAINBOARD,ASRock,ASRock Z890 Pro RS WiFi White 디앤디컴,349340,,https://img.danuri.io/catalog-image/251/010/071/0cc207e6283f4f7aaf29f0946d7460cc.jpg?shrink=130:130&_v=20260917172213,https://prod.danawa.com/info/?pcode=71010251&cate=112751
1164,MAINBOARD,ASRock,ASRock Z890 Pro RS WiFi White 에즈윈,340750,,https://img.danuri.io/catalog-image/816/687/068/939e077ec3ec4e2eaceb31c8c6065b43.jpg?shrink=130:130&_v=20260917090035,https://prod.danawa.com/info/?pcode=68687816&cate=112751
1165,MAINBOARD,ASRock,ASRock Z890 Pro RS WiFi 인텍앤컴퍼니,318500,,https://img.danuri.io/catalog-image/478/868/069/3d03cd2d9be64c9fbee04f9a18dc2eb9.jpg?shrink=130:130&_v=20260917080519,https://prod.danawa.com/info/?pcode=69868478&cate=112751
1166,MAINBOARD,ASRock,ASRock Z890 Nova WiFi 에즈윈,529000,,https://img.danuri.io/catalog-image/320/471/069/78c32e4d6d8841ceb20dd5d1c5573e10.jpg?shrink=130:130&_v=20260917080534,https://prod.danawa.com/info/?pcode=69471320&cate=112751
1167,MAINBOARD,ASRock,ASRock Z890 Nova WiFi 인텍앤컴퍼니,490500,,https://img.danuri.io/catalog-image/301/868/069/dc3f9a6078774026b84b987c07606743.jpg?shrink=130:130&_v=20260917080534,https://prod.danawa.com/info/?pcode=69868301&cate=112751
1168,MAINBOARD,ASRock,ASRock B860I WiFi 에즈윈,282020,,https://img.danuri.io/catalog-image/295/491/074/e637bc12e5044d93a3e7cca32a34c3c1.jpg?shrink=130:130&_v=20260917164959,https://prod.danawa.com/info/?pcode=74491295&cate=112751
1169,MAINBOARD,ASRock,ASRock B860M Pro RS WiFi 에즈윈,211660,,https://img.danuri.io/catalog-image/038/415/074/800e2252624141708d0fc84c29d56ba2.jpg?shrink=130:130&_v=20260917092615,https://prod.danawa.com/info/?pcode=74415038&cate=112751
1170,MAINBOARD,ASRock,ASRock B860M LiveMixer WiFi 인텍앤컴퍼니,208790,,https://img.danuri.io/catalog-image/334/116/074/2819b0b57f2e468b998b0fbb181f9099.jpg?shrink=130:130&_v=20260917080519,https://prod.danawa.com/info/?pcode=74116334&cate=112751
1171,MAINBOARD,ASRock,ASRock B860M Pro-A 에즈윈,171560,,https://img.danuri.io/catalog-image/419/415/098/ecec4a8ef0744ae88cef15dc0f7e3d3f.jpg?shrink=130:130&_v=20260917080519,https://prod.danawa.com/info/?pcode=98415419&cate=112751
1172,MAINBOARD,ASRock,ASRock B860 Rock WiFi7 인텍앤컴퍼니,221520,,https://img.danuri.io/catalog-image/347/642/122/b72ef968fbad4bbb8bcb25616ee97519.jpeg?shrink=130:130&_v=20260917200408,https://prod.danawa.com/info/?pcode=122642347&cate=112751
1173,MAINBOARD,ASRock,ASRock B860M-HDVP 에즈윈 (벌크),146670,,https://img.danuri.io/catalog-image/820/620/122/c0309e96881e4322a32a914d10aa19a7.jpeg?shrink=130:130&_v=20260917080441,https://prod.danawa.com/info/?pcode=122620820&cate=112751
1174,MAINBOARD,ASRock,ASRock B860M-X Gen5 디앤디컴,161330,,https://img.danuri.io/catalog-image/694/412/102/68b99e5857904314a6490e7dd159f289.jpg?shrink=130:130&_v=20260917171748,https://prod.danawa.com/info/?pcode=102412694&cate=112751
1175,MAINBOARD,ASRock,ASRock Z890 Pro RS WiFi 디앤디컴,318960,,https://img.danuri.io/catalog-image/851/694/122/1aeedb6ff9eb4b8d99d034ed66b9c519.jpeg?shrink=130:130&_v=20260917235353,https://prod.danawa.com/info/?pcode=122694851&cate=112751
1176,MAINBOARD,ASRock,ASRock B860M Pro RS 에즈윈,200650,,https://img.danuri.io/catalog-image/710/013/074/e7c7b1fef00c4a2987fffdfc30f992f0.jpg?shrink=130:130&_v=20260917092615,https://prod.danawa.com/info/?pcode=74013710&cate=112751
1177,MAINBOARD,ASRock,ASRock H810TM-ITX 에즈윈 (벌크),180400,,https://img.danuri.io/catalog-image/579/877/103/6a00d3603eeb4182ad6f8edf78ff295e.jpg?shrink=130:130&_v=20260917200458,https://prod.danawa.com/info/?pcode=103877579&cate=112751
1178,MAINBOARD,ASRock,ASRock B860 Rock WiFi 7 디앤디컴,219680,,https://img.danuri.io/catalog-image/744/748/106/9ec454c14a1546d49de3fbc7d37f3ffb.jpg?shrink=130:130&_v=20260917231848,https://prod.danawa.com/info/?pcode=106748744&cate=112751
1179,MAINBOARD,ASRock,ASRock H810M-P Gen5 디앤디컴,98990,,https://img.danuri.io/catalog-image/341/689/106/997ed0152784483f84b5ffe80f6bb33e.jpg?shrink=130:130&_v=20260917170243,https://prod.danawa.com/info/?pcode=106689341&cate=112751
1180,MAINBOARD,ASRock,ASRock B860M Rock WiFi 에즈윈,189560,,https://img.danuri.io/catalog-image/191/728/106/3e2287a7a3414129b2278119c87d9425.jpg?shrink=130:130&_v=20260917141159,https://prod.danawa.com/info/?pcode=106728191&cate=112751
1181,MAINBOARD,ASRock,ASRock B860M-X Gen5 에즈윈,164690,,https://img.danuri.io/catalog-image/246/966/104/c7bd43888fec44a68d525cba7a692014.jpg?shrink=130:130&_v=20260917172128,https://prod.danawa.com/info/?pcode=104966246&cate=112751
1182,MAINBOARD,ASRock,ASRock B860M Challenger WiFi 7 White 디앤디컴,247560,,https://img.danuri.io/catalog-image/205/726/122/c86026e4621242038be3604d6fafa337.jpeg?shrink=130:130&_v=20260917231828,https://prod.danawa.com/info/?pcode=122726205&cate=112751
1183,MAINBOARD,ASRock,ASRock B860I WiFi 디앤디컴,267000,,https://img.danuri.io/catalog-image/729/935/075/99840a7560cf4f058dfc9baf9db5305e.jpg?shrink=130:130&_v=20260917080520,https://prod.danawa.com/info/?pcode=75935729&cate=112751
1184,MAINBOARD,ASRock,ASRock B860M Pro-A 디앤디컴,171720,,https://img.danuri.io/catalog-image/697/412/102/bc9f4902cf08489da1c52bf6cf7b6ebf.jpg?shrink=130:130&_v=20260917233203,https://prod.danawa.com/info/?pcode=102412697&cate=112751
1185,MAINBOARD,ASRock,ASRock B860M Rock WiFi 디앤디컴,180300,,https://img.danuri.io/catalog-image/855/694/122/f16e76df12c4496ea2501a378e45bb30.jpeg?shrink=130:130&_v=20260917171408,https://prod.danawa.com/info/?pcode=122694855&cate=112751
1186,MAINBOARD,ASRock,ASRock Z890 Taichi 디앤디컴,686350,,https://img.danuri.io/catalog-image/382/000/070/fe12ca0d56b54e1ca7677448116a633c.jpg?shrink=130:130&_v=20260917185744,https://prod.danawa.com/info/?pcode=70000382&cate=112751
1187,MAINBOARD,ASRock,ASRock B860M-X Gen5 에즈윈 (벌크),144270,,https://img.danuri.io/catalog-image/765/415/103/793dc4f8adff4b969b1083fbee20779b.jpg?shrink=130:130&_v=20260917090006,https://prod.danawa.com/info/?pcode=103415765&cate=112751
1188,MAINBOARD,ASRock,ASRock B860 LiveMixer WiFi 인텍앤컴퍼니,278980,,https://img.danuri.io/catalog-image/181/116/074/4dbc90124c3947f6936d22bade93c43c.jpg?shrink=130:130&_v=20260917230148,https://prod.danawa.com/info/?pcode=74116181&cate=112751
1189,MAINBOARD,ASRock,ASRock B860M 스틸레전드 WiFi 디앤디컴,265400,,https://img.danuri.io/catalog-image/675/935/075/a256ec678d1c4566ad9b594583ca1cbd.jpg?shrink=130:130&_v=20260917233633,https://prod.danawa.com/info/?pcode=75935675&cate=112751
1190,MAINBOARD,ASRock,ASRock Z890 Pro-A 디앤디컴,314890,,https://img.danuri.io/catalog-image/610/006/070/7f7a99b9a8af4090ba79ee922718f15d.jpg?shrink=130:130&_v=20260917181018,https://prod.danawa.com/info/?pcode=70006610&cate=112751
1191,MAINBOARD,ASRock,ASRock H810M-X 디앤디컴,116460,,https://img.danuri.io/catalog-image/739/307/078/e07bb4d9ff1447b296fb0dd8fab47eca.jpg?shrink=130:130&_v=20260917234003,https://prod.danawa.com/info/?pcode=78307739&cate=112751
1192,MAINBOARD,ASRock,ASRock Z890 Lightning WiFi 에즈윈,403210,,https://img.danuri.io/catalog-image/920/007/071/21850b2635b54d7bba8ed282d7068bad.jpg?shrink=130:130&_v=20260917092701,https://prod.danawa.com/info/?pcode=71007920&cate=112751
1193,MAINBOARD,ASRock,ASRock Z890 Pro-A WiFi 인텍앤컴퍼니,298800,,https://img.danuri.io/catalog-image/499/868/069/40dfcc1da739446bbda7068d83b09d64.jpg?shrink=130:130&_v=20260917080519,https://prod.danawa.com/info/?pcode=69868499&cate=112751
1194,MAINBOARD,ASRock,ASRock B860 Pro RS 에즈윈,249880,,https://img.danuri.io/catalog-image/482/415/074/712a8a0d4b744fc1b6cbd50d6bb11943.jpg?shrink=130:130&_v=20260917092704,https://prod.danawa.com/info/?pcode=74415482&cate=112751
1195,MAINBOARD,ASRock,ASRock B860 Pro RS WiFi 디앤디컴,219000,,https://img.danuri.io/catalog-image/651/935/075/8e3badf41f2a4530a817870d2d3bb122.jpg?shrink=130:130&_v=20260917092554,https://prod.danawa.com/info/?pcode=75935651&cate=112751
1196,MAINBOARD,ASRock,ASRock B860M Pro RS 디앤디컴,200140,,https://img.danuri.io/catalog-image/025/422/074/35c39740e41642cf93f1628529ead93e.jpg?shrink=130:130&_v=20260917233643,https://prod.danawa.com/info/?pcode=74422025&cate=112751
1197,MAINBOARD,ASRock,ASRock Z890 Taichi 에즈윈,665500,,https://img.danuri.io/catalog-image/211/776/068/4e107aa98a4e45668fe66ff4534c7ac4.jpg?shrink=130:130&_v=20260917092728,https://prod.danawa.com/info/?pcode=68776211&cate=112751
1198,MAINBOARD,ASRock,ASRock B860 Pro-A WiFi 에즈윈,239000,,https://img.danuri.io/catalog-image/941/470/082/10a0c4d5eb70451f8258cea459fba832.jpg?shrink=130:130&_v=20260917085909,https://prod.danawa.com/info/?pcode=82470941&cate=112751
1199,MAINBOARD,ASRock,ASRock Z890I Nova WiFi 에즈윈,645000,,https://img.danuri.io/catalog-image/116/471/069/1ad2008e7355426daffe06a800c9b42a.jpg?shrink=130:130&_v=20260917080645,https://prod.danawa.com/info/?pcode=69471116&cate=112751
1200,MAINBOARD,ASRock,ASRock H810M-X 에즈윈,124150,,https://img.danuri.io/catalog-image/192/885/074/34fdc422a9c84338895459407afce86c.jpg?shrink=130:130&_v=20260917080519,https://prod.danawa.com/info/?pcode=74885192&cate=112751
1201,MAINBOARD,ASRock,ASRock Z890 Taichi AQUA 인텍앤컴퍼니,1514290,,https://img.danuri.io/catalog-image/004/868/069/5ed49d322a4c4715bccaba15c64a69fc.jpg?shrink=130:130&_v=20260917080645,https://prod.danawa.com/info/?pcode=69868004&cate=112751
1202,MAINBOARD,ASRock,ASRock H810M-P Gen5 디앤디컴 (벌크),99060,,https://img.danuri.io/catalog-image/347/689/106/97ca8b4b8a704a76a915393ec922e644.jpg?shrink=130:130&_v=20260917231843,https://prod.danawa.com/info/?pcode=106689347&cate=112751
1203,MAINBOARD,ASRock,ASRock H810M-X Gen5 에즈윈,129350,,https://img.danuri.io/catalog-image/219/966/104/9b698120498a41e9a0612e43fa3df03f.jpg?shrink=130:130&_v=20260917090111,https://prod.danawa.com/info/?pcode=104966219&cate=112751
1204,MAINBOARD,ASRock,ASRock Z890 LiveMixer WiFi 인텍앤컴퍼니,369000,,https://img.danuri.io/catalog-image/430/868/069/3044ceae55d84922893151769ca7f379.jpg?shrink=130:130&_v=20260917080516,https://prod.danawa.com/info/?pcode=69868430&cate=112751
1205,MAINBOARD,ASRock,ASRock Z890 Pro-A WiFi 에즈윈,320730,,https://img.danuri.io/catalog-image/765/053/069/bca44ba1482146cb897b5ca59b156c64.jpg?shrink=130:130&_v=20260917080701,https://prod.danawa.com/info/?pcode=69053765&cate=112751
1206,MAINBOARD,ASRock,ASRock Z890 Pro-A 에즈윈,310480,,https://img.danuri.io/catalog-image/209/919/068/76e40692c6884740a5a1037fae619e13.jpg?shrink=130:130&_v=20260917141123,https://prod.danawa.com/info/?pcode=68919209&cate=112751
1207,MAINBOARD,ASRock,ASRock B860 Pro RS WiFi 에즈윈,259680,,https://img.danuri.io/catalog-image/509/415/074/de28d68f109d4a718c60bd8abd69cea2.jpg?shrink=130:130&_v=20260917092703,https://prod.danawa.com/info/?pcode=74415509&cate=112751
1208,MAINBOARD,ASRock,ASRock B860M Pro RS WiFi 디앤디컴,213360,,https://img.danuri.io/catalog-image/612/935/075/007d6e3343034338a02b29e1294efcd1.jpg?shrink=130:130&_v=20260917233628,https://prod.danawa.com/info/?pcode=75935612&cate=112751
1209,MAINBOARD,ASRock,ASRock H810M-P Gen5 에즈윈,93060,,https://img.danuri.io/catalog-image/351/220/106/abb6349c4ec84cb683d1782a56aece3e.jpg?shrink=130:130&_v=20260917164313,https://prod.danawa.com/info/?pcode=106220351&cate=112751
1210,MAINBOARD,ASRock,ASRock B860M-X 인텍앤컴퍼니,160960,,https://img.danuri.io/catalog-image/352/122/074/9f8d7d7860db4ce58014e369b6900c37.jpg?shrink=130:130&_v=20260917080441,https://prod.danawa.com/info/?pcode=74122352&cate=112751
1211,MAINBOARD,ASRock,ASRock H810M-HDVP 디앤디컴,128910,,https://img.danuri.io/catalog-image/083/969/105/244e989471f34a51b20426c03b7a379a.jpg?shrink=130:130&_v=20260917233152,https://prod.danawa.com/info/?pcode=105969083&cate=112751
1212,MAINBOARD,ASRock,ASRock B860 Pro-A 에즈윈,227480,,https://img.danuri.io/catalog-image/492/360/092/e172ae739c394a1dbcd7f86142e431f6.jpg?shrink=130:130&_v=20260917080535,https://prod.danawa.com/info/?pcode=92360492&cate=112751
1213,MAINBOARD,ASRock,ASRock H810M-X Gen5 디앤디컴,129690,,https://img.danuri.io/catalog-image/353/689/106/c19c8a0f9d9641b89b51164483554130.jpg?shrink=130:130&_v=20260917222643,https://prod.danawa.com/info/?pcode=106689353&cate=112751
1214,MAINBOARD,ASRock,ASRock B860 Rock WiFi 7 에즈윈,223240,,https://img.danuri.io/catalog-image/086/728/106/924f94caf8964a6a96a4dbcc30a880a3.jpg?shrink=130:130&_v=20260917163053,https://prod.danawa.com/info/?pcode=106728086&cate=112751
1215,MAINBOARD,ASRock,ASRock H810M-P Gen5 + WiFi6E 랜카드 패키지 디앤디컴,127870,,https://img.danuri.io/catalog-image/246/709/106/923e1c5ebcb847fdb95d4313f9c8c17a.jpg?shrink=130:130&_v=20260917231838,https://prod.danawa.com/info/?pcode=106709246&cate=112751
1216,MAINBOARD,ASRock,ASRock Z890 Taichi 인텍앤컴퍼니,683300,,https://img.danuri.io/catalog-image/902/867/069/bd1fe1180b814cc4a2b982a148418b5e.jpg?shrink=130:130&_v=20260916171049,https://prod.danawa.com/info/?pcode=69867902&cate=112751
1217,MAINBOARD,ASRock,ASRock Z890 Pro-A WiFi 디앤디컴,316960,,https://img.danuri.io/catalog-image/458/102/078/0ea67ae94a454bc890e31e6e025464c8.jpg?shrink=130:130&_v=20260918001503,https://prod.danawa.com/info/?pcode=78102458&cate=112751
1218,MAINBOARD,ASRock,ASRock H810M-X Gen5 + WiFi6E 랜카드 패키지 디앤디컴,156690,,https://img.danuri.io/catalog-image/032/710/106/31689132f4d34906bdd97b76daa0f1c2.jpg?shrink=130:130&_v=20260917215123,https://prod.danawa.com/info/?pcode=106710032&cate=112751
1219,MAINBOARD,ASRock,ASRock Z890 Pro RS 에즈윈,331380,,https://img.danuri.io/catalog-image/615/687/068/6e7cfb8740494db095689aec29ffbeb2.jpg?shrink=130:130&_v=20260917080534,https://prod.danawa.com/info/?pcode=68687615&cate=112751
1220,MAINBOARD,ASRock,ASRock H810M-X Gen5 인텍앤컴퍼니,127580,,https://img.danuri.io/catalog-image/787/184/105/632d56ff0ca349c89dbd011eb467c679.jpg?shrink=130:130&_v=20260917090043,https://prod.danawa.com/info/?pcode=105184787&cate=112751
1221,MAINBOARD,ASRock,ASRock H810M-P Gen5 인텍앤컴퍼니,99000,,https://img.danuri.io/catalog-image/197/746/106/bd456d12cf124baf999517669a893b07.jpg?shrink=130:130&_v=20260917080441,https://prod.danawa.com/info/?pcode=106746197&cate=112751
1222,MAINBOARD,ASRock,ASRock B860M Rock WiFi 인텍앤컴퍼니,191480,,https://img.danuri.io/catalog-image/887/456/108/acb53466bad34f099c211e2702bd746f.jpeg?shrink=130:130&_v=20260917080441,https://prod.danawa.com/info/?pcode=108456887&cate=112751
1223,MAINBOARD,ASRock,ASRock H810M-X 디앤디컴 (벌크),134960,,https://img.danuri.io/catalog-image/209/312/078/05e131c946724898a7a628417b525c6e.jpg?shrink=130:130&_v=20260917233618,https://prod.danawa.com/info/?pcode=78312209&cate=112751
1224,MAINBOARD,ASRock,ASRock H810M-P Gen5 + WiFi7 랜카드 패키지 디앤디컴,147530,,https://img.danuri.io/catalog-image/403/729/106/a94060270cf24fac91dae66dccdf999e.jpg?shrink=130:130&_v=20260917215608,https://prod.danawa.com/info/?pcode=106729403&cate=112751
1225,MAINBOARD,ASRock,ASRock H810M-HDVP 에즈윈 (벌크),130660,,https://img.danuri.io/catalog-image/637/717/106/ade6f0de462a46228e528b8c12bd67fb.jpg?shrink=130:130&_v=20260917080645,https://prod.danawa.com/info/?pcode=106717637&cate=112751
1226,MAINBOARD,ASRock,ASRock H810M-X Gen5 + WiFi7 랜카드 패키지 디앤디컴,177490,,https://img.danuri.io/catalog-image/391/729/106/05cb79206d544822b576be772f74dd5d.jpg?shrink=130:130&_v=20260918000028,https://prod.danawa.com/info/?pcode=106729391&cate=112751
1227,MAINBOARD,ASRock,ASRock H810M-X Gen5 디앤디컴 (벌크),132560,,https://img.danuri.io/catalog-image/356/689/106/32c52688f0514efc8648bb2c43352e15.jpg?shrink=130:130&_v=20260917231838,https://prod.danawa.com/info/?pcode=106689356&cate=112751
1228,MAINBOARD,ASRock,ASRock B860M-X Gen5 인텍앤컴퍼니,166110,,https://img.danuri.io/catalog-image/878/628/104/daf39a50704046ab8cde4484c882b283.jpg?shrink=130:130&_v=20260917085949,https://prod.danawa.com/info/?pcode=104628878&cate=112751
1229,MAINBOARD,ASRock,ASRock H810M-X 에즈윈 (벌크),131740,,https://img.danuri.io/catalog-image/201/885/074/8a3765141033493389f2e59486b7db13.jpg?shrink=130:130&_v=20260917080519,https://prod.danawa.com/info/?pcode=74885201&cate=112751
1230,MAINBOARD,ASRock,ASRock H810M-X Gen5 에즈윈 (벌크),128660,,https://img.danuri.io/catalog-image/744/663/122/12761cd3151d42198ba668b19214461a.jpeg?shrink=130:130&_v=20260917170250,https://prod.danawa.com/info/?pcode=122663744&cate=112751
1231,MAINBOARD,ASRock,ASRock B860M Pro-A 인텍앤컴퍼니,174000,,https://img.danuri.io/catalog-image/643/856/075/06b47e4d5f694a9db7342d54437ff7c1.jpg?shrink=130:130&_v=20260917080534,https://prod.danawa.com/info/?pcode=75856643&cate=112751
1232,MAINBOARD,ASRock,ASRock B860 스틸레전드 WiFi 인텍앤컴퍼니,399000,,https://img.danuri.io/catalog-image/589/116/074/153d63144c1b408d869b3a0896804848.jpg?shrink=130:130&_v=20260917080534,https://prod.danawa.com/info/?pcode=74116589&cate=112751
1233,MAINBOARD,ASRock,ASRock B860M-X 에즈윈,168000,,https://img.danuri.io/catalog-image/253/491/074/a08fb9f420ec429a9660ec2c92e80bbd.jpg?shrink=130:130&_v=20260917080534,https://prod.danawa.com/info/?pcode=74491253&cate=112751
1234,MAINBOARD,ASRock,ASRock Z890 Pro RS 디앤디컴,339000,,https://img.danuri.io/catalog-image/589/006/070/cd800e3b67314747a12f0aa583a0146c.jpg?shrink=130:130&_v=20260916080628,https://prod.danawa.com/info/?pcode=70006589&cate=112751
1235,MAINBOARD,ASRock,ASRock Z890 Taichi OCF 인텍앤컴퍼니,938990,,https://img.danuri.io/catalog-image/175/868/069/45feb455fe5646f3a995183d684f3865.jpg?shrink=130:130&_v=20260917080519,https://prod.danawa.com/info/?pcode=69868175&cate=112751
1236,MAINBOARD,ASRock,ASRock B860M-X 디앤디컴,179000,,https://img.danuri.io/catalog-image/601/307/078/6d7774d72c8342888ae0dc3b4d84de4e.jpg?shrink=130:130&_v=20260917080441,https://prod.danawa.com/info/?pcode=78307601&cate=112751
1237,MAINBOARD,ASRock,ASRock B860M Pro RS WiFi 인텍앤컴퍼니,212180,,https://img.danuri.io/catalog-image/977/121/074/706748c0fcb24b189442e617e02a6398.jpg?shrink=130:130&_v=20260917080701,https://prod.danawa.com/info/?pcode=74121977&cate=112751
1238,MAINBOARD,ASRock,ASRock H810M-X WIFI 디앤디컴,155000,,https://img.danuri.io/catalog-image/670/307/078/3af185db10b54aee9f88b27c2986deee.jpg?shrink=130:130&_v=20260917080531,https://prod.danawa.com/info/?pcode=78307670&cate=112751
1239,MAINBOARD,ASRock,ASRock B860M 스틸레전드 WiFi 인텍앤컴퍼니,263520,,https://img.danuri.io/catalog-image/682/116/074/1023d51cd0ba4af399702bd5befe632a.jpg?shrink=130:130&_v=20260917080519,https://prod.danawa.com/info/?pcode=74116682&cate=112751
1240,MAINBOARD,ASRock,ASRock H810M-H 인텍앤컴퍼니,119000,,https://img.danuri.io/catalog-image/409/971/092/983a6a4905c5469d8f7bf5310f9af9b9.jpg?shrink=130:130&_v=20260917080535,https://prod.danawa.com/info/?pcode=92971409&cate=112751
1241,MAINBOARD,ASRock,ASRock H810M-X 인텍앤컴퍼니,134000,,https://img.danuri.io/catalog-image/822/977/078/3fb998cde3924ff895686099fb0fb040.jpg?shrink=130:130&_v=20260917080645,https://prod.danawa.com/info/?pcode=78977822&cate=112751
1242,MAINBOARD,MSI,MSI A520M-A PRO,66470,,https://img.danuri.io/catalog-image/598/067/012/3ea14718c273498e8a5a8197c6c5cafa.jpg?shrink=130:130&_v=20260917212853,https://prod.danawa.com/info/?pcode=12067598&cate=112751
1243,MAINBOARD,MSI,MSI MPG X470 게이밍 플러스 맥스,186990,,https://img.danuri.io/catalog-image/100/500/009/8c838a732f1347af8bf8ebbad378f080.jpg?shrink=130:130&_v=20260917080519,https://prod.danawa.com/info/?pcode=9500100&cate=112751
1244,MAINBOARD,MSI,MSI 프레스티지 X570 크리에이션 (해외구매),600000,,https://img.danuri.io/catalog-image/092/164/013/994d95f4e7d546549a33c51a3c053593.jpg?shrink=130:130&_v=20260917080535,https://prod.danawa.com/info/?pcode=13164092&cate=112751
1245,MAINBOARD,MSI,MSI PRO B550M-P,115000,,https://img.danuri.io/catalog-image/479/694/122/c2370ec75ae34a999be232dd52b8b5d8.jpeg?shrink=130:130&_v=20260917082453,https://prod.danawa.com/info/?pcode=122694479&cate=112751
1246,MAINBOARD,MSI,MSI B550M-A PRO,96860,,https://img.danuri.io/catalog-image/411/694/122/a85c9918d6094ea6bb6ee5e0aefadda3.jpeg?shrink=130:130&_v=20260917183148,https://prod.danawa.com/info/?pcode=122694411&cate=112751
1247,MAINBOARD,MSI,MSI MAG B550 토마호크 (해외구매),297920,,https://img.danuri.io/catalog-image/252/631/013/6ee1e725e20542fe8cf1f8e95a3afb08.jpg?shrink=130:130&_v=20260918000813,https://prod.danawa.com/info/?pcode=13631252&cate=112751
1248,MAINBOARD,MSI,MSI B550M PRO-VDH WIFI (해외구매),170240,,https://img.danuri.io/catalog-image/965/036/018/9416a015bc7a412a822f857c0724a503.jpg?shrink=130:130&_v=20260917080441,https://prod.danawa.com/info/?pcode=18036965&cate=112751
1249,MAINBOARD,MSI,MSI A520M-A PRO (해외구매),66350,,https://img.danuri.io/catalog-image/379/411/013/3eef6fb29e454fb8967f4ed233f86c73.jpg?shrink=130:130&_v=20260917080441,https://prod.danawa.com/info/?pcode=13411379&cate=112751
1250,MAINBOARD,MSI,MSI MAG B850M 박격포 WIFI,295590,,https://img.danuri.io/catalog-image/648/397/079/9b1a4bcef5fb4d42be0061f4924834b8.jpg?shrink=130:130&_v=20260917130349,https://prod.danawa.com/info/?pcode=79397648&cate=112751
1251,MAINBOARD,MSI,MSI MAG B850 토마호크 맥스 WIFI,308630,,https://img.danuri.io/catalog-image/341/814/074/8b559406d12a44688227d5bb89cb6e12.jpg?shrink=130:130&_v=20260917222648,https://prod.danawa.com/info/?pcode=74814341&cate=112751
1252,MAINBOARD,MSI,MSI MAG X870E 토마호크 WIFI,443790,,https://img.danuri.io/catalog-image/021/857/075/ae02013247374dbcaab99e6ca477ac02.jpg?shrink=130:130&_v=20260917230242,https://prod.danawa.com/info/?pcode=75857021&cate=112751
1253,MAINBOARD,MSI,MSI MAG B650M 박격포 WIFI,202800,,https://img.danuri.io/catalog-image/187/971/017/7d2a1b192c9c46b5922dc755a5e3c08d.jpg?shrink=130:130&_v=20260917202708,https://prod.danawa.com/info/?pcode=17971187&cate=112751
1254,MAINBOARD,MSI,MSI PRO B650M-A WIFI,163970,,https://img.danuri.io/catalog-image/184/971/017/17dd200f9ab747019d849e10ae556ecf.jpg?shrink=130:130&_v=20260917181623,https://prod.danawa.com/info/?pcode=17971184&cate=112751
1255,MAINBOARD,MSI,MSI MAG B650 토마호크 WIFI,252590,,https://img.danuri.io/catalog-image/181/971/017/4adf0a80dad4487683828eab0d973c0d.jpg?shrink=130:130&_v=20260917204113,https://prod.danawa.com/info/?pcode=17971181&cate=112751
1256,MAINBOARD,MSI,MSI MAG B850M 박격포,242580,,https://img.danuri.io/catalog-image/696/493/091/315d93ca617845748c6fedff3633b8c9.jpg?shrink=130:130&_v=20260917215638,https://prod.danawa.com/info/?pcode=91493696&cate=112751
1257,MAINBOARD,MSI,MSI MPG X870E 엣지 TI WIFI,479200,,https://img.danuri.io/catalog-image/472/538/075/922932dc5edf4682aefe1e5c67708200.jpg?shrink=130:130&_v=20260917185739,https://prod.danawa.com/info/?pcode=75538472&cate=112751
1258,MAINBOARD,MSI,MSI MAG X870E 토마호크 맥스 WIFI PZ,526000,,https://img.danuri.io/catalog-image/440/325/104/77fd616ce1ed4f7a8e4822e92aa5e8c7.jpg?shrink=130:130&_v=20260917182403,https://prod.danawa.com/info/?pcode=104325440&cate=112751
1259,MAINBOARD,MSI,MSI MPG X870E 카본 WIFI,513450,,https://img.danuri.io/catalog-image/652/852/067/d9f931973c51494db1c491599f19196a.jpg?shrink=130:130&_v=20260917200648,https://prod.danawa.com/info/?pcode=67852652&cate=112751
1260,MAINBOARD,MSI,MSI PRO A620AM-B EVO,98980,,https://img.danuri.io/catalog-image/175/192/100/6feb4fe7cd8e478fa8539f61a086245b.jpg?shrink=130:130&_v=20260917182403,https://prod.danawa.com/info/?pcode=100192175&cate=112751
1261,MAINBOARD,MSI,MSI B850M 게이밍 플러스 WIFI6E,204500,,https://img.danuri.io/catalog-image/563/639/122/56dc3fe769b4413898ed6f232d0794ca.jpeg?shrink=130:130&_v=20260917182358,https://prod.danawa.com/info/?pcode=122639563&cate=112751
1262,MAINBOARD,MSI,MSI PRO B650M-P,118900,,https://img.danuri.io/catalog-image/249/108/020/f147732d496c4e25aafe1f83f79db9a8.jpg?shrink=130:130&_v=20260917145035,https://prod.danawa.com/info/?pcode=20108249&cate=112751
1263,MAINBOARD,MSI,MSI PRO B850M-A WIFI,182980,,https://img.danuri.io/catalog-image/442/502/093/cac46bbee1b54b8d93ca7193a64ba840.jpg?shrink=130:130&_v=20260917204123,https://prod.danawa.com/info/?pcode=93502442&cate=112751
1264,MAINBOARD,MSI,MSI MPG B850I 엣지 TI WIFI,363370,,https://img.danuri.io/catalog-image/510/121/097/beec979a117249cba85cb003e07193ca.jpg?shrink=130:130&_v=20260917182353,https://prod.danawa.com/info/?pcode=97121510&cate=112751
1265,MAINBOARD,MSI,MSI MAG X870E 토마호크 맥스 WIFI,472990,,https://img.danuri.io/catalog-image/856/011/124/08f850ac4f9a4b26bf1b032e023065fe.jpeg?shrink=130:130&_v=20260917184939,https://prod.danawa.com/info/?pcode=124011856&cate=112751
1266,MAINBOARD,MSI,MSI PRO B650M-A,148230,,https://img.danuri.io/catalog-image/890/568/062/a0a48edcaace468a839bca924582e16f.jpg?shrink=130:130&_v=20260917215638,https://prod.danawa.com/info/?pcode=62568890&cate=112751
1267,MAINBOARD,MSI,MSI MPG B850 엣지 TI WIFI,365900,,https://img.danuri.io/catalog-image/380/814/074/eff8b74de9984549a9c94aeb255d29a6.jpg?shrink=130:130&_v=20260917182408,https://prod.danawa.com/info/?pcode=74814380&cate=112751
1268,MAINBOARD,MSI,MSI PRO B850M-P,175900,,https://img.danuri.io/catalog-image/692/544/098/9277cd5bb39a43a9b831a63a903a89a3.jpg?shrink=130:130&_v=20260917222543,https://prod.danawa.com/info/?pcode=98544692&cate=112751
1269,MAINBOARD,MSI,MSI PRO B650M-B,109960,,https://img.danuri.io/catalog-image/043/295/057/fc0e9c0276b1467e82dbdc6c409d2ae9.jpg?shrink=130:130&_v=20260917215628,https://prod.danawa.com/info/?pcode=57295043&cate=112751
1270,MAINBOARD,MSI,MSI PRO A620M-C EX,118980,,https://img.danuri.io/catalog-image/221/249/039/02b9f228b93748e0aeff6cb57cff38a9.jpg?shrink=130:130&_v=20260917161218,https://prod.danawa.com/info/?pcode=39249221&cate=112751
1271,MAINBOARD,MSI,MSI B650M 프로젝트 제로,220890,,https://img.danuri.io/catalog-image/977/418/053/dd0f29e921864935ba052168b9e95c2e.jpg?shrink=130:130&_v=20260917181638,https://prod.danawa.com/info/?pcode=53418977&cate=112751
1272,MAINBOARD,MSI,MSI MAG X870 토마호크 WIFI,418160,,https://img.danuri.io/catalog-image/370/852/067/7454561db2594c209afbfe49619100d8.jpg?shrink=130:130&_v=20260917080441,https://prod.danawa.com/info/?pcode=67852370&cate=112751
1273,MAINBOARD,MSI,MSI PRO A620M-E,109000,,https://img.danuri.io/catalog-image/316/705/019/106adb1d5b9f437e919c591ec215c082.jpg?shrink=130:130&_v=20260917150458,https://prod.danawa.com/info/?pcode=19705316&cate=112751
1274,MAINBOARD,MSI,MSI MPG B650 엣지 WIFI,365490,,https://img.danuri.io/catalog-image/115/172/018/bb35cdffc9874b378868309653575f11.jpg?shrink=130:130&_v=20260917080535,https://prod.danawa.com/info/?pcode=18172115&cate=112751
1275,MAINBOARD,MSI,MSI MPG B650 카본 WIFI,915000,,https://img.danuri.io/catalog-image/178/971/017/0d5f58a281af47f9b7c24c80c6ab453d.jpg?shrink=130:130&_v=20260917080701,https://prod.danawa.com/info/?pcode=17971178&cate=112751
1276,MAINBOARD,MSI,MSI MAG X670E 토마호크 WIFI (해외구매),442710,,https://img.danuri.io/catalog-image/677/576/027/e114d92a1c764c318a76052ac96a8de1.jpg?shrink=130:130&_v=20260917080531,https://prod.danawa.com/info/?pcode=27576677&cate=112751
1277,MAINBOARD,MSI,MSI MAG B650 토마호크 WIFI (해외구매),243300,,https://img.danuri.io/catalog-image/226/223/018/1e6477451d85400db556fdaf8df638c3.jpg?shrink=130:130&_v=20260917080534,https://prod.danawa.com/info/?pcode=18223226&cate=112751
1278,MAINBOARD,MSI,MSI MPG X670E 카본 WiFi (해외구매),644620,,https://img.danuri.io/catalog-image/359/222/018/9697753c1961417c8603243908847865.jpg?shrink=130:130&_v=20260917080441,https://prod.danawa.com/info/?pcode=18222359&cate=112751
1279,MAINBOARD,MSI,MSI MPG X670E 카본 WiFi (중고),519200,,https://img.danuri.io/catalog-image/919/903/097/888cd01a7bbd443fba4a87ef439d06d7.jpg?shrink=130:130&_v=20260917080519,https://prod.danawa.com/info/?pcode=97903919&cate=112751
1280,MAINBOARD,MSI,MSI MPG B650I 엣지 WIFI (해외구매),585200,,https://img.danuri.io/catalog-image/468/449/018/6c3e07733cf74637a061424a58c22ba6.jpg?shrink=130:130&_v=20260917080516,https://prod.danawa.com/info/?pcode=18449468&cate=112751
1281,MAINBOARD,MSI,MSI MPG B650 엣지 WIFI (해외구매),310800,,https://img.danuri.io/catalog-image/728/204/018/e5fcd228b9b143178cec23561fe8eabd.jpg?shrink=130:130&_v=20260917080441,https://prod.danawa.com/info/?pcode=18204728&cate=112751
1282,MAINBOARD,MSI,MSI MPG X870E 엣지 TI WIFI (중고),451350,,https://img.danuri.io/catalog-image/343/855/097/37f3c6f1cc804738a4d82d4ed08603d0.jpg?shrink=130:130&_v=20260917080519,https://prod.danawa.com/info/?pcode=97855343&cate=112751
1283,MAINBOARD,MSI,MSI H510M-A PRO,150000,,https://img.danuri.io/catalog-image/021/628/013/f829d7fafa734b4e83097c4a14d68e1d.jpg?shrink=130:130&_v=20260916080424,https://prod.danawa.com/info/?pcode=13628021&cate=112751
1284,MAINBOARD,MSI,MSI MEG Z490I 유니파이 (해외구매),301190,,https://img.danuri.io/catalog-image/370/612/013/dfbdbb16ebb6467b847bb4877aca7932.jpg?shrink=130:130&_v=20260917080516,https://prod.danawa.com/info/?pcode=13612370&cate=112751
1285,MAINBOARD,MSI,MSI MPG Z490 게이밍 플러스 (해외구매),209700,,https://img.danuri.io/catalog-image/202/513/016/8dd256001fb8453299c29048ce1bee33.jpg?shrink=130:130&_v=20260917080645,https://prod.danawa.com/info/?pcode=16513202&cate=112751
1286,MAINBOARD,MSI,MSI MAG B560 토피도 해외구매,339000,,https://img.danuri.io/catalog-image/588/438/017/def6b08028bd41fd9f08d4b7a9adf243.jpg?shrink=130:130&_v=20260916080645,https://prod.danawa.com/info/?pcode=17438588&cate=112751
1287,MAINBOARD,MSI,MSI MPG Z590 게이밍 카본 WIFI (해외구매),550000,,https://img.danuri.io/catalog-image/146/504/015/b2199599868a4411b4751bfc1b582fc4.jpg?shrink=130:130&_v=20260917080531,https://prod.danawa.com/info/?pcode=15504146&cate=112751
1288,MAINBOARD,MSI,MSI PRO B760M-A DDR4 II,142480,,https://img.danuri.io/catalog-image/755/474/027/1d24ac6027dd49d8822922f89743862a.jpg?shrink=130:130&_v=20260917181613,https://prod.danawa.com/info/?pcode=27474755&cate=112751
1289,MAINBOARD,MSI,MSI MAG B760M 박격포 II,174000,,https://img.danuri.io/catalog-image/114/226/037/b6a02db66f614c3e810bc8dfea10a065.jpg?shrink=130:130&_v=20260917215659,https://prod.danawa.com/info/?pcode=37226114&cate=112751
1290,MAINBOARD,MSI,MSI PRO H610M-E DDR4,85420,,https://img.danuri.io/catalog-image/313/109/018/7f3d519484c94c7fbd4f92827b7a4426.jpg?shrink=130:130&_v=20260917181618,https://prod.danawa.com/info/?pcode=18109313&cate=112751
1291,MAINBOARD,MSI,MSI MAG B660M 박격포 DDR4,196000,,https://img.danuri.io/catalog-image/002/089/016/98e9bac7de3a49208ee8c0f4adf557fd.jpg?shrink=130:130&_v=20260917080519,https://prod.danawa.com/info/?pcode=16089002&cate=112751
1292,MAINBOARD,MSI,MSI PRO B760M-P DDR4,125120,,https://img.danuri.io/catalog-image/889/652/018/9f930f304bb94130a23b0b84649dbeb4.jpg?shrink=130:130&_v=20260917182349,https://prod.danawa.com/info/?pcode=18652889&cate=112751
1293,MAINBOARD,MSI,MSI MAG B760 토마호크 WIFI,227810,,https://img.danuri.io/catalog-image/865/652/018/0f3ef4e351bd48d3a752f7dce24d75ba.jpg?shrink=130:130&_v=20260917181623,https://prod.danawa.com/info/?pcode=18652865&cate=112751
1294,MAINBOARD,MSI,MSI PRO H610M-C EX,109990,,https://img.danuri.io/catalog-image/543/637/016/bfb95649c4b24816a5b6954d6c726d06.jpg?shrink=130:130&_v=20260917181738,https://prod.danawa.com/info/?pcode=16637543&cate=112751
1295,MAINBOARD,MSI,MSI PRO B760M-E DDR4,117490,,https://img.danuri.io/catalog-image/313/637/122/a4830b9dc66a4a6bbcc029decf9d022e.jpeg?shrink=130:130&_v=20260917182359,https://prod.danawa.com/info/?pcode=122637313&cate=112751
1296,MAINBOARD,MSI,MSI PRO B760M-P,134970,,https://img.danuri.io/catalog-image/636/171/020/1eee96409a5244469b28b456b16e6883.jpg?shrink=130:130&_v=20260917182418,https://prod.danawa.com/info/?pcode=20171636&cate=112751
1297,MAINBOARD,MSI,MSI PRO Z790-P WIFI,283180,,https://img.danuri.io/catalog-image/169/475/027/0c8941ed2170492cb03dc82c3045837d.jpg?shrink=130:130&_v=20260917150253,https://prod.danawa.com/info/?pcode=27475169&cate=112751
1298,MAINBOARD,MSI,MSI B760M 프로젝트 제로,233700,,https://img.danuri.io/catalog-image/463/419/053/b1056cf6f0b24c8d812566f82b25edfe.jpg?shrink=130:130&_v=20260917222713,https://prod.danawa.com/info/?pcode=53419463&cate=112751
1299,MAINBOARD,MSI,MSI PRO H610M-E DDR5,89990,,https://img.danuri.io/catalog-image/412/837/097/137039c89e0d4caeb666bba13ce92573.jpg?shrink=130:130&_v=20260917182403,https://prod.danawa.com/info/?pcode=97837412&cate=112751
1300,MAINBOARD,MSI,MSI PRO H610M-G DDR4,122000,,https://img.danuri.io/catalog-image/863/314/016/f5ac0792c13b4f52b54a7d9a0b98dcff.jpg?shrink=130:130&_v=20260917080519,https://prod.danawa.com/info/?pcode=16314863&cate=112751
1301,MAINBOARD,MSI,MSI MAG B660M 박격포 WIFI DDR4 (해외구매),432580,,https://img.danuri.io/catalog-image/394/662/017/45869e89e19143c8818a6d2e4ca7c2e0.jpg?shrink=130:130&_v=20260917080519,https://prod.danawa.com/info/?pcode=17662394&cate=112751
1302,MAINBOARD,MSI,MSI PRO H610M-G DDR4 (해외구매),119330,,https://img.danuri.io/catalog-image/766/301/018/c2505eef54a645a7afe310376b80434b.jpg?shrink=130:130&_v=20260917185633,https://prod.danawa.com/info/?pcode=18301766&cate=112751
1303,MAINBOARD,MSI,MSI PRO B660M-A WIFI DDR4 (해외구매),351520,,https://img.danuri.io/catalog-image/194/222/018/63398026a31c4867b77e4a44961d03b1.jpg?shrink=130:130&_v=20260916080503,https://prod.danawa.com/info/?pcode=18222194&cate=112751
1304,MAINBOARD,MSI,MSI PRO B660M-A WIFI (해외구매),458900,,https://img.danuri.io/catalog-image/278/222/018/de8d238923fa45f38812ad8974216109.jpg?shrink=130:130&_v=20260916080408,https://prod.danawa.com/info/?pcode=18222278&cate=112751
1305,MAINBOARD,MSI,MSI PRO H610M-C EX (중고),99880,,https://img.danuri.io/catalog-image/688/903/097/a3946111ae15418e816351e4e81db735.jpg?shrink=130:130&_v=20260909080714,https://prod.danawa.com/info/?pcode=97903688&cate=112751
1306,MAINBOARD,MSI,MSI MAG B860M 박격포 WIFI,267390,,https://img.danuri.io/catalog-image/266/340/074/777751b46c21424db221a90e8db2b493.jpg?shrink=130:130&_v=20260917182343,https://prod.danawa.com/info/?pcode=74340266&cate=112751
1307,MAINBOARD,MSI,MSI MAG Z890 토마호크 WIFI,446490,,https://img.danuri.io/catalog-image/766/697/069/e8cb1b2c7a7b449eae606eaf1af87618.jpeg?shrink=130:130&_v=20260917222713,https://prod.danawa.com/info/?pcode=69697766&cate=112751
1308,MAINBOARD,MSI,MSI MAG B860M 박격포,242610,,https://img.danuri.io/catalog-image/609/636/122/9f16e33de4694e278fb0d9747367782d.jpeg?shrink=130:130&_v=20260917182358,https://prod.danawa.com/info/?pcode=122636609&cate=112751
1309,MAINBOARD,MSI,MSI PRO B860M-A WIFI6E,203450,,https://img.danuri.io/catalog-image/879/668/123/dba56aaaa0ac43f7ab22045ea325558d.jpeg?shrink=130:130&_v=20260917183233,https://prod.danawa.com/info/?pcode=123668879&cate=112751
1310,MAINBOARD,MSI,MSI PRO B860M-A WIFI,208990,,https://img.danuri.io/catalog-image/975/339/074/5fe4292f5bad418fa676f158798bd7d6.jpg?shrink=130:130&_v=20260917080441,https://prod.danawa.com/info/?pcode=74339975&cate=112751
1311,MAINBOARD,MSI,MSI MAG B860 토마호크 WIFI,278880,,https://img.danuri.io/catalog-image/455/340/074/0b0b034ff7dd483aaeef9531913b94b1.jpg?shrink=130:130&_v=20260917182348,https://prod.danawa.com/info/?pcode=74340455&cate=112751
1312,MAINBOARD,MSI,MSI MPG Z890 카본 WIFI,594000,,https://img.danuri.io/catalog-image/066/698/069/3678300e44204424b7fc435ad04a81dc.jpg?shrink=130:130&_v=20260917190154,https://prod.danawa.com/info/?pcode=69698066&cate=112751
1313,MAINBOARD,MSI,MSI MEG Z890 유니파이-X,691890,,https://img.danuri.io/catalog-image/594/698/069/fab7ccfffd534596bf9b098b97de0269.jpg?shrink=130:130&_v=20260917204633,https://prod.danawa.com/info/?pcode=69698594&cate=112751
1314,MAINBOARD,MSI,MSI PRO Z890-A WIFI,373900,,https://img.danuri.io/catalog-image/916/697/069/39d0070673454bff866527a2e7ab2329.jpg?shrink=130:130&_v=20260917182408,https://prod.danawa.com/info/?pcode=69697916&cate=112751
1315,MAINBOARD,MSI,MSI MAG Z890 토마호크 WIFI II,472990,,https://img.danuri.io/catalog-image/866/011/124/4768b3c6906048a1894eeb8608b79798.jpeg?shrink=130:130&_v=20260917192913,https://prod.danawa.com/info/?pcode=124011866&cate=112751
1316,MAINBOARD,MSI,MSI PRO H810M-B,120990,,https://img.danuri.io/catalog-image/798/121/097/ec2420166b9a46388966abb9b68befac.jpg?shrink=130:130&_v=20260917182403,https://prod.danawa.com/info/?pcode=97121798&cate=112751
1317,MAINBOARD,MSI,MSI MEG Z890 에이스,948650,,https://img.danuri.io/catalog-image/592/697/069/862e081979b5499ea883e8f67ad28a99.jpg?shrink=130:130&_v=20260917213748,https://prod.danawa.com/info/?pcode=69697592&cate=112751
1318,MAINBOARD,MSI,MSI MPG Z890 엣지 TI WIFI,545900,,https://img.danuri.io/catalog-image/492/698/069/4620d7f4126742a5b63ea8cae74a972e.jpg?shrink=130:130&_v=20260917182413,https://prod.danawa.com/info/?pcode=69698492&cate=112751
1319,MAINBOARD,MSI,MSI PRO H810M-E,115980,,https://img.danuri.io/catalog-image/438/675/122/7dcfc9634eb1403188ee87a14aedbbc0.jpeg?shrink=130:130&_v=20260917204144,https://prod.danawa.com/info/?pcode=122675438&cate=112751
1320,MAINBOARD,MSI,MSI PRO Z890-P WIFI,348990,,https://img.danuri.io/catalog-image/543/216/071/c0509f667c80473d88ecb22dad7293fb.jpg?shrink=130:130&_v=20260917105223,https://prod.danawa.com/info/?pcode=71216543&cate=112751
1321,MAINBOARD,MSI,MSI PRO H810M-C EX,134990,,https://img.danuri.io/catalog-image/161/969/105/e6073e99172940daad9210ee9284c59e.jpg?shrink=130:130&_v=20260917160953,https://prod.danawa.com/info/?pcode=105969161&cate=112751
