spec_id,part_id,spec_key,spec_value,spec_unit
1,1,ram_type,DDR4,
2,1,capacity_gb,8,GB
3,1,speed_mhz,3200,MHz
4,1,module_count,1,EA
5,2,ram_type,DDR4,
6,2,capacity_gb,8,GB
7,2,speed_mhz,2666,MHz
8,2,module_count,1,EA
9,3,ram_type,DDR4,
10,3,capacity_gb,8,GB
11,3,speed_mhz,2400,MHz
12,3,module_count,1,EA
13,4,ram_type,DDR4,
14,4,capacity_gb,8,GB
15,4,speed_mhz,2933,MHz
16,4,module_count,1,EA
17,5,ram_type,DDR4,
18,5,capacity_gb,8,GB
19,5,speed_mhz,3200,MHz
20,5,module_count,1,EA
21,6,ram_type,DDR4,
22,6,capacity_gb,8,GB
23,6,speed_mhz,3200,MHz
24,6,module_count,1,EA
25,7,ram_type,DDR4,
26,7,capacity_gb,8,GB
27,7,speed_mhz,3200,MHz
28,7,module_count,1,EA
29,8,ram_type,DDR4,
30,8,capacity_gb,8,GB
31,8,speed_mhz,3200,MHz
32,8,module_count,1,EA
33,9,ram_type,DDR4,
34,9,capacity_gb,8,GB
35,9,speed_mhz,2666,MHz
36,9,module_count,1,EA
37,10,ram_type,DDR4,
38,10,capacity_gb,8,GB
39,10,speed_mhz,3200,MHz
40,10,module_count,1,EA
41,11,ram_type,DDR4,
42,11,capacity_gb,8,GB
43,11,speed_mhz,3200,MHz
44,11,module_count,1,EA
45,12,ram_type,DDR4,
46,12,capacity_gb,8,GB
47,12,speed_mhz,2666,MHz
48,12,module_count,1,EA
49,13,ram_type,DDR4,
50,13,capacity_gb,16,GB
51,13,speed_mhz,3200,MHz
52,13,module_count,1,EA
53,14,ram_type,DDR4,
54,14,capacity_gb,16,GB
55,14,speed_mhz,2400,MHz
56,14,module_count,1,EA
57,15,ram_type,DDR4,
58,15,capacity_gb,16,GB
59,15,speed_mhz,2666,MHz
60,15,module_count,1,EA
61,16,ram_type,DDR4,
62,16,capacity_gb,16,GB
63,16,speed_mhz,2133,MHz
64,16,module_count,1,EA
65,17,ram_type,DDR4,
66,17,capacity_gb,16,GB
67,17,speed_mhz,2933,MHz
68,17,module_count,1,EA
69,18,ram_type,DDR4,
70,18,capacity_gb,16,GB
71,18,speed_mhz,3200,MHz
72,18,module_count,1,EA
73,19,ram_type,DDR4,
74,19,capacity_gb,16,GB
75,19,speed_mhz,2666,MHz
76,19,module_count,1,EA
77,20,ram_type,DDR4,
78,20,capacity_gb,16,GB
79,20,speed_mhz,3200,MHz
80,20,module_count,1,EA
81,21,ram_type,DDR4,
82,21,capacity_gb,16,GB
83,21,speed_mhz,2666,MHz
84,21,module_count,1,EA
85,22,ram_type,DDR4,
86,22,capacity_gb,16,GB
87,22,speed_mhz,3600,MHz
88,22,module_count,2,EA
89,23,ram_type,DDR4,
90,23,capacity_gb,16,GB
91,23,speed_mhz,3200,MHz
92,23,module_count,1,EA
93,24,ram_type,DDR4,
94,24,capacity_gb,16,GB
95,24,speed_mhz,3200,MHz
96,24,module_count,2,EA
97,25,ram_type,DDR4,
98,25,capacity_gb,16,GB
99,25,speed_mhz,3600,MHz
100,25,module_count,2,EA
101,26,ram_type,DDR4,
102,26,capacity_gb,16,GB
103,26,speed_mhz,3200,MHz
104,26,module_count,2,EA
105,27,ram_type,DDR4,
106,27,capacity_gb,16,GB
107,27,speed_mhz,2666,MHz
108,27,module_count,1,EA
109,28,ram_type,DDR4,
110,28,capacity_gb,16,GB
111,28,speed_mhz,3200,MHz
112,28,module_count,2,EA
113,29,ram_type,DDR4,
114,29,capacity_gb,16,GB
115,29,speed_mhz,3200,MHz
116,29,module_count,2,EA
117,30,ram_type,DDR4,
118,30,capacity_gb,16,GB
119,30,speed_mhz,3200,MHz
120,30,module_count,1,EA
121,31,ram_type,DDR4,
122,31,capacity_gb,16,GB
123,31,speed_mhz,3600,MHz
124,31,module_count,2,EA
125,32,ram_type,DDR4,
126,32,capacity_gb,16,GB
127,32,speed_mhz,3200,MHz
128,32,module_count,2,EA
129,33,ram_type,DDR4,
130,33,capacity_gb,16,GB
131,33,speed_mhz,3200,MHz
132,33,module_count,1,EA
133,34,ram_type,DDR4,
134,34,capacity_gb,16,GB
135,34,speed_mhz,3600,MHz
136,34,module_count,2,EA
137,35,ram_type,DDR4,
138,35,capacity_gb,16,GB
139,35,speed_mhz,3600,MHz
140,35,module_count,2,EA
141,36,ram_type,DDR4,
142,36,capacity_gb,16,GB
143,36,speed_mhz,3200,MHz
144,36,module_count,2,EA
145,37,ram_type,DDR4,
146,37,capacity_gb,16,GB
147,37,speed_mhz,3600,MHz
148,37,module_count,2,EA
149,38,ram_type,DDR4,
150,38,capacity_gb,16,GB
151,38,speed_mhz,3600,MHz
152,38,module_count,2,EA
153,39,ram_type,DDR4,
154,39,capacity_gb,16,GB
155,39,speed_mhz,3200,MHz
156,39,module_count,2,EA
157,40,ram_type,DDR4,
158,40,capacity_gb,16,GB
159,40,speed_mhz,3200,MHz
160,40,module_count,1,EA
161,41,ram_type,DDR4,
162,41,capacity_gb,16,GB
163,41,speed_mhz,3200,MHz
164,41,module_count,2,EA
165,42,ram_type,DDR4,
166,42,capacity_gb,16,GB
167,42,speed_mhz,3600,MHz
168,42,module_count,2,EA
169,43,ram_type,DDR4,
170,43,capacity_gb,16,GB
171,43,speed_mhz,3600,MHz
172,43,module_count,2,EA
173,44,ram_type,DDR4,
174,44,capacity_gb,32,GB
175,44,speed_mhz,3200,MHz
176,44,module_count,1,EA
177,45,ram_type,DDR4,
178,45,capacity_gb,32,GB
179,45,speed_mhz,2933,MHz
180,45,module_count,1,EA
181,46,ram_type,DDR4,
182,46,capacity_gb,32,GB
183,46,speed_mhz,2666,MHz
184,46,module_count,1,EA
185,47,ram_type,DDR4,
186,47,capacity_gb,32,GB
187,47,speed_mhz,3200,MHz
188,47,module_count,1,EA
189,48,ram_type,DDR4,
190,48,capacity_gb,32,GB
191,48,speed_mhz,3200,MHz
192,48,module_count,1,EA
193,49,ram_type,DDR4,
194,49,capacity_gb,32,GB
195,49,speed_mhz,3600,MHz
196,49,module_count,2,EA
197,50,ram_type,DDR4,
198,50,capacity_gb,32,GB
199,50,speed_mhz,3600,MHz
200,50,module_count,2,EA
201,51,ram_type,DDR4,
202,51,capacity_gb,32,GB
203,51,speed_mhz,3200,MHz
204,51,module_count,2,EA
205,52,ram_type,DDR4,
206,52,capacity_gb,32,GB
207,52,speed_mhz,3600,MHz
208,52,module_count,2,EA
209,53,ram_type,DDR4,
210,53,capacity_gb,32,GB
211,53,speed_mhz,3200,MHz
212,53,module_count,2,EA
213,54,ram_type,DDR4,
214,54,capacity_gb,32,GB
215,54,speed_mhz,3600,MHz
216,54,module_count,2,EA
217,55,ram_type,DDR4,
218,55,capacity_gb,32,GB
219,55,speed_mhz,3600,MHz
220,55,module_count,2,EA
221,56,ram_type,DDR4,
222,56,capacity_gb,32,GB
223,56,speed_mhz,3200,MHz
224,56,module_count,2,EA
225,57,ram_type,DDR4,
226,57,capacity_gb,32,GB
227,57,speed_mhz,3200,MHz
228,57,module_count,2,EA
229,58,ram_type,DDR4,
230,58,capacity_gb,32,GB
231,58,speed_mhz,3200,MHz
232,58,module_count,1,EA
233,59,ram_type,DDR4,
234,59,capacity_gb,32,GB
235,59,speed_mhz,3200,MHz
236,59,module_count,2,EA
237,60,ram_type,DDR4,
238,60,capacity_gb,32,GB
239,60,speed_mhz,3200,MHz
240,60,module_count,2,EA
241,61,ram_type,DDR4,
242,61,capacity_gb,32,GB
243,61,speed_mhz,3600,MHz
244,61,module_count,2,EA
245,62,ram_type,DDR4,
246,62,capacity_gb,32,GB
247,62,speed_mhz,3200,MHz
248,62,module_count,2,EA
249,63,ram_type,DDR4,
250,63,capacity_gb,32,GB
251,63,speed_mhz,3600,MHz
252,63,module_count,2,EA
253,64,ram_type,DDR4,
254,64,capacity_gb,64,GB
255,64,speed_mhz,3600,MHz
256,64,module_count,2,EA
257,65,ram_type,DDR4,
258,65,capacity_gb,64,GB
259,65,speed_mhz,3200,MHz
260,65,module_count,2,EA
261,66,ram_type,DDR5,
262,66,capacity_gb,8,GB
263,66,speed_mhz,5600,MHz
264,66,module_count,1,EA
265,67,ram_type,DDR5,
266,67,capacity_gb,8,GB
267,67,speed_mhz,4800,MHz
268,67,module_count,1,EA
269,68,ram_type,DDR5,
270,68,capacity_gb,8,GB
271,68,speed_mhz,6400,MHz
272,68,module_count,1,EA
273,69,ram_type,DDR5,
274,69,capacity_gb,8,GB
275,69,speed_mhz,4800,MHz
276,69,module_count,1,EA
277,70,ram_type,DDR5,
278,70,capacity_gb,8,GB
279,70,speed_mhz,7200,MHz
280,70,module_count,1,EA
281,71,ram_type,DDR5,
282,71,capacity_gb,8,GB
283,71,speed_mhz,5600,MHz
284,71,module_count,1,EA
285,72,ram_type,DDR5,
286,72,capacity_gb,8,GB
287,72,speed_mhz,5600,MHz
288,72,module_count,1,EA
289,73,ram_type,DDR5,
290,73,capacity_gb,8,GB
291,73,speed_mhz,5600,MHz
292,73,module_count,1,EA
293,74,ram_type,DDR5,
294,74,capacity_gb,8,GB
295,74,speed_mhz,5600,MHz
296,74,module_count,1,EA
297,75,ram_type,DDR5,
298,75,capacity_gb,8,GB
299,75,speed_mhz,5600,MHz
300,75,module_count,1,EA
301,76,ram_type,DDR5,
302,76,capacity_gb,8,GB
303,76,speed_mhz,5600,MHz
304,76,module_count,1,EA
305,77,ram_type,DDR5,
306,77,capacity_gb,8,GB
307,77,speed_mhz,6000,MHz
308,77,module_count,1,EA
309,78,ram_type,DDR5,
310,78,capacity_gb,8,GB
311,78,speed_mhz,5600,MHz
312,78,module_count,1,EA
313,79,ram_type,DDR5,
314,79,capacity_gb,8,GB
315,79,speed_mhz,5600,MHz
316,79,module_count,1,EA
317,80,ram_type,DDR5,
318,80,capacity_gb,16,GB
319,80,speed_mhz,5600,MHz
320,80,module_count,1,EA
321,81,ram_type,DDR5,
322,81,capacity_gb,16,GB
323,81,speed_mhz,7200,MHz
324,81,module_count,1,EA
325,82,ram_type,DDR5,
326,82,capacity_gb,16,GB
327,82,speed_mhz,6400,MHz
328,82,module_count,1,EA
329,83,ram_type,DDR5,
330,83,capacity_gb,16,GB
331,83,speed_mhz,4800,MHz
332,83,module_count,1,EA
333,84,ram_type,DDR5,
334,84,capacity_gb,16,GB
335,84,speed_mhz,4800,MHz
336,84,module_count,1,EA
337,85,ram_type,DDR5,
338,85,capacity_gb,16,GB
339,85,speed_mhz,6000,MHz
340,85,module_count,1,EA
341,86,ram_type,DDR5,
342,86,capacity_gb,16,GB
343,86,speed_mhz,6000,MHz
344,86,module_count,1,EA
345,87,ram_type,DDR5,
346,87,capacity_gb,16,GB
347,87,speed_mhz,6000,MHz
348,87,module_count,1,EA
349,88,ram_type,DDR5,
350,88,capacity_gb,16,GB
351,88,speed_mhz,5600,MHz
352,88,module_count,1,EA
353,89,ram_type,DDR5,
354,89,capacity_gb,16,GB
355,89,speed_mhz,6000,MHz
356,89,module_count,1,EA
357,90,ram_type,DDR5,
358,90,capacity_gb,16,GB
359,90,speed_mhz,6000,MHz
360,90,module_count,1,EA
361,91,ram_type,DDR5,
362,91,capacity_gb,16,GB
363,91,speed_mhz,6000,MHz
364,91,module_count,1,EA
365,92,ram_type,DDR5,
366,92,capacity_gb,16,GB
367,92,speed_mhz,5600,MHz
368,92,module_count,1,EA
369,93,ram_type,DDR5,
370,93,capacity_gb,16,GB
371,93,speed_mhz,5600,MHz
372,93,module_count,1,EA
373,94,ram_type,DDR5,
374,94,capacity_gb,16,GB
375,94,speed_mhz,6000,MHz
376,94,module_count,2,EA
377,95,ram_type,DDR5,
378,95,capacity_gb,16,GB
379,95,speed_mhz,6400,MHz
380,95,module_count,1,EA
381,96,ram_type,DDR5,
382,96,capacity_gb,16,GB
383,96,speed_mhz,5600,MHz
384,96,module_count,1,EA
385,97,ram_type,DDR5,
386,97,capacity_gb,16,GB
387,97,speed_mhz,6000,MHz
388,97,module_count,2,EA
389,98,ram_type,DDR5,
390,98,capacity_gb,16,GB
391,98,speed_mhz,5600,MHz
392,98,module_count,1,EA
393,99,ram_type,DDR5,
394,99,capacity_gb,16,GB
395,99,speed_mhz,6000,MHz
396,99,module_count,1,EA
397,100,ram_type,DDR5,
398,100,capacity_gb,16,GB
399,100,speed_mhz,5600,MHz
400,100,module_count,1,EA
401,101,ram_type,DDR5,
402,101,capacity_gb,16,GB
403,101,speed_mhz,6000,MHz
404,101,module_count,1,EA
405,102,ram_type,DDR5,
406,102,capacity_gb,16,GB
407,102,speed_mhz,5600,MHz
408,102,module_count,1,EA
409,103,ram_type,DDR5,
410,103,capacity_gb,16,GB
411,103,speed_mhz,4800,MHz
412,103,module_count,1,EA
413,104,ram_type,DDR5,
414,104,capacity_gb,16,GB
415,104,speed_mhz,5200,MHz
416,104,module_count,1,EA
417,105,ram_type,DDR5,
418,105,capacity_gb,16,GB
419,105,speed_mhz,5600,MHz
420,105,module_count,1,EA
421,106,ram_type,DDR5,
422,106,capacity_gb,16,GB
423,106,speed_mhz,5600,MHz
424,106,module_count,1,EA
425,107,ram_type,DDR5,
426,107,capacity_gb,32,GB
427,107,speed_mhz,5600,MHz
428,107,module_count,1,EA
429,108,ram_type,DDR5,
430,108,capacity_gb,32,GB
431,108,speed_mhz,4800,MHz
432,108,module_count,1,EA
433,109,ram_type,DDR5,
434,109,capacity_gb,32,GB
435,109,speed_mhz,4800,MHz
436,109,module_count,1,EA
437,110,ram_type,DDR5,
438,110,capacity_gb,32,GB
439,110,speed_mhz,6000,MHz
440,110,module_count,2,EA
441,111,ram_type,DDR5,
442,111,capacity_gb,32,GB
443,111,speed_mhz,6000,MHz
444,111,module_count,2,EA
445,112,ram_type,DDR5,
446,112,capacity_gb,32,GB
447,112,speed_mhz,8000,MHz
448,112,module_count,2,EA
449,113,ram_type,DDR5,
450,113,capacity_gb,32,GB
451,113,speed_mhz,6000,MHz
452,113,module_count,2,EA
453,114,ram_type,DDR5,
454,114,capacity_gb,32,GB
455,114,speed_mhz,6400,MHz
456,114,module_count,2,EA
457,115,ram_type,DDR5,
458,115,capacity_gb,32,GB
459,115,speed_mhz,6400,MHz
460,115,module_count,2,EA
461,116,ram_type,DDR5,
462,116,capacity_gb,32,GB
463,116,speed_mhz,5600,MHz
464,116,module_count,1,EA
465,117,ram_type,DDR5,
466,117,capacity_gb,32,GB
467,117,speed_mhz,6200,MHz
468,117,module_count,2,EA
469,118,ram_type,DDR5,
470,118,capacity_gb,32,GB
471,118,speed_mhz,7400,MHz
472,118,module_count,2,EA
473,119,ram_type,DDR5,
474,119,capacity_gb,32,GB
475,119,speed_mhz,7200,MHz
476,119,module_count,2,EA
477,120,ram_type,DDR5,
478,120,capacity_gb,32,GB
479,120,speed_mhz,7000,MHz
480,120,module_count,2,EA
481,121,ram_type,DDR5,
482,121,capacity_gb,32,GB
483,121,speed_mhz,7200,MHz
484,121,module_count,2,EA
485,122,ram_type,DDR5,
486,122,capacity_gb,32,GB
487,122,speed_mhz,7400,MHz
488,122,module_count,2,EA
489,123,ram_type,DDR5,
490,123,capacity_gb,32,GB
491,123,speed_mhz,6800,MHz
492,123,module_count,2,EA
493,124,ram_type,DDR5,
494,124,capacity_gb,32,GB
495,124,speed_mhz,6400,MHz
496,124,module_count,2,EA
497,125,ram_type,DDR5,
498,125,capacity_gb,32,GB
499,125,speed_mhz,6000,MHz
500,125,module_count,2,EA
501,126,ram_type,DDR5,
502,126,capacity_gb,32,GB
503,126,speed_mhz,6600,MHz
504,126,module_count,2,EA
505,127,ram_type,DDR5,
506,127,capacity_gb,32,GB
507,127,speed_mhz,7000,MHz
508,127,module_count,2,EA
509,128,ram_type,DDR5,
510,128,capacity_gb,32,GB
511,128,speed_mhz,6200,MHz
512,128,module_count,2,EA
513,129,ram_type,DDR5,
514,129,capacity_gb,32,GB
515,129,speed_mhz,6200,MHz
516,129,module_count,2,EA
517,130,ram_type,DDR5,
518,130,capacity_gb,32,GB
519,130,speed_mhz,6800,MHz
520,130,module_count,2,EA
521,131,ram_type,DDR5,
522,131,capacity_gb,32,GB
523,131,speed_mhz,6600,MHz
524,131,module_count,2,EA
525,132,ram_type,DDR5,
526,132,capacity_gb,32,GB
527,132,speed_mhz,6000,MHz
528,132,module_count,2,EA
529,133,ram_type,DDR5,
530,133,capacity_gb,32,GB
531,133,speed_mhz,6600,MHz
532,133,module_count,2,EA
533,134,ram_type,DDR5,
534,134,capacity_gb,32,GB
535,134,speed_mhz,7000,MHz
536,134,module_count,2,EA
537,135,ram_type,DDR5,
538,135,capacity_gb,32,GB
539,135,speed_mhz,6000,MHz
540,135,module_count,2,EA
541,136,ram_type,DDR5,
542,136,capacity_gb,32,GB
543,136,speed_mhz,7000,MHz
544,136,module_count,2,EA
545,137,ram_type,DDR5,
546,137,capacity_gb,32,GB
547,137,speed_mhz,6000,MHz
548,137,module_count,2,EA
549,138,ram_type,DDR5,
550,138,capacity_gb,32,GB
551,138,speed_mhz,5600,MHz
552,138,module_count,1,EA
553,139,ram_type,DDR5,
554,139,capacity_gb,32,GB
555,139,speed_mhz,6000,MHz
556,139,module_count,2,EA
557,140,ram_type,DDR5,
558,140,capacity_gb,32,GB
559,140,speed_mhz,6000,MHz
560,140,module_count,2,EA
561,141,ram_type,DDR5,
562,141,capacity_gb,32,GB
563,141,speed_mhz,6000,MHz
564,141,module_count,2,EA
565,142,ram_type,DDR5,
566,142,capacity_gb,32,GB
567,142,speed_mhz,6000,MHz
568,142,module_count,2,EA
569,143,ram_type,DDR5,
570,143,capacity_gb,32,GB
571,143,speed_mhz,6000,MHz
572,143,module_count,2,EA
573,144,ram_type,DDR5,
574,144,capacity_gb,32,GB
575,144,speed_mhz,6000,MHz
576,144,module_count,2,EA
577,145,ram_type,DDR5,
578,145,capacity_gb,32,GB
579,145,speed_mhz,6000,MHz
580,145,module_count,2,EA
581,146,ram_type,DDR5,
582,146,capacity_gb,32,GB
583,146,speed_mhz,6000,MHz
584,146,module_count,2,EA
585,147,ram_type,DDR5,
586,147,capacity_gb,32,GB
587,147,speed_mhz,6000,MHz
588,147,module_count,2,EA
589,148,ram_type,DDR5,
590,148,capacity_gb,32,GB
591,148,speed_mhz,6000,MHz
592,148,module_count,2,EA
593,149,ram_type,DDR5,
594,149,capacity_gb,32,GB
595,149,speed_mhz,6000,MHz
596,149,module_count,2,EA
597,150,ram_type,DDR5,
598,150,capacity_gb,32,GB
599,150,speed_mhz,6000,MHz
600,150,module_count,2,EA
601,151,ram_type,DDR5,
602,151,capacity_gb,32,GB
603,151,speed_mhz,6400,MHz
604,151,module_count,2,EA
605,152,ram_type,DDR5,
606,152,capacity_gb,32,GB
607,152,speed_mhz,6000,MHz
608,152,module_count,2,EA
609,153,ram_type,DDR5,
610,153,capacity_gb,32,GB
611,153,speed_mhz,6000,MHz
612,153,module_count,2,EA
613,154,ram_type,DDR5,
614,154,capacity_gb,32,GB
615,154,speed_mhz,6400,MHz
616,154,module_count,2,EA
617,155,ram_type,DDR5,
618,155,capacity_gb,32,GB
619,155,speed_mhz,6000,MHz
620,155,module_count,2,EA
621,156,ram_type,DDR5,
622,156,capacity_gb,32,GB
623,156,speed_mhz,6000,MHz
624,156,module_count,2,EA
625,157,ram_type,DDR5,
626,157,capacity_gb,32,GB
627,157,speed_mhz,7200,MHz
628,157,module_count,2,EA
629,158,ram_type,DDR5,
630,158,capacity_gb,32,GB
631,158,speed_mhz,6000,MHz
632,158,module_count,2,EA
633,159,ram_type,DDR5,
634,159,capacity_gb,32,GB
635,159,speed_mhz,6000,MHz
636,159,module_count,2,EA
637,160,ram_type,DDR5,
638,160,capacity_gb,32,GB
639,160,speed_mhz,6400,MHz
640,160,module_count,2,EA
641,161,ram_type,DDR5,
642,161,capacity_gb,32,GB
643,161,speed_mhz,6400,MHz
644,161,module_count,2,EA
645,162,ram_type,DDR5,
646,162,capacity_gb,32,GB
647,162,speed_mhz,6400,MHz
648,162,module_count,2,EA
649,163,ram_type,DDR5,
650,163,capacity_gb,32,GB
651,163,speed_mhz,6400,MHz
652,163,module_count,2,EA
653,164,ram_type,DDR5,
654,164,capacity_gb,32,GB
655,164,speed_mhz,6400,MHz
656,164,module_count,2,EA
657,165,ram_type,DDR5,
658,165,capacity_gb,32,GB
659,165,speed_mhz,7200,MHz
660,165,module_count,2,EA
661,166,ram_type,DDR5,
662,166,capacity_gb,32,GB
663,166,speed_mhz,7200,MHz
664,166,module_count,2,EA
665,167,ram_type,DDR5,
666,167,capacity_gb,32,GB
667,167,speed_mhz,6000,MHz
668,167,module_count,2,EA
669,168,ram_type,DDR5,
670,168,capacity_gb,32,GB
671,168,speed_mhz,6400,MHz
672,168,module_count,2,EA
673,169,ram_type,DDR5,
674,169,capacity_gb,32,GB
675,169,speed_mhz,6000,MHz
676,169,module_count,2,EA
677,170,ram_type,DDR5,
678,170,capacity_gb,32,GB
679,170,speed_mhz,6000,MHz
680,170,module_count,2,EA
681,171,ram_type,DDR5,
682,171,capacity_gb,32,GB
683,171,speed_mhz,6000,MHz
684,171,module_count,2,EA
685,172,ram_type,DDR5,
686,172,capacity_gb,32,GB
687,172,speed_mhz,6000,MHz
688,172,module_count,2,EA
689,173,ram_type,DDR5,
690,173,capacity_gb,32,GB
691,173,speed_mhz,6000,MHz
692,173,module_count,2,EA
693,174,ram_type,DDR5,
694,174,capacity_gb,32,GB
695,174,speed_mhz,6000,MHz
696,174,module_count,2,EA
697,175,ram_type,DDR5,
698,175,capacity_gb,32,GB
699,175,speed_mhz,6400,MHz
700,175,module_count,2,EA
701,176,ram_type,DDR5,
702,176,capacity_gb,32,GB
703,176,speed_mhz,5600,MHz
704,176,module_count,1,EA
705,177,ram_type,DDR5,
706,177,capacity_gb,32,GB
707,177,speed_mhz,6000,MHz
708,177,module_count,2,EA
709,178,ram_type,DDR5,
710,178,capacity_gb,32,GB
711,178,speed_mhz,6000,MHz
712,178,module_count,2,EA
713,179,ram_type,DDR5,
714,179,capacity_gb,32,GB
715,179,speed_mhz,6000,MHz
716,179,module_count,2,EA
717,180,ram_type,DDR5,
718,180,capacity_gb,32,GB
719,180,speed_mhz,6000,MHz
720,180,module_count,2,EA
721,181,ram_type,DDR5,
722,181,capacity_gb,32,GB
723,181,speed_mhz,6000,MHz
724,181,module_count,2,EA
725,182,ram_type,DDR5,
726,182,capacity_gb,32,GB
727,182,speed_mhz,6000,MHz
728,182,module_count,2,EA
729,183,ram_type,DDR5,
730,183,capacity_gb,32,GB
731,183,speed_mhz,6000,MHz
732,183,module_count,2,EA
733,184,ram_type,DDR5,
734,184,capacity_gb,32,GB
735,184,speed_mhz,6000,MHz
736,184,module_count,2,EA
737,185,ram_type,DDR5,
738,185,capacity_gb,32,GB
739,185,speed_mhz,6000,MHz
740,185,module_count,2,EA
741,186,ram_type,DDR5,
742,186,capacity_gb,32,GB
743,186,speed_mhz,6000,MHz
744,186,module_count,2,EA
745,187,ram_type,DDR5,
746,187,capacity_gb,32,GB
747,187,speed_mhz,6000,MHz
748,187,module_count,2,EA
749,188,ram_type,DDR5,
750,188,capacity_gb,32,GB
751,188,speed_mhz,6000,MHz
752,188,module_count,2,EA
753,189,ram_type,DDR5,
754,189,capacity_gb,32,GB
755,189,speed_mhz,6000,MHz
756,189,module_count,2,EA
757,190,ram_type,DDR5,
758,190,capacity_gb,32,GB
759,190,speed_mhz,6000,MHz
760,190,module_count,2,EA
761,191,ram_type,DDR5,
762,191,capacity_gb,32,GB
763,191,speed_mhz,6000,MHz
764,191,module_count,2,EA
765,192,ram_type,DDR5,
766,192,capacity_gb,32,GB
767,192,speed_mhz,6000,MHz
768,192,module_count,2,EA
769,193,ram_type,DDR5,
770,193,capacity_gb,32,GB
771,193,speed_mhz,6000,MHz
772,193,module_count,2,EA
773,194,ram_type,DDR5,
774,194,capacity_gb,32,GB
775,194,speed_mhz,5200,MHz
776,194,module_count,2,EA
777,195,ram_type,DDR5,
778,195,capacity_gb,32,GB
779,195,speed_mhz,6000,MHz
780,195,module_count,2,EA
781,196,ram_type,DDR5,
782,196,capacity_gb,32,GB
783,196,speed_mhz,6000,MHz
784,196,module_count,2,EA
785,197,ram_type,DDR5,
786,197,capacity_gb,32,GB
787,197,speed_mhz,6000,MHz
788,197,module_count,2,EA
789,198,ram_type,DDR5,
790,198,capacity_gb,32,GB
791,198,speed_mhz,5200,MHz
792,198,module_count,2,EA
793,199,ram_type,DDR5,
794,199,capacity_gb,32,GB
795,199,speed_mhz,6000,MHz
796,199,module_count,2,EA
797,200,ram_type,DDR5,
798,200,capacity_gb,32,GB
799,200,speed_mhz,5200,MHz
800,200,module_count,2,EA
801,201,ram_type,DDR5,
802,201,capacity_gb,32,GB
803,201,speed_mhz,5200,MHz
804,201,module_count,2,EA
805,202,ram_type,DDR5,
806,202,capacity_gb,32,GB
807,202,speed_mhz,6000,MHz
808,202,module_count,2,EA
809,203,ram_type,DDR5,
810,203,capacity_gb,32,GB
811,203,speed_mhz,6000,MHz
812,203,module_count,2,EA
813,204,ram_type,DDR5,
814,204,capacity_gb,32,GB
815,204,speed_mhz,6000,MHz
816,204,module_count,2,EA
817,205,ram_type,DDR5,
818,205,capacity_gb,32,GB
819,205,speed_mhz,6000,MHz
820,205,module_count,2,EA
821,206,ram_type,DDR5,
822,206,capacity_gb,32,GB
823,206,speed_mhz,6400,MHz
824,206,module_count,2,EA
825,207,ram_type,DDR5,
826,207,capacity_gb,32,GB
827,207,speed_mhz,6000,MHz
828,207,module_count,2,EA
829,208,ram_type,DDR5,
830,208,capacity_gb,32,GB
831,208,speed_mhz,6000,MHz
832,208,module_count,2,EA
833,209,ram_type,DDR5,
834,209,capacity_gb,32,GB
835,209,speed_mhz,6400,MHz
836,209,module_count,2,EA
837,210,ram_type,DDR5,
838,210,capacity_gb,32,GB
839,210,speed_mhz,6000,MHz
840,210,module_count,2,EA
841,211,ram_type,DDR5,
842,211,capacity_gb,32,GB
843,211,speed_mhz,6800,MHz
844,211,module_count,2,EA
845,212,ram_type,DDR5,
846,212,capacity_gb,32,GB
847,212,speed_mhz,7600,MHz
848,212,module_count,2,EA
849,213,ram_type,DDR5,
850,213,capacity_gb,32,GB
851,213,speed_mhz,7600,MHz
852,213,module_count,2,EA
853,214,ram_type,DDR5,
854,214,capacity_gb,32,GB
855,214,speed_mhz,6000,MHz
856,214,module_count,2,EA
857,215,ram_type,DDR5,
858,215,capacity_gb,32,GB
859,215,speed_mhz,6000,MHz
860,215,module_count,2,EA
861,216,ram_type,DDR5,
862,216,capacity_gb,32,GB
863,216,speed_mhz,6000,MHz
864,216,module_count,2,EA
865,217,ram_type,DDR5,
866,217,capacity_gb,32,GB
867,217,speed_mhz,6000,MHz
868,217,module_count,1,EA
869,218,ram_type,DDR5,
870,218,capacity_gb,32,GB
871,218,speed_mhz,6400,MHz
872,218,module_count,2,EA
873,219,ram_type,DDR5,
874,219,capacity_gb,32,GB
875,219,speed_mhz,6000,MHz
876,219,module_count,2,EA
877,220,ram_type,DDR5,
878,220,capacity_gb,32,GB
879,220,speed_mhz,6000,MHz
880,220,module_count,2,EA
881,221,ram_type,DDR5,
882,221,capacity_gb,32,GB
883,221,speed_mhz,6000,MHz
884,221,module_count,2,EA
885,222,ram_type,DDR5,
886,222,capacity_gb,32,GB
887,222,speed_mhz,7200,MHz
888,222,module_count,2,EA
889,223,ram_type,DDR5,
890,223,capacity_gb,32,GB
891,223,speed_mhz,6000,MHz
892,223,module_count,2,EA
893,224,ram_type,DDR5,
894,224,capacity_gb,32,GB
895,224,speed_mhz,6000,MHz
896,224,module_count,2,EA
897,225,ram_type,DDR5,
898,225,capacity_gb,32,GB
899,225,speed_mhz,6000,MHz
900,225,module_count,2,EA
901,226,ram_type,DDR5,
902,226,capacity_gb,32,GB
903,226,speed_mhz,6000,MHz
904,226,module_count,2,EA
905,227,ram_type,DDR5,
906,227,capacity_gb,32,GB
907,227,speed_mhz,6000,MHz
908,227,module_count,2,EA
909,228,ram_type,DDR5,
910,228,capacity_gb,32,GB
911,228,speed_mhz,6400,MHz
912,228,module_count,2,EA
913,229,ram_type,DDR5,
914,229,capacity_gb,32,GB
915,229,speed_mhz,6400,MHz
916,229,module_count,2,EA
917,230,ram_type,DDR5,
918,230,capacity_gb,32,GB
919,230,speed_mhz,6000,MHz
920,230,module_count,2,EA
921,231,ram_type,DDR5,
922,231,capacity_gb,32,GB
923,231,speed_mhz,6000,MHz
924,231,module_count,2,EA
925,232,ram_type,DDR5,
926,232,capacity_gb,32,GB
927,232,speed_mhz,6000,MHz
928,232,module_count,2,EA
929,233,ram_type,DDR5,
930,233,capacity_gb,32,GB
931,233,speed_mhz,5600,MHz
932,233,module_count,1,EA
933,234,ram_type,DDR5,
934,234,capacity_gb,32,GB
935,234,speed_mhz,6000,MHz
936,234,module_count,2,EA
937,235,ram_type,DDR5,
938,235,capacity_gb,32,GB
939,235,speed_mhz,6000,MHz
940,235,module_count,2,EA
941,236,ram_type,DDR5,
942,236,capacity_gb,32,GB
943,236,speed_mhz,6000,MHz
944,236,module_count,2,EA
945,237,ram_type,DDR5,
946,237,capacity_gb,32,GB
947,237,speed_mhz,6000,MHz
948,237,module_count,2,EA
949,238,ram_type,DDR5,
950,238,capacity_gb,32,GB
951,238,speed_mhz,5600,MHz
952,238,module_count,2,EA
953,239,ram_type,DDR5,
954,239,capacity_gb,32,GB
955,239,speed_mhz,6000,MHz
956,239,module_count,2,EA
957,240,ram_type,DDR5,
958,240,capacity_gb,32,GB
959,240,speed_mhz,6000,MHz
960,240,module_count,2,EA
961,241,ram_type,DDR5,
962,241,capacity_gb,32,GB
963,241,speed_mhz,7200,MHz
964,241,module_count,2,EA
965,242,ram_type,DDR5,
966,242,capacity_gb,32,GB
967,242,speed_mhz,5600,MHz
968,242,module_count,2,EA
969,243,ram_type,DDR5,
970,243,capacity_gb,32,GB
971,243,speed_mhz,5600,MHz
972,243,module_count,2,EA
973,244,ram_type,DDR5,
974,244,capacity_gb,32,GB
975,244,speed_mhz,6000,MHz
976,244,module_count,2,EA
977,245,ram_type,DDR5,
978,245,capacity_gb,32,GB
979,245,speed_mhz,6000,MHz
980,245,module_count,2,EA
981,246,ram_type,DDR5,
982,246,capacity_gb,32,GB
983,246,speed_mhz,4800,MHz
984,246,module_count,1,EA
985,247,ram_type,DDR5,
986,247,capacity_gb,32,GB
987,247,speed_mhz,5600,MHz
988,247,module_count,1,EA
989,248,ram_type,DDR5,
990,248,capacity_gb,32,GB
991,248,speed_mhz,6000,MHz
992,248,module_count,2,EA
993,249,ram_type,DDR5,
994,249,capacity_gb,32,GB
995,249,speed_mhz,7200,MHz
996,249,module_count,2,EA
997,250,ram_type,DDR5,
998,250,capacity_gb,32,GB
999,250,speed_mhz,6000,MHz
1000,250,module_count,2,EA
1001,251,ram_type,DDR5,
1002,251,capacity_gb,32,GB
1003,251,speed_mhz,6400,MHz
1004,251,module_count,2,EA
1005,252,ram_type,DDR5,
1006,252,capacity_gb,32,GB
1007,252,speed_mhz,6000,MHz
1008,252,module_count,2,EA
1009,253,ram_type,DDR5,
1010,253,capacity_gb,32,GB
1011,253,speed_mhz,5600,MHz
1012,253,module_count,1,EA
1013,254,ram_type,DDR5,
1014,254,capacity_gb,32,GB
1015,254,speed_mhz,5600,MHz
1016,254,module_count,1,EA
1017,255,ram_type,DDR5,
1018,255,capacity_gb,32,GB
1019,255,speed_mhz,6000,MHz
1020,255,module_count,2,EA
1021,256,ram_type,DDR5,
1022,256,capacity_gb,64,GB
1023,256,speed_mhz,6400,MHz
1024,256,module_count,2,EA
1025,257,ram_type,DDR5,
1026,257,capacity_gb,64,GB
1027,257,speed_mhz,6000,MHz
1028,257,module_count,2,EA
1029,258,ram_type,DDR5,
1030,258,capacity_gb,64,GB
1031,258,speed_mhz,6000,MHz
1032,258,module_count,2,EA
1033,259,ram_type,DDR5,
1034,259,capacity_gb,64,GB
1035,259,speed_mhz,6000,MHz
1036,259,module_count,2,EA
1037,260,ram_type,DDR5,
1038,260,capacity_gb,64,GB
1039,260,speed_mhz,6400,MHz
1040,260,module_count,2,EA
1041,261,ram_type,DDR5,
1042,261,capacity_gb,64,GB
1043,261,speed_mhz,6000,MHz
1044,261,module_count,2,EA
1045,262,ram_type,DDR5,
1046,262,capacity_gb,64,GB
1047,262,speed_mhz,6000,MHz
1048,262,module_count,2,EA
1049,263,ram_type,DDR5,
1050,263,capacity_gb,64,GB
1051,263,speed_mhz,6000,MHz
1052,263,module_count,2,EA
1053,264,ram_type,DDR5,
1054,264,capacity_gb,64,GB
1055,264,speed_mhz,6000,MHz
1056,264,module_count,2,EA
1057,265,ram_type,DDR5,
1058,265,capacity_gb,64,GB
1059,265,speed_mhz,6000,MHz
1060,265,module_count,2,EA
1061,266,ram_type,DDR5,
1062,266,capacity_gb,64,GB
1063,266,speed_mhz,6000,MHz
1064,266,module_count,2,EA
1065,267,ram_type,DDR5,
1066,267,capacity_gb,64,GB
1067,267,speed_mhz,6000,MHz
1068,267,module_count,2,EA
1069,268,ram_type,DDR5,
1070,268,capacity_gb,64,GB
1071,268,speed_mhz,5200,MHz
1072,268,module_count,2,EA
1073,269,ram_type,DDR5,
1074,269,capacity_gb,64,GB
1075,269,speed_mhz,6000,MHz
1076,269,module_count,2,EA
1077,270,ram_type,DDR5,
1078,270,capacity_gb,64,GB
1079,270,speed_mhz,5200,MHz
1080,270,module_count,2,EA
1081,271,ram_type,DDR5,
1082,271,capacity_gb,64,GB
1083,271,speed_mhz,6000,MHz
1084,271,module_count,2,EA
1085,272,ram_type,DDR5,
1086,272,capacity_gb,64,GB
1087,272,speed_mhz,6000,MHz
1088,272,module_count,2,EA
1089,273,ram_type,DDR5,
1090,273,capacity_gb,64,GB
1091,273,speed_mhz,5200,MHz
1092,273,module_count,2,EA
1093,274,ram_type,DDR5,
1094,274,capacity_gb,64,GB
1095,274,speed_mhz,6000,MHz
1096,274,module_count,2,EA
1097,275,ram_type,DDR5,
1098,275,capacity_gb,64,GB
1099,275,speed_mhz,6000,MHz
1100,275,module_count,2,EA
1101,276,ram_type,DDR5,
1102,276,capacity_gb,64,GB
1103,276,speed_mhz,6000,MHz
1104,276,module_count,2,EA
1105,277,ram_type,DDR5,
1106,277,capacity_gb,64,GB
1107,277,speed_mhz,6400,MHz
1108,277,module_count,2,EA
1109,278,ram_type,DDR5,
1110,278,capacity_gb,64,GB
1111,278,speed_mhz,6000,MHz
1112,278,module_count,2,EA
1113,279,ram_type,DDR5,
1114,279,capacity_gb,64,GB
1115,279,speed_mhz,6400,MHz
1116,279,module_count,2,EA
1117,280,ram_type,DDR5,
1118,280,capacity_gb,64,GB
1119,280,speed_mhz,6000,MHz
1120,280,module_count,2,EA
1121,281,ram_type,DDR5,
1122,281,capacity_gb,64,GB
1123,281,speed_mhz,6000,MHz
1124,281,module_count,2,EA
1125,282,ram_type,DDR5,
1126,282,capacity_gb,64,GB
1127,282,speed_mhz,6000,MHz
1128,282,module_count,2,EA
1129,283,ram_type,DDR5,
1130,283,capacity_gb,64,GB
1131,283,speed_mhz,6000,MHz
1132,283,module_count,2,EA
1133,284,ram_type,DDR5,
1134,284,capacity_gb,64,GB
1135,284,speed_mhz,6000,MHz
1136,284,module_count,2,EA
1137,285,ram_type,DDR5,
1138,285,capacity_gb,64,GB
1139,285,speed_mhz,6000,MHz
1140,285,module_count,2,EA
1141,286,ram_type,DDR5,
1142,286,capacity_gb,64,GB
1143,286,speed_mhz,6400,MHz
1144,286,module_count,2,EA
1145,287,ram_type,DDR5,
1146,287,capacity_gb,64,GB
1147,287,speed_mhz,6000,MHz
1148,287,module_count,2,EA
1149,288,ram_type,DDR5,
1150,288,capacity_gb,64,GB
1151,288,speed_mhz,6400,MHz
1152,288,module_count,2,EA
1153,289,ram_type,DDR5,
1154,289,capacity_gb,64,GB
1155,289,speed_mhz,6000,MHz
1156,289,module_count,2,EA
1157,290,ram_type,DDR5,
1158,290,capacity_gb,64,GB
1159,290,speed_mhz,6000,MHz
1160,290,module_count,2,EA
1161,291,ram_type,DDR5,
1162,291,capacity_gb,64,GB
1163,291,speed_mhz,6000,MHz
1164,291,module_count,2,EA
1165,292,ram_type,DDR5,
1166,292,capacity_gb,64,GB
1167,292,speed_mhz,6000,MHz
1168,292,module_count,2,EA
1169,293,ram_type,DDR5,
1170,293,capacity_gb,64,GB
1171,293,speed_mhz,6400,MHz
1172,293,module_count,2,EA
1173,294,ram_type,DDR5,
1174,294,capacity_gb,64,GB
1175,294,speed_mhz,5600,MHz
1176,294,module_count,2,EA
1177,295,ram_type,DDR5,
1178,295,capacity_gb,64,GB
1179,295,speed_mhz,6000,MHz
1180,295,module_count,2,EA
1181,296,ram_type,DDR5,
1182,296,capacity_gb,64,GB
1183,296,speed_mhz,6400,MHz
1184,296,module_count,2,EA
1185,297,ram_type,DDR5,
1186,297,capacity_gb,64,GB
1187,297,speed_mhz,6000,MHz
1188,297,module_count,2,EA
1189,298,ram_type,DDR5,
1190,298,capacity_gb,64,GB
1191,298,speed_mhz,6000,MHz
1192,298,module_count,2,EA
1193,299,ram_type,DDR5,
1194,299,capacity_gb,64,GB
1195,299,speed_mhz,6000,MHz
1196,299,module_count,2,EA
1197,300,ram_type,DDR5,
1198,300,capacity_gb,64,GB
1199,300,speed_mhz,6400,MHz
1200,300,module_count,2,EA
1201,301,ram_type,DDR5,
1202,301,capacity_gb,64,GB
1203,301,speed_mhz,5600,MHz
1204,301,module_count,2,EA
1205,302,ram_type,DDR5,
1206,302,capacity_gb,64,GB
1207,302,speed_mhz,5600,MHz
1208,302,module_count,2,EA
1209,303,ram_type,DDR5,
1210,303,capacity_gb,64,GB
1211,303,speed_mhz,6000,MHz
1212,303,module_count,2,EA
1213,304,cpu_brand,Intel,
1214,304,cpu_socket,LGA1200,
1215,304,tdp_watt,65,W
1216,304,cpu_core,6,EA
1217,304,thread,12,EA
1218,304,cpu_clock,4.3,GHz
1219,304,cpu_L3,12,MB
1220,304,DDR,DDR4,
1221,305,cpu_brand,Intel,
1222,305,cpu_socket,LGA1200,
1223,305,tdp_watt,65,W
1224,305,cpu_core,8,EA
1225,305,thread,16,EA
1226,305,cpu_clock,4.8,GHz
1227,305,cpu_L3,16,MB
1228,305,DDR,DDR4,
1229,306,cpu_brand,Intel,
1230,306,cpu_socket,LGA1200,
1231,306,tdp_watt,65,W
1232,306,cpu_core,6,EA
1233,306,thread,12,EA
1234,306,cpu_clock,4.3,GHz
1235,306,cpu_L3,12,MB
1236,306,DDR,DDR4,
1237,307,cpu_brand,Intel,
1238,307,cpu_socket,LGA1200,
1239,307,tdp_watt,65,W
1240,307,cpu_core,6,EA
1241,307,thread,12,EA
1242,307,cpu_clock,4.5,GHz
1243,307,cpu_L3,12,MB
1244,307,DDR,DDR4,
1245,308,cpu_brand,Intel,
1246,308,cpu_socket,LGA1200,
1247,308,tdp_watt,65,W
1248,308,cpu_core,4,EA
1249,308,thread,8,EA
1250,308,cpu_clock,4.3,GHz
1251,308,cpu_L3,6,MB
1252,308,DDR,DDR4,
1253,309,cpu_brand,Intel,
1254,309,cpu_socket,LGA1200,
1255,309,tdp_watt,65,W
1256,309,cpu_core,4,EA
1257,309,thread,8,EA
1258,309,cpu_clock,4.4,GHz
1259,309,cpu_L3,6,MB
1260,309,DDR,DDR4,
1261,310,cpu_brand,Intel,
1262,310,cpu_socket,LGA1200,
1263,310,tdp_watt,125,W
1264,310,cpu_core,10,EA
1265,310,thread,20,EA
1266,310,cpu_clock,5.3,GHz
1267,310,cpu_L3,20,MB
1268,310,DDR,DDR4,
1269,311,cpu_brand,Intel,
1270,311,cpu_socket,LGA1200,
1271,311,tdp_watt,125,W
1272,311,cpu_core,6,EA
1273,311,thread,12,EA
1274,311,cpu_clock,4.8,GHz
1275,311,cpu_L3,12,MB
1276,311,DDR,DDR4,
1277,312,cpu_brand,Intel,
1278,312,cpu_socket,LGA1200,
1279,312,tdp_watt,65,W
1280,312,cpu_core,8,EA
1281,312,thread,16,EA
1282,312,cpu_clock,4.8,GHz
1283,312,cpu_L3,16,MB
1284,312,DDR,DDR4,
1285,313,cpu_brand,Intel,
1286,313,cpu_socket,LGA1200,
1287,313,tdp_watt,65,W
1288,313,cpu_core,10,EA
1289,313,thread,20,EA
1290,313,cpu_clock,5.2,GHz
1291,313,cpu_L3,20,MB
1292,313,DDR,DDR4,
1293,314,cpu_brand,Intel,
1294,314,cpu_socket,LGA1200,
1295,314,tdp_watt,125,W
1296,314,cpu_core,8,EA
1297,314,thread,16,EA
1298,314,cpu_clock,5.1,GHz
1299,314,cpu_L3,16,MB
1300,314,DDR,DDR4,
1301,315,cpu_brand,Intel,
1302,315,cpu_socket,LGA1200,
1303,315,tdp_watt,65,W
1304,315,cpu_core,4,EA
1305,315,thread,8,EA
1306,315,cpu_clock,4.3,GHz
1307,315,cpu_L3,6,MB
1308,315,DDR,DDR4,
1309,316,cpu_brand,Intel,
1310,316,cpu_socket,LGA1200,
1311,316,tdp_watt,65,W
1312,316,cpu_core,4,EA
1313,316,thread,8,EA
1314,316,cpu_clock,4.4,GHz
1315,316,cpu_L3,6,MB
1316,316,DDR,DDR4,
1317,317,cpu_brand,Intel,
1318,317,cpu_socket,LGA1200,
1319,317,tdp_watt,125,W
1320,317,cpu_core,8,EA
1321,317,thread,16,EA
1322,317,cpu_clock,5.1,GHz
1323,317,cpu_L3,16,MB
1324,317,DDR,DDR4,
1325,318,cpu_brand,Intel,
1326,318,cpu_socket,LGA1200,
1327,318,tdp_watt,65,W
1328,318,cpu_core,10,EA
1329,318,thread,20,EA
1330,318,cpu_clock,5.2,GHz
1331,318,cpu_L3,20,MB
1332,318,DDR,DDR4,
1333,319,cpu_brand,Intel,
1334,319,cpu_socket,LGA1200,
1335,319,tdp_watt,125,W
1336,319,cpu_core,6,EA
1337,319,thread,12,EA
1338,319,cpu_clock,4.8,GHz
1339,319,cpu_L3,12,MB
1340,319,DDR,DDR4,
1341,320,cpu_brand,Intel,
1342,320,cpu_socket,LGA1200,
1343,320,tdp_watt,125,W
1344,320,cpu_core,10,EA
1345,320,thread,20,EA
1346,320,cpu_clock,5.2,GHz
1347,320,cpu_L3,20,MB
1348,320,DDR,DDR4,
1349,321,cpu_brand,Intel,
1350,321,cpu_socket,LGA1200,
1351,321,tdp_watt,125,W
1352,321,cpu_core,10,EA
1353,321,thread,20,EA
1354,321,cpu_clock,5.3,GHz
1355,321,cpu_L3,20,MB
1356,321,DDR,DDR4,
1357,322,cpu_brand,Intel,
1358,322,cpu_socket,LGA1200,
1359,322,tdp_watt,65,W
1360,322,cpu_core,8,EA
1361,322,thread,16,EA
1362,322,cpu_clock,4.9,GHz
1363,322,cpu_L3,16,MB
1364,322,DDR,DDR4,
1365,323,cpu_brand,Intel,
1366,323,cpu_socket,LGA1200,
1367,323,tdp_watt,125,W
1368,323,cpu_core,8,EA
1369,323,thread,16,EA
1370,323,cpu_clock,5.0,GHz
1371,323,cpu_L3,16,MB
1372,323,DDR,DDR4,
1373,324,cpu_brand,Intel,
1374,324,cpu_socket,LGA1200,
1375,324,tdp_watt,65,W
1376,324,cpu_core,6,EA
1377,324,thread,12,EA
1378,324,cpu_clock,4.4,GHz
1379,324,cpu_L3,12,MB
1380,324,DDR,DDR4,
1381,325,cpu_brand,Intel,
1382,325,cpu_socket,LGA1200,
1383,325,tdp_watt,65,W
1384,325,cpu_core,6,EA
1385,325,thread,12,EA
1386,325,cpu_clock,4.6,GHz
1387,325,cpu_L3,12,MB
1388,325,DDR,DDR4,
1389,326,cpu_brand,Intel,
1390,326,cpu_socket,LGA1200,
1391,326,tdp_watt,65,W
1392,326,cpu_core,6,EA
1393,326,thread,12,EA
1394,326,cpu_clock,4.4,GHz
1395,326,cpu_L3,12,MB
1396,326,DDR,DDR4,
1397,327,cpu_brand,Intel,
1398,327,cpu_socket,LGA1200,
1399,327,tdp_watt,65,W
1400,327,cpu_core,8,EA
1401,327,thread,16,EA
1402,327,cpu_clock,4.9,GHz
1403,327,cpu_L3,16,MB
1404,327,DDR,DDR4,
1405,328,cpu_brand,Intel,
1406,328,cpu_socket,LGA1200,
1407,328,tdp_watt,125,W
1408,328,cpu_core,6,EA
1409,328,thread,12,EA
1410,328,cpu_clock,4.9,GHz
1411,328,cpu_L3,12,MB
1412,328,DDR,DDR4,
1413,329,cpu_brand,Intel,
1414,329,cpu_socket,LGA1200,
1415,329,tdp_watt,65,W
1416,329,cpu_core,8,EA
1417,329,thread,16,EA
1418,329,cpu_clock,5.2,GHz
1419,329,cpu_L3,16,MB
1420,329,DDR,DDR4,
1421,330,cpu_brand,Intel,
1422,330,cpu_socket,LGA1200,
1423,330,tdp_watt,125,W
1424,330,cpu_core,8,EA
1425,330,thread,16,EA
1426,330,cpu_clock,5.3,GHz
1427,330,cpu_L3,16,MB
1428,330,DDR,DDR4,
1429,331,cpu_brand,Intel,
1430,331,cpu_socket,LGA1200,
1431,331,tdp_watt,65,W
1432,331,cpu_core,8,EA
1433,331,thread,16,EA
1434,331,cpu_clock,5.2,GHz
1435,331,cpu_L3,16,MB
1436,331,DDR,DDR4,
1437,332,cpu_brand,Intel,
1438,332,cpu_socket,LGA1200,
1439,332,tdp_watt,125,W
1440,332,cpu_core,6,EA
1441,332,thread,12,EA
1442,332,cpu_clock,4.9,GHz
1443,332,cpu_L3,12,MB
1444,332,DDR,DDR4,
1445,333,cpu_brand,Intel,
1446,333,cpu_socket,LGA1200,
1447,333,tdp_watt,125,W
1448,333,cpu_core,8,EA
1449,333,thread,16,EA
1450,333,cpu_clock,5.3,GHz
1451,333,cpu_L3,16,MB
1452,333,DDR,DDR4,
1453,334,cpu_brand,Intel,
1454,334,cpu_socket,LGA1200,
1455,334,tdp_watt,125,W
1456,334,cpu_core,8,EA
1457,334,thread,16,EA
1458,334,cpu_clock,5.0,GHz
1459,334,cpu_L3,16,MB
1460,334,DDR,DDR4,
1461,335,cpu_brand,Intel,
1462,335,cpu_socket,LGA1700,
1463,335,tdp_watt,65,W
1464,335,cpu_core,6,EA
1465,335,thread,12,EA
1466,335,cpu_clock,4.4,GHz
1467,335,cpu_L2,7.5,MB
1468,335,cpu_L3,18,MB
1469,335,DDR,"DDR5, DDR4",
1470,336,cpu_brand,Intel,
1471,336,cpu_socket,LGA1700,
1472,336,tdp_watt,65,W
1473,336,cpu_core,6,EA
1474,336,thread,12,EA
1475,336,cpu_clock,4.4,GHz
1476,336,cpu_L2,7.5,MB
1477,336,cpu_L3,18,MB
1478,336,DDR,"DDR5, DDR4",
1479,337,cpu_brand,Intel,
1480,337,cpu_socket,LGA1700,
1481,337,tdp_watt,125,W
1482,337,cpu_core,12,EA
1483,337,thread,20,EA
1484,337,cpu_clock,5.0,GHz
1485,337,cpu_L2,12,MB
1486,337,cpu_L3,25,MB
1487,337,DDR,"DDR5, DDR4",
1488,338,cpu_brand,Intel,
1489,338,cpu_socket,LGA1700,
1490,338,tdp_watt,65,W
1491,338,cpu_core,12,EA
1492,338,thread,20,EA
1493,338,cpu_clock,4.9,GHz
1494,338,cpu_L2,12,MB
1495,338,cpu_L3,25,MB
1496,338,DDR,"DDR5, DDR4",
1497,339,cpu_brand,Intel,
1498,339,cpu_socket,LGA1700,
1499,339,tdp_watt,60,W
1500,339,cpu_core,4,EA
1501,339,thread,8,EA
1502,339,cpu_clock,4.3,GHz
1503,339,cpu_L2,5,MB
1504,339,cpu_L3,12,MB
1505,339,DDR,"DDR5, DDR4",
1506,340,cpu_brand,Intel,
1507,340,cpu_socket,LGA1700,
1508,340,tdp_watt,65,W
1509,340,cpu_core,12,EA
1510,340,thread,20,EA
1511,340,cpu_clock,4.9,GHz
1512,340,cpu_L2,12,MB
1513,340,cpu_L3,25,MB
1514,340,DDR,"DDR5, DDR4",
1515,341,cpu_brand,Intel,
1516,341,cpu_socket,LGA1700,
1517,341,tdp_watt,125,W
1518,341,cpu_core,16,EA
1519,341,thread,24,EA
1520,341,cpu_clock,5.2,GHz
1521,341,cpu_L2,14,MB
1522,341,cpu_L3,30,MB
1523,341,DDR,"DDR5, DDR4",
1524,342,cpu_brand,Intel,
1525,342,cpu_socket,LGA1700,
1526,342,tdp_watt,125,W
1527,342,cpu_core,12,EA
1528,342,thread,20,EA
1529,342,cpu_clock,5.0,GHz
1530,342,cpu_L2,12,MB
1531,342,cpu_L3,25,MB
1532,342,DDR,"DDR5, DDR4",
1533,343,cpu_brand,Intel,
1534,343,cpu_socket,LGA1700,
1535,343,tdp_watt,60,W
1536,343,cpu_core,4,EA
1537,343,thread,8,EA
1538,343,cpu_clock,4.3,GHz
1539,343,cpu_L2,5,MB
1540,343,cpu_L3,12,MB
1541,343,DDR,"DDR5, DDR4",
1542,344,cpu_brand,Intel,
1543,344,cpu_socket,LGA1700,
1544,344,tdp_watt,65,W
1545,344,cpu_core,16,EA
1546,344,thread,24,EA
1547,344,cpu_clock,5.1,GHz
1548,344,cpu_L2,14,MB
1549,344,cpu_L3,30,MB
1550,344,DDR,"DDR5, DDR4",
1551,345,cpu_brand,Intel,
1552,345,cpu_socket,LGA1700,
1553,345,tdp_watt,125,W
1554,345,cpu_core,10,EA
1555,345,thread,16,EA
1556,345,cpu_clock,4.9,GHz
1557,345,cpu_L2,9.5,MB
1558,345,cpu_L3,20,MB
1559,345,DDR,"DDR5, DDR4",
1560,346,cpu_brand,Intel,
1561,346,cpu_socket,LGA1700,
1562,346,tdp_watt,125,W
1563,346,cpu_core,16,EA
1564,346,thread,24,EA
1565,346,cpu_clock,5.2,GHz
1566,346,cpu_L2,14,MB
1567,346,cpu_L3,30,MB
1568,346,DDR,"DDR5, DDR4",
1569,347,cpu_brand,Intel,
1570,347,cpu_socket,LGA1700,
1571,347,tdp_watt,125,W
1572,347,cpu_core,10,EA
1573,347,thread,16,EA
1574,347,cpu_clock,4.9,GHz
1575,347,cpu_L2,9.5,MB
1576,347,cpu_L3,20,MB
1577,347,DDR,"DDR5, DDR4",
1578,348,cpu_brand,Intel,
1579,348,cpu_socket,LGA1700,
1580,348,tdp_watt,65,W
1581,348,cpu_core,6,EA
1582,348,thread,12,EA
1583,348,cpu_clock,4.6,GHz
1584,348,cpu_L2,7.5,MB
1585,348,cpu_L3,18,MB
1586,348,DDR,"DDR5, DDR4",
1587,349,cpu_brand,Intel,
1588,349,cpu_socket,LGA1700,
1589,349,tdp_watt,35,W
1590,349,cpu_core,12,EA
1591,349,thread,20,EA
1592,349,cpu_clock,4.7,GHz
1593,349,cpu_L2,12,MB
1594,349,cpu_L3,25,MB
1595,349,DDR,"DDR5, DDR4",
1596,350,cpu_brand,Intel,
1597,350,cpu_socket,LGA1700,
1598,350,tdp_watt,150,W
1599,350,cpu_core,16,EA
1600,350,thread,24,EA
1601,350,cpu_clock,5.5,GHz
1602,350,cpu_L2,14,MB
1603,350,cpu_L3,30,MB
1604,350,DDR,"DDR5, DDR4",
1605,351,cpu_brand,Intel,
1606,351,cpu_socket,LGA1700,
1607,351,tdp_watt,65,W
1608,351,cpu_core,6,EA
1609,351,thread,12,EA
1610,351,cpu_clock,4.8,GHz
1611,351,cpu_L2,7.5,MB
1612,351,cpu_L3,18,MB
1613,351,DDR,"DDR5, DDR4",
1614,352,cpu_brand,Intel,
1615,352,cpu_socket,LGA1700,
1616,352,tdp_watt,65,W
1617,352,cpu_core,16,EA
1618,352,thread,24,EA
1619,352,cpu_clock,5.1,GHz
1620,352,cpu_L2,14,MB
1621,352,cpu_L3,30,MB
1622,352,DDR,"DDR5, DDR4",
1623,353,cpu_brand,Intel,
1624,353,cpu_socket,LGA1700,
1625,353,tdp_watt,35,W
1626,353,cpu_core,6,EA
1627,353,thread,12,EA
1628,353,cpu_clock,4.4,GHz
1629,353,cpu_L2,7.5,MB
1630,353,cpu_L3,18,MB
1631,353,DDR,"DDR5, DDR4",
1632,354,cpu_brand,Intel,
1633,354,cpu_socket,LGA1700,
1634,354,tdp_watt,35,W
1635,354,cpu_core,16,EA
1636,354,thread,24,EA
1637,354,cpu_clock,4.9,GHz
1638,354,cpu_L2,14,MB
1639,354,cpu_L3,30,MB
1640,354,DDR,"DDR5, DDR4",
1641,355,cpu_brand,Intel,
1642,355,cpu_socket,LGA1700,
1643,355,tdp_watt,35,W
1644,355,cpu_core,4,EA
1645,355,thread,8,EA
1646,355,cpu_clock,4.1,GHz
1647,355,cpu_L2,5,MB
1648,355,cpu_L3,12,MB
1649,355,DDR,"DDR5, DDR4",
1650,356,cpu_brand,Intel,
1651,356,cpu_socket,LGA1700,
1652,356,tdp_watt,74,W
1653,356,cpu_core,6,EA
1654,356,thread,12,EA
1655,356,cpu_clock,4.2,GHz
1656,356,cpu_L2,7.5,MB
1657,356,cpu_L3,18,MB
1658,356,DDR,"DDR5, DDR4",
1659,357,cpu_brand,Intel,
1660,357,cpu_socket,LGA1700,
1661,357,tdp_watt,253,W
1662,357,cpu_core,24,EA
1663,357,thread,32,EA
1664,357,cpu_clock,5.8,GHz
1665,357,cpu_L2,32,MB
1666,357,cpu_L3,36,MB
1667,357,DDR,"DDR5, DDR4",
1668,358,cpu_brand,Intel,
1669,358,cpu_socket,LGA1700,
1670,358,tdp_watt,219,W
1671,358,cpu_core,16,EA
1672,358,thread,24,EA
1673,358,cpu_clock,5.2,GHz
1674,358,cpu_L2,24,MB
1675,358,cpu_L3,30,MB
1676,358,DDR,"DDR5, DDR4",
1677,359,cpu_brand,Intel,
1678,359,cpu_socket,LGA1700,
1679,359,tdp_watt,154,W
1680,359,cpu_core,10,EA
1681,359,thread,16,EA
1682,359,cpu_clock,4.6,GHz
1683,359,cpu_L2,9.5,MB
1684,359,cpu_L3,20,MB
1685,359,DDR,"DDR5, DDR4",
1686,360,cpu_brand,Intel,
1687,360,cpu_socket,LGA1700,
1688,360,tdp_watt,219,W
1689,360,cpu_core,24,EA
1690,360,thread,32,EA
1691,360,cpu_clock,5.6,GHz
1692,360,cpu_L2,32,MB
1693,360,cpu_L3,36,MB
1694,360,DDR,"DDR5, DDR4",
1695,361,cpu_brand,Intel,
1696,361,cpu_socket,LGA1700,
1697,361,tdp_watt,148,W
1698,361,cpu_core,10,EA
1699,361,thread,16,EA
1700,361,cpu_clock,4.6,GHz
1701,361,cpu_L2,9.5,MB
1702,361,cpu_L3,20,MB
1703,361,DDR,"DDR5, DDR4",
1704,362,cpu_brand,Intel,
1705,362,cpu_socket,LGA1700,
1706,362,tdp_watt,253,W
1707,362,cpu_core,16,EA
1708,362,thread,24,EA
1709,362,cpu_clock,5.4,GHz
1710,362,cpu_L2,24,MB
1711,362,cpu_L3,30,MB
1712,362,DDR,"DDR5, DDR4",
1713,363,cpu_brand,Intel,
1714,363,cpu_socket,LGA1700,
1715,363,tdp_watt,154,W
1716,363,cpu_core,14,EA
1717,363,thread,20,EA
1718,363,cpu_clock,4.8,GHz
1719,363,cpu_L2,11.5,MB
1720,363,cpu_L3,24,MB
1721,363,DDR,"DDR5, DDR4",
1722,364,cpu_brand,Intel,
1723,364,cpu_socket,LGA1700,
1724,364,tdp_watt,219,W
1725,364,cpu_core,24,EA
1726,364,thread,32,EA
1727,364,cpu_clock,5.6,GHz
1728,364,cpu_L2,32,MB
1729,364,cpu_L3,36,MB
1730,364,DDR,"DDR5, DDR4",
1731,365,cpu_brand,Intel,
1732,365,cpu_socket,LGA1700,
1733,365,tdp_watt,89,W
1734,365,cpu_core,4,EA
1735,365,thread,8,EA
1736,365,cpu_clock,4.5,GHz
1737,365,cpu_L2,5,MB
1738,365,cpu_L3,12,MB
1739,365,DDR,"DDR5, DDR4",
1740,366,cpu_brand,Intel,
1741,366,cpu_socket,LGA1700,
1742,366,tdp_watt,253,W
1743,366,cpu_core,24,EA
1744,366,thread,32,EA
1745,366,cpu_clock,5.8,GHz
1746,366,cpu_L2,32,MB
1747,366,cpu_L3,36,MB
1748,366,DDR,"DDR5, DDR4",
1749,367,cpu_brand,Intel,
1750,367,cpu_socket,LGA1700,
1751,367,tdp_watt,181,W
1752,367,cpu_core,14,EA
1753,367,thread,20,EA
1754,367,cpu_clock,5.1,GHz
1755,367,cpu_L2,20,MB
1756,367,cpu_L3,24,MB
1757,367,DDR,"DDR5, DDR4",
1758,368,cpu_brand,Intel,
1759,368,cpu_socket,LGA1700,
1760,368,tdp_watt,181,W
1761,368,cpu_core,14,EA
1762,368,thread,20,EA
1763,368,cpu_clock,5.1,GHz
1764,368,cpu_L2,20,MB
1765,368,cpu_L3,24,MB
1766,368,DDR,"DDR5, DDR4",
1767,369,cpu_brand,Intel,
1768,369,cpu_socket,LGA1700,
1769,369,tdp_watt,253,W
1770,369,cpu_core,16,EA
1771,369,thread,24,EA
1772,369,cpu_clock,5.4,GHz
1773,369,cpu_L2,24,MB
1774,369,cpu_L3,30,MB
1775,369,DDR,"DDR5, DDR4",
1776,370,cpu_brand,Intel,
1777,370,cpu_socket,LGA1700,
1778,370,tdp_watt,219,W
1779,370,cpu_core,16,EA
1780,370,thread,24,EA
1781,370,cpu_clock,5.2,GHz
1782,370,cpu_L2,24,MB
1783,370,cpu_L3,30,MB
1784,370,DDR,"DDR5, DDR4",
1785,371,cpu_brand,Intel,
1786,371,cpu_socket,LGA1700,
1787,371,tdp_watt,154,W
1788,371,cpu_core,14,EA
1789,371,thread,20,EA
1790,371,cpu_clock,5.0,GHz
1791,371,cpu_L2,11.5,MB
1792,371,cpu_L3,24,MB
1793,371,DDR,"DDR5, DDR4",
1794,372,cpu_brand,Intel,
1795,372,cpu_socket,LGA1700,
1796,372,tdp_watt,89,W
1797,372,cpu_core,4,EA
1798,372,thread,8,EA
1799,372,cpu_clock,4.5,GHz
1800,372,cpu_L2,5,MB
1801,372,cpu_L3,12,MB
1802,372,DDR,"DDR5, DDR4",
1803,373,cpu_brand,Intel,
1804,373,cpu_socket,LGA1700,
1805,373,tdp_watt,253,W
1806,373,cpu_core,24,EA
1807,373,thread,32,EA
1808,373,cpu_clock,6.0,GHz
1809,373,cpu_L2,32,MB
1810,373,cpu_L3,36,MB
1811,373,DDR,"DDR5, DDR4",
1812,374,cpu_brand,Intel,
1813,374,cpu_socket,LGA1700,
1814,374,tdp_watt,106,W
1815,374,cpu_core,24,EA
1816,374,thread,32,EA
1817,374,cpu_clock,5.3,GHz
1818,374,cpu_L2,32,MB
1819,374,cpu_L3,36,MB
1820,374,DDR,"DDR5, DDR4",
1821,375,cpu_brand,Intel,
1822,375,cpu_socket,LGA1700,
1823,375,tdp_watt,106,W
1824,375,cpu_core,16,EA
1825,375,thread,24,EA
1826,375,cpu_clock,4.9,GHz
1827,375,cpu_L2,24,MB
1828,375,cpu_L3,30,MB
1829,375,DDR,"DDR5, DDR4",
1830,376,cpu_brand,Intel,
1831,376,cpu_socket,LGA1700,
1832,376,tdp_watt,92,W
1833,376,cpu_core,14,EA
1834,376,thread,20,EA
1835,376,cpu_clock,4.6,GHz
1836,376,cpu_L2,11.5,MB
1837,376,cpu_L3,24,MB
1838,376,DDR,"DDR5, DDR4",
1839,377,cpu_brand,Intel,
1840,377,cpu_socket,LGA1700,
1841,377,tdp_watt,69,W
1842,377,cpu_core,4,EA
1843,377,thread,8,EA
1844,377,cpu_clock,4.2,GHz
1845,377,cpu_L2,5,MB
1846,377,cpu_L3,12,MB
1847,377,DDR,"DDR5, DDR4",
1848,378,cpu_brand,Intel,
1849,378,cpu_socket,LGA1700,
1850,378,tdp_watt,148,W
1851,378,cpu_core,10,EA
1852,378,thread,16,EA
1853,378,cpu_clock,4.7,GHz
1854,378,cpu_L2,9.5,MB
1855,378,cpu_L3,20,MB
1856,378,DDR,"DDR5, DDR4",
1857,379,cpu_brand,Intel,
1858,379,cpu_socket,LGA1700,
1859,379,tdp_watt,181,W
1860,379,cpu_core,14,EA
1861,379,thread,20,EA
1862,379,cpu_clock,5.3,GHz
1863,379,cpu_L2,20,MB
1864,379,cpu_L3,24,MB
1865,379,DDR,"DDR5, DDR4",
1866,380,cpu_brand,Intel,
1867,380,cpu_socket,LGA1700,
1868,380,tdp_watt,181,W
1869,380,cpu_core,14,EA
1870,380,thread,20,EA
1871,380,cpu_clock,5.3,GHz
1872,380,cpu_L2,20,MB
1873,380,cpu_L3,24,MB
1874,380,DDR,"DDR5, DDR4",
1875,381,cpu_brand,Intel,
1876,381,cpu_socket,LGA1700,
1877,381,tdp_watt,148,W
1878,381,cpu_core,10,EA
1879,381,thread,16,EA
1880,381,cpu_clock,4.7,GHz
1881,381,cpu_L2,9.5,MB
1882,381,cpu_L3,20,MB
1883,381,DDR,"DDR5, DDR4",
1884,382,cpu_brand,Intel,
1885,382,cpu_socket,LGA1700,
1886,382,tdp_watt,110,W
1887,382,cpu_core,4,EA
1888,382,thread,8,EA
1889,382,cpu_clock,4.7,GHz
1890,382,cpu_L2,5,MB
1891,382,cpu_L3,12,MB
1892,382,DDR,"DDR5, DDR4",
1893,383,cpu_brand,Intel,
1894,383,cpu_socket,LGA1700,
1895,383,tdp_watt,253,W
1896,383,cpu_core,24,EA
1897,383,thread,32,EA
1898,383,cpu_clock,6.0,GHz
1899,383,cpu_L2,32,MB
1900,383,cpu_L3,36,MB
1901,383,DDR,"DDR5, DDR4",
1902,384,cpu_brand,Intel,
1903,384,cpu_socket,LGA1700,
1904,384,tdp_watt,154,W
1905,384,cpu_core,14,EA
1906,384,thread,20,EA
1907,384,cpu_clock,5.0,GHz
1908,384,cpu_L2,11.5,MB
1909,384,cpu_L3,24,MB
1910,384,DDR,"DDR5, DDR4",
1911,385,cpu_brand,Intel,
1912,385,cpu_socket,LGA1700,
1913,385,tdp_watt,219,W
1914,385,cpu_core,20,EA
1915,385,thread,28,EA
1916,385,cpu_clock,5.4,GHz
1917,385,cpu_L2,28,MB
1918,385,cpu_L3,33,MB
1919,385,DDR,"DDR5, DDR4",
1920,386,cpu_brand,Intel,
1921,386,cpu_socket,LGA1700,
1922,386,tdp_watt,219,W
1923,386,cpu_core,20,EA
1924,386,thread,28,EA
1925,386,cpu_clock,5.4,GHz
1926,386,cpu_L2,28,MB
1927,386,cpu_L3,33,MB
1928,386,DDR,"DDR5, DDR4",
1929,387,cpu_brand,Intel,
1930,387,cpu_socket,LGA1700,
1931,387,tdp_watt,253,W
1932,387,cpu_core,20,EA
1933,387,thread,28,EA
1934,387,cpu_clock,5.6,GHz
1935,387,cpu_L2,28,MB
1936,387,cpu_L3,33,MB
1937,387,DDR,"DDR5, DDR4",
1938,388,cpu_brand,Intel,
1939,388,cpu_socket,LGA1700,
1940,388,tdp_watt,110,W
1941,388,cpu_core,4,EA
1942,388,thread,8,EA
1943,388,cpu_clock,4.7,GHz
1944,388,cpu_L2,5,MB
1945,388,cpu_L3,12,MB
1946,388,DDR,"DDR5, DDR4",
1947,389,cpu_brand,Intel,
1948,389,cpu_socket,LGA1700,
1949,389,tdp_watt,253,W
1950,389,cpu_core,24,EA
1951,389,thread,32,EA
1952,389,cpu_clock,6.0,GHz
1953,389,cpu_L2,32,MB
1954,389,cpu_L3,36,MB
1955,389,DDR,"DDR5, DDR4",
1956,390,cpu_brand,Intel,
1957,390,cpu_socket,LGA1700,
1958,390,tdp_watt,219,W
1959,390,cpu_core,24,EA
1960,390,thread,32,EA
1961,390,cpu_clock,5.8,GHz
1962,390,cpu_L2,32,MB
1963,390,cpu_L3,36,MB
1964,390,DDR,"DDR5, DDR4",
1965,391,cpu_brand,Intel,
1966,391,cpu_socket,LGA1700,
1967,391,tdp_watt,219,W
1968,391,cpu_core,24,EA
1969,391,thread,32,EA
1970,391,cpu_clock,5.8,GHz
1971,391,cpu_L3,36,MB
1972,391,DDR,"DDR5, DDR4",
1973,392,cpu_brand,Intel,
1974,392,cpu_socket,LGA1700,
1975,392,tdp_watt,253,W
1976,392,cpu_core,20,EA
1977,392,thread,28,EA
1978,392,cpu_clock,5.6,GHz
1979,392,cpu_L2,28,MB
1980,392,cpu_L3,33,MB
1981,392,DDR,"DDR5, DDR4",
1982,393,cpu_brand,Intel,
1983,393,cpu_socket,LGA1700,
1984,393,tdp_watt,410,W
1985,393,cpu_core,24,EA
1986,393,thread,32,EA
1987,393,cpu_clock,6.2,GHz
1988,393,cpu_L2,32,MB
1989,393,cpu_L3,36,MB
1990,393,DDR,"DDR5, DDR4",
1991,394,cpu_brand,Intel,
1992,394,cpu_socket,LGA1700,
1993,394,tdp_watt,69,W
1994,394,cpu_core,4,EA
1995,394,thread,8,EA
1996,394,cpu_clock,4.4,GHz
1997,394,cpu_L2,5,MB
1998,394,cpu_L3,12,MB
1999,394,DDR,"DDR5, DDR4",
2000,395,cpu_brand,Intel,
2001,395,cpu_socket,LGA1700,
2002,395,tdp_watt,92,W
2003,395,cpu_core,14,EA
2004,395,thread,20,EA
2005,395,cpu_clock,4.8,GHz
2006,395,cpu_L2,11.5,MB
2007,395,cpu_L3,24,MB
2008,395,DDR,"DDR5, DDR4",
2009,396,cpu_brand,Intel,
2010,396,cpu_socket,LGA1700,
2011,396,tdp_watt,106,W
2012,396,cpu_core,20,EA
2013,396,thread,28,EA
2014,396,cpu_clock,5.2,GHz
2015,396,cpu_L2,28,MB
2016,396,cpu_L3,33,MB
2017,396,DDR,"DDR5, DDR4",
2018,397,cpu_brand,Intel,
2019,397,cpu_socket,LGA1700,
2020,397,tdp_watt,106,W
2021,397,cpu_core,24,EA
2022,397,thread,32,EA
2023,397,cpu_clock,5.5,GHz
2024,397,cpu_L2,32,MB
2025,397,cpu_L3,36,MB
2026,397,DDR,"DDR5, DDR4",
2027,398,cpu_brand,Intel,
2028,398,cpu_socket,LGA1851,
2029,398,tdp_watt,250,W
2030,398,cpu_core,24,EA
2031,398,thread,24,EA
2032,398,cpu_clock,5.5,GHz
2033,398,cpu_L2,40,MB
2034,398,cpu_L3,36,MB
2035,398,DDR,DDR5,
2036,399,cpu_brand,Intel,
2037,399,cpu_socket,LGA1851,
2038,399,tdp_watt,159,W
2039,399,cpu_core,18,EA
2040,399,thread,18,EA
2041,399,cpu_clock,5.3,GHz
2042,399,cpu_L2,30,MB
2043,399,cpu_L3,30,MB
2044,399,DDR,DDR5,
2045,400,cpu_brand,Intel,
2046,400,cpu_socket,LGA1851,
2047,400,tdp_watt,250,W
2048,400,cpu_core,24,EA
2049,400,thread,24,EA
2050,400,cpu_clock,5.7,GHz
2051,400,cpu_L2,40,MB
2052,400,cpu_L3,36,MB
2053,400,DDR,DDR5,
2054,401,cpu_brand,Intel,
2055,401,cpu_socket,LGA1851,
2056,401,tdp_watt,121,W
2057,401,cpu_core,10,EA
2058,401,thread,10,EA
2059,401,cpu_clock,4.9,GHz
2060,401,cpu_L2,22,MB
2061,401,cpu_L3,20,MB
2062,401,DDR,DDR5,
2063,402,cpu_brand,Intel,
2064,402,cpu_socket,LGA1851,
2065,402,tdp_watt,250,W
2066,402,cpu_core,20,EA
2067,402,thread,20,EA
2068,402,cpu_clock,5.5,GHz
2069,402,cpu_L2,36,MB
2070,402,cpu_L3,30,MB
2071,402,DDR,DDR5,
2072,403,cpu_brand,Intel,
2073,403,cpu_socket,LGA1851,
2074,403,tdp_watt,250,W
2075,403,cpu_core,20,EA
2076,403,thread,20,EA
2077,403,cpu_clock,5.5,GHz
2078,403,cpu_L2,36,MB
2079,403,cpu_L3,30,MB
2080,403,DDR,DDR5,
2081,404,cpu_brand,Intel,
2082,404,cpu_socket,LGA1851,
2083,404,tdp_watt,159,W
2084,404,cpu_core,14,EA
2085,404,thread,14,EA
2086,404,cpu_clock,5.2,GHz
2087,404,cpu_L2,26,MB
2088,404,cpu_L3,24,MB
2089,404,DDR,DDR5,
2090,405,cpu_brand,Intel,
2091,405,cpu_socket,LGA1851,
2092,405,tdp_watt,121,W
2093,405,cpu_core,10,EA
2094,405,thread,10,EA
2095,405,cpu_clock,4.9,GHz
2096,405,cpu_L2,22,MB
2097,405,cpu_L3,20,MB
2098,405,DDR,DDR5,
2099,406,cpu_brand,Intel,
2100,406,cpu_socket,LGA1851,
2101,406,tdp_watt,159,W
2102,406,cpu_core,18,EA
2103,406,thread,18,EA
2104,406,cpu_clock,5.3,GHz
2105,406,cpu_L2,30,MB
2106,406,cpu_L3,30,MB
2107,406,DDR,DDR5,
2108,407,cpu_brand,Intel,
2109,407,cpu_socket,LGA1851,
2110,407,tdp_watt,182,W
2111,407,cpu_core,24,EA
2112,407,thread,24,EA
2113,407,cpu_clock,5.6,GHz
2114,407,cpu_L2,40,MB
2115,407,cpu_L3,36,MB
2116,407,DDR,DDR5,
2117,408,cpu_brand,Intel,
2118,408,cpu_socket,LGA1851,
2119,408,tdp_watt,159,W
2120,408,cpu_core,14,EA
2121,408,thread,14,EA
2122,408,cpu_clock,5.2,GHz
2123,408,cpu_L2,26,MB
2124,408,cpu_L3,24,MB
2125,408,DDR,DDR5,
2126,409,cpu_brand,Intel,
2127,409,cpu_socket,LGA1851,
2128,409,tdp_watt,121,W
2129,409,cpu_core,14,EA
2130,409,thread,14,EA
2131,409,cpu_clock,5.0,GHz
2132,409,cpu_L2,26,MB
2133,409,cpu_L3,24,MB
2134,409,DDR,DDR5,
2135,410,cpu_brand,Intel,
2136,410,cpu_socket,LGA1851,
2137,410,tdp_watt,182,W
2138,410,cpu_core,20,EA
2139,410,thread,20,EA
2140,410,cpu_clock,5.3,GHz
2141,410,cpu_L2,36,MB
2142,410,cpu_L3,30,MB
2143,410,DDR,DDR5,
2144,411,cpu_brand,Intel,
2145,411,cpu_socket,LGA1851,
2146,411,tdp_watt,182,W
2147,411,cpu_core,20,EA
2148,411,thread,20,EA
2149,411,cpu_clock,5.3,GHz
2150,411,cpu_L2,36,MB
2151,411,cpu_L3,30,MB
2152,411,DDR,DDR5,
2153,412,cpu_brand,Intel,
2154,412,cpu_socket,LGA1851,
2155,412,tdp_watt,121,W
2156,412,cpu_core,14,EA
2157,412,thread,14,EA
2158,412,cpu_clock,5.1,GHz
2159,412,cpu_L2,26,MB
2160,412,cpu_L3,24,MB
2161,412,DDR,DDR5,
2162,413,cpu_brand,Intel,
2163,413,cpu_socket,LGA1851,
2164,413,tdp_watt,112,W
2165,413,cpu_core,24,EA
2166,413,thread,24,EA
2167,413,cpu_clock,5.4,GHz
2168,413,cpu_L2,40,MB
2169,413,cpu_L3,36,MB
2170,413,DDR,DDR5,
2171,414,cpu_brand,Intel,
2172,414,cpu_socket,LGA1851,
2173,414,tdp_watt,114,W
2174,414,cpu_core,14,EA
2175,414,thread,14,EA
2176,414,cpu_clock,5.0,GHz
2177,414,cpu_L2,26,MB
2178,414,cpu_L3,24,MB
2179,414,DDR,DDR5,
2180,415,cpu_brand,Intel,
2181,415,cpu_socket,LGA1851,
2182,415,tdp_watt,112,W
2183,415,cpu_core,20,EA
2184,415,thread,20,EA
2185,415,cpu_clock,5.3,GHz
2186,415,cpu_L2,36,MB
2187,415,cpu_L3,30,MB
2188,415,DDR,DDR5,
2189,416,cpu_brand,Intel,
2190,416,cpu_socket,LGA1851,
2191,416,tdp_watt,114,W
2192,416,cpu_core,10,EA
2193,416,thread,10,EA
2194,416,cpu_clock,4.9,GHz
2195,416,cpu_L2,22,MB
2196,416,cpu_L3,20,MB
2197,416,DDR,DDR5,
2198,417,cpu_brand,AMD,
2199,417,cpu_socket,AM4,
2200,417,tdp_watt,65,W
2201,417,cpu_core,4,EA
2202,417,thread,8,EA
2203,417,cpu_clock,4.2,GHz
2204,417,cpu_L2,2,MB
2205,417,cpu_L3,4,MB
2206,417,DDR,DDR4,
2207,418,cpu_brand,AMD,
2208,418,cpu_socket,AM4,
2209,418,tdp_watt,65,W
2210,418,cpu_core,6,EA
2211,418,thread,12,EA
2212,418,cpu_clock,4.2,GHz
2213,418,cpu_L2,3,MB
2214,418,cpu_L3,32,MB
2215,418,DDR,DDR4,
2216,419,cpu_brand,AMD,
2217,419,cpu_socket,AM4,
2218,419,tdp_watt,105,W
2219,419,cpu_core,12,EA
2220,419,thread,24,EA
2221,419,cpu_clock,4.6,GHz
2222,419,cpu_L2,6,MB
2223,419,cpu_L3,64,MB
2224,419,DDR,DDR4,
2225,420,cpu_brand,AMD,
2226,420,cpu_socket,AM4,
2227,420,tdp_watt,65,W
2228,420,cpu_core,4,EA
2229,420,thread,4,EA
2230,420,cpu_clock,4,GHz
2231,420,cpu_L2,2,MB
2232,420,cpu_L3,4,MB
2233,420,DDR,DDR4,
2234,421,cpu_brand,AMD,
2235,421,cpu_socket,AM4,
2236,421,tdp_watt,65,W
2237,421,cpu_core,4,EA
2238,421,thread,8,EA
2239,421,cpu_clock,4.3,GHz
2240,421,cpu_L2,2,MB
2241,421,cpu_L3,16,MB
2242,421,DDR,DDR4,
2243,422,cpu_brand,AMD,
2244,422,cpu_socket,AM4,
2245,422,tdp_watt,95,W
2246,422,cpu_core,6,EA
2247,422,thread,12,EA
2248,422,cpu_clock,4.4,GHz
2249,422,cpu_L2,3,MB
2250,422,cpu_L3,32,MB
2251,422,DDR,DDR4,
2252,423,cpu_brand,AMD,
2253,423,cpu_socket,AM4,
2254,423,tdp_watt,65,W
2255,423,cpu_core,8,EA
2256,423,thread,16,EA
2257,423,cpu_clock,4.4,GHz
2258,423,cpu_L2,4,MB
2259,423,cpu_L3,32,MB
2260,423,DDR,DDR4,
2261,424,cpu_brand,AMD,
2262,424,cpu_socket,AM4,
2263,424,tdp_watt,105,W
2264,424,cpu_core,8,EA
2265,424,thread,16,EA
2266,424,cpu_clock,4.5,GHz
2267,424,cpu_L2,4,MB
2268,424,cpu_L3,32,MB
2269,424,DDR,DDR4,
2270,425,cpu_brand,AMD,
2271,425,cpu_socket,AM4,
2272,425,tdp_watt,105,W
2273,425,cpu_core,16,EA
2274,425,thread,32,EA
2275,425,cpu_clock,4.7,GHz
2276,425,cpu_L2,8,MB
2277,425,cpu_L3,64,MB
2278,425,DDR,DDR4,
2279,426,cpu_brand,AMD,
2280,426,cpu_socket,AM4,
2281,426,tdp_watt,65,W
2282,426,cpu_core,4,EA
2283,426,thread,8,EA
2284,426,cpu_clock,3.9,GHz
2285,426,cpu_L2,2,MB
2286,426,cpu_L3,16,MB
2287,426,DDR,DDR4,
2288,427,cpu_brand,AMD,
2289,427,cpu_socket,AM4,
2290,427,tdp_watt,65,W
2291,427,cpu_core,6,EA
2292,427,thread,6,EA
2293,427,cpu_clock,4.1,GHz
2294,427,cpu_L2,3,MB
2295,427,cpu_L3,16,MB
2296,427,DDR,DDR4,
2297,428,cpu_brand,AMD,
2298,428,cpu_socket,AM4,
2299,428,tdp_watt,105,W
2300,428,cpu_core,12,EA
2301,428,thread,24,EA
2302,428,cpu_clock,4.7,GHz
2303,428,cpu_L2,6,MB
2304,428,cpu_L3,64,MB
2305,428,DDR,DDR4,
2306,429,cpu_brand,AMD,
2307,429,cpu_socket,AM4,
2308,429,tdp_watt,105,W
2309,429,cpu_core,8,EA
2310,429,thread,16,EA
2311,429,cpu_clock,4.7,GHz
2312,429,cpu_L2,4,MB
2313,429,cpu_L3,32,MB
2314,429,DDR,DDR4,
2315,430,cpu_brand,AMD,
2316,430,cpu_socket,AM4,
2317,430,tdp_watt,65,W
2318,430,cpu_core,6,EA
2319,430,thread,6,EA
2320,430,cpu_clock,4.1,GHz
2321,430,cpu_L2,3,MB
2322,430,cpu_L3,32,MB
2323,430,DDR,DDR4,
2324,431,cpu_brand,AMD,
2325,431,cpu_socket,AM4,
2326,431,tdp_watt,95,W
2327,431,cpu_core,6,EA
2328,431,thread,12,EA
2329,431,cpu_clock,4.5,GHz
2330,431,cpu_L2,3,MB
2331,431,cpu_L3,32,MB
2332,431,DDR,DDR4,
2333,432,cpu_brand,AMD,
2334,432,cpu_socket,AM4,
2335,432,tdp_watt,65,W
2336,432,cpu_core,6,EA
2337,432,thread,12,EA
2338,432,cpu_clock,4.2,GHz
2339,432,cpu_L2,3,MB
2340,432,cpu_L3,8,MB
2341,432,DDR,DDR4,
2342,433,cpu_brand,AMD,
2343,433,cpu_socket,AM4,
2344,433,tdp_watt,65,W
2345,433,cpu_core,4,EA
2346,433,thread,8,EA
2347,433,cpu_clock,4.0,GHz
2348,433,cpu_L2,2,MB
2349,433,cpu_L3,4,MB
2350,433,DDR,DDR4,
2351,434,cpu_brand,AMD,
2352,434,cpu_socket,AM4,
2353,434,tdp_watt,65,W
2354,434,cpu_core,6,EA
2355,434,thread,12,EA
2356,434,cpu_clock,4.2,GHz
2357,434,cpu_L2,3,MB
2358,434,cpu_L3,8,MB
2359,434,DDR,DDR4,
2360,435,cpu_brand,AMD,
2361,435,cpu_socket,AM4,
2362,435,tdp_watt,65,W
2363,435,cpu_core,6,EA
2364,435,thread,12,EA
2365,435,cpu_clock,4.1,GHz
2366,435,cpu_L2,3,MB
2367,435,cpu_L3,8,MB
2368,435,DDR,DDR4,
2369,436,cpu_brand,AMD,
2370,436,cpu_socket,AM4,
2371,436,tdp_watt,65,W
2372,436,cpu_core,8,EA
2373,436,thread,16,EA
2374,436,cpu_clock,4.4,GHz
2375,436,cpu_L2,4,MB
2376,436,cpu_L3,8,MB
2377,436,DDR,DDR4,
2378,437,cpu_brand,AMD,
2379,437,cpu_socket,AM4,
2380,437,tdp_watt,65,W
2381,437,cpu_core,4,EA
2382,437,thread,8,EA
2383,437,cpu_clock,4.0,GHz
2384,437,cpu_L2,2,MB
2385,437,cpu_L3,4,MB
2386,437,DDR,DDR4,
2387,438,cpu_brand,AMD,
2388,438,cpu_socket,AM4,
2389,438,tdp_watt,65,W
2390,438,cpu_core,6,EA
2391,438,thread,12,EA
2392,438,cpu_clock,4.4,GHz
2393,438,cpu_L2,3,MB
2394,438,cpu_L3,16,MB
2395,438,DDR,DDR4,
2396,439,cpu_brand,AMD,
2397,439,cpu_socket,AM4,
2398,439,tdp_watt,65,W
2399,439,cpu_core,6,EA
2400,439,thread,12,EA
2401,439,cpu_clock,4.4,GHz
2402,439,cpu_L2,3,MB
2403,439,cpu_L3,32,MB
2404,439,DDR,DDR4,
2405,440,cpu_brand,AMD,
2406,440,cpu_socket,AM4,
2407,440,tdp_watt,65,W
2408,440,cpu_core,8,EA
2409,440,thread,16,EA
2410,440,cpu_clock,4.6,GHz
2411,440,cpu_L2,4,MB
2412,440,cpu_L3,32,MB
2413,440,DDR,DDR4,
2414,441,cpu_brand,AMD,
2415,441,cpu_socket,AM4,
2416,441,tdp_watt,105,W
2417,441,cpu_core,8,EA
2418,441,thread,16,EA
2419,441,cpu_clock,4.5,GHz
2420,441,cpu_L2,4,MB
2421,441,cpu_L3,96,MB
2422,441,DDR,DDR4,
2423,442,cpu_brand,AMD,
2424,442,cpu_socket,AM4,
2425,442,tdp_watt,65,W
2426,442,cpu_core,6,EA
2427,442,thread,12,EA
2428,442,cpu_clock,4.6,GHz
2429,442,cpu_L2,3,MB
2430,442,cpu_L3,16,MB
2431,442,DDR,DDR4,
2432,443,cpu_brand,AMD,
2433,443,cpu_socket,AM4,
2434,443,tdp_watt,65,W
2435,443,cpu_core,4,EA
2436,443,thread,4,EA
2437,443,cpu_clock,4,GHz
2438,443,cpu_L2,2,MB
2439,443,cpu_L3,4,MB
2440,443,DDR,DDR4,
2441,444,cpu_brand,AMD,
2442,444,cpu_socket,AM4,
2443,444,tdp_watt,65,W
2444,444,cpu_core,6,EA
2445,444,thread,12,EA
2446,444,cpu_clock,4.4,GHz
2447,444,cpu_L2,3,MB
2448,444,cpu_L3,16,MB
2449,444,DDR,DDR4,
2450,445,cpu_brand,AMD,
2451,445,cpu_socket,AM4,
2452,445,tdp_watt,105,W
2453,445,cpu_core,8,EA
2454,445,thread,16,EA
2455,445,cpu_clock,4.5,GHz
2456,445,cpu_L2,4,MB
2457,445,cpu_L3,96,MB
2458,445,DDR,DDR4,
2459,446,cpu_brand,AMD,
2460,446,cpu_socket,AM4,
2461,446,tdp_watt,65,W
2462,446,cpu_core,8,EA
2463,446,thread,16,EA
2464,446,cpu_clock,4.6,GHz
2465,446,cpu_L2,4,MB
2466,446,cpu_L3,16,MB
2467,446,DDR,DDR4,
2468,447,cpu_brand,AMD,
2469,447,cpu_socket,AM4,
2470,447,tdp_watt,105,W
2471,447,cpu_core,8,EA
2472,447,thread,16,EA
2473,447,cpu_clock,4.1,GHz
2474,447,cpu_L2,4,MB
2475,447,cpu_L3,96,MB
2476,447,DDR,DDR4,
2477,448,cpu_brand,AMD,
2478,448,cpu_socket,AM4,
2479,448,tdp_watt,65,W
2480,448,cpu_core,6,EA
2481,448,thread,12,EA
2482,448,cpu_clock,4.6,GHz
2483,448,cpu_L2,3,MB
2484,448,cpu_L3,32,MB
2485,448,DDR,DDR4,
2486,449,cpu_brand,AMD,
2487,449,cpu_socket,AM4,
2488,449,tdp_watt,65,W
2489,449,cpu_core,6,EA
2490,449,thread,12,EA
2491,449,cpu_clock,4.2,GHz
2492,449,cpu_L2,3,MB
2493,449,cpu_L3,16,MB
2494,449,DDR,DDR4,
2495,450,cpu_brand,AMD,
2496,450,cpu_socket,AM4,
2497,450,tdp_watt,105,W
2498,450,cpu_core,8,EA
2499,450,thread,16,EA
2500,450,cpu_clock,4.7,GHz
2501,450,cpu_L2,4,MB
2502,450,cpu_L3,32,MB
2503,450,DDR,DDR4,
2504,451,cpu_brand,AMD,
2505,451,cpu_socket,AM4,
2506,451,tdp_watt,105,W
2507,451,cpu_core,12,EA
2508,451,thread,24,EA
2509,451,cpu_clock,4.8,GHz
2510,451,cpu_L2,6,MB
2511,451,cpu_L3,64,MB
2512,451,DDR,DDR4,
2513,452,cpu_brand,AMD,
2514,452,cpu_socket,AM4,
2515,452,tdp_watt,105,W
2516,452,cpu_core,16,EA
2517,452,thread,32,EA
2518,452,cpu_clock,4.9,GHz
2519,452,cpu_L2,8,MB
2520,452,cpu_L3,64,MB
2521,452,DDR,DDR4,
2522,453,cpu_brand,AMD,
2523,453,cpu_socket,AM4,
2524,453,tdp_watt,35,W
2525,453,cpu_core,4,EA
2526,453,thread,8,EA
2527,453,cpu_clock,4.2,GHz
2528,453,cpu_L2,2,MB
2529,453,cpu_L3,8,MB
2530,453,DDR,DDR4,
2531,454,cpu_brand,AMD,
2532,454,cpu_socket,AM4,
2533,454,tdp_watt,65,W
2534,454,cpu_core,6,EA
2535,454,thread,12,EA
2536,454,cpu_clock,4.7,GHz
2537,454,cpu_L2,3,MB
2538,454,cpu_L3,32,MB
2539,454,DDR,DDR4,
2540,455,cpu_brand,AMD,
2541,455,cpu_socket,AM4,
2542,455,tdp_watt,105,W
2543,455,cpu_core,16,EA
2544,455,thread,32,EA
2545,455,cpu_clock,4.8,GHz
2546,455,cpu_L2,8,MB
2547,455,cpu_L3,64,MB
2548,455,DDR,DDR4,
2549,456,cpu_brand,AMD,
2550,456,cpu_socket,AM4,
2551,456,tdp_watt,65,W
2552,456,cpu_core,6,EA
2553,456,thread,12,EA
2554,456,cpu_clock,4.5,GHz
2555,456,cpu_L2,3,MB
2556,456,cpu_L3,32,MB
2557,456,DDR,DDR4,
2558,457,cpu_brand,AMD,
2559,457,cpu_socket,AM4,
2560,457,tdp_watt,65,W
2561,457,cpu_core,8,EA
2562,457,thread,16,EA
2563,457,cpu_clock,4.6,GHz
2564,457,cpu_L2,4,MB
2565,457,cpu_L3,16,MB
2566,457,DDR,DDR4,
2567,458,cpu_brand,AMD,
2568,458,cpu_socket,AM4,
2569,458,tdp_watt,65,W
2570,458,cpu_core,4,EA
2571,458,thread,8,EA
2572,458,cpu_clock,4.2,GHz
2573,458,cpu_L2,2,MB
2574,458,cpu_L3,8,MB
2575,458,DDR,DDR4,
2576,459,cpu_brand,AMD,
2577,459,cpu_socket,AM5,
2578,459,tdp_watt,120,W
2579,459,cpu_core,8,EA
2580,459,thread,16,EA
2581,459,cpu_clock,5.0,GHz
2582,459,cpu_L2,8,MB
2583,459,cpu_L3,96,MB
2584,459,DDR,DDR5,
2585,460,cpu_brand,AMD,
2586,460,cpu_socket,AM5,
2587,460,tdp_watt,65,W
2588,460,cpu_core,6,EA
2589,460,thread,12,EA
2590,460,cpu_clock,5.0,GHz
2591,460,cpu_L2,6,MB
2592,460,cpu_L3,32,MB
2593,460,DDR,DDR5,
2594,461,cpu_brand,AMD,
2595,461,cpu_socket,AM5,
2596,461,tdp_watt,65,W
2597,461,cpu_core,6,EA
2598,461,thread,12,EA
2599,461,cpu_clock,4.5,GHz
2600,461,cpu_L2,6,MB
2601,461,cpu_L3,96,MB
2602,461,DDR,DDR5,
2603,462,cpu_brand,AMD,
2604,462,cpu_socket,AM5,
2605,462,tdp_watt,120,W
2606,462,cpu_core,8,EA
2607,462,thread,16,EA
2608,462,cpu_clock,4.5,GHz
2609,462,cpu_L2,8,MB
2610,462,cpu_L3,96,MB
2611,462,DDR,DDR5,
2612,463,cpu_brand,AMD,
2613,463,cpu_socket,AM5,
2614,463,tdp_watt,65,W
2615,463,cpu_core,6,EA
2616,463,thread,12,EA
2617,463,cpu_clock,5.1,GHz
2618,463,cpu_L2,6,MB
2619,463,cpu_L3,32,MB
2620,463,DDR,DDR5,
2621,464,cpu_brand,AMD,
2622,464,cpu_socket,AM5,
2623,464,tdp_watt,170,W
2624,464,cpu_core,12,EA
2625,464,thread,24,EA
2626,464,cpu_clock,5.6,GHz
2627,464,cpu_L2,12,MB
2628,464,cpu_L3,64,MB
2629,464,DDR,DDR5,
2630,465,cpu_brand,AMD,
2631,465,cpu_socket,AM5,
2632,465,tdp_watt,65,W
2633,465,cpu_core,8,EA
2634,465,thread,16,EA
2635,465,cpu_clock,5.3,GHz
2636,465,cpu_L2,8,MB
2637,465,cpu_L3,32,MB
2638,465,DDR,DDR5,
2639,466,cpu_brand,AMD,
2640,466,cpu_socket,AM5,
2641,466,tdp_watt,65,W
2642,466,cpu_core,12,EA
2643,466,thread,24,EA
2644,466,cpu_clock,5.4,GHz
2645,466,cpu_L2,12,MB
2646,466,cpu_L3,64,MB
2647,466,DDR,DDR5,
2648,467,cpu_brand,AMD,
2649,467,cpu_socket,AM5,
2650,467,tdp_watt,120,W
2651,467,cpu_core,16,EA
2652,467,thread,32,EA
2653,467,cpu_clock,5.7,GHz
2654,467,cpu_L2,16,MB
2655,467,cpu_L3,128,MB
2656,467,DDR,DDR5,
2657,468,cpu_brand,AMD,
2658,468,cpu_socket,AM5,
2659,468,tdp_watt,105,W
2660,468,cpu_core,8,EA
2661,468,thread,16,EA
2662,468,cpu_clock,5.4,GHz
2663,468,cpu_L2,8,MB
2664,468,cpu_L3,32,MB
2665,468,DDR,DDR5,
2666,469,cpu_brand,AMD,
2667,469,cpu_socket,AM5,
2668,469,tdp_watt,65,W
2669,469,cpu_core,6,EA
2670,469,thread,12,EA
2671,469,cpu_clock,4.7,GHz
2672,469,cpu_L2,6,MB
2673,469,cpu_L3,32,MB
2674,469,DDR,DDR5,
2675,470,cpu_brand,AMD,
2676,470,cpu_socket,AM5,
2677,470,tdp_watt,170,W
2678,470,cpu_core,16,EA
2679,470,thread,32,EA
2680,470,cpu_clock,5.7,GHz
2681,470,cpu_L2,16,MB
2682,470,cpu_L3,64,MB
2683,470,DDR,DDR5,
2684,471,cpu_brand,AMD,
2685,471,cpu_socket,AM5,
2686,471,tdp_watt,65,W
2687,471,cpu_core,6,EA
2688,471,thread,12,EA
2689,471,cpu_clock,4.3,GHz
2690,471,cpu_L2,6,MB
2691,471,cpu_L3,16,MB
2692,471,DDR,DDR5,
2693,472,cpu_brand,AMD,
2694,472,cpu_socket,AM5,
2695,472,tdp_watt,105,W
2696,472,cpu_core,6,EA
2697,472,thread,12,EA
2698,472,cpu_clock,5.3,GHz
2699,472,cpu_L2,6,MB
2700,472,cpu_L3,32,MB
2701,472,DDR,DDR5,
2702,473,cpu_brand,AMD,
2703,473,cpu_socket,AM5,
2704,473,tdp_watt,120,W
2705,473,cpu_core,12,EA
2706,473,thread,24,EA
2707,473,cpu_clock,5.6,GHz
2708,473,cpu_L2,12,MB
2709,473,cpu_L3,128,MB
2710,473,DDR,DDR5,
2711,474,cpu_brand,AMD,
2712,474,cpu_socket,AM5,
2713,474,tdp_watt,65,W
2714,474,cpu_core,6,EA
2715,474,thread,12,EA
2716,474,cpu_clock,5.1,GHz
2717,474,cpu_L2,6,MB
2718,474,cpu_L3,32,MB
2719,474,DDR,DDR5,
2720,475,cpu_brand,AMD,
2721,475,cpu_socket,AM5,
2722,475,tdp_watt,65,W
2723,475,cpu_core,8,EA
2724,475,thread,16,EA
2725,475,cpu_clock,5.3,GHz
2726,475,cpu_L2,8,MB
2727,475,cpu_L3,32,MB
2728,475,DDR,DDR5,
2729,476,cpu_brand,AMD,
2730,476,cpu_socket,AM5,
2731,476,tdp_watt,65,W
2732,476,cpu_core,12,EA
2733,476,thread,24,EA
2734,476,cpu_clock,5.4,GHz
2735,476,cpu_L2,12,MB
2736,476,cpu_L3,64,MB
2737,476,DDR,DDR5,
2738,477,cpu_brand,AMD,
2739,477,cpu_socket,AM5,
2740,477,tdp_watt,65,W
2741,477,cpu_core,6,EA
2742,477,thread,12,EA
2743,477,cpu_clock,5.0,GHz
2744,477,cpu_L2,6,MB
2745,477,cpu_L3,16,MB
2746,477,DDR,DDR5,
2747,478,cpu_brand,AMD,
2748,478,cpu_socket,AM5,
2749,478,tdp_watt,65,W
2750,478,cpu_core,8,EA
2751,478,thread,16,EA
2752,478,cpu_clock,5.1,GHz
2753,478,cpu_L2,8,MB
2754,478,cpu_L3,16,MB
2755,478,DDR,DDR5,
2756,479,cpu_brand,AMD,
2757,479,cpu_socket,AM5,
2758,479,tdp_watt,65,W
2759,479,thread,12,EA
2760,479,cpu_clock,5.0,GHz
2761,479,cpu_L2,6,MB
2762,479,cpu_L3,16,MB
2763,479,DDR,DDR5,
2764,480,cpu_brand,AMD,
2765,480,cpu_socket,AM5,
2766,480,tdp_watt,65,W
2767,480,cpu_core,8,EA
2768,480,thread,16,EA
2769,480,cpu_clock,5.0,GHz
2770,480,cpu_L2,8,MB
2771,480,cpu_L3,16,MB
2772,480,DDR,DDR5,
2773,481,cpu_brand,AMD,
2774,481,cpu_socket,AM5,
2775,481,tdp_watt,65,W
2776,481,cpu_core,6,EA
2777,481,thread,12,EA
2778,481,cpu_clock,4.7,GHz
2779,481,cpu_L2,6,MB
2780,481,cpu_L3,16,MB
2781,481,DDR,DDR5,
2782,482,cpu_brand,AMD,
2783,482,cpu_socket,AM5,
2784,482,tdp_watt,65,W
2785,482,cpu_core,6,EA
2786,482,thread,12,EA
2787,482,cpu_clock,5.0,GHz
2788,482,cpu_L2,6,MB
2789,482,cpu_L3,16,MB
2790,482,DDR,DDR5,
2791,483,cpu_brand,AMD,
2792,483,cpu_socket,AM5,
2793,483,tdp_watt,65,W
2794,483,thread,12,EA
2795,483,cpu_clock,5.0,GHz
2796,483,cpu_L2,6,MB
2797,483,cpu_L3,16,MB
2798,483,DDR,DDR5,
2799,484,cpu_brand,AMD,
2800,484,cpu_socket,AM5,
2801,484,tdp_watt,120,W
2802,484,cpu_core,8,EA
2803,484,thread,16,EA
2804,484,cpu_clock,5.2,GHz
2805,484,cpu_L2,8,MB
2806,484,cpu_L3,96,MB
2807,484,DDR,DDR5,
2808,485,cpu_brand,AMD,
2809,485,cpu_socket,AM5,
2810,485,tdp_watt,65,W
2811,485,cpu_core,6,EA
2812,485,thread,12,EA
2813,485,cpu_clock,5.4,GHz
2814,485,cpu_L2,6,MB
2815,485,cpu_L3,32,MB
2816,485,DDR,DDR5,
2817,486,cpu_brand,AMD,
2818,486,cpu_socket,AM5,
2819,486,tdp_watt,170,W
2820,486,cpu_core,16,EA
2821,486,thread,32,EA
2822,486,cpu_clock,5.7,GHz
2823,486,cpu_L2,16,MB
2824,486,cpu_L3,128,MB
2825,486,DDR,DDR5,
2826,487,cpu_brand,AMD,
2827,487,cpu_socket,AM5,
2828,487,tdp_watt,65,W
2829,487,cpu_core,8,EA
2830,487,thread,16,EA
2831,487,cpu_clock,5.5,GHz
2832,487,cpu_L2,8,MB
2833,487,cpu_L3,32,MB
2834,487,DDR,DDR5,
2835,488,cpu_brand,AMD,
2836,488,cpu_socket,AM5,
2837,488,tdp_watt,120,W
2838,488,cpu_core,8,EA
2839,488,thread,16,EA
2840,488,cpu_clock,5.6,GHz
2841,488,cpu_L2,8,MB
2842,488,cpu_L3,96,MB
2843,488,DDR,DDR5,
2844,489,cpu_brand,AMD,
2845,489,cpu_socket,AM5,
2846,489,tdp_watt,200,W
2847,489,cpu_core,16,EA
2848,489,thread,32,EA
2849,489,cpu_clock,5.6,GHz
2850,489,cpu_L2,16,MB
2851,489,cpu_L3,192,MB
2852,489,DDR,DDR5,
2853,490,cpu_brand,AMD,
2854,490,cpu_socket,AM5,
2855,490,tdp_watt,65,W
2856,490,cpu_core,6,EA
2857,490,thread,12,EA
2858,490,cpu_clock,5.0,GHz
2859,490,cpu_L2,6,MB
2860,490,cpu_L3,32,MB
2861,490,DDR,DDR5,
2862,491,cpu_brand,AMD,
2863,491,cpu_socket,AM5,
2864,491,tdp_watt,170,W
2865,491,cpu_core,16,EA
2866,491,thread,32,EA
2867,491,cpu_clock,5.7,GHz
2868,491,cpu_L2,16,MB
2869,491,cpu_L3,64,MB
2870,491,DDR,DDR5,
2871,492,cpu_brand,AMD,
2872,492,cpu_socket,AM5,
2873,492,tdp_watt,120,W
2874,492,cpu_core,12,EA
2875,492,thread,24,EA
2876,492,cpu_clock,5.6,GHz
2877,492,cpu_L2,12,MB
2878,492,cpu_L3,64,MB
2879,492,DDR,DDR5,
2880,493,cpu_brand,AMD,
2881,493,cpu_socket,AM5,
2882,493,tdp_watt,65,W
2883,493,cpu_core,6,EA
2884,493,thread,12,EA
2885,493,cpu_clock,5.2,GHz
2886,493,cpu_L2,6,MB
2887,493,cpu_L3,32,MB
2888,493,DDR,DDR5,
2889,494,cpu_brand,AMD,
2890,494,cpu_socket,AM5,
2891,494,tdp_watt,120,W
2892,494,cpu_core,12,EA
2893,494,thread,24,EA
2894,494,cpu_clock,5.5,GHz
2895,494,cpu_L2,12,MB
2896,494,cpu_L3,128,MB
2897,494,DDR,DDR5,
2898,495,cpu_socket,AM4,
2899,495,ram_type,DDR4,
2900,495,ram_socket,4,EA
2901,495,form_factor,M-ATX,
2902,495,chipset,B550,
2903,495,m2_slots,2,EA
2904,495,max_ram_capacity_gb,128,GB
2905,496,cpu_socket,AM4,
2906,496,ram_type,DDR4,
2907,496,ram_socket,2,EA
2908,496,form_factor,M-ATX,
2909,496,chipset,A520,
2910,496,m2_slots,1,EA
2911,496,max_ram_capacity_gb,64,GB
2912,497,cpu_socket,AM4,
2913,497,ram_type,DDR4,
2914,497,ram_socket,2,EA
2915,497,form_factor,M-ATX,
2916,497,chipset,B550,
2917,497,m2_slots,2,EA
2918,497,max_ram_capacity_gb,64,GB
2919,498,cpu_socket,AM4,
2920,498,ram_type,DDR4,
2921,498,ram_socket,4,EA
2922,498,form_factor,M-ATX,
2923,498,chipset,B550,
2924,498,m2_slots,2,EA
2925,498,max_ram_capacity_gb,128,GB
2926,499,cpu_socket,AM4,
2927,499,ram_type,DDR4,
2928,499,ram_socket,2,EA
2929,499,form_factor,M-ATX,
2930,499,chipset,A520,
2931,499,m2_slots,1,EA
2932,499,max_ram_capacity_gb,64,GB
2933,500,cpu_socket,AM4,
2934,500,ram_type,DDR4,
2935,500,ram_socket,2,EA
2936,500,form_factor,M-ATX,
2937,500,chipset,A520,
2938,500,m2_slots,2,EA
2939,500,max_ram_capacity_gb,64,GB
2940,501,cpu_socket,AM4,
2941,501,ram_type,DDR4,
2942,501,ram_socket,2,EA
2943,501,form_factor,M-ATX,
2944,501,chipset,A520,
2945,501,m2_slots,1,EA
2946,501,max_ram_capacity_gb,64,GB
2947,502,cpu_socket,AM4,
2948,502,ram_type,DDR4,
2949,502,ram_socket,2,EA
2950,502,form_factor,M-ATX,
2951,502,chipset,A520,
2952,502,m2_slots,1,EA
2953,502,max_ram_capacity_gb,64,GB
2954,503,cpu_socket,AM4,
2955,503,ram_type,DDR4,
2956,503,ram_socket,4,EA
2957,503,form_factor,M-ATX,
2958,503,chipset,A320,
2959,503,m2_slots,1,EA
2960,503,max_ram_capacity_gb,64,GB
2961,504,cpu_socket,AM4,
2962,504,ram_type,DDR4,
2963,504,ram_socket,4,EA
2964,504,form_factor,ATX,
2965,504,chipset,X570,
2966,504,m2_slots,2,EA
2967,504,max_ram_capacity_gb,128,GB
2968,505,cpu_socket,AM4,
2969,505,ram_type,DDR4,
2970,505,ram_socket,2,EA
2971,505,form_factor,M-ATX,
2972,505,chipset,B550,
2973,505,m2_slots,2,EA
2974,505,max_ram_capacity_gb,64,GB
2975,506,cpu_socket,AM4,
2976,506,ram_type,DDR4,
2977,506,ram_socket,4,EA
2978,506,form_factor,M-ATX,
2979,506,chipset,B450,
2980,506,m2_slots,2,EA
2981,506,max_ram_capacity_gb,64,GB
2982,507,cpu_socket,AM5,
2983,507,ram_type,DDR5,
2984,507,ram_socket,4,EA
2985,507,form_factor,M-ATX,
2986,507,chipset,B850,
2987,507,m2_slots,3,EA
2988,507,max_ram_capacity_gb,256,GB
2989,508,cpu_socket,AM5,
2990,508,ram_type,DDR5,
2991,508,ram_socket,4,EA
2992,508,form_factor,M-ATX,
2993,508,chipset,B650,
2994,508,m2_slots,3,EA
2995,508,max_ram_capacity_gb,256,GB
2996,509,cpu_socket,AM5,
2997,509,ram_type,DDR5,
2998,509,ram_socket,4,EA
2999,509,form_factor,M-ATX,
3000,509,chipset,B850,
3001,509,m2_slots,3,EA
3002,509,max_ram_capacity_gb,256,GB
3003,510,cpu_socket,AM5,
3004,510,ram_type,DDR5,
3005,510,ram_socket,2,EA
3006,510,form_factor,M-ITX,
3007,510,chipset,B850,
3008,510,m2_slots,2,EA
3009,510,max_ram_capacity_gb,96,GB
3010,511,cpu_socket,AM5,
3011,511,ram_type,DDR5,
3012,511,ram_socket,4,EA
3013,511,form_factor,M-ATX,
3014,511,chipset,B650,
3015,511,m2_slots,3,EA
3016,511,max_ram_capacity_gb,256,GB
3017,512,cpu_socket,AM5,
3018,512,ram_type,DDR5,
3019,512,ram_socket,4,EA
3020,512,form_factor,ATX,
3021,512,chipset,B850,
3022,512,m2_slots,3,EA
3023,512,max_ram_capacity_gb,192,GB
3024,513,cpu_socket,AM5,
3025,513,ram_type,DDR5,
3026,513,ram_socket,4,EA
3027,513,form_factor,ATX,
3028,513,chipset,X870E,
3029,513,m2_slots,4,EA
3030,513,max_ram_capacity_gb,192,GB
3031,514,cpu_socket,AM5,
3032,514,ram_type,DDR5,
3033,514,ram_socket,4,EA
3034,514,form_factor,ATX,
3035,514,chipset,B850,
3036,514,m2_slots,3,EA
3037,514,max_ram_capacity_gb,256,GB
3038,515,cpu_socket,AM5,
3039,515,ram_type,DDR5,
3040,515,ram_socket,2,EA
3041,515,form_factor,ATX,
3042,515,chipset,X870E,
3043,515,m2_slots,5,EA
3044,515,max_ram_capacity_gb,128,GB
3045,516,cpu_socket,AM5,
3046,516,ram_type,DDR5,
3047,516,ram_socket,4,EA
3048,516,form_factor,M-ATX,
3049,516,chipset,B650,
3050,516,m2_slots,3,EA
3051,516,max_ram_capacity_gb,256,GB
3052,517,cpu_socket,AM5,
3053,517,ram_type,DDR5,
3054,517,ram_socket,4,EA
3055,517,form_factor,ATX,
3056,517,chipset,B850,
3057,517,m2_slots,3,EA
3058,517,max_ram_capacity_gb,256,GB
3059,518,cpu_socket,AM5,
3060,518,ram_type,DDR5,
3061,518,ram_socket,4,EA
3062,518,form_factor,ATX,
3063,518,chipset,X870E,
3064,518,m2_slots,5,EA
3065,518,max_ram_capacity_gb,256,GB
3066,519,cpu_socket,AM5,
3067,519,ram_type,DDR5,
3068,519,ram_socket,4,EA
3069,519,form_factor,M-ATX,
3070,519,chipset,B650,
3071,519,m2_slots,3,EA
3072,519,max_ram_capacity_gb,256,GB
3073,520,cpu_socket,AM5,
3074,520,ram_type,DDR5,
3075,520,ram_socket,4,EA
3076,520,form_factor,ATX,
3077,520,chipset,X870E,
3078,520,m2_slots,4,EA
3079,520,max_ram_capacity_gb,192,GB
3080,521,cpu_socket,AM5,
3081,521,ram_type,DDR5,
3082,521,ram_socket,4,EA
3083,521,form_factor,M-ATX,
3084,521,chipset,B650,
3085,521,m2_slots,2,EA
3086,521,max_ram_capacity_gb,128,GB
3087,522,cpu_socket,AM5,
3088,522,ram_type,DDR5,
3089,522,ram_socket,4,EA
3090,522,form_factor,ATX,
3091,522,chipset,X870,
3092,522,m2_slots,4,EA
3093,522,max_ram_capacity_gb,192,GB
3094,523,cpu_socket,AM5,
3095,523,ram_type,DDR5,
3096,523,ram_socket,4,EA
3097,523,form_factor,M-ATX,
3098,523,chipset,B850,
3099,523,m2_slots,3,EA
3100,523,max_ram_capacity_gb,256,GB
3101,524,cpu_socket,AM5,
3102,524,ram_type,DDR5,
3103,524,ram_socket,2,EA
3104,524,form_factor,M-ITX,
3105,524,chipset,X870,
3106,524,m2_slots,2,EA
3107,524,max_ram_capacity_gb,128,GB
3108,525,cpu_socket,AM5,
3109,525,ram_type,DDR5,
3110,525,ram_socket,4,EA
3111,525,form_factor,ATX,
3112,525,chipset,X870E,
3113,525,m2_slots,5,EA
3114,525,max_ram_capacity_gb,256,GB
3115,526,cpu_socket,AM5,
3116,526,ram_type,DDR5,
3117,526,ram_socket,4,EA
3118,526,form_factor,E-ATX,
3119,526,chipset,X870E,
3120,526,m2_slots,5,EA
3121,526,max_ram_capacity_gb,256,GB
3122,527,cpu_socket,AM5,
3123,527,ram_type,DDR5,
3124,527,ram_socket,4,EA
3125,527,form_factor,M-ATX,
3126,527,chipset,B850,
3127,527,m2_slots,3,EA
3128,527,max_ram_capacity_gb,256,GB
3129,528,cpu_socket,AM5,
3130,528,ram_type,DDR5,
3131,528,ram_socket,4,EA
3132,528,form_factor,ATX,
3133,528,chipset,X870E,
3134,528,m2_slots,4,EA
3135,528,max_ram_capacity_gb,256,GB
3136,529,cpu_socket,AM5,
3137,529,ram_type,DDR5,
3138,529,ram_socket,4,EA
3139,529,form_factor,M-ATX,
3140,529,chipset,B850,
3141,529,m2_slots,3,EA
3142,529,max_ram_capacity_gb,256,GB
3143,530,cpu_socket,AM5,
3144,530,ram_type,DDR5,
3145,530,ram_socket,4,EA
3146,530,form_factor,ATX,
3147,530,chipset,X870E,
3148,530,m2_slots,4,EA
3149,530,max_ram_capacity_gb,256,GB
3150,531,cpu_socket,AM5,
3151,531,ram_type,DDR5,
3152,531,ram_socket,4,EA
3153,531,form_factor,M-ATX,
3154,531,chipset,B650,
3155,531,m2_slots,2,EA
3156,531,max_ram_capacity_gb,192,GB
3157,532,cpu_socket,AM5,
3158,532,ram_type,DDR5,
3159,532,ram_socket,4,EA
3160,532,form_factor,ATX,
3161,532,chipset,X870E,
3162,532,m2_slots,4,EA
3163,532,max_ram_capacity_gb,256,GB
3164,533,cpu_socket,AM5,
3165,533,ram_type,DDR5,
3166,533,ram_socket,4,EA
3167,533,form_factor,ATX,
3168,533,chipset,B850,
3169,533,m2_slots,5,EA
3170,533,max_ram_capacity_gb,192,GB
3171,534,cpu_socket,AM5,
3172,534,ram_type,DDR5,
3173,534,ram_socket,4,EA
3174,534,form_factor,M-ATX,
3175,534,chipset,B850,
3176,534,m2_slots,4,EA
3177,534,max_ram_capacity_gb,256,GB
3178,535,cpu_socket,AM5,
3179,535,ram_type,DDR5,
3180,535,ram_socket,4,EA
3181,535,form_factor,M-ATX,
3182,535,chipset,B850,
3183,535,m2_slots,3,EA
3184,535,max_ram_capacity_gb,256,GB
3185,536,cpu_socket,AM5,
3186,536,ram_type,DDR5,
3187,536,ram_socket,4,EA
3188,536,form_factor,ATX,
3189,536,chipset,B850,
3190,536,m2_slots,3,EA
3191,536,max_ram_capacity_gb,256,GB
3192,537,cpu_socket,AM5,
3193,537,ram_type,DDR5,
3194,537,ram_socket,4,EA
3195,537,form_factor,ATX,
3196,537,chipset,X870E,
3197,537,m2_slots,5,EA
3198,537,max_ram_capacity_gb,256,GB
3199,538,cpu_socket,AM5,
3200,538,ram_type,DDR5,
3201,538,ram_socket,4,EA
3202,538,form_factor,M-ATX,
3203,538,chipset,B850,
3204,538,m2_slots,3,EA
3205,538,max_ram_capacity_gb,256,GB
3206,539,cpu_socket,AM5,
3207,539,ram_type,DDR5,
3208,539,ram_socket,4,EA
3209,539,form_factor,M-ATX,
3210,539,chipset,A620A,
3211,539,m2_slots,2,EA
3212,539,max_ram_capacity_gb,256,GB
3213,540,cpu_socket,AM5,
3214,540,ram_type,DDR5,
3215,540,ram_socket,4,EA
3216,540,form_factor,ATX,
3217,540,chipset,X870,
3218,540,m2_slots,4,EA
3219,540,max_ram_capacity_gb,192,GB
3220,541,cpu_socket,AM5,
3221,541,ram_type,DDR5,
3222,541,ram_socket,4,EA
3223,541,form_factor,ATX,
3224,541,chipset,B850,
3225,541,m2_slots,3,EA
3226,541,max_ram_capacity_gb,192,GB
3227,542,cpu_socket,AM5,
3228,542,ram_type,DDR5,
3229,542,ram_socket,4,EA
3230,542,form_factor,ATX,
3231,542,chipset,X870E,
3232,542,m2_slots,4,EA
3233,542,max_ram_capacity_gb,256,GB
3234,543,cpu_socket,AM5,
3235,543,ram_type,DDR5,
3236,543,ram_socket,2,EA
3237,543,form_factor,ATX,
3238,543,chipset,X870E,
3239,543,m2_slots,5,EA
3240,543,max_ram_capacity_gb,128,GB
3241,544,cpu_socket,AM5,
3242,544,ram_type,DDR5,
3243,544,ram_socket,4,EA
3244,544,form_factor,M-ATX,
3245,544,chipset,B850,
3246,544,m2_slots,3,EA
3247,544,max_ram_capacity_gb,256,GB
3248,545,cpu_socket,AM5,
3249,545,ram_type,DDR5,
3250,545,ram_socket,4,EA
3251,545,form_factor,ATX,
3252,545,chipset,X870E,
3253,545,m2_slots,5,EA
3254,545,max_ram_capacity_gb,256,GB
3255,546,cpu_socket,AM5,
3256,546,ram_type,DDR5,
3257,546,ram_socket,4,EA
3258,546,form_factor,ATX,
3259,546,chipset,X870E,
3260,546,m2_slots,5,EA
3261,546,max_ram_capacity_gb,256,GB
3262,547,cpu_socket,AM5,
3263,547,ram_type,DDR5,
3264,547,ram_socket,4,EA
3265,547,form_factor,ATX,
3266,547,chipset,X870,
3267,547,m2_slots,4,EA
3268,547,max_ram_capacity_gb,256,GB
3269,548,cpu_socket,AM5,
3270,548,ram_type,DDR5,
3271,548,ram_socket,2,EA
3272,548,form_factor,M-ITX,
3273,548,chipset,X870,
3274,548,m2_slots,2,EA
3275,548,max_ram_capacity_gb,128,GB
3276,549,cpu_socket,AM5,
3277,549,ram_type,DDR5,
3278,549,ram_socket,4,EA
3279,549,form_factor,M-ATX,
3280,549,chipset,B850,
3281,549,m2_slots,2,EA
3282,549,max_ram_capacity_gb,256,GB
3283,550,cpu_socket,AM5,
3284,550,ram_type,DDR5,
3285,550,ram_socket,4,EA
3286,550,form_factor,ATX,
3287,550,chipset,B850,
3288,550,m2_slots,4,EA
3289,550,max_ram_capacity_gb,256,GB
3290,551,cpu_socket,AM5,
3291,551,ram_type,DDR5,
3292,551,ram_socket,4,EA
3293,551,form_factor,E-ATX,
3294,551,chipset,X870E,
3295,551,m2_slots,5,EA
3296,551,max_ram_capacity_gb,256,GB
3297,552,cpu_socket,AM5,
3298,552,ram_type,DDR5,
3299,552,ram_socket,4,EA
3300,552,form_factor,M-ATX,
3301,552,chipset,B850,
3302,552,m2_slots,3,EA
3303,552,max_ram_capacity_gb,256,GB
3304,553,cpu_socket,AM5,
3305,553,ram_type,DDR5,
3306,553,ram_socket,4,EA
3307,553,form_factor,ATX,
3308,553,chipset,X870E,
3309,553,m2_slots,5,EA
3310,553,max_ram_capacity_gb,256,GB
3311,554,cpu_socket,AM5,
3312,554,ram_type,DDR5,
3313,554,ram_socket,4,EA
3314,554,form_factor,ATX,
3315,554,chipset,B850,
3316,554,m2_slots,3,EA
3317,554,max_ram_capacity_gb,256,GB
3318,555,cpu_socket,AM5,
3319,555,ram_type,DDR5,
3320,555,ram_socket,4,EA
3321,555,form_factor,ATX,
3322,555,chipset,X870E,
3323,555,m2_slots,4,EA
3324,555,max_ram_capacity_gb,256,GB
3325,556,cpu_socket,AM5,
3326,556,ram_type,DDR5,
3327,556,ram_socket,4,EA
3328,556,form_factor,ATX,
3329,556,chipset,X870,
3330,556,m2_slots,4,EA
3331,556,max_ram_capacity_gb,256,GB
3332,557,cpu_socket,AM5,
3333,557,ram_type,DDR5,
3334,557,ram_socket,4,EA
3335,557,form_factor,M-ATX,
3336,557,chipset,B840,
3337,557,m2_slots,3,EA
3338,557,max_ram_capacity_gb,192,GB
3339,558,cpu_socket,AM5,
3340,558,ram_type,DDR5,
3341,558,ram_socket,4,EA
3342,558,form_factor,ATX,
3343,558,chipset,B850,
3344,558,m2_slots,4,EA
3345,558,max_ram_capacity_gb,256,GB
3346,559,cpu_socket,AM5,
3347,559,ram_type,DDR5,
3348,559,ram_socket,4,EA
3349,559,form_factor,ATX,
3350,559,chipset,X870E,
3351,559,m2_slots,5,EA
3352,559,max_ram_capacity_gb,256,GB
3353,560,cpu_socket,AM5,
3354,560,ram_type,DDR5,
3355,560,ram_socket,4,EA
3356,560,form_factor,M-ATX,
3357,560,chipset,B850,
3358,560,m2_slots,3,EA
3359,560,max_ram_capacity_gb,256,GB
3360,561,cpu_socket,AM5,
3361,561,ram_type,DDR5,
3362,561,ram_socket,4,EA
3363,561,form_factor,ATX,
3364,561,chipset,B850,
3365,561,m2_slots,4,EA
3366,561,max_ram_capacity_gb,256,GB
3367,562,cpu_socket,AM5,
3368,562,ram_type,DDR5,
3369,562,ram_socket,4,EA
3370,562,form_factor,M-ATX,
3371,562,chipset,B850,
3372,562,m2_slots,3,EA
3373,562,max_ram_capacity_gb,256,GB
3374,563,cpu_socket,AM5,
3375,563,ram_type,DDR5,
3376,563,ram_socket,4,EA
3377,563,form_factor,ATX,
3378,563,chipset,B850,
3379,563,m2_slots,5,EA
3380,563,max_ram_capacity_gb,256,GB
3381,564,cpu_socket,AM5,
3382,564,ram_type,DDR5,
3383,564,ram_socket,2,EA
3384,564,form_factor,M-ITX,
3385,564,chipset,B850,
3386,564,m2_slots,2,EA
3387,564,max_ram_capacity_gb,96,GB
3388,565,cpu_socket,AM5,
3389,565,ram_type,DDR5,
3390,565,ram_socket,4,EA
3391,565,form_factor,M-ATX,
3392,565,chipset,B850,
3393,565,m2_slots,3,EA
3394,565,max_ram_capacity_gb,256,GB
3395,566,cpu_socket,AM5,
3396,566,ram_type,DDR5,
3397,566,ram_socket,4,EA
3398,566,form_factor,ATX,
3399,566,chipset,B850,
3400,566,m2_slots,3,EA
3401,566,max_ram_capacity_gb,256,GB
3402,567,cpu_socket,AM5,
3403,567,ram_type,DDR5,
3404,567,ram_socket,4,EA
3405,567,form_factor,ATX,
3406,567,chipset,B650E,
3407,567,m2_slots,4,EA
3408,567,max_ram_capacity_gb,128,GB
3409,568,cpu_socket,AM5,
3410,568,ram_type,DDR5,
3411,568,ram_socket,4,EA
3412,568,form_factor,ATX,
3413,568,chipset,A620,
3414,568,m2_slots,2,EA
3415,568,max_ram_capacity_gb,192,GB
3416,569,cpu_socket,AM5,
3417,569,ram_type,DDR5,
3418,569,ram_socket,4,EA
3419,569,form_factor,ATX,
3420,569,chipset,B850,
3421,569,m2_slots,3,EA
3422,569,max_ram_capacity_gb,256,GB
3423,570,cpu_socket,AM5,
3424,570,ram_type,DDR5,
3425,570,ram_socket,4,EA
3426,570,form_factor,ATX,
3427,570,chipset,X870E,
3428,570,m2_slots,4,EA
3429,570,max_ram_capacity_gb,256,GB
3430,571,cpu_socket,AM5,
3431,571,ram_type,DDR5,
3432,571,ram_socket,4,EA
3433,571,form_factor,ATX,
3434,571,chipset,X870E,
3435,571,m2_slots,5,EA
3436,571,max_ram_capacity_gb,192,GB
3437,572,cpu_socket,AM5,
3438,572,ram_type,DDR5,
3439,572,ram_socket,4,EA
3440,572,form_factor,M-ATX,
3441,572,chipset,B850,
3442,572,m2_slots,3,EA
3443,572,max_ram_capacity_gb,192,GB
3444,573,cpu_socket,AM5,
3445,573,ram_type,DDR5,
3446,573,ram_socket,4,EA
3447,573,form_factor,ATX,
3448,573,chipset,X870,
3449,573,m2_slots,4,EA
3450,573,max_ram_capacity_gb,192,GB
3451,574,cpu_socket,AM5,
3452,574,ram_type,DDR5,
3453,574,ram_socket,4,EA
3454,574,form_factor,ATX,
3455,574,chipset,X870E,
3456,574,m2_slots,5,EA
3457,574,max_ram_capacity_gb,192,GB
3458,575,cpu_socket,AM5,
3459,575,ram_type,DDR5,
3460,575,ram_socket,4,EA
3461,575,form_factor,ATX,
3462,575,chipset,B850,
3463,575,m2_slots,3,EA
3464,575,max_ram_capacity_gb,256,GB
3465,576,cpu_socket,AM5,
3466,576,ram_type,DDR5,
3467,576,ram_socket,4,EA
3468,576,form_factor,M-ATX,
3469,576,chipset,B850,
3470,576,m2_slots,3,EA
3471,576,max_ram_capacity_gb,256,GB
3472,577,cpu_socket,AM5,
3473,577,ram_type,DDR5,
3474,577,ram_socket,4,EA
3475,577,form_factor,M-ATX,
3476,577,chipset,B850,
3477,577,m2_slots,3,EA
3478,577,max_ram_capacity_gb,256,GB
3479,578,cpu_socket,AM5,
3480,578,ram_type,DDR5,
3481,578,ram_socket,4,EA
3482,578,form_factor,M-ATX,
3483,578,chipset,B850,
3484,578,m2_slots,3,EA
3485,578,max_ram_capacity_gb,192,GB
3486,579,cpu_socket,AM5,
3487,579,ram_type,DDR5,
3488,579,ram_socket,4,EA
3489,579,form_factor,ATX,
3490,579,chipset,B850,
3491,579,m2_slots,5,EA
3492,579,max_ram_capacity_gb,192,GB
3493,580,cpu_socket,AM5,
3494,580,ram_type,DDR5,
3495,580,ram_socket,4,EA
3496,580,form_factor,M-ATX,
3497,580,chipset,B840,
3498,580,m2_slots,3,EA
3499,580,max_ram_capacity_gb,192,GB
3500,581,cpu_socket,AM5,
3501,581,ram_type,DDR5,
3502,581,ram_socket,4,EA
3503,581,form_factor,ATX,
3504,581,chipset,X870E,
3505,581,m2_slots,5,EA
3506,581,max_ram_capacity_gb,192,GB
3507,582,cpu_socket,AM5,
3508,582,ram_type,DDR5,
3509,582,ram_socket,4,EA
3510,582,form_factor,M-ATX,
3511,582,chipset,B850,
3512,582,m2_slots,4,EA
3513,582,max_ram_capacity_gb,256,GB
3514,583,cpu_socket,AM5,
3515,583,ram_type,DDR5,
3516,583,ram_socket,4,EA
3517,583,form_factor,ATX,
3518,583,chipset,B850,
3519,583,m2_slots,4,EA
3520,583,max_ram_capacity_gb,256,GB
3521,584,cpu_socket,AM5,
3522,584,ram_type,DDR5,
3523,584,ram_socket,2,EA
3524,584,form_factor,M-ITX,
3525,584,chipset,X870,
3526,584,m2_slots,2,EA
3527,584,max_ram_capacity_gb,128,GB
3528,585,cpu_socket,AM5,
3529,585,ram_type,DDR5,
3530,585,ram_socket,2,EA
3531,585,form_factor,M-ATX,
3532,585,chipset,A620,
3533,585,m2_slots,1,EA
3534,585,max_ram_capacity_gb,96,GB
3535,586,cpu_socket,AM5,
3536,586,ram_type,DDR5,
3537,586,ram_socket,4,EA
3538,586,form_factor,ATX,
3539,586,chipset,X870,
3540,586,m2_slots,4,EA
3541,586,max_ram_capacity_gb,192,GB
3542,587,cpu_socket,AM5,
3543,587,ram_type,DDR5,
3544,587,ram_socket,4,EA
3545,587,form_factor,ATX,
3546,587,chipset,X870,
3547,587,m2_slots,4,EA
3548,587,max_ram_capacity_gb,192,GB
3549,588,cpu_socket,AM5,
3550,588,ram_type,DDR5,
3551,588,ram_socket,4,EA
3552,588,form_factor,M-ATX,
3553,588,chipset,B840,
3554,588,m2_slots,3,EA
3555,588,max_ram_capacity_gb,192,GB
3556,589,cpu_socket,AM5,
3557,589,ram_type,DDR5,
3558,589,ram_socket,4,EA
3559,589,form_factor,ATX,
3560,589,chipset,B650E,
3561,589,m2_slots,3,EA
3562,589,max_ram_capacity_gb,128,GB
3563,590,cpu_socket,AM5,
3564,590,ram_type,DDR5,
3565,590,ram_socket,2,EA
3566,590,form_factor,M-ITX,
3567,590,chipset,B850,
3568,590,m2_slots,2,EA
3569,590,max_ram_capacity_gb,96,GB
3570,591,cpu_socket,AM5,
3571,591,ram_type,DDR5,
3572,591,ram_socket,4,EA
3573,591,form_factor,ATX,
3574,591,chipset,X870,
3575,591,m2_slots,4,EA
3576,591,max_ram_capacity_gb,192,GB
3577,592,cpu_socket,AM5,
3578,592,ram_type,DDR5,
3579,592,ram_socket,4,EA
3580,592,form_factor,ATX,
3581,592,chipset,X670E,
3582,592,m2_slots,4,EA
3583,592,max_ram_capacity_gb,128,GB
3584,593,cpu_socket,AM5,
3585,593,ram_type,DDR5,
3586,593,ram_socket,4,EA
3587,593,form_factor,M-ATX,
3588,593,chipset,B840,
3589,593,m2_slots,3,EA
3590,593,max_ram_capacity_gb,192,GB
3591,594,cpu_socket,AM5,
3592,594,ram_type,DDR5,
3593,594,ram_socket,4,EA
3594,594,form_factor,M-ATX,
3595,594,chipset,B650,
3596,594,m2_slots,3,EA
3597,594,max_ram_capacity_gb,256,GB
3598,595,cpu_socket,AM5,
3599,595,ram_type,DDR5,
3600,595,ram_socket,2,EA
3601,595,form_factor,M-ATX,
3602,595,chipset,A620A,
3603,595,m2_slots,1,EA
3604,595,max_ram_capacity_gb,128,GB
3605,596,cpu_socket,AM5,
3606,596,ram_type,DDR5,
3607,596,ram_socket,4,EA
3608,596,form_factor,ATX,
3609,596,chipset,B650,
3610,596,m2_slots,3,EA
3611,596,max_ram_capacity_gb,128,GB
3612,597,cpu_socket,AM5,
3613,597,ram_type,DDR5,
3614,597,ram_socket,4,EA
3615,597,form_factor,M-ATX,
3616,597,chipset,B850,
3617,597,m2_slots,3,EA
3618,597,max_ram_capacity_gb,192,GB
3619,598,cpu_socket,AM5,
3620,598,ram_type,DDR5,
3621,598,ram_socket,4,EA
3622,598,form_factor,M-ATX,
3623,598,chipset,B850,
3624,598,m2_slots,3,EA
3625,598,max_ram_capacity_gb,256,GB
3626,599,cpu_socket,AM5,
3627,599,ram_type,DDR5,
3628,599,ram_socket,4,EA
3629,599,form_factor,M-ATX,
3630,599,chipset,B650,
3631,599,m2_slots,3,EA
3632,599,max_ram_capacity_gb,256,GB
3633,600,cpu_socket,AM5,
3634,600,ram_type,DDR5,
3635,600,ram_socket,4,EA
3636,600,form_factor,M-ATX,
3637,600,chipset,A620,
3638,600,m2_slots,2,EA
3639,600,max_ram_capacity_gb,128,GB
3640,601,cpu_socket,AM5,
3641,601,ram_type,DDR5,
3642,601,ram_socket,4,EA
3643,601,form_factor,M-ATX,
3644,601,chipset,B840,
3645,601,m2_slots,3,EA
3646,601,max_ram_capacity_gb,192,GB
3647,602,cpu_socket,AM5,
3648,602,ram_type,DDR5,
3649,602,ram_socket,4,EA
3650,602,form_factor,ATX,
3651,602,chipset,B850,
3652,602,m2_slots,4,EA
3653,602,max_ram_capacity_gb,256,GB
3654,603,cpu_socket,AM5,
3655,603,ram_type,DDR5,
3656,603,ram_socket,4,EA
3657,603,form_factor,M-ATX,
3658,603,chipset,B850,
3659,603,m2_slots,3,EA
3660,603,max_ram_capacity_gb,256,GB
3661,604,cpu_socket,AM5,
3662,604,ram_type,DDR5,
3663,604,ram_socket,4,EA
3664,604,form_factor,ATX,
3665,604,chipset,X870E,
3666,604,m2_slots,5,EA
3667,604,max_ram_capacity_gb,192,GB
3668,605,cpu_socket,AM5,
3669,605,ram_type,DDR5,
3670,605,ram_socket,4,EA
3671,605,form_factor,M-ATX,
3672,605,chipset,A620A,
3673,605,m2_slots,2,EA
3674,605,max_ram_capacity_gb,256,GB
3675,606,cpu_socket,AM5,
3676,606,ram_type,DDR5,
3677,606,ram_socket,4,EA
3678,606,form_factor,ATX,
3679,606,chipset,X870,
3680,606,m2_slots,4,EA
3681,606,max_ram_capacity_gb,192,GB
3682,607,cpu_socket,AM5,
3683,607,ram_type,DDR5,
3684,607,ram_socket,4,EA
3685,607,form_factor,ATX,
3686,607,chipset,B650,
3687,607,m2_slots,3,EA
3688,607,max_ram_capacity_gb,128,GB
3689,608,cpu_socket,AM5,
3690,608,ram_type,DDR5,
3691,608,ram_socket,4,EA
3692,608,form_factor,ATX,
3693,608,chipset,X870,
3694,608,m2_slots,4,EA
3695,608,max_ram_capacity_gb,192,GB
3696,609,cpu_socket,AM5,
3697,609,ram_type,DDR5,
3698,609,ram_socket,4,EA
3699,609,form_factor,ATX,
3700,609,chipset,B850,
3701,609,m2_slots,4,EA
3702,609,max_ram_capacity_gb,192,GB
3703,610,cpu_socket,AM5,
3704,610,ram_type,DDR5,
3705,610,ram_socket,4,EA
3706,610,form_factor,ATX,
3707,610,chipset,X670E,
3708,610,m2_slots,4,EA
3709,610,max_ram_capacity_gb,128,GB
3710,611,cpu_socket,AM5,
3711,611,ram_type,DDR5,
3712,611,ram_socket,4,EA
3713,611,form_factor,M-ATX,
3714,611,chipset,B650,
3715,611,m2_slots,2,EA
3716,611,max_ram_capacity_gb,192,GB
3717,612,cpu_socket,AM5,
3718,612,ram_type,DDR5,
3719,612,ram_socket,4,EA
3720,612,form_factor,M-ATX,
3721,612,chipset,B650,
3722,612,m2_slots,2,EA
3723,612,max_ram_capacity_gb,128,GB
3724,613,cpu_socket,AM5,
3725,613,ram_type,DDR5,
3726,613,ram_socket,4,EA
3727,613,form_factor,ATX,
3728,613,chipset,X870,
3729,613,m2_slots,4,EA
3730,613,max_ram_capacity_gb,192,GB
3731,614,cpu_socket,AM5,
3732,614,ram_type,DDR5,
3733,614,ram_socket,4,EA
3734,614,form_factor,M-ATX,
3735,614,chipset,B650,
3736,614,m2_slots,2,EA
3737,614,max_ram_capacity_gb,192,GB
3738,615,cpu_socket,AM5,
3739,615,ram_type,DDR5,
3740,615,ram_socket,4,EA
3741,615,form_factor,ATX,
3742,615,chipset,X870,
3743,615,m2_slots,4,EA
3744,615,max_ram_capacity_gb,192,GB
3745,616,cpu_socket,AM5,
3746,616,ram_type,DDR5,
3747,616,ram_socket,4,EA
3748,616,form_factor,ATX,
3749,616,chipset,X870,
3750,616,m2_slots,4,EA
3751,616,max_ram_capacity_gb,192,GB
3752,617,cpu_socket,AM5,
3753,617,ram_type,DDR5,
3754,617,ram_socket,4,EA
3755,617,form_factor,ATX,
3756,617,chipset,B840,
3757,617,m2_slots,3,EA
3758,617,max_ram_capacity_gb,192,GB
3759,618,cpu_socket,AM5,
3760,618,ram_type,DDR5,
3761,618,ram_socket,4,EA
3762,618,form_factor,ATX,
3763,618,chipset,B650,
3764,618,m2_slots,3,EA
3765,618,max_ram_capacity_gb,128,GB
3766,619,cpu_socket,AM5,
3767,619,ram_type,DDR5,
3768,619,ram_socket,4,EA
3769,619,form_factor,ATX,
3770,619,chipset,X670E,
3771,619,m2_slots,4,EA
3772,619,max_ram_capacity_gb,128,GB
3773,620,cpu_socket,AM5,
3774,620,ram_type,DDR5,
3775,620,ram_socket,4,EA
3776,620,form_factor,ATX,
3777,620,chipset,X870E,
3778,620,m2_slots,4,EA
3779,620,max_ram_capacity_gb,256,GB
3780,621,cpu_socket,AM5,
3781,621,ram_type,DDR5,
3782,621,ram_socket,4,EA
3783,621,form_factor,ATX,
3784,621,chipset,X870,
3785,621,m2_slots,4,EA
3786,621,max_ram_capacity_gb,192,GB
3787,622,cpu_socket,AM5,
3788,622,ram_type,DDR5,
3789,622,ram_socket,4,EA
3790,622,form_factor,M-ATX,
3791,622,chipset,A620,
3792,622,m2_slots,2,EA
3793,622,max_ram_capacity_gb,128,GB
3794,623,cpu_socket,AM5,
3795,623,ram_type,DDR5,
3796,623,ram_socket,4,EA
3797,623,form_factor,ATX,
3798,623,chipset,B650,
3799,623,m2_slots,2,EA
3800,623,max_ram_capacity_gb,128,GB
3801,624,cpu_socket,AM5,
3802,624,ram_type,DDR5,
3803,624,ram_socket,4,EA
3804,624,form_factor,M-ATX,
3805,624,chipset,B850,
3806,624,m2_slots,3,EA
3807,624,max_ram_capacity_gb,192,GB
3808,625,cpu_socket,AM5,
3809,625,ram_type,DDR5,
3810,625,ram_socket,4,EA
3811,625,form_factor,M-ATX,
3812,625,chipset,A620,
3813,625,m2_slots,2,EA
3814,625,max_ram_capacity_gb,128,GB
3815,626,cpu_socket,AM5,
3816,626,ram_type,DDR5,
3817,626,ram_socket,4,EA
3818,626,form_factor,M-ATX,
3819,626,chipset,B850,
3820,626,m2_slots,3,EA
3821,626,max_ram_capacity_gb,192,GB
3822,627,cpu_socket,AM5,
3823,627,ram_type,DDR5,
3824,627,ram_socket,4,EA
3825,627,form_factor,M-ATX,
3826,627,chipset,B850,
3827,627,m2_slots,3,EA
3828,627,max_ram_capacity_gb,256,GB
3829,628,cpu_socket,AM5,
3830,628,ram_type,DDR5,
3831,628,ram_socket,4,EA
3832,628,form_factor,ATX,
3833,628,chipset,B850,
3834,628,m2_slots,4,EA
3835,628,max_ram_capacity_gb,192,GB
3836,629,cpu_socket,AM5,
3837,629,ram_type,DDR5,
3838,629,ram_socket,4,EA
3839,629,form_factor,ATX,
3840,629,chipset,B850,
3841,629,m2_slots,4,EA
3842,629,max_ram_capacity_gb,192,GB
3843,630,cpu_socket,AM5,
3844,630,ram_type,DDR5,
3845,630,ram_socket,4,EA
3846,630,form_factor,M-ATX,
3847,630,chipset,B650,
3848,630,m2_slots,2,EA
3849,630,max_ram_capacity_gb,128,GB
3850,631,cpu_socket,AM5,
3851,631,ram_type,DDR5,
3852,631,ram_socket,4,EA
3853,631,form_factor,ATX,
3854,631,chipset,B650,
3855,631,m2_slots,3,EA
3856,631,max_ram_capacity_gb,128,GB
3857,632,cpu_socket,AM5,
3858,632,ram_type,DDR5,
3859,632,ram_socket,4,EA
3860,632,form_factor,M-ATX,
3861,632,chipset,B650,
3862,632,m2_slots,2,EA
3863,632,max_ram_capacity_gb,128,GB
3864,633,cpu_socket,AM5,
3865,633,ram_type,DDR5,
3866,633,ram_socket,4,EA
3867,633,form_factor,M-ATX,
3868,633,chipset,A620,
3869,633,m2_slots,2,EA
3870,633,max_ram_capacity_gb,128,GB
3871,634,cpu_socket,AM5,
3872,634,ram_type,DDR5,
3873,634,ram_socket,4,EA
3874,634,form_factor,M-ATX,
3875,634,chipset,A620,
3876,634,m2_slots,2,EA
3877,634,max_ram_capacity_gb,128,GB
3878,635,cpu_socket,AM5,
3879,635,ram_type,DDR5,
3880,635,ram_socket,4,EA
3881,635,form_factor,ATX,
3882,635,chipset,B850,
3883,635,m2_slots,4,EA
3884,635,max_ram_capacity_gb,192,GB
3885,636,cpu_socket,AM5,
3886,636,ram_type,DDR5,
3887,636,ram_socket,4,EA
3888,636,form_factor,M-ATX,
3889,636,chipset,A620,
3890,636,m2_slots,2,EA
3891,636,max_ram_capacity_gb,128,GB
3892,637,cpu_socket,AM5,
3893,637,ram_type,DDR5,
3894,637,ram_socket,4,EA
3895,637,form_factor,ATX,
3896,637,chipset,X870E,
3897,637,m2_slots,5,EA
3898,637,max_ram_capacity_gb,256,GB
3899,638,cpu_socket,AM5,
3900,638,ram_type,DDR5,
3901,638,ram_socket,4,EA
3902,638,form_factor,M-ATX,
3903,638,chipset,B650,
3904,638,m2_slots,3,EA
3905,638,max_ram_capacity_gb,256,GB
3906,639,cpu_socket,AM5,
3907,639,ram_type,DDR5,
3908,639,ram_socket,4,EA
3909,639,form_factor,ATX,
3910,639,chipset,B850,
3911,639,m2_slots,3,EA
3912,639,max_ram_capacity_gb,256,GB
3913,640,cpu_socket,AM5,
3914,640,ram_type,DDR5,
3915,640,ram_socket,4,EA
3916,640,form_factor,ATX,
3917,640,chipset,X870E,
3918,640,m2_slots,5,EA
3919,640,max_ram_capacity_gb,256,GB
3920,641,cpu_socket,AM5,
3921,641,ram_type,DDR5,
3922,641,ram_socket,4,EA
3923,641,form_factor,ATX,
3924,641,chipset,B850,
3925,641,m2_slots,4,EA
3926,641,max_ram_capacity_gb,256,GB
3927,642,cpu_socket,AM5,
3928,642,ram_type,DDR5,
3929,642,ram_socket,4,EA
3930,642,form_factor,ATX,
3931,642,chipset,B850,
3932,642,m2_slots,4,EA
3933,642,max_ram_capacity_gb,256,GB
3934,643,cpu_socket,AM5,
3935,643,ram_type,DDR5,
3936,643,ram_socket,4,EA
3937,643,form_factor,ATX,
3938,643,chipset,B850,
3939,643,m2_slots,4,EA
3940,643,max_ram_capacity_gb,256,GB
3941,644,cpu_socket,AM5,
3942,644,ram_type,DDR5,
3943,644,ram_socket,4,EA
3944,644,form_factor,ATX,
3945,644,chipset,B850,
3946,644,m2_slots,3,EA
3947,644,max_ram_capacity_gb,256,GB
3948,645,cpu_socket,AM5,
3949,645,ram_type,DDR5,
3950,645,ram_socket,4,EA
3951,645,form_factor,ATX,
3952,645,chipset,X870E,
3953,645,m2_slots,4,EA
3954,645,max_ram_capacity_gb,256,GB
3955,646,cpu_socket,LGA1200,
3956,646,ram_type,DDR4,
3957,646,ram_socket,2,EA
3958,646,form_factor,M-ATX,
3959,646,chipset,H470,
3960,646,m2_slots,1,EA
3961,646,max_ram_capacity_gb,64,GB
3962,647,cpu_socket,LGA1200,
3963,647,ram_type,DDR4,
3964,647,ram_socket,2,EA
3965,647,form_factor,M-ITX,
3966,647,chipset,C252,
3967,647,m2_slots,1,EA
3968,647,max_ram_capacity_gb,64,GB
3969,648,cpu_socket,LGA1200,
3970,648,ram_type,DDR4,
3971,648,ram_socket,4,EA
3972,648,form_factor,ATX,
3973,648,chipset,Z590,
3974,648,m2_slots,3,EA
3975,648,max_ram_capacity_gb,128,GB
3976,649,cpu_socket,LGA1200,
3977,649,ram_type,DDR4,
3978,649,ram_socket,2,EA
3979,649,form_factor,M-ATX,
3980,649,chipset,H510,
3981,649,m2_slots,1,EA
3982,649,max_ram_capacity_gb,64,GB
3983,650,cpu_socket,LGA1200,
3984,650,ram_type,DDR4,
3985,650,ram_socket,4,EA
3986,650,form_factor,ATX,
3987,650,chipset,Z590,
3988,650,m2_slots,4,EA
3989,650,max_ram_capacity_gb,64,GB
3990,651,cpu_socket,LGA1200,
3991,651,ram_type,DDR4,
3992,651,ram_socket,2,EA
3993,651,form_factor,M-ATX,
3994,651,chipset,H410,
3995,651,m2_slots,1,EA
3996,651,max_ram_capacity_gb,64,GB
3997,652,cpu_socket,LGA1200,
3998,652,ram_type,DDR4,
3999,652,ram_socket,4,EA
4000,652,form_factor,M-ATX,
4001,652,chipset,B560,
4002,652,m2_slots,2,EA
4003,652,max_ram_capacity_gb,128,GB
4004,653,cpu_socket,LGA1200,
4005,653,ram_type,DDR4,
4006,653,ram_socket,4,EA
4007,653,form_factor,ATX,
4008,653,chipset,Z490,
4009,653,m2_slots,2,EA
4010,653,max_ram_capacity_gb,128,GB
4011,654,cpu_socket,LGA1200,
4012,654,ram_type,DDR4,
4013,654,ram_socket,2,EA
4014,654,form_factor,M-ATX,
4015,654,chipset,H470,
4016,654,m2_slots,1,EA
4017,654,max_ram_capacity_gb,64,GB
4018,655,cpu_socket,LGA1200,
4019,655,ram_type,DDR4,
4020,655,ram_socket,4,EA
4021,655,form_factor,ATX,
4022,655,chipset,B560,
4023,655,m2_slots,2,EA
4024,655,max_ram_capacity_gb,128,GB
4025,656,cpu_socket,LGA1200,
4026,656,ram_type,DDR4,
4027,656,ram_socket,4,EA
4028,656,form_factor,ATX,
4029,656,chipset,Z590,
4030,656,m2_slots,4,EA
4031,656,max_ram_capacity_gb,128,GB
4032,657,cpu_socket,LGA1200,
4033,657,ram_type,DDR4,
4034,657,ram_socket,4,EA
4035,657,form_factor,M-ATX,
4036,657,chipset,B560,
4037,657,m2_slots,2,EA
4038,657,max_ram_capacity_gb,128,GB
4039,658,cpu_socket,LGA1700,
4040,658,ram_type,DDR4,
4041,658,ram_socket,2,EA
4042,658,form_factor,M-ATX,
4043,658,chipset,H610,
4044,658,m2_slots,1,EA
4045,658,max_ram_capacity_gb,64,GB
4046,659,cpu_socket,LGA1700,
4047,659,ram_type,DDR4,
4048,659,ram_socket,4,EA
4049,659,form_factor,M-ATX,
4050,659,chipset,B760,
4051,659,m2_slots,2,EA
4052,659,max_ram_capacity_gb,128,GB
4053,660,cpu_socket,LGA1700,
4054,660,ram_type,DDR4,
4055,660,ram_socket,2,EA
4056,660,form_factor,M-ATX,
4057,660,chipset,H610,
4058,660,m2_slots,1,EA
4059,660,max_ram_capacity_gb,64,GB
4060,661,cpu_socket,LGA1700,
4061,661,ram_type,DDR5,
4062,661,ram_socket,4,EA
4063,661,form_factor,ATX,
4064,661,chipset,Z790,
4065,661,m2_slots,3,EA
4066,661,max_ram_capacity_gb,128,GB
4067,662,cpu_socket,LGA1700,
4068,662,ram_type,DDR5,
4069,662,ram_socket,4,EA
4070,662,form_factor,M-ATX,
4071,662,chipset,B760,
4072,662,m2_slots,2,EA
4073,662,max_ram_capacity_gb,192,GB
4074,663,cpu_socket,LGA1700,
4075,663,ram_type,DDR5,
4076,663,ram_socket,4,EA
4077,663,form_factor,M-ATX,
4078,663,chipset,B760,
4079,663,m2_slots,2,EA
4080,663,max_ram_capacity_gb,128,GB
4081,664,cpu_socket,LGA1700,
4082,664,ram_type,DDR5,
4083,664,ram_socket,4,EA
4084,664,form_factor,ATX,
4085,664,chipset,Z790,
4086,664,m2_slots,3,EA
4087,664,max_ram_capacity_gb,128,GB
4088,665,cpu_socket,LGA1700,
4089,665,ram_type,DDR4,
4090,665,ram_socket,2,EA
4091,665,form_factor,M-ITX,
4092,665,chipset,H610,
4093,665,m2_slots,1,EA
4094,665,max_ram_capacity_gb,64,GB
4095,666,cpu_socket,LGA1700,
4096,666,ram_type,DDR4,
4097,666,ram_socket,2,EA
4098,666,form_factor,M-ATX,
4099,666,chipset,H610,
4100,666,m2_slots,2,EA
4101,666,max_ram_capacity_gb,64,GB
4102,667,cpu_socket,LGA1700,
4103,667,ram_type,DDR5,
4104,667,ram_socket,4,EA
4105,667,form_factor,M-ATX,
4106,667,chipset,B760,
4107,667,m2_slots,3,EA
4108,667,max_ram_capacity_gb,192,GB
4109,668,cpu_socket,LGA1700,
4110,668,ram_type,DDR5,
4111,668,ram_socket,4,EA
4112,668,form_factor,ATX,
4113,668,chipset,B760,
4114,668,m2_slots,3,EA
4115,668,max_ram_capacity_gb,128,GB
4116,669,cpu_socket,LGA1700,
4117,669,ram_type,DDR5,
4118,669,ram_socket,4,EA
4119,669,form_factor,M-ATX,
4120,669,chipset,B760,
4121,669,m2_slots,2,EA
4122,669,max_ram_capacity_gb,192,GB
4123,670,cpu_socket,LGA1700,
4124,670,ram_type,DDR4,
4125,670,ram_socket,2,EA
4126,670,form_factor,M-ATX,
4127,670,chipset,B760,
4128,670,m2_slots,2,EA
4129,670,max_ram_capacity_gb,64,GB
4130,671,cpu_socket,LGA1700,
4131,671,ram_type,DDR5,
4132,671,ram_socket,2,EA
4133,671,form_factor,ATX,
4134,671,chipset,Z790,
4135,671,m2_slots,5,EA
4136,671,max_ram_capacity_gb,96,GB
4137,672,cpu_socket,LGA1700,
4138,672,ram_type,DDR5,
4139,672,ram_socket,4,EA
4140,672,form_factor,ATX,
4141,672,chipset,B760,
4142,672,m2_slots,3,EA
4143,672,max_ram_capacity_gb,128,GB
4144,673,cpu_socket,LGA1700,
4145,673,ram_type,DDR4,
4146,673,ram_socket,2,EA
4147,673,form_factor,M-ATX,
4148,673,chipset,B760,
4149,673,m2_slots,2,EA
4150,673,max_ram_capacity_gb,64,GB
4151,674,cpu_socket,LGA1700,
4152,674,ram_type,DDR5,
4153,674,ram_socket,2,EA
4154,674,form_factor,M-ITX,
4155,674,chipset,B760,
4156,674,m2_slots,2,EA
4157,674,max_ram_capacity_gb,64,GB
4158,675,cpu_socket,LGA1700,
4159,675,ram_type,DDR5,
4160,675,ram_socket,4,EA
4161,675,form_factor,ATX,
4162,675,chipset,Z790,
4163,675,m2_slots,3,EA
4164,675,max_ram_capacity_gb,128,GB
4165,676,cpu_socket,LGA1700,
4166,676,ram_type,DDR5,
4167,676,ram_socket,4,EA
4168,676,form_factor,ATX,
4169,676,chipset,W680,
4170,676,m2_slots,3,EA
4171,676,max_ram_capacity_gb,128,GB
4172,677,cpu_socket,LGA1700,
4173,677,ram_type,DDR4,
4174,677,ram_socket,4,EA
4175,677,form_factor,M-ATX,
4176,677,chipset,B660,
4177,677,m2_slots,2,EA
4178,677,max_ram_capacity_gb,128,GB
4179,678,cpu_socket,LGA1700,
4180,678,ram_type,DDR5,
4181,678,ram_socket,2,EA
4182,678,form_factor,M-ATX,
4183,678,chipset,H610,
4184,678,m2_slots,1,EA
4185,678,max_ram_capacity_gb,96,GB
4186,679,cpu_socket,LGA1700,
4187,679,ram_type,DDR5,
4188,679,ram_socket,2,EA
4189,679,form_factor,M-ITX,
4190,679,chipset,H610,
4191,679,m2_slots,1,EA
4192,679,max_ram_capacity_gb,96,GB
4193,680,cpu_socket,LGA1700,
4194,680,ram_type,DDR4,
4195,680,ram_socket,2,EA
4196,680,form_factor,M-ATX,
4197,680,chipset,B760,
4198,680,m2_slots,2,EA
4199,680,max_ram_capacity_gb,64,GB
4200,681,cpu_socket,LGA1700,
4201,681,ram_type,DDR5,
4202,681,ram_socket,2,EA
4203,681,form_factor,M-ATX,
4204,681,chipset,B760,
4205,681,m2_slots,2,EA
4206,681,max_ram_capacity_gb,96,GB
4207,682,cpu_socket,LGA1700,
4208,682,ram_type,DDR5,
4209,682,ram_socket,4,EA
4210,682,form_factor,M-ATX,
4211,682,chipset,Z790,
4212,682,m2_slots,3,EA
4213,682,max_ram_capacity_gb,128,GB
4214,683,cpu_socket,LGA1700,
4215,683,ram_type,DDR5,
4216,683,ram_socket,4,EA
4217,683,form_factor,M-ATX,
4218,683,chipset,B760,
4219,683,m2_slots,2,EA
4220,683,max_ram_capacity_gb,128,GB
4221,684,cpu_socket,LGA1700,
4222,684,ram_type,DDR5,
4223,684,ram_socket,4,EA
4224,684,form_factor,M-ATX,
4225,684,chipset,B760,
4226,684,m2_slots,2,EA
4227,684,max_ram_capacity_gb,128,GB
4228,685,cpu_socket,LGA1700,
4229,685,ram_type,DDR5,
4230,685,ram_socket,4,EA
4231,685,form_factor,ATX,
4232,685,chipset,W680,
4233,685,m2_slots,3,EA
4234,685,max_ram_capacity_gb,128,GB
4235,686,cpu_socket,LGA1700,
4236,686,ram_type,DDR5,
4237,686,ram_socket,4,EA
4238,686,form_factor,M-ATX,
4239,686,chipset,B760,
4240,686,m2_slots,2,EA
4241,686,max_ram_capacity_gb,128,GB
4242,687,cpu_socket,LGA1700,
4243,687,ram_type,DDR5,
4244,687,ram_socket,2,EA
4245,687,form_factor,M-ATX,
4246,687,chipset,H610,
4247,687,m2_slots,2,EA
4248,687,max_ram_capacity_gb,96,GB
4249,688,cpu_socket,LGA1700,
4250,688,ram_type,DDR5,
4251,688,ram_socket,2,EA
4252,688,form_factor,M-ATX,
4253,688,chipset,B760,
4254,688,m2_slots,2,EA
4255,688,max_ram_capacity_gb,96,GB
4256,689,cpu_socket,LGA1700,
4257,689,ram_type,DDR5,
4258,689,ram_socket,2,EA
4259,689,form_factor,M-ATX,
4260,689,chipset,H610,
4261,689,m2_slots,1,EA
4262,689,max_ram_capacity_gb,96,GB
4263,690,cpu_socket,LGA1700,
4264,690,ram_type,DDR5,
4265,690,ram_socket,4,EA
4266,690,form_factor,ATX,
4267,690,chipset,C266,
4268,690,m2_slots,2,EA
4269,690,max_ram_capacity_gb,128,GB
4270,691,cpu_socket,LGA1700,
4271,691,ram_type,DDR5,
4272,691,ram_socket,4,EA
4273,691,form_factor,M-ATX,
4274,691,chipset,C262,
4275,691,m2_slots,1,EA
4276,691,max_ram_capacity_gb,128,GB
4277,692,cpu_socket,LGA1700,
4278,692,ram_type,DDR5,
4279,692,ram_socket,4,EA
4280,692,form_factor,E-ATX,
4281,692,chipset,Z690,
4282,692,m2_slots,5,EA
4283,692,max_ram_capacity_gb,128,GB
4284,693,cpu_socket,LGA1700,
4285,693,ram_type,DDR5,
4286,693,ram_socket,4,EA
4287,693,form_factor,M-ATX,
4288,693,chipset,B760,
4289,693,m2_slots,2,EA
4290,693,max_ram_capacity_gb,192,GB
4291,694,cpu_socket,LGA1700,
4292,694,ram_type,DDR5,
4293,694,ram_socket,2,EA
4294,694,form_factor,M-ATX,
4295,694,chipset,B760,
4296,694,m2_slots,2,EA
4297,694,max_ram_capacity_gb,64,GB
4298,695,cpu_socket,LGA1700,
4299,695,ram_type,DDR4,
4300,695,ram_socket,2,EA
4301,695,form_factor,M-ATX,
4302,695,chipset,B760,
4303,695,m2_slots,2,EA
4304,695,max_ram_capacity_gb,64,GB
4305,696,cpu_socket,LGA1700,
4306,696,ram_type,DDR5,
4307,696,ram_socket,4,EA
4308,696,form_factor,ATX,
4309,696,chipset,B760,
4310,696,m2_slots,3,EA
4311,696,max_ram_capacity_gb,128,GB
4312,697,cpu_socket,LGA1700,
4313,697,ram_type,DDR5,
4314,697,ram_socket,2,EA
4315,697,form_factor,M-ATX,
4316,697,chipset,H610,
4317,697,m2_slots,2,EA
4318,697,max_ram_capacity_gb,96,GB
4319,698,cpu_socket,LGA1700,
4320,698,ram_type,DDR5,
4321,698,ram_socket,2,EA
4322,698,form_factor,M-ITX,
4323,698,chipset,B760,
4324,698,m2_slots,2,EA
4325,698,max_ram_capacity_gb,64,GB
4326,699,cpu_socket,LGA1700,
4327,699,ram_type,DDR5,
4328,699,ram_socket,2,EA
4329,699,form_factor,M-ATX,
4330,699,chipset,H610,
4331,699,m2_slots,1,EA
4332,699,max_ram_capacity_gb,96,GB
4333,700,cpu_socket,LGA1700,
4334,700,ram_type,DDR5,
4335,700,ram_socket,4,EA
4336,700,form_factor,ATX,
4337,700,chipset,B760,
4338,700,m2_slots,3,EA
4339,700,max_ram_capacity_gb,128,GB
4340,701,cpu_socket,LGA1700,
4341,701,ram_type,DDR5,
4342,701,ram_socket,4,EA
4343,701,form_factor,ATX,
4344,701,chipset,Z790,
4345,701,m2_slots,3,EA
4346,701,max_ram_capacity_gb,128,GB
4347,702,cpu_socket,LGA1700,
4348,702,ram_type,DDR5,
4349,702,ram_socket,4,EA
4350,702,form_factor,M-ATX,
4351,702,chipset,B760,
4352,702,m2_slots,2,EA
4353,702,max_ram_capacity_gb,192,GB
4354,703,cpu_socket,LGA1700,
4355,703,ram_type,DDR5,
4356,703,ram_socket,2,EA
4357,703,form_factor,M-ATX,
4358,703,chipset,H610,
4359,703,m2_slots,1,EA
4360,703,max_ram_capacity_gb,96,GB
4361,704,cpu_socket,LGA1700,
4362,704,ram_type,DDR5,
4363,704,ram_socket,4,EA
4364,704,form_factor,ATX,
4365,704,chipset,B760,
4366,704,m2_slots,3,EA
4367,704,max_ram_capacity_gb,128,GB
4368,705,cpu_socket,LGA1700,
4369,705,ram_type,DDR5,
4370,705,ram_socket,4,EA
4371,705,form_factor,M-ATX,
4372,705,chipset,B760,
4373,705,m2_slots,2,EA
4374,705,max_ram_capacity_gb,192,GB
4375,706,cpu_socket,LGA1700,
4376,706,ram_type,DDR4,
4377,706,ram_socket,4,EA
4378,706,form_factor,M-ATX,
4379,706,chipset,B760,
4380,706,m2_slots,2,EA
4381,706,max_ram_capacity_gb,128,GB
4382,707,cpu_socket,LGA1700,
4383,707,ram_type,DDR5,
4384,707,ram_socket,4,EA
4385,707,form_factor,M-ATX,
4386,707,chipset,B760,
4387,707,m2_slots,2,EA
4388,707,max_ram_capacity_gb,256,GB
4389,708,cpu_socket,LGA1700,
4390,708,ram_type,DDR5,
4391,708,ram_socket,4,EA
4392,708,form_factor,E-ATX,
4393,708,chipset,Z690,
4394,708,m2_slots,5,EA
4395,708,max_ram_capacity_gb,128,GB
4396,709,cpu_socket,LGA1700,
4397,709,ram_type,DDR5,
4398,709,ram_socket,2,EA
4399,709,form_factor,M-ITX,
4400,709,chipset,H610,
4401,709,m2_slots,1,EA
4402,709,max_ram_capacity_gb,64,GB
4403,710,cpu_socket,LGA1700,
4404,710,ram_type,DDR4,
4405,710,ram_socket,2,EA
4406,710,form_factor,M-ATX,
4407,710,chipset,H610,
4408,710,m2_slots,1,EA
4409,710,max_ram_capacity_gb,64,GB
4410,711,cpu_socket,LGA1700,
4411,711,ram_type,DDR5,
4412,711,ram_socket,4,EA
4413,711,form_factor,ATX,
4414,711,chipset,Z790,
4415,711,m2_slots,3,EA
4416,711,max_ram_capacity_gb,128,GB
4417,712,cpu_socket,LGA1700,
4418,712,ram_type,DDR5,
4419,712,ram_socket,4,EA
4420,712,form_factor,ATX,
4421,712,chipset,C266,
4422,712,m2_slots,2,EA
4423,712,max_ram_capacity_gb,128,GB
4424,713,cpu_socket,LGA1700,
4425,713,ram_type,DDR4,
4426,713,ram_socket,2,EA
4427,713,form_factor,M-ATX,
4428,713,chipset,H610,
4429,713,m2_slots,2,EA
4430,713,max_ram_capacity_gb,64,GB
4431,714,cpu_socket,LGA1851,
4432,714,ram_type,DDR5,
4433,714,ram_socket,4,EA
4434,714,form_factor,M-ATX,
4435,714,chipset,B860,
4436,714,m2_slots,4,EA
4437,714,max_ram_capacity_gb,192,GB
4438,715,cpu_socket,LGA1851,
4439,715,ram_type,DDR5,
4440,715,ram_socket,4,EA
4441,715,form_factor,M-ATX,
4442,715,chipset,B860,
4443,715,m2_slots,2,EA
4444,715,max_ram_capacity_gb,192,GB
4445,716,cpu_socket,LGA1851,
4446,716,ram_type,DDR5,
4447,716,ram_socket,4,EA
4448,716,form_factor,ATX,
4449,716,chipset,B860,
4450,716,m2_slots,3,EA
4451,716,max_ram_capacity_gb,256,GB
4452,717,cpu_socket,LGA1851,
4453,717,ram_type,DDR5,
4454,717,ram_socket,2,EA
4455,717,form_factor,M-ATX,
4456,717,chipset,H810,
4457,717,m2_slots,1,EA
4458,717,max_ram_capacity_gb,128,GB
4459,718,cpu_socket,LGA1851,
4460,718,ram_type,DDR5,
4461,718,ram_socket,2,EA
4462,718,form_factor,M-ATX,
4463,718,chipset,B860,
4464,718,m2_slots,2,EA
4465,718,max_ram_capacity_gb,128,GB
4466,719,cpu_socket,LGA1851,
4467,719,ram_type,DDR5,
4468,719,ram_socket,4,EA
4469,719,form_factor,ATX,
4470,719,chipset,Z890,
4471,719,m2_slots,4,EA
4472,719,max_ram_capacity_gb,192,GB
4473,720,cpu_socket,LGA1851,
4474,720,ram_type,DDR5,
4475,720,ram_socket,2,EA
4476,720,form_factor,M-ATX,
4477,720,chipset,H810,
4478,720,m2_slots,1,EA
4479,720,max_ram_capacity_gb,128,GB
4480,721,cpu_socket,LGA1851,
4481,721,ram_type,DDR5,
4482,721,ram_socket,4,EA
4483,721,form_factor,ATX,
4484,721,chipset,Z890,
4485,721,m2_slots,5,EA
4486,721,max_ram_capacity_gb,192,GB
4487,722,cpu_socket,LGA1851,
4488,722,ram_type,DDR5,
4489,722,ram_socket,4,EA
4490,722,form_factor,ATX,
4491,722,chipset,Z890,
4492,722,m2_slots,4,EA
4493,722,max_ram_capacity_gb,192,GB
4494,723,cpu_socket,LGA1851,
4495,723,ram_type,DDR5,
4496,723,ram_socket,4,EA
4497,723,form_factor,M-ATX,
4498,723,chipset,B860,
4499,723,m2_slots,3,EA
4500,723,max_ram_capacity_gb,256,GB
4501,724,cpu_socket,LGA1851,
4502,724,ram_type,DDR5,
4503,724,ram_socket,4,EA
4504,724,form_factor,ATX,
4505,724,chipset,Z890,
4506,724,m2_slots,4,EA
4507,724,max_ram_capacity_gb,256,GB
4508,725,cpu_socket,LGA1851,
4509,725,ram_type,DDR5,
4510,725,ram_socket,4,EA
4511,725,form_factor,ATX,
4512,725,chipset,Z890,
4513,725,m2_slots,5,EA
4514,725,max_ram_capacity_gb,192,GB
4515,726,cpu_socket,LGA1851,
4516,726,ram_type,DDR5,
4517,726,ram_socket,2,EA
4518,726,form_factor,M-ATX,
4519,726,chipset,H810,
4520,726,m2_slots,2,EA
4521,726,max_ram_capacity_gb,128,GB
4522,727,cpu_socket,LGA1851,
4523,727,ram_type,DDR5,
4524,727,ram_socket,4,EA
4525,727,form_factor,ATX,
4526,727,chipset,Z890,
4527,727,m2_slots,6,EA
4528,727,max_ram_capacity_gb,192,GB
4529,728,cpu_socket,LGA1851,
4530,728,ram_type,DDR5,
4531,728,ram_socket,2,EA
4532,728,form_factor,M-ATX,
4533,728,chipset,H810,
4534,728,m2_slots,2,EA
4535,728,max_ram_capacity_gb,128,GB
4536,729,cpu_socket,LGA1851,
4537,729,ram_type,DDR5,
4538,729,ram_socket,2,EA
4539,729,form_factor,M-ITX,
4540,729,chipset,B860,
4541,729,m2_slots,2,EA
4542,729,max_ram_capacity_gb,128,GB
4543,730,cpu_socket,LGA1851,
4544,730,ram_type,DDR5,
4545,730,ram_socket,4,EA
4546,730,form_factor,M-ATX,
4547,730,chipset,B860,
4548,730,m2_slots,3,EA
4549,730,max_ram_capacity_gb,256,GB
4550,731,cpu_socket,LGA1851,
4551,731,ram_type,DDR5,
4552,731,ram_socket,4,EA
4553,731,form_factor,ATX,
4554,731,chipset,Z890,
4555,731,m2_slots,4,EA
4556,731,max_ram_capacity_gb,192,GB
4557,732,cpu_socket,LGA1851,
4558,732,ram_type,DDR5,
4559,732,ram_socket,4,EA
4560,732,form_factor,ATX,
4561,732,chipset,Z890,
4562,732,m2_slots,5,EA
4563,732,max_ram_capacity_gb,192,GB
4564,733,cpu_socket,LGA1851,
4565,733,ram_type,DDR5,
4566,733,ram_socket,4,EA
4567,733,form_factor,ATX,
4568,733,chipset,Z890,
4569,733,m2_slots,6,EA
4570,733,max_ram_capacity_gb,192,GB
4571,734,cpu_socket,LGA1851,
4572,734,ram_type,DDR5,
4573,734,ram_socket,4,EA
4574,734,form_factor,ATX,
4575,734,chipset,B860,
4576,734,m2_slots,2,EA
4577,734,max_ram_capacity_gb,256,GB
4578,735,cpu_socket,LGA1851,
4579,735,ram_type,DDR5,
4580,735,ram_socket,2,EA
4581,735,form_factor,M-ATX,
4582,735,chipset,H810,
4583,735,m2_slots,2,EA
4584,735,max_ram_capacity_gb,128,GB
4585,736,cpu_socket,LGA1851,
4586,736,ram_type,DDR5,
4587,736,ram_socket,2,EA
4588,736,form_factor,M-ITX,
4589,736,chipset,Z890,
4590,736,m2_slots,2,EA
4591,736,max_ram_capacity_gb,96,GB
4592,737,cpu_socket,LGA1851,
4593,737,ram_type,DDR5,
4594,737,ram_socket,4,EA
4595,737,form_factor,ATX,
4596,737,chipset,Z890,
4597,737,m2_slots,4,EA
4598,737,max_ram_capacity_gb,192,GB
4599,738,cpu_socket,LGA1851,
4600,738,ram_type,DDR5,
4601,738,ram_socket,4,EA
4602,738,form_factor,ATX,
4603,738,chipset,Z890,
4604,738,m2_slots,4,EA
4605,738,max_ram_capacity_gb,192,GB
4606,739,cpu_socket,LGA1851,
4607,739,ram_type,DDR5,
4608,739,ram_socket,4,EA
4609,739,form_factor,ATX,
4610,739,chipset,B860,
4611,739,m2_slots,3,EA
4612,739,max_ram_capacity_gb,192,GB
4613,740,cpu_socket,LGA1851,
4614,740,ram_type,DDR5,
4615,740,ram_socket,4,EA
4616,740,form_factor,ATX,
4617,740,chipset,Z890,
4618,740,m2_slots,4,EA
4619,740,max_ram_capacity_gb,192,GB
4620,741,cpu_socket,LGA1851,
4621,741,ram_type,DDR5,
4622,741,ram_socket,4,EA
4623,741,form_factor,ATX,
4624,741,chipset,Z890,
4625,741,m2_slots,4,EA
4626,741,max_ram_capacity_gb,192,GB
4627,742,cpu_socket,LGA1851,
4628,742,ram_type,DDR5,
4629,742,ram_socket,2,EA
4630,742,form_factor,M-ITX,
4631,742,chipset,Z890,
4632,742,m2_slots,2,EA
4633,742,max_ram_capacity_gb,96,GB
4634,743,cpu_socket,LGA1851,
4635,743,ram_type,DDR5,
4636,743,ram_socket,4,EA
4637,743,form_factor,ATX,
4638,743,chipset,B860,
4639,743,m2_slots,4,EA
4640,743,max_ram_capacity_gb,256,GB
4641,744,cpu_socket,LGA1851,
4642,744,ram_type,DDR5,
4643,744,ram_socket,4,EA
4644,744,form_factor,ATX,
4645,744,chipset,Z890,
4646,744,m2_slots,4,EA
4647,744,max_ram_capacity_gb,192,GB
4648,745,cpu_socket,LGA1851,
4649,745,ram_type,DDR5,
4650,745,ram_socket,4,EA
4651,745,form_factor,M-ATX,
4652,745,chipset,Z890,
4653,745,m2_slots,3,EA
4654,745,max_ram_capacity_gb,192,GB
4655,746,cpu_socket,LGA1851,
4656,746,ram_type,DDR5,
4657,746,ram_socket,4,EA
4658,746,form_factor,M-ATX,
4659,746,chipset,Z890,
4660,746,m2_slots,3,EA
4661,746,max_ram_capacity_gb,192,GB
4662,747,cpu_socket,LGA1851,
4663,747,ram_type,DDR5,
4664,747,ram_socket,4,EA
4665,747,form_factor,M-ATX,
4666,747,chipset,B860,
4667,747,m2_slots,2,EA
4668,747,max_ram_capacity_gb,256,GB
4669,748,cpu_socket,LGA1851,
4670,748,ram_type,DDR5,
4671,748,ram_socket,2,EA
4672,748,form_factor,M-ATX,
4673,748,chipset,H810,
4674,748,m2_slots,2,EA
4675,748,max_ram_capacity_gb,128,GB
4676,749,cpu_socket,LGA1851,
4677,749,ram_type,DDR5,
4678,749,ram_socket,2,EA
4679,749,form_factor,M-ATX,
4680,749,chipset,B860,
4681,749,m2_slots,2,EA
4682,749,max_ram_capacity_gb,128,GB
4683,750,cpu_socket,LGA1851,
4684,750,ram_type,DDR5,
4685,750,ram_socket,2,EA
4686,750,form_factor,M-ATX,
4687,750,chipset,H810,
4688,750,m2_slots,2,EA
4689,750,max_ram_capacity_gb,128,GB
4690,751,cpu_socket,LGA1851,
4691,751,ram_type,DDR5,
4692,751,ram_socket,4,EA
4693,751,form_factor,ATX,
4694,751,chipset,Z890,
4695,751,m2_slots,4,EA
4696,751,max_ram_capacity_gb,192,GB
4697,752,cpu_socket,LGA1851,
4698,752,ram_type,DDR5,
4699,752,ram_socket,4,EA
4700,752,form_factor,ATX,
4701,752,chipset,Z890,
4702,752,m2_slots,5,EA
4703,752,max_ram_capacity_gb,192,GB
4704,753,cpu_socket,LGA1851,
4705,753,ram_type,DDR5,
4706,753,ram_socket,4,EA
4707,753,form_factor,M-ATX,
4708,753,chipset,B860,
4709,753,m2_slots,2,EA
4710,753,max_ram_capacity_gb,256,GB
4711,754,cpu_socket,LGA1851,
4712,754,ram_type,DDR5,
4713,754,ram_socket,4,EA
4714,754,form_factor,M-ATX,
4715,754,chipset,B860,
4716,754,m2_slots,2,EA
4717,754,max_ram_capacity_gb,192,GB
4718,755,cpu_socket,LGA1851,
4719,755,ram_type,DDR5,
4720,755,ram_socket,4,EA
4721,755,form_factor,ATX,
4722,755,chipset,Z890,
4723,755,m2_slots,6,EA
4724,755,max_ram_capacity_gb,192,GB
4725,756,cpu_socket,LGA1851,
4726,756,ram_type,DDR5,
4727,756,ram_socket,2,EA
4728,756,form_factor,M-ATX,
4729,756,chipset,H810,
4730,756,m2_slots,2,EA
4731,756,max_ram_capacity_gb,128,GB
4732,757,cpu_socket,LGA1851,
4733,757,ram_type,DDR5,
4734,757,ram_socket,2,EA
4735,757,form_factor,M-ATX,
4736,757,chipset,H810,
4737,757,m2_slots,2,EA
4738,757,max_ram_capacity_gb,128,GB
4739,758,cpu_socket,LGA1851,
4740,758,ram_type,DDR5,
4741,758,ram_socket,4,EA
4742,758,form_factor,M-ATX,
4743,758,chipset,B860,
4744,758,m2_slots,2,EA
4745,758,max_ram_capacity_gb,192,GB
4746,759,cpu_socket,LGA1851,
4747,759,ram_type,DDR5,
4748,759,ram_socket,4,EA
4749,759,form_factor,ATX,
4750,759,chipset,B860,
4751,759,m2_slots,2,EA
4752,759,max_ram_capacity_gb,256,GB
4753,760,cpu_socket,LGA1851,
4754,760,ram_type,DDR5,
4755,760,ram_socket,2,EA
4756,760,form_factor,M-ATX,
4757,760,chipset,H810,
4758,760,m2_slots,2,EA
4759,760,max_ram_capacity_gb,128,GB
4760,761,cpu_socket,LGA1851,
4761,761,ram_type,DDR5,
4762,761,ram_socket,2,EA
4763,761,form_factor,M-ATX,
4764,761,chipset,H810,
4765,761,m2_slots,2,EA
4766,761,max_ram_capacity_gb,128,GB
4767,762,cpu_socket,LGA1851,
4768,762,ram_type,DDR5,
4769,762,ram_socket,4,EA
4770,762,form_factor,ATX,
4771,762,chipset,B860,
4772,762,m2_slots,3,EA
4773,762,max_ram_capacity_gb,192,GB
4774,763,cpu_socket,LGA1851,
4775,763,ram_type,DDR5,
4776,763,ram_socket,4,EA
4777,763,form_factor,ATX,
4778,763,chipset,Z890,
4779,763,m2_slots,4,EA
4780,763,max_ram_capacity_gb,192,GB
4781,764,cpu_socket,LGA1851,
4782,764,ram_type,DDR5,
4783,764,ram_socket,2,EA
4784,764,form_factor,M-ATX,
4785,764,chipset,H810,
4786,764,m2_slots,1,EA
4787,764,max_ram_capacity_gb,128,GB
4788,765,cpu_socket,LGA1851,
4789,765,ram_type,DDR5,
4790,765,ram_socket,4,EA
4791,765,form_factor,ATX,
4792,765,chipset,Z890,
4793,765,m2_slots,4,EA
4794,765,max_ram_capacity_gb,192,GB
4795,766,cpu_socket,LGA1851,
4796,766,ram_type,DDR5,
4797,766,ram_socket,4,EA
4798,766,form_factor,ATX,
4799,766,chipset,Z890,
4800,766,m2_slots,5,EA
4801,766,max_ram_capacity_gb,192,GB
4802,767,cpu_socket,LGA1851,
4803,767,ram_type,DDR5,
4804,767,ram_socket,2,EA
4805,767,form_factor,M-ATX,
4806,767,chipset,H810,
4807,767,m2_slots,2,EA
4808,767,max_ram_capacity_gb,128,GB
4809,768,cpu_socket,LGA1851,
4810,768,ram_type,DDR5,
4811,768,ram_socket,4,EA
4812,768,form_factor,ATX,
4813,768,chipset,Z890,
4814,768,m2_slots,5,EA
4815,768,max_ram_capacity_gb,192,GB
4816,769,cpu_socket,LGA1851,
4817,769,ram_type,DDR5,
4818,769,ram_socket,4,EA
4819,769,form_factor,ATX,
4820,769,chipset,B860,
4821,769,m2_slots,4,EA
4822,769,max_ram_capacity_gb,256,GB
4823,770,cpu_socket,LGA1851,
4824,770,ram_type,DDR5,
4825,770,ram_socket,4,EA
4826,770,form_factor,ATX,
4827,770,chipset,B860,
4828,770,m2_slots,4,EA
4829,770,max_ram_capacity_gb,192,GB
4830,771,cpu_socket,LGA1851,
4831,771,ram_type,DDR5,
4832,771,ram_socket,4,EA
4833,771,form_factor,ATX,
4834,771,chipset,Z890,
4835,771,m2_slots,7,EA
4836,771,max_ram_capacity_gb,192,GB
4837,772,cpu_socket,LGA1851,
4838,772,ram_type,DDR5,
4839,772,ram_socket,4,EA
4840,772,form_factor,ATX,
4841,772,chipset,B860,
4842,772,m2_slots,4,EA
4843,772,max_ram_capacity_gb,192,GB
4844,773,cpu_socket,LGA1851,
4845,773,ram_type,DDR5,
4846,773,ram_socket,4,EA
4847,773,form_factor,ATX,
4848,773,chipset,Z890,
4849,773,m2_slots,7,EA
4850,773,max_ram_capacity_gb,192,GB
4851,774,cpu_socket,LGA1851,
4852,774,ram_type,DDR5,
4853,774,ram_socket,4,EA
4854,774,form_factor,ATX,
4855,774,chipset,Z890,
4856,774,m2_slots,5,EA
4857,774,max_ram_capacity_gb,192,GB
4858,775,cpu_socket,LGA1851,
4859,775,ram_type,DDR5,
4860,775,ram_socket,4,EA
4861,775,form_factor,M-ATX,
4862,775,chipset,B860,
4863,775,m2_slots,2,EA
4864,775,max_ram_capacity_gb,256,GB
4865,776,cpu_socket,LGA1851,
4866,776,ram_type,DDR5,
4867,776,ram_socket,4,EA
4868,776,form_factor,ATX,
4869,776,chipset,B860,
4870,776,m2_slots,4,EA
4871,776,max_ram_capacity_gb,192,GB
4872,777,cpu_socket,LGA1851,
4873,777,ram_type,DDR5,
4874,777,ram_socket,4,EA
4875,777,form_factor,ATX,
4876,777,chipset,B860,
4877,777,m2_slots,3,EA
4878,777,max_ram_capacity_gb,192,GB
4879,778,cpu_socket,LGA1851,
4880,778,ram_type,DDR5,
4881,778,ram_socket,4,EA
4882,778,form_factor,ATX,
4883,778,chipset,B860,
4884,778,m2_slots,3,EA
4885,778,max_ram_capacity_gb,192,GB
4886,779,cpu_socket,LGA1851,
4887,779,ram_type,DDR5,
4888,779,ram_socket,2,EA
4889,779,form_factor,M-ATX,
4890,779,chipset,H810,
4891,779,m2_slots,2,EA
4892,779,max_ram_capacity_gb,128,GB
4893,780,cpu_socket,LGA1851,
4894,780,ram_type,DDR5,
4895,780,ram_socket,2,EA
4896,780,form_factor,M-ITX,
4897,780,chipset,H810,
4898,780,m2_slots,1,EA
4899,780,max_ram_capacity_gb,128,GB
4900,781,cpu_socket,LGA1851,
4901,781,ram_type,DDR5,
4902,781,ram_socket,4,EA
4903,781,form_factor,ATX,
4904,781,chipset,B860,
4905,781,m2_slots,4,EA
4906,781,max_ram_capacity_gb,192,GB
4907,782,cpu_socket,LGA1851,
4908,782,ram_type,DDR5,
4909,782,ram_socket,2,EA
4910,782,form_factor,M-ITX,
4911,782,chipset,B860,
4912,782,m2_slots,2,EA
4913,782,max_ram_capacity_gb,96,GB
4914,783,cpu_socket,LGA1851,
4915,783,ram_type,DDR5,
4916,783,ram_socket,4,EA
4917,783,form_factor,M-ATX,
4918,783,chipset,B860,
4919,783,m2_slots,3,EA
4920,783,max_ram_capacity_gb,256,GB
4921,784,cpu_socket,AM4,
4922,784,ram_type,DDR4,
4923,784,ram_socket,4,EA
4924,784,form_factor,M-ATX,
4925,784,chipset,B550,
4926,784,m2_slots,2,EA
4927,784,max_ram_capacity_gb,128,GB
4928,785,cpu_socket,AM4,
4929,785,ram_type,DDR4,
4930,785,ram_socket,2,EA
4931,785,form_factor,M-ATX,
4932,785,chipset,A520,
4933,785,m2_slots,1,EA
4934,785,max_ram_capacity_gb,64,GB
4935,786,cpu_socket,AM4,
4936,786,ram_type,DDR4,
4937,786,ram_socket,4,EA
4938,786,form_factor,M-ATX,
4939,786,chipset,B550,
4940,786,m2_slots,2,EA
4941,786,max_ram_capacity_gb,128,GB
4942,787,cpu_socket,AM4,
4943,787,ram_type,DDR4,
4944,787,ram_socket,2,EA
4945,787,form_factor,M-ATX,
4946,787,chipset,A520,
4947,787,m2_slots,1,EA
4948,787,max_ram_capacity_gb,64,GB
4949,788,cpu_socket,AM4,
4950,788,ram_type,DDR4,
4951,788,ram_socket,2,EA
4952,788,form_factor,M-ATX,
4953,788,chipset,A320,
4954,788,m2_slots,1,EA
4955,788,max_ram_capacity_gb,32,GB
4956,789,cpu_socket,AM4,
4957,789,ram_type,DDR4,
4958,789,ram_socket,2,EA
4959,789,form_factor,M-ATX,
4960,789,chipset,A320,
4961,789,m2_slots,1,EA
4962,789,max_ram_capacity_gb,32,GB
4963,790,cpu_socket,AM4,
4964,790,ram_type,DDR4,
4965,790,ram_socket,2,EA
4966,790,form_factor,M-ATX,
4967,790,chipset,A520,
4968,790,m2_slots,1,EA
4969,790,max_ram_capacity_gb,64,GB
4970,791,cpu_socket,AM5,
4971,791,ram_type,DDR5,
4972,791,ram_socket,4,EA
4973,791,form_factor,M-ATX,
4974,791,chipset,B850,
4975,791,m2_slots,2,EA
4976,791,max_ram_capacity_gb,256,GB
4977,792,cpu_socket,AM5,
4978,792,ram_type,DDR5,
4979,792,ram_socket,4,EA
4980,792,form_factor,M-ATX,
4981,792,chipset,B850,
4982,792,m2_slots,2,EA
4983,792,max_ram_capacity_gb,256,GB
4984,793,cpu_socket,AM5,
4985,793,ram_type,DDR5,
4986,793,ram_socket,4,EA
4987,793,form_factor,M-ATX,
4988,793,chipset,B650,
4989,793,m2_slots,2,EA
4990,793,max_ram_capacity_gb,192,GB
4991,794,cpu_socket,AM5,
4992,794,ram_type,DDR5,
4993,794,ram_socket,4,EA
4994,794,form_factor,ATX,
4995,794,chipset,B850,
4996,794,m2_slots,4,EA
4997,794,max_ram_capacity_gb,256,GB
4998,795,cpu_socket,AM5,
4999,795,ram_type,DDR5,
5000,795,ram_socket,4,EA
5001,795,form_factor,ATX,
5002,795,chipset,X870E,
5003,795,m2_slots,4,EA
5004,795,max_ram_capacity_gb,256,GB
5005,796,cpu_socket,AM5,
5006,796,ram_type,DDR5,
5007,796,ram_socket,4,EA
5008,796,form_factor,M-ATX,
5009,796,chipset,B850,
5010,796,m2_slots,2,EA
5011,796,max_ram_capacity_gb,256,GB
5012,797,cpu_socket,AM5,
5013,797,ram_type,DDR5,
5014,797,ram_socket,4,EA
5015,797,form_factor,ATX,
5016,797,chipset,B850,
5017,797,m2_slots,4,EA
5018,797,max_ram_capacity_gb,256,GB
5019,798,cpu_socket,AM5,
5020,798,ram_type,DDR5,
5021,798,ram_socket,4,EA
5022,798,form_factor,M-ATX,
5023,798,chipset,B850,
5024,798,m2_slots,2,EA
5025,798,max_ram_capacity_gb,256,GB
5026,799,cpu_socket,AM5,
5027,799,ram_type,DDR5,
5028,799,ram_socket,4,EA
5029,799,form_factor,M-ATX,
5030,799,chipset,B650,
5031,799,m2_slots,2,EA
5032,799,max_ram_capacity_gb,192,GB
5033,800,cpu_socket,AM5,
5034,800,ram_type,DDR5,
5035,800,ram_socket,4,EA
5036,800,form_factor,M-ATX,
5037,800,chipset,B850,
5038,800,m2_slots,2,EA
5039,800,max_ram_capacity_gb,256,GB
5040,801,cpu_socket,AM5,
5041,801,ram_type,DDR5,
5042,801,ram_socket,4,EA
5043,801,form_factor,ATX,
5044,801,chipset,X870E,
5045,801,m2_slots,4,EA
5046,801,max_ram_capacity_gb,256,GB
5047,802,cpu_socket,AM5,
5048,802,ram_type,DDR5,
5049,802,ram_socket,4,EA
5050,802,form_factor,M-ATX,
5051,802,chipset,B850,
5052,802,m2_slots,2,EA
5053,802,max_ram_capacity_gb,256,GB
5054,803,cpu_socket,AM5,
5055,803,ram_type,DDR5,
5056,803,ram_socket,4,EA
5057,803,form_factor,M-ATX,
5058,803,chipset,B850,
5059,803,m2_slots,2,EA
5060,803,max_ram_capacity_gb,256,GB
5061,804,cpu_socket,AM5,
5062,804,ram_type,DDR5,
5063,804,ram_socket,4,EA
5064,804,form_factor,ATX,
5065,804,chipset,B850,
5066,804,m2_slots,3,EA
5067,804,max_ram_capacity_gb,256,GB
5068,805,cpu_socket,AM5,
5069,805,ram_type,DDR5,
5070,805,ram_socket,4,EA
5071,805,form_factor,ATX,
5072,805,chipset,X870,
5073,805,m2_slots,4,EA
5074,805,max_ram_capacity_gb,256,GB
5075,806,cpu_socket,AM5,
5076,806,ram_type,DDR5,
5077,806,ram_socket,2,EA
5078,806,form_factor,M-ATX,
5079,806,chipset,B850,
5080,806,m2_slots,3,EA
5081,806,max_ram_capacity_gb,128,GB
5082,807,cpu_socket,AM5,
5083,807,ram_type,DDR5,
5084,807,ram_socket,4,EA
5085,807,form_factor,ATX,
5086,807,chipset,X870E,
5087,807,m2_slots,4,EA
5088,807,max_ram_capacity_gb,256,GB
5089,808,cpu_socket,AM5,
5090,808,ram_type,DDR5,
5091,808,ram_socket,4,EA
5092,808,form_factor,ATX,
5093,808,chipset,X870E,
5094,808,m2_slots,4,EA
5095,808,max_ram_capacity_gb,256,GB
5096,809,cpu_socket,AM5,
5097,809,ram_type,DDR5,
5098,809,ram_socket,4,EA
5099,809,form_factor,ATX,
5100,809,chipset,X870E,
5101,809,m2_slots,5,EA
5102,809,max_ram_capacity_gb,256,GB
5103,810,cpu_socket,AM5,
5104,810,ram_type,DDR5,
5105,810,ram_socket,4,EA
5106,810,form_factor,M-ATX,
5107,810,chipset,B850,
5108,810,m2_slots,3,EA
5109,810,max_ram_capacity_gb,256,GB
5110,811,cpu_socket,AM5,
5111,811,ram_type,DDR5,
5112,811,ram_socket,2,EA
5113,811,form_factor,M-ATX,
5114,811,chipset,B850,
5115,811,m2_slots,3,EA
5116,811,max_ram_capacity_gb,128,GB
5117,812,cpu_socket,AM5,
5118,812,ram_type,DDR5,
5119,812,ram_socket,4,EA
5120,812,form_factor,ATX,
5121,812,chipset,B850,
5122,812,m2_slots,4,EA
5123,812,max_ram_capacity_gb,256,GB
5124,813,cpu_socket,AM5,
5125,813,ram_type,DDR5,
5126,813,ram_socket,4,EA
5127,813,form_factor,ATX,
5128,813,chipset,B850,
5129,813,m2_slots,4,EA
5130,813,max_ram_capacity_gb,256,GB
5131,814,cpu_socket,AM5,
5132,814,ram_type,DDR5,
5133,814,ram_socket,4,EA
5134,814,form_factor,ATX,
5135,814,chipset,X870,
5136,814,m2_slots,4,EA
5137,814,max_ram_capacity_gb,256,GB
5138,815,cpu_socket,AM5,
5139,815,ram_type,DDR5,
5140,815,ram_socket,4,EA
5141,815,form_factor,ATX,
5142,815,chipset,X870E,
5143,815,m2_slots,4,EA
5144,815,max_ram_capacity_gb,256,GB
5145,816,cpu_socket,AM5,
5146,816,ram_type,DDR5,
5147,816,ram_socket,2,EA
5148,816,form_factor,M-ATX,
5149,816,chipset,B850,
5150,816,m2_slots,3,EA
5151,816,max_ram_capacity_gb,128,GB
5152,817,cpu_socket,AM5,
5153,817,ram_type,DDR5,
5154,817,ram_socket,4,EA
5155,817,form_factor,ATX,
5156,817,chipset,B850,
5157,817,m2_slots,3,EA
5158,817,max_ram_capacity_gb,256,GB
5159,818,cpu_socket,AM5,
5160,818,ram_type,DDR5,
5161,818,ram_socket,4,EA
5162,818,form_factor,ATX,
5163,818,chipset,X870,
5164,818,m2_slots,4,EA
5165,818,max_ram_capacity_gb,256,GB
5166,819,cpu_socket,AM5,
5167,819,ram_type,DDR5,
5168,819,ram_socket,4,EA
5169,819,form_factor,ATX,
5170,819,chipset,X870E,
5171,819,m2_slots,5,EA
5172,819,max_ram_capacity_gb,256,GB
5173,820,cpu_socket,AM5,
5174,820,ram_type,DDR5,
5175,820,ram_socket,4,EA
5176,820,form_factor,ATX,
5177,820,chipset,B850,
5178,820,m2_slots,4,EA
5179,820,max_ram_capacity_gb,256,GB
5180,821,cpu_socket,AM5,
5181,821,ram_type,DDR5,
5182,821,ram_socket,2,EA
5183,821,form_factor,M-ITX,
5184,821,chipset,B850,
5185,821,m2_slots,2,EA
5186,821,max_ram_capacity_gb,128,GB
5187,822,cpu_socket,AM5,
5188,822,ram_type,DDR5,
5189,822,ram_socket,4,EA
5190,822,form_factor,ATX,
5191,822,chipset,X870E,
5192,822,m2_slots,4,EA
5193,822,max_ram_capacity_gb,256,GB
5194,823,cpu_socket,AM5,
5195,823,ram_type,DDR5,
5196,823,ram_socket,4,EA
5197,823,form_factor,M-ATX,
5198,823,chipset,B850,
5199,823,m2_slots,2,EA
5200,823,max_ram_capacity_gb,256,GB
5201,824,cpu_socket,AM5,
5202,824,ram_type,DDR5,
5203,824,ram_socket,4,EA
5204,824,form_factor,ATX,
5205,824,chipset,B850,
5206,824,m2_slots,4,EA
5207,824,max_ram_capacity_gb,256,GB
5208,825,cpu_socket,AM5,
5209,825,ram_type,DDR5,
5210,825,ram_socket,4,EA
5211,825,form_factor,ATX,
5212,825,chipset,X870E,
5213,825,m2_slots,4,EA
5214,825,max_ram_capacity_gb,256,GB
5215,826,cpu_socket,AM5,
5216,826,ram_type,DDR5,
5217,826,ram_socket,4,EA
5218,826,form_factor,M-ATX,
5219,826,chipset,B850,
5220,826,m2_slots,2,EA
5221,826,max_ram_capacity_gb,256,GB
5222,827,cpu_socket,AM5,
5223,827,ram_type,DDR5,
5224,827,ram_socket,4,EA
5225,827,form_factor,ATX,
5226,827,chipset,X870E,
5227,827,m2_slots,4,EA
5228,827,max_ram_capacity_gb,256,GB
5229,828,cpu_socket,AM5,
5230,828,ram_type,DDR5,
5231,828,ram_socket,4,EA
5232,828,form_factor,ATX,
5233,828,chipset,X870,
5234,828,m2_slots,4,EA
5235,828,max_ram_capacity_gb,256,GB
5236,829,cpu_socket,AM5,
5237,829,ram_type,DDR5,
5238,829,ram_socket,4,EA
5239,829,form_factor,ATX,
5240,829,chipset,B850,
5241,829,m2_slots,3,EA
5242,829,max_ram_capacity_gb,256,GB
5243,830,cpu_socket,AM5,
5244,830,ram_type,DDR5,
5245,830,ram_socket,4,EA
5246,830,form_factor,M-ATX,
5247,830,chipset,B850,
5248,830,m2_slots,3,EA
5249,830,max_ram_capacity_gb,256,GB
5250,831,cpu_socket,AM5,
5251,831,ram_type,DDR5,
5252,831,ram_socket,4,EA
5253,831,form_factor,ATX,
5254,831,chipset,X870E,
5255,831,m2_slots,4,EA
5256,831,max_ram_capacity_gb,256,GB
5257,832,cpu_socket,AM5,
5258,832,ram_type,DDR5,
5259,832,ram_socket,4,EA
5260,832,form_factor,M-ATX,
5261,832,chipset,B850,
5262,832,m2_slots,2,EA
5263,832,max_ram_capacity_gb,256,GB
5264,833,cpu_socket,AM5,
5265,833,ram_type,DDR5,
5266,833,ram_socket,4,EA
5267,833,form_factor,E-ATX,
5268,833,chipset,X870E,
5269,833,m2_slots,4,EA
5270,833,max_ram_capacity_gb,256,GB
5271,834,cpu_socket,AM5,
5272,834,ram_type,DDR5,
5273,834,ram_socket,2,EA
5274,834,form_factor,E-ATX,
5275,834,chipset,X870,
5276,834,m2_slots,3,EA
5277,834,max_ram_capacity_gb,128,GB
5278,835,cpu_socket,AM5,
5279,835,ram_type,DDR5,
5280,835,ram_socket,4,EA
5281,835,form_factor,M-ATX,
5282,835,chipset,B850,
5283,835,m2_slots,2,EA
5284,835,max_ram_capacity_gb,256,GB
5285,836,cpu_socket,AM5,
5286,836,ram_type,DDR5,
5287,836,ram_socket,4,EA
5288,836,form_factor,ATX,
5289,836,chipset,B850,
5290,836,m2_slots,3,EA
5291,836,max_ram_capacity_gb,256,GB
5292,837,cpu_socket,AM5,
5293,837,ram_type,DDR5,
5294,837,ram_socket,4,EA
5295,837,form_factor,ATX,
5296,837,chipset,X870,
5297,837,m2_slots,4,EA
5298,837,max_ram_capacity_gb,256,GB
5299,838,cpu_socket,AM5,
5300,838,ram_type,DDR5,
5301,838,ram_socket,2,EA
5302,838,form_factor,E-ATX,
5303,838,chipset,X870,
5304,838,m2_slots,3,EA
5305,838,max_ram_capacity_gb,128,GB
5306,839,cpu_socket,AM5,
5307,839,ram_type,DDR5,
5308,839,ram_socket,4,EA
5309,839,form_factor,M-ATX,
5310,839,chipset,B850,
5311,839,m2_slots,2,EA
5312,839,max_ram_capacity_gb,256,GB
5313,840,cpu_socket,AM5,
5314,840,ram_type,DDR5,
5315,840,ram_socket,4,EA
5316,840,form_factor,M-ATX,
5317,840,chipset,B850,
5318,840,m2_slots,3,EA
5319,840,max_ram_capacity_gb,256,GB
5320,841,cpu_socket,AM5,
5321,841,ram_type,DDR5,
5322,841,ram_socket,2,EA
5323,841,form_factor,M-ATX,
5324,841,chipset,A620A,
5325,841,m2_slots,1,EA
5326,841,max_ram_capacity_gb,128,GB
5327,842,cpu_socket,AM5,
5328,842,ram_type,DDR5,
5329,842,ram_socket,2,EA
5330,842,form_factor,M-ITX,
5331,842,chipset,X870,
5332,842,m2_slots,2,EA
5333,842,max_ram_capacity_gb,128,GB
5334,843,cpu_socket,AM5,
5335,843,ram_type,DDR5,
5336,843,ram_socket,2,EA
5337,843,form_factor,M-ATX,
5338,843,chipset,B850,
5339,843,m2_slots,3,EA
5340,843,max_ram_capacity_gb,128,GB
5341,844,cpu_socket,AM5,
5342,844,ram_type,DDR5,
5343,844,ram_socket,4,EA
5344,844,form_factor,M-ATX,
5345,844,chipset,B850,
5346,844,m2_slots,2,EA
5347,844,max_ram_capacity_gb,256,GB
5348,845,cpu_socket,AM5,
5349,845,ram_type,DDR5,
5350,845,ram_socket,4,EA
5351,845,form_factor,ATX,
5352,845,chipset,B650,
5353,845,m2_slots,3,EA
5354,845,max_ram_capacity_gb,192,GB
5355,846,cpu_socket,AM5,
5356,846,ram_type,DDR5,
5357,846,ram_socket,4,EA
5358,846,form_factor,ATX,
5359,846,chipset,X870,
5360,846,m2_slots,3,EA
5361,846,max_ram_capacity_gb,256,GB
5362,847,cpu_socket,AM5,
5363,847,ram_type,DDR5,
5364,847,ram_socket,4,EA
5365,847,form_factor,ATX,
5366,847,chipset,B850,
5367,847,m2_slots,4,EA
5368,847,max_ram_capacity_gb,256,GB
5369,848,cpu_socket,AM5,
5370,848,ram_type,DDR5,
5371,848,ram_socket,4,EA
5372,848,form_factor,ATX,
5373,848,chipset,B850,
5374,848,m2_slots,3,EA
5375,848,max_ram_capacity_gb,256,GB
5376,849,cpu_socket,AM5,
5377,849,ram_type,DDR5,
5378,849,ram_socket,4,EA
5379,849,form_factor,ATX,
5380,849,chipset,X870E,
5381,849,m2_slots,4,EA
5382,849,max_ram_capacity_gb,256,GB
5383,850,cpu_socket,AM5,
5384,850,ram_type,DDR5,
5385,850,ram_socket,4,EA
5386,850,form_factor,M-ATX,
5387,850,chipset,B850,
5388,850,m2_slots,3,EA
5389,850,max_ram_capacity_gb,256,GB
5390,851,cpu_socket,AM5,
5391,851,ram_type,DDR5,
5392,851,ram_socket,4,EA
5393,851,form_factor,ATX,
5394,851,chipset,X870,
5395,851,m2_slots,4,EA
5396,851,max_ram_capacity_gb,256,GB
5397,852,cpu_socket,AM5,
5398,852,ram_type,DDR5,
5399,852,ram_socket,4,EA
5400,852,form_factor,M-ATX,
5401,852,chipset,B650,
5402,852,m2_slots,2,EA
5403,852,max_ram_capacity_gb,128,GB
5404,853,cpu_socket,AM5,
5405,853,ram_type,DDR5,
5406,853,ram_socket,4,EA
5407,853,form_factor,ATX,
5408,853,chipset,B650,
5409,853,m2_slots,3,EA
5410,853,max_ram_capacity_gb,192,GB
5411,854,cpu_socket,AM5,
5412,854,ram_type,DDR5,
5413,854,ram_socket,4,EA
5414,854,form_factor,M-ATX,
5415,854,chipset,B650,
5416,854,m2_slots,2,EA
5417,854,max_ram_capacity_gb,192,GB
5418,855,cpu_socket,AM5,
5419,855,ram_type,DDR5,
5420,855,ram_socket,4,EA
5421,855,form_factor,ATX,
5422,855,chipset,B850,
5423,855,m2_slots,3,EA
5424,855,max_ram_capacity_gb,256,GB
5425,856,cpu_socket,AM5,
5426,856,ram_type,DDR5,
5427,856,ram_socket,4,EA
5428,856,form_factor,ATX,
5429,856,chipset,B850,
5430,856,m2_slots,4,EA
5431,856,max_ram_capacity_gb,256,GB
5432,857,cpu_socket,AM5,
5433,857,ram_type,DDR5,
5434,857,ram_socket,4,EA
5435,857,form_factor,ATX,
5436,857,chipset,X870,
5437,857,m2_slots,4,EA
5438,857,max_ram_capacity_gb,256,GB
5439,858,cpu_socket,AM5,
5440,858,ram_type,DDR5,
5441,858,ram_socket,4,EA
5442,858,form_factor,ATX,
5443,858,chipset,X870,
5444,858,m2_slots,4,EA
5445,858,max_ram_capacity_gb,256,GB
5446,859,cpu_socket,AM5,
5447,859,ram_type,DDR5,
5448,859,ram_socket,4,EA
5449,859,form_factor,M-ATX,
5450,859,chipset,B850,
5451,859,m2_slots,2,EA
5452,859,max_ram_capacity_gb,256,GB
5453,860,cpu_socket,AM5,
5454,860,ram_type,DDR5,
5455,860,ram_socket,4,EA
5456,860,form_factor,ATX,
5457,860,chipset,X870E,
5458,860,m2_slots,4,EA
5459,860,max_ram_capacity_gb,256,GB
5460,861,cpu_socket,AM5,
5461,861,ram_type,DDR5,
5462,861,ram_socket,2,EA
5463,861,form_factor,M-ITX,
5464,861,chipset,X870,
5465,861,m2_slots,2,EA
5466,861,max_ram_capacity_gb,128,GB
5467,862,cpu_socket,AM5,
5468,862,ram_type,DDR5,
5469,862,ram_socket,4,EA
5470,862,form_factor,ATX,
5471,862,chipset,B650E,
5472,862,m2_slots,3,EA
5473,862,max_ram_capacity_gb,192,GB
5474,863,cpu_socket,AM5,
5475,863,ram_type,DDR5,
5476,863,ram_socket,4,EA
5477,863,form_factor,ATX,
5478,863,chipset,X870,
5479,863,m2_slots,3,EA
5480,863,max_ram_capacity_gb,256,GB
5481,864,cpu_socket,AM5,
5482,864,ram_type,DDR5,
5483,864,ram_socket,4,EA
5484,864,form_factor,ATX,
5485,864,chipset,X870E,
5486,864,m2_slots,4,EA
5487,864,max_ram_capacity_gb,256,GB
5488,865,cpu_socket,AM5,
5489,865,ram_type,DDR5,
5490,865,ram_socket,4,EA
5491,865,form_factor,ATX,
5492,865,chipset,B650,
5493,865,m2_slots,3,EA
5494,865,max_ram_capacity_gb,192,GB
5495,866,cpu_socket,AM5,
5496,866,ram_type,DDR5,
5497,866,ram_socket,4,EA
5498,866,form_factor,M-ATX,
5499,866,chipset,A620,
5500,866,m2_slots,1,EA
5501,866,max_ram_capacity_gb,128,GB
5502,867,cpu_socket,AM5,
5503,867,ram_type,DDR5,
5504,867,ram_socket,4,EA
5505,867,form_factor,ATX,
5506,867,chipset,X870E,
5507,867,m2_slots,4,EA
5508,867,max_ram_capacity_gb,256,GB
5509,868,cpu_socket,AM5,
5510,868,ram_type,DDR5,
5511,868,ram_socket,4,EA
5512,868,form_factor,ATX,
5513,868,chipset,B650,
5514,868,m2_slots,3,EA
5515,868,max_ram_capacity_gb,192,GB
5516,869,cpu_socket,AM5,
5517,869,ram_type,DDR5,
5518,869,ram_socket,4,EA
5519,869,form_factor,ATX,
5520,869,chipset,X670,
5521,869,m2_slots,4,EA
5522,869,max_ram_capacity_gb,192,GB
5523,870,cpu_socket,AM5,
5524,870,ram_type,DDR5,
5525,870,ram_socket,2,EA
5526,870,form_factor,M-ATX,
5527,870,chipset,B650,
5528,870,m2_slots,1,EA
5529,870,max_ram_capacity_gb,96,GB
5530,871,cpu_socket,AM5,
5531,871,ram_type,DDR5,
5532,871,ram_socket,4,EA
5533,871,form_factor,M-ATX,
5534,871,chipset,B650,
5535,871,m2_slots,2,EA
5536,871,max_ram_capacity_gb,128,GB
5537,872,cpu_socket,AM5,
5538,872,ram_type,DDR5,
5539,872,ram_socket,4,EA
5540,872,form_factor,M-ATX,
5541,872,chipset,A620,
5542,872,m2_slots,1,EA
5543,872,max_ram_capacity_gb,128,GB
5544,873,cpu_socket,AM5,
5545,873,ram_type,DDR5,
5546,873,ram_socket,4,EA
5547,873,form_factor,ATX,
5548,873,chipset,B650,
5549,873,m2_slots,3,EA
5550,873,max_ram_capacity_gb,192,GB
5551,874,cpu_socket,AM5,
5552,874,ram_type,DDR5,
5553,874,ram_socket,4,EA
5554,874,form_factor,M-ATX,
5555,874,chipset,B650,
5556,874,m2_slots,2,EA
5557,874,max_ram_capacity_gb,192,GB
5558,875,cpu_socket,AM5,
5559,875,ram_type,DDR5,
5560,875,ram_socket,4,EA
5561,875,form_factor,M-ATX,
5562,875,chipset,B650,
5563,875,m2_slots,2,EA
5564,875,max_ram_capacity_gb,192,GB
5565,876,cpu_socket,AM5,
5566,876,ram_type,DDR5,
5567,876,ram_socket,4,EA
5568,876,form_factor,ATX,
5569,876,chipset,X870E,
5570,876,m2_slots,4,EA
5571,876,max_ram_capacity_gb,256,GB
5572,877,cpu_socket,AM5,
5573,877,ram_type,DDR5,
5574,877,ram_socket,4,EA
5575,877,form_factor,M-ATX,
5576,877,chipset,B650,
5577,877,m2_slots,2,EA
5578,877,max_ram_capacity_gb,128,GB
5579,878,cpu_socket,LGA1200,
5580,878,ram_type,DDR4,
5581,878,ram_socket,2,EA
5582,878,form_factor,M-ATX,
5583,878,chipset,H510,
5584,878,m2_slots,1,EA
5585,878,max_ram_capacity_gb,64,GB
5586,879,cpu_socket,LGA1200,
5587,879,ram_type,DDR4,
5588,879,ram_socket,4,EA
5589,879,form_factor,ATX,
5590,879,chipset,Z590,
5591,879,m2_slots,3,EA
5592,879,max_ram_capacity_gb,128,GB
5593,880,cpu_socket,LGA1200,
5594,880,ram_type,DDR4,
5595,880,ram_socket,4,EA
5596,880,form_factor,ATX,
5597,880,chipset,Z590,
5598,880,m2_slots,3,EA
5599,880,max_ram_capacity_gb,128,GB
5600,881,cpu_socket,LGA1200,
5601,881,ram_type,DDR4,
5602,881,ram_socket,4,EA
5603,881,form_factor,M-ATX,
5604,881,chipset,B560,
5605,881,m2_slots,2,EA
5606,881,max_ram_capacity_gb,128,GB
5607,882,cpu_socket,LGA1700,
5608,882,ram_type,DDR4,
5609,882,ram_socket,4,EA
5610,882,form_factor,M-ATX,
5611,882,chipset,B760,
5612,882,m2_slots,2,EA
5613,882,max_ram_capacity_gb,128,GB
5614,883,cpu_socket,LGA1700,
5615,883,ram_type,DDR4,
5616,883,ram_socket,4,EA
5617,883,form_factor,M-ATX,
5618,883,chipset,B760,
5619,883,m2_slots,2,EA
5620,883,max_ram_capacity_gb,128,GB
5621,884,cpu_socket,LGA1700,
5622,884,ram_type,DDR4,
5623,884,ram_socket,2,EA
5624,884,form_factor,M-ATX,
5625,884,chipset,H610,
5626,884,m2_slots,1,EA
5627,884,max_ram_capacity_gb,64,GB
5628,885,cpu_socket,LGA1700,
5629,885,ram_type,DDR4,
5630,885,ram_socket,4,EA
5631,885,form_factor,M-ATX,
5632,885,chipset,B760,
5633,885,m2_slots,2,EA
5634,885,max_ram_capacity_gb,128,GB
5635,886,cpu_socket,LGA1700,
5636,886,ram_type,DDR4,
5637,886,ram_socket,4,EA
5638,886,form_factor,M-ATX,
5639,886,chipset,B760,
5640,886,m2_slots,2,EA
5641,886,max_ram_capacity_gb,128,GB
5642,887,cpu_socket,LGA1700,
5643,887,ram_type,DDR4,
5644,887,ram_socket,2,EA
5645,887,form_factor,M-ATX,
5646,887,chipset,H610,
5647,887,m2_slots,1,EA
5648,887,max_ram_capacity_gb,64,GB
5649,888,cpu_socket,LGA1700,
5650,888,ram_type,DDR4,
5651,888,ram_socket,4,EA
5652,888,form_factor,M-ATX,
5653,888,chipset,B760,
5654,888,m2_slots,2,EA
5655,888,max_ram_capacity_gb,128,GB
5656,889,cpu_socket,LGA1700,
5657,889,ram_type,DDR5,
5658,889,ram_socket,4,EA
5659,889,form_factor,M-ATX,
5660,889,chipset,B760,
5661,889,m2_slots,2,EA
5662,889,max_ram_capacity_gb,256,GB
5663,890,cpu_socket,LGA1700,
5664,890,ram_type,DDR4,
5665,890,ram_socket,4,EA
5666,890,form_factor,M-ATX,
5667,890,chipset,B760,
5668,890,m2_slots,2,EA
5669,890,max_ram_capacity_gb,128,GB
5670,891,cpu_socket,LGA1700,
5671,891,ram_type,DDR5,
5672,891,ram_socket,4,EA
5673,891,form_factor,M-ATX,
5674,891,chipset,B760,
5675,891,m2_slots,2,EA
5676,891,max_ram_capacity_gb,256,GB
5677,892,cpu_socket,LGA1700,
5678,892,ram_type,DDR4,
5679,892,ram_socket,2,EA
5680,892,form_factor,M-ITX,
5681,892,chipset,H610,
5682,892,m2_slots,1,EA
5683,892,max_ram_capacity_gb,64,GB
5684,893,cpu_socket,LGA1700,
5685,893,ram_type,DDR4,
5686,893,ram_socket,2,EA
5687,893,form_factor,M-ATX,
5688,893,chipset,H610,
5689,893,m2_slots,1,EA
5690,893,max_ram_capacity_gb,64,GB
5691,894,cpu_socket,LGA1700,
5692,894,ram_type,DDR5,
5693,894,ram_socket,4,EA
5694,894,form_factor,ATX,
5695,894,chipset,Z790,
5696,894,m2_slots,3,EA
5697,894,max_ram_capacity_gb,128,GB
5698,895,cpu_socket,LGA1700,
5699,895,ram_type,DDR4,
5700,895,ram_socket,4,EA
5701,895,form_factor,M-ATX,
5702,895,chipset,B760,
5703,895,m2_slots,2,EA
5704,895,max_ram_capacity_gb,128,GB
5705,896,cpu_socket,LGA1700,
5706,896,ram_type,DDR5,
5707,896,ram_socket,4,EA
5708,896,form_factor,M-ATX,
5709,896,chipset,B760,
5710,896,m2_slots,2,EA
5711,896,max_ram_capacity_gb,256,GB
5712,897,cpu_socket,LGA1700,
5713,897,ram_type,DDR5,
5714,897,ram_socket,2,EA
5715,897,form_factor,M-ATX,
5716,897,chipset,B760,
5717,897,m2_slots,2,EA
5718,897,max_ram_capacity_gb,96,GB
5719,898,cpu_socket,LGA1700,
5720,898,ram_type,DDR4,
5721,898,ram_socket,4,EA
5722,898,form_factor,M-ATX,
5723,898,chipset,B760,
5724,898,m2_slots,2,EA
5725,898,max_ram_capacity_gb,128,GB
5726,899,cpu_socket,LGA1700,
5727,899,ram_type,DDR5,
5728,899,ram_socket,2,EA
5729,899,form_factor,M-ATX,
5730,899,chipset,H610,
5731,899,m2_slots,1,EA
5732,899,max_ram_capacity_gb,128,GB
5733,900,cpu_socket,LGA1700,
5734,900,ram_type,DDR5,
5735,900,ram_socket,4,EA
5736,900,form_factor,ATX,
5737,900,chipset,Z790,
5738,900,m2_slots,4,EA
5739,900,max_ram_capacity_gb,128,GB
5740,901,cpu_socket,LGA1700,
5741,901,ram_type,DDR5,
5742,901,ram_socket,4,EA
5743,901,form_factor,M-ATX,
5744,901,chipset,B760,
5745,901,m2_slots,2,EA
5746,901,max_ram_capacity_gb,256,GB
5747,902,cpu_socket,LGA1700,
5748,902,ram_type,DDR4,
5749,902,ram_socket,4,EA
5750,902,form_factor,M-ATX,
5751,902,chipset,B760,
5752,902,m2_slots,2,EA
5753,902,max_ram_capacity_gb,128,GB
5754,903,cpu_socket,LGA1700,
5755,903,ram_type,DDR4,
5756,903,ram_socket,2,EA
5757,903,form_factor,M-ATX,
5758,903,chipset,H610,
5759,903,m2_slots,1,EA
5760,903,max_ram_capacity_gb,64,GB
5761,904,cpu_socket,LGA1700,
5762,904,ram_type,DDR5,
5763,904,ram_socket,4,EA
5764,904,form_factor,ATX,
5765,904,chipset,Z790,
5766,904,m2_slots,4,EA
5767,904,max_ram_capacity_gb,128,GB
5768,905,cpu_socket,LGA1700,
5769,905,ram_type,DDR5,
5770,905,ram_socket,4,EA
5771,905,form_factor,E-ATX,
5772,905,chipset,Z790,
5773,905,m2_slots,5,EA
5774,905,max_ram_capacity_gb,192,GB
5775,906,cpu_socket,LGA1700,
5776,906,ram_type,DDR5,
5777,906,ram_socket,2,EA
5778,906,form_factor,M-ATX,
5779,906,chipset,H610,
5780,906,m2_slots,1,EA
5781,906,max_ram_capacity_gb,128,GB
5782,907,cpu_socket,LGA1700,
5783,907,ram_type,DDR5,
5784,907,ram_socket,4,EA
5785,907,form_factor,ATX,
5786,907,chipset,Z790,
5787,907,m2_slots,4,EA
5788,907,max_ram_capacity_gb,128,GB
5789,908,cpu_socket,LGA1700,
5790,908,ram_type,DDR5,
5791,908,ram_socket,2,EA
5792,908,form_factor,M-ATX,
5793,908,chipset,H610,
5794,908,m2_slots,1,EA
5795,908,max_ram_capacity_gb,128,GB
5796,909,cpu_socket,LGA1700,
5797,909,ram_type,DDR5,
5798,909,ram_socket,2,EA
5799,909,form_factor,M-ATX,
5800,909,chipset,H610,
5801,909,m2_slots,1,EA
5802,909,max_ram_capacity_gb,128,GB
5803,910,cpu_socket,LGA1700,
5804,910,ram_type,DDR5,
5805,910,ram_socket,2,EA
5806,910,form_factor,M-ATX,
5807,910,chipset,H610,
5808,910,m2_slots,1,EA
5809,910,max_ram_capacity_gb,64,GB
5810,911,cpu_socket,LGA1700,
5811,911,ram_type,DDR5,
5812,911,ram_socket,2,EA
5813,911,form_factor,M-ATX,
5814,911,chipset,H610,
5815,911,m2_slots,1,EA
5816,911,max_ram_capacity_gb,128,GB
5817,912,cpu_socket,LGA1700,
5818,912,ram_type,DDR5,
5819,912,ram_socket,4,EA
5820,912,form_factor,E-ATX,
5821,912,chipset,Z790,
5822,912,m2_slots,5,EA
5823,912,max_ram_capacity_gb,128,GB
5824,913,cpu_socket,LGA1700,
5825,913,ram_type,DDR4,
5826,913,ram_socket,2,EA
5827,913,form_factor,M-ATX,
5828,913,chipset,H610,
5829,913,m2_slots,1,EA
5830,913,max_ram_capacity_gb,64,GB
5831,914,cpu_socket,LGA1700,
5832,914,ram_type,DDR5,
5833,914,ram_socket,4,EA
5834,914,form_factor,M-ATX,
5835,914,chipset,B760,
5836,914,m2_slots,2,EA
5837,914,max_ram_capacity_gb,128,GB
5838,915,cpu_socket,LGA1700,
5839,915,ram_type,DDR5,
5840,915,ram_socket,4,EA
5841,915,form_factor,E-ATX,
5842,915,chipset,Z690,
5843,915,m2_slots,4,EA
5844,915,max_ram_capacity_gb,128,GB
5845,916,cpu_socket,LGA1700,
5846,916,ram_type,DDR4,
5847,916,ram_socket,2,EA
5848,916,form_factor,M-ATX,
5849,916,chipset,H610,
5850,916,m2_slots,1,EA
5851,916,max_ram_capacity_gb,64,GB
5852,917,cpu_socket,LGA1700,
5853,917,ram_type,DDR5,
5854,917,ram_socket,4,EA
5855,917,form_factor,ATX,
5856,917,chipset,Z690,
5857,917,m2_slots,4,EA
5858,917,max_ram_capacity_gb,128,GB
5859,918,cpu_socket,LGA1700,
5860,918,ram_type,DDR5,
5861,918,ram_socket,2,EA
5862,918,form_factor,M-ATX,
5863,918,chipset,H610,
5864,918,m2_slots,1,EA
5865,918,max_ram_capacity_gb,64,GB
5866,919,cpu_socket,LGA1700,
5867,919,ram_type,DDR5,
5868,919,ram_socket,4,EA
5869,919,form_factor,M-ATX,
5870,919,chipset,B760,
5871,919,m2_slots,2,EA
5872,919,max_ram_capacity_gb,128,GB
5873,920,cpu_socket,LGA1700,
5874,920,ram_type,DDR5,
5875,920,ram_socket,4,EA
5876,920,form_factor,ATX,
5877,920,chipset,Z790,
5878,920,m2_slots,4,EA
5879,920,max_ram_capacity_gb,128,GB
5880,921,cpu_socket,LGA1700,
5881,921,ram_type,DDR5,
5882,921,ram_socket,4,EA
5883,921,form_factor,M-ATX,
5884,921,chipset,B760,
5885,921,m2_slots,2,EA
5886,921,max_ram_capacity_gb,128,GB
5887,922,cpu_socket,LGA1700,
5888,922,ram_type,DDR5,
5889,922,ram_socket,4,EA
5890,922,form_factor,M-ATX,
5891,922,chipset,B760,
5892,922,m2_slots,2,EA
5893,922,max_ram_capacity_gb,192,GB
5894,923,cpu_socket,LGA1700,
5895,923,ram_type,DDR5,
5896,923,ram_socket,2,EA
5897,923,form_factor,M-ATX,
5898,923,chipset,H610,
5899,923,m2_slots,1,EA
5900,923,max_ram_capacity_gb,96,GB
5901,924,cpu_socket,LGA1700,
5902,924,ram_type,DDR5,
5903,924,ram_socket,4,EA
5904,924,form_factor,ATX,
5905,924,chipset,Z690,
5906,924,m2_slots,4,EA
5907,924,max_ram_capacity_gb,128,GB
5908,925,cpu_socket,LGA1700,
5909,925,ram_type,DDR4,
5910,925,ram_socket,2,EA
5911,925,form_factor,M-ATX,
5912,925,chipset,H610,
5913,925,m2_slots,1,EA
5914,925,max_ram_capacity_gb,64,GB
5915,926,cpu_socket,LGA1700,
5916,926,ram_type,DDR5,
5917,926,ram_socket,2,EA
5918,926,form_factor,M-ATX,
5919,926,chipset,H610,
5920,926,m2_slots,1,EA
5921,926,max_ram_capacity_gb,96,GB
5922,927,cpu_socket,LGA1700,
5923,927,ram_type,DDR5,
5924,927,ram_socket,2,EA
5925,927,form_factor,M-ATX,
5926,927,chipset,H610,
5927,927,m2_slots,1,EA
5928,927,max_ram_capacity_gb,64,GB
5929,928,cpu_socket,LGA1700,
5930,928,ram_type,DDR5,
5931,928,ram_socket,2,EA
5932,928,form_factor,M-ATX,
5933,928,chipset,H610,
5934,928,m2_slots,1,EA
5935,928,max_ram_capacity_gb,64,GB
5936,929,cpu_socket,LGA1700,
5937,929,ram_type,DDR4,
5938,929,ram_socket,2,EA
5939,929,form_factor,M-ATX,
5940,929,chipset,H610,
5941,929,m2_slots,1,EA
5942,929,max_ram_capacity_gb,64,GB
5943,930,cpu_socket,LGA1700,
5944,930,ram_type,DDR5,
5945,930,ram_socket,4,EA
5946,930,form_factor,ATX,
5947,930,chipset,Z790,
5948,930,m2_slots,3,EA
5949,930,max_ram_capacity_gb,128,GB
5950,931,cpu_socket,LGA1700,
5951,931,ram_type,DDR4,
5952,931,ram_socket,2,EA
5953,931,form_factor,M-ATX,
5954,931,chipset,H610,
5955,931,m2_slots,1,EA
5956,931,max_ram_capacity_gb,64,GB
5957,932,cpu_socket,LGA1700,
5958,932,ram_type,DDR4,
5959,932,ram_socket,2,EA
5960,932,form_factor,M-ATX,
5961,932,chipset,H610,
5962,932,m2_slots,1,EA
5963,932,max_ram_capacity_gb,64,GB
5964,933,cpu_socket,LGA1700,
5965,933,ram_type,DDR5,
5966,933,ram_socket,2,EA
5967,933,form_factor,M-ATX,
5968,933,chipset,H610,
5969,933,m2_slots,1,EA
5970,933,max_ram_capacity_gb,96,GB
5971,934,cpu_socket,LGA1700,
5972,934,ram_type,DDR5,
5973,934,ram_socket,2,EA
5974,934,form_factor,M-ATX,
5975,934,chipset,H610,
5976,934,m2_slots,1,EA
5977,934,max_ram_capacity_gb,128,GB
5978,935,cpu_socket,LGA1700,
5979,935,ram_type,DDR4,
5980,935,ram_socket,2,EA
5981,935,form_factor,M-ATX,
5982,935,chipset,H610,
5983,935,m2_slots,1,EA
5984,935,max_ram_capacity_gb,64,GB
5985,936,cpu_socket,LGA1700,
5986,936,ram_type,DDR4,
5987,936,ram_socket,2,EA
5988,936,form_factor,M-ATX,
5989,936,chipset,H610,
5990,936,m2_slots,1,EA
5991,936,max_ram_capacity_gb,64,GB
5992,937,cpu_socket,LGA1700,
5993,937,ram_type,DDR5,
5994,937,ram_socket,4,EA
5995,937,form_factor,ATX,
5996,937,chipset,Z790,
5997,937,m2_slots,4,EA
5998,937,max_ram_capacity_gb,128,GB
5999,938,cpu_socket,LGA1851,
6000,938,ram_type,DDR5,
6001,938,ram_socket,4,EA
6002,938,form_factor,M-ATX,
6003,938,chipset,B860,
6004,938,m2_slots,2,EA
6005,938,max_ram_capacity_gb,256,GB
6006,939,cpu_socket,LGA1851,
6007,939,ram_type,DDR5,
6008,939,ram_socket,4,EA
6009,939,form_factor,M-ATX,
6010,939,chipset,B860,
6011,939,m2_slots,2,EA
6012,939,max_ram_capacity_gb,256,GB
6013,940,cpu_socket,LGA1851,
6014,940,ram_type,DDR5,
6015,940,ram_socket,4,EA
6016,940,form_factor,M-ATX,
6017,940,chipset,B860,
6018,940,m2_slots,3,EA
6019,940,max_ram_capacity_gb,256,GB
6020,941,cpu_socket,LGA1851,
6021,941,ram_type,DDR5,
6022,941,ram_socket,4,EA
6023,941,form_factor,ATX,
6024,941,chipset,Z890,
6025,941,m2_slots,4,EA
6026,941,max_ram_capacity_gb,256,GB
6027,942,cpu_socket,LGA1851,
6028,942,ram_type,DDR5,
6029,942,ram_socket,4,EA
6030,942,form_factor,E-ATX,
6031,942,chipset,Z890,
6032,942,m2_slots,4,EA
6033,942,max_ram_capacity_gb,256,GB
6034,943,cpu_socket,LGA1851,
6035,943,ram_type,DDR5,
6036,943,ram_socket,2,EA
6037,943,form_factor,M-ATX,
6038,943,chipset,H810,
6039,943,m2_slots,1,EA
6040,943,max_ram_capacity_gb,128,GB
6041,944,cpu_socket,LGA1851,
6042,944,ram_type,DDR5,
6043,944,ram_socket,2,EA
6044,944,form_factor,M-ATX,
6045,944,chipset,H810,
6046,944,m2_slots,1,EA
6047,944,max_ram_capacity_gb,128,GB
6048,945,cpu_socket,LGA1851,
6049,945,ram_type,DDR5,
6050,945,ram_socket,4,EA
6051,945,form_factor,M-ATX,
6052,945,chipset,Z890,
6053,945,m2_slots,1,EA
6054,945,max_ram_capacity_gb,256,GB
6055,946,cpu_socket,LGA1851,
6056,946,ram_type,DDR5,
6057,946,ram_socket,4,EA
6058,946,form_factor,ATX,
6059,946,chipset,Z890,
6060,946,m2_slots,1,EA
6061,946,max_ram_capacity_gb,256,GB
6062,947,cpu_socket,LGA1851,
6063,947,ram_type,DDR5,
6064,947,ram_socket,4,EA
6065,947,form_factor,ATX,
6066,947,chipset,B860,
6067,947,m2_slots,3,EA
6068,947,max_ram_capacity_gb,256,GB
6069,948,cpu_socket,LGA1851,
6070,948,ram_type,DDR5,
6071,948,ram_socket,4,EA
6072,948,form_factor,M-ATX,
6073,948,chipset,B860,
6074,948,m2_slots,3,EA
6075,948,max_ram_capacity_gb,256,GB
6076,949,cpu_socket,LGA1851,
6077,949,ram_type,DDR5,
6078,949,ram_socket,4,EA
6079,949,form_factor,M-ATX,
6080,949,chipset,B860,
6081,949,m2_slots,3,EA
6082,949,max_ram_capacity_gb,256,GB
6083,950,cpu_socket,LGA1851,
6084,950,ram_type,DDR5,
6085,950,ram_socket,2,EA
6086,950,form_factor,M-ITX,
6087,950,chipset,Z890,
6088,950,m2_slots,2,EA
6089,950,max_ram_capacity_gb,128,GB
6090,951,cpu_socket,LGA1851,
6091,951,ram_type,DDR5,
6092,951,ram_socket,4,EA
6093,951,form_factor,M-ATX,
6094,951,chipset,B860,
6095,951,m2_slots,3,EA
6096,951,max_ram_capacity_gb,256,GB
6097,952,cpu_socket,LGA1851,
6098,952,ram_type,DDR5,
6099,952,ram_socket,4,EA
6100,952,form_factor,ATX,
6101,952,chipset,Z890,
6102,952,m2_slots,5,EA
6103,952,max_ram_capacity_gb,256,GB
6104,953,cpu_socket,LGA1851,
6105,953,ram_type,DDR5,
6106,953,ram_socket,4,EA
6107,953,form_factor,ATX,
6108,953,chipset,Z890,
6109,953,m2_slots,4,EA
6110,953,max_ram_capacity_gb,256,GB
6111,954,cpu_socket,LGA1851,
6112,954,ram_type,DDR5,
6113,954,ram_socket,2,EA
6114,954,form_factor,ATX,
6115,954,chipset,Z890,
6116,954,m2_slots,2,EA
6117,954,max_ram_capacity_gb,256,GB
6118,955,cpu_socket,LGA1851,
6119,955,ram_type,DDR5,
6120,955,ram_socket,4,EA
6121,955,form_factor,ATX,
6122,955,chipset,Z890,
6123,955,m2_slots,5,EA
6124,955,max_ram_capacity_gb,256,GB
6125,956,cpu_socket,LGA1851,
6126,956,ram_type,DDR5,
6127,956,ram_socket,4,EA
6128,956,form_factor,M-ATX,
6129,956,chipset,Z890,
6130,956,m2_slots,3,EA
6131,956,max_ram_capacity_gb,256,GB
6132,957,cpu_socket,LGA1851,
6133,957,ram_type,DDR5,
6134,957,ram_socket,4,EA
6135,957,form_factor,ATX,
6136,957,chipset,Z890,
6137,957,m2_slots,5,EA
6138,957,max_ram_capacity_gb,256,GB
6139,958,cpu_socket,LGA1851,
6140,958,ram_type,DDR5,
6141,958,ram_socket,4,EA
6142,958,form_factor,M-ATX,
6143,958,chipset,B860,
6144,958,m2_slots,2,EA
6145,958,max_ram_capacity_gb,256,GB
6146,959,cpu_socket,LGA1851,
6147,959,ram_type,DDR5,
6148,959,ram_socket,4,EA
6149,959,form_factor,ATX,
6150,959,chipset,Z890,
6151,959,m2_slots,4,EA
6152,959,max_ram_capacity_gb,256,GB
6153,960,cpu_socket,LGA1851,
6154,960,ram_type,DDR5,
6155,960,ram_socket,4,EA
6156,960,form_factor,ATX,
6157,960,chipset,Z890,
6158,960,m2_slots,1,EA
6159,960,max_ram_capacity_gb,256,GB
6160,961,cpu_socket,LGA1851,
6161,961,ram_type,DDR5,
6162,961,ram_socket,4,EA
6163,961,form_factor,ATX,
6164,961,chipset,Z890,
6165,961,m2_slots,4,EA
6166,961,max_ram_capacity_gb,256,GB
6167,962,cpu_socket,LGA1851,
6168,962,ram_type,DDR5,
6169,962,ram_socket,4,EA
6170,962,form_factor,ATX,
6171,962,chipset,Z890,
6172,962,m2_slots,4,EA
6173,962,max_ram_capacity_gb,256,GB
6174,963,cpu_socket,LGA1851,
6175,963,ram_type,DDR5,
6176,963,ram_socket,4,EA
6177,963,form_factor,M-ATX,
6178,963,chipset,B860,
6179,963,m2_slots,2,EA
6180,963,max_ram_capacity_gb,256,GB
6181,964,cpu_socket,LGA1851,
6182,964,ram_type,DDR5,
6183,964,ram_socket,2,EA
6184,964,form_factor,ATX,
6185,964,chipset,Z890,
6186,964,m2_slots,5,EA
6187,964,max_ram_capacity_gb,256,GB
6188,965,cpu_socket,LGA1851,
6189,965,ram_type,DDR5,
6190,965,ram_socket,4,EA
6191,965,form_factor,ATX,
6192,965,chipset,B860,
6193,965,m2_slots,3,EA
6194,965,max_ram_capacity_gb,256,GB
6195,966,cpu_socket,LGA1851,
6196,966,ram_type,DDR5,
6197,966,ram_socket,4,EA
6198,966,form_factor,M-ATX,
6199,966,chipset,B860,
6200,966,m2_slots,3,EA
6201,966,max_ram_capacity_gb,256,GB
6202,967,cpu_socket,LGA1851,
6203,967,ram_type,DDR5,
6204,967,ram_socket,2,EA
6205,967,form_factor,M-ATX,
6206,967,chipset,H810,
6207,967,m2_slots,1,EA
6208,967,max_ram_capacity_gb,128,GB
6209,968,cpu_socket,LGA1851,
6210,968,ram_type,DDR5,
6211,968,ram_socket,2,EA
6212,968,form_factor,M-ATX,
6213,968,chipset,H810,
6214,968,m2_slots,1,EA
6215,968,max_ram_capacity_gb,128,GB
6216,969,cpu_socket,LGA1851,
6217,969,ram_type,DDR5,
6218,969,ram_socket,4,EA
6219,969,form_factor,M-ATX,
6220,969,chipset,B860,
6221,969,m2_slots,3,EA
6222,969,max_ram_capacity_gb,256,GB
6223,970,cpu_socket,LGA1851,
6224,970,ram_type,DDR5,
6225,970,ram_socket,2,EA
6226,970,form_factor,M-ATX,
6227,970,chipset,H810,
6228,970,m2_slots,1,EA
6229,970,max_ram_capacity_gb,128,GB
6230,971,cpu_socket,LGA1851,
6231,971,ram_type,DDR5,
6232,971,ram_socket,2,EA
6233,971,form_factor,M-ATX,
6234,971,chipset,H810,
6235,971,m2_slots,1,EA
6236,971,max_ram_capacity_gb,128,GB
6237,972,cpu_socket,LGA1851,
6238,972,ram_type,DDR5,
6239,972,ram_socket,4,EA
6240,972,form_factor,ATX,
6241,972,chipset,Z890,
6242,972,m2_slots,4,EA
6243,972,max_ram_capacity_gb,256,GB
6244,973,cpu_socket,LGA1851,
6245,973,ram_type,DDR5,
6246,973,ram_socket,2,EA
6247,973,form_factor,M-ATX,
6248,973,chipset,H810,
6249,973,m2_slots,1,EA
6250,973,max_ram_capacity_gb,128,GB
6251,974,cpu_socket,LGA1851,
6252,974,ram_type,DDR5,
6253,974,ram_socket,2,EA
6254,974,form_factor,M-ATX,
6255,974,chipset,H810,
6256,974,m2_slots,1,EA
6257,974,max_ram_capacity_gb,128,GB
6258,975,cpu_socket,LGA1851,
6259,975,ram_type,DDR5,
6260,975,ram_socket,4,EA
6261,975,form_factor,ATX,
6262,975,chipset,Z890,
6263,975,m2_slots,5,EA
6264,975,max_ram_capacity_gb,256,GB
6265,976,cpu_socket,LGA1851,
6266,976,ram_type,DDR5,
6267,976,ram_socket,2,EA
6268,976,form_factor,M-ITX,
6269,976,chipset,Z890,
6270,976,m2_slots,2,EA
6271,976,max_ram_capacity_gb,128,GB
6272,977,cpu_socket,LGA1851,
6273,977,ram_type,DDR5,
6274,977,ram_socket,2,EA
6275,977,form_factor,M-ATX,
6276,977,chipset,H810,
6277,977,m2_slots,1,EA
6278,977,max_ram_capacity_gb,128,GB
6279,978,cpu_socket,LGA1851,
6280,978,ram_type,DDR5,
6281,978,ram_socket,2,EA
6282,978,form_factor,M-ATX,
6283,978,chipset,H810,
6284,978,m2_slots,1,EA
6285,978,max_ram_capacity_gb,128,GB
6286,979,cpu_socket,LGA1851,
6287,979,ram_type,DDR5,
6288,979,ram_socket,2,EA
6289,979,form_factor,M-ATX,
6290,979,chipset,H810,
6291,979,m2_slots,1,EA
6292,979,max_ram_capacity_gb,128,GB
6293,980,cpu_socket,LGA1851,
6294,980,ram_type,DDR5,
6295,980,ram_socket,2,EA
6296,980,form_factor,M-ATX,
6297,980,chipset,H810,
6298,980,m2_slots,1,EA
6299,980,max_ram_capacity_gb,128,GB
6300,981,cpu_socket,LGA1851,
6301,981,ram_type,DDR5,
6302,981,ram_socket,2,EA
6303,981,form_factor,M-ATX,
6304,981,chipset,H810,
6305,981,m2_slots,1,EA
6306,981,max_ram_capacity_gb,128,GB
6307,982,cpu_socket,LGA1851,
6308,982,ram_type,DDR5,
6309,982,ram_socket,2,EA
6310,982,form_factor,M-ATX,
6311,982,chipset,H810,
6312,982,m2_slots,1,EA
6313,982,max_ram_capacity_gb,128,GB
6314,983,cpu_socket,AM4,
6315,983,ram_type,DDR4,
6316,983,ram_socket,2,EA
6317,983,form_factor,M-ATX,
6318,983,chipset,A520,
6319,983,m2_slots,1,EA
6320,983,max_ram_capacity_gb,128,GB
6321,984,cpu_socket,AM4,
6322,984,ram_type,DDR4,
6323,984,ram_socket,4,EA
6324,984,form_factor,M-ATX,
6325,984,chipset,B550,
6326,984,m2_slots,2,EA
6327,984,max_ram_capacity_gb,128,GB
6328,985,cpu_socket,AM4,
6329,985,ram_type,DDR4,
6330,985,ram_socket,4,EA
6331,985,form_factor,M-ATX,
6332,985,chipset,B550,
6333,985,m2_slots,2,EA
6334,985,max_ram_capacity_gb,128,GB
6335,986,cpu_socket,AM4,
6336,986,ram_type,DDR4,
6337,986,ram_socket,4,EA
6338,986,form_factor,M-ATX,
6339,986,chipset,B550,
6340,986,m2_slots,2,EA
6341,986,max_ram_capacity_gb,128,GB
6342,987,cpu_socket,AM4,
6343,987,ram_type,DDR4,
6344,987,ram_socket,2,EA
6345,987,form_factor,M-ITX,
6346,987,chipset,A520,
6347,987,m2_slots,1,EA
6348,987,max_ram_capacity_gb,64,GB
6349,988,cpu_socket,AM4,
6350,988,ram_type,DDR4,
6351,988,ram_socket,4,EA
6352,988,form_factor,M-ATX,
6353,988,chipset,B550,
6354,988,m2_slots,2,EA
6355,988,max_ram_capacity_gb,128,GB
6356,989,cpu_socket,AM4,
6357,989,ram_type,DDR4,
6358,989,ram_socket,4,EA
6359,989,form_factor,M-ATX,
6360,989,chipset,B550,
6361,989,m2_slots,2,EA
6362,989,max_ram_capacity_gb,128,GB
6363,990,cpu_socket,AM4,
6364,990,ram_type,DDR4,
6365,990,ram_socket,4,EA
6366,990,form_factor,M-ATX,
6367,990,chipset,B550,
6368,990,m2_slots,2,EA
6369,990,max_ram_capacity_gb,128,GB
6370,991,cpu_socket,AM4,
6371,991,ram_type,DDR4,
6372,991,ram_socket,4,EA
6373,991,form_factor,M-ATX,
6374,991,chipset,B550,
6375,991,m2_slots,2,EA
6376,991,max_ram_capacity_gb,128,GB
6377,992,cpu_socket,AM4,
6378,992,ram_type,DDR4,
6379,992,ram_socket,2,EA
6380,992,form_factor,M-ATX,
6381,992,chipset,A520,
6382,992,m2_slots,1,EA
6383,992,max_ram_capacity_gb,64,GB
6384,993,cpu_socket,AM4,
6385,993,ram_type,DDR4,
6386,993,ram_socket,4,EA
6387,993,form_factor,M-ATX,
6388,993,chipset,B550,
6389,993,m2_slots,2,EA
6390,993,max_ram_capacity_gb,128,GB
6391,994,cpu_socket,AM4,
6392,994,ram_type,DDR4,
6393,994,ram_socket,4,EA
6394,994,form_factor,M-ATX,
6395,994,chipset,B550,
6396,994,m2_slots,2,EA
6397,994,max_ram_capacity_gb,128,GB
6398,995,cpu_socket,AM4,
6399,995,ram_type,DDR4,
6400,995,ram_socket,4,EA
6401,995,form_factor,M-ATX,
6402,995,chipset,B550,
6403,995,m2_slots,2,EA
6404,995,max_ram_capacity_gb,128,GB
6405,996,cpu_socket,AM4,
6406,996,ram_type,DDR4,
6407,996,ram_socket,2,EA
6408,996,form_factor,M-ATX,
6409,996,chipset,A520,
6410,996,m2_slots,1,EA
6411,996,max_ram_capacity_gb,64,GB
6412,997,cpu_socket,AM4,
6413,997,ram_type,DDR4,
6414,997,ram_socket,4,EA
6415,997,form_factor,ATX,
6416,997,chipset,B450,
6417,997,m2_slots,2,EA
6418,997,max_ram_capacity_gb,64,GB
6419,998,cpu_socket,AM4,
6420,998,ram_type,DDR4,
6421,998,ram_socket,4,EA
6422,998,form_factor,M-ATX,
6423,998,chipset,B550,
6424,998,m2_slots,2,EA
6425,998,max_ram_capacity_gb,128,GB
6426,999,cpu_socket,AM4,
6427,999,ram_type,DDR4,
6428,999,ram_socket,4,EA
6429,999,form_factor,M-ATX,
6430,999,chipset,B450,
6431,999,m2_slots,2,EA
6432,999,max_ram_capacity_gb,128,GB
6433,1000,cpu_socket,AM4,
6434,1000,ram_type,DDR4,
6435,1000,ram_socket,4,EA
6436,1000,form_factor,M-ATX,
6437,1000,chipset,B550,
6438,1000,m2_slots,2,EA
6439,1000,max_ram_capacity_gb,128,GB
6440,1001,cpu_socket,AM4,
6441,1001,ram_type,DDR4,
6442,1001,ram_socket,2,EA
6443,1001,form_factor,M-ATX,
6444,1001,chipset,B450,
6445,1001,m2_slots,1,EA
6446,1001,max_ram_capacity_gb,64,GB
6447,1002,cpu_socket,AM4,
6448,1002,ram_type,DDR4,
6449,1002,ram_socket,2,EA
6450,1002,form_factor,M-ATX,
6451,1002,chipset,A520,
6452,1002,m2_slots,1,EA
6453,1002,max_ram_capacity_gb,64,GB
6454,1003,cpu_socket,AM4,
6455,1003,ram_type,DDR4,
6456,1003,ram_socket,4,EA
6457,1003,form_factor,ATX,
6458,1003,chipset,B450,
6459,1003,m2_slots,2,EA
6460,1003,max_ram_capacity_gb,64,GB
6461,1004,cpu_socket,AM4,
6462,1004,ram_type,DDR4,
6463,1004,ram_socket,2,EA
6464,1004,form_factor,M-ATX,
6465,1004,chipset,A520,
6466,1004,m2_slots,1,EA
6467,1004,max_ram_capacity_gb,64,GB
6468,1005,cpu_socket,AM4,
6469,1005,ram_type,DDR4,
6470,1005,ram_socket,2,EA
6471,1005,form_factor,M-ATX,
6472,1005,chipset,A320,
6473,1005,m2_slots,1,EA
6474,1005,max_ram_capacity_gb,32,GB
6475,1006,cpu_socket,AM4,
6476,1006,ram_type,DDR4,
6477,1006,ram_socket,4,EA
6478,1006,form_factor,M-ATX,
6479,1006,chipset,B550,
6480,1006,m2_slots,2,EA
6481,1006,max_ram_capacity_gb,128,GB
6482,1007,cpu_socket,AM4,
6483,1007,ram_type,DDR4,
6484,1007,ram_socket,2,EA
6485,1007,form_factor,M-ATX,
6486,1007,chipset,A520,
6487,1007,m2_slots,1,EA
6488,1007,max_ram_capacity_gb,64,GB
6489,1008,cpu_socket,AM5,
6490,1008,ram_type,DDR5,
6491,1008,ram_socket,4,EA
6492,1008,form_factor,M-ATX,
6493,1008,chipset,B650,
6494,1008,m2_slots,3,EA
6495,1008,max_ram_capacity_gb,256,GB
6496,1009,cpu_socket,AM5,
6497,1009,ram_type,DDR5,
6498,1009,ram_socket,4,EA
6499,1009,form_factor,ATX,
6500,1009,chipset,B850,
6501,1009,m2_slots,4,EA
6502,1009,max_ram_capacity_gb,256,GB
6503,1010,cpu_socket,AM5,
6504,1010,ram_type,DDR5,
6505,1010,ram_socket,4,EA
6506,1010,form_factor,M-ATX,
6507,1010,chipset,B650,
6508,1010,m2_slots,3,EA
6509,1010,max_ram_capacity_gb,256,GB
6510,1011,cpu_socket,AM5,
6511,1011,ram_type,DDR5,
6512,1011,ram_socket,4,EA
6513,1011,form_factor,M-ATX,
6514,1011,chipset,B850,
6515,1011,m2_slots,3,EA
6516,1011,max_ram_capacity_gb,256,GB
6517,1012,cpu_socket,AM5,
6518,1012,ram_type,DDR5,
6519,1012,ram_socket,4,EA
6520,1012,form_factor,M-ATX,
6521,1012,chipset,B650,
6522,1012,m2_slots,3,EA
6523,1012,max_ram_capacity_gb,256,GB
6524,1013,cpu_socket,AM5,
6525,1013,ram_type,DDR5,
6526,1013,ram_socket,4,EA
6527,1013,form_factor,ATX,
6528,1013,chipset,X870,
6529,1013,m2_slots,3,EA
6530,1013,max_ram_capacity_gb,256,GB
6531,1014,cpu_socket,AM5,
6532,1014,ram_type,DDR5,
6533,1014,ram_socket,4,EA
6534,1014,form_factor,E-ATX,
6535,1014,chipset,X870E,
6536,1014,m2_slots,4,EA
6537,1014,max_ram_capacity_gb,256,GB
6538,1015,cpu_socket,AM5,
6539,1015,ram_type,DDR5,
6540,1015,ram_socket,4,EA
6541,1015,form_factor,M-ATX,
6542,1015,chipset,B650,
6543,1015,m2_slots,3,EA
6544,1015,max_ram_capacity_gb,192,GB
6545,1016,cpu_socket,AM5,
6546,1016,ram_type,DDR5,
6547,1016,ram_socket,4,EA
6548,1016,form_factor,ATX,
6549,1016,chipset,X870,
6550,1016,m2_slots,3,EA
6551,1016,max_ram_capacity_gb,256,GB
6552,1017,cpu_socket,AM5,
6553,1017,ram_type,DDR5,
6554,1017,ram_socket,2,EA
6555,1017,form_factor,M-ITX,
6556,1017,chipset,A620A,
6557,1017,m2_slots,2,EA
6558,1017,max_ram_capacity_gb,128,GB
6559,1018,cpu_socket,AM5,
6560,1018,ram_type,DDR5,
6561,1018,ram_socket,2,EA
6562,1018,form_factor,M-ITX,
6563,1018,chipset,B850,
6564,1018,m2_slots,2,EA
6565,1018,max_ram_capacity_gb,128,GB
6566,1019,cpu_socket,AM5,
6567,1019,ram_type,DDR5,
6568,1019,ram_socket,2,EA
6569,1019,form_factor,M-ATX,
6570,1019,chipset,B850,
6571,1019,m2_slots,2,EA
6572,1019,max_ram_capacity_gb,128,GB
6573,1020,cpu_socket,AM5,
6574,1020,ram_type,DDR5,
6575,1020,ram_socket,2,EA
6576,1020,form_factor,M-ATX,
6577,1020,chipset,A620A,
6578,1020,m2_slots,2,EA
6579,1020,max_ram_capacity_gb,128,GB
6580,1021,cpu_socket,AM5,
6581,1021,ram_type,DDR5,
6582,1021,ram_socket,4,EA
6583,1021,form_factor,ATX,
6584,1021,chipset,B850,
6585,1021,m2_slots,4,EA
6586,1021,max_ram_capacity_gb,256,GB
6587,1022,cpu_socket,AM5,
6588,1022,ram_type,DDR5,
6589,1022,ram_socket,4,EA
6590,1022,form_factor,ATX,
6591,1022,chipset,X870E,
6592,1022,m2_slots,5,EA
6593,1022,max_ram_capacity_gb,256,GB
6594,1023,cpu_socket,AM5,
6595,1023,ram_type,DDR5,
6596,1023,ram_socket,2,EA
6597,1023,form_factor,M-ATX,
6598,1023,chipset,A620A,
6599,1023,m2_slots,2,EA
6600,1023,max_ram_capacity_gb,128,GB
6601,1024,cpu_socket,AM5,
6602,1024,ram_type,DDR5,
6603,1024,ram_socket,2,EA
6604,1024,form_factor,M-ATX,
6605,1024,chipset,B850,
6606,1024,m2_slots,2,EA
6607,1024,max_ram_capacity_gb,128,GB
6608,1025,cpu_socket,AM5,
6609,1025,ram_type,DDR5,
6610,1025,ram_socket,4,EA
6611,1025,form_factor,M-ATX,
6612,1025,chipset,B850,
6613,1025,m2_slots,2,EA
6614,1025,max_ram_capacity_gb,256,GB
6615,1026,cpu_socket,AM5,
6616,1026,ram_type,DDR5,
6617,1026,ram_socket,4,EA
6618,1026,form_factor,M-ATX,
6619,1026,chipset,B650,
6620,1026,m2_slots,2,EA
6621,1026,max_ram_capacity_gb,192,GB
6622,1027,cpu_socket,AM5,
6623,1027,ram_type,DDR5,
6624,1027,ram_socket,2,EA
6625,1027,form_factor,M-ITX,
6626,1027,chipset,B850,
6627,1027,m2_slots,2,EA
6628,1027,max_ram_capacity_gb,128,GB
6629,1028,cpu_socket,AM5,
6630,1028,ram_type,DDR5,
6631,1028,ram_socket,4,EA
6632,1028,form_factor,ATX,
6633,1028,chipset,B850,
6634,1028,m2_slots,4,EA
6635,1028,max_ram_capacity_gb,256,GB
6636,1029,cpu_socket,AM5,
6637,1029,ram_type,DDR5,
6638,1029,ram_socket,4,EA
6639,1029,form_factor,M-ATX,
6640,1029,chipset,B650,
6641,1029,m2_slots,3,EA
6642,1029,max_ram_capacity_gb,256,GB
6643,1030,cpu_socket,AM5,
6644,1030,ram_type,DDR5,
6645,1030,ram_socket,4,EA
6646,1030,form_factor,ATX,
6647,1030,chipset,B850,
6648,1030,m2_slots,2,EA
6649,1030,max_ram_capacity_gb,256,GB
6650,1031,cpu_socket,AM5,
6651,1031,ram_type,DDR5,
6652,1031,ram_socket,4,EA
6653,1031,form_factor,M-ATX,
6654,1031,chipset,B650,
6655,1031,m2_slots,2,EA
6656,1031,max_ram_capacity_gb,192,GB
6657,1032,cpu_socket,AM5,
6658,1032,ram_type,DDR5,
6659,1032,ram_socket,2,EA
6660,1032,form_factor,M-ATX,
6661,1032,chipset,B850,
6662,1032,m2_slots,2,EA
6663,1032,max_ram_capacity_gb,128,GB
6664,1033,cpu_socket,AM5,
6665,1033,ram_type,DDR5,
6666,1033,ram_socket,4,EA
6667,1033,form_factor,M-ATX,
6668,1033,chipset,B650,
6669,1033,m2_slots,3,EA
6670,1033,max_ram_capacity_gb,256,GB
6671,1034,cpu_socket,AM5,
6672,1034,ram_type,DDR5,
6673,1034,ram_socket,4,EA
6674,1034,form_factor,ATX,
6675,1034,chipset,X870E,
6676,1034,m2_slots,5,EA
6677,1034,max_ram_capacity_gb,256,GB
6678,1035,cpu_socket,AM5,
6679,1035,ram_type,DDR5,
6680,1035,ram_socket,4,EA
6681,1035,form_factor,M-ATX,
6682,1035,chipset,B850,
6683,1035,m2_slots,3,EA
6684,1035,max_ram_capacity_gb,256,GB
6685,1036,cpu_socket,AM5,
6686,1036,ram_type,DDR5,
6687,1036,ram_socket,4,EA
6688,1036,form_factor,M-ATX,
6689,1036,chipset,B850,
6690,1036,m2_slots,3,EA
6691,1036,max_ram_capacity_gb,256,GB
6692,1037,cpu_socket,AM5,
6693,1037,ram_type,DDR5,
6694,1037,ram_socket,4,EA
6695,1037,form_factor,M-ATX,
6696,1037,chipset,B850,
6697,1037,m2_slots,3,EA
6698,1037,max_ram_capacity_gb,256,GB
6699,1038,cpu_socket,AM5,
6700,1038,ram_type,DDR5,
6701,1038,ram_socket,4,EA
6702,1038,form_factor,ATX,
6703,1038,chipset,B850,
6704,1038,m2_slots,4,EA
6705,1038,max_ram_capacity_gb,256,GB
6706,1039,cpu_socket,AM5,
6707,1039,ram_type,DDR5,
6708,1039,ram_socket,4,EA
6709,1039,form_factor,M-ATX,
6710,1039,chipset,B650,
6711,1039,m2_slots,3,EA
6712,1039,max_ram_capacity_gb,192,GB
6713,1040,cpu_socket,AM5,
6714,1040,ram_type,DDR5,
6715,1040,ram_socket,4,EA
6716,1040,form_factor,ATX,
6717,1040,chipset,X870,
6718,1040,m2_slots,4,EA
6719,1040,max_ram_capacity_gb,256,GB
6720,1041,cpu_socket,AM5,
6721,1041,ram_type,DDR5,
6722,1041,ram_socket,4,EA
6723,1041,form_factor,ATX,
6724,1041,chipset,B850,
6725,1041,m2_slots,4,EA
6726,1041,max_ram_capacity_gb,256,GB
6727,1042,cpu_socket,AM5,
6728,1042,ram_type,DDR5,
6729,1042,ram_socket,4,EA
6730,1042,form_factor,M-ATX,
6731,1042,chipset,B650,
6732,1042,m2_slots,3,EA
6733,1042,max_ram_capacity_gb,256,GB
6734,1043,cpu_socket,AM5,
6735,1043,ram_type,DDR5,
6736,1043,ram_socket,4,EA
6737,1043,form_factor,M-ATX,
6738,1043,chipset,B650,
6739,1043,m2_slots,3,EA
6740,1043,max_ram_capacity_gb,256,GB
6741,1044,cpu_socket,AM5,
6742,1044,ram_type,DDR5,
6743,1044,ram_socket,4,EA
6744,1044,form_factor,ATX,
6745,1044,chipset,B650,
6746,1044,m2_slots,3,EA
6747,1044,max_ram_capacity_gb,256,GB
6748,1045,cpu_socket,AM5,
6749,1045,ram_type,DDR5,
6750,1045,ram_socket,4,EA
6751,1045,form_factor,M-ATX,
6752,1045,chipset,B850,
6753,1045,m2_slots,3,EA
6754,1045,max_ram_capacity_gb,256,GB
6755,1046,cpu_socket,AM5,
6756,1046,ram_type,DDR5,
6757,1046,ram_socket,4,EA
6758,1046,form_factor,M-ATX,
6759,1046,chipset,B650,
6760,1046,m2_slots,3,EA
6761,1046,max_ram_capacity_gb,192,GB
6762,1047,cpu_socket,AM5,
6763,1047,ram_type,DDR5,
6764,1047,ram_socket,4,EA
6765,1047,form_factor,E-ATX,
6766,1047,chipset,X870E,
6767,1047,m2_slots,4,EA
6768,1047,max_ram_capacity_gb,256,GB
6769,1048,cpu_socket,AM5,
6770,1048,ram_type,DDR5,
6771,1048,ram_socket,4,EA
6772,1048,form_factor,M-ATX,
6773,1048,chipset,B850,
6774,1048,m2_slots,3,EA
6775,1048,max_ram_capacity_gb,256,GB
6776,1049,cpu_socket,AM5,
6777,1049,ram_type,DDR5,
6778,1049,ram_socket,4,EA
6779,1049,form_factor,E-ATX,
6780,1049,chipset,X870E,
6781,1049,m2_slots,4,EA
6782,1049,max_ram_capacity_gb,256,GB
6783,1050,cpu_socket,AM5,
6784,1050,ram_type,DDR5,
6785,1050,ram_socket,2,EA
6786,1050,form_factor,M-ATX,
6787,1050,chipset,B850,
6788,1050,m2_slots,2,EA
6789,1050,max_ram_capacity_gb,128,GB
6790,1051,cpu_socket,AM5,
6791,1051,ram_type,DDR5,
6792,1051,ram_socket,4,EA
6793,1051,form_factor,M-ATX,
6794,1051,chipset,B850,
6795,1051,m2_slots,3,EA
6796,1051,max_ram_capacity_gb,256,GB
6797,1052,cpu_socket,AM5,
6798,1052,ram_type,DDR5,
6799,1052,ram_socket,4,EA
6800,1052,form_factor,ATX,
6801,1052,chipset,B850,
6802,1052,m2_slots,4,EA
6803,1052,max_ram_capacity_gb,256,GB
6804,1053,cpu_socket,AM5,
6805,1053,ram_type,DDR5,
6806,1053,ram_socket,4,EA
6807,1053,form_factor,ATX,
6808,1053,chipset,B650,
6809,1053,m2_slots,3,EA
6810,1053,max_ram_capacity_gb,256,GB
6811,1054,cpu_socket,AM5,
6812,1054,ram_type,DDR5,
6813,1054,ram_socket,2,EA
6814,1054,form_factor,M-ATX,
6815,1054,chipset,B850,
6816,1054,m2_slots,2,EA
6817,1054,max_ram_capacity_gb,128,GB
6818,1055,cpu_socket,AM5,
6819,1055,ram_type,DDR5,
6820,1055,ram_socket,4,EA
6821,1055,form_factor,ATX,
6822,1055,chipset,B850,
6823,1055,m2_slots,4,EA
6824,1055,max_ram_capacity_gb,256,GB
6825,1056,cpu_socket,AM5,
6826,1056,ram_type,DDR5,
6827,1056,ram_socket,4,EA
6828,1056,form_factor,ATX,
6829,1056,chipset,B850,
6830,1056,m2_slots,4,EA
6831,1056,max_ram_capacity_gb,256,GB
6832,1057,cpu_socket,AM5,
6833,1057,ram_type,DDR5,
6834,1057,ram_socket,4,EA
6835,1057,form_factor,ATX,
6836,1057,chipset,B850,
6837,1057,m2_slots,2,EA
6838,1057,max_ram_capacity_gb,256,GB
6839,1058,cpu_socket,AM5,
6840,1058,ram_type,DDR5,
6841,1058,ram_socket,4,EA
6842,1058,form_factor,M-ATX,
6843,1058,chipset,B850,
6844,1058,m2_slots,3,EA
6845,1058,max_ram_capacity_gb,256,GB
6846,1059,cpu_socket,AM5,
6847,1059,ram_type,DDR5,
6848,1059,ram_socket,4,EA
6849,1059,form_factor,M-ATX,
6850,1059,chipset,B650,
6851,1059,m2_slots,3,EA
6852,1059,max_ram_capacity_gb,192,GB
6853,1060,cpu_socket,AM5,
6854,1060,ram_type,DDR5,
6855,1060,ram_socket,4,EA
6856,1060,form_factor,M-ATX,
6857,1060,chipset,B850,
6858,1060,m2_slots,3,EA
6859,1060,max_ram_capacity_gb,256,GB
6860,1061,cpu_socket,AM5,
6861,1061,ram_type,DDR5,
6862,1061,ram_socket,4,EA
6863,1061,form_factor,ATX,
6864,1061,chipset,X870E,
6865,1061,m2_slots,5,EA
6866,1061,max_ram_capacity_gb,256,GB
6867,1062,cpu_socket,AM5,
6868,1062,ram_type,DDR5,
6869,1062,ram_socket,4,EA
6870,1062,form_factor,M-ATX,
6871,1062,chipset,B850,
6872,1062,m2_slots,3,EA
6873,1062,max_ram_capacity_gb,256,GB
6874,1063,cpu_socket,AM5,
6875,1063,ram_type,DDR5,
6876,1063,ram_socket,2,EA
6877,1063,form_factor,M-ATX,
6878,1063,chipset,B850,
6879,1063,m2_slots,2,EA
6880,1063,max_ram_capacity_gb,128,GB
6881,1064,cpu_socket,AM5,
6882,1064,ram_type,DDR5,
6883,1064,ram_socket,4,EA
6884,1064,form_factor,E-ATX,
6885,1064,chipset,X870E,
6886,1064,m2_slots,4,EA
6887,1064,max_ram_capacity_gb,256,GB
6888,1065,cpu_socket,AM5,
6889,1065,ram_type,DDR5,
6890,1065,ram_socket,4,EA
6891,1065,form_factor,ATX,
6892,1065,chipset,B850,
6893,1065,m2_slots,2,EA
6894,1065,max_ram_capacity_gb,256,GB
6895,1066,cpu_socket,AM5,
6896,1066,ram_type,DDR5,
6897,1066,ram_socket,4,EA
6898,1066,form_factor,ATX,
6899,1066,chipset,B850,
6900,1066,m2_slots,4,EA
6901,1066,max_ram_capacity_gb,256,GB
6902,1067,cpu_socket,AM5,
6903,1067,ram_type,DDR5,
6904,1067,ram_socket,4,EA
6905,1067,form_factor,ATX,
6906,1067,chipset,X870,
6907,1067,m2_slots,3,EA
6908,1067,max_ram_capacity_gb,256,GB
6909,1068,cpu_socket,AM5,
6910,1068,ram_type,DDR5,
6911,1068,ram_socket,4,EA
6912,1068,form_factor,ATX,
6913,1068,chipset,B850,
6914,1068,m2_slots,2,EA
6915,1068,max_ram_capacity_gb,256,GB
6916,1069,cpu_socket,AM5,
6917,1069,ram_type,DDR5,
6918,1069,ram_socket,4,EA
6919,1069,form_factor,M-ATX,
6920,1069,chipset,B850,
6921,1069,m2_slots,2,EA
6922,1069,max_ram_capacity_gb,256,GB
6923,1070,cpu_socket,AM5,
6924,1070,ram_type,DDR5,
6925,1070,ram_socket,4,EA
6926,1070,form_factor,ATX,
6927,1070,chipset,B850,
6928,1070,m2_slots,2,EA
6929,1070,max_ram_capacity_gb,256,GB
6930,1071,cpu_socket,AM5,
6931,1071,ram_type,DDR5,
6932,1071,ram_socket,4,EA
6933,1071,form_factor,ATX,
6934,1071,chipset,X870,
6935,1071,m2_slots,3,EA
6936,1071,max_ram_capacity_gb,256,GB
6937,1072,cpu_socket,AM5,
6938,1072,ram_type,DDR5,
6939,1072,ram_socket,4,EA
6940,1072,form_factor,ATX,
6941,1072,chipset,B850,
6942,1072,m2_slots,4,EA
6943,1072,max_ram_capacity_gb,256,GB
6944,1073,cpu_socket,AM5,
6945,1073,ram_type,DDR5,
6946,1073,ram_socket,2,EA
6947,1073,form_factor,M-ATX,
6948,1073,chipset,A620A,
6949,1073,m2_slots,2,EA
6950,1073,max_ram_capacity_gb,128,GB
6951,1074,cpu_socket,AM5,
6952,1074,ram_type,DDR5,
6953,1074,ram_socket,4,EA
6954,1074,form_factor,M-ATX,
6955,1074,chipset,B850,
6956,1074,m2_slots,3,EA
6957,1074,max_ram_capacity_gb,256,GB
6958,1075,cpu_socket,AM5,
6959,1075,ram_type,DDR5,
6960,1075,ram_socket,4,EA
6961,1075,form_factor,ATX,
6962,1075,chipset,X870,
6963,1075,m2_slots,3,EA
6964,1075,max_ram_capacity_gb,256,GB
6965,1076,cpu_socket,AM5,
6966,1076,ram_type,DDR5,
6967,1076,ram_socket,4,EA
6968,1076,form_factor,M-ATX,
6969,1076,chipset,B850,
6970,1076,m2_slots,3,EA
6971,1076,max_ram_capacity_gb,256,GB
6972,1077,cpu_socket,AM5,
6973,1077,ram_type,DDR5,
6974,1077,ram_socket,4,EA
6975,1077,form_factor,M-ATX,
6976,1077,chipset,B850,
6977,1077,m2_slots,3,EA
6978,1077,max_ram_capacity_gb,256,GB
6979,1078,cpu_socket,AM5,
6980,1078,ram_type,DDR5,
6981,1078,ram_socket,4,EA
6982,1078,form_factor,M-ATX,
6983,1078,chipset,B850,
6984,1078,m2_slots,3,EA
6985,1078,max_ram_capacity_gb,256,GB
6986,1079,cpu_socket,AM5,
6987,1079,ram_type,DDR5,
6988,1079,ram_socket,4,EA
6989,1079,form_factor,M-ATX,
6990,1079,chipset,B850,
6991,1079,m2_slots,3,EA
6992,1079,max_ram_capacity_gb,256,GB
6993,1080,cpu_socket,AM5,
6994,1080,ram_type,DDR5,
6995,1080,ram_socket,4,EA
6996,1080,form_factor,M-ATX,
6997,1080,chipset,B850,
6998,1080,m2_slots,3,EA
6999,1080,max_ram_capacity_gb,256,GB
7000,1081,cpu_socket,AM5,
7001,1081,ram_type,DDR5,
7002,1081,ram_socket,4,EA
7003,1081,form_factor,ATX,
7004,1081,chipset,X870,
7005,1081,m2_slots,3,EA
7006,1081,max_ram_capacity_gb,256,GB
7007,1082,cpu_socket,AM5,
7008,1082,ram_type,DDR5,
7009,1082,ram_socket,4,EA
7010,1082,form_factor,M-ATX,
7011,1082,chipset,B650,
7012,1082,m2_slots,3,EA
7013,1082,max_ram_capacity_gb,192,GB
7014,1083,cpu_socket,AM5,
7015,1083,ram_type,DDR5,
7016,1083,ram_socket,2,EA
7017,1083,form_factor,M-ATX,
7018,1083,chipset,B850,
7019,1083,m2_slots,2,EA
7020,1083,max_ram_capacity_gb,128,GB
7021,1084,cpu_socket,AM5,
7022,1084,ram_type,DDR5,
7023,1084,ram_socket,4,EA
7024,1084,form_factor,ATX,
7025,1084,chipset,X870,
7026,1084,m2_slots,4,EA
7027,1084,max_ram_capacity_gb,256,GB
7028,1085,cpu_socket,AM5,
7029,1085,ram_type,DDR5,
7030,1085,ram_socket,4,EA
7031,1085,form_factor,ATX,
7032,1085,chipset,B850,
7033,1085,m2_slots,2,EA
7034,1085,max_ram_capacity_gb,256,GB
7035,1086,cpu_socket,AM5,
7036,1086,ram_type,DDR5,
7037,1086,ram_socket,4,EA
7038,1086,form_factor,ATX,
7039,1086,chipset,X870,
7040,1086,m2_slots,3,EA
7041,1086,max_ram_capacity_gb,256,GB
7042,1087,cpu_socket,AM5,
7043,1087,ram_type,DDR5,
7044,1087,ram_socket,4,EA
7045,1087,form_factor,ATX,
7046,1087,chipset,B850,
7047,1087,m2_slots,2,EA
7048,1087,max_ram_capacity_gb,256,GB
7049,1088,cpu_socket,AM5,
7050,1088,ram_type,DDR5,
7051,1088,ram_socket,4,EA
7052,1088,form_factor,M-ATX,
7053,1088,chipset,B850,
7054,1088,m2_slots,3,EA
7055,1088,max_ram_capacity_gb,256,GB
7056,1089,cpu_socket,AM5,
7057,1089,ram_type,DDR5,
7058,1089,ram_socket,4,EA
7059,1089,form_factor,M-ATX,
7060,1089,chipset,B650,
7061,1089,m2_slots,2,EA
7062,1089,max_ram_capacity_gb,192,GB
7063,1090,cpu_socket,AM5,
7064,1090,ram_type,DDR5,
7065,1090,ram_socket,4,EA
7066,1090,form_factor,M-ATX,
7067,1090,chipset,B850,
7068,1090,m2_slots,2,EA
7069,1090,max_ram_capacity_gb,256,GB
7070,1091,cpu_socket,AM5,
7071,1091,ram_type,DDR5,
7072,1091,ram_socket,4,EA
7073,1091,form_factor,ATX,
7074,1091,chipset,B850,
7075,1091,m2_slots,4,EA
7076,1091,max_ram_capacity_gb,256,GB
7077,1092,cpu_socket,AM5,
7078,1092,ram_type,DDR5,
7079,1092,ram_socket,4,EA
7080,1092,form_factor,ATX,
7081,1092,chipset,B850,
7082,1092,m2_slots,4,EA
7083,1092,max_ram_capacity_gb,256,GB
7084,1093,cpu_socket,AM5,
7085,1093,ram_type,DDR5,
7086,1093,ram_socket,4,EA
7087,1093,form_factor,M-ATX,
7088,1093,chipset,B850,
7089,1093,m2_slots,3,EA
7090,1093,max_ram_capacity_gb,256,GB
7091,1094,cpu_socket,AM5,
7092,1094,ram_type,DDR5,
7093,1094,ram_socket,4,EA
7094,1094,form_factor,M-ATX,
7095,1094,chipset,B850,
7096,1094,m2_slots,3,EA
7097,1094,max_ram_capacity_gb,256,GB
7098,1095,cpu_socket,AM5,
7099,1095,ram_type,DDR5,
7100,1095,ram_socket,2,EA
7101,1095,form_factor,M-ATX,
7102,1095,chipset,B650,
7103,1095,m2_slots,2,EA
7104,1095,max_ram_capacity_gb,96,GB
7105,1096,cpu_socket,AM5,
7106,1096,ram_type,DDR5,
7107,1096,ram_socket,4,EA
7108,1096,form_factor,ATX,
7109,1096,chipset,B650,
7110,1096,m2_slots,3,EA
7111,1096,max_ram_capacity_gb,128,GB
7112,1097,cpu_socket,AM5,
7113,1097,ram_type,DDR5,
7114,1097,ram_socket,4,EA
7115,1097,form_factor,ATX,
7116,1097,chipset,X870,
7117,1097,m2_slots,3,EA
7118,1097,max_ram_capacity_gb,256,GB
7119,1098,cpu_socket,AM5,
7120,1098,ram_type,DDR5,
7121,1098,ram_socket,4,EA
7122,1098,form_factor,M-ATX,
7123,1098,chipset,B650,
7124,1098,m2_slots,3,EA
7125,1098,max_ram_capacity_gb,256,GB
7126,1099,cpu_socket,AM5,
7127,1099,ram_type,DDR5,
7128,1099,ram_socket,4,EA
7129,1099,form_factor,ATX,
7130,1099,chipset,X870,
7131,1099,m2_slots,3,EA
7132,1099,max_ram_capacity_gb,256,GB
7133,1100,cpu_socket,AM5,
7134,1100,ram_type,DDR5,
7135,1100,ram_socket,4,EA
7136,1100,form_factor,ATX,
7137,1100,chipset,B650,
7138,1100,m2_slots,3,EA
7139,1100,max_ram_capacity_gb,128,GB
7140,1101,cpu_socket,AM5,
7141,1101,ram_type,DDR5,
7142,1101,ram_socket,4,EA
7143,1101,form_factor,ATX,
7144,1101,chipset,B650,
7145,1101,m2_slots,3,EA
7146,1101,max_ram_capacity_gb,192,GB
7147,1102,cpu_socket,AM5,
7148,1102,ram_type,DDR5,
7149,1102,ram_socket,4,EA
7150,1102,form_factor,M-ATX,
7151,1102,chipset,B650,
7152,1102,m2_slots,3,EA
7153,1102,max_ram_capacity_gb,256,GB
7154,1103,cpu_socket,AM5,
7155,1103,ram_type,DDR5,
7156,1103,ram_socket,4,EA
7157,1103,form_factor,ATX,
7158,1103,chipset,B850,
7159,1103,m2_slots,3,EA
7160,1103,max_ram_capacity_gb,256,GB
7161,1104,cpu_socket,AM5,
7162,1104,ram_type,DDR5,
7163,1104,ram_socket,4,EA
7164,1104,form_factor,ATX,
7165,1104,chipset,X870,
7166,1104,m2_slots,3,EA
7167,1104,max_ram_capacity_gb,256,GB
7168,1105,cpu_socket,AM5,
7169,1105,ram_type,DDR5,
7170,1105,ram_socket,4,EA
7171,1105,form_factor,ATX,
7172,1105,chipset,B650,
7173,1105,m2_slots,3,EA
7174,1105,max_ram_capacity_gb,192,GB
7175,1106,cpu_socket,AM5,
7176,1106,ram_type,DDR5,
7177,1106,ram_socket,4,EA
7178,1106,form_factor,M-ATX,
7179,1106,chipset,B650,
7180,1106,m2_slots,2,EA
7181,1106,max_ram_capacity_gb,192,GB
7182,1107,cpu_socket,AM5,
7183,1107,ram_type,DDR5,
7184,1107,ram_socket,4,EA
7185,1107,form_factor,ATX,
7186,1107,chipset,X870,
7187,1107,m2_slots,3,EA
7188,1107,max_ram_capacity_gb,256,GB
7189,1108,cpu_socket,AM5,
7190,1108,ram_type,DDR5,
7191,1108,ram_socket,4,EA
7192,1108,form_factor,M-ATX,
7193,1108,chipset,B650,
7194,1108,m2_slots,3,EA
7195,1108,max_ram_capacity_gb,192,GB
7196,1109,cpu_socket,AM5,
7197,1109,ram_type,DDR5,
7198,1109,ram_socket,4,EA
7199,1109,form_factor,ATX,
7200,1109,chipset,B650E,
7201,1109,m2_slots,3,EA
7202,1109,max_ram_capacity_gb,192,GB
7203,1110,cpu_socket,AM5,
7204,1110,ram_type,DDR5,
7205,1110,ram_socket,4,EA
7206,1110,form_factor,M-ATX,
7207,1110,chipset,B650,
7208,1110,m2_slots,3,EA
7209,1110,max_ram_capacity_gb,192,GB
7210,1111,cpu_socket,AM5,
7211,1111,ram_type,DDR5,
7212,1111,ram_socket,4,EA
7213,1111,form_factor,ATX,
7214,1111,chipset,B650,
7215,1111,m2_slots,3,EA
7216,1111,max_ram_capacity_gb,128,GB
7217,1112,cpu_socket,AM5,
7218,1112,ram_type,DDR5,
7219,1112,ram_socket,4,EA
7220,1112,form_factor,ATX,
7221,1112,chipset,B650E,
7222,1112,m2_slots,3,EA
7223,1112,max_ram_capacity_gb,192,GB
7224,1113,cpu_socket,AM5,
7225,1113,ram_type,DDR5,
7226,1113,ram_socket,4,EA
7227,1113,form_factor,M-ATX,
7228,1113,chipset,B650,
7229,1113,m2_slots,3,EA
7230,1113,max_ram_capacity_gb,256,GB
7231,1114,cpu_socket,AM5,
7232,1114,ram_type,DDR5,
7233,1114,ram_socket,4,EA
7234,1114,form_factor,M-ATX,
7235,1114,chipset,B650,
7236,1114,m2_slots,3,EA
7237,1114,max_ram_capacity_gb,256,GB
7238,1115,cpu_socket,AM5,
7239,1115,ram_type,DDR5,
7240,1115,ram_socket,2,EA
7241,1115,form_factor,M-ATX,
7242,1115,chipset,A620A,
7243,1115,m2_slots,2,EA
7244,1115,max_ram_capacity_gb,128,GB
7245,1116,cpu_socket,LGA1200,
7246,1116,ram_type,DDR4,
7247,1116,ram_socket,4,EA
7248,1116,form_factor,M-ATX,
7249,1116,chipset,B560,
7250,1116,m2_slots,3,EA
7251,1116,max_ram_capacity_gb,128,GB
7252,1117,cpu_socket,LGA1200,
7253,1117,ram_type,DDR4,
7254,1117,ram_socket,2,EA
7255,1117,form_factor,M-ATX,
7256,1117,chipset,B560,
7257,1117,m2_slots,1,EA
7258,1117,max_ram_capacity_gb,64,GB
7259,1118,cpu_socket,LGA1200,
7260,1118,ram_type,DDR4,
7261,1118,ram_socket,4,EA
7262,1118,form_factor,ATX,
7263,1118,chipset,B560,
7264,1118,m2_slots,3,EA
7265,1118,max_ram_capacity_gb,128,GB
7266,1119,cpu_socket,LGA1200,
7267,1119,ram_type,DDR4,
7268,1119,ram_socket,2,EA
7269,1119,form_factor,M-ATX,
7270,1119,chipset,H470,
7271,1119,m2_slots,1,EA
7272,1119,max_ram_capacity_gb,64,GB
7273,1120,cpu_socket,LGA1700,
7274,1120,ram_type,DDR4,
7275,1120,ram_socket,4,EA
7276,1120,form_factor,M-ATX,
7277,1120,chipset,B760,
7278,1120,m2_slots,2,EA
7279,1120,max_ram_capacity_gb,128,GB
7280,1121,cpu_socket,LGA1700,
7281,1121,ram_type,DDR4,
7282,1121,ram_socket,2,EA
7283,1121,form_factor,M-ATX,
7284,1121,chipset,H610,
7285,1121,m2_slots,1,EA
7286,1121,max_ram_capacity_gb,64,GB
7287,1122,cpu_socket,LGA1700,
7288,1122,ram_type,DDR5,
7289,1122,ram_socket,2,EA
7290,1122,form_factor,M-ATX,
7291,1122,chipset,B760,
7292,1122,m2_slots,2,EA
7293,1122,max_ram_capacity_gb,96,GB
7294,1123,cpu_socket,LGA1700,
7295,1123,ram_type,DDR5,
7296,1123,ram_socket,2,EA
7297,1123,form_factor,M-ATX,
7298,1123,chipset,H610,
7299,1123,m2_slots,1,EA
7300,1123,max_ram_capacity_gb,96,GB
7301,1124,cpu_socket,LGA1700,
7302,1124,ram_type,DDR4,
7303,1124,ram_socket,2,EA
7304,1124,form_factor,M-ATX,
7305,1124,chipset,H610,
7306,1124,m2_slots,1,EA
7307,1124,max_ram_capacity_gb,64,GB
7308,1125,cpu_socket,LGA1700,
7309,1125,ram_type,DDR4,
7310,1125,ram_socket,2,EA
7311,1125,form_factor,M-ATX,
7312,1125,chipset,H610,
7313,1125,m2_slots,1,EA
7314,1125,max_ram_capacity_gb,64,GB
7315,1126,cpu_socket,LGA1700,
7316,1126,ram_type,DDR4,
7317,1126,ram_socket,4,EA
7318,1126,form_factor,M-ATX,
7319,1126,chipset,B760,
7320,1126,m2_slots,2,EA
7321,1126,max_ram_capacity_gb,128,GB
7322,1127,cpu_socket,LGA1700,
7323,1127,ram_type,DDR5,
7324,1127,ram_socket,4,EA
7325,1127,form_factor,M-ATX,
7326,1127,chipset,B760,
7327,1127,m2_slots,3,EA
7328,1127,max_ram_capacity_gb,192,GB
7329,1128,cpu_socket,LGA1700,
7330,1128,ram_type,DDR4,
7331,1128,ram_socket,2,EA
7332,1128,form_factor,M-ITX,
7333,1128,chipset,H610,
7334,1128,m2_slots,2,EA
7335,1128,max_ram_capacity_gb,64,GB
7336,1129,cpu_socket,LGA1700,
7337,1129,ram_type,DDR5,
7338,1129,ram_socket,2,EA
7339,1129,form_factor,M-ATX,
7340,1129,chipset,H610,
7341,1129,m2_slots,1,EA
7342,1129,max_ram_capacity_gb,96,GB
7343,1130,cpu_socket,LGA1700,
7344,1130,ram_type,DDR5,
7345,1130,ram_socket,4,EA
7346,1130,form_factor,M-ATX,
7347,1130,chipset,B760,
7348,1130,m2_slots,3,EA
7349,1130,max_ram_capacity_gb,256,GB
7350,1131,cpu_socket,LGA1700,
7351,1131,ram_type,DDR5,
7352,1131,ram_socket,2,EA
7353,1131,form_factor,M-ATX,
7354,1131,chipset,H610,
7355,1131,m2_slots,1,EA
7356,1131,max_ram_capacity_gb,96,GB
7357,1132,cpu_socket,LGA1700,
7358,1132,ram_type,DDR4,
7359,1132,ram_socket,4,EA
7360,1132,form_factor,M-ATX,
7361,1132,chipset,B660,
7362,1132,m2_slots,2,EA
7363,1132,max_ram_capacity_gb,128,GB
7364,1133,cpu_socket,LGA1700,
7365,1133,ram_type,DDR5,
7366,1133,ram_socket,2,EA
7367,1133,form_factor,M-ATX,
7368,1133,chipset,H610,
7369,1133,m2_slots,1,EA
7370,1133,max_ram_capacity_gb,128,GB
7371,1134,cpu_socket,LGA1700,
7372,1134,ram_type,DDR4,
7373,1134,ram_socket,2,EA
7374,1134,form_factor,M-ATX,
7375,1134,chipset,H610,
7376,1134,m2_slots,1,EA
7377,1134,max_ram_capacity_gb,64,GB
7378,1135,cpu_socket,LGA1700,
7379,1135,ram_type,DDR5,
7380,1135,ram_socket,2,EA
7381,1135,form_factor,M-ATX,
7382,1135,chipset,H610,
7383,1135,m2_slots,1,EA
7384,1135,max_ram_capacity_gb,96,GB
7385,1136,cpu_socket,LGA1700,
7386,1136,ram_type,DDR5,
7387,1136,ram_socket,4,EA
7388,1136,form_factor,M-ATX,
7389,1136,chipset,B760,
7390,1136,m2_slots,3,EA
7391,1136,max_ram_capacity_gb,192,GB
7392,1137,cpu_socket,LGA1700,
7393,1137,ram_type,DDR5,
7394,1137,ram_socket,2,EA
7395,1137,form_factor,M-ATX,
7396,1137,chipset,H610,
7397,1137,m2_slots,1,EA
7398,1137,max_ram_capacity_gb,128,GB
7399,1138,cpu_socket,LGA1700,
7400,1138,ram_type,DDR5,
7401,1138,ram_socket,2,EA
7402,1138,form_factor,M-ATX,
7403,1138,chipset,H610,
7404,1138,m2_slots,1,EA
7405,1138,max_ram_capacity_gb,96,GB
7406,1139,cpu_socket,LGA1700,
7407,1139,ram_type,DDR4,
7408,1139,ram_socket,2,EA
7409,1139,form_factor,M-ATX,
7410,1139,chipset,H610,
7411,1139,m2_slots,1,EA
7412,1139,max_ram_capacity_gb,64,GB
7413,1140,cpu_socket,LGA1700,
7414,1140,ram_type,DDR5,
7415,1140,ram_socket,2,EA
7416,1140,form_factor,M-ATX,
7417,1140,chipset,H610,
7418,1140,m2_slots,1,EA
7419,1140,max_ram_capacity_gb,128,GB
7420,1141,cpu_socket,LGA1700,
7421,1141,ram_type,DDR5,
7422,1141,ram_socket,2,EA
7423,1141,form_factor,M-ATX,
7424,1141,chipset,H610,
7425,1141,m2_slots,1,EA
7426,1141,max_ram_capacity_gb,96,GB
7427,1142,cpu_socket,LGA1700,
7428,1142,ram_type,DDR5,
7429,1142,ram_socket,2,EA
7430,1142,form_factor,M-ATX,
7431,1142,chipset,H610,
7432,1142,m2_slots,1,EA
7433,1142,max_ram_capacity_gb,128,GB
7434,1143,cpu_socket,LGA1700,
7435,1143,ram_type,DDR5,
7436,1143,ram_socket,2,EA
7437,1143,form_factor,M-ATX,
7438,1143,chipset,B760,
7439,1143,m2_slots,2,EA
7440,1143,max_ram_capacity_gb,128,GB
7441,1144,cpu_socket,LGA1700,
7442,1144,ram_type,DDR5,
7443,1144,ram_socket,2,EA
7444,1144,form_factor,M-ATX,
7445,1144,chipset,H610,
7446,1144,m2_slots,1,EA
7447,1144,max_ram_capacity_gb,96,GB
7448,1145,cpu_socket,LGA1700,
7449,1145,ram_type,DDR5,
7450,1145,ram_socket,4,EA
7451,1145,form_factor,M-ATX,
7452,1145,chipset,B760,
7453,1145,m2_slots,3,EA
7454,1145,max_ram_capacity_gb,192,GB
7455,1146,cpu_socket,LGA1700,
7456,1146,ram_type,DDR5,
7457,1146,ram_socket,2,EA
7458,1146,form_factor,M-ATX,
7459,1146,chipset,H610,
7460,1146,m2_slots,1,EA
7461,1146,max_ram_capacity_gb,96,GB
7462,1147,cpu_socket,LGA1700,
7463,1147,ram_type,DDR5,
7464,1147,ram_socket,2,EA
7465,1147,form_factor,M-ATX,
7466,1147,chipset,H610,
7467,1147,m2_slots,1,EA
7468,1147,max_ram_capacity_gb,128,GB
7469,1148,cpu_socket,LGA1700,
7470,1148,ram_type,DDR5,
7471,1148,ram_socket,2,EA
7472,1148,form_factor,M-ATX,
7473,1148,chipset,H610,
7474,1148,m2_slots,1,EA
7475,1148,max_ram_capacity_gb,96,GB
7476,1149,cpu_socket,LGA1700,
7477,1149,ram_type,DDR5,
7478,1149,ram_socket,4,EA
7479,1149,form_factor,ATX,
7480,1149,chipset,Z790,
7481,1149,m2_slots,4,EA
7482,1149,max_ram_capacity_gb,256,GB
7483,1150,cpu_socket,LGA1700,
7484,1150,ram_type,DDR5,
7485,1150,ram_socket,2,EA
7486,1150,form_factor,M-ATX,
7487,1150,chipset,H610,
7488,1150,m2_slots,1,EA
7489,1150,max_ram_capacity_gb,128,GB
7490,1151,cpu_socket,LGA1700,
7491,1151,ram_type,DDR5,
7492,1151,ram_socket,2,EA
7493,1151,form_factor,M-ATX,
7494,1151,chipset,H610,
7495,1151,m2_slots,1,EA
7496,1151,max_ram_capacity_gb,96,GB
7497,1152,cpu_socket,LGA1700,
7498,1152,ram_type,DDR5,
7499,1152,ram_socket,4,EA
7500,1152,form_factor,M-ATX,
7501,1152,chipset,B760,
7502,1152,m2_slots,3,EA
7503,1152,max_ram_capacity_gb,192,GB
7504,1153,cpu_socket,LGA1700,
7505,1153,ram_type,DDR5,
7506,1153,ram_socket,2,EA
7507,1153,form_factor,M-ATX,
7508,1153,chipset,H610,
7509,1153,m2_slots,1,EA
7510,1153,max_ram_capacity_gb,128,GB
7511,1154,cpu_socket,LGA1700,
7512,1154,ram_type,DDR5,
7513,1154,ram_socket,2,EA
7514,1154,form_factor,M-ATX,
7515,1154,chipset,H610,
7516,1154,m2_slots,1,EA
7517,1154,max_ram_capacity_gb,128,GB
7518,1155,cpu_socket,LGA1700,
7519,1155,ram_type,DDR4,
7520,1155,ram_socket,2,EA
7521,1155,form_factor,M-ATX,
7522,1155,chipset,B660,
7523,1155,m2_slots,2,EA
7524,1155,max_ram_capacity_gb,64,GB
7525,1156,cpu_socket,LGA1700,
7526,1156,ram_type,DDR5,
7527,1156,ram_socket,4,EA
7528,1156,form_factor,M-ATX,
7529,1156,chipset,B760,
7530,1156,m2_slots,3,EA
7531,1156,max_ram_capacity_gb,256,GB
7532,1157,cpu_socket,LGA1700,
7533,1157,ram_type,DDR4,
7534,1157,ram_socket,2,EA
7535,1157,form_factor,M-ATX,
7536,1157,chipset,H610,
7537,1157,m2_slots,1,EA
7538,1157,max_ram_capacity_gb,64,GB
7539,1158,cpu_socket,LGA1700,
7540,1158,ram_type,DDR4,
7541,1158,ram_socket,2,EA
7542,1158,form_factor,M-ATX,
7543,1158,chipset,H610,
7544,1158,m2_slots,1,EA
7545,1158,max_ram_capacity_gb,64,GB
7546,1159,cpu_socket,LGA1700,
7547,1159,ram_type,DDR5,
7548,1159,ram_socket,4,EA
7549,1159,form_factor,M-ATX,
7550,1159,chipset,B760,
7551,1159,m2_slots,3,EA
7552,1159,max_ram_capacity_gb,128,GB
7553,1160,cpu_socket,LGA1700,
7554,1160,ram_type,DDR5,
7555,1160,ram_socket,4,EA
7556,1160,form_factor,M-ATX,
7557,1160,chipset,B760,
7558,1160,m2_slots,3,EA
7559,1160,max_ram_capacity_gb,192,GB
7560,1161,cpu_socket,LGA1700,
7561,1161,ram_type,DDR5,
7562,1161,ram_socket,2,EA
7563,1161,form_factor,M-ATX,
7564,1161,chipset,H610,
7565,1161,m2_slots,1,EA
7566,1161,max_ram_capacity_gb,96,GB
7567,1162,cpu_socket,LGA1700,
7568,1162,ram_type,DDR5,
7569,1162,ram_socket,4,EA
7570,1162,form_factor,ATX,
7571,1162,chipset,Z790,
7572,1162,m2_slots,4,EA
7573,1162,max_ram_capacity_gb,128,GB
7574,1163,cpu_socket,LGA1700,
7575,1163,ram_type,DDR5,
7576,1163,ram_socket,4,EA
7577,1163,form_factor,ATX,
7578,1163,chipset,Z790,
7579,1163,m2_slots,4,EA
7580,1163,max_ram_capacity_gb,128,GB
7581,1164,cpu_socket,LGA1700,
7582,1164,ram_type,DDR4,
7583,1164,ram_socket,2,EA
7584,1164,form_factor,M-ATX,
7585,1164,chipset,H610,
7586,1164,m2_slots,1,EA
7587,1164,max_ram_capacity_gb,64,GB
7588,1165,cpu_socket,LGA1700,
7589,1165,ram_type,DDR5,
7590,1165,ram_socket,4,EA
7591,1165,form_factor,ATX,
7592,1165,chipset,Z790,
7593,1165,m2_slots,4,EA
7594,1165,max_ram_capacity_gb,128,GB
7595,1166,cpu_socket,LGA1700,
7596,1166,ram_type,DDR5,
7597,1166,ram_socket,4,EA
7598,1166,form_factor,ATX,
7599,1166,chipset,Z790,
7600,1166,m2_slots,4,EA
7601,1166,max_ram_capacity_gb,128,GB
7602,1167,cpu_socket,LGA1700,
7603,1167,ram_type,DDR5,
7604,1167,ram_socket,4,EA
7605,1167,form_factor,M-ATX,
7606,1167,chipset,B760,
7607,1167,m2_slots,3,EA
7608,1167,max_ram_capacity_gb,192,GB
7609,1168,cpu_socket,LGA1700,
7610,1168,ram_type,DDR4,
7611,1168,ram_socket,2,EA
7612,1168,form_factor,M-ATX,
7613,1168,chipset,H610,
7614,1168,m2_slots,1,EA
7615,1168,max_ram_capacity_gb,64,GB
7616,1169,cpu_socket,LGA1700,
7617,1169,ram_type,DDR5,
7618,1169,ram_socket,4,EA
7619,1169,form_factor,M-ATX,
7620,1169,chipset,B760,
7621,1169,m2_slots,3,EA
7622,1169,max_ram_capacity_gb,192,GB
7623,1170,cpu_socket,LGA1700,
7624,1170,ram_type,DDR5,
7625,1170,ram_socket,4,EA
7626,1170,form_factor,ATX,
7627,1170,chipset,Z790,
7628,1170,m2_slots,4,EA
7629,1170,max_ram_capacity_gb,128,GB
7630,1171,cpu_socket,LGA1700,
7631,1171,ram_type,DDR4,
7632,1171,ram_socket,2,EA
7633,1171,form_factor,M-ATX,
7634,1171,chipset,H610,
7635,1171,m2_slots,1,EA
7636,1171,max_ram_capacity_gb,64,GB
7637,1172,cpu_socket,LGA1700,
7638,1172,ram_type,DDR4,
7639,1172,ram_socket,2,EA
7640,1172,form_factor,M-ATX,
7641,1172,chipset,H610,
7642,1172,m2_slots,1,EA
7643,1172,max_ram_capacity_gb,64,GB
7644,1173,cpu_socket,LGA1700,
7645,1173,ram_type,DDR4,
7646,1173,ram_socket,4,EA
7647,1173,form_factor,M-ATX,
7648,1173,chipset,B760,
7649,1173,m2_slots,2,EA
7650,1173,max_ram_capacity_gb,128,GB
7651,1174,cpu_socket,LGA1700,
7652,1174,ram_type,DDR4,
7653,1174,ram_socket,4,EA
7654,1174,form_factor,M-ATX,
7655,1174,chipset,B760,
7656,1174,m2_slots,2,EA
7657,1174,max_ram_capacity_gb,128,GB
7658,1175,cpu_socket,LGA1700,
7659,1175,ram_type,DDR4,
7660,1175,ram_socket,2,EA
7661,1175,form_factor,M-ATX,
7662,1175,chipset,H610,
7663,1175,m2_slots,1,EA
7664,1175,max_ram_capacity_gb,64,GB
7665,1176,cpu_socket,LGA1700,
7666,1176,ram_type,DDR5,
7667,1176,ram_socket,2,EA
7668,1176,form_factor,M-ATX,
7669,1176,chipset,H610,
7670,1176,m2_slots,1,EA
7671,1176,max_ram_capacity_gb,96,GB
7672,1177,cpu_socket,LGA1700,
7673,1177,ram_type,DDR5,
7674,1177,ram_socket,2,EA
7675,1177,form_factor,M-ATX,
7676,1177,chipset,H610,
7677,1177,m2_slots,1,EA
7678,1177,max_ram_capacity_gb,96,GB
7679,1178,cpu_socket,LGA1700,
7680,1178,ram_type,DDR4,
7681,1178,ram_socket,2,EA
7682,1178,form_factor,M-ITX,
7683,1178,chipset,H610,
7684,1178,m2_slots,2,EA
7685,1178,max_ram_capacity_gb,64,GB
7686,1179,cpu_socket,LGA1851,
7687,1179,ram_type,DDR5,
7688,1179,ram_socket,4,EA
7689,1179,form_factor,M-ATX,
7690,1179,chipset,B860,
7691,1179,m2_slots,3,EA
7692,1179,max_ram_capacity_gb,256,GB
7693,1180,cpu_socket,LGA1851,
7694,1180,ram_type,DDR5,
7695,1180,ram_socket,4,EA
7696,1180,form_factor,M-ATX,
7697,1180,chipset,B860,
7698,1180,m2_slots,3,EA
7699,1180,max_ram_capacity_gb,256,GB
7700,1181,cpu_socket,LGA1851,
7701,1181,ram_type,DDR5,
7702,1181,ram_socket,4,EA
7703,1181,form_factor,ATX,
7704,1181,chipset,Z890,
7705,1181,m2_slots,4,EA
7706,1181,max_ram_capacity_gb,256,GB
7707,1182,cpu_socket,LGA1851,
7708,1182,ram_type,DDR5,
7709,1182,ram_socket,4,EA
7710,1182,form_factor,ATX,
7711,1182,chipset,Z890,
7712,1182,m2_slots,6,EA
7713,1182,max_ram_capacity_gb,256,GB
7714,1183,cpu_socket,LGA1851,
7715,1183,ram_type,DDR5,
7716,1183,ram_socket,4,EA
7717,1183,form_factor,ATX,
7718,1183,chipset,Z890,
7719,1183,m2_slots,4,EA
7720,1183,max_ram_capacity_gb,256,GB
7721,1184,cpu_socket,LGA1851,
7722,1184,ram_type,DDR5,
7723,1184,ram_socket,4,EA
7724,1184,form_factor,ATX,
7725,1184,chipset,Z890,
7726,1184,m2_slots,6,EA
7727,1184,max_ram_capacity_gb,256,GB
7728,1185,cpu_socket,LGA1851,
7729,1185,ram_type,DDR5,
7730,1185,ram_socket,4,EA
7731,1185,form_factor,ATX,
7732,1185,chipset,Z890,
7733,1185,m2_slots,4,EA
7734,1185,max_ram_capacity_gb,256,GB
7735,1186,cpu_socket,LGA1851,
7736,1186,ram_type,DDR5,
7737,1186,ram_socket,4,EA
7738,1186,form_factor,ATX,
7739,1186,chipset,B860,
7740,1186,m2_slots,3,EA
7741,1186,max_ram_capacity_gb,256,GB
7742,1187,cpu_socket,LGA1851,
7743,1187,ram_type,DDR5,
7744,1187,ram_socket,2,EA
7745,1187,form_factor,M-ITX,
7746,1187,chipset,H810,
7747,1187,m2_slots,2,EA
7748,1187,max_ram_capacity_gb,128,GB
7749,1188,cpu_socket,LGA1851,
7750,1188,ram_type,DDR5,
7751,1188,ram_socket,2,EA
7752,1188,form_factor,M-ITX,
7753,1188,chipset,B860,
7754,1188,m2_slots,2,EA
7755,1188,max_ram_capacity_gb,128,GB
7756,1189,cpu_socket,LGA1851,
7757,1189,ram_type,DDR5,
7758,1189,ram_socket,2,EA
7759,1189,form_factor,M-ATX,
7760,1189,chipset,B860,
7761,1189,m2_slots,2,EA
7762,1189,max_ram_capacity_gb,128,GB
7763,1190,cpu_socket,LGA1851,
7764,1190,ram_type,DDR5,
7765,1190,ram_socket,2,EA
7766,1190,form_factor,M-ATX,
7767,1190,chipset,B860,
7768,1190,m2_slots,2,EA
7769,1190,max_ram_capacity_gb,128,GB
7770,1191,cpu_socket,LGA1851,
7771,1191,ram_type,DDR5,
7772,1191,ram_socket,4,EA
7773,1191,form_factor,M-ATX,
7774,1191,chipset,B860,
7775,1191,m2_slots,3,EA
7776,1191,max_ram_capacity_gb,256,GB
7777,1192,cpu_socket,LGA1851,
7778,1192,ram_type,DDR5,
7779,1192,ram_socket,4,EA
7780,1192,form_factor,ATX,
7781,1192,chipset,Z890,
7782,1192,m2_slots,4,EA
7783,1192,max_ram_capacity_gb,256,GB
7784,1193,cpu_socket,LGA1851,
7785,1193,ram_type,DDR5,
7786,1193,ram_socket,4,EA
7787,1193,form_factor,ATX,
7788,1193,chipset,B860,
7789,1193,m2_slots,3,EA
7790,1193,max_ram_capacity_gb,256,GB
7791,1194,cpu_socket,LGA1851,
7792,1194,ram_type,DDR5,
7793,1194,ram_socket,4,EA
7794,1194,form_factor,ATX,
7795,1194,chipset,Z890,
7796,1194,m2_slots,4,EA
7797,1194,max_ram_capacity_gb,256,GB
7798,1195,cpu_socket,LGA1851,
7799,1195,ram_type,DDR5,
7800,1195,ram_socket,4,EA
7801,1195,form_factor,ATX,
7802,1195,chipset,Z890,
7803,1195,m2_slots,4,EA
7804,1195,max_ram_capacity_gb,256,GB
7805,1196,cpu_socket,LGA1851,
7806,1196,ram_type,DDR5,
7807,1196,ram_socket,2,EA
7808,1196,form_factor,M-ATX,
7809,1196,chipset,B860,
7810,1196,m2_slots,2,EA
7811,1196,max_ram_capacity_gb,128,GB
7812,1197,cpu_socket,LGA1851,
7813,1197,ram_type,DDR5,
7814,1197,ram_socket,4,EA
7815,1197,form_factor,M-ATX,
7816,1197,chipset,B860,
7817,1197,m2_slots,3,EA
7818,1197,max_ram_capacity_gb,256,GB
7819,1198,cpu_socket,LGA1851,
7820,1198,ram_type,DDR5,
7821,1198,ram_socket,2,EA
7822,1198,form_factor,M-ATX,
7823,1198,chipset,B860,
7824,1198,m2_slots,2,EA
7825,1198,max_ram_capacity_gb,128,GB
7826,1199,cpu_socket,LGA1851,
7827,1199,ram_type,DDR5,
7828,1199,ram_socket,2,EA
7829,1199,form_factor,M-ATX,
7830,1199,chipset,B860,
7831,1199,m2_slots,2,EA
7832,1199,max_ram_capacity_gb,128,GB
7833,1200,cpu_socket,LGA1851,
7834,1200,ram_type,DDR5,
7835,1200,ram_socket,4,EA
7836,1200,form_factor,ATX,
7837,1200,chipset,Z890,
7838,1200,m2_slots,6,EA
7839,1200,max_ram_capacity_gb,256,GB
7840,1201,cpu_socket,LGA1851,
7841,1201,ram_type,DDR5,
7842,1201,ram_socket,2,EA
7843,1201,form_factor,M-ATX,
7844,1201,chipset,H810,
7845,1201,m2_slots,1,EA
7846,1201,max_ram_capacity_gb,128,GB
7847,1202,cpu_socket,LGA1851,
7848,1202,ram_type,DDR5,
7849,1202,ram_socket,4,EA
7850,1202,form_factor,M-ATX,
7851,1202,chipset,B860,
7852,1202,m2_slots,3,EA
7853,1202,max_ram_capacity_gb,256,GB
7854,1203,cpu_socket,LGA1851,
7855,1203,ram_type,DDR5,
7856,1203,ram_socket,4,EA
7857,1203,form_factor,M-ATX,
7858,1203,chipset,B860,
7859,1203,m2_slots,3,EA
7860,1203,max_ram_capacity_gb,256,GB
7861,1204,cpu_socket,LGA1851,
7862,1204,ram_type,DDR5,
7863,1204,ram_socket,4,EA
7864,1204,form_factor,ATX,
7865,1204,chipset,Z890,
7866,1204,m2_slots,4,EA
7867,1204,max_ram_capacity_gb,256,GB
7868,1205,cpu_socket,LGA1851,
7869,1205,ram_type,DDR5,
7870,1205,ram_socket,2,EA
7871,1205,form_factor,M-ITX,
7872,1205,chipset,Z890,
7873,1205,m2_slots,3,EA
7874,1205,max_ram_capacity_gb,128,GB
7875,1206,cpu_socket,LGA1851,
7876,1206,ram_type,DDR5,
7877,1206,ram_socket,4,EA
7878,1206,form_factor,ATX,
7879,1206,chipset,Z890,
7880,1206,m2_slots,4,EA
7881,1206,max_ram_capacity_gb,256,GB
7882,1207,cpu_socket,LGA1851,
7883,1207,ram_type,DDR5,
7884,1207,ram_socket,2,EA
7885,1207,form_factor,M-ATX,
7886,1207,chipset,B860,
7887,1207,m2_slots,2,EA
7888,1207,max_ram_capacity_gb,128,GB
7889,1208,cpu_socket,LGA1851,
7890,1208,ram_type,DDR5,
7891,1208,ram_socket,2,EA
7892,1208,form_factor,M-ITX,
7893,1208,chipset,B860,
7894,1208,m2_slots,2,EA
7895,1208,max_ram_capacity_gb,128,GB
7896,1209,cpu_socket,LGA1851,
7897,1209,ram_type,DDR5,
7898,1209,ram_socket,4,EA
7899,1209,form_factor,ATX,
7900,1209,chipset,B860,
7901,1209,m2_slots,3,EA
7902,1209,max_ram_capacity_gb,256,GB
7903,1210,cpu_socket,LGA1851,
7904,1210,ram_type,DDR5,
7905,1210,ram_socket,2,EA
7906,1210,form_factor,M-ATX,
7907,1210,chipset,H810,
7908,1210,m2_slots,1,EA
7909,1210,max_ram_capacity_gb,128,GB
7910,1211,cpu_socket,LGA1851,
7911,1211,ram_type,DDR5,
7912,1211,ram_socket,2,EA
7913,1211,form_factor,M-ATX,
7914,1211,chipset,H810,
7915,1211,m2_slots,1,EA
7916,1211,max_ram_capacity_gb,128,GB
7917,1212,cpu_socket,LGA1851,
7918,1212,ram_type,DDR5,
7919,1212,ram_socket,4,EA
7920,1212,form_factor,M-ATX,
7921,1212,chipset,B860,
7922,1212,m2_slots,4,EA
7923,1212,max_ram_capacity_gb,256,GB
7924,1213,cpu_socket,LGA1851,
7925,1213,ram_type,DDR5,
7926,1213,ram_socket,4,EA
7927,1213,form_factor,ATX,
7928,1213,chipset,B860,
7929,1213,m2_slots,3,EA
7930,1213,max_ram_capacity_gb,256,GB
7931,1214,cpu_socket,LGA1851,
7932,1214,ram_type,DDR5,
7933,1214,ram_socket,4,EA
7934,1214,form_factor,ATX,
7935,1214,chipset,Z890,
7936,1214,m2_slots,4,EA
7937,1214,max_ram_capacity_gb,256,GB
7938,1215,cpu_socket,LGA1851,
7939,1215,ram_type,DDR5,
7940,1215,ram_socket,4,EA
7941,1215,form_factor,ATX,
7942,1215,chipset,B860,
7943,1215,m2_slots,3,EA
7944,1215,max_ram_capacity_gb,256,GB
7945,1216,cpu_socket,LGA1851,
7946,1216,ram_type,DDR5,
7947,1216,ram_socket,4,EA
7948,1216,form_factor,M-ATX,
7949,1216,chipset,B860,
7950,1216,m2_slots,3,EA
7951,1216,max_ram_capacity_gb,256,GB
7952,1217,cpu_socket,LGA1851,
7953,1217,ram_type,DDR5,
7954,1217,ram_socket,4,EA
7955,1217,form_factor,ATX,
7956,1217,chipset,Z890,
7957,1217,m2_slots,6,EA
7958,1217,max_ram_capacity_gb,256,GB
7959,1218,cpu_socket,LGA1851,
7960,1218,ram_type,DDR5,
7961,1218,ram_socket,4,EA
7962,1218,form_factor,ATX,
7963,1218,chipset,B860,
7964,1218,m2_slots,3,EA
7965,1218,max_ram_capacity_gb,256,GB
7966,1219,cpu_socket,LGA1851,
7967,1219,ram_type,DDR5,
7968,1219,ram_socket,4,EA
7969,1219,form_factor,ATX,
7970,1219,chipset,B860,
7971,1219,m2_slots,3,EA
7972,1219,max_ram_capacity_gb,256,GB
7973,1220,cpu_socket,LGA1851,
7974,1220,ram_type,DDR5,
7975,1220,ram_socket,4,EA
7976,1220,form_factor,ATX,
7977,1220,chipset,Z890,
7978,1220,m2_slots,4,EA
7979,1220,max_ram_capacity_gb,256,GB
7980,1221,cpu_socket,LGA1851,
7981,1221,ram_type,DDR5,
7982,1221,ram_socket,2,EA
7983,1221,form_factor,M-ATX,
7984,1221,chipset,H810,
7985,1221,m2_slots,1,EA
7986,1221,max_ram_capacity_gb,128,GB
7987,1222,cpu_socket,LGA1851,
7988,1222,ram_type,DDR5,
7989,1222,ram_socket,4,EA
7990,1222,form_factor,M-ATX,
7991,1222,chipset,B860,
7992,1222,m2_slots,3,EA
7993,1222,max_ram_capacity_gb,256,GB
7994,1223,cpu_socket,LGA1851,
7995,1223,ram_type,DDR5,
7996,1223,ram_socket,4,EA
7997,1223,form_factor,ATX,
7998,1223,chipset,B860,
7999,1223,m2_slots,3,EA
8000,1223,max_ram_capacity_gb,256,GB
8001,1224,cpu_socket,LGA1851,
8002,1224,ram_type,DDR5,
8003,1224,ram_socket,4,EA
8004,1224,form_factor,ATX,
8005,1224,chipset,Z890,
8006,1224,m2_slots,4,EA
8007,1224,max_ram_capacity_gb,256,GB
8008,1225,cpu_socket,LGA1851,
8009,1225,ram_type,DDR5,
8010,1225,ram_socket,2,EA
8011,1225,form_factor,M-ATX,
8012,1225,chipset,H810,
8013,1225,m2_slots,1,EA
8014,1225,max_ram_capacity_gb,128,GB
8015,1226,cpu_socket,LGA1851,
8016,1226,ram_type,DDR5,
8017,1226,ram_socket,4,EA
8018,1226,form_factor,ATX,
8019,1226,chipset,B860,
8020,1226,m2_slots,3,EA
8021,1226,max_ram_capacity_gb,256,GB
8022,1227,cpu_socket,LGA1851,
8023,1227,ram_type,DDR5,
8024,1227,ram_socket,2,EA
8025,1227,form_factor,M-ATX,
8026,1227,chipset,H810,
8027,1227,m2_slots,2,EA
8028,1227,max_ram_capacity_gb,128,GB
8029,1228,cpu_socket,LGA1851,
8030,1228,ram_type,DDR5,
8031,1228,ram_socket,4,EA
8032,1228,form_factor,ATX,
8033,1228,chipset,Z890,
8034,1228,m2_slots,4,EA
8035,1228,max_ram_capacity_gb,256,GB
8036,1229,cpu_socket,LGA1851,
8037,1229,ram_type,DDR5,
8038,1229,ram_socket,2,EA
8039,1229,form_factor,M-ATX,
8040,1229,chipset,H810,
8041,1229,m2_slots,1,EA
8042,1229,max_ram_capacity_gb,128,GB
8043,1230,cpu_socket,LGA1851,
8044,1230,ram_type,DDR5,
8045,1230,ram_socket,2,EA
8046,1230,form_factor,M-ATX,
8047,1230,chipset,H810,
8048,1230,m2_slots,1,EA
8049,1230,max_ram_capacity_gb,128,GB
8050,1231,cpu_socket,LGA1851,
8051,1231,ram_type,DDR5,
8052,1231,ram_socket,2,EA
8053,1231,form_factor,M-ATX,
8054,1231,chipset,H810,
8055,1231,m2_slots,1,EA
8056,1231,max_ram_capacity_gb,128,GB
8057,1232,cpu_socket,LGA1851,
8058,1232,ram_type,DDR5,
8059,1232,ram_socket,2,EA
8060,1232,form_factor,M-ATX,
8061,1232,chipset,B860,
8062,1232,m2_slots,2,EA
8063,1232,max_ram_capacity_gb,128,GB
8064,1233,cpu_socket,LGA1851,
8065,1233,ram_type,DDR5,
8066,1233,ram_socket,2,EA
8067,1233,form_factor,M-ATX,
8068,1233,chipset,H810,
8069,1233,m2_slots,1,EA
8070,1233,max_ram_capacity_gb,128,GB
8071,1234,cpu_socket,LGA1851,
8072,1234,ram_type,DDR5,
8073,1234,ram_socket,2,EA
8074,1234,form_factor,M-ATX,
8075,1234,chipset,B860,
8076,1234,m2_slots,2,EA
8077,1234,max_ram_capacity_gb,128,GB
8078,1235,cpu_socket,LGA1851,
8079,1235,ram_type,DDR5,
8080,1235,ram_socket,2,EA
8081,1235,form_factor,M-ATX,
8082,1235,chipset,H810,
8083,1235,m2_slots,1,EA
8084,1235,max_ram_capacity_gb,128,GB
8085,1236,cpu_socket,LGA1851,
8086,1236,ram_type,DDR5,
8087,1236,ram_socket,4,EA
8088,1236,form_factor,ATX,
8089,1236,chipset,Z890,
8090,1236,m2_slots,6,EA
8091,1236,max_ram_capacity_gb,256,GB
8092,1237,cpu_socket,LGA1851,
8093,1237,ram_type,DDR5,
8094,1237,ram_socket,2,EA
8095,1237,form_factor,M-ATX,
8096,1237,chipset,H810,
8097,1237,m2_slots,1,EA
8098,1237,max_ram_capacity_gb,128,GB
8099,1238,cpu_socket,LGA1851,
8100,1238,ram_type,DDR5,
8101,1238,ram_socket,2,EA
8102,1238,form_factor,M-ATX,
8103,1238,chipset,H810,
8104,1238,m2_slots,1,EA
8105,1238,max_ram_capacity_gb,128,GB
8106,1239,cpu_socket,LGA1851,
8107,1239,ram_type,DDR5,
8108,1239,ram_socket,2,EA
8109,1239,form_factor,M-ATX,
8110,1239,chipset,H810,
8111,1239,m2_slots,2,EA
8112,1239,max_ram_capacity_gb,128,GB
8113,1240,cpu_socket,LGA1851,
8114,1240,ram_type,DDR5,
8115,1240,ram_socket,2,EA
8116,1240,form_factor,M-ATX,
8117,1240,chipset,H810,
8118,1240,m2_slots,1,EA
8119,1240,max_ram_capacity_gb,128,GB
8120,1241,cpu_socket,LGA1851,
8121,1241,ram_type,DDR5,
8122,1241,ram_socket,2,EA
8123,1241,form_factor,M-ATX,
8124,1241,chipset,H810,
8125,1241,m2_slots,1,EA
8126,1241,max_ram_capacity_gb,128,GB
8127,1242,cpu_socket,LGA1851,
8128,1242,ram_type,DDR5,
8129,1242,ram_socket,2,EA
8130,1242,form_factor,M-ATX,
8131,1242,chipset,H810,
8132,1242,m2_slots,1,EA
8133,1242,max_ram_capacity_gb,128,GB
8134,1243,cpu_socket,LGA1851,
8135,1243,ram_type,DDR5,
8136,1243,ram_socket,2,EA
8137,1243,form_factor,ATX,
8138,1243,chipset,Z890,
8139,1243,m2_slots,6,EA
8140,1243,max_ram_capacity_gb,128,GB
8141,1244,cpu_socket,LGA1851,
8142,1244,ram_type,DDR5,
8143,1244,ram_socket,2,EA
8144,1244,form_factor,M-ATX,
8145,1244,chipset,H810,
8146,1244,m2_slots,1,EA
8147,1244,max_ram_capacity_gb,128,GB
8148,1245,cpu_socket,LGA1851,
8149,1245,ram_type,DDR5,
8150,1245,ram_socket,2,EA
8151,1245,form_factor,M-ATX,
8152,1245,chipset,B860,
8153,1245,m2_slots,2,EA
8154,1245,max_ram_capacity_gb,128,GB
8155,1246,cpu_socket,LGA1851,
8156,1246,ram_type,DDR5,
8157,1246,ram_socket,2,EA
8158,1246,form_factor,M-ATX,
8159,1246,chipset,H810,
8160,1246,m2_slots,1,EA
8161,1246,max_ram_capacity_gb,128,GB
8162,1247,cpu_socket,LGA1851,
8163,1247,ram_type,DDR5,
8164,1247,ram_socket,4,EA
8165,1247,form_factor,M-ATX,
8166,1247,chipset,B860,
8167,1247,m2_slots,3,EA
8168,1247,max_ram_capacity_gb,256,GB
8169,1248,cpu_socket,LGA1851,
8170,1248,ram_type,DDR5,
8171,1248,ram_socket,4,EA
8172,1248,form_factor,ATX,
8173,1248,chipset,Z890,
8174,1248,m2_slots,6,EA
8175,1248,max_ram_capacity_gb,256,GB
8176,1249,cpu_socket,LGA1851,
8177,1249,ram_type,DDR5,
8178,1249,ram_socket,4,EA
8179,1249,form_factor,M-ATX,
8180,1249,chipset,B860,
8181,1249,m2_slots,3,EA
8182,1249,max_ram_capacity_gb,256,GB
8183,1250,cpu_socket,LGA1851,
8184,1250,ram_type,DDR5,
8185,1250,ram_socket,4,EA
8186,1250,form_factor,ATX,
8187,1250,chipset,Z890,
8188,1250,m2_slots,4,EA
8189,1250,max_ram_capacity_gb,256,GB
8190,1251,cpu_socket,LGA1851,
8191,1251,ram_type,DDR5,
8192,1251,ram_socket,2,EA
8193,1251,form_factor,M-ATX,
8194,1251,chipset,B860,
8195,1251,m2_slots,2,EA
8196,1251,max_ram_capacity_gb,128,GB
8197,1252,cpu_socket,LGA1851,
8198,1252,ram_type,DDR5,
8199,1252,ram_socket,2,EA
8200,1252,form_factor,M-ATX,
8201,1252,chipset,B860,
8202,1252,m2_slots,2,EA
8203,1252,max_ram_capacity_gb,128,GB
8204,1253,cpu_socket,LGA1851,
8205,1253,ram_type,DDR5,
8206,1253,ram_socket,2,EA
8207,1253,form_factor,M-ATX,
8208,1253,chipset,H810,
8209,1253,m2_slots,1,EA
8210,1253,max_ram_capacity_gb,128,GB
8211,1254,cpu_socket,LGA1851,
8212,1254,ram_type,DDR5,
8213,1254,ram_socket,4,EA
8214,1254,form_factor,M-ATX,
8215,1254,chipset,B860,
8216,1254,m2_slots,4,EA
8217,1254,max_ram_capacity_gb,256,GB
8218,1255,cpu_socket,LGA1851,
8219,1255,ram_type,DDR5,
8220,1255,ram_socket,2,EA
8221,1255,form_factor,M-ATX,
8222,1255,chipset,H810,
8223,1255,m2_slots,1,EA
8224,1255,max_ram_capacity_gb,128,GB
8225,1256,cpu_socket,LGA1851,
8226,1256,ram_type,DDR5,
8227,1256,ram_socket,2,EA
8228,1256,form_factor,M-ATX,
8229,1256,chipset,H810,
8230,1256,m2_slots,1,EA
8231,1256,max_ram_capacity_gb,128,GB
8232,1257,cpu_socket,LGA1851,
8233,1257,ram_type,DDR5,
8234,1257,ram_socket,4,EA
8235,1257,form_factor,ATX,
8236,1257,chipset,B860,
8237,1257,m2_slots,4,EA
8238,1257,max_ram_capacity_gb,256,GB
8239,1258,cpu_socket,AM4,
8240,1258,ram_type,DDR4,
8241,1258,ram_socket,2,EA
8242,1258,form_factor,M-ATX,
8243,1258,chipset,A520,
8244,1258,m2_slots,1,EA
8245,1258,max_ram_capacity_gb,64,GB
8246,1259,cpu_socket,AM4,
8247,1259,ram_type,DDR4,
8248,1259,ram_socket,4,EA
8249,1259,form_factor,ATX,
8250,1259,chipset,X470,
8251,1259,m2_slots,2,EA
8252,1259,max_ram_capacity_gb,128,GB
8253,1260,cpu_socket,AM4,
8254,1260,ram_type,DDR4,
8255,1260,ram_socket,4,EA
8256,1260,form_factor,E-ATX,
8257,1260,chipset,X570,
8258,1260,m2_slots,2,EA
8259,1260,max_ram_capacity_gb,128,GB
8260,1261,cpu_socket,AM4,
8261,1261,ram_type,DDR4,
8262,1261,ram_socket,4,EA
8263,1261,form_factor,M-ATX,
8264,1261,chipset,B550,
8265,1261,m2_slots,2,EA
8266,1261,max_ram_capacity_gb,128,GB
8267,1262,cpu_socket,AM4,
8268,1262,ram_type,DDR4,
8269,1262,ram_socket,2,EA
8270,1262,form_factor,M-ATX,
8271,1262,chipset,B550,
8272,1262,m2_slots,1,EA
8273,1262,max_ram_capacity_gb,64,GB
8274,1263,cpu_socket,AM4,
8275,1263,ram_type,DDR4,
8276,1263,ram_socket,4,EA
8277,1263,form_factor,ATX,
8278,1263,chipset,B550,
8279,1263,m2_slots,2,EA
8280,1263,max_ram_capacity_gb,128,GB
8281,1264,cpu_socket,AM4,
8282,1264,ram_type,DDR4,
8283,1264,ram_socket,4,EA
8284,1264,form_factor,M-ATX,
8285,1264,chipset,B550,
8286,1264,m2_slots,2,EA
8287,1264,max_ram_capacity_gb,128,GB
8288,1265,cpu_socket,AM4,
8289,1265,ram_type,DDR4,
8290,1265,ram_socket,2,EA
8291,1265,form_factor,M-ATX,
8292,1265,chipset,A520,
8293,1265,m2_slots,1,EA
8294,1265,max_ram_capacity_gb,64,GB
8295,1266,cpu_socket,AM5,
8296,1266,ram_type,DDR5,
8297,1266,ram_socket,4,EA
8298,1266,form_factor,M-ATX,
8299,1266,chipset,B850,
8300,1266,m2_slots,3,EA
8301,1266,max_ram_capacity_gb,256,GB
8302,1267,cpu_socket,AM5,
8303,1267,ram_type,DDR5,
8304,1267,ram_socket,4,EA
8305,1267,form_factor,ATX,
8306,1267,chipset,X870E,
8307,1267,m2_slots,4,EA
8308,1267,max_ram_capacity_gb,256,GB
8309,1268,cpu_socket,AM5,
8310,1268,ram_type,DDR5,
8311,1268,ram_socket,4,EA
8312,1268,form_factor,ATX,
8313,1268,chipset,B850,
8314,1268,m2_slots,4,EA
8315,1268,max_ram_capacity_gb,256,GB
8316,1269,cpu_socket,AM5,
8317,1269,ram_type,DDR5,
8318,1269,ram_socket,4,EA
8319,1269,form_factor,M-ATX,
8320,1269,chipset,B650,
8321,1269,m2_slots,2,EA
8322,1269,max_ram_capacity_gb,256,GB
8323,1270,cpu_socket,AM5,
8324,1270,ram_type,DDR5,
8325,1270,ram_socket,4,EA
8326,1270,form_factor,ATX,
8327,1270,chipset,X870E,
8328,1270,m2_slots,4,EA
8329,1270,max_ram_capacity_gb,256,GB
8330,1271,cpu_socket,AM5,
8331,1271,ram_type,DDR5,
8332,1271,ram_socket,4,EA
8333,1271,form_factor,M-ATX,
8334,1271,chipset,B650,
8335,1271,m2_slots,2,EA
8336,1271,max_ram_capacity_gb,256,GB
8337,1272,cpu_socket,AM5,
8338,1272,ram_type,DDR5,
8339,1272,ram_socket,4,EA
8340,1272,form_factor,ATX,
8341,1272,chipset,X870E,
8342,1272,m2_slots,4,EA
8343,1272,max_ram_capacity_gb,256,GB
8344,1273,cpu_socket,AM5,
8345,1273,ram_type,DDR5,
8346,1273,ram_socket,4,EA
8347,1273,form_factor,ATX,
8348,1273,chipset,X870E,
8349,1273,m2_slots,4,EA
8350,1273,max_ram_capacity_gb,256,GB
8351,1274,cpu_socket,AM5,
8352,1274,ram_type,DDR5,
8353,1274,ram_socket,4,EA
8354,1274,form_factor,ATX,
8355,1274,chipset,B650,
8356,1274,m2_slots,3,EA
8357,1274,max_ram_capacity_gb,192,GB
8358,1275,cpu_socket,AM5,
8359,1275,ram_type,DDR5,
8360,1275,ram_socket,2,EA
8361,1275,form_factor,M-ATX,
8362,1275,chipset,A620A,
8363,1275,m2_slots,1,EA
8364,1275,max_ram_capacity_gb,128,GB
8365,1276,cpu_socket,AM5,
8366,1276,ram_type,DDR5,
8367,1276,ram_socket,4,EA
8368,1276,form_factor,M-ATX,
8369,1276,chipset,B850,
8370,1276,m2_slots,3,EA
8371,1276,max_ram_capacity_gb,256,GB
8372,1277,cpu_socket,AM5,
8373,1277,ram_type,DDR5,
8374,1277,ram_socket,4,EA
8375,1277,form_factor,ATX,
8376,1277,chipset,X870E,
8377,1277,m2_slots,4,EA
8378,1277,max_ram_capacity_gb,256,GB
8379,1278,cpu_socket,AM5,
8380,1278,ram_type,DDR5,
8381,1278,ram_socket,4,EA
8382,1278,form_factor,M-ATX,
8383,1278,chipset,B850,
8384,1278,m2_slots,2,EA
8385,1278,max_ram_capacity_gb,256,GB
8386,1279,cpu_socket,AM5,
8387,1279,ram_type,DDR5,
8388,1279,ram_socket,4,EA
8389,1279,form_factor,M-ATX,
8390,1279,chipset,B850,
8391,1279,m2_slots,2,EA
8392,1279,max_ram_capacity_gb,256,GB
8393,1280,cpu_socket,AM5,
8394,1280,ram_type,DDR5,
8395,1280,ram_socket,2,EA
8396,1280,form_factor,M-ITX,
8397,1280,chipset,B850,
8398,1280,m2_slots,2,EA
8399,1280,max_ram_capacity_gb,128,GB
8400,1281,cpu_socket,AM5,
8401,1281,ram_type,DDR5,
8402,1281,ram_socket,4,EA
8403,1281,form_factor,M-ATX,
8404,1281,chipset,B650,
8405,1281,m2_slots,2,EA
8406,1281,max_ram_capacity_gb,256,GB
8407,1282,cpu_socket,AM5,
8408,1282,ram_type,DDR5,
8409,1282,ram_socket,4,EA
8410,1282,form_factor,M-ATX,
8411,1282,chipset,B650,
8412,1282,m2_slots,2,EA
8413,1282,max_ram_capacity_gb,256,GB
8414,1283,cpu_socket,AM5,
8415,1283,ram_type,DDR5,
8416,1283,ram_socket,4,EA
8417,1283,form_factor,ATX,
8418,1283,chipset,B850,
8419,1283,m2_slots,4,EA
8420,1283,max_ram_capacity_gb,256,GB
8421,1284,cpu_socket,AM5,
8422,1284,ram_type,DDR5,
8423,1284,ram_socket,4,EA
8424,1284,form_factor,M-ATX,
8425,1284,chipset,B650,
8426,1284,m2_slots,2,EA
8427,1284,max_ram_capacity_gb,256,GB
8428,1285,cpu_socket,AM5,
8429,1285,ram_type,DDR5,
8430,1285,ram_socket,2,EA
8431,1285,form_factor,M-ATX,
8432,1285,chipset,B650,
8433,1285,m2_slots,1,EA
8434,1285,max_ram_capacity_gb,128,GB
8435,1286,cpu_socket,AM5,
8436,1286,ram_type,DDR5,
8437,1286,ram_socket,4,EA
8438,1286,form_factor,M-ATX,
8439,1286,chipset,B850,
8440,1286,m2_slots,3,EA
8441,1286,max_ram_capacity_gb,256,GB
8442,1287,cpu_socket,AM5,
8443,1287,ram_type,DDR5,
8444,1287,ram_socket,2,EA
8445,1287,form_factor,M-ATX,
8446,1287,chipset,A620,
8447,1287,m2_slots,2,EA
8448,1287,max_ram_capacity_gb,128,GB
8449,1288,cpu_socket,AM5,
8450,1288,ram_type,DDR5,
8451,1288,ram_socket,4,EA
8452,1288,form_factor,ATX,
8453,1288,chipset,X870,
8454,1288,m2_slots,4,EA
8455,1288,max_ram_capacity_gb,256,GB
8456,1289,cpu_socket,AM5,
8457,1289,ram_type,DDR5,
8458,1289,ram_socket,4,EA
8459,1289,form_factor,ATX,
8460,1289,chipset,B650,
8461,1289,m2_slots,3,EA
8462,1289,max_ram_capacity_gb,256,GB
8463,1290,cpu_socket,AM5,
8464,1290,ram_type,DDR5,
8465,1290,ram_socket,2,EA
8466,1290,form_factor,M-ATX,
8467,1290,chipset,A620,
8468,1290,m2_slots,1,EA
8469,1290,max_ram_capacity_gb,64,GB
8470,1291,cpu_socket,AM5,
8471,1291,ram_type,DDR5,
8472,1291,ram_socket,4,EA
8473,1291,form_factor,ATX,
8474,1291,chipset,B650,
8475,1291,m2_slots,4,EA
8476,1291,max_ram_capacity_gb,256,GB
8477,1292,cpu_socket,AM5,
8478,1292,ram_type,DDR5,
8479,1292,ram_socket,4,EA
8480,1292,form_factor,ATX,
8481,1292,chipset,X670E,
8482,1292,m2_slots,4,EA
8483,1292,max_ram_capacity_gb,128,GB
8484,1293,cpu_socket,AM5,
8485,1293,ram_type,DDR5,
8486,1293,ram_socket,4,EA
8487,1293,form_factor,ATX,
8488,1293,chipset,X670E,
8489,1293,m2_slots,4,EA
8490,1293,max_ram_capacity_gb,192,GB
8491,1294,cpu_socket,AM5,
8492,1294,ram_type,DDR5,
8493,1294,ram_socket,4,EA
8494,1294,form_factor,ATX,
8495,1294,chipset,B650,
8496,1294,m2_slots,3,EA
8497,1294,max_ram_capacity_gb,192,GB
8498,1295,cpu_socket,AM5,
8499,1295,ram_type,DDR5,
8500,1295,ram_socket,2,EA
8501,1295,form_factor,M-ITX,
8502,1295,chipset,B650,
8503,1295,m2_slots,2,EA
8504,1295,max_ram_capacity_gb,64,GB
8505,1296,cpu_socket,AM5,
8506,1296,ram_type,DDR5,
8507,1296,ram_socket,4,EA
8508,1296,form_factor,ATX,
8509,1296,chipset,B650,
8510,1296,m2_slots,3,EA
8511,1296,max_ram_capacity_gb,192,GB
8512,1297,cpu_socket,LGA1200,
8513,1297,ram_type,DDR4,
8514,1297,ram_socket,2,EA
8515,1297,form_factor,M-ATX,
8516,1297,chipset,H510,
8517,1297,m2_slots,1,EA
8518,1297,max_ram_capacity_gb,64,GB
8519,1298,cpu_socket,LGA1200,
8520,1298,ram_type,DDR4,
8521,1298,ram_socket,4,EA
8522,1298,form_factor,ATX,
8523,1298,chipset,B560,
8524,1298,m2_slots,3,EA
8525,1298,max_ram_capacity_gb,128,GB
8526,1299,cpu_socket,LGA1200,
8527,1299,ram_type,DDR4,
8528,1299,ram_socket,4,EA
8529,1299,form_factor,ATX,
8530,1299,chipset,Z490,
8531,1299,m2_slots,2,EA
8532,1299,max_ram_capacity_gb,128,GB
8533,1300,cpu_socket,LGA1200,
8534,1300,ram_type,DDR4,
8535,1300,ram_socket,2,EA
8536,1300,form_factor,M-ITX,
8537,1300,chipset,Z490,
8538,1300,m2_slots,2,EA
8539,1300,max_ram_capacity_gb,64,GB
8540,1301,cpu_socket,LGA1200,
8541,1301,ram_type,DDR4,
8542,1301,ram_socket,4,EA
8543,1301,form_factor,ATX,
8544,1301,chipset,Z590,
8545,1301,m2_slots,3,EA
8546,1301,max_ram_capacity_gb,128,GB
8547,1302,cpu_socket,LGA1700,
8548,1302,ram_type,DDR4,
8549,1302,ram_socket,4,EA
8550,1302,form_factor,M-ATX,
8551,1302,chipset,B760,
8552,1302,m2_slots,2,EA
8553,1302,max_ram_capacity_gb,128,GB
8554,1303,cpu_socket,LGA1700,
8555,1303,ram_type,DDR5,
8556,1303,ram_socket,4,EA
8557,1303,form_factor,M-ATX,
8558,1303,chipset,B760,
8559,1303,m2_slots,3,EA
8560,1303,max_ram_capacity_gb,256,GB
8561,1304,cpu_socket,LGA1700,
8562,1304,ram_type,DDR4,
8563,1304,ram_socket,2,EA
8564,1304,form_factor,M-ATX,
8565,1304,chipset,H610,
8566,1304,m2_slots,1,EA
8567,1304,max_ram_capacity_gb,64,GB
8568,1305,cpu_socket,LGA1700,
8569,1305,ram_type,DDR5,
8570,1305,ram_socket,4,EA
8571,1305,form_factor,ATX,
8572,1305,chipset,B760,
8573,1305,m2_slots,3,EA
8574,1305,max_ram_capacity_gb,192,GB
8575,1306,cpu_socket,LGA1700,
8576,1306,ram_type,DDR4,
8577,1306,ram_socket,4,EA
8578,1306,form_factor,M-ATX,
8579,1306,chipset,B660,
8580,1306,m2_slots,2,EA
8581,1306,max_ram_capacity_gb,128,GB
8582,1307,cpu_socket,LGA1700,
8583,1307,ram_type,DDR4,
8584,1307,ram_socket,4,EA
8585,1307,form_factor,M-ATX,
8586,1307,chipset,B760,
8587,1307,m2_slots,2,EA
8588,1307,max_ram_capacity_gb,128,GB
8589,1308,cpu_socket,LGA1700,
8590,1308,ram_type,DDR4,
8591,1308,ram_socket,2,EA
8592,1308,form_factor,M-ATX,
8593,1308,chipset,B760,
8594,1308,m2_slots,1,EA
8595,1308,max_ram_capacity_gb,64,GB
8596,1309,cpu_socket,LGA1700,
8597,1309,ram_type,DDR5,
8598,1309,ram_socket,2,EA
8599,1309,form_factor,M-ATX,
8600,1309,chipset,H610,
8601,1309,m2_slots,1,EA
8602,1309,max_ram_capacity_gb,96,GB
8603,1310,cpu_socket,LGA1700,
8604,1310,ram_type,DDR5,
8605,1310,ram_socket,4,EA
8606,1310,form_factor,M-ATX,
8607,1310,chipset,B760,
8608,1310,m2_slots,2,EA
8609,1310,max_ram_capacity_gb,192,GB
8610,1311,cpu_socket,LGA1700,
8611,1311,ram_type,DDR5,
8612,1311,ram_socket,4,EA
8613,1311,form_factor,ATX,
8614,1311,chipset,Z790,
8615,1311,m2_slots,4,EA
8616,1311,max_ram_capacity_gb,192,GB
8617,1312,cpu_socket,LGA1700,
8618,1312,ram_type,DDR5,
8619,1312,ram_socket,4,EA
8620,1312,form_factor,M-ATX,
8621,1312,chipset,B760,
8622,1312,m2_slots,2,EA
8623,1312,max_ram_capacity_gb,256,GB
8624,1313,cpu_socket,LGA1700,
8625,1313,ram_type,DDR5,
8626,1313,ram_socket,2,EA
8627,1313,form_factor,M-ATX,
8628,1313,chipset,H610,
8629,1313,m2_slots,1,EA
8630,1313,max_ram_capacity_gb,96,GB
8631,1314,cpu_socket,LGA1700,
8632,1314,ram_type,DDR4,
8633,1314,ram_socket,2,EA
8634,1314,form_factor,M-ATX,
8635,1314,chipset,H610,
8636,1314,m2_slots,1,EA
8637,1314,max_ram_capacity_gb,64,GB
8638,1315,cpu_socket,LGA1700,
8639,1315,ram_type,DDR4,
8640,1315,ram_socket,4,EA
8641,1315,form_factor,M-ATX,
8642,1315,chipset,B660,
8643,1315,m2_slots,2,EA
8644,1315,max_ram_capacity_gb,128,GB
8645,1316,cpu_socket,LGA1700,
8646,1316,ram_type,DDR4,
8647,1316,ram_socket,2,EA
8648,1316,form_factor,M-ATX,
8649,1316,chipset,H610,
8650,1316,m2_slots,1,EA
8651,1316,max_ram_capacity_gb,64,GB
8652,1317,cpu_socket,LGA1700,
8653,1317,ram_type,DDR4,
8654,1317,ram_socket,4,EA
8655,1317,form_factor,M-ATX,
8656,1317,chipset,B660,
8657,1317,m2_slots,2,EA
8658,1317,max_ram_capacity_gb,128,GB
8659,1318,cpu_socket,LGA1700,
8660,1318,ram_type,DDR5,
8661,1318,ram_socket,4,EA
8662,1318,form_factor,M-ATX,
8663,1318,chipset,B660,
8664,1318,m2_slots,2,EA
8665,1318,max_ram_capacity_gb,128,GB
8666,1319,cpu_socket,LGA1851,
8667,1319,ram_type,DDR5,
8668,1319,ram_socket,4,EA
8669,1319,form_factor,M-ATX,
8670,1319,chipset,B860,
8671,1319,m2_slots,3,EA
8672,1319,max_ram_capacity_gb,256,GB
8673,1320,cpu_socket,LGA1851,
8674,1320,ram_type,DDR5,
8675,1320,ram_socket,4,EA
8676,1320,form_factor,ATX,
8677,1320,chipset,Z890,
8678,1320,m2_slots,4,EA
8679,1320,max_ram_capacity_gb,256,GB
8680,1321,cpu_socket,LGA1851,
8681,1321,ram_type,DDR5,
8682,1321,ram_socket,4,EA
8683,1321,form_factor,M-ATX,
8684,1321,chipset,B860,
8685,1321,m2_slots,3,EA
8686,1321,max_ram_capacity_gb,256,GB
8687,1322,cpu_socket,LGA1851,
8688,1322,ram_type,DDR5,
8689,1322,ram_socket,4,EA
8690,1322,form_factor,ATX,
8691,1322,chipset,B860,
8692,1322,m2_slots,3,EA
8693,1322,max_ram_capacity_gb,256,GB
8694,1323,cpu_socket,LGA1851,
8695,1323,ram_type,DDR5,
8696,1323,ram_socket,4,EA
8697,1323,form_factor,ATX,
8698,1323,chipset,Z890,
8699,1323,m2_slots,5,EA
8700,1323,max_ram_capacity_gb,256,GB
8701,1324,cpu_socket,LGA1851,
8702,1324,ram_type,DDR5,
8703,1324,ram_socket,4,EA
8704,1324,form_factor,M-ATX,
8705,1324,chipset,B860,
8706,1324,m2_slots,3,EA
8707,1324,max_ram_capacity_gb,256,GB
8708,1325,cpu_socket,LGA1851,
8709,1325,ram_type,DDR5,
8710,1325,ram_socket,2,EA
8711,1325,form_factor,ATX,
8712,1325,chipset,Z890,
8713,1325,m2_slots,6,EA
8714,1325,max_ram_capacity_gb,128,GB
8715,1326,cpu_socket,LGA1851,
8716,1326,ram_type,DDR5,
8717,1326,ram_socket,4,EA
8718,1326,form_factor,ATX,
8719,1326,chipset,Z890,
8720,1326,m2_slots,4,EA
8721,1326,max_ram_capacity_gb,256,GB
8722,1327,cpu_socket,LGA1851,
8723,1327,ram_type,DDR5,
8724,1327,ram_socket,4,EA
8725,1327,form_factor,ATX,
8726,1327,chipset,Z890,
8727,1327,m2_slots,4,EA
8728,1327,max_ram_capacity_gb,256,GB
8729,1328,cpu_socket,LGA1851,
8730,1328,ram_type,DDR5,
8731,1328,ram_socket,4,EA
8732,1328,form_factor,ATX,
8733,1328,chipset,Z890,
8734,1328,m2_slots,5,EA
8735,1328,max_ram_capacity_gb,256,GB
8736,1329,cpu_socket,LGA1851,
8737,1329,ram_type,DDR5,
8738,1329,ram_socket,4,EA
8739,1329,form_factor,ATX,
8740,1329,chipset,Z890,
8741,1329,m2_slots,5,EA
8742,1329,max_ram_capacity_gb,256,GB
8743,1330,cpu_socket,LGA1851,
8744,1330,ram_type,DDR5,
8745,1330,ram_socket,2,EA
8746,1330,form_factor,M-ATX,
8747,1330,chipset,H810,
8748,1330,m2_slots,1,EA
8749,1330,max_ram_capacity_gb,128,GB
8750,1331,cpu_socket,LGA1851,
8751,1331,ram_type,DDR5,
8752,1331,ram_socket,4,EA
8753,1331,form_factor,M-ATX,
8754,1331,chipset,B860,
8755,1331,m2_slots,3,EA
8756,1331,max_ram_capacity_gb,256,GB
8757,1332,cpu_socket,LGA1851,
8758,1332,ram_type,DDR5,
8759,1332,ram_socket,2,EA
8760,1332,form_factor,M-ATX,
8761,1332,m2_slots,1,EA
8762,1332,max_ram_capacity_gb,128,GB
8763,1333,cpu_socket,LGA1851,
8764,1333,ram_type,DDR5,
8765,1333,ram_socket,2,EA
8766,1333,form_factor,M-ATX,
8767,1333,chipset,H810,
8768,1333,m2_slots,2,EA
8769,1333,max_ram_capacity_gb,128,GB
8770,1334,cpu_socket,LGA1851,
8771,1334,ram_type,DDR5,
8772,1334,ram_socket,4,EA
8773,1334,form_factor,ATX,
8774,1334,chipset,Z890,
8775,1334,m2_slots,4,EA
8776,1334,max_ram_capacity_gb,256,GB
8777,1335,storage_gb,4096,GB
8778,1335,form_factor,M.2,
8779,1335,interface,NVMe,
8780,1335,nand_type,TLC,
8781,1335,read_speed_mbs,5000,MB/s
8782,1335,write_speed_mbs,4800,MB/s
8783,1335,tbw,700,TB
8784,1336,storage_gb,2048,GB
8785,1336,form_factor,M.2,
8786,1336,interface,NVMe,
8787,1336,nand_type,TLC,
8788,1336,read_speed_mbs,5000,MB/s
8789,1336,write_speed_mbs,4800,MB/s
8790,1336,tbw,700,TB
8791,1337,storage_gb,1024,GB
8792,1337,form_factor,M.2,
8793,1337,interface,NVMe,
8794,1337,nand_type,TLC,
8795,1337,read_speed_mbs,5000,MB/s
8796,1337,write_speed_mbs,4800,MB/s
8797,1337,tbw,700,TB
8798,1338,storage_gb,500,GB
8799,1338,form_factor,M.2,
8800,1338,interface,NVMe,
8801,1338,nand_type,TLC,
8802,1338,read_speed_mbs,5000,MB/s
8803,1338,write_speed_mbs,4800,MB/s
8804,1338,tbw,700,TB
8805,1339,storage_gb,4096,GB
8806,1339,form_factor,M.2,
8807,1339,interface,NVMe,
8808,1339,nand_type,TLC,
8809,1339,read_speed_mbs,7450,MB/s
8810,1339,write_speed_mbs,6900,MB/s
8811,1339,tbw,1200,TB
8812,1340,storage_gb,2048,GB
8813,1340,form_factor,M.2,
8814,1340,interface,NVMe,
8815,1340,nand_type,TLC,
8816,1340,read_speed_mbs,7450,MB/s
8817,1340,write_speed_mbs,6900,MB/s
8818,1340,tbw,1200,TB
8819,1341,storage_gb,1024,GB
8820,1341,form_factor,M.2,
8821,1341,interface,NVMe,
8822,1341,nand_type,TLC,
8823,1341,read_speed_mbs,7450,MB/s
8824,1341,write_speed_mbs,6900,MB/s
8825,1341,tbw,1200,TB
8826,1342,storage_gb,1024,GB
8827,1342,form_factor,M.2,
8828,1342,interface,NVMe,
8829,1342,nand_type,QLC,
8830,1342,read_speed_mbs,3000,MB/s
8831,1342,write_speed_mbs,1800,MB/s
8832,1342,tbw,300,TB
8833,1343,storage_gb,512,GB
8834,1343,form_factor,M.2,
8835,1343,interface,NVMe,
8836,1343,nand_type,QLC,
8837,1343,read_speed_mbs,3000,MB/s
8838,1343,write_speed_mbs,1800,MB/s
8839,1343,tbw,300,TB
8840,1344,storage_gb,256,GB
8841,1344,form_factor,M.2,
8842,1344,interface,NVMe,
8843,1344,nand_type,QLC,
8844,1344,read_speed_mbs,3000,MB/s
8845,1344,write_speed_mbs,1800,MB/s
8846,1344,tbw,300,TB
8847,1345,storage_gb,2048,GB
8848,1345,form_factor,M.2,
8849,1345,interface,NVMe,
8850,1345,read_speed_mbs,6200,MB/s
8851,1345,write_speed_mbs,2300,MB/s
8852,1345,tbw,300,TB
8853,1346,storage_gb,1024,GB
8854,1346,form_factor,M.2,
8855,1346,interface,NVMe,
8856,1346,read_speed_mbs,6200,MB/s
8857,1346,write_speed_mbs,2300,MB/s
8858,1346,tbw,300,TB
8859,1347,storage_gb,512,GB
8860,1347,form_factor,M.2,
8861,1347,interface,NVMe,
8862,1347,read_speed_mbs,6200,MB/s
8863,1347,write_speed_mbs,2300,MB/s
8864,1347,tbw,300,TB
8865,1348,storage_gb,2048,GB
8866,1348,form_factor,M.2,
8867,1348,interface,NVMe,
8868,1348,nand_type,TLC,
8869,1348,read_speed_mbs,10000,MB/s
8870,1348,write_speed_mbs,7900,MB/s
8871,1348,tbw,600,TB
8872,1349,storage_gb,1024,GB
8873,1349,form_factor,M.2,
8874,1349,interface,NVMe,
8875,1349,nand_type,TLC,
8876,1349,read_speed_mbs,10000,MB/s
8877,1349,write_speed_mbs,7900,MB/s
8878,1349,tbw,600,TB
8879,1350,storage_gb,4096,GB
8880,1350,form_factor,M.2,
8881,1350,interface,NVMe,
8882,1350,nand_type,TLC,
8883,1350,read_speed_mbs,7300,MB/s
8884,1350,write_speed_mbs,6300,MB/s
8885,1350,tbw,600,TB
8886,1351,storage_gb,2048,GB
8887,1351,form_factor,M.2,
8888,1351,interface,NVMe,
8889,1351,nand_type,TLC,
8890,1351,read_speed_mbs,7300,MB/s
8891,1351,write_speed_mbs,6300,MB/s
8892,1351,tbw,600,TB
8893,1352,storage_gb,1024,GB
8894,1352,form_factor,M.2,
8895,1352,interface,NVMe,
8896,1352,nand_type,TLC,
8897,1352,read_speed_mbs,7300,MB/s
8898,1352,write_speed_mbs,6300,MB/s
8899,1352,tbw,600,TB
8900,1353,storage_gb,4096,GB
8901,1353,form_factor,M.2,
8902,1353,interface,NVMe,
8903,1353,nand_type,TLC,
8904,1353,read_speed_mbs,7150,MB/s
8905,1353,write_speed_mbs,6300,MB/s
8906,1353,tbw,600,TB
8907,1354,storage_gb,2048,GB
8908,1354,form_factor,M.2,
8909,1354,interface,NVMe,
8910,1354,nand_type,TLC,
8911,1354,read_speed_mbs,7150,MB/s
8912,1354,write_speed_mbs,6300,MB/s
8913,1354,tbw,600,TB
8914,1355,storage_gb,1024,GB
8915,1355,form_factor,M.2,
8916,1355,interface,NVMe,
8917,1355,nand_type,TLC,
8918,1355,read_speed_mbs,7150,MB/s
8919,1355,write_speed_mbs,6300,MB/s
8920,1355,tbw,600,TB
8921,1356,storage_gb,2048,GB
8922,1356,form_factor,M.2,
8923,1356,interface,NVMe,
8924,1356,nand_type,TLC,
8925,1356,read_speed_mbs,7000,MB/s
8926,1356,write_speed_mbs,6500,MB/s
8927,1356,tbw,750,TB
8928,1357,storage_gb,1024,GB
8929,1357,form_factor,M.2,
8930,1357,interface,NVMe,
8931,1357,nand_type,TLC,
8932,1357,read_speed_mbs,7000,MB/s
8933,1357,write_speed_mbs,6500,MB/s
8934,1357,tbw,750,TB
8935,1358,storage_gb,500,GB
8936,1358,form_factor,M.2,
8937,1358,interface,NVMe,
8938,1358,nand_type,TLC,
8939,1358,read_speed_mbs,7000,MB/s
8940,1358,write_speed_mbs,6500,MB/s
8941,1358,tbw,750,TB
8942,1359,storage_gb,2048,GB
8943,1359,form_factor,M.2,
8944,1359,interface,NVMe,
8945,1359,nand_type,TLC,
8946,1359,read_speed_mbs,6400,MB/s
8947,1359,write_speed_mbs,2700,MB/s
8948,1359,tbw,150,TB
8949,1360,storage_gb,1024,GB
8950,1360,form_factor,M.2,
8951,1360,interface,NVMe,
8952,1360,nand_type,TLC,
8953,1360,read_speed_mbs,6400,MB/s
8954,1360,write_speed_mbs,2700,MB/s
8955,1360,tbw,150,TB
8956,1361,storage_gb,512,GB
8957,1361,form_factor,M.2,
8958,1361,interface,NVMe,
8959,1361,nand_type,TLC,
8960,1361,read_speed_mbs,6400,MB/s
8961,1361,write_speed_mbs,2700,MB/s
8962,1361,tbw,150,TB
8963,1362,storage_gb,256,GB
8964,1362,form_factor,M.2,
8965,1362,interface,NVMe,
8966,1362,nand_type,TLC,
8967,1362,read_speed_mbs,6400,MB/s
8968,1362,write_speed_mbs,2700,MB/s
8969,1362,tbw,150,TB
8970,1363,storage_gb,4096,GB
8971,1363,form_factor,2.5형,
8972,1363,interface,SATA,
8973,1363,nand_type,TLC,
8974,1363,read_speed_mbs,560,MB/s
8975,1363,write_speed_mbs,530,MB/s
8976,1363,tbw,300,TB
8977,1364,storage_gb,2048,GB
8978,1364,form_factor,2.5형,
8979,1364,interface,SATA,
8980,1364,nand_type,TLC,
8981,1364,read_speed_mbs,560,MB/s
8982,1364,write_speed_mbs,530,MB/s
8983,1364,tbw,300,TB
8984,1365,storage_gb,1024,GB
8985,1365,form_factor,2.5형,
8986,1365,interface,SATA,
8987,1365,nand_type,TLC,
8988,1365,read_speed_mbs,560,MB/s
8989,1365,write_speed_mbs,530,MB/s
8990,1365,tbw,300,TB
8991,1366,storage_gb,500,GB
8992,1366,form_factor,2.5형,
8993,1366,interface,SATA,
8994,1366,nand_type,TLC,
8995,1366,read_speed_mbs,560,MB/s
8996,1366,write_speed_mbs,530,MB/s
8997,1366,tbw,300,TB
8998,1367,storage_gb,4096,GB
8999,1367,form_factor,M.2,
9000,1367,interface,NVMe,
9001,1367,nand_type,TLC,
9002,1367,read_speed_mbs,14800,MB/s
9003,1367,write_speed_mbs,13400,MB/s
9004,1367,tbw,2400,TB
9005,1368,storage_gb,2048,GB
9006,1368,form_factor,M.2,
9007,1368,interface,NVMe,
9008,1368,nand_type,TLC,
9009,1368,read_speed_mbs,14800,MB/s
9010,1368,write_speed_mbs,13400,MB/s
9011,1368,tbw,2400,TB
9012,1369,storage_gb,1024,GB
9013,1369,form_factor,M.2,
9014,1369,interface,NVMe,
9015,1369,nand_type,TLC,
9016,1369,read_speed_mbs,14800,MB/s
9017,1369,write_speed_mbs,13400,MB/s
9018,1369,tbw,2400,TB
9019,1370,storage_gb,2048,GB
9020,1370,form_factor,M.2,
9021,1370,interface,NVMe,
9022,1370,nand_type,TLC,
9023,1370,read_speed_mbs,7400,MB/s
9024,1370,write_speed_mbs,6700,MB/s
9025,1370,tbw,2000,TB
9026,1371,storage_gb,1024,GB
9027,1371,form_factor,M.2,
9028,1371,interface,NVMe,
9029,1371,nand_type,TLC,
9030,1371,read_speed_mbs,7400,MB/s
9031,1371,write_speed_mbs,6700,MB/s
9032,1371,tbw,2000,TB
9033,1372,storage_gb,2048,GB
9034,1372,form_factor,M.2,
9035,1372,interface,NVMe,
9036,1372,nand_type,TLC,
9037,1372,read_speed_mbs,3500,MB/s
9038,1372,write_speed_mbs,3200,MB/s
9039,1372,tbw,750,TB
9040,1373,storage_gb,1024,GB
9041,1373,form_factor,M.2,
9042,1373,interface,NVMe,
9043,1373,nand_type,TLC,
9044,1373,read_speed_mbs,3500,MB/s
9045,1373,write_speed_mbs,3200,MB/s
9046,1373,tbw,750,TB
9047,1374,storage_gb,500,GB
9048,1374,form_factor,M.2,
9049,1374,interface,NVMe,
9050,1374,nand_type,TLC,
9051,1374,read_speed_mbs,3500,MB/s
9052,1374,write_speed_mbs,3200,MB/s
9053,1374,tbw,750,TB
9054,1375,storage_gb,1024,GB
9055,1375,form_factor,M.2,
9056,1375,interface,NVMe,
9057,1375,nand_type,TLC,
9058,1375,read_speed_mbs,4950,MB/s
9059,1375,write_speed_mbs,2500,MB/s
9060,1376,storage_gb,512,GB
9061,1376,form_factor,M.2,
9062,1376,interface,NVMe,
9063,1376,nand_type,TLC,
9064,1376,read_speed_mbs,4950,MB/s
9065,1376,write_speed_mbs,2500,MB/s
9066,1377,storage_gb,256,GB
9067,1377,form_factor,M.2,
9068,1377,interface,NVMe,
9069,1377,nand_type,TLC,
9070,1377,read_speed_mbs,4950,MB/s
9071,1377,write_speed_mbs,2500,MB/s
9072,1378,storage_gb,4096,GB
9073,1378,form_factor,2.5형,
9074,1378,interface,SATA,
9075,1378,nand_type,TLC,
9076,1378,read_speed_mbs,560,MB/s
9077,1378,write_speed_mbs,520,MB/s
9078,1378,tbw,400,TB
9079,1379,storage_gb,2048,GB
9080,1379,form_factor,2.5형,
9081,1379,interface,SATA,
9082,1379,nand_type,TLC,
9083,1379,read_speed_mbs,560,MB/s
9084,1379,write_speed_mbs,520,MB/s
9085,1379,tbw,400,TB
9086,1380,storage_gb,1024,GB
9087,1380,form_factor,2.5형,
9088,1380,interface,SATA,
9089,1380,nand_type,TLC,
9090,1380,read_speed_mbs,560,MB/s
9091,1380,write_speed_mbs,520,MB/s
9092,1380,tbw,400,TB
9093,1381,storage_gb,500,GB
9094,1381,form_factor,2.5형,
9095,1381,interface,SATA,
9096,1381,nand_type,TLC,
9097,1381,read_speed_mbs,560,MB/s
9098,1381,write_speed_mbs,520,MB/s
9099,1381,tbw,400,TB
9100,1382,storage_gb,250,GB
9101,1382,form_factor,2.5형,
9102,1382,interface,SATA,
9103,1382,nand_type,TLC,
9104,1382,read_speed_mbs,560,MB/s
9105,1382,write_speed_mbs,520,MB/s
9106,1382,tbw,400,TB
9107,1383,storage_gb,4096,GB
9108,1383,form_factor,M.2,
9109,1383,interface,NVMe,
9110,1383,nand_type,TLC,
9111,1383,read_speed_mbs,14900,MB/s
9112,1383,write_speed_mbs,11000,MB/s
9113,1383,tbw,600,TB
9114,1384,storage_gb,2048,GB
9115,1384,form_factor,M.2,
9116,1384,interface,NVMe,
9117,1384,nand_type,TLC,
9118,1384,read_speed_mbs,14900,MB/s
9119,1384,write_speed_mbs,11000,MB/s
9120,1384,tbw,600,TB
9121,1385,storage_gb,1024,GB
9122,1385,form_factor,M.2,
9123,1385,interface,NVMe,
9124,1385,nand_type,TLC,
9125,1385,read_speed_mbs,14900,MB/s
9126,1385,write_speed_mbs,11000,MB/s
9127,1385,tbw,600,TB
9128,1386,storage_gb,4096,GB
9129,1386,form_factor,M.2,
9130,1386,interface,NVMe,
9131,1386,nand_type,TLC,
9132,1386,read_speed_mbs,5150,MB/s
9133,1386,write_speed_mbs,4900,MB/s
9134,1386,tbw,600,TB
9135,1387,storage_gb,2048,GB
9136,1387,form_factor,M.2,
9137,1387,interface,NVMe,
9138,1387,nand_type,TLC,
9139,1387,read_speed_mbs,5150,MB/s
9140,1387,write_speed_mbs,4900,MB/s
9141,1387,tbw,600,TB
9142,1388,storage_gb,1024,GB
9143,1388,form_factor,M.2,
9144,1388,interface,NVMe,
9145,1388,nand_type,TLC,
9146,1388,read_speed_mbs,5150,MB/s
9147,1388,write_speed_mbs,4900,MB/s
9148,1388,tbw,600,TB
9149,1389,storage_gb,500,GB
9150,1389,form_factor,M.2,
9151,1389,interface,NVMe,
9152,1389,nand_type,TLC,
9153,1389,read_speed_mbs,5150,MB/s
9154,1389,write_speed_mbs,4900,MB/s
9155,1389,tbw,600,TB
9156,1390,storage_gb,2048,GB
9157,1390,form_factor,M.2,
9158,1390,interface,NVMe,
9159,1390,nand_type,TLC,
9160,1390,read_speed_mbs,5000,MB/s
9161,1390,write_speed_mbs,3900,MB/s
9162,1390,tbw,1200,TB
9163,1391,storage_gb,1024,GB
9164,1391,form_factor,M.2,
9165,1391,interface,NVMe,
9166,1391,nand_type,TLC,
9167,1391,read_speed_mbs,5000,MB/s
9168,1391,write_speed_mbs,3900,MB/s
9169,1391,tbw,1200,TB
9170,1392,storage_gb,4096,GB
9171,1392,form_factor,M.2,
9172,1392,interface,NVMe,
9173,1392,nand_type,QLC,
9174,1392,read_speed_mbs,7200,MB/s
9175,1392,write_speed_mbs,6000,MB/s
9176,1392,tbw,600,TB
9177,1393,storage_gb,2048,GB
9178,1393,form_factor,M.2,
9179,1393,interface,NVMe,
9180,1393,nand_type,QLC,
9181,1393,read_speed_mbs,7200,MB/s
9182,1393,write_speed_mbs,6000,MB/s
9183,1393,tbw,600,TB
9184,1394,storage_gb,1024,GB
9185,1394,form_factor,M.2,
9186,1394,interface,NVMe,
9187,1394,nand_type,QLC,
9188,1394,read_speed_mbs,7200,MB/s
9189,1394,write_speed_mbs,6000,MB/s
9190,1394,tbw,600,TB
9191,1395,storage_gb,4096,GB
9192,1395,form_factor,M.2,
9193,1395,interface,NVMe,
9194,1395,nand_type,QLC,
9195,1395,read_speed_mbs,6600,MB/s
9196,1395,write_speed_mbs,5600,MB/s
9197,1395,tbw,300,TB
9198,1396,storage_gb,2048,GB
9199,1396,form_factor,M.2,
9200,1396,interface,NVMe,
9201,1396,nand_type,QLC,
9202,1396,read_speed_mbs,6600,MB/s
9203,1396,write_speed_mbs,5600,MB/s
9204,1396,tbw,300,TB
9205,1397,storage_gb,1024,GB
9206,1397,form_factor,M.2,
9207,1397,interface,NVMe,
9208,1397,nand_type,QLC,
9209,1397,read_speed_mbs,6600,MB/s
9210,1397,write_speed_mbs,5600,MB/s
9211,1397,tbw,300,TB
9212,1398,storage_gb,500,GB
9213,1398,form_factor,M.2,
9214,1398,interface,NVMe,
9215,1398,nand_type,QLC,
9216,1398,read_speed_mbs,6600,MB/s
9217,1398,write_speed_mbs,5600,MB/s
9218,1398,tbw,300,TB
9219,1399,storage_gb,256,GB
9220,1399,form_factor,2.5형,
9221,1399,interface,SATA,
9222,1399,read_speed_mbs,500,MB/s
9223,1399,write_speed_mbs,350,MB/s
9224,1400,storage_gb,512,GB
9225,1400,form_factor,2.5형,
9226,1400,interface,SATA,
9227,1400,read_speed_mbs,500,MB/s
9228,1400,write_speed_mbs,350,MB/s
9229,1401,storage_gb,1024,GB
9230,1401,form_factor,M.2,
9231,1401,interface,NVMe,
9232,1401,nand_type,TLC,
9233,1401,read_speed_mbs,3200,MB/s
9234,1401,write_speed_mbs,2000,MB/s
9235,1401,tbw,300,TB
9236,1402,storage_gb,512,GB
9237,1402,form_factor,M.2,
9238,1402,interface,NVMe,
9239,1402,nand_type,TLC,
9240,1402,read_speed_mbs,3200,MB/s
9241,1402,write_speed_mbs,2000,MB/s
9242,1402,tbw,300,TB
9243,1403,storage_gb,256,GB
9244,1403,form_factor,M.2,
9245,1403,interface,NVMe,
9246,1403,nand_type,TLC,
9247,1403,read_speed_mbs,3200,MB/s
9248,1403,write_speed_mbs,2000,MB/s
9249,1403,tbw,300,TB
9250,1404,storage_gb,4096,GB
9251,1404,form_factor,M.2,
9252,1404,interface,NVMe,
9253,1404,nand_type,TLC,
9254,1404,read_speed_mbs,7300,MB/s
9255,1404,write_speed_mbs,6600,MB/s
9256,1404,tbw,1200,TB
9257,1405,storage_gb,2048,GB
9258,1405,form_factor,M.2,
9259,1405,interface,NVMe,
9260,1405,nand_type,TLC,
9261,1405,read_speed_mbs,7300,MB/s
9262,1405,write_speed_mbs,6600,MB/s
9263,1405,tbw,1200,TB
9264,1406,storage_gb,1024,GB
9265,1406,form_factor,M.2,
9266,1406,interface,NVMe,
9267,1406,nand_type,TLC,
9268,1406,read_speed_mbs,7300,MB/s
9269,1406,write_speed_mbs,6600,MB/s
9270,1406,tbw,1200,TB
9271,1407,storage_gb,480,GB
9272,1407,form_factor,2.5형,
9273,1407,interface,SATA,
9274,1407,nand_type,TLC,
9275,1407,read_speed_mbs,555,MB/s
9276,1407,write_speed_mbs,530,MB/s
9277,1407,tbw,120,TB
9278,1408,storage_gb,240,GB
9279,1408,form_factor,2.5형,
9280,1408,interface,SATA,
9281,1408,nand_type,TLC,
9282,1408,read_speed_mbs,555,MB/s
9283,1408,write_speed_mbs,530,MB/s
9284,1408,tbw,120,TB
9285,1409,storage_gb,1024,GB
9286,1409,form_factor,M.2,
9287,1409,interface,NVMe,
9288,1409,nand_type,TLC,
9289,1409,read_speed_mbs,5000,MB/s
9290,1409,write_speed_mbs,4500,MB/s
9291,1409,tbw,600,TB
9292,1410,storage_gb,500,GB
9293,1410,form_factor,M.2,
9294,1410,interface,NVMe,
9295,1410,nand_type,TLC,
9296,1410,read_speed_mbs,5000,MB/s
9297,1410,write_speed_mbs,4500,MB/s
9298,1410,tbw,600,TB
9299,1411,storage_gb,256,GB
9300,1411,form_factor,M.2,
9301,1411,interface,NVMe,
9302,1411,nand_type,TLC,
9303,1411,read_speed_mbs,4900,MB/s
9304,1411,write_speed_mbs,2750,MB/s
9305,1412,storage_gb,1024,GB
9306,1412,form_factor,M.2,
9307,1412,interface,NVMe,
9308,1412,read_speed_mbs,7000,MB/s
9309,1412,write_speed_mbs,4700,MB/s
9310,1413,storage_gb,512,GB
9311,1413,form_factor,M.2,
9312,1413,interface,NVMe,
9313,1413,read_speed_mbs,7000,MB/s
9314,1413,write_speed_mbs,4700,MB/s
9315,1414,storage_gb,256,GB
9316,1414,form_factor,M.2,
9317,1414,interface,NVMe,
9318,1414,read_speed_mbs,7000,MB/s
9319,1414,write_speed_mbs,4700,MB/s
9320,1415,storage_gb,1024,GB
9321,1415,form_factor,M.2,
9322,1415,interface,NVMe,
9323,1415,nand_type,TLC,
9324,1415,read_speed_mbs,7400,MB/s
9325,1415,write_speed_mbs,6300,MB/s
9326,1415,tbw,1200,TB
9327,1416,storage_gb,2048,GB
9328,1416,form_factor,M.2,
9329,1416,interface,NVMe,
9330,1416,nand_type,TLC,
9331,1416,read_speed_mbs,7400,MB/s
9332,1416,write_speed_mbs,6300,MB/s
9333,1416,tbw,1200,TB
9334,1417,storage_gb,4096,GB
9335,1417,form_factor,M.2,
9336,1417,interface,NVMe,
9337,1417,nand_type,TLC,
9338,1417,read_speed_mbs,7450,MB/s
9339,1417,write_speed_mbs,6900,MB/s
9340,1417,tbw,1200,TB
9341,1418,storage_gb,2048,GB
9342,1418,form_factor,M.2,
9343,1418,interface,NVMe,
9344,1418,nand_type,TLC,
9345,1418,read_speed_mbs,7450,MB/s
9346,1418,write_speed_mbs,6900,MB/s
9347,1418,tbw,1200,TB
9348,1419,storage_gb,1024,GB
9349,1419,form_factor,M.2,
9350,1419,interface,NVMe,
9351,1419,nand_type,TLC,
9352,1419,read_speed_mbs,7450,MB/s
9353,1419,write_speed_mbs,6900,MB/s
9354,1419,tbw,1200,TB
9355,1420,storage_gb,1024,GB
9356,1420,form_factor,M.2,
9357,1420,interface,NVMe,
9358,1420,nand_type,TLC,
9359,1420,read_speed_mbs,3500,MB/s
9360,1420,write_speed_mbs,3000,MB/s
9361,1420,tbw,600,TB
9362,1421,storage_gb,500,GB
9363,1421,form_factor,M.2,
9364,1421,interface,NVMe,
9365,1421,nand_type,TLC,
9366,1421,read_speed_mbs,3500,MB/s
9367,1421,write_speed_mbs,3000,MB/s
9368,1421,tbw,600,TB
9369,1422,storage_gb,250,GB
9370,1422,form_factor,M.2,
9371,1422,interface,NVMe,
9372,1422,nand_type,TLC,
9373,1422,read_speed_mbs,3500,MB/s
9374,1422,write_speed_mbs,3000,MB/s
9375,1422,tbw,600,TB
9376,1423,storage_gb,2048,GB
9377,1423,form_factor,M.2,
9378,1423,interface,NVMe,
9379,1423,nand_type,QLC,
9380,1423,read_speed_mbs,2700,MB/s
9381,1423,write_speed_mbs,1900,MB/s
9382,1423,tbw,120,TB
9383,1424,storage_gb,1024,GB
9384,1424,form_factor,M.2,
9385,1424,interface,NVMe,
9386,1424,nand_type,QLC,
9387,1424,read_speed_mbs,2700,MB/s
9388,1424,write_speed_mbs,1900,MB/s
9389,1424,tbw,120,TB
9390,1425,storage_gb,512,GB
9391,1425,form_factor,M.2,
9392,1425,interface,NVMe,
9393,1425,nand_type,QLC,
9394,1425,read_speed_mbs,2700,MB/s
9395,1425,write_speed_mbs,1900,MB/s
9396,1425,tbw,120,TB
9397,1426,storage_gb,256,GB
9398,1426,form_factor,M.2,
9399,1426,interface,NVMe,
9400,1426,nand_type,QLC,
9401,1426,read_speed_mbs,2700,MB/s
9402,1426,write_speed_mbs,1900,MB/s
9403,1426,tbw,120,TB
9404,1427,storage_gb,2048,GB
9405,1427,form_factor,2.5형,
9406,1427,interface,SATA,
9407,1427,read_speed_mbs,520,MB/s
9408,1427,write_speed_mbs,450,MB/s
9409,1427,tbw,280,TB
9410,1428,storage_gb,1024,GB
9411,1428,form_factor,2.5형,
9412,1428,interface,SATA,
9413,1428,read_speed_mbs,520,MB/s
9414,1428,write_speed_mbs,450,MB/s
9415,1428,tbw,280,TB
9416,1429,storage_gb,512,GB
9417,1429,form_factor,2.5형,
9418,1429,interface,SATA,
9419,1429,read_speed_mbs,520,MB/s
9420,1429,write_speed_mbs,450,MB/s
9421,1429,tbw,280,TB
9422,1430,storage_gb,256,GB
9423,1430,form_factor,2.5형,
9424,1430,interface,SATA,
9425,1430,read_speed_mbs,520,MB/s
9426,1430,write_speed_mbs,450,MB/s
9427,1430,tbw,280,TB
9428,1431,storage_gb,4096,GB
9429,1431,form_factor,M.2,
9430,1431,interface,NVMe,
9431,1431,nand_type,TLC,
9432,1431,read_speed_mbs,14900,MB/s
9433,1431,write_speed_mbs,14000,MB/s
9434,1431,tbw,1200,TB
9435,1432,storage_gb,2048,GB
9436,1432,form_factor,M.2,
9437,1432,interface,NVMe,
9438,1432,nand_type,TLC,
9439,1432,read_speed_mbs,14900,MB/s
9440,1432,write_speed_mbs,14000,MB/s
9441,1432,tbw,1200,TB
9442,1433,storage_gb,1024,GB
9443,1433,form_factor,M.2,
9444,1433,interface,NVMe,
9445,1433,nand_type,TLC,
9446,1433,read_speed_mbs,14900,MB/s
9447,1433,write_speed_mbs,14000,MB/s
9448,1433,tbw,1200,TB
9449,1434,storage_gb,2048,GB
9450,1434,form_factor,M.2,
9451,1434,interface,NVMe,
9452,1434,nand_type,QLC,
9453,1434,read_speed_mbs,7150,MB/s
9454,1434,write_speed_mbs,6450,MB/s
9455,1434,tbw,400,TB
9456,1435,storage_gb,1024,GB
9457,1435,form_factor,M.2,
9458,1435,interface,NVMe,
9459,1435,nand_type,QLC,
9460,1435,read_speed_mbs,7150,MB/s
9461,1435,write_speed_mbs,6450,MB/s
9462,1435,tbw,400,TB
9463,1436,storage_gb,4096,GB
9464,1436,form_factor,M.2,
9465,1436,interface,NVMe,
9466,1436,nand_type,TLC,
9467,1436,read_speed_mbs,7400,MB/s
9468,1436,write_speed_mbs,6900,MB/s
9469,1436,tbw,2400,TB
9470,1437,storage_gb,2048,GB
9471,1437,form_factor,M.2,
9472,1437,interface,NVMe,
9473,1437,nand_type,TLC,
9474,1437,read_speed_mbs,7400,MB/s
9475,1437,write_speed_mbs,6900,MB/s
9476,1437,tbw,2400,TB
9477,1438,storage_gb,2048,GB
9478,1438,form_factor,M.2,
9479,1438,interface,NVMe,
9480,1438,read_speed_mbs,11000,MB/s
9481,1438,write_speed_mbs,9700,MB/s
9482,1438,tbw,750,TB
9483,1439,storage_gb,1024,GB
9484,1439,form_factor,M.2,
9485,1439,interface,NVMe,
9486,1439,read_speed_mbs,11000,MB/s
9487,1439,write_speed_mbs,9700,MB/s
9488,1439,tbw,750,TB
9489,1440,storage_gb,4096,GB
9490,1440,form_factor,M.2,
9491,1440,interface,NVMe,
9492,1440,nand_type,TLC,
9493,1440,read_speed_mbs,7450,MB/s
9494,1440,write_speed_mbs,6900,MB/s
9495,1440,tbw,1200,TB
9496,1441,storage_gb,2048,GB
9497,1441,form_factor,M.2,
9498,1441,interface,NVMe,
9499,1441,nand_type,TLC,
9500,1441,read_speed_mbs,7450,MB/s
9501,1441,write_speed_mbs,6900,MB/s
9502,1441,tbw,1200,TB
9503,1442,storage_gb,1024,GB
9504,1442,form_factor,M.2,
9505,1442,interface,NVMe,
9506,1442,nand_type,TLC,
9507,1442,read_speed_mbs,7450,MB/s
9508,1442,write_speed_mbs,6900,MB/s
9509,1442,tbw,1200,TB
9510,1443,storage_gb,1024,GB
9511,1443,form_factor,M.2,
9512,1443,interface,NVMe,
9513,1443,read_speed_mbs,2100,MB/s
9514,1443,write_speed_mbs,1700,MB/s
9515,1443,tbw,350,TB
9516,1444,storage_gb,512,GB
9517,1444,form_factor,M.2,
9518,1444,interface,NVMe,
9519,1444,read_speed_mbs,2100,MB/s
9520,1444,write_speed_mbs,1700,MB/s
9521,1444,tbw,350,TB
9522,1445,storage_gb,4096,GB
9523,1445,form_factor,M.2,
9524,1445,interface,NVMe,
9525,1445,nand_type,TLC,
9526,1445,read_speed_mbs,14800,MB/s
9527,1445,write_speed_mbs,13400,MB/s
9528,1445,tbw,4800,TB
9529,1446,storage_gb,2048,GB
9530,1446,form_factor,M.2,
9531,1446,interface,NVMe,
9532,1446,nand_type,TLC,
9533,1446,read_speed_mbs,14800,MB/s
9534,1446,write_speed_mbs,13400,MB/s
9535,1446,tbw,4800,TB
9536,1447,storage_gb,1024,GB
9537,1447,form_factor,M.2,
9538,1447,interface,NVMe,
9539,1447,nand_type,TLC,
9540,1447,read_speed_mbs,14800,MB/s
9541,1447,write_speed_mbs,13400,MB/s
9542,1447,tbw,4800,TB
9543,1448,storage_gb,2048,GB
9544,1448,form_factor,M.2,
9545,1448,interface,NVMe,
9546,1448,nand_type,TLC,
9547,1448,read_speed_mbs,7300,MB/s
9548,1448,write_speed_mbs,6900,MB/s
9549,1448,tbw,2550,TB
9550,1449,storage_gb,1024,GB
9551,1449,form_factor,M.2,
9552,1449,interface,NVMe,
9553,1449,nand_type,TLC,
9554,1449,read_speed_mbs,7300,MB/s
9555,1449,write_speed_mbs,6900,MB/s
9556,1449,tbw,2550,TB
9557,1450,storage_gb,4096,GB
9558,1450,form_factor,M.2,
9559,1450,interface,NVMe,
9560,1450,nand_type,TLC,
9561,1450,read_speed_mbs,7250,MB/s
9562,1450,write_speed_mbs,6900,MB/s
9563,1450,tbw,600,TB
9564,1451,storage_gb,2048,GB
9565,1451,form_factor,M.2,
9566,1451,interface,NVMe,
9567,1451,nand_type,TLC,
9568,1451,read_speed_mbs,7250,MB/s
9569,1451,write_speed_mbs,6900,MB/s
9570,1451,tbw,600,TB
9571,1452,storage_gb,1024,GB
9572,1452,form_factor,M.2,
9573,1452,interface,NVMe,
9574,1452,nand_type,TLC,
9575,1452,read_speed_mbs,7250,MB/s
9576,1452,write_speed_mbs,6900,MB/s
9577,1452,tbw,600,TB
9578,1453,storage_gb,500,GB
9579,1453,form_factor,M.2,
9580,1453,interface,NVMe,
9581,1453,nand_type,TLC,
9582,1453,read_speed_mbs,7250,MB/s
9583,1453,write_speed_mbs,6900,MB/s
9584,1453,tbw,600,TB
9585,1454,storage_gb,4096,GB
9586,1454,form_factor,M.2,
9587,1454,interface,NVMe,
9588,1454,nand_type,TLC,
9589,1454,read_speed_mbs,14000,MB/s
9590,1454,write_speed_mbs,13000,MB/s
9591,1454,tbw,3000,TB
9592,1455,storage_gb,2048,GB
9593,1455,form_factor,M.2,
9594,1455,interface,NVMe,
9595,1455,nand_type,TLC,
9596,1455,read_speed_mbs,14000,MB/s
9597,1455,write_speed_mbs,13000,MB/s
9598,1455,tbw,3000,TB
9599,1456,storage_gb,1024,GB
9600,1456,form_factor,M.2,
9601,1456,interface,NVMe,
9602,1456,nand_type,TLC,
9603,1456,read_speed_mbs,14000,MB/s
9604,1456,write_speed_mbs,13000,MB/s
9605,1456,tbw,3000,TB
9606,1457,storage_gb,2048,GB
9607,1457,form_factor,M.2,
9608,1457,interface,NVMe,
9609,1457,read_speed_mbs,3300,MB/s
9610,1457,write_speed_mbs,1700,MB/s
9611,1457,tbw,300,TB
9612,1458,storage_gb,1024,GB
9613,1458,form_factor,M.2,
9614,1458,interface,NVMe,
9615,1458,read_speed_mbs,3300,MB/s
9616,1458,write_speed_mbs,1700,MB/s
9617,1458,tbw,300,TB
9618,1459,storage_gb,512,GB
9619,1459,form_factor,M.2,
9620,1459,interface,NVMe,
9621,1459,read_speed_mbs,3300,MB/s
9622,1459,write_speed_mbs,1700,MB/s
9623,1459,tbw,300,TB
9624,1460,storage_gb,1024,GB
9625,1460,form_factor,2.5형,
9626,1460,interface,SATA,
9627,1460,read_speed_mbs,535,MB/s
9628,1460,write_speed_mbs,515,MB/s
9629,1461,storage_gb,500,GB
9630,1461,form_factor,2.5형,
9631,1461,interface,SATA,
9632,1461,read_speed_mbs,535,MB/s
9633,1461,write_speed_mbs,515,MB/s
9634,1462,storage_gb,250,GB
9635,1462,form_factor,2.5형,
9636,1462,interface,SATA,
9637,1462,read_speed_mbs,535,MB/s
9638,1462,write_speed_mbs,515,MB/s
9639,1463,storage_gb,1024,GB
9640,1463,form_factor,M.2,
9641,1463,interface,NVMe,
9642,1463,read_speed_mbs,1700,MB/s
9643,1463,write_speed_mbs,1100,MB/s
9644,1464,storage_gb,500,GB
9645,1464,form_factor,M.2,
9646,1464,interface,NVMe,
9647,1464,read_speed_mbs,1700,MB/s
9648,1464,write_speed_mbs,1100,MB/s
9649,1465,storage_gb,512,GB
9650,1465,form_factor,M.2,
9651,1465,interface,NVMe,
9652,1465,read_speed_mbs,1700,MB/s
9653,1465,write_speed_mbs,1100,MB/s
9654,1466,storage_gb,256,GB
9655,1466,form_factor,M.2,
9656,1466,interface,NVMe,
9657,1466,read_speed_mbs,1700,MB/s
9658,1466,write_speed_mbs,1100,MB/s
9659,1467,storage_gb,4096,GB
9660,1467,form_factor,M.2,
9661,1467,interface,NVMe,
9662,1467,nand_type,TLC,
9663,1467,read_speed_mbs,6200,MB/s
9664,1467,write_speed_mbs,4800,MB/s
9665,1467,tbw,2400,TB
9666,1468,storage_gb,2048,GB
9667,1468,form_factor,M.2,
9668,1468,interface,NVMe,
9669,1468,nand_type,TLC,
9670,1468,read_speed_mbs,6200,MB/s
9671,1468,write_speed_mbs,4800,MB/s
9672,1468,tbw,2400,TB
9673,1469,storage_gb,1024,GB
9674,1469,form_factor,M.2,
9675,1469,interface,NVMe,
9676,1469,nand_type,TLC,
9677,1469,read_speed_mbs,6200,MB/s
9678,1469,write_speed_mbs,4800,MB/s
9679,1469,tbw,2400,TB
9680,1470,storage_gb,480,GB
9681,1470,form_factor,M.2,
9682,1470,interface,SATA,
9683,1470,read_speed_mbs,500,MB/s
9684,1470,write_speed_mbs,430,MB/s
9685,1470,tbw,80,TB
9686,1471,storage_gb,240,GB
9687,1471,form_factor,M.2,
9688,1471,interface,SATA,
9689,1471,read_speed_mbs,500,MB/s
9690,1471,write_speed_mbs,430,MB/s
9691,1471,tbw,80,TB
9692,1472,storage_gb,4096,GB
9693,1472,form_factor,M.2,
9694,1472,interface,NVMe,
9695,1472,nand_type,QLC,
9696,1472,read_speed_mbs,6600,MB/s
9697,1472,write_speed_mbs,5600,MB/s
9698,1472,tbw,300,TB
9699,1473,storage_gb,2048,GB
9700,1473,form_factor,M.2,
9701,1473,interface,NVMe,
9702,1473,nand_type,QLC,
9703,1473,read_speed_mbs,6600,MB/s
9704,1473,write_speed_mbs,5600,MB/s
9705,1473,tbw,300,TB
9706,1474,storage_gb,1024,GB
9707,1474,form_factor,M.2,
9708,1474,interface,NVMe,
9709,1474,nand_type,QLC,
9710,1474,read_speed_mbs,6600,MB/s
9711,1474,write_speed_mbs,5600,MB/s
9712,1474,tbw,300,TB
9713,1475,storage_gb,500,GB
9714,1475,form_factor,M.2,
9715,1475,interface,NVMe,
9716,1475,nand_type,QLC,
9717,1475,read_speed_mbs,6600,MB/s
9718,1475,write_speed_mbs,5600,MB/s
9719,1475,tbw,300,TB
9720,1476,storage_gb,2048,GB
9721,1476,form_factor,M.2,
9722,1476,interface,NVMe,
9723,1476,nand_type,TLC,
9724,1476,read_speed_mbs,14700,MB/s
9725,1476,write_speed_mbs,13400,MB/s
9726,1476,tbw,1200,TB
9727,1477,storage_gb,1024,GB
9728,1477,form_factor,M.2,
9729,1477,interface,NVMe,
9730,1477,nand_type,TLC,
9731,1477,read_speed_mbs,14700,MB/s
9732,1477,write_speed_mbs,13400,MB/s
9733,1477,tbw,1200,TB
9734,1478,storage_gb,1024,GB
9735,1478,form_factor,M.2,
9736,1478,interface,NVMe,
9737,1478,nand_type,QLC,
9738,1478,read_speed_mbs,7100,MB/s
9739,1478,write_speed_mbs,6000,MB/s
9740,1478,tbw,220,TB
9741,1479,storage_gb,500,GB
9742,1479,form_factor,M.2,
9743,1479,interface,NVMe,
9744,1479,nand_type,QLC,
9745,1479,read_speed_mbs,7100,MB/s
9746,1479,write_speed_mbs,6000,MB/s
9747,1479,tbw,220,TB
9748,1480,storage_gb,512,GB
9749,1480,form_factor,M.2,
9750,1480,interface,NVMe,
9751,1480,nand_type,TLC,
9752,1480,read_speed_mbs,3200,MB/s
9753,1480,write_speed_mbs,2000,MB/s
9754,1481,storage_gb,256,GB
9755,1481,form_factor,M.2,
9756,1481,interface,NVMe,
9757,1481,nand_type,TLC,
9758,1481,read_speed_mbs,3200,MB/s
9759,1481,write_speed_mbs,2000,MB/s
9760,1482,storage_gb,1024,GB
9761,1482,form_factor,2.5형,
9762,1482,interface,SATA,
9763,1482,nand_type,TLC,
9764,1482,read_speed_mbs,520,MB/s
9765,1482,write_speed_mbs,450,MB/s
9766,1483,storage_gb,512,GB
9767,1483,form_factor,2.5형,
9768,1483,interface,SATA,
9769,1483,nand_type,TLC,
9770,1483,read_speed_mbs,520,MB/s
9771,1483,write_speed_mbs,450,MB/s
9772,1484,storage_gb,256,GB
9773,1484,form_factor,2.5형,
9774,1484,interface,SATA,
9775,1484,nand_type,TLC,
9776,1484,read_speed_mbs,520,MB/s
9777,1484,write_speed_mbs,450,MB/s
9778,1485,storage_gb,240,GB
9779,1485,form_factor,2.5형,
9780,1485,interface,SATA,
9781,1485,nand_type,TLC,
9782,1485,read_speed_mbs,520,MB/s
9783,1485,write_speed_mbs,450,MB/s
9784,1486,storage_gb,4096,GB
9785,1486,form_factor,2.5형,
9786,1486,interface,SATA,
9787,1486,nand_type,TLC,
9788,1486,read_speed_mbs,560,MB/s
9789,1486,write_speed_mbs,530,MB/s
9790,1486,tbw,600,TB
9791,1487,storage_gb,2048,GB
9792,1487,form_factor,2.5형,
9793,1487,interface,SATA,
9794,1487,nand_type,TLC,
9795,1487,read_speed_mbs,560,MB/s
9796,1487,write_speed_mbs,530,MB/s
9797,1487,tbw,600,TB
9798,1488,storage_gb,1024,GB
9799,1488,form_factor,2.5형,
9800,1488,interface,SATA,
9801,1488,nand_type,TLC,
9802,1488,read_speed_mbs,560,MB/s
9803,1488,write_speed_mbs,530,MB/s
9804,1488,tbw,600,TB
9805,1489,storage_gb,500,GB
9806,1489,form_factor,2.5형,
9807,1489,interface,SATA,
9808,1489,nand_type,TLC,
9809,1489,read_speed_mbs,560,MB/s
9810,1489,write_speed_mbs,530,MB/s
9811,1489,tbw,600,TB
9812,1490,storage_gb,512,GB
9813,1490,form_factor,M.2,
9814,1490,interface,NVMe,
9815,1490,nand_type,TLC,
9816,1490,read_speed_mbs,3300,MB/s
9817,1490,write_speed_mbs,1250,MB/s
9818,1491,storage_gb,256,GB
9819,1491,form_factor,M.2,
9820,1491,interface,NVMe,
9821,1491,nand_type,TLC,
9822,1491,read_speed_mbs,3300,MB/s
9823,1491,write_speed_mbs,1250,MB/s
9824,1492,storage_gb,1024,GB
9825,1492,form_factor,2.5형,
9826,1492,interface,SATA,
9827,1492,nand_type,TLC,
9828,1492,read_speed_mbs,540,MB/s
9829,1492,write_speed_mbs,500,MB/s
9830,1492,tbw,80,TB
9831,1493,storage_gb,240,GB
9832,1493,form_factor,2.5형,
9833,1493,interface,SATA,
9834,1493,nand_type,TLC,
9835,1493,read_speed_mbs,540,MB/s
9836,1493,write_speed_mbs,500,MB/s
9837,1493,tbw,80,TB
9838,1494,storage_gb,1024,GB
9839,1494,form_factor,M.2,
9840,1494,interface,NVMe,
9841,1494,nand_type,TLC,
9842,1495,storage_gb,512,GB
9843,1495,form_factor,M.2,
9844,1495,interface,NVMe,
9845,1495,nand_type,TLC,
9846,1496,storage_gb,256,GB
9847,1496,form_factor,M.2,
9848,1496,interface,NVMe,
9849,1496,nand_type,TLC,
9850,1497,storage_gb,4096,GB
9851,1497,form_factor,M.2,
9852,1497,interface,NVMe,
9853,1497,nand_type,TLC,
9854,1497,read_speed_mbs,7300,MB/s
9855,1497,write_speed_mbs,6300,MB/s
9856,1497,tbw,600,TB
9857,1498,storage_gb,2048,GB
9858,1498,form_factor,M.2,
9859,1498,interface,NVMe,
9860,1498,nand_type,TLC,
9861,1498,read_speed_mbs,7300,MB/s
9862,1498,write_speed_mbs,6300,MB/s
9863,1498,tbw,600,TB
9864,1499,storage_gb,1024,GB
9865,1499,form_factor,M.2,
9866,1499,interface,NVMe,
9867,1499,nand_type,TLC,
9868,1499,read_speed_mbs,7300,MB/s
9869,1499,write_speed_mbs,6300,MB/s
9870,1499,tbw,600,TB
9871,1500,storage_gb,1024,GB
9872,1500,form_factor,M.2,
9873,1500,interface,NVMe,
9874,1500,write_speed_mbs,2400,MB/s
9875,1500,tbw,300,TB
9876,1501,storage_gb,500,GB
9877,1501,form_factor,M.2,
9878,1501,interface,NVMe,
9879,1501,write_speed_mbs,2400,MB/s
9880,1501,tbw,300,TB
9881,1502,storage_gb,4096,GB
9882,1502,form_factor,M.2,
9883,1502,interface,NVMe,
9884,1502,nand_type,TLC,
9885,1502,read_speed_mbs,6400,MB/s
9886,1502,write_speed_mbs,5000,MB/s
9887,1502,tbw,2400,TB
9888,1503,storage_gb,1024,GB
9889,1503,form_factor,M.2,
9890,1503,interface,NVMe,
9891,1503,nand_type,TLC,
9892,1503,read_speed_mbs,6400,MB/s
9893,1503,write_speed_mbs,5000,MB/s
9894,1503,tbw,2400,TB
9895,1504,storage_gb,2048,GB
9896,1504,form_factor,M.2,
9897,1504,interface,NVMe,
9898,1504,nand_type,TLC,
9899,1504,read_speed_mbs,7000,MB/s
9900,1504,write_speed_mbs,6500,MB/s
9901,1504,tbw,750,TB
9902,1505,storage_gb,1024,GB
9903,1505,form_factor,M.2,
9904,1505,interface,NVMe,
9905,1505,nand_type,TLC,
9906,1505,read_speed_mbs,7000,MB/s
9907,1505,write_speed_mbs,6500,MB/s
9908,1505,tbw,750,TB
9909,1506,storage_gb,500,GB
9910,1506,form_factor,M.2,
9911,1506,interface,NVMe,
9912,1506,nand_type,TLC,
9913,1506,read_speed_mbs,7000,MB/s
9914,1506,write_speed_mbs,6500,MB/s
9915,1506,tbw,750,TB
9916,1507,storage_gb,2048,GB
9917,1507,form_factor,M.2,
9918,1507,interface,NVMe,
9919,1507,nand_type,QLC,
9920,1507,read_speed_mbs,7300,MB/s
9921,1507,write_speed_mbs,6800,MB/s
9922,1507,tbw,600,TB
9923,1508,storage_gb,1024,GB
9924,1508,form_factor,M.2,
9925,1508,interface,NVMe,
9926,1508,nand_type,QLC,
9927,1508,read_speed_mbs,7300,MB/s
9928,1508,write_speed_mbs,6800,MB/s
9929,1508,tbw,600,TB
9930,1509,storage_gb,4096,GB
9931,1509,form_factor,M.2,
9932,1509,interface,NVMe,
9933,1509,nand_type,TLC,
9934,1509,read_speed_mbs,14900,MB/s
9935,1509,write_speed_mbs,13700,MB/s
9936,1509,tbw,2400,TB
9937,1510,storage_gb,2048,GB
9938,1510,form_factor,M.2,
9939,1510,interface,NVMe,
9940,1510,nand_type,TLC,
9941,1510,read_speed_mbs,14900,MB/s
9942,1510,write_speed_mbs,13700,MB/s
9943,1510,tbw,2400,TB
9944,1511,storage_gb,1024,GB
9945,1511,form_factor,M.2,
9946,1511,interface,NVMe,
9947,1511,nand_type,TLC,
9948,1511,read_speed_mbs,14900,MB/s
9949,1511,write_speed_mbs,13700,MB/s
9950,1511,tbw,2400,TB
9951,1512,storage_gb,1024,GB
9952,1512,form_factor,M.2,
9953,1512,interface,NVMe,
9954,1512,nand_type,TLC,
9955,1512,read_speed_mbs,3400,MB/s
9956,1512,write_speed_mbs,3100,MB/s
9957,1513,storage_gb,512,GB
9958,1513,form_factor,M.2,
9959,1513,interface,NVMe,
9960,1513,nand_type,TLC,
9961,1513,read_speed_mbs,3400,MB/s
9962,1513,write_speed_mbs,3100,MB/s
9963,1514,storage_gb,256,GB
9964,1514,form_factor,M.2,
9965,1514,interface,NVMe,
9966,1514,nand_type,TLC,
9967,1514,read_speed_mbs,3400,MB/s
9968,1514,write_speed_mbs,3100,MB/s
9969,1515,storage_gb,1024,GB
9970,1515,form_factor,M.2,
9971,1515,interface,NVMe,
9972,1515,nand_type,TLC,
9973,1515,read_speed_mbs,7000,MB/s
9974,1515,write_speed_mbs,6000,MB/s
9975,1516,storage_gb,2048,GB
9976,1516,form_factor,M.2,
9977,1516,interface,NVMe,
9978,1516,nand_type,QLC,
9979,1516,read_speed_mbs,7200,MB/s
9980,1516,write_speed_mbs,6200,MB/s
9981,1516,tbw,400,TB
9982,1517,storage_gb,1024,GB
9983,1517,form_factor,M.2,
9984,1517,interface,NVMe,
9985,1517,nand_type,QLC,
9986,1517,read_speed_mbs,7200,MB/s
9987,1517,write_speed_mbs,6200,MB/s
9988,1517,tbw,400,TB
9989,1518,storage_gb,4096,GB
9990,1518,form_factor,M.2,
9991,1518,interface,NVMe,
9992,1518,nand_type,QLC,
9993,1518,read_speed_mbs,10000,MB/s
9994,1518,write_speed_mbs,9600,MB/s
9995,1518,tbw,1200,TB
9996,1519,storage_gb,2048,GB
9997,1519,form_factor,M.2,
9998,1519,interface,NVMe,
9999,1519,nand_type,QLC,
10000,1519,read_speed_mbs,10000,MB/s
10001,1519,write_speed_mbs,9600,MB/s
10002,1519,tbw,1200,TB
10003,1520,storage_gb,1024,GB
10004,1520,form_factor,M.2,
10005,1520,interface,NVMe,
10006,1520,nand_type,QLC,
10007,1520,read_speed_mbs,10000,MB/s
10008,1520,write_speed_mbs,9600,MB/s
10009,1520,tbw,1200,TB
10010,1521,storage_gb,4096,GB
10011,1521,form_factor,M.2,
10012,1521,interface,NVMe,
10013,1521,nand_type,TLC,
10014,1521,read_speed_mbs,3200,MB/s
10015,1521,write_speed_mbs,1800,MB/s
10016,1521,tbw,150,TB
10017,1522,storage_gb,2048,GB
10018,1522,form_factor,M.2,
10019,1522,interface,NVMe,
10020,1522,nand_type,TLC,
10021,1522,read_speed_mbs,3200,MB/s
10022,1522,write_speed_mbs,1800,MB/s
10023,1522,tbw,150,TB
10024,1523,storage_gb,1024,GB
10025,1523,form_factor,M.2,
10026,1523,interface,NVMe,
10027,1523,nand_type,TLC,
10028,1523,read_speed_mbs,3200,MB/s
10029,1523,write_speed_mbs,1800,MB/s
10030,1523,tbw,150,TB
10031,1524,storage_gb,500,GB
10032,1524,form_factor,M.2,
10033,1524,interface,NVMe,
10034,1524,nand_type,TLC,
10035,1524,read_speed_mbs,3200,MB/s
10036,1524,write_speed_mbs,1800,MB/s
10037,1524,tbw,150,TB
10038,1525,storage_gb,250,GB
10039,1525,form_factor,M.2,
10040,1525,interface,NVMe,
10041,1525,nand_type,TLC,
10042,1525,read_speed_mbs,3200,MB/s
10043,1525,write_speed_mbs,1800,MB/s
10044,1525,tbw,150,TB
10045,1526,storage_gb,500,GB
10046,1526,form_factor,M.2,
10047,1526,interface,NVMe,
10048,1526,nand_type,QLC,
10049,1526,read_speed_mbs,3600,MB/s
10050,1526,write_speed_mbs,3100,MB/s
10051,1526,tbw,150,TB
10052,1527,storage_gb,1024,GB
10053,1527,form_factor,M.2,
10054,1527,interface,NVMe,
10055,1527,nand_type,TLC,
10056,1527,read_speed_mbs,3600,MB/s
10057,1527,write_speed_mbs,3000,MB/s
10058,1527,tbw,300,TB
10059,1528,storage_gb,500,GB
10060,1528,form_factor,M.2,
10061,1528,interface,NVMe,
10062,1528,nand_type,TLC,
10063,1528,read_speed_mbs,3600,MB/s
10064,1528,write_speed_mbs,3000,MB/s
10065,1528,tbw,300,TB
10066,1529,storage_gb,256,GB
10067,1529,form_factor,M.2,
10068,1529,interface,NVMe,
10069,1529,nand_type,TLC,
10070,1529,read_speed_mbs,3200,MB/s
10071,1529,write_speed_mbs,1200,MB/s
10072,1529,tbw,100,TB
10073,1530,storage_gb,1024,GB
10074,1530,form_factor,M.2,
10075,1530,interface,NVMe,
10076,1530,read_speed_mbs,2400,MB/s
10077,1530,write_speed_mbs,1600,MB/s
10078,1530,tbw,130,TB
10079,1531,storage_gb,512,GB
10080,1531,form_factor,M.2,
10081,1531,interface,NVMe,
10082,1531,read_speed_mbs,2400,MB/s
10083,1531,write_speed_mbs,1600,MB/s
10084,1531,tbw,130,TB
10085,1532,storage_gb,256,GB
10086,1532,form_factor,M.2,
10087,1532,interface,NVMe,
10088,1532,read_speed_mbs,2400,MB/s
10089,1532,write_speed_mbs,1600,MB/s
10090,1532,tbw,130,TB
10091,1533,storage_gb,1024,GB
10092,1533,form_factor,M.2,
10093,1533,interface,NVMe,
10094,1533,read_speed_mbs,10400,MB/s
10095,1533,write_speed_mbs,8600,MB/s
10096,1533,tbw,600,TB
10097,1534,storage_gb,2048,GB
10098,1534,form_factor,M.2,
10099,1534,interface,NVMe,
10100,1534,nand_type,TLC,
10101,1534,read_speed_mbs,7400,MB/s
10102,1534,write_speed_mbs,5500,MB/s
10103,1534,tbw,740,TB
10104,1535,storage_gb,1024,GB
10105,1535,form_factor,M.2,
10106,1535,interface,NVMe,
10107,1535,nand_type,TLC,
10108,1535,read_speed_mbs,7400,MB/s
10109,1535,write_speed_mbs,5500,MB/s
10110,1535,tbw,740,TB
10111,1536,storage_gb,512,GB
10112,1536,form_factor,M.2,
10113,1536,interface,NVMe,
10114,1536,nand_type,TLC,
10115,1536,read_speed_mbs,7400,MB/s
10116,1536,write_speed_mbs,5500,MB/s
10117,1536,tbw,740,TB
10118,1537,storage_gb,4096,GB
10119,1537,form_factor,M.2,
10120,1537,interface,NVMe,
10121,1537,nand_type,TLC,
10122,1537,read_speed_mbs,5000,MB/s
10123,1537,write_speed_mbs,4800,MB/s
10124,1537,tbw,700,TB
10125,1538,storage_gb,2048,GB
10126,1538,form_factor,M.2,
10127,1538,interface,NVMe,
10128,1538,nand_type,TLC,
10129,1538,read_speed_mbs,5000,MB/s
10130,1538,write_speed_mbs,4800,MB/s
10131,1538,tbw,700,TB
10132,1539,storage_gb,1024,GB
10133,1539,form_factor,M.2,
10134,1539,interface,NVMe,
10135,1539,nand_type,TLC,
10136,1539,read_speed_mbs,5000,MB/s
10137,1539,write_speed_mbs,4800,MB/s
10138,1539,tbw,700,TB
10139,1540,storage_gb,500,GB
10140,1540,form_factor,M.2,
10141,1540,interface,NVMe,
10142,1540,nand_type,TLC,
10143,1540,read_speed_mbs,5000,MB/s
10144,1540,write_speed_mbs,4800,MB/s
10145,1540,tbw,700,TB
10146,1541,storage_gb,4096,GB
10147,1541,form_factor,M.2,
10148,1541,interface,NVMe,
10149,1541,nand_type,TLC,
10150,1541,read_speed_mbs,7300,MB/s
10151,1541,write_speed_mbs,6600,MB/s
10152,1541,tbw,600,TB
10153,1542,storage_gb,2048,GB
10154,1542,form_factor,M.2,
10155,1542,interface,NVMe,
10156,1542,nand_type,TLC,
10157,1542,read_speed_mbs,7300,MB/s
10158,1542,write_speed_mbs,6600,MB/s
10159,1542,tbw,600,TB
10160,1543,storage_gb,1024,GB
10161,1543,form_factor,M.2,
10162,1543,interface,NVMe,
10163,1543,nand_type,TLC,
10164,1543,read_speed_mbs,7300,MB/s
10165,1543,write_speed_mbs,6600,MB/s
10166,1543,tbw,600,TB
10167,1544,storage_gb,2048,GB
10168,1544,form_factor,2.5형,
10169,1544,interface,SATA,
10170,1544,read_speed_mbs,520,MB/s
10171,1544,write_speed_mbs,450,MB/s
10172,1544,tbw,560,TB
10173,1545,storage_gb,1024,GB
10174,1545,form_factor,2.5형,
10175,1545,interface,SATA,
10176,1545,read_speed_mbs,520,MB/s
10177,1545,write_speed_mbs,450,MB/s
10178,1545,tbw,560,TB
10179,1546,storage_gb,512,GB
10180,1546,form_factor,2.5형,
10181,1546,interface,SATA,
10182,1546,read_speed_mbs,520,MB/s
10183,1546,write_speed_mbs,450,MB/s
10184,1546,tbw,560,TB
10185,1547,storage_gb,256,GB
10186,1547,form_factor,2.5형,
10187,1547,interface,SATA,
10188,1547,read_speed_mbs,520,MB/s
10189,1547,write_speed_mbs,450,MB/s
10190,1547,tbw,560,TB
10191,1548,storage_gb,1024,GB
10192,1548,form_factor,2.5형,
10193,1548,interface,SATA,
10194,1548,nand_type,TLC,
10195,1548,read_speed_mbs,500,MB/s
10196,1548,write_speed_mbs,420,MB/s
10197,1548,tbw,100,TB
10198,1549,storage_gb,480,GB
10199,1549,form_factor,2.5형,
10200,1549,interface,SATA,
10201,1549,nand_type,TLC,
10202,1549,read_speed_mbs,500,MB/s
10203,1549,write_speed_mbs,420,MB/s
10204,1549,tbw,100,TB
10205,1550,storage_gb,240,GB
10206,1550,form_factor,2.5형,
10207,1550,interface,SATA,
10208,1550,nand_type,TLC,
10209,1550,read_speed_mbs,500,MB/s
10210,1550,write_speed_mbs,420,MB/s
10211,1550,tbw,100,TB
10212,1551,storage_gb,4096,GB
10213,1551,form_factor,M.2,
10214,1551,interface,NVMe,
10215,1551,nand_type,QLC,
10216,1551,read_speed_mbs,6000,MB/s
10217,1551,write_speed_mbs,4000,MB/s
10218,1551,tbw,320,TB
10219,1552,storage_gb,2048,GB
10220,1552,form_factor,M.2,
10221,1552,interface,NVMe,
10222,1552,nand_type,QLC,
10223,1552,read_speed_mbs,6000,MB/s
10224,1552,write_speed_mbs,4000,MB/s
10225,1552,tbw,320,TB
10226,1553,storage_gb,1024,GB
10227,1553,form_factor,M.2,
10228,1553,interface,NVMe,
10229,1553,nand_type,QLC,
10230,1553,read_speed_mbs,6000,MB/s
10231,1553,write_speed_mbs,4000,MB/s
10232,1553,tbw,320,TB
10233,1554,storage_gb,500,GB
10234,1554,form_factor,M.2,
10235,1554,interface,NVMe,
10236,1554,nand_type,QLC,
10237,1554,read_speed_mbs,6000,MB/s
10238,1554,write_speed_mbs,4000,MB/s
10239,1554,tbw,320,TB
10240,1555,storage_gb,2048,GB
10241,1555,form_factor,2.5형,
10242,1555,interface,SATA,
10243,1555,nand_type,TLC,
10244,1555,read_speed_mbs,545,MB/s
10245,1556,storage_gb,1024,GB
10246,1556,form_factor,2.5형,
10247,1556,interface,SATA,
10248,1556,nand_type,TLC,
10249,1556,read_speed_mbs,545,MB/s
10250,1557,storage_gb,500,GB
10251,1557,form_factor,2.5형,
10252,1557,interface,SATA,
10253,1557,nand_type,TLC,
10254,1557,read_speed_mbs,545,MB/s
10255,1558,storage_gb,480,GB
10256,1558,form_factor,2.5형,
10257,1558,interface,SATA,
10258,1558,nand_type,TLC,
10259,1558,read_speed_mbs,545,MB/s
10260,1559,storage_gb,250,GB
10261,1559,form_factor,2.5형,
10262,1559,interface,SATA,
10263,1559,nand_type,TLC,
10264,1559,read_speed_mbs,545,MB/s
10265,1560,storage_gb,240,GB
10266,1560,form_factor,2.5형,
10267,1560,interface,SATA,
10268,1560,nand_type,TLC,
10269,1560,read_speed_mbs,545,MB/s
10270,1561,storage_gb,2048,GB
10271,1561,form_factor,M.2,
10272,1561,interface,NVMe,
10273,1561,nand_type,TLC,
10274,1561,read_speed_mbs,7400,MB/s
10275,1561,write_speed_mbs,7000,MB/s
10276,1561,tbw,1400,TB
10277,1562,storage_gb,1024,GB
10278,1562,form_factor,M.2,
10279,1562,interface,NVMe,
10280,1562,nand_type,TLC,
10281,1562,read_speed_mbs,7400,MB/s
10282,1562,write_speed_mbs,7000,MB/s
10283,1562,tbw,1400,TB
10284,1563,storage_gb,512,GB
10285,1563,form_factor,2.5형,
10286,1563,interface,SATA,
10287,1563,nand_type,TLC,
10288,1563,read_speed_mbs,540,MB/s
10289,1563,write_speed_mbs,500,MB/s
10290,1563,tbw,200,TB
10291,1564,storage_gb,256,GB
10292,1564,form_factor,2.5형,
10293,1564,interface,SATA,
10294,1564,nand_type,TLC,
10295,1564,read_speed_mbs,540,MB/s
10296,1564,write_speed_mbs,500,MB/s
10297,1564,tbw,200,TB
10298,1565,storage_gb,2048,GB
10299,1565,form_factor,M.2,
10300,1565,interface,NVMe,
10301,1565,nand_type,TLC,
10302,1565,read_speed_mbs,7400,MB/s
10303,1565,write_speed_mbs,6800,MB/s
10304,1565,tbw,1500,TB
10305,1566,storage_gb,1024,GB
10306,1566,form_factor,M.2,
10307,1566,interface,NVMe,
10308,1566,nand_type,TLC,
10309,1566,read_speed_mbs,7400,MB/s
10310,1566,write_speed_mbs,6800,MB/s
10311,1566,tbw,1500,TB
10312,1567,storage_gb,2048,GB
10313,1567,form_factor,M.2,
10314,1567,interface,NVMe,
10315,1567,read_speed_mbs,5000,MB/s
10316,1567,write_speed_mbs,4400,MB/s
10317,1567,tbw,600,TB
10318,1568,storage_gb,1024,GB
10319,1568,form_factor,M.2,
10320,1568,interface,NVMe,
10321,1568,read_speed_mbs,5000,MB/s
10322,1568,write_speed_mbs,4400,MB/s
10323,1568,tbw,600,TB
10324,1569,storage_gb,512,GB
10325,1569,form_factor,M.2,
10326,1569,interface,NVMe,
10327,1569,read_speed_mbs,5000,MB/s
10328,1569,write_speed_mbs,4400,MB/s
10329,1569,tbw,600,TB
10330,1570,storage_gb,2048,GB
10331,1570,form_factor,M.2,
10332,1570,interface,NVMe,
10333,1570,nand_type,QLC,
10334,1570,read_speed_mbs,3500,MB/s
10335,1570,write_speed_mbs,2700,MB/s
10336,1570,tbw,560,TB
10337,1571,storage_gb,1024,GB
10338,1571,form_factor,M.2,
10339,1571,interface,NVMe,
10340,1571,nand_type,QLC,
10341,1571,read_speed_mbs,3500,MB/s
10342,1571,write_speed_mbs,2700,MB/s
10343,1571,tbw,560,TB
10344,1572,storage_gb,500,GB
10345,1572,form_factor,M.2,
10346,1572,interface,NVMe,
10347,1572,nand_type,QLC,
10348,1572,read_speed_mbs,3500,MB/s
10349,1572,write_speed_mbs,2700,MB/s
10350,1572,tbw,560,TB
10351,1573,storage_gb,2048,GB
10352,1573,form_factor,M.2,
10353,1573,interface,NVMe,
10354,1573,nand_type,TLC,
10355,1573,read_speed_mbs,14000,MB/s
10356,1573,write_speed_mbs,10000,MB/s
10357,1573,tbw,740,TB
10358,1574,storage_gb,1024,GB
10359,1574,form_factor,M.2,
10360,1574,interface,NVMe,
10361,1574,nand_type,TLC,
10362,1574,read_speed_mbs,14000,MB/s
10363,1574,write_speed_mbs,10000,MB/s
10364,1574,tbw,740,TB
10365,1575,storage_gb,1024,GB
10366,1575,form_factor,2.5형,
10367,1575,interface,SATA,
10368,1575,nand_type,TLC,
10369,1575,read_speed_mbs,530,MB/s
10370,1575,write_speed_mbs,430,MB/s
10371,1575,tbw,400,TB
10372,1576,storage_gb,512,GB
10373,1576,form_factor,2.5형,
10374,1576,interface,SATA,
10375,1576,nand_type,TLC,
10376,1576,read_speed_mbs,530,MB/s
10377,1576,write_speed_mbs,430,MB/s
10378,1576,tbw,400,TB
10379,1577,storage_gb,256,GB
10380,1577,form_factor,2.5형,
10381,1577,interface,SATA,
10382,1577,nand_type,TLC,
10383,1577,read_speed_mbs,530,MB/s
10384,1577,write_speed_mbs,430,MB/s
10385,1577,tbw,400,TB
10386,1578,storage_gb,2048,GB
10387,1578,form_factor,2.5형,
10388,1578,interface,SATA,
10389,1578,nand_type,TLC,
10390,1578,read_speed_mbs,550,MB/s
10391,1578,write_speed_mbs,500,MB/s
10392,1578,tbw,256,TB
10393,1579,storage_gb,1024,GB
10394,1579,form_factor,2.5형,
10395,1579,interface,SATA,
10396,1579,nand_type,TLC,
10397,1579,read_speed_mbs,550,MB/s
10398,1579,write_speed_mbs,500,MB/s
10399,1579,tbw,256,TB
10400,1580,storage_gb,512,GB
10401,1580,form_factor,2.5형,
10402,1580,interface,SATA,
10403,1580,nand_type,TLC,
10404,1580,read_speed_mbs,550,MB/s
10405,1580,write_speed_mbs,500,MB/s
10406,1580,tbw,256,TB
10407,1581,storage_gb,256,GB
10408,1581,form_factor,2.5형,
10409,1581,interface,SATA,
10410,1581,nand_type,TLC,
10411,1581,read_speed_mbs,550,MB/s
10412,1581,write_speed_mbs,500,MB/s
10413,1581,tbw,256,TB
10414,1582,storage_gb,2048,GB
10415,1582,form_factor,2.5형,
10416,1582,interface,SATA,
10417,1582,nand_type,QLC,
10418,1582,read_speed_mbs,550,MB/s
10419,1582,write_speed_mbs,480,MB/s
10420,1582,tbw,160,TB
10421,1583,storage_gb,1024,GB
10422,1583,form_factor,2.5형,
10423,1583,interface,SATA,
10424,1583,nand_type,QLC,
10425,1583,read_speed_mbs,550,MB/s
10426,1583,write_speed_mbs,480,MB/s
10427,1583,tbw,160,TB
10428,1584,storage_gb,512,GB
10429,1584,form_factor,2.5형,
10430,1584,interface,SATA,
10431,1584,nand_type,QLC,
10432,1584,read_speed_mbs,550,MB/s
10433,1584,write_speed_mbs,480,MB/s
10434,1584,tbw,160,TB
10435,1585,storage_gb,256,GB
10436,1585,form_factor,2.5형,
10437,1585,interface,SATA,
10438,1585,nand_type,QLC,
10439,1585,read_speed_mbs,550,MB/s
10440,1585,write_speed_mbs,480,MB/s
10441,1585,tbw,160,TB
10442,1586,storage_gb,2048,GB
10443,1586,form_factor,M.2,
10444,1586,interface,NVMe,
10445,1586,nand_type,TLC,
10446,1586,read_speed_mbs,7400,MB/s
10447,1586,write_speed_mbs,6900,MB/s
10448,1586,tbw,2400,TB
10449,1587,storage_gb,4096,GB
10450,1587,form_factor,M.2,
10451,1587,interface,NVMe,
10452,1587,nand_type,TLC,
10453,1587,read_speed_mbs,7400,MB/s
10454,1587,write_speed_mbs,6900,MB/s
10455,1587,tbw,2400,TB
10456,1588,storage_gb,1024,GB
10457,1588,form_factor,M.2,
10458,1588,interface,NVMe,
10459,1588,nand_type,QLC,
10460,1588,read_speed_mbs,7200,MB/s
10461,1588,write_speed_mbs,6200,MB/s
10462,1588,tbw,400,TB
10463,1589,storage_gb,4096,GB
10464,1589,form_factor,M.2,
10465,1589,interface,NVMe,
10466,1589,nand_type,TLC,
10467,1589,read_speed_mbs,6800,MB/s
10468,1589,write_speed_mbs,5800,MB/s
10469,1589,tbw,300,TB
10470,1590,storage_gb,2048,GB
10471,1590,form_factor,M.2,
10472,1590,interface,NVMe,
10473,1590,nand_type,TLC,
10474,1590,read_speed_mbs,6800,MB/s
10475,1590,write_speed_mbs,5800,MB/s
10476,1590,tbw,300,TB
10477,1591,storage_gb,1024,GB
10478,1591,form_factor,M.2,
10479,1591,interface,NVMe,
10480,1591,nand_type,TLC,
10481,1591,read_speed_mbs,6800,MB/s
10482,1591,write_speed_mbs,5800,MB/s
10483,1591,tbw,300,TB
10484,1592,storage_gb,500,GB
10485,1592,form_factor,M.2,
10486,1592,interface,NVMe,
10487,1592,nand_type,TLC,
10488,1592,read_speed_mbs,6800,MB/s
10489,1592,write_speed_mbs,5800,MB/s
10490,1592,tbw,300,TB
10491,1593,storage_gb,512,GB
10492,1593,form_factor,M.2,
10493,1593,interface,NVMe,
10494,1593,nand_type,TLC,
10495,1593,read_speed_mbs,3500,MB/s
10496,1593,write_speed_mbs,2350,MB/s
10497,1593,tbw,320,TB
10498,1594,storage_gb,2048,GB
10499,1594,form_factor,M.2,
10500,1594,interface,NVMe,
10501,1594,nand_type,QLC,
10502,1594,read_speed_mbs,5200,MB/s
10503,1594,write_speed_mbs,4800,MB/s
10504,1594,tbw,800,TB
10505,1595,storage_gb,1024,GB
10506,1595,form_factor,M.2,
10507,1595,interface,NVMe,
10508,1595,nand_type,QLC,
10509,1595,read_speed_mbs,5200,MB/s
10510,1595,write_speed_mbs,4800,MB/s
10511,1595,tbw,800,TB
10512,1596,storage_gb,2048,GB
10513,1596,form_factor,M.2,
10514,1596,interface,NVMe,
10515,1596,nand_type,TLC,
10516,1596,read_speed_mbs,7000,MB/s
10517,1596,write_speed_mbs,6000,MB/s
10518,1596,tbw,800,TB
10519,1597,storage_gb,4096,GB
10520,1597,form_factor,M.2,
10521,1597,interface,NVMe,
10522,1597,nand_type,TLC,
10523,1597,read_speed_mbs,7000,MB/s
10524,1597,write_speed_mbs,6000,MB/s
10525,1597,tbw,800,TB
10526,1598,storage_gb,1024,GB
10527,1598,form_factor,M.2,
10528,1598,interface,NVMe,
10529,1598,nand_type,TLC,
10530,1598,read_speed_mbs,7000,MB/s
10531,1598,write_speed_mbs,6000,MB/s
10532,1598,tbw,800,TB
10533,1599,storage_gb,512,GB
10534,1599,form_factor,M.2,
10535,1599,interface,NVMe,
10536,1599,nand_type,TLC,
10537,1599,read_speed_mbs,7000,MB/s
10538,1599,write_speed_mbs,6000,MB/s
10539,1599,tbw,800,TB
10540,1600,storage_gb,1024,GB
10541,1600,form_factor,M.2,
10542,1600,interface,NVMe,
10543,1600,nand_type,QLC,
10544,1600,read_speed_mbs,5000,MB/s
10545,1600,write_speed_mbs,3000,MB/s
10546,1600,tbw,160,TB
10547,1601,storage_gb,2048,GB
10548,1601,form_factor,M.2,
10549,1601,interface,NVMe,
10550,1601,nand_type,QLC,
10551,1601,read_speed_mbs,5000,MB/s
10552,1601,write_speed_mbs,3000,MB/s
10553,1601,tbw,160,TB
10554,1602,storage_gb,500,GB
10555,1602,form_factor,M.2,
10556,1602,interface,NVMe,
10557,1602,nand_type,QLC,
10558,1602,read_speed_mbs,5000,MB/s
10559,1602,write_speed_mbs,3000,MB/s
10560,1602,tbw,160,TB
10561,1603,storage_gb,4096,GB
10562,1603,form_factor,M.2,
10563,1603,interface,NVMe,
10564,1603,nand_type,TLC,
10565,1603,read_speed_mbs,14500,MB/s
10566,1603,write_speed_mbs,10000,MB/s
10567,1603,tbw,1200,TB
10568,1604,storage_gb,2048,GB
10569,1604,form_factor,M.2,
10570,1604,interface,NVMe,
10571,1604,nand_type,TLC,
10572,1604,read_speed_mbs,14500,MB/s
10573,1604,write_speed_mbs,10000,MB/s
10574,1604,tbw,1200,TB
10575,1605,storage_gb,1024,GB
10576,1605,form_factor,M.2,
10577,1605,interface,NVMe,
10578,1605,nand_type,TLC,
10579,1605,read_speed_mbs,14500,MB/s
10580,1605,write_speed_mbs,10000,MB/s
10581,1605,tbw,1200,TB
10582,1606,storage_gb,512,GB
10583,1606,form_factor,2.5형,
10584,1606,interface,SATA,
10585,1606,nand_type,TLC,
10586,1606,read_speed_mbs,500,MB/s
10587,1606,write_speed_mbs,480,MB/s
10588,1607,storage_gb,256,GB
10589,1607,form_factor,2.5형,
10590,1607,interface,SATA,
10591,1607,nand_type,TLC,
10592,1607,read_speed_mbs,500,MB/s
10593,1607,write_speed_mbs,480,MB/s
10594,1608,storage_gb,2048,GB
10595,1608,form_factor,M.2,
10596,1608,interface,NVMe,
10597,1608,nand_type,TLC,
10598,1608,read_speed_mbs,3700,MB/s
10599,1608,write_speed_mbs,2800,MB/s
10600,1608,tbw,1280,TB
10601,1609,storage_gb,1024,GB
10602,1609,form_factor,M.2,
10603,1609,interface,NVMe,
10604,1609,nand_type,QLC,
10605,1609,read_speed_mbs,4700,MB/s
10606,1609,write_speed_mbs,1700,MB/s
10607,1609,tbw,160,TB
10608,1610,storage_gb,500,GB
10609,1610,form_factor,M.2,
10610,1610,interface,NVMe,
10611,1610,nand_type,QLC,
10612,1610,read_speed_mbs,4700,MB/s
10613,1610,write_speed_mbs,1700,MB/s
10614,1610,tbw,160,TB
10615,1611,storage_gb,1024,GB
10616,1611,form_factor,M.2,
10617,1611,interface,NVMe,
10618,1611,nand_type,TLC,
10619,1611,read_speed_mbs,7100,MB/s
10620,1611,write_speed_mbs,6100,MB/s
10621,1611,tbw,700,TB
10622,1612,storage_gb,480,GB
10623,1612,form_factor,2.5형,
10624,1612,interface,SATA,
10625,1612,nand_type,TLC,
10626,1612,read_speed_mbs,500,MB/s
10627,1612,write_speed_mbs,500,MB/s
10628,1613,storage_gb,512,GB
10629,1613,form_factor,M.2,
10630,1613,interface,SATA,
10631,1613,read_speed_mbs,520,MB/s
10632,1613,write_speed_mbs,500,MB/s
10633,1613,tbw,280,TB
10634,1614,storage_gb,1024,GB
10635,1614,form_factor,2.5형,
10636,1614,interface,SATA,
10637,1614,read_speed_mbs,560,MB/s
10638,1614,write_speed_mbs,540,MB/s
10639,1614,tbw,320,TB
10640,1615,storage_gb,512,GB
10641,1615,form_factor,2.5형,
10642,1615,interface,SATA,
10643,1615,read_speed_mbs,560,MB/s
10644,1615,write_speed_mbs,540,MB/s
10645,1615,tbw,320,TB
10646,1616,storage_gb,256,GB
10647,1616,form_factor,2.5형,
10648,1616,interface,SATA,
10649,1616,read_speed_mbs,560,MB/s
10650,1616,write_speed_mbs,540,MB/s
10651,1616,tbw,320,TB
10652,1617,storage_gb,4096,GB
10653,1617,form_factor,M.2,
10654,1617,interface,NVMe,
10655,1617,nand_type,TLC,
10656,1617,read_speed_mbs,14900,MB/s
10657,1617,write_speed_mbs,14000,MB/s
10658,1617,tbw,2400,TB
10659,1618,storage_gb,2048,GB
10660,1618,form_factor,M.2,
10661,1618,interface,NVMe,
10662,1618,nand_type,TLC,
10663,1618,read_speed_mbs,14900,MB/s
10664,1618,write_speed_mbs,14000,MB/s
10665,1618,tbw,2400,TB
10666,1619,storage_gb,1024,GB
10667,1619,form_factor,M.2,
10668,1619,interface,NVMe,
10669,1619,nand_type,TLC,
10670,1619,read_speed_mbs,14900,MB/s
10671,1619,write_speed_mbs,14000,MB/s
10672,1619,tbw,2400,TB
10673,1620,storage_gb,1024,GB
10674,1620,form_factor,M.2,
10675,1620,interface,NVMe,
10676,1620,nand_type,QLC,
10677,1620,read_speed_mbs,3200,MB/s
10678,1620,write_speed_mbs,1700,MB/s
10679,1620,tbw,600,TB
10680,1621,storage_gb,512,GB
10681,1621,form_factor,M.2,
10682,1621,interface,NVMe,
10683,1621,nand_type,QLC,
10684,1621,read_speed_mbs,3200,MB/s
10685,1621,write_speed_mbs,1700,MB/s
10686,1621,tbw,600,TB
10687,1622,storage_gb,2048,GB
10688,1622,form_factor,M.2,
10689,1622,interface,NVMe,
10690,1622,read_speed_mbs,3300,MB/s
10691,1622,write_speed_mbs,1250,MB/s
10692,1622,tbw,550,TB
10693,1623,storage_gb,1024,GB
10694,1623,form_factor,M.2,
10695,1623,interface,NVMe,
10696,1623,read_speed_mbs,3300,MB/s
10697,1623,write_speed_mbs,1250,MB/s
10698,1623,tbw,550,TB
10699,1624,storage_gb,512,GB
10700,1624,form_factor,M.2,
10701,1624,interface,NVMe,
10702,1624,read_speed_mbs,3300,MB/s
10703,1624,write_speed_mbs,1250,MB/s
10704,1624,tbw,550,TB
10705,1625,storage_gb,256,GB
10706,1625,form_factor,M.2,
10707,1625,interface,NVMe,
10708,1625,read_speed_mbs,3300,MB/s
10709,1625,write_speed_mbs,1250,MB/s
10710,1625,tbw,550,TB
10711,1626,storage_gb,2048,GB
10712,1626,form_factor,M.2,
10713,1626,interface,NVMe,
10714,1626,nand_type,QLC,
10715,1626,read_speed_mbs,5000,MB/s
10716,1626,write_speed_mbs,2300,MB/s
10717,1626,tbw,160,TB
10718,1627,storage_gb,1024,GB
10719,1627,form_factor,M.2,
10720,1627,interface,NVMe,
10721,1627,nand_type,QLC,
10722,1627,read_speed_mbs,5000,MB/s
10723,1627,write_speed_mbs,2300,MB/s
10724,1627,tbw,160,TB
10725,1628,storage_gb,500,GB
10726,1628,form_factor,M.2,
10727,1628,interface,NVMe,
10728,1628,nand_type,QLC,
10729,1628,read_speed_mbs,5000,MB/s
10730,1628,write_speed_mbs,2300,MB/s
10731,1628,tbw,160,TB
10732,1629,storage_gb,2048,GB
10733,1629,form_factor,M.2,
10734,1629,interface,NVMe,
10735,1629,nand_type,TLC,
10736,1629,read_speed_mbs,10500,MB/s
10737,1629,write_speed_mbs,9500,MB/s
10738,1629,tbw,600,TB
10739,1630,storage_gb,1024,GB
10740,1630,form_factor,M.2,
10741,1630,interface,NVMe,
10742,1630,nand_type,TLC,
10743,1630,read_speed_mbs,10500,MB/s
10744,1630,write_speed_mbs,9500,MB/s
10745,1630,tbw,600,TB
10746,1631,storage_gb,2048,GB
10747,1631,form_factor,2.5형,
10748,1631,interface,SATA,
10749,1631,nand_type,TLC,
10750,1631,read_speed_mbs,560,MB/s
10751,1631,write_speed_mbs,500,MB/s
10752,1631,tbw,140,TB
10753,1632,storage_gb,4096,GB
10754,1632,form_factor,2.5형,
10755,1632,interface,SATA,
10756,1632,nand_type,TLC,
10757,1632,read_speed_mbs,560,MB/s
10758,1632,write_speed_mbs,500,MB/s
10759,1632,tbw,140,TB
10760,1633,storage_gb,1024,GB
10761,1633,form_factor,2.5형,
10762,1633,interface,SATA,
10763,1633,nand_type,TLC,
10764,1633,read_speed_mbs,560,MB/s
10765,1633,write_speed_mbs,500,MB/s
10766,1633,tbw,140,TB
10767,1634,storage_gb,512,GB
10768,1634,form_factor,2.5형,
10769,1634,interface,SATA,
10770,1634,nand_type,TLC,
10771,1634,read_speed_mbs,560,MB/s
10772,1634,write_speed_mbs,500,MB/s
10773,1634,tbw,140,TB
10774,1635,storage_gb,256,GB
10775,1635,form_factor,2.5형,
10776,1635,interface,SATA,
10777,1635,nand_type,TLC,
10778,1635,read_speed_mbs,560,MB/s
10779,1635,write_speed_mbs,500,MB/s
10780,1635,tbw,140,TB
10781,1636,storage_gb,1024,GB
10782,1636,form_factor,M.2,
10783,1636,interface,NVMe,
10784,1636,read_speed_mbs,3600,MB/s
10785,1636,write_speed_mbs,3000,MB/s
10786,1636,tbw,300,TB
10787,1637,storage_gb,500,GB
10788,1637,form_factor,M.2,
10789,1637,interface,NVMe,
10790,1637,read_speed_mbs,3600,MB/s
10791,1637,write_speed_mbs,3000,MB/s
10792,1637,tbw,300,TB
10793,1638,storage_gb,1024,GB
10794,1638,form_factor,M.2,
10795,1638,interface,NVMe,
10796,1638,nand_type,TLC,
10797,1638,read_speed_mbs,2400,MB/s
10798,1638,write_speed_mbs,1800,MB/s
10799,1638,tbw,260,TB
10800,1639,storage_gb,512,GB
10801,1639,form_factor,M.2,
10802,1639,interface,NVMe,
10803,1639,nand_type,TLC,
10804,1639,read_speed_mbs,2400,MB/s
10805,1639,write_speed_mbs,1800,MB/s
10806,1639,tbw,260,TB
10807,1640,storage_gb,256,GB
10808,1640,form_factor,M.2,
10809,1640,interface,NVMe,
10810,1640,nand_type,TLC,
10811,1640,read_speed_mbs,2400,MB/s
10812,1640,write_speed_mbs,1800,MB/s
10813,1640,tbw,260,TB
10814,1641,storage_gb,512,GB
10815,1641,form_factor,M.2,
10816,1641,interface,SATA,
10817,1641,nand_type,TLC,
10818,1641,read_speed_mbs,530,MB/s
10819,1641,write_speed_mbs,430,MB/s
10820,1641,tbw,256,TB
10821,1642,storage_gb,256,GB
10822,1642,form_factor,M.2,
10823,1642,interface,SATA,
10824,1642,nand_type,TLC,
10825,1642,read_speed_mbs,530,MB/s
10826,1642,write_speed_mbs,430,MB/s
10827,1642,tbw,256,TB
10828,1643,storage_gb,1024,GB
10829,1643,form_factor,M.2,
10830,1643,interface,NVMe,
10831,1643,nand_type,TLC,
10832,1643,read_speed_mbs,10200,MB/s
10833,1643,write_speed_mbs,8400,MB/s
10834,1643,tbw,600,TB
10835,1644,storage_gb,1024,GB
10836,1644,form_factor,M.2,
10837,1644,interface,NVMe,
10838,1644,nand_type,QLC,
10839,1644,read_speed_mbs,7000,MB/s
10840,1644,write_speed_mbs,6500,MB/s
10841,1644,tbw,400,TB
10842,1645,storage_gb,1024,GB
10843,1645,form_factor,M.2,
10844,1645,interface,SATA,
10845,1645,read_speed_mbs,560,MB/s
10846,1645,write_speed_mbs,500,MB/s
10847,1645,tbw,280,TB
10848,1646,storage_gb,512,GB
10849,1646,form_factor,M.2,
10850,1646,interface,SATA,
10851,1646,read_speed_mbs,560,MB/s
10852,1646,write_speed_mbs,500,MB/s
10853,1646,tbw,280,TB
10854,1647,storage_gb,256,GB
10855,1647,form_factor,M.2,
10856,1647,interface,SATA,
10857,1647,read_speed_mbs,560,MB/s
10858,1647,write_speed_mbs,500,MB/s
10859,1647,tbw,280,TB
10860,1648,storage_gb,2048,GB
10861,1648,form_factor,2.5형,
10862,1648,interface,SATA,
10863,1648,nand_type,TLC,
10864,1648,read_speed_mbs,500,MB/s
10865,1648,write_speed_mbs,330,MB/s
10866,1648,tbw,90,TB
10867,1649,storage_gb,1024,GB
10868,1649,form_factor,2.5형,
10869,1649,interface,SATA,
10870,1649,nand_type,TLC,
10871,1649,read_speed_mbs,500,MB/s
10872,1649,write_speed_mbs,330,MB/s
10873,1649,tbw,90,TB
10874,1650,storage_gb,500,GB
10875,1650,form_factor,2.5형,
10876,1650,interface,SATA,
10877,1650,nand_type,TLC,
10878,1650,read_speed_mbs,500,MB/s
10879,1650,write_speed_mbs,330,MB/s
10880,1650,tbw,90,TB
10881,1651,storage_gb,250,GB
10882,1651,form_factor,2.5형,
10883,1651,interface,SATA,
10884,1651,nand_type,TLC,
10885,1651,read_speed_mbs,500,MB/s
10886,1651,write_speed_mbs,330,MB/s
10887,1651,tbw,90,TB
10888,1652,storage_gb,4096,GB
10889,1652,form_factor,M.2,
10890,1652,interface,NVMe,
10891,1652,nand_type,TLC,
10892,1652,read_speed_mbs,14700,MB/s
10893,1652,write_speed_mbs,14000,MB/s
10894,1652,tbw,2000,TB
10895,1653,storage_gb,2048,GB
10896,1653,form_factor,M.2,
10897,1653,interface,NVMe,
10898,1653,nand_type,TLC,
10899,1653,read_speed_mbs,14700,MB/s
10900,1653,write_speed_mbs,14000,MB/s
10901,1653,tbw,2000,TB
10902,1654,storage_gb,1024,GB
10903,1654,form_factor,M.2,
10904,1654,interface,NVMe,
10905,1654,nand_type,TLC,
10906,1654,read_speed_mbs,14700,MB/s
10907,1654,write_speed_mbs,14000,MB/s
10908,1654,tbw,2000,TB
10909,1655,storage_gb,1024,GB
10910,1655,form_factor,M.2,
10911,1655,interface,NVMe,
10912,1655,read_speed_mbs,14000,MB/s
10913,1655,write_speed_mbs,10000,MB/s
10914,1655,tbw,750,TB
10915,1656,storage_gb,512,GB
10916,1656,form_factor,M.2,
10917,1656,interface,SATA,
10918,1656,nand_type,TLC,
10919,1656,read_speed_mbs,550,MB/s
10920,1656,write_speed_mbs,500,MB/s
10921,1656,tbw,125,TB
10922,1657,storage_gb,256,GB
10923,1657,form_factor,M.2,
10924,1657,interface,SATA,
10925,1657,nand_type,TLC,
10926,1657,read_speed_mbs,550,MB/s
10927,1657,write_speed_mbs,500,MB/s
10928,1657,tbw,125,TB
10929,1658,storage_gb,2048,GB
10930,1658,form_factor,M.2,
10931,1658,interface,NVMe,
10932,1658,nand_type,QLC,
10933,1658,read_speed_mbs,1700,MB/s
10934,1658,write_speed_mbs,900,MB/s
10935,1658,tbw,200,TB
10936,1659,storage_gb,1024,GB
10937,1659,form_factor,M.2,
10938,1659,interface,NVMe,
10939,1659,nand_type,QLC,
10940,1659,read_speed_mbs,1700,MB/s
10941,1659,write_speed_mbs,900,MB/s
10942,1659,tbw,200,TB
10943,1660,storage_gb,512,GB
10944,1660,form_factor,M.2,
10945,1660,interface,NVMe,
10946,1660,nand_type,QLC,
10947,1660,read_speed_mbs,1700,MB/s
10948,1660,write_speed_mbs,900,MB/s
10949,1660,tbw,200,TB
10950,1661,storage_gb,256,GB
10951,1661,form_factor,M.2,
10952,1661,interface,NVMe,
10953,1661,nand_type,QLC,
10954,1661,read_speed_mbs,1700,MB/s
10955,1661,write_speed_mbs,900,MB/s
10956,1661,tbw,200,TB
10957,1662,storage_gb,480,GB
10958,1662,form_factor,2.5형,
10959,1662,interface,SATA,
10960,1662,nand_type,TLC,
10961,1662,read_speed_mbs,500,MB/s
10962,1662,write_speed_mbs,350,MB/s
10963,1662,tbw,40,TB
10964,1663,storage_gb,240,GB
10965,1663,form_factor,2.5형,
10966,1663,interface,SATA,
10967,1663,nand_type,TLC,
10968,1663,read_speed_mbs,500,MB/s
10969,1663,write_speed_mbs,350,MB/s
10970,1663,tbw,40,TB
10971,1664,storage_gb,2048,GB
10972,1664,form_factor,M.2,
10973,1664,interface,NVMe,
10974,1664,nand_type,QLC,
10975,1664,read_speed_mbs,3200,MB/s
10976,1664,write_speed_mbs,2500,MB/s
10977,1664,tbw,100,TB
10978,1665,storage_gb,1024,GB
10979,1665,form_factor,M.2,
10980,1665,interface,NVMe,
10981,1665,nand_type,QLC,
10982,1665,read_speed_mbs,3200,MB/s
10983,1665,write_speed_mbs,2500,MB/s
10984,1665,tbw,100,TB
10985,1666,storage_gb,500,GB
10986,1666,form_factor,M.2,
10987,1666,interface,NVMe,
10988,1666,nand_type,QLC,
10989,1666,read_speed_mbs,3200,MB/s
10990,1666,write_speed_mbs,2500,MB/s
10991,1666,tbw,100,TB
10992,1667,storage_gb,250,GB
10993,1667,form_factor,M.2,
10994,1667,interface,NVMe,
10995,1667,nand_type,QLC,
10996,1667,read_speed_mbs,3200,MB/s
10997,1667,write_speed_mbs,2500,MB/s
10998,1667,tbw,100,TB
10999,1668,storage_gb,480,GB
11000,1668,form_factor,M.2,
11001,1668,interface,SATA,
11002,1668,read_speed_mbs,500,MB/s
11003,1668,write_speed_mbs,430,MB/s
11004,1668,tbw,80,TB
11005,1669,storage_gb,240,GB
11006,1669,form_factor,M.2,
11007,1669,interface,SATA,
11008,1669,read_speed_mbs,500,MB/s
11009,1669,write_speed_mbs,430,MB/s
11010,1669,tbw,80,TB
11011,1670,storage_gb,512,GB
11012,1670,form_factor,M.2,
11013,1670,interface,NVMe,
11014,1670,nand_type,TLC,
11015,1670,read_speed_mbs,1900,MB/s
11016,1670,write_speed_mbs,1200,MB/s
11017,1670,tbw,160,TB
11018,1671,storage_gb,2048,GB
11019,1671,form_factor,2.5형,
11020,1671,interface,SATA,
11021,1671,nand_type,QLC,
11022,1671,read_speed_mbs,550,MB/s
11023,1671,write_speed_mbs,500,MB/s
11024,1671,tbw,480,TB
11025,1672,storage_gb,1024,GB
11026,1672,form_factor,2.5형,
11027,1672,interface,SATA,
11028,1672,nand_type,QLC,
11029,1672,read_speed_mbs,550,MB/s
11030,1672,write_speed_mbs,500,MB/s
11031,1672,tbw,480,TB
11032,1673,storage_gb,512,GB
11033,1673,form_factor,2.5형,
11034,1673,interface,SATA,
11035,1673,nand_type,QLC,
11036,1673,read_speed_mbs,550,MB/s
11037,1673,write_speed_mbs,500,MB/s
11038,1673,tbw,480,TB
11039,1674,storage_gb,256,GB
11040,1674,form_factor,2.5형,
11041,1674,interface,SATA,
11042,1674,nand_type,QLC,
11043,1674,read_speed_mbs,550,MB/s
11044,1674,write_speed_mbs,500,MB/s
11045,1674,tbw,480,TB
11046,1675,storage_gb,1024,GB
11047,1675,form_factor,M.2,
11048,1675,interface,NVMe,
11049,1675,nand_type,TLC,
11050,1675,read_speed_mbs,1800,MB/s
11051,1675,write_speed_mbs,1500,MB/s
11052,1675,tbw,240,TB
11053,1676,storage_gb,512,GB
11054,1676,form_factor,M.2,
11055,1676,interface,NVMe,
11056,1676,nand_type,TLC,
11057,1676,read_speed_mbs,1800,MB/s
11058,1676,write_speed_mbs,1500,MB/s
11059,1676,tbw,240,TB
11060,1677,storage_gb,2048,GB
11061,1677,form_factor,M.2,
11062,1677,interface,SATA,
11063,1677,nand_type,TLC,
11064,1677,read_speed_mbs,560,MB/s
11065,1677,write_speed_mbs,520,MB/s
11066,1677,tbw,400,TB
11067,1678,storage_gb,1024,GB
11068,1678,form_factor,M.2,
11069,1678,interface,SATA,
11070,1678,nand_type,TLC,
11071,1678,read_speed_mbs,560,MB/s
11072,1678,write_speed_mbs,520,MB/s
11073,1678,tbw,400,TB
11074,1679,storage_gb,500,GB
11075,1679,form_factor,M.2,
11076,1679,interface,SATA,
11077,1679,nand_type,TLC,
11078,1679,read_speed_mbs,560,MB/s
11079,1679,write_speed_mbs,520,MB/s
11080,1679,tbw,400,TB
11081,1680,storage_gb,250,GB
11082,1680,form_factor,M.2,
11083,1680,interface,SATA,
11084,1680,nand_type,TLC,
11085,1680,read_speed_mbs,560,MB/s
11086,1680,write_speed_mbs,520,MB/s
11087,1680,tbw,400,TB
11088,1681,storage_gb,256,GB
11089,1681,form_factor,2.5형,
11090,1681,interface,SATA,
11091,1681,nand_type,TLC,
11092,1681,read_speed_mbs,300,MB/s
11093,1681,write_speed_mbs,200,MB/s
11094,1681,tbw,30,TB
11095,1682,storage_gb,500,GB
11096,1682,form_factor,M.2,
11097,1682,interface,NVMe,
11098,1682,nand_type,QLC,
11099,1682,read_speed_mbs,2300,MB/s
11100,1682,write_speed_mbs,1500,MB/s
11101,1682,tbw,120,TB
11102,1683,storage_gb,4096,GB
11103,1683,form_factor,M.2,
11104,1683,interface,NVMe,
11105,1683,nand_type,TLC,
11106,1683,read_speed_mbs,7300,MB/s
11107,1683,write_speed_mbs,6600,MB/s
11108,1683,tbw,1200,TB
11109,1684,storage_gb,2048,GB
11110,1684,form_factor,M.2,
11111,1684,interface,NVMe,
11112,1684,nand_type,TLC,
11113,1684,read_speed_mbs,7300,MB/s
11114,1684,write_speed_mbs,6600,MB/s
11115,1684,tbw,1200,TB
11116,1685,storage_gb,1024,GB
11117,1685,form_factor,M.2,
11118,1685,interface,NVMe,
11119,1685,nand_type,TLC,
11120,1685,read_speed_mbs,7300,MB/s
11121,1685,write_speed_mbs,6600,MB/s
11122,1685,tbw,1200,TB
11123,1686,storage_gb,2048,GB
11124,1686,form_factor,M.2,
11125,1686,interface,NVMe,
11126,1686,read_speed_mbs,7100,MB/s
11127,1686,write_speed_mbs,6500,MB/s
11128,1686,tbw,1560,TB
11129,1687,storage_gb,1024,GB
11130,1687,form_factor,M.2,
11131,1687,interface,NVMe,
11132,1687,read_speed_mbs,7100,MB/s
11133,1687,write_speed_mbs,6500,MB/s
11134,1687,tbw,1560,TB
11135,1688,storage_gb,2048,GB
11136,1688,form_factor,M.2,
11137,1688,interface,NVMe,
11138,1688,nand_type,TLC,
11139,1688,read_speed_mbs,7400,MB/s
11140,1688,write_speed_mbs,6800,MB/s
11141,1688,tbw,1560,TB
11142,1689,storage_gb,1024,GB
11143,1689,form_factor,M.2,
11144,1689,interface,NVMe,
11145,1689,nand_type,TLC,
11146,1689,read_speed_mbs,7400,MB/s
11147,1689,write_speed_mbs,6800,MB/s
11148,1689,tbw,1560,TB
11149,1690,storage_gb,2048,GB
11150,1690,form_factor,M.2,
11151,1690,interface,NVMe,
11152,1690,read_speed_mbs,5000,MB/s
11153,1690,write_speed_mbs,4300,MB/s
11154,1690,tbw,1200,TB
11155,1691,storage_gb,1024,GB
11156,1691,form_factor,M.2,
11157,1691,interface,NVMe,
11158,1691,read_speed_mbs,5000,MB/s
11159,1691,write_speed_mbs,4300,MB/s
11160,1691,tbw,1200,TB
11161,1692,storage_gb,512,GB
11162,1692,form_factor,M.2,
11163,1692,interface,NVMe,
11164,1692,read_speed_mbs,5000,MB/s
11165,1692,write_speed_mbs,4300,MB/s
11166,1692,tbw,1200,TB
11167,1693,storage_gb,1024,GB
11168,1693,form_factor,2.5형,
11169,1693,interface,SATA,
11170,1693,read_speed_mbs,530,MB/s
11171,1693,write_speed_mbs,510,MB/s
11172,1693,tbw,300,TB
11173,1694,storage_gb,512,GB
11174,1694,form_factor,2.5형,
11175,1694,interface,SATA,
11176,1694,read_speed_mbs,530,MB/s
11177,1694,write_speed_mbs,510,MB/s
11178,1694,tbw,300,TB
11179,1695,storage_gb,256,GB
11180,1695,form_factor,2.5형,
11181,1695,interface,SATA,
11182,1695,read_speed_mbs,530,MB/s
11183,1695,write_speed_mbs,510,MB/s
11184,1695,tbw,300,TB
11185,1696,storage_gb,1024,GB
11186,1696,form_factor,M.2,
11187,1696,interface,NVMe,
11188,1696,nand_type,TLC,
11189,1696,read_speed_mbs,7300,MB/s
11190,1696,write_speed_mbs,6000,MB/s
11191,1696,tbw,700,TB
11192,1697,storage_gb,1024,GB
11193,1697,form_factor,M.2,
11194,1697,interface,NVMe,
11195,1697,nand_type,QLC,
11196,1697,read_speed_mbs,2000,MB/s
11197,1697,write_speed_mbs,1500,MB/s
11198,1697,tbw,300,TB
11199,1698,storage_gb,500,GB
11200,1698,form_factor,M.2,
11201,1698,interface,NVMe,
11202,1698,nand_type,QLC,
11203,1698,read_speed_mbs,2000,MB/s
11204,1698,write_speed_mbs,1500,MB/s
11205,1698,tbw,300,TB
11206,1699,storage_gb,2048,GB
11207,1699,form_factor,M.2,
11208,1699,interface,NVMe,
11209,1699,nand_type,TLC,
11210,1699,read_speed_mbs,7300,MB/s
11211,1699,write_speed_mbs,6900,MB/s
11212,1699,tbw,2550,TB
11213,1700,storage_gb,256,GB
11214,1700,form_factor,M.2,
11215,1700,interface,NVMe,
11216,1700,nand_type,TLC,
11217,1700,read_speed_mbs,3300,MB/s
11218,1700,write_speed_mbs,1350,MB/s
11219,1701,storage_gb,1024,GB
11220,1701,form_factor,M.2,
11221,1701,interface,NVMe,
11222,1701,nand_type,TLC,
11223,1701,read_speed_mbs,5200,MB/s
11224,1701,write_speed_mbs,4800,MB/s
11225,1701,tbw,700,TB
11226,1702,storage_gb,512,GB
11227,1702,form_factor,M.2,
11228,1702,interface,NVMe,
11229,1702,nand_type,TLC,
11230,1702,read_speed_mbs,5200,MB/s
11231,1702,write_speed_mbs,4800,MB/s
11232,1702,tbw,700,TB
11233,1703,storage_gb,2048,GB
11234,1703,form_factor,M.2,
11235,1703,interface,NVMe,
11236,1703,read_speed_mbs,2000,MB/s
11237,1703,write_speed_mbs,900,MB/s
11238,1703,tbw,200,TB
11239,1704,storage_gb,1024,GB
11240,1704,form_factor,M.2,
11241,1704,interface,NVMe,
11242,1704,read_speed_mbs,2000,MB/s
11243,1704,write_speed_mbs,900,MB/s
11244,1704,tbw,200,TB
11245,1705,storage_gb,512,GB
11246,1705,form_factor,M.2,
11247,1705,interface,NVMe,
11248,1705,read_speed_mbs,2000,MB/s
11249,1705,write_speed_mbs,900,MB/s
11250,1705,tbw,200,TB
11251,1706,storage_gb,256,GB
11252,1706,form_factor,M.2,
11253,1706,interface,NVMe,
11254,1706,read_speed_mbs,2000,MB/s
11255,1706,write_speed_mbs,900,MB/s
11256,1706,tbw,200,TB
11257,1707,storage_gb,4096,GB
11258,1707,form_factor,M.2,
11259,1707,interface,NVMe,
11260,1707,nand_type,TLC,
11261,1707,read_speed_mbs,7500,MB/s
11262,1707,write_speed_mbs,6700,MB/s
11263,1707,tbw,3120,TB
11264,1708,storage_gb,2048,GB
11265,1708,form_factor,M.2,
11266,1708,interface,NVMe,
11267,1708,nand_type,TLC,
11268,1708,read_speed_mbs,7500,MB/s
11269,1708,write_speed_mbs,6700,MB/s
11270,1708,tbw,3120,TB
11271,1709,storage_gb,1024,GB
11272,1709,form_factor,M.2,
11273,1709,interface,NVMe,
11274,1709,nand_type,TLC,
11275,1709,read_speed_mbs,7500,MB/s
11276,1709,write_speed_mbs,6700,MB/s
11277,1709,tbw,3120,TB
11278,1710,storage_gb,2048,GB
11279,1710,form_factor,M.2,
11280,1710,interface,NVMe,
11281,1710,read_speed_mbs,3800,MB/s
11282,1710,write_speed_mbs,3200,MB/s
11283,1710,tbw,850,TB
11284,1711,storage_gb,1024,GB
11285,1711,form_factor,M.2,
11286,1711,interface,NVMe,
11287,1711,read_speed_mbs,3800,MB/s
11288,1711,write_speed_mbs,3200,MB/s
11289,1711,tbw,850,TB
11290,1712,storage_gb,500,GB
11291,1712,form_factor,M.2,
11292,1712,interface,NVMe,
11293,1712,read_speed_mbs,3800,MB/s
11294,1712,write_speed_mbs,3200,MB/s
11295,1712,tbw,850,TB
11296,1713,storage_gb,1024,GB
11297,1713,form_factor,M.2,
11298,1713,interface,NVMe,
11299,1713,nand_type,TLC,
11300,1713,read_speed_mbs,7000,MB/s
11301,1713,write_speed_mbs,5300,MB/s
11302,1713,tbw,600,TB
11303,1714,wattage,850,W
11304,1714,efficiency_rating,80PLUS 골드,
11305,1714,modular_type,FULL-MODULAR,
11306,1714,form_factor,ATX,
11307,1714,pcie_connector,"16핀x1,8핀x3",
11308,1714,atx_version,ATX3.1,
11309,1714,fan_size,120,mm
11310,1715,wattage,700,W
11311,1715,efficiency_rating,80PLUS 실버,
11312,1715,form_factor,ATX,
11313,1715,pcie_connector,"16핀x1,8핀x2",
11314,1715,atx_version,ATX3.1,
11315,1715,fan_size,120,mm
11316,1716,wattage,750,W
11317,1716,efficiency_rating,80PLUS 골드,
11318,1716,modular_type,FULL-MODULAR,
11319,1716,form_factor,ATX,
11320,1716,pcie_connector,"16핀x1,8핀x2",
11321,1716,atx_version,ATX3.1,
11322,1716,fan_size,120,mm
11323,1717,wattage,600,W
11324,1717,efficiency_rating,80PLUS 실버,
11325,1717,form_factor,ATX,
11326,1717,pcie_connector,8핀x2,
11327,1717,atx_version,ATX3.1,
11328,1717,fan_size,120,mm
11329,1718,wattage,1050,W
11330,1718,efficiency_rating,80PLUS 골드,
11331,1718,modular_type,FULL-MODULAR,
11332,1718,form_factor,ATX,
11333,1718,pcie_connector,"16핀x1,8핀x3",
11334,1718,atx_version,ATX3.1,
11335,1718,fan_size,120,mm
11336,1719,wattage,650,W
11337,1719,form_factor,ATX,
11338,1719,pcie_connector,8핀x2,
11339,1719,atx_version,ATX3.1,
11340,1719,fan_size,120,mm
11341,1720,wattage,500,W
11342,1720,efficiency_rating,80PLUS 실버,
11343,1720,form_factor,ATX,
11344,1720,pcie_connector,8핀x2,
11345,1720,atx_version,ATX3.1,
11346,1720,fan_size,120,mm
11347,1721,wattage,1000,W
11348,1721,efficiency_rating,80PLUS 골드,
11349,1721,modular_type,FULL-MODULAR,
11350,1721,form_factor,ATX,
11351,1721,pcie_connector,"16핀x1,8핀x4",
11352,1721,atx_version,ATX3.1,
11353,1721,fan_size,140,mm
11354,1722,wattage,1200,W
11355,1722,efficiency_rating,80PLUS 골드,
11356,1722,modular_type,FULL-MODULAR,
11357,1722,form_factor,ATX,
11358,1722,pcie_connector,"16핀x2,8핀x3",
11359,1722,atx_version,ATX3.1,
11360,1722,fan_size,140,mm
11361,1723,wattage,850,W
11362,1723,efficiency_rating,80PLUS 골드,
11363,1723,modular_type,FULL-MODULAR,
11364,1723,form_factor,ATX,
11365,1723,pcie_connector,"16핀x1,8핀x3",
11366,1723,atx_version,ATX3.1,
11367,1723,fan_size,120,mm
11368,1724,wattage,800,W
11369,1724,efficiency_rating,80PLUS 실버,
11370,1724,form_factor,ATX,
11371,1724,pcie_connector,"16핀x1,8핀x2",
11372,1724,atx_version,ATX3.1,
11373,1724,fan_size,120,mm
11374,1725,wattage,700,W
11375,1725,modular_type,FULL-MODULAR,
11376,1725,form_factor,ATX,
11377,1725,pcie_connector,8핀x2,
11378,1725,atx_version,ATX3.1,
11379,1726,wattage,600,W
11380,1726,efficiency_rating,80PLUS 브론즈,
11381,1726,form_factor,ATX,
11382,1726,pcie_connector,8핀x2,
11383,1726,atx_version,ATX3.1,
11384,1726,fan_size,120,mm
11385,1727,wattage,850,W
11386,1727,efficiency_rating,80PLUS 골드,
11387,1727,modular_type,FULL-MODULAR,
11388,1727,form_factor,ATX,
11389,1727,pcie_connector,"16핀x1,8핀x3",
11390,1727,atx_version,ATX3.1,
11391,1727,fan_size,140,mm
11392,1728,wattage,700,W
11393,1728,efficiency_rating,80PLUS 브론즈,
11394,1728,form_factor,ATX,
11395,1728,pcie_connector,"16핀x1,8핀x2",
11396,1728,atx_version,ATX3.1,
11397,1728,fan_size,120,mm
11398,1729,wattage,800,W
11399,1729,form_factor,ATX,
11400,1729,pcie_connector,8핀x4,
11401,1729,atx_version,ATX,
11402,1729,fan_size,120,mm
11403,1730,wattage,500,W
11404,1730,form_factor,ATX,
11405,1730,pcie_connector,8핀x2,
11406,1730,atx_version,ATX,
11407,1730,fan_size,120,mm
11408,1731,wattage,750,W
11409,1731,efficiency_rating,80PLUS 골드,
11410,1731,modular_type,FULL-MODULAR,
11411,1731,form_factor,ATX,
11412,1731,pcie_connector,"16핀x1,8핀x2",
11413,1731,atx_version,ATX3.1,
11414,1731,fan_size,120,mm
11415,1732,wattage,1000,W
11416,1732,efficiency_rating,80PLUS 플래티넘,
11417,1732,modular_type,FULL-MODULAR,
11418,1732,form_factor,ATX,
11419,1732,pcie_connector,"16핀x1,8핀x3",
11420,1732,atx_version,ATX3.1,
11421,1733,wattage,500,W
11422,1733,form_factor,ATX,
11423,1733,pcie_connector,8핀x2,
11424,1733,atx_version,ATX,
11425,1733,fan_size,120,mm
11426,1734,wattage,600,W
11427,1734,efficiency_rating,80PLUS 브론즈,
11428,1734,form_factor,ATX,
11429,1734,pcie_connector,8핀x2,
11430,1734,atx_version,ATX3.1,
11431,1734,fan_size,120,mm
11432,1735,wattage,1200,W
11433,1735,efficiency_rating,80PLUS 골드,
11434,1735,modular_type,FULL-MODULAR,
11435,1735,form_factor,ATX,
11436,1735,pcie_connector,"16핀x1,8핀x3",
11437,1735,atx_version,ATX3.1,
11438,1735,fan_size,135,mm
11439,1736,wattage,1200,W
11440,1736,efficiency_rating,80PLUS 골드,
11441,1736,modular_type,FULL-MODULAR,
11442,1736,form_factor,ATX,
11443,1736,pcie_connector,"16핀x1,8핀x3",
11444,1736,atx_version,ATX3.1,
11445,1736,fan_size,135,mm
11446,1737,wattage,2500,W
11447,1737,efficiency_rating,80PLUS 플래티넘,
11448,1737,modular_type,FULL-MODULAR,
11449,1737,form_factor,ATX,
11450,1737,pcie_connector,"16핀x4,8핀x7",
11451,1737,atx_version,ATX3.1,
11452,1737,fan_size,135,mm
11453,1738,wattage,700,W
11454,1738,efficiency_rating,80PLUS 실버,
11455,1738,form_factor,ATX,
11456,1738,pcie_connector,"16핀x1,8핀x2",
11457,1738,atx_version,ATX3.1,
11458,1738,fan_size,120,mm
11459,1739,wattage,550,W
11460,1739,form_factor,ATX,
11461,1739,pcie_connector,8핀x2,
11462,1739,atx_version,ATX3.1,
11463,1739,fan_size,120,mm
11464,1740,wattage,500,W
11465,1740,efficiency_rating,80PLUS 브론즈,
11466,1740,form_factor,ATX,
11467,1740,pcie_connector,8핀x2,
11468,1740,atx_version,ATX3.1,
11469,1740,fan_size,120,mm
11470,1741,wattage,700,W
11471,1741,form_factor,ATX,
11472,1741,pcie_connector,8핀x4,
11473,1741,atx_version,ATX,
11474,1741,fan_size,120,mm
11475,1742,wattage,800,W
11476,1742,efficiency_rating,80PLUS 실버,
11477,1742,form_factor,ATX,
11478,1742,pcie_connector,"16핀x1,8핀x2",
11479,1742,atx_version,ATX3.1,
11480,1742,fan_size,120,mm
11481,1743,wattage,500,W
11482,1743,form_factor,ATX,
11483,1743,pcie_connector,8핀x2,
11484,1743,atx_version,ATX,
11485,1743,fan_size,120,mm
11486,1744,wattage,1300,W
11487,1744,efficiency_rating,80PLUS 플래티넘,
11488,1744,modular_type,FULL-MODULAR,
11489,1744,form_factor,ATX,
11490,1744,pcie_connector,"16핀x2,8핀x3",
11491,1744,atx_version,ATX3.1,
11492,1745,wattage,600,W
11493,1745,form_factor,ATX,
11494,1745,pcie_connector,8핀x2,
11495,1745,atx_version,ATX,
11496,1745,fan_size,120,mm
11497,1746,wattage,800,W
11498,1746,efficiency_rating,80PLUS 브론즈,
11499,1746,form_factor,ATX,
11500,1746,pcie_connector,"16핀x1,8핀x2",
11501,1746,atx_version,ATX3.1,
11502,1746,fan_size,120,mm
11503,1747,wattage,1000,W
11504,1747,efficiency_rating,80PLUS 플래티넘,
11505,1747,modular_type,FULL-MODULAR,
11506,1747,form_factor,ATX,
11507,1747,pcie_connector,"16핀x3,8핀x3",
11508,1747,atx_version,ATX3.1,
11509,1748,wattage,750,W
11510,1748,form_factor,ATX,
11511,1748,pcie_connector,"16핀x1,8핀x2",
11512,1748,atx_version,ATX3.1,
11513,1748,fan_size,120,mm
11514,1749,wattage,900,W
11515,1749,efficiency_rating,80PLUS 실버,
11516,1749,form_factor,ATX,
11517,1749,pcie_connector,"16핀x1,8핀x4",
11518,1749,atx_version,ATX3.1,
11519,1749,fan_size,120,mm
11520,1750,wattage,1050,W
11521,1750,efficiency_rating,80PLUS 골드,
11522,1750,modular_type,FULL-MODULAR,
11523,1750,form_factor,ATX,
11524,1750,pcie_connector,"16핀x1,8핀x3",
11525,1750,atx_version,ATX3.1,
11526,1750,fan_size,120,mm
11527,1751,wattage,1050,W
11528,1751,efficiency_rating,80PLUS 플래티넘,
11529,1751,modular_type,FULL-MODULAR,
11530,1751,form_factor,ATX,
11531,1751,pcie_connector,"16핀x1,8핀x2",
11532,1751,atx_version,ATX3.1,
11533,1751,fan_size,120,mm
11534,1752,wattage,700,W
11535,1752,efficiency_rating,80PLUS 브론즈,
11536,1752,form_factor,ATX,
11537,1752,pcie_connector,"16핀x1,8핀x2",
11538,1752,atx_version,ATX3.1,
11539,1752,fan_size,120,mm
11540,1753,wattage,850,W
11541,1753,efficiency_rating,80PLUS 골드,
11542,1753,form_factor,ATX,
11543,1753,pcie_connector,"16핀x1,8핀x2",
11544,1753,atx_version,ATX3.1,
11545,1753,fan_size,120,mm
11546,1754,wattage,1650,W
11547,1754,efficiency_rating,80PLUS 골드,
11548,1754,modular_type,FULL-MODULAR,
11549,1754,form_factor,ATX,
11550,1754,pcie_connector,"16핀x2,8핀x9",
11551,1754,atx_version,ATX3.1,
11552,1754,fan_size,135,mm
11553,1755,wattage,850,W
11554,1755,efficiency_rating,80PLUS 플래티넘,
11555,1755,modular_type,FULL-MODULAR,
11556,1755,form_factor,ATX,
11557,1755,pcie_connector,"16핀x1,8핀x3",
11558,1755,atx_version,ATX3.1,
11559,1756,wattage,1000,W
11560,1756,efficiency_rating,80PLUS 브론즈,
11561,1756,modular_type,SEMI-MODULAR,
11562,1756,form_factor,ATX,
11563,1756,pcie_connector,8핀x6,
11564,1756,atx_version,ATX,
11565,1756,fan_size,135,mm
11566,1757,wattage,1050,W
11567,1757,efficiency_rating,80PLUS 플래티넘,
11568,1757,modular_type,FULL-MODULAR,
11569,1757,form_factor,ATX,
11570,1757,pcie_connector,"16핀x1,8핀x2",
11571,1757,atx_version,ATX3.0,
11572,1757,fan_size,120,mm
11573,1758,wattage,600,W
11574,1758,form_factor,ATX,
11575,1758,pcie_connector,8핀x2,
11576,1758,atx_version,ATX,
11577,1758,fan_size,120,mm
11578,1759,wattage,1300,W
11579,1759,efficiency_rating,80PLUS 플래티넘,
11580,1759,modular_type,FULL-MODULAR,
11581,1759,form_factor,ATX,
11582,1759,pcie_connector,"16핀x2,8핀x3",
11583,1759,atx_version,ATX3.1,
11584,1760,wattage,750,W
11585,1760,efficiency_rating,80PLUS 골드,
11586,1760,form_factor,ATX,
11587,1760,pcie_connector,"16핀x1,8핀x2",
11588,1760,atx_version,ATX3.1,
11589,1760,fan_size,120,mm
11590,1761,wattage,750,W
11591,1761,efficiency_rating,80PLUS 실버,
11592,1761,form_factor,ATX,
11593,1761,pcie_connector,"16핀x1,8핀x2",
11594,1761,atx_version,ATX3.0,
11595,1761,fan_size,120,mm
11596,1762,wattage,750,W
11597,1762,efficiency_rating,80PLUS 실버,
11598,1762,form_factor,ATX,
11599,1762,pcie_connector,"16핀x1,8핀x2",
11600,1762,atx_version,ATX3.1,
11601,1762,fan_size,120,mm
11602,1763,wattage,850,W
11603,1763,efficiency_rating,80PLUS 실버,
11604,1763,form_factor,ATX,
11605,1763,pcie_connector,"16핀x1,8핀x2",
11606,1763,atx_version,ATX3.1,
11607,1763,fan_size,120,mm
11608,1764,wattage,1000,W
11609,1764,efficiency_rating,80PLUS 플래티넘,
11610,1764,modular_type,FULL-MODULAR,
11611,1764,form_factor,ATX,
11612,1764,pcie_connector,"16핀x1,8핀x3",
11613,1764,atx_version,ATX3.0,
11614,1765,wattage,800,W
11615,1765,form_factor,ATX,
11616,1765,pcie_connector,8핀x4,
11617,1765,atx_version,ATX,
11618,1765,fan_size,120,mm
11619,1766,wattage,850,W
11620,1766,efficiency_rating,80PLUS 플래티넘,
11621,1766,modular_type,FULL-MODULAR,
11622,1766,form_factor,ATX,
11623,1766,pcie_connector,"16핀x1,8핀x3",
11624,1766,atx_version,ATX3.0,
11625,1767,wattage,800,W
11626,1767,form_factor,ATX,
11627,1767,pcie_connector,"16핀x1,8핀x2",
11628,1767,atx_version,ATX3.1,
11629,1767,fan_size,120,mm
11630,1768,wattage,600,W
11631,1768,form_factor,ATX,
11632,1768,pcie_connector,8핀x2,
11633,1768,atx_version,ATX,
11634,1768,fan_size,120,mm
11635,1769,wattage,700,W
11636,1769,form_factor,ATX,
11637,1769,pcie_connector,8핀x4,
11638,1769,atx_version,ATX,
11639,1769,fan_size,120,mm
11640,1770,wattage,700,W
11641,1770,form_factor,ATX,
11642,1770,pcie_connector,"16핀x1,8핀x2",
11643,1770,atx_version,ATX3.1,
11644,1770,fan_size,120,mm
11645,1771,wattage,850,W
11646,1771,efficiency_rating,80PLUS 브론즈,
11647,1771,modular_type,SEMI-MODULAR,
11648,1771,form_factor,ATX,
11649,1771,pcie_connector,8핀x6,
11650,1771,atx_version,ATX,
11651,1771,fan_size,135,mm
11652,1772,wattage,850,W
11653,1772,efficiency_rating,80PLUS 플래티넘,
11654,1772,modular_type,FULL-MODULAR,
11655,1772,form_factor,ATX,
11656,1772,pcie_connector,8핀x6,
11657,1772,atx_version,ATX,
11658,1772,fan_size,135,mm
11659,1773,wattage,600,W
11660,1773,efficiency_rating,80PLUS 브론즈,
11661,1773,form_factor,ATX,
11662,1773,pcie_connector,8핀x2,
11663,1773,atx_version,ATX,
11664,1773,fan_size,120,mm
11665,1774,wattage,900,W
11666,1774,form_factor,ATX,
11667,1774,pcie_connector,"16핀x1,8핀x4",
11668,1774,atx_version,ATX3.1,
11669,1774,fan_size,120,mm
11670,1775,wattage,700,W
11671,1775,efficiency_rating,80PLUS 브론즈,
11672,1775,form_factor,ATX,
11673,1775,pcie_connector,8핀x4,
11674,1775,atx_version,ATX,
11675,1775,fan_size,120,mm
11676,1776,wattage,600,W
11677,1776,efficiency_rating,80PLUS 브론즈,
11678,1776,form_factor,ATX,
11679,1776,pcie_connector,8핀x2,
11680,1776,atx_version,ATX,
11681,1776,fan_size,120,mm
11682,1777,wattage,850,W
11683,1777,efficiency_rating,80PLUS 플래티넘,
11684,1777,modular_type,FULL-MODULAR,
11685,1777,form_factor,ATX,
11686,1777,pcie_connector,"16핀x1,8핀x2",
11687,1777,atx_version,ATX3.0,
11688,1777,fan_size,120,mm
11689,1778,wattage,1050,W
11690,1778,efficiency_rating,80PLUS 플래티넘,
11691,1778,modular_type,FULL-MODULAR,
11692,1778,form_factor,ATX,
11693,1778,pcie_connector,8핀x8,
11694,1778,atx_version,ATX,
11695,1778,fan_size,135,mm
11696,1779,wattage,500,W
11697,1779,efficiency_rating,80PLUS 브론즈,
11698,1779,form_factor,ATX,
11699,1779,pcie_connector,8핀x2,
11700,1779,atx_version,ATX,
11701,1779,fan_size,120,mm
11702,1780,wattage,700,W
11703,1780,form_factor,ATX,
11704,1780,pcie_connector,8핀x4,
11705,1780,atx_version,ATX,
11706,1780,fan_size,120,mm
11707,1781,wattage,600,W
11708,1781,form_factor,ATX,
11709,1781,pcie_connector,8핀x2,
11710,1781,atx_version,ATX,
11711,1782,wattage,500,W
11712,1782,form_factor,ATX,
11713,1782,pcie_connector,8핀x2,
11714,1782,atx_version,ATX,
11715,1783,wattage,500,W
11716,1783,form_factor,ATX,
11717,1783,pcie_connector,8핀x2,
11718,1783,atx_version,ATX,
11719,1783,fan_size,120,mm
11720,1784,wattage,600,W
11721,1784,form_factor,ATX,
11722,1784,pcie_connector,8핀x2,
11723,1784,atx_version,ATX,
11724,1784,fan_size,120,mm
11725,1785,wattage,800,W
11726,1785,efficiency_rating,80PLUS 브론즈,
11727,1785,form_factor,ATX,
11728,1785,pcie_connector,"16핀x1,8핀x2",
11729,1785,atx_version,ATX3.1,
11730,1785,fan_size,120,mm
11731,1786,wattage,750,W
11732,1786,efficiency_rating,80PLUS 브론즈,
11733,1786,form_factor,ATX,
11734,1786,pcie_connector,8핀x4,
11735,1786,atx_version,ATX,
11736,1786,fan_size,120,mm
11737,1787,wattage,1650,W
11738,1787,efficiency_rating,80PLUS 골드,
11739,1787,modular_type,FULL-MODULAR,
11740,1787,form_factor,ATX,
11741,1787,pcie_connector,"16핀x2,8핀x6",
11742,1787,atx_version,ATX3.0,
11743,1787,fan_size,135,mm
11744,1788,wattage,750,W
11745,1788,efficiency_rating,80PLUS 실버,
11746,1788,modular_type,SEMI-MODULAR,
11747,1788,form_factor,ATX,
11748,1788,pcie_connector,"16핀x1,8핀x2",
11749,1788,atx_version,ATX3.1,
11750,1789,wattage,600,W
11751,1789,efficiency_rating,80PLUS 브론즈,
11752,1789,form_factor,ATX,
11753,1789,pcie_connector,8핀x2,
11754,1789,atx_version,ATX,
11755,1789,fan_size,120,mm
11756,1790,wattage,700,W
11757,1790,efficiency_rating,80PLUS 브론즈,
11758,1790,form_factor,ATX,
11759,1790,pcie_connector,"16핀x1,8핀x2",
11760,1790,atx_version,ATX,
11761,1790,fan_size,120,mm
11762,1791,wattage,1050,W
11763,1791,efficiency_rating,80PLUS 골드,
11764,1791,modular_type,FULL-MODULAR,
11765,1791,form_factor,ATX,
11766,1791,pcie_connector,"16핀x1,8핀x4",
11767,1791,atx_version,ATX,
11768,1791,fan_size,120,mm
11769,1792,wattage,850,W
11770,1792,efficiency_rating,80PLUS 실버,
11771,1792,form_factor,ATX,
11772,1792,pcie_connector,"16핀x1,8핀x2",
11773,1792,atx_version,ATX3.0,
11774,1792,fan_size,120,mm
11775,1793,wattage,750,W
11776,1793,efficiency_rating,80PLUS 실버,
11777,1793,form_factor,ATX,
11778,1793,pcie_connector,8핀x4,
11779,1793,atx_version,ATX,
11780,1793,fan_size,120,mm
11781,1794,wattage,700,W
11782,1794,form_factor,ATX,
11783,1794,pcie_connector,8핀x4,
11784,1794,atx_version,ATX,
11785,1794,fan_size,120,mm
11786,1795,wattage,500,W
11787,1795,form_factor,ATX,
11788,1795,pcie_connector,8핀x2,
11789,1795,atx_version,ATX,
11790,1795,fan_size,120,mm
11791,1796,wattage,850,W
11792,1796,efficiency_rating,80PLUS 실버,
11793,1796,modular_type,SEMI-MODULAR,
11794,1796,form_factor,ATX,
11795,1796,pcie_connector,"16핀x1,8핀x2",
11796,1796,atx_version,ATX3.1,
11797,1797,wattage,850,W
11798,1797,efficiency_rating,80PLUS 실버,
11799,1797,form_factor,ATX,
11800,1797,pcie_connector,8핀x4,
11801,1797,atx_version,ATX,
11802,1797,fan_size,120,mm
11803,1798,wattage,750,W
11804,1798,efficiency_rating,80PLUS 골드,
11805,1798,form_factor,ATX,
11806,1798,pcie_connector,8핀x4,
11807,1798,atx_version,ATX,
11808,1798,fan_size,120,mm
11809,1799,wattage,750,W
11810,1799,efficiency_rating,80PLUS 골드,
11811,1799,modular_type,FULL-MODULAR,
11812,1799,form_factor,ATX,
11813,1799,pcie_connector,8핀x4,
11814,1799,atx_version,ATX,
11815,1799,fan_size,135,mm
11816,1800,wattage,650,W
11817,1800,efficiency_rating,80PLUS 골드,
11818,1800,modular_type,FULL-MODULAR,
11819,1800,form_factor,ATX,
11820,1800,pcie_connector,8핀x4,
11821,1800,atx_version,ATX,
11822,1800,fan_size,135,mm
11823,1801,wattage,800,W
11824,1801,form_factor,ATX,
11825,1801,pcie_connector,8핀x4,
11826,1801,atx_version,ATX,
11827,1801,fan_size,120,mm
11828,1802,wattage,700,W
11829,1802,form_factor,ATX,
11830,1802,pcie_connector,"16핀x1,8핀x2",
11831,1802,atx_version,ATX,
11832,1802,fan_size,120,mm
11833,1803,wattage,900,W
11834,1803,form_factor,ATX,
11835,1803,pcie_connector,"16핀x1,8핀x4",
11836,1803,atx_version,ATX,
11837,1803,fan_size,140,mm
11838,1804,wattage,700,W
11839,1804,form_factor,ATX,
11840,1804,pcie_connector,8핀x4,
11841,1804,atx_version,ATX,
11842,1804,fan_size,120,mm
11843,1805,wattage,800,W
11844,1805,form_factor,ATX,
11845,1805,pcie_connector,"16핀x1,8핀x2",
11846,1805,atx_version,ATX,
11847,1805,fan_size,120,mm
11848,1806,wattage,850,W
11849,1806,efficiency_rating,80PLUS 실버,
11850,1806,modular_type,SEMI-MODULAR,
11851,1806,form_factor,ATX,
11852,1806,pcie_connector,"16핀x1,8핀x2",
11853,1806,atx_version,ATX3.0,
11854,1806,fan_size,120,mm
11855,1807,wattage,750,W
11856,1807,efficiency_rating,80PLUS 실버,
11857,1807,modular_type,SEMI-MODULAR,
11858,1807,form_factor,ATX,
11859,1807,pcie_connector,"16핀x1,8핀x2",
11860,1807,atx_version,ATX3.0,
11861,1807,fan_size,120,mm
11862,1808,wattage,500,W
11863,1808,efficiency_rating,80PLUS 브론즈,
11864,1808,form_factor,ATX,
11865,1808,pcie_connector,8핀x2,
11866,1808,atx_version,ATX,
11867,1808,fan_size,120,mm
11868,1809,wattage,850,W
11869,1809,efficiency_rating,80PLUS 브론즈,
11870,1809,modular_type,SEMI-MODULAR,
11871,1809,form_factor,ATX,
11872,1809,pcie_connector,8핀x6,
11873,1809,atx_version,ATX,
11874,1809,fan_size,135,mm
11875,1810,wattage,650,W
11876,1810,efficiency_rating,80PLUS 브론즈,
11877,1810,form_factor,ATX,
11878,1810,pcie_connector,8핀x2,
11879,1810,atx_version,ATX,
11880,1810,fan_size,120,mm
11881,1811,wattage,750,W
11882,1811,efficiency_rating,80PLUS 브론즈,
11883,1811,form_factor,ATX,
11884,1811,pcie_connector,8핀x4,
11885,1811,atx_version,ATX,
11886,1811,fan_size,120,mm
11887,1812,wattage,500,W
11888,1812,form_factor,ATX,
11889,1812,pcie_connector,8핀x1,
11890,1812,atx_version,ATX,
11891,1812,fan_size,120,mm
11892,1813,wattage,700,W
11893,1813,efficiency_rating,80PLUS 브론즈,
11894,1813,form_factor,ATX,
11895,1813,pcie_connector,8핀x4,
11896,1813,atx_version,ATX,
11897,1813,fan_size,120,mm
11898,1814,wattage,600,W
11899,1814,form_factor,ATX,
11900,1814,pcie_connector,8핀x2,
11901,1814,atx_version,ATX,
11902,1814,fan_size,120,mm
11903,1815,wattage,600,W
11904,1815,form_factor,ATX,
11905,1815,pcie_connector,8핀x2,
11906,1815,atx_version,ATX,
11907,1815,fan_size,120,mm
11908,1816,wattage,600,W
11909,1816,form_factor,ATX,
11910,1816,pcie_connector,8핀x2,
11911,1816,atx_version,ATX,
11912,1816,fan_size,120,mm
11913,1817,wattage,700,W
11914,1817,form_factor,ATX,
11915,1817,pcie_connector,8핀x4,
11916,1817,atx_version,ATX,
11917,1817,fan_size,120,mm
11918,1818,wattage,700,W
11919,1818,form_factor,ATX,
11920,1818,pcie_connector,8핀x4,
11921,1818,atx_version,ATX,
11922,1818,fan_size,120,mm
11923,1819,wattage,1000,W
11924,1819,efficiency_rating,80PLUS 골드,
11925,1819,modular_type,FULL-MODULAR,
11926,1819,form_factor,ATX,
11927,1819,pcie_connector,"16핀x1,8핀x4",
11928,1819,atx_version,ATX3.1,
11929,1819,fan_size,140,mm
11930,1820,wattage,850,W
11931,1820,efficiency_rating,80PLUS 골드,
11932,1820,modular_type,FULL-MODULAR,
11933,1820,form_factor,ATX,
11934,1820,pcie_connector,"16핀x1,8핀x3",
11935,1820,atx_version,ATX3.1,
11936,1821,wattage,1000,W
11937,1821,efficiency_rating,80PLUS 골드,
11938,1821,modular_type,FULL-MODULAR,
11939,1821,form_factor,ATX,
11940,1821,pcie_connector,"16핀x1,8핀x4",
11941,1821,atx_version,ATX3.1,
11942,1822,wattage,1200,W
11943,1822,efficiency_rating,80PLUS 플래티넘,
11944,1822,modular_type,FULL-MODULAR,
11945,1822,form_factor,ATX,
11946,1822,pcie_connector,"16핀x2,8핀x4",
11947,1822,atx_version,ATX3.1,
11948,1823,wattage,1200,W
11949,1823,efficiency_rating,80PLUS 플래티넘,
11950,1823,modular_type,FULL-MODULAR,
11951,1823,form_factor,ATX,
11952,1823,pcie_connector,"16핀x2,8핀x4",
11953,1823,atx_version,ATX3.1,
11954,1824,wattage,1000,W
11955,1824,efficiency_rating,80PLUS 플래티넘,
11956,1824,modular_type,FULL-MODULAR,
11957,1824,form_factor,ATX,
11958,1824,pcie_connector,"16핀x1,8핀x4",
11959,1824,atx_version,ATX3.1,
11960,1825,wattage,1300,W
11961,1825,efficiency_rating,80PLUS 골드,
11962,1825,modular_type,FULL-MODULAR,
11963,1825,form_factor,ATX,
11964,1825,pcie_connector,"16핀x2,8핀x4",
11965,1825,atx_version,ATX3.1,
11966,1826,wattage,1000,W
11967,1826,form_factor,ATX,
11968,1826,pcie_connector,"16핀x1,8핀x4",
11969,1826,atx_version,ATX3.1,
11970,1826,fan_size,120,mm
11971,1827,wattage,1000,W
11972,1827,efficiency_rating,80PLUS 골드,
11973,1827,modular_type,FULL-MODULAR,
11974,1827,form_factor,ATX,
11975,1827,pcie_connector,"16핀x1,8핀x4",
11976,1827,atx_version,ATX3.1,
11977,1827,fan_size,140,mm
11978,1828,wattage,750,W
11979,1828,form_factor,ATX,
11980,1828,pcie_connector,"16핀x1,8핀x4",
11981,1828,atx_version,ATX3.1,
11982,1828,fan_size,120,mm
11983,1829,wattage,1000,W
11984,1829,efficiency_rating,80PLUS 플래티넘,
11985,1829,modular_type,FULL-MODULAR,
11986,1829,form_factor,ATX,
11987,1829,pcie_connector,"16핀x1,8핀x4",
11988,1829,atx_version,ATX3.1,
11989,1830,wattage,850,W
11990,1830,efficiency_rating,80PLUS 골드,
11991,1830,modular_type,FULL-MODULAR,
11992,1830,form_factor,ATX,
11993,1830,pcie_connector,"16핀x1,8핀x3",
11994,1830,atx_version,ATX3.1,
11995,1831,wattage,850,W
11996,1831,efficiency_rating,80PLUS 골드,
11997,1831,modular_type,FULL-MODULAR,
11998,1831,form_factor,ATX,
11999,1831,pcie_connector,"16핀x1,8핀x3",
12000,1831,atx_version,ATX3.1,
12001,1831,fan_size,140,mm
12002,1832,wattage,850,W
12003,1832,efficiency_rating,80PLUS 플래티넘,
12004,1832,modular_type,FULL-MODULAR,
12005,1832,form_factor,ATX,
12006,1832,pcie_connector,"16핀x1,8핀x3",
12007,1832,atx_version,ATX3.1,
12008,1833,wattage,850,W
12009,1833,efficiency_rating,80PLUS 골드,
12010,1833,modular_type,FULL-MODULAR,
12011,1833,form_factor,ATX,
12012,1833,pcie_connector,"16핀x1,8핀x3",
12013,1833,atx_version,ATX3.1,
12014,1833,fan_size,140,mm
12015,1834,wattage,2000,W
12016,1834,efficiency_rating,80PLUS 플래티넘,
12017,1834,modular_type,FULL-MODULAR,
12018,1834,form_factor,ATX,
12019,1834,pcie_connector,"16핀x4,8핀x6",
12020,1834,atx_version,ATX,
12021,1834,fan_size,140,mm
12022,1835,wattage,2200,W
12023,1835,modular_type,FULL-MODULAR,
12024,1835,form_factor,ATX,
12025,1835,pcie_connector,"16핀x2,8핀x6",
12026,1835,atx_version,ATX3.1,
12027,1836,wattage,1000,W
12028,1836,efficiency_rating,80PLUS 골드,
12029,1836,modular_type,FULL-MODULAR,
12030,1836,form_factor,ATX,
12031,1836,pcie_connector,"16핀x1,8핀x4",
12032,1836,atx_version,ATX3.1,
12033,1837,wattage,650,W
12034,1837,form_factor,ATX,
12035,1837,pcie_connector,8핀x4,
12036,1837,atx_version,ATX3.1,
12037,1837,fan_size,120,mm
12038,1838,wattage,850,W
12039,1838,form_factor,ATX,
12040,1838,pcie_connector,"16핀x1,8핀x4",
12041,1838,atx_version,ATX3.1,
12042,1838,fan_size,120,mm
12043,1839,wattage,1300,W
12044,1839,efficiency_rating,80PLUS 골드,
12045,1839,modular_type,FULL-MODULAR,
12046,1839,form_factor,ATX,
12047,1839,pcie_connector,"16핀x1,8핀x4",
12048,1839,atx_version,ATX3.1,
12049,1839,fan_size,140,mm
12050,1840,wattage,750,W
12051,1840,efficiency_rating,80PLUS 골드,
12052,1840,modular_type,FULL-MODULAR,
12053,1840,form_factor,ATX,
12054,1840,pcie_connector,"16핀x1,8핀x2",
12055,1840,atx_version,ATX3.1,
12056,1840,fan_size,140,mm
12057,1841,wattage,1300,W
12058,1841,efficiency_rating,80PLUS 골드,
12059,1841,modular_type,FULL-MODULAR,
12060,1841,form_factor,ATX,
12061,1841,pcie_connector,"16핀x2,8핀x4",
12062,1841,atx_version,ATX3.1,
12063,1842,wattage,2800,W
12064,1842,modular_type,FULL-MODULAR,
12065,1842,form_factor,ATX,
12066,1842,pcie_connector,"16핀x4,8핀x6",
12067,1842,atx_version,ATX3.1,
12068,1842,fan_size,140,mm
12069,1843,wattage,850,W
12070,1843,efficiency_rating,80PLUS 플래티넘,
12071,1843,modular_type,FULL-MODULAR,
12072,1843,form_factor,ATX,
12073,1843,pcie_connector,"16핀x1,8핀x3",
12074,1843,atx_version,ATX3.1,
12075,1844,wattage,850,W
12076,1844,efficiency_rating,80PLUS 골드,
12077,1844,modular_type,FULL-MODULAR,
12078,1844,form_factor,ATX,
12079,1844,pcie_connector,"16핀x1,8핀x4",
12080,1844,atx_version,ATX3.1,
12081,1844,fan_size,120,mm
12082,1845,wattage,1300,W
12083,1845,efficiency_rating,80PLUS 골드,
12084,1845,modular_type,FULL-MODULAR,
12085,1845,form_factor,ATX,
12086,1845,pcie_connector,"16핀x1,8핀x4",
12087,1845,atx_version,ATX3.1,
12088,1845,fan_size,140,mm
12089,1846,wattage,1700,W
12090,1846,modular_type,FULL-MODULAR,
12091,1846,form_factor,ATX,
12092,1846,pcie_connector,"16핀x2,8핀x6",
12093,1846,atx_version,ATX3.1,
12094,1846,fan_size,140,mm
12095,1847,wattage,850,W
12096,1847,efficiency_rating,80PLUS 티타늄,
12097,1847,modular_type,FULL-MODULAR,
12098,1847,form_factor,ATX,
12099,1847,pcie_connector,"16핀x1,8핀x4",
12100,1847,atx_version,ATX,
12101,1847,fan_size,140,mm
12102,1848,wattage,750,W
12103,1848,efficiency_rating,80PLUS 골드,
12104,1848,modular_type,FULL-MODULAR,
12105,1848,form_factor,ATX,
12106,1848,pcie_connector,"16핀x1,8핀x4",
12107,1848,atx_version,ATX3.1,
12108,1848,fan_size,120,mm
12109,1849,wattage,750,W
12110,1849,efficiency_rating,80PLUS 티타늄,
12111,1849,modular_type,FULL-MODULAR,
12112,1849,form_factor,ATX,
12113,1849,pcie_connector,"16핀x1,8핀x4",
12114,1849,atx_version,ATX,
12115,1849,fan_size,140,mm
12116,1850,wattage,1000,W
12117,1850,efficiency_rating,80PLUS 플래티넘,
12118,1850,modular_type,FULL-MODULAR,
12119,1850,form_factor,ATX,
12120,1850,pcie_connector,"16핀x1,8핀x8",
12121,1850,atx_version,ATX,
12122,1850,fan_size,120,mm
12123,1851,wattage,1600,W
12124,1851,efficiency_rating,80PLUS 티타늄,
12125,1851,modular_type,FULL-MODULAR,
12126,1851,form_factor,ATX,
12127,1851,pcie_connector,"16핀x2,8핀x5",
12128,1851,atx_version,ATX3.1,
12129,1851,fan_size,140,mm
12130,1852,wattage,850,W
12131,1852,efficiency_rating,80PLUS 골드,
12132,1852,modular_type,FULL-MODULAR,
12133,1852,form_factor,ATX,
12134,1852,pcie_connector,"16핀x1,8핀x6",
12135,1852,atx_version,ATX,
12136,1852,fan_size,130,mm
12137,1853,wattage,850,W
12138,1853,efficiency_rating,80PLUS 플래티넘,
12139,1853,modular_type,FULL-MODULAR,
12140,1853,form_factor,ATX,
12141,1853,pcie_connector,8핀x8,
12142,1853,atx_version,ATX,
12143,1853,fan_size,120,mm
12144,1854,wattage,850,W
12145,1854,efficiency_rating,80PLUS 플래티넘,
12146,1854,modular_type,FULL-MODULAR,
12147,1854,form_factor,ATX,
12148,1854,pcie_connector,"16핀x1,8핀x6",
12149,1854,atx_version,ATX,
12150,1854,fan_size,120,mm
12151,1855,wattage,850,W
12152,1855,efficiency_rating,80PLUS 플래티넘,
12153,1855,modular_type,FULL-MODULAR,
12154,1855,form_factor,ATX,
12155,1855,pcie_connector,8핀x8,
12156,1855,atx_version,ATX,
12157,1855,fan_size,120,mm
12158,1856,wattage,700,W
12159,1856,efficiency_rating,80PLUS 브론즈,
12160,1856,form_factor,ATX,
12161,1856,pcie_connector,"16핀x1,8핀x2",
12162,1856,atx_version,ATX3.1,
12163,1856,fan_size,120,mm
12164,1857,wattage,850,W
12165,1857,efficiency_rating,80PLUS 브론즈,
12166,1857,modular_type,SEMI-MODULAR,
12167,1857,form_factor,ATX,
12168,1857,pcie_connector,"16핀x1,8핀x4",
12169,1857,atx_version,ATX3.1,
12170,1857,fan_size,120,mm
12171,1858,wattage,500,W
12172,1858,form_factor,ATX,
12173,1858,pcie_connector,8핀x2,
12174,1858,atx_version,ATX,
12175,1858,fan_size,120,mm
12176,1859,wattage,600,W
12177,1859,form_factor,ATX,
12178,1859,pcie_connector,8핀x2,
12179,1859,atx_version,ATX,
12180,1859,fan_size,120,mm
12181,1860,wattage,1000,W
12182,1860,efficiency_rating,80PLUS 골드,
12183,1860,modular_type,FULL-MODULAR,
12184,1860,form_factor,ATX,
12185,1860,pcie_connector,"16핀x1,8핀x4",
12186,1860,atx_version,ATX3.1,
12187,1860,fan_size,120,mm
12188,1861,wattage,700,W
12189,1861,form_factor,ATX,
12190,1861,pcie_connector,8핀x4,
12191,1861,atx_version,ATX,
12192,1861,fan_size,120,mm
12193,1862,wattage,700,W
12194,1862,form_factor,ATX,
12195,1862,pcie_connector,8핀x4,
12196,1862,atx_version,ATX,
12197,1862,fan_size,120,mm
12198,1863,wattage,600,W
12199,1863,form_factor,ATX,
12200,1863,pcie_connector,8핀x2,
12201,1863,atx_version,ATX,
12202,1863,fan_size,120,mm
12203,1864,wattage,1200,W
12204,1864,efficiency_rating,80PLUS 플래티넘,
12205,1864,modular_type,FULL-MODULAR,
12206,1864,form_factor,ATX,
12207,1864,pcie_connector,"16핀x1,8핀x4",
12208,1864,atx_version,ATX3.1,
12209,1864,fan_size,120,mm
12210,1865,wattage,800,W
12211,1865,efficiency_rating,80PLUS 브론즈,
12212,1865,form_factor,ATX,
12213,1865,pcie_connector,"16핀x1,8핀x2",
12214,1865,atx_version,ATX3.1,
12215,1865,fan_size,120,mm
12216,1866,wattage,800,W
12217,1866,form_factor,ATX,
12218,1866,pcie_connector,8핀x4,
12219,1866,atx_version,ATX,
12220,1866,fan_size,120,mm
12221,1867,wattage,600,W
12222,1867,efficiency_rating,80PLUS 브론즈,
12223,1867,form_factor,ATX,
12224,1867,pcie_connector,8핀x2,
12225,1867,atx_version,ATX3.1,
12226,1867,fan_size,120,mm
12227,1868,wattage,750,W
12228,1868,efficiency_rating,80PLUS 브론즈,
12229,1868,modular_type,SEMI-MODULAR,
12230,1868,form_factor,ATX,
12231,1868,pcie_connector,"16핀x1,8핀x4",
12232,1868,atx_version,ATX3.1,
12233,1868,fan_size,120,mm
12234,1869,wattage,600,W
12235,1869,form_factor,ATX,
12236,1869,pcie_connector,8핀x2,
12237,1869,atx_version,ATX,
12238,1869,fan_size,120,mm
12239,1870,wattage,700,W
12240,1870,form_factor,ATX,
12241,1870,pcie_connector,8핀x4,
12242,1870,atx_version,ATX,
12243,1870,fan_size,120,mm
12244,1871,wattage,650,W
12245,1871,efficiency_rating,80PLUS 브론즈,
12246,1871,modular_type,SEMI-MODULAR,
12247,1871,form_factor,ATX,
12248,1871,pcie_connector,"16핀x1,8핀x2",
12249,1871,atx_version,ATX3.1,
12250,1871,fan_size,120,mm
12251,1872,wattage,850,W
12252,1872,efficiency_rating,80PLUS 브론즈,
12253,1872,modular_type,SEMI-MODULAR,
12254,1872,form_factor,ATX,
12255,1872,pcie_connector,"16핀x1,8핀x4",
12256,1872,atx_version,ATX3.1,
12257,1872,fan_size,120,mm
12258,1873,wattage,700,W
12259,1873,form_factor,ATX,
12260,1873,pcie_connector,8핀x4,
12261,1873,atx_version,ATX,
12262,1873,fan_size,120,mm
12263,1874,wattage,500,W
12264,1874,form_factor,ATX,
12265,1874,pcie_connector,8핀x2,
12266,1874,atx_version,ATX,
12267,1874,fan_size,120,mm
12268,1875,wattage,500,W
12269,1875,form_factor,ATX,
12270,1875,pcie_connector,8핀x2,
12271,1875,atx_version,ATX,
12272,1875,fan_size,120,mm
12273,1876,wattage,1000,W
12274,1876,efficiency_rating,80PLUS 플래티넘,
12275,1876,modular_type,FULL-MODULAR,
12276,1876,form_factor,ATX,
12277,1876,pcie_connector,"16핀x1,8핀x4",
12278,1876,atx_version,ATX3.1,
12279,1876,fan_size,120,mm
12280,1877,wattage,850,W
12281,1877,efficiency_rating,80PLUS 골드,
12282,1877,modular_type,FULL-MODULAR,
12283,1877,form_factor,ATX,
12284,1877,pcie_connector,"16핀x1,8핀x4",
12285,1877,atx_version,ATX3.1,
12286,1877,fan_size,120,mm
12287,1878,wattage,500,W
12288,1878,form_factor,ATX,
12289,1878,pcie_connector,8핀x2,
12290,1878,atx_version,ATX,
12291,1878,fan_size,120,mm
12292,1879,wattage,600,W
12293,1879,form_factor,ATX,
12294,1879,pcie_connector,8핀x2,
12295,1879,atx_version,ATX,
12296,1879,fan_size,120,mm
12297,1880,wattage,500,W
12298,1880,form_factor,ATX,
12299,1880,pcie_connector,8핀x2,
12300,1880,atx_version,ATX,
12301,1880,fan_size,120,mm
12302,1881,wattage,750,W
12303,1881,efficiency_rating,80PLUS 골드,
12304,1881,modular_type,FULL-MODULAR,
12305,1881,form_factor,ATX,
12306,1881,pcie_connector,"16핀x1,8핀x3",
12307,1881,atx_version,ATX3.1,
12308,1881,fan_size,120,mm
12309,1882,wattage,850,W
12310,1882,efficiency_rating,80PLUS 플래티넘,
12311,1882,modular_type,FULL-MODULAR,
12312,1882,form_factor,ATX,
12313,1882,pcie_connector,"16핀x1,8핀x4",
12314,1882,atx_version,ATX3.1,
12315,1882,fan_size,120,mm
12316,1883,wattage,700,W
12317,1883,form_factor,ATX,
12318,1883,pcie_connector,8핀x4,
12319,1883,atx_version,ATX,
12320,1883,fan_size,120,mm
12321,1884,wattage,1000,W
12322,1884,efficiency_rating,80PLUS 골드,
12323,1884,modular_type,FULL-MODULAR,
12324,1884,form_factor,ATX,
12325,1884,pcie_connector,"16핀x1,8핀x4",
12326,1884,atx_version,ATX3.1,
12327,1884,fan_size,120,mm
12328,1885,wattage,700,W
12329,1885,form_factor,ATX,
12330,1885,pcie_connector,8핀x4,
12331,1885,atx_version,ATX,
12332,1885,fan_size,120,mm
12333,1886,wattage,850,W
12334,1886,efficiency_rating,80PLUS 플래티넘,
12335,1886,modular_type,FULL-MODULAR,
12336,1886,form_factor,ATX,
12337,1886,pcie_connector,8핀x6,
12338,1886,atx_version,ATX,
12339,1886,fan_size,135,mm
12340,1887,wattage,750,W
12341,1887,efficiency_rating,80PLUS 브론즈,
12342,1887,modular_type,SEMI-MODULAR,
12343,1887,form_factor,ATX,
12344,1887,pcie_connector,"16핀x1,8핀x4",
12345,1887,atx_version,ATX3.1,
12346,1887,fan_size,120,mm
12347,1888,wattage,600,W
12348,1888,form_factor,ATX,
12349,1888,pcie_connector,8핀x2,
12350,1888,atx_version,ATX,
12351,1888,fan_size,120,mm
12352,1889,wattage,1200,W
12353,1889,efficiency_rating,80PLUS 골드,
12354,1889,modular_type,FULL-MODULAR,
12355,1889,form_factor,ATX,
12356,1889,pcie_connector,"16핀x1,8핀x4",
12357,1889,atx_version,ATX3.1,
12358,1889,fan_size,120,mm
12359,1890,wattage,600,W
12360,1890,form_factor,ATX,
12361,1890,pcie_connector,8핀x2,
12362,1890,atx_version,ATX,
12363,1890,fan_size,120,mm
12364,1891,wattage,600,W
12365,1891,form_factor,ATX,
12366,1891,pcie_connector,8핀x2,
12367,1891,atx_version,ATX,
12368,1891,fan_size,120,mm
12369,1892,wattage,750,W
12370,1892,efficiency_rating,80PLUS 골드,
12371,1892,modular_type,FULL-MODULAR,
12372,1892,form_factor,ATX,
12373,1892,pcie_connector,"16핀x1,8핀x3",
12374,1892,atx_version,ATX3.1,
12375,1892,fan_size,120,mm
12376,1893,wattage,1200,W
12377,1893,efficiency_rating,80PLUS 골드,
12378,1893,modular_type,FULL-MODULAR,
12379,1893,form_factor,ATX,
12380,1893,pcie_connector,"16핀x1,8핀x4",
12381,1893,atx_version,ATX3.1,
12382,1893,fan_size,120,mm
12383,1894,wattage,650,W
12384,1894,efficiency_rating,80PLUS 브론즈,
12385,1894,form_factor,ATX,
12386,1894,pcie_connector,8핀x2,
12387,1894,atx_version,ATX,
12388,1894,fan_size,120,mm
12389,1895,wattage,750,W
12390,1895,efficiency_rating,80PLUS 골드,
12391,1895,modular_type,FULL-MODULAR,
12392,1895,form_factor,ATX,
12393,1895,pcie_connector,"16핀x1,8핀x3",
12394,1895,atx_version,ATX3.1,
12395,1895,fan_size,120,mm
12396,1896,wattage,800,W
12397,1896,efficiency_rating,80PLUS 브론즈,
12398,1896,form_factor,ATX,
12399,1896,pcie_connector,8핀x2,
12400,1896,atx_version,ATX,
12401,1896,fan_size,120,mm
12402,1897,wattage,600,W
12403,1897,form_factor,ATX,
12404,1897,pcie_connector,8핀x2,
12405,1897,atx_version,ATX,
12406,1897,fan_size,120,mm
12407,1898,wattage,850,W
12408,1898,efficiency_rating,80PLUS 골드,
12409,1898,modular_type,FULL-MODULAR,
12410,1898,form_factor,ATX,
12411,1898,pcie_connector,"16핀x1,8핀x4",
12412,1898,atx_version,ATX3.1,
12413,1898,fan_size,120,mm
12414,1899,wattage,1200,W
12415,1899,efficiency_rating,80PLUS 골드,
12416,1899,modular_type,FULL-MODULAR,
12417,1899,form_factor,ATX,
12418,1899,pcie_connector,8핀x8,
12419,1899,atx_version,ATX,
12420,1899,fan_size,135,mm
12421,1900,wattage,400,W
12422,1900,form_factor,ATX,
12423,1900,pcie_connector,8핀x2,
12424,1900,atx_version,ATX,
12425,1900,fan_size,120,mm
12426,1901,wattage,1000,W
12427,1901,efficiency_rating,80PLUS 플래티넘,
12428,1901,modular_type,FULL-MODULAR,
12429,1901,form_factor,ATX,
12430,1901,pcie_connector,8핀x6,
12431,1901,atx_version,ATX,
12432,1901,fan_size,135,mm
12433,1902,wattage,500,W
12434,1902,form_factor,ATX,
12435,1902,pcie_connector,8핀x2,
12436,1902,atx_version,ATX,
12437,1902,fan_size,120,mm
12438,1903,wattage,1200,W
12439,1903,efficiency_rating,80PLUS 플래티넘,
12440,1903,modular_type,FULL-MODULAR,
12441,1903,form_factor,ATX,
12442,1903,pcie_connector,8핀x2,
12443,1903,atx_version,ATX,
12444,1903,fan_size,135,mm
12445,1904,wattage,750,W
12446,1904,efficiency_rating,80PLUS 플래티넘,
12447,1904,modular_type,FULL-MODULAR,
12448,1904,form_factor,ATX,
12449,1904,pcie_connector,8핀x4,
12450,1904,atx_version,ATX,
12451,1904,fan_size,135,mm
12452,1905,wattage,600,W
12453,1905,form_factor,ATX,
12454,1905,pcie_connector,8핀x2,
12455,1905,atx_version,ATX,
12456,1905,fan_size,120,mm
12457,1906,wattage,1200,W
12458,1906,efficiency_rating,80PLUS 골드,
12459,1906,modular_type,FULL-MODULAR,
12460,1906,form_factor,ATX,
12461,1906,pcie_connector,"16핀x1,8핀x4",
12462,1906,atx_version,ATX3.1,
12463,1906,fan_size,120,mm
12464,1907,wattage,750,W
12465,1907,efficiency_rating,80PLUS 브론즈,
12466,1907,form_factor,ATX,
12467,1907,pcie_connector,8핀x4,
12468,1907,atx_version,ATX,
12469,1907,fan_size,120,mm
12470,1908,wattage,1000,W
12471,1908,efficiency_rating,80PLUS 골드,
12472,1908,modular_type,FULL-MODULAR,
12473,1908,form_factor,ATX,
12474,1908,pcie_connector,"16핀x1,8핀x4",
12475,1908,atx_version,ATX3.1,
12476,1908,fan_size,120,mm
12477,1909,wattage,750,W
12478,1909,efficiency_rating,80PLUS 골드,
12479,1909,modular_type,FULL-MODULAR,
12480,1909,form_factor,ATX,
12481,1909,pcie_connector,8핀x4,
12482,1909,atx_version,ATX,
12483,1909,fan_size,120,mm
12484,1910,wattage,850,W
12485,1910,efficiency_rating,80PLUS 골드,
12486,1910,modular_type,FULL-MODULAR,
12487,1910,form_factor,ATX,
12488,1910,pcie_connector,"16핀x1,8핀x4",
12489,1910,atx_version,ATX3.1,
12490,1910,fan_size,120,mm
12491,1911,wattage,500,W
12492,1911,efficiency_rating,80PLUS 브론즈,
12493,1911,form_factor,ATX,
12494,1911,pcie_connector,8핀x2,
12495,1911,atx_version,ATX3.1,
12496,1911,fan_size,120,mm
12497,1912,wattage,1000,W
12498,1912,efficiency_rating,80PLUS 골드,
12499,1912,modular_type,FULL-MODULAR,
12500,1912,form_factor,ATX,
12501,1912,pcie_connector,8핀x6,
12502,1912,atx_version,ATX,
12503,1912,fan_size,135,mm
12504,1913,wattage,700,W
12505,1913,efficiency_rating,80PLUS 브론즈,
12506,1913,form_factor,ATX,
12507,1913,pcie_connector,8핀x2,
12508,1913,atx_version,ATX,
12509,1913,fan_size,120,mm
12510,1914,wattage,1000,W
12511,1914,efficiency_rating,80PLUS 골드,
12512,1914,modular_type,FULL-MODULAR,
12513,1914,form_factor,ATX,
12514,1914,pcie_connector,"16핀x1,8핀x4",
12515,1914,atx_version,ATX3.1,
12516,1914,fan_size,120,mm
12517,1915,wattage,600,W
12518,1915,efficiency_rating,80PLUS 브론즈,
12519,1915,form_factor,ATX,
12520,1915,pcie_connector,8핀x2,
12521,1915,atx_version,ATX,
12522,1915,fan_size,120,mm
12523,1916,wattage,500,W
12524,1916,form_factor,ATX,
12525,1916,pcie_connector,8핀x2,
12526,1916,atx_version,ATX,
12527,1916,fan_size,120,mm
12528,1917,wattage,1000,W
12529,1917,efficiency_rating,80PLUS 골드,
12530,1917,modular_type,FULL-MODULAR,
12531,1917,form_factor,ATX,
12532,1917,pcie_connector,"16핀x1,8핀x3",
12533,1917,atx_version,ATX3.1,
12534,1917,fan_size,135,mm
12535,1918,wattage,850,W
12536,1918,efficiency_rating,80PLUS 골드,
12537,1918,modular_type,FULL-MODULAR,
12538,1918,form_factor,ATX,
12539,1918,pcie_connector,"16핀x1,8핀x3",
12540,1918,atx_version,ATX3.1,
12541,1918,fan_size,135,mm
12542,1919,wattage,1200,W
12543,1919,efficiency_rating,80PLUS 골드,
12544,1919,modular_type,FULL-MODULAR,
12545,1919,form_factor,ATX,
12546,1919,pcie_connector,"16핀x1,8핀x3",
12547,1919,atx_version,ATX3.1,
12548,1919,fan_size,135,mm
12549,1920,wattage,1200,W
12550,1920,efficiency_rating,80PLUS 골드,
12551,1920,modular_type,FULL-MODULAR,
12552,1920,form_factor,ATX,
12553,1920,pcie_connector,"16핀x1,8핀x3",
12554,1920,atx_version,ATX3.1,
12555,1920,fan_size,135,mm
12556,1921,wattage,650,W
12557,1921,efficiency_rating,80PLUS 골드,
12558,1921,modular_type,FULL-MODULAR,
12559,1921,form_factor,ATX,
12560,1921,pcie_connector,"16핀x1,8핀x2",
12561,1921,atx_version,ATX3.1,
12562,1921,fan_size,120,mm
12563,1922,wattage,1000,W
12564,1922,efficiency_rating,80PLUS 골드,
12565,1922,modular_type,FULL-MODULAR,
12566,1922,form_factor,ATX,
12567,1922,pcie_connector,"16핀x1,8핀x3",
12568,1922,atx_version,ATX3.1,
12569,1922,fan_size,135,mm
12570,1923,wattage,1300,W
12571,1923,efficiency_rating,80PLUS 티타늄,
12572,1923,modular_type,FULL-MODULAR,
12573,1923,form_factor,ATX,
12574,1923,pcie_connector,"16핀x1,8핀x6",
12575,1923,atx_version,ATX3.1,
12576,1923,fan_size,135,mm
12577,1924,wattage,750,W
12578,1924,efficiency_rating,80PLUS 골드,
12579,1924,modular_type,FULL-MODULAR,
12580,1924,form_factor,ATX,
12581,1924,pcie_connector,"16핀x1,8핀x2",
12582,1924,atx_version,ATX3.1,
12583,1924,fan_size,120,mm
12584,1925,wattage,850,W
12585,1925,efficiency_rating,80PLUS 골드,
12586,1925,modular_type,FULL-MODULAR,
12587,1925,form_factor,ATX,
12588,1925,pcie_connector,"16핀x1,8핀x3",
12589,1925,atx_version,ATX3.1,
12590,1925,fan_size,120,mm
12591,1926,wattage,1600,W
12592,1926,efficiency_rating,80PLUS 티타늄,
12593,1926,modular_type,FULL-MODULAR,
12594,1926,form_factor,ATX,
12595,1926,pcie_connector,"16핀x2,8핀x6",
12596,1926,atx_version,ATX3.1,
12597,1926,fan_size,135,mm
12598,1927,wattage,850,W
12599,1927,efficiency_rating,80PLUS 골드,
12600,1927,modular_type,FULL-MODULAR,
12601,1927,form_factor,ATX,
12602,1927,pcie_connector,"16핀x1,8핀x3",
12603,1927,atx_version,ATX3.1,
12604,1927,fan_size,135,mm
12605,1928,wattage,1600,W
12606,1928,efficiency_rating,80PLUS 플래티넘,
12607,1928,modular_type,FULL-MODULAR,
12608,1928,form_factor,ATX,
12609,1928,pcie_connector,"16핀x2,8핀x6",
12610,1928,atx_version,ATX3.1,
12611,1928,fan_size,135,mm
12612,1929,wattage,750,W
12613,1929,efficiency_rating,80PLUS 골드,
12614,1929,modular_type,FULL-MODULAR,
12615,1929,form_factor,ATX,
12616,1929,pcie_connector,"16핀x1,8핀x2",
12617,1929,atx_version,ATX3.1,
12618,1929,fan_size,135,mm
12619,1930,wattage,2200,W
12620,1930,efficiency_rating,80PLUS 플래티넘,
12621,1930,modular_type,FULL-MODULAR,
12622,1930,form_factor,ATX,
12623,1930,pcie_connector,"16핀x4,8핀x4",
12624,1930,atx_version,ATX,
12625,1930,fan_size,135,mm
12626,1931,wattage,850,W
12627,1931,efficiency_rating,80PLUS 골드,
12628,1931,modular_type,FULL-MODULAR,
12629,1931,form_factor,ATX,
12630,1931,pcie_connector,"16핀x1,8핀x3",
12631,1931,atx_version,ATX3.1,
12632,1931,fan_size,120,mm
12633,1932,wattage,750,W
12634,1932,efficiency_rating,80PLUS 골드,
12635,1932,modular_type,FULL-MODULAR,
12636,1932,form_factor,ATX,
12637,1932,pcie_connector,"16핀x1,8핀x2",
12638,1932,atx_version,ATX3.1,
12639,1932,fan_size,120,mm
12640,1933,wattage,1300,W
12641,1933,efficiency_rating,80PLUS 티타늄,
12642,1933,modular_type,FULL-MODULAR,
12643,1933,form_factor,ATX,
12644,1933,pcie_connector,"16핀x1,8핀x6",
12645,1933,atx_version,ATX3.0,
12646,1933,fan_size,135,mm
12647,1934,wattage,850,W
12648,1934,efficiency_rating,80PLUS 골드,
12649,1934,modular_type,SEMI-MODULAR,
12650,1934,form_factor,ATX,
12651,1934,pcie_connector,8핀x6,
12652,1934,atx_version,ATX,
12653,1934,fan_size,120,mm
12654,1935,wattage,850,W
12655,1935,efficiency_rating,80PLUS 브론즈,
12656,1935,form_factor,ATX,
12657,1935,pcie_connector,8핀x3,
12658,1935,atx_version,ATX,
12659,1935,fan_size,120,mm
12660,1936,wattage,850,W
12661,1936,efficiency_rating,80PLUS 골드,
12662,1936,modular_type,FULL-MODULAR,
12663,1936,form_factor,ATX,
12664,1936,pcie_connector,8핀x6,
12665,1936,atx_version,ATX,
12666,1936,fan_size,120,mm
12667,1937,wattage,750,W
12668,1937,efficiency_rating,80PLUS 골드,
12669,1937,modular_type,SEMI-MODULAR,
12670,1937,form_factor,ATX,
12671,1937,pcie_connector,8핀x4,
12672,1937,atx_version,ATX,
12673,1937,fan_size,120,mm
12674,1938,wattage,750,W
12675,1938,efficiency_rating,80PLUS 브론즈,
12676,1938,modular_type,SEMI-MODULAR,
12677,1938,form_factor,ATX,
12678,1938,pcie_connector,8핀x3,
12679,1938,atx_version,ATX,
12680,1938,fan_size,120,mm
12681,1939,wattage,1600,W
12682,1939,efficiency_rating,80PLUS 플래티넘,
12683,1939,modular_type,FULL-MODULAR,
12684,1939,form_factor,ATX,
12685,1939,pcie_connector,"16핀x2,8핀x8",
12686,1939,atx_version,ATX,
12687,1939,fan_size,135,mm
12688,1940,wattage,750,W
12689,1940,efficiency_rating,80PLUS 골드,
12690,1940,modular_type,FULL-MODULAR,
12691,1940,form_factor,ATX,
12692,1940,pcie_connector,"16핀x1,8핀x2",
12693,1940,atx_version,ATX3.0,
12694,1940,fan_size,135,mm
12695,1941,wattage,850,W
12696,1941,efficiency_rating,80PLUS 브론즈,
12697,1941,modular_type,SEMI-MODULAR,
12698,1941,form_factor,ATX,
12699,1941,pcie_connector,8핀x3,
12700,1941,atx_version,ATX,
12701,1941,fan_size,120,mm
12702,1942,wattage,850,W
12703,1942,efficiency_rating,80PLUS 골드,
12704,1942,modular_type,FULL-MODULAR,
12705,1942,form_factor,ATX,
12706,1942,pcie_connector,"16핀x1,8핀x3",
12707,1942,atx_version,ATX3.0,
12708,1942,fan_size,135,mm
12709,1943,wattage,600,W
12710,1943,efficiency_rating,80PLUS 브론즈,
12711,1943,form_factor,ATX,
12712,1943,pcie_connector,8핀x2,
12713,1943,atx_version,ATX,
12714,1943,fan_size,80,mm
12715,1944,wattage,500,W
12716,1944,efficiency_rating,80PLUS 브론즈,
12717,1944,form_factor,ATX,
12718,1944,pcie_connector,8핀x2,
12719,1944,atx_version,ATX,
12720,1944,fan_size,80,mm
12721,1945,wattage,850,W
12722,1945,efficiency_rating,80PLUS 골드,
12723,1945,modular_type,FULL-MODULAR,
12724,1945,form_factor,ATX,
12725,1945,pcie_connector,"16핀x1,8핀x3",
12726,1945,atx_version,ATX3.1,
12727,1945,fan_size,140,mm
12728,1946,wattage,750,W
12729,1946,efficiency_rating,80PLUS 브론즈,
12730,1946,form_factor,ATX,
12731,1946,pcie_connector,"16핀x1,8핀x2",
12732,1946,atx_version,ATX3.1,
12733,1946,fan_size,140,mm
12734,1947,wattage,850,W
12735,1947,efficiency_rating,80PLUS 브론즈,
12736,1947,form_factor,ATX,
12737,1947,pcie_connector,"16핀x1,8핀x3",
12738,1947,atx_version,ATX3.1,
12739,1947,fan_size,140,mm
12740,1948,wattage,700,W
12741,1948,form_factor,ATX,
12742,1948,pcie_connector,8핀x2,
12743,1948,atx_version,ATX,
12744,1948,fan_size,120,mm
12745,1949,wattage,850,W
12746,1949,efficiency_rating,80PLUS 골드,
12747,1949,modular_type,FULL-MODULAR,
12748,1949,form_factor,ATX,
12749,1949,pcie_connector,"16핀x1,8핀x3",
12750,1949,atx_version,ATX3.1,
12751,1949,fan_size,140,mm
12752,1950,wattage,650,W
12753,1950,efficiency_rating,80PLUS 브론즈,
12754,1950,form_factor,ATX,
12755,1950,pcie_connector,8핀x2,
12756,1950,atx_version,ATX3.1,
12757,1950,fan_size,140,mm
12758,1951,wattage,1000,W
12759,1951,efficiency_rating,80PLUS 골드,
12760,1951,modular_type,FULL-MODULAR,
12761,1951,form_factor,ATX,
12762,1951,pcie_connector,"16핀x1,8핀x3",
12763,1951,atx_version,ATX3.1,
12764,1951,fan_size,140,mm
12765,1952,wattage,650,W
12766,1952,efficiency_rating,80PLUS 브론즈,
12767,1952,form_factor,ATX,
12768,1952,pcie_connector,8핀x2,
12769,1952,atx_version,ATX3.1,
12770,1952,fan_size,140,mm
12771,1953,wattage,850,W
12772,1953,efficiency_rating,80PLUS 브론즈,
12773,1953,form_factor,ATX,
12774,1953,pcie_connector,"16핀x1,8핀x3",
12775,1953,atx_version,ATX3.1,
12776,1953,fan_size,140,mm
12777,1954,wattage,750,W
12778,1954,efficiency_rating,80PLUS 브론즈,
12779,1954,form_factor,ATX,
12780,1954,pcie_connector,"16핀x1,8핀x2",
12781,1954,atx_version,ATX3.1,
12782,1954,fan_size,140,mm
12783,1955,wattage,1000,W
12784,1955,efficiency_rating,80PLUS 골드,
12785,1955,modular_type,FULL-MODULAR,
12786,1955,form_factor,ATX,
12787,1955,pcie_connector,"16핀x1,8핀x3",
12788,1955,atx_version,ATX3.1,
12789,1955,fan_size,140,mm
12790,1956,wattage,1300,W
12791,1956,efficiency_rating,80PLUS 플래티넘,
12792,1956,modular_type,FULL-MODULAR,
12793,1956,form_factor,ATX,
12794,1956,pcie_connector,"16핀x1,8핀x4",
12795,1956,atx_version,ATX3.1,
12796,1956,fan_size,120,mm
12797,1957,wattage,550,W
12798,1957,form_factor,ATX,
12799,1957,pcie_connector,8핀x1,
12800,1957,atx_version,ATX,
12801,1958,wattage,1000,W
12802,1958,efficiency_rating,80PLUS 플래티넘,
12803,1958,modular_type,FULL-MODULAR,
12804,1958,form_factor,ATX,
12805,1958,pcie_connector,"16핀x1,8핀x4",
12806,1958,atx_version,ATX3.1,
12807,1958,fan_size,120,mm
12808,1959,wattage,1300,W
12809,1959,efficiency_rating,80PLUS 플래티넘,
12810,1959,modular_type,FULL-MODULAR,
12811,1959,form_factor,ATX,
12812,1959,pcie_connector,"16핀x1,8핀x4",
12813,1959,atx_version,ATX3.1,
12814,1959,fan_size,120,mm
12815,1960,wattage,1000,W
12816,1960,efficiency_rating,80PLUS 플래티넘,
12817,1960,modular_type,FULL-MODULAR,
12818,1960,form_factor,ATX,
12819,1960,pcie_connector,"16핀x1,8핀x4",
12820,1960,atx_version,ATX3.1,
12821,1960,fan_size,120,mm
12822,1961,wattage,750,W
12823,1961,form_factor,ATX,
12824,1961,pcie_connector,8핀x2,
12825,1961,atx_version,ATX,
12826,1962,wattage,1200,W
12827,1962,efficiency_rating,80PLUS 골드,
12828,1962,modular_type,FULL-MODULAR,
12829,1962,form_factor,ATX,
12830,1962,pcie_connector,"16핀x1,8핀x4",
12831,1962,atx_version,ATX3.1,
12832,1962,fan_size,140,mm
12833,1963,wattage,650,W
12834,1963,form_factor,ATX,
12835,1963,pcie_connector,8핀x2,
12836,1963,atx_version,ATX,
12837,1964,wattage,850,W
12838,1964,efficiency_rating,80PLUS 골드,
12839,1964,modular_type,FULL-MODULAR,
12840,1964,form_factor,ATX,
12841,1964,pcie_connector,"16핀x1,8핀x3",
12842,1964,atx_version,ATX3.1,
12843,1964,fan_size,120,mm
12844,1965,wattage,600,W
12845,1965,form_factor,ATX,
12846,1965,pcie_connector,8핀x2,
12847,1965,atx_version,ATX,
12848,1965,fan_size,120,mm
12849,1966,wattage,1200,W
12850,1966,efficiency_rating,80PLUS 골드,
12851,1966,modular_type,FULL-MODULAR,
12852,1966,form_factor,ATX,
12853,1966,pcie_connector,"16핀x1,8핀x4",
12854,1966,atx_version,ATX3.1,
12855,1966,fan_size,140,mm
12856,1967,wattage,500,W
12857,1967,form_factor,ATX,
12858,1967,pcie_connector,8핀x1,
12859,1967,atx_version,ATX,
12860,1967,fan_size,120,mm
12861,1968,wattage,600,W
12862,1968,form_factor,ATX,
12863,1968,pcie_connector,8핀x2,
12864,1968,atx_version,ATX,
12865,1968,fan_size,120,mm
12866,1969,wattage,700,W
12867,1969,form_factor,ATX,
12868,1969,pcie_connector,8핀x2,
12869,1969,atx_version,ATX,
12870,1969,fan_size,120,mm
12871,1970,wattage,1300,W
12872,1970,efficiency_rating,80PLUS 플래티넘,
12873,1970,modular_type,FULL-MODULAR,
12874,1970,form_factor,ATX,
12875,1970,pcie_connector,"16핀x1,8핀x4",
12876,1970,atx_version,ATX3.0,
12877,1970,fan_size,120,mm
12878,1971,wattage,1300,W
12879,1971,efficiency_rating,80PLUS 플래티넘,
12880,1971,modular_type,FULL-MODULAR,
12881,1971,form_factor,ATX,
12882,1971,pcie_connector,"16핀x1,8핀x4",
12883,1971,atx_version,ATX3.0,
12884,1971,fan_size,120,mm
12885,1972,wattage,750,W
12886,1972,efficiency_rating,80PLUS 골드,
12887,1972,modular_type,FULL-MODULAR,
12888,1972,form_factor,ATX,
12889,1972,pcie_connector,"16핀x1,8핀x3",
12890,1972,atx_version,ATX3.1,
12891,1972,fan_size,120,mm
12892,1973,wattage,800,W
12893,1973,efficiency_rating,80PLUS 브론즈,
12894,1973,form_factor,ATX,
12895,1973,pcie_connector,"16핀x1,8핀x2",
12896,1973,atx_version,ATX,
12897,1973,fan_size,120,mm
12898,1974,wattage,700,W
12899,1974,efficiency_rating,80PLUS 브론즈,
12900,1974,form_factor,ATX,
12901,1974,pcie_connector,"16핀x1,8핀x2",
12902,1974,atx_version,ATX,
12903,1974,fan_size,120,mm
12904,1975,wattage,500,W
12905,1975,form_factor,ATX,
12906,1975,pcie_connector,8핀x2,
12907,1975,atx_version,ATX,
12908,1975,fan_size,120,mm
12909,1976,wattage,800,W
12910,1976,efficiency_rating,80PLUS 브론즈,
12911,1976,form_factor,ATX,
12912,1976,pcie_connector,"16핀x1,8핀x2",
12913,1976,atx_version,ATX,
12914,1976,fan_size,120,mm
12915,1977,wattage,700,W
12916,1977,efficiency_rating,80PLUS 브론즈,
12917,1977,form_factor,ATX,
12918,1977,pcie_connector,"16핀x1,8핀x2",
12919,1977,atx_version,ATX,
12920,1977,fan_size,120,mm
12921,1978,wattage,750,W
12922,1978,efficiency_rating,80PLUS 골드,
12923,1978,modular_type,FULL-MODULAR,
12924,1978,form_factor,ATX,
12925,1978,pcie_connector,8핀x2,
12926,1978,atx_version,ATX,
12927,1978,fan_size,120,mm
12928,1979,wattage,750,W
12929,1979,efficiency_rating,80PLUS 골드,
12930,1979,modular_type,FULL-MODULAR,
12931,1979,form_factor,ATX,
12932,1979,pcie_connector,8핀x6,
12933,1979,atx_version,ATX,
12934,1979,fan_size,120,mm
12935,1980,wattage,750,W
12936,1980,efficiency_rating,80PLUS 골드,
12937,1980,modular_type,FULL-MODULAR,
12938,1980,form_factor,ATX,
12939,1980,pcie_connector,8핀x2,
12940,1980,atx_version,ATX,
12941,1980,fan_size,120,mm
12942,1981,wattage,1000,W
12943,1981,efficiency_rating,80PLUS 플래티넘,
12944,1981,modular_type,FULL-MODULAR,
12945,1981,form_factor,ATX,
12946,1981,pcie_connector,"16핀x1,8핀x4",
12947,1981,atx_version,ATX3.0,
12948,1981,fan_size,120,mm
12949,1982,wattage,750,W
12950,1982,efficiency_rating,80PLUS 골드,
12951,1982,modular_type,FULL-MODULAR,
12952,1982,form_factor,ATX,
12953,1982,pcie_connector,8핀x4,
12954,1982,atx_version,ATX,
12955,1982,fan_size,120,mm
12956,1983,wattage,1000,W
12957,1983,efficiency_rating,80PLUS PLATINUM,
12958,1983,modular_type,FULL-MODULAR,
12959,1983,form_factor,ATX,
12960,1983,atx_version,ATX3.1,
12961,1984,chipset,RTX 3050,
12962,1984,vram_gb,6,GB
12963,1984,vram_type,GDDR6,
12964,1984,recommended_psu_watt,300,W
12965,1984,length_mm,191,mm
12966,1984,performance_tier,보급,
12967,1985,chipset,RTX 3050,
12968,1985,vram_gb,6,GB
12969,1985,vram_type,GDDR6,
12970,1985,recommended_psu_watt,300,W
12971,1985,length_mm,191,mm
12972,1985,performance_tier,보급,
12973,1986,chipset,RTX 3050,
12974,1986,vram_gb,6,GB
12975,1986,vram_type,GDDR6,
12976,1986,recommended_psu_watt,300,W
12977,1986,length_mm,191,mm
12978,1986,performance_tier,보급,
12979,1987,chipset,RTX 3060,
12980,1987,vram_gb,12,GB
12981,1987,vram_type,GDDR6,
12982,1987,recommended_psu_watt,550,W
12983,1987,length_mm,198,mm
12984,1987,performance_tier,중급,
12985,1988,chipset,RTX 3060,
12986,1988,vram_gb,12,GB
12987,1988,vram_type,GDDR6,
12988,1988,recommended_psu_watt,550,W
12989,1988,length_mm,198,mm
12990,1988,performance_tier,중급,
12991,1989,chipset,RTX 3060,
12992,1989,vram_gb,8,GB
12993,1989,vram_type,GDDR6,
12994,1989,recommended_psu_watt,550,W
12995,1989,length_mm,198,mm
12996,1989,performance_tier,중급,
12997,1990,chipset,RTX 3070,
12998,1990,vram_gb,8,GB
12999,1990,vram_type,GDDR6,
13000,1990,recommended_psu_watt,650,W
13001,1990,length_mm,286,mm
13002,1990,performance_tier,고급,
13003,1991,chipset,RTX 4060 TI,
13004,1991,vram_gb,8,GB
13005,1991,vram_type,GDDR6,
13006,1991,recommended_psu_watt,500,W
13007,1991,length_mm,201,mm
13008,1991,performance_tier,중급,
13009,1992,chipset,RTX 4060 TI,
13010,1992,vram_gb,8,GB
13011,1992,vram_type,GDDR6,
13012,1992,recommended_psu_watt,500,W
13013,1992,length_mm,201,mm
13014,1992,performance_tier,중급,
13015,1993,chipset,RTX 4070 SUPER,
13016,1993,vram_gb,12,GB
13017,1993,vram_type,GDDR6X,
13018,1993,recommended_psu_watt,700,W
13019,1993,length_mm,300,mm
13020,1993,performance_tier,고급,
13021,1994,chipset,RTX 4070 SUPER,
13022,1994,vram_gb,12,GB
13023,1994,vram_type,GDDR6X,
13024,1994,recommended_psu_watt,700,W
13025,1994,length_mm,300,mm
13026,1994,performance_tier,고급,
13027,1995,chipset,RTX 5050,
13028,1995,vram_gb,8,GB
13029,1995,vram_type,GDDR6,
13030,1995,recommended_psu_watt,550,W
13031,1995,length_mm,199,mm
13032,1995,performance_tier,보급,
13033,1996,chipset,RTX 5050,
13034,1996,vram_gb,8,GB
13035,1996,vram_type,GDDR6,
13036,1996,recommended_psu_watt,550,W
13037,1996,length_mm,199,mm
13038,1996,performance_tier,보급,
13039,1997,chipset,RTX 5050,
13040,1997,vram_gb,8,GB
13041,1997,vram_type,GDDR6,
13042,1997,tdp_watt,130,W
13043,1997,recommended_psu_watt,550,W
13044,1997,length_mm,280,mm
13045,1997,performance_tier,보급,
13046,1998,chipset,RTX 5050,
13047,1998,vram_gb,8,GB
13048,1998,vram_type,GDDR6,
13049,1998,recommended_psu_watt,550,W
13050,1998,length_mm,182,mm
13051,1998,performance_tier,보급,
13052,1999,chipset,RTX 5050,
13053,1999,vram_gb,8,GB
13054,1999,vram_type,GDDR6,
13055,1999,tdp_watt,130,W
13056,1999,recommended_psu_watt,550,W
13057,1999,length_mm,280,mm
13058,1999,performance_tier,보급,
13059,2000,chipset,RTX 5060,
13060,2000,vram_gb,8,GB
13061,2000,vram_type,GDDR7,
13062,2000,recommended_psu_watt,550,W
13063,2000,length_mm,281,mm
13064,2000,performance_tier,중급,
13065,2001,chipset,RTX 5060,
13066,2001,vram_gb,8,GB
13067,2001,vram_type,GDDR7,
13068,2001,recommended_psu_watt,550,W
13069,2001,length_mm,199,mm
13070,2001,performance_tier,중급,
13071,2002,chipset,RTX 5060,
13072,2002,vram_gb,8,GB
13073,2002,vram_type,GDDR7,
13074,2002,recommended_psu_watt,450,W
13075,2002,length_mm,199,mm
13076,2002,performance_tier,중급,
13077,2003,chipset,RTX 5060,
13078,2003,vram_gb,8,GB
13079,2003,vram_type,GDDR7,
13080,2003,recommended_psu_watt,450,W
13081,2003,length_mm,199,mm
13082,2003,performance_tier,중급,
13083,2004,chipset,RTX 5060,
13084,2004,vram_gb,8,GB
13085,2004,vram_type,GDDR7,
13086,2004,recommended_psu_watt,550,W
13087,2004,length_mm,281,mm
13088,2004,performance_tier,중급,
13089,2005,chipset,RTX 5060,
13090,2005,vram_gb,8,GB
13091,2005,vram_type,GDDR7,
13092,2005,recommended_psu_watt,550,W
13093,2005,length_mm,281,mm
13094,2005,performance_tier,중급,
13095,2006,chipset,RTX 5060,
13096,2006,vram_gb,8,GB
13097,2006,vram_type,GDDR7,
13098,2006,recommended_psu_watt,550,W
13099,2006,length_mm,281,mm
13100,2006,performance_tier,중급,
13101,2007,chipset,RTX 5060,
13102,2007,vram_gb,8,GB
13103,2007,vram_type,GDDR7,
13104,2007,recommended_psu_watt,550,W
13105,2007,length_mm,329,mm
13106,2007,performance_tier,중급,
13107,2008,chipset,RTX 5060,
13108,2008,vram_gb,8,GB
13109,2008,vram_type,GDDR7,
13110,2008,recommended_psu_watt,550,W
13111,2008,length_mm,182,mm
13112,2008,performance_tier,중급,
13113,2009,chipset,RTX 5060,
13114,2009,vram_gb,8,GB
13115,2009,vram_type,GDDR7,
13116,2009,recommended_psu_watt,550,W
13117,2009,length_mm,208,mm
13118,2009,performance_tier,중급,
13119,2010,chipset,RTX 5060,
13120,2010,vram_gb,8,GB
13121,2010,vram_type,GDDR7,
13122,2010,recommended_psu_watt,450,W
13123,2010,length_mm,281,mm
13124,2010,performance_tier,중급,
13125,2011,chipset,RTX 5060,
13126,2011,vram_gb,8,GB
13127,2011,vram_type,GDDR7,
13128,2011,recommended_psu_watt,450,W
13129,2011,length_mm,208,mm
13130,2011,performance_tier,중급,
13131,2012,chipset,RTX 5060,
13132,2012,vram_gb,8,GB
13133,2012,vram_type,GDDR7,
13134,2012,recommended_psu_watt,450,W
13135,2012,length_mm,208,mm
13136,2012,performance_tier,중급,
13137,2013,chipset,RTX 5060,
13138,2013,vram_gb,8,GB
13139,2013,vram_type,GDDR7,
13140,2013,recommended_psu_watt,450,W
13141,2013,length_mm,199,mm
13142,2013,performance_tier,중급,
13143,2014,chipset,RTX 5060,
13144,2014,vram_gb,8,GB
13145,2014,vram_type,GDDR7,
13146,2014,recommended_psu_watt,450,W
13147,2014,length_mm,281,mm
13148,2014,performance_tier,중급,
13149,2015,chipset,RTX 5060,
13150,2015,vram_gb,8,GB
13151,2015,vram_type,GDDR7,
13152,2015,recommended_psu_watt,550,W
13153,2015,length_mm,208,mm
13154,2015,performance_tier,중급,
13155,2016,chipset,RTX 5060,
13156,2016,vram_gb,8,GB
13157,2016,vram_type,GDDR7,
13158,2016,recommended_psu_watt,550,W
13159,2016,length_mm,329,mm
13160,2016,performance_tier,중급,
13161,2017,chipset,RTX 5060,
13162,2017,vram_gb,8,GB
13163,2017,vram_type,GDDR7,
13164,2017,recommended_psu_watt,550,W
13165,2017,length_mm,281,mm
13166,2017,performance_tier,중급,
13167,2018,chipset,RTX 5060,
13168,2018,vram_gb,8,GB
13169,2018,vram_type,GDDR7,
13170,2018,recommended_psu_watt,450,W
13171,2018,length_mm,199,mm
13172,2018,performance_tier,중급,
13173,2019,chipset,RTX 5060,
13174,2019,vram_gb,8,GB
13175,2019,vram_type,GDDR7,
13176,2019,recommended_psu_watt,550,W
13177,2019,length_mm,281,mm
13178,2019,performance_tier,중급,
13179,2020,chipset,RTX 5060,
13180,2020,vram_gb,8,GB
13181,2020,vram_type,GDDR7,
13182,2020,recommended_psu_watt,450,W
13183,2020,length_mm,182,mm
13184,2020,performance_tier,중급,
13185,2021,chipset,RTX 5060,
13186,2021,vram_gb,8,GB
13187,2021,vram_type,GDDR7,
13188,2021,recommended_psu_watt,550,W
13189,2021,length_mm,329,mm
13190,2021,performance_tier,중급,
13191,2022,chipset,RTX 5060,
13192,2022,vram_gb,8,GB
13193,2022,vram_type,GDDR7,
13194,2022,recommended_psu_watt,550,W
13195,2022,length_mm,199,mm
13196,2022,performance_tier,중급,
13197,2023,chipset,RTX 5060,
13198,2023,vram_gb,8,GB
13199,2023,vram_type,GDDR7,
13200,2023,recommended_psu_watt,550,W
13201,2023,length_mm,199,mm
13202,2023,performance_tier,중급,
13203,2024,chipset,RTX 5060,
13204,2024,vram_gb,8,GB
13205,2024,vram_type,GDDR7,
13206,2024,recommended_psu_watt,450,W
13207,2024,length_mm,199,mm
13208,2024,performance_tier,중급,
13209,2025,chipset,RTX 5060 TI,
13210,2025,vram_gb,16,GB
13211,2025,vram_type,GDDR7,
13212,2025,recommended_psu_watt,650,W
13213,2025,length_mm,208,mm
13214,2025,performance_tier,중급,
13215,2026,chipset,RTX 5060 TI,
13216,2026,vram_gb,8,GB
13217,2026,vram_type,GDDR7,
13218,2026,recommended_psu_watt,650,W
13219,2026,length_mm,208,mm
13220,2026,performance_tier,중급,
13221,2027,chipset,RTX 5060 TI,
13222,2027,vram_gb,8,GB
13223,2027,vram_type,GDDR7,
13224,2027,tdp_watt,180,W
13225,2027,recommended_psu_watt,650,W
13226,2027,length_mm,281,mm
13227,2027,performance_tier,중급,
13228,2028,chipset,RTX 5060 TI,
13229,2028,vram_gb,8,GB
13230,2028,vram_type,GDDR7,
13231,2028,recommended_psu_watt,650,W
13232,2028,length_mm,208,mm
13233,2028,performance_tier,중급,
13234,2029,chipset,RTX 5060 TI,
13235,2029,vram_gb,16,GB
13236,2029,vram_type,GDDR7,
13237,2029,recommended_psu_watt,650,W
13238,2029,length_mm,208,mm
13239,2029,performance_tier,중급,
13240,2030,chipset,RTX 5060 TI,
13241,2030,vram_gb,8,GB
13242,2030,vram_type,GDDR7,
13243,2030,recommended_psu_watt,650,W
13244,2030,length_mm,281,mm
13245,2030,performance_tier,중급,
13246,2031,chipset,RTX 5060 TI,
13247,2031,vram_gb,8,GB
13248,2031,vram_type,GDDR7,
13249,2031,tdp_watt,180,W
13250,2031,recommended_psu_watt,650,W
13251,2031,length_mm,281,mm
13252,2031,performance_tier,중급,
13253,2032,chipset,RTX 5060 TI,
13254,2032,vram_gb,8,GB
13255,2032,vram_type,GDDR7,
13256,2032,recommended_psu_watt,650,W
13257,2032,length_mm,281,mm
13258,2032,performance_tier,중급,
13259,2033,chipset,RTX 5060 TI,
13260,2033,vram_gb,8,GB
13261,2033,vram_type,GDDR7,
13262,2033,recommended_psu_watt,650,W
13263,2033,length_mm,208,mm
13264,2033,performance_tier,중급,
13265,2034,chipset,RTX 5060 TI,
13266,2034,vram_gb,8,GB
13267,2034,vram_type,GDDR7,
13268,2034,recommended_psu_watt,650,W
13269,2034,length_mm,215,mm
13270,2034,performance_tier,중급,
13271,2035,chipset,RTX 5060 TI,
13272,2035,vram_gb,8,GB
13273,2035,vram_type,GDDR7,
13274,2035,recommended_psu_watt,650,W
13275,2035,length_mm,215,mm
13276,2035,performance_tier,중급,
13277,2036,chipset,RTX 5060 TI,
13278,2036,vram_gb,8,GB
13279,2036,vram_type,GDDR7,
13280,2036,recommended_psu_watt,650,W
13281,2036,length_mm,281,mm
13282,2036,performance_tier,중급,
13283,2037,chipset,RTX 5060 TI,
13284,2037,vram_gb,16,GB
13285,2037,vram_type,GDDR7,
13286,2037,recommended_psu_watt,650,W
13287,2037,length_mm,281,mm
13288,2037,performance_tier,중급,
13289,2038,chipset,RTX 5060 TI,
13290,2038,vram_gb,8,GB
13291,2038,vram_type,GDDR7,
13292,2038,recommended_psu_watt,650,W
13293,2038,length_mm,208,mm
13294,2038,performance_tier,중급,
13295,2039,chipset,RTX 5060 TI,
13296,2039,vram_gb,8,GB
13297,2039,vram_type,GDDR7,
13298,2039,recommended_psu_watt,650,W
13299,2039,length_mm,215,mm
13300,2039,performance_tier,중급,
13301,2040,chipset,RTX 5060 TI,
13302,2040,vram_gb,8,GB
13303,2040,vram_type,GDDR7,
13304,2040,recommended_psu_watt,650,W
13305,2040,length_mm,281,mm
13306,2040,performance_tier,중급,
13307,2041,chipset,RTX 5060 TI,
13308,2041,vram_gb,8,GB
13309,2041,vram_type,GDDR7,
13310,2041,recommended_psu_watt,650,W
13311,2041,length_mm,215,mm
13312,2041,performance_tier,중급,
13313,2042,chipset,RTX 5060 TI,
13314,2042,vram_gb,8,GB
13315,2042,vram_type,GDDR7,
13316,2042,recommended_psu_watt,650,W
13317,2042,length_mm,208,mm
13318,2042,performance_tier,중급,
13319,2043,chipset,RTX 5060 TI,
13320,2043,vram_gb,8,GB
13321,2043,vram_type,GDDR7,
13322,2043,recommended_psu_watt,650,W
13323,2043,length_mm,208,mm
13324,2043,performance_tier,중급,
13325,2044,chipset,RTX 5060 TI,
13326,2044,vram_gb,16,GB
13327,2044,vram_type,GDDR7,
13328,2044,tdp_watt,180,W
13329,2044,recommended_psu_watt,650,W
13330,2044,length_mm,281,mm
13331,2044,performance_tier,중급,
13332,2045,chipset,RTX 5070,
13333,2045,vram_gb,12,GB
13334,2045,vram_type,GDDR7,
13335,2045,recommended_psu_watt,750,W
13336,2045,length_mm,324,mm
13337,2045,performance_tier,고급,
13338,2046,chipset,RTX 5070,
13339,2046,vram_gb,12,GB
13340,2046,vram_type,GDDR7,
13341,2046,recommended_psu_watt,750,W
13342,2046,length_mm,327,mm
13343,2046,performance_tier,고급,
13344,2047,chipset,RTX 5070,
13345,2047,vram_gb,12,GB
13346,2047,vram_type,GDDR7,
13347,2047,recommended_psu_watt,750,W
13348,2047,length_mm,324,mm
13349,2047,performance_tier,고급,
13350,2048,chipset,RTX 5070,
13351,2048,vram_gb,12,GB
13352,2048,vram_type,GDDR7,
13353,2048,recommended_psu_watt,750,W
13354,2048,length_mm,290,mm
13355,2048,performance_tier,고급,
13356,2049,chipset,RTX 5070,
13357,2049,vram_gb,12,GB
13358,2049,vram_type,GDDR7,
13359,2049,recommended_psu_watt,750,W
13360,2049,length_mm,282,mm
13361,2049,performance_tier,고급,
13362,2050,chipset,RTX 5070,
13363,2050,vram_gb,12,GB
13364,2050,vram_type,GDDR7,
13365,2050,recommended_psu_watt,750,W
13366,2050,length_mm,282,mm
13367,2050,performance_tier,고급,
13368,2051,chipset,RTX 5070,
13369,2051,vram_gb,12,GB
13370,2051,vram_type,GDDR7,
13371,2051,recommended_psu_watt,750,W
13372,2051,length_mm,290,mm
13373,2051,performance_tier,고급,
13374,2052,chipset,RTX 5070,
13375,2052,vram_gb,12,GB
13376,2052,vram_type,GDDR7,
13377,2052,recommended_psu_watt,750,W
13378,2052,length_mm,327,mm
13379,2052,performance_tier,고급,
13380,2053,chipset,RTX 5070,
13381,2053,vram_gb,12,GB
13382,2053,vram_type,GDDR7,
13383,2053,recommended_psu_watt,750,W
13384,2053,length_mm,317,mm
13385,2053,performance_tier,고급,
13386,2054,chipset,RTX 5070,
13387,2054,vram_gb,12,GB
13388,2054,vram_type,GDDR7,
13389,2054,recommended_psu_watt,750,W
13390,2054,length_mm,290,mm
13391,2054,performance_tier,고급,
13392,2055,chipset,RTX 5070,
13393,2055,vram_gb,12,GB
13394,2055,vram_type,GDDR7,
13395,2055,recommended_psu_watt,750,W
13396,2055,length_mm,290,mm
13397,2055,performance_tier,고급,
13398,2056,chipset,RTX 5070,
13399,2056,vram_gb,12,GB
13400,2056,vram_type,GDDR7,
13401,2056,recommended_psu_watt,750,W
13402,2056,length_mm,317,mm
13403,2056,performance_tier,고급,
13404,2057,chipset,RTX 5070,
13405,2057,vram_gb,12,GB
13406,2057,vram_type,GDDR7,
13407,2057,recommended_psu_watt,750,W
13408,2057,length_mm,309,mm
13409,2057,performance_tier,고급,
13410,2058,chipset,RTX 5070,
13411,2058,vram_gb,12,GB
13412,2058,vram_type,GDDR7,
13413,2058,recommended_psu_watt,750,W
13414,2058,length_mm,309,mm
13415,2058,performance_tier,고급,
13416,2059,chipset,RTX 5070 TI,
13417,2059,vram_gb,16,GB
13418,2059,vram_type,GDDR7,
13419,2059,recommended_psu_watt,750,W
13420,2059,length_mm,304,mm
13421,2059,performance_tier,고급,
13422,2060,chipset,RTX 5070 TI,
13423,2060,vram_gb,16,GB
13424,2060,vram_type,GDDR7,
13425,2060,recommended_psu_watt,750,W
13426,2060,length_mm,340,mm
13427,2060,performance_tier,고급,
13428,2061,chipset,RTX 5070 TI,
13429,2061,vram_gb,16,GB
13430,2061,vram_type,GDDR7,
13431,2061,recommended_psu_watt,750,W
13432,2061,length_mm,304,mm
13433,2061,performance_tier,고급,
13434,2062,chipset,RTX 5070 TI,
13435,2062,vram_gb,16,GB
13436,2062,vram_type,GDDR7,
13437,2062,recommended_psu_watt,750,W
13438,2062,length_mm,304,mm
13439,2062,performance_tier,고급,
13440,2063,chipset,RTX 5070 TI,
13441,2063,vram_gb,16,GB
13442,2063,vram_type,GDDR7,
13443,2063,recommended_psu_watt,750,W
13444,2063,length_mm,340,mm
13445,2063,performance_tier,고급,
13446,2064,chipset,RTX 5070 TI,
13447,2064,vram_gb,16,GB
13448,2064,vram_type,GDDR7,
13449,2064,recommended_psu_watt,750,W
13450,2064,length_mm,340,mm
13451,2064,performance_tier,고급,
13452,2065,chipset,RTX 5070 TI,
13453,2065,vram_gb,16,GB
13454,2065,vram_type,GDDR7,
13455,2065,recommended_psu_watt,750,W
13456,2065,length_mm,304,mm
13457,2065,performance_tier,고급,
13458,2066,chipset,RTX 5070 TI,
13459,2066,vram_gb,16,GB
13460,2066,vram_type,GDDR7,
13461,2066,recommended_psu_watt,750,W
13462,2066,length_mm,261,mm
13463,2066,performance_tier,고급,
13464,2067,chipset,RTX 5070 TI,
13465,2067,vram_gb,16,GB
13466,2067,vram_type,GDDR7,
13467,2067,recommended_psu_watt,750,W
13468,2067,length_mm,304,mm
13469,2067,performance_tier,고급,
13470,2068,chipset,RTX 5070 TI,
13471,2068,vram_gb,16,GB
13472,2068,vram_type,GDDR7,
13473,2068,recommended_psu_watt,750,W
13474,2068,length_mm,330,mm
13475,2068,performance_tier,고급,
13476,2069,chipset,RTX 5070 TI,
13477,2069,vram_gb,16,GB
13478,2069,vram_type,GDDR7,
13479,2069,recommended_psu_watt,750,W
13480,2069,length_mm,340,mm
13481,2069,performance_tier,고급,
13482,2070,chipset,RTX 5070 TI,
13483,2070,vram_gb,16,GB
13484,2070,vram_type,GDDR7,
13485,2070,recommended_psu_watt,750,W
13486,2070,length_mm,304,mm
13487,2070,performance_tier,고급,
13488,2071,chipset,RTX 5070 TI,
13489,2071,vram_gb,16,GB
13490,2071,vram_type,GDDR7,
13491,2071,recommended_psu_watt,750,W
13492,2071,length_mm,330,mm
13493,2071,performance_tier,고급,
13494,2072,chipset,RTX 5070 TI,
13495,2072,vram_gb,16,GB
13496,2072,vram_type,GDDR7,
13497,2072,recommended_psu_watt,750,W
13498,2072,length_mm,261,mm
13499,2072,performance_tier,고급,
13500,2073,chipset,RTX 5070 TI,
13501,2073,vram_gb,16,GB
13502,2073,vram_type,GDDR7,
13503,2073,recommended_psu_watt,750,W
13504,2073,length_mm,360,mm
13505,2073,performance_tier,고급,
13506,2074,chipset,RTX 5080,
13507,2074,vram_gb,16,GB
13508,2074,vram_type,GDDR7,
13509,2074,recommended_psu_watt,850,W
13510,2074,length_mm,340,mm
13511,2074,performance_tier,최상급,
13512,2075,chipset,RTX 5080,
13513,2075,vram_gb,16,GB
13514,2075,vram_type,GDDR7,
13515,2075,recommended_psu_watt,850,W
13516,2075,length_mm,360,mm
13517,2075,performance_tier,최상급,
13518,2076,chipset,RTX 5080,
13519,2076,vram_gb,16,GB
13520,2076,vram_type,GDDR7,
13521,2076,recommended_psu_watt,850,W
13522,2076,length_mm,304,mm
13523,2076,performance_tier,최상급,
13524,2077,chipset,RTX 5080,
13525,2077,vram_gb,16,GB
13526,2077,vram_type,GDDR7,
13527,2077,recommended_psu_watt,850,W
13528,2077,length_mm,304,mm
13529,2077,performance_tier,최상급,
13530,2078,chipset,RTX 5080,
13531,2078,vram_gb,16,GB
13532,2078,vram_type,GDDR7,
13533,2078,recommended_psu_watt,850,W
13534,2078,length_mm,360,mm
13535,2078,performance_tier,최상급,
13536,2079,chipset,RTX 5080,
13537,2079,vram_gb,16,GB
13538,2079,vram_type,GDDR7,
13539,2079,recommended_psu_watt,850,W
13540,2079,length_mm,360,mm
13541,2079,performance_tier,최상급,
13542,2080,chipset,RTX 5080,
13543,2080,vram_gb,16,GB
13544,2080,vram_type,GDDR7,
13545,2080,recommended_psu_watt,850,W
13546,2080,length_mm,360,mm
13547,2080,performance_tier,최상급,
13548,2081,chipset,RTX 5080,
13549,2081,vram_gb,16,GB
13550,2081,vram_type,GDDR7,
13551,2081,recommended_psu_watt,850,W
13552,2081,length_mm,340,mm
13553,2081,performance_tier,최상급,
13554,2082,chipset,RTX 5080,
13555,2082,vram_gb,16,GB
13556,2082,vram_type,GDDR7,
13557,2082,recommended_psu_watt,850,W
13558,2082,length_mm,304,mm
13559,2082,performance_tier,최상급,
13560,2083,chipset,RTX 5080,
13561,2083,vram_gb,16,GB
13562,2083,vram_type,GDDR7,
13563,2083,recommended_psu_watt,850,W
13564,2083,length_mm,330,mm
13565,2083,performance_tier,최상급,
13566,2084,chipset,RTX 5080,
13567,2084,vram_gb,16,GB
13568,2084,vram_type,GDDR7,
13569,2084,recommended_psu_watt,850,W
13570,2084,length_mm,304,mm
13571,2084,performance_tier,최상급,
13572,2085,chipset,RTX 5080,
13573,2085,vram_gb,16,GB
13574,2085,vram_type,GDDR7,
13575,2085,recommended_psu_watt,850,W
13576,2085,length_mm,330,mm
13577,2085,performance_tier,최상급,
13578,2086,chipset,RTX 5080,
13579,2086,vram_gb,16,GB
13580,2086,vram_type,GDDR7,
13581,2086,recommended_psu_watt,850,W
13582,2086,length_mm,330,mm
13583,2086,performance_tier,최상급,
13584,2087,chipset,RTX 5080,
13585,2087,vram_gb,16,GB
13586,2087,vram_type,GDDR7,
13587,2087,recommended_psu_watt,850,W
13588,2087,length_mm,330,mm
13589,2087,performance_tier,최상급,
13590,2088,chipset,RTX 5080,
13591,2088,vram_gb,16,GB
13592,2088,vram_type,GDDR7,
13593,2088,recommended_psu_watt,850,W
13594,2088,length_mm,304,mm
13595,2088,performance_tier,최상급,
13596,2089,chipset,RTX 5080,
13597,2089,vram_gb,16,GB
13598,2089,vram_type,GDDR7,
13599,2089,recommended_psu_watt,850,W
13600,2089,length_mm,220,mm
13601,2089,performance_tier,최상급,
13602,2090,chipset,RTX 5080,
13603,2090,vram_gb,16,GB
13604,2090,vram_type,GDDR7,
13605,2090,recommended_psu_watt,850,W
13606,2090,length_mm,304,mm
13607,2090,performance_tier,최상급,
13608,2091,chipset,RTX 5080,
13609,2091,vram_gb,16,GB
13610,2091,vram_type,GDDR7,
13611,2091,recommended_psu_watt,850,W
13612,2091,length_mm,220,mm
13613,2091,performance_tier,최상급,
13614,2092,chipset,RTX 5090,
13615,2092,vram_gb,32,GB
13616,2092,vram_type,GDDR7,
13617,2092,recommended_psu_watt,1000,W
13618,2092,length_mm,360,mm
13619,2092,performance_tier,최상급,
13620,2093,chipset,RTX 5090,
13621,2093,vram_gb,32,GB
13622,2093,vram_type,GDDR7,
13623,2093,recommended_psu_watt,1000,W
13624,2093,length_mm,342,mm
13625,2093,performance_tier,최상급,
13626,2094,chipset,RTX 5090,
13627,2094,vram_gb,32,GB
13628,2094,vram_type,GDDR7,
13629,2094,recommended_psu_watt,1000,W
13630,2094,length_mm,330,mm
13631,2094,performance_tier,최상급,
13632,2095,chipset,RTX 5090,
13633,2095,vram_gb,32,GB
13634,2095,vram_type,GDDR7,
13635,2095,recommended_psu_watt,1000,W
13636,2095,length_mm,360,mm
13637,2095,performance_tier,최상급,
13638,2096,chipset,RTX 5090,
13639,2096,vram_gb,32,GB
13640,2096,vram_type,GDDR7,
13641,2096,recommended_psu_watt,1000,W
13642,2096,length_mm,360,mm
13643,2096,performance_tier,최상급,
13644,2097,chipset,RTX 5090,
13645,2097,vram_gb,32,GB
13646,2097,vram_type,GDDR7,
13647,2097,recommended_psu_watt,1000,W
13648,2097,length_mm,360,mm
13649,2097,performance_tier,최상급,
13650,2098,chipset,RTX 5090,
13651,2098,vram_gb,32,GB
13652,2098,vram_type,GDDR7,
13653,2098,recommended_psu_watt,1000,W
13654,2098,length_mm,342,mm
13655,2098,performance_tier,최상급,
13656,2099,chipset,RTX 5090,
13657,2099,vram_gb,32,GB
13658,2099,vram_type,GDDR7,
13659,2099,recommended_psu_watt,1000,W
13660,2099,length_mm,246,mm
13661,2099,performance_tier,최상급,
13662,2100,chipset,RTX 5090,
13663,2100,vram_gb,32,GB
13664,2100,vram_type,GDDR7,
13665,2100,recommended_psu_watt,1000,W
13666,2100,length_mm,360,mm
13667,2100,performance_tier,최상급,
13668,2101,chipset,RTX 5090,
13669,2101,vram_gb,32,GB
13670,2101,vram_type,GDDR7,
13671,2101,recommended_psu_watt,1000,W
13672,2101,length_mm,360,mm
13673,2101,performance_tier,최상급,
13674,2102,chipset,RTX 5090,
13675,2102,vram_gb,32,GB
13676,2102,vram_type,GDDR7,
13677,2102,recommended_psu_watt,1000,W
13678,2102,length_mm,330,mm
13679,2102,performance_tier,최상급,
13680,2103,chipset,RTX 5090,
13681,2103,vram_gb,32,GB
13682,2103,vram_type,GDDR7,
13683,2103,recommended_psu_watt,1000,W
13684,2103,length_mm,234,mm
13685,2103,performance_tier,최상급,
13686,2104,chipset,RTX 5090,
13687,2104,vram_gb,32,GB
13688,2104,vram_type,GDDR7,
13689,2104,recommended_psu_watt,1000,W
13690,2104,length_mm,342,mm
13691,2104,performance_tier,최상급,
13692,2105,chipset,RTX 5090,
13693,2105,vram_gb,32,GB
13694,2105,vram_type,GDDR7,
13695,2105,recommended_psu_watt,1000,W
13696,2105,length_mm,342,mm
13697,2105,performance_tier,최상급,
13698,2106,chipset,RX 7600,
13699,2106,vram_gb,8,GB
13700,2106,vram_type,GDDR6,
13701,2106,recommended_psu_watt,550,W
13702,2106,length_mm,282,mm
13703,2106,performance_tier,보급,
13704,2107,chipset,RX 9060 XT,
13705,2107,vram_gb,16,GB
13706,2107,vram_type,GDDR6,
13707,2107,tdp_watt,160,W
13708,2107,recommended_psu_watt,450,W
13709,2107,length_mm,281,mm
13710,2107,performance_tier,중급,
13711,2108,chipset,RX 9060 XT,
13712,2108,vram_gb,16,GB
13713,2108,vram_type,GDDR6,
13714,2108,tdp_watt,160,W
13715,2108,recommended_psu_watt,450,W
13716,2108,length_mm,281,mm
13717,2108,performance_tier,중급,
13718,2109,chipset,RX 9060 XT,
13719,2109,vram_gb,16,GB
13720,2109,vram_type,GDDR6,
13721,2109,tdp_watt,160,W
13722,2109,recommended_psu_watt,450,W
13723,2109,length_mm,281,mm
13724,2109,performance_tier,중급,
13725,2110,chipset,RX 9060 XT,
13726,2110,vram_gb,8,GB
13727,2110,vram_type,GDDR6,
13728,2110,tdp_watt,160,W
13729,2110,recommended_psu_watt,450,W
13730,2110,length_mm,281,mm
13731,2110,performance_tier,중급,
13732,2111,chipset,RX 9060 XT,
13733,2111,vram_gb,8,GB
13734,2111,vram_type,GDDR6,
13735,2111,tdp_watt,160,W
13736,2111,recommended_psu_watt,450,W
13737,2111,length_mm,281,mm
13738,2111,performance_tier,중급,
13739,2112,chipset,RX 9060 XT,
13740,2112,vram_gb,8,GB
13741,2112,vram_type,GDDR6,
13742,2112,tdp_watt,160,W
13743,2112,recommended_psu_watt,450,W
13744,2112,length_mm,281,mm
13745,2112,performance_tier,중급,
13746,2113,chipset,RX 9070,
13747,2113,vram_gb,16,GB
13748,2113,vram_type,GDDR6,
13749,2113,recommended_psu_watt,750,W
13750,2113,length_mm,288,mm
13751,2113,performance_tier,고급,
13752,2114,chipset,RX 9070 GRE,
13753,2114,vram_gb,12,GB
13754,2114,vram_type,GDDR6,
13755,2114,recommended_psu_watt,750,W
13756,2114,length_mm,288,mm
13757,2114,performance_tier,고급,
13758,2115,chipset,RX 9070 GRE,
13759,2115,vram_gb,12,GB
13760,2115,vram_type,GDDR6,
13761,2115,recommended_psu_watt,750,W
13762,2115,length_mm,288,mm
13763,2115,performance_tier,고급,
13764,2116,chipset,RX 9070 XT,
13765,2116,vram_gb,16,GB
13766,2116,vram_type,GDDR6,
13767,2116,recommended_psu_watt,850,W
13768,2116,length_mm,288,mm
13769,2116,performance_tier,고급,
13770,2117,chipset,RX 9070 XT,
13771,2117,vram_gb,16,GB
13772,2117,vram_type,GDDR6,
13773,2117,recommended_psu_watt,850,W
13774,2117,length_mm,288,mm
13775,2117,performance_tier,고급,
13776,2118,chipset,RX 9070 XT,
13777,2118,vram_gb,16,GB
13778,2118,vram_type,GDDR6,
13779,2118,recommended_psu_watt,850,W
13780,2118,length_mm,288,mm
13781,2118,performance_tier,고급,
13782,2119,chipset,RX 9070 XT,
13783,2119,vram_gb,16,GB
13784,2119,vram_type,GDDR6,
13785,2119,recommended_psu_watt,850,W
13786,2119,length_mm,288,mm
13787,2119,performance_tier,고급,
13788,2120,chipset,RTX 3050,
13789,2120,vram_gb,6,GB
13790,2120,vram_type,GDDR6,
13791,2120,recommended_psu_watt,450,W
13792,2120,length_mm,201,mm
13793,2120,performance_tier,보급,
13794,2121,chipset,RTX 3050,
13795,2121,vram_gb,6,GB
13796,2121,vram_type,GDDR6,
13797,2121,recommended_psu_watt,450,W
13798,2121,length_mm,201,mm
13799,2121,performance_tier,보급,
13800,2122,chipset,RTX 3050,
13801,2122,vram_gb,6,GB
13802,2122,vram_type,GDDR6,
13803,2122,recommended_psu_watt,450,W
13804,2122,length_mm,201,mm
13805,2122,performance_tier,보급,
13806,2123,chipset,RTX 3050,
13807,2123,vram_gb,6,GB
13808,2123,vram_type,GDDR6,
13809,2123,recommended_psu_watt,450,W
13810,2123,length_mm,201,mm
13811,2123,performance_tier,보급,
13812,2124,chipset,RTX 3050,
13813,2124,vram_gb,6,GB
13814,2124,vram_type,GDDR6,
13815,2124,recommended_psu_watt,450,W
13816,2124,length_mm,201,mm
13817,2124,performance_tier,보급,
13818,2125,chipset,RTX 3060,
13819,2125,vram_gb,12,GB
13820,2125,vram_type,GDDR6,
13821,2125,recommended_psu_watt,650,W
13822,2125,length_mm,177,mm
13823,2125,performance_tier,중급,
13824,2126,chipset,RTX 3060 TI,
13825,2126,vram_gb,8,GB
13826,2126,vram_type,GDDR6,
13827,2126,recommended_psu_watt,750,W
13828,2126,length_mm,200,mm
13829,2126,performance_tier,중급,
13830,2127,chipset,RTX 3060 TI,
13831,2127,vram_gb,8,GB
13832,2127,vram_type,GDDR6,
13833,2127,recommended_psu_watt,750,W
13834,2127,length_mm,318.5,mm
13835,2127,performance_tier,중급,
13836,2128,chipset,RTX 3060 TI,
13837,2128,vram_gb,8,GB
13838,2128,vram_type,GDDR6,
13839,2128,recommended_psu_watt,750,W
13840,2128,length_mm,301,mm
13841,2128,performance_tier,중급,
13842,2129,chipset,RTX 3080,
13843,2129,vram_gb,10,GB
13844,2129,vram_type,GDDR6X,
13845,2129,recommended_psu_watt,750,W
13846,2129,length_mm,318.5,mm
13847,2129,performance_tier,최상급,
13848,2130,chipset,RTX 5050,
13849,2130,vram_gb,8,GB
13850,2130,vram_type,GDDR6,
13851,2130,tdp_watt,130,W
13852,2130,recommended_psu_watt,550,W
13853,2130,length_mm,203,mm
13854,2130,performance_tier,보급,
13855,2131,chipset,RTX 5050,
13856,2131,vram_gb,8,GB
13857,2131,vram_type,GDDR6,
13858,2131,tdp_watt,130,W
13859,2131,recommended_psu_watt,550,W
13860,2131,length_mm,203,mm
13861,2131,performance_tier,보급,
13862,2132,chipset,RTX 5050,
13863,2132,vram_gb,8,GB
13864,2132,vram_type,GDDR6,
13865,2132,tdp_watt,130,W
13866,2132,recommended_psu_watt,550,W
13867,2132,length_mm,203,mm
13868,2132,performance_tier,보급,
13869,2133,chipset,RTX 5050,
13870,2133,vram_gb,8,GB
13871,2133,vram_type,GDDR6,
13872,2133,tdp_watt,130,W
13873,2133,recommended_psu_watt,550,W
13874,2133,length_mm,203,mm
13875,2133,performance_tier,보급,
13876,2134,chipset,RTX 5060,
13877,2134,vram_gb,8,GB
13878,2134,vram_type,GDDR7,
13879,2134,recommended_psu_watt,550,W
13880,2134,length_mm,228,mm
13881,2134,performance_tier,중급,
13882,2135,chipset,RTX 5060,
13883,2135,vram_gb,8,GB
13884,2135,vram_type,GDDR7,
13885,2135,recommended_psu_watt,550,W
13886,2135,length_mm,225,mm
13887,2135,performance_tier,중급,
13888,2136,chipset,RTX 5060,
13889,2136,vram_gb,8,GB
13890,2136,vram_type,GDDR7,
13891,2136,recommended_psu_watt,550,W
13892,2136,length_mm,228,mm
13893,2136,performance_tier,중급,
13894,2137,chipset,RTX 5060,
13895,2137,vram_gb,8,GB
13896,2137,vram_type,GDDR7,
13897,2137,recommended_psu_watt,550,W
13898,2137,length_mm,228,mm
13899,2137,performance_tier,중급,
13900,2138,chipset,RTX 5060,
13901,2138,vram_gb,8,GB
13902,2138,vram_type,GDDR7,
13903,2138,recommended_psu_watt,550,W
13904,2138,length_mm,225,mm
13905,2138,performance_tier,중급,
13906,2139,chipset,RTX 5060,
13907,2139,vram_gb,8,GB
13908,2139,vram_type,GDDR7,
13909,2139,recommended_psu_watt,550,W
13910,2139,length_mm,225,mm
13911,2139,performance_tier,중급,
13912,2140,chipset,RTX 5060,
13913,2140,vram_gb,8,GB
13914,2140,vram_type,GDDR7,
13915,2140,recommended_psu_watt,550,W
13916,2140,length_mm,268.3,mm
13917,2140,performance_tier,중급,
13918,2141,chipset,RTX 5060,
13919,2141,vram_gb,8,GB
13920,2141,vram_type,GDDR7,
13921,2141,recommended_psu_watt,550,W
13922,2141,length_mm,228,mm
13923,2141,performance_tier,중급,
13924,2142,chipset,RTX 5060,
13925,2142,vram_gb,8,GB
13926,2142,vram_type,GDDR7,
13927,2142,recommended_psu_watt,550,W
13928,2142,length_mm,228,mm
13929,2142,performance_tier,중급,
13930,2143,chipset,RTX 5060,
13931,2143,vram_gb,8,GB
13932,2143,vram_type,GDDR7,
13933,2143,recommended_psu_watt,550,W
13934,2143,length_mm,228,mm
13935,2143,performance_tier,중급,
13936,2144,chipset,RTX 5060,
13937,2144,vram_gb,8,GB
13938,2144,vram_type,GDDR7,
13939,2144,recommended_psu_watt,550,W
13940,2144,length_mm,268.3,mm
13941,2144,performance_tier,중급,
13942,2145,chipset,RTX 5060 TI,
13943,2145,vram_gb,8,GB
13944,2145,vram_type,GDDR7,
13945,2145,recommended_psu_watt,550,W
13946,2145,length_mm,229,mm
13947,2145,performance_tier,중급,
13948,2146,chipset,RTX 5060 TI,
13949,2146,vram_gb,8,GB
13950,2146,vram_type,GDDR7,
13951,2146,recommended_psu_watt,550,W
13952,2146,length_mm,269,mm
13953,2146,performance_tier,중급,
13954,2147,chipset,RTX 5060 TI,
13955,2147,vram_gb,16,GB
13956,2147,vram_type,GDDR7,
13957,2147,recommended_psu_watt,550,W
13958,2147,length_mm,229,mm
13959,2147,performance_tier,중급,
13960,2148,chipset,RTX 5060 TI,
13961,2148,vram_gb,8,GB
13962,2148,vram_type,GDDR7,
13963,2148,recommended_psu_watt,550,W
13964,2148,length_mm,229,mm
13965,2148,performance_tier,중급,
13966,2149,chipset,RTX 5060 TI,
13967,2149,vram_gb,16,GB
13968,2149,vram_type,GDDR7,
13969,2149,recommended_psu_watt,550,W
13970,2149,length_mm,229,mm
13971,2149,performance_tier,중급,
13972,2150,chipset,RTX 5060 TI,
13973,2150,vram_gb,8,GB
13974,2150,vram_type,GDDR7,
13975,2150,recommended_psu_watt,550,W
13976,2150,length_mm,302,mm
13977,2150,performance_tier,중급,
13978,2151,chipset,RTX 5060 TI,
13979,2151,vram_gb,8,GB
13980,2151,vram_type,GDDR7,
13981,2151,recommended_psu_watt,550,W
13982,2151,length_mm,229,mm
13983,2151,performance_tier,중급,
13984,2152,chipset,RTX 5060 TI,
13985,2152,vram_gb,8,GB
13986,2152,vram_type,GDDR7,
13987,2152,recommended_psu_watt,550,W
13988,2152,length_mm,229,mm
13989,2152,performance_tier,중급,
13990,2153,chipset,RTX 5060 TI,
13991,2153,vram_gb,16,GB
13992,2153,vram_type,GDDR7,
13993,2153,recommended_psu_watt,550,W
13994,2153,length_mm,229,mm
13995,2153,performance_tier,중급,
13996,2154,chipset,RTX 5060 TI,
13997,2154,vram_gb,8,GB
13998,2154,vram_type,GDDR7,
13999,2154,recommended_psu_watt,550,W
14000,2154,length_mm,304,mm
14001,2154,performance_tier,중급,
14002,2155,chipset,RTX 5060 TI,
14003,2155,vram_gb,8,GB
14004,2155,vram_type,GDDR7,
14005,2155,recommended_psu_watt,550,W
14006,2155,length_mm,304,mm
14007,2155,performance_tier,중급,
14008,2156,chipset,RTX 5060 TI,
14009,2156,vram_gb,8,GB
14010,2156,vram_type,GDDR7,
14011,2156,recommended_psu_watt,550,W
14012,2156,length_mm,269,mm
14013,2156,performance_tier,중급,
14014,2157,chipset,RTX 5070,
14015,2157,vram_gb,12,GB
14016,2157,vram_type,GDDR7,
14017,2157,recommended_psu_watt,750,W
14018,2157,length_mm,249,mm
14019,2157,performance_tier,고급,
14020,2158,chipset,RTX 5070,
14021,2158,vram_gb,12,GB
14022,2158,vram_type,GDDR7,
14023,2158,recommended_psu_watt,750,W
14024,2158,length_mm,304,mm
14025,2158,performance_tier,고급,
14026,2159,chipset,RTX 5070,
14027,2159,vram_gb,12,GB
14028,2159,vram_type,GDDR7,
14029,2159,recommended_psu_watt,750,W
14030,2159,length_mm,305,mm
14031,2159,performance_tier,고급,
14032,2160,chipset,RTX 5070,
14033,2160,vram_gb,12,GB
14034,2160,vram_type,GDDR7,
14035,2160,recommended_psu_watt,750,W
14036,2160,length_mm,304,mm
14037,2160,performance_tier,고급,
14038,2161,chipset,RTX 5070,
14039,2161,vram_gb,12,GB
14040,2161,vram_type,GDDR7,
14041,2161,recommended_psu_watt,750,W
14042,2161,length_mm,304,mm
14043,2161,performance_tier,고급,
14044,2162,chipset,RTX 5070,
14045,2162,vram_gb,12,GB
14046,2162,vram_type,GDDR7,
14047,2162,recommended_psu_watt,750,W
14048,2162,length_mm,249,mm
14049,2162,performance_tier,고급,
14050,2163,chipset,RTX 5070,
14051,2163,vram_gb,12,GB
14052,2163,vram_type,GDDR7,
14053,2163,recommended_psu_watt,750,W
14054,2163,length_mm,304,mm
14055,2163,performance_tier,고급,
14056,2164,chipset,RTX 5070,
14057,2164,vram_gb,12,GB
14058,2164,vram_type,GDDR7,
14059,2164,recommended_psu_watt,750,W
14060,2164,length_mm,304,mm
14061,2164,performance_tier,고급,
14062,2165,chipset,RTX 5070,
14063,2165,vram_gb,12,GB
14064,2165,vram_type,GDDR7,
14065,2165,recommended_psu_watt,750,W
14066,2165,length_mm,249,mm
14067,2165,performance_tier,고급,
14068,2166,chipset,RTX 5070,
14069,2166,vram_gb,12,GB
14070,2166,vram_type,GDDR7,
14071,2166,recommended_psu_watt,750,W
14072,2166,length_mm,304,mm
14073,2166,performance_tier,고급,
14074,2167,chipset,RTX 5070,
14075,2167,vram_gb,12,GB
14076,2167,vram_type,GDDR7,
14077,2167,recommended_psu_watt,750,W
14078,2167,length_mm,305,mm
14079,2167,performance_tier,고급,
14080,2168,chipset,RTX 5070,
14081,2168,vram_gb,12,GB
14082,2168,vram_type,GDDR7,
14083,2168,recommended_psu_watt,750,W
14084,2168,length_mm,329,mm
14085,2168,performance_tier,고급,
14086,2169,chipset,RTX 5070 TI,
14087,2169,vram_gb,16,GB
14088,2169,vram_type,GDDR7,
14089,2169,recommended_psu_watt,750,W
14090,2169,length_mm,304,mm
14091,2169,performance_tier,고급,
14092,2170,chipset,RTX 5070 TI,
14093,2170,vram_gb,16,GB
14094,2170,vram_type,GDDR7,
14095,2170,recommended_psu_watt,750,W
14096,2170,length_mm,304,mm
14097,2170,performance_tier,고급,
14098,2171,chipset,RTX 5070 TI,
14099,2171,vram_gb,16,GB
14100,2171,vram_type,GDDR7,
14101,2171,recommended_psu_watt,750,W
14102,2171,length_mm,304,mm
14103,2171,performance_tier,고급,
14104,2172,chipset,RTX 5070 TI,
14105,2172,vram_gb,16,GB
14106,2172,vram_type,GDDR7,
14107,2172,recommended_psu_watt,750,W
14108,2172,length_mm,304,mm
14109,2172,performance_tier,고급,
14110,2173,chipset,RTX 5070 TI,
14111,2173,vram_gb,16,GB
14112,2173,vram_type,GDDR7,
14113,2173,recommended_psu_watt,750,W
14114,2173,length_mm,304,mm
14115,2173,performance_tier,고급,
14116,2174,chipset,RTX 5070 TI,
14117,2174,vram_gb,16,GB
14118,2174,vram_type,GDDR7,
14119,2174,recommended_psu_watt,850,W
14120,2174,length_mm,332,mm
14121,2174,performance_tier,고급,
14122,2175,chipset,RTX 5070 TI,
14123,2175,vram_gb,16,GB
14124,2175,vram_type,GDDR7,
14125,2175,recommended_psu_watt,850,W
14126,2175,length_mm,329,mm
14127,2175,performance_tier,고급,
14128,2176,chipset,RTX 5080,
14129,2176,vram_gb,16,GB
14130,2176,vram_type,GDDR7,
14131,2176,recommended_psu_watt,850,W
14132,2176,length_mm,357.6,mm
14133,2176,performance_tier,최상급,
14134,2177,chipset,RTX 5080,
14135,2177,vram_gb,16,GB
14136,2177,vram_type,GDDR7,
14137,2177,recommended_psu_watt,850,W
14138,2177,length_mm,304,mm
14139,2177,performance_tier,최상급,
14140,2178,chipset,RTX 5080,
14141,2178,vram_gb,16,GB
14142,2178,vram_type,GDDR7,
14143,2178,recommended_psu_watt,850,W
14144,2178,length_mm,306,mm
14145,2178,performance_tier,최상급,
14146,2179,chipset,RTX 5080,
14147,2179,vram_gb,16,GB
14148,2179,vram_type,GDDR7,
14149,2179,recommended_psu_watt,850,W
14150,2179,length_mm,357.6,mm
14151,2179,performance_tier,최상급,
14152,2180,chipset,RTX 5080,
14153,2180,vram_gb,16,GB
14154,2180,vram_type,GDDR7,
14155,2180,recommended_psu_watt,850,W
14156,2180,length_mm,304,mm
14157,2180,performance_tier,최상급,
14158,2181,chipset,RTX 5080,
14159,2181,vram_gb,16,GB
14160,2181,vram_type,GDDR7,
14161,2181,recommended_psu_watt,850,W
14162,2181,length_mm,304,mm
14163,2181,performance_tier,최상급,
14164,2182,chipset,RTX 5080,
14165,2182,vram_gb,16,GB
14166,2182,vram_type,GDDR7,
14167,2182,recommended_psu_watt,850,W
14168,2182,length_mm,357.6,mm
14169,2182,performance_tier,최상급,
14170,2183,chipset,RTX 5080,
14171,2183,vram_gb,16,GB
14172,2183,vram_type,GDDR7,
14173,2183,recommended_psu_watt,850,W
14174,2183,length_mm,306,mm
14175,2183,performance_tier,최상급,
14176,2184,chipset,RTX 5080,
14177,2184,vram_gb,16,GB
14178,2184,vram_type,GDDR7,
14179,2184,recommended_psu_watt,850,W
14180,2184,length_mm,348,mm
14181,2184,performance_tier,최상급,
14182,2185,chipset,RTX 5080,
14183,2185,vram_gb,16,GB
14184,2185,vram_type,GDDR7,
14185,2185,recommended_psu_watt,850,W
14186,2185,length_mm,348,mm
14187,2185,performance_tier,최상급,
14188,2186,chipset,RTX 5080,
14189,2186,vram_gb,16,GB
14190,2186,vram_type,GDDR7,
14191,2186,recommended_psu_watt,850,W
14192,2186,length_mm,304,mm
14193,2186,performance_tier,최상급,
14194,2187,chipset,RTX 5080,
14195,2187,vram_gb,16,GB
14196,2187,vram_type,GDDR7,
14197,2187,recommended_psu_watt,850,W
14198,2187,length_mm,304,mm
14199,2187,performance_tier,최상급,
14200,2188,chipset,RTX 5080,
14201,2188,vram_gb,16,GB
14202,2188,vram_type,GDDR7,
14203,2188,recommended_psu_watt,850,W
14204,2188,length_mm,306,mm
14205,2188,performance_tier,최상급,
14206,2189,chipset,RTX 5090,
14207,2189,vram_gb,32,GB
14208,2189,vram_type,GDDR7,
14209,2189,recommended_psu_watt,850,W
14210,2189,length_mm,357.6,mm
14211,2189,performance_tier,최상급,
14212,2190,chipset,RTX 5090,
14213,2190,vram_gb,32,GB
14214,2190,vram_type,GDDR7,
14215,2190,recommended_psu_watt,850,W
14216,2190,length_mm,357.6,mm
14217,2190,performance_tier,최상급,
14218,2191,chipset,RTX 5090,
14219,2191,vram_gb,32,GB
14220,2191,vram_type,GDDR7,
14221,2191,recommended_psu_watt,850,W
14222,2191,length_mm,357.6,mm
14223,2191,performance_tier,최상급,
14224,2192,chipset,RTX 5090,
14225,2192,vram_gb,32,GB
14226,2192,vram_type,GDDR7,
14227,2192,recommended_psu_watt,1000,W
14228,2192,length_mm,288.5,mm
14229,2192,performance_tier,최상급,
14230,2193,chipset,RTX 5090,
14231,2193,vram_gb,32,GB
14232,2193,vram_type,GDDR7,
14233,2193,recommended_psu_watt,1000,W
14234,2193,length_mm,357.6,mm
14235,2193,performance_tier,최상급,
14236,2194,chipset,RTX 5090,
14237,2194,vram_gb,32,GB
14238,2194,vram_type,GDDR7,
14239,2194,recommended_psu_watt,1000,W
14240,2194,length_mm,357.6,mm
14241,2194,performance_tier,최상급,
14242,2195,chipset,RTX 5090,
14243,2195,vram_gb,32,GB
14244,2195,vram_type,GDDR7,
14245,2195,recommended_psu_watt,1000,W
14246,2195,length_mm,288.5,mm
14247,2195,performance_tier,최상급,
14248,2196,chipset,RTX 5090,
14249,2196,vram_gb,32,GB
14250,2196,vram_type,GDDR7,
14251,2196,recommended_psu_watt,1000,W
14252,2196,length_mm,348,mm
14253,2196,performance_tier,최상급,
14254,2197,chipset,RTX 5090,
14255,2197,vram_gb,32,GB
14256,2197,vram_type,GDDR7,
14257,2197,recommended_psu_watt,1000,W
14258,2197,length_mm,348,mm
14259,2197,performance_tier,최상급,
14260,2198,chipset,RTX 5090,
14261,2198,vram_gb,32,GB
14262,2198,vram_type,GDDR7,
14263,2198,recommended_psu_watt,850,W
14264,2198,length_mm,357.6,mm
14265,2198,performance_tier,최상급,
14266,2199,chipset,RTX 5090,
14267,2199,vram_gb,32,GB
14268,2199,vram_type,GDDR7,
14269,2199,recommended_psu_watt,1000,W
14270,2199,length_mm,348,mm
14271,2199,performance_tier,최상급,
14272,2200,chipset,RTX 5090,
14273,2200,vram_gb,32,GB
14274,2200,vram_type,GDDR7,
14275,2200,recommended_psu_watt,1000,W
14276,2200,length_mm,348,mm
14277,2200,performance_tier,최상급,
14278,2201,chipset,RTX 5090,
14279,2201,vram_gb,32,GB
14280,2201,vram_type,GDDR7,
14281,2201,recommended_psu_watt,1000,W
14282,2201,length_mm,348,mm
14283,2201,performance_tier,최상급,
14284,2202,chipset,RX 7600,
14285,2202,vram_gb,8,GB
14286,2202,vram_type,GDDR6,
14287,2202,recommended_psu_watt,550,W
14288,2202,length_mm,229,mm
14289,2202,performance_tier,보급,
14290,2203,chipset,RX 9060,
14291,2203,vram_gb,8,GB
14292,2203,vram_type,GDDR6,
14293,2203,tdp_watt,132,W
14294,2203,recommended_psu_watt,550,W
14295,2203,length_mm,202,mm
14296,2203,performance_tier,중급,
14297,2204,chipset,RX 9060,
14298,2204,vram_gb,8,GB
14299,2204,vram_type,GDDR6,
14300,2204,tdp_watt,132,W
14301,2204,recommended_psu_watt,550,W
14302,2204,length_mm,202,mm
14303,2204,performance_tier,중급,
14304,2205,chipset,RX 9060 XT,
14305,2205,vram_gb,16,GB
14306,2205,vram_type,GDDR6,
14307,2205,recommended_psu_watt,550,W
14308,2205,length_mm,202,mm
14309,2205,performance_tier,중급,
14310,2206,chipset,RX 9060 XT,
14311,2206,vram_gb,16,GB
14312,2206,vram_type,GDDR6,
14313,2206,tdp_watt,160,W
14314,2206,recommended_psu_watt,550,W
14315,2206,length_mm,304,mm
14316,2206,performance_tier,중급,
14317,2207,chipset,RX 9060 XT,
14318,2207,vram_gb,8,GB
14319,2207,vram_type,GDDR6,
14320,2207,tdp_watt,160,W
14321,2207,recommended_psu_watt,550,W
14322,2207,length_mm,304,mm
14323,2207,performance_tier,중급,
14324,2208,chipset,RX 9060 XT,
14325,2208,vram_gb,16,GB
14326,2208,vram_type,GDDR6,
14327,2208,tdp_watt,160,W
14328,2208,recommended_psu_watt,550,W
14329,2208,length_mm,304,mm
14330,2208,performance_tier,중급,
14331,2209,chipset,RX 9060 XT,
14332,2209,vram_gb,8,GB
14333,2209,vram_type,GDDR6,
14334,2209,recommended_psu_watt,550,W
14335,2209,length_mm,202,mm
14336,2209,performance_tier,중급,
14337,2210,chipset,RX 9060 XT,
14338,2210,vram_gb,16,GB
14339,2210,vram_type,GDDR6,
14340,2210,recommended_psu_watt,550,W
14341,2210,length_mm,304,mm
14342,2210,performance_tier,중급,
14343,2211,chipset,RX 9070,
14344,2211,vram_gb,16,GB
14345,2211,vram_type,GDDR6,
14346,2211,recommended_psu_watt,650,W
14347,2211,length_mm,304,mm
14348,2211,performance_tier,고급,
14349,2212,chipset,RX 9070 GRE,
14350,2212,vram_gb,12,GB
14351,2212,vram_type,GDDR6,
14352,2212,recommended_psu_watt,650,W
14353,2212,length_mm,304,mm
14354,2212,performance_tier,고급,
14355,2213,chipset,RX 9070 XT,
14356,2213,vram_gb,16,GB
14357,2213,vram_type,GDDR6,
14358,2213,recommended_psu_watt,750,W
14359,2213,length_mm,312,mm
14360,2213,performance_tier,고급,
14361,2214,chipset,RX 9070 XT,
14362,2214,vram_gb,16,GB
14363,2214,vram_type,GDDR6,
14364,2214,recommended_psu_watt,750,W
14365,2214,length_mm,312,mm
14366,2214,performance_tier,고급,
14367,2215,chipset,RX 9070 XT,
14368,2215,vram_gb,16,GB
14369,2215,vram_type,GDDR6,
14370,2215,recommended_psu_watt,750,W
14371,2215,length_mm,312,mm
14372,2215,performance_tier,고급,
14373,2216,chipset,RTX 3050,
14374,2216,vram_gb,6,GB
14375,2216,vram_type,GDDR6,
14376,2216,tdp_watt,70,W
14377,2216,recommended_psu_watt,300,W
14378,2216,length_mm,189,mm
14379,2216,performance_tier,보급,
14380,2217,chipset,RTX 3050,
14381,2217,vram_gb,8,GB
14382,2217,vram_type,GDDR6,
14383,2217,tdp_watt,115,W
14384,2217,recommended_psu_watt,500,W
14385,2217,length_mm,205,mm
14386,2217,performance_tier,보급,
14387,2218,chipset,RTX 3050,
14388,2218,vram_gb,6,GB
14389,2218,vram_type,GDDR6,
14390,2218,tdp_watt,70,W
14391,2218,recommended_psu_watt,300,W
14392,2218,length_mm,189,mm
14393,2218,performance_tier,보급,
14394,2219,chipset,RTX 3060,
14395,2219,vram_gb,12,GB
14396,2219,vram_type,GDDR6,
14397,2219,recommended_psu_watt,550,W
14398,2219,length_mm,235,mm
14399,2219,performance_tier,중급,
14400,2220,chipset,RTX 3060,
14401,2220,vram_gb,12,GB
14402,2220,vram_type,GDDR6,
14403,2220,recommended_psu_watt,550,W
14404,2220,length_mm,235,mm
14405,2220,performance_tier,중급,
14406,2221,chipset,RTX 3060 TI,
14407,2221,vram_gb,8,GB
14408,2221,vram_type,GDDR6X,
14409,2221,recommended_psu_watt,600,W
14410,2221,length_mm,323,mm
14411,2221,performance_tier,중급,
14412,2222,chipset,RTX 3070,
14413,2222,vram_gb,8,GB
14414,2222,vram_type,GDDR6,
14415,2222,recommended_psu_watt,650,W
14416,2222,length_mm,323,mm
14417,2222,performance_tier,고급,
14418,2223,chipset,RTX 4060,
14419,2223,vram_gb,8,GB
14420,2223,vram_type,GDDR6,
14421,2223,tdp_watt,115,W
14422,2223,recommended_psu_watt,550,W
14423,2223,length_mm,199,mm
14424,2223,performance_tier,중급,
14425,2224,chipset,RTX 4070 SUPER,
14426,2224,vram_gb,12,GB
14427,2224,vram_type,GDDR6X,
14428,2224,tdp_watt,245,W
14429,2224,recommended_psu_watt,650,W
14430,2224,length_mm,307,mm
14431,2224,performance_tier,고급,
14432,2225,chipset,RTX 5050,
14433,2225,vram_gb,8,GB
14434,2225,vram_type,GDDR6,
14435,2225,tdp_watt,130,W
14436,2225,recommended_psu_watt,550,W
14437,2225,length_mm,197,mm
14438,2225,performance_tier,보급,
14439,2226,chipset,RTX 5050,
14440,2226,vram_gb,8,GB
14441,2226,vram_type,GDDR6,
14442,2226,tdp_watt,130,W
14443,2226,recommended_psu_watt,550,W
14444,2226,length_mm,197,mm
14445,2226,performance_tier,보급,
14446,2227,chipset,RTX 5060,
14447,2227,vram_gb,8,GB
14448,2227,vram_type,GDDR7,
14449,2227,tdp_watt,145,W
14450,2227,recommended_psu_watt,550,W
14451,2227,length_mm,197,mm
14452,2227,performance_tier,중급,
14453,2228,chipset,RTX 5060,
14454,2228,vram_gb,8,GB
14455,2228,vram_type,GDDR7,
14456,2228,tdp_watt,145,W
14457,2228,recommended_psu_watt,550,W
14458,2228,length_mm,197,mm
14459,2228,performance_tier,중급,
14460,2229,chipset,RTX 5060,
14461,2229,vram_gb,8,GB
14462,2229,vram_type,GDDR7,
14463,2229,tdp_watt,145,W
14464,2229,recommended_psu_watt,550,W
14465,2229,length_mm,197,mm
14466,2229,performance_tier,중급,
14467,2230,chipset,RTX 5060,
14468,2230,vram_gb,8,GB
14469,2230,vram_type,GDDR7,
14470,2230,tdp_watt,155,W
14471,2230,recommended_psu_watt,550,W
14472,2230,length_mm,248,mm
14473,2230,performance_tier,중급,
14474,2231,chipset,RTX 5060 TI,
14475,2231,vram_gb,8,GB
14476,2231,vram_type,GDDR7,
14477,2231,tdp_watt,180,W
14478,2231,recommended_psu_watt,600,W
14479,2231,length_mm,227,mm
14480,2231,performance_tier,중급,
14481,2232,chipset,RTX 5060 TI,
14482,2232,vram_gb,16,GB
14483,2232,vram_type,GDDR7,
14484,2232,tdp_watt,180,W
14485,2232,recommended_psu_watt,600,W
14486,2232,length_mm,227,mm
14487,2232,performance_tier,중급,
14488,2233,chipset,RTX 5060 TI,
14489,2233,vram_gb,16,GB
14490,2233,vram_type,GDDR7,
14491,2233,tdp_watt,180,W
14492,2233,recommended_psu_watt,600,W
14493,2233,length_mm,226,mm
14494,2233,performance_tier,중급,
14495,2234,chipset,RTX 5060 TI,
14496,2234,vram_gb,16,GB
14497,2234,vram_type,GDDR7,
14498,2234,tdp_watt,180,W
14499,2234,recommended_psu_watt,600,W
14500,2234,length_mm,247,mm
14501,2234,performance_tier,중급,
14502,2235,chipset,RTX 5060 TI,
14503,2235,vram_gb,8,GB
14504,2235,vram_type,GDDR7,
14505,2235,tdp_watt,180,W
14506,2235,recommended_psu_watt,600,W
14507,2235,length_mm,226,mm
14508,2235,performance_tier,중급,
14509,2236,chipset,RTX 5060 TI,
14510,2236,vram_gb,8,GB
14511,2236,vram_type,GDDR7,
14512,2236,tdp_watt,180,W
14513,2236,recommended_psu_watt,600,W
14514,2236,length_mm,247,mm
14515,2236,performance_tier,중급,
14516,2237,chipset,RTX 5070,
14517,2237,vram_gb,12,GB
14518,2237,vram_type,GDDR7,
14519,2237,tdp_watt,250,W
14520,2237,recommended_psu_watt,650,W
14521,2237,length_mm,338,mm
14522,2237,performance_tier,고급,
14523,2238,chipset,RTX 5070,
14524,2238,vram_gb,12,GB
14525,2238,vram_type,GDDR7,
14526,2238,tdp_watt,250,W
14527,2238,recommended_psu_watt,650,W
14528,2238,length_mm,236,mm
14529,2238,performance_tier,고급,
14530,2239,chipset,RTX 5070,
14531,2239,vram_gb,12,GB
14532,2239,vram_type,GDDR7,
14533,2239,tdp_watt,250,W
14534,2239,recommended_psu_watt,650,W
14535,2239,length_mm,302,mm
14536,2239,performance_tier,고급,
14537,2240,chipset,RTX 5070,
14538,2240,vram_gb,12,GB
14539,2240,vram_type,GDDR7,
14540,2240,tdp_watt,250,W
14541,2240,recommended_psu_watt,650,W
14542,2240,length_mm,231,mm
14543,2240,performance_tier,고급,
14544,2241,chipset,RTX 5070,
14545,2241,vram_gb,12,GB
14546,2241,vram_type,GDDR7,
14547,2241,tdp_watt,250,W
14548,2241,recommended_psu_watt,650,W
14549,2241,length_mm,338,mm
14550,2241,performance_tier,고급,
14551,2242,chipset,RTX 5070 TI,
14552,2242,vram_gb,16,GB
14553,2242,vram_type,GDDR7,
14554,2242,tdp_watt,300,W
14555,2242,recommended_psu_watt,750,W
14556,2242,length_mm,338,mm
14557,2242,performance_tier,고급,
14558,2243,chipset,RTX 5070 TI,
14559,2243,vram_gb,16,GB
14560,2243,vram_type,GDDR7,
14561,2243,tdp_watt,300,W
14562,2243,recommended_psu_watt,750,W
14563,2243,length_mm,303,mm
14564,2243,performance_tier,고급,
14565,2244,chipset,RTX 5070 TI,
14566,2244,vram_gb,16,GB
14567,2244,vram_type,GDDR7,
14568,2244,tdp_watt,300,W
14569,2244,recommended_psu_watt,750,W
14570,2244,length_mm,338,mm
14571,2244,performance_tier,고급,
14572,2245,chipset,RTX 5070 TI,
14573,2245,vram_gb,16,GB
14574,2245,vram_type,GDDR7,
14575,2245,tdp_watt,300,W
14576,2245,recommended_psu_watt,750,W
14577,2245,length_mm,357,mm
14578,2245,performance_tier,고급,
14579,2246,chipset,RTX 5070 TI,
14580,2246,vram_gb,16,GB
14581,2246,vram_type,GDDR7,
14582,2246,tdp_watt,300,W
14583,2246,recommended_psu_watt,750,W
14584,2246,length_mm,303,mm
14585,2246,performance_tier,고급,
14586,2247,chipset,RTX 5080,
14587,2247,vram_gb,16,GB
14588,2247,vram_type,GDDR7,
14589,2247,tdp_watt,360,W
14590,2247,recommended_psu_watt,850,W
14591,2247,length_mm,357,mm
14592,2247,performance_tier,최상급,
14593,2248,chipset,RTX 5080,
14594,2248,vram_gb,16,GB
14595,2248,vram_type,GDDR7,
14596,2248,tdp_watt,360,W
14597,2248,recommended_psu_watt,850,W
14598,2248,length_mm,303,mm
14599,2248,performance_tier,최상급,
14600,2249,chipset,RTX 5080,
14601,2249,vram_gb,16,GB
14602,2249,vram_type,GDDR7,
14603,2249,tdp_watt,360,W
14604,2249,recommended_psu_watt,850,W
14605,2249,length_mm,338,mm
14606,2249,performance_tier,최상급,
14607,2250,chipset,RTX 5080,
14608,2250,vram_gb,16,GB
14609,2250,vram_type,GDDR7,
14610,2250,tdp_watt,360,W
14611,2250,recommended_psu_watt,850,W
14612,2250,length_mm,303,mm
14613,2250,performance_tier,최상급,
14614,2251,chipset,RTX 5080,
14615,2251,vram_gb,16,GB
14616,2251,vram_type,GDDR7,
14617,2251,tdp_watt,360,W
14618,2251,recommended_psu_watt,850,W
14619,2251,length_mm,319,mm
14620,2251,performance_tier,최상급,
14621,2252,chipset,RTX 5080,
14622,2252,vram_gb,16,GB
14623,2252,vram_type,GDDR7,
14624,2252,tdp_watt,360,W
14625,2252,recommended_psu_watt,850,W
14626,2252,length_mm,338,mm
14627,2252,performance_tier,최상급,
14628,2253,chipset,RTX 5080,
14629,2253,vram_gb,16,GB
14630,2253,vram_type,GDDR7,
14631,2253,tdp_watt,360,W
14632,2253,recommended_psu_watt,850,W
14633,2253,length_mm,303,mm
14634,2253,performance_tier,최상급,
14635,2254,chipset,RTX 5080,
14636,2254,vram_gb,16,GB
14637,2254,vram_type,GDDR7,
14638,2254,tdp_watt,360,W
14639,2254,recommended_psu_watt,850,W
14640,2254,length_mm,303,mm
14641,2254,performance_tier,최상급,
14642,2255,chipset,RTX 5090,
14643,2255,vram_gb,32,GB
14644,2255,vram_type,GDDR7,
14645,2255,tdp_watt,600,W
14646,2255,recommended_psu_watt,1000,W
14647,2255,length_mm,359,mm
14648,2255,performance_tier,최상급,
14649,2256,chipset,RTX 5090,
14650,2256,vram_gb,32,GB
14651,2256,vram_type,GDDR7,
14652,2256,tdp_watt,575,W
14653,2256,recommended_psu_watt,1000,W
14654,2256,length_mm,357,mm
14655,2256,performance_tier,최상급,
14656,2257,chipset,RTX 5090,
14657,2257,vram_gb,32,GB
14658,2257,vram_type,GDDR7,
14659,2257,tdp_watt,575,W
14660,2257,recommended_psu_watt,1000,W
14661,2257,length_mm,359,mm
14662,2257,performance_tier,최상급,
14663,2258,chipset,GTX 1660 SUPER,
14664,2258,vram_gb,6,GB
14665,2258,vram_type,GDDR6,
14666,2258,recommended_psu_watt,450,W
14667,2258,length_mm,214,mm
14668,2258,performance_tier,중급,
14669,2259,chipset,GTX 1660 SUPER,
14670,2259,vram_gb,6,GB
14671,2259,vram_type,GDDR6,
14672,2259,recommended_psu_watt,450,W
14673,2259,length_mm,214,mm
14674,2259,performance_tier,중급,
14675,2260,chipset,RTX 3050,
14676,2260,vram_gb,6,GB
14677,2260,vram_type,GDDR6,
14678,2260,tdp_watt,70,W
14679,2260,recommended_psu_watt,300,W
14680,2260,length_mm,209,mm
14681,2260,performance_tier,보급,
14682,2261,chipset,RTX 3050,
14683,2261,vram_gb,6,GB
14684,2261,vram_type,GDDR6,
14685,2261,tdp_watt,70,W
14686,2261,recommended_psu_watt,300,W
14687,2261,length_mm,209,mm
14688,2261,performance_tier,보급,
14689,2262,chipset,RTX 3050,
14690,2262,vram_gb,6,GB
14691,2262,vram_type,GDDR6,
14692,2262,tdp_watt,70,W
14693,2262,recommended_psu_watt,300,W
14694,2262,length_mm,209,mm
14695,2262,performance_tier,보급,
14696,2263,chipset,RTX 3050,
14697,2263,vram_gb,8,GB
14698,2263,vram_type,GDDR6,
14699,2263,recommended_psu_watt,450,W
14700,2263,length_mm,189,mm
14701,2263,performance_tier,보급,
14702,2264,chipset,RTX 3060,
14703,2264,vram_gb,12,GB
14704,2264,vram_type,GDDR6,
14705,2264,recommended_psu_watt,550,W
14706,2264,length_mm,245,mm
14707,2264,performance_tier,중급,
14708,2265,chipset,RTX 3060 TI,
14709,2265,vram_gb,8,GB
14710,2265,vram_type,GDDR6,
14711,2265,recommended_psu_watt,550,W
14712,2265,length_mm,285,mm
14713,2265,performance_tier,중급,
14714,2266,chipset,RTX 3060 TI,
14715,2266,vram_gb,8,GB
14716,2266,vram_type,GDDR6,
14717,2266,recommended_psu_watt,550,W
14718,2266,length_mm,285,mm
14719,2266,performance_tier,중급,
14720,2267,chipset,RTX 3070 TI,
14721,2267,vram_gb,8,GB
14722,2267,vram_type,GDDR6X,
14723,2267,recommended_psu_watt,750,W
14724,2267,length_mm,238,mm
14725,2267,performance_tier,고급,
14726,2268,chipset,RTX 4060,
14727,2268,vram_gb,8,GB
14728,2268,vram_type,GDDR6,
14729,2268,tdp_watt,115,W
14730,2268,recommended_psu_watt,550,W
14731,2268,length_mm,237,mm
14732,2268,performance_tier,중급,
14733,2269,chipset,RTX 4060,
14734,2269,vram_gb,8,GB
14735,2269,vram_type,GDDR6,
14736,2269,tdp_watt,115,W
14737,2269,recommended_psu_watt,550,W
14738,2269,length_mm,247,mm
14739,2269,performance_tier,중급,
14740,2270,chipset,RTX 4060 TI,
14741,2270,vram_gb,8,GB
14742,2270,vram_type,GDDR6,
14743,2270,tdp_watt,160,W
14744,2270,recommended_psu_watt,550,W
14745,2270,length_mm,237,mm
14746,2270,performance_tier,중급,
14747,2271,chipset,RTX 4070 TI SUPER,
14748,2271,vram_gb,16,GB
14749,2271,vram_type,GDDR6X,
14750,2271,tdp_watt,285,W
14751,2271,recommended_psu_watt,750,W
14752,2271,length_mm,323,mm
14753,2271,performance_tier,고급,
14754,2272,chipset,RTX 4080 SUPER,
14755,2272,vram_gb,16,GB
14756,2272,vram_type,GDDR6X,
14757,2272,tdp_watt,320,W
14758,2272,recommended_psu_watt,850,W
14759,2272,length_mm,315,mm
14760,2272,performance_tier,최상급,
14761,2273,chipset,RTX 4080 SUPER,
14762,2273,vram_gb,16,GB
14763,2273,vram_type,GDDR6X,
14764,2273,tdp_watt,320,W
14765,2273,recommended_psu_watt,850,W
14766,2273,length_mm,336,mm
14767,2273,performance_tier,최상급,
14768,2274,chipset,RTX 5050,
14769,2274,vram_gb,8,GB
14770,2274,vram_type,GDDR6,
14771,2274,tdp_watt,130,W
14772,2274,recommended_psu_watt,550,W
14773,2274,length_mm,225,mm
14774,2274,performance_tier,보급,
14775,2275,chipset,RTX 5050,
14776,2275,vram_gb,8,GB
14777,2275,vram_type,GDDR6,
14778,2275,tdp_watt,130,W
14779,2275,recommended_psu_watt,550,W
14780,2275,length_mm,225,mm
14781,2275,performance_tier,보급,
14782,2276,chipset,RTX 5050,
14783,2276,vram_gb,8,GB
14784,2276,vram_type,GDDR6,
14785,2276,tdp_watt,130,W
14786,2276,recommended_psu_watt,550,W
14787,2276,length_mm,225,mm
14788,2276,performance_tier,보급,
14789,2277,chipset,RTX 5050,
14790,2277,vram_gb,8,GB
14791,2277,vram_type,GDDR6,
14792,2277,tdp_watt,130,W
14793,2277,recommended_psu_watt,550,W
14794,2277,length_mm,225,mm
14795,2277,performance_tier,보급,
14796,2278,chipset,RTX 5050,
14797,2278,vram_gb,8,GB
14798,2278,vram_type,GDDR6,
14799,2278,tdp_watt,130,W
14800,2278,recommended_psu_watt,550,W
14801,2278,length_mm,225,mm
14802,2278,performance_tier,보급,
14803,2279,chipset,RTX 5060,
14804,2279,vram_gb,8,GB
14805,2279,vram_type,GDDR7,
14806,2279,tdp_watt,145,W
14807,2279,recommended_psu_watt,550,W
14808,2279,length_mm,225,mm
14809,2279,performance_tier,중급,
14810,2280,chipset,RTX 5060,
14811,2280,vram_gb,8,GB
14812,2280,vram_type,GDDR7,
14813,2280,tdp_watt,145,W
14814,2280,recommended_psu_watt,550,W
14815,2280,length_mm,225,mm
14816,2280,performance_tier,중급,
14817,2281,chipset,RTX 5060,
14818,2281,vram_gb,8,GB
14819,2281,vram_type,GDDR7,
14820,2281,tdp_watt,145,W
14821,2281,recommended_psu_watt,550,W
14822,2281,length_mm,255,mm
14823,2281,performance_tier,중급,
14824,2282,chipset,RTX 5060,
14825,2282,vram_gb,8,GB
14826,2282,vram_type,GDDR7,
14827,2282,tdp_watt,145,W
14828,2282,recommended_psu_watt,550,W
14829,2282,length_mm,255,mm
14830,2282,performance_tier,중급,
14831,2283,chipset,RTX 5060,
14832,2283,vram_gb,8,GB
14833,2283,vram_type,GDDR7,
14834,2283,tdp_watt,145,W
14835,2283,recommended_psu_watt,550,W
14836,2283,length_mm,184,mm
14837,2283,performance_tier,중급,
14838,2284,chipset,RTX 5060,
14839,2284,vram_gb,8,GB
14840,2284,vram_type,GDDR7,
14841,2284,tdp_watt,145,W
14842,2284,recommended_psu_watt,550,W
14843,2284,length_mm,225,mm
14844,2284,performance_tier,중급,
14845,2285,chipset,RTX 5060,
14846,2285,vram_gb,8,GB
14847,2285,vram_type,GDDR7,
14848,2285,tdp_watt,145,W
14849,2285,recommended_psu_watt,550,W
14850,2285,length_mm,225,mm
14851,2285,performance_tier,중급,
14852,2286,chipset,RTX 5060,
14853,2286,vram_gb,8,GB
14854,2286,vram_type,GDDR7,
14855,2286,tdp_watt,145,W
14856,2286,recommended_psu_watt,550,W
14857,2286,length_mm,225,mm
14858,2286,performance_tier,중급,
14859,2287,chipset,RTX 5060,
14860,2287,vram_gb,8,GB
14861,2287,vram_type,GDDR7,
14862,2287,tdp_watt,145,W
14863,2287,recommended_psu_watt,550,W
14864,2287,length_mm,255,mm
14865,2287,performance_tier,중급,
14866,2288,chipset,RTX 5060,
14867,2288,vram_gb,8,GB
14868,2288,vram_type,GDDR7,
14869,2288,tdp_watt,145,W
14870,2288,recommended_psu_watt,550,W
14871,2288,length_mm,225,mm
14872,2288,performance_tier,중급,
14873,2289,chipset,RTX 5060,
14874,2289,vram_gb,8,GB
14875,2289,vram_type,GDDR7,
14876,2289,tdp_watt,145,W
14877,2289,recommended_psu_watt,550,W
14878,2289,length_mm,255,mm
14879,2289,performance_tier,중급,
14880,2290,chipset,RTX 5060,
14881,2290,vram_gb,8,GB
14882,2290,vram_type,GDDR7,
14883,2290,tdp_watt,145,W
14884,2290,recommended_psu_watt,550,W
14885,2290,length_mm,225,mm
14886,2290,performance_tier,중급,
14887,2291,chipset,RTX 5060,
14888,2291,vram_gb,8,GB
14889,2291,vram_type,GDDR7,
14890,2291,tdp_watt,145,W
14891,2291,recommended_psu_watt,550,W
14892,2291,length_mm,225,mm
14893,2291,performance_tier,중급,
14894,2292,chipset,RTX 5060 TI,
14895,2292,vram_gb,8,GB
14896,2292,vram_type,GDDR7,
14897,2292,tdp_watt,180,W
14898,2292,recommended_psu_watt,600,W
14899,2292,length_mm,255,mm
14900,2292,performance_tier,중급,
14901,2293,chipset,RTX 5060 TI,
14902,2293,vram_gb,8,GB
14903,2293,vram_type,GDDR7,
14904,2293,tdp_watt,180,W
14905,2293,recommended_psu_watt,600,W
14906,2293,length_mm,235,mm
14907,2293,performance_tier,중급,
14908,2294,chipset,RTX 5060 TI,
14909,2294,vram_gb,16,GB
14910,2294,vram_type,GDDR7,
14911,2294,tdp_watt,180,W
14912,2294,recommended_psu_watt,600,W
14913,2294,length_mm,300,mm
14914,2294,performance_tier,중급,
14915,2295,chipset,RTX 5060 TI,
14916,2295,vram_gb,8,GB
14917,2295,vram_type,GDDR7,
14918,2295,tdp_watt,180,W
14919,2295,recommended_psu_watt,600,W
14920,2295,length_mm,255,mm
14921,2295,performance_tier,중급,
14922,2296,chipset,RTX 5060 TI,
14923,2296,vram_gb,16,GB
14924,2296,vram_type,GDDR7,
14925,2296,tdp_watt,180,W
14926,2296,recommended_psu_watt,600,W
14927,2296,length_mm,235,mm
14928,2296,performance_tier,중급,
14929,2297,chipset,RTX 5060 TI,
14930,2297,vram_gb,8,GB
14931,2297,vram_type,GDDR7,
14932,2297,tdp_watt,180,W
14933,2297,recommended_psu_watt,600,W
14934,2297,length_mm,235,mm
14935,2297,performance_tier,중급,
14936,2298,chipset,RTX 5060 TI,
14937,2298,vram_gb,8,GB
14938,2298,vram_type,GDDR7,
14939,2298,tdp_watt,180,W
14940,2298,recommended_psu_watt,600,W
14941,2298,length_mm,235,mm
14942,2298,performance_tier,중급,
14943,2299,chipset,RTX 5060 TI,
14944,2299,vram_gb,8,GB
14945,2299,vram_type,GDDR7,
14946,2299,tdp_watt,180,W
14947,2299,recommended_psu_watt,600,W
14948,2299,length_mm,238,mm
14949,2299,performance_tier,중급,
14950,2300,chipset,RTX 5060 TI,
14951,2300,vram_gb,8,GB
14952,2300,vram_type,GDDR7,
14953,2300,tdp_watt,180,W
14954,2300,recommended_psu_watt,600,W
14955,2300,length_mm,238,mm
14956,2300,performance_tier,중급,
14957,2301,chipset,RTX 5060 TI,
14958,2301,vram_gb,16,GB
14959,2301,vram_type,GDDR7,
14960,2301,tdp_watt,180,W
14961,2301,recommended_psu_watt,600,W
14962,2301,length_mm,300,mm
14963,2301,performance_tier,중급,
14964,2302,chipset,RTX 5070,
14965,2302,vram_gb,12,GB
14966,2302,vram_type,GDDR7,
14967,2302,tdp_watt,250,W
14968,2302,recommended_psu_watt,650,W
14969,2302,length_mm,240,mm
14970,2302,performance_tier,고급,
14971,2303,chipset,RTX 5070,
14972,2303,vram_gb,12,GB
14973,2303,vram_type,GDDR7,
14974,2303,tdp_watt,250,W
14975,2303,recommended_psu_watt,650,W
14976,2303,length_mm,240,mm
14977,2303,performance_tier,고급,
14978,2304,chipset,RTX 5070,
14979,2304,vram_gb,12,GB
14980,2304,vram_type,GDDR7,
14981,2304,tdp_watt,250,W
14982,2304,recommended_psu_watt,650,W
14983,2304,length_mm,322,mm
14984,2304,performance_tier,고급,
14985,2305,chipset,RTX 5070,
14986,2305,vram_gb,12,GB
14987,2305,vram_type,GDDR7,
14988,2305,tdp_watt,250,W
14989,2305,recommended_psu_watt,650,W
14990,2305,length_mm,322,mm
14991,2305,performance_tier,고급,
14992,2306,chipset,RTX 5070 TI,
14993,2306,vram_gb,16,GB
14994,2306,vram_type,GDDR7,
14995,2306,tdp_watt,300,W
14996,2306,recommended_psu_watt,750,W
14997,2306,length_mm,239,mm
14998,2306,performance_tier,고급,
14999,2307,chipset,RTX 5070 TI,
15000,2307,vram_gb,16,GB
15001,2307,vram_type,GDDR7,
15002,2307,tdp_watt,300,W
15003,2307,recommended_psu_watt,750,W
15004,2307,length_mm,239,mm
15005,2307,performance_tier,고급,
15006,2308,chipset,RTX 5070 TI,
15007,2308,vram_gb,16,GB
15008,2308,vram_type,GDDR7,
15009,2308,tdp_watt,300,W
15010,2308,recommended_psu_watt,750,W
15011,2308,length_mm,322,mm
15012,2308,performance_tier,고급,
15013,2309,chipset,RTX 5070 TI,
15014,2309,vram_gb,16,GB
15015,2309,vram_type,GDDR7,
15016,2309,tdp_watt,300,W
15017,2309,recommended_psu_watt,750,W
15018,2309,length_mm,341,mm
15019,2309,performance_tier,고급,
15020,2310,chipset,RTX 5070 TI,
15021,2310,vram_gb,16,GB
15022,2310,vram_type,GDDR7,
15023,2310,tdp_watt,300,W
15024,2310,recommended_psu_watt,750,W
15025,2310,length_mm,341,mm
15026,2310,performance_tier,고급,
15027,2311,chipset,RTX 5070 TI,
15028,2311,vram_gb,16,GB
15029,2311,vram_type,GDDR7,
15030,2311,tdp_watt,300,W
15031,2311,recommended_psu_watt,750,W
15032,2311,length_mm,322,mm
15033,2311,performance_tier,고급,
15034,2312,chipset,RTX 5070 TI,
15035,2312,vram_gb,16,GB
15036,2312,vram_type,GDDR7,
15037,2312,tdp_watt,300,W
15038,2312,recommended_psu_watt,750,W
15039,2312,length_mm,303,mm
15040,2312,performance_tier,고급,
15041,2313,chipset,RTX 5070 TI,
15042,2313,vram_gb,16,GB
15043,2313,vram_type,GDDR7,
15044,2313,tdp_watt,300,W
15045,2313,recommended_psu_watt,750,W
15046,2313,length_mm,341,mm
15047,2313,performance_tier,고급,
15048,2314,chipset,RTX 5070 TI,
15049,2314,vram_gb,16,GB
15050,2314,vram_type,GDDR7,
15051,2314,tdp_watt,300,W
15052,2314,recommended_psu_watt,750,W
15053,2314,length_mm,322,mm
15054,2314,performance_tier,고급,
15055,2315,chipset,RTX 5080,
15056,2315,vram_gb,16,GB
15057,2315,vram_type,GDDR7,
15058,2315,tdp_watt,360,W
15059,2315,recommended_psu_watt,850,W
15060,2315,length_mm,303,mm
15061,2315,performance_tier,최상급,
15062,2316,chipset,RTX 5080,
15063,2316,vram_gb,16,GB
15064,2316,vram_type,GDDR7,
15065,2316,tdp_watt,400,W
15066,2316,recommended_psu_watt,850,W
15067,2316,length_mm,341,mm
15068,2316,performance_tier,최상급,
15069,2317,chipset,RTX 5080,
15070,2317,vram_gb,16,GB
15071,2317,vram_type,GDDR7,
15072,2317,tdp_watt,360,W
15073,2317,recommended_psu_watt,850,W
15074,2317,length_mm,322,mm
15075,2317,performance_tier,최상급,
15076,2318,chipset,RTX 5080,
15077,2318,vram_gb,16,GB
15078,2318,vram_type,GDDR7,
15079,2318,tdp_watt,360,W
15080,2318,recommended_psu_watt,850,W
15081,2318,length_mm,322,mm
15082,2318,performance_tier,최상급,
15083,2319,chipset,RTX 5080,
15084,2319,vram_gb,16,GB
15085,2319,vram_type,GDDR7,
15086,2319,tdp_watt,400,W
15087,2319,recommended_psu_watt,850,W
15088,2319,length_mm,341,mm
15089,2319,performance_tier,최상급,
15090,2320,chipset,RTX 5080,
15091,2320,vram_gb,16,GB
15092,2320,vram_type,GDDR7,
15093,2320,tdp_watt,360,W
15094,2320,recommended_psu_watt,850,W
15095,2320,length_mm,303,mm
15096,2320,performance_tier,최상급,
15097,2321,chipset,RTX 5080,
15098,2321,vram_gb,16,GB
15099,2321,vram_type,GDDR7,
15100,2321,tdp_watt,400,W
15101,2321,recommended_psu_watt,850,W
15102,2321,length_mm,341,mm
15103,2321,performance_tier,최상급,
15104,2322,chipset,RTX 3050,
15105,2322,vram_gb,6,GB
15106,2322,vram_type,GDDR6,
15107,2322,tdp_watt,75,W
15108,2322,recommended_psu_watt,450,W
15109,2322,length_mm,245,mm
15110,2322,performance_tier,보급,
15111,2323,chipset,RTX 3050,
15112,2323,vram_gb,8,GB
15113,2323,vram_type,GDDR6,
15114,2323,recommended_psu_watt,550,W
15115,2323,length_mm,255,mm
15116,2323,performance_tier,보급,
15117,2324,chipset,RTX 3050,
15118,2324,vram_gb,8,GB
15119,2324,vram_type,GDDR6,
15120,2324,recommended_psu_watt,550,W
15121,2324,length_mm,255,mm
15122,2324,performance_tier,보급,
15123,2325,chipset,RTX 3050,
15124,2325,vram_gb,8,GB
15125,2325,vram_type,GDDR6,
15126,2325,tdp_watt,115,W
15127,2325,length_mm,249.1,mm
15128,2325,performance_tier,보급,
15129,2326,chipset,RTX 3050,
15130,2326,vram_gb,6,GB
15131,2326,vram_type,GDDR6,
15132,2326,tdp_watt,75,W
15133,2326,recommended_psu_watt,450,W
15134,2326,length_mm,245,mm
15135,2326,performance_tier,보급,
15136,2327,chipset,RTX 3050,
15137,2327,vram_gb,8,GB
15138,2327,vram_type,GDDR6,
15139,2327,tdp_watt,115,W
15140,2327,length_mm,249.1,mm
15141,2327,performance_tier,보급,
15142,2328,chipset,RTX 3060,
15143,2328,vram_gb,12,GB
15144,2328,vram_type,GDDR6,
15145,2328,tdp_watt,170,W
15146,2328,recommended_psu_watt,550,W
15147,2328,length_mm,253.4,mm
15148,2328,performance_tier,중급,
15149,2329,chipset,RTX 3060,
15150,2329,vram_gb,12,GB
15151,2329,vram_type,GDDR6,
15152,2329,tdp_watt,170,W
15153,2329,recommended_psu_watt,550,W
15154,2329,length_mm,253.4,mm
15155,2329,performance_tier,중급,
15156,2330,chipset,RTX 5050,
15157,2330,vram_gb,8,GB
15158,2330,vram_type,GDDR6,
15159,2330,tdp_watt,140,W
15160,2330,recommended_psu_watt,500,W
15161,2330,length_mm,200,mm
15162,2330,performance_tier,보급,
15163,2331,chipset,RTX 5050,
15164,2331,vram_gb,8,GB
15165,2331,vram_type,GDDR6,
15166,2331,tdp_watt,140,W
15167,2331,recommended_psu_watt,500,W
15168,2331,length_mm,200,mm
15169,2331,performance_tier,보급,
15170,2332,chipset,RTX 5050,
15171,2332,vram_gb,8,GB
15172,2332,vram_type,GDDR6,
15173,2332,tdp_watt,130,W
15174,2332,recommended_psu_watt,500,W
15175,2332,length_mm,231,mm
15176,2332,performance_tier,보급,
15177,2333,chipset,RTX 5050,
15178,2333,vram_gb,8,GB
15179,2333,vram_type,GDDR6,
15180,2333,tdp_watt,130,W
15181,2333,recommended_psu_watt,500,W
15182,2333,length_mm,231,mm
15183,2333,performance_tier,보급,
15184,2334,chipset,RTX 5050,
15185,2334,vram_gb,8,GB
15186,2334,vram_type,GDDR6,
15187,2334,tdp_watt,140,W
15188,2334,recommended_psu_watt,550,W
15189,2334,length_mm,231,mm
15190,2334,performance_tier,보급,
15191,2335,chipset,RTX 5060,
15192,2335,vram_gb,8,GB
15193,2335,vram_type,GDDR7,
15194,2335,tdp_watt,145,W
15195,2335,recommended_psu_watt,550,W
15196,2335,length_mm,200,mm
15197,2335,performance_tier,중급,
15198,2336,chipset,RTX 5060,
15199,2336,vram_gb,8,GB
15200,2336,vram_type,GDDR7,
15201,2336,tdp_watt,145,W
15202,2336,recommended_psu_watt,550,W
15203,2336,length_mm,231,mm
15204,2336,performance_tier,중급,
15205,2337,chipset,RTX 5060,
15206,2337,vram_gb,8,GB
15207,2337,vram_type,GDDR7,
15208,2337,tdp_watt,145,W
15209,2337,recommended_psu_watt,550,W
15210,2337,length_mm,200,mm
15211,2337,performance_tier,중급,
15212,2338,chipset,RTX 5060,
15213,2338,vram_gb,8,GB
15214,2338,vram_type,GDDR7,
15215,2338,tdp_watt,145,W
15216,2338,recommended_psu_watt,550,W
15217,2338,length_mm,300.5,mm
15218,2338,performance_tier,중급,
15219,2339,chipset,RTX 5060,
15220,2339,vram_gb,8,GB
15221,2339,vram_type,GDDR7,
15222,2339,tdp_watt,145,W
15223,2339,recommended_psu_watt,550,W
15224,2339,length_mm,231,mm
15225,2339,performance_tier,중급,
15226,2340,chipset,RTX 5060,
15227,2340,vram_gb,8,GB
15228,2340,vram_type,GDDR7,
15229,2340,tdp_watt,145,W
15230,2340,recommended_psu_watt,550,W
15231,2340,length_mm,231,mm
15232,2340,performance_tier,중급,
15233,2341,chipset,RTX 5060,
15234,2341,vram_gb,8,GB
15235,2341,vram_type,GDDR7,
15236,2341,tdp_watt,145,W
15237,2341,recommended_psu_watt,550,W
15238,2341,length_mm,231,mm
15239,2341,performance_tier,중급,
15240,2342,chipset,RTX 5060,
15241,2342,vram_gb,8,GB
15242,2342,vram_type,GDDR7,
15243,2342,tdp_watt,145,W
15244,2342,recommended_psu_watt,550,W
15245,2342,length_mm,300.5,mm
15246,2342,performance_tier,중급,
15247,2343,chipset,RTX 5060,
15248,2343,vram_gb,8,GB
15249,2343,vram_type,GDDR7,
15250,2343,tdp_watt,145,W
15251,2343,recommended_psu_watt,550,W
15252,2343,length_mm,300.5,mm
15253,2343,performance_tier,중급,
15254,2344,chipset,RTX 5060 TI,
15255,2344,vram_gb,16,GB
15256,2344,vram_type,GDDR7,
15257,2344,tdp_watt,180,W
15258,2344,recommended_psu_watt,600,W
15259,2344,length_mm,231,mm
15260,2344,performance_tier,중급,
15261,2345,chipset,RTX 5060 TI,
15262,2345,vram_gb,16,GB
15263,2345,vram_type,GDDR7,
15264,2345,tdp_watt,180,W
15265,2345,recommended_psu_watt,600,W
15266,2345,length_mm,200,mm
15267,2345,performance_tier,중급,
15268,2346,chipset,RTX 5060 TI,
15269,2346,vram_gb,8,GB
15270,2346,vram_type,GDDR7,
15271,2346,tdp_watt,180,W
15272,2346,recommended_psu_watt,600,W
15273,2346,length_mm,200,mm
15274,2346,performance_tier,중급,
15275,2347,chipset,RTX 5060 TI,
15276,2347,vram_gb,8,GB
15277,2347,vram_type,GDDR7,
15278,2347,tdp_watt,180,W
15279,2347,recommended_psu_watt,600,W
15280,2347,length_mm,200,mm
15281,2347,performance_tier,중급,
15282,2348,chipset,RTX 5060 TI,
15283,2348,vram_gb,8,GB
15284,2348,vram_type,GDDR7,
15285,2348,tdp_watt,180,W
15286,2348,recommended_psu_watt,600,W
15287,2348,length_mm,231,mm
15288,2348,performance_tier,중급,
15289,2349,chipset,RTX 5060 TI,
15290,2349,vram_gb,16,GB
15291,2349,vram_type,GDDR7,
15292,2349,tdp_watt,180,W
15293,2349,recommended_psu_watt,600,W
15294,2349,length_mm,200,mm
15295,2349,performance_tier,중급,
15296,2350,chipset,RTX 5060 TI,
15297,2350,vram_gb,16,GB
15298,2350,vram_type,GDDR7,
15299,2350,tdp_watt,180,W
15300,2350,recommended_psu_watt,600,W
15301,2350,length_mm,231,mm
15302,2350,performance_tier,중급,
15303,2351,chipset,RTX 5060 TI,
15304,2351,vram_gb,16,GB
15305,2351,vram_type,GDDR7,
15306,2351,tdp_watt,180,W
15307,2351,recommended_psu_watt,600,W
15308,2351,length_mm,231,mm
15309,2351,performance_tier,중급,
15310,2352,chipset,RTX 5060 TI,
15311,2352,vram_gb,16,GB
15312,2352,vram_type,GDDR7,
15313,2352,tdp_watt,180,W
15314,2352,recommended_psu_watt,600,W
15315,2352,length_mm,200,mm
15316,2352,performance_tier,중급,
15317,2353,chipset,RTX 5060 TI,
15318,2353,vram_gb,16,GB
15319,2353,vram_type,GDDR7,
15320,2353,tdp_watt,180,W
15321,2353,recommended_psu_watt,600,W
15322,2353,length_mm,231,mm
15323,2353,performance_tier,중급,
15324,2354,chipset,RTX 5060 TI,
15325,2354,vram_gb,16,GB
15326,2354,vram_type,GDDR7,
15327,2354,tdp_watt,180,W
15328,2354,recommended_psu_watt,600,W
15329,2354,length_mm,231,mm
15330,2354,performance_tier,중급,
15331,2355,chipset,RTX 5060 TI,
15332,2355,vram_gb,8,GB
15333,2355,vram_type,GDDR7,
15334,2355,tdp_watt,180,W
15335,2355,recommended_psu_watt,600,W
15336,2355,length_mm,231,mm
15337,2355,performance_tier,중급,
15338,2356,chipset,RTX 5060 TI,
15339,2356,vram_gb,8,GB
15340,2356,vram_type,GDDR7,
15341,2356,tdp_watt,180,W
15342,2356,recommended_psu_watt,600,W
15343,2356,length_mm,231,mm
15344,2356,performance_tier,중급,
15345,2357,chipset,RTX 5060 TI,
15346,2357,vram_gb,8,GB
15347,2357,vram_type,GDDR7,
15348,2357,tdp_watt,180,W
15349,2357,recommended_psu_watt,600,W
15350,2357,length_mm,231,mm
15351,2357,performance_tier,중급,
15352,2358,chipset,RTX 5070,
15353,2358,vram_gb,12,GB
15354,2358,vram_type,GDDR7,
15355,2358,tdp_watt,250,W
15356,2358,recommended_psu_watt,650,W
15357,2358,length_mm,300.5,mm
15358,2358,performance_tier,고급,
15359,2359,chipset,RTX 5070,
15360,2359,vram_gb,12,GB
15361,2359,vram_type,GDDR7,
15362,2359,tdp_watt,250,W
15363,2359,recommended_psu_watt,650,W
15364,2359,length_mm,300,mm
15365,2359,performance_tier,고급,
15366,2360,chipset,RTX 5070,
15367,2360,vram_gb,12,GB
15368,2360,vram_type,GDDR7,
15369,2360,tdp_watt,260,W
15370,2360,recommended_psu_watt,650,W
15371,2360,length_mm,300.5,mm
15372,2360,performance_tier,고급,
15373,2361,chipset,RTX 5070,
15374,2361,vram_gb,12,GB
15375,2361,vram_type,GDDR7,
15376,2361,tdp_watt,250,W
15377,2361,recommended_psu_watt,650,W
15378,2361,length_mm,300.5,mm
15379,2361,performance_tier,고급,
15380,2362,chipset,RTX 5070,
15381,2362,vram_gb,12,GB
15382,2362,vram_type,GDDR7,
15383,2362,tdp_watt,250,W
15384,2362,recommended_psu_watt,650,W
15385,2362,length_mm,300.5,mm
15386,2362,performance_tier,고급,
15387,2363,chipset,RTX 5070,
15388,2363,vram_gb,12,GB
15389,2363,vram_type,GDDR7,
15390,2363,tdp_watt,250,W
15391,2363,recommended_psu_watt,650,W
15392,2363,length_mm,300,mm
15393,2363,performance_tier,고급,
15394,2364,chipset,RTX 5070 TI,
15395,2364,vram_gb,16,GB
15396,2364,vram_type,GDDR7,
15397,2364,tdp_watt,300,W
15398,2364,recommended_psu_watt,750,W
15399,2364,length_mm,300.5,mm
15400,2364,performance_tier,고급,
15401,2365,chipset,RTX 5070 TI,
15402,2365,vram_gb,16,GB
15403,2365,vram_type,GDDR7,
15404,2365,tdp_watt,300,W
15405,2365,recommended_psu_watt,750,W
15406,2365,length_mm,330.6,mm
15407,2365,performance_tier,고급,
15408,2366,chipset,RTX 5070 TI,
15409,2366,vram_gb,16,GB
15410,2366,vram_type,GDDR7,
15411,2366,tdp_watt,300,W
15412,2366,recommended_psu_watt,750,W
15413,2366,length_mm,300.5,mm
15414,2366,performance_tier,고급,
15415,2367,chipset,RTX 5070 TI,
15416,2367,vram_gb,16,GB
15417,2367,vram_type,GDDR7,
15418,2367,tdp_watt,300,W
15419,2367,recommended_psu_watt,750,W
15420,2367,length_mm,310.4,mm
15421,2367,performance_tier,고급,
15422,2368,chipset,RTX 5070 TI,
15423,2368,vram_gb,16,GB
15424,2368,vram_type,GDDR7,
15425,2368,tdp_watt,300,W
15426,2368,recommended_psu_watt,750,W
15427,2368,length_mm,300.5,mm
15428,2368,performance_tier,고급,
15429,2369,chipset,RTX 5070 TI,
15430,2369,vram_gb,16,GB
15431,2369,vram_type,GDDR7,
15432,2369,tdp_watt,300,W
15433,2369,recommended_psu_watt,750,W
15434,2369,length_mm,310.4,mm
15435,2369,performance_tier,고급,
15436,2370,chipset,RTX 5070 TI,
15437,2370,vram_gb,16,GB
15438,2370,vram_type,GDDR7,
15439,2370,tdp_watt,300,W
15440,2370,recommended_psu_watt,750,W
15441,2370,length_mm,300.5,mm
15442,2370,performance_tier,고급,
15443,2371,chipset,RTX 5070 TI,
15444,2371,vram_gb,16,GB
15445,2371,vram_type,GDDR7,
15446,2371,tdp_watt,300,W
15447,2371,recommended_psu_watt,750,W
15448,2371,length_mm,330.6,mm
15449,2371,performance_tier,고급,
15450,2372,chipset,RTX 5070 TI,
15451,2372,vram_gb,16,GB
15452,2372,vram_type,GDDR7,
15453,2372,tdp_watt,300,W
15454,2372,recommended_psu_watt,750,W
15455,2372,length_mm,331,mm
15456,2372,performance_tier,고급,
15457,2373,chipset,RTX 5070 TI,
15458,2373,vram_gb,16,GB
15459,2373,vram_type,GDDR7,
15460,2373,tdp_watt,300,W
15461,2373,recommended_psu_watt,750,W
15462,2373,length_mm,331,mm
15463,2373,performance_tier,고급,
15464,2374,chipset,RTX 5080,
15465,2374,vram_gb,16,GB
15466,2374,vram_type,GDDR7,
15467,2374,tdp_watt,380,W
15468,2374,recommended_psu_watt,850,W
15469,2374,length_mm,331,mm
15470,2374,performance_tier,최상급,
15471,2375,chipset,RTX 5080,
15472,2375,vram_gb,16,GB
15473,2375,vram_type,GDDR7,
15474,2375,tdp_watt,380,W
15475,2375,recommended_psu_watt,850,W
15476,2375,length_mm,331,mm
15477,2375,performance_tier,최상급,
15478,2376,chipset,RTX 5080,
15479,2376,vram_gb,16,GB
15480,2376,vram_type,GDDR7,
15481,2376,tdp_watt,400,W
15482,2376,recommended_psu_watt,850,W
15483,2376,length_mm,360,mm
15484,2376,performance_tier,최상급,
15485,2377,chipset,RTX 5080,
15486,2377,vram_gb,16,GB
15487,2377,vram_type,GDDR7,
15488,2377,tdp_watt,380,W
15489,2377,recommended_psu_watt,850,W
15490,2377,length_mm,331,mm
15491,2377,performance_tier,최상급,
15492,2378,chipset,RTX 5080,
15493,2378,vram_gb,16,GB
15494,2378,vram_type,GDDR7,
15495,2378,tdp_watt,400,W
15496,2378,recommended_psu_watt,850,W
15497,2378,length_mm,360,mm
15498,2378,performance_tier,최상급,
