번호,제조사,제품명,가격,세부스펙,이미지,상품주소
1,MSI,MSI 지포스 RTX 3050 벤투스 2X E OC D6 6GB,"377,370","RTX 3050 / PCIe4.0x16 / 300W 이상 / 가로(길이) : 189mm / 베이스클럭 : 1042 / 부스트클럭 : 1492MHz / 스트림 프로세서 : 2304 / GDDR6 / 출력단자 : HDMI2.1 , DP1.4 / 지원정보 : 8K 지원 , HDCP 지원 / 사용전력 : 70W / 2팬 / 두께 : 42mm",https://img.danuri.io/catalog-image/053/010/071/c8e27636ed75494997136bdcacf22b1a.jpg?shrink=130:130&_v=20261006143908,https://prod.danawa.com/info/?pcode=71010053&cate=112753
2,MSI,MSI 지포스 RTX 3050 벤투스 2X XS OC D6 8GB,"408,490","RTX 3050 / PCIe4.0x16(at x8) / 500W 이상 / 전원 포트 : 6핀 x1 / 가로(길이) : 205mm / 부스트클럭 : 1807MHz / 스트림 프로세서 : 2560 / GDDR6 / 출력단자 : HDMI2.1 , DP1.4 , DVI(듀얼링크) / 지원정보 : 8K 지원 , HDR 지원 , HDCP 2.3 / 사용전력 : 115W / 2팬 / 두께 : 45mm / 제로팬(0-dB기술) / 백플레이트",https://img.danuri.io/catalog-image/384/944/027/7503d70a8ef74d50881a4380f7124cd3.jpg?shrink=130:130&_v=20261006082203,https://prod.danawa.com/info/?pcode=27944384&cate=112753
3,MSI,MSI 지포스 RTX 3050 벤투스 2X OC D6 6GB (중고),"292,000","RTX 3050 / PCIe4.0x16 / 300W 이상 / 가로(길이) : 189mm / 베이스클럭 : 1042 / 부스트클럭 : 1492MHz / 스트림 프로세서 : 2304 / GDDR6 / 출력단자 : HDMI2.1 , DP1.4 / 지원정보 : 8K 지원 , HDCP 지원 / 사용전력 : 70W / 2팬 / 두께 : 42mm / 백플레이트",https://img.danuri.io/catalog-image/099/231/098/c558a576bdd6434cb55c79687e802fc2.jpg?shrink=130:130&_v=20261006080535,https://prod.danawa.com/info/?pcode=98231099&cate=112753
4,MSI,MSI 지포스 RTX 3060 벤투스 2X OC D6 12GB,"538,500","RTX 3060 / PCIe4.0x16 / 550W 이상 / 전원 포트 : 8핀 x1 / 가로(길이) : 235mm / 부스트클럭 : 1807MHz / 스트림 프로세서 : 3584 / GDDR6 / VRAM 대역폭 : 360 GB/s / 출력단자 : HDMI2.1 , DP1.4 / 지원정보 : 8K 지원 , HDR 지원 , HDCP 2.3 / 사용전력 : 최대 170W / 2팬 / 두께 : 42mm / 제로팬(0-dB기술) / 백플레이트 / A/S 3년 / LHR(Lite Hash Rate) 버전",https://img.danuri.io/catalog-image/254/512/013/4ee972b934504924825d049479ebdaf9.jpg?shrink=130:130&_v=20261006105948,https://prod.danawa.com/info/?pcode=13512254&cate=112753
5,MSI,MSI 지포스 RTX 3060 벤투스 2X OC D6 8GB,"472,590","RTX 3060 / PCIe4.0x16 / 550W 이상 / 전원 포트 : 8핀 x1 / 가로(길이) : 235mm / 부스트클럭 : 1807MHz / 스트림 프로세서 : 3584 / GDDR6 / 출력단자 : HDMI2.1 , DP1.4 / 지원정보 : 8K 지원 , HDR 지원 / 사용전력 : 최대 170W / 2팬 / 두께 : 42mm / 제로팬(0-dB기술) / 백플레이트",https://img.danuri.io/catalog-image/782/279/018/1e8b2e9641e1409784a4e8f574bd6ecb.jpg?shrink=130:130&_v=20261006080542,https://prod.danawa.com/info/?pcode=18279782&cate=112753
6,MSI,MSI 지포스 RTX 3060 Ti 게이밍 X 트리오 D6X 8GB 트라이프로져2,"1,087,600","RTX 3060 Ti / PCIe4.0x16 / 600W 이상 / 전원 포트 : 8핀 x2 / 가로(길이) : 323mm / 부스트클럭 : 1845MHz / 스트림 프로세서 : 4864 / GDDR6X / 출력단자 : HDMI2.1 , DP1.4 / 지원정보 : 8K 지원 , HDR 지원 , HDCP 2.3 / 사용전력 : 최대 265W / 3팬 / 두께 : 50~59mm / 제로팬(0-dB기술) / 백플레이트 / LED 라이트 / MYSTIC LIGHT / 그래픽 카드 지지대 포함",https://img.danuri.io/catalog-image/469/373/018/fd337623e793447c875c19877667e633.jpg?shrink=130:130&_v=20261006065039,https://prod.danawa.com/info/?pcode=18373469&cate=112753
7,MSI,MSI 지포스 RTX 3070 게이밍 X 트리오 D6 8GB 트라이프로져2 (해외구매),"990,640","RTX 3070 / PCIe4.0x16 / 650W 이상 / 전원 포트 : 8핀 x2 / 가로(길이) : 323mm / 부스트클럭 : 1830MHz / 스트림 프로세서 : 5888 / GDDR6 / 출력단자 : HDMI2.1 , DP1.4 / 지원정보 : 8K 지원 , HDR 지원 , HDCP 2.3 , HDCP 지원 / 사용전력 : 최대 240W / 3팬 / 두께 : 50~59mm / 제로팬(0-dB기술) / 백플레이트 / LED 라이트 / MYSTIC LIGHT",https://img.danuri.io/catalog-image/602/352/014/8bb17da2c61146029d030a0d10a55bf0.jpg?shrink=130:130&_v=20261006080535,https://prod.danawa.com/info/?pcode=14352602&cate=112753
8,MSI,MSI 지포스 RTX 4060 벤투스 2X 블랙 OC D6 8GB,"2,612,750","RTX 4060 / PCIe4.0x16(at x8) / 550W 이상 / 전원 포트 : 8핀 x1 / 가로(길이) : 199mm / 부스트클럭 : 2490MHz / OC클럭 : 2505MHz / 스트림 프로세서 : 3072 / 최대 AI TOPS : 242(sparsity) / GDDR6 / 출력단자 : HDMI2.1 , DP1.4 / 지원정보 : 8K 지원 , HDR 지원 , HDCP 2.3 / 사용전력 : 115W / 2팬 / 두께 : 41mm / 제로팬(0-dB기술) / 백플레이트",https://img.danuri.io/catalog-image/013/740/020/e1fe71a9fb14441ebe05978ecddab994.jpg?shrink=130:130&_v=20261006080445,https://prod.danawa.com/info/?pcode=20740013&cate=112753
9,MSI,MSI 지포스 RTX 4070 SUPER 게이밍 X 슬림 D6X 12GB 트라이프로져3,"2,612,750","RTX 4070 SUPER / PCIe4.0x16 / 650W 이상 / 전원 포트 : 16핀(12VHPWR) x1 / 가로(길이) : 307mm / 베이스클럭 : 1980 / 부스트클럭 : 2640MHz / OC클럭 : 2655MHz / 스트림 프로세서 : 7168 / 최대 AI TOPS : 568(AI sparsity) / GDDR6X / VRAM 대역폭 : 504 GB/s / 출력단자 : HDMI2.1 , DP1.4 / 지원정보 : 8K 지원 , HDR 지원 , HDCP 2.3 / 사용전력 : 245W / 3팬 / 두께 : 46mm / 제로팬(0-dB기술) / 백플레이트 / DrMOS / LED 라이트 / MYSTIC LIGHT / 구성품 : VGA지지대 , 2x8핀 to 16핀 커넥터",https://img.danuri.io/catalog-image/312/861/032/b78bfc3ef06d46f6ae977ae904e4d563.jpg?shrink=130:130&_v=20261006080445,https://prod.danawa.com/info/?pcode=32861312&cate=112753
10,MSI,MSI 지포스 RTX 5050 벤투스 2X OC D6 8GB,"598,990","RTX 5050 / PCIe5.0x16(at x8) / 550W 이상 / 전원 포트 : 8핀 x1 / 가로(길이) : 197mm / 베이스클럭 : 2317 / 부스트클럭 : 2602MHz / OC클럭 : 2617MHz / 스트림 프로세서 : 2560 / 최대 AI TOPS : 421(FP4) / GDDR6 / 출력단자 : HDMI2.1 , DP2.1 / 지원정보 : 8K 지원 , HDR 지원 , HDCP 2.3 / 사용전력 : 130W / 2팬 / 두께 : 41mm / 제로팬(0-dB기술) / 백플레이트 / DrMOS / AFTERBURNER / A/S 3년",https://img.danuri.io/catalog-image/833/203/094/66680508943f40d0b0c48e8321ba9d2a.jpg?shrink=130:130&_v=20261006080534,https://prod.danawa.com/info/?pcode=94203833&cate=112753
11,MSI,MSI 지포스 RTX 5050 쉐도우 2X OC D6 8GB,"768,990","RTX 5050 / PCIe5.0x16(at x8) / 550W 이상 / 전원 포트 : 8핀 x1 / 가로(길이) : 197mm / 베이스클럭 : 2317 / 부스트클럭 : 2602MHz / OC클럭 : 2617MHz / 스트림 프로세서 : 2560 / 최대 AI TOPS : 421(FP4) / GDDR6 / 출력단자 : HDMI2.1 , DP2.1 / 지원정보 : 8K 지원 , HDR 지원 , HDCP 2.3 / 사용전력 : 130W / 2팬 / 두께 : 40mm / 제로팬(0-dB기술) / 백플레이트 / DrMOS / AFTERBURNER / A/S 3년",https://img.danuri.io/catalog-image/794/203/094/08a822a19b01403c913961a90121d438.jpg?shrink=130:130&_v=20261006115523,https://prod.danawa.com/info/?pcode=94203794&cate=112753
12,MSI,MSI 지포스 RTX 5060 벤투스 2X OC V1 D7 8GB,"678,260","RTX 5060 / PCIe5.0x16(at x8) / 550W 이상 / 전원 포트 : 8핀 x1 / 가로(길이) : 197mm / 베이스클럭 : 2280 / 부스트클럭 : 2527MHz / OC클럭 : 2535MHz / 스트림 프로세서 : 3840 / 최대 AI TOPS : 614(FP4) / GDDR7 / 출력단자 : HDMI2.1 , DP2.1 / 지원정보 : 8K 지원 , HDR 지원 , HDCP 2.3 / 사용전력 : 145W / 2팬 / 두께 : 41mm / 제로팬(0-dB기술) / 백플레이트 / DrMOS",https://img.danuri.io/catalog-image/813/676/122/f0d16b25f2614065af825d82cd7c15f4.jpeg?shrink=130:130&_v=20261006153448,https://prod.danawa.com/info/?pcode=122676813&cate=112753
13,MSI,MSI 지포스 RTX 5060 벤투스 2X OC D7 8GB,"677,960","RTX 5060 / PCIe5.0x16(at x8) / 550W 이상 / 전원 포트 : 8핀 x1 / 가로(길이) : 197mm / 베이스클럭 : 2280 / 부스트클럭 : 2527MHz / OC클럭 : 2535MHz / 스트림 프로세서 : 3840 / 최대 AI TOPS : 614(FP4) / GDDR7 / 출력단자 : HDMI2.1 , DP2.1 / 지원정보 : 8K 지원 , HDR 지원 , HDCP 2.3 / 사용전력 : 145W / 2팬 / 두께 : 41mm / 제로팬(0-dB기술) / 백플레이트 / DrMOS",https://img.danuri.io/catalog-image/033/956/090/163a5e86e0d24d61b934320367a8f85a.jpeg?shrink=130:130&_v=20261006142723,https://prod.danawa.com/info/?pcode=90956033&cate=112753
14,MSI,MSI 지포스 RTX 5060 쉐도우 2X OC D7 8GB,"668,350","RTX 5060 / PCIe5.0x16(at x8) / 550W 이상 / 전원 포트 : 8핀 x1 / 가로(길이) : 197mm / 베이스클럭 : 2280 / 부스트클럭 : 2527MHz / OC클럭 : 2535MHz / 스트림 프로세서 : 3840 / 최대 AI TOPS : 614(FP4) / GDDR7 / 출력단자 : HDMI2.1 , DP2.1 / 지원정보 : 8K 지원 , HDR 지원 , HDCP 2.3 / 사용전력 : 145W / 2팬 / 두께 : 40mm / 제로팬(0-dB기술) / 백플레이트 / DrMOS",https://img.danuri.io/catalog-image/973/955/090/cfe03e233e984b03bf82b2ff26994fb6.jpg?shrink=130:130&_v=20261006150548,https://prod.danawa.com/info/?pcode=90955973&cate=112753
15,MSI,MSI 지포스 RTX 5060 게이밍 OC D7 8GB 트윈프로져,"2,415,240","RTX 5060 / PCIe5.0x16(at x8) / 550W 이상 / 전원 포트 : 8핀 x1 / 가로(길이) : 248mm / 베이스클럭 : 2280 / 부스트클럭 : 2625MHz / OC클럭 : 2640MHz / 스트림 프로세서 : 3840 / 최대 AI TOPS : 614(FP4) / GDDR7 / 출력단자 : HDMI2.1 , DP2.1 / 지원정보 : 8K 지원 , HDR 지원 , HDCP 2.3 / 사용전력 : 155W / 2팬 / 두께 : 41mm / 제로팬(0-dB기술) / 백플레이트 / DrMOS / LED 라이트 / MYSTIC LIGHT",https://img.danuri.io/catalog-image/117/956/090/4c91e3d4a0a5412bbf4b707bd6c9df76.jpg?shrink=130:130&_v=20261006054803,https://prod.danawa.com/info/?pcode=90956117&cate=112753
16,MSI,MSI 지포스 RTX 5060 Ti 벤투스 2X OC 플러스 D7 8GB,"755,880","RTX 5060 Ti / PCIe5.0x16(at x8) / 600W 이상 / 전원 포트 : 8핀 x1 / 가로(길이) : 227mm / 베이스클럭 : 2407 / 부스트클럭 : 2602MHz / OC클럭 : 2617MHz / 스트림 프로세서 : 4608 / 최대 AI TOPS : 759(FP4) / GDDR7 / 출력단자 : HDMI2.1 , DP2.1 / 지원정보 : 8K 지원 , HDR 지원 , HDCP 2.3 / 사용전력 : 180W / 2팬 / 두께 : 41mm / 제로팬(0-dB기술) / 백플레이트 / DrMOS",https://img.danuri.io/catalog-image/989/814/086/8ef18629cb6e445fbccdcc08cea2940b.jpg?shrink=130:130&_v=20261006140703,https://prod.danawa.com/info/?pcode=86814989&cate=112753
17,MSI,MSI 지포스 RTX 5060 Ti 벤투스 2X OC 플러스 D7 16GB,"1,142,790","RTX 5060 Ti / PCIe5.0x16(at x8) / 600W 이상 / 전원 포트 : 8핀 x1 / 가로(길이) : 227mm / 베이스클럭 : 2407 / 부스트클럭 : 2602MHz / OC클럭 : 2617MHz / 스트림 프로세서 : 4608 / 최대 AI TOPS : 759(FP4) / GDDR7 / VRAM 대역폭 : 448 GB/s / 출력단자 : HDMI2.1 , DP2.1 / 지원정보 : 8K 지원 , HDR 지원 , HDCP 2.3 / 사용전력 : 180W / 2팬 / 두께 : 41mm / 제로팬(0-dB기술) / 백플레이트 / DrMOS",https://img.danuri.io/catalog-image/338/990/081/867f4911300b42288da263db7abb270f.jpg?shrink=130:130&_v=20261006152438,https://prod.danawa.com/info/?pcode=81990338&cate=112753
18,MSI,MSI 지포스 RTX 5060 Ti 쉐도우 2X OC 플러스 D7 16GB,"1,143,820","RTX 5060 Ti / PCIe5.0x16(at x8) / 600W 이상 / 전원 포트 : 8핀 x1 / 가로(길이) : 226mm / 베이스클럭 : 2407 / 부스트클럭 : 2602MHz / OC클럭 : 2617MHz / 스트림 프로세서 : 4608 / 최대 AI TOPS : 759(FP4) / GDDR7 / VRAM 대역폭 : 448 GB/s / 출력단자 : HDMI2.1 , DP2.1 / 지원정보 : 8K 지원 , HDR 지원 , HDCP 2.3 / 사용전력 : 180W / 2팬 / 두께 : 41mm / 제로팬(0-dB기술) / 백플레이트 / DrMOS / AFTERBURNER",https://img.danuri.io/catalog-image/577/259/096/395b1c5158424f54805884b47a8109fe.jpg?shrink=130:130&_v=20261006080523,https://prod.danawa.com/info/?pcode=96259577&cate=112753
19,MSI,MSI 지포스 RTX 5060 Ti 게이밍 OC D7 16GB 트윈프로져,"1,198,980","RTX 5060 Ti / PCIe5.0x16(at x8) / 600W 이상 / 전원 포트 : 16핀(12V2x6) x1 / 가로(길이) : 247mm / 베이스클럭 : 2407 / 부스트클럭 : 2647MHz / OC클럭 : 2662MHz / 스트림 프로세서 : 4608 / 최대 AI TOPS : 759(FP4) / GDDR7 / VRAM 대역폭 : 448 GB/s / 출력단자 : HDMI2.1 , DP2.1 / 지원정보 : 8K 지원 , HDR 지원 , HDCP 2.3 / 사용전력 : 180W / 2팬 / 두께 : 51mm / 제로팬(0-dB기술) / 백플레이트 / DrMOS / 구성품 : 2x8핀 to 16핀 커넥터",https://img.danuri.io/catalog-image/602/047/082/c090aac3845644ab9c32cf8257c40984.jpg?shrink=130:130&_v=20261006090623,https://prod.danawa.com/info/?pcode=82047602&cate=112753
20,MSI,MSI 지포스 RTX 5060 Ti 쉐도우 2X OC 플러스 D7 8GB,"774,200","RTX 5060 Ti / PCIe5.0x16(at x8) / 600W 이상 / 전원 포트 : 8핀 x1 / 가로(길이) : 226mm / 베이스클럭 : 2407 / 부스트클럭 : 2602MHz / OC클럭 : 2617MHz / 스트림 프로세서 : 4608 / 최대 AI TOPS : 759(FP4) / GDDR7 / 출력단자 : HDMI2.1 , DP2.1 / 지원정보 : 8K 지원 , HDR 지원 , HDCP 2.3 / 사용전력 : 180W / 2팬 / 두께 : 41mm / 제로팬(0-dB기술) / 백플레이트 / DrMOS / AFTERBURNER",https://img.danuri.io/catalog-image/605/369/096/e4b46a6b2f3d423abb4abf68bb2fed92.jpg?shrink=130:130&_v=20261006080542,https://prod.danawa.com/info/?pcode=96369605&cate=112753
21,MSI,MSI 지포스 RTX 5060 Ti 게이밍 OC D7 8GB 트윈프로져,"2,459,410","RTX 5060 Ti / PCIe5.0x16(at x8) / 600W 이상 / 전원 포트 : 16핀(12V2x6) x1 / 가로(길이) : 247mm / 베이스클럭 : 2407 / 부스트클럭 : 2647MHz / OC클럭 : 2662MHz / 스트림 프로세서 : 4608 / 최대 AI TOPS : 759(FP4) / GDDR7 / 출력단자 : HDMI2.1 , DP2.1 / 지원정보 : 8K 지원 , HDR 지원 , HDCP 2.3 / 사용전력 : 180W / 2팬 / 두께 : 51mm / 제로팬(0-dB기술) / 백플레이트 / DrMOS / 구성품 : 2x8핀 to 16핀 커넥터",https://img.danuri.io/catalog-image/685/803/086/41972c8d235d4472a5a72bd9ae4e6d72.jpg?shrink=130:130&_v=20261005080442,https://prod.danawa.com/info/?pcode=86803685&cate=112753
22,MSI,MSI 지포스 RTX 5070 게이밍 트리오 OC D7 12GB 트라이프로져4,"1,318,860","RTX 5070 / PCIe5.0x16 / 650W 이상 / 전원 포트 : 16핀(12V2x6) x1 / 가로(길이) : 338mm / 베이스클럭 : 2325 / 부스트클럭 : 2610MHz / OC클럭 : 2625MHz / 스트림 프로세서 : 6144 / 최대 AI TOPS : 988(FP4) / GDDR7 / VRAM 대역폭 : 672 GB/s / 출력단자 : HDMI2.1 , DP2.1 / 지원정보 : 8K 지원 , HDR 지원 , HDCP 2.3 / 사용전력 : 250W / 3팬 / 두께 : 50mm / 제로팬(0-dB기술) / 백플레이트 / DrMOS / LED 라이트 / MYSTIC LIGHT / 구성품 : VGA지지대 , 2x8핀 to 16핀 커넥터 / A/S 3년",https://img.danuri.io/catalog-image/380/379/077/c686a813bbc14b9fb65345d2e22e03c2.jpeg?shrink=130:130&_v=20261006151358,https://prod.danawa.com/info/?pcode=77379380&cate=112753
23,MSI,MSI 지포스 RTX 5070 벤투스 2X OC D7 12GB,"1,257,990","RTX 5070 / PCIe5.0x16 / 650W 이상 / 전원 포트 : 16핀(12V2x6) x1 / 가로(길이) : 236mm / 베이스클럭 : 2325 / 부스트클럭 : 2542MHz / OC클럭 : 2557MHz / 스트림 프로세서 : 6144 / 최대 AI TOPS : 988(FP4) / GDDR7 / VRAM 대역폭 : 672 GB/s / 출력단자 : HDMI2.1 , DP2.1 / 지원정보 : 8K 지원 , HDR 지원 , HDCP 2.3 / 사용전력 : 250W / 2팬 / 두께 : 50mm / 제로팬(0-dB기술) / 백플레이트 / DrMOS / 구성품 : 2x8핀 to 16핀 커넥터 / A/S 3년",https://img.danuri.io/catalog-image/452/379/077/2ce03eab4538453587a302975a24e428.jpg?shrink=130:130&_v=20261006145518,https://prod.danawa.com/info/?pcode=77379452&cate=112753
24,MSI,MSI 지포스 RTX 5070 벤투스 3X OC D7 12GB,"1,276,240","RTX 5070 / PCIe5.0x16 / 650W 이상 / 전원 포트 : 16핀(12V2x6) x1 / 가로(길이) : 302mm / 베이스클럭 : 2325 / 부스트클럭 : 2542MHz / OC클럭 : 2557MHz / 스트림 프로세서 : 6144 / 최대 AI TOPS : 988(FP4) / GDDR7 / VRAM 대역폭 : 672 GB/s / 출력단자 : HDMI2.1 , DP2.1 / 지원정보 : 8K 지원 , HDR 지원 , HDCP 2.3 / 사용전력 : 250W / 3팬 / 두께 : 49mm / 제로팬(0-dB기술) / 백플레이트 / DrMOS / 구성품 : 2x8핀 to 16핀 커넥터 / A/S 3년",https://img.danuri.io/catalog-image/944/961/077/0da28761eff34d5aa445f1b17ec6adb1.jpg?shrink=130:130&_v=20261006111733,https://prod.danawa.com/info/?pcode=77961944&cate=112753
25,MSI,MSI 지포스 RTX 5070 쉐도우 2X OC D7 12GB,"1,298,000","RTX 5070 / PCIe5.0x16 / 650W 이상 / 전원 포트 : 16핀(12V2x6) x1 / 가로(길이) : 231mm / 베이스클럭 : 2325 / 부스트클럭 : 2542MHz / OC클럭 : 2557MHz / 스트림 프로세서 : 6144 / 최대 AI TOPS : 988(FP4) / GDDR7 / VRAM 대역폭 : 672 GB/s / 출력단자 : HDMI2.1 , DP2.1 / 지원정보 : 8K 지원 , HDR 지원 , HDCP 2.3 / 사용전력 : 250W / 2팬 / 두께 : 50mm / 제로팬(0-dB기술) / 백플레이트 / DrMOS / A/S 3년",https://img.danuri.io/catalog-image/578/369/096/b5d9f12529594e249c8f6847748e63fb.jpg?shrink=130:130&_v=20261006080522,https://prod.danawa.com/info/?pcode=96369578&cate=112753
26,MSI,MSI 지포스 RTX 5070 게이밍 트리오 OC 화이트 D7 12GB 트라이프로져4,"1,872,340","RTX 5070 / PCIe5.0x16 / 650W 이상 / 전원 포트 : 16핀(12V2x6) x1 / 가로(길이) : 338mm / 베이스클럭 : 2325 / 부스트클럭 : 2610MHz / OC클럭 : 2625MHz / 스트림 프로세서 : 6144 / 최대 AI TOPS : 988(FP4) / GDDR7 / VRAM 대역폭 : 672 GB/s / 출력단자 : HDMI2.1 , DP2.1 / 지원정보 : 8K 지원 , HDR 지원 , HDCP 2.3 / 사용전력 : 250W / 3팬 / 두께 : 50mm / 제로팬(0-dB기술) / 백플레이트 / DrMOS / LED 라이트 / MYSTIC LIGHT / 구성품 : VGA지지대 , 2x8핀 to 16핀 커넥터 / A/S 3년",https://img.danuri.io/catalog-image/347/102/078/6a5dc4bd48c84041a6befff5ff8dde9f.jpg?shrink=130:130&_v=20261006143543,https://prod.danawa.com/info/?pcode=78102347&cate=112753
27,MSI,MSI 지포스 RTX 5070 Ti 게이밍 트리오 OC D7 16GB 트라이프로져4,"1,948,990","RTX 5070 Ti / PCIe5.0x16 / 750W 이상 / 전원 포트 : 16핀(12V2x6) x1 / 가로(길이) : 338mm / 베이스클럭 : 2295 / 부스트클럭 : 2572MHz / OC클럭 : 2580MHz / 스트림 프로세서 : 8960 / 최대 AI TOPS : 1406(FP4) / GDDR7 / VRAM 대역폭 : 896 GB/s / 출력단자 : HDMI2.1 , DP2.1 / 지원정보 : 8K 지원 , HDR 지원 , HDCP 2.3 / 사용전력 : 300W / 3팬 / 두께 : 50mm / 제로팬(0-dB기술) / 백플레이트 / DrMOS / LED 라이트 / Dual BIOS / MYSTIC LIGHT / 구성품 : VGA지지대 , 3x8핀 to 16핀 커넥터 / A/S 3년",https://img.danuri.io/catalog-image/715/160/090/e06024249c394857ac4ba0a284726686.jpg?shrink=130:130&_v=20261006145623,https://prod.danawa.com/info/?pcode=90160715&cate=112753
28,MSI,MSI 지포스 RTX 5070 Ti 벤투스 3X OC D7 16GB,"2,182,060","RTX 5070 Ti / PCIe5.0x16 / 750W 이상 / 전원 포트 : 16핀(12V2x6) x1 / 가로(길이) : 303mm / 베이스클럭 : 2295 / 부스트클럭 : 2482MHz / OC클럭 : 2497MHz / 스트림 프로세서 : 8960 / 최대 AI TOPS : 1406(FP4) / GDDR7 / VRAM 대역폭 : 896 GB/s / 출력단자 : HDMI2.1 , DP2.1 / 지원정보 : 8K 지원 , HDR 지원 , HDCP 2.3 / 사용전력 : 300W / 3팬 / 두께 : 49mm / 제로팬(0-dB기술) / 백플레이트 / DrMOS / MYSTIC LIGHT / 구성품 : VGA지지대 , 2x8핀 to 16핀 커넥터 / A/S 3년",https://img.danuri.io/catalog-image/837/550/076/aaba5bdd57314a77a65d6aa6fb13c77f.jpg?shrink=130:130&_v=20261006122043,https://prod.danawa.com/info/?pcode=76550837&cate=112753
29,MSI,MSI 지포스 RTX 5070 Ti 게이밍 트리오 OC 플러스 D7 16GB 트라이프로져4,"2,296,150","RTX 5070 Ti / PCIe5.0x16 / 750W 이상 / 전원 포트 : 16핀(12V2x6) x1 / 가로(길이) : 338mm / 베이스클럭 : 2295 / 부스트클럭 : 2572MHz / OC클럭 : 2580MHz / 스트림 프로세서 : 8960 / 최대 AI TOPS : 1406(FP4) / GDDR7 / VRAM 대역폭 : 896 GB/s / 출력단자 : HDMI2.1 , DP2.1 / 지원정보 : 8K 지원 , HDR 지원 , HDCP 2.3 / 사용전력 : 300W / 3팬 / 두께 : 50mm / 제로팬(0-dB기술) / 백플레이트 / DrMOS / LED 라이트 / Dual BIOS / MYSTIC LIGHT / 구성품 : VGA지지대 , 3x8핀 to 16핀 커넥터 / A/S 3년",https://img.danuri.io/catalog-image/750/550/076/1e1d1cd52d994c469f8c356e9fa0d119.jpg?shrink=130:130&_v=20261006080536,https://prod.danawa.com/info/?pcode=76550750&cate=112753
30,MSI,MSI 지포스 RTX 5070 Ti 쉐도우 3X OC D7 16GB,"2,080,000","RTX 5070 Ti / PCIe5.0x16 / 750W 이상 / 전원 포트 : 16핀(12V2x6) x1 / 가로(길이) : 303mm / 베이스클럭 : 2295 / 부스트클럭 : 2482MHz / OC클럭 : 2497MHz / 스트림 프로세서 : 8960 / 최대 AI TOPS : 1406(FP4) / GDDR7 / VRAM 대역폭 : 896 GB/s / 출력단자 : HDMI2.1 , DP2.1 / 지원정보 : 8K 지원 , HDR 지원 , HDCP 2.3 / 사용전력 : 300W / 3팬 / 두께 : 49mm / 제로팬(0-dB기술) / 백플레이트 / DrMOS / 구성품 : VGA지지대 , 2x8핀 to 16핀 커넥터 / A/S 3년",https://img.danuri.io/catalog-image/921/842/078/de05552089bb4cff841f8cd105abf35a.jpg?shrink=130:130&_v=20261006080431,https://prod.danawa.com/info/?pcode=78842921&cate=112753
31,MSI,MSI 지포스 RTX 5070 Ti 뱅가드 SOC D7 16GB 하이퍼프로져,"5,999,990","RTX 5070 Ti / PCIe5.0x16 / 750W 이상 / 전원 포트 : 16핀(12V2x6) x1 / 가로(길이) : 357mm / 베이스클럭 : 2295 / 부스트클럭 : 2588MHz / OC클럭 : 2602MHz / 스트림 프로세서 : 8960 / 최대 AI TOPS : 1406(FP4) / GDDR7 / VRAM 대역폭 : 896 GB/s / 출력단자 : HDMI2.1 , DP2.1 / 지원정보 : 8K 지원 , HDR 지원 , HDCP 2.3 / 사용전력 : 300W / 3팬 / 두께 : 66mm / 제로팬(0-dB기술) / 백플레이트 / DrMOS / Dual BIOS / MYSTIC LIGHT / 구성품 : VGA지지대 , 3x8핀 to 16핀 커넥터 / A/S 3년",https://img.danuri.io/catalog-image/996/705/077/0f30dd16ef484084bbf92dd0028f11df.jpg?shrink=130:130&_v=20261006153214,https://prod.danawa.com/info/?pcode=77705996&cate=112753
32,MSI,MSI 지포스 RTX 5080 뱅가드 SOC D7 16GB 하이퍼프로져,"2,598,000","RTX 5080 / PCIe5.0x16 / 850W 이상 / 전원 포트 : 16핀(12V2x6) x1 / 가로(길이) : 357mm / 부스트클럭 : 2730MHz / OC클럭 : 2745MHz / 스트림 프로세서 : 10752 / 최대 AI TOPS : 1801(FP4) / GDDR7 / VRAM 대역폭 : 960 GB/s / 출력단자 : HDMI2.1 , DP2.1 / 지원정보 : 8K 지원 , HDR 지원 , HDCP 2.3 / 사용전력 : 360W / 3팬 / 두께 : 66mm / 제로팬(0-dB기술) / 백플레이트 / DrMOS / LED 라이트 / Dual BIOS / MYSTIC LIGHT / 구성품 : VGA지지대 , 3x8핀 to 16핀 커넥터 / A/S 3년",https://img.danuri.io/catalog-image/700/541/075/b9a46cf5a0224239aa6012c49ef7fbaf.jpg?shrink=130:130&_v=20261006153344,https://prod.danawa.com/info/?pcode=75541700&cate=112753
33,MSI,MSI 지포스 RTX 5080 게이밍 트리오 OC D7 16GB 트라이프로져4,"4,638,440","RTX 5080 / PCIe5.0x16 / 850W 이상 / 전원 포트 : 16핀(12V2x6) x1 / 가로(길이) : 338mm / 부스트클럭 : 2700MHz / OC클럭 : 2715MHz / 스트림 프로세서 : 10752 / 최대 AI TOPS : 1801(FP4) / GDDR7 / VRAM 대역폭 : 960 GB/s / 출력단자 : HDMI2.1 , DP2.1 / 지원정보 : 8K 지원 , HDR 지원 , HDCP 2.3 / 사용전력 : 360W / 3팬 / 두께 : 50mm / 제로팬(0-dB기술) / 백플레이트 / DrMOS / LED 라이트 / Dual BIOS / MYSTIC LIGHT / 구성품 : VGA지지대 , 3x8핀 to 16핀 커넥터 / A/S 3년",https://img.danuri.io/catalog-image/376/373/075/4c2324e596374d93975ac89c418aad2a.jpg?shrink=130:130&_v=20261006123223,https://prod.danawa.com/info/?pcode=75373376&cate=112753
34,MSI,MSI 지포스 RTX 5080 쉐도우 3X OC D7 16GB,"2,573,990","RTX 5080 / PCIe5.0x16 / 850W 이상 / 전원 포트 : 16핀(12V2x6) x1 / 가로(길이) : 303mm / 부스트클럭 : 2640MHz / OC클럭 : 2655MHz / 스트림 프로세서 : 10752 / 최대 AI TOPS : 1801(FP4) / GDDR7 / VRAM 대역폭 : 960 GB/s / 출력단자 : HDMI2.1 , DP2.1 / 지원정보 : 8K 지원 , HDR 지원 , HDCP 2.3 / 사용전력 : 360W / 3팬 / 두께 : 49mm / 제로팬(0-dB기술) / 백플레이트 / DrMOS / MYSTIC LIGHT / 구성품 : VGA지지대 , 3x8핀 to 16핀 커넥터 / A/S 3년",https://img.danuri.io/catalog-image/858/842/078/ceda6a05e273496184f2c5588619810f.jpg?shrink=130:130&_v=20261006115348,https://prod.danawa.com/info/?pcode=78842858&cate=112753
35,MSI,MSI 지포스 RTX 5080 엑스퍼트 OC D7 16GB 플로우프로져2,"6,045,000","RTX 5080 / PCIe5.0x16 / 850W 이상 / 전원 포트 : 16핀(12V2x6) x1 / 가로(길이) : 319mm / 부스트클럭 : 2715MHz / OC클럭 : 2730MHz / 스트림 프로세서 : 10752 / 최대 AI TOPS : 1801(FP4) / GDDR7 / VRAM 대역폭 : 960 GB/s / 출력단자 : HDMI2.1 , DP2.1 / 지원정보 : 8K 지원 , HDR 지원 , HDCP 2.3 / 사용전력 : 360W / 2팬 / 두께 : 60mm / 제로팬(0-dB기술) / 백플레이트 / DrMOS / AFTERBURNER / 구성품 : VGA지지대 , 3x8핀 to 16핀 커넥터",https://img.danuri.io/catalog-image/277/259/096/9875df9471dd44fdb4b179527045d230.jpg?shrink=130:130&_v=20261006080652,https://prod.danawa.com/info/?pcode=96259277&cate=112753
36,MSI,MSI 지포스 RTX 5080 벤투스 3X OC D7 16GB,"2,511,000","RTX 5080 / PCIe5.0x16 / 850W 이상 / 전원 포트 : 16핀(12V2x6) x1 / 가로(길이) : 303mm / 부스트클럭 : 2640MHz / OC클럭 : 2655MHz / 스트림 프로세서 : 10752 / 최대 AI TOPS : 1801(FP4) / GDDR7 / VRAM 대역폭 : 960 GB/s / 출력단자 : HDMI2.1 , DP2.1 / 지원정보 : 8K 지원 , HDR 지원 , HDCP 2.3 / 사용전력 : 360W / 3팬 / 두께 : 49mm / 제로팬(0-dB기술) / 백플레이트 / DrMOS / MYSTIC LIGHT / 구성품 : VGA지지대 , 3x8핀 to 16핀 커넥터 / A/S 3년",https://img.danuri.io/catalog-image/606/463/076/9638dfc1aa2142f88d95ee05834894bf.jpg?shrink=130:130&_v=20261006080522,https://prod.danawa.com/info/?pcode=76463606&cate=112753
37,MSI,MSI 지포스 RTX 5080 벤투스 3X OC 플러스 D7 16GB,"4,856,390","RTX 5080 / PCIe5.0x16 / 850W 이상 / 전원 포트 : 16핀(12V2x6) x1 / 가로(길이) : 303mm / 부스트클럭 : 2640MHz / OC클럭 : 2655MHz / 스트림 프로세서 : 10752 / 최대 AI TOPS : 1801(FP4) / GDDR7 / VRAM 대역폭 : 960 GB/s / 출력단자 : HDMI2.1 , DP2.1 / 지원정보 : 8K 지원 , HDR 지원 , HDCP 2.3 / 사용전력 : 360W / 3팬 / 두께 : 49mm / 제로팬(0-dB기술) / 백플레이트 / DrMOS / MYSTIC LIGHT / 구성품 : VGA지지대 , 3x8핀 to 16핀 커넥터 / A/S 3년",https://img.danuri.io/catalog-image/496/373/075/1921c6ae96e547dca7e031fdf9ff6fc4.jpg?shrink=130:130&_v=20261006080536,https://prod.danawa.com/info/?pcode=75373496&cate=112753
38,MSI,MSI 지포스 RTX 5080 게이밍 트리오 OC 화이트 D7 16GB 트라이프로져4,"5,580,000","RTX 5080 / PCIe5.0x16 / 850W 이상 / 전원 포트 : 16핀(12V2x6) x1 / 가로(길이) : 338mm / 부스트클럭 : 2700MHz / OC클럭 : 2715MHz / 스트림 프로세서 : 10752 / 최대 AI TOPS : 1801(FP4) / GDDR7 / VRAM 대역폭 : 960 GB/s / 출력단자 : HDMI2.1 , DP2.1 / 지원정보 : 8K 지원 , HDR 지원 , HDCP 2.3 / 사용전력 : 360W / 3팬 / 두께 : 50mm / 제로팬(0-dB기술) / 백플레이트 / DrMOS / LED 라이트 / Dual BIOS / MYSTIC LIGHT / 구성품 : VGA지지대 , 3x8핀 to 16핀 커넥터 / A/S 3년",https://img.danuri.io/catalog-image/767/329/076/faf2af97b2f447ec89f15520fa7a731f.jpg?shrink=130:130&_v=20261006080542,https://prod.danawa.com/info/?pcode=76329767&cate=112753
39,MSI,MSI 지포스 RTX 5080 벤투스 3X OC 화이트 D7 16GB,"3,298,790","RTX 5080 / PCIe5.0x16 / 850W 이상 / 전원 포트 : 16핀(12V2x6) x1 / 가로(길이) : 303mm / 부스트클럭 : 2640MHz / OC클럭 : 2655MHz / 스트림 프로세서 : 10752 / 최대 AI TOPS : 1801(FP4) / GDDR7 / VRAM 대역폭 : 960 GB/s / 출력단자 : HDMI2.1 , DP2.1 / 지원정보 : 8K 지원 , HDR 지원 , HDCP 2.3 / 사용전력 : 360W / 3팬 / 두께 : 49mm / 제로팬(0-dB기술) / 백플레이트 / DrMOS / MYSTIC LIGHT / 구성품 : VGA지지대 , 3x8핀 to 16핀 커넥터 / A/S 3년",https://img.danuri.io/catalog-image/169/791/077/e45a6859f8d3488ab37befba13d7e58d.jpg?shrink=130:130&_v=20261006080522,https://prod.danawa.com/info/?pcode=77791169&cate=112753
40,MSI,MSI 지포스 RTX 5090 슈프림 SOC D7 32GB 하이퍼프로져,"9,289,570","RTX 5090 / PCIe5.0x16 / 1000W 이상 / 전원 포트 : 16핀(12V2x6) x1 / 가로(길이) : 359mm / 부스트클럭 : 2565MHz / OC클럭 : 2580MHz / 스트림 프로세서 : 21760 / 최대 AI TOPS : 3352(FP4, sparsity) / GDDR7 / VRAM 대역폭 : 1792 GB/s / 출력단자 : HDMI2.1 , DP2.1 / 지원정보 : 8K 지원 , HDR 지원 , HDCP 2.3 / 사용전력 : 600W / 3팬 / 두께 : 76mm / 제로팬(0-dB기술) / 백플레이트 / DrMOS / LED 라이트 / Dual BIOS / MYSTIC LIGHT / 구성품 : VGA지지대 , 4x8핀 to 16핀 커넥터",https://img.danuri.io/catalog-image/939/550/076/b682b10653e9403e9834e4b408472f5d.jpg?shrink=130:130&_v=20261006140118,https://prod.danawa.com/info/?pcode=76550939&cate=112753
41,MSI,MSI 지포스 RTX 5090 뱅가드 SOC D7 32GB 하이퍼프로져,"12,999,990","RTX 5090 / PCIe5.0x16 / 1000W 이상 / 전원 포트 : 16핀(12V2x6) x1 / 가로(길이) : 357mm / 부스트클럭 : 2512MHz / OC클럭 : 2527MHz / 스트림 프로세서 : 21760 / 최대 AI TOPS : 3352(FP4, sparsity) / GDDR7 / VRAM 대역폭 : 1792 GB/s / 출력단자 : HDMI2.1 , DP2.1 / 지원정보 : 8K 지원 , HDR 지원 , HDCP 2.3 / 사용전력 : 575W / 3팬 / 두께 : 76mm / 제로팬(0-dB기술) / 백플레이트 / DrMOS / LED 라이트 / Dual BIOS / 구성품 : VGA지지대 , 4x8핀 to 16핀 커넥터",https://img.danuri.io/catalog-image/624/098/078/014b298136624905a61a32fb9287ab96.jpg?shrink=130:130&_v=20261006080541,https://prod.danawa.com/info/?pcode=78098624&cate=112753
42,MSI,MSI 지포스 RTX 5090 게이밍 트리오 OC D7 32GB 트라이프로져4,"9,740,000","RTX 5090 / PCIe5.0x16 / 1000W 이상 / 전원 포트 : 16핀(12V2x6) x1 / 가로(길이) : 359mm / 부스트클럭 : 2482MHz / OC클럭 : 2497MHz / 스트림 프로세서 : 21760 / 최대 AI TOPS : 3352(FP4, sparsity) / GDDR7 / VRAM 대역폭 : 1792 GB/s / 출력단자 : HDMI2.1 , DP2.1 / 지원정보 : 8K 지원 , HDR 지원 , HDCP 2.3 / 사용전력 : 575W / 3팬 / 두께 : 70mm / 제로팬(0-dB기술) / 백플레이트 / DrMOS / LED 라이트 / Dual BIOS / 구성품 : VGA지지대 , 4x8핀 to 16핀 커넥터",https://img.danuri.io/catalog-image/239/993/075/984db52ccf004042be1b6b30b2db8feb.jpg?shrink=130:130&_v=20261006080536,https://prod.danawa.com/info/?pcode=75993239&cate=112753
43,GIGABYTE,GIGABYTE 지포스 RTX 3050 WINDFORCE OC V2 D6 6GB 제이씨현,"358,990","RTX 3050 / PCIe4.0x16(at x8) / 300W 이상 / 전원 포트 : 없음 / 가로(길이) : 191mm / 베이스클럭 : 1042 / 부스트클럭 : 1477MHz / 스트림 프로세서 : 2304 / GDDR6 / 출력단자 : HDMI2.1 , DP1.4 / 지원정보 : 8K 지원 , HDCP 2.3 / 2팬 / 두께 : 36mm / 제로팬(0-dB기술) / A/S 3년",https://img.danuri.io/catalog-image/731/901/071/ffb2cd620f0e499aaf35f6b3719d2a6d.jpg?shrink=130:130&_v=20261006080431,https://prod.danawa.com/info/?pcode=71901731&cate=112753
44,GIGABYTE,GIGABYTE 지포스 RTX 3050 WINDFORCE OC V2 D6 6GB 피씨디렉트,"364,970","RTX 3050 / PCIe4.0x16(at x8) / 300W 이상 / 전원 포트 : 없음 / 가로(길이) : 191mm / 베이스클럭 : 1042 / 부스트클럭 : 1477MHz / 스트림 프로세서 : 2304 / GDDR6 / 출력단자 : HDMI2.1 , DP1.4 / 지원정보 : 8K 지원 , HDCP 2.3 / 2팬 / 두께 : 36mm / 제로팬(0-dB기술) / A/S 3년",https://img.danuri.io/catalog-image/218/973/071/a20e378dec4547959866e299898d2b3f.jpg?shrink=130:130&_v=20261006132728,https://prod.danawa.com/info/?pcode=71973218&cate=112753
45,GIGABYTE,GIGABYTE 지포스 RTX 3050 WINDFORCE OC D6 6GB 피씨디렉트,"384,990","RTX 3050 / PCIe4.0x16(at x8) / 300W 이상 / 전원 포트 : 없음 / 가로(길이) : 191mm / 베이스클럭 : 1042 / 부스트클럭 : 1477MHz / 스트림 프로세서 : 2304 / GDDR6 / 출력단자 : HDMI2.1 , DP1.4 / 지원정보 : 8K 지원 , HDCP 2.3 / 2팬 / 두께 : 36mm / 제로팬(0-dB기술) / A/S 3년",https://img.danuri.io/catalog-image/325/003/046/7ec197dca06640ce893cf33132d3bf6a.jpg?shrink=130:130&_v=20261006080523,https://prod.danawa.com/info/?pcode=46003325&cate=112753
46,GIGABYTE,GIGABYTE 지포스 RTX 3060 WINDFORCE OC D6 12GB 피씨디렉트,"521,960","RTX 3060 / PCIe4.0x16 / 550W 이상 / 전원 포트 : 8핀 x1 / 가로(길이) : 198mm / 베이스클럭 : 1792 / 스트림 프로세서 : 3584 / GDDR6 / VRAM 대역폭 : 360 GB/s / 출력단자 : HDMI2.1 , DP1.4 / 지원정보 : 8K 지원 / 2팬 / 두께 : 39mm / 제로팬(0-dB기술) / 백플레이트 / A/S 3년",https://img.danuri.io/catalog-image/794/658/017/3365dc6567f64fa5ae2d59129cef1c41.jpg?shrink=130:130&_v=20261006085758,https://prod.danawa.com/info/?pcode=17658794&cate=112753
47,GIGABYTE,GIGABYTE 지포스 RTX 3060 WINDFORCE OC D6 12GB 제이씨현,"556,450","RTX 3060 / PCIe4.0x16 / 550W 이상 / 전원 포트 : 8핀 x1 / 가로(길이) : 198mm / 베이스클럭 : 1792 / 스트림 프로세서 : 3584 / GDDR6 / VRAM 대역폭 : 360 GB/s / 출력단자 : HDMI2.1 , DP1.4 / 지원정보 : 8K 지원 / 2팬 / 두께 : 39mm / 제로팬(0-dB기술) / 백플레이트 / A/S 3년",https://img.danuri.io/catalog-image/824/658/017/af89a256cfbf429f82bc26274c0cbadf.jpg?shrink=130:130&_v=20261006090029,https://prod.danawa.com/info/?pcode=17658824&cate=112753
48,GIGABYTE,GIGABYTE 지포스 RTX 3060 GAMING OC V2 D6 8GB 피씨디렉트,"480,900","RTX 3060 / PCIe4.0x16 / 550W 이상 / 전원 포트 : 8핀 x1 / 가로(길이) : 198mm / 부스트클럭 : 1807MHz / 스트림 프로세서 : 3584 / GDDR6 / 출력단자 : HDMI2.1 , DP1.4 / 지원정보 : 8K 지원 / 2팬 / 두께 : 39mm / 제로팬(0-dB기술) / 백플레이트 / A/S 3년",https://img.danuri.io/catalog-image/730/676/072/12dbba9f2a7243c997c55698eb9839bb.jpg?shrink=130:130&_v=20261006080445,https://prod.danawa.com/info/?pcode=72676730&cate=112753
49,GIGABYTE,GIGABYTE 지포스 RTX 4060 Ti WINDFORCE OC D6 8GB 제이씨현,"2,697,030","RTX 4060 Ti / PCIe4.0x16(at x8) / 500W 이상 / 전원 포트 : 8핀 x1 / 가로(길이) : 201mm / 부스트클럭 : 2550MHz / 스트림 프로세서 : 4352 / 최대 AI TOPS : 353(sparsity) / GDDR6 / 출력단자 : HDMI2.1 , DP1.4 / 지원정보 : 8K 지원 , HDR 지원 / 2팬 / 두께 : 41mm / 제로팬(0-dB기술) / 백플레이트 / A/S 3년",https://img.danuri.io/catalog-image/644/730/020/4c23552d72a04385b3b9f177059e753b.jpg?shrink=130:130&_v=20261006080445,https://prod.danawa.com/info/?pcode=20730644&cate=112753
50,GIGABYTE,GIGABYTE 지포스 RTX 4060 Ti WINDFORCE OC D6 8GB 피씨디렉트,"2,697,030","RTX 4060 Ti / PCIe4.0x16(at x8) / 500W 이상 / 전원 포트 : 8핀 x1 / 가로(길이) : 201mm / 부스트클럭 : 2550MHz / 스트림 프로세서 : 4352 / 최대 AI TOPS : 353(sparsity) / GDDR6 / 출력단자 : HDMI2.1 , DP1.4 / 지원정보 : 8K 지원 , HDR 지원 / 2팬 / 두께 : 41mm / 백플레이트 / A/S 3년",https://img.danuri.io/catalog-image/055/611/020/2bc49ddd09ec4fdd8f063a7c00eedd6f.jpg?shrink=130:130&_v=20261006080522,https://prod.danawa.com/info/?pcode=20611055&cate=112753
51,GIGABYTE,GIGABYTE 지포스 RTX 4070 SUPER GAMING OC D6X 12GB 제이씨현,"5,244,250","RTX 4070 SUPER / PCIe4.0x16 / 700W 이상 / 전원 포트 : 16핀(12VHPWR) x1 / 가로(길이) : 300mm / 부스트클럭 : 2565MHz / 스트림 프로세서 : 7168 / 최대 AI TOPS : 568(AI sparsity) / GDDR6X / VRAM 대역폭 : 504 GB/s / 출력단자 : HDMI2.1 , DP1.4 / 지원정보 : 8K 지원 , HDR 지원 , HDCP 2.3 / 3팬 / 두께 : 57.6mm / 제로팬(0-dB기술) / 백플레이트 / LED 라이트 / Dual BIOS / 구성품 : 2x8핀 to 16핀 커넥터 / A/S 4년",https://img.danuri.io/catalog-image/785/493/032/3782680db5574daa9cff7ec1c1c48cf6.jpg?shrink=130:130&_v=20261006080536,https://prod.danawa.com/info/?pcode=32493785&cate=112753
52,GIGABYTE,GIGABYTE 지포스 RTX 4070 SUPER GAMING OC D6X 12GB 피씨디렉트,"5,407,620","RTX 4070 SUPER / PCIe4.0x16 / 700W 이상 / 전원 포트 : 16핀(12VHPWR) x1 / 가로(길이) : 300mm / 부스트클럭 : 2565MHz / 스트림 프로세서 : 7168 / 최대 AI TOPS : 568(AI sparsity) / GDDR6X / VRAM 대역폭 : 504 GB/s / 출력단자 : HDMI2.1 , DP1.4 / 지원정보 : 8K 지원 , HDR 지원 , HDCP 2.3 / 3팬 / 두께 : 57.6mm / 제로팬(0-dB기술) / 백플레이트 / LED 라이트 / Dual BIOS / 구성품 : 2x8핀 to 16핀 커넥터 / A/S 4년",https://img.danuri.io/catalog-image/484/494/032/6d51bd5142d8442db0a5f6507e136d4a.jpg?shrink=130:130&_v=20261005080532,https://prod.danawa.com/info/?pcode=32494484&cate=112753
53,GIGABYTE,GIGABYTE 지포스 RTX 5050 WINDFORCE OC D6 8GB 제이씨현,"554,710","RTX 5050 / PCIe5.0x16(at x8) / 550W 이상 / 전원 포트 : 8핀 x1 / 가로(길이) : 199mm / 베이스클럭 : 2317 / 부스트클럭 : 2587MHz / 스트림 프로세서 : 2560 / 최대 AI TOPS : 421(FP4) / GDDR6 / 출력단자 : HDMI2.1 , DP2.1 / 지원정보 : 8K 지원 , HDR 지원 , HDCP 2.3 / 2팬 / 두께 : 40mm / 제로팬(0-dB기술) / 백플레이트 / Control Center / A/S 3년",https://img.danuri.io/catalog-image/855/698/093/238440a390da44b78d9255b7614ab930.jpg?shrink=130:130&_v=20261006112148,https://prod.danawa.com/info/?pcode=93698855&cate=112753
54,GIGABYTE,GIGABYTE 지포스 RTX 5050 WINDFORCE OC D6 8GB 피씨디렉트,"560,740","RTX 5050 / PCIe5.0x16(at x8) / 550W 이상 / 전원 포트 : 8핀 x1 / 가로(길이) : 199mm / 베이스클럭 : 2317 / 부스트클럭 : 2587MHz / 스트림 프로세서 : 2560 / 최대 AI TOPS : 421(FP4) / GDDR6 / 출력단자 : HDMI2.1 , DP2.1 / 지원정보 : 8K 지원 , HDR 지원 , HDCP 2.3 / 2팬 / 두께 : 40mm / 제로팬(0-dB기술) / 백플레이트 / Control Center / A/S 3년",https://img.danuri.io/catalog-image/564/386/093/128a131a19d24d4dbe3d9721ddf4cc46.jpg?shrink=130:130&_v=20261006095733,https://prod.danawa.com/info/?pcode=93386564&cate=112753
55,GIGABYTE,GIGABYTE 지포스 RTX 5050 UD2 OC D6 8GB Nano LP 피씨디렉트,"610,590","RTX 5050 / PCIe5.0x16(at x8) / 550W 이상 / 전원 포트 : 8핀 x1 / 가로(길이) : 182mm / 베이스클럭 : 2317 / 부스트클럭 : 2587MHz / 스트림 프로세서 : 2560 / 최대 AI TOPS : 421(FP4) / GDDR6 / 출력단자 : HDMI2.1 , DP2.1 , DP1.4 / 지원정보 : 8K 지원 , HDR 지원 , HDCP 2.3 / 3팬 / 두께 : 36mm / 제로팬(0-dB기술) / 백플레이트 / Control Center / A/S 3년",https://img.danuri.io/catalog-image/588/386/093/1cdeb2a7faee46458247a14ddae82821.jpg?shrink=130:130&_v=20261006101413,https://prod.danawa.com/info/?pcode=93386588&cate=112753
56,GIGABYTE,GIGABYTE 지포스 RTX 5050 GAMING OC D6 8GB 피씨디렉트,"598,570","RTX 5050 / PCIe5.0x16(at x8) / 550W 이상 / 전원 포트 : 8핀 x1 / 가로(길이) : 280mm / 베이스클럭 : 2317 / 부스트클럭 : 2632MHz / 스트림 프로세서 : 2560 / 최대 AI TOPS : 421(FP4) / GDDR6 / 출력단자 : HDMI2.1 , DP2.1 / 지원정보 : 8K 지원 , HDR 지원 , HDCP 2.3 / 사용전력 : 130W / 3팬 / 두께 : 40mm / 제로팬(0-dB기술) / 백플레이트 / Control Center / A/S 3년",https://img.danuri.io/catalog-image/549/386/093/3031167991c0459c899bbf24338da6c9.jpg?shrink=130:130&_v=20261006125538,https://prod.danawa.com/info/?pcode=93386549&cate=112753
57,GIGABYTE,GIGABYTE 지포스 RTX 5050 GAMING OC D6 8GB 제이씨현,"643,000","RTX 5050 / PCIe5.0x16(at x8) / 550W 이상 / 전원 포트 : 8핀 x1 / 가로(길이) : 280mm / 베이스클럭 : 2317 / 부스트클럭 : 2632MHz / 스트림 프로세서 : 2560 / 최대 AI TOPS : 421(FP4) / GDDR6 / 출력단자 : HDMI2.1 , DP2.1 / 지원정보 : 8K 지원 , HDR 지원 , HDCP 2.3 / 사용전력 : 130W / 3팬 / 두께 : 40mm / 제로팬(0-dB기술) / 백플레이트 / Control Center / A/S 3년",https://img.danuri.io/catalog-image/783/698/093/4efb01c25a92498bbcab01a7f405738a.jpg?shrink=130:130&_v=20261006080445,https://prod.danawa.com/info/?pcode=93698783&cate=112753
58,GIGABYTE,GIGABYTE AORUS 지포스 RTX 5060 ARI D7 8GB 제이씨현,"724,800","RTX 5060 / PCIe5.0x16(at x8) / 550W 이상 / 전원 포트 : 8핀 x1 / 가로(길이) : 329mm / 베이스클럭 : 2280 / 부스트클럭 : 2722MHz / 스트림 프로세서 : 3840 / 최대 AI TOPS : 614(FP4) / GDDR7 / VRAM 대역폭 : 448 GB/s / 출력단자 : HDMI2.1 , DP2.1 / 지원정보 : 8K 지원 , HDR 지원 , HDCP 2.3 / 3팬 / 두께 : 40mm / 제로팬(0-dB기술) / 백플레이트 / LED 라이트 / Dual BIOS / A/S 4년",https://img.danuri.io/catalog-image/321/167/124/989430d5a04e40a68d7c8110705d6605.jpeg?shrink=130:130&_v=20261006080541,https://prod.danawa.com/info/?pcode=124167321&cate=112753
59,GIGABYTE,GIGABYTE 지포스 RTX 5060 EAGLE OC ICE D7 8GB 피씨디렉트,"690,480","RTX 5060 / PCIe5.0x16(at x8) / 550W 이상 / 전원 포트 : 8핀 x1 / 가로(길이) : 208mm / 베이스클럭 : 2280 / 부스트클럭 : 2550MHz / 스트림 프로세서 : 3840 / 최대 AI TOPS : 614(FP4) / GDDR7 / 출력단자 : HDMI2.1 , DP2.1 / 지원정보 : 8K 지원 , HDR 지원 , HDCP 2.3 / 2팬 / 두께 : 40mm / 제로팬(0-dB기술) / 백플레이트 / Dual BIOS / A/S 3년",https://img.danuri.io/catalog-image/790/889/090/55aaa6ac2333436486d9541925792a70.jpg?shrink=130:130&_v=20261006080445,https://prod.danawa.com/info/?pcode=90889790&cate=112753
60,GIGABYTE,GIGABYTE AORUS 지포스 RTX 5060 ARI D7 8GB 피씨디렉트,"733,230","RTX 5060 / PCIe5.0x16(at x8) / 550W 이상 / 전원 포트 : 8핀 x1 / 가로(길이) : 329mm / 베이스클럭 : 2280 / 부스트클럭 : 2722MHz / 스트림 프로세서 : 3840 / 최대 AI TOPS : 614(FP4) / GDDR7 / VRAM 대역폭 : 448 GB/s / 출력단자 : HDMI2.1 , DP2.1 / 지원정보 : 8K 지원 , HDR 지원 , HDCP 2.3 / 3팬 / 두께 : 40mm / 제로팬(0-dB기술) / 백플레이트 / LED 라이트 / Dual BIOS / A/S 4년",https://img.danuri.io/catalog-image/612/153/124/f1bec33c488c4b0eb1fbd7d98887933d.jpeg?shrink=130:130&_v=20261006085758,https://prod.danawa.com/info/?pcode=124153612&cate=112753
61,GIGABYTE,GIGABYTE 지포스 RTX 5060 WINDFORCE MAX OC D7 8GB 피씨디렉트,"687,120","RTX 5060 / PCIe5.0x16(at x8) / 550W 이상 / 전원 포트 : 8핀 x1 / 가로(길이) : 199mm / 베이스클럭 : 2280 / 부스트클럭 : 2512MHz / 스트림 프로세서 : 3840 / 최대 AI TOPS : 614(FP4) / GDDR7 / 출력단자 : HDMI2.1 , DP2.1 / 지원정보 : 8K 지원 , HDR 지원 , HDCP 2.3 / 2팬 / 두께 : 40mm / 제로팬(0-dB기술) / 백플레이트 / A/S 3년",https://img.danuri.io/catalog-image/816/704/093/8a20f128658a42f5993e5ea1a214b16e.jpg?shrink=130:130&_v=20261006132413,https://prod.danawa.com/info/?pcode=93704816&cate=112753
62,GIGABYTE,GIGABYTE 지포스 RTX 5060 UD2 OC D7 8GB Nano LP 피씨디렉트,"690,550","RTX 5060 / PCIe5.0x16(at x8) / 550W 이상 / 전원 포트 : 8핀 x1 / 가로(길이) : 182mm / 베이스클럭 : 2280 / 부스트클럭 : 2512MHz / 스트림 프로세서 : 3840 / 최대 AI TOPS : 614(FP4) / GDDR7 / 출력단자 : HDMI2.1 , DP2.1 , DP1.4 / 지원정보 : 8K 지원 , HDR 지원 , HDCP 2.3 / 3팬 / 두께 : 36mm / 백플레이트 / 구성품 : 일반브라켓 , LP브라켓 / A/S 3년",https://img.danuri.io/catalog-image/937/889/090/bc6c26e3f50a43e4bc2925d62c95c2e6.jpg?shrink=130:130&_v=20261006090608,https://prod.danawa.com/info/?pcode=90889937&cate=112753
63,GIGABYTE,GIGABYTE 지포스 RTX 5060 WINDFORCE MAX OC D7 8GB 제이씨현,"696,790","RTX 5060 / PCIe5.0x16(at x8) / 450W 이상 / 전원 포트 : 8핀 x1 / 가로(길이) : 199mm / 베이스클럭 : 2280 / 부스트클럭 : 2512MHz / 스트림 프로세서 : 3840 / 최대 AI TOPS : 614(FP4) / GDDR7 / 출력단자 : HDMI2.1 , DP2.1 / 지원정보 : 8K 지원 , HDR 지원 , HDCP 2.3 / 2팬 / 두께 : 40mm / 제로팬(0-dB기술) / 백플레이트 / A/S 3년",https://img.danuri.io/catalog-image/963/028/094/f905033ac7854d0f82c8aeedadde47b3.jpg?shrink=130:130&_v=20261006150043,https://prod.danawa.com/info/?pcode=94028963&cate=112753
64,GIGABYTE,GIGABYTE 지포스 RTX 5060 GAMING OC D7 8GB 피씨디렉트,"711,310","RTX 5060 / PCIe5.0x16(at x8) / 550W 이상 / 전원 포트 : 8핀 x1 / 가로(길이) : 281mm / 베이스클럭 : 2280 / 부스트클럭 : 2595MHz / 스트림 프로세서 : 3840 / 최대 AI TOPS : 614(FP4) / GDDR7 / 출력단자 : HDMI2.1 , DP2.1 / 지원정보 : 8K 지원 , HDR 지원 , HDCP 2.3 / 3팬 / 두께 : 40mm / 제로팬(0-dB기술) / 백플레이트 / LED 라이트 / Dual BIOS / A/S 3년",https://img.danuri.io/catalog-image/682/889/090/e16d644577634182adff6f1f37217b27.jpg?shrink=130:130&_v=20261006140323,https://prod.danawa.com/info/?pcode=90889682&cate=112753
65,GIGABYTE,GIGABYTE 지포스 RTX 5060 EAGLE MAX OC D7 8GB 피씨디렉트,"692,610","RTX 5060 / PCIe5.0x16(at x8) / 550W 이상 / 전원 포트 : 8핀 x1 / 가로(길이) : 281mm / 베이스클럭 : 2280 / 부스트클럭 : 2550MHz / 스트림 프로세서 : 3840 / 최대 AI TOPS : 614(FP4) / GDDR7 / 출력단자 : HDMI2.1 , DP2.1 / 지원정보 : 8K 지원 , HDR 지원 , HDCP 2.3 / 3팬 / 두께 : 40mm / 제로팬(0-dB기술) / 백플레이트 / Control Center / A/S 3년",https://img.danuri.io/catalog-image/696/364/097/abb25f863ccc49a38f47b9cd7553ce19.jpg?shrink=130:130&_v=20261006151848,https://prod.danawa.com/info/?pcode=97364696&cate=112753
66,GIGABYTE,GIGABYTE 지포스 RTX 5060 GAMING OC D7 8GB 제이씨현,"709,990","RTX 5060 / PCIe5.0x16(at x8) / 450W 이상 / 전원 포트 : 8핀 x1 / 가로(길이) : 281mm / 베이스클럭 : 2280 / 부스트클럭 : 2595MHz / 스트림 프로세서 : 3840 / 최대 AI TOPS : 614(FP4) / GDDR7 / 출력단자 : HDMI2.1 , DP2.1 / 지원정보 : 8K 지원 , HDR 지원 , HDCP 2.3 / 3팬 / 두께 : 40mm / 제로팬(0-dB기술) / 백플레이트 / LED 라이트 / Dual BIOS / A/S 3년",https://img.danuri.io/catalog-image/958/892/090/222da16f621447adb3a3250d5bd2f75f.jpg?shrink=130:130&_v=20261006150703,https://prod.danawa.com/info/?pcode=90892958&cate=112753
67,GIGABYTE,GIGABYTE 지포스 RTX 5060 WINDFORCE MAX OC V2 D7 8GB 제이씨현,"705,080","RTX 5060 / PCIe5.0x16(at x8) / 450W 이상 / 전원 포트 : 8핀 x1 / 가로(길이) : 199mm / 베이스클럭 : 2280 / 부스트클럭 : 2512MHz / 스트림 프로세서 : 3840 / GDDR7 / 출력단자 : HDMI2.1 , DP2.1 / 지원정보 : 8K 지원 , HDR 지원 , HDCP 2.3 / 2팬 / 두께 : 40mm / 제로팬(0-dB기술) / 백플레이트 / A/S 3년",https://img.danuri.io/catalog-image/650/726/122/d2b0013dbcbe4f5aa5b7ccd885132429.jpeg?shrink=130:130&_v=20261006150333,https://prod.danawa.com/info/?pcode=122726650&cate=112753
68,GIGABYTE,GIGABYTE 지포스 RTX 5060 EAGLE OC ICE D7 8GB 제이씨현,"707,660","RTX 5060 / PCIe5.0x16(at x8) / 450W 이상 / 전원 포트 : 8핀 x1 / 가로(길이) : 208mm / 베이스클럭 : 2280 / 부스트클럭 : 2550MHz / 스트림 프로세서 : 3840 / 최대 AI TOPS : 614(FP4) / GDDR7 / 출력단자 : HDMI2.1 , DP2.1 / 지원정보 : 8K 지원 , HDR 지원 , HDCP 2.3 / 2팬 / 두께 : 40mm / 제로팬(0-dB기술) / 백플레이트 / Dual BIOS / A/S 3년",https://img.danuri.io/catalog-image/955/892/090/8ec837a56c744f14b19d6f0cefee65fc.jpg?shrink=130:130&_v=20261006080652,https://prod.danawa.com/info/?pcode=90892955&cate=112753
69,GIGABYTE,GIGABYTE 지포스 RTX 5060 EAGLE MAX OC D7 8GB 제이씨현,"718,980","RTX 5060 / PCIe5.0x16(at x8) / 550W 이상 / 전원 포트 : 8핀 x1 / 가로(길이) : 281mm / 베이스클럭 : 2280 / 부스트클럭 : 2550MHz / 스트림 프로세서 : 3840 / 최대 AI TOPS : 614(FP4) / GDDR7 / 출력단자 : HDMI2.1 , DP2.1 / 지원정보 : 8K 지원 , HDR 지원 , HDCP 2.3 / 3팬 / 두께 : 40mm / 제로팬(0-dB기술) / 백플레이트 / Control Center / A/S 3년",https://img.danuri.io/catalog-image/131/569/094/b3b54946562d48189b74920a14b4e908.jpg?shrink=130:130&_v=20261006080652,https://prod.danawa.com/info/?pcode=94569131&cate=112753
70,GIGABYTE,GIGABYTE 지포스 RTX 5060 EAGLE OC D7 8GB 제이씨현,"704,100","RTX 5060 / PCIe5.0x16(at x8) / 450W 이상 / 전원 포트 : 8핀 x1 / 가로(길이) : 208mm / 베이스클럭 : 2280 / 부스트클럭 : 2550MHz / 스트림 프로세서 : 3840 / 최대 AI TOPS : 614(FP4) / GDDR7 / 출력단자 : HDMI2.1 , DP2.1 / 지원정보 : 8K 지원 , HDR 지원 , HDCP 2.3 / 2팬 / 두께 : 40mm / 제로팬(0-dB기술) / 백플레이트 / Dual BIOS / A/S 3년",https://img.danuri.io/catalog-image/949/892/090/d75628c1e339470bb80113ea92472a90.jpg?shrink=130:130&_v=20261006082203,https://prod.danawa.com/info/?pcode=90892949&cate=112753
71,GIGABYTE,GIGABYTE 지포스 RTX 5060 EAGLE OC D7 8GB 피씨디렉트,"689,510","RTX 5060 / PCIe5.0x16(at x8) / 550W 이상 / 전원 포트 : 8핀 x1 / 가로(길이) : 208mm / 베이스클럭 : 2280 / 부스트클럭 : 2550MHz / 스트림 프로세서 : 3840 / 최대 AI TOPS : 614(FP4) / GDDR7 / 출력단자 : HDMI2.1 , DP2.1 / 지원정보 : 8K 지원 , HDR 지원 , HDCP 2.3 / 2팬 / 두께 : 40mm / 제로팬(0-dB기술) / 백플레이트 / Dual BIOS / A/S 3년",https://img.danuri.io/catalog-image/817/889/090/6318b20dcdde41278f1827bd79f2b387.jpg?shrink=130:130&_v=20261006140428,https://prod.danawa.com/info/?pcode=90889817&cate=112753
72,GIGABYTE,GIGABYTE 지포스 RTX 5060 WINDFORCE OC D7 8GB 제이씨현,"666,810","RTX 5060 / PCIe5.0x16(at x8) / 450W 이상 / 전원 포트 : 8핀 x1 / 가로(길이) : 199mm / 베이스클럭 : 2280 / 부스트클럭 : 2512MHz / 스트림 프로세서 : 3840 / 최대 AI TOPS : 614(FP4) / GDDR7 / 출력단자 : HDMI2.1 , DP2.1 / 지원정보 : 8K 지원 , HDR 지원 , HDCP 2.3 / 2팬 / 두께 : 40mm / 제로팬(0-dB기술) / 백플레이트 / A/S 3년",https://img.danuri.io/catalog-image/970/892/090/a7a7958150fe4dcf921249d350602acc.jpg?shrink=130:130&_v=20261006134243,https://prod.danawa.com/info/?pcode=90892970&cate=112753
73,GIGABYTE,GIGABYTE 지포스 RTX 5060 WINDFORCE MAX OC V2 D7 8GB 피씨디렉트,"678,980","RTX 5060 / PCIe5.0x16(at x8) / 450W 이상 / 전원 포트 : 8핀 x1 / 가로(길이) : 199mm / 베이스클럭 : 2280 / 부스트클럭 : 2512MHz / 스트림 프로세서 : 3840 / GDDR7 / 출력단자 : HDMI2.1 , DP2.1 / 지원정보 : 8K 지원 , HDR 지원 , HDCP 2.3 / 2팬 / 두께 : 40mm / 제로팬(0-dB기술) / 백플레이트 / A/S 3년",https://img.danuri.io/catalog-image/994/805/123/e502b339cf20470aa707e7f313a8d78d.jpeg?shrink=130:130&_v=20261006145633,https://prod.danawa.com/info/?pcode=123805994&cate=112753
74,GIGABYTE,GIGABYTE 지포스 RTX 5060 GAMING OC V2 D7 8GB 제이씨현,"734,600","RTX 5060 / PCIe5.0x16(at x8) / 550W 이상 / 전원 포트 : 8핀 x1 / 가로(길이) : 281mm / 베이스클럭 : 2497 / 부스트클럭 : 2602MHz / 스트림 프로세서 : 3840 / 최대 AI TOPS : 614(FP4) / GDDR7 / 출력단자 : HDMI2.1 , DP2.1 / 지원정보 : 8K 지원 , HDR 지원 , HDCP 2.3 / 3팬 / 두께 : 40mm / 제로팬(0-dB기술) / 백플레이트 / LED 라이트 / Dual BIOS / A/S 3년",https://img.danuri.io/catalog-image/015/743/123/6b61b2de501b41b59b41b5c41d6a2c99.jpeg?shrink=130:130&_v=20261006082113,https://prod.danawa.com/info/?pcode=123743015&cate=112753
75,GIGABYTE,GIGABYTE 지포스 RTX 5060 GAMING OC V2 D7 8GB 피씨디렉트,"715,760","RTX 5060 / PCIe5.0x16(at x8) / 550W 이상 / 전원 포트 : 8핀 x1 / 가로(길이) : 281mm / 베이스클럭 : 2497 / 부스트클럭 : 2602MHz / 스트림 프로세서 : 3840 / 최대 AI TOPS : 614(FP4) / GDDR7 / 출력단자 : HDMI2.1 , DP2.1 / 지원정보 : 8K 지원 , HDR 지원 , HDCP 2.3 / 3팬 / 두께 : 40mm / 제로팬(0-dB기술) / 백플레이트 / LED 라이트 / Dual BIOS / A/S 3년",https://img.danuri.io/catalog-image/887/678/122/03f99f2a4436433a9188e5e202b580a0.jpeg?shrink=130:130&_v=20261006084143,https://prod.danawa.com/info/?pcode=122678887&cate=112753
76,GIGABYTE,GIGABYTE 지포스 RTX 5060 UD2 OC D7 8GB Nano LP 제이씨현,"749,000","RTX 5060 / PCIe5.0x16(at x8) / 450W 이상 / 전원 포트 : 8핀 x1 / 가로(길이) : 182mm / 베이스클럭 : 2280 / 부스트클럭 : 2512MHz / 스트림 프로세서 : 3840 / 최대 AI TOPS : 614(FP4) / GDDR7 / 출력단자 : HDMI2.1 , DP2.1 , DP1.4 / 지원정보 : 8K 지원 , HDR 지원 , HDCP 2.3 / 3팬 / 두께 : 36mm / 백플레이트 / 구성품 : 일반브라켓 , LP브라켓 / A/S 3년",https://img.danuri.io/catalog-image/964/892/090/5f2cef1777d54295abf2499ef01184e0.jpg?shrink=130:130&_v=20261006153703,https://prod.danawa.com/info/?pcode=90892964&cate=112753
77,GIGABYTE,GIGABYTE 지포스 RTX 5060 AERO OC D7 8GB 피씨디렉트,"710,000","RTX 5060 / PCIe5.0x16(at x8) / 550W 이상 / 전원 포트 : 8핀 x1 / 가로(길이) : 281mm / 베이스클럭 : 2280 / 부스트클럭 : 2595MHz / 스트림 프로세서 : 3840 / 최대 AI TOPS : 614(FP4) / GDDR7 / 출력단자 : HDMI2.1 , DP2.1 / 지원정보 : 8K 지원 , HDR 지원 , HDCP 2.3 / 3팬 / 두께 : 40mm / 제로팬(0-dB기술) / 백플레이트 / LED 라이트 / Dual BIOS / A/S 3년",https://img.danuri.io/catalog-image/754/889/090/b7e05c42b38d4bd2a4dd6cbe09e5ca72.jpg?shrink=130:130&_v=20261006110738,https://prod.danawa.com/info/?pcode=90889754&cate=112753
78,GIGABYTE,GIGABYTE 지포스 RTX 5060 AERO OC D7 8GB 제이씨현,"730,000","RTX 5060 / PCIe5.0x16(at x8) / 450W 이상 / 전원 포트 : 8핀 x1 / 가로(길이) : 281mm / 베이스클럭 : 2280 / 부스트클럭 : 2595MHz / 스트림 프로세서 : 3840 / 최대 AI TOPS : 614(FP4) / GDDR7 / 출력단자 : HDMI2.1 , DP2.1 / 지원정보 : 8K 지원 , HDR 지원 , HDCP 2.3 / 3팬 / 두께 : 40mm / 제로팬(0-dB기술) / 백플레이트 / LED 라이트 / Dual BIOS / A/S 3년",https://img.danuri.io/catalog-image/943/892/090/724eef5fa24249cdabd5d67848e9778e.jpg?shrink=130:130&_v=20261005080552,https://prod.danawa.com/info/?pcode=90892943&cate=112753
79,GIGABYTE,GIGABYTE AORUS 지포스 RTX 5060 ELITE D7 8GB 피씨디렉트,"3,034,950","RTX 5060 / PCIe5.0x16(at x8) / 550W 이상 / 전원 포트 : 8핀 x1 / 가로(길이) : 329mm / 베이스클럭 : 2280 / 부스트클럭 : 2722MHz / 스트림 프로세서 : 3840 / 최대 AI TOPS : 614(FP4) / GDDR7 / 출력단자 : HDMI2.1 , DP2.1 / 지원정보 : 8K 지원 , HDR 지원 , HDCP 2.3 / 3팬 / 두께 : 40mm / 제로팬(0-dB기술) / 백플레이트 / LED 라이트 / Dual BIOS / A/S 4년",https://img.danuri.io/catalog-image/598/889/090/2cd91448086240da95d8c1054813c051.jpg?shrink=130:130&_v=20261006080705,https://prod.danawa.com/info/?pcode=90889598&cate=112753
80,GIGABYTE,GIGABYTE 지포스 RTX 5060 WINDFORCE D7 8GB 제이씨현,"802,530","RTX 5060 / PCIe5.0x16(at x8) / 450W 이상 / 전원 포트 : 8핀 x1 / 가로(길이) : 199mm / 베이스클럭 : 2280 / 부스트클럭 : 2497MHz / 스트림 프로세서 : 3840 / 최대 AI TOPS : 614(FP4) / GDDR7 / 출력단자 : HDMI2.1 , DP2.1 / 지원정보 : 8K 지원 , HDR 지원 , HDCP 2.3 / 2팬 / 두께 : 40mm / 제로팬(0-dB기술) / 백플레이트 / A/S 3년",https://img.danuri.io/catalog-image/967/892/090/bee12810aee9481aa4bb3d29043e4e77.jpg?shrink=130:130&_v=20261006090333,https://prod.danawa.com/info/?pcode=90892967&cate=112753
81,GIGABYTE,GIGABYTE 지포스 RTX 5060 Ti WINDFORCE MAX OC D7 8GB 피씨디렉트,"761,370","RTX 5060 Ti / PCIe5.0x16(at x8) / 650W 이상 / 전원 포트 : 8핀 x1 / 가로(길이) : 208mm / 베이스클럭 : 2407 / 부스트클럭 : 2587MHz / 스트림 프로세서 : 4608 / 최대 AI TOPS : 759(FP4) / GDDR7 / 출력단자 : HDMI2.1 , DP2.1 / 지원정보 : 8K 지원 , HDR 지원 , HDCP 2.3 / 2팬 / 두께 : 40mm / 제로팬(0-dB기술) / 백플레이트 / Control Center / A/S 3년",https://img.danuri.io/catalog-image/759/704/093/0839a6cae769406bb979c1af7ccee0bb.jpg?shrink=130:130&_v=20261006080705,https://prod.danawa.com/info/?pcode=93704759&cate=112753
82,GIGABYTE,GIGABYTE 지포스 RTX 5060 Ti WINDFORCE MAX OC D7 8GB 제이씨현,"770,490","RTX 5060 Ti / PCIe5.0x16(at x8) / 650W 이상 / 전원 포트 : 8핀 x1 / 가로(길이) : 208mm / 베이스클럭 : 2407 / 부스트클럭 : 2587MHz / 스트림 프로세서 : 4608 / 최대 AI TOPS : 759(FP4) / GDDR7 / 출력단자 : HDMI2.1 , DP2.1 / 지원정보 : 8K 지원 , HDR 지원 , HDCP 2.3 / 2팬 / 두께 : 40mm / 제로팬(0-dB기술) / 백플레이트 / Control Center / A/S 3년",https://img.danuri.io/catalog-image/864/028/094/17009159cc9a43f5ae85346ca3e1b74e.jpg?shrink=130:130&_v=20261006130939,https://prod.danawa.com/info/?pcode=94028864&cate=112753
83,GIGABYTE,GIGABYTE AORUS 지포스 RTX 5060 Ti AI BOX D7 16GB 제이씨현,"1,499,000","RTX 5060 Ti / 썬더볼트5 / 전원 포트 : 외부AC전원 / 가로(길이) : 243.7mm / 부스트클럭 : 2572MHz / GDDR7 / VRAM 대역폭 : 448 GB/s / 출력단자 : HDMI2.1 , DP1.4 , 썬더볼트5 , USB3.x 5Gbps , 기가비트LAN / 지원정보 : 8K 지원 , HDR 지원 , HDCP 지원 / 두께 : 48.2mm / LED 라이트 / RGB FUSION / 외장그래픽(eGPU) / A/S 3년",https://img.danuri.io/catalog-image/959/197/124/441603a2c0414b11a1c116933f3ee1de.jpeg?shrink=130:130&_v=20261006080523,https://prod.danawa.com/info/?pcode=124197959&cate=112753
84,GIGABYTE,GIGABYTE 지포스 RTX 5060 Ti EAGLE MAX OC D7 8GB 피씨디렉트,"809,950","RTX 5060 Ti / PCIe5.0x16(at x8) / 650W 이상 / 전원 포트 : 8핀 x1 / 가로(길이) : 281mm / 베이스클럭 : 2407 / 부스트클럭 : 2617MHz / 스트림 프로세서 : 4608 / 최대 AI TOPS : 759(FP4) / GDDR7 / 출력단자 : HDMI2.1 , DP2.1 / 지원정보 : 8K 지원 , HDR 지원 , HDCP 2.3 / 3팬 / 두께 : 40mm / 제로팬(0-dB기술) / 백플레이트 / A/S 3년",https://img.danuri.io/catalog-image/930/691/094/6072a11b70ff404eae7030f9468e8291.jpg?shrink=130:130&_v=20261006150723,https://prod.danawa.com/info/?pcode=94691930&cate=112753
85,GIGABYTE,GIGABYTE 지포스 RTX 5060 Ti WINDFORCE OC D7 16GB 피씨디렉트,"900,000","RTX 5060 Ti / PCIe5.0x16(at x8) / 650W 이상 / 전원 포트 : 8핀 x1 / 가로(길이) : 208mm / 베이스클럭 : 2407 / 부스트클럭 : 2587MHz / 스트림 프로세서 : 4608 / 최대 AI TOPS : 759(FP4) / GDDR7 / VRAM 대역폭 : 448 GB/s / 출력단자 : HDMI2.1 , DP2.1 / 지원정보 : 8K 지원 , HDR 지원 , HDCP 2.3 / 2팬 / 두께 : 40mm / 제로팬(0-dB기술) / 백플레이트 / A/S 3년",https://img.danuri.io/catalog-image/985/715/081/c3233e476af84546a2b5c1a4cb5efc27.jpg?shrink=130:130&_v=20261006080535,https://prod.danawa.com/info/?pcode=81715985&cate=112753
86,GIGABYTE,GIGABYTE 지포스 RTX 5060 Ti GAMING OC D7 8GB 제이씨현,"823,780","RTX 5060 Ti / PCIe5.0x16(at x8) / 650W 이상 / 전원 포트 : 8핀 x1 / 가로(길이) : 281mm / 베이스클럭 : 2407 / 부스트클럭 : 2647MHz / 스트림 프로세서 : 4608 / 최대 AI TOPS : 759(FP4) / GDDR7 / 출력단자 : HDMI2.1 , DP2.1 / 지원정보 : 8K 지원 , HDR 지원 , HDCP 2.3 / 3팬 / 두께 : 40mm / 제로팬(0-dB기술) / 백플레이트 / LED 라이트 / Dual BIOS / A/S 3년",https://img.danuri.io/catalog-image/295/132/088/68ccb1b2bf3f46f3be253d2b83f7f609.jpg?shrink=130:130&_v=20261006080652,https://prod.danawa.com/info/?pcode=88132295&cate=112753
87,GIGABYTE,GIGABYTE 지포스 RTX 5060 Ti AERO OC D7 8GB 피씨디렉트,"827,480","RTX 5060 Ti / PCIe5.0x16(at x8) / 650W 이상 / 전원 포트 : 8핀 x1 / 가로(길이) : 281mm / 베이스클럭 : 2407 / 부스트클럭 : 2647MHz / 스트림 프로세서 : 4608 / 최대 AI TOPS : 759(FP4) / GDDR7 / 출력단자 : HDMI2.1 , DP2.1 / 지원정보 : 8K 지원 , HDR 지원 , HDCP 2.3 / 사용전력 : 180W / 3팬 / 두께 : 40mm / 제로팬(0-dB기술) / 백플레이트 / LED 라이트 / Dual BIOS / A/S 3년",https://img.danuri.io/catalog-image/078/716/081/7d067fd9cef7474fb9d91f15df46e80a.jpg?shrink=130:130&_v=20261006153703,https://prod.danawa.com/info/?pcode=81716078&cate=112753
88,GIGABYTE,GIGABYTE 지포스 RTX 5060 Ti EAGLE OC D7 8GB 제이씨현,"768,020","RTX 5060 Ti / PCIe5.0x16(at x8) / 650W 이상 / 전원 포트 : 8핀 x1 / 가로(길이) : 215mm / 베이스클럭 : 2407 / 부스트클럭 : 2617MHz / 스트림 프로세서 : 4608 / 최대 AI TOPS : 759(FP4) / GDDR7 / 출력단자 : HDMI2.1 , DP2.1 / 지원정보 : 8K 지원 , HDR 지원 , HDCP 2.3 / 2팬 / 두께 : 40mm / 제로팬(0-dB기술) / 백플레이트 / A/S 3년",https://img.danuri.io/catalog-image/232/132/088/0d95b6ac705c49fb889c13289b0e9dd5.jpg?shrink=130:130&_v=20261006080522,https://prod.danawa.com/info/?pcode=88132232&cate=112753
89,GIGABYTE,GIGABYTE AORUS 지포스 RTX 5060 Ti AI BOX D7 16GB 피씨디렉트,"1,499,000","RTX 5060 Ti / 썬더볼트5 / 전원 포트 : 외부AC전원 / 가로(길이) : 243.7mm / 부스트클럭 : 2572MHz / GDDR7 / VRAM 대역폭 : 448 GB/s / 출력단자 : HDMI2.1 , DP1.4 , 썬더볼트5 , USB3.x 5Gbps , 기가비트LAN / 지원정보 : 8K 지원 , HDR 지원 , HDCP 지원 / 두께 : 48.2mm / LED 라이트 / RGB FUSION / 외장그래픽(eGPU) / A/S 3년",https://img.danuri.io/catalog-image/228/981/123/c1038928f5c64cbfac8c90b547ddbedc.jpeg?shrink=130:130&_v=20261006080536,https://prod.danawa.com/info/?pcode=123981228&cate=112753
90,GIGABYTE,GIGABYTE 지포스 RTX 5060 Ti GAMING OC D7 8GB 피씨디렉트,"820,980","RTX 5060 Ti / PCIe5.0x16(at x8) / 650W 이상 / 전원 포트 : 8핀 x1 / 가로(길이) : 281mm / 베이스클럭 : 2407 / 부스트클럭 : 2647MHz / 스트림 프로세서 : 4608 / 최대 AI TOPS : 759(FP4) / GDDR7 / 출력단자 : HDMI2.1 , DP2.1 / 지원정보 : 8K 지원 , HDR 지원 , HDCP 2.3 / 3팬 / 두께 : 40mm / 제로팬(0-dB기술) / 백플레이트 / LED 라이트 / Dual BIOS / A/S 3년",https://img.danuri.io/catalog-image/057/716/081/2af80bcc80b74b2cbb04a5912638829b.jpg?shrink=130:130&_v=20261006121458,https://prod.danawa.com/info/?pcode=81716057&cate=112753
91,GIGABYTE,GIGABYTE 지포스 RTX 5060 Ti EAGLE OC ICE D7 8GB 피씨디렉트,"804,620","RTX 5060 Ti / PCIe5.0x16(at x8) / 650W 이상 / 전원 포트 : 8핀 x1 / 가로(길이) : 215mm / 베이스클럭 : 2407 / 부스트클럭 : 2617MHz / 스트림 프로세서 : 4608 / 최대 AI TOPS : 759(FP4) / GDDR7 / 출력단자 : HDMI2.1 , DP2.1 / 지원정보 : 8K 지원 , HDR 지원 , HDCP 2.3 / 2팬 / 두께 : 40mm / 제로팬(0-dB기술) / 백플레이트 / A/S 3년",https://img.danuri.io/catalog-image/123/716/081/a9f0f7147cd34897883c7ac150d0580d.jpg?shrink=130:130&_v=20261006124929,https://prod.danawa.com/info/?pcode=81716123&cate=112753
92,GIGABYTE,GIGABYTE 지포스 RTX 5060 Ti WINDFORCE OC D7 8GB 제이씨현,"770,830","RTX 5060 Ti / PCIe5.0x16(at x8) / 650W 이상 / 전원 포트 : 8핀 x1 / 가로(길이) : 208mm / 베이스클럭 : 2407 / 부스트클럭 : 2587MHz / 스트림 프로세서 : 4608 / 최대 AI TOPS : 759(FP4) / GDDR7 / 출력단자 : HDMI2.1 , DP2.1 / 지원정보 : 8K 지원 , HDR 지원 , HDCP 2.3 / 2팬 / 두께 : 40mm / 제로팬(0-dB기술) / 백플레이트 / A/S 3년",https://img.danuri.io/catalog-image/310/132/088/08a9fc4dd4424906a6c9d32fd094a59a.jpg?shrink=130:130&_v=20261006131453,https://prod.danawa.com/info/?pcode=88132310&cate=112753
93,GIGABYTE,GIGABYTE 지포스 RTX 5060 Ti EAGLE OC D7 8GB 피씨디렉트,"775,000","RTX 5060 Ti / PCIe5.0x16(at x8) / 650W 이상 / 전원 포트 : 8핀 x1 / 가로(길이) : 215mm / 베이스클럭 : 2407 / 부스트클럭 : 2617MHz / 스트림 프로세서 : 4608 / 최대 AI TOPS : 759(FP4) / GDDR7 / 출력단자 : HDMI2.1 , DP2.1 / 지원정보 : 8K 지원 , HDR 지원 , HDCP 2.3 / 2팬 / 두께 : 40mm / 제로팬(0-dB기술) / 백플레이트 / A/S 3년",https://img.danuri.io/catalog-image/102/716/081/07f8144c04ac4f2695eb70e8926ad485.jpg?shrink=130:130&_v=20261006080541,https://prod.danawa.com/info/?pcode=81716102&cate=112753
94,GIGABYTE,GIGABYTE 지포스 RTX 5060 Ti AERO OC D7 8GB 제이씨현,"851,990","RTX 5060 Ti / PCIe5.0x16(at x8) / 650W 이상 / 전원 포트 : 8핀 x1 / 가로(길이) : 281mm / 베이스클럭 : 2407 / 부스트클럭 : 2647MHz / 스트림 프로세서 : 4608 / 최대 AI TOPS : 759(FP4) / GDDR7 / 출력단자 : HDMI2.1 , DP2.1 / 지원정보 : 8K 지원 , HDR 지원 , HDCP 2.3 / 사용전력 : 180W / 3팬 / 두께 : 40mm / 제로팬(0-dB기술) / 백플레이트 / LED 라이트 / Dual BIOS / A/S 3년",https://img.danuri.io/catalog-image/187/132/088/5154dbae4aa8430080577397f1ef06e2.jpg?shrink=130:130&_v=20261006124244,https://prod.danawa.com/info/?pcode=88132187&cate=112753
95,GIGABYTE,GIGABYTE 지포스 RTX 5060 Ti EAGLE MAX OC D7 8GB 제이씨현,"812,000","RTX 5060 Ti / PCIe5.0x16(at x8) / 650W 이상 / 전원 포트 : 8핀 x1 / 가로(길이) : 281mm / 베이스클럭 : 2407 / 부스트클럭 : 2617MHz / 스트림 프로세서 : 4608 / 최대 AI TOPS : 759(FP4) / GDDR7 / 출력단자 : HDMI2.1 , DP2.1 / 지원정보 : 8K 지원 , HDR 지원 , HDCP 2.3 / 3팬 / 두께 : 40mm / 제로팬(0-dB기술) / 백플레이트 / A/S 3년",https://img.danuri.io/catalog-image/879/481/103/c967a9163a76402e922174eff7fa288d.jpg?shrink=130:130&_v=20261006130603,https://prod.danawa.com/info/?pcode=103481879&cate=112753
96,GIGABYTE,GIGABYTE 지포스 RTX 5060 Ti EAGLE MAX OC D7 16GB 제이씨현,"1,283,480","RTX 5060 Ti / PCIe5.0x16(at x8) / 650W 이상 / 전원 포트 : 8핀 x1 / 가로(길이) : 281mm / 베이스클럭 : 2407 / 부스트클럭 : 2617MHz / 스트림 프로세서 : 4608 / 최대 AI TOPS : 759(FP4) / GDDR7 / VRAM 대역폭 : 448 GB/s / 출력단자 : HDMI2.1 , DP2.1 / 지원정보 : 8K 지원 , HDR 지원 , HDCP 2.3 / 3팬 / 두께 : 40mm / 제로팬(0-dB기술) / 백플레이트 / A/S 3년",https://img.danuri.io/catalog-image/372/327/124/06d296c6160e4685bde70a0e81c15ee4.jpeg?shrink=130:130&_v=20261006125204,https://prod.danawa.com/info/?pcode=124327372&cate=112753
97,GIGABYTE,GIGABYTE 지포스 RTX 5060 Ti WINDFORCE OC D7 8GB 피씨디렉트,"770,830","RTX 5060 Ti / PCIe5.0x16(at x8) / 650W 이상 / 전원 포트 : 8핀 x1 / 가로(길이) : 208mm / 베이스클럭 : 2407 / 부스트클럭 : 2587MHz / 스트림 프로세서 : 4608 / 최대 AI TOPS : 759(FP4) / GDDR7 / 출력단자 : HDMI2.1 , DP2.1 / 지원정보 : 8K 지원 , HDR 지원 , HDCP 2.3 / 2팬 / 두께 : 40mm / 제로팬(0-dB기술) / 백플레이트 / A/S 3년",https://img.danuri.io/catalog-image/255/716/081/6bb2c547828647e680128335422d12c8.jpg?shrink=130:130&_v=20261006122203,https://prod.danawa.com/info/?pcode=81716255&cate=112753
98,GIGABYTE,GIGABYTE 지포스 RTX 5060 Ti WINDFORCE D7 8GB 피씨디렉트,"826,650","RTX 5060 Ti / PCIe5.0x16(at x8) / 650W 이상 / 전원 포트 : 8핀 x1 / 가로(길이) : 208mm / 베이스클럭 : 2407 / 부스트클럭 : 2572MHz / 스트림 프로세서 : 4608 / 최대 AI TOPS : 759(FP4) / GDDR7 / 출력단자 : HDMI2.1 , DP2.1 / 지원정보 : 8K 지원 , HDR 지원 , HDCP 2.3 / 2팬 / 두께 : 40mm / 제로팬(0-dB기술) / 백플레이트 / A/S 3년",https://img.danuri.io/catalog-image/264/716/081/b53a0044dbbb430a8b787075fe82bd9c.jpg?shrink=130:130&_v=20261006080522,https://prod.danawa.com/info/?pcode=81716264&cate=112753
99,GIGABYTE,GIGABYTE 지포스 RTX 5060 Ti AERO OC D7 16GB 피씨디렉트,"1,069,500","RTX 5060 Ti / PCIe5.0x16(at x8) / 650W 이상 / 전원 포트 : 8핀 x1 / 가로(길이) : 281mm / 베이스클럭 : 2407 / 부스트클럭 : 2647MHz / 스트림 프로세서 : 4608 / 최대 AI TOPS : 759(FP4) / GDDR7 / VRAM 대역폭 : 448 GB/s / 출력단자 : HDMI2.1 , DP2.1 / 지원정보 : 8K 지원 , HDR 지원 , HDCP 2.3 / 사용전력 : 180W / 3팬 / 두께 : 40mm / 제로팬(0-dB기술) / 백플레이트 / LED 라이트 / Dual BIOS / A/S 3년",https://img.danuri.io/catalog-image/862/715/081/e0a3d941f929473396b912d072f3e28e.jpg?shrink=130:130&_v=20261006080705,https://prod.danawa.com/info/?pcode=81715862&cate=112753
100,GIGABYTE,GIGABYTE 지포스 RTX 5070 GAMING OC D7 12GB 제이씨현,"1,382,400","RTX 5070 / PCIe5.0x16 / 750W 이상 / 전원 포트 : 16핀(12V2x6) x1 / 가로(길이) : 327mm / 베이스클럭 : 2325 / 부스트클럭 : 2625MHz / 스트림 프로세서 : 6144 / 최대 AI TOPS : 988(FP4) / GDDR7 / VRAM 대역폭 : 672 GB/s / 출력단자 : HDMI2.1 , DP2.1 / 지원정보 : 8K 지원 , HDR 지원 , HDCP 2.3 / 3팬 / 두께 : 56mm / 제로팬(0-dB기술) / 백플레이트 / LED 라이트 / Dual BIOS / 구성품 : VGA지지대 , 2x8핀 to 16핀 커넥터 / A/S 4년",https://img.danuri.io/catalog-image/515/319/077/14ffdd42849f449a95d2ffd079920b8c.jpg?shrink=130:130&_v=20261006080536,https://prod.danawa.com/info/?pcode=77319515&cate=112753
101,GIGABYTE,GIGABYTE AORUS 지포스 RTX 5070 MASTER D7 12GB 피씨디렉트,"1,440,000","RTX 5070 / PCIe5.0x16 / 750W 이상 / 전원 포트 : 16핀(12V2x6) x1 / 가로(길이) : 317mm / 베이스클럭 : 2325 / 부스트클럭 : 2715MHz / 스트림 프로세서 : 6144 / 최대 AI TOPS : 988(FP4) / GDDR7 / VRAM 대역폭 : 672 GB/s / 출력단자 : HDMI2.1 , DP2.1 / 지원정보 : 8K 지원 , HDR 지원 , HDCP 2.3 / 3팬 / 두께 : 64mm / 제로팬(0-dB기술) / 백플레이트 / LED 라이트 / Dual BIOS / 구성품 : VGA지지대 , 2x8핀 to 16핀 커넥터 / A/S 4년",https://img.danuri.io/catalog-image/321/312/077/b5d4645833344e67b28d246249a68526.jpg?shrink=130:130&_v=20261006141738,https://prod.danawa.com/info/?pcode=77312321&cate=112753
102,GIGABYTE,GIGABYTE 지포스 RTX 5070 WINDFORCE OC SFF D7 12GB 제이씨현,"1,322,070","RTX 5070 / PCIe5.0x16 / 750W 이상 / 전원 포트 : 16핀(12V2x6) x1 / 가로(길이) : 282mm / 베이스클럭 : 2325 / 부스트클럭 : 2542MHz / 스트림 프로세서 : 6144 / 최대 AI TOPS : 988(FP4) / GDDR7 / VRAM 대역폭 : 672 GB/s / 출력단자 : HDMI2.1 , DP2.1 / 지원정보 : 8K 지원 , HDR 지원 , HDCP 2.3 / 3팬 / 두께 : 50mm / 제로팬(0-dB기술) / 백플레이트 / Dual BIOS / 구성품 : 2x8핀 to 16핀 커넥터 / A/S 3년",https://img.danuri.io/catalog-image/545/319/077/0472f3f5e2fa439094d28f96d5f37059.jpg?shrink=130:130&_v=20261006080541,https://prod.danawa.com/info/?pcode=77319545&cate=112753
103,GIGABYTE,GIGABYTE 지포스 RTX 5070 WINDFORCE OC SFF D7 12GB 피씨디렉트,"1,314,480","RTX 5070 / PCIe5.0x16 / 750W 이상 / 전원 포트 : 16핀(12V2x6) x1 / 가로(길이) : 282mm / 베이스클럭 : 2325 / 부스트클럭 : 2542MHz / 스트림 프로세서 : 6144 / 최대 AI TOPS : 988(FP4) / GDDR7 / VRAM 대역폭 : 672 GB/s / 출력단자 : HDMI2.1 , DP2.1 / 지원정보 : 8K 지원 , HDR 지원 , HDCP 2.3 / 3팬 / 두께 : 50mm / 제로팬(0-dB기술) / 백플레이트 / Dual BIOS / 구성품 : 2x8핀 to 16핀 커넥터 / A/S 3년",https://img.danuri.io/catalog-image/477/312/077/f01d2f3e6a244d599e031ddc469292e7.jpg?shrink=130:130&_v=20261006122723,https://prod.danawa.com/info/?pcode=77312477&cate=112753
104,GIGABYTE,GIGABYTE 지포스 RTX 5070 AERO OC D7 12GB 제이씨현,"1,390,440","RTX 5070 / PCIe5.0x16 / 750W 이상 / 전원 포트 : 16핀(12V2x6) x1 / 가로(길이) : 324mm / 베이스클럭 : 2325 / 부스트클럭 : 2625MHz / 스트림 프로세서 : 6144 / 최대 AI TOPS : 988(FP4) / GDDR7 / VRAM 대역폭 : 672 GB/s / 출력단자 : HDMI2.1 , DP2.1 / 지원정보 : 8K 지원 , HDR 지원 , HDCP 2.3 / 3팬 / 두께 : 56mm / 제로팬(0-dB기술) / 백플레이트 / LED 라이트 / Dual BIOS / 구성품 : VGA지지대 , 2x8핀 to 16핀 커넥터 / A/S 4년",https://img.danuri.io/catalog-image/503/319/077/8c33d217567d4ef0abd416994c04f52d.jpg?shrink=130:130&_v=20261006101348,https://prod.danawa.com/info/?pcode=77319503&cate=112753
105,GIGABYTE,GIGABYTE 지포스 RTX 5070 EAGLE OC ICE SFF D7 12GB 피씨디렉트,"1,355,560","RTX 5070 / PCIe5.0x16 / 750W 이상 / 전원 포트 : 16핀(12V2x6) x1 / 가로(길이) : 290mm / 베이스클럭 : 2325 / 부스트클럭 : 2587MHz / 스트림 프로세서 : 6144 / 최대 AI TOPS : 988(FP4) / GDDR7 / VRAM 대역폭 : 672 GB/s / 출력단자 : HDMI2.1 , DP2.1 / 지원정보 : 8K 지원 , HDR 지원 , HDCP 2.3 / 3팬 / 두께 : 50mm / 제로팬(0-dB기술) / 백플레이트 / LED 라이트 / 구성품 : 2x8핀 to 16핀 커넥터 / A/S 3년",https://img.danuri.io/catalog-image/543/312/077/f8a7a80860e64ca990da768f21abb450.jpg?shrink=130:130&_v=20261006153718,https://prod.danawa.com/info/?pcode=77312543&cate=112753
106,GIGABYTE,GIGABYTE 지포스 RTX 5070 AERO OC D7 12GB 피씨디렉트,"1,370,700","RTX 5070 / PCIe5.0x16 / 750W 이상 / 전원 포트 : 16핀(12V2x6) x1 / 가로(길이) : 324mm / 베이스클럭 : 2325 / 부스트클럭 : 2625MHz / 스트림 프로세서 : 6144 / 최대 AI TOPS : 988(FP4) / GDDR7 / VRAM 대역폭 : 672 GB/s / 출력단자 : HDMI2.1 , DP2.1 / 지원정보 : 8K 지원 , HDR 지원 , HDCP 2.3 / 3팬 / 두께 : 56mm / 제로팬(0-dB기술) / 백플레이트 / LED 라이트 / Dual BIOS / 구성품 : VGA지지대 , 2x8핀 to 16핀 커넥터 / A/S 4년",https://img.danuri.io/catalog-image/378/312/077/a56976d7eb7a4f1a83eebf5c9a408c7a.jpg?shrink=130:130&_v=20261006105803,https://prod.danawa.com/info/?pcode=77312378&cate=112753
107,GIGABYTE,GIGABYTE 지포스 RTX 5070 EAGLE OC ICE SFF D7 12GB 제이씨현,"1,333,870","RTX 5070 / PCIe5.0x16 / 750W 이상 / 전원 포트 : 16핀(12V2x6) x1 / 가로(길이) : 290mm / 베이스클럭 : 2325 / 부스트클럭 : 2587MHz / 스트림 프로세서 : 6144 / 최대 AI TOPS : 988(FP4) / GDDR7 / VRAM 대역폭 : 672 GB/s / 출력단자 : HDMI2.1 , DP2.1 / 지원정보 : 8K 지원 , HDR 지원 , HDCP 2.3 / 3팬 / 두께 : 50mm / 제로팬(0-dB기술) / 백플레이트 / LED 라이트 / 구성품 : 2x8핀 to 16핀 커넥터 / A/S 3년",https://img.danuri.io/catalog-image/527/319/077/2672f9cdba9a44f19493e151fd65e61a.jpg?shrink=130:130&_v=20261006080523,https://prod.danawa.com/info/?pcode=77319527&cate=112753
108,GIGABYTE,GIGABYTE 지포스 RTX 5070 GAMING OC D7 12GB 피씨디렉트,"1,376,480","RTX 5070 / PCIe5.0x16 / 750W 이상 / 전원 포트 : 16핀(12V2x6) x1 / 가로(길이) : 327mm / 베이스클럭 : 2325 / 부스트클럭 : 2625MHz / 스트림 프로세서 : 6144 / 최대 AI TOPS : 988(FP4) / GDDR7 / VRAM 대역폭 : 672 GB/s / 출력단자 : HDMI2.1 , DP2.1 / 지원정보 : 8K 지원 , HDR 지원 , HDCP 2.3 / 3팬 / 두께 : 56mm / 제로팬(0-dB기술) / 백플레이트 / LED 라이트 / Dual BIOS / 구성품 : VGA지지대 , 2x8핀 to 16핀 커넥터 / A/S 4년",https://img.danuri.io/catalog-image/077/313/077/63c065dfe3484a7096e50a313024c0e3.jpg?shrink=130:130&_v=20261006114538,https://prod.danawa.com/info/?pcode=77313077&cate=112753
109,GIGABYTE,GIGABYTE AORUS 지포스 RTX 5070 INFINITY D7 12GB 피씨디렉트,"1,508,310","RTX 5070 / PCIe5.0x16 / 750W 이상 / 전원 포트 : 16핀(12V2x6) x1 / 가로(길이) : 309mm / 부스트클럭 : 2715MHz / 스트림 프로세서 : 6144 / GDDR7 / VRAM 대역폭 : 672 GB/s / 출력단자 : HDMI2.1 , DP2.1 / 지원정보 : 8K 지원 , HDR 지원 , HDCP 2.3 / 2팬 / 두께 : 55mm / 제로팬(0-dB기술) / 백플레이트 / LED 라이트 / Dual BIOS / 구성품 : VGA지지대 , 3x8핀 to 16핀 커넥터 / A/S 3년",https://img.danuri.io/catalog-image/150/802/123/71cb798a0af4456ebc3ec8b8d71fcd50.jpeg?shrink=130:130&_v=20261006115203,https://prod.danawa.com/info/?pcode=123802150&cate=112753
110,GIGABYTE,GIGABYTE 지포스 RTX 5070 EAGLE OC SFF D7 12GB 제이씨현,"1,339,180","RTX 5070 / PCIe5.0x16 / 750W 이상 / 전원 포트 : 16핀(12V2x6) x1 / 가로(길이) : 290mm / 베이스클럭 : 2325 / 부스트클럭 : 2587MHz / 스트림 프로세서 : 6144 / 최대 AI TOPS : 988(FP4) / GDDR7 / VRAM 대역폭 : 672 GB/s / 출력단자 : HDMI2.1 , DP2.1 / 지원정보 : 8K 지원 , HDR 지원 , HDCP 2.3 / 3팬 / 두께 : 50mm / 제로팬(0-dB기술) / 백플레이트 / LED 라이트 / 구성품 : 2x8핀 to 16핀 커넥터 / A/S 3년",https://img.danuri.io/catalog-image/536/319/077/e63b95f2d9dc441eb515367581926bd0.jpg?shrink=130:130&_v=20261006131453,https://prod.danawa.com/info/?pcode=77319536&cate=112753
111,GIGABYTE,GIGABYTE 지포스 RTX 5070 EAGLE OC SFF D7 12GB 피씨디렉트,"1,324,990","RTX 5070 / PCIe5.0x16 / 750W 이상 / 전원 포트 : 16핀(12V2x6) x1 / 가로(길이) : 290mm / 베이스클럭 : 2325 / 부스트클럭 : 2587MHz / 스트림 프로세서 : 6144 / 최대 AI TOPS : 988(FP4) / GDDR7 / VRAM 대역폭 : 672 GB/s / 출력단자 : HDMI2.1 , DP2.1 / 지원정보 : 8K 지원 , HDR 지원 , HDCP 2.3 / 3팬 / 두께 : 50mm / 제로팬(0-dB기술) / 백플레이트 / LED 라이트 / 구성품 : 2x8핀 to 16핀 커넥터 / A/S 3년",https://img.danuri.io/catalog-image/573/312/077/0fcae56c61644a3b94d5e02b8d56df87.jpg?shrink=130:130&_v=20261006121618,https://prod.danawa.com/info/?pcode=77312573&cate=112753
112,GIGABYTE,GIGABYTE AORUS 지포스 RTX 5070 INFINITY D7 12GB 제이씨현,"1,507,140","RTX 5070 / PCIe5.0x16 / 750W 이상 / 전원 포트 : 16핀(12V2x6) x1 / 가로(길이) : 309mm / 부스트클럭 : 2715MHz / 스트림 프로세서 : 6144 / GDDR7 / VRAM 대역폭 : 672 GB/s / 출력단자 : HDMI2.1 , DP2.1 / 지원정보 : 8K 지원 , HDR 지원 , HDCP 2.3 / 2팬 / 두께 : 55mm / 제로팬(0-dB기술) / 백플레이트 / LED 라이트 / Dual BIOS / 구성품 : VGA지지대 , 3x8핀 to 16핀 커넥터 / A/S 3년",https://img.danuri.io/catalog-image/266/981/123/68bda219186849b38c6aacc2c017087f.jpeg?shrink=130:130&_v=20261006080536,https://prod.danawa.com/info/?pcode=123981266&cate=112753
113,GIGABYTE,GIGABYTE AORUS 지포스 RTX 5070 MASTER D7 12GB 제이씨현,"1,450,000","RTX 5070 / PCIe5.0x16 / 750W 이상 / 전원 포트 : 16핀(12V2x6) x1 / 가로(길이) : 317mm / 베이스클럭 : 2325 / 부스트클럭 : 2715MHz / 스트림 프로세서 : 6144 / 최대 AI TOPS : 988(FP4) / GDDR7 / VRAM 대역폭 : 672 GB/s / 출력단자 : HDMI2.1 , DP2.1 / 지원정보 : 8K 지원 , HDR 지원 , HDCP 2.3 / 3팬 / 두께 : 64mm / 제로팬(0-dB기술) / 백플레이트 / LED 라이트 / Dual BIOS / 구성품 : VGA지지대 , 2x8핀 to 16핀 커넥터 / A/S 4년",https://img.danuri.io/catalog-image/458/319/077/007106882a4c460394a0dc53a56b8104.jpg?shrink=130:130&_v=20261006080445,https://prod.danawa.com/info/?pcode=77319458&cate=112753
114,GIGABYTE,GIGABYTE 지포스 RTX 5070 Ti GAMING OC D7 16GB 피씨디렉트,"1,959,990","RTX 5070 Ti / PCIe5.0x16 / 750W 이상 / 전원 포트 : 16핀(12V2x6) x1 / 가로(길이) : 340mm / 베이스클럭 : 2295 / 부스트클럭 : 2588MHz / 스트림 프로세서 : 8960 / 최대 AI TOPS : 1406(FP4) / GDDR7 / VRAM 대역폭 : 896 GB/s / 출력단자 : HDMI2.1 , DP2.1 / 지원정보 : 8K 지원 , HDR 지원 , HDCP 2.3 / 3팬 / 두께 : 70mm / 제로팬(0-dB기술) / 백플레이트 / LED 라이트 / Dual BIOS / 구성품 : VGA지지대 , 3x8핀 to 16핀 커넥터 / A/S 4년",https://img.danuri.io/catalog-image/673/510/076/2d91aaafdc1c46f985945553e20bd990.jpg?shrink=130:130&_v=20261006080522,https://prod.danawa.com/info/?pcode=76510673&cate=112753
115,GIGABYTE,GIGABYTE 지포스 RTX 5070 Ti AERO OC D7 16GB 제이씨현,"2,022,650","RTX 5070 Ti / PCIe5.0x16 / 750W 이상 / 전원 포트 : 16핀(12V2x6) x1 / 가로(길이) : 340mm / 베이스클럭 : 2295 / 부스트클럭 : 2588MHz / 스트림 프로세서 : 8960 / 최대 AI TOPS : 1406(FP4) / GDDR7 / VRAM 대역폭 : 896 GB/s / 출력단자 : HDMI2.1 , DP2.1 / 지원정보 : 8K 지원 , HDR 지원 , HDCP 2.3 / 3팬 / 두께 : 70mm / 제로팬(0-dB기술) / 백플레이트 / LED 라이트 / Dual BIOS / 구성품 : VGA지지대 , 3x8핀 to 16핀 커넥터 / A/S 4년",https://img.danuri.io/catalog-image/020/551/076/e5ada95287e24b83b5b99e7b28fab78b.jpg?shrink=130:130&_v=20261006145408,https://prod.danawa.com/info/?pcode=76551020&cate=112753
116,GIGABYTE,GIGABYTE 지포스 RTX 5070 Ti WINDFORCE OC SFF D7 16GB 피씨디렉트,"1,878,940","RTX 5070 Ti / PCIe5.0x16 / 750W 이상 / 전원 포트 : 16핀(12V2x6) x1 / 가로(길이) : 304mm / 베이스클럭 : 2295 / 부스트클럭 : 2497MHz / 스트림 프로세서 : 8960 / 최대 AI TOPS : 1406(FP4) / GDDR7 / VRAM 대역폭 : 896 GB/s / 출력단자 : HDMI2.1 , DP2.1 / 지원정보 : 8K 지원 , HDR 지원 , HDCP 2.3 / 3팬 / 두께 : 50mm / 제로팬(0-dB기술) / 백플레이트 / Dual BIOS / 구성품 : VGA지지대 , 2x8핀 to 16핀 커넥터 / A/S 3년",https://img.danuri.io/catalog-image/754/510/076/969ba5cc7e834671a377ab0a4a96894e.jpg?shrink=130:130&_v=20261006113628,https://prod.danawa.com/info/?pcode=76510754&cate=112753
117,GIGABYTE,GIGABYTE 지포스 RTX 5070 Ti EAGLE OC ICE SFF D7 16GB 제이씨현,"1,914,030","RTX 5070 Ti / PCIe5.0x16 / 750W 이상 / 전원 포트 : 16핀(12V2x6) x1 / 가로(길이) : 304mm / 베이스클럭 : 2295 / 부스트클럭 : 2542MHz / 스트림 프로세서 : 8960 / 최대 AI TOPS : 1406(FP4) / GDDR7 / VRAM 대역폭 : 896 GB/s / 출력단자 : HDMI2.1 , DP2.1 / 지원정보 : 8K 지원 , HDR 지원 , HDCP 2.3 / 3팬 / 두께 : 50mm / 제로팬(0-dB기술) / 백플레이트 / LED 라이트 / Dual BIOS / 구성품 : VGA지지대 , 3x8핀 to 16핀 커넥터 / A/S 3년",https://img.danuri.io/catalog-image/050/551/076/8d5a75b8080e4361a23e5f89868a5b02.jpg?shrink=130:130&_v=20261006080535,https://prod.danawa.com/info/?pcode=76551050&cate=112753
118,GIGABYTE,GIGABYTE 지포스 RTX 5070 Ti GAMING OC D7 16GB 제이씨현,"1,962,650","RTX 5070 Ti / PCIe5.0x16 / 750W 이상 / 전원 포트 : 16핀(12V2x6) x1 / 가로(길이) : 340mm / 베이스클럭 : 2295 / 부스트클럭 : 2588MHz / 스트림 프로세서 : 8960 / 최대 AI TOPS : 1406(FP4) / GDDR7 / VRAM 대역폭 : 896 GB/s / 출력단자 : HDMI2.1 , DP2.1 / 지원정보 : 8K 지원 , HDR 지원 , HDCP 2.3 / 3팬 / 두께 : 70mm / 제로팬(0-dB기술) / 백플레이트 / LED 라이트 / Dual BIOS / 구성품 : VGA지지대 , 3x8핀 to 16핀 커넥터 / A/S 4년",https://img.danuri.io/catalog-image/056/551/076/fa77e27b59f048bfa01821b86e7b2dcd.jpg?shrink=130:130&_v=20261006080523,https://prod.danawa.com/info/?pcode=76551056&cate=112753
119,GIGABYTE,GIGABYTE 지포스 RTX 5070 Ti WINDFORCE OC V2 D7 16GB 피씨디렉트,"2,399,000","RTX 5070 Ti / PCIe5.0x16 / 750W 이상 / 전원 포트 : 16핀(12V2x6) x1 / 가로(길이) : 261mm / 베이스클럭 : 2295 / 부스트클럭 : 2497MHz / 스트림 프로세서 : 8960 / 최대 AI TOPS : 1406(FP4) / GDDR7 / VRAM 대역폭 : 896 GB/s / 출력단자 : HDMI2.1 , DP2.1 / 지원정보 : 8K 지원 , HDR 지원 , HDCP 2.3 / 3팬 / 두께 : 50mm / 제로팬(0-dB기술) / 백플레이트 / 구성품 : VGA지지대 , 2x8핀 to 16핀 커넥터 / A/S 3년",https://img.danuri.io/catalog-image/521/767/106/ebce46a77dc44484a6550067b31a9833.jpg?shrink=130:130&_v=20261006080535,https://prod.danawa.com/info/?pcode=106767521&cate=112753
120,GIGABYTE,GIGABYTE AORUS 지포스 RTX 5070 Ti INFINITY D7 16GB 제이씨현,"2,108,260","RTX 5070 Ti / PCIe5.0x16 / 750W 이상 / 전원 포트 : 16핀(12V2x6) x1 / 가로(길이) : 330mm / 부스트클럭 : 2670MHz / 스트림 프로세서 : 8960 / 최대 AI TOPS : 1406(FP4) / GDDR7 / VRAM 대역폭 : 896 GB/s / 출력단자 : HDMI2.1 , DP2.1 / 지원정보 : 8K 지원 , HDR 지원 , HDCP 2.3 / 2팬 / 두께 : 75mm / 제로팬(0-dB기술) / 백플레이트 / LED 라이트 / Dual BIOS / 구성품 : VGA지지대 , 3x8핀 to 16핀 커넥터 / A/S 4년",https://img.danuri.io/catalog-image/494/743/123/744225dfcb81483b83d9e1f1e3e497bc.jpeg?shrink=130:130&_v=20261006091908,https://prod.danawa.com/info/?pcode=123743494&cate=112753
121,GIGABYTE,GIGABYTE 지포스 RTX 5070 Ti WINDFORCE OC SFF D7 16GB 제이씨현,"1,895,490","RTX 5070 Ti / PCIe5.0x16 / 750W 이상 / 전원 포트 : 16핀(12V2x6) x1 / 가로(길이) : 304mm / 베이스클럭 : 2295 / 부스트클럭 : 2497MHz / 스트림 프로세서 : 8960 / 최대 AI TOPS : 1406(FP4) / GDDR7 / VRAM 대역폭 : 896 GB/s / 출력단자 : HDMI2.1 , DP2.1 / 지원정보 : 8K 지원 , HDR 지원 , HDCP 2.3 / 3팬 / 두께 : 50mm / 제로팬(0-dB기술) / 백플레이트 / Dual BIOS / 구성품 : VGA지지대 , 3x8핀 to 16핀 커넥터 / A/S 3년",https://img.danuri.io/catalog-image/065/551/076/c495c8ac69cd4a94adf08b9d675bf138.jpg?shrink=130:130&_v=20261006111843,https://prod.danawa.com/info/?pcode=76551065&cate=112753
122,GIGABYTE,GIGABYTE 지포스 RTX 5070 Ti AERO OC D7 16GB 피씨디렉트,"1,962,940","RTX 5070 Ti / PCIe5.0x16 / 750W 이상 / 전원 포트 : 16핀(12V2x6) x1 / 가로(길이) : 340mm / 베이스클럭 : 2295 / 부스트클럭 : 2588MHz / 스트림 프로세서 : 8960 / 최대 AI TOPS : 1406(FP4) / GDDR7 / VRAM 대역폭 : 896 GB/s / 출력단자 : HDMI2.1 , DP2.1 / 지원정보 : 8K 지원 , HDR 지원 , HDCP 2.3 / 3팬 / 두께 : 70mm / 제로팬(0-dB기술) / 백플레이트 / LED 라이트 / Dual BIOS / 구성품 : VGA지지대 , 3x8핀 to 16핀 커넥터 / A/S 4년",https://img.danuri.io/catalog-image/388/510/076/1f0f47a552aa43c284d09aa3067fef8a.jpg?shrink=130:130&_v=20261006142929,https://prod.danawa.com/info/?pcode=76510388&cate=112753
123,GIGABYTE,GIGABYTE 지포스 RTX 5070 Ti EAGLE OC ICE SFF D7 16GB 피씨디렉트,"1,910,680","RTX 5070 Ti / PCIe5.0x16 / 750W 이상 / 전원 포트 : 16핀(12V2x6) x1 / 가로(길이) : 304mm / 베이스클럭 : 2295 / 부스트클럭 : 2542MHz / 스트림 프로세서 : 8960 / 최대 AI TOPS : 1406(FP4) / GDDR7 / VRAM 대역폭 : 896 GB/s / 출력단자 : HDMI2.1 , DP2.1 / 지원정보 : 8K 지원 , HDR 지원 , HDCP 2.3 / 3팬 / 두께 : 50mm / 제로팬(0-dB기술) / 백플레이트 / LED 라이트 / Dual BIOS / 구성품 : VGA지지대 , 3x8핀 to 16핀 커넥터 / A/S 3년",https://img.danuri.io/catalog-image/547/510/076/a469472997f04f4382e8fee7d39d4782.jpg?shrink=130:130&_v=20261006125418,https://prod.danawa.com/info/?pcode=76510547&cate=112753
124,GIGABYTE,GIGABYTE AORUS 지포스 RTX 5070 Ti INFINITY D7 16GB 피씨디렉트,"2,111,110","RTX 5070 Ti / PCIe5.0x16 / 750W 이상 / 전원 포트 : 16핀(12V2x6) x1 / 가로(길이) : 330mm / 부스트클럭 : 2670MHz / 스트림 프로세서 : 8960 / 최대 AI TOPS : 1406(FP4) / GDDR7 / VRAM 대역폭 : 896 GB/s / 출력단자 : HDMI2.1 , DP2.1 / 지원정보 : 8K 지원 , HDR 지원 , HDCP 2.3 / 2팬 / 두께 : 75mm / 제로팬(0-dB기술) / 백플레이트 / LED 라이트 / Dual BIOS / 구성품 : VGA지지대 , 3x8핀 to 16핀 커넥터 / A/S 4년",https://img.danuri.io/catalog-image/828/829/122/c9aee2bf2e8c48f4892022ba98e2ba5c.jpeg?shrink=130:130&_v=20261006140058,https://prod.danawa.com/info/?pcode=122829828&cate=112753
125,GIGABYTE,GIGABYTE 지포스 RTX 5070 Ti EAGLE OC SFF D7 16GB 제이씨현,"1,914,030","RTX 5070 Ti / PCIe5.0x16 / 750W 이상 / 전원 포트 : 16핀(12V2x6) x1 / 가로(길이) : 304mm / 베이스클럭 : 2295 / 부스트클럭 : 2542MHz / 스트림 프로세서 : 8960 / 최대 AI TOPS : 1406(FP4) / GDDR7 / VRAM 대역폭 : 896 GB/s / 출력단자 : HDMI2.1 , DP2.1 / 지원정보 : 8K 지원 , HDR 지원 , HDCP 2.3 / 3팬 / 두께 : 50mm / 제로팬(0-dB기술) / 백플레이트 / LED 라이트 / Dual BIOS / 구성품 : VGA지지대 , 3x8핀 to 16핀 커넥터 / A/S 3년",https://img.danuri.io/catalog-image/041/551/076/30d559cd341c4577a7d88a86a2df7f73.jpg?shrink=130:130&_v=20261006145323,https://prod.danawa.com/info/?pcode=76551041&cate=112753
126,GIGABYTE,GIGABYTE 지포스 RTX 5070 Ti EAGLE OC SFF D7 16GB 피씨디렉트,"1,922,480","RTX 5070 Ti / PCIe5.0x16 / 750W 이상 / 전원 포트 : 16핀(12V2x6) x1 / 가로(길이) : 304mm / 베이스클럭 : 2295 / 부스트클럭 : 2542MHz / 스트림 프로세서 : 8960 / 최대 AI TOPS : 1406(FP4) / GDDR7 / VRAM 대역폭 : 896 GB/s / 출력단자 : HDMI2.1 , DP2.1 / 지원정보 : 8K 지원 , HDR 지원 , HDCP 2.3 / 3팬 / 두께 : 50mm / 제로팬(0-dB기술) / 백플레이트 / LED 라이트 / Dual BIOS / 구성품 : VGA지지대 , 3x8핀 to 16핀 커넥터 / A/S 3년",https://img.danuri.io/catalog-image/583/510/076/242ea3ed3dca4419ad937ad79010dba1.jpg?shrink=130:130&_v=20261006080536,https://prod.danawa.com/info/?pcode=76510583&cate=112753
127,GIGABYTE,GIGABYTE AORUS 지포스 RTX 5070 Ti MASTER D7 16GB 제이씨현,"4,650,000","RTX 5070 Ti / PCIe5.0x16 / 750W 이상 / 전원 포트 : 16핀(12V2x6) x1 / 가로(길이) : 360mm / 베이스클럭 : 2295 / 부스트클럭 : 2670MHz / 스트림 프로세서 : 8960 / 최대 AI TOPS : 1406(FP4) / GDDR7 / VRAM 대역폭 : 896 GB/s / 출력단자 : HDMI2.1 , DP2.1 / 지원정보 : 8K 지원 , HDR 지원 , HDCP 2.3 / 3팬 / 두께 : 75mm / 제로팬(0-dB기술) / 백플레이트 / LED 라이트 / Dual BIOS / 구성품 : VGA지지대 , 3x8핀 to 16핀 커넥터 / A/S 4년",https://img.danuri.io/catalog-image/029/551/076/23119451f5634c63af1ca50ca6937ff8.jpg?shrink=130:130&_v=20261006083848,https://prod.danawa.com/info/?pcode=76551029&cate=112753
128,GIGABYTE,GIGABYTE AORUS 지포스 RTX 5080 MASTER D7 16GB 제이씨현,"2,660,170","RTX 5080 / PCIe5.0x16 / 850W 이상 / 전원 포트 : 16핀(12V2x6) x1 / 가로(길이) : 360mm / 부스트클럭 : 2805MHz / 스트림 프로세서 : 10752 / 최대 AI TOPS : 1801(FP4) / GDDR7 / VRAM 대역폭 : 960 GB/s / 출력단자 : HDMI2.1 , DP2.1 / 지원정보 : 8K 지원 , HDCP 2.3 / 3팬 / 두께 : 75mm / 제로팬(0-dB기술) / 백플레이트 / LED 라이트 / Dual BIOS / LCD 모니터링 / 구성품 : VGA지지대 , 3x8핀 to 16핀 커넥터 , 후면 추가팬 / A/S 4년",https://img.danuri.io/catalog-image/259/184/075/0d67d17f33874d97b9e1a0aacda695a1.jpg?shrink=130:130&_v=20261006150803,https://prod.danawa.com/info/?pcode=75184259&cate=112753
129,GIGABYTE,GIGABYTE 지포스 RTX 5080 GAMING OC D7 16GB 제이씨현,"2,510,000","RTX 5080 / PCIe5.0x16 / 850W 이상 / 가로(길이) : 340mm / 부스트클럭 : 2730MHz / 스트림 프로세서 : 10752 / 최대 AI TOPS : 1801(FP4) / GDDR7 / VRAM 대역폭 : 960 GB/s / 출력단자 : HDMI2.1 , DP2.1 / 지원정보 : 8K 지원 / 3팬 / 두께 : 70mm / 제로팬(0-dB기술) / 백플레이트 / LED 라이트 / Dual BIOS / 구성품 : VGA지지대 , 3x8핀 to 16핀 커넥터 / A/S 4년",https://img.danuri.io/catalog-image/268/184/075/045c03cbdfb84558a01bde3545437cfd.jpg?shrink=130:130&_v=20261006132708,https://prod.danawa.com/info/?pcode=75184268&cate=112753
130,GIGABYTE,GIGABYTE AORUS 지포스 RTX 5080 MASTER ICE D7 16GB 피씨디렉트,"2,907,010","RTX 5080 / PCIe5.0x16 / 850W 이상 / 전원 포트 : 16핀(12V2x6) x1 / 가로(길이) : 360mm / 부스트클럭 : 2805MHz / 스트림 프로세서 : 10752 / 최대 AI TOPS : 1801(FP4) / GDDR7 / VRAM 대역폭 : 960 GB/s / 출력단자 : HDMI2.1 , DP2.1 / 지원정보 : 8K 지원 , HDCP 2.3 / 3팬 / 두께 : 75mm / 제로팬(0-dB기술) / 백플레이트 / LED 라이트 / Dual BIOS / 구성품 : VGA지지대 , 3x8핀 to 16핀 커넥터 , 후면 추가팬 / A/S 4년",https://img.danuri.io/catalog-image/258/074/075/2f2321eb10c54b5e8a53c42e2509799e.jpg?shrink=130:130&_v=20261006080536,https://prod.danawa.com/info/?pcode=75074258&cate=112753
131,GIGABYTE,GIGABYTE 지포스 RTX 5080 GAMING OC D7 16GB 피씨디렉트,"2,470,870","RTX 5080 / PCIe5.0x16 / 850W 이상 / 가로(길이) : 340mm / 부스트클럭 : 2730MHz / 스트림 프로세서 : 10752 / 최대 AI TOPS : 1801(FP4) / GDDR7 / VRAM 대역폭 : 960 GB/s / 출력단자 : HDMI2.1 , DP2.1 / 지원정보 : 8K 지원 / 3팬 / 두께 : 70mm / 제로팬(0-dB기술) / 백플레이트 / LED 라이트 / Dual BIOS / 구성품 : VGA지지대 , 3x8핀 to 16핀 커넥터 / A/S 4년",https://img.danuri.io/catalog-image/666/074/075/984a824f9baf4e569cf8c4aafc6a4374.jpg?shrink=130:130&_v=20261006091633,https://prod.danawa.com/info/?pcode=75074666&cate=112753
132,GIGABYTE,GIGABYTE 지포스 RTX 5080 WINDFORCE OC SFF D7 16GB 피씨디렉트,"2,440,290","RTX 5080 / PCIe5.0x16 / 850W 이상 / 가로(길이) : 304mm / 부스트클럭 : 2670MHz / 스트림 프로세서 : 10752 / 최대 AI TOPS : 1801(FP4) / GDDR7 / VRAM 대역폭 : 960 GB/s / 출력단자 : HDMI2.1 , DP2.1 / 지원정보 : 8K 지원 / 3팬 / 두께 : 50mm / 제로팬(0-dB기술) / 백플레이트 / Dual BIOS / 구성품 : VGA지지대 , 3x8핀 to 16핀 커넥터 / A/S 4년",https://img.danuri.io/catalog-image/732/074/075/66d10492a1754474baa018c7d36cef5d.jpg?shrink=130:130&_v=20261006080523,https://prod.danawa.com/info/?pcode=75074732&cate=112753
133,GIGABYTE,GIGABYTE 지포스 RTX 5080 AERO OC SFF D7 16GB 제이씨현,"2,513,960","RTX 5080 / PCIe5.0x16 / 850W 이상 / 가로(길이) : 304mm / 부스트클럭 : 2730MHz / 스트림 프로세서 : 10752 / 최대 AI TOPS : 1801(FP4) / GDDR7 / VRAM 대역폭 : 960 GB/s / 출력단자 : HDMI2.1 , DP2.1 / 지원정보 : 8K 지원 / 3팬 / 두께 : 50mm / 제로팬(0-dB기술) / 백플레이트 / LED 라이트 / Dual BIOS / 구성품 : VGA지지대 , 3x8핀 to 16핀 커넥터 / A/S 4년",https://img.danuri.io/catalog-image/265/184/075/f1906b9805544d8b822f73ad19c4bb0c.jpg?shrink=130:130&_v=20261006080652,https://prod.danawa.com/info/?pcode=75184265&cate=112753
134,GIGABYTE,GIGABYTE 지포스 RTX 5080 AERO OC SFF D7 16GB 피씨디렉트,"2,539,990","RTX 5080 / PCIe5.0x16 / 850W 이상 / 가로(길이) : 304mm / 부스트클럭 : 2730MHz / 스트림 프로세서 : 10752 / 최대 AI TOPS : 1801(FP4) / GDDR7 / VRAM 대역폭 : 960 GB/s / 출력단자 : HDMI2.1 , DP2.1 / 지원정보 : 8K 지원 / 3팬 / 두께 : 50mm / 제로팬(0-dB기술) / 백플레이트 / LED 라이트 / Dual BIOS / 구성품 : VGA지지대 , 3x8핀 to 16핀 커넥터 / A/S 4년",https://img.danuri.io/catalog-image/516/074/075/822461b03a684577bc9372ebeb82a486.jpg?shrink=130:130&_v=20261006150439,https://prod.danawa.com/info/?pcode=75074516&cate=112753
135,GIGABYTE,GIGABYTE AORUS 지포스 RTX 5080 MASTER ICE D7 16GB 제이씨현,"3,720,000","RTX 5080 / PCIe5.0x16 / 850W 이상 / 전원 포트 : 16핀(12V2x6) x1 / 가로(길이) : 360mm / 부스트클럭 : 2805MHz / 스트림 프로세서 : 10752 / 최대 AI TOPS : 1801(FP4) / GDDR7 / VRAM 대역폭 : 960 GB/s / 출력단자 : HDMI2.1 , DP2.1 / 지원정보 : 8K 지원 , HDCP 2.3 / 3팬 / 두께 : 75mm / 제로팬(0-dB기술) / 백플레이트 / LED 라이트 / Dual BIOS / 구성품 : VGA지지대 , 3x8핀 to 16핀 커넥터 , 후면 추가팬 / A/S 4년",https://img.danuri.io/catalog-image/262/184/075/8c248ea2c6584626a4b1df69edbf92c6.jpg?shrink=130:130&_v=20261006091503,https://prod.danawa.com/info/?pcode=75184262&cate=112753
136,GIGABYTE,GIGABYTE 지포스 RTX 5080 WINDFORCE OC SFF D7 16GB 제이씨현,"2,445,890","RTX 5080 / PCIe5.0x16 / 850W 이상 / 가로(길이) : 304mm / 부스트클럭 : 2670MHz / 스트림 프로세서 : 10752 / 최대 AI TOPS : 1801(FP4) / GDDR7 / VRAM 대역폭 : 960 GB/s / 출력단자 : HDMI2.1 , DP2.1 / 지원정보 : 8K 지원 / 3팬 / 두께 : 50mm / 제로팬(0-dB기술) / 백플레이트 / Dual BIOS / 구성품 : VGA지지대 , 3x8핀 to 16핀 커넥터 / A/S 3년",https://img.danuri.io/catalog-image/271/184/075/fa6b89a417b94e0db3dbe422178e115f.jpg?shrink=130:130&_v=20261006090433,https://prod.danawa.com/info/?pcode=75184271&cate=112753
137,GIGABYTE,GIGABYTE AORUS 지포스 RTX 5080 INFINITY WOOD D7 16GB 피씨디렉트,"2,905,500","RTX 5080 / PCIe5.0x16 / 850W 이상 / 전원 포트 : 16핀(12V2x6) x1 / 가로(길이) : 330mm / 부스트클럭 : 2805MHz / 스트림 프로세서 : 10752 / 최대 AI TOPS : 1801(FP4) / GDDR7 / VRAM 대역폭 : 960 GB/s / 출력단자 : HDMI2.1 , DP2.1 / 지원정보 : 8K 지원 , HDCP 2.3 / 3팬 / 두께 : 65mm / 제로팬(0-dB기술) / 백플레이트 / LED 라이트 / 구성품 : VGA지지대 , 8핀 to 12V2x6 커넥터 / A/S 4년",https://img.danuri.io/catalog-image/547/726/122/d10c3f007966424eab3cf83749c42557.jpeg?shrink=130:130&_v=20261006142438,https://prod.danawa.com/info/?pcode=122726547&cate=112753
138,GIGABYTE,GIGABYTE AORUS 지포스 RTX 5080 INFINITY D7 16GB 제이씨현,"2,870,820","RTX 5080 / PCIe5.0x16 / 850W 이상 / 전원 포트 : 16핀(12V2x6) x1 / 가로(길이) : 330mm / 부스트클럭 : 2805MHz / 스트림 프로세서 : 10752 / 최대 AI TOPS : 1801(FP4) / GDDR7 / VRAM 대역폭 : 960 GB/s / 출력단자 : HDMI2.1 , DP2.1 / 지원정보 : 8K 지원 , HDCP 2.3 / 3팬 / 두께 : 75mm / 제로팬(0-dB기술) / 백플레이트 / LED 라이트 / 구성품 : VGA지지대 , 8핀 to 12V2x6 커넥터 / A/S 4년",https://img.danuri.io/catalog-image/291/590/123/ea180102a9de455f8d55f3fac55fa005.jpeg?shrink=130:130&_v=20261006115259,https://prod.danawa.com/info/?pcode=123590291&cate=112753
139,GIGABYTE,GIGABYTE AORUS 지포스 RTX 5080 INFINITY WOOD D7 16GB 제이씨현,"2,901,160","RTX 5080 / PCIe5.0x16 / 850W 이상 / 전원 포트 : 16핀(12V2x6) x1 / 가로(길이) : 330mm / 부스트클럭 : 2805MHz / 스트림 프로세서 : 10752 / 최대 AI TOPS : 1801(FP4) / GDDR7 / VRAM 대역폭 : 960 GB/s / 출력단자 : HDMI2.1 , DP2.1 / 지원정보 : 8K 지원 , HDCP 2.3 / 3팬 / 두께 : 75mm / 제로팬(0-dB기술) / 백플레이트 / LED 라이트 / 구성품 : VGA지지대 , 8핀 to 12V2x6 커넥터 / A/S 4년",https://img.danuri.io/catalog-image/266/590/123/b03b67500d614eba830bb5ea89f551fe.jpeg?shrink=130:130&_v=20261006080652,https://prod.danawa.com/info/?pcode=123590266&cate=112753
140,GIGABYTE,GIGABYTE AORUS 지포스 RTX 5080 INFINITY D7 16GB 피씨디렉트,"2,861,870","RTX 5080 / PCIe5.0x16 / 850W 이상 / 전원 포트 : 16핀(12V2x6) x1 / 가로(길이) : 330mm / 부스트클럭 : 2805MHz / 스트림 프로세서 : 10752 / 최대 AI TOPS : 1801(FP4) / GDDR7 / VRAM 대역폭 : 960 GB/s / 출력단자 : HDMI2.1 , DP2.1 / 지원정보 : 8K 지원 , HDCP 2.3 / 3팬 / 두께 : 75mm / 제로팬(0-dB기술) / 백플레이트 / LED 라이트 / 구성품 : VGA지지대 , 8핀 to 12V2x6 커넥터 / A/S 4년",https://img.danuri.io/catalog-image/535/726/122/72c42598e94149819ac85df72e3164e9.jpeg?shrink=130:130&_v=20261006141429,https://prod.danawa.com/info/?pcode=122726535&cate=112753
141,GIGABYTE,GIGABYTE AORUS 지포스 RTX 5080 MASTER D7 16GB 피씨디렉트,"2,731,420","RTX 5080 / PCIe5.0x16 / 850W 이상 / 전원 포트 : 16핀(12V2x6) x1 / 가로(길이) : 360mm / 부스트클럭 : 2805MHz / 스트림 프로세서 : 10752 / 최대 AI TOPS : 1801(FP4) / GDDR7 / VRAM 대역폭 : 960 GB/s / 출력단자 : HDMI2.1 , DP2.1 / 지원정보 : 8K 지원 , HDCP 2.3 / 3팬 / 두께 : 75mm / 제로팬(0-dB기술) / 백플레이트 / LED 라이트 / Dual BIOS / 구성품 : VGA지지대 , 3x8핀 to 16핀 커넥터 , 후면 추가팬 / A/S 4년",https://img.danuri.io/catalog-image/210/074/075/18411bdb5310495d87c05dddf489950b.jpg?shrink=130:130&_v=20261006150354,https://prod.danawa.com/info/?pcode=75074210&cate=112753
142,GIGABYTE,GIGABYTE 지포스 RTX 5080 WINDFORCE OC V2 SFF D7 16GB 제이씨현,"2,498,010","RTX 5080 / PCIe5.0x16 / 850W 이상 / 가로(길이) : 304mm / 부스트클럭 : 2670MHz / 스트림 프로세서 : 10752 / 최대 AI TOPS : 1801(FP4) / GDDR7 / VRAM 대역폭 : 960 GB/s / 출력단자 : HDMI2.1 , DP2.1 / 지원정보 : 8K 지원 / 3팬 / 두께 : 50mm / 제로팬(0-dB기술) / 백플레이트 / 구성품 : VGA지지대 , 3x8핀 to 16핀 커넥터 / A/S 3년",https://img.danuri.io/catalog-image/276/981/123/af304e0237694e9da5aa3fe55dfc3d51.jpeg?shrink=130:130&_v=20261006080522,https://prod.danawa.com/info/?pcode=123981276&cate=112753
143,GIGABYTE,GIGABYTE 지포스 RTX 5080 WINDFORCE OC V2 SFF D7 16GB 피씨디렉트,"2,442,680","RTX 5080 / PCIe5.0x16 / 850W 이상 / 가로(길이) : 304mm / 부스트클럭 : 2670MHz / 스트림 프로세서 : 10752 / 최대 AI TOPS : 1801(FP4) / GDDR7 / VRAM 대역폭 : 960 GB/s / 출력단자 : HDMI2.1 , DP2.1 / 지원정보 : 8K 지원 / 3팬 / 두께 : 50mm / 제로팬(0-dB기술) / 백플레이트 / 구성품 : VGA지지대 , 3x8핀 to 16핀 커넥터 / A/S 4년",https://img.danuri.io/catalog-image/255/981/123/e22f4d2388d447cf97bf2541e1d96318.jpeg?shrink=130:130&_v=20261006115209,https://prod.danawa.com/info/?pcode=123981255&cate=112753
144,GIGABYTE,GIGABYTE AORUS 지포스 RTX 5080 XTREME 워터포스 D7 16GB 피씨디렉트,"3,127,410","RTX 5080 / PCIe5.0x16 / 850W 이상 / 전원 포트 : 16핀(12V2x6) x1 / 가로(길이) : 220mm / 부스트클럭 : 2805MHz / 스트림 프로세서 : 10752 / 최대 AI TOPS : 1801(FP4) / GDDR7 / VRAM 대역폭 : 960 GB/s / 출력단자 : HDMI2.1 , DP2.1 / 지원정보 : 8K 지원 , HDCP 2.3 / 3팬 / 두께 : 40mm / LED 라이트 / 수냉 장착 지원 / 구성품 : 3x8핀 to 16핀 커넥터",https://img.danuri.io/catalog-image/405/074/075/d2ccf3d80fe44d8199c81e2ba80b0c1a.jpg?shrink=130:130&_v=20261006080542,https://prod.danawa.com/info/?pcode=75074405&cate=112753
145,GIGABYTE,GIGABYTE AORUS 지포스 RTX 5090 MASTER ICE D7 32GB 제이씨현,"9,549,970","RTX 5090 / PCIe5.0x16 / 1000W 이상 / 전원 포트 : 16핀(12V2x6) x1 / 가로(길이) : 360mm / 부스트클럭 : 2655MHz / 스트림 프로세서 : 21760 / 최대 AI TOPS : 3352(FP4, sparsity) / GDDR7 / VRAM 대역폭 : 1792 GB/s / 출력단자 : HDMI2.1 , DP2.1 / 지원정보 : 8K 지원 , HDR 지원 , HDCP 2.3 / 3+1팬 / 두께 : 75mm / 제로팬(0-dB기술) / 백플레이트 / LED 라이트 / Dual BIOS / RGB FUSION / 구성품 : VGA지지대 , 4x8핀 to 16핀 커넥터 , 후면 추가팬 / A/S 4년",https://img.danuri.io/catalog-image/277/184/075/fb6d975a79fe45de876d14351901f296.jpg?shrink=130:130&_v=20261006140228,https://prod.danawa.com/info/?pcode=75184277&cate=112753
146,GIGABYTE,GIGABYTE 지포스 RTX 5090 GAMING OC D7 32GB 제이씨현,"9,284,900","RTX 5090 / PCIe5.0x16 / 1000W 이상 / 전원 포트 : 16핀(12V2x6) x1 / 가로(길이) : 342mm / 부스트클럭 : 2550MHz / 스트림 프로세서 : 21760 / 최대 AI TOPS : 3352(FP4, sparsity) / GDDR7 / VRAM 대역폭 : 1792 GB/s / 출력단자 : HDMI2.1 , DP2.1 / 지원정보 : 8K 지원 , HDR 지원 , HDCP 2.3 / 3팬 / 두께 : 70mm / 제로팬(0-dB기술) / 백플레이트 / LED 라이트 / Dual BIOS / RGB FUSION / 구성품 : VGA지지대 , 4x8핀 to 16핀 커넥터 / A/S 4년",https://img.danuri.io/catalog-image/280/184/075/20178a9e449244a7856ab48af12fc87a.jpg?shrink=130:130&_v=20261006080431,https://prod.danawa.com/info/?pcode=75184280&cate=112753
147,GIGABYTE,GIGABYTE AORUS 지포스 RTX 5090 XTREME 워터포스 D7 32GB 제이씨현,"8,933,390","RTX 5090 / PCIe5.0x16 / 1000W 이상 / 전원 포트 : 16핀(12V2x6) x1 / 가로(길이) : 246mm / 부스트클럭 : 2655MHz / 스트림 프로세서 : 21760 / 최대 AI TOPS : 3352(FP4, sparsity) / GDDR7 / VRAM 대역폭 : 1792 GB/s / 출력단자 : HDMI2.1 , DP2.1 / 지원정보 : 8K 지원 , HDR 지원 , HDCP 2.3 / 3팬 / 두께 : 36mm / 제로팬(0-dB기술) / 백플레이트 / LED 라이트 / 수냉 장착 지원 / RGB FUSION / 구성품 : VGA지지대 , 4x8핀 to 16핀 커넥터 / A/S 4년",https://img.danuri.io/catalog-image/696/536/075/af12d9d7c40b48dba40e1a642aa9822b.jpg?shrink=130:130&_v=20261006150753,https://prod.danawa.com/info/?pcode=75536696&cate=112753
148,GIGABYTE,GIGABYTE AORUS 지포스 RTX 5090 INFINITY D7 32GB 제이씨현,"9,700,000","RTX 5090 / 1000W 이상 / 전원 포트 : 16핀(12V2x6) x1 / 가로(길이) : 330mm / 부스트클럭 : 2730MHz / 스트림 프로세서 : 21760 / GDDR7 / VRAM 대역폭 : 1792 GB/s / 출력단자 : HDMI2.1 , DP2.1 / 지원정보 : 8K 지원 , HDR 지원 , HDCP 지원 / 2팬 / 두께 : 189mm / LED 라이트 / RGB FUSION / A/S 3년",https://img.danuri.io/catalog-image/213/709/122/2f917870956e4f49aff6b30b3d54f546.jpeg?shrink=130:130&_v=20261006080431,https://prod.danawa.com/info/?pcode=122709213&cate=112753
149,GIGABYTE,GIGABYTE AORUS 지포스 RTX 5090 AI BOX D7 32GB 제이씨현,"8,839,000","RTX 5090 / 썬더볼트5 / 850W 이상 / 전원 포트 : 외부AC전원 / 가로(길이) : 302mm / 부스트클럭 : 2520MHz / 스트림 프로세서 : 16384 / 최대 AI TOPS : 1321(sparsity) / GDDR6X / VRAM 대역폭 : 1792 GB/s / 출력단자 : HDMI2.1 , DP1.4 , 썬더볼트5 , USB3.x 5Gbps , 기가비트LAN / 지원정보 : 8K 지원 , HDR 지원 , HDCP 지원 / 2팬 / 두께 : 189mm / LED 라이트 / RGB FUSION / 외장그래픽(eGPU) / A/S 3년",https://img.danuri.io/catalog-image/606/128/099/9e908fc0673344dda129d5725c760720.jpeg?shrink=130:130&_v=20261006132203,https://prod.danawa.com/info/?pcode=99128606&cate=112753
150,GIGABYTE,GIGABYTE AORUS 지포스 RTX 5090 INFINITY D7 32GB 피씨디렉트,"9,700,000","RTX 5090 / 1000W 이상 / 전원 포트 : 16핀(12V2x6) x1 / 가로(길이) : 330mm / 부스트클럭 : 2730MHz / 스트림 프로세서 : 21760 / GDDR7 / VRAM 대역폭 : 1792 GB/s / 출력단자 : HDMI2.1 , DP2.1 / 지원정보 : 8K 지원 , HDR 지원 , HDCP 지원 / 2팬 / 두께 : 189mm / LED 라이트 / RGB FUSION / 외장그래픽(eGPU) / A/S 3년",https://img.danuri.io/catalog-image/694/717/122/89c07f764fec4fd68858a5e5f059d633.jpeg?shrink=130:130&_v=20261006080542,https://prod.danawa.com/info/?pcode=122717694&cate=112753
151,GIGABYTE,GIGABYTE AORUS 지포스 RTX 5090 MASTER D7 32GB 제이씨현,"9,089,990","RTX 5090 / PCIe5.0x16 / 1000W 이상 / 전원 포트 : 16핀(12V2x6) x1 / 가로(길이) : 360mm / 부스트클럭 : 2655MHz / 스트림 프로세서 : 21760 / 최대 AI TOPS : 3352(FP4, sparsity) / GDDR7 / VRAM 대역폭 : 1792 GB/s / 출력단자 : HDMI2.1 , DP2.1 / 지원정보 : 8K 지원 , HDR 지원 , HDCP 2.3 / 3+1팬 / 두께 : 75mm / 제로팬(0-dB기술) / 백플레이트 / LED 라이트 / Dual BIOS / RGB FUSION / 구성품 : VGA지지대 , 4x8핀 to 16핀 커넥터 , 후면 추가팬 / A/S 4년",https://img.danuri.io/catalog-image/274/184/075/a25b9a584e1b41cfa06abf0c083f7e74.jpg?shrink=130:130&_v=20261006080542,https://prod.danawa.com/info/?pcode=75184274&cate=112753
152,GIGABYTE,GIGABYTE 지포스 RTX 5090 GAMING OC D7 32GB 피씨디렉트,"9,290,000","RTX 5090 / PCIe5.0x16 / 1000W 이상 / 전원 포트 : 16핀(12V2x6) x1 / 가로(길이) : 342mm / 부스트클럭 : 2550MHz / 스트림 프로세서 : 21760 / 최대 AI TOPS : 3352(FP4, sparsity) / GDDR7 / VRAM 대역폭 : 1792 GB/s / 출력단자 : HDMI2.1 , DP2.1 / 지원정보 : 8K 지원 , HDR 지원 , HDCP 2.3 / 3팬 / 두께 : 70mm / 제로팬(0-dB기술) / 백플레이트 / LED 라이트 / Dual BIOS / RGB FUSION / 구성품 : VGA지지대 , 4x8핀 to 16핀 커넥터 / A/S 4년",https://img.danuri.io/catalog-image/238/184/075/e520740c5018416788e99ef0a3bc4115.jpg?shrink=130:130&_v=20261006080445,https://prod.danawa.com/info/?pcode=75184238&cate=112753
153,GIGABYTE,GIGABYTE AORUS 지포스 RTX 5090 MASTER D7 32GB 피씨디렉트,"9,090,000","RTX 5090 / PCIe5.0x16 / 1000W 이상 / 전원 포트 : 16핀(12V2x6) x1 / 가로(길이) : 360mm / 부스트클럭 : 2655MHz / 스트림 프로세서 : 21760 / 최대 AI TOPS : 3352(FP4, sparsity) / GDDR7 / VRAM 대역폭 : 1792 GB/s / 출력단자 : HDMI2.1 , DP2.1 / 지원정보 : 8K 지원 , HDR 지원 , HDCP 2.3 / 3+1팬 / 두께 : 75mm / 제로팬(0-dB기술) / 백플레이트 / LED 라이트 / Dual BIOS / RGB FUSION / 구성품 : VGA지지대 , 4x8핀 to 16핀 커넥터 , 후면 추가팬 / A/S 4년",https://img.danuri.io/catalog-image/226/184/075/1bf7299ca1cc4fbf9a3a1fd41344146b.jpg?shrink=130:130&_v=20261006080536,https://prod.danawa.com/info/?pcode=75184226&cate=112753
154,GIGABYTE,GIGABYTE AORUS 지포스 RTX 5090 STEALTH ICE D7 32GB 피씨디렉트,"9,381,000","RTX 5090 / PCIe5.0x16 / 1000W 이상 / 전원 포트 : 16핀(12V2x6) x1 / 가로(길이) : 360mm / 부스트클럭 : 2655MHz / 스트림 프로세서 : 21760 / 최대 AI TOPS : 3352(FP4, sparsity) / GDDR7 / VRAM 대역폭 : 1792 GB/s / 출력단자 : HDMI2.1 , DP2.1 / 지원정보 : 8K 지원 , HDR 지원 , HDCP 2.3 / 3+1팬 / 두께 : 75mm / 제로팬(0-dB기술) / 백플레이트 / LED 라이트 / LCD 모니터링 / Control Center / 구성품 : VGA지지대 , 4x8핀 to 16핀 커넥터 , 후면 추가팬 / A/S 4년",https://img.danuri.io/catalog-image/027/966/092/82efac4b73e44c93b94360d11ced2d8e.jpg?shrink=130:130&_v=20261006153353,https://prod.danawa.com/info/?pcode=92966027&cate=112753
155,GIGABYTE,GIGABYTE AORUS 지포스 RTX 5090 STEALTH ICE D7 32GB 제이씨현,"9,590,000","RTX 5090 / PCIe5.0x16 / 1000W 이상 / 전원 포트 : 16핀(12V2x6) x1 / 가로(길이) : 360mm / 부스트클럭 : 2655MHz / 스트림 프로세서 : 21760 / 최대 AI TOPS : 3352(FP4, sparsity) / GDDR7 / VRAM 대역폭 : 1792 GB/s / 출력단자 : HDMI2.1 , DP2.1 / 지원정보 : 8K 지원 , HDR 지원 , HDCP 2.3 / 3+1팬 / 두께 : 75mm / 제로팬(0-dB기술) / 백플레이트 / LED 라이트 / Dual BIOS / LCD 모니터링 / Control Center / 구성품 : VGA지지대 , 4x8핀 to 16핀 커넥터 , 후면 추가팬 / A/S 4년",https://img.danuri.io/catalog-image/736/382/093/23c47fd46e934220a1f984ee72e04e6c.jpg?shrink=130:130&_v=20261006080536,https://prod.danawa.com/info/?pcode=93382736&cate=112753
156,GIGABYTE,GIGABYTE AORUS 지포스 RTX 5090 MASTER ICE D7 32GB 피씨디렉트,"9,090,000","RTX 5090 / PCIe5.0x16 / 1000W 이상 / 전원 포트 : 16핀(12V2x6) x1 / 가로(길이) : 360mm / 부스트클럭 : 2655MHz / 스트림 프로세서 : 21760 / 최대 AI TOPS : 3352(FP4, sparsity) / GDDR7 / VRAM 대역폭 : 1792 GB/s / 출력단자 : HDMI2.1 , DP2.1 / 지원정보 : 8K 지원 , HDR 지원 , HDCP 2.3 / 3+1팬 / 두께 : 75mm / 제로팬(0-dB기술) / 백플레이트 / LED 라이트 / Dual BIOS / RGB FUSION / 구성품 : VGA지지대 , 4x8핀 to 16핀 커넥터 , 후면 추가팬 / A/S 4년",https://img.danuri.io/catalog-image/229/184/075/29b8d361562f41bb996ff21b8a8d92fe.jpg?shrink=130:130&_v=20261006080705,https://prod.danawa.com/info/?pcode=75184229&cate=112753
157,GIGABYTE,GIGABYTE AORUS 지포스 RTX 5090 AI BOX D7 32GB 피씨디렉트,"9,206,070","RTX 5090 / 썬더볼트5 / 850W 이상 / 전원 포트 : 외부AC전원 / 가로(길이) : 302mm / 부스트클럭 : 2520MHz / 스트림 프로세서 : 16384 / 최대 AI TOPS : 1321(sparsity) / GDDR6X / VRAM 대역폭 : 1792 GB/s / 출력단자 : HDMI2.1 , DP1.4 , 썬더볼트5 , USB3.x 5Gbps , 기가비트LAN / 지원정보 : 8K 지원 , HDR 지원 , HDCP 지원 / 2팬 / 두께 : 189mm / LED 라이트 / RGB FUSION / 외장그래픽(eGPU) / A/S 3년",https://img.danuri.io/catalog-image/476/412/098/53df532c881b4aa5a7097217fd29acd3.jpg?shrink=130:130&_v=20261006080523,https://prod.danawa.com/info/?pcode=98412476&cate=112753
158,GIGABYTE,GIGABYTE 지포스 RTX 5090 WINDFORCE OC D7 32GB 제이씨현,"8,990,000","RTX 5090 / PCIe5.0x16 / 1000W 이상 / 전원 포트 : 16핀(12V2x6) x1 / 가로(길이) : 342mm / 부스트클럭 : 2467MHz / 스트림 프로세서 : 21760 / 최대 AI TOPS : 3352(FP4, sparsity) / GDDR7 / VRAM 대역폭 : 1792 GB/s / 출력단자 : HDMI2.1 , DP2.1 / 지원정보 : 8K 지원 , HDR 지원 , HDCP 2.3 / 3팬 / 두께 : 65mm / 제로팬(0-dB기술) / 백플레이트 / Dual BIOS / 구성품 : VGA지지대 , 4x8핀 to 16핀 커넥터 / A/S 3년",https://img.danuri.io/catalog-image/283/184/075/f041311db3194790944efc2dd243a39d.jpg?shrink=130:130&_v=20261006080705,https://prod.danawa.com/info/?pcode=75184283&cate=112753
159,GIGABYTE,GIGABYTE 지포스 RTX 5090 WINDFORCE OC D7 32GB 피씨디렉트,"9,599,990","RTX 5090 / PCIe5.0x16 / 1000W 이상 / 전원 포트 : 16핀(12V2x6) x1 / 가로(길이) : 342mm / 부스트클럭 : 2467MHz / 스트림 프로세서 : 21760 / 최대 AI TOPS : 3352(FP4, sparsity) / GDDR7 / VRAM 대역폭 : 1792 GB/s / 출력단자 : HDMI2.1 , DP2.1 / 지원정보 : 8K 지원 , HDR 지원 , HDCP 2.3 / 3팬 / 두께 : 65mm / 제로팬(0-dB기술) / 백플레이트 / Dual BIOS / 구성품 : VGA지지대 , 4x8핀 to 16핀 커넥터 / A/S 4년",https://img.danuri.io/catalog-image/241/184/075/4248d86cc8fe4120b13f3c31223b1a06.jpg?shrink=130:130&_v=20261006080522,https://prod.danawa.com/info/?pcode=75184241&cate=112753
160,GIGABYTE,GIGABYTE 라데온 RX 7600 GAMING OC D6 8GB 제이씨현,"464,230","RX 7600 / PCIe4.0x16(at x8) / 550W 이상 / 전원 포트 : 8핀 x1 / 가로(길이) : 282mm / 부스트클럭 : 2755MHz / 스트림 프로세서 : 2048 / GDDR6 / 출력단자 : HDMI2.1 , DP1.4 / 지원정보 : 8K 지원 , HDR 지원 / 3팬 / 두께 : 50mm / 제로팬(0-dB기술) / 백플레이트 / LED 라이트 / A/S 3년",https://img.danuri.io/catalog-image/115/350/020/c502c49824e142a08ccee9a14daa962c.jpg?shrink=130:130&_v=20261006121253,https://prod.danawa.com/info/?pcode=20350115&cate=112753
161,GIGABYTE,GIGABYTE 라데온 RX 9060 XT Gaming OC ICE D6 16GB 피씨디렉트,"867,000","RX 9060 XT / PCIe5.0x16 / 450W 이상 / 전원 포트 : 8핀 x1 / 가로(길이) : 281mm / 부스트클럭 : 3320MHz / 스트림 프로세서 : 2048 / 최대 AI TOPS : 821(INT4) / GDDR6 / VRAM 대역폭 : 320 GB/s / 출력단자 : HDMI2.1 , DP2.1 / 지원정보 : 8K 지원 / 사용전력 : 160W / 3팬 / 두께 : 40mm / 제로팬(0-dB기술) / 백플레이트 / LED 라이트 / A/S 3년",https://img.danuri.io/catalog-image/071/288/099/25a3df769cf94e0f8f4523391d3405bd.jpg?shrink=130:130&_v=20261006135523,https://prod.danawa.com/info/?pcode=99288071&cate=112753
162,GIGABYTE,GIGABYTE 라데온 RX 9060 XT Gaming OC ICE D6 16GB 제이씨현,"848,990","RX 9060 XT / PCIe5.0x16 / 450W 이상 / 전원 포트 : 8핀 x1 / 가로(길이) : 281mm / 부스트클럭 : 3320MHz / 스트림 프로세서 : 2048 / 최대 AI TOPS : 821(INT4) / GDDR6 / VRAM 대역폭 : 320 GB/s / 출력단자 : HDMI2.1 , DP2.1 / 지원정보 : 8K 지원 / 사용전력 : 160W / 3팬 / 두께 : 40mm / 제로팬(0-dB기술) / 백플레이트 / LED 라이트 / A/S 3년",https://img.danuri.io/catalog-image/558/128/099/5df19a160d2a48a49e5585698902becb.jpg?shrink=130:130&_v=20261006132803,https://prod.danawa.com/info/?pcode=99128558&cate=112753
163,GIGABYTE,GIGABYTE 라데온 RX 9060 XT Gaming OC D6 16GB 피씨디렉트,"848,990","RX 9060 XT / PCIe5.0x16 / 450W 이상 / 전원 포트 : 8핀 x1 / 가로(길이) : 281mm / 부스트클럭 : 3320MHz / 스트림 프로세서 : 2048 / 최대 AI TOPS : 821(INT4) / GDDR6 / VRAM 대역폭 : 320 GB/s / 출력단자 : HDMI2.1 , DP2.1 / 지원정보 : 8K 지원 / 사용전력 : 160W / 3팬 / 두께 : 40mm / 제로팬(0-dB기술) / 백플레이트 / LED 라이트 / A/S 3년",https://img.danuri.io/catalog-image/590/908/091/82d108f212fb489a947cb9a24d446115.jpg?shrink=130:130&_v=20261006080705,https://prod.danawa.com/info/?pcode=91908590&cate=112753
164,GIGABYTE,GIGABYTE 라데온 RX 9060 XT Gaming OC D6 8GB 피씨디렉트,"713,690","RX 9060 XT / PCIe5.0x16 / 450W 이상 / 전원 포트 : 8핀 x1 / 가로(길이) : 281mm / 부스트클럭 : 3320MHz / 스트림 프로세서 : 2048 / 최대 AI TOPS : 821(INT4) / GDDR6 / 출력단자 : HDMI2.1 , DP2.1 / 지원정보 : 8K 지원 / 사용전력 : 160W / 3팬 / 두께 : 40mm / 제로팬(0-dB기술) / 백플레이트 / LED 라이트 / A/S 3년",https://img.danuri.io/catalog-image/554/908/091/f8ff36c0fe734b08b4a602ec78e22352.jpg?shrink=130:130&_v=20261006080652,https://prod.danawa.com/info/?pcode=91908554&cate=112753
165,GIGABYTE,GIGABYTE 라데온 RX 9060 XT Gaming D6 8GB 피씨디렉트,"1,556,130","RX 9060 XT / PCIe5.0x16 / 450W 이상 / 전원 포트 : 8핀 x1 / 가로(길이) : 281mm / 부스트클럭 : 3130MHz / 스트림 프로세서 : 2048 / 최대 AI TOPS : 821(INT4) / GDDR6 / 출력단자 : HDMI2.1 , DP2.1 / 지원정보 : 8K 지원 / 사용전력 : 160W / 3팬 / 두께 : 40mm / 제로팬(0-dB기술) / 백플레이트 / LED 라이트 / A/S 3년",https://img.danuri.io/catalog-image/533/908/091/a35ffa6a1fb44e878aa1a905a3beb073.jpg?shrink=130:130&_v=20261006064704,https://prod.danawa.com/info/?pcode=91908533&cate=112753
166,GIGABYTE,GIGABYTE 라데온 RX 9070 GAMING OC D6 16GB 피씨디렉트,"1,099,000","RX 9070 / PCIe5.0x16 / 750W 이상 / 전원 포트 : 8핀 x2 / 가로(길이) : 288mm / 부스트클럭 : 2700MHz / 스트림 프로세서 : 3584 / 최대 AI TOPS : 1165(INT4) / GDDR6 / VRAM 대역폭 : 640 GB/s / 출력단자 : HDMI2.1 , DP2.1 / 지원정보 : 8K 지원 , HDR 지원 / 3팬 / 두께 : 50mm / 제로팬(0-dB기술) / 백플레이트 / LED 라이트 / Dual BIOS / A/S 3년",https://img.danuri.io/catalog-image/860/382/077/a4a6b714556a4c1395f51d5febf3b6ed.jpg?shrink=130:130&_v=20261006150023,https://prod.danawa.com/info/?pcode=77382860&cate=112753
167,GIGABYTE,GIGABYTE 라데온 RX 9070 GRE Gaming OC D6 12GB 제이씨현,"965,500","RX 9070 GRE / PCIe5.0x16 / 750W 이상 / 전원 포트 : 8핀 x2 / 가로(길이) : 288mm / 부스트클럭 : 2920MHz / 스트림 프로세서 : 3072 / GDDR6 / VRAM 대역폭 : 432 GB/s / 출력단자 : HDMI2.1 , DP2.1 / 지원정보 : 8K 지원 , HDR 지원 / 3팬 / 두께 : 50mm / 제로팬(0-dB기술) / 백플레이트 / LED 라이트 / Dual BIOS / A/S 3년",https://img.danuri.io/catalog-image/736/707/122/41266fba2dec4c4bba1bd52ab8873d1a.jpeg?shrink=130:130&_v=20261006140828,https://prod.danawa.com/info/?pcode=122707736&cate=112753
168,GIGABYTE,GIGABYTE 라데온 RX 9070 GRE GAMING OC D6 12GB 피씨디렉트,"969,880","RX 9070 GRE / PCIe5.0x16 / 750W 이상 / 전원 포트 : 8핀 x2 / 가로(길이) : 288mm / 부스트클럭 : 2920MHz / 스트림 프로세서 : 3072 / GDDR6 / VRAM 대역폭 : 432 GB/s / 출력단자 : HDMI2.1 , DP2.1 / 지원정보 : 8K 지원 , HDR 지원 / 3팬 / 두께 : 50mm / 제로팬(0-dB기술) / 백플레이트 / LED 라이트 / Dual BIOS / A/S 3년",https://img.danuri.io/catalog-image/726/705/122/4c9719558c7b4e9980179653b902a34f.jpeg?shrink=130:130&_v=20261006083603,https://prod.danawa.com/info/?pcode=122705726&cate=112753
169,GIGABYTE,GIGABYTE 라데온 RX 9070 XT GAMING OC D6 16GB 제이씨현,"1,455,860","RX 9070 XT / PCIe5.0x16 / 850W 이상 / 전원 포트 : 8핀 x3 / 가로(길이) : 288mm / 부스트클럭 : 3060MHz / 스트림 프로세서 : 4096 / 최대 AI TOPS : 1557(INT4) / GDDR6 / VRAM 대역폭 : 640 GB/s / 출력단자 : HDMI2.1 , DP2.1 / 지원정보 : 8K 지원 , HDR 지원 / 3팬 / 두께 : 56mm / 제로팬(0-dB기술) / 백플레이트 / LED 라이트 / Dual BIOS / A/S 3년",https://img.danuri.io/catalog-image/896/382/077/cfa2b021b13a4ff1900a1589485dde75.jpg?shrink=130:130&_v=20261006080523,https://prod.danawa.com/info/?pcode=77382896&cate=112753
170,GIGABYTE,GIGABYTE 라데온 RX 9070 XT GAMING OC ICE D6 16GB 피씨디렉트,"1,460,540","RX 9070 XT / PCIe5.0x16 / 850W 이상 / 전원 포트 : 8핀 x3 / 가로(길이) : 288mm / 부스트클럭 : 3060MHz / 스트림 프로세서 : 4096 / 최대 AI TOPS : 1557(INT4) / GDDR6 / VRAM 대역폭 : 640 GB/s / 출력단자 : HDMI2.1 , DP2.1 / 지원정보 : 8K 지원 , HDR 지원 / 3팬 / 두께 : 56mm / 제로팬(0-dB기술) / 백플레이트 / LED 라이트 / Dual BIOS / A/S 3년",https://img.danuri.io/catalog-image/146/288/099/2fa2980e563a4c498bc0c007f3ece34a.jpg?shrink=130:130&_v=20261006150434,https://prod.danawa.com/info/?pcode=99288146&cate=112753
171,GIGABYTE,GIGABYTE 라데온 RX 9070 XT GAMING OC D6 16GB 피씨디렉트,"1,491,970","RX 9070 XT / PCIe5.0x16 / 850W 이상 / 전원 포트 : 8핀 x3 / 가로(길이) : 288mm / 부스트클럭 : 3060MHz / 스트림 프로세서 : 4096 / 최대 AI TOPS : 1557(INT4) / GDDR6 / VRAM 대역폭 : 640 GB/s / 출력단자 : HDMI2.1 , DP2.1 / 지원정보 : 8K 지원 , HDR 지원 / 3팬 / 두께 : 56mm / 제로팬(0-dB기술) / 백플레이트 / LED 라이트 / Dual BIOS / A/S 3년",https://img.danuri.io/catalog-image/845/382/077/63cc3641e59344cbad616f171e2f9fe5.jpg?shrink=130:130&_v=20261006133853,https://prod.danawa.com/info/?pcode=77382845&cate=112753
172,GIGABYTE,GIGABYTE 라데온 RX 9070 XT GAMING OC ICE D6 16GB 제이씨현,"1,447,250","RX 9070 XT / PCIe5.0x16 / 850W 이상 / 전원 포트 : 8핀 x3 / 가로(길이) : 288mm / 부스트클럭 : 3060MHz / 스트림 프로세서 : 4096 / 최대 AI TOPS : 1557(INT4) / GDDR6 / VRAM 대역폭 : 640 GB/s / 출력단자 : HDMI2.1 , DP2.1 / 지원정보 : 8K 지원 , HDR 지원 / 3팬 / 두께 : 56mm / 제로팬(0-dB기술) / 백플레이트 / LED 라이트 / Dual BIOS / A/S 3년",https://img.danuri.io/catalog-image/543/128/099/d3b5fbb4675943d39d77f84de05437cf.jpg?shrink=130:130&_v=20261006153118,https://prod.danawa.com/info/?pcode=99128543&cate=112753
173,ASUS,ASUS DUAL 지포스 RTX 3050 D6 6GB 인텍앤컴퍼니,"387,770","RTX 3050 / PCIe4.0 / 450W 이상 / 가로(길이) : 201mm / 부스트클럭 : 1470MHz / OC클럭 : 1500MHz / 스트림 프로세서 : 2304 / GDDR6 / 출력단자 : HDMI2.1 , DP1.4 , DVI(듀얼링크) / 지원정보 : 8K 지원 , HDCP 2.3 / 2팬 / 두께 : 37mm",https://img.danuri.io/catalog-image/675/918/068/ff596307d191456e8dcdabf77595979a.jpg?shrink=130:130&_v=20261005080441,https://prod.danawa.com/info/?pcode=68918675&cate=112753
174,ASUS,ASUS DUAL 지포스 RTX 3050 O6G OC D6 6GB 코잇,"473,490","RTX 3050 / PCIe4.0x16 / 450W 이상 / 가로(길이) : 201mm / 부스트클럭 : 1507MHz / OC클럭 : 1537MHz / 스트림 프로세서 : 2304 / GDDR6 / 출력단자 : HDMI2.1 , DP1.4 , DVI(듀얼링크) / 지원정보 : 8K 지원 , HDCP 2.3 / 2팬 / 두께 : 37mm",https://img.danuri.io/catalog-image/685/726/122/0252349a0d874f34a8975479dddf605e.jpeg?shrink=130:130&_v=20261006080535,https://prod.danawa.com/info/?pcode=122726685&cate=112753
175,ASUS,ASUS DUAL 지포스 RTX 3050 O6G OC D6 6GB 대원씨티에스,"441,000","RTX 3050 / PCIe4.0x16 / 450W 이상 / 가로(길이) : 201mm / 부스트클럭 : 1507MHz / OC클럭 : 1537MHz / 스트림 프로세서 : 2304 / GDDR6 / 출력단자 : HDMI2.1 , DP1.4 , DVI(듀얼링크) / 지원정보 : 8K 지원 , HDCP 2.3 / 2팬 / 두께 : 37mm",https://img.danuri.io/catalog-image/675/086/063/c8c2008cf504423d92e6036611b5e512.jpg?shrink=130:130&_v=20261002080441,https://prod.danawa.com/info/?pcode=63086675&cate=112753
176,ASUS,ASUS DUAL 지포스 RTX 3050 O6G OC D6 6GB 인텍앤컴퍼니,"399,000","RTX 3050 / PCIe4.0x16 / 450W 이상 / 가로(길이) : 201mm / 부스트클럭 : 1507MHz / OC클럭 : 1537MHz / 스트림 프로세서 : 2304 / GDDR6 / 출력단자 : HDMI2.1 , DP1.4 , DVI(듀얼링크) / 지원정보 : 8K 지원 , HDCP 2.3 / 2팬 / 두께 : 37mm",https://img.danuri.io/catalog-image/972/813/035/e92aba89c42a4f86ba7c02f7e6982d94.jpg?shrink=130:130&_v=20261004080455,https://prod.danawa.com/info/?pcode=35813972&cate=112753
177,ASUS,ASUS DUAL 지포스 RTX 3050 D6 6GB 대원씨티에스,"470,000","RTX 3050 / PCIe4.0 / 450W 이상 / 가로(길이) : 201mm / 부스트클럭 : 1470MHz / OC클럭 : 1500MHz / 스트림 프로세서 : 2304 / GDDR6 / 출력단자 : HDMI2.1 , DP1.4 , DVI(듀얼링크) / 지원정보 : 8K 지원 , HDCP 2.3 / 2팬 / 두께 : 37mm",https://img.danuri.io/catalog-image/638/705/122/dd89d58c36fc4204b3695b0f4bf71501.jpeg?shrink=130:130&_v=20261006083628,https://prod.danawa.com/info/?pcode=122705638&cate=112753
178,ASUS,ASUS PH 지포스 RTX 3060 D6 12GB,"680,000","RTX 3060 / PCIe4.0x16 / 650W 이상 / 전원 포트 : 8핀 x1 / 가로(길이) : 177mm / 부스트클럭 : 1807MHz / 스트림 프로세서 : 3584 / GDDR6 / VRAM 대역폭 : 360 GB/s / 출력단자 : HDMI2.1 , DP1.4 / 지원정보 : 8K 지원 , HDR 지원 , HDCP 2.3 / 1팬 / 두께 : 50~59mm / 백플레이트 / 2021년 7월부로 LHR(채굴제한) 모델 유통",https://img.danuri.io/catalog-image/025/824/014/7c3c693c55ab45ea8ea10e7dfdd05763.jpg?shrink=130:130&_v=20261005080552,https://prod.danawa.com/info/?pcode=14824025&cate=112753
179,ASUS,ASUS DUAL 지포스 RTX 3060 Ti O8G OC MINI D6 8GB,"800,000","RTX 3060 Ti / PCIe4.0x16 / 750W 이상 / 전원 포트 : 8핀 x1 / 가로(길이) : 200mm / 부스트클럭 : 1710MHz / 스트림 프로세서 : 4864 / GDDR6 / 출력단자 : HDMI2.1 , DP1.4 / 지원정보 : 8K 지원 , HDR 지원 , HDCP 2.3 / 2팬 / 두께 : 38mm / 제로팬(0-dB기술) / 백플레이트 / LED 라이트 / AURA SYNC / LHR(Lite Hash Rate) 버전",https://img.danuri.io/catalog-image/055/857/014/52f5ec9816884baaa6bf54acb6ccb6b2.jpg?shrink=130:130&_v=20261006080445,https://prod.danawa.com/info/?pcode=14857055&cate=112753
180,ASUS,ASUS ROG STRIX 지포스 RTX 3060 Ti O8G GAMING OC D6 8GB,"2,000,000","RTX 3060 Ti / PCIe4.0x16 / 750W 이상 / 전원 포트 : 8핀 x2 / 가로(길이) : 318.5mm / 부스트클럭 : 1890MHz / 스트림 프로세서 : 4864 / GDDR6 / 출력단자 : HDMI2.1 , DP1.4 / 지원정보 : 8K 지원 , HDR 지원 , HDCP 2.3 / 3팬 / 두께 : 57.8mm / 제로팬(0-dB기술) / 백플레이트 / LED 라이트 / Dual BIOS / AURA SYNC",https://img.danuri.io/catalog-image/834/821/012/c23f22d632794a3093669ab9db06615f.jpg?shrink=130:130&_v=20261006080542,https://prod.danawa.com/info/?pcode=12821834&cate=112753
181,ASUS,ASUS TUF Gaming 지포스 RTX 3060 Ti O8G OC D6 8GB,"2,690,000","RTX 3060 Ti / PCIe4.0x16 / 750W 이상 / 전원 포트 : 8핀 x1 / 가로(길이) : 301mm / 부스트클럭 : 1785MHz / 스트림 프로세서 : 4864 / GDDR6 / 출력단자 : HDMI2.1 , DP1.4 / 지원정보 : 8K 지원 , HDR 지원 , HDCP 2.3 / 3팬 / 두께 : 50~59mm / 제로팬(0-dB기술) / 백플레이트 / LED 라이트 / Dual BIOS / AURA SYNC / 2021년 7월부로 LHR(채굴제한) 모델 유통",https://img.danuri.io/catalog-image/741/821/012/113789e352424670b39b6408f8d004dd.jpg?shrink=130:130&_v=20261006080536,https://prod.danawa.com/info/?pcode=12821741&cate=112753
182,ASUS,ASUS ROG STRIX 지포스 RTX 3080 O10G GAMING OC D6X 10GB,"3,839,000","RTX 3080 / PCIe4.0x16 / 750W 이상 / 전원 포트 : 8핀 x3 / 가로(길이) : 318.5mm / 스트림 프로세서 : 8704 / GDDR6X / 출력단자 : HDMI2.1 , DP1.4 / 지원정보 : 8K 지원 , HDR 지원 , HDCP 2.3 / 3팬 / 두께 : 50~59mm / 제로팬(0-dB기술) / 백플레이트 / LED 라이트 / Dual BIOS / PWM 커넥터 / AURA SYNC",https://img.danuri.io/catalog-image/407/204/012/86aef9df56944e96bf096b07cd2f68c3.jpg?shrink=130:130&_v=20261006080536,https://prod.danawa.com/info/?pcode=12204407&cate=112753
183,ASUS,ASUS DUAL 지포스 RTX 5050 D6 8GB 대원씨티에스,"590,000","RTX 5050 / PCIe5.0x16(at x8) / 550W 이상 / 전원 포트 : 8핀 x1 / 가로(길이) : 203mm / 부스트클럭 : 2572MHz / OC클럭 : 2602MHz / 스트림 프로세서 : 2560 / 최대 AI TOPS : 433(FP4) / GDDR6 / 출력단자 : HDMI2.1 , DP2.1 / 지원정보 : 8K 지원 , HDR 지원 , HDCP 2.3 / 사용전력 : 130W / 2팬 / 두께 : 40mm / 제로팬(0-dB기술) / 백플레이트 / Dual BIOS / A/S 3년",https://img.danuri.io/catalog-image/596/524/094/012805d5ded3466797f5eb96fa1c911b.jpg?shrink=130:130&_v=20261006080522,https://prod.danawa.com/info/?pcode=94524596&cate=112753
184,ASUS,ASUS DUAL 지포스 RTX 5050 OC D6 8GB 코잇,"590,820","RTX 5050 / PCIe5.0x16(at x8) / 550W 이상 / 전원 포트 : 8핀 x1 / 가로(길이) : 203mm / 부스트클럭 : 2572MHz / OC클럭 : 2602MHz / 스트림 프로세서 : 2560 / 최대 AI TOPS : 433(FP4) / GDDR6 / 출력단자 : HDMI2.1 , DP2.1 / 지원정보 : 8K 지원 , HDR 지원 , HDCP 2.3 / 사용전력 : 130W / 2팬 / 두께 : 40mm / 제로팬(0-dB기술) / 백플레이트 / Dual BIOS / A/S 3년",https://img.danuri.io/catalog-image/712/726/122/993807dcb1a242c19bd26be0bfc9d86d.jpeg?shrink=130:130&_v=20261006120323,https://prod.danawa.com/info/?pcode=122726712&cate=112753
185,ASUS,ASUS DUAL 지포스 RTX 5050 OC D6 8GB 대원씨티에스,"577,000","RTX 5050 / PCIe5.0x16(at x8) / 550W 이상 / 전원 포트 : 8핀 x1 / 가로(길이) : 203mm / 부스트클럭 : 2647MHz / OC클럭 : 2677MHz / 스트림 프로세서 : 2560 / 최대 AI TOPS : 433(FP4) / GDDR6 / 출력단자 : HDMI2.1 , DP2.1 / 지원정보 : 8K 지원 , HDR 지원 , HDCP 2.3 / 사용전력 : 130W / 2팬 / 두께 : 40mm / 제로팬(0-dB기술) / 백플레이트 / Dual BIOS",https://img.danuri.io/catalog-image/653/318/093/3479d23278eb4e70a5609d324c84b449.jpg?shrink=130:130&_v=20261006080523,https://prod.danawa.com/info/?pcode=93318653&cate=112753
186,ASUS,ASUS DUAL 지포스 RTX 5050 OC D6 8GB 인텍앤컴퍼니,"595,840","RTX 5050 / PCIe5.0x16(at x8) / 550W 이상 / 전원 포트 : 8핀 x1 / 가로(길이) : 203mm / 부스트클럭 : 2647MHz / OC클럭 : 2677MHz / 스트림 프로세서 : 2560 / 최대 AI TOPS : 433(FP4) / GDDR6 / 출력단자 : HDMI2.1 , DP2.1 / 지원정보 : 8K 지원 , HDR 지원 , HDCP 2.3 / 사용전력 : 130W / 2팬 / 두께 : 40mm / 제로팬(0-dB기술) / 백플레이트 / Dual BIOS",https://img.danuri.io/catalog-image/997/697/093/461dd94cc98d454d9c50d4fdef7a014a.jpg?shrink=130:130&_v=20261006080542,https://prod.danawa.com/info/?pcode=93697997&cate=112753
187,ASUS,ASUS DUAL 지포스 RTX 5060 EVO OC D7 8GB 대원씨티에스,"705,000","RTX 5060 / PCIe5.0x16 / 550W 이상 / 전원 포트 : 8핀 x1 / 가로(길이) : 225mm / 부스트클럭 : 2535MHz / OC클럭 : 2565MHz / 스트림 프로세서 : 3840 / 최대 AI TOPS : 614(FP4) / GDDR7 / 출력단자 : HDMI2.1 , DP2.1 / 지원정보 : 8K 지원 , HDR 지원 , HDCP 2.3 / 2팬 / 두께 : 42mm / 제로팬(0-dB기술) / 백플레이트 / Dual BIOS",https://img.danuri.io/catalog-image/451/989/104/8b41462249cd4dee93530f4e7653c207.jpg?shrink=130:130&_v=20261006081638,https://prod.danawa.com/info/?pcode=104989451&cate=112753
188,ASUS,ASUS DUAL 지포스 RTX 5060 WHITE OC D7 8GB 코잇,"736,990","RTX 5060 / PCIe5.0x16(at x8) / 550W 이상 / 전원 포트 : 8핀 x1 / 가로(길이) : 228mm / 베이스클럭 : 2280 / 부스트클럭 : 2535MHz / OC클럭 : 2565MHz / 스트림 프로세서 : 3840 / 최대 AI TOPS : 623(FP4) / GDDR7 / 출력단자 : HDMI2.1 , DP2.1 / 지원정보 : 8K 지원 , HDR 지원 , HDCP 2.3 / 2팬 / 두께 : 50mm / 제로팬(0-dB기술) / 백플레이트 / Dual BIOS / A/S 3년",https://img.danuri.io/catalog-image/733/726/122/11f7ee9a78fc4d89b0c7ad31eb2f8cfc.jpeg?shrink=130:130&_v=20261006143823,https://prod.danawa.com/info/?pcode=122726733&cate=112753
189,ASUS,ASUS DUAL 지포스 RTX 5060 D7 8GB 인텍앤컴퍼니,"765,000","RTX 5060 / PCIe5.0x16(at x8) / 550W 이상 / 전원 포트 : 8핀 x1 / 가로(길이) : 228mm / 베이스클럭 : 2280 / 부스트클럭 : 2497MHz / OC클럭 : 2527MHz / 스트림 프로세서 : 3840 / 최대 AI TOPS : 614(FP4) / GDDR7 / 출력단자 : HDMI2.1 , DP2.1 / 지원정보 : 8K 지원 , HDR 지원 , HDCP 2.3 / 2팬 / 두께 : 50mm / 제로팬(0-dB기술) / 백플레이트 / Dual BIOS / A/S 3년",https://img.danuri.io/catalog-image/539/861/093/2e4e8c9a25db4ad9ab6243ba43dd885c.jpg?shrink=130:130&_v=20261006080522,https://prod.danawa.com/info/?pcode=93861539&cate=112753
190,ASUS,ASUS DUAL 지포스 RTX 5060 EVO OC D7 8GB 인텍앤컴퍼니,"820,350","RTX 5060 / PCIe5.0x16 / 550W 이상 / 전원 포트 : 8핀 x1 / 가로(길이) : 225mm / 부스트클럭 : 2535MHz / OC클럭 : 2565MHz / 스트림 프로세서 : 3840 / 최대 AI TOPS : 614(FP4) / GDDR7 / 출력단자 : HDMI2.1 , DP2.1 / 지원정보 : 8K 지원 , HDR 지원 , HDCP 2.3 / 2팬 / 두께 : 42mm / 제로팬(0-dB기술) / 백플레이트 / Dual BIOS",https://img.danuri.io/catalog-image/866/628/104/0e8023b55af24fc49719f44823333e80.jpg?shrink=130:130&_v=20261006080705,https://prod.danawa.com/info/?pcode=104628866&cate=112753
191,ASUS,ASUS DUAL 지포스 RTX 5060 EVO OC D7 8GB 코잇,"677,970","RTX 5060 / PCIe5.0x16 / 550W 이상 / 전원 포트 : 8핀 x1 / 가로(길이) : 225mm / 부스트클럭 : 2535MHz / OC클럭 : 2565MHz / 스트림 프로세서 : 3840 / 최대 AI TOPS : 614(FP4) / GDDR7 / 출력단자 : HDMI2.1 , DP2.1 / 지원정보 : 8K 지원 , HDR 지원 , HDCP 2.3 / 2팬 / 두께 : 42mm / 제로팬(0-dB기술) / 백플레이트 / Dual BIOS",https://img.danuri.io/catalog-image/726/726/122/536987ae6efe447f8427200237ff3cfa.jpeg?shrink=130:130&_v=20261006080542,https://prod.danawa.com/info/?pcode=122726726&cate=112753
192,ASUS,ASUS PRIME 지포스 RTX 5060 OC D7 8GB 대원씨티에스,"739,990","RTX 5060 / PCIe5.0x16(at x8) / 550W 이상 / 전원 포트 : 8핀 x1 / 가로(길이) : 268.3mm / 베이스클럭 : 2280 / 부스트클럭 : 2565MHz / OC클럭 : 2595MHz / 스트림 프로세서 : 3840 / 최대 AI TOPS : 614(FP4) / GDDR7 / 출력단자 : HDMI2.1 , DP2.1 / 지원정보 : 8K 지원 , HDR 지원 , HDCP 2.3 / 3팬 / 두께 : 50mm / 제로팬(0-dB기술) / 백플레이트 / Dual BIOS / A/S 3년",https://img.danuri.io/catalog-image/422/957/090/103af8dcb8624255b83e85e480c7c656.jpg?shrink=130:130&_v=20261006115123,https://prod.danawa.com/info/?pcode=90957422&cate=112753
193,ASUS,ASUS DUAL 지포스 RTX 5060 OC D7 8GB 대원씨티에스,"756,080","RTX 5060 / PCIe5.0x16(at x8) / 550W 이상 / 전원 포트 : 8핀 x1 / 가로(길이) : 228mm / 베이스클럭 : 2280 / 부스트클럭 : 2535MHz / OC클럭 : 2565MHz / 스트림 프로세서 : 3840 / 최대 AI TOPS : 614(FP4) / GDDR7 / 출력단자 : HDMI2.1 , DP2.1 / 지원정보 : 8K 지원 , HDR 지원 , HDCP 2.3 / 2팬 / 두께 : 50mm / 제로팬(0-dB기술) / 백플레이트 / Dual BIOS / A/S 3년",https://img.danuri.io/catalog-image/326/957/090/7e9600f927ae430989b67e2e20932d77.jpg?shrink=130:130&_v=20261006091203,https://prod.danawa.com/info/?pcode=90957326&cate=112753
194,ASUS,ASUS DUAL 지포스 RTX 5060 OC D7 8GB 인텍앤컴퍼니,"709,000","RTX 5060 / PCIe5.0x16(at x8) / 550W 이상 / 전원 포트 : 8핀 x1 / 가로(길이) : 228mm / 베이스클럭 : 2280 / 부스트클럭 : 2535MHz / OC클럭 : 2565MHz / 스트림 프로세서 : 3840 / 최대 AI TOPS : 614(FP4) / GDDR7 / 출력단자 : HDMI2.1 , DP2.1 / 지원정보 : 8K 지원 , HDR 지원 , HDCP 2.3 / 2팬 / 두께 : 50mm / 제로팬(0-dB기술) / 백플레이트 / Dual BIOS / A/S 3년",https://img.danuri.io/catalog-image/327/496/091/68ac5e408bcf40eb83a6903566587756.jpg?shrink=130:130&_v=20261006085933,https://prod.danawa.com/info/?pcode=91496327&cate=112753
195,ASUS,ASUS DUAL 지포스 RTX 5060 WHITE OC D7 8GB 인텍앤컴퍼니,"772,000","RTX 5060 / PCIe5.0x16(at x8) / 550W 이상 / 전원 포트 : 8핀 x1 / 가로(길이) : 228mm / 베이스클럭 : 2280 / 부스트클럭 : 2535MHz / OC클럭 : 2565MHz / 스트림 프로세서 : 3840 / 최대 AI TOPS : 623(FP4) / GDDR7 / 출력단자 : HDMI2.1 , DP2.1 / 지원정보 : 8K 지원 , HDR 지원 , HDCP 2.3 / 2팬 / 두께 : 50mm / 제로팬(0-dB기술) / 백플레이트 / Dual BIOS / A/S 3년",https://img.danuri.io/catalog-image/304/837/097/2c245291b3fe4ac68d0e7245c10e3cbf.jpg?shrink=130:130&_v=20261006104023,https://prod.danawa.com/info/?pcode=97837304&cate=112753
196,ASUS,ASUS DUAL 지포스 RTX 5060 TI OC D7 8GB 인텍앤컴퍼니,"778,900","RTX 5060 Ti / PCIe5.0x16(at x8) / 550W 이상 / 전원 포트 : 8핀 x1 / 가로(길이) : 229mm / 베이스클럭 : 2407 / 부스트클럭 : 2602MHz / OC클럭 : 2632MHz / 스트림 프로세서 : 4608 / 최대 AI TOPS : 759(FP4) / GDDR7 / 출력단자 : HDMI2.1 , DP2.1 / 지원정보 : 8K 지원 , HDR 지원 , HDCP 2.3 / 2팬 / 두께 : 50mm / 제로팬(0-dB기술) / 백플레이트",https://img.danuri.io/catalog-image/160/450/082/33dfb7745c9c44bfb8e719958db35d8a.jpg?shrink=130:130&_v=20261006123858,https://prod.danawa.com/info/?pcode=82450160&cate=112753
197,ASUS,ASUS DUAL 지포스 RTX 5060 TI OC D7 8GB 대원씨티에스,"834,990","RTX 5060 Ti / PCIe5.0x16(at x8) / 550W 이상 / 전원 포트 : 8핀 x1 / 가로(길이) : 229mm / 베이스클럭 : 2407 / 부스트클럭 : 2602MHz / OC클럭 : 2632MHz / 스트림 프로세서 : 4608 / 최대 AI TOPS : 759(FP4) / GDDR7 / 출력단자 : HDMI2.1 , DP2.1 / 지원정보 : 8K 지원 , HDR 지원 , HDCP 2.3 / 2팬 / 두께 : 50mm / 제로팬(0-dB기술) / 백플레이트",https://img.danuri.io/catalog-image/213/133/088/c1e151c32b1745e59aa9f02240207b29.jpg?shrink=130:130&_v=20261006145454,https://prod.danawa.com/info/?pcode=88133213&cate=112753
198,ASUS,ASUS DUAL 지포스 RTX 5060 Ti OC D7 8GB 코잇,"920,980","RTX 5060 Ti / PCIe5.0x16(at x8) / 550W 이상 / 전원 포트 : 8핀 x1 / 가로(길이) : 229mm / 베이스클럭 : 2407 / 부스트클럭 : 2602MHz / OC클럭 : 2632MHz / 스트림 프로세서 : 4608 / 최대 AI TOPS : 759(FP4) / GDDR7 / 출력단자 : HDMI2.1 , DP2.1 / 지원정보 : 8K 지원 , HDR 지원 , HDCP 2.3 / 2팬 / 두께 : 50mm / 제로팬(0-dB기술) / 백플레이트",https://img.danuri.io/catalog-image/759/726/122/3d24841113b44ee2a8488b8bf4bab3bf.jpeg?shrink=130:130&_v=20261006093014,https://prod.danawa.com/info/?pcode=122726759&cate=112753
199,ASUS,ASUS DUAL 지포스 RTX 5060 Ti WHITE OC D7 8GB 코잇,"958,970","RTX 5060 Ti / PCIe5.0x16(at x8) / 550W 이상 / 전원 포트 : 8핀 x1 / 가로(길이) : 229mm / 베이스클럭 : 2407 / 부스트클럭 : 2602MHz / OC클럭 : 2632MHz / 스트림 프로세서 : 4608 / 최대 AI TOPS : 759(FP4) / GDDR7 / 출력단자 : HDMI2.1 , DP2.1 / 지원정보 : 8K 지원 , HDR 지원 , HDCP 2.3 / 2팬 / 두께 : 50mm / 제로팬(0-dB기술) / 백플레이트",https://img.danuri.io/catalog-image/777/726/122/4b0ff57f4acb4e4cb891d31c57c90888.jpeg?shrink=130:130&_v=20261006153853,https://prod.danawa.com/info/?pcode=122726777&cate=112753
200,ASUS,ASUS DUAL 지포스 RTX 5060 Ti OC D7 16GB 코잇,"1,353,990","RTX 5060 Ti / PCIe5.0x16(at x8) / 550W 이상 / 전원 포트 : 8핀 x1 / 가로(길이) : 229mm / 베이스클럭 : 2407 / 부스트클럭 : 2602MHz / OC클럭 : 2632MHz / 스트림 프로세서 : 4608 / 최대 AI TOPS : 759(FP4) / GDDR7 / VRAM 대역폭 : 448 GB/s / 출력단자 : HDMI2.1 , DP2.1 / 지원정보 : 8K 지원 , HDR 지원 , HDCP 2.3 / 2팬 / 두께 : 50mm / 제로팬(0-dB기술) / 백플레이트",https://img.danuri.io/catalog-image/797/726/122/59dff3069d0e45f483c3a50c5d5f260c.jpeg?shrink=130:130&_v=20261006102013,https://prod.danawa.com/info/?pcode=122726797&cate=112753
201,ASUS,ASUS DUAL 지포스 RTX 5060 TI OC D7 16GB 인텍앤컴퍼니,"1,359,480","RTX 5060 Ti / PCIe5.0x16(at x8) / 550W 이상 / 전원 포트 : 8핀 x1 / 가로(길이) : 229mm / 베이스클럭 : 2407 / 부스트클럭 : 2602MHz / OC클럭 : 2632MHz / 스트림 프로세서 : 4608 / 최대 AI TOPS : 759(FP4) / GDDR7 / VRAM 대역폭 : 448 GB/s / 출력단자 : HDMI2.1 , DP2.1 / 지원정보 : 8K 지원 , HDR 지원 , HDCP 2.3 / 2팬 / 두께 : 50mm / 제로팬(0-dB기술) / 백플레이트",https://img.danuri.io/catalog-image/086/443/082/e3553ecbc04e4912be19de5f40e135b1.jpg?shrink=130:130&_v=20261006105058,https://prod.danawa.com/info/?pcode=82443086&cate=112753
202,ASUS,ASUS DUAL 지포스 RTX 5060 TI OC D7 16GB 대원씨티에스,"1,328,140","RTX 5060 Ti / PCIe5.0x16(at x8) / 550W 이상 / 전원 포트 : 8핀 x1 / 가로(길이) : 229mm / 베이스클럭 : 2407 / 부스트클럭 : 2602MHz / OC클럭 : 2632MHz / 스트림 프로세서 : 4608 / 최대 AI TOPS : 759(FP4) / GDDR7 / VRAM 대역폭 : 448 GB/s / 출력단자 : HDMI2.1 , DP2.1 / 지원정보 : 8K 지원 , HDR 지원 , HDCP 2.3 / 2팬 / 두께 : 50mm / 제로팬(0-dB기술) / 백플레이트",https://img.danuri.io/catalog-image/276/133/088/e5f85a7ae0f742e2a0ddf71eb97b2bab.jpg?shrink=130:130&_v=20261006085903,https://prod.danawa.com/info/?pcode=88133276&cate=112753
203,ASUS,ASUS 지포스 RTX 5060 Ti OC D7 8GB T1 Edition 인텍앤컴퍼니,"828,900","RTX 5060 Ti / PCIe5.0x16(at x8) / 550W 이상 / 전원 포트 : 16핀(12V2x6) x1 / 가로(길이) : 269mm / 부스트클럭 : 2632MHz / OC클럭 : 2662MHz / 스트림 프로세서 : 4608 / 최대 AI TOPS : 759(FP4) / GDDR7 / VRAM 대역폭 : 448 GB/s / 출력단자 : HDMI2.1 , DP2.1 / 지원정보 : 8K 지원 , HDR 지원 , HDCP 2.3 / 3팬 / 두께 : 50mm / 제로팬(0-dB기술) / 백플레이트",https://img.danuri.io/catalog-image/932/588/123/ffaf5d3fa48d4ec29cab354bf28bb8bc.jpeg?shrink=130:130&_v=20261006080431,https://prod.danawa.com/info/?pcode=123588932&cate=112753
204,ASUS,ASUS PRIME 지포스 RTX 5060 TI D7 8GB 인텍앤컴퍼니,"868,000","RTX 5060 Ti / PCIe5.0x16(at x8) / 550W 이상 / 전원 포트 : 8핀 x1 / 가로(길이) : 304mm / 베이스클럭 : 2407 / 부스트클럭 : 2572MHz / OC클럭 : 2602MHz / 스트림 프로세서 : 4608 / 최대 AI TOPS : 759(FP4) / GDDR7 / 출력단자 : HDMI2.1 , DP2.1 / 지원정보 : 8K 지원 , HDR 지원 , HDCP 2.3 / 3팬 / 두께 : 50mm / 제로팬(0-dB기술) / 백플레이트",https://img.danuri.io/catalog-image/444/433/082/ce25365edad940c7bb9ff6fb0594043c.jpg?shrink=130:130&_v=20261006080522,https://prod.danawa.com/info/?pcode=82433444&cate=112753
205,ASUS,ASUS PRIME 지포스 RTX 5060 TI OC D7 8GB 대원씨티에스,"879,000","RTX 5060 Ti / PCIe5.0x16(at x8) / 550W 이상 / 전원 포트 : 8핀 x1 / 가로(길이) : 304mm / 부스트클럭 : 2617MHz / OC클럭 : 2647MHz / 스트림 프로세서 : 4608 / 최대 AI TOPS : 759(FP4) / GDDR7 / 출력단자 : HDMI2.1 , DP2.1 / 지원정보 : 8K 지원 , HDR 지원 , HDCP 2.3 / 3팬 / 두께 : 50mm / 제로팬(0-dB기술) / 백플레이트 / Dual BIOS / A/S 3년",https://img.danuri.io/catalog-image/921/136/088/c66d9a8f5d6f416581d736778251195c.jpg?shrink=130:130&_v=20261006080523,https://prod.danawa.com/info/?pcode=88136921&cate=112753
206,ASUS,ASUS 지포스 RTX 5060 Ti OC D7 8GB T1 Edition 대원씨티에스,"829,000","RTX 5060 Ti / PCIe5.0x16(at x8) / 550W 이상 / 전원 포트 : 16핀(12V2x6) x1 / 가로(길이) : 269mm / 부스트클럭 : 2632MHz / OC클럭 : 2662MHz / 스트림 프로세서 : 4608 / 최대 AI TOPS : 759(FP4) / GDDR7 / VRAM 대역폭 : 448 GB/s / 출력단자 : HDMI2.1 , DP2.1 / 지원정보 : 8K 지원 , HDR 지원 , HDCP 2.3 / 3팬 / 두께 : 50mm / 제로팬(0-dB기술) / 백플레이트",https://img.danuri.io/catalog-image/439/589/123/f2d7b9a24a8240b19511bb956afd00b7.jpeg?shrink=130:130&_v=20261006080652,https://prod.danawa.com/info/?pcode=123589439&cate=112753
207,ASUS,ASUS DUAL 지포스 RTX 5070 OC D7 12GB 인텍앤컴퍼니,"1,357,220","RTX 5070 / PCIe5.0x16 / 750W 이상 / 전원 포트 : 16핀(12V2x6) x1 / 가로(길이) : 249mm / 베이스클럭 : 2325 / 부스트클럭 : 2542MHz / OC클럭 : 2572MHz / 스트림 프로세서 : 6144 / 최대 AI TOPS : 988(FP4) / GDDR7 / VRAM 대역폭 : 672 GB/s / 출력단자 : HDMI2.1 , DP2.1 / 지원정보 : 8K 지원 , HDR 지원 , HDCP 2.3 / 2팬 / 두께 : 50.6mm / 제로팬(0-dB기술) / 백플레이트 / Dual BIOS / MYSTIC LIGHT / 구성품 : 2x8핀 to 16핀 커넥터",https://img.danuri.io/catalog-image/951/678/092/f365000bf1954b6d8192794ab8d3cd44.jpg?shrink=130:130&_v=20261006080431,https://prod.danawa.com/info/?pcode=92678951&cate=112753
208,ASUS,ASUS PRIME 지포스 RTX 5070 WHITE OC D7 12GB 코잇,"1,478,990","RTX 5070 / PCIe5.0x16 / 750W 이상 / 전원 포트 : 16핀(12V2x6) x1 / 가로(길이) : 304mm / 베이스클럭 : 2325 / 부스트클럭 : 2557MHz / OC클럭 : 2587MHz / 스트림 프로세서 : 6144 / 최대 AI TOPS : 988(FP4) / GDDR7 / VRAM 대역폭 : 672 GB/s / 출력단자 : HDMI2.1 , DP2.1 / 지원정보 : 8K 지원 , HDR 지원 , HDCP 2.3 / 3팬 / 두께 : 50mm / 제로팬(0-dB기술) / 백플레이트 / Dual BIOS / 구성품 : 2x8핀 to 16핀 커넥터",https://img.danuri.io/catalog-image/871/726/122/e26d4432c5a449cca7102799e62b8246.jpeg?shrink=130:130&_v=20261006133813,https://prod.danawa.com/info/?pcode=122726871&cate=112753
209,ASUS,ASUS PRIME 지포스 RTX 5070 OC D7 12GB 코잇,"1,235,970","RTX 5070 / PCIe5.0x16 / 750W 이상 / 전원 포트 : 16핀(12V2x6) x1 / 가로(길이) : 304mm / 베이스클럭 : 2325 / 부스트클럭 : 2557MHz / OC클럭 : 2587MHz / 스트림 프로세서 : 6144 / 최대 AI TOPS : 988(FP4) / GDDR7 / VRAM 대역폭 : 672 GB/s / 출력단자 : HDMI2.1 , DP2.1 / 지원정보 : 8K 지원 , HDR 지원 , HDCP 2.3 / 3팬 / 두께 : 50mm / 제로팬(0-dB기술) / 백플레이트 / Dual BIOS / MYSTIC LIGHT / 구성품 : 2x8핀 to 16핀 커넥터",https://img.danuri.io/catalog-image/864/726/122/e1025ef9eaa1447eb9899db06f4b304c.jpeg?shrink=130:130&_v=20261006080536,https://prod.danawa.com/info/?pcode=122726864&cate=112753
210,ASUS,ASUS PRIME 지포스 RTX 5070 WHITE OC D7 12GB 인텍앤컴퍼니,"1,522,480","RTX 5070 / PCIe5.0x16 / 750W 이상 / 전원 포트 : 16핀(12V2x6) x1 / 가로(길이) : 304mm / 베이스클럭 : 2325 / 부스트클럭 : 2557MHz / OC클럭 : 2587MHz / 스트림 프로세서 : 6144 / 최대 AI TOPS : 1005(FP4) / GDDR7 / VRAM 대역폭 : 672 GB/s / 출력단자 : HDMI2.1 , DP2.1 / 지원정보 : 8K 지원 , HDR 지원 , HDCP 2.3 / 3팬 / 두께 : 50mm / 제로팬(0-dB기술) / 백플레이트 / Dual BIOS / 구성품 : 2x8핀 to 16핀 커넥터",https://img.danuri.io/catalog-image/635/861/093/38edca4056a845b09f47c79ea28a5a99.jpg?shrink=130:130&_v=20261006140218,https://prod.danawa.com/info/?pcode=93861635&cate=112753
211,ASUS,ASUS PRIME 지포스 RTX 5070 OC D7 12GB 대원씨티에스,"1,461,980","RTX 5070 / PCIe5.0x16 / 750W 이상 / 전원 포트 : 16핀(12V2x6) x1 / 가로(길이) : 304mm / 베이스클럭 : 2325 / 부스트클럭 : 2557MHz / OC클럭 : 2587MHz / 스트림 프로세서 : 6144 / 최대 AI TOPS : 988(FP4) / GDDR7 / VRAM 대역폭 : 672 GB/s / 출력단자 : HDMI2.1 , DP2.1 / 지원정보 : 8K 지원 , HDR 지원 , HDCP 2.3 / 3팬 / 두께 : 50mm / 제로팬(0-dB기술) / 백플레이트 / Dual BIOS / MYSTIC LIGHT / 구성품 : 2x8핀 to 16핀 커넥터",https://img.danuri.io/catalog-image/575/379/077/aa4d91b52756444c8858abd325a34031.jpg?shrink=130:130&_v=20261006141828,https://prod.danawa.com/info/?pcode=77379575&cate=112753
212,ASUS,ASUS PRIME 지포스 RTX 5070 OC D7 12GB 인텍앤컴퍼니,"1,381,130","RTX 5070 / PCIe5.0x16 / 750W 이상 / 전원 포트 : 16핀(12V2x6) x1 / 가로(길이) : 304mm / 베이스클럭 : 2325 / 부스트클럭 : 2557MHz / OC클럭 : 2587MHz / 스트림 프로세서 : 6144 / 최대 AI TOPS : 988(FP4) / GDDR7 / VRAM 대역폭 : 672 GB/s / 출력단자 : HDMI2.1 , DP2.1 / 지원정보 : 8K 지원 , HDR 지원 , HDCP 2.3 / 3팬 / 두께 : 50mm / 제로팬(0-dB기술) / 백플레이트 / Dual BIOS / MYSTIC LIGHT / 구성품 : 2x8핀 to 16핀 커넥터",https://img.danuri.io/catalog-image/619/461/077/8cc33e1c45764b0c89293a4fa62f3a4f.jpg?shrink=130:130&_v=20261006152523,https://prod.danawa.com/info/?pcode=77461619&cate=112753
213,ASUS,ASUS 지포스 RTX 5070 OC D7 12GB T1 Edition 인텍앤컴퍼니,"1,297,990","RTX 5070 / PCIe5.0x16(at x8) / 750W 이상 / 전원 포트 : 16핀(12V2x6) x1 / 가로(길이) : 305mm / 부스트클럭 : 2572MHz / OC클럭 : 2595MHz / 스트림 프로세서 : 6144 / 최대 AI TOPS : 988(FP4) / GDDR7 / VRAM 대역폭 : 672 GB/s / 출력단자 : HDMI2.1 , DP2.1 / 지원정보 : 8K 지원 , HDR 지원 , HDCP 2.3 / 3팬 / 두께 : 50mm / 제로팬(0-dB기술) / 백플레이트",https://img.danuri.io/catalog-image/962/588/123/48b1fac3720546a68cba73e5a2e9f692.jpeg?shrink=130:130&_v=20261006080705,https://prod.danawa.com/info/?pcode=123588962&cate=112753
214,ASUS,ASUS DUAL 지포스 RTX 5070 OC D7 12GB 코잇,"1,462,890","RTX 5070 / PCIe5.0x16 / 750W 이상 / 전원 포트 : 16핀(12V2x6) x1 / 가로(길이) : 249mm / 베이스클럭 : 2325 / 부스트클럭 : 2542MHz / OC클럭 : 2572MHz / 스트림 프로세서 : 6144 / 최대 AI TOPS : 988(FP4) / GDDR7 / VRAM 대역폭 : 672 GB/s / 출력단자 : HDMI2.1 , DP2.1 / 지원정보 : 8K 지원 , HDR 지원 , HDCP 2.3 / 2팬 / 두께 : 50.6mm / 제로팬(0-dB기술) / 백플레이트 / Dual BIOS / MYSTIC LIGHT / 구성품 : 2x8핀 to 16핀 커넥터",https://img.danuri.io/catalog-image/839/726/122/1fa52b2c5ec0487092044c783968039c.jpeg?shrink=130:130&_v=20261006080445,https://prod.danawa.com/info/?pcode=122726839&cate=112753
215,ASUS,ASUS DUAL 지포스 RTX 5070 OC D7 12GB 대원씨티에스,"1,479,000","RTX 5070 / PCIe5.0x16 / 750W 이상 / 전원 포트 : 16핀(12V2x6) x1 / 가로(길이) : 249mm / 베이스클럭 : 2325 / 부스트클럭 : 2542MHz / OC클럭 : 2572MHz / 스트림 프로세서 : 6144 / 최대 AI TOPS : 988(FP4) / GDDR7 / VRAM 대역폭 : 672 GB/s / 출력단자 : HDMI2.1 , DP2.1 / 지원정보 : 8K 지원 , HDR 지원 , HDCP 2.3 / 2팬 / 두께 : 50.6mm / 제로팬(0-dB기술) / 백플레이트 / Dual BIOS / MYSTIC LIGHT / 구성품 : 2x8핀 to 16핀 커넥터",https://img.danuri.io/catalog-image/051/446/093/ba06244091ae4f3da4321fb9ff698ea9.jpg?shrink=130:130&_v=20261006080445,https://prod.danawa.com/info/?pcode=93446051&cate=112753
216,ASUS,ASUS PRIME 지포스 RTX 5070 D7 12GB 인텍앤컴퍼니,"1,718,200","RTX 5070 / PCIe5.0x16 / 750W 이상 / 전원 포트 : 16핀(12V2x6) x1 / 가로(길이) : 304mm / 베이스클럭 : 2325 / 부스트클럭 : 2512MHz / OC클럭 : 2542MHz / 스트림 프로세서 : 6144 / 최대 AI TOPS : 988(FP4) / GDDR7 / VRAM 대역폭 : 672 GB/s / 출력단자 : HDMI2.1 , DP2.1 / 지원정보 : 8K 지원 , HDR 지원 , HDCP 2.3 / 3팬 / 두께 : 50mm / 제로팬(0-dB기술) / 백플레이트 / Dual BIOS / MYSTIC LIGHT / 구성품 : 2x8핀 to 16핀 커넥터",https://img.danuri.io/catalog-image/610/461/077/eae4b198bc74427c9100ea716b9a943d.jpg?shrink=130:130&_v=20261005080429,https://prod.danawa.com/info/?pcode=77461610&cate=112753
217,ASUS,ASUS 지포스 RTX 5070 OC D7 12GB T1 Edition 대원씨티에스,"1,299,000","RTX 5070 / PCIe5.0x16(at x8) / 750W 이상 / 전원 포트 : 16핀(12V2x6) x1 / 가로(길이) : 305mm / 부스트클럭 : 2572MHz / OC클럭 : 2595MHz / 스트림 프로세서 : 6144 / 최대 AI TOPS : 988(FP4) / GDDR7 / VRAM 대역폭 : 672 GB/s / 출력단자 : HDMI2.1 , DP2.1 / 지원정보 : 8K 지원 , HDR 지원 , HDCP 2.3 / 3팬 / 두께 : 50mm / 제로팬(0-dB기술) / 백플레이트",https://img.danuri.io/catalog-image/443/589/123/4af1aedc85ef4ebc9ca36d00dee2eb56.jpeg?shrink=130:130&_v=20261006143624,https://prod.danawa.com/info/?pcode=123589443&cate=112753
218,ASUS,ASUS TUF Gaming 지포스 RTX 5070 OC D7 12GB 인텍앤컴퍼니,"1,629,000","RTX 5070 / PCIe5.0x16 / 750W 이상 / 전원 포트 : 16핀(12V2x6) x1 / 가로(길이) : 329mm / 베이스클럭 : 2325 / 부스트클럭 : 2610MHz / OC클럭 : 2640MHz / 스트림 프로세서 : 6144 / 최대 AI TOPS : 988(FP4) / GDDR7 / VRAM 대역폭 : 672 GB/s / 출력단자 : HDMI2.1 , DP2.1 / 지원정보 : 8K 지원 , HDR 지원 , HDCP 2.3 / 3팬 / 두께 : 62.5mm / 제로팬(0-dB기술) / 백플레이트 / Dual BIOS / MYSTIC LIGHT / 구성품 : 2x8핀 to 16핀 커넥터",https://img.danuri.io/catalog-image/631/461/077/2cdd27639f074e568cbde45117bd7def.jpg?shrink=130:130&_v=20261006080542,https://prod.danawa.com/info/?pcode=77461631&cate=112753
219,ASUS,ASUS PRIME 지포스 RTX 5070 Ti OC D7 16GB 대원씨티에스,"2,124,610","RTX 5070 Ti / PCIe5.0x16 / 750W 이상 / 전원 포트 : 16핀(12V2x6) x1 / 가로(길이) : 304mm / 베이스클럭 : 2295 / 스트림 프로세서 : 8960 / 최대 AI TOPS : 1406(FP4) / GDDR7 / VRAM 대역폭 : 896 GB/s / 출력단자 : HDMI2.1 , DP2.1 / 지원정보 : 8K 지원 , HDR 지원 , HDCP 2.3 / 3팬 / 두께 : 50mm / 제로팬(0-dB기술) / 백플레이트 / Dual BIOS / 구성품 : 3x8핀 to 16핀 커넥터",https://img.danuri.io/catalog-image/369/511/076/dd7e87f2d7b24d04a6e6f981495d0f1e.jpg?shrink=130:130&_v=20261006150858,https://prod.danawa.com/info/?pcode=76511369&cate=112753
220,ASUS,ASUS PRIME 지포스 RTX 5070 Ti OC D7 16GB 코잇,"2,009,000","RTX 5070 Ti / PCIe5.0x16 / 750W 이상 / 전원 포트 : 16핀(12V2x6) x1 / 가로(길이) : 304mm / 베이스클럭 : 2295 / 스트림 프로세서 : 8960 / 최대 AI TOPS : 1406(FP4) / GDDR7 / VRAM 대역폭 : 896 GB/s / 출력단자 : HDMI2.1 , DP2.1 / 지원정보 : 8K 지원 , HDR 지원 , HDCP 2.3 / 3팬 / 두께 : 50mm / 제로팬(0-dB기술) / 백플레이트 / Dual BIOS / 구성품 : 3x8핀 to 16핀 커넥터",https://img.danuri.io/catalog-image/879/726/122/e44f9ebd359040dabc693f88eb062373.jpeg?shrink=130:130&_v=20261006083423,https://prod.danawa.com/info/?pcode=122726879&cate=112753
221,ASUS,ASUS PRIME 지포스 RTX 5070 Ti D7 16GB 인텍앤컴퍼니,"2,175,000","RTX 5070 Ti / PCIe5.0x16 / 750W 이상 / 전원 포트 : 16핀(12V2x6) x1 / 가로(길이) : 304mm / 베이스클럭 : 2295 / 부스트클럭 : 2452MHz / OC클럭 : 2482MHz / 스트림 프로세서 : 8960 / 최대 AI TOPS : 1406(FP4) / GDDR7 / VRAM 대역폭 : 896 GB/s / 출력단자 : HDMI2.1 , DP2.1 / 지원정보 : 8K 지원 , HDR 지원 , HDCP 2.3 / 3팬 / 두께 : 50mm / 제로팬(0-dB기술) / 백플레이트 / Dual BIOS / 구성품 : 3x8핀 to 16핀 커넥터",https://img.danuri.io/catalog-image/551/551/076/a7924f53bed94c878aca6cdf41ca4682.jpg?shrink=130:130&_v=20261006152743,https://prod.danawa.com/info/?pcode=76551551&cate=112753
222,ASUS,ASUS TUF Gaming 지포스 RTX 5070 Ti OC D7 16GB 인텍앤컴퍼니,"2,369,000","RTX 5070 Ti / PCIe5.0x16 / 850W 이상 / 전원 포트 : 16핀(12V2x6) x1 / 가로(길이) : 329mm / 베이스클럭 : 2295 / 부스트클럭 : 2588MHz / OC클럭 : 2610MHz / 스트림 프로세서 : 8960 / 최대 AI TOPS : 1406(FP4) / GDDR7 / VRAM 대역폭 : 896 GB/s / 출력단자 : HDMI2.1 , DP2.1 / 지원정보 : 8K 지원 , HDR 지원 , HDCP 2.3 / 3팬 / 두께 : 62.5mm / 제로팬(0-dB기술) / 백플레이트 / LED 라이트 / Dual BIOS / 구성품 : VGA지지대 , 3x8핀 to 16핀 커넥터",https://img.danuri.io/catalog-image/374/551/076/3532a3aad6294e74bb329b1c00a007d2.jpg?shrink=130:130&_v=20261006080445,https://prod.danawa.com/info/?pcode=76551374&cate=112753
223,ASUS,ASUS PRIME 지포스 RTX 5070 Ti OC D7 16GB 인텍앤컴퍼니,"2,517,350","RTX 5070 Ti / PCIe5.0x16 / 750W 이상 / 전원 포트 : 16핀(12V2x6) x1 / 가로(길이) : 304mm / 베이스클럭 : 2295 / 부스트클럭 : 2497MHz / OC클럭 : 2527MHz / 스트림 프로세서 : 8960 / 최대 AI TOPS : 1406(FP4) / GDDR7 / VRAM 대역폭 : 896 GB/s / 출력단자 : HDMI2.1 , DP2.1 / 지원정보 : 8K 지원 , HDR 지원 , HDCP 2.3 / 3팬 / 두께 : 50mm / 제로팬(0-dB기술) / 백플레이트 / Dual BIOS / 구성품 : 3x8핀 to 16핀 커넥터",https://img.danuri.io/catalog-image/494/551/076/e303b09e5abe40819c4d1705f48195c4.jpg?shrink=130:130&_v=20261006080705,https://prod.danawa.com/info/?pcode=76551494&cate=112753
224,ASUS,ASUS PRIME 지포스 RTX 5080 OC D7 16GB 대원씨티에스,"2,910,690","RTX 5080 / PCIe5.0x16 / 850W 이상 / 전원 포트 : 16핀(12V2x6) x1 / 가로(길이) : 306mm / 부스트클럭 : 2655MHz / OC클럭 : 2685MHz / 스트림 프로세서 : 10752 / 최대 AI TOPS : 1801(FP4) / GDDR7 / VRAM 대역폭 : 960 GB/s / 출력단자 : HDMI2.1 , DP2.1 / 지원정보 : 8K 지원 , HDR 지원 , HDCP 2.3 / 3팬 / 두께 : 50mm / 제로팬(0-dB기술) / 백플레이트 / Dual BIOS / 구성품 : 3x8핀 to 16핀 커넥터 / A/S 3년",https://img.danuri.io/catalog-image/981/374/075/ffdab0d6302d49d28183655e02da99d5.jpg?shrink=130:130&_v=20261006080541,https://prod.danawa.com/info/?pcode=75374981&cate=112753
225,ASUS,ASUS ROG Astral 지포스 RTX 5080 OC D7 16GB 인텍앤컴퍼니,"3,860,420","RTX 5080 / PCIe5.0x16 / 850W 이상 / 전원 포트 : 16핀(12V2x6) x1 / 가로(길이) : 357.6mm / 부스트클럭 : 2760MHz / OC클럭 : 2790MHz / 스트림 프로세서 : 10752 / 최대 AI TOPS : 1801(FP4) / GDDR7 / VRAM 대역폭 : 960 GB/s / 출력단자 : HDMI2.1 , DP2.1 / 지원정보 : 8K 지원 , HDR 지원 , HDCP 2.3 / 4팬 / 두께 : 76mm / 제로팬(0-dB기술) / 백플레이트 / DrMOS / LED 라이트 / Dual BIOS / GPU Tweak3 / 구성품 : VGA지지대 , 3x8핀 to 16핀 커넥터 / A/S 3년",https://img.danuri.io/catalog-image/694/373/075/d91b37beec7a4dba9ebf2704252309f5.jpg?shrink=130:130&_v=20261006080535,https://prod.danawa.com/info/?pcode=75373694&cate=112753
226,ASUS,ASUS PRIME 지포스 RTX 5080 OC D7 16GB 인텍앤컴퍼니,"2,806,060","RTX 5080 / PCIe5.0x16 / 850W 이상 / 전원 포트 : 16핀(12V2x6) x1 / 가로(길이) : 304mm / 부스트클럭 : 2655MHz / OC클럭 : 2685MHz / 스트림 프로세서 : 10752 / 최대 AI TOPS : 1801(FP4) / GDDR7 / VRAM 대역폭 : 960 GB/s / 출력단자 : HDMI2.1 , DP2.1 / 지원정보 : 8K 지원 , HDR 지원 , HDCP 2.3 / 3팬 / 두께 : 50mm / 제로팬(0-dB기술) / 백플레이트 / Dual BIOS / 구성품 : VGA지지대 , 3x8핀 to 16핀 커넥터 / A/S 3년",https://img.danuri.io/catalog-image/796/373/075/92ce9721de8c40799fbb87612cb5ddbe.jpg?shrink=130:130&_v=20261006095703,https://prod.danawa.com/info/?pcode=75373796&cate=112753
227,ASUS,ASUS ROG Astral 지포스 RTX 5080 OC D7 16GB 대원씨티에스,"4,018,000","RTX 5080 / PCIe5.0x16 / 850W 이상 / 전원 포트 : 16핀(12V2x6) x1 / 가로(길이) : 357.6mm / 부스트클럭 : 2760MHz / OC클럭 : 2790MHz / 스트림 프로세서 : 10752 / 최대 AI TOPS : 1899(AI sparsity) / GDDR7 / VRAM 대역폭 : 960 GB/s / 출력단자 : HDMI2.1 , DP2.1 / 지원정보 : 8K 지원 , HDR 지원 , HDCP 2.3 / 4팬 / 두께 : 76mm / 제로팬(0-dB기술) / 백플레이트 / DrMOS / LED 라이트 / Dual BIOS / GPU Tweak3 / 구성품 : VGA지지대 , 3x8핀 to 16핀 커넥터 / A/S 3년",https://img.danuri.io/catalog-image/185/375/075/2156c63dfcba4681b2704732d216a886.jpg?shrink=130:130&_v=20261006080535,https://prod.danawa.com/info/?pcode=75375185&cate=112753
228,ASUS,ASUS PRIME 지포스 RTX 5080 EVO OC D7 16GB 인텍앤컴퍼니,"2,434,000","RTX 5080 / PCIe5.0x16 / 850W 이상 / 전원 포트 : 16핀(12V2x6) x1 / 가로(길이) : 306mm / 부스트클럭 : 2655MHz / OC클럭 : 2685MHz / 스트림 프로세서 : 10752 / 최대 AI TOPS : 1801(FP4) / GDDR7 / VRAM 대역폭 : 960 GB/s / 출력단자 : HDMI2.1 , DP2.1 / 지원정보 : 8K 지원 , HDR 지원 , HDCP 2.3 / 3팬 / 두께 : 50mm / 제로팬(0-dB기술) / 백플레이트 / Dual BIOS / 구성품 : VGA지지대 , 3x8핀 to 16핀 커넥터 / A/S 3년",https://img.danuri.io/catalog-image/992/719/122/b271f09647a64816b3fb762a2a64399d.jpeg?shrink=130:130&_v=20261006080705,https://prod.danawa.com/info/?pcode=122719992&cate=112753
229,ASUS,ASUS PRIME 지포스 RTX 5080 D7 16GB 인텍앤컴퍼니,"2,389,000","RTX 5080 / PCIe5.0x16 / 850W 이상 / 전원 포트 : 16핀(12V2x6) x1 / 가로(길이) : 304mm / 부스트클럭 : 2617MHz / OC클럭 : 2640MHz / 스트림 프로세서 : 10752 / 최대 AI TOPS : 1801(FP4) / GDDR7 / VRAM 대역폭 : 960 GB/s / 출력단자 : HDMI2.1 , DP2.1 / 지원정보 : 8K 지원 , HDR 지원 , HDCP 2.3 / 3팬 / 두께 : 50mm / 제로팬(0-dB기술) / 백플레이트 / Dual BIOS / 구성품 : VGA지지대 , 3x8핀 to 16핀 커넥터 / A/S 3년",https://img.danuri.io/catalog-image/694/114/079/fa1a4156af88491bb343834e65dd7090.jpg?shrink=130:130&_v=20261006080431,https://prod.danawa.com/info/?pcode=79114694&cate=112753
230,ASUS,ASUS ProArt 지포스 RTX 5080 OC D7 16GB 인텍앤컴퍼니,"3,300,000","RTX 5080 / PCIe5.0x16 / 850W 이상 / 전원 포트 : 16핀(12V2x6) x1 / 가로(길이) : 304mm / 부스트클럭 : 2700MHz / OC클럭 : 2730MHz / 스트림 프로세서 : 10752 / 최대 AI TOPS : 1801(FP4) / GDDR7 / VRAM 대역폭 : 960 GB/s / 출력단자 : HDMI2.1 , DP2.1 , USB Type-C / 지원정보 : 8K 지원 , HDR 지원 , HDCP 2.3 / 3팬 / 두께 : 50mm / 제로팬(0-dB기술) / 백플레이트 / Dual BIOS / GPU Tweak3 / 구성품 : VGA지지대 , 3x8핀 to 16핀 커넥터 / A/S 3년",https://img.danuri.io/catalog-image/984/187/103/90785f8f16b048bcab76977e3eed8060.jpg?shrink=130:130&_v=20261006080536,https://prod.danawa.com/info/?pcode=103187984&cate=112753
231,ASUS,ASUS TUF Gaming 지포스 RTX 5080 OC D7 16GB 인텍앤컴퍼니,"3,799,000","RTX 5080 / PCIe5.0x16 / 850W 이상 / 전원 포트 : 16핀(12V2x6) x1 / 가로(길이) : 348mm / 부스트클럭 : 2700MHz / OC클럭 : 2730MHz / 스트림 프로세서 : 10752 / 최대 AI TOPS : 1801(FP4) / GDDR7 / VRAM 대역폭 : 960 GB/s / 출력단자 : HDMI2.1 , DP2.1 / 지원정보 : 8K 지원 , HDR 지원 , HDCP 2.3 / 3팬 / 두께 : 72mm / 제로팬(0-dB기술) / 백플레이트 / LED 라이트 / Dual BIOS / 구성품 : VGA지지대 , 3x8핀 to 16핀 커넥터 / A/S 3년",https://img.danuri.io/catalog-image/105/374/075/d05f5e8db9764e29b21639c027b72ac8.jpg?shrink=130:130&_v=20261006080431,https://prod.danawa.com/info/?pcode=75374105&cate=112753
232,ASUS,ASUS TUF Gaming 지포스 RTX 5080 OC D7 16GB 대원씨티에스,"3,699,000","RTX 5080 / PCIe5.0x16 / 850W 이상 / 전원 포트 : 16핀(12V2x6) x1 / 가로(길이) : 348mm / 부스트클럭 : 2700MHz / OC클럭 : 2730MHz / 스트림 프로세서 : 10752 / 최대 AI TOPS : 1801(FP4) / GDDR7 / VRAM 대역폭 : 960 GB/s / 출력단자 : HDMI2.1 , DP2.1 / 지원정보 : 8K 지원 , HDR 지원 , HDCP 2.3 / 3팬 / 두께 : 72mm / 제로팬(0-dB기술) / 백플레이트 / LED 라이트 / Dual BIOS / 구성품 : VGA지지대 , 3x8핀 to 16핀 커넥터 / A/S 3년",https://img.danuri.io/catalog-image/293/375/075/213b524929e34a459534f9e7bc7b1705.jpg?shrink=130:130&_v=20261006080541,https://prod.danawa.com/info/?pcode=75375293&cate=112753
233,ASUS,ASUS PRIME 지포스 RTX 5080 D7 16GB 대원씨티에스,"3,129,940","RTX 5080 / PCIe5.0x16 / 850W 이상 / 전원 포트 : 16핀(12V2x6) x1 / 가로(길이) : 304mm / 부스트클럭 : 2617MHz / OC클럭 : 2640MHz / 스트림 프로세서 : 10752 / 최대 AI TOPS : 1801(FP4) / GDDR7 / VRAM 대역폭 : 960 GB/s / 출력단자 : HDMI2.1 , DP2.1 / 지원정보 : 8K 지원 , HDR 지원 , HDCP 2.3 / 3팬 / 두께 : 50mm / 제로팬(0-dB기술) / 백플레이트 / Dual BIOS / 구성품 : VGA지지대 , 3x8핀 to 16핀 커넥터 / A/S 3년",https://img.danuri.io/catalog-image/489/550/076/1af1915efd7d422f9a8c71907ab2bf63.jpg?shrink=130:130&_v=20261006120108,https://prod.danawa.com/info/?pcode=76550489&cate=112753
234,ASUS,ASUS ProArt 지포스 RTX 5080 OC D7 16GB 대원씨티에스,"3,810,000","RTX 5080 / PCIe5.0x16 / 850W 이상 / 전원 포트 : 16핀(12V2x6) x1 / 가로(길이) : 304mm / 부스트클럭 : 2700MHz / OC클럭 : 2730MHz / 스트림 프로세서 : 10752 / 최대 AI TOPS : 1858(FP4) / GDDR7 / VRAM 대역폭 : 960 GB/s / 출력단자 : HDMI2.1 , DP2.1 , USB Type-C / 지원정보 : 8K 지원 , HDR 지원 , HDCP 2.3 / 3팬 / 두께 : 50mm / 제로팬(0-dB기술) / 백플레이트 / Dual BIOS / 구성품 : VGA지지대 , 3x8핀 to 16핀 커넥터 / A/S 3년",https://img.danuri.io/catalog-image/629/476/097/301e9b881404401592af68b5c33e0642.jpg?shrink=130:130&_v=20261006080542,https://prod.danawa.com/info/?pcode=97476629&cate=112753
235,ASUS,ASUS PRIME 지포스 RTX 5080 EVO OC D7 16GB 대원씨티에스,"2,890,930","RTX 5080 / PCIe5.0x16 / 850W 이상 / 전원 포트 : 16핀(12V2x6) x1 / 가로(길이) : 306mm / 부스트클럭 : 2655MHz / OC클럭 : 2685MHz / 스트림 프로세서 : 10752 / 최대 AI TOPS : 1801(FP4) / GDDR7 / VRAM 대역폭 : 960 GB/s / 출력단자 : HDMI2.1 , DP2.1 / 지원정보 : 8K 지원 , HDR 지원 , HDCP 2.3 / 3팬 / 두께 : 50mm / 제로팬(0-dB기술) / 백플레이트 / Dual BIOS / 구성품 : VGA지지대 , 3x8핀 to 16핀 커넥터 / A/S 3년",https://img.danuri.io/catalog-image/116/700/122/f7a6d126d9754e89bc35460166ad0f1d.jpeg?shrink=130:130&_v=20261006095624,https://prod.danawa.com/info/?pcode=122700116&cate=112753
236,ASUS,ASUS ROG Astral 지포스 RTX 5090 OC D7 32GB 대원씨티에스,"9,489,980","RTX 5090 / PCIe5.0x16 / 850W 이상 / 전원 포트 : 16핀(12V2x6) x1 / 가로(길이) : 357.6mm / 부스트클럭 : 2580MHz / OC클럭 : 2610MHz / 스트림 프로세서 : 21760 / 최대 AI TOPS : 3593(AI sparsity) / GDDR7 / VRAM 대역폭 : 1792 GB/s / 출력단자 : HDMI2.1 , DP2.1 / 지원정보 : 8K 지원 , HDR 지원 , HDCP 2.3 / 4팬 / 두께 : 76mm / 제로팬(0-dB기술) / 백플레이트 / GPU Tweak3 / 구성품 : VGA지지대 , 4x8핀 to 16핀 커넥터",https://img.danuri.io/catalog-image/449/375/075/354d84f320314c18b9d149d5b715ca39.jpg?shrink=130:130&_v=20261006095958,https://prod.danawa.com/info/?pcode=75375449&cate=112753
237,ASUS,ASUS ROG Astral 지포스 RTX 5090 OC D7 32GB 인텍앤컴퍼니,"9,536,000","RTX 5090 / PCIe5.0x16 / 850W 이상 / 전원 포트 : 16핀(12V2x6) x1 / 가로(길이) : 357.6mm / 부스트클럭 : 2580MHz / OC클럭 : 2610MHz / 스트림 프로세서 : 21760 / 최대 AI TOPS : 3593(AI sparsity) / GDDR7 / VRAM 대역폭 : 1792 GB/s / 출력단자 : HDMI2.1 , DP2.1 / 지원정보 : 8K 지원 , HDR 지원 , HDCP 2.3 / 4팬 / 두께 : 76mm / 제로팬(0-dB기술) / 백플레이트 / Dual BIOS / GPU Tweak3 / 구성품 : VGA지지대 , 4x8핀 to 16핀 커넥터",https://img.danuri.io/catalog-image/898/373/075/77f4f2508533479781018ebd22448188.jpg?shrink=130:130&_v=20261006080542,https://prod.danawa.com/info/?pcode=75373898&cate=112753
238,ASUS,ASUS ROG Astral 지포스 RTX 5090 WHITE OC D7 32GB 인텍앤컴퍼니,"9,705,990","RTX 5090 / PCIe5.0x16 / 850W 이상 / 전원 포트 : 16핀(12V2x6) x1 / 가로(길이) : 357.6mm / 부스트클럭 : 2580MHz / OC클럭 : 2610MHz / 스트림 프로세서 : 21760 / 최대 AI TOPS : 3593(AI sparsity) / GDDR7 / VRAM 대역폭 : 1792 GB/s / 출력단자 : HDMI2.1 , DP2.1 / 지원정보 : 8K 지원 , HDR 지원 , HDCP 2.3 / 4팬 / 두께 : 76mm / 제로팬(0-dB기술) / 백플레이트 / LED 라이트 / Dual BIOS / GPU Tweak3 / 구성품 : VGA지지대 , 4x8핀 to 16핀 커넥터",https://img.danuri.io/catalog-image/202/570/094/96ff4d75b1d04fdab6049f86195f1ffc.jpg?shrink=130:130&_v=20261006080652,https://prod.danawa.com/info/?pcode=94570202&cate=112753
239,ASUS,ASUS TUF Gaming 지포스 RTX 5090 D7 32GB 대원씨티에스,"9,290,000","RTX 5090 / PCIe5.0x16 / 1000W 이상 / 전원 포트 : 16핀(12V2x6) x1 / 가로(길이) : 348mm / 부스트클럭 : 2407MHz / OC클럭 : 2437MHz / 스트림 프로세서 : 21760 / 최대 AI TOPS : 3352(FP4, sparsity) / GDDR7 / VRAM 대역폭 : 1792 GB/s / 출력단자 : HDMI2.1 , DP2.1 / 지원정보 : 8K 지원 , HDR 지원 , HDCP 2.3 / 3팬 / 두께 : 72mm / 제로팬(0-dB기술) / 백플레이트 / LED 라이트 / AURA SYNC / 구성품 : VGA지지대 , 3x8핀 to 16핀 커넥터",https://img.danuri.io/catalog-image/560/375/075/15d35a3882364aa0bbd6c3f470419604.jpg?shrink=130:130&_v=20261006080652,https://prod.danawa.com/info/?pcode=75375560&cate=112753
240,ASUS,ASUS ROG Astral 지포스 RTX 5090 WHITE OC D7 32GB 대원씨티에스,"9,499,990","RTX 5090 / PCIe5.0x16 / 850W 이상 / 전원 포트 : 16핀(12V2x6) x1 / 가로(길이) : 357.6mm / 부스트클럭 : 2580MHz / OC클럭 : 2610MHz / 스트림 프로세서 : 21760 / 최대 AI TOPS : 3593(AI sparsity) / GDDR7 / VRAM 대역폭 : 1792 GB/s / 출력단자 : HDMI2.1 , DP2.1 / 지원정보 : 8K 지원 , HDR 지원 , HDCP 2.3 / 4팬 / 두께 : 76mm / 제로팬(0-dB기술) / 백플레이트 / LED 라이트 / GPU Tweak3 / 구성품 : VGA지지대 , 4x8핀 to 16핀 커넥터",https://img.danuri.io/catalog-image/434/892/092/3d5873c8ea4d41df813c624d2297d369.jpg?shrink=130:130&_v=20261006080431,https://prod.danawa.com/info/?pcode=92892434&cate=112753
241,ASUS,ASUS ROG Astral LC 지포스 RTX 5090 OC D7 32GB 인텍앤컴퍼니,"9,389,990","RTX 5090 / PCIe5.0x16 / 1000W 이상 / 전원 포트 : 16핀(12V2x6) x1 / 가로(길이) : 288.5mm / 부스트클럭 : 2580MHz / OC클럭 : 2610MHz / 스트림 프로세서 : 21760 / 최대 AI TOPS : 3593(AI sparsity) / GDDR7 / VRAM 대역폭 : 1792 GB/s / 출력단자 : HDMI2.1 , DP2.1 / 지원정보 : 8K 지원 , HDR 지원 , HDCP 2.3 / 3+1팬 / 두께 : 48mm / 제로팬(0-dB기술) / 백플레이트 / LED 라이트 / GPU Tweak3 / 구성품 : VGA지지대 , 4x8핀 to 16핀 커넥터",https://img.danuri.io/catalog-image/626/714/078/3106a9acc65845da8f87fb93959acc45.jpg?shrink=130:130&_v=20261006080705,https://prod.danawa.com/info/?pcode=78714626&cate=112753
242,ASUS,ASUS ROG Astral 지포스 RTX 5090 BTF OC D7 32GB 인텍앤컴퍼니,"9,973,440","RTX 5090 / PCIe5.0x16 / 1000W 이상 / 전원 포트 : 16핀 또는 GC-HPWR 겸용 / 가로(길이) : 357.6mm / 부스트클럭 : 2580MHz / OC클럭 : 2610MHz / 스트림 프로세서 : 21760 / 최대 AI TOPS : 3593(AI sparsity) / GDDR7 / VRAM 대역폭 : 1792 GB/s / 출력단자 : HDMI2.1 , DP2.1 / 지원정보 : 8K 지원 , HDR 지원 , HDCP 2.3 / 4팬 / 두께 : 76mm / 제로팬(0-dB기술) / 백플레이트 / LED 라이트 / Dual BIOS / GPU Tweak3 / 구성품 : VGA지지대 , 4x8핀 to 16핀 커넥터 / A/S 3년",https://img.danuri.io/catalog-image/728/708/096/a872ac1d242844efaa1fc3fcadd8a284.jpg?shrink=130:130&_v=20261006080542,https://prod.danawa.com/info/?pcode=96708728&cate=112753
243,ASUS,ASUS TUF Gaming 지포스 RTX 5090 OC D7 32GB 대원씨티에스,"9,560,390","RTX 5090 / PCIe5.0x16 / 1000W 이상 / 전원 포트 : 16핀(12V2x6) x1 / 가로(길이) : 348mm / 부스트클럭 : 2550MHz / OC클럭 : 2580MHz / 스트림 프로세서 : 21760 / 최대 AI TOPS : 3352(FP4, sparsity) / GDDR7 / VRAM 대역폭 : 1792 GB/s / 출력단자 : HDMI2.1 , DP2.1 / 지원정보 : 8K 지원 , HDR 지원 , HDCP 2.3 / 3팬 / 두께 : 72mm / 제로팬(0-dB기술) / 백플레이트 / LED 라이트 / AURA SYNC / 구성품 : VGA지지대 , 3x8핀 to 16핀 커넥터",https://img.danuri.io/catalog-image/632/375/075/aecb2e0f3907455abe5da9f9cf72f599.jpg?shrink=130:130&_v=20261006080542,https://prod.danawa.com/info/?pcode=75375632&cate=112753
244,ASUS,ASUS TUF Gaming 지포스 RTX 5090 D7 32GB 인텍앤컴퍼니,"12,999,990","RTX 5090 / PCIe5.0x16 / 1000W 이상 / 전원 포트 : 16핀(12V2x6) x1 / 가로(길이) : 348mm / 부스트클럭 : 2407MHz / OC클럭 : 2437MHz / 스트림 프로세서 : 21760 / 최대 AI TOPS : 3393(AI sparsity) / GDDR7 / VRAM 대역폭 : 1792 GB/s / 출력단자 : HDMI2.1 , DP2.1 / 지원정보 : 8K 지원 , HDR 지원 , HDCP 2.3 / 3팬 / 두께 : 72mm / 제로팬(0-dB기술) / 백플레이트 / LED 라이트 / AURA SYNC / 구성품 : VGA지지대 , 3x8핀 to 16핀 커넥터",https://img.danuri.io/catalog-image/060/374/075/4fc6fbecdaf04ef1b24c08e37ad77cb3.jpg?shrink=130:130&_v=20261006080445,https://prod.danawa.com/info/?pcode=75374060&cate=112753
245,ASUS,ASUS ROG Astral LC 지포스 RTX 5090 OC D7 32GB 대원씨티에스,"9,521,710","RTX 5090 / PCIe5.0x16 / 1000W 이상 / 전원 포트 : 16핀(12V2x6) x1 / 가로(길이) : 288.5mm / 부스트클럭 : 2580MHz / OC클럭 : 2610MHz / 스트림 프로세서 : 21760 / 최대 AI TOPS : 3593(AI sparsity) / GDDR7 / VRAM 대역폭 : 1792 GB/s / 출력단자 : HDMI2.1 , DP2.1 / 지원정보 : 8K 지원 , HDR 지원 , HDCP 2.3 / 4팬 / 두께 : 48mm / 제로팬(0-dB기술) / 백플레이트 / LED 라이트 / GPU Tweak3 / 구성품 : VGA지지대 , 4x8핀 to 16핀 커넥터",https://img.danuri.io/catalog-image/027/463/076/f3bf39781df64c0491cd1232bfeb2a61.jpg?shrink=130:130&_v=20261006080705,https://prod.danawa.com/info/?pcode=76463027&cate=112753
246,ASUS,ASUS TUF Gaming 지포스 RTX 5090 OC D7 32GB 인텍앤컴퍼니,"9,698,040","RTX 5090 / PCIe5.0x16 / 1000W 이상 / 전원 포트 : 16핀(12V2x6) x1 / 가로(길이) : 348mm / 부스트클럭 : 2550MHz / OC클럭 : 2580MHz / 스트림 프로세서 : 21760 / 최대 AI TOPS : 3551(AI sparsity) / GDDR7 / VRAM 대역폭 : 1792 GB/s / 출력단자 : HDMI2.1 , DP2.1 / 지원정보 : 8K 지원 , HDR 지원 , HDCP 2.3 / 3팬 / 두께 : 72mm / 제로팬(0-dB기술) / 백플레이트 / LED 라이트 / AURA SYNC / 구성품 : VGA지지대 , 3x8핀 to 16핀 커넥터",https://img.danuri.io/catalog-image/006/374/075/fa24fbd7e7594055a670e09fbd000103.jpg?shrink=130:130&_v=20261006141324,https://prod.danawa.com/info/?pcode=75374006&cate=112753
247,ASUS,ASUS DUAL 라데온 RX 7600 O8G EVO OC D6 8GB,"459,580","RX 7600 / PCIe4.0x16(at x8) / 550W 이상 / 전원 포트 : 8핀 x1 / 가로(길이) : 229mm / 부스트클럭 : 2695MHz / 스트림 프로세서 : 2048 / GDDR6 / 출력단자 : HDMI2.1 , DP1.4 / 지원정보 : 8K 지원 , HDR 지원 , HDCP 2.3 / 2팬 / 두께 : 49mm / 제로팬(0-dB기술) / 백플레이트 / A/S 3년",https://img.danuri.io/catalog-image/484/341/074/2934252db780410587049f6f1c8e65c7.jpg?shrink=130:130&_v=20261006084128,https://prod.danawa.com/info/?pcode=74341484&cate=112753
248,ASUS,ASUS DUAL 라데온 RX 9060 D6 8GB 대원씨티에스,"581,500","RX 9060 / PCIe5.0x16 / 550W 이상 / 전원 포트 : 8핀 x1 / 가로(길이) : 202mm / 베이스클럭 : 1520 / 부스트클럭 : 2990MHz / OC클럭 : 3000MHz / 스트림 프로세서 : 1792 / 최대 AI TOPS : 343(INT4) / GDDR6 / 출력단자 : HDMI2.1 , DP2.1 / 지원정보 : 8K 지원 / 사용전력 : 132W / 2팬 / 두께 : 49mm / 제로팬(0-dB기술) / 백플레이트 / Dual BIOS / GPU Tweak3 / A/S 3년",https://img.danuri.io/catalog-image/854/985/095/3e9f66134e144fb1b8561f4daba5c14e.jpeg?shrink=130:130&_v=20261006115038,https://prod.danawa.com/info/?pcode=95985854&cate=112753
249,ASUS,ASUS DUAL 라데온 RX 9060 D6 8GB 엠버 앤 블레이드 에디션 대원씨티에스,"598,980","RX 9060 / PCIe5.0x16 / 550W 이상 / 전원 포트 : 8핀 x1 / 가로(길이) : 202mm / 베이스클럭 : 1520 / 부스트클럭 : 2990MHz / OC클럭 : 3000MHz / 스트림 프로세서 : 1792 / 최대 AI TOPS : 343(INT4) / GDDR6 / 출력단자 : HDMI2.1 , DP2.1 / 지원정보 : 8K 지원 / 사용전력 : 132W / 2팬 / 두께 : 49mm / 제로팬(0-dB기술) / 백플레이트 / Dual BIOS / GPU Tweak3 / A/S 3년",https://img.danuri.io/catalog-image/927/713/122/54bde1bb851a485d9b44a1e92f8d14b3.jpeg?shrink=130:130&_v=20261006080542,https://prod.danawa.com/info/?pcode=122713927&cate=112753
250,ASUS,ASUS DUAL 라데온 RX 9060 D6 8GB 인텍앤컴퍼니,"593,010","RX 9060 / PCIe5.0x16 / 550W 이상 / 전원 포트 : 8핀 x1 / 가로(길이) : 202mm / 베이스클럭 : 1520 / 부스트클럭 : 2990MHz / OC클럭 : 3000MHz / 스트림 프로세서 : 1792 / 최대 AI TOPS : 343(INT4) / GDDR6 / 출력단자 : HDMI2.1 , DP2.1 / 지원정보 : 8K 지원 / 사용전력 : 132W / 2팬 / 두께 : 49mm / 제로팬(0-dB기술) / 백플레이트 / Dual BIOS / GPU Tweak3 / A/S 3년",https://img.danuri.io/catalog-image/639/326/124/46376a4260ac4481b629ea1b31074682.jpeg?shrink=130:130&_v=20261005080530,https://prod.danawa.com/info/?pcode=124326639&cate=112753
251,ASUS,ASUS DUAL 라데온 RX 9060 XT D6 16GB 대원씨티에스,"769,990","RX 9060 XT / PCIe5.0x16 / 550W 이상 / 전원 포트 : 8핀 x1 / 가로(길이) : 202mm / 부스트클럭 : 3230MHz / OC클럭 : 3250MHz / 스트림 프로세서 : 2048 / 최대 AI TOPS : 821(INT4) / GDDR6 / VRAM 대역폭 : 320 GB/s / 출력단자 : HDMI2.1 , DP2.1 / 지원정보 : 8K 지원 , HDCP 2.3 / 2팬 / 두께 : 49mm / 제로팬(0-dB기술) / 백플레이트 / Dual BIOS / A/S 3년",https://img.danuri.io/catalog-image/439/117/097/9dcef6728a394ed6933677d8f362ecc2.jpg?shrink=130:130&_v=20261006080445,https://prod.danawa.com/info/?pcode=97117439&cate=112753
252,ASUS,ASUS PRIME 라데온 RX 9060 XT OC D6 8GB 대원씨티에스,"596,000","RX 9060 XT / PCIe5.0x16 / 550W 이상 / 전원 포트 : 8핀 x1 / 가로(길이) : 304mm / 부스트클럭 : 3310MHz / OC클럭 : 3330MHz / 스트림 프로세서 : 2048 / 최대 AI TOPS : 821(INT4) / GDDR6 / 출력단자 : HDMI2.1 , DP2.1 / 지원정보 : 8K 지원 , HDCP 2.3 / 사용전력 : 160W / 3팬 / 두께 : 50mm / 제로팬(0-dB기술) / 백플레이트 / Dual BIOS",https://img.danuri.io/catalog-image/420/871/091/b2a92b2c1af24b3fa4b1e64eec4f5388.jpg?shrink=130:130&_v=20261006080445,https://prod.danawa.com/info/?pcode=91871420&cate=112753
253,ASUS,ASUS PRIME 라데온 RX 9060 XT OC D6 16GB 대원씨티에스,"861,490","RX 9060 XT / PCIe5.0x16 / 550W 이상 / 전원 포트 : 8핀 x1 / 가로(길이) : 304mm / 부스트클럭 : 3310MHz / OC클럭 : 3330MHz / 스트림 프로세서 : 2048 / 최대 AI TOPS : 821(INT4) / GDDR6 / VRAM 대역폭 : 320 GB/s / 출력단자 : HDMI2.1 , DP2.1 / 지원정보 : 8K 지원 , HDCP 2.3 / 사용전력 : 160W / 3팬 / 두께 : 50mm / 제로팬(0-dB기술) / 백플레이트 / Dual BIOS",https://img.danuri.io/catalog-image/456/871/091/3e807f0786834bb7a8e475a6bb338061.jpg?shrink=130:130&_v=20261006080522,https://prod.danawa.com/info/?pcode=91871456&cate=112753
254,ASUS,ASUS PRIME 라데온 RX 9060 XT OC D6 16GB 인텍앤컴퍼니,"819,000","RX 9060 XT / PCIe5.0x16 / 550W 이상 / 전원 포트 : 8핀 x1 / 가로(길이) : 304mm / 부스트클럭 : 3310MHz / OC클럭 : 3330MHz / 스트림 프로세서 : 2048 / 최대 AI TOPS : 821(INT4) / GDDR6 / VRAM 대역폭 : 320 GB/s / 출력단자 : HDMI2.1 , DP2.1 / 지원정보 : 8K 지원 , HDCP 2.3 / 사용전력 : 160W / 3팬 / 두께 : 50mm / 제로팬(0-dB기술) / 백플레이트 / Dual BIOS",https://img.danuri.io/catalog-image/651/628/122/6048612fdcfa42a7a1408945326884da.jpeg?shrink=130:130&_v=20261006080522,https://prod.danawa.com/info/?pcode=122628651&cate=112753
255,ASUS,ASUS DUAL 라데온 RX 9060 XT D6 8GB 대원씨티에스,"698,990","RX 9060 XT / PCIe5.0x16 / 550W 이상 / 전원 포트 : 8핀 x1 / 가로(길이) : 202mm / 부스트클럭 : 3130MHz / OC클럭 : 3150MHz / 스트림 프로세서 : 2048 / 최대 AI TOPS : 821(INT4) / GDDR6 / 출력단자 : HDMI2.1 , DP2.1 / 지원정보 : 8K 지원 , HDCP 2.3 / 2팬 / 두께 : 49mm / 제로팬(0-dB기술) / 백플레이트 / Dual BIOS",https://img.danuri.io/catalog-image/504/871/091/87e05f38924f4d0a9ab9ba79261e763e.jpg?shrink=130:130&_v=20261006082238,https://prod.danawa.com/info/?pcode=91871504&cate=112753
256,ASUS,ASUS TUF Gaming 라데온 RX 9060 XT OC D6 16GB 대원씨티에스,"849,000","RX 9060 XT / PCIe5.0x16 / 550W 이상 / 전원 포트 : 8핀 x1 / 가로(길이) : 304mm / 부스트클럭 : 3320MHz / OC클럭 : 3340MHz / 스트림 프로세서 : 2048 / 최대 AI TOPS : 821(INT4) / GDDR6 / VRAM 대역폭 : 320 GB/s / 출력단자 : HDMI2.1 , DP2.1 / 지원정보 : 8K 지원 , HDCP 2.3 / 3팬 / 두께 : 50mm / 제로팬(0-dB기술) / 백플레이트 / LED 라이트 / Dual BIOS",https://img.danuri.io/catalog-image/543/871/091/7cd983d8c0b440ff90ea997f29aface6.jpg?shrink=130:130&_v=20261006080536,https://prod.danawa.com/info/?pcode=91871543&cate=112753
257,ASUS,ASUS PRIME 라데온 RX 9070 EVO OC D6 16GB 대원씨티에스,"1,066,800","RX 9070 / PCIe5.0x16 / 650W 이상 / 전원 포트 : 8핀 x2 / 가로(길이) : 304mm / 부스트클럭 : 2590MHz / OC클럭 : 2610MHz / 스트림 프로세서 : 3584 / 최대 AI TOPS : 1165(INT4) / GDDR6 / VRAM 대역폭 : 640 GB/s / 출력단자 : HDMI2.1 , DP2.1 / 지원정보 : 8K 지원 , HDR 지원 , HDCP 2.3 / 3팬 / 두께 : 50mm / 제로팬(0-dB기술) / 백플레이트 / Dual BIOS / A/S 3년",https://img.danuri.io/catalog-image/251/698/100/ce976e6b42414d38832e742ecff0a88c.jpg?shrink=130:130&_v=20261006135539,https://prod.danawa.com/info/?pcode=100698251&cate=112753
258,ASUS,ASUS PRIME 라데온 RX 9070 GRE EVO OC D6 12GB 대원씨티에스,"972,100","RX 9070 GRE / PCIe5.0x16 / 650W 이상 / 전원 포트 : 8핀 x2 / 가로(길이) : 304mm / 부스트클럭 : 2860MHz / OC클럭 : 2880MHz / 스트림 프로세서 : 3584 / 최대 AI TOPS : 1165(INT4) / GDDR6 / VRAM 대역폭 : 432 GB/s / 출력단자 : HDMI2.1 , DP2.1 / 지원정보 : 8K 지원 , HDR 지원 , HDCP 2.3 / 3팬 / 두께 : 50mm / 제로팬(0-dB기술) / 백플레이트 / Dual BIOS / A/S 3년",https://img.danuri.io/catalog-image/535/692/122/d024768d595446dda1b5d17575d98019.jpeg?shrink=130:130&_v=20261006080535,https://prod.danawa.com/info/?pcode=122692535&cate=112753
259,ASUS,ASUS PRIME 라데온 RX 9070 XT OC D6 16GB 대원씨티에스,"1,423,840","RX 9070 XT / PCIe5.0x16 / 750W 이상 / 전원 포트 : 8핀 x3 / 가로(길이) : 312mm / 부스트클럭 : 3010MHz / OC클럭 : 3030MHz / 스트림 프로세서 : 4096 / 최대 AI TOPS : 1557(INT4) / GDDR6 / VRAM 대역폭 : 640 GB/s / 출력단자 : HDMI2.1 , DP2.1 / 지원정보 : 8K 지원 , HDR 지원 , HDCP 2.3 / 3팬 / 두께 : 50mm / 제로팬(0-dB기술) / 백플레이트 / Dual BIOS / A/S 3년",https://img.danuri.io/catalog-image/292/461/077/476defb4285e44aa88b1b81d5b5dfa27.jpg?shrink=130:130&_v=20261006140023,https://prod.danawa.com/info/?pcode=77461292&cate=112753
260,ASUS,ASUS PRIME 라데온 RX 9070 XT WHITE OC D6 16GB 대원씨티에스,"1,469,900","RX 9070 XT / PCIe5.0x16 / 750W 이상 / 전원 포트 : 8핀 x3 / 가로(길이) : 312mm / 부스트클럭 : 3010MHz / OC클럭 : 3030MHz / 스트림 프로세서 : 4096 / 최대 AI TOPS : 1557(INT4) / GDDR6 / VRAM 대역폭 : 640 GB/s / 출력단자 : HDMI2.1 , DP2.1 / 지원정보 : 8K 지원 , HDR 지원 , HDCP 2.3 / 3팬 / 두께 : 50mm / 제로팬(0-dB기술) / 백플레이트 / Dual BIOS / A/S 3년",https://img.danuri.io/catalog-image/346/892/099/dbad245d7b84424c93a5aa593720ff63.jpg?shrink=130:130&_v=20261006080541,https://prod.danawa.com/info/?pcode=99892346&cate=112753
261,ASUS,ASUS PRIME 라데온 RX 9070 XT OC D6 16GB 인텍앤컴퍼니,"1,369,000","RX 9070 XT / PCIe5.0x16 / 750W 이상 / 전원 포트 : 8핀 x3 / 가로(길이) : 312mm / 부스트클럭 : 3010MHz / OC클럭 : 3030MHz / 스트림 프로세서 : 4096 / 최대 AI TOPS : 1557(INT4) / GDDR6 / VRAM 대역폭 : 640 GB/s / 출력단자 : HDMI2.1 , DP2.1 / 지원정보 : 8K 지원 , HDR 지원 , HDCP 2.3 / 3팬 / 두께 : 50mm / 제로팬(0-dB기술) / 백플레이트 / Dual BIOS / A/S 3년",https://img.danuri.io/catalog-image/805/507/085/6ca869eef2a14f1a8df48dfd0daf8709.jpg?shrink=130:130&_v=20261006080535,https://prod.danawa.com/info/?pcode=85507805&cate=112753
262,갤럭시,갤럭시 GALAX 지포스 GTX 1660 SUPER OC D6 6GB,"320,000","GTX 1660 SUPER / PCIe3.0x16 / 450W 이상 / 전원 포트 : 8핀 x1 / 가로(길이) : 214mm / 베이스클럭 : 1530 / 부스트클럭 : 1800MHz / 스트림 프로세서 : 1408 / GDDR6 / 출력단자 : HDMI2.0 , DP1.4 , DVI(듀얼링크) / 지원정보 : 4K 지원 , HDR 지원 , HDCP 지원 / 사용전력 : 최대 125W / 전원부 : 5페이즈 / 2팬 / 두께 : 39mm / 백플레이트",https://img.danuri.io/catalog-image/461/790/009/82169ea97b85460ab4e4bcf0d1480729.jpg?shrink=130:130&_v=20261006080535,https://prod.danawa.com/info/?pcode=9790461&cate=112753
263,갤럭시,갤럭시 BOY 지포스 GTX 1660 SUPER OC D6 6GB,"320,000","GTX 1660 SUPER / PCIe3.0x16 / 450W 이상 / 전원 포트 : 8핀 x1 / 가로(길이) : 214mm / 베이스클럭 : 1530 / 부스트클럭 : 1800MHz / 스트림 프로세서 : 1408 / GDDR6 / 출력단자 : HDMI2.0 , DP1.4 , DVI(듀얼링크) / 지원정보 : 4K 지원 , HDR 지원 , HDCP 지원 / 사용전력 : 최대 125W / 전원부 : 5페이즈 / 2팬 / 두께 : 39mm / 백플레이트 / 23년 7월부로 패키지 디자인 변경",https://img.danuri.io/catalog-image/135/792/009/89b2dcda61674e1dbe3943eae7dafcfe.jpg?shrink=130:130&_v=20261005080714,https://prod.danawa.com/info/?pcode=9792135&cate=112753
264,갤럭시,갤럭시 GALAZ 지포스 RTX 3050 EX BLACK D6 6GB DVI,"386,000","RTX 3050 / PCIe4.0x16(at x8) / 300W 이상 / 전원 포트 : 없음 / 가로(길이) : 209mm / 베이스클럭 : 1042 / 부스트클럭 : 1470MHz / 스트림 프로세서 : 2304 / GDDR6 / 출력단자 : HDMI , DP , DVI / 지원정보 : HDCP 지원 / 사용전력 : 70W / 2팬 / 두께 : 41.5mm / 제로팬(0-dB기술) / 백플레이트 / A/S 3년",https://img.danuri.io/catalog-image/393/701/090/bfad0d0b7149477faea3aff29c762a5d.jpg?shrink=130:130&_v=20261001080452,https://prod.danawa.com/info/?pcode=90701393&cate=112753
265,갤럭시,갤럭시 GALAX 지포스 RTX 3050 EX BLACK D6 6GB DVI,"430,820","RTX 3050 / PCIe4.0x16(at x8) / 300W 이상 / 전원 포트 : 없음 / 가로(길이) : 209mm / 베이스클럭 : 1042 / 부스트클럭 : 1470MHz / 스트림 프로세서 : 2304 / GDDR6 / 출력단자 : HDMI2.1 , DP1.4 , DVI / 지원정보 : 8K 지원 , HDCP 지원 / 사용전력 : 70W / 2팬 / 두께 : 41.5mm / 제로팬(0-dB기술) / 백플레이트 / A/S 3년",https://img.danuri.io/catalog-image/924/419/063/8a56edf081ba4af08a4281429b7a6a83.jpg?shrink=130:130&_v=20261006080445,https://prod.danawa.com/info/?pcode=63419924&cate=112753
266,갤럭시,갤럭시 갤라즈 GALAX 지포스 RTX 3050 D6 8GB,"590,620","RTX 3050 / PCIe4.0x16(at x8) / 450W 이상 / 전원 포트 : 8핀 x1 / 가로(길이) : 189mm / 부스트클럭 : 1777MHz / 스트림 프로세서 : 2560 / GDDR6 / 출력단자 : HDMI2.1 , DP1.4 / 지원정보 : 8K 지원 , HDR 지원 , HDCP 2.3 / 사용전력 : 최대 130W / 전원부 : 5페이즈 / 1팬 / 두께 : 38mm / 제로팬(0-dB기술) / DrMOS / A/S 3년",https://img.danuri.io/catalog-image/489/301/016/7704ffa01704429fa23acfc16866e966.jpg?shrink=130:130&_v=20261005080700,https://prod.danawa.com/info/?pcode=16301489&cate=112753
267,갤럭시,갤럭시 GALAX 지포스 RTX 3060 V2 D6 12GB,"638,000","RTX 3060 / PCIe4.0x16 / 550W 이상 / 전원 포트 : 8핀 x1 / 가로(길이) : 245mm / 부스트클럭 : 1777MHz / 스트림 프로세서 : 3584 / GDDR6 / VRAM 대역폭 : 360 GB/s / 출력단자 : HDMI2.1 , DP1.4 / 지원정보 : 8K 지원 , HDR 지원 , HDCP 2.3 / 사용전력 : 최대 170W / 전원부 : 5+2페이즈 / 2팬 / 두께 : 42mm / 제로팬(0-dB기술) / 백플레이트 / DrMOS / A/S 3년 / LHR(Lite Hash Rate)버전",https://img.danuri.io/catalog-image/719/448/014/96d7c0646c384e3590db7b0e764968ca.jpg?shrink=130:130&_v=20261006080536,https://prod.danawa.com/info/?pcode=14448719&cate=112753
268,갤럭시,갤럭시 GALAX 지포스 RTX 3070 Ti D6X 8GB,"671,340","RTX 3070 Ti / PCIe4.0x16 / 750W 이상 / 전원 포트 : 8핀 x2 / 가로(길이) : 238mm / 부스트클럭 : 1770MHz / 스트림 프로세서 : 6144 / GDDR6X / 출력단자 : HDMI2.1 , DP1.4 / 지원정보 : 8K 지원 , HDR 지원 , HDCP 2.3 / 사용전력 : 최대 290W / 전원부 : 12페이즈 / 2팬 / 두께 : 50~59mm / 제로팬(0-dB기술) / 백플레이트 / DrMOS / A/S 3년",https://img.danuri.io/catalog-image/049/527/014/de2e7c1c945f40a7bb88d0522aecfa06.jpg?shrink=130:130&_v=20261006080445,https://prod.danawa.com/info/?pcode=14527049&cate=112753
269,갤럭시,갤럭시 GALAZ 지포스 RTX 4060 EX WHITE OC V2 D6 8GB,"970,200","RTX 4060 / PCIe4.0x16(at x8) / 550W 이상 / 전원 포트 : 8핀 x1 / 가로(길이) : 247mm / 베이스클럭 : 1830 / 부스트클럭 : 2565MHz / 스트림 프로세서 : 3072 / 최대 AI TOPS : 242(sparsity) / GDDR6 / 출력단자 : HDMI , DP / 지원정보 : 8K 지원 , HDR 지원 , HDCP 2.3 / 사용전력 : 115W / 2팬 / 두께 : 37mm / 제로팬(0-dB기술) / 백플레이트 / LED 라이트 / XTREME TUNER / A/S 3년",https://img.danuri.io/catalog-image/299/071/076/9470ee1f982440098498833f69879e01.jpg?shrink=130:130&_v=20261006080522,https://prod.danawa.com/info/?pcode=76071299&cate=112753
270,갤럭시,갤럭시 GALAX 지포스 RTX 4060 Ti WHITE OC V2 D6 8GB,"674,730","RTX 4060 Ti / PCIe4.0x16(at x8) / 550W 이상 / 전원 포트 : 8핀 x1 / 가로(길이) : 237mm / 베이스클럭 : 2310 / 부스트클럭 : 2550MHz / 스트림 프로세서 : 4352 / 최대 AI TOPS : 353(sparsity) / GDDR6 / 출력단자 : HDMI2.1 , DP1.4 / 지원정보 : 8K 지원 , HDR 지원 , HDCP 2.3 / 사용전력 : 160W / 2팬 / 두께 : 41mm / 제로팬(0-dB기술) / 백플레이트 / LED 라이트 / A/S 3년",https://img.danuri.io/catalog-image/684/465/077/593696b6408a4a3fa0307aca6a853df4.jpg?shrink=130:130&_v=20261006080705,https://prod.danawa.com/info/?pcode=77465684&cate=112753
271,갤럭시,갤럭시 BOY 지포스 RTX 4080 SUPER SG OC D6X 16GB,"2,048,200","RTX 4080 SUPER / PCIe4.0x16 / 850W 이상 / 전원 포트 : 16핀(12VHPWR) x1 / 가로(길이) : 336mm / 베이스클럭 : 2295 / 부스트클럭 : 2610MHz / OC클럭 : 2625MHz / 스트림 프로세서 : 10240 / 최대 AI TOPS : 836(sparsity) / GDDR6X / 출력단자 : HDMI2.1 , DP1.4 / 지원정보 : 8K 지원 , HDR 지원 , HDCP 2.3 / 사용전력 : 320W / 3팬 / 두께 : 66mm / 제로팬(0-dB기술) / 백플레이트 / LED 라이트 / 구성품 : VGA지지대 , 3x8핀 to 16핀 커넥터 , 클립 온 팬 / A/S 3년",https://img.danuri.io/catalog-image/546/532/043/fb5d53b8115a4d0984a3432f13ae9647.jpg?shrink=130:130&_v=20261006131154,https://prod.danawa.com/info/?pcode=43532546&cate=112753
272,갤럭시,갤럭시 GALAX 지포스 RTX 5050 BLACK OC V2 D6 8GB DUAL HDMI,"540,000","RTX 5050 / PCIe5.0x16(at x8) / 550W 이상 / 전원 포트 : 8핀 x1 / 가로(길이) : 225mm / 베이스클럭 : 2317 / 부스트클럭 : 2587MHz / 스트림 프로세서 : 2560 / 최대 AI TOPS : 421(FP4) / GDDR6 / 출력단자 : HDMI2.1 , DP2.1 / 지원정보 : 8K 지원 , HDR 지원 , HDCP 2.3 / 사용전력 : 130W / 2팬 / 두께 : 40mm / 백플레이트 / LED 라이트 / LED온오프스위치 / A/S 3년",https://img.danuri.io/catalog-image/454/359/104/93ea1818b9964b9e8132f87ddcad41f1.jpg?shrink=130:130&_v=20261006080534,https://prod.danawa.com/info/?pcode=104359454&cate=112753
273,갤럭시,갤럭시 GALAX 지포스 RTX 5050 BLACK OC D6 8GB DUAL HDMI,"556,990","RTX 5050 / PCIe5.0x16(at x8) / 550W 이상 / 전원 포트 : 8핀 x1 / 가로(길이) : 225mm / 베이스클럭 : 2317 / 부스트클럭 : 2587MHz / 스트림 프로세서 : 2560 / 최대 AI TOPS : 421(FP4) / GDDR6 / 출력단자 : HDMI2.1 , DP2.1 / 지원정보 : 8K 지원 , HDR 지원 , HDCP 2.3 / 사용전력 : 130W / 2팬 / 두께 : 40mm / 백플레이트 / LED 라이트 / LED온오프스위치 / A/S 3년",https://img.danuri.io/catalog-image/725/501/093/4b5fe2887a824bd78e1b58e5b403ec4b.jpg?shrink=130:130&_v=20261006153523,https://prod.danawa.com/info/?pcode=93501725&cate=112753
274,갤럭시,갤럭시 GALAX 지포스 RTX 5050 WHITE OC D6 8GB DUAL HDMI,"575,000","RTX 5050 / PCIe5.0x16(at x8) / 550W 이상 / 전원 포트 : 8핀 x1 / 가로(길이) : 225mm / 베이스클럭 : 2317 / 부스트클럭 : 2587MHz / 스트림 프로세서 : 2560 / 최대 AI TOPS : 421(FP4) / GDDR6 / 출력단자 : HDMI2.1 , DP2.1 / 지원정보 : 8K 지원 , HDR 지원 , HDCP 2.3 / 사용전력 : 130W / 2팬 / 두께 : 40mm / 제로팬(0-dB기술) / 백플레이트 / LED 라이트 / LED온오프스위치 / A/S 3년",https://img.danuri.io/catalog-image/778/742/099/9b7dda0775cc4053b1f21f172f41da28.jpg?shrink=130:130&_v=20261006080705,https://prod.danawa.com/info/?pcode=99742778&cate=112753
275,갤럭시,갤럭시 GALAZ 지포스 RTX 5050 BLACK OC D6 8GB DUAL HDMI,"371,000","RTX 5050 / PCIe5.0x16(at x8) / 550W 이상 / 전원 포트 : 8핀 x1 / 가로(길이) : 225mm / 베이스클럭 : 2317 / 부스트클럭 : 2587MHz / 스트림 프로세서 : 2560 / 최대 AI TOPS : 421(FP4) / GDDR6 / 출력단자 : HDMI2.1 , DP2.1 / 지원정보 : 8K 지원 , HDR 지원 , HDCP 2.3 / 사용전력 : 130W / 2팬 / 두께 : 40mm / 백플레이트 / LED 라이트 / LED온오프스위치 / A/S 3년",https://img.danuri.io/catalog-image/767/501/093/fcefed29400947a6b6f3bf194395240c.jpg?shrink=130:130&_v=20261006134944,https://prod.danawa.com/info/?pcode=93501767&cate=112753
276,갤럭시,갤럭시 GALAX 지포스 RTX 5060 WHITE OC V2 D7 8GB,"665,920","RTX 5060 / PCIe5.0x16(at x8) / 550W 이상 / 전원 포트 : 8핀 x1 / 가로(길이) : 225mm / 베이스클럭 : 2280 / 부스트클럭 : 2512MHz / 스트림 프로세서 : 3840 / 최대 AI TOPS : 614(FP4) / GDDR7 / 출력단자 : HDMI2.1 , DP2.1 / 지원정보 : 8K 지원 , HDR 지원 , HDCP 2.3 / 사용전력 : 145W / 2팬 / 두께 : 40mm / 제로팬(0-dB기술) / 백플레이트 / LED 라이트 / LED온오프스위치",https://img.danuri.io/catalog-image/814/895/099/4611fdd6e5684afa94361cb621108464.jpeg?shrink=130:130&_v=20261006114033,https://prod.danawa.com/info/?pcode=99895814&cate=112753
277,갤럭시,갤럭시 GALAX 지포스 RTX 5060 BLACK OC V2 D7 8GB,"657,170","RTX 5060 / PCIe5.0x16(at x8) / 550W 이상 / 전원 포트 : 8핀 x1 / 가로(길이) : 225mm / 베이스클럭 : 2280 / 부스트클럭 : 2512MHz / 스트림 프로세서 : 3840 / 최대 AI TOPS : 614(FP4) / GDDR7 / 출력단자 : HDMI2.1 , DP2.1 / 지원정보 : 8K 지원 , HDR 지원 , HDCP 2.3 / 사용전력 : 145W / 2팬 / 두께 : 40mm / 제로팬(0-dB기술) / 백플레이트 / LED 라이트 / LED온오프스위치",https://img.danuri.io/catalog-image/039/896/099/4ae07ec27b4b48fc90bd26ae439eebc7.jpeg?shrink=130:130&_v=20261006145548,https://prod.danawa.com/info/?pcode=99896039&cate=112753
278,갤럭시,갤럭시 GALAX 지포스 RTX 5060 EX WHITE OC D7 8GB,"698,040","RTX 5060 / PCIe5.0x16(at x8) / 550W 이상 / 전원 포트 : 8핀 x1 / 가로(길이) : 255mm / 베이스클럭 : 2280 / 부스트클럭 : 2535MHz / 스트림 프로세서 : 3840 / 최대 AI TOPS : 614(FP4) / GDDR7 / 출력단자 : HDMI2.1 , DP2.1 / 지원정보 : 8K 지원 , HDR 지원 , HDCP 2.3 / 사용전력 : 145W / 2팬 / 두께 : 40mm / 제로팬(0-dB기술) / 백플레이트 / LED 라이트",https://img.danuri.io/catalog-image/808/955/090/5295967384a94b5baeac9962ab4b63c4.jpeg?shrink=130:130&_v=20261006111048,https://prod.danawa.com/info/?pcode=90955808&cate=112753
279,갤럭시,갤럭시 GALAX 지포스 RTX 5060 EX BLACK OC D7 8GB,"692,730","RTX 5060 / PCIe5.0x16(at x8) / 550W 이상 / 전원 포트 : 8핀 x1 / 가로(길이) : 255mm / 베이스클럭 : 2280 / 부스트클럭 : 2535MHz / 스트림 프로세서 : 3840 / 최대 AI TOPS : 614(FP4) / GDDR7 / 출력단자 : HDMI2.1 , DP2.1 / 지원정보 : 8K 지원 , HDR 지원 , HDCP 2.3 / 사용전력 : 145W / 2팬 / 두께 : 40mm / 제로팬(0-dB기술) / 백플레이트 / LED 라이트",https://img.danuri.io/catalog-image/670/955/090/1be9c658bb624e10acdf8c6933d5a515.jpeg?shrink=130:130&_v=20261006144838,https://prod.danawa.com/info/?pcode=90955670&cate=112753
280,갤럭시,갤럭시 GALAX 지포스 RTX 5060 BLACK OC V2 D7 8GB DUAL HDMI,"720,000","RTX 5060 / PCIe5.0x16(at x8) / 550W 이상 / 전원 포트 : 8핀 x1 / 가로(길이) : 225mm / 베이스클럭 : 2280 / 부스트클럭 : 2512MHz / 스트림 프로세서 : 3840 / 최대 AI TOPS : 614(FP4) / GDDR7 / 출력단자 : HDMI2.1 , DP2.1 / 지원정보 : 8K 지원 , HDR 지원 , HDCP 2.3 / 사용전력 : 145W / 2팬 / 두께 : 40mm / 제로팬(0-dB기술) / 백플레이트 / LED 라이트 / LED온오프스위치 / XTREME TUNER / A/S 3년",https://img.danuri.io/catalog-image/525/896/099/f98a1282199348f29997a7708c020b96.jpg?shrink=130:130&_v=20261006080522,https://prod.danawa.com/info/?pcode=99896525&cate=112753
281,갤럭시,갤럭시 GALAZ 지포스 RTX 5060 EX BLACK OC D7 8GB,"715,000","RTX 5060 / PCIe5.0x16(at x8) / 550W 이상 / 전원 포트 : 8핀 x1 / 가로(길이) : 255mm / 베이스클럭 : 2280 / 부스트클럭 : 2535MHz / 스트림 프로세서 : 3840 / 최대 AI TOPS : 614(FP4) / GDDR7 / 출력단자 : HDMI2.1 , DP2.1 / 지원정보 : 8K 지원 , HDR 지원 , HDCP 2.3 / 사용전력 : 145W / 2팬 / 두께 : 40mm / 제로팬(0-dB기술) / 백플레이트 / LED 라이트",https://img.danuri.io/catalog-image/853/955/090/34a60d21c1864663af460c16ef11983a.jpg?shrink=130:130&_v=20261006095413,https://prod.danawa.com/info/?pcode=90955853&cate=112753
282,갤럭시,갤럭시 GALAZ 지포스 RTX 5060 WHITE OC D7 8GB,"820,000","RTX 5060 / PCIe5.0x16(at x8) / 550W 이상 / 전원 포트 : 8핀 x1 / 가로(길이) : 225mm / 베이스클럭 : 2280 / 부스트클럭 : 2512MHz / 스트림 프로세서 : 3840 / 최대 AI TOPS : 614(FP4) / GDDR7 / 출력단자 : HDMI2.1 , DP2.1 / 지원정보 : 8K 지원 , HDR 지원 , HDCP 2.3 / 사용전력 : 145W / 2팬 / 두께 : 40mm / 제로팬(0-dB기술) / 백플레이트 / LED 라이트",https://img.danuri.io/catalog-image/132/153/092/c38aa8a1022f4bcd84b06b99552c1856.jpg?shrink=130:130&_v=20261006053509,https://prod.danawa.com/info/?pcode=92153132&cate=112753
283,갤럭시,갤럭시 GALAZ 지포스 RTX 5060 BLACK OC V2 D7 8GB DUAL HDMI,"720,000","RTX 5060 / PCIe5.0x16(at x8) / 550W 이상 / 전원 포트 : 8핀 x1 / 가로(길이) : 225mm / 베이스클럭 : 2280 / 부스트클럭 : 2512MHz / 스트림 프로세서 : 3840 / 최대 AI TOPS : 614(FP4) / GDDR7 / 출력단자 : HDMI2.1 , DP2.1 / 지원정보 : 8K 지원 , HDR 지원 , HDCP 2.3 / 사용전력 : 145W / 2팬 / 두께 : 40mm / 제로팬(0-dB기술) / 백플레이트 / LED 라이트 / LED온오프스위치 / XTREME TUNER / A/S 3년",https://img.danuri.io/catalog-image/534/896/099/21a1d0d03d5b4c599c6224306096b13e.jpg?shrink=130:130&_v=20261006054952,https://prod.danawa.com/info/?pcode=99896534&cate=112753
284,갤럭시,갤럭시 GALAZ 지포스 RTX 5060 WHITE OC V2 D7 8GB,"1,061,000","RTX 5060 / PCIe5.0x16(at x8) / 550W 이상 / 전원 포트 : 8핀 x1 / 가로(길이) : 225mm / 베이스클럭 : 2280 / 부스트클럭 : 2512MHz / 스트림 프로세서 : 3840 / 최대 AI TOPS : 614(FP4) / GDDR7 / 출력단자 : HDMI2.1 , DP2.1 / 지원정보 : 8K 지원 , HDR 지원 , HDCP 2.3 / 사용전력 : 145W / 2팬 / 두께 : 40mm / 제로팬(0-dB기술) / 백플레이트 / LED 라이트 / LED온오프스위치",https://img.danuri.io/catalog-image/865/895/099/a5ed80ab8759434da322b77909321174.jpg?shrink=130:130&_v=20261006052817,https://prod.danawa.com/info/?pcode=99895865&cate=112753
285,갤럭시,갤럭시 GALAX 지포스 RTX 5060 Ti EX BLACK OC D7 8GB,"773,940","RTX 5060 Ti / PCIe5.0x16(at x8) / 600W 이상 / 전원 포트 : 8핀 x1 / 가로(길이) : 255mm / 베이스클럭 : 2407 / 부스트클럭 : 2617MHz / 스트림 프로세서 : 4608 / 최대 AI TOPS : 759(FP4) / GDDR7 / 출력단자 : HDMI2.1 , DP2.1 / 지원정보 : 8K 지원 , HDR 지원 , HDCP 2.3 / 사용전력 : 180W / 2팬 / 두께 : 40mm / 제로팬(0-dB기술) / 백플레이트 / LED 라이트 / A/S 3년",https://img.danuri.io/catalog-image/056/187/092/252b01ce3413404a9be3401d325911fd.jpeg?shrink=130:130&_v=20261006141513,https://prod.danawa.com/info/?pcode=92187056&cate=112753
286,갤럭시,갤럭시 GALAX 지포스 RTX 5060 Ti BLACK OC V2 D7 8GB,"757,530","RTX 5060 Ti / PCIe5.0x16(at x8) / 600W 이상 / 전원 포트 : 8핀 x1 / 가로(길이) : 235mm / 베이스클럭 : 2407 / 부스트클럭 : 2587MHz / 스트림 프로세서 : 4608 / 최대 AI TOPS : 759(FP4) / GDDR7 / 출력단자 : HDMI2.1 , DP2.1 / 지원정보 : 8K 지원 , HDR 지원 , HDCP 2.3 / 사용전력 : 180W / 2팬 / 두께 : 40.3mm / 제로팬(0-dB기술) / 백플레이트 / LED 라이트 / LED온오프스위치 / A/S 3년",https://img.danuri.io/catalog-image/483/754/106/bba422589c804fbcafb3803586074d5b.jpeg?shrink=130:130&_v=20261006115603,https://prod.danawa.com/info/?pcode=106754483&cate=112753
287,갤럭시,갤럭시 GALAX 지포스 RTX 5060 Ti BLACK 3X D7 16GB DUAL HDMI,"1,189,000","RTX 5060 Ti / PCIe5.0x16(at x8) / 600W 이상 / 전원 포트 : 8핀 x1 / 가로(길이) : 300mm / 베이스클럭 : 2407 / 부스트클럭 : 2572MHz / 스트림 프로세서 : 4608 / 최대 AI TOPS : 759(FP4) / GDDR7 / VRAM 대역폭 : 448 GB/s / 출력단자 : HDMI2.1 , DP2.1 / 지원정보 : 8K 지원 , HDR 지원 , HDCP 2.3 / 사용전력 : 180W / 3팬 / 두께 : 40mm / 제로팬(0-dB기술) / 백플레이트 / A/S 3년",https://img.danuri.io/catalog-image/721/742/099/c7e3bed12f35408081d90d16e624b4e4.jpg?shrink=130:130&_v=20261006080536,https://prod.danawa.com/info/?pcode=99742721&cate=112753
288,갤럭시,갤럭시 GALAX 지포스 RTX 5060 Ti WHITE OC D7 8GB,"844,630","RTX 5060 Ti / PCIe5.0x16(at x8) / 600W 이상 / 전원 포트 : 8핀 x1 / 가로(길이) : 235mm / 베이스클럭 : 2407 / 부스트클럭 : 2587MHz / 스트림 프로세서 : 4608 / 최대 AI TOPS : 759(FP4) / GDDR7 / 출력단자 : HDMI2.1 , DP2.1 / 지원정보 : 8K 지원 , HDR 지원 , HDCP 2.3 / 사용전력 : 180W / 2팬 / 두께 : 40mm / 제로팬(0-dB기술) / 백플레이트 / LED 라이트 / LED온오프스위치 / A/S 3년",https://img.danuri.io/catalog-image/647/674/085/991bcfd9209c428cad7911bb9e1d8b40.jpg?shrink=130:130&_v=20261006080542,https://prod.danawa.com/info/?pcode=85674647&cate=112753
289,갤럭시,갤럭시 GALAX 지포스 RTX 5060 Ti BLACK OC D7 8GB,"809,000","RTX 5060 Ti / PCIe5.0x16(at x8) / 600W 이상 / 전원 포트 : 8핀 x1 / 가로(길이) : 235mm / 베이스클럭 : 2407 / 부스트클럭 : 2587MHz / 스트림 프로세서 : 4608 / 최대 AI TOPS : 759(FP4) / GDDR7 / 출력단자 : HDMI2.1 , DP2.1 / 지원정보 : 8K 지원 , HDR 지원 , HDCP 2.3 / 사용전력 : 180W / 2팬 / 두께 : 40mm / 제로팬(0-dB기술) / 백플레이트 / LED 라이트 / LED온오프스위치 / A/S 3년",https://img.danuri.io/catalog-image/150/664/085/ec3d3c1c6dc64db5991bb4f5af7d21d4.jpg?shrink=130:130&_v=20261006080652,https://prod.danawa.com/info/?pcode=85664150&cate=112753
290,갤럭시,갤럭시 GALAX 지포스 RTX 5060 Ti EX WHITE OC D7 8GB,"973,440","RTX 5060 Ti / PCIe5.0x16(at x8) / 600W 이상 / 전원 포트 : 8핀 x1 / 가로(길이) : 255mm / 베이스클럭 : 2407 / 부스트클럭 : 2617MHz / 스트림 프로세서 : 4608 / 최대 AI TOPS : 759(FP4) / GDDR7 / 출력단자 : HDMI2.1 , DP2.1 / 지원정보 : 8K 지원 , HDR 지원 , HDCP 2.3 / 사용전력 : 180W / 2팬 / 두께 : 40mm / 제로팬(0-dB기술) / 백플레이트 / LED 라이트 / A/S 3년",https://img.danuri.io/catalog-image/567/910/091/d2006db523554a7eb1b89a47481a35fe.jpg?shrink=130:130&_v=20261006080523,https://prod.danawa.com/info/?pcode=91910567&cate=112753
291,갤럭시,갤럭시 GALAX 지포스 RTX 5070 BLACK OC D7 12GB,"1,288,990","RTX 5070 / PCIe5.0x16 / 650W 이상 / 전원 포트 : 16핀(12V2x6) x1 / 가로(길이) : 240mm / 베이스클럭 : 2325 / 부스트클럭 : 2527MHz / 스트림 프로세서 : 6144 / 최대 AI TOPS : 988(FP4) / GDDR7 / VRAM 대역폭 : 672 GB/s / 출력단자 : HDMI2.1 , DP2.1 / 지원정보 : 8K 지원 , HDR 지원 , HDCP 2.3 / 사용전력 : 250W / 2팬 / 두께 : 39.6mm / 제로팬(0-dB기술) / 백플레이트 / LED온오프스위치 / 구성품 : 2x8핀 to 16핀 커넥터 / A/S 3년",https://img.danuri.io/catalog-image/743/319/077/d20dd6963f2a4a27b838332896f7018e.jpeg?shrink=130:130&_v=20261006141123,https://prod.danawa.com/info/?pcode=77319743&cate=112753
292,갤럭시,갤럭시 GALAX 지포스 RTX 5070 EX GAMER BLACK OC D7 12GB,"1,318,990","RTX 5070 / PCIe5.0x16 / 650W 이상 / 전원 포트 : 16핀(12V2x6) x1 / 가로(길이) : 322mm / 베이스클럭 : 2325 / 부스트클럭 : 2557MHz / 스트림 프로세서 : 6144 / 최대 AI TOPS : 988(FP4) / GDDR7 / VRAM 대역폭 : 672 GB/s / 출력단자 : HDMI2.1 , DP2.1 / 지원정보 : 8K 지원 , HDR 지원 , HDCP 2.3 / 사용전력 : 250W / 3팬 / 두께 : 52mm / 제로팬(0-dB기술) / 백플레이트 / LED 라이트 / 구성품 : 2x8핀 to 16핀 커넥터 / A/S 3년",https://img.danuri.io/catalog-image/517/712/078/0ea3cdaa7c6e426c8b6c45a71be2e689.jpeg?shrink=130:130&_v=20261006140013,https://prod.danawa.com/info/?pcode=78712517&cate=112753
293,갤럭시,갤럭시 GALAX 지포스 RTX 5070 WHITE OC D7 12GB,"1,455,600","RTX 5070 / PCIe5.0x16 / 650W 이상 / 전원 포트 : 16핀(12V2x6) x1 / 가로(길이) : 240mm / 베이스클럭 : 2325 / 부스트클럭 : 2527MHz / 스트림 프로세서 : 6144 / 최대 AI TOPS : 988(FP4) / GDDR7 / VRAM 대역폭 : 672 GB/s / 출력단자 : HDMI2.1 , DP2.1 / 지원정보 : 8K 지원 , HDR 지원 , HDCP 2.3 / 사용전력 : 250W / 2팬 / 두께 : 39.6mm / 제로팬(0-dB기술) / 백플레이트 / LED온오프스위치 / 구성품 : 2x8핀 to 16핀 커넥터 / A/S 3년",https://img.danuri.io/catalog-image/749/319/077/ccc365d5d4904040b2c331e84c1dbdd4.jpg?shrink=130:130&_v=20261006080542,https://prod.danawa.com/info/?pcode=77319749&cate=112753
294,갤럭시,갤럭시 GALAX 지포스 RTX 5070 EX GAMER WHITE OC D7 12GB,"3,220,910","RTX 5070 / PCIe5.0x16 / 650W 이상 / 전원 포트 : 16핀(12V2x6) x1 / 가로(길이) : 322mm / 베이스클럭 : 2325 / 부스트클럭 : 2557MHz / 스트림 프로세서 : 6144 / 최대 AI TOPS : 988(FP4) / GDDR7 / VRAM 대역폭 : 672 GB/s / 출력단자 : HDMI2.1 , DP2.1 / 지원정보 : 8K 지원 , HDR 지원 , HDCP 2.3 / 사용전력 : 250W / 3팬 / 두께 : 52mm / 제로팬(0-dB기술) / 백플레이트 / LED 라이트 / 구성품 : 2x8핀 to 16핀 커넥터 / A/S 3년",https://img.danuri.io/catalog-image/484/235/078/0878d04a27a24fe4a9c49886eed98d61.jpg?shrink=130:130&_v=20261006080445,https://prod.danawa.com/info/?pcode=78235484&cate=112753
295,갤럭시,갤럭시 GALAX 지포스 RTX 5070 Ti BLACK 2X OC D7 16GB,"1,772,390","RTX 5070 Ti / PCIe5.0x16 / 750W 이상 / 전원 포트 : 16핀(12V2x6) x1 / 가로(길이) : 239mm / 베이스클럭 : 2295 / 부스트클럭 : 2467MHz / 스트림 프로세서 : 8960 / 최대 AI TOPS : 1406(FP4) / GDDR7 / VRAM 대역폭 : 896 GB/s / 출력단자 : HDMI2.1 , DP2.1 / 지원정보 : 8K 지원 , HDR 지원 , HDCP 2.3 / 사용전력 : 300W / 2팬 / 두께 : 45mm / 제로팬(0-dB기술) / 백플레이트 / LED 라이트 / LED온오프스위치 / XTREME TUNER / 구성품 : VGA지지대 , 3x8핀 to 16핀 커넥터 / A/S 3년",https://img.danuri.io/catalog-image/876/839/099/bfdf75603ef542689b1bef98d851a70b.jpeg?shrink=130:130&_v=20261006132043,https://prod.danawa.com/info/?pcode=99839876&cate=112753
296,갤럭시,갤럭시 GALAX 지포스 RTX 5070 Ti EX GAMER BLACK OC D7 16GB,"1,891,000","RTX 5070 Ti / PCIe5.0x16 / 750W 이상 / 전원 포트 : 16핀(12V2x6) x1 / 가로(길이) : 322mm / 베이스클럭 : 2295 / 부스트클럭 : 2497MHz / 스트림 프로세서 : 8960 / 최대 AI TOPS : 1406(FP4) / GDDR7 / VRAM 대역폭 : 896 GB/s / 출력단자 : HDMI2.1 , DP2.1 / 지원정보 : 8K 지원 , HDR 지원 , HDCP 2.3 / 사용전력 : 300W / 3팬 / 두께 : 52mm / 제로팬(0-dB기술) / 백플레이트 / LED 라이트 / XTREME TUNER / 구성품 : VGA지지대 , 3x8핀 to 16핀 커넥터 / A/S 3년",https://img.danuri.io/catalog-image/862/086/077/86b9f6fafb484c16a247f62e44a73144.jpeg?shrink=130:130&_v=20261006080541,https://prod.danawa.com/info/?pcode=77086862&cate=112753
297,갤럭시,갤럭시 GALAX 지포스 RTX 5070 Ti HOF GAMING D7 16GB,"2,478,690","RTX 5070 Ti / PCIe5.0x16 / 750W 이상 / 전원 포트 : 16핀(12V2x6) x1 / 가로(길이) : 341mm / 베이스클럭 : 2295 / 부스트클럭 : 2512MHz / OC클럭 : 2610MHz / 스트림 프로세서 : 8960 / 최대 AI TOPS : 1406(FP4) / GDDR7 / VRAM 대역폭 : 896 GB/s / 출력단자 : HDMI2.1 , DP2.1 / 지원정보 : 8K 지원 , HDR 지원 , HDCP 2.3 / 사용전력 : 300W / 3팬 / 두께 : 60mm / 제로팬(0-dB기술) / 백플레이트 / LED 라이트 / Dual BIOS / HOF AI / 구성품 : VGA지지대 , 3x8핀 to 16핀 커넥터 / A/S 3년",https://img.danuri.io/catalog-image/011/521/094/efbd8dce19ee4522b32144c92e931fa8.jpg?shrink=130:130&_v=20261006080542,https://prod.danawa.com/info/?pcode=94521011&cate=112753
298,갤럭시,갤럭시 GALAX 지포스 RTX 5070 Ti HOF GAMING BLACK D7 16GB,"2,196,000","RTX 5070 Ti / PCIe5.0x16 / 750W 이상 / 전원 포트 : 16핀(12V2x6) x1 / 가로(길이) : 341mm / 베이스클럭 : 2295 / 부스트클럭 : 2512MHz / OC클럭 : 2610MHz / 스트림 프로세서 : 8960 / 최대 AI TOPS : 1406(FP4) / GDDR7 / VRAM 대역폭 : 896 GB/s / 출력단자 : HDMI2.1 , DP2.1 / 지원정보 : 8K 지원 , HDR 지원 , HDCP 2.3 / 사용전력 : 300W / 3팬 / 두께 : 60mm / 제로팬(0-dB기술) / 백플레이트 / LED 라이트 / Dual BIOS / HOF AI / 구성품 : VGA지지대 , 3x8핀 to 16핀 커넥터 / A/S 3년",https://img.danuri.io/catalog-image/621/423/095/c72e3c2a75804839baf5ae3b4dd083d9.jpg?shrink=130:130&_v=20261006080522,https://prod.danawa.com/info/?pcode=95423621&cate=112753
299,갤럭시,갤럭시 GALAX 지포스 RTX 5070 Ti EX GAMER WHITE OC D7 16GB,"2,553,990","RTX 5070 Ti / PCIe5.0x16 / 750W 이상 / 전원 포트 : 16핀(12V2x6) x1 / 가로(길이) : 322mm / 베이스클럭 : 2295 / 부스트클럭 : 2497MHz / 스트림 프로세서 : 8960 / 최대 AI TOPS : 1406(FP4) / GDDR7 / VRAM 대역폭 : 896 GB/s / 출력단자 : HDMI2.1 , DP2.1 / 지원정보 : 8K 지원 , HDR 지원 , HDCP 2.3 / 사용전력 : 300W / 3팬 / 두께 : 52mm / 제로팬(0-dB기술) / 백플레이트 / LED 라이트 / XTREME TUNER / 구성품 : VGA지지대 , 3x8핀 to 16핀 커넥터 / A/S 3년",https://img.danuri.io/catalog-image/958/086/077/583298bf82e7487e9701dee6b7d6a5b6.jpg?shrink=130:130&_v=20261006080431,https://prod.danawa.com/info/?pcode=77086958&cate=112753
300,갤럭시,갤럭시 GALAX 지포스 RTX 5070 Ti BLACK OC D7 16GB,"2,032,950","RTX 5070 Ti / PCIe5.0x16 / 750W 이상 / 전원 포트 : 16핀(12V2x6) x1 / 가로(길이) : 303mm / 베이스클럭 : 2295 / 부스트클럭 : 2467MHz / 스트림 프로세서 : 8960 / 최대 AI TOPS : 1406(FP4) / GDDR7 / VRAM 대역폭 : 896 GB/s / 출력단자 : HDMI2.1 , DP2.1 / 지원정보 : 8K 지원 , HDR 지원 , HDCP 2.3 / 사용전력 : 300W / 3팬 / 두께 : 49.7mm / 제로팬(0-dB기술) / 백플레이트 / LED 라이트 / XTREME TUNER / 구성품 : VGA지지대 , 3x8핀 to 16핀 커넥터 / A/S 3년",https://img.danuri.io/catalog-image/474/463/076/29fac4a537cb4b47b4ce8fd1b9cf1b98.jpg?shrink=130:130&_v=20261006080445,https://prod.danawa.com/info/?pcode=76463474&cate=112753
301,갤럭시,갤럭시 GALAZ 지포스 RTX 5070 Ti HOF GAMING BLACK D7 16GB,"2,005,000","RTX 5070 Ti / PCIe5.0x16 / 750W 이상 / 전원 포트 : 16핀(12V2x6) x1 / 가로(길이) : 341mm / 베이스클럭 : 2295 / 부스트클럭 : 2512MHz / OC클럭 : 2610MHz / 스트림 프로세서 : 8960 / 최대 AI TOPS : 1406(FP4) / GDDR7 / VRAM 대역폭 : 896 GB/s / 출력단자 : HDMI2.1 , DP2.1 / 지원정보 : 8K 지원 , HDR 지원 , HDCP 2.3 / 사용전력 : 300W / 3팬 / 두께 : 60mm / 제로팬(0-dB기술) / 백플레이트 / LED 라이트 / Dual BIOS / HOF AI / 구성품 : VGA지지대 , 3x8핀 to 16핀 커넥터 / A/S 3년",https://img.danuri.io/catalog-image/684/423/095/118a01137aa04a15b56b80e81b7bba8b.jpg?shrink=130:130&_v=20261006080652,https://prod.danawa.com/info/?pcode=95423684&cate=112753
302,갤럭시,갤럭시 GALAX 지포스 RTX 5080 BLACK OC D7 16GB,"2,318,430","RTX 5080 / PCIe5.0x16 / 850W 이상 / 전원 포트 : 16핀(12V2x6) x1 / 가로(길이) : 303mm / 베이스클럭 : 2295 / 부스트클럭 : 2625MHz / 스트림 프로세서 : 10752 / 최대 AI TOPS : 1801(FP4) / GDDR7 / VRAM 대역폭 : 960 GB/s / 출력단자 : HDMI2.1 , DP2.1 / 지원정보 : 8K 지원 , HDCP 2.3 / 사용전력 : 360W / 3팬 / 두께 : 49.7mm / 제로팬(0-dB기술) / 백플레이트 / LED 라이트 / 구성품 : VGA지지대 , 3x8핀 to 16핀 커넥터 / A/S 3년",https://img.danuri.io/catalog-image/494/075/075/ecc32a005d60495481370c6e3bfd99c0.jpeg?shrink=130:130&_v=20261006143113,https://prod.danawa.com/info/?pcode=75075494&cate=112753
303,갤럭시,갤럭시 GALAX 지포스 RTX 5080 HOF GAMING BLACK D7 16GB,"2,610,660","RTX 5080 / PCIe5.0x16 / 850W 이상 / 전원 포트 : 16핀(12V2x6) x1 / 가로(길이) : 341mm / 베이스클럭 : 2295 / 부스트클럭 : 2655MHz / OC클럭 : 2760MHz / 스트림 프로세서 : 10752 / 최대 AI TOPS : 1801(FP4) / GDDR7 / VRAM 대역폭 : 960 GB/s / 출력단자 : HDMI2.1 , DP2.1 / 지원정보 : 8K 지원 , HDCP 2.3 / 사용전력 : 400W / 3팬 / 두께 : 60mm / 제로팬(0-dB기술) / 백플레이트 / LED 라이트 / Dual BIOS / HOF AI / 구성품 : VGA지지대 , 3x8핀 to 16핀 커넥터 / A/S 3년",https://img.danuri.io/catalog-image/017/001/095/6daa70b031c945db8201e9dc2f6a84bb.jpeg?shrink=130:130&_v=20261006150518,https://prod.danawa.com/info/?pcode=95001017&cate=112753
304,갤럭시,갤럭시 GALAX 지포스 RTX 5080 EX GAMER BLACK OC D7 16GB,"2,553,470","RTX 5080 / PCIe5.0x16 / 850W 이상 / 전원 포트 : 16핀(12V2x6) x1 / 가로(길이) : 322mm / 베이스클럭 : 2295 / 부스트클럭 : 2670MHz / 스트림 프로세서 : 10752 / 최대 AI TOPS : 1801(FP4) / GDDR7 / VRAM 대역폭 : 960 GB/s / 출력단자 : HDMI2.1 , DP2.1 / 지원정보 : 8K 지원 , HDCP 2.3 / 사용전력 : 360W / 3팬 / 두께 : 52mm / 제로팬(0-dB기술) / 백플레이트 / LED 라이트 / 구성품 : VGA지지대 , 3x8핀 to 16핀 커넥터 / A/S 3년",https://img.danuri.io/catalog-image/482/578/079/d7d6ffa6e06447239304bc7a2bd590ed.jpeg?shrink=130:130&_v=20261006132423,https://prod.danawa.com/info/?pcode=79578482&cate=112753
305,갤럭시,갤럭시 GALAX 지포스 RTX 5080 HOF GAMING D7 16GB,"3,645,000","RTX 5080 / PCIe5.0x16 / 850W 이상 / 전원 포트 : 16핀(12V2x6) x1 / 가로(길이) : 341mm / 베이스클럭 : 2295 / 부스트클럭 : 2655MHz / OC클럭 : 2760MHz / 스트림 프로세서 : 10752 / 최대 AI TOPS : 1801(FP4) / GDDR7 / VRAM 대역폭 : 960 GB/s / 출력단자 : HDMI2.1 , DP2.1 / 지원정보 : 8K 지원 , HDCP 2.3 / 사용전력 : 400W / 3팬 / 두께 : 60mm / 제로팬(0-dB기술) / 백플레이트 / LED 라이트 / Dual BIOS / HOF AI / 구성품 : VGA지지대 , 3x8핀 to 16핀 커넥터 / A/S 3년",https://img.danuri.io/catalog-image/847/916/093/8307a36689934e7d81deb2a671f07465.jpg?shrink=130:130&_v=20261006080705,https://prod.danawa.com/info/?pcode=93916847&cate=112753
306,갤럭시,갤럭시 GALAX 지포스 RTX 5080 WHITE OC D7 16GB,"5,051,910","RTX 5080 / PCIe5.0x16 / 850W 이상 / 전원 포트 : 16핀(12V2x6) x1 / 가로(길이) : 303mm / 베이스클럭 : 2295 / 부스트클럭 : 2625MHz / 스트림 프로세서 : 10752 / 최대 AI TOPS : 1801(FP4) / GDDR7 / VRAM 대역폭 : 960 GB/s / 출력단자 : HDMI2.1 , DP2.1 / 지원정보 : 8K 지원 , HDCP 2.3 / 사용전력 : 360W / 3팬 / 두께 : 49.7mm / 제로팬(0-dB기술) / 백플레이트 / LED 라이트 / 구성품 : VGA지지대 , 3x8핀 to 16핀 커넥터 / A/S 3년",https://img.danuri.io/catalog-image/386/075/075/9116cfe57dc8433b87a53e5221916c1c.jpg?shrink=130:130&_v=20261006080445,https://prod.danawa.com/info/?pcode=75075386&cate=112753
307,COLORFUL,COLORFUL 지포스 RTX 3050 GAMING DUO V4 D6 6GB 피씨디렉트,"361,760","RTX 3050 / PCIe4.0x16 / 450W 이상 / 가로(길이) : 245mm / 베이스클럭 : 1042 / 부스트클럭 : 1470MHz / 스트림 프로세서 : 2304 / GDDR6 / 출력단자 : HDMI2.1 , DP1.4 , DVI(듀얼링크) / 지원정보 : 8K 지원 , HDCP 2.3 / 사용전력 : 75W / 전원부 : 3+1페이즈 / 2팬 / 두께 : 40.3mm / A/S 3년",https://img.danuri.io/catalog-image/850/004/102/626139297b474cddbec07a433a233f61.jpg?shrink=130:130&_v=20261006135428,https://prod.danawa.com/info/?pcode=102004850&cate=112753
308,COLORFUL,COLORFUL iGame 지포스 RTX 3050 ULTRA DUO OC V2 White D6 8GB 피씨디렉트,"465,500","RTX 3050 / PCIe4.0x16(at x8) / 전원 포트 : 6핀 x1 / 가로(길이) : 249.1mm / 베이스클럭 : 1552 / 부스트클럭 : 1822MHz / 스트림 프로세서 : 2560 / GDDR6 / 출력단자 : HDMI2.1 , DP1.4 , DVI(듀얼링크) / 지원정보 : 8K 지원 , HDCP 2.3 / 사용전력 : 115W / 전원부 : 4+1페이즈 / 2팬 / 두께 : 45mm / 제로팬(0-dB기술) / 백플레이트 / LED 라이트 / Dual BIOS / 오버클럭 물리키 / A/S 3년",https://img.danuri.io/catalog-image/240/880/103/30028b82ad8b45bdaa0afd0cbe9dd236.jpg?shrink=130:130&_v=20261006150938,https://prod.danawa.com/info/?pcode=103880240&cate=112753
309,COLORFUL,COLORFUL 지포스 RTX 3050 GAMING DUO V4 D6 6GB 도우정보,"405,000","RTX 3050 / PCIe4.0x16 / 450W 이상 / 가로(길이) : 245mm / 베이스클럭 : 1042 / 부스트클럭 : 1470MHz / 스트림 프로세서 : 2304 / GDDR6 / 출력단자 : HDMI2.1 , DP1.4 , DVI(듀얼링크) / 지원정보 : 8K 지원 , HDR 지원 , HDCP 2.3 / 사용전력 : 75W / 전원부 : 3+1페이즈 / 2팬 / 두께 : 40.3mm / A/S 3년",https://img.danuri.io/catalog-image/042/712/106/c7e9e536dea84998b1a27d7ed5f1d9f6.jpg?shrink=130:130&_v=20261006135819,https://prod.danawa.com/info/?pcode=106712042&cate=112753
310,COLORFUL,COLORFUL 지포스 RTX 3050 토마호크 DUO V2 D6 8GB 피씨디렉트,"405,000","RTX 3050 / PCIe4.0 / 550W 이상 / 전원 포트 : 6핀 x1 / 가로(길이) : 255mm / 베이스클럭 : 1552 / 부스트클럭 : 1777MHz / 스트림 프로세서 : 2560 / GDDR6 / 출력단자 : HDMI2.1 , DP1.4 / 지원정보 : 8K 지원 , HDCP 2.3 / 사용전력 : 최대 125W / 전원부 : 4+1페이즈 / 2팬 / 두께 : 41.3mm / 제로팬(0-dB기술) / 백플레이트 / A/S 3년",https://img.danuri.io/catalog-image/494/102/078/7313df12aff14952b69f5d8428811d7d.jpg?shrink=130:130&_v=20261006131244,https://prod.danawa.com/info/?pcode=78102494&cate=112753
311,COLORFUL,COLORFUL 지포스 RTX 3050 BATTLE AX DUO V2 D6 8GB 도우정보,"419,990","RTX 3050 / PCIe4.0 / 550W 이상 / 전원 포트 : 6핀 x1 / 가로(길이) : 255mm / 베이스클럭 : 1552 / 부스트클럭 : 1777MHz / 스트림 프로세서 : 2560 / GDDR6 / 출력단자 : HDMI2.1 , DP1.4 / 지원정보 : 8K 지원 , HDCP 2.3 / 사용전력 : 최대 125W / 전원부 : 4+1페이즈 / 2팬 / 두께 : 41.3mm / 제로팬(0-dB기술) / 백플레이트 / A/S 3년",https://img.danuri.io/catalog-image/438/663/122/1c27e2f6989a469c97c1190772ba3ece.png?shrink=130:130&_v=20261006080536,https://prod.danawa.com/info/?pcode=122663438&cate=112753
312,COLORFUL,COLORFUL iGame 지포스 RTX 3050 Ultra DUO OC V2 D6 8GB White,"457,970","RTX 3050 / PCIe4.0x16(at x8) / 전원 포트 : 6핀 x1 / 가로(길이) : 249.1mm / 베이스클럭 : 1552 / 부스트클럭 : 1822MHz / 스트림 프로세서 : 2560 / GDDR6 / 출력단자 : HDMI2.1 , DP1.4 , DVI(듀얼링크) / 지원정보 : HDCP 2.3 , 8K 지원 / 사용전력 : 115W / 전원부 : 4+1페이즈 / 2팬 / 두께 : 45mm / 백플레이트 / 제로팬(0-dB기술) / Dual BIOS / 오버클럭 물리키 / LED 라이트 / A/S 3년",https://img.danuri.io/catalog-image/092/648/048/c51417bfa15b4aeabb7c51dab36e6d83.jpg?shrink=130:130&_v=20261006080541,https://prod.danawa.com/info/?pcode=48648092&cate=112753
313,COLORFUL,COLORFUL 지포스 RTX 3060 Battle AX DUO V2 D6 12GB 피씨디렉트,"512,470","RTX 3060 / PCIe4.0 / 550W 이상 / 전원 포트 : 8핀 x1 / 가로(길이) : 253.4mm / 베이스클럭 : 3120 / 부스트클럭 : 1777MHz / 스트림 프로세서 : 3584 / GDDR6 / VRAM 대역폭 : 336 GB/s / 출력단자 : HDMI2.1 , DP1.4 / 지원정보 : 8K 지원 , HDCP 2.3 / 사용전력 : 170W / 전원부 : 6+2페이즈 / 2팬 / 두께 : 41mm / 제로팬(0-dB기술) / 백플레이트 / A/S 3년",https://img.danuri.io/catalog-image/144/724/122/f3cfc7ec80f94d928b83203d8b177f23.jpeg?shrink=130:130&_v=20261006145833,https://prod.danawa.com/info/?pcode=122724144&cate=112753
314,COLORFUL,COLORFUL 지포스 RTX 3060 BATTLE AX DUO V2 D6 12GB 도우정보,"575,000","RTX 3060 / PCIe4.0 / 550W 이상 / 전원 포트 : 8핀 x1 / 가로(길이) : 253.4mm / 베이스클럭 : 3120 / 부스트클럭 : 1777MHz / 스트림 프로세서 : 3584 / GDDR6 / VRAM 대역폭 : 360 GB/s / 출력단자 : HDMI2.1 , DP1.4 / 지원정보 : 8K 지원 , HDCP 2.3 / 사용전력 : 170W / 전원부 : 6+2페이즈 / 2팬 / 두께 : 41mm / 제로팬(0-dB기술) / 백플레이트 / A/S 3년",https://img.danuri.io/catalog-image/832/537/123/4ec1928e68b9491bb55e4f679fd3147a.png?shrink=130:130&_v=20261006121404,https://prod.danawa.com/info/?pcode=123537832&cate=112753
315,COLORFUL,COLORFUL 지포스 RTX 5050 GAMING DUO D6 8GB 도우정보,"589,990","RTX 5050 / PCIe5.0x16(at x8) / 500W 이상 / 전원 포트 : 8핀 x1 / 가로(길이) : 200mm / 베이스클럭 : 2317 / 부스트클럭 : 2572MHz / 스트림 프로세서 : 2560 / GDDR6 / 출력단자 : HDMI2.1 , DP2.1 / 지원정보 : 8K 지원 , HDR 지원 , HDCP 2.3 / 사용전력 : 140W / 2팬 / 두께 : 40mm / 백플레이트",https://img.danuri.io/catalog-image/823/418/108/0febd8609c3140cfb2778edd22760506.jpg?shrink=130:130&_v=20261006120324,https://prod.danawa.com/info/?pcode=108418823&cate=112753
316,COLORFUL,COLORFUL iGame 지포스 RTX 5050 ULTRA DUO OC White D6 8GB 도우정보,"605,000","RTX 5050 / PCIe5.0x16(at x8) / 500W 이상 / 전원 포트 : 8핀 x1 / 가로(길이) : 231mm / 베이스클럭 : 2317 / 부스트클럭 : 2572MHz / OC클럭 : 2647MHz / 스트림 프로세서 : 2560 / 최대 AI TOPS : 421(FP4) / GDDR6 / 출력단자 : HDMI2.1 , DP2.1 / 지원정보 : 8K 지원 , HDR 지원 , HDCP 2.3 / 사용전력 : 130W / 2팬 / 두께 : 49mm / 백플레이트 / LED 라이트 / 오버클럭 물리키 / A/S 3년",https://img.danuri.io/catalog-image/784/418/108/2bfd7b7da62c43aa93e77fcf67654abd.jpg?shrink=130:130&_v=20261006120324,https://prod.danawa.com/info/?pcode=108418784&cate=112753
317,COLORFUL,COLORFUL 지포스 RTX 5050 GAMING DUO D6 8GB 피씨디렉트,"555,900","RTX 5050 / PCIe5.0x16(at x8) / 500W 이상 / 전원 포트 : 8핀 x1 / 가로(길이) : 200mm / 베이스클럭 : 2317 / 부스트클럭 : 2572MHz / 스트림 프로세서 : 2560 / GDDR6 / 출력단자 : HDMI2.1 , DP2.1 / 지원정보 : 8K 지원 , HDR 지원 , HDCP 2.3 / 사용전력 : 140W / 2팬 / 두께 : 40mm / 백플레이트",https://img.danuri.io/catalog-image/591/966/104/280f8446101d455a902e615c64607b01.jpg?shrink=130:130&_v=20261006153704,https://prod.danawa.com/info/?pcode=104966591&cate=112753
318,COLORFUL,COLORFUL iGame 지포스 RTX 5060 ULTRA DUO OC White D7 8GB 피씨디렉트,"689,960","RTX 5060 / PCIe5.0x16(at x8) / 550W 이상 / 전원 포트 : 8핀 x1 / 가로(길이) : 231mm / 베이스클럭 : 2280 / 부스트클럭 : 2497MHz / OC클럭 : 2580MHz / 스트림 프로세서 : 3840 / 최대 AI TOPS : 614(FP4) / GDDR7 / 출력단자 : HDMI2.1 , DP2.1 / 지원정보 : 8K 지원 , HDR 지원 , HDCP 2.3 / 사용전력 : 145W / 2팬 / 두께 : 50mm / 제로팬(0-dB기술) / 백플레이트 / LED 라이트 / 오버클럭 물리키 / A/S 3년",https://img.danuri.io/catalog-image/104/960/090/6e08f920e768407ea329a9c6b07ffda5.jpg?shrink=130:130&_v=20261006124154,https://prod.danawa.com/info/?pcode=90960104&cate=112753
319,COLORFUL,COLORFUL iGame 지포스 RTX 5060 ULTRA OC D7 8GB 도우정보,"774,990","RTX 5060 / PCIe5.0x16(at x8) / 550W 이상 / 전원 포트 : 8핀 x1 / 가로(길이) : 300.5mm / 베이스클럭 : 2280 / 부스트클럭 : 2497MHz / OC클럭 : 2580MHz / 스트림 프로세서 : 3840 / 최대 AI TOPS : 614(FP4) / GDDR7 / 출력단자 : HDMI2.1 , DP2.1 / 지원정보 : 8K 지원 , HDR 지원 , HDCP 2.3 / 사용전력 : 145W / 3팬 / 두께 : 50mm / 제로팬(0-dB기술) / 백플레이트 / LED 라이트 / 오버클럭 물리키 / A/S 3년",https://img.danuri.io/catalog-image/701/709/122/68d30b38db0643178e603c911886abc9.png?shrink=130:130&_v=20261006080541,https://prod.danawa.com/info/?pcode=122709701&cate=112753
320,COLORFUL,COLORFUL 지포스 RTX 5060 GAMING DUO D7 8GB 도우정보,"730,000","RTX 5060 / PCIe5.0x16(at x8) / 550W 이상 / 전원 포트 : 8핀 x1 / 가로(길이) : 200mm / 베이스클럭 : 2280 / 부스트클럭 : 2497MHz / 스트림 프로세서 : 3840 / 최대 AI TOPS : 614(FP4) / GDDR7 / 출력단자 : HDMI2.1 , DP2.1 / 지원정보 : 8K 지원 , HDR 지원 , HDCP 2.3 / 사용전력 : 145W / 2팬 / 두께 : 40mm / 제로팬(0-dB기술) / 백플레이트 / DrMOS / A/S 3년",https://img.danuri.io/catalog-image/144/712/106/2889690deecf4cdd847e70edb4256c9d.jpg?shrink=130:130&_v=20261006144920,https://prod.danawa.com/info/?pcode=106712144&cate=112753
321,COLORFUL,COLORFUL iGame 지포스 RTX 5060 ULTRA DUO OC D7 8GB 도우정보,"760,000","RTX 5060 / PCIe5.0x16(at x8) / 550W 이상 / 전원 포트 : 8핀 x1 / 가로(길이) : 231mm / 베이스클럭 : 2280 / 부스트클럭 : 2497MHz / OC클럭 : 2580MHz / 스트림 프로세서 : 3840 / 최대 AI TOPS : 614(FP4) / GDDR7 / 출력단자 : HDMI2.1 , DP2.1 / 지원정보 : 8K 지원 , HDR 지원 , HDCP 2.3 / 사용전력 : 145W / 2팬 / 두께 : 50mm / 제로팬(0-dB기술) / 백플레이트 / LED 라이트 / 오버클럭 물리키 / A/S 3년",https://img.danuri.io/catalog-image/552/709/122/462c3788639743b1a2e7e7fefa6d2529.png?shrink=130:130&_v=20261006125159,https://prod.danawa.com/info/?pcode=122709552&cate=112753
322,COLORFUL,COLORFUL 지포스 RTX 5060 GAMING DUO D7 8GB 피씨디렉트,"667,990","RTX 5060 / PCIe5.0x16(at x8) / 550W 이상 / 전원 포트 : 8핀 x1 / 가로(길이) : 200mm / 베이스클럭 : 2280 / 부스트클럭 : 2497MHz / 스트림 프로세서 : 3840 / 최대 AI TOPS : 614(FP4) / GDDR7 / 출력단자 : HDMI2.1 , DP2.1 / 지원정보 : 8K 지원 , HDR 지원 , HDCP 2.3 / 사용전력 : 145W / 2팬 / 두께 : 40mm / 제로팬(0-dB기술) / 백플레이트 / A/S 3년",https://img.danuri.io/catalog-image/213/325/100/52536427345845128b650b2f70e134d0.jpg?shrink=130:130&_v=20261006152153,https://prod.danawa.com/info/?pcode=100325213&cate=112753
323,COLORFUL,COLORFUL iGame 지포스 RTX 5060 ULTRA DUO OC D7 8GB 피씨디렉트,"694,650","RTX 5060 / PCIe5.0x16(at x8) / 550W 이상 / 전원 포트 : 8핀 x1 / 가로(길이) : 231mm / 베이스클럭 : 2280 / 부스트클럭 : 2497MHz / OC클럭 : 2580MHz / 스트림 프로세서 : 3840 / 최대 AI TOPS : 614(FP4) / GDDR7 / 출력단자 : HDMI2.1 , DP2.1 / 지원정보 : 8K 지원 , HDR 지원 , HDCP 2.3 / 사용전력 : 145W / 2팬 / 두께 : 50mm / 제로팬(0-dB기술) / 백플레이트 / LED 라이트 / 오버클럭 물리키 / A/S 3년",https://img.danuri.io/catalog-image/158/724/122/3290918a5f274270afac5065536c7893.jpeg?shrink=130:130&_v=20261006140414,https://prod.danawa.com/info/?pcode=122724158&cate=112753
324,COLORFUL,COLORFUL iGame 지포스 RTX 5060 ULTRA DUO OC White D7 8GB 도우정보,"760,000","RTX 5060 / PCIe5.0x16(at x8) / 550W 이상 / 전원 포트 : 8핀 x1 / 가로(길이) : 231mm / 베이스클럭 : 2280 / 부스트클럭 : 2497MHz / OC클럭 : 2580MHz / 스트림 프로세서 : 3840 / 최대 AI TOPS : 614(FP4) / GDDR7 / 출력단자 : HDMI2.1 , DP2.1 / 지원정보 : 8K 지원 , HDR 지원 , HDCP 2.3 / 사용전력 : 145W / 2팬 / 두께 : 50mm / 제로팬(0-dB기술) / 백플레이트 / LED 라이트 / 오버클럭 물리키 / A/S 3년",https://img.danuri.io/catalog-image/575/709/122/92e62e40e80648de854ce502eac642e3.png?shrink=130:130&_v=20261006095058,https://prod.danawa.com/info/?pcode=122709575&cate=112753
325,COLORFUL,COLORFUL iGame 지포스 RTX 5060 ULTRA OC D7 8GB 피씨디렉트,"723,000","RTX 5060 / PCIe5.0x16(at x8) / 550W 이상 / 전원 포트 : 8핀 x1 / 가로(길이) : 300.5mm / 베이스클럭 : 2280 / 부스트클럭 : 2497MHz / OC클럭 : 2580MHz / 스트림 프로세서 : 3840 / 최대 AI TOPS : 614(FP4) / GDDR7 / 출력단자 : HDMI2.1 , DP2.1 / 지원정보 : 8K 지원 , HDR 지원 , HDCP 2.3 / 사용전력 : 145W / 3팬 / 두께 : 50mm / 제로팬(0-dB기술) / 백플레이트 / LED 라이트 / 오버클럭 물리키 / A/S 3년",https://img.danuri.io/catalog-image/279/198/124/329b6e5b23c94762a9f914e6d92ede89.jpeg?shrink=130:130&_v=20261006132738,https://prod.danawa.com/info/?pcode=124198279&cate=112753
326,COLORFUL,COLORFUL iGame 지포스 RTX 5060 ULTRA OC White D7 8GB 피씨디렉트,"745,000","RTX 5060 / PCIe5.0x16(at x8) / 550W 이상 / 전원 포트 : 8핀 x1 / 가로(길이) : 300.5mm / 베이스클럭 : 2280 / 부스트클럭 : 2497MHz / OC클럭 : 2580MHz / 스트림 프로세서 : 3840 / 최대 AI TOPS : 614(FP4) / GDDR7 / 출력단자 : HDMI2.1 , DP2.1 / 지원정보 : 8K 지원 , HDR 지원 , HDCP 2.3 / 사용전력 : 145W / 3팬 / 두께 : 50mm / 제로팬(0-dB기술) / 백플레이트 / LED 라이트 / 오버클럭 물리키 / A/S 3년",https://img.danuri.io/catalog-image/439/955/090/6b57205d32ec4604bf7c080b005d90d8.jpg?shrink=130:130&_v=20261006080522,https://prod.danawa.com/info/?pcode=90955439&cate=112753
327,COLORFUL,COLORFUL 지포스 RTX 5060 Ti GAMING DUO D7 16GB 피씨디렉트,"1,044,000","RTX 5060 Ti / PCIe5.0x16(at x8) / 600W 이상 / 전원 포트 : 8핀 x1 / 가로(길이) : 200mm / 베이스클럭 : 2407 / 부스트클럭 : 2572MHz / 스트림 프로세서 : 4608 / 최대 AI TOPS : 759(FP4) / GDDR7 / VRAM 대역폭 : 448 GB/s / 출력단자 : HDMI2.1 , DP2.1 / 지원정보 : 8K 지원 , HDR 지원 , HDCP 2.3 / 사용전력 : 180W / 2팬 / 두께 : 40mm / 제로팬(0-dB기술) / 백플레이트",https://img.danuri.io/catalog-image/832/725/101/7ed5f8c55f7c43389a6b87be4016d316.jpg?shrink=130:130&_v=20261006154048,https://prod.danawa.com/info/?pcode=101725832&cate=112753
328,COLORFUL,COLORFUL iGame 지포스 RTX 5060 Ti ULTRA DUO OC White D7 8GB 피씨디렉트,"781,190","RTX 5060 Ti / PCIe5.0x16(at x8) / 600W 이상 / 전원 포트 : 8핀 x1 / 가로(길이) : 231mm / 베이스클럭 : 2407 / 부스트클럭 : 2572MHz / OC클럭 : 2632MHz / 스트림 프로세서 : 4608 / 최대 AI TOPS : 759(FP4) / GDDR7 / 출력단자 : HDMI2.1 , DP2.1 / 지원정보 : 8K 지원 , HDR 지원 , HDCP 2.3 / 사용전력 : 180W / 2팬 / 두께 : 49mm / 제로팬(0-dB기술) / 백플레이트 / LED 라이트 / 오버클럭 물리키",https://img.danuri.io/catalog-image/188/862/089/b2ed694657c44c6ba7334e4d64a76e6f.jpg?shrink=130:130&_v=20261006080652,https://prod.danawa.com/info/?pcode=89862188&cate=112753
329,COLORFUL,COLORFUL 지포스 RTX 5060 Ti GAMING DUO V2 D7 16GB 피씨디렉트,"1,069,000","RTX 5060 Ti / PCIe5.0x16(at x8) / 600W 이상 / 전원 포트 : 8핀 x1 / 가로(길이) : 200mm / 베이스클럭 : 2407 / 부스트클럭 : 2572MHz / 스트림 프로세서 : 4608 / 최대 AI TOPS : 759(FP4) / GDDR7 / VRAM 대역폭 : 448 GB/s / 출력단자 : HDMI2.1 , DP2.1 / 지원정보 : 8K 지원 , HDR 지원 , HDCP 2.3 / 사용전력 : 180W / 2팬 / 두께 : 40mm / 제로팬(0-dB기술) / 백플레이트",https://img.danuri.io/catalog-image/191/802/123/6db487fb1e714e9c909bfb695698b4f5.jpeg?shrink=130:130&_v=20261006080542,https://prod.danawa.com/info/?pcode=123802191&cate=112753
330,COLORFUL,COLORFUL 지포스 RTX 5060 Ti GAMING DUO D7 8GB 도우정보,"800,000","RTX 5060 Ti / PCIe5.0x16(at x8) / 600W 이상 / 전원 포트 : 8핀 x1 / 가로(길이) : 200mm / 베이스클럭 : 2407 / 부스트클럭 : 2572MHz / 스트림 프로세서 : 4608 / 최대 AI TOPS : 759(FP4) / GDDR7 / 출력단자 : HDMI2.1 , DP2.1 / 지원정보 : 8K 지원 , HDR 지원 , HDCP 2.3 / 사용전력 : 180W / 2팬 / 두께 : 40mm / 제로팬(0-dB기술) / 백플레이트 / A/S 3년",https://img.danuri.io/catalog-image/336/736/106/d3b41df145f545408bf13eebb2bef0c4.jpg?shrink=130:130&_v=20261006090808,https://prod.danawa.com/info/?pcode=106736336&cate=112753
331,COLORFUL,COLORFUL 지포스 RTX 5060 Ti GAMING DUO D7 16GB 도우정보,"1,180,000","RTX 5060 Ti / PCIe5.0x16(at x8) / 600W 이상 / 전원 포트 : 8핀 x1 / 가로(길이) : 200mm / 베이스클럭 : 2407 / 부스트클럭 : 2572MHz / 스트림 프로세서 : 4608 / 최대 AI TOPS : 759(FP4) / GDDR7 / VRAM 대역폭 : 448 GB/s / 출력단자 : HDMI2.1 , DP2.1 / 지원정보 : 8K 지원 , HDR 지원 , HDCP 2.3 / 사용전력 : 180W / 2팬 / 두께 : 40mm / 제로팬(0-dB기술) / 백플레이트",https://img.danuri.io/catalog-image/766/418/108/3d1f68efe76c40a9bb10ae02272e146b.jpg?shrink=130:130&_v=20261006144529,https://prod.danawa.com/info/?pcode=108418766&cate=112753
332,COLORFUL,COLORFUL 지포스 RTX 5060 Ti GAMING DUO D7 8GB 피씨디렉트,"739,340","RTX 5060 Ti / PCIe5.0x16(at x8) / 600W 이상 / 전원 포트 : 8핀 x1 / 가로(길이) : 200mm / 베이스클럭 : 2407 / 부스트클럭 : 2572MHz / 스트림 프로세서 : 4608 / 최대 AI TOPS : 759(FP4) / GDDR7 / 출력단자 : HDMI2.1 , DP2.1 / 지원정보 : 8K 지원 , HDR 지원 , HDCP 2.3 / 사용전력 : 180W / 2팬 / 두께 : 40mm / 제로팬(0-dB기술) / 백플레이트 / A/S 3년",https://img.danuri.io/catalog-image/700/725/101/3dabf4212eea429aaddaba20ed411bea.jpg?shrink=130:130&_v=20261006080541,https://prod.danawa.com/info/?pcode=101725700&cate=112753
333,COLORFUL,COLORFUL iGame 지포스 RTX 5060 Ti ULTRA DUO OC White D7 16GB 피씨디렉트,"1,077,950","RTX 5060 Ti / PCIe5.0x16(at x8) / 600W 이상 / 전원 포트 : 8핀 x1 / 가로(길이) : 231mm / 베이스클럭 : 2407 / 부스트클럭 : 2572MHz / OC클럭 : 2632MHz / 스트림 프로세서 : 4608 / 최대 AI TOPS : 759(FP4) / GDDR7 / VRAM 대역폭 : 448 GB/s / 출력단자 : HDMI2.1 , DP2.1 / 지원정보 : 8K 지원 , HDR 지원 , HDCP 2.3 / 사용전력 : 180W / 2팬 / 두께 : 49mm / 제로팬(0-dB기술) / 백플레이트 / LED 라이트 / 오버클럭 물리키",https://img.danuri.io/catalog-image/542/233/088/1a2cf664b290460b8f695025d578628e.jpg?shrink=130:130&_v=20261006153748,https://prod.danawa.com/info/?pcode=88233542&cate=112753
334,COLORFUL,COLORFUL iGame 지포스 RTX 5060 Ti ULTRA DUO OC D7 16GB 피씨디렉트,"1,099,020","RTX 5060 Ti / PCIe5.0x16(at x8) / 600W 이상 / 전원 포트 : 8핀 x1 / 가로(길이) : 231mm / 베이스클럭 : 2407 / 부스트클럭 : 2572MHz / OC클럭 : 2632MHz / 스트림 프로세서 : 4608 / 최대 AI TOPS : 759(FP4) / GDDR7 / VRAM 대역폭 : 448 GB/s / 출력단자 : HDMI2.1 , DP2.1 / 지원정보 : 8K 지원 , HDR 지원 , HDCP 2.3 / 사용전력 : 180W / 2팬 / 두께 : 49mm / 제로팬(0-dB기술) / 백플레이트 / LED 라이트 / 오버클럭 물리키",https://img.danuri.io/catalog-image/213/802/123/bc92c3bf6d914774b51baa88a4345266.jpeg?shrink=130:130&_v=20261006141203,https://prod.danawa.com/info/?pcode=123802213&cate=112753
335,COLORFUL,COLORFUL iGame 지포스 RTX 5060 Ti ULTRA DUO OC White D7 16GB 도우정보,"1,220,000","RTX 5060 Ti / PCIe5.0x16(at x8) / 600W 이상 / 전원 포트 : 8핀 x1 / 가로(길이) : 231mm / 베이스클럭 : 2407 / 부스트클럭 : 2572MHz / OC클럭 : 2632MHz / 스트림 프로세서 : 4608 / 최대 AI TOPS : 759(FP4) / GDDR7 / VRAM 대역폭 : 448 GB/s / 출력단자 : HDMI2.1 , DP2.1 / 지원정보 : 8K 지원 , HDR 지원 , HDCP 2.3 / 사용전력 : 180W / 2팬 / 두께 : 49mm / 제로팬(0-dB기술) / 백플레이트 / LED 라이트 / 오버클럭 물리키",https://img.danuri.io/catalog-image/618/021/124/2fe616eb17da494792438faccbe5999d.png?shrink=130:130&_v=20261006111203,https://prod.danawa.com/info/?pcode=124021618&cate=112753
336,COLORFUL,COLORFUL iGame 지포스 RTX 5060 Ti ULTRA DUO OC D7 16GB 도우정보,"1,219,980","RTX 5060 Ti / PCIe5.0x16(at x8) / 600W 이상 / 전원 포트 : 8핀 x1 / 가로(길이) : 231mm / 베이스클럭 : 2407 / 부스트클럭 : 2572MHz / OC클럭 : 2632MHz / 스트림 프로세서 : 4608 / 최대 AI TOPS : 759(FP4) / GDDR7 / VRAM 대역폭 : 448 GB/s / 출력단자 : HDMI2.1 , DP2.1 / 지원정보 : 8K 지원 , HDR 지원 , HDCP 2.3 / 사용전력 : 180W / 2팬 / 두께 : 49mm / 제로팬(0-dB기술) / 백플레이트 / LED 라이트 / 오버클럭 물리키",https://img.danuri.io/catalog-image/627/021/124/58787fab21474be4a9917e74da92e73a.png?shrink=130:130&_v=20261006093243,https://prod.danawa.com/info/?pcode=124021627&cate=112753
337,COLORFUL,COLORFUL iGame 지포스 RTX 5060 Ti ULTRA DUO OC White D7 8GB 도우정보,"854,980","RTX 5060 Ti / PCIe5.0x16(at x8) / 600W 이상 / 전원 포트 : 8핀 x1 / 가로(길이) : 231mm / 베이스클럭 : 2407 / 부스트클럭 : 2572MHz / OC클럭 : 2632MHz / 스트림 프로세서 : 4608 / 최대 AI TOPS : 759(FP4) / GDDR7 / 출력단자 : HDMI2.1 , DP2.1 / 지원정보 : 8K 지원 , HDR 지원 , HDCP 2.3 / 사용전력 : 180W / 2팬 / 두께 : 49mm / 제로팬(0-dB기술) / 백플레이트 / DrMOS / LED 라이트 / 오버클럭 물리키",https://img.danuri.io/catalog-image/547/711/106/96191790c48c42798dcefb7b7b8a9f83.jpg?shrink=130:130&_v=20261006080535,https://prod.danawa.com/info/?pcode=106711547&cate=112753
338,COLORFUL,COLORFUL iGame 지포스 RTX 5060 Ti ULTRA DUO OC D7 8GB 피씨디렉트,"818,010","RTX 5060 Ti / PCIe5.0x16(at x8) / 600W 이상 / 전원 포트 : 8핀 x1 / 가로(길이) : 231mm / 베이스클럭 : 2407 / 부스트클럭 : 2572MHz / OC클럭 : 2632MHz / 스트림 프로세서 : 4608 / 최대 AI TOPS : 759(FP4) / GDDR7 / VRAM 대역폭 : 448 GB/s / 출력단자 : HDMI2.1 , DP2.1 / 지원정보 : 8K 지원 , HDR 지원 , HDCP 2.3 / 사용전력 : 180W / 2팬 / 두께 : 49mm / 제로팬(0-dB기술) / 백플레이트 / LED 라이트 / 오버클럭 물리키",https://img.danuri.io/catalog-image/321/198/124/e0239908bbb443d08e353d739d9c3e81.jpeg?shrink=130:130&_v=20261006142003,https://prod.danawa.com/info/?pcode=124198321&cate=112753
339,COLORFUL,COLORFUL 지포스 RTX 5060 Ti BATTLE AX DUO D7 16GB 도우정보,"1,165,170","RTX 5060 Ti / PCIe5.0x16(at x8) / 600W 이상 / 전원 포트 : 8핀 x1 / 가로(길이) : 231mm / 베이스클럭 : 2407 / 부스트클럭 : 2572MHz / 스트림 프로세서 : 4608 / 최대 AI TOPS : 759(FP4) / GDDR7 / VRAM 대역폭 : 448 GB/s / 출력단자 : HDMI2.1 , DP2.1 / 지원정보 : 8K 지원 , HDR 지원 , HDCP 2.3 / 사용전력 : 180W / 2팬 / 두께 : 48.9mm / 제로팬(0-dB기술) / 백플레이트 / DrMOS / LED 라이트",https://img.danuri.io/catalog-image/198/712/106/c952449d228846b9a297158242dc9164.jpg?shrink=130:130&_v=20261006080536,https://prod.danawa.com/info/?pcode=106712198&cate=112753
340,COLORFUL,COLORFUL 지포스 RTX 5060 Ti GAMING DUO V2 D7 8GB 피씨디렉트,"782,670","RTX 5060 Ti / PCIe5.0x16(at x8) / 600W 이상 / 전원 포트 : 8핀 x1 / 가로(길이) : 200mm / 베이스클럭 : 2407 / 부스트클럭 : 2572MHz / 스트림 프로세서 : 4608 / 최대 AI TOPS : 759(FP4) / GDDR7 / VRAM 대역폭 : 448 GB/s / 출력단자 : HDMI2.1 , DP2.1 / 지원정보 : 8K 지원 , HDR 지원 , HDCP 2.3 / 사용전력 : 180W / 2팬 / 두께 : 40mm / 제로팬(0-dB기술) / 백플레이트",https://img.danuri.io/catalog-image/302/198/124/594b6d6e213c4c48acb65a5dfe8b0268.jpeg?shrink=130:130&_v=20261006122638,https://prod.danawa.com/info/?pcode=124198302&cate=112753
341,COLORFUL,COLORFUL 지포스 RTX 5060 Ti GAMING DUO V2 D7 16GB 도우정보,"1,180,000","RTX 5060 Ti / PCIe5.0x16(at x8) / 600W 이상 / 전원 포트 : 8핀 x1 / 가로(길이) : 200mm / 베이스클럭 : 2407 / 부스트클럭 : 2572MHz / 스트림 프로세서 : 4608 / 최대 AI TOPS : 759(FP4) / GDDR7 / VRAM 대역폭 : 448 GB/s / 출력단자 : HDMI2.1 , DP2.1 / 지원정보 : 8K 지원 , HDR 지원 , HDCP 2.3 / 사용전력 : 180W / 2팬 / 두께 : 40mm / 제로팬(0-dB기술) / 백플레이트",https://img.danuri.io/catalog-image/346/327/124/94106691a28d47c7867050740d2078e2.png?shrink=130:130&_v=20261006132134,https://prod.danawa.com/info/?pcode=124327346&cate=112753
342,COLORFUL,COLORFUL 지포스 RTX 5060 Ti 토마호크 DUO D7 8GB 피씨디렉트,"764,000","RTX 5060 Ti / PCIe5.0x16(at x8) / 600W 이상 / 전원 포트 : 8핀 x1 / 가로(길이) : 231mm / 베이스클럭 : 2407 / 부스트클럭 : 2572MHz / 스트림 프로세서 : 4608 / 최대 AI TOPS : 759(FP4) / GDDR7 / 출력단자 : HDMI2.1 , DP2.1 / 지원정보 : 8K 지원 , HDR 지원 , HDCP 2.3 / 사용전력 : 180W / 2팬 / 두께 : 48.9mm / 제로팬(0-dB기술) / 백플레이트 / LED 라이트",https://img.danuri.io/catalog-image/281/862/089/4cb61d69809e41f99577d8da3b16f550.jpg?shrink=130:130&_v=20261006080542,https://prod.danawa.com/info/?pcode=89862281&cate=112753
343,COLORFUL,COLORFUL iGame 지포스 RTX 5060 Ti ULTRA DUO OC D7 8GB 도우정보,"855,000","RTX 5060 Ti / PCIe5.0x16(at x8) / 600W 이상 / 전원 포트 : 8핀 x1 / 가로(길이) : 231mm / 베이스클럭 : 2407 / 부스트클럭 : 2572MHz / OC클럭 : 2632MHz / 스트림 프로세서 : 4608 / 최대 AI TOPS : 759(FP4) / GDDR7 / VRAM 대역폭 : 448 GB/s / 출력단자 : HDMI2.1 , DP2.1 / 지원정보 : 8K 지원 , HDR 지원 , HDCP 2.3 / 사용전력 : 180W / 2팬 / 두께 : 49mm / 제로팬(0-dB기술) / 백플레이트 / LED 라이트 / 오버클럭 물리키",https://img.danuri.io/catalog-image/280/327/124/e86d2c311438447aba23f3fb2716da67.png?shrink=130:130&_v=20261006080542,https://prod.danawa.com/info/?pcode=124327280&cate=112753
344,COLORFUL,COLORFUL iGame 지포스 RTX 5070 ULTRA OC White D7 12GB 피씨디렉트,"1,320,590","RTX 5070 / PCIe5.0x16 / 650W 이상 / 전원 포트 : 16핀(12V2x6) x1 / 가로(길이) : 300.5mm / 베이스클럭 : 2325 / 부스트클럭 : 2512MHz / OC클럭 : 2557MHz / 스트림 프로세서 : 6144 / 최대 AI TOPS : 988(FP4) / GDDR7 / VRAM 대역폭 : 672 GB/s / 출력단자 : HDMI2.1 , DP2.1 / 지원정보 : 8K 지원 , HDR 지원 , HDCP 2.3 / 사용전력 : 250W / 3팬 / 두께 : 50mm / 제로팬(0-dB기술) / 백플레이트 / LED 라이트 / 오버클럭 물리키 / A/S 3년",https://img.danuri.io/catalog-image/722/964/077/719ef882aa31472dacaa138babda924a.jpg?shrink=130:130&_v=20261006140143,https://prod.danawa.com/info/?pcode=77964722&cate=112753
345,COLORFUL,COLORFUL 지포스 RTX 5070 GAMING D7 12GB 피씨디렉트,"1,269,980","RTX 5070 / PCIe5.0x16 / 650W 이상 / 전원 포트 : 16핀(12V2x6) x1 / 가로(길이) : 300mm / 베이스클럭 : 2325 / 부스트클럭 : 2512MHz / 스트림 프로세서 : 6144 / 최대 AI TOPS : 988(FP4) / GDDR7 / VRAM 대역폭 : 672 GB/s / 출력단자 : HDMI2.1 , DP2.1 / 지원정보 : 8K 지원 , HDR 지원 , HDCP 2.3 / 사용전력 : 250W / 3팬 / 두께 : 40.4mm / 제로팬(0-dB기술) / 백플레이트 / LED 라이트 / A/S 3년",https://img.danuri.io/catalog-image/835/725/101/ae7015b55c44483287337406605e7ef0.jpg?shrink=130:130&_v=20261006130738,https://prod.danawa.com/info/?pcode=101725835&cate=112753
346,COLORFUL,COLORFUL iGame 지포스 RTX 5070 ULTRA OC White D7 12GB 도우정보,"1,380,000","RTX 5070 / PCIe5.0x16 / 650W 이상 / 전원 포트 : 16핀(12V2x6) x1 / 가로(길이) : 300.5mm / 베이스클럭 : 2325 / 부스트클럭 : 2512MHz / OC클럭 : 2557MHz / 스트림 프로세서 : 6144 / 최대 AI TOPS : 988(FP4) / GDDR7 / VRAM 대역폭 : 672 GB/s / 출력단자 : HDMI2.1 , DP2.1 / 지원정보 : 8K 지원 , HDR 지원 , HDCP 2.3 / 사용전력 : 260W / 3팬 / 두께 : 50mm / 제로팬(0-dB기술) / 백플레이트 / DrMOS / LED 라이트 / 오버클럭 물리키 / 구성품 : 2x8핀 to 16핀 커넥터 / A/S 3년",https://img.danuri.io/catalog-image/625/711/106/3d54e54f07d34d408ec226b6e09a1757.png?shrink=130:130&_v=20261006135828,https://prod.danawa.com/info/?pcode=106711625&cate=112753
347,COLORFUL,COLORFUL iGame 지포스 RTX 5070 ULTRA OC D7 12GB 도우정보,"1,379,440","RTX 5070 / PCIe5.0x16 / 650W 이상 / 전원 포트 : 16핀(12V2x6) x1 / 가로(길이) : 300.5mm / 베이스클럭 : 2325 / 부스트클럭 : 2512MHz / OC클럭 : 2557MHz / 스트림 프로세서 : 6144 / 최대 AI TOPS : 988(FP4) / GDDR7 / VRAM 대역폭 : 672 GB/s / 출력단자 : HDMI2.1 , DP2.1 / 지원정보 : 8K 지원 , HDR 지원 , HDCP 2.3 / 사용전력 : 250W / 3팬 / 두께 : 50mm / 제로팬(0-dB기술) / 백플레이트 / LED 라이트 / 오버클럭 물리키 / A/S 3년",https://img.danuri.io/catalog-image/332/663/122/d0278e73e7d34d18894e3abd26959d40.png?shrink=130:130&_v=20261006141323,https://prod.danawa.com/info/?pcode=122663332&cate=112753
348,COLORFUL,COLORFUL iGame 지포스 RTX 5070 ULTRA OC D7 12GB 피씨디렉트,"1,326,500","RTX 5070 / PCIe5.0x16 / 650W 이상 / 전원 포트 : 16핀(12V2x6) x1 / 가로(길이) : 300.5mm / 베이스클럭 : 2325 / 부스트클럭 : 2512MHz / OC클럭 : 2557MHz / 스트림 프로세서 : 6144 / 최대 AI TOPS : 988(FP4) / GDDR7 / VRAM 대역폭 : 672 GB/s / 출력단자 : HDMI2.1 , DP2.1 / 지원정보 : 8K 지원 , HDR 지원 , HDCP 2.3 / 사용전력 : 250W / 3팬 / 두께 : 50mm / 제로팬(0-dB기술) / 백플레이트 / LED 라이트 / 오버클럭 물리키 / A/S 3년",https://img.danuri.io/catalog-image/526/636/122/e9037d9a16734d86a5d5b9d4c0bd5665.jpeg?shrink=130:130&_v=20261006125618,https://prod.danawa.com/info/?pcode=122636526&cate=112753
349,COLORFUL,COLORFUL 지포스 RTX 5070 GAMING D7 12GB 도우정보,"1,359,980","RTX 5070 / PCIe5.0x16 / 650W 이상 / 전원 포트 : 16핀(12V2x6) x1 / 가로(길이) : 300mm / 베이스클럭 : 2325 / 부스트클럭 : 2512MHz / 스트림 프로세서 : 6144 / 최대 AI TOPS : 988(FP4) / GDDR7 / VRAM 대역폭 : 672 GB/s / 출력단자 : HDMI2.1 , DP2.1 / 지원정보 : 8K 지원 , HDR 지원 , HDCP 2.3 / 사용전력 : 250W / 3팬 / 두께 : 40.4mm / 제로팬(0-dB기술) / 백플레이트 / DrMOS / 구성품 : 2x8핀 to 16핀 커넥터 / A/S 3년",https://img.danuri.io/catalog-image/105/712/106/341083a41a4d495f92d9d14426984728.jpg?shrink=130:130&_v=20261006080522,https://prod.danawa.com/info/?pcode=106712105&cate=112753
350,COLORFUL,COLORFUL 지포스 RTX 5070 Ti BATTLE AX SFF D7 16GB 피씨디렉트,"1,819,370","RTX 5070 Ti / PCIe5.0x16 / 750W 이상 / 전원 포트 : 16핀(12V2x6) x1 / 가로(길이) : 310.4mm / 베이스클럭 : 2295 / 부스트클럭 : 2452MHz / 스트림 프로세서 : 8960 / 최대 AI TOPS : 1406(FP4) / GDDR7 / VRAM 대역폭 : 896 GB/s / 출력단자 : HDMI2.1 , DP2.1 / 지원정보 : 8K 지원 , HDR 지원 , HDCP 2.3 / 사용전력 : 300W / 3팬 / 두께 : 50mm / 제로팬(0-dB기술) / 백플레이트 / DrMOS / LED 라이트 / 구성품 : 3x8핀 to 16핀 커넥터 / A/S 3년",https://img.danuri.io/catalog-image/262/802/123/8194dd3840f244dc981bf68f92fa1294.jpeg?shrink=130:130&_v=20261006154348,https://prod.danawa.com/info/?pcode=123802262&cate=112753
351,COLORFUL,COLORFUL iGame 지포스 RTX 5070 Ti ULTRA OC SFF D7 16GB 피씨디렉트,"1,868,000","RTX 5070 Ti / PCIe5.0x16 / 750W 이상 / 전원 포트 : 16핀(12V2x6) x1 / 가로(길이) : 300.5mm / 베이스클럭 : 2295 / 부스트클럭 : 2452MHz / OC클럭 : 2497MHz / 스트림 프로세서 : 8960 / 최대 AI TOPS : 1406(FP4) / GDDR7 / VRAM 대역폭 : 896 GB/s / 출력단자 : HDMI2.1 , DP2.1 / 지원정보 : 8K 지원 , HDR 지원 , HDCP 2.3 / 사용전력 : 300W / 전원부 : 10+4+3페이즈 / 3팬 / 두께 : 50mm / 제로팬(0-dB기술) / 백플레이트 / LED 라이트 / 오버클럭 물리키 / 구성품 : 3x8핀 to 16핀 커넥터 / A/S 3년",https://img.danuri.io/catalog-image/149/692/122/95c5b7b7d21042f69a4026beb8d2cfa9.jpeg?shrink=130:130&_v=20261006120138,https://prod.danawa.com/info/?pcode=122692149&cate=112753
352,COLORFUL,COLORFUL iGame 지포스 RTX 5070 Ti ULTRA OC SFF White D7 16GB 피씨디렉트,"1,860,000","RTX 5070 Ti / PCIe5.0x16 / 750W 이상 / 전원 포트 : 16핀(12V2x6) x1 / 가로(길이) : 300.5mm / 베이스클럭 : 2295 / 부스트클럭 : 2452MHz / OC클럭 : 2497MHz / 스트림 프로세서 : 8960 / 최대 AI TOPS : 1406(FP4) / GDDR7 / VRAM 대역폭 : 896 GB/s / 출력단자 : HDMI2.1 , DP2.1 / 지원정보 : 8K 지원 , HDR 지원 , HDCP 2.3 / 사용전력 : 300W / 전원부 : 10+4+3페이즈 / 3팬 / 두께 : 50mm / 제로팬(0-dB기술) / 백플레이트 / LED 라이트 / 오버클럭 물리키 / 구성품 : 3x8핀 to 16핀 커넥터 / A/S 3년",https://img.danuri.io/catalog-image/186/724/122/1ce35c0c193b4ff580a992c4f8bb7e96.jpeg?shrink=130:130&_v=20261006154618,https://prod.danawa.com/info/?pcode=122724186&cate=112753
353,COLORFUL,COLORFUL iGame 지포스 RTX 5070 Ti ULTRA OC SFF White D7 16GB 도우정보,"1,930,000","RTX 5070 Ti / PCIe5.0x16 / 750W 이상 / 전원 포트 : 16핀(12V2x6) x1 / 가로(길이) : 300.5mm / 베이스클럭 : 2295 / 부스트클럭 : 2452MHz / OC클럭 : 2497MHz / 스트림 프로세서 : 8960 / 최대 AI TOPS : 1406(FP4) / GDDR7 / VRAM 대역폭 : 896 GB/s / 출력단자 : HDMI2.1 , DP2.1 / 지원정보 : 8K 지원 , HDR 지원 , HDCP 2.3 / 사용전력 : 300W / 전원부 : 10+4+3페이즈 / 3팬 / 두께 : 50mm / 제로팬(0-dB기술) / 백플레이트 / LED 라이트 / 오버클럭 물리키 / 구성품 : 3x8핀 to 16핀 커넥터 / A/S 3년",https://img.danuri.io/catalog-image/806/537/123/650946a356a2460793cefb08f7a49947.png?shrink=130:130&_v=20261006154124,https://prod.danawa.com/info/?pcode=123537806&cate=112753
354,COLORFUL,COLORFUL 지포스 RTX 5070 Ti BATTLE AX SFF D7 16GB 도우정보,"1,910,000","RTX 5070 Ti / PCIe5.0x16 / 750W 이상 / 전원 포트 : 16핀(12V2x6) x1 / 가로(길이) : 310.4mm / 베이스클럭 : 2295 / 부스트클럭 : 2452MHz / 스트림 프로세서 : 8960 / 최대 AI TOPS : 1406(FP4) / GDDR7 / VRAM 대역폭 : 896 GB/s / 출력단자 : HDMI2.1 , DP2.1 / 지원정보 : 8K 지원 , HDR 지원 , HDCP 2.3 / 사용전력 : 300W / 3팬 / 두께 : 50mm / 제로팬(0-dB기술) / 백플레이트 / DrMOS / LED 라이트 / 구성품 : 3x8핀 to 16핀 커넥터 / A/S 3년",https://img.danuri.io/catalog-image/433/860/123/c2b0dd7dcc94409687db1e2b3ca335e9.png?shrink=130:130&_v=20261006135823,https://prod.danawa.com/info/?pcode=123860433&cate=112753
355,COLORFUL,COLORFUL iGame 지포스 RTX 5070 Ti ULTRA OC White D7 16GB 피씨디렉트,"1,878,520","RTX 5070 Ti / PCIe5.0x16 / 750W 이상 / 전원 포트 : 16핀(12V2x6) x1 / 가로(길이) : 331mm / 베이스클럭 : 2295 / 부스트클럭 : 2452MHz / OC클럭 : 2497MHz / 스트림 프로세서 : 8960 / 최대 AI TOPS : 1406(FP4) / GDDR7 / VRAM 대역폭 : 896 GB/s / 출력단자 : HDMI2.1 , DP2.1 / 지원정보 : 8K 지원 , HDR 지원 , HDCP 2.3 / 사용전력 : 300W / 전원부 : 10+4+3페이즈 / 3팬 / 두께 : 59.7mm / 제로팬(0-dB기술) / 백플레이트 / LED 라이트 / 오버클럭 물리키 / 구성품 : 3x8핀 to 16핀 커넥터 / A/S 3년",https://img.danuri.io/catalog-image/060/511/076/0bc0d674d2e14658812a9fa4e96f721c.jpeg?shrink=130:130&_v=20261006150459,https://prod.danawa.com/info/?pcode=76511060&cate=112753
356,COLORFUL,COLORFUL iGame 지포스 RTX 5070 Ti ULTRA OC SFF D7 16GB 도우정보,"1,930,000","RTX 5070 Ti / PCIe5.0x16 / 750W 이상 / 전원 포트 : 16핀(12V2x6) x1 / 가로(길이) : 300.5mm / 베이스클럭 : 2295 / 부스트클럭 : 2452MHz / OC클럭 : 2497MHz / 스트림 프로세서 : 8960 / 최대 AI TOPS : 1406(FP4) / GDDR7 / VRAM 대역폭 : 896 GB/s / 출력단자 : HDMI2.1 , DP2.1 / 지원정보 : 8K 지원 , HDR 지원 , HDCP 2.3 / 사용전력 : 300W / 전원부 : 10+4+3페이즈 / 3팬 / 두께 : 50mm / 제로팬(0-dB기술) / 백플레이트 / LED 라이트 / 오버클럭 물리키 / 구성품 : 3x8핀 to 16핀 커넥터 / A/S 3년",https://img.danuri.io/catalog-image/734/709/122/7f86e01736b647e4bca37ce3ad2bd99d.png?shrink=130:130&_v=20261006151103,https://prod.danawa.com/info/?pcode=122709734&cate=112753
357,COLORFUL,COLORFUL 지포스 RTX 5070 Ti 토마호크 EX D7 16GB 피씨디렉트,"2,005,760","RTX 5070 Ti / PCIe5.0x16 / 750W 이상 / 전원 포트 : 16핀(12V2x6) x1 / 가로(길이) : 330.6mm / 베이스클럭 : 2295 / 부스트클럭 : 2452MHz / 스트림 프로세서 : 8960 / 최대 AI TOPS : 1406(FP4) / GDDR7 / VRAM 대역폭 : 896 GB/s / 출력단자 : HDMI2.1 , DP2.1 / 지원정보 : 8K 지원 , HDR 지원 , HDCP 2.3 / 사용전력 : 300W / 3팬 / 두께 : 60mm / 제로팬(0-dB기술) / 백플레이트 / LED 라이트 / 구성품 : VGA지지대 / A/S 3년",https://img.danuri.io/catalog-image/113/379/077/5dc1b0618edf40b1aa1fd505e3e500e3.jpg?shrink=130:130&_v=20261006080705,https://prod.danawa.com/info/?pcode=77379113&cate=112753
358,COLORFUL,COLORFUL iGame 지포스 RTX 5070 Ti ULTRA OC White D7 16GB 도우정보,"1,930,000","RTX 5070 Ti / PCIe5.0x16 / 750W 이상 / 전원 포트 : 16핀(12V2x6) x1 / 가로(길이) : 331mm / 베이스클럭 : 2295 / 부스트클럭 : 2452MHz / OC클럭 : 2497MHz / 스트림 프로세서 : 8960 / 최대 AI TOPS : 1406(FP4) / GDDR7 / VRAM 대역폭 : 896 GB/s / 출력단자 : HDMI2.1 , DP2.1 / 지원정보 : 8K 지원 , HDR 지원 , HDCP 2.3 / 사용전력 : 300W / 전원부 : 10+4+3페이즈 / 3팬 / 두께 : 59.7mm / 제로팬(0-dB기술) / 백플레이트 / DrMOS / LED 라이트 / 오버클럭 물리키 / 구성품 : 3x8핀 to 16핀 커넥터 / A/S 3년",https://img.danuri.io/catalog-image/598/711/106/8d447ce149734b88882408488c3b3bec.png?shrink=130:130&_v=20261006110204,https://prod.danawa.com/info/?pcode=106711598&cate=112753
359,COLORFUL,COLORFUL 지포스 RTX 5070 Ti BATTLE AX D7 16GB 도우정보,"1,910,000","RTX 5070 Ti / PCIe5.0x16 / 750W 이상 / 전원 포트 : 16핀(12V2x6) x1 / 가로(길이) : 330.6mm / 베이스클럭 : 2295 / 부스트클럭 : 2452MHz / 스트림 프로세서 : 8960 / 최대 AI TOPS : 1406(FP4) / GDDR7 / VRAM 대역폭 : 896 GB/s / 출력단자 : HDMI2.1 , DP2.1 / 지원정보 : 8K 지원 , HDR 지원 , HDCP 2.3 / 사용전력 : 300W / 3팬 / 두께 : 60mm / 제로팬(0-dB기술) / 백플레이트 / DrMOS / LED 라이트 / 구성품 : 3x8핀 to 16핀 커넥터 / A/S 3년",https://img.danuri.io/catalog-image/255/712/106/1e30cd21fb304261929678fd3b210f99.jpg?shrink=130:130&_v=20261006080431,https://prod.danawa.com/info/?pcode=106712255&cate=112753
360,COLORFUL,COLORFUL iGame 지포스 RTX 5080 ULTRA OC  D7 16GB 도우정보,"2,496,610","RTX 5080 / PCIe5.0x16 / 850W 이상 / 전원 포트 : 16핀(12V2x6) x1 / 가로(길이) : 331mm / 베이스클럭 : 2295 / 부스트클럭 : 2617MHz / OC클럭 : 2655MHz / 스트림 프로세서 : 10752 / 최대 AI TOPS : 1801(FP4) / GDDR7 / VRAM 대역폭 : 960 GB/s / 출력단자 : HDMI2.1 , DP2.1 / 지원정보 : 8K 지원 , HDR 지원 , HDCP 2.3 / 사용전력 : 380W / 전원부 : 10+4+3페이즈 / 3팬 / 두께 : 59.7mm / 제로팬(0-dB기술) / 백플레이트 / A/S 3년",https://img.danuri.io/catalog-image/745/709/122/028c8f4b72034a169a1f3684a25c5360.png?shrink=130:130&_v=20261006080445,https://prod.danawa.com/info/?pcode=122709745&cate=112753
361,COLORFUL,COLORFUL iGame 지포스 RTX 5080 ULTRA OC White D7 16GB 피씨디렉트,"2,382,000","RTX 5080 / PCIe5.0x16 / 850W 이상 / 전원 포트 : 16핀(12V2x6) x1 / 가로(길이) : 331mm / 베이스클럭 : 2295 / 부스트클럭 : 2617MHz / OC클럭 : 2655MHz / 스트림 프로세서 : 10752 / 최대 AI TOPS : 1801(FP4) / GDDR7 / VRAM 대역폭 : 960 GB/s / 출력단자 : HDMI2.1 , DP2.1 / 지원정보 : 8K 지원 , HDR 지원 , HDCP 2.3 / 사용전력 : 380W / 전원부 : 10+4+3페이즈 / 3팬 / 두께 : 59.7mm / 제로팬(0-dB기술) / 백플레이트 / A/S 3년",https://img.danuri.io/catalog-image/255/536/075/4e06317149fc46a59c44edd8fbfcba80.jpg?shrink=130:130&_v=20261006144023,https://prod.danawa.com/info/?pcode=75536255&cate=112753
362,COLORFUL,COLORFUL iGame 지포스 RTX 5080 ULTRA OC V2 D7 16GB 피씨디렉트,"2,381,990","RTX 5080 / PCIe5.0x16 / 850W 이상 / 전원 포트 : 16핀(12V2x6) x1 / 가로(길이) : 331mm / 베이스클럭 : 2295 / 부스트클럭 : 2617MHz / OC클럭 : 2655MHz / 스트림 프로세서 : 10752 / 최대 AI TOPS : 1801(FP4) / GDDR7 / VRAM 대역폭 : 960 GB/s / 출력단자 : HDMI2.1 , DP2.1 / 지원정보 : 8K 지원 , HDR 지원 , HDCP 2.3 / 사용전력 : 380W / 전원부 : 10+4+3페이즈 / 3팬 / 두께 : 59.7mm / 제로팬(0-dB기술) / 백플레이트 / A/S 3년",https://img.danuri.io/catalog-image/119/692/122/a209a841d29f4b64b8cad13fa0f7abd6.jpeg?shrink=130:130&_v=20261006145433,https://prod.danawa.com/info/?pcode=122692119&cate=112753
363,COLORFUL,COLORFUL iGame 지포스 RTX 5080 Vulcan OC D7 16GB 피씨디렉트,"3,540,000","RTX 5080 / PCIe5.0x16 / 850W 이상 / 전원 포트 : 16핀(12V2x6) x1 / 가로(길이) : 360mm / 베이스클럭 : 2295 / 부스트클럭 : 2617MHz / OC클럭 : 2695MHz / 스트림 프로세서 : 10752 / 최대 AI TOPS : 1801(FP4) / GDDR7 / VRAM 대역폭 : 960 GB/s / 출력단자 : HDMI2.1 , DP2.1 / 지원정보 : 8K 지원 , HDR 지원 , HDCP 2.3 / 사용전력 : 400W / 전원부 : 14+4+3페이즈 / 3팬 / 두께 : 71mm / 제로팬(0-dB기술) / 백플레이트 / LED 라이트 / LCD 모니터링 / 구성품 : VGA지지대 , 3x8핀 to 16핀 커넥터 / A/S 3년",https://img.danuri.io/catalog-image/576/508/076/0a2949daffd34a97817b1354016ee5ca.jpg?shrink=130:130&_v=20261006080431,https://prod.danawa.com/info/?pcode=76508576&cate=112753
364,COLORFUL,COLORFUL iGame 지포스 RTX 5080 ULTRA OC White D7 16GB 도우정보,"2,553,600","RTX 5080 / PCIe5.0x16 / 850W 이상 / 전원 포트 : 16핀(12V2x6) x1 / 가로(길이) : 331mm / 베이스클럭 : 2295 / 부스트클럭 : 2617MHz / OC클럭 : 2655MHz / 스트림 프로세서 : 10752 / 최대 AI TOPS : 1801(FP4) / GDDR7 / VRAM 대역폭 : 960 GB/s / 출력단자 : HDMI2.1 , DP2.1 / 지원정보 : 8K 지원 , HDR 지원 , HDCP 2.3 / 사용전력 : 380W / 전원부 : 10+4+3페이즈 / 3팬 / 두께 : 59.7mm / 제로팬(0-dB기술) / 백플레이트 / DrMOS / LED 라이트 / 오버클럭 물리키 / 구성품 : 3x8핀 to 16핀 커넥터 / A/S 3년",https://img.danuri.io/catalog-image/012/712/106/b3c931a216bd42feaeee46625f39b6f0.png?shrink=130:130&_v=20261006080542,https://prod.danawa.com/info/?pcode=106712012&cate=112753
365,COLORFUL,COLORFUL iGame 지포스 RTX 5080 VULCAN OC D7 16GB 도우정보,"2,750,000","RTX 5080 / PCIe5.0x16 / 850W 이상 / 전원 포트 : 16핀(12V2x6) x1 / 가로(길이) : 360mm / 베이스클럭 : 2295 / 부스트클럭 : 2617MHz / OC클럭 : 2695MHz / 스트림 프로세서 : 10752 / 최대 AI TOPS : 1801(FP4) / GDDR7 / VRAM 대역폭 : 960 GB/s / 출력단자 : HDMI2.1 , DP2.1 / 지원정보 : 8K 지원 , HDR 지원 , HDCP 2.3 / 사용전력 : 400W / 전원부 : 14+4+3페이즈 / 3팬 / 두께 : 71mm / 제로팬(0-dB기술) / 백플레이트 / LED 라이트 / LCD 모니터링 / 구성품 : VGA지지대 , 3x8핀 to 16핀 커넥터 / A/S 3년",https://img.danuri.io/catalog-image/758/663/122/51568a655c724929932e05e8ededb5df.png?shrink=130:130&_v=20261006080705,https://prod.danawa.com/info/?pcode=122663758&cate=112753
366,이엠텍,이엠텍 지포스 GTX 1660 SUPER MIRACLE II D6 6GB,"310,000","GTX 1660 SUPER / PCIe3.0x16 / 450W 이상 / 전원 포트 : 8핀 x1 / 가로(길이) : 220mm / 베이스클럭 : 1530 / 부스트클럭 : 1785MHz / 스트림 프로세서 : 1408 / GDDR6 / 출력단자 : HDMI2.0 , DP1.4 , DVI(듀얼링크) / 지원정보 : 8K 지원 , HDR 지원 , HDCP 지원 / 사용전력 : 최대 125W / 2팬 / 두께 : 45mm / 제로팬(0-dB기술) / 백플레이트 / A/S 3년 / 23년 11월 부로 0-db 기술 지원 추가",https://img.danuri.io/catalog-image/216/767/018/5918c8f43d2a4e0abd5e45851de7d33f.jpg?shrink=130:130&_v=20261006080705,https://prod.danawa.com/info/?pcode=18767216&cate=112753
367,이엠텍,이엠텍 지포스 RTX 2060 STORM X Dual BASIC D6 12GB,"239,800","RTX 2060 / PCIe3.0x16 / 550W 이상 / 전원 포트 : 8핀 x1 / 가로(길이) : 235mm / 베이스클럭 : 1470 / 부스트클럭 : 1650MHz / 스트림 프로세서 : 2176 / GDDR6 / 출력단자 : HDMI2.0 , DP1.4 , DVI(듀얼링크) / 지원정보 : 8K 지원 , HDR 지원 , HDCP 지원 / 사용전력 : 최대 184W / 전원부 : 4+2페이즈 / 2팬 / 두께 : 40mm / 백플레이트 / DrMOS / A/S 3년",https://img.danuri.io/catalog-image/003/941/015/d81711f8932e4430a508fb539dbcd935.jpg?shrink=130:130&_v=20261006080431,https://prod.danawa.com/info/?pcode=15941003&cate=112753
368,이엠텍,이엠텍 지포스 RTX 3050 MIRACLE WHITE D6 6GB,"389,230","RTX 3050 / PCIe4.0x16(at x8) / 300W 이상 / 전원 포트 : 없음 / 가로(길이) : 187mm / 베이스클럭 : 1042 / 부스트클럭 : 1470MHz / 스트림 프로세서 : 2304 / GDDR6 / 출력단자 : HDMI2.1 , DP1.4 , DVI(듀얼링크) / 지원정보 : 8K 지원 , HDR 지원 , HDCP 2.3 / 사용전력 : 70W / 2팬 / 두께 : 40mm / 백플레이트 / A/S 3년",https://img.danuri.io/catalog-image/323/287/037/8b220c8c41e9439b9f4016b328686d78.jpg?shrink=130:130&_v=20261006080523,https://prod.danawa.com/info/?pcode=37287323&cate=112753
369,이엠텍,이엠텍 지포스 RTX 4060 Ti STORM X Dual OC D6 8GB,"2,697,030","RTX 4060 Ti / PCIe4.0x16(at x8) / 650W 이상 / 전원 포트 : 8핀 x1 / 가로(길이) : 249.9mm / 베이스클럭 : 2310 / 부스트클럭 : 2685MHz / 스트림 프로세서 : 4352 / 최대 AI TOPS : 353(sparsity) / GDDR6 / 출력단자 : HDMI2.1 , DP1.4 / 지원정보 : 8K 지원 , HDR 지원 , HDCP 2.3 / 사용전력 : 160W / 2팬 / 두께 : 40.1mm / 제로팬(0-dB기술) / 백플레이트 / DrMOS / LED 라이트 / ThunderMaster / A/S 3년",https://img.danuri.io/catalog-image/764/274/020/6bdc8a661c7e4419a8a6112e18ccdbfa.jpg?shrink=130:130&_v=20261006080523,https://prod.danawa.com/info/?pcode=20274764&cate=112753
370,이엠텍,이엠텍 지포스 RTX 4080 SUPER BLACK STORM OC D6X 16GB,"4,472,470","RTX 4080 SUPER / PCIe4.0x16 / 850W 이상 / 전원 포트 : 16핀(12VHPWR) x1 / 가로(길이) : 328.9mm / 베이스클럭 : 2295 / 부스트클럭 : 2580MHz / 스트림 프로세서 : 10240 / 최대 AI TOPS : 836(sparsity) / GDDR6X / VRAM 대역폭 : 736 GB/s / 출력단자 : HDMI2.1 , DP1.4 / 지원정보 : 8K 지원 , HDR 지원 , HDCP 2.3 / 사용전력 : 320W / 3팬 / 두께 : 63.5mm / 제로팬(0-dB기술) / 백플레이트 / DrMOS / 구성품 : 2x8핀 to 16핀 커넥터 / A/S 3년",https://img.danuri.io/catalog-image/666/989/033/c823071911784485af3bd07c716d6f05.jpg?shrink=130:130&_v=20261006080541,https://prod.danawa.com/info/?pcode=33989666&cate=112753
371,이엠텍,이엠텍 지포스 RTX 4080 SUPER GAMING PRO D6X 16GB,"4,472,470","RTX 4080 SUPER / PCIe4.0x16 / 850W 이상 / 전원 포트 : 16핀(12VHPWR) x1 / 가로(길이) : 328.9mm / 베이스클럭 : 2295 / 부스트클럭 : 2550MHz / 스트림 프로세서 : 10240 / 최대 AI TOPS : 836(sparsity) / GDDR6X / VRAM 대역폭 : 736 GB/s / 출력단자 : HDMI2.1 , DP1.4 / 지원정보 : 8K 지원 , HDR 지원 , HDCP 2.3 / 사용전력 : 320W / 3팬 / 두께 : 63.4mm / 제로팬(0-dB기술) / 백플레이트 / DrMOS / LED 라이트 / ThunderMaster / 구성품 : 2x8핀 to 16핀 커넥터 / A/S 3년",https://img.danuri.io/catalog-image/591/989/033/409effa51cad42ca8f6ac2e7b6a30900.jpg?shrink=130:130&_v=20261005080429,https://prod.danawa.com/info/?pcode=33989591&cate=112753
372,이엠텍,이엠텍 지포스 RTX 5050 MIRACLE WHITE D6 8GB,"871,830","RTX 5050 / PCIe5.0x16(at x8) / 550W 이상 / 전원 포트 : 8핀 x1 / 가로(길이) : 250mm / 베이스클럭 : 2317 / 부스트클럭 : 2572MHz / 스트림 프로세서 : 2560 / 최대 AI TOPS : 421(FP4) / GDDR6 / 출력단자 : HDMI2.1 , DP2.1 / 지원정보 : 8K 지원 , HDR 지원 , HDCP 2.3 / 2팬 / 두께 : 45mm / 제로팬(0-dB기술) / 백플레이트 / DrMOS / A/S 3년",https://img.danuri.io/catalog-image/477/987/095/6274f9ca1bbe493eb6f80b5f7d521cc0.jpg?shrink=130:130&_v=20261006080445,https://prod.danawa.com/info/?pcode=95987477&cate=112753
373,이엠텍,이엠텍 지포스 RTX 5060 MIRACLE WHITE D7 8GB,"731,800","RTX 5060 / PCIe5.0x16(at x8) / 550W 이상 / 전원 포트 : 8핀 x1 / 가로(길이) : 250mm / 베이스클럭 : 2280 / 부스트클럭 : 2497MHz / 스트림 프로세서 : 3840 / 최대 AI TOPS : 614(FP4) / GDDR7 / 출력단자 : HDMI2.1 , DP2.1 / 지원정보 : 8K 지원 , HDR 지원 , HDCP 2.3 / 사용전력 : 145W / 2팬 / 두께 : 45mm / 제로팬(0-dB기술) / 백플레이트 / DrMOS / LED 라이트 / A/S 3년 / 25년 9월부로 측면 고정LED 변경",https://img.danuri.io/catalog-image/253/044/092/3e89f674e71544119f1a74803441245b.jpeg?shrink=130:130&_v=20261006102649,https://prod.danawa.com/info/?pcode=92044253&cate=112753
374,이엠텍,이엠텍 지포스 RTX 5060 Ti MIRACLE X2 WHITE D7 8GB,"813,490","RTX 5060 Ti / PCIe5.0x16(at x8) / 600W 이상 / 전원 포트 : 8핀 x1 / 가로(길이) : 250mm / 베이스클럭 : 2407 / 부스트클럭 : 2572MHz / 스트림 프로세서 : 4608 / 최대 AI TOPS : 759(FP4) / GDDR7 / 출력단자 : HDMI2.1 , DP2.1 / 지원정보 : 8K 지원 , HDR 지원 , HDCP 2.3 / 2팬 / 두께 : 45mm / 제로팬(0-dB기술) / 백플레이트 / DrMOS / A/S 3년",https://img.danuri.io/catalog-image/702/776/096/4b75a4fa1b984ca7836672ae6c6f4399.jpg?shrink=130:130&_v=20261006132923,https://prod.danawa.com/info/?pcode=96776702&cate=112753
375,이엠텍,이엠텍 지포스 RTX 5070 MIRACLE WHITE D7 12GB,"1,415,000","RTX 5070 / PCIe5.0x16 / 650W 이상 / 전원 포트 : 16핀(12V2x6) x1 / 가로(길이) : 329mm / 베이스클럭 : 2325 / 부스트클럭 : 2512MHz / 스트림 프로세서 : 6144 / 최대 AI TOPS : 988(FP4) / GDDR7 / VRAM 대역폭 : 672 GB/s / 출력단자 : HDMI2.1 , DP2.1 / 지원정보 : 8K 지원 , HDR 지원 , HDCP 2.3 / 3팬 / 두께 : 45mm / 제로팬(0-dB기술) / 백플레이트 / DrMOS / LED 라이트 / 구성품 : 2x8핀 to 16핀 커넥터 / A/S 3년",https://img.danuri.io/catalog-image/861/842/078/7906fe843a0c4c679d126100bef0f000.jpg?shrink=130:130&_v=20261006080522,https://prod.danawa.com/info/?pcode=78842861&cate=112753
376,이엠텍,이엠텍 지포스 RTX 5070 Ti MIRACLE WHITE D7 16GB,"2,100,000","RTX 5070 Ti / PCIe5.0x16 / 750W 이상 / 전원 포트 : 16핀(12V2x6) x1 / 가로(길이) : 348mm / 베이스클럭 : 2295 / 부스트클럭 : 2452MHz / 스트림 프로세서 : 8960 / 최대 AI TOPS : 1406(FP4) / GDDR7 / VRAM 대역폭 : 896 GB/s / 출력단자 : HDMI2.1 , DP2.1 / 지원정보 : 8K 지원 , HDR 지원 , HDCP 2.3 / 3팬 / 두께 : 62mm / 제로팬(0-dB기술) / 백플레이트 / DrMOS / LED 라이트 / ThunderMaster / 구성품 : VGA지지대 , 2x8핀 to 16핀 커넥터 / A/S 3년",https://img.danuri.io/catalog-image/520/020/077/fb03d82a7df149a09410e172ef242251.jpg?shrink=130:130&_v=20261006080541,https://prod.danawa.com/info/?pcode=77020520&cate=112753
377,이엠텍,이엠텍 지포스 RTX 5080 MIRACLE WHITE D7 16GB,"2,509,050","RTX 5080 / PCIe5.0x16 / 850W 이상 / 전원 포트 : 16핀(12V2x6) x1 / 가로(길이) : 348mm / 베이스클럭 : 2295 / 부스트클럭 : 2617MHz / 스트림 프로세서 : 10752 / 최대 AI TOPS : 1801(FP4) / GDDR7 / VRAM 대역폭 : 960 GB/s / 출력단자 : HDMI2.1 , DP2.1 / 사용전력 : 360W / 3팬 / 두께 : 62mm / 제로팬(0-dB기술) / 백플레이트 / DrMOS / LED 라이트 / 구성품 : VGA지지대 , 3x8핀 to 16핀 커넥터 / A/S 3년",https://img.danuri.io/catalog-image/971/074/076/a6589326d5414c63811ec96f872ed03d.jpg?shrink=130:130&_v=20261006153523,https://prod.danawa.com/info/?pcode=76074971&cate=112753
