번호,제품명,용량,가격,세부스펙,이미지,상품주소
1,ESSENCORE KLEVV CRAS C910G M.2 NVMe,4TB,"945,790","M.2 (2280) / PCIe4.0x4 (64GT/s) / TLC / 컨트롤러 : 기타 / [성능] 순차읽기 : 5,000MB/s / 순차쓰기 : 4,800MB/s / 읽기IOPS : 620K / 쓰기IOPS : 615K / [지원기능] TRIM / S.M.A.R.T / SLC캐싱 / HMB / ECC / AES 암호화 / 전용 S/W / [환경특성] TBW : 700TB / A/S기간 : 5년 , 제한보증 / 방열판 포함 / 두께 : 2.8mm / 10g",https://img.danuri.io/catalog-image/505/242/098/176951fa462a47c4aad23a32c0f868dc.jpg?shrink=130:130&_v=20261006161433,https://prod.danawa.com/info/?pcode=98242550&cate=112760
2,ESSENCORE KLEVV CRAS C910G M.2 NVMe,2TB,"498,900","M.2 (2280) / PCIe4.0x4 (64GT/s) / TLC / 컨트롤러 : 기타 / [성능] 순차읽기 : 5,000MB/s / 순차쓰기 : 4,800MB/s / 읽기IOPS : 620K / 쓰기IOPS : 615K / [지원기능] TRIM / S.M.A.R.T / SLC캐싱 / HMB / ECC / AES 암호화 / 전용 S/W / [환경특성] TBW : 700TB / A/S기간 : 5년 , 제한보증 / 방열판 포함 / 두께 : 2.8mm / 10g",https://img.danuri.io/catalog-image/505/242/098/176951fa462a47c4aad23a32c0f868dc.jpg?shrink=130:130&_v=20261006161433,https://prod.danawa.com/info/?pcode=98242532&cate=112760
3,ESSENCORE KLEVV CRAS C910G M.2 NVMe,1TB,"287,980","M.2 (2280) / PCIe4.0x4 (64GT/s) / TLC / 컨트롤러 : 기타 / [성능] 순차읽기 : 5,000MB/s / 순차쓰기 : 4,800MB/s / 읽기IOPS : 620K / 쓰기IOPS : 615K / [지원기능] TRIM / S.M.A.R.T / SLC캐싱 / HMB / ECC / AES 암호화 / 전용 S/W / [환경특성] TBW : 700TB / A/S기간 : 5년 , 제한보증 / 방열판 포함 / 두께 : 2.8mm / 10g",https://img.danuri.io/catalog-image/505/242/098/176951fa462a47c4aad23a32c0f868dc.jpg?shrink=130:130&_v=20261006161433,https://prod.danawa.com/info/?pcode=98242505&cate=112760
4,ESSENCORE KLEVV CRAS C910G M.2 NVMe,500GB,"171,900","M.2 (2280) / PCIe4.0x4 (64GT/s) / TLC / 컨트롤러 : 기타 / [성능] 순차읽기 : 5,000MB/s / 순차쓰기 : 4,800MB/s / 읽기IOPS : 620K / 쓰기IOPS : 615K / [지원기능] TRIM / S.M.A.R.T / SLC캐싱 / HMB / ECC / AES 암호화 / 전용 S/W / [환경특성] TBW : 700TB / A/S기간 : 5년 , 제한보증 / 방열판 포함 / 두께 : 2.8mm / 10g",https://img.danuri.io/catalog-image/505/242/098/176951fa462a47c4aad23a32c0f868dc.jpg?shrink=130:130&_v=20261006161433,https://prod.danawa.com/info/?pcode=98242472&cate=112760
5,ADATA LEGEND 900 M.2 NVMe 파인인포,2TB,"525,000","M.2 (2280) / PCIe4.0x4 (64GT/s) / 컨트롤러 : 기타 / [성능] 순차읽기 : 6,200MB/s / 순차쓰기 : 2,300MB/s / [지원기능] HMB / ECC / SLC캐싱 / S.M.A.R.T / 전용 S/W / AES 암호화 / [환경특성] MTBF : 150만 / TBW : 300TB / PS5 호환 / A/S기간 : 5년 , 제한보증 / 방열판 포함 / 두께 : 3.35mm",https://img.danuri.io/catalog-image/061/402/079/4bd9b19be5b04b4497036ebdb3814e2b.jpg?shrink=130:130&_v=20261006152548,https://prod.danawa.com/info/?pcode=79402016&cate=112760
6,ADATA LEGEND 900 M.2 NVMe 파인인포,1TB,"284,990","M.2 (2280) / PCIe4.0x4 (64GT/s) / 컨트롤러 : 기타 / [성능] 순차읽기 : 6,200MB/s / 순차쓰기 : 2,300MB/s / [지원기능] HMB / ECC / SLC캐싱 / S.M.A.R.T / 전용 S/W / AES 암호화 / [환경특성] MTBF : 150만 / TBW : 300TB / PS5 호환 / A/S기간 : 5년 , 제한보증 / 방열판 포함 / 두께 : 3.35mm",https://img.danuri.io/catalog-image/061/402/079/4bd9b19be5b04b4497036ebdb3814e2b.jpg?shrink=130:130&_v=20261006152548,https://prod.danawa.com/info/?pcode=79402034&cate=112760
7,ADATA LEGEND 900 M.2 NVMe 파인인포,512GB,"178,750","M.2 (2280) / PCIe4.0x4 (64GT/s) / 컨트롤러 : 기타 / [성능] 순차읽기 : 6,200MB/s / 순차쓰기 : 2,300MB/s / [지원기능] HMB / ECC / SLC캐싱 / S.M.A.R.T / 전용 S/W / AES 암호화 / [환경특성] MTBF : 150만 / TBW : 300TB / PS5 호환 / A/S기간 : 5년 , 제한보증 / 방열판 포함 / 두께 : 3.35mm",https://img.danuri.io/catalog-image/061/402/079/4bd9b19be5b04b4497036ebdb3814e2b.jpg?shrink=130:130&_v=20261006152548,https://prod.danawa.com/info/?pcode=79402061&cate=112760
8,삼성전자 9100 PRO M.2 NVMe,4TB,"1,641,520","M.2 (2280) / PCIe5.0x4 (128GT/s) / TLC(토글) / DRAM 탑재 / DDR4 1GB / 컨트롤러 : 삼성 Presto / [성능] 순차읽기 : 14,700MB/s / 순차쓰기 : 13,300MB/s / 읽기IOPS : 1,850K / 쓰기IOPS : 2,600K / [지원기능] DEVSLP / TRIM / SLC캐싱 / GC / S.M.A.R.T / AES 암호화 / 전용 S/W / [환경특성] MTBF : 150만 / TBW : 600TB / SLC : 114GB / PS5 호환 / A/S기간 : 5년 , 제한보증 / 방열판 미포함 / 두께 : 2.38mm / 9g",https://img.danuri.io/catalog-image/702/716/078/74cc0bb123cc4ed88bb8437dc6020554.jpg?shrink=130:130&_v=20261006131143,https://prod.danawa.com/info/?pcode=78716759&cate=112760
9,삼성전자 9100 PRO M.2 NVMe,2TB,"929,510","M.2 (2280) / PCIe5.0x4 (128GT/s) / TLC(토글) / DRAM 탑재 / DDR4 1GB / 컨트롤러 : 삼성 Presto / [성능] 순차읽기 : 14,700MB/s / 순차쓰기 : 13,300MB/s / 읽기IOPS : 1,850K / 쓰기IOPS : 2,600K / [지원기능] DEVSLP / TRIM / SLC캐싱 / GC / S.M.A.R.T / AES 암호화 / 전용 S/W / [환경특성] MTBF : 150만 / TBW : 600TB / SLC : 114GB / PS5 호환 / A/S기간 : 5년 , 제한보증 / 방열판 미포함 / 두께 : 2.38mm / 9g",https://img.danuri.io/catalog-image/702/716/078/74cc0bb123cc4ed88bb8437dc6020554.jpg?shrink=130:130&_v=20261006131143,https://prod.danawa.com/info/?pcode=78716720&cate=112760
10,삼성전자 9100 PRO M.2 NVMe,1TB,"429,800","M.2 (2280) / PCIe5.0x4 (128GT/s) / TLC(토글) / DRAM 탑재 / DDR4 1GB / 컨트롤러 : 삼성 Presto / [성능] 순차읽기 : 14,700MB/s / 순차쓰기 : 13,300MB/s / 읽기IOPS : 1,850K / 쓰기IOPS : 2,600K / [지원기능] DEVSLP / TRIM / SLC캐싱 / GC / S.M.A.R.T / AES 암호화 / 전용 S/W / [환경특성] MTBF : 150만 / TBW : 600TB / SLC : 114GB / PS5 호환 / A/S기간 : 5년 , 제한보증 / 방열판 미포함 / 두께 : 2.38mm / 9g",https://img.danuri.io/catalog-image/702/716/078/74cc0bb123cc4ed88bb8437dc6020554.jpg?shrink=130:130&_v=20261006131143,https://prod.danawa.com/info/?pcode=78716702&cate=112760
11,삼성전자 990 PRO M.2 NVMe,4TB,"1,398,890","M.2 (2280) / PCIe4.0x4 (64GT/s) / TLC(토글) / DRAM 탑재 / DDR4 2GB / 컨트롤러 : 삼성 Pascal / [성능] 순차읽기 : 7,450MB/s / 순차쓰기 : 6,900MB/s / 읽기IOPS : 1,400K / 쓰기IOPS : 1,550K / [지원기능] TRIM / S.M.A.R.T / SLC캐싱 / GC / DEVSLP / AES 암호화 / 전용 S/W / [환경특성] MTBF : 150만 / TBW : 1,200TB / SLC : 226GB / PS5 호환 / A/S기간 : 5년 , 제한보증 / 방열판 미포함 / 두께 : 2.3mm / 9g",https://img.danuri.io/catalog-image/722/297/018/86053af7566c43d8b3c56da85d1ac491.jpg?shrink=130:130&_v=20261006170103,https://prod.danawa.com/info/?pcode=28131875&cate=112760
12,삼성전자 990 PRO M.2 NVMe,2TB,"653,790","M.2 (2280) / PCIe4.0x4 (64GT/s) / TLC(토글) / DRAM 탑재 / DDR4 2GB / 컨트롤러 : 삼성 Pascal / [성능] 순차읽기 : 7,450MB/s / 순차쓰기 : 6,900MB/s / 읽기IOPS : 1,400K / 쓰기IOPS : 1,550K / [지원기능] TRIM / S.M.A.R.T / SLC캐싱 / GC / DEVSLP / AES 암호화 / 전용 S/W / [환경특성] MTBF : 150만 / TBW : 1,200TB / SLC : 226GB / PS5 호환 / A/S기간 : 5년 , 제한보증 / 방열판 미포함 / 두께 : 2.3mm / 9g",https://img.danuri.io/catalog-image/722/297/018/86053af7566c43d8b3c56da85d1ac491.jpg?shrink=130:130&_v=20261006170103,https://prod.danawa.com/info/?pcode=18297722&cate=112760
13,삼성전자 990 PRO M.2 NVMe,1TB,"393,480","M.2 (2280) / PCIe4.0x4 (64GT/s) / TLC(토글) / DRAM 탑재 / DDR4 2GB / 컨트롤러 : 삼성 Pascal / [성능] 순차읽기 : 7,450MB/s / 순차쓰기 : 6,900MB/s / 읽기IOPS : 1,400K / 쓰기IOPS : 1,550K / [지원기능] TRIM / S.M.A.R.T / SLC캐싱 / GC / DEVSLP / AES 암호화 / 전용 S/W / [환경특성] MTBF : 150만 / TBW : 1,200TB / SLC : 226GB / PS5 호환 / A/S기간 : 5년 , 제한보증 / 방열판 미포함 / 두께 : 2.3mm / 9g",https://img.danuri.io/catalog-image/722/297/018/86053af7566c43d8b3c56da85d1ac491.jpg?shrink=130:130&_v=20261006170103,https://prod.danawa.com/info/?pcode=18297002&cate=112760
14,삼성전자 990 EVO Plus M.2 NVMe,4TB,"1,022,020","M.2 (2280) / PCIe4.0x4(64GT/s), PCIe5.0x2 / TLC(토글) / 컨트롤러 : 삼성 Piccolo / [성능] 순차읽기 : 7,150MB/s / 순차쓰기 : 6,300MB/s / 읽기IOPS : 850K / 쓰기IOPS : 1,350K / [지원기능] TRIM / S.M.A.R.T / SLC캐싱 / HMB / GC / DEVSLP / AES 암호화 / [환경특성] MTBF : 150만 / TBW : 600TB / SLC : 108GB / PS5 호환 / A/S기간 : 5년 , 제한보증 / 방열판 미포함 / 두께 : 2.38mm / 9g",https://img.danuri.io/catalog-image/543/869/069/bb8eff470ce54b689aaed45ea99a2475.jpg?shrink=130:130&_v=20261006080652,https://prod.danawa.com/info/?pcode=69869606&cate=112760
15,삼성전자 990 EVO Plus M.2 NVMe,2TB,"515,760","M.2 (2280) / PCIe4.0x4(64GT/s), PCIe5.0x2 / TLC(토글) / 컨트롤러 : 삼성 Piccolo / [성능] 순차읽기 : 7,150MB/s / 순차쓰기 : 6,300MB/s / 읽기IOPS : 850K / 쓰기IOPS : 1,350K / [지원기능] TRIM / S.M.A.R.T / SLC캐싱 / HMB / GC / DEVSLP / AES 암호화 / [환경특성] MTBF : 150만 / TBW : 600TB / SLC : 108GB / PS5 호환 / A/S기간 : 5년 , 제한보증 / 방열판 미포함 / 두께 : 2.38mm / 9g",https://img.danuri.io/catalog-image/543/869/069/bb8eff470ce54b689aaed45ea99a2475.jpg?shrink=130:130&_v=20261006080652,https://prod.danawa.com/info/?pcode=69869573&cate=112760
16,삼성전자 990 EVO Plus M.2 NVMe,1TB,"327,490","M.2 (2280) / PCIe4.0x4(64GT/s), PCIe5.0x2 / TLC(토글) / 컨트롤러 : 삼성 Piccolo / [성능] 순차읽기 : 7,150MB/s / 순차쓰기 : 6,300MB/s / 읽기IOPS : 850K / 쓰기IOPS : 1,350K / [지원기능] TRIM / S.M.A.R.T / SLC캐싱 / HMB / GC / DEVSLP / AES 암호화 / [환경특성] MTBF : 150만 / TBW : 600TB / SLC : 108GB / PS5 호환 / A/S기간 : 5년 , 제한보증 / 방열판 미포함 / 두께 : 2.38mm / 9g",https://img.danuri.io/catalog-image/543/869/069/bb8eff470ce54b689aaed45ea99a2475.jpg?shrink=130:130&_v=20261006080652,https://prod.danawa.com/info/?pcode=69869543&cate=112760
17,Western Digital WD BLACK SN850X M.2 NVMe,4TB,"1,567,360","M.2 (2280) / PCIe4.0x4 (64GT/s) / TLC / DRAM 탑재 / DDR4 1GB / 컨트롤러 : WD Black G2 / [성능] 순차읽기 : 7,300MB/s / 순차쓰기 : 6,300MB/s / 읽기IOPS : 800K / 쓰기IOPS : 1,100K / [지원기능] TRIM / SLC캐싱 / S.M.A.R.T / 전용 S/W / [환경특성] MTBF : 180만 / TBW : 600TB / SLC : 300GB / PS5 호환 / A/S기간 : 제한보증 , 5년 / 방열판 미포함 / 두께 : 2.38mm / 7.5g",https://img.danuri.io/catalog-image/487/788/017/1406f2562a854be6a55e2b3499988714.jpg?shrink=130:130&_v=20261006080445,https://prod.danawa.com/info/?pcode=17788379&cate=112760
18,Western Digital WD BLACK SN850X M.2 NVMe,2TB,"624,000","M.2 (2280) / PCIe4.0x4 (64GT/s) / TLC / DRAM 탑재 / DDR4 1GB / 컨트롤러 : WD Black G2 / [성능] 순차읽기 : 7,300MB/s / 순차쓰기 : 6,300MB/s / 읽기IOPS : 800K / 쓰기IOPS : 1,100K / [지원기능] TRIM / SLC캐싱 / S.M.A.R.T / 전용 S/W / [환경특성] MTBF : 180만 / TBW : 600TB / SLC : 300GB / PS5 호환 / A/S기간 : 제한보증 , 5년 / 방열판 미포함 / 두께 : 2.38mm / 7.5g",https://img.danuri.io/catalog-image/487/788/017/1406f2562a854be6a55e2b3499988714.jpg?shrink=130:130&_v=20261006080445,https://prod.danawa.com/info/?pcode=17788451&cate=112760
19,Western Digital WD BLACK SN850X M.2 NVMe,1TB,"384,990","M.2 (2280) / PCIe4.0x4 (64GT/s) / TLC / DRAM 탑재 / DDR4 1GB / 컨트롤러 : WD Black G2 / [성능] 순차읽기 : 7,300MB/s / 순차쓰기 : 6,300MB/s / 읽기IOPS : 800K / 쓰기IOPS : 1,100K / [지원기능] TRIM / SLC캐싱 / S.M.A.R.T / 전용 S/W / [환경특성] MTBF : 180만 / TBW : 600TB / SLC : 300GB / PS5 호환 / A/S기간 : 제한보증 , 5년 / 방열판 미포함 / 두께 : 2.38mm / 7.5g",https://img.danuri.io/catalog-image/487/788/017/1406f2562a854be6a55e2b3499988714.jpg?shrink=130:130&_v=20261006080445,https://prod.danawa.com/info/?pcode=17788487&cate=112760
20,SK하이닉스 Platinum P41 M.2 NVMe,2TB,"669,990","M.2 (2280) / PCIe4.0x4 (64GT/s) / TLC(토글) / DRAM 탑재 / DDR4 2GB / 컨트롤러 : SK하이닉스 Aries / [성능] 순차읽기 : 7,000MB/s / 순차쓰기 : 6,500MB/s / 읽기IOPS : 1,400K / 쓰기IOPS : 1,300K / [지원기능] TRIM / S.M.A.R.T / SLC캐싱 / GC / DEVSLP / AES 암호화 / 전용 S/W / [환경특성] MTBF : 150만 / TBW : 1,200TB / SLC : 320GB / PS5 호환 / A/S기간 : 5년 , 제한보증 / 방열판 미포함 / 두께 : 2.38mm / 7g",https://img.danuri.io/catalog-image/984/000/017/c66976f2380a46cfb3be0df23a2468a7.jpg?shrink=130:130&_v=20261006080445,https://prod.danawa.com/info/?pcode=17000984&cate=112760
21,SK하이닉스 Platinum P41 M.2 NVMe,1TB,"426,990","M.2 (2280) / PCIe4.0x4 (64GT/s) / TLC(토글) / DRAM 탑재 / DDR4 2GB / 컨트롤러 : SK하이닉스 Aries / [성능] 순차읽기 : 7,000MB/s / 순차쓰기 : 6,500MB/s / 읽기IOPS : 1,400K / 쓰기IOPS : 1,300K / [지원기능] TRIM / S.M.A.R.T / SLC캐싱 / GC / DEVSLP / AES 암호화 / 전용 S/W / [환경특성] MTBF : 150만 / TBW : 1,200TB / SLC : 320GB / PS5 호환 / A/S기간 : 5년 , 제한보증 / 방열판 미포함 / 두께 : 2.38mm / 7g",https://img.danuri.io/catalog-image/984/000/017/c66976f2380a46cfb3be0df23a2468a7.jpg?shrink=130:130&_v=20261006080445,https://prod.danawa.com/info/?pcode=17001050&cate=112760
22,SK하이닉스 Platinum P41 M.2 NVMe,500GB,"340,660","M.2 (2280) / PCIe4.0x4 (64GT/s) / TLC(토글) / DRAM 탑재 / DDR4 2GB / 컨트롤러 : SK하이닉스 Aries / [성능] 순차읽기 : 7,000MB/s / 순차쓰기 : 6,500MB/s / 읽기IOPS : 1,400K / 쓰기IOPS : 1,300K / [지원기능] TRIM / S.M.A.R.T / SLC캐싱 / GC / DEVSLP / AES 암호화 / 전용 S/W / [환경특성] MTBF : 150만 / TBW : 1,200TB / SLC : 320GB / PS5 호환 / A/S기간 : 5년 , 제한보증 / 방열판 미포함 / 두께 : 2.38mm / 7g",https://img.danuri.io/catalog-image/984/000/017/c66976f2380a46cfb3be0df23a2468a7.jpg?shrink=130:130&_v=20261006080445,https://prod.danawa.com/info/?pcode=17001083&cate=112760
23,타무즈 M740Q M.2 NVMe 벌크,1TB,"230,480","M.2 (2280) / PCIe3.0x4 (32GT/s) / QLC / 컨트롤러 : 기타 / [성능] 순차읽기 : 3,000MB/s / 순차쓰기 : 1,800MB/s / 읽기IOPS : 314K / 쓰기IOPS : 286K / [지원기능] TRIM / S.M.A.R.T / SLC캐싱 / GC / ECC / DEVSLP / [환경특성] MTBF : 100만 / TBW : 300TB / A/S기간 : 3년 , 제한보증 / 방열판 미포함 / 두께 : 2.15mm / 5g",https://img.danuri.io/catalog-image/572/692/103/7c2cd6e3e7b14637888e4298a30ee4e6.jpg?shrink=130:130&_v=20261006155939,https://prod.danawa.com/info/?pcode=103692554&cate=112760
24,타무즈 M740Q M.2 NVMe 벌크,512GB,"127,510","M.2 (2280) / PCIe3.0x4 (32GT/s) / QLC / 컨트롤러 : 기타 / [성능] 순차읽기 : 3,000MB/s / 순차쓰기 : 1,800MB/s / 읽기IOPS : 314K / 쓰기IOPS : 286K / [지원기능] TRIM / S.M.A.R.T / SLC캐싱 / GC / ECC / DEVSLP / [환경특성] MTBF : 100만 / TBW : 300TB / A/S기간 : 3년 , 제한보증 / 방열판 미포함 / 두께 : 2.15mm / 5g",https://img.danuri.io/catalog-image/572/692/103/7c2cd6e3e7b14637888e4298a30ee4e6.jpg?shrink=130:130&_v=20261006155939,https://prod.danawa.com/info/?pcode=103692572&cate=112760
25,타무즈 M740Q M.2 NVMe 벌크,256GB,"90,540","M.2 (2280) / PCIe3.0x4 (32GT/s) / QLC / 컨트롤러 : 기타 / [성능] 순차읽기 : 3,000MB/s / 순차쓰기 : 1,800MB/s / 읽기IOPS : 314K / 쓰기IOPS : 286K / [지원기능] TRIM / S.M.A.R.T / SLC캐싱 / GC / ECC / DEVSLP / [환경특성] MTBF : 100만 / TBW : 300TB / A/S기간 : 3년 , 제한보증 / 방열판 미포함 / 두께 : 2.15mm / 5g",https://img.danuri.io/catalog-image/572/692/103/7c2cd6e3e7b14637888e4298a30ee4e6.jpg?shrink=130:130&_v=20261006155939,https://prod.danawa.com/info/?pcode=103692578&cate=112760
26,삼성전자 PM9A1 M.2 NVMe 벌크,2TB,"618,000","M.2 (2280) / PCIe4.0x4 (64GT/s) / TLC(토글) / DRAM 탑재 / DDR4 512MB / 컨트롤러 : 삼성 Elpis / [성능] 순차읽기 : 6,900MB/s / 순차쓰기 : 5,000MB/s / 읽기IOPS : 800K / 쓰기IOPS : 800K / [지원기능] TRIM / S.M.A.R.T / SLC캐싱 / AES 암호화 / [환경특성] MTBF : 150만 / TBW : 300TB / SLC : 94GB / PS5 호환 / 방열판 미포함 / 두께 : 2.38mm / 9g / [기타] 노트북 적출상품 / ＊병행, 중고 판매처 확인요망",https://img.danuri.io/catalog-image/699/649/013/3c79420816ef4c09811be085e2a530fb.jpg?shrink=130:130&_v=20261006135923,https://prod.danawa.com/info/?pcode=14653847&cate=112760
27,삼성전자 PM9A1 M.2 NVMe 벌크,1TB,"331,900","M.2 (2280) / PCIe4.0x4 (64GT/s) / TLC(토글) / DRAM 탑재 / DDR4 512MB / 컨트롤러 : 삼성 Elpis / [성능] 순차읽기 : 6,900MB/s / 순차쓰기 : 5,000MB/s / 읽기IOPS : 800K / 쓰기IOPS : 800K / [지원기능] TRIM / S.M.A.R.T / SLC캐싱 / AES 암호화 / [환경특성] MTBF : 150만 / TBW : 300TB / SLC : 94GB / PS5 호환 / 방열판 미포함 / 두께 : 2.38mm / 9g / [기타] 노트북 적출상품 / ＊병행, 중고 판매처 확인요망",https://img.danuri.io/catalog-image/699/649/013/3c79420816ef4c09811be085e2a530fb.jpg?shrink=130:130&_v=20261006135923,https://prod.danawa.com/info/?pcode=13486118&cate=112760
28,삼성전자 PM9A1 M.2 NVMe 벌크,512GB,"228,800","M.2 (2280) / PCIe4.0x4 (64GT/s) / TLC(토글) / DRAM 탑재 / DDR4 512MB / 컨트롤러 : 삼성 Elpis / [성능] 순차읽기 : 6,900MB/s / 순차쓰기 : 5,000MB/s / 읽기IOPS : 800K / 쓰기IOPS : 800K / [지원기능] TRIM / S.M.A.R.T / SLC캐싱 / AES 암호화 / [환경특성] MTBF : 150만 / TBW : 300TB / SLC : 94GB / PS5 호환 / 방열판 미포함 / 두께 : 2.38mm / 9g / [기타] 노트북 적출상품 / ＊병행, 중고 판매처 확인요망",https://img.danuri.io/catalog-image/699/649/013/3c79420816ef4c09811be085e2a530fb.jpg?shrink=130:130&_v=20261006135923,https://prod.danawa.com/info/?pcode=13649699&cate=112760
29,삼성전자 PM9A1 M.2 NVMe 벌크,256GB,"93,790","M.2 (2280) / PCIe4.0x4 (64GT/s) / TLC(토글) / DRAM 탑재 / DDR4 512MB / 컨트롤러 : 삼성 Elpis / [성능] 순차읽기 : 6,900MB/s / 순차쓰기 : 5,000MB/s / 읽기IOPS : 800K / 쓰기IOPS : 800K / [지원기능] TRIM / S.M.A.R.T / SLC캐싱 / AES 암호화 / [환경특성] MTBF : 150만 / TBW : 300TB / SLC : 94GB / PS5 호환 / 방열판 미포함 / 두께 : 2.38mm / 9g / [기타] 노트북 적출상품 / ＊병행, 중고 판매처 확인요망",https://img.danuri.io/catalog-image/699/649/013/3c79420816ef4c09811be085e2a530fb.jpg?shrink=130:130&_v=20261006135923,https://prod.danawa.com/info/?pcode=13550969&cate=112760
30,삼성전자 870 EVO,4TB,"1,968,580","6.4cm(2.5형) / SATA3 (6Gb/s) / TLC(토글) / DRAM 탑재 / DDR4 1GB / 컨트롤러 : 삼성 MKX / [성능] 순차읽기 : 560MB/s / 순차쓰기 : 530MB/s / 읽기IOPS : 98K / 쓰기IOPS : 88K / [지원기능] TRIM / SLC캐싱 / GC / S.M.A.R.T / AES 암호화 / 전용 S/W / [환경특성] MTBF : 150만 / TBW : 600TB / SLC : 42GB / A/S기간 : 5년 , 제한보증 / 두께 : 6.8mm / 45g",https://img.danuri.io/catalog-image/573/190/013/ea7540cd5a0844b0880102c50d8ab936.jpg?shrink=130:130&_v=20261006170128,https://prod.danawa.com/info/?pcode=13190711&cate=112760
31,삼성전자 870 EVO,2TB,"1,017,520","6.4cm(2.5형) / SATA3 (6Gb/s) / TLC(토글) / DRAM 탑재 / DDR4 1GB / 컨트롤러 : 삼성 MKX / [성능] 순차읽기 : 560MB/s / 순차쓰기 : 530MB/s / 읽기IOPS : 98K / 쓰기IOPS : 88K / [지원기능] TRIM / SLC캐싱 / GC / S.M.A.R.T / AES 암호화 / 전용 S/W / [환경특성] MTBF : 150만 / TBW : 600TB / SLC : 42GB / A/S기간 : 5년 , 제한보증 / 두께 : 6.8mm / 45g",https://img.danuri.io/catalog-image/573/190/013/ea7540cd5a0844b0880102c50d8ab936.jpg?shrink=130:130&_v=20261006170128,https://prod.danawa.com/info/?pcode=13190630&cate=112760
32,삼성전자 870 EVO,1TB,"406,460","6.4cm(2.5형) / SATA3 (6Gb/s) / TLC(토글) / DRAM 탑재 / DDR4 1GB / 컨트롤러 : 삼성 MKX / [성능] 순차읽기 : 560MB/s / 순차쓰기 : 530MB/s / 읽기IOPS : 98K / 쓰기IOPS : 88K / [지원기능] TRIM / SLC캐싱 / GC / S.M.A.R.T / AES 암호화 / 전용 S/W / [환경특성] MTBF : 150만 / TBW : 600TB / SLC : 42GB / A/S기간 : 5년 , 제한보증 / 두께 : 6.8mm / 45g",https://img.danuri.io/catalog-image/573/190/013/ea7540cd5a0844b0880102c50d8ab936.jpg?shrink=130:130&_v=20261006170128,https://prod.danawa.com/info/?pcode=13190573&cate=112760
33,삼성전자 870 EVO,500GB,"290,720","6.4cm(2.5형) / SATA3 (6Gb/s) / TLC(토글) / DRAM 탑재 / DDR4 1GB / 컨트롤러 : 삼성 MKX / [성능] 순차읽기 : 560MB/s / 순차쓰기 : 530MB/s / 읽기IOPS : 98K / 쓰기IOPS : 88K / [지원기능] TRIM / SLC캐싱 / GC / S.M.A.R.T / AES 암호화 / 전용 S/W / [환경특성] MTBF : 150만 / TBW : 600TB / SLC : 42GB / A/S기간 : 5년 , 제한보증 / 두께 : 6.8mm / 45g",https://img.danuri.io/catalog-image/573/190/013/ea7540cd5a0844b0880102c50d8ab936.jpg?shrink=130:130&_v=20261006170128,https://prod.danawa.com/info/?pcode=13190519&cate=112760
34,SK하이닉스 Gold P31 M.2 NVMe,2TB,"860,000","M.2 (2280) / PCIe3.0x4 (32GT/s) / TLC(토글) / DRAM 탑재 / DDR4 1GB / 컨트롤러 : SK하이닉스 Cepheus / [성능] 순차읽기 : 3,500MB/s / 순차쓰기 : 3,200MB/s / 읽기IOPS : 570K / 쓰기IOPS : 600K / [지원기능] TRIM / S.M.A.R.T / SLC캐싱 / AES 암호화 / 전용 S/W / [환경특성] MTBF : 150만 / TBW : 750TB / SLC : 92GB / A/S기간 : 5년 , 제한보증 / 방열판 미포함 / 두께 : 2.3mm / 7g",https://img.danuri.io/catalog-image/338/161/013/ffd31858c1ee4f738944be8eb5570ee7.jpg?shrink=130:130&_v=20261006155708,https://prod.danawa.com/info/?pcode=15022826&cate=112760
35,SK하이닉스 Gold P31 M.2 NVMe,1TB,"395,000","M.2 (2280) / PCIe3.0x4 (32GT/s) / TLC(토글) / DRAM 탑재 / DDR4 1GB / 컨트롤러 : SK하이닉스 Cepheus / [성능] 순차읽기 : 3,500MB/s / 순차쓰기 : 3,200MB/s / 읽기IOPS : 570K / 쓰기IOPS : 600K / [지원기능] TRIM / S.M.A.R.T / SLC캐싱 / AES 암호화 / 전용 S/W / [환경특성] MTBF : 150만 / TBW : 750TB / SLC : 92GB / A/S기간 : 5년 , 제한보증 / 방열판 미포함 / 두께 : 2.3mm / 7g",https://img.danuri.io/catalog-image/338/161/013/ffd31858c1ee4f738944be8eb5570ee7.jpg?shrink=130:130&_v=20261006155708,https://prod.danawa.com/info/?pcode=13161338&cate=112760
36,SK하이닉스 Gold P31 M.2 NVMe,500GB,"400,000","M.2 (2280) / PCIe3.0x4 (32GT/s) / TLC(토글) / DRAM 탑재 / DDR4 1GB / 컨트롤러 : SK하이닉스 Cepheus / [성능] 순차읽기 : 3,500MB/s / 순차쓰기 : 3,200MB/s / 읽기IOPS : 570K / 쓰기IOPS : 600K / [지원기능] TRIM / S.M.A.R.T / SLC캐싱 / AES 암호화 / 전용 S/W / [환경특성] MTBF : 150만 / TBW : 750TB / SLC : 92GB / A/S기간 : 5년 , 제한보증 / 방열판 미포함 / 두께 : 2.3mm / 7g",https://img.danuri.io/catalog-image/338/161/013/ffd31858c1ee4f738944be8eb5570ee7.jpg?shrink=130:130&_v=20261006155708,https://prod.danawa.com/info/?pcode=13161353&cate=112760
37,키오시아 EXCERIA PLUS G4 M.2 NVMe,2TB,"541,111","M.2 (2280) / PCIe5.0x4 (128GT/s) / TLC / 컨트롤러 : 파이슨 PS5031-E31T / [성능] 순차읽기 : 10,000MB/s / 순차쓰기 : 7,900MB/s / 읽기IOPS : 1,300K / 쓰기IOPS : 1,400K / [지원기능] GC / SLC캐싱 / TRIM / HMB / 전용 S/W / [환경특성] MTBF : 150만 / TBW : 600TB / A/S기간 : 5년 , 제한보증 / 방열판 미포함 / 두께 : 2.38mm / 5.6g",https://img.danuri.io/catalog-image/493/056/074/7829668a50ea43b3886831e946c36763.jpg?shrink=130:130&_v=20261006170100,https://prod.danawa.com/info/?pcode=74056484&cate=112760
38,키오시아 EXCERIA PLUS G4 M.2 NVMe,1TB,"336,000","M.2 (2280) / PCIe5.0x4 (128GT/s) / TLC / 컨트롤러 : 파이슨 PS5031-E31T / [성능] 순차읽기 : 10,000MB/s / 순차쓰기 : 7,900MB/s / 읽기IOPS : 1,300K / 쓰기IOPS : 1,400K / [지원기능] GC / SLC캐싱 / TRIM / HMB / 전용 S/W / [환경특성] MTBF : 150만 / TBW : 600TB / A/S기간 : 5년 , 제한보증 / 방열판 미포함 / 두께 : 2.38mm / 5.6g",https://img.danuri.io/catalog-image/493/056/074/7829668a50ea43b3886831e946c36763.jpg?shrink=130:130&_v=20261006170100,https://prod.danawa.com/info/?pcode=74056493&cate=112760
39,화웨이 eKitStor Xtreme 201 M.2 NVMe,2TB,"504,990","M.2 (2280) / PCIe4.0x4 (64GT/s) / TLC / 컨트롤러 : 화웨이 / [성능] 순차읽기 : 7,400MB/s / 순차쓰기 : 6,700MB/s / 읽기IOPS : 1,000K / 쓰기IOPS : 1,300K / [지원기능] HMB / TRIM / ECC / SLC캐싱 / S.M.A.R.T / 전용 S/W / [환경특성] MTBF : 200만 / TBW : 2,000TB / PS5 호환 / A/S기간 : 5년 , 제한보증 / 방열판 미포함 / 두께 : 2.7mm",https://img.danuri.io/catalog-image/863/411/102/53aac5ec2ebd4a5bacf8820b7eea54f3.jpg?shrink=130:130&_v=20261006080431,https://prod.danawa.com/info/?pcode=102411866&cate=112760
40,화웨이 eKitStor Xtreme 201 M.2 NVMe,1TB,"298,980","M.2 (2280) / PCIe4.0x4 (64GT/s) / TLC / 컨트롤러 : 화웨이 / [성능] 순차읽기 : 7,400MB/s / 순차쓰기 : 6,700MB/s / 읽기IOPS : 1,000K / 쓰기IOPS : 1,300K / [지원기능] HMB / TRIM / ECC / SLC캐싱 / S.M.A.R.T / 전용 S/W / [환경특성] MTBF : 200만 / TBW : 2,000TB / PS5 호환 / A/S기간 : 5년 , 제한보증 / 방열판 미포함 / 두께 : 2.7mm",https://img.danuri.io/catalog-image/863/411/102/53aac5ec2ebd4a5bacf8820b7eea54f3.jpg?shrink=130:130&_v=20261006080431,https://prod.danawa.com/info/?pcode=102411863&cate=112760
41,Sandisk Optimus GX PRO 8100 M.2 NVMe,4TB,"1,677,490","M.2 (2280) / PCIe5.0x4 (128GT/s) / TLC / DRAM 탑재 / 컨트롤러 : 실리콘모션 / [성능] 순차읽기 : 14,900MB/s / 순차쓰기 : 11,000MB/s / 읽기IOPS : 1,600K / 쓰기IOPS : 2,400K / [지원기능] S.M.A.R.T / SLC캐싱 / TRIM / [환경특성] MTBF : 175만 / TBW : 600TB / PS5 호환 / A/S기간 : 5년 , 제한보증 / 방열판 미포함 / 두께 : 2.38mm / 7.5g",https://img.danuri.io/catalog-image/549/668/122/4448d36da05a48e58069f9eb48dcde53.jpeg?shrink=130:130&_v=20261006145728,https://prod.danawa.com/info/?pcode=122668313&cate=112760
42,Sandisk Optimus GX PRO 8100 M.2 NVMe,2TB,"930,000","M.2 (2280) / PCIe5.0x4 (128GT/s) / TLC / DRAM 탑재 / 컨트롤러 : 실리콘모션 / [성능] 순차읽기 : 14,900MB/s / 순차쓰기 : 11,000MB/s / 읽기IOPS : 1,600K / 쓰기IOPS : 2,400K / [지원기능] S.M.A.R.T / SLC캐싱 / TRIM / [환경특성] MTBF : 175만 / TBW : 600TB / PS5 호환 / A/S기간 : 5년 , 제한보증 / 방열판 미포함 / 두께 : 2.38mm / 7.5g",https://img.danuri.io/catalog-image/549/668/122/4448d36da05a48e58069f9eb48dcde53.jpeg?shrink=130:130&_v=20261006145728,https://prod.danawa.com/info/?pcode=122668350&cate=112760
43,Sandisk Optimus GX PRO 8100 M.2 NVMe,1TB,"498,990","M.2 (2280) / PCIe5.0x4 (128GT/s) / TLC / DRAM 탑재 / 컨트롤러 : 실리콘모션 / [성능] 순차읽기 : 14,900MB/s / 순차쓰기 : 11,000MB/s / 읽기IOPS : 1,600K / 쓰기IOPS : 2,400K / [지원기능] S.M.A.R.T / SLC캐싱 / TRIM / [환경특성] MTBF : 175만 / TBW : 600TB / PS5 호환 / A/S기간 : 5년 , 제한보증 / 방열판 미포함 / 두께 : 2.38mm / 7.5g",https://img.danuri.io/catalog-image/549/668/122/4448d36da05a48e58069f9eb48dcde53.jpeg?shrink=130:130&_v=20261006145728,https://prod.danawa.com/info/?pcode=122668549&cate=112760
44,Seagate 파이어쿠다 X1070 M.2 NVMe,4TB,"1,766,060","M.2 (2280) / PCIe4.0x4 (64GT/s) / QLC / 컨트롤러 : 기타 / [성능] 순차읽기 : 7,200MB/s / 순차쓰기 : 6,000MB/s / 읽기IOPS : 850K / 쓰기IOPS : 900K / [지원기능] TRIM / SLC캐싱 / S.M.A.R.T / [환경특성] MTBF : 180만 / TBW : 600TB / PS5 호환 / A/S기간 : 제한보증 , 5년 , 데이터 복구 3년 / 방열판 미포함 / 두께 : 2.2mm / 6g",https://img.danuri.io/catalog-image/288/392/108/8ebc65f88273444686e003d6496afa33.jpg?shrink=130:130&_v=20261006164313,https://prod.danawa.com/info/?pcode=108392246&cate=112760
45,Seagate 파이어쿠다 X1070 M.2 NVMe,2TB,"878,840","M.2 (2280) / PCIe4.0x4 (64GT/s) / QLC / 컨트롤러 : 기타 / [성능] 순차읽기 : 7,200MB/s / 순차쓰기 : 6,000MB/s / 읽기IOPS : 850K / 쓰기IOPS : 900K / [지원기능] TRIM / SLC캐싱 / S.M.A.R.T / [환경특성] MTBF : 180만 / TBW : 600TB / PS5 호환 / A/S기간 : 제한보증 , 5년 , 데이터 복구 3년 / 방열판 미포함 / 두께 : 2.2mm / 6g",https://img.danuri.io/catalog-image/288/392/108/8ebc65f88273444686e003d6496afa33.jpg?shrink=130:130&_v=20261006164313,https://prod.danawa.com/info/?pcode=108392261&cate=112760
46,Seagate 파이어쿠다 X1070 M.2 NVMe,1TB,"299,000","M.2 (2280) / PCIe4.0x4 (64GT/s) / QLC / 컨트롤러 : 기타 / [성능] 순차읽기 : 7,200MB/s / 순차쓰기 : 6,000MB/s / 읽기IOPS : 850K / 쓰기IOPS : 900K / [지원기능] TRIM / SLC캐싱 / S.M.A.R.T / [환경특성] MTBF : 180만 / TBW : 600TB / PS5 호환 / A/S기간 : 제한보증 , 5년 , 데이터 복구 3년 / 방열판 미포함 / 두께 : 2.2mm / 6g",https://img.danuri.io/catalog-image/288/392/108/8ebc65f88273444686e003d6496afa33.jpg?shrink=130:130&_v=20261006164313,https://prod.danawa.com/info/?pcode=108392288&cate=112760
47,ESSENCORE KLEVV CRAS C715 M.2 NVMe,1TB,"272,260","M.2 (2280) / PCIe3.0x4 (32GT/s) / TLC / 컨트롤러 : 기타 / [성능] 순차읽기 : 3,200MB/s / 순차쓰기 : 2,000MB/s / [지원기능] HMB / TRIM / ECC / SLC캐싱 / S.M.A.R.T / 전용 S/W / [환경특성] TBW : 300TB / A/S기간 : 제한보증 , 5년 / 방열판 미포함 / 두께 : 2.5mm / 7g",https://img.danuri.io/catalog-image/332/660/069/c8bf04bd80394c32a29750b69a344e7e.jpg?shrink=130:130&_v=20261006080445,https://prod.danawa.com/info/?pcode=69660347&cate=112760
48,ESSENCORE KLEVV CRAS C715 M.2 NVMe,512GB,"139,300","M.2 (2280) / PCIe3.0x4 (32GT/s) / TLC / 컨트롤러 : 기타 / [성능] 순차읽기 : 3,200MB/s / 순차쓰기 : 2,000MB/s / [지원기능] HMB / TRIM / ECC / SLC캐싱 / S.M.A.R.T / 전용 S/W / [환경특성] TBW : 300TB / A/S기간 : 제한보증 , 5년 / 방열판 미포함 / 두께 : 2.5mm / 7g",https://img.danuri.io/catalog-image/332/660/069/c8bf04bd80394c32a29750b69a344e7e.jpg?shrink=130:130&_v=20261006080445,https://prod.danawa.com/info/?pcode=69660332&cate=112760
49,ESSENCORE KLEVV CRAS C715 M.2 NVMe,256GB,"105,070","M.2 (2280) / PCIe3.0x4 (32GT/s) / TLC / 컨트롤러 : 기타 / [성능] 순차읽기 : 3,200MB/s / 순차쓰기 : 2,000MB/s / [지원기능] HMB / TRIM / ECC / SLC캐싱 / S.M.A.R.T / 전용 S/W / [환경특성] TBW : 300TB / A/S기간 : 제한보증 , 5년 / 방열판 미포함 / 두께 : 2.5mm / 7g",https://img.danuri.io/catalog-image/332/660/069/c8bf04bd80394c32a29750b69a344e7e.jpg?shrink=130:130&_v=20261006080445,https://prod.danawa.com/info/?pcode=69657575&cate=112760
50,YMTC ZHITAI TiPro9000 M.2 NVMe,4TB,"1,228,980","M.2 (2280) / PCIe5.0x4 (128GT/s) / TLC / DRAM 탑재 / DDR4 2GB / 컨트롤러 : 실리콘모션 SM2508 / [성능] 순차읽기 : 14,900MB/s / 순차쓰기 : 13,800MB/s / 읽기IOPS : 2,100K / 쓰기IOPS : 2,200K / [지원기능] TRIM / S.M.A.R.T / SLC캐싱 / DEVSLP / 전용 S/W / [환경특성] MTBF : 150만 / TBW : 1,200TB / SLC : 350GB / PS5 호환 / A/S기간 : 5년 , 제한보증 / 방열판 제공(탈거가능) / 두께 : 11mm / [기타] YMTC Xtacking™ 4.0",https://img.danuri.io/catalog-image/622/687/122/0a276c684bdf4e3f907e4ff7e8138f7c.png?shrink=130:130&_v=20261006080535,https://prod.danawa.com/info/?pcode=122687608&cate=112760
51,YMTC ZHITAI TiPro9000 M.2 NVMe,2TB,"648,980","M.2 (2280) / PCIe5.0x4 (128GT/s) / TLC / DRAM 탑재 / DDR4 2GB / 컨트롤러 : 실리콘모션 SM2508 / [성능] 순차읽기 : 14,900MB/s / 순차쓰기 : 13,800MB/s / 읽기IOPS : 2,100K / 쓰기IOPS : 2,200K / [지원기능] TRIM / S.M.A.R.T / SLC캐싱 / DEVSLP / 전용 S/W / [환경특성] MTBF : 150만 / TBW : 1,200TB / SLC : 350GB / PS5 호환 / A/S기간 : 5년 , 제한보증 / 방열판 제공(탈거가능) / 두께 : 11mm / [기타] YMTC Xtacking™ 4.0",https://img.danuri.io/catalog-image/622/687/122/0a276c684bdf4e3f907e4ff7e8138f7c.png?shrink=130:130&_v=20261006080535,https://prod.danawa.com/info/?pcode=122687622&cate=112760
52,YMTC ZHITAI TiPro9000 M.2 NVMe,1TB,"388,980","M.2 (2280) / PCIe5.0x4 (128GT/s) / TLC / DRAM 탑재 / DDR4 2GB / 컨트롤러 : 실리콘모션 SM2508 / [성능] 순차읽기 : 14,900MB/s / 순차쓰기 : 13,800MB/s / 읽기IOPS : 2,100K / 쓰기IOPS : 2,200K / [지원기능] TRIM / S.M.A.R.T / SLC캐싱 / DEVSLP / 전용 S/W / [환경특성] MTBF : 150만 / TBW : 1,200TB / SLC : 350GB / PS5 호환 / A/S기간 : 5년 , 제한보증 / 방열판 제공(탈거가능) / 두께 : 11mm / [기타] YMTC Xtacking™ 4.0",https://img.danuri.io/catalog-image/622/687/122/0a276c684bdf4e3f907e4ff7e8138f7c.png?shrink=130:130&_v=20261006080535,https://prod.danawa.com/info/?pcode=122687631&cate=112760
53,YMTC ZHITAI  TiPlus7100s M.2 NVMe,4TB,"998,980","M.2 (2280) / PCIe4.0x4 (64GT/s) / TLC / 컨트롤러 : Maxio MAP1606 / [성능] 순차읽기 : 7,400MB/s / 순차쓰기 : 6,900MB/s / 읽기IOPS : 1,500K / 쓰기IOPS : 1,500K / [지원기능] TRIM / S.M.A.R.T / SLC캐싱 / HMB / DEVSLP / 전용 S/W / [환경특성] MTBF : 150만 / TBW : 600TB / PS5 호환 / A/S기간 : 5년 , 제한보증 / 방열판 미포함 / 7g / [기타] YMTC Xtacking™ 4.0",https://img.danuri.io/catalog-image/478/687/122/f59e8cc00e464f76a92a707545195781.png?shrink=130:130&_v=20261006140403,https://prod.danawa.com/info/?pcode=122687457&cate=112760
54,YMTC ZHITAI  TiPlus7100s M.2 NVMe,2TB,"518,980","M.2 (2280) / PCIe4.0x4 (64GT/s) / TLC / 컨트롤러 : Maxio MAP1606 / [성능] 순차읽기 : 7,400MB/s / 순차쓰기 : 6,900MB/s / 읽기IOPS : 1,500K / 쓰기IOPS : 1,500K / [지원기능] TRIM / S.M.A.R.T / SLC캐싱 / HMB / DEVSLP / 전용 S/W / [환경특성] MTBF : 150만 / TBW : 600TB / PS5 호환 / A/S기간 : 5년 , 제한보증 / 방열판 미포함 / 7g / [기타] YMTC Xtacking™ 4.0",https://img.danuri.io/catalog-image/478/687/122/f59e8cc00e464f76a92a707545195781.png?shrink=130:130&_v=20261006140403,https://prod.danawa.com/info/?pcode=122687473&cate=112760
55,YMTC ZHITAI  TiPlus7100s M.2 NVMe,1TB,"288,980","M.2 (2280) / PCIe4.0x4 (64GT/s) / TLC / 컨트롤러 : Maxio MAP1606 / [성능] 순차읽기 : 7,400MB/s / 순차쓰기 : 6,900MB/s / 읽기IOPS : 1,500K / 쓰기IOPS : 1,500K / [지원기능] TRIM / S.M.A.R.T / SLC캐싱 / HMB / DEVSLP / 전용 S/W / [환경특성] MTBF : 150만 / TBW : 600TB / PS5 호환 / A/S기간 : 5년 , 제한보증 / 방열판 미포함 / 7g / [기타] YMTC Xtacking™ 4.0",https://img.danuri.io/catalog-image/478/687/122/f59e8cc00e464f76a92a707545195781.png?shrink=130:130&_v=20261006140403,https://prod.danawa.com/info/?pcode=122687478&cate=112760
56,YMTC ZHITAI TiPlus9100 M.2 NVMe,4TB,"1,098,980","M.2 (2280) / PCIe5.0x4 (128GT/s) / TLC / 컨트롤러 : Maxio MAP1802 / [성능] 순차읽기 : 12,000MB/s / 순차쓰기 : 10,700MB/s / 읽기IOPS : 1,850K / 쓰기IOPS : 1,850K / [지원기능] TRIM / S.M.A.R.T / SLC캐싱 / HMB / DEVSLP / 전용 S/W / [환경특성] MTBF : 150만 / TBW : 600TB / PS5 호환 / A/S기간 : 5년 , 제한보증 / 방열판 미포함 / 두께 : 7mm / 7g / [기타] YMTC Xtacking™ 4.0",https://img.danuri.io/catalog-image/590/687/122/1d3664e2739748d195fcd58828f57114.png?shrink=130:130&_v=20261006080652,https://prod.danawa.com/info/?pcode=122687578&cate=112760
57,YMTC ZHITAI TiPlus9100 M.2 NVMe,2TB,"528,980","M.2 (2280) / PCIe5.0x4 (128GT/s) / TLC / 컨트롤러 : Maxio MAP1802 / [성능] 순차읽기 : 12,000MB/s / 순차쓰기 : 10,700MB/s / 읽기IOPS : 1,850K / 쓰기IOPS : 1,850K / [지원기능] TRIM / S.M.A.R.T / SLC캐싱 / HMB / DEVSLP / 전용 S/W / [환경특성] MTBF : 150만 / TBW : 600TB / PS5 호환 / A/S기간 : 5년 , 제한보증 / 방열판 미포함 / 두께 : 7mm / 7g / [기타] YMTC Xtacking™ 4.0",https://img.danuri.io/catalog-image/590/687/122/1d3664e2739748d195fcd58828f57114.png?shrink=130:130&_v=20261006080652,https://prod.danawa.com/info/?pcode=122687585&cate=112760
58,YMTC ZHITAI TiPlus9100 M.2 NVMe,1TB,"318,980","M.2 (2280) / PCIe5.0x4 (128GT/s) / TLC / 컨트롤러 : Maxio MAP1802 / [성능] 순차읽기 : 12,000MB/s / 순차쓰기 : 10,700MB/s / 읽기IOPS : 1,850K / 쓰기IOPS : 1,850K / [지원기능] TRIM / S.M.A.R.T / SLC캐싱 / HMB / DEVSLP / 전용 S/W / [환경특성] MTBF : 150만 / TBW : 600TB / PS5 호환 / A/S기간 : 5년 , 제한보증 / 방열판 미포함 / 두께 : 7mm / 7g / [기타] YMTC Xtacking™ 4.0",https://img.danuri.io/catalog-image/590/687/122/1d3664e2739748d195fcd58828f57114.png?shrink=130:130&_v=20261006080652,https://prod.danawa.com/info/?pcode=122687590&cate=112760
59,SK하이닉스 Platinum P51 M.2 NVMe,2TB,"910,000","M.2 (2280) / PCIe5.0x4 (128GT/s) / TLC(토글) / DRAM 탑재 / DDR4 2GB / 컨트롤러 : SK하이닉스 Alistar / [성능] 순차읽기 : 14,700MB/s / 순차쓰기 : 13,400MB/s / 읽기IOPS : 2,360K / 쓰기IOPS : 2,550K / [지원기능] TRIM / DEVSLP / SLC캐싱 / GC / S.M.A.R.T / AES 암호화 / 전용 S/W / [환경특성] MTBF : 200만 / TBW : 1,200TB / SLC : 506GB / PS5 호환 / A/S기간 : 제한보증 , 5년 / 방열판 미포함 / 두께 : 2.38mm / 7g / [기타] 25년 7월부로 읽기/쓰기 상품 정보 변경",https://img.danuri.io/catalog-image/133/823/072/4308b51ecd834e19a2cb0d5942e55a16.jpg?shrink=130:130&_v=20261006144728,https://prod.danawa.com/info/?pcode=72823133&cate=112760
60,SK하이닉스 Platinum P51 M.2 NVMe,1TB,"639,990","M.2 (2280) / PCIe5.0x4 (128GT/s) / TLC(토글) / DRAM 탑재 / DDR4 2GB / 컨트롤러 : SK하이닉스 Alistar / [성능] 순차읽기 : 14,700MB/s / 순차쓰기 : 13,400MB/s / 읽기IOPS : 2,360K / 쓰기IOPS : 2,550K / [지원기능] TRIM / DEVSLP / SLC캐싱 / GC / S.M.A.R.T / AES 암호화 / 전용 S/W / [환경특성] MTBF : 200만 / TBW : 1,200TB / SLC : 506GB / PS5 호환 / A/S기간 : 제한보증 , 5년 / 방열판 미포함 / 두께 : 2.38mm / 7g / [기타] 25년 7월부로 읽기/쓰기 상품 정보 변경",https://img.danuri.io/catalog-image/133/823/072/4308b51ecd834e19a2cb0d5942e55a16.jpg?shrink=130:130&_v=20261006144728,https://prod.danawa.com/info/?pcode=72823220&cate=112760
61,Western Digital WD Blue SA510,4TB,"985,980","6.4cm(2.5형) / SATA3 (6Gb/s) / TLC / 컨트롤러 : WD / [성능] 순차읽기 : 560MB/s / 순차쓰기 : 520MB/s / 읽기IOPS : 90K / 쓰기IOPS : 82K / [지원기능] SLC캐싱 / S.M.A.R.T / TRIM / [환경특성] MTBF : 175만 / TBW : 400TB / A/S기간 : 5년 , 제한보증 / 두께 : 7mm",https://img.danuri.io/catalog-image/170/142/017/bff35cb516b24fb69b99aa56bb093c3f.jpg?shrink=130:130&_v=20261006162618,https://prod.danawa.com/info/?pcode=27806333&cate=112760
62,Western Digital WD Blue SA510,2TB,"825,370","6.4cm(2.5형) / SATA3 (6Gb/s) / TLC / 컨트롤러 : WD / [성능] 순차읽기 : 560MB/s / 순차쓰기 : 520MB/s / 읽기IOPS : 90K / 쓰기IOPS : 82K / [지원기능] SLC캐싱 / S.M.A.R.T / TRIM / [환경특성] MTBF : 175만 / TBW : 400TB / A/S기간 : 5년 , 제한보증 / 두께 : 7mm",https://img.danuri.io/catalog-image/170/142/017/bff35cb516b24fb69b99aa56bb093c3f.jpg?shrink=130:130&_v=20261006162618,https://prod.danawa.com/info/?pcode=21429281&cate=112760
63,Western Digital WD Blue SA510,1TB,"264,340","6.4cm(2.5형) / SATA3 (6Gb/s) / TLC / 컨트롤러 : WD / [성능] 순차읽기 : 560MB/s / 순차쓰기 : 520MB/s / 읽기IOPS : 90K / 쓰기IOPS : 82K / [지원기능] SLC캐싱 / S.M.A.R.T / TRIM / [환경특성] MTBF : 175만 / TBW : 400TB / A/S기간 : 5년 , 제한보증 / 두께 : 7mm",https://img.danuri.io/catalog-image/170/142/017/bff35cb516b24fb69b99aa56bb093c3f.jpg?shrink=130:130&_v=20261006162618,https://prod.danawa.com/info/?pcode=17142170&cate=112760
64,Western Digital WD Blue SA510,500GB,"160,110","6.4cm(2.5형) / SATA3 (6Gb/s) / TLC / 컨트롤러 : WD / [성능] 순차읽기 : 560MB/s / 순차쓰기 : 520MB/s / 읽기IOPS : 90K / 쓰기IOPS : 82K / [지원기능] SLC캐싱 / S.M.A.R.T / TRIM / [환경특성] MTBF : 175만 / TBW : 400TB / A/S기간 : 5년 , 제한보증 / 두께 : 7mm",https://img.danuri.io/catalog-image/170/142/017/bff35cb516b24fb69b99aa56bb093c3f.jpg?shrink=130:130&_v=20261006162618,https://prod.danawa.com/info/?pcode=17142212&cate=112760
65,Western Digital WD Blue SA510,250GB,"214,710","6.4cm(2.5형) / SATA3 (6Gb/s) / TLC / 컨트롤러 : WD / [성능] 순차읽기 : 560MB/s / 순차쓰기 : 520MB/s / 읽기IOPS : 90K / 쓰기IOPS : 82K / [지원기능] SLC캐싱 / S.M.A.R.T / TRIM / [환경특성] MTBF : 175만 / TBW : 400TB / A/S기간 : 5년 , 제한보증 / 두께 : 7mm",https://img.danuri.io/catalog-image/170/142/017/bff35cb516b24fb69b99aa56bb093c3f.jpg?shrink=130:130&_v=20261006162618,https://prod.danawa.com/info/?pcode=17142230&cate=112760
66,삼성전자 PM9C1 M.2 NVMe 벌크,1TB,"313,990","M.2 (2280) / PCIe4.0x4 (64GT/s) / TLC / 컨트롤러 : 삼성 Piccolo / [성능] 순차읽기 : 4,950MB/s / 순차쓰기 : 2,500MB/s / 읽기IOPS : 400K / 쓰기IOPS : 550K / [지원기능] HMB / [환경특성] 방열판 미포함 / 두께 : 2.38mm / [기타] 노트북 적출상품",https://img.danuri.io/catalog-image/951/012/071/550d8436096749c2a88ccbeb263fb113.jpg?shrink=130:130&_v=20261006113038,https://prod.danawa.com/info/?pcode=94888187&cate=112760
67,삼성전자 PM9C1 M.2 NVMe 벌크,512GB,"183,000","M.2 (2280) / PCIe4.0x4 (64GT/s) / TLC / 컨트롤러 : 삼성 Piccolo / [성능] 순차읽기 : 4,950MB/s / 순차쓰기 : 2,500MB/s / 읽기IOPS : 400K / 쓰기IOPS : 550K / [지원기능] HMB / [환경특성] 방열판 미포함 / 두께 : 2.38mm / [기타] 노트북 적출상품",https://img.danuri.io/catalog-image/951/012/071/550d8436096749c2a88ccbeb263fb113.jpg?shrink=130:130&_v=20261006113038,https://prod.danawa.com/info/?pcode=71012951&cate=112760
68,삼성전자 PM9C1 M.2 NVMe 벌크,256GB,"75,480","M.2 (2280) / PCIe4.0x4 (64GT/s) / TLC / 컨트롤러 : 삼성 Piccolo / [성능] 순차읽기 : 4,950MB/s / 순차쓰기 : 2,500MB/s / 읽기IOPS : 400K / 쓰기IOPS : 550K / [지원기능] HMB / [환경특성] 방열판 미포함 / 두께 : 2.38mm / [기타] 노트북 적출상품",https://img.danuri.io/catalog-image/951/012/071/550d8436096749c2a88ccbeb263fb113.jpg?shrink=130:130&_v=20261006113038,https://prod.danawa.com/info/?pcode=97112444&cate=112760
69,Seagate 파이어쿠다 530 M.2 NVMe 중고,2TB,"330,000","M.2 (2280) / PCIe4.0x4 (64GT/s) / TLC / DRAM 탑재 / 컨트롤러 : 파이슨 PS5018-E18 / [성능] 순차읽기 : 7,300MB/s / 순차쓰기 : 6,900MB/s / 읽기IOPS : 1,000K / 쓰기IOPS : 1,000K / [지원기능] TRIM / S.M.A.R.T / SLC캐싱 / GC / DEVSLP / AES 암호화 / 전용 S/W / [환경특성] MTBF : 180만 / TBW : 2,550TB / PS5 호환 / 방열판 미포함 / 두께 : 2.23mm / 8.1g",https://img.danuri.io/catalog-image/415/760/102/6949bd2b4f844481840d0dcd72c2df98.jpg?shrink=130:130&_v=20261006080541,https://prod.danawa.com/info/?pcode=102760415&cate=112760
70,파이슨 ESO256GHLCJ-EL1 M.2 NVMe 벌크,256GB,"63,590","M.2 (2280) / PCIe4.0x4 (64GT/s) / TLC / 컨트롤러 : 파이슨 / [성능] 순차읽기 : 4,900MB/s / 순차쓰기 : 2,750MB/s / 읽기IOPS : 500K / 쓰기IOPS : 680K / [지원기능] HMB / SLC캐싱 / [환경특성] 방열판 미포함 / 두께 : 7mm / [기타] 노트북 적출상품",https://img.danuri.io/catalog-image/759/624/077/8002292c10e84f7a91f71c3add0209d5.jpg?shrink=130:130&_v=20261006152143,https://prod.danawa.com/info/?pcode=77624759&cate=112760
71,삼성전자 980 M.2 NVMe,1TB,"508,980","M.2 (2280) / PCIe3.0x4 (32GT/s) / TLC(토글) / 컨트롤러 : 삼성 Pablo / [성능] 순차읽기 : 3,100MB/s / 순차쓰기 : 2,600MB/s / 읽기IOPS : 400K / 쓰기IOPS : 470K / [지원기능] DEVSLP / HMB / TRIM / SLC캐싱 / GC / S.M.A.R.T / AES 암호화 / 전용 S/W / [환경특성] MTBF : 150만 / TBW : 300TB / SLC : 122GB / A/S기간 : 5년 , 제한보증 / 방열판 미포함 / 두께 : 2.38mm / 8g",https://img.danuri.io/catalog-image/693/562/013/2535f2ac26d54c1e97ce18b9f7a2f55f.jpg?shrink=130:130&_v=20261006080523,https://prod.danawa.com/info/?pcode=13562714&cate=112760
72,삼성전자 980 M.2 NVMe,500GB,"289,000","M.2 (2280) / PCIe3.0x4 (32GT/s) / TLC(토글) / 컨트롤러 : 삼성 Pablo / [성능] 순차읽기 : 3,100MB/s / 순차쓰기 : 2,600MB/s / 읽기IOPS : 400K / 쓰기IOPS : 470K / [지원기능] DEVSLP / HMB / TRIM / SLC캐싱 / GC / S.M.A.R.T / AES 암호화 / 전용 S/W / [환경특성] MTBF : 150만 / TBW : 300TB / SLC : 122GB / A/S기간 : 5년 , 제한보증 / 방열판 미포함 / 두께 : 2.38mm / 8g",https://img.danuri.io/catalog-image/693/562/013/2535f2ac26d54c1e97ce18b9f7a2f55f.jpg?shrink=130:130&_v=20261006080523,https://prod.danawa.com/info/?pcode=13562693&cate=112760
73,삼성전자 980 M.2 NVMe,250GB,"254,990","M.2 (2280) / PCIe3.0x4 (32GT/s) / TLC(토글) / 컨트롤러 : 삼성 Pablo / [성능] 순차읽기 : 3,100MB/s / 순차쓰기 : 2,600MB/s / 읽기IOPS : 400K / 쓰기IOPS : 470K / [지원기능] DEVSLP / HMB / TRIM / SLC캐싱 / GC / S.M.A.R.T / AES 암호화 / 전용 S/W / [환경특성] MTBF : 150만 / TBW : 300TB / SLC : 122GB / A/S기간 : 5년 , 제한보증 / 방열판 미포함 / 두께 : 2.38mm / 8g",https://img.danuri.io/catalog-image/693/562/013/2535f2ac26d54c1e97ce18b9f7a2f55f.jpg?shrink=130:130&_v=20261006080523,https://prod.danawa.com/info/?pcode=13562645&cate=112760
74,Western Digital WD Blue SN5000 M.2 NVMe,4TB,"857,840","M.2 (2280) / PCIe4.0x4 (64GT/s) / TLC / 컨트롤러 : WD Polaris 3 / [성능] 순차읽기 : 5,150MB/s / 순차쓰기 : 4,900MB/s / 읽기IOPS : 730K / 쓰기IOPS : 770K / [지원기능] S.M.A.R.T / SLC캐싱 / TRIM / HMB / 전용 S/W / [환경특성] MTBF : 175만 / TBW : 600TB / A/S기간 : 5년 , 제한보증 / 방열판 미포함 / 두께 : 2.38mm / 5.7g",https://img.danuri.io/catalog-image/211/176/062/c48994c3f7984de29d32906a76a6ceb1.jpg?shrink=130:130&_v=20261006080542,https://prod.danawa.com/info/?pcode=62176130&cate=112760
75,Western Digital WD Blue SN5000 M.2 NVMe,2TB,"545,000","M.2 (2280) / PCIe4.0x4 (64GT/s) / TLC / 컨트롤러 : WD Polaris 3 / [성능] 순차읽기 : 5,150MB/s / 순차쓰기 : 4,900MB/s / 읽기IOPS : 730K / 쓰기IOPS : 770K / [지원기능] S.M.A.R.T / SLC캐싱 / TRIM / HMB / 전용 S/W / [환경특성] MTBF : 175만 / TBW : 600TB / A/S기간 : 5년 , 제한보증 / 방열판 미포함 / 두께 : 2.38mm / 5.7g",https://img.danuri.io/catalog-image/211/176/062/c48994c3f7984de29d32906a76a6ceb1.jpg?shrink=130:130&_v=20261006080542,https://prod.danawa.com/info/?pcode=62176193&cate=112760
76,Western Digital WD Blue SN5000 M.2 NVMe,1TB,"292,640","M.2 (2280) / PCIe4.0x4 (64GT/s) / TLC / 컨트롤러 : WD Polaris 3 / [성능] 순차읽기 : 5,150MB/s / 순차쓰기 : 4,900MB/s / 읽기IOPS : 730K / 쓰기IOPS : 770K / [지원기능] S.M.A.R.T / SLC캐싱 / TRIM / HMB / 전용 S/W / [환경특성] MTBF : 175만 / TBW : 600TB / A/S기간 : 5년 , 제한보증 / 방열판 미포함 / 두께 : 2.38mm / 5.7g",https://img.danuri.io/catalog-image/211/176/062/c48994c3f7984de29d32906a76a6ceb1.jpg?shrink=130:130&_v=20261006080542,https://prod.danawa.com/info/?pcode=62176211&cate=112760
77,Western Digital WD Blue SN5000 M.2 NVMe,500GB,"233,620","M.2 (2280) / PCIe4.0x4 (64GT/s) / TLC / 컨트롤러 : WD Polaris 3 / [성능] 순차읽기 : 5,150MB/s / 순차쓰기 : 4,900MB/s / 읽기IOPS : 730K / 쓰기IOPS : 770K / [지원기능] S.M.A.R.T / SLC캐싱 / TRIM / HMB / 전용 S/W / [환경특성] MTBF : 175만 / TBW : 600TB / A/S기간 : 5년 , 제한보증 / 방열판 미포함 / 두께 : 2.38mm / 5.7g",https://img.danuri.io/catalog-image/211/176/062/c48994c3f7984de29d32906a76a6ceb1.jpg?shrink=130:130&_v=20261006080542,https://prod.danawa.com/info/?pcode=62176226&cate=112760
78,삼성전자 990 EVO Plus M.2 NVMe 병행수입,4TB,"1,050,000","M.2 (2280) / PCIe4.0x4(64GT/s), PCIe5.0x2 / TLC(토글) / 컨트롤러 : 삼성 Piccolo / [성능] 순차읽기 : 7,250MB/s / 순차쓰기 : 6,300MB/s / 읽기IOPS : 1,000K / 쓰기IOPS : 1,350K / [지원기능] TRIM / DEVSLP / HMB / SLC캐싱 / GC / S.M.A.R.T / AES 암호화 / [환경특성] MTBF : 150만 / TBW : 1,200TB / SLC : 216GB / PS5 호환 / 방열판 미포함 / 두께 : 2.38mm / 9g",https://img.danuri.io/catalog-image/598/339/076/49c31c0182ca44559165cbe4e92dcebf.jpg?shrink=130:130&_v=20261006154008,https://prod.danawa.com/info/?pcode=76339616&cate=112760
79,삼성전자 990 EVO Plus M.2 NVMe 병행수입,2TB,"472,480","M.2 (2280) / PCIe4.0x4(64GT/s), PCIe5.0x2 / TLC(토글) / 컨트롤러 : 삼성 Piccolo / [성능] 순차읽기 : 7,250MB/s / 순차쓰기 : 6,300MB/s / 읽기IOPS : 1,000K / 쓰기IOPS : 1,350K / [지원기능] TRIM / DEVSLP / HMB / SLC캐싱 / GC / S.M.A.R.T / AES 암호화 / [환경특성] MTBF : 150만 / TBW : 1,200TB / SLC : 216GB / PS5 호환 / 방열판 미포함 / 두께 : 2.38mm / 9g",https://img.danuri.io/catalog-image/598/339/076/49c31c0182ca44559165cbe4e92dcebf.jpg?shrink=130:130&_v=20261006154008,https://prod.danawa.com/info/?pcode=76339598&cate=112760
80,삼성전자 990 EVO Plus M.2 NVMe 병행수입,1TB,"322,000","M.2 (2280) / PCIe4.0x4(64GT/s), PCIe5.0x2 / TLC(토글) / 컨트롤러 : 삼성 Piccolo / [성능] 순차읽기 : 7,250MB/s / 순차쓰기 : 6,300MB/s / 읽기IOPS : 1,000K / 쓰기IOPS : 1,350K / [지원기능] TRIM / DEVSLP / HMB / SLC캐싱 / GC / S.M.A.R.T / AES 암호화 / [환경특성] MTBF : 150만 / TBW : 1,200TB / SLC : 216GB / PS5 호환 / 방열판 미포함 / 두께 : 2.38mm / 9g",https://img.danuri.io/catalog-image/598/339/076/49c31c0182ca44559165cbe4e92dcebf.jpg?shrink=130:130&_v=20261006154008,https://prod.danawa.com/info/?pcode=92888363&cate=112760
81,BIWIN Black Opal X570 PRO M.2 NVMe,4TB,"1,155,000","M.2 (2280) / PCIe5.0x4 (128GT/s) / TLC / DRAM 탑재 / DDR4 4GB / 컨트롤러 : 실리콘모션 SM2508 / [성능] 순차읽기 : 14,000MB/s / 순차쓰기 : 13,000MB/s / 읽기IOPS : 2,000K / 쓰기IOPS : 1,600K / [지원기능] TRIM / ECC / SLC캐싱 / GC / S.M.A.R.T / [환경특성] MTBF : 150만 / TBW : 3,000TB / PS5 호환 / A/S기간 : 5년 , 제한보증 / 방열판 미포함 / 두께 : 2.5mm / 9g",https://img.danuri.io/catalog-image/731/424/095/26e378440b864054ad6b861e819fd1bc.jpg?shrink=130:130&_v=20261006165849,https://prod.danawa.com/info/?pcode=95424731&cate=112760
82,BIWIN Black Opal X570 PRO M.2 NVMe,2TB,"629,280","M.2 (2280) / PCIe5.0x4 (128GT/s) / TLC / DRAM 탑재 / DDR4 4GB / 컨트롤러 : 실리콘모션 SM2508 / [성능] 순차읽기 : 14,000MB/s / 순차쓰기 : 13,000MB/s / 읽기IOPS : 2,000K / 쓰기IOPS : 1,600K / [지원기능] TRIM / ECC / SLC캐싱 / GC / S.M.A.R.T / [환경특성] MTBF : 150만 / TBW : 3,000TB / PS5 호환 / A/S기간 : 5년 , 제한보증 / 방열판 미포함 / 두께 : 2.5mm / 9g",https://img.danuri.io/catalog-image/731/424/095/26e378440b864054ad6b861e819fd1bc.jpg?shrink=130:130&_v=20261006165849,https://prod.danawa.com/info/?pcode=95424707&cate=112760
83,BIWIN Black Opal X570 PRO M.2 NVMe,1TB,"362,900","M.2 (2280) / PCIe5.0x4 (128GT/s) / TLC / DRAM 탑재 / DDR4 4GB / 컨트롤러 : 실리콘모션 SM2508 / [성능] 순차읽기 : 14,000MB/s / 순차쓰기 : 13,000MB/s / 읽기IOPS : 2,000K / 쓰기IOPS : 1,600K / [지원기능] TRIM / ECC / SLC캐싱 / GC / S.M.A.R.T / [환경특성] MTBF : 150만 / TBW : 3,000TB / PS5 호환 / A/S기간 : 5년 , 제한보증 / 방열판 미포함 / 두께 : 2.5mm / 9g",https://img.danuri.io/catalog-image/731/424/095/26e378440b864054ad6b861e819fd1bc.jpg?shrink=130:130&_v=20261006165849,https://prod.danawa.com/info/?pcode=95424686&cate=112760
84,Sandisk Optimus 5100 M.2 NVMe,4TB,"1,083,980","M.2 (2280) / PCIe4.0x4 (64GT/s) / QLC / 컨트롤러 : WD / [성능] 순차읽기 : 6,600MB/s / 순차쓰기 : 5,600MB/s / 읽기IOPS : 660K / 쓰기IOPS : 1,100K / [지원기능] TRIM / HMB / SLC캐싱 / S.M.A.R.T / [환경특성] MTBF : 175만 / TBW : 300TB / PS5 호환 / A/S기간 : 5년 , 제한보증 / 방열판 미포함 / 두께 : 2.38mm / 5.7g",https://img.danuri.io/catalog-image/752/669/122/054dc38725b24cb69432e92144b081c0.jpeg?shrink=130:130&_v=20261006103748,https://prod.danawa.com/info/?pcode=122669782&cate=112760
85,Sandisk Optimus 5100 M.2 NVMe,2TB,"622,990","M.2 (2280) / PCIe4.0x4 (64GT/s) / QLC / 컨트롤러 : WD / [성능] 순차읽기 : 6,600MB/s / 순차쓰기 : 5,600MB/s / 읽기IOPS : 660K / 쓰기IOPS : 1,100K / [지원기능] TRIM / HMB / SLC캐싱 / S.M.A.R.T / [환경특성] MTBF : 175만 / TBW : 300TB / PS5 호환 / A/S기간 : 5년 , 제한보증 / 방열판 미포함 / 두께 : 2.38mm / 5.7g",https://img.danuri.io/catalog-image/752/669/122/054dc38725b24cb69432e92144b081c0.jpeg?shrink=130:130&_v=20261006103748,https://prod.danawa.com/info/?pcode=122669695&cate=112760
86,Sandisk Optimus 5100 M.2 NVMe,1TB,"333,990","M.2 (2280) / PCIe4.0x4 (64GT/s) / QLC / 컨트롤러 : WD / [성능] 순차읽기 : 6,600MB/s / 순차쓰기 : 5,600MB/s / 읽기IOPS : 660K / 쓰기IOPS : 1,100K / [지원기능] TRIM / HMB / SLC캐싱 / S.M.A.R.T / [환경특성] MTBF : 175만 / TBW : 300TB / PS5 호환 / A/S기간 : 5년 , 제한보증 / 방열판 미포함 / 두께 : 2.38mm / 5.7g",https://img.danuri.io/catalog-image/752/669/122/054dc38725b24cb69432e92144b081c0.jpeg?shrink=130:130&_v=20261006103748,https://prod.danawa.com/info/?pcode=122669740&cate=112760
87,Sandisk Optimus 5100 M.2 NVMe,500GB,"176,570","M.2 (2280) / PCIe4.0x4 (64GT/s) / QLC / 컨트롤러 : WD / [성능] 순차읽기 : 6,600MB/s / 순차쓰기 : 5,600MB/s / 읽기IOPS : 660K / 쓰기IOPS : 1,100K / [지원기능] TRIM / HMB / SLC캐싱 / S.M.A.R.T / [환경특성] MTBF : 175만 / TBW : 300TB / PS5 호환 / A/S기간 : 5년 , 제한보증 / 방열판 미포함 / 두께 : 2.38mm / 5.7g",https://img.danuri.io/catalog-image/752/669/122/054dc38725b24cb69432e92144b081c0.jpeg?shrink=130:130&_v=20261006103748,https://prod.danawa.com/info/?pcode=122669752&cate=112760
88,삼성전자 990 PRO 히트싱크 M.2 NVMe,4TB,"1,690,990","M.2 (2280) / PCIe4.0x4 (64GT/s) / TLC(토글) / DRAM 탑재 / DDR4 1GB / 컨트롤러 : 삼성 Pascal / [성능] 순차읽기 : 7,450MB/s / 순차쓰기 : 6,900MB/s / 읽기IOPS : 1,200K / 쓰기IOPS : 1,550K / [지원기능] GC / S.M.A.R.T / SLC캐싱 / TRIM / DEVSLP / RGB/LED / AES 암호화 / 전용 S/W / [환경특성] MTBF : 150만 / TBW : 600TB / SLC : 114GB / PS5 호환 / A/S기간 : 제한보증 , 5년 / 방열판 포함 / 두께 : 8.2mm / 28g",https://img.danuri.io/catalog-image/144/600/020/d7efc07e48bc4393b4e1f8d81314be34.jpg?shrink=130:130&_v=20261006162003,https://prod.danawa.com/info/?pcode=30612962&cate=112760
89,삼성전자 990 PRO 히트싱크 M.2 NVMe,2TB,"776,670","M.2 (2280) / PCIe4.0x4 (64GT/s) / TLC(토글) / DRAM 탑재 / DDR4 1GB / 컨트롤러 : 삼성 Pascal / [성능] 순차읽기 : 7,450MB/s / 순차쓰기 : 6,900MB/s / 읽기IOPS : 1,200K / 쓰기IOPS : 1,550K / [지원기능] GC / S.M.A.R.T / SLC캐싱 / TRIM / DEVSLP / RGB/LED / AES 암호화 / 전용 S/W / [환경특성] MTBF : 150만 / TBW : 600TB / SLC : 114GB / PS5 호환 / A/S기간 : 제한보증 , 5년 / 방열판 포함 / 두께 : 8.2mm / 28g",https://img.danuri.io/catalog-image/144/600/020/d7efc07e48bc4393b4e1f8d81314be34.jpg?shrink=130:130&_v=20261006162003,https://prod.danawa.com/info/?pcode=20600147&cate=112760
90,삼성전자 990 PRO 히트싱크 M.2 NVMe,1TB,"406,800","M.2 (2280) / PCIe4.0x4 (64GT/s) / TLC(토글) / DRAM 탑재 / DDR4 1GB / 컨트롤러 : 삼성 Pascal / [성능] 순차읽기 : 7,450MB/s / 순차쓰기 : 6,900MB/s / 읽기IOPS : 1,200K / 쓰기IOPS : 1,550K / [지원기능] GC / S.M.A.R.T / SLC캐싱 / TRIM / DEVSLP / RGB/LED / AES 암호화 / 전용 S/W / [환경특성] MTBF : 150만 / TBW : 600TB / SLC : 114GB / PS5 호환 / A/S기간 : 제한보증 , 5년 / 방열판 포함 / 두께 : 8.2mm / 28g",https://img.danuri.io/catalog-image/144/600/020/d7efc07e48bc4393b4e1f8d81314be34.jpg?shrink=130:130&_v=20261006162003,https://prod.danawa.com/info/?pcode=20600144&cate=112760
91,Apacer AS2280Q4X M.2 NVMe,2TB,"439,000","M.2 (2280) / PCIe4.0x4 (64GT/s) / 컨트롤러 : 기타 / [성능] 순차읽기 : 5,000MB/s / 순차쓰기 : 4,400MB/s / 읽기IOPS : 750K / 쓰기IOPS : 750K / [지원기능] S.M.A.R.T / SLC캐싱 / ECC / [환경특성] MTBF : 150만 / TBW : 600TB / A/S기간 : 3년 , 제한보증 / 방열판 미포함 / 두께 : 2.25mm / 7.6g 닫기",https://img.danuri.io/catalog-image/819/328/100/e26794d92c6d40018990c4fb3cd1c938.jpg?shrink=130:130&_v=20261006080536,https://prod.danawa.com/info/?pcode=100328870&cate=112760
92,Apacer AS2280Q4X M.2 NVMe,1TB,"259,000","M.2 (2280) / PCIe4.0x4 (64GT/s) / 컨트롤러 : 기타 / [성능] 순차읽기 : 5,000MB/s / 순차쓰기 : 4,400MB/s / 읽기IOPS : 750K / 쓰기IOPS : 750K / [지원기능] S.M.A.R.T / SLC캐싱 / ECC / [환경특성] MTBF : 150만 / TBW : 600TB / A/S기간 : 3년 , 제한보증 / 방열판 미포함 / 두께 : 2.25mm / 7.6g 닫기",https://img.danuri.io/catalog-image/819/328/100/e26794d92c6d40018990c4fb3cd1c938.jpg?shrink=130:130&_v=20261006080536,https://prod.danawa.com/info/?pcode=100328819&cate=112760
93,Apacer AS2280Q4X M.2 NVMe,512GB,"165,000","M.2 (2280) / PCIe4.0x4 (64GT/s) / 컨트롤러 : 기타 / [성능] 순차읽기 : 5,000MB/s / 순차쓰기 : 4,400MB/s / 읽기IOPS : 750K / 쓰기IOPS : 750K / [지원기능] S.M.A.R.T / SLC캐싱 / ECC / [환경특성] MTBF : 150만 / TBW : 600TB / A/S기간 : 3년 , 제한보증 / 방열판 미포함 / 두께 : 2.25mm / 7.6g 닫기",https://img.danuri.io/catalog-image/819/328/100/e26794d92c6d40018990c4fb3cd1c938.jpg?shrink=130:130&_v=20261006080536,https://prod.danawa.com/info/?pcode=100328783&cate=112760
94,GIGABYTE Gen4 4000E M.2 NVMe 제이씨현,1TB,"283,810","M.2 (2280) / PCIe4.0x4 (64GT/s) / TLC / 컨트롤러 : 파이슨 E19T / [성능] 순차읽기 : 3,600MB/s / 순차쓰기 : 3,000MB/s / 읽기IOPS : 362K / 쓰기IOPS : 775K / [지원기능] TRIM / HMB / S.M.A.R.T / 전용 S/W / [환경특성] MTBF : 150만 / TBW : 300TB / A/S기간 : 제한보증 , 3년 / 방열판 미포함 / 두께 : 2.3mm 닫기",https://img.danuri.io/catalog-image/958/931/075/1665f9d3dca74a82abd2663b7744e645.jpg?shrink=130:130&_v=20261006124108,https://prod.danawa.com/info/?pcode=75931919&cate=112760
95,GIGABYTE Gen4 4000E M.2 NVMe 제이씨현,500GB,"142,800","M.2 (2280) / PCIe4.0x4 (64GT/s) / TLC / 컨트롤러 : 파이슨 E19T / [성능] 순차읽기 : 3,600MB/s / 순차쓰기 : 3,000MB/s / 읽기IOPS : 362K / 쓰기IOPS : 775K / [지원기능] TRIM / HMB / S.M.A.R.T / 전용 S/W / [환경특성] MTBF : 150만 / TBW : 300TB / A/S기간 : 제한보증 , 3년 / 방열판 미포함 / 두께 : 2.3mm 닫기",https://img.danuri.io/catalog-image/958/931/075/1665f9d3dca74a82abd2663b7744e645.jpg?shrink=130:130&_v=20261006124108,https://prod.danawa.com/info/?pcode=75931958&cate=112760
96,Seagate 파이어쿠다 530R M.2 NVMe,4TB,"1,284,900","M.2 (2280) / PCIe4.0x4 (64GT/s) / TLC / DRAM 탑재 / DDR4 2GB / 컨트롤러 : 파이슨 PS5018-E18 / [성능] 순차읽기 : 7,400MB/s / 순차쓰기 : 6,900MB/s / 읽기IOPS : 1,300K / 쓰기IOPS : 1,300K / [지원기능] TRIM / S.M.A.R.T / SLC캐싱 / GC / DEVSLP / 전용 S/W / [환경특성] MTBF : 180만 / TBW : 2,400TB / PS5 호환 / A/S기간 : 5년 , 데이터 복구 3년 , 제한보증 / 방열판 미포함 / 두께 : 3.58mm / 8.8g 닫기",https://img.danuri.io/catalog-image/369/436/061/c92195ae3f3b44b09488ee7565ee4844.jpg?shrink=130:130&_v=20261006080535,https://prod.danawa.com/info/?pcode=61436288&cate=112760
97,Seagate 파이어쿠다 530R M.2 NVMe,2TB,"592,800","M.2 (2280) / PCIe4.0x4 (64GT/s) / TLC / DRAM 탑재 / DDR4 2GB / 컨트롤러 : 파이슨 PS5018-E18 / [성능] 순차읽기 : 7,400MB/s / 순차쓰기 : 6,900MB/s / 읽기IOPS : 1,300K / 쓰기IOPS : 1,300K / [지원기능] TRIM / S.M.A.R.T / SLC캐싱 / GC / DEVSLP / 전용 S/W / [환경특성] MTBF : 180만 / TBW : 2,400TB / PS5 호환 / A/S기간 : 5년 , 데이터 복구 3년 , 제한보증 / 방열판 미포함 / 두께 : 3.58mm / 8.8g 닫기",https://img.danuri.io/catalog-image/369/436/061/c92195ae3f3b44b09488ee7565ee4844.jpg?shrink=130:130&_v=20261006080535,https://prod.danawa.com/info/?pcode=61436369&cate=112760
98,삼성전자 990 PRO M.2 NVMe 병행수입,4TB,"1,106,450","M.2 (2280) / PCIe4.0x4 (64GT/s) / TLC(토글) / DRAM 탑재 / DDR4 2GB / 컨트롤러 : 삼성 Pascal / [성능] 순차읽기 : 7,450MB/s / 순차쓰기 : 6,900MB/s / 읽기IOPS : 1,400K / 쓰기IOPS : 1,550K / [지원기능] TRIM / DEVSLP / SLC캐싱 / GC / S.M.A.R.T / AES 암호화 / 전용 S/W / [환경특성] MTBF : 150만 / TBW : 1,200TB / SLC : 226GB / PS5 호환 / 방열판 미포함 / 두께 : 2.3mm / 9g 닫기",https://img.danuri.io/catalog-image/834/518/018/cfc352c5d42149a78da07587b309f24d.jpg?shrink=130:130&_v=20261006163934,https://prod.danawa.com/info/?pcode=41420363&cate=112760
99,삼성전자 990 PRO M.2 NVMe 병행수입,2TB,"563,540","M.2 (2280) / PCIe4.0x4 (64GT/s) / TLC(토글) / DRAM 탑재 / DDR4 2GB / 컨트롤러 : 삼성 Pascal / [성능] 순차읽기 : 7,450MB/s / 순차쓰기 : 6,900MB/s / 읽기IOPS : 1,400K / 쓰기IOPS : 1,550K / [지원기능] TRIM / DEVSLP / SLC캐싱 / GC / S.M.A.R.T / AES 암호화 / 전용 S/W / [환경특성] MTBF : 150만 / TBW : 1,200TB / SLC : 226GB / PS5 호환 / 방열판 미포함 / 두께 : 2.3mm / 9g 닫기",https://img.danuri.io/catalog-image/834/518/018/cfc352c5d42149a78da07587b309f24d.jpg?shrink=130:130&_v=20261006163934,https://prod.danawa.com/info/?pcode=18518834&cate=112760
100,삼성전자 990 PRO M.2 NVMe 병행수입,1TB,"369,860","M.2 (2280) / PCIe4.0x4 (64GT/s) / TLC(토글) / DRAM 탑재 / DDR4 2GB / 컨트롤러 : 삼성 Pascal / [성능] 순차읽기 : 7,450MB/s / 순차쓰기 : 6,900MB/s / 읽기IOPS : 1,400K / 쓰기IOPS : 1,550K / [지원기능] TRIM / DEVSLP / SLC캐싱 / GC / S.M.A.R.T / AES 암호화 / 전용 S/W / [환경특성] MTBF : 150만 / TBW : 1,200TB / SLC : 226GB / PS5 호환 / 방열판 미포함 / 두께 : 2.3mm / 9g 닫기",https://img.danuri.io/catalog-image/834/518/018/cfc352c5d42149a78da07587b309f24d.jpg?shrink=130:130&_v=20261006163934,https://prod.danawa.com/info/?pcode=18518807&cate=112760
101,Apacer AS350X,1TB,"225,000","6.4cm(2.5형) / SATA3 (6Gb/s) / 컨트롤러 : 기타 / [성능] 순차읽기 : 560MB/s / 순차쓰기 : 540MB/s / 읽기IOPS : 81K / 쓰기IOPS : 74K / [지원기능] TRIM / ECC / SLC캐싱 / S.M.A.R.T / 전용 S/W / [환경특성] MTBF : 150만 / TBW : 180TB / A/S기간 : 제한보증 , 3년 / 두께 : 6.9mm / 48g 닫기",https://img.danuri.io/catalog-image/744/382/100/a7c84cb8fff04ad894644503636851fa.jpg?shrink=130:130&_v=20261006080431,https://prod.danawa.com/info/?pcode=100382792&cate=112760
102,Apacer AS350X,512GB,"129,000","6.4cm(2.5형) / SATA3 (6Gb/s) / 컨트롤러 : 기타 / [성능] 순차읽기 : 560MB/s / 순차쓰기 : 540MB/s / 읽기IOPS : 81K / 쓰기IOPS : 74K / [지원기능] TRIM / ECC / SLC캐싱 / S.M.A.R.T / 전용 S/W / [환경특성] MTBF : 150만 / TBW : 180TB / A/S기간 : 제한보증 , 3년 / 두께 : 6.9mm / 48g 닫기",https://img.danuri.io/catalog-image/744/382/100/a7c84cb8fff04ad894644503636851fa.jpg?shrink=130:130&_v=20261006080431,https://prod.danawa.com/info/?pcode=100382771&cate=112760
103,Apacer AS350X,256GB,"77,000","6.4cm(2.5형) / SATA3 (6Gb/s) / 컨트롤러 : 기타 / [성능] 순차읽기 : 560MB/s / 순차쓰기 : 540MB/s / 읽기IOPS : 81K / 쓰기IOPS : 74K / [지원기능] TRIM / ECC / SLC캐싱 / S.M.A.R.T / 전용 S/W / [환경특성] MTBF : 150만 / TBW : 180TB / A/S기간 : 제한보증 , 3년 / 두께 : 6.9mm / 48g 닫기",https://img.danuri.io/catalog-image/744/382/100/a7c84cb8fff04ad894644503636851fa.jpg?shrink=130:130&_v=20261006080431,https://prod.danawa.com/info/?pcode=100382744&cate=112760
104,트랜센드 SSD225S,2TB,"909,490","6.4cm(2.5형) / SATA3 (6Gb/s) / TLC / 컨트롤러 : 기타 / [성능] 순차읽기 : 560MB/s / 순차쓰기 : 500MB/s / 읽기IOPS : 55K / 쓰기IOPS : 80K / [지원기능] DEVSLP / TRIM / ECC / SLC캐싱 / GC / S.M.A.R.T / 전용 S/W / [환경특성] MTBF : 200만 / TBW : 720TB / A/S기간 : 5년 , 제한보증 / 두께 : 6.8mm / 45g 닫기",https://img.danuri.io/catalog-image/115/719/017/aef2caeaeb7a4ef0842e4fc8c584e745.jpg?shrink=130:130&_v=20261006080542,https://prod.danawa.com/info/?pcode=17719115&cate=112760
105,트랜센드 SSD225S,1TB,"383,000","6.4cm(2.5형) / SATA3 (6Gb/s) / TLC / 컨트롤러 : 기타 / [성능] 순차읽기 : 560MB/s / 순차쓰기 : 500MB/s / 읽기IOPS : 55K / 쓰기IOPS : 80K / [지원기능] DEVSLP / TRIM / ECC / SLC캐싱 / GC / S.M.A.R.T / 전용 S/W / [환경특성] MTBF : 200만 / TBW : 720TB / A/S기간 : 5년 , 제한보증 / 두께 : 6.8mm / 45g 닫기",https://img.danuri.io/catalog-image/115/719/017/aef2caeaeb7a4ef0842e4fc8c584e745.jpg?shrink=130:130&_v=20261006080542,https://prod.danawa.com/info/?pcode=17719241&cate=112760
106,트랜센드 SSD225S,500GB,"169,000","6.4cm(2.5형) / SATA3 (6Gb/s) / TLC / 컨트롤러 : 기타 / [성능] 순차읽기 : 560MB/s / 순차쓰기 : 500MB/s / 읽기IOPS : 55K / 쓰기IOPS : 80K / [지원기능] DEVSLP / TRIM / ECC / SLC캐싱 / GC / S.M.A.R.T / 전용 S/W / [환경특성] MTBF : 200만 / TBW : 720TB / A/S기간 : 5년 , 제한보증 / 두께 : 6.8mm / 45g 닫기",https://img.danuri.io/catalog-image/115/719/017/aef2caeaeb7a4ef0842e4fc8c584e745.jpg?shrink=130:130&_v=20261006080542,https://prod.danawa.com/info/?pcode=17719292&cate=112760
107,트랜센드 SSD225S,250GB,"125,000","6.4cm(2.5형) / SATA3 (6Gb/s) / TLC / 컨트롤러 : 기타 / [성능] 순차읽기 : 560MB/s / 순차쓰기 : 500MB/s / 읽기IOPS : 55K / 쓰기IOPS : 80K / [지원기능] DEVSLP / TRIM / ECC / SLC캐싱 / GC / S.M.A.R.T / 전용 S/W / [환경특성] MTBF : 200만 / TBW : 720TB / A/S기간 : 5년 , 제한보증 / 두께 : 6.8mm / 45g 닫기",https://img.danuri.io/catalog-image/115/719/017/aef2caeaeb7a4ef0842e4fc8c584e745.jpg?shrink=130:130&_v=20261006080542,https://prod.danawa.com/info/?pcode=17719367&cate=112760
108,ESSENCORE KLEVV CRAS C925G M.2 NVMe,1TB,"285,600","M.2 (2280) / PCIe4.0x4 (64GT/s) / TLC / 컨트롤러 : Maxio MAP1602 / [성능] 순차읽기 : 7,400MB/s / 순차쓰기 : 6,300MB/s / 읽기IOPS : 670K / 쓰기IOPS : 980K / [지원기능] TRIM / ECC / HMB / SLC캐싱 / S.M.A.R.T / AES 암호화 / 전용 S/W / [환경특성] TBW : 1,200TB / PS5 호환 / A/S기간 : 5년 , 제한보증 / 방열판 포함 / 두께 : 2.8mm / 9g 닫기",https://img.danuri.io/catalog-image/699/814/094/083b3e56c9a3495ea07bb284160a0eec.jpg?shrink=130:130&_v=20261006140543,https://prod.danawa.com/info/?pcode=94814699&cate=112760
109,ESSENCORE KLEVV CRAS C925G M.2 NVMe,2TB,"498,970","M.2 (2280) / PCIe4.0x4 (64GT/s) / TLC / 컨트롤러 : Maxio MAP1602 / [성능] 순차읽기 : 7,400MB/s / 순차쓰기 : 6,300MB/s / 읽기IOPS : 670K / 쓰기IOPS : 980K / [지원기능] TRIM / ECC / HMB / SLC캐싱 / S.M.A.R.T / AES 암호화 / 전용 S/W / [환경특성] TBW : 1,200TB / PS5 호환 / A/S기간 : 5년 , 제한보증 / 방열판 포함 / 두께 : 2.8mm / 9g 닫기",https://img.danuri.io/catalog-image/699/814/094/083b3e56c9a3495ea07bb284160a0eec.jpg?shrink=130:130&_v=20261006140543,https://prod.danawa.com/info/?pcode=94814663&cate=112760
110,Western Digital WD BLACK SN7100 M.2 NVMe,4TB,"1,008,810","M.2 (2280) / PCIe4.0x4 (64GT/s) / TLC / 컨트롤러 : WD Polaris 3 / [성능] 순차읽기 : 7,250MB/s / 순차쓰기 : 6,900MB/s / 읽기IOPS : 1,000K / 쓰기IOPS : 1,400K / [지원기능] TRIM / HMB / SLC캐싱 / S.M.A.R.T / [환경특성] TBW : 1,200TB / SLC : 650GB / PS5 호환 / A/S기간 : 5년 , 제한보증 / 방열판 미포함 / 두께 : 1.14mm / 5.8g 닫기",https://img.danuri.io/catalog-image/173/118/074/d2228da658db4e81af8d25b56dce5fed.jpg?shrink=130:130&_v=20261006080541,https://prod.danawa.com/info/?pcode=75001856&cate=112760
111,Western Digital WD BLACK SN7100 M.2 NVMe,2TB,"432,150","M.2 (2280) / PCIe4.0x4 (64GT/s) / TLC / 컨트롤러 : WD Polaris 3 / [성능] 순차읽기 : 7,250MB/s / 순차쓰기 : 6,900MB/s / 읽기IOPS : 1,000K / 쓰기IOPS : 1,400K / [지원기능] TRIM / HMB / SLC캐싱 / S.M.A.R.T / [환경특성] TBW : 1,200TB / SLC : 650GB / PS5 호환 / A/S기간 : 5년 , 제한보증 / 방열판 미포함 / 두께 : 1.14mm / 5.8g 닫기",https://img.danuri.io/catalog-image/173/118/074/d2228da658db4e81af8d25b56dce5fed.jpg?shrink=130:130&_v=20261006080541,https://prod.danawa.com/info/?pcode=74118173&cate=112760
112,Western Digital WD BLACK SN7100 M.2 NVMe,1TB,"333,990","M.2 (2280) / PCIe4.0x4 (64GT/s) / TLC / 컨트롤러 : WD Polaris 3 / [성능] 순차읽기 : 7,250MB/s / 순차쓰기 : 6,900MB/s / 읽기IOPS : 1,000K / 쓰기IOPS : 1,400K / [지원기능] TRIM / HMB / SLC캐싱 / S.M.A.R.T / [환경특성] TBW : 1,200TB / SLC : 650GB / PS5 호환 / A/S기간 : 5년 , 제한보증 / 방열판 미포함 / 두께 : 1.14mm / 5.8g 닫기",https://img.danuri.io/catalog-image/173/118/074/d2228da658db4e81af8d25b56dce5fed.jpg?shrink=130:130&_v=20261006080541,https://prod.danawa.com/info/?pcode=74118179&cate=112760
113,Western Digital WD BLACK SN7100 M.2 NVMe,500GB,"344,990","M.2 (2280) / PCIe4.0x4 (64GT/s) / TLC / 컨트롤러 : WD Polaris 3 / [성능] 순차읽기 : 7,250MB/s / 순차쓰기 : 6,900MB/s / 읽기IOPS : 1,000K / 쓰기IOPS : 1,400K / [지원기능] TRIM / HMB / SLC캐싱 / S.M.A.R.T / [환경특성] TBW : 1,200TB / SLC : 650GB / PS5 호환 / A/S기간 : 5년 , 제한보증 / 방열판 미포함 / 두께 : 1.14mm / 5.8g 닫기",https://img.danuri.io/catalog-image/173/118/074/d2228da658db4e81af8d25b56dce5fed.jpg?shrink=130:130&_v=20261006080541,https://prod.danawa.com/info/?pcode=74118188&cate=112760
114,키오시아 EXCERIA BASIC M.2 NVMe,2TB,"514,990","M.2 (2280) / PCIe4.0x4 (64GT/s) / QLC / 컨트롤러 : 기타 / [성능] 순차읽기 : 7,200MB/s / 순차쓰기 : 6,600MB/s / 읽기IOPS : 1,000K / 쓰기IOPS : 1,150K / [지원기능] TRIM / S.M.A.R.T / SLC캐싱 / HMB / GC / 전용 S/W / [환경특성] MTBF : 150만 / TBW : 300TB / PS5 호환 / A/S기간 : 5년 , 제한보증 / 방열판 미포함 / 두께 : 2.38mm / 5.6g 닫기",https://img.danuri.io/catalog-image/817/545/101/fa8aa4ec5e3f446a812c3c4285ce89e6.jpg?shrink=130:130&_v=20261006080431,https://prod.danawa.com/info/?pcode=101545757&cate=112760
115,키오시아 EXCERIA BASIC M.2 NVMe,1TB,"298,000","M.2 (2280) / PCIe4.0x4 (64GT/s) / QLC / 컨트롤러 : 기타 / [성능] 순차읽기 : 7,200MB/s / 순차쓰기 : 6,600MB/s / 읽기IOPS : 1,000K / 쓰기IOPS : 1,150K / [지원기능] TRIM / S.M.A.R.T / SLC캐싱 / HMB / GC / 전용 S/W / [환경특성] MTBF : 150만 / TBW : 300TB / PS5 호환 / A/S기간 : 5년 , 제한보증 / 방열판 미포함 / 두께 : 2.38mm / 5.6g 닫기",https://img.danuri.io/catalog-image/817/545/101/fa8aa4ec5e3f446a812c3c4285ce89e6.jpg?shrink=130:130&_v=20261006080431,https://prod.danawa.com/info/?pcode=101545817&cate=112760
116,키오시아 EXCERIA,480GB,"137,550","6.4cm(2.5형) / SATA3 (6Gb/s) / TLC(토글) / 컨트롤러 : KIOXIA / [성능] 순차읽기 : 555MB/s / 순차쓰기 : 530MB/s / 읽기IOPS : 82K / 쓰기IOPS : 88K / [지원기능] GC / S.M.A.R.T / SLC캐싱 / TRIM / ECC / DEVSLP / 전용 S/W / [환경특성] MTBF : 150만 / TBW : 120TB / A/S기간 : 3년 , 제한보증 / 두께 : 7mm / 46g 닫기",https://img.danuri.io/catalog-image/967/282/011/a5321158774f412f90432c4b6f4b3b90.jpg?shrink=130:130&_v=20261006153059,https://prod.danawa.com/info/?pcode=11282967&cate=112760
117,Western Digital WD Blue SA510 해외구매,4TB,"145,260",6.4cm(2.5형) / SATA3 (6Gb/s) / TLC / 컨트롤러 : WD / [성능] 순차읽기 : 560MB/s / 순차쓰기 : 520MB/s / 읽기IOPS : 87K / 쓰기IOPS : 83K / [지원기능] TRIM / SLC캐싱 / S.M.A.R.T / [환경특성] MTBF : 175만 / TBW : 600TB / 두께 : 7mm 닫기,https://img.danuri.io/catalog-image/927/421/061/3084018b25cc4360b427a54290149fb9.jpg?shrink=130:130&_v=20261006080431,https://prod.danawa.com/info/?pcode=61421927&cate=112760
118,Western Digital WD Blue SA510 해외구매,2TB,"187,440",6.4cm(2.5형) / SATA3 (6Gb/s) / TLC / 컨트롤러 : WD / [성능] 순차읽기 : 560MB/s / 순차쓰기 : 520MB/s / 읽기IOPS : 87K / 쓰기IOPS : 83K / [지원기능] TRIM / SLC캐싱 / S.M.A.R.T / [환경특성] MTBF : 175만 / TBW : 600TB / 두께 : 7mm 닫기,https://img.danuri.io/catalog-image/927/421/061/3084018b25cc4360b427a54290149fb9.jpg?shrink=130:130&_v=20261006080431,https://prod.danawa.com/info/?pcode=59763380&cate=112760
119,Western Digital WD Blue SA510 해외구매,1TB,"187,440",6.4cm(2.5형) / SATA3 (6Gb/s) / TLC / 컨트롤러 : WD / [성능] 순차읽기 : 560MB/s / 순차쓰기 : 520MB/s / 읽기IOPS : 87K / 쓰기IOPS : 83K / [지원기능] TRIM / SLC캐싱 / S.M.A.R.T / [환경특성] MTBF : 175만 / TBW : 600TB / 두께 : 7mm 닫기,https://img.danuri.io/catalog-image/927/421/061/3084018b25cc4360b427a54290149fb9.jpg?shrink=130:130&_v=20261006080431,https://prod.danawa.com/info/?pcode=74055824&cate=112760
120,Western Digital WD Blue SA510 해외구매,500GB,"280,410",6.4cm(2.5형) / SATA3 (6Gb/s) / TLC / 컨트롤러 : WD / [성능] 순차읽기 : 560MB/s / 순차쓰기 : 520MB/s / 읽기IOPS : 87K / 쓰기IOPS : 83K / [지원기능] TRIM / SLC캐싱 / S.M.A.R.T / [환경특성] MTBF : 175만 / TBW : 600TB / 두께 : 7mm 닫기,https://img.danuri.io/catalog-image/927/421/061/3084018b25cc4360b427a54290149fb9.jpg?shrink=130:130&_v=20261006080431,https://prod.danawa.com/info/?pcode=74055227&cate=112760
121,키오시아 EXCERIA 히트싱크 M.2 NVMe,4TB,"930,000","M.2 (2280) / PCIe4.0x4 (64GT/s) / TLC(토글) / DRAM 탑재 / 컨트롤러 : KIOXIA / [성능] 순차읽기 : 6,200MB/s / 순차쓰기 : 4,900MB/s / 읽기IOPS : 830K / 쓰기IOPS : 450K / [지원기능] TRIM / ECC / SLC캐싱 / S.M.A.R.T / MTBF : 150만 / TBW : 1,200TB / PS5 호환 / A/S기간 : 제한보증 , 5년 / 방열판 포함 / 두께 : 11.2mm / 45g 닫기",https://img.danuri.io/catalog-image/640/971/074/49fc3ef26a4740f3ad1ffb9b75bdb1f4.jpg?shrink=130:130&_v=20261006165429,https://prod.danawa.com/info/?pcode=99125576&cate=112760
122,키오시아 EXCERIA 히트싱크 M.2 NVMe,2TB,"582,730","M.2 (2280) / PCIe4.0x4 (64GT/s) / TLC(토글) / DRAM 탑재 / 컨트롤러 : KIOXIA / [성능] 순차읽기 : 6,200MB/s / 순차쓰기 : 4,900MB/s / 읽기IOPS : 830K / 쓰기IOPS : 450K / [지원기능] TRIM / ECC / SLC캐싱 / S.M.A.R.T / MTBF : 150만 / TBW : 1,200TB / PS5 호환 / A/S기간 : 제한보증 , 5년 / 방열판 포함 / 두께 : 11.2mm / 45g 닫기",https://img.danuri.io/catalog-image/640/971/074/49fc3ef26a4740f3ad1ffb9b75bdb1f4.jpg?shrink=130:130&_v=20261006165429,https://prod.danawa.com/info/?pcode=74971640&cate=112760
123,키오시아 EXCERIA 히트싱크 M.2 NVMe,1TB,"400,000","M.2 (2280) / PCIe4.0x4 (64GT/s) / TLC(토글) / DRAM 탑재 / 컨트롤러 : KIOXIA / [성능] 순차읽기 : 6,200MB/s / 순차쓰기 : 4,900MB/s / 읽기IOPS : 830K / 쓰기IOPS : 450K / [지원기능] TRIM / ECC / SLC캐싱 / S.M.A.R.T / MTBF : 150만 / TBW : 1,200TB / PS5 호환 / A/S기간 : 제한보증 , 5년 / 방열판 포함 / 두께 : 11.2mm / 45g 닫기",https://img.danuri.io/catalog-image/640/971/074/49fc3ef26a4740f3ad1ffb9b75bdb1f4.jpg?shrink=130:130&_v=20261006165429,https://prod.danawa.com/info/?pcode=74971610&cate=112760
124,COLORFUL CN600 M.2 NVMe 디앤디컴,512GB,"129,000","M.2 (2280) / PCIe3.0x4 (32GT/s) / TLC / 컨트롤러 : 기타 / [성능] 순차읽기 : 3,200MB/s / 순차쓰기 : 2,000MB/s / [환경특성] A/S기간 : 3년 / 방열판 미포함 / 두께 : 3mm / [기타] 26년 7월부로 상품정보 변경(순차쓰기/컨트롤러) 닫기",https://img.danuri.io/catalog-image/520/583/015/3bd219ed98b94af6b18b728d7181e976.jpg?shrink=130:130&_v=20261006083023,https://prod.danawa.com/info/?pcode=15583520&cate=112760
125,COLORFUL CN600 M.2 NVMe 디앤디컴,256GB,"79,000","M.2 (2280) / PCIe3.0x4 (32GT/s) / TLC / 컨트롤러 : 기타 / [성능] 순차읽기 : 3,200MB/s / 순차쓰기 : 2,000MB/s / [환경특성] A/S기간 : 3년 / 방열판 미포함 / 두께 : 3mm / [기타] 26년 7월부로 상품정보 변경(순차쓰기/컨트롤러) 닫기",https://img.danuri.io/catalog-image/520/583/015/3bd219ed98b94af6b18b728d7181e976.jpg?shrink=130:130&_v=20261006083023,https://prod.danawa.com/info/?pcode=15583340&cate=112760
126,Apacer AS2280P4X M.2 NVMe,1TB,"242,000","M.2 (2280) / PCIe3.0x4 (32GT/s) / 컨트롤러 : 기타 / [성능] 순차읽기 : 2,100MB/s / 순차쓰기 : 1,700MB/s / 읽기IOPS : 530K / 쓰기IOPS : 420K / [지원기능] ECC / SLC캐싱 / S.M.A.R.T / [환경특성] MTBF : 150만 / TBW : 350TB / A/S기간 : 3년 , 제한보증 / 방열판 미포함 / 두께 : 2.25mm / 6.8g 닫기",https://img.danuri.io/catalog-image/047/329/100/07ef298165124be29df07eecd83c9827.jpg?shrink=130:130&_v=20261006080431,https://prod.danawa.com/info/?pcode=100329047&cate=112760
127,Apacer AS2280P4X M.2 NVMe,512GB,"156,000","M.2 (2280) / PCIe3.0x4 (32GT/s) / 컨트롤러 : 기타 / [성능] 순차읽기 : 2,100MB/s / 순차쓰기 : 1,700MB/s / 읽기IOPS : 530K / 쓰기IOPS : 420K / [지원기능] ECC / SLC캐싱 / S.M.A.R.T / [환경특성] MTBF : 150만 / TBW : 350TB / A/S기간 : 3년 , 제한보증 / 방열판 미포함 / 두께 : 2.25mm / 6.8g 닫기",https://img.danuri.io/catalog-image/047/329/100/07ef298165124be29df07eecd83c9827.jpg?shrink=130:130&_v=20261006080431,https://prod.danawa.com/info/?pcode=100329014&cate=112760
128,Western Digital WD BLACK SN8100 M.2 NVMe,4TB,"1,609,380","M.2 (2280) / PCIe5.0x4 (128GT/s) / TLC / DRAM 탑재 / DDR4 1GB / 컨트롤러 : 실리콘모션 SM2508 / [성능] 순차읽기 : 14,900MB/s / 순차쓰기 : 11,000MB/s / 읽기IOPS : 1,600K / 쓰기IOPS : 2,400K / [지원기능] TRIM / SLC캐싱 / S.M.A.R.T / [환경특성] MTBF : 175만 / TBW : 600TB / PS5 호환 / A/S기간 : 제한보증 , 5년 / 방열판 미포함 / 두께 : 2.38mm / 7.5g 닫기",https://img.danuri.io/catalog-image/393/186/092/7a7fb77b373d41a78c18735069d6e828.jpg?shrink=130:130&_v=20261006145954,https://prod.danawa.com/info/?pcode=92184953&cate=112760
129,Western Digital WD BLACK SN8100 M.2 NVMe,2TB,"799,580","M.2 (2280) / PCIe5.0x4 (128GT/s) / TLC / DRAM 탑재 / DDR4 1GB / 컨트롤러 : 실리콘모션 SM2508 / [성능] 순차읽기 : 14,900MB/s / 순차쓰기 : 11,000MB/s / 읽기IOPS : 1,600K / 쓰기IOPS : 2,400K / [지원기능] TRIM / SLC캐싱 / S.M.A.R.T / [환경특성] MTBF : 175만 / TBW : 600TB / PS5 호환 / A/S기간 : 제한보증 , 5년 / 방열판 미포함 / 두께 : 2.38mm / 7.5g 닫기",https://img.danuri.io/catalog-image/393/186/092/7a7fb77b373d41a78c18735069d6e828.jpg?shrink=130:130&_v=20261006145954,https://prod.danawa.com/info/?pcode=92186342&cate=112760
130,Western Digital WD BLACK SN8100 M.2 NVMe,1TB,"425,750","M.2 (2280) / PCIe5.0x4 (128GT/s) / TLC / DRAM 탑재 / DDR4 1GB / 컨트롤러 : 실리콘모션 SM2508 / [성능] 순차읽기 : 14,900MB/s / 순차쓰기 : 11,000MB/s / 읽기IOPS : 1,600K / 쓰기IOPS : 2,400K / [지원기능] TRIM / SLC캐싱 / S.M.A.R.T / [환경특성] MTBF : 175만 / TBW : 600TB / PS5 호환 / A/S기간 : 제한보증 , 5년 / 방열판 미포함 / 두께 : 2.38mm / 7.5g 닫기",https://img.danuri.io/catalog-image/393/186/092/7a7fb77b373d41a78c18735069d6e828.jpg?shrink=130:130&_v=20261006145954,https://prod.danawa.com/info/?pcode=92186393&cate=112760
131,키오시아 EXCERIA PLUS G3 M.2 NVMe,2TB,"559,000","M.2 (2280) / PCIe4.0x4 (64GT/s) / TLC / 컨트롤러 : KIOXIA / [성능] 순차읽기 : 5,000MB/s / 순차쓰기 : 3,900MB/s / 읽기IOPS : 680K / 쓰기IOPS : 950K / [지원기능] HMB / TRIM / ECC / SLC캐싱 / GC / S.M.A.R.T / 전용 S/W / [환경특성] MTBF : 150만 / TBW : 1,200TB / A/S기간 : 5년 , 제한보증 / 방열판 미포함 / 두께 : 2.63mm / 7g 닫기",https://img.danuri.io/catalog-image/118/271/030/3dc876b941ef449aaa1b6be78aa348d1.jpg?shrink=130:130&_v=20261006161028,https://prod.danawa.com/info/?pcode=30271118&cate=112760
132,키오시아 EXCERIA PLUS G3 M.2 NVMe,1TB,"348,650","M.2 (2280) / PCIe4.0x4 (64GT/s) / TLC / 컨트롤러 : KIOXIA / [성능] 순차읽기 : 5,000MB/s / 순차쓰기 : 3,900MB/s / 읽기IOPS : 680K / 쓰기IOPS : 950K / [지원기능] HMB / TRIM / ECC / SLC캐싱 / GC / S.M.A.R.T / 전용 S/W / [환경특성] MTBF : 150만 / TBW : 1,200TB / A/S기간 : 5년 , 제한보증 / 방열판 미포함 / 두께 : 2.63mm / 7g 닫기",https://img.danuri.io/catalog-image/118/271/030/3dc876b941ef449aaa1b6be78aa348d1.jpg?shrink=130:130&_v=20261006161028,https://prod.danawa.com/info/?pcode=30271115&cate=112760
133,Sandisk Optimus GX PRO 850X M.2 NVMe,4TB,"1,658,000","M.2 (2280) / PCIe4.0x4 (64GT/s) / TLC / DRAM 탑재 / DDR4 1GB / 컨트롤러 : WD / [성능] 순차읽기 : 7,300MB/s / 순차쓰기 : 6,600MB/s / 읽기IOPS : 800K / 쓰기IOPS : 1,100K / [지원기능] TRIM / SLC캐싱 / S.M.A.R.T / 전용 S/W / [환경특성] MTBF : 175만 / TBW : 600TB / PS5 호환 / A/S기간 : 5년 , 제한보증 / 방열판 미포함 / 두께 : 2.38mm / 7.5g 닫기",https://img.danuri.io/catalog-image/989/667/122/64881e6b7ebc4bd1ba87e5afbc7f4605.jpeg?shrink=130:130&_v=20261006080705,https://prod.danawa.com/info/?pcode=122667889&cate=112760
134,Sandisk Optimus GX PRO 850X M.2 NVMe,2TB,"879,410","M.2 (2280) / PCIe4.0x4 (64GT/s) / TLC / DRAM 탑재 / DDR4 1GB / 컨트롤러 : WD / [성능] 순차읽기 : 7,300MB/s / 순차쓰기 : 6,600MB/s / 읽기IOPS : 800K / 쓰기IOPS : 1,100K / [지원기능] TRIM / SLC캐싱 / S.M.A.R.T / 전용 S/W / [환경특성] MTBF : 175만 / TBW : 600TB / PS5 호환 / A/S기간 : 5년 , 제한보증 / 방열판 미포함 / 두께 : 2.38mm / 7.5g 닫기",https://img.danuri.io/catalog-image/989/667/122/64881e6b7ebc4bd1ba87e5afbc7f4605.jpeg?shrink=130:130&_v=20261006080705,https://prod.danawa.com/info/?pcode=122667976&cate=112760
135,Sandisk Optimus GX PRO 850X M.2 NVMe,1TB,"442,990","M.2 (2280) / PCIe4.0x4 (64GT/s) / TLC / DRAM 탑재 / DDR4 1GB / 컨트롤러 : WD / [성능] 순차읽기 : 7,300MB/s / 순차쓰기 : 6,600MB/s / 읽기IOPS : 800K / 쓰기IOPS : 1,100K / [지원기능] TRIM / SLC캐싱 / S.M.A.R.T / 전용 S/W / [환경특성] MTBF : 175만 / TBW : 600TB / PS5 호환 / A/S기간 : 5년 , 제한보증 / 방열판 미포함 / 두께 : 2.38mm / 7.5g 닫기",https://img.danuri.io/catalog-image/989/667/122/64881e6b7ebc4bd1ba87e5afbc7f4605.jpeg?shrink=130:130&_v=20261006080705,https://prod.danawa.com/info/?pcode=122667989&cate=112760
136,삼성전자 990 M.2 NVMe,2TB,"669,600","M.2 (2280) / PCIe4.0x4 (64GT/s) / QLC / 컨트롤러 : 삼성 PiccoloQ / [성능] 순차읽기 : 7,150MB/s / 순차쓰기 : 6,450MB/s / 읽기IOPS : 700K / 쓰기IOPS : 1,100K / [지원기능] TRIM / S.M.A.R.T / SLC캐싱 / HMB / GC / DEVSLP / AES 암호화 / 전용 S/W / [환경특성] MTBF : 150만 / TBW : 400TB / PS5 호환 / A/S기간 : 3년 , 제한보증 / 방열판 미포함 / 두께 : 2.38mm / 9g 닫기",https://img.danuri.io/catalog-image/360/606/123/6de82de5bf9645828800dfef64415ee5.jpeg?shrink=130:130&_v=20261006142143,https://prod.danawa.com/info/?pcode=123606381&cate=112760
137,삼성전자 990 M.2 NVMe,1TB,"305,950","M.2 (2280) / PCIe4.0x4 (64GT/s) / QLC / 컨트롤러 : 삼성 PiccoloQ / [성능] 순차읽기 : 7,150MB/s / 순차쓰기 : 6,450MB/s / 읽기IOPS : 700K / 쓰기IOPS : 1,100K / [지원기능] TRIM / S.M.A.R.T / SLC캐싱 / HMB / GC / DEVSLP / AES 암호화 / 전용 S/W / [환경특성] MTBF : 150만 / TBW : 400TB / PS5 호환 / A/S기간 : 3년 , 제한보증 / 방열판 미포함 / 두께 : 2.38mm / 9g 닫기",https://img.danuri.io/catalog-image/360/606/123/6de82de5bf9645828800dfef64415ee5.jpeg?shrink=130:130&_v=20261006142143,https://prod.danawa.com/info/?pcode=123606360&cate=112760
138,마이크론 Crucial P310 M.2 NVMe 대원씨티에스,1TB,"296,280","M.2 (2280) / PCIe4.0x4 (64GT/s) / QLC / 컨트롤러 : 파이슨 PS5027-E27 / [성능] 순차읽기 : 7,100MB/s / 순차쓰기 : 6,000MB/s / 읽기IOPS : 1,000K / 쓰기IOPS : 1,200K / [지원기능] TRIM / S.M.A.R.T / SLC캐싱 / HMB / GC / ECC / [환경특성] MTBF : 150만 / TBW : 220TB / PS5 호환 / A/S기간 : 5년 , 제한보증 / 방열판 미포함 / 두께 : 2.3mm / 10g 닫기",https://img.danuri.io/catalog-image/961/852/067/a41ef17ea4a4437dafbef92793a1649a.jpeg?shrink=130:130&_v=20261006163223,https://prod.danawa.com/info/?pcode=67852961&cate=112760
139,마이크론 Crucial P310 M.2 NVMe 대원씨티에스,500GB,"223,200","M.2 (2280) / PCIe4.0x4 (64GT/s) / QLC / 컨트롤러 : 파이슨 PS5027-E27 / [성능] 순차읽기 : 7,100MB/s / 순차쓰기 : 6,000MB/s / 읽기IOPS : 1,000K / 쓰기IOPS : 1,200K / [지원기능] TRIM / S.M.A.R.T / SLC캐싱 / HMB / GC / ECC / [환경특성] MTBF : 150만 / TBW : 220TB / PS5 호환 / A/S기간 : 5년 , 제한보증 / 방열판 미포함 / 두께 : 2.3mm / 10g 닫기",https://img.danuri.io/catalog-image/961/852/067/a41ef17ea4a4437dafbef92793a1649a.jpeg?shrink=130:130&_v=20261006163223,https://prod.danawa.com/info/?pcode=67852964&cate=112760
140,삼성전자 PM9A1 M.2 NVMe 병행수입,2TB,"618,000","M.2 (2280) / PCIe4.0x4 (64GT/s) / TLC(토글) / DRAM 탑재 / DDR4 512MB / 컨트롤러 : 삼성 Elpis / [성능] 순차읽기 : 6,900MB/s / 순차쓰기 : 5,000MB/s / 읽기IOPS : 800K / 쓰기IOPS : 800K / [지원기능] TRIM / S.M.A.R.T / SLC캐싱 / AES 암호화 / [환경특성] MTBF : 150만 / TBW : 300TB / SLC : 94GB / PS5 호환 / 방열판 미포함 / 두께 : 2.38mm / 9g / [기타] 중고 확인 요망 닫기",https://img.danuri.io/catalog-image/977/344/013/227b06925a504871b846e7f32e8f2c0f.jpg?shrink=130:130&_v=20261006162538,https://prod.danawa.com/info/?pcode=13276304&cate=112760
141,삼성전자 PM9A1 M.2 NVMe 병행수입,1TB,"363,240","M.2 (2280) / PCIe4.0x4 (64GT/s) / TLC(토글) / DRAM 탑재 / DDR4 512MB / 컨트롤러 : 삼성 Elpis / [성능] 순차읽기 : 6,900MB/s / 순차쓰기 : 5,000MB/s / 읽기IOPS : 800K / 쓰기IOPS : 800K / [지원기능] TRIM / S.M.A.R.T / SLC캐싱 / AES 암호화 / [환경특성] MTBF : 150만 / TBW : 300TB / SLC : 94GB / PS5 호환 / 방열판 미포함 / 두께 : 2.38mm / 9g / [기타] 중고 확인 요망 닫기",https://img.danuri.io/catalog-image/977/344/013/227b06925a504871b846e7f32e8f2c0f.jpg?shrink=130:130&_v=20261006162538,https://prod.danawa.com/info/?pcode=13276568&cate=112760
142,삼성전자 PM9A1 M.2 NVMe 병행수입,512GB,"245,000","M.2 (2280) / PCIe4.0x4 (64GT/s) / TLC(토글) / DRAM 탑재 / DDR4 512MB / 컨트롤러 : 삼성 Elpis / [성능] 순차읽기 : 6,900MB/s / 순차쓰기 : 5,000MB/s / 읽기IOPS : 800K / 쓰기IOPS : 800K / [지원기능] TRIM / S.M.A.R.T / SLC캐싱 / AES 암호화 / [환경특성] MTBF : 150만 / TBW : 300TB / SLC : 94GB / PS5 호환 / 방열판 미포함 / 두께 : 2.38mm / 9g / [기타] 중고 확인 요망 닫기",https://img.danuri.io/catalog-image/977/344/013/227b06925a504871b846e7f32e8f2c0f.jpg?shrink=130:130&_v=20261006162538,https://prod.danawa.com/info/?pcode=13344977&cate=112760
143,삼성전자 PM9A1 M.2 NVMe 병행수입,256GB,"131,980","M.2 (2280) / PCIe4.0x4 (64GT/s) / TLC(토글) / DRAM 탑재 / DDR4 512MB / 컨트롤러 : 삼성 Elpis / [성능] 순차읽기 : 6,900MB/s / 순차쓰기 : 5,000MB/s / 읽기IOPS : 800K / 쓰기IOPS : 800K / [지원기능] TRIM / S.M.A.R.T / SLC캐싱 / AES 암호화 / [환경특성] MTBF : 150만 / TBW : 300TB / SLC : 94GB / PS5 호환 / 방열판 미포함 / 두께 : 2.38mm / 9g / [기타] 중고 확인 요망 닫기",https://img.danuri.io/catalog-image/977/344/013/227b06925a504871b846e7f32e8f2c0f.jpg?shrink=130:130&_v=20261006162538,https://prod.danawa.com/info/?pcode=13293902&cate=112760
144,삼성전자 PM9A1 M.2 NVMe 중고,2TB,"568,000","M.2 (2280) / PCIe4.0x4 (64GT/s) / TLC(토글) / DRAM 탑재 / DDR4 512MB / 컨트롤러 : 삼성 Elpis / [성능] 순차읽기 : 6,900MB/s / 순차쓰기 : 5,000MB/s / 읽기IOPS : 800K / 쓰기IOPS : 800K / [지원기능] TRIM / S.M.A.R.T / SLC캐싱 / AES 암호화 / [환경특성] MTBF : 150만 / TBW : 300TB / SLC : 94GB / PS5 호환 / 방열판 미포함 / 두께 : 2.38mm / 9g 닫기",https://img.danuri.io/catalog-image/306/691/100/28f06baec6644beeb9e3aba5688e5152.jpg?shrink=130:130&_v=20261006080542,https://prod.danawa.com/info/?pcode=122699039&cate=112760
145,삼성전자 PM9A1 M.2 NVMe 중고,1TB,"287,000","M.2 (2280) / PCIe4.0x4 (64GT/s) / TLC(토글) / DRAM 탑재 / DDR4 512MB / 컨트롤러 : 삼성 Elpis / [성능] 순차읽기 : 6,900MB/s / 순차쓰기 : 5,000MB/s / 읽기IOPS : 800K / 쓰기IOPS : 800K / [지원기능] TRIM / S.M.A.R.T / SLC캐싱 / AES 암호화 / [환경특성] MTBF : 150만 / TBW : 300TB / SLC : 94GB / PS5 호환 / 방열판 미포함 / 두께 : 2.38mm / 9g 닫기",https://img.danuri.io/catalog-image/306/691/100/28f06baec6644beeb9e3aba5688e5152.jpg?shrink=130:130&_v=20261006080542,https://prod.danawa.com/info/?pcode=98782121&cate=112760
146,삼성전자 PM9A1 M.2 NVMe 중고,512GB,"173,880","M.2 (2280) / PCIe4.0x4 (64GT/s) / TLC(토글) / DRAM 탑재 / DDR4 512MB / 컨트롤러 : 삼성 Elpis / [성능] 순차읽기 : 6,900MB/s / 순차쓰기 : 5,000MB/s / 읽기IOPS : 800K / 쓰기IOPS : 800K / [지원기능] TRIM / S.M.A.R.T / SLC캐싱 / AES 암호화 / [환경특성] MTBF : 150만 / TBW : 300TB / SLC : 94GB / PS5 호환 / 방열판 미포함 / 두께 : 2.38mm / 9g 닫기",https://img.danuri.io/catalog-image/306/691/100/28f06baec6644beeb9e3aba5688e5152.jpg?shrink=130:130&_v=20261006080542,https://prod.danawa.com/info/?pcode=100691306&cate=112760
147,삼성전자 PM9A1 M.2 NVMe 중고,256GB,"79,000","M.2 (2280) / PCIe4.0x4 (64GT/s) / TLC(토글) / DRAM 탑재 / DDR4 512MB / 컨트롤러 : 삼성 Elpis / [성능] 순차읽기 : 6,900MB/s / 순차쓰기 : 5,000MB/s / 읽기IOPS : 800K / 쓰기IOPS : 800K / [지원기능] TRIM / S.M.A.R.T / SLC캐싱 / AES 암호화 / [환경특성] MTBF : 150만 / TBW : 300TB / SLC : 94GB / PS5 호환 / 방열판 미포함 / 두께 : 2.38mm / 9g 닫기",https://img.danuri.io/catalog-image/306/691/100/28f06baec6644beeb9e3aba5688e5152.jpg?shrink=130:130&_v=20261006080542,https://prod.danawa.com/info/?pcode=102760391&cate=112760
148,TeamGroup MP44L M.2 NVMe 서린,1TB,"299,000","M.2 (2280) / PCIe4.0x4 (64GT/s) / TLC / 컨트롤러 : 기타 / [성능] 순차읽기 : 5,000MB/s / 순차쓰기 : 3,700MB/s / 읽기IOPS : 440K / 쓰기IOPS : 545K / [지원기능] HMB / TRIM / ECC / SLC캐싱 / GC / S.M.A.R.T / [환경특성] MTBF : 150만 / TBW : 300TB / A/S기간 : 제한보증 , 5년 / 방열판 미포함 / 두께 : 2.25mm / 7g 닫기",https://img.danuri.io/catalog-image/501/983/018/06f1c3208b3a4defa1eb97976b00a95c.jpg?shrink=130:130&_v=20261006151233,https://prod.danawa.com/info/?pcode=18983489&cate=112760
149,TeamGroup MP44L M.2 NVMe 서린,500GB,"199,000","M.2 (2280) / PCIe4.0x4 (64GT/s) / TLC / 컨트롤러 : 기타 / [성능] 순차읽기 : 5,000MB/s / 순차쓰기 : 3,700MB/s / 읽기IOPS : 440K / 쓰기IOPS : 545K / [지원기능] HMB / TRIM / ECC / SLC캐싱 / GC / S.M.A.R.T / [환경특성] MTBF : 150만 / TBW : 300TB / A/S기간 : 제한보증 , 5년 / 방열판 미포함 / 두께 : 2.25mm / 7g 닫기",https://img.danuri.io/catalog-image/501/983/018/06f1c3208b3a4defa1eb97976b00a95c.jpg?shrink=130:130&_v=20261006151233,https://prod.danawa.com/info/?pcode=18983501&cate=112760
150,삼성전자 870 EVO 병행수입,4TB,"1,878,770",6.4cm(2.5형) / SATA3 (6Gb/s) / TLC(토글) / DRAM 탑재 / DDR3 512MB / 컨트롤러 : 삼성 MKX / [성능] 순차읽기 : 560MB/s / 순차쓰기 : 530MB/s / 읽기IOPS : 98K / 쓰기IOPS : 88K / [지원기능] TRIM / SLC캐싱 / GC / S.M.A.R.T / AES 암호화 / 전용 S/W / [환경특성] MTBF : 150만 / TBW : 600TB / SLC : 22GB / 두께 : 6.8mm / 45g 닫기,https://img.danuri.io/catalog-image/010/312/013/8108650852004251b5e264e78c79fad7.jpg?shrink=130:130&_v=20261006080431,https://prod.danawa.com/info/?pcode=13860719&cate=112760
151,삼성전자 870 EVO 병행수입,2TB,"977,970",6.4cm(2.5형) / SATA3 (6Gb/s) / TLC(토글) / DRAM 탑재 / DDR3 512MB / 컨트롤러 : 삼성 MKX / [성능] 순차읽기 : 560MB/s / 순차쓰기 : 530MB/s / 읽기IOPS : 98K / 쓰기IOPS : 88K / [지원기능] TRIM / SLC캐싱 / GC / S.M.A.R.T / AES 암호화 / 전용 S/W / [환경특성] MTBF : 150만 / TBW : 600TB / SLC : 22GB / 두께 : 6.8mm / 45g 닫기,https://img.danuri.io/catalog-image/010/312/013/8108650852004251b5e264e78c79fad7.jpg?shrink=130:130&_v=20261006080431,https://prod.danawa.com/info/?pcode=13417007&cate=112760
152,삼성전자 870 EVO 병행수입,1TB,"411,960",6.4cm(2.5형) / SATA3 (6Gb/s) / TLC(토글) / DRAM 탑재 / DDR3 512MB / 컨트롤러 : 삼성 MKX / [성능] 순차읽기 : 560MB/s / 순차쓰기 : 530MB/s / 읽기IOPS : 98K / 쓰기IOPS : 88K / [지원기능] TRIM / SLC캐싱 / GC / S.M.A.R.T / AES 암호화 / 전용 S/W / [환경특성] MTBF : 150만 / TBW : 600TB / SLC : 22GB / 두께 : 6.8mm / 45g 닫기,https://img.danuri.io/catalog-image/010/312/013/8108650852004251b5e264e78c79fad7.jpg?shrink=130:130&_v=20261006080431,https://prod.danawa.com/info/?pcode=13311974&cate=112760
153,삼성전자 870 EVO 병행수입,500GB,"288,830",6.4cm(2.5형) / SATA3 (6Gb/s) / TLC(토글) / DRAM 탑재 / DDR3 512MB / 컨트롤러 : 삼성 MKX / [성능] 순차읽기 : 560MB/s / 순차쓰기 : 530MB/s / 읽기IOPS : 98K / 쓰기IOPS : 88K / [지원기능] TRIM / SLC캐싱 / GC / S.M.A.R.T / AES 암호화 / 전용 S/W / [환경특성] MTBF : 150만 / TBW : 600TB / SLC : 22GB / 두께 : 6.8mm / 45g 닫기,https://img.danuri.io/catalog-image/010/312/013/8108650852004251b5e264e78c79fad7.jpg?shrink=130:130&_v=20261006080431,https://prod.danawa.com/info/?pcode=13312010&cate=112760
154,삼성전자 PM981 M.2 NVMe 병행수입,1TB,"304,240","M.2 (2280) / PCIe3.0x4 (32GT/s) / TLC / DRAM 탑재 / 컨트롤러 : 삼성 Phoenix / [성능] 순차읽기 : 3,000MB/s / 순차쓰기 : 1,800MB/s / 읽기IOPS : 최대 270K / 쓰기IOPS : 최대 420K / [지원기능] SLC캐싱 / [환경특성] 방열판 미포함 / 두께 : 2.38mm / [기타] 중고, 벌크 여부 확인요망/ 컨트롤러 확인 요망 닫기",https://img.danuri.io/catalog-image/285/702/005/a55d42850a2e4ad1a41ccce1fe36a83c.jpg?shrink=130:130&_v=20261006080445,https://prod.danawa.com/info/?pcode=5702297&cate=112760
155,삼성전자 PM981 M.2 NVMe 병행수입,512GB,"184,900","M.2 (2280) / PCIe3.0x4 (32GT/s) / TLC / DRAM 탑재 / 컨트롤러 : 삼성 Phoenix / [성능] 순차읽기 : 3,000MB/s / 순차쓰기 : 1,800MB/s / 읽기IOPS : 최대 270K / 쓰기IOPS : 최대 420K / [지원기능] SLC캐싱 / [환경특성] 방열판 미포함 / 두께 : 2.38mm / [기타] 중고, 벌크 여부 확인요망/ 컨트롤러 확인 요망 닫기",https://img.danuri.io/catalog-image/285/702/005/a55d42850a2e4ad1a41ccce1fe36a83c.jpg?shrink=130:130&_v=20261006080445,https://prod.danawa.com/info/?pcode=5702285&cate=112760
156,삼성전자 PM981 M.2 NVMe 병행수입,256GB,"77,900","M.2 (2280) / PCIe3.0x4 (32GT/s) / TLC / DRAM 탑재 / 컨트롤러 : 삼성 Phoenix / [성능] 순차읽기 : 3,000MB/s / 순차쓰기 : 1,800MB/s / 읽기IOPS : 최대 270K / 쓰기IOPS : 최대 420K / [지원기능] SLC캐싱 / [환경특성] 방열판 미포함 / 두께 : 2.38mm / [기타] 중고, 벌크 여부 확인요망/ 컨트롤러 확인 요망 닫기",https://img.danuri.io/catalog-image/285/702/005/a55d42850a2e4ad1a41ccce1fe36a83c.jpg?shrink=130:130&_v=20261006080445,https://prod.danawa.com/info/?pcode=6012363&cate=112760
157,Western Digital WD RED SN700 M.2 NVMe,4TB,"880,770","M.2 (2280) / PCIe3.0x4 (32GT/s) / TLC / DRAM 탑재 / DDR4 2GB / 컨트롤러 : WD / [성능] 순차읽기 : 3,400MB/s / 순차쓰기 : 3,100MB/s / 읽기IOPS : 550K / 쓰기IOPS : 520K / [지원기능] TRIM / SLC캐싱 / S.M.A.R.T / [환경특성] MTBF : 175만 / TBW : 5,100TB / A/S기간 : 5년 , 제한보증 / 방열판 미포함 / 두께 : 2.38mm / 7.5g 닫기",https://img.danuri.io/catalog-image/271/000/079/9bd48ef7eb554ca6b43fe1afddb38f90.jpg?shrink=130:130&_v=20261006160433,https://prod.danawa.com/info/?pcode=79000271&cate=112760
158,Western Digital WD RED SN700 M.2 NVMe,2TB,"544,040","M.2 (2280) / PCIe3.0x4 (32GT/s) / TLC / DRAM 탑재 / DDR4 2GB / 컨트롤러 : WD / [성능] 순차읽기 : 3,400MB/s / 순차쓰기 : 3,100MB/s / 읽기IOPS : 550K / 쓰기IOPS : 520K / [지원기능] TRIM / SLC캐싱 / S.M.A.R.T / [환경특성] MTBF : 175만 / TBW : 5,100TB / A/S기간 : 5년 , 제한보증 / 방열판 미포함 / 두께 : 2.38mm / 7.5g 닫기",https://img.danuri.io/catalog-image/271/000/079/9bd48ef7eb554ca6b43fe1afddb38f90.jpg?shrink=130:130&_v=20261006160433,https://prod.danawa.com/info/?pcode=79000193&cate=112760
159,Western Digital WD RED SN700 M.2 NVMe,1TB,"409,990","M.2 (2280) / PCIe3.0x4 (32GT/s) / TLC / DRAM 탑재 / DDR4 2GB / 컨트롤러 : WD / [성능] 순차읽기 : 3,400MB/s / 순차쓰기 : 3,100MB/s / 읽기IOPS : 550K / 쓰기IOPS : 520K / [지원기능] TRIM / SLC캐싱 / S.M.A.R.T / [환경특성] MTBF : 175만 / TBW : 5,100TB / A/S기간 : 5년 , 제한보증 / 방열판 미포함 / 두께 : 2.38mm / 7.5g 닫기",https://img.danuri.io/catalog-image/271/000/079/9bd48ef7eb554ca6b43fe1afddb38f90.jpg?shrink=130:130&_v=20261006160433,https://prod.danawa.com/info/?pcode=58030037&cate=112760
160,Sandisk Optimus GX 7100 M.2 NVMe,4TB,"1,548,350","M.2 (2280) / PCIe4.0x4 (64GT/s) / TLC / 컨트롤러 : WD / [성능] 순차읽기 : 6,800MB/s / 순차쓰기 : 5,800MB/s / 읽기IOPS : 760K / 쓰기IOPS : 1,200K / [지원기능] HMB / TRIM / SLC캐싱 / S.M.A.R.T / [환경특성] MTBF : 175만 / TBW : 300TB / PS5 호환 / A/S기간 : 5년 , 제한보증 / 방열판 미포함 / 두께 : 2.38mm / 5.8g 닫기",https://img.danuri.io/catalog-image/528/669/122/c8e16dd1f6e443cf809f94a41e32cbe4.jpeg?shrink=130:130&_v=20261006152534,https://prod.danawa.com/info/?pcode=122669472&cate=112760
161,Sandisk Optimus GX 7100 M.2 NVMe,2TB,"797,400","M.2 (2280) / PCIe4.0x4 (64GT/s) / TLC / 컨트롤러 : WD / [성능] 순차읽기 : 6,800MB/s / 순차쓰기 : 5,800MB/s / 읽기IOPS : 760K / 쓰기IOPS : 1,200K / [지원기능] HMB / TRIM / SLC캐싱 / S.M.A.R.T / [환경특성] MTBF : 175만 / TBW : 300TB / PS5 호환 / A/S기간 : 5년 , 제한보증 / 방열판 미포함 / 두께 : 2.38mm / 5.8g 닫기",https://img.danuri.io/catalog-image/528/669/122/c8e16dd1f6e443cf809f94a41e32cbe4.jpeg?shrink=130:130&_v=20261006152534,https://prod.danawa.com/info/?pcode=122669499&cate=112760
162,Sandisk Optimus GX 7100 M.2 NVMe,1TB,"412,550","M.2 (2280) / PCIe4.0x4 (64GT/s) / TLC / 컨트롤러 : WD / [성능] 순차읽기 : 6,800MB/s / 순차쓰기 : 5,800MB/s / 읽기IOPS : 760K / 쓰기IOPS : 1,200K / [지원기능] HMB / TRIM / SLC캐싱 / S.M.A.R.T / [환경특성] MTBF : 175만 / TBW : 300TB / PS5 호환 / A/S기간 : 5년 , 제한보증 / 방열판 미포함 / 두께 : 2.38mm / 5.8g 닫기",https://img.danuri.io/catalog-image/528/669/122/c8e16dd1f6e443cf809f94a41e32cbe4.jpeg?shrink=130:130&_v=20261006152534,https://prod.danawa.com/info/?pcode=122669509&cate=112760
163,Sandisk Optimus GX 7100 M.2 NVMe,500GB,"206,990","M.2 (2280) / PCIe4.0x4 (64GT/s) / TLC / 컨트롤러 : WD / [성능] 순차읽기 : 6,800MB/s / 순차쓰기 : 5,800MB/s / 읽기IOPS : 760K / 쓰기IOPS : 1,200K / [지원기능] HMB / TRIM / SLC캐싱 / S.M.A.R.T / [환경특성] MTBF : 175만 / TBW : 300TB / PS5 호환 / A/S기간 : 5년 , 제한보증 / 방열판 미포함 / 두께 : 2.38mm / 5.8g 닫기",https://img.danuri.io/catalog-image/528/669/122/c8e16dd1f6e443cf809f94a41e32cbe4.jpeg?shrink=130:130&_v=20261006152534,https://prod.danawa.com/info/?pcode=122669528&cate=112760
164,삼성전자 PM9E1 M.2 NVMe 벌크,1TB,"430,000","M.2 (2280) / PCIe5.0x4 (128GT/s) / TLC(토글) / DRAM 탑재 / 컨트롤러 : 삼성 Presto / [성능] 순차읽기 : 12,200MB/s / 순차쓰기 : 6,300MB/s / 읽기IOPS : 800K / 쓰기IOPS : 1,360K / [지원기능] S.M.A.R.T / SLC캐싱 / TRIM / AES 암호화 / [환경특성] MTBF : 150만 / TBW : 300TB / 방열판 미포함 / 두께 : 2.38mm / 9g / [기타] 노트북 적출상품 닫기",https://img.danuri.io/catalog-image/614/449/103/af0a9674777047bba630abf47f0c1559.jpg?shrink=130:130&_v=20261006080431,https://prod.danawa.com/info/?pcode=103450037&cate=112760
165,삼성전자 PM9E1 M.2 NVMe 벌크,512GB,"259,000","M.2 (2280) / PCIe5.0x4 (128GT/s) / TLC(토글) / DRAM 탑재 / 컨트롤러 : 삼성 Presto / [성능] 순차읽기 : 12,200MB/s / 순차쓰기 : 6,300MB/s / 읽기IOPS : 800K / 쓰기IOPS : 1,360K / [지원기능] S.M.A.R.T / SLC캐싱 / TRIM / AES 암호화 / [환경특성] MTBF : 150만 / TBW : 300TB / 방열판 미포함 / 두께 : 2.38mm / 9g / [기타] 노트북 적출상품 닫기",https://img.danuri.io/catalog-image/614/449/103/af0a9674777047bba630abf47f0c1559.jpg?shrink=130:130&_v=20261006080431,https://prod.danawa.com/info/?pcode=103449614&cate=112760
166,BIWIN NV7200 M.2 NVMe,2TB,"460,750","M.2 (2280) / PCIe4.0x4 (64GT/s) / QLC / 컨트롤러 : Maxio / [성능] 순차읽기 : 7,200MB/s / 순차쓰기 : 6,200MB/s / 읽기IOPS : 1,000K / 쓰기IOPS : 800K / [지원기능] HMB / TRIM / ECC / SLC캐싱 / GC / [환경특성] MTBF : 150만 / TBW : 400TB / PS5 호환 / A/S기간 : 5년 , 제한보증 / 방열판 미포함 / 두께 : 2.45mm / 9g 닫기",https://img.danuri.io/catalog-image/535/270/100/aab3de3245524386b7e07f708a291ea2.jpg?shrink=130:130&_v=20261006165453,https://prod.danawa.com/info/?pcode=100270616&cate=112760
167,BIWIN NV7200 M.2 NVMe,1TB,"262,200","M.2 (2280) / PCIe4.0x4 (64GT/s) / QLC / 컨트롤러 : Maxio / [성능] 순차읽기 : 7,200MB/s / 순차쓰기 : 6,200MB/s / 읽기IOPS : 1,000K / 쓰기IOPS : 800K / [지원기능] HMB / TRIM / ECC / SLC캐싱 / GC / [환경특성] MTBF : 150만 / TBW : 400TB / PS5 호환 / A/S기간 : 5년 , 제한보증 / 방열판 미포함 / 두께 : 2.45mm / 9g 닫기",https://img.danuri.io/catalog-image/535/270/100/aab3de3245524386b7e07f708a291ea2.jpg?shrink=130:130&_v=20261006165453,https://prod.danawa.com/info/?pcode=100270535&cate=112760
168,Lexar NM620 M.2 NVMe,512GB,"158,290","M.2 (2280) / PCIe3.0x4 (32GT/s) / TLC / 컨트롤러 : 기타 / [성능] 순차읽기 : 3,500MB/s / 순차쓰기 : 2,400MB/s / 읽기IOPS : 200K / 쓰기IOPS : 256K / [지원기능] HMB / 전용 S/W / [환경특성] MTBF : 150만 / TBW : 250TB / A/S기간 : 5년 / 방열판 미포함 / 두께 : 2.25mm / 9g 닫기",https://img.danuri.io/catalog-image/428/150/018/0ea13e2945fa4bca9434b21502b259b4.jpg?shrink=130:130&_v=20261006134223,https://prod.danawa.com/info/?pcode=18150428&cate=112760
169,Lexar NM620 M.2 NVMe,256GB,"99,750","M.2 (2280) / PCIe3.0x4 (32GT/s) / TLC / 컨트롤러 : 기타 / [성능] 순차읽기 : 3,500MB/s / 순차쓰기 : 2,400MB/s / 읽기IOPS : 200K / 쓰기IOPS : 256K / [지원기능] HMB / 전용 S/W / [환경특성] MTBF : 150만 / TBW : 250TB / A/S기간 : 5년 / 방열판 미포함 / 두께 : 2.25mm / 9g 닫기",https://img.danuri.io/catalog-image/428/150/018/0ea13e2945fa4bca9434b21502b259b4.jpg?shrink=130:130&_v=20261006134223,https://prod.danawa.com/info/?pcode=18150146&cate=112760
170,PATRIOT P300 M.2 NVMe,2TB,"505,800","M.2 (2280) / PCIe3.0x4 (32GT/s) / QLC / 컨트롤러 : Maxio / [성능] 순차읽기 : 3,000MB/s / 순차쓰기 : 2,500MB/s / 읽기IOPS : 290K / 쓰기IOPS : 260K / [지원기능] TRIM / S.M.A.R.T / HMB / GC / ECC / 전용 S/W / [환경특성] MTBF : 150만 / TBW : 240TB / A/S기간 : 5년 , 제한보증 / 방열판 미포함 / 두께 : 3.8mm / 20g / [기타] 26년 9월부로 메모리타입 TLC→QLC 변경 닫기",https://img.danuri.io/catalog-image/274/826/012/4bceb99199164cf1a548b3d4718fcfa9.jpg?shrink=130:130&_v=20261006133418,https://prod.danawa.com/info/?pcode=18617705&cate=112760
171,PATRIOT P300 M.2 NVMe,1TB,"284,490","M.2 (2280) / PCIe3.0x4 (32GT/s) / QLC / 컨트롤러 : Maxio / [성능] 순차읽기 : 3,000MB/s / 순차쓰기 : 2,500MB/s / 읽기IOPS : 290K / 쓰기IOPS : 260K / [지원기능] TRIM / S.M.A.R.T / HMB / GC / ECC / 전용 S/W / [환경특성] MTBF : 150만 / TBW : 240TB / A/S기간 : 5년 , 제한보증 / 방열판 미포함 / 두께 : 3.8mm / 20g / [기타] 26년 9월부로 메모리타입 TLC→QLC 변경 닫기",https://img.danuri.io/catalog-image/274/826/012/4bceb99199164cf1a548b3d4718fcfa9.jpg?shrink=130:130&_v=20261006133418,https://prod.danawa.com/info/?pcode=12825845&cate=112760
172,PATRIOT P300 M.2 NVMe,512GB,"156,980","M.2 (2280) / PCIe3.0x4 (32GT/s) / QLC / 컨트롤러 : Maxio / [성능] 순차읽기 : 3,000MB/s / 순차쓰기 : 2,500MB/s / 읽기IOPS : 290K / 쓰기IOPS : 260K / [지원기능] TRIM / S.M.A.R.T / HMB / GC / ECC / 전용 S/W / [환경특성] MTBF : 150만 / TBW : 240TB / A/S기간 : 5년 , 제한보증 / 방열판 미포함 / 두께 : 3.8mm / 20g / [기타] 26년 9월부로 메모리타입 TLC→QLC 변경 닫기",https://img.danuri.io/catalog-image/274/826/012/4bceb99199164cf1a548b3d4718fcfa9.jpg?shrink=130:130&_v=20261006133418,https://prod.danawa.com/info/?pcode=12826274&cate=112760
173,PATRIOT P300 M.2 NVMe,256GB,"96,990","M.2 (2280) / PCIe3.0x4 (32GT/s) / QLC / 컨트롤러 : Maxio / [성능] 순차읽기 : 3,000MB/s / 순차쓰기 : 2,500MB/s / 읽기IOPS : 290K / 쓰기IOPS : 260K / [지원기능] TRIM / S.M.A.R.T / HMB / GC / ECC / 전용 S/W / [환경특성] MTBF : 150만 / TBW : 240TB / A/S기간 : 5년 , 제한보증 / 방열판 미포함 / 두께 : 3.8mm / 20g / [기타] 26년 9월부로 메모리타입 TLC→QLC 변경 닫기",https://img.danuri.io/catalog-image/274/826/012/4bceb99199164cf1a548b3d4718fcfa9.jpg?shrink=130:130&_v=20261006133418,https://prod.danawa.com/info/?pcode=12826391&cate=112760
174,COLORFUL SL500 디앤디컴,512GB,"104,000",6.4cm(2.5형) / SATA3 (6Gb/s) / TLC / 컨트롤러 : 기타 / [성능] 순차읽기 : 500MB/s / 순차쓰기 : 480MB/s / [환경특성] A/S기간 : 3년 / 두께 : 7mm 닫기,https://img.danuri.io/catalog-image/548/585/015/973f742eb97f4d478265e0d856cd7b53.jpg?shrink=130:130&_v=20261006135540,https://prod.danawa.com/info/?pcode=15585551&cate=112760
175,COLORFUL SL500 디앤디컴,256GB,"59,000",6.4cm(2.5형) / SATA3 (6Gb/s) / TLC / 컨트롤러 : 기타 / [성능] 순차읽기 : 500MB/s / 순차쓰기 : 480MB/s / [환경특성] A/S기간 : 3년 / 두께 : 7mm 닫기,https://img.danuri.io/catalog-image/548/585/015/973f742eb97f4d478265e0d856cd7b53.jpg?shrink=130:130&_v=20261006135540,https://prod.danawa.com/info/?pcode=15585548&cate=112760
176,키오시아 EXCERIA PRO G2 M.2 NVMe,4TB,"1,790,000","M.2 (2280) / PCIe5.0x4 (128GT/s) / TLC(토글) / DRAM 탑재 / DDR4 1GB / 컨트롤러 : 실리콘모션 / [성능] 순차읽기 : 14,900MB/s / 순차쓰기 : 12,700MB/s / 읽기IOPS : 2,000K / 쓰기IOPS : 1,900K / [지원기능] TRIM / S.M.A.R.T / SLC캐싱 / GC / DEVSLP / 전용 S/W / [환경특성] MTBF : 150만 / TBW : 600TB / PS5 호환 / A/S기간 : 5년 , 제한보증 / 방열판 미포함 / 두께 : 2.38mm / 7.3g 닫기",https://img.danuri.io/catalog-image/879/228/104/c8fe4f2bf9434476a86b2f271d3204bd.jpg?shrink=130:130&_v=20261006135604,https://prod.danawa.com/info/?pcode=104228882&cate=112760
177,키오시아 EXCERIA PRO G2 M.2 NVMe,2TB,"988,990","M.2 (2280) / PCIe5.0x4 (128GT/s) / TLC(토글) / DRAM 탑재 / DDR4 1GB / 컨트롤러 : 실리콘모션 / [성능] 순차읽기 : 14,900MB/s / 순차쓰기 : 12,700MB/s / 읽기IOPS : 2,000K / 쓰기IOPS : 1,900K / [지원기능] TRIM / S.M.A.R.T / SLC캐싱 / GC / DEVSLP / 전용 S/W / [환경특성] MTBF : 150만 / TBW : 600TB / PS5 호환 / A/S기간 : 5년 , 제한보증 / 방열판 미포함 / 두께 : 2.38mm / 7.3g 닫기",https://img.danuri.io/catalog-image/879/228/104/c8fe4f2bf9434476a86b2f271d3204bd.jpg?shrink=130:130&_v=20261006135604,https://prod.danawa.com/info/?pcode=104228876&cate=112760
178,키오시아 EXCERIA PRO G2 M.2 NVMe,1TB,"549,000","M.2 (2280) / PCIe5.0x4 (128GT/s) / TLC(토글) / DRAM 탑재 / DDR4 1GB / 컨트롤러 : 실리콘모션 / [성능] 순차읽기 : 14,900MB/s / 순차쓰기 : 12,700MB/s / 읽기IOPS : 2,000K / 쓰기IOPS : 1,900K / [지원기능] TRIM / S.M.A.R.T / SLC캐싱 / GC / DEVSLP / 전용 S/W / [환경특성] MTBF : 150만 / TBW : 600TB / PS5 호환 / A/S기간 : 5년 , 제한보증 / 방열판 미포함 / 두께 : 2.38mm / 7.3g 닫기",https://img.danuri.io/catalog-image/879/228/104/c8fe4f2bf9434476a86b2f271d3204bd.jpg?shrink=130:130&_v=20261006135604,https://prod.danawa.com/info/?pcode=104228879&cate=112760
179,트로이씨앤씨 MTros MS820 SSD,256GB,"60,230",6.4cm(2.5형) / SATA3 (6Gb/s) / TLC / 컨트롤러 : 실리콘모션 SM2258XT / [성능] 순차읽기 : 560MB/s / 순차쓰기 : 510MB/s / [지원기능] TRIM / ECC / DEVSLP / GC / S.M.A.R.T / [환경특성] A/S기간 : 3년 / 두께 : 6.9mm / 80g 닫기,https://img.danuri.io/catalog-image/365/469/009/020385db7b2f446482e92ed50d186c6a.jpg?shrink=130:130&_v=20261006161159,https://prod.danawa.com/info/?pcode=9469365&cate=112760
180,COLORFUL CN700 PRO M.2 NVMe 디앤디컴,1TB,"279,000","M.2 (2280) / PCIe4.0x4 (64GT/s) / TLC / 컨트롤러 : Maxio / [성능] 순차읽기 : 7,000MB/s / 순차쓰기 : 6,000MB/s / [지원기능] TRIM / S.M.A.R.T / [환경특성] PS5 호환 / A/S기간 : 3년 / 방열판 미포함 / 두께 : 3mm 닫기",https://img.danuri.io/catalog-image/278/427/071/e8e94f808e204186ba3a0e4f6b955aeb.jpg?shrink=130:130&_v=20261006161218,https://prod.danawa.com/info/?pcode=71427278&cate=112760
181,마이크로닉스 WARP B2,256GB,"59,310",6.4cm(2.5형) / SATA3 (6Gb/s) / 컨트롤러 : 기타 / [성능] 순차읽기 : 500MB/s / 순차쓰기 : 350MB/s / [지원기능] TRIM / SLC캐싱 / ECC / [환경특성] MTBF : 100만 / A/S기간 : 3년 / 두께 : 7mm / 46g / [기타] 26년 7월부로 순차읽기/쓰기 정보 변경 닫기,https://img.danuri.io/catalog-image/878/899/016/2b9716f88e034c5583f56fbf0adc51ca.jpg?shrink=130:130&_v=20261006080535,https://prod.danawa.com/info/?pcode=16899899&cate=112760
182,마이크로닉스 WARP B2,512GB,"99,900",6.4cm(2.5형) / SATA3 (6Gb/s) / 컨트롤러 : 기타 / [성능] 순차읽기 : 500MB/s / 순차쓰기 : 350MB/s / [지원기능] TRIM / SLC캐싱 / ECC / [환경특성] MTBF : 100만 / A/S기간 : 3년 / 두께 : 7mm / 46g / [기타] 26년 7월부로 순차읽기/쓰기 정보 변경 닫기,https://img.danuri.io/catalog-image/878/899/016/2b9716f88e034c5583f56fbf0adc51ca.jpg?shrink=130:130&_v=20261006080535,https://prod.danawa.com/info/?pcode=16899878&cate=112760
183,Western Digital WD BLACK SN850X 히트싱크 M.2 NVMe,4TB,"1,499,330","M.2 (2280) / PCIe4.0x4 (64GT/s) / TLC / DRAM 탑재 / DDR4 2GB / 컨트롤러 : WD Black G2 / [성능] 순차읽기 : 7,300MB/s / 순차쓰기 : 6,600MB/s / 읽기IOPS : 1,200K / 쓰기IOPS : 1,100K / [지원기능] TRIM / SLC캐싱 / S.M.A.R.T / 전용 S/W / [환경특성] MTBF : 180만 / TBW : 1,200TB / SLC : 600GB / PS5 호환 / A/S기간 : 5년 , 제한보증 / 방열판 포함 / 두께 : 8.8mm / 24g 닫기",https://img.danuri.io/catalog-image/299/790/017/bd520a4e074047ffa35d180246f719c3.jpg?shrink=130:130&_v=20261006153128,https://prod.danawa.com/info/?pcode=74052506&cate=112760
184,Western Digital WD BLACK SN850X 히트싱크 M.2 NVMe,2TB,"729,290","M.2 (2280) / PCIe4.0x4 (64GT/s) / TLC / DRAM 탑재 / DDR4 2GB / 컨트롤러 : WD Black G2 / [성능] 순차읽기 : 7,300MB/s / 순차쓰기 : 6,600MB/s / 읽기IOPS : 1,200K / 쓰기IOPS : 1,100K / [지원기능] TRIM / SLC캐싱 / S.M.A.R.T / 전용 S/W / [환경특성] MTBF : 180만 / TBW : 1,200TB / SLC : 600GB / PS5 호환 / A/S기간 : 5년 , 제한보증 / 방열판 포함 / 두께 : 8.8mm / 24g 닫기",https://img.danuri.io/catalog-image/299/790/017/bd520a4e074047ffa35d180246f719c3.jpg?shrink=130:130&_v=20261006153128,https://prod.danawa.com/info/?pcode=17790299&cate=112760
185,Western Digital WD BLACK SN850X 히트싱크 M.2 NVMe,1TB,"394,550","M.2 (2280) / PCIe4.0x4 (64GT/s) / TLC / DRAM 탑재 / DDR4 2GB / 컨트롤러 : WD Black G2 / [성능] 순차읽기 : 7,300MB/s / 순차쓰기 : 6,600MB/s / 읽기IOPS : 1,200K / 쓰기IOPS : 1,100K / [지원기능] TRIM / SLC캐싱 / S.M.A.R.T / 전용 S/W / [환경특성] MTBF : 180만 / TBW : 1,200TB / SLC : 600GB / PS5 호환 / A/S기간 : 5년 , 제한보증 / 방열판 포함 / 두께 : 8.8mm / 24g 닫기",https://img.danuri.io/catalog-image/299/790/017/bd520a4e074047ffa35d180246f719c3.jpg?shrink=130:130&_v=20261006153128,https://prod.danawa.com/info/?pcode=17790251&cate=112760
186,COLORFUL CN600 PRO M.2 NVMe 디앤디컴,1TB,"229,000","M.2 (2280) / PCIe3.0x4 (32GT/s) / TLC / 컨트롤러 : Maxio / [성능] 순차읽기 : 3,300MB/s / 순차쓰기 : 2,800MB/s / [지원기능] GC / S.M.A.R.T / TRIM / HMB / [환경특성] A/S기간 : 3년 / 방열판 미포함 / 두께 : 3mm / [기타] 23년2월부로 컨트롤러 변경 닫기",https://img.danuri.io/catalog-image/101/363/018/60ef2938e9854615a8acf9b0d0a292bb.jpg?shrink=130:130&_v=20261006081818,https://prod.danawa.com/info/?pcode=18633650&cate=112760
187,COLORFUL CN600 PRO M.2 NVMe 디앤디컴,512GB,"149,000","M.2 (2280) / PCIe3.0x4 (32GT/s) / TLC / 컨트롤러 : Maxio / [성능] 순차읽기 : 3,300MB/s / 순차쓰기 : 2,800MB/s / [지원기능] GC / S.M.A.R.T / TRIM / HMB / [환경특성] A/S기간 : 3년 / 방열판 미포함 / 두께 : 3mm / [기타] 23년2월부로 컨트롤러 변경 닫기",https://img.danuri.io/catalog-image/101/363/018/60ef2938e9854615a8acf9b0d0a292bb.jpg?shrink=130:130&_v=20261006081818,https://prod.danawa.com/info/?pcode=18363101&cate=112760
188,COLORFUL CN600 PRO M.2 NVMe 디앤디컴,256GB,"83,830","M.2 (2280) / PCIe3.0x4 (32GT/s) / TLC / 컨트롤러 : Maxio / [성능] 순차읽기 : 3,300MB/s / 순차쓰기 : 2,800MB/s / [지원기능] GC / S.M.A.R.T / TRIM / HMB / [환경특성] A/S기간 : 3년 / 방열판 미포함 / 두께 : 3mm / [기타] 23년2월부로 컨트롤러 변경 닫기",https://img.danuri.io/catalog-image/101/363/018/60ef2938e9854615a8acf9b0d0a292bb.jpg?shrink=130:130&_v=20261006081818,https://prod.danawa.com/info/?pcode=18363194&cate=112760
189,PNY CS2241 M.2 NVMe 제이씨현,1TB,"262,640","M.2 (2280) / PCIe4.0x4 (64GT/s) / QLC / 컨트롤러 : 기타 / [성능] 순차읽기 : 4,700MB/s / 순차쓰기 : 1,700MB/s / [지원기능] TRIM / ECC / HMB / SLC캐싱 / S.M.A.R.T / [환경특성] MTBF : 150만 / TBW : 160TB / A/S기간 : 5년 , 제한보증 / 방열판 미포함 / 두께 : 4mm / 6.6g 닫기",https://img.danuri.io/catalog-image/395/427/071/280736f452cb415999debe831551d277.jpg?shrink=130:130&_v=20261006164719,https://prod.danawa.com/info/?pcode=29858063&cate=112760
190,PNY CS2241 M.2 NVMe 제이씨현,500GB,"159,000","M.2 (2280) / PCIe4.0x4 (64GT/s) / QLC / 컨트롤러 : 기타 / [성능] 순차읽기 : 4,700MB/s / 순차쓰기 : 1,700MB/s / [지원기능] TRIM / ECC / HMB / SLC캐싱 / S.M.A.R.T / [환경특성] MTBF : 150만 / TBW : 160TB / A/S기간 : 5년 , 제한보증 / 방열판 미포함 / 두께 : 4mm / 6.6g 닫기",https://img.danuri.io/catalog-image/395/427/071/280736f452cb415999debe831551d277.jpg?shrink=130:130&_v=20261006164719,https://prod.danawa.com/info/?pcode=71427395&cate=112760
191,ADATA Ultimate SU650 파인인포,1TB,"239,000","6.4cm(2.5형) / SATA3 (6Gb/s) / 컨트롤러 : Maxio / [성능] 순차읽기 : 520MB/s / 순차쓰기 : 450MB/s / [지원기능] TRIM / S.M.A.R.T / SLC캐싱 / ECC / 전용 S/W / [환경특성] MTBF : 200만 / TBW : 1,120TB / A/S기간 : 3년 , 제한보증 / 두께 : 7mm / 50.8g 닫기",https://img.danuri.io/catalog-image/779/552/102/a97437c0112042e995382710184de52c.jpg?shrink=130:130&_v=20261006080522,https://prod.danawa.com/info/?pcode=102552866&cate=112760
192,ADATA Ultimate SU650 파인인포,2TB,"297,920","6.4cm(2.5형) / SATA3 (6Gb/s) / 컨트롤러 : Maxio / [성능] 순차읽기 : 520MB/s / 순차쓰기 : 450MB/s / [지원기능] TRIM / S.M.A.R.T / SLC캐싱 / ECC / 전용 S/W / [환경특성] MTBF : 200만 / TBW : 1,120TB / A/S기간 : 3년 , 제한보증 / 두께 : 7mm / 50.8g 닫기",https://img.danuri.io/catalog-image/779/552/102/a97437c0112042e995382710184de52c.jpg?shrink=130:130&_v=20261006080522,https://prod.danawa.com/info/?pcode=102552779&cate=112760
193,ADATA Ultimate SU650 파인인포,512GB,"124,980","6.4cm(2.5형) / SATA3 (6Gb/s) / 컨트롤러 : Maxio / [성능] 순차읽기 : 520MB/s / 순차쓰기 : 450MB/s / [지원기능] TRIM / S.M.A.R.T / SLC캐싱 / ECC / 전용 S/W / [환경특성] MTBF : 200만 / TBW : 1,120TB / A/S기간 : 3년 , 제한보증 / 두께 : 7mm / 50.8g 닫기",https://img.danuri.io/catalog-image/779/552/102/a97437c0112042e995382710184de52c.jpg?shrink=130:130&_v=20261006080522,https://prod.danawa.com/info/?pcode=102552920&cate=112760
194,ADATA Ultimate SU650 파인인포,256GB,"78,980","6.4cm(2.5형) / SATA3 (6Gb/s) / 컨트롤러 : Maxio / [성능] 순차읽기 : 520MB/s / 순차쓰기 : 450MB/s / [지원기능] TRIM / S.M.A.R.T / SLC캐싱 / ECC / 전용 S/W / [환경특성] MTBF : 200만 / TBW : 1,120TB / A/S기간 : 3년 , 제한보증 / 두께 : 7mm / 50.8g 닫기",https://img.danuri.io/catalog-image/779/552/102/a97437c0112042e995382710184de52c.jpg?shrink=130:130&_v=20261006080522,https://prod.danawa.com/info/?pcode=102552941&cate=112760
195,키오시아 EXCERIA G3 M.2 NVMe,4TB,"1,632,210","M.2 (2280) / PCIe5.0x4 (128GT/s) / QLC / 컨트롤러 : 기타 / [성능] 순차읽기 : 10,000MB/s / 순차쓰기 : 9,600MB/s / 읽기IOPS : 1,600K / 쓰기IOPS : 1,450K / [지원기능] TRIM / S.M.A.R.T / SLC캐싱 / HMB / GC / DEVSLP / 전용 S/W / [환경특성] MTBF : 150만 / TBW : 1,200TB / PS5 호환 / A/S기간 : 5년 , 제한보증 / 방열판 미포함 / 두께 : 2.38mm / 5.8g 닫기",https://img.danuri.io/catalog-image/885/228/104/8b36cf715f444e4086393a00ae03aaf9.jpg?shrink=130:130&_v=20261006121038,https://prod.danawa.com/info/?pcode=122719763&cate=112760
196,키오시아 EXCERIA G3 M.2 NVMe,2TB,"589,000","M.2 (2280) / PCIe5.0x4 (128GT/s) / QLC / 컨트롤러 : 기타 / [성능] 순차읽기 : 10,000MB/s / 순차쓰기 : 9,600MB/s / 읽기IOPS : 1,600K / 쓰기IOPS : 1,450K / [지원기능] TRIM / S.M.A.R.T / SLC캐싱 / HMB / GC / DEVSLP / 전용 S/W / [환경특성] MTBF : 150만 / TBW : 1,200TB / PS5 호환 / A/S기간 : 5년 , 제한보증 / 방열판 미포함 / 두께 : 2.38mm / 5.8g 닫기",https://img.danuri.io/catalog-image/885/228/104/8b36cf715f444e4086393a00ae03aaf9.jpg?shrink=130:130&_v=20261006121038,https://prod.danawa.com/info/?pcode=104228885&cate=112760
197,키오시아 EXCERIA G3 M.2 NVMe,1TB,"389,000","M.2 (2280) / PCIe5.0x4 (128GT/s) / QLC / 컨트롤러 : 기타 / [성능] 순차읽기 : 10,000MB/s / 순차쓰기 : 9,600MB/s / 읽기IOPS : 1,600K / 쓰기IOPS : 1,450K / [지원기능] TRIM / S.M.A.R.T / SLC캐싱 / HMB / GC / DEVSLP / 전용 S/W / [환경특성] MTBF : 150만 / TBW : 1,200TB / PS5 호환 / A/S기간 : 5년 , 제한보증 / 방열판 미포함 / 두께 : 2.38mm / 5.8g 닫기",https://img.danuri.io/catalog-image/885/228/104/8b36cf715f444e4086393a00ae03aaf9.jpg?shrink=130:130&_v=20261006121038,https://prod.danawa.com/info/?pcode=104228888&cate=112760
198,ADATA XPG GAMMIX S70 BLADE M.2 NVMe 파인인포,2TB,"544,950","M.2 (2280) / PCIe4.0x4 (64GT/s) / TLC / DRAM 탑재 / DDR4 1GB / 컨트롤러 : Innogrit IG5236 / [성능] 순차읽기 : 7,400MB/s / 순차쓰기 : 5,500MB/s / 읽기IOPS : 740K / 쓰기IOPS : 740K / [지원기능] TRIM / S.M.A.R.T / SLC캐싱 / ECC / AES 암호화 / 전용 S/W / [환경특성] MTBF : 200만 / TBW : 740TB / PS5 호환 / A/S기간 : 5년 , 제한보증 / 방열판 포함 / 두께 : 4.3mm / 11g 닫기",https://img.danuri.io/catalog-image/608/354/108/1dfc7095ba2b41528dca6d590166d5ca.jpg?shrink=130:130&_v=20261006165948,https://prod.danawa.com/info/?pcode=108354521&cate=112760
199,ADATA XPG GAMMIX S70 BLADE M.2 NVMe 파인인포,1TB,"350,000","M.2 (2280) / PCIe4.0x4 (64GT/s) / TLC / DRAM 탑재 / DDR4 1GB / 컨트롤러 : Innogrit IG5236 / [성능] 순차읽기 : 7,400MB/s / 순차쓰기 : 5,500MB/s / 읽기IOPS : 740K / 쓰기IOPS : 740K / [지원기능] TRIM / S.M.A.R.T / SLC캐싱 / ECC / AES 암호화 / 전용 S/W / [환경특성] MTBF : 200만 / TBW : 740TB / PS5 호환 / A/S기간 : 5년 , 제한보증 / 방열판 포함 / 두께 : 4.3mm / 11g 닫기",https://img.danuri.io/catalog-image/608/354/108/1dfc7095ba2b41528dca6d590166d5ca.jpg?shrink=130:130&_v=20261006165948,https://prod.danawa.com/info/?pcode=108354608&cate=112760
200,ADATA XPG GAMMIX S70 BLADE M.2 NVMe 파인인포,512GB,"217,900","M.2 (2280) / PCIe4.0x4 (64GT/s) / TLC / DRAM 탑재 / DDR4 1GB / 컨트롤러 : Innogrit IG5236 / [성능] 순차읽기 : 7,400MB/s / 순차쓰기 : 5,500MB/s / 읽기IOPS : 740K / 쓰기IOPS : 740K / [지원기능] TRIM / S.M.A.R.T / SLC캐싱 / ECC / AES 암호화 / 전용 S/W / [환경특성] MTBF : 200만 / TBW : 740TB / PS5 호환 / A/S기간 : 5년 , 제한보증 / 방열판 포함 / 두께 : 4.3mm / 11g 닫기",https://img.danuri.io/catalog-image/608/354/108/1dfc7095ba2b41528dca6d590166d5ca.jpg?shrink=130:130&_v=20261006165948,https://prod.danawa.com/info/?pcode=108354569&cate=112760
201,ESSENCORE KLEVV CRAS C910 M.2 NVMe,4TB,"1,039,510","M.2 (2280) / PCIe4.0x4 (64GT/s) / TLC / 컨트롤러 : InnoGrit IG5220 / [성능] 순차읽기 : 5,000MB/s / 순차쓰기 : 4,800MB/s / 읽기IOPS : 620K / 쓰기IOPS : 615K / [지원기능] TRIM / ECC / HMB / SLC캐싱 / S.M.A.R.T / AES 암호화 / 전용 S/W / [환경특성] TBW : 700TB / A/S기간 : 5년 , 제한보증 / 방열판 포함 / 두께 : 3.4mm / 10g 닫기",https://img.danuri.io/catalog-image/154/849/058/865cd82d2a254de7acd95dd59e2de705.jpg?shrink=130:130&_v=20261006080431,https://prod.danawa.com/info/?pcode=70250720&cate=112760
202,ESSENCORE KLEVV CRAS C910 M.2 NVMe,2TB,"547,890","M.2 (2280) / PCIe4.0x4 (64GT/s) / TLC / 컨트롤러 : InnoGrit IG5220 / [성능] 순차읽기 : 5,000MB/s / 순차쓰기 : 4,800MB/s / 읽기IOPS : 620K / 쓰기IOPS : 615K / [지원기능] TRIM / ECC / HMB / SLC캐싱 / S.M.A.R.T / AES 암호화 / 전용 S/W / [환경특성] TBW : 700TB / A/S기간 : 5년 , 제한보증 / 방열판 포함 / 두께 : 3.4mm / 10g 닫기",https://img.danuri.io/catalog-image/154/849/058/865cd82d2a254de7acd95dd59e2de705.jpg?shrink=130:130&_v=20261006080431,https://prod.danawa.com/info/?pcode=58849022&cate=112760
203,ESSENCORE KLEVV CRAS C910 M.2 NVMe,1TB,"323,740","M.2 (2280) / PCIe4.0x4 (64GT/s) / TLC / 컨트롤러 : InnoGrit IG5220 / [성능] 순차읽기 : 5,000MB/s / 순차쓰기 : 4,800MB/s / 읽기IOPS : 620K / 쓰기IOPS : 615K / [지원기능] TRIM / ECC / HMB / SLC캐싱 / S.M.A.R.T / AES 암호화 / 전용 S/W / [환경특성] TBW : 700TB / A/S기간 : 5년 , 제한보증 / 방열판 포함 / 두께 : 3.4mm / 10g 닫기",https://img.danuri.io/catalog-image/154/849/058/865cd82d2a254de7acd95dd59e2de705.jpg?shrink=130:130&_v=20261006080431,https://prod.danawa.com/info/?pcode=58849154&cate=112760
204,ESSENCORE KLEVV CRAS C910 M.2 NVMe,500GB,"184,000","M.2 (2280) / PCIe4.0x4 (64GT/s) / TLC / 컨트롤러 : InnoGrit IG5220 / [성능] 순차읽기 : 5,000MB/s / 순차쓰기 : 4,800MB/s / 읽기IOPS : 620K / 쓰기IOPS : 615K / [지원기능] TRIM / ECC / HMB / SLC캐싱 / S.M.A.R.T / AES 암호화 / 전용 S/W / [환경특성] TBW : 700TB / A/S기간 : 5년 , 제한보증 / 방열판 포함 / 두께 : 3.4mm / 10g 닫기",https://img.danuri.io/catalog-image/154/849/058/865cd82d2a254de7acd95dd59e2de705.jpg?shrink=130:130&_v=20261006080431,https://prod.danawa.com/info/?pcode=58849172&cate=112760
205,BIWIN Black Opal X570 M.2 NVMe,2TB,"489,250","M.2 (2280) / PCIe5.0x4 (128GT/s) / TLC / 컨트롤러 : Maxio / [성능] 순차읽기 : 14,500MB/s / 순차쓰기 : 10,000MB/s / 읽기IOPS : 2,000K / 쓰기IOPS : 1,400K / [지원기능] TRIM / S.M.A.R.T / SLC캐싱 / HMB / [환경특성] MTBF : 150만 / TBW : 1,200TB / PS5 호환 / A/S기간 : 5년 , 제한보증 / 방열판 미포함 / 두께 : 2.5mm / 9g 닫기",https://img.danuri.io/catalog-image/824/424/095/44f3194470b046ca885401dd4b176a47.jpg?shrink=130:130&_v=20261006152958,https://prod.danawa.com/info/?pcode=95424824&cate=112760
206,BIWIN Black Opal X570 M.2 NVMe,4TB,"1,050,000","M.2 (2280) / PCIe5.0x4 (128GT/s) / TLC / 컨트롤러 : Maxio / [성능] 순차읽기 : 14,500MB/s / 순차쓰기 : 10,000MB/s / 읽기IOPS : 2,000K / 쓰기IOPS : 1,400K / [지원기능] TRIM / S.M.A.R.T / SLC캐싱 / HMB / [환경특성] MTBF : 150만 / TBW : 1,200TB / PS5 호환 / A/S기간 : 5년 , 제한보증 / 방열판 미포함 / 두께 : 2.5mm / 9g 닫기",https://img.danuri.io/catalog-image/824/424/095/44f3194470b046ca885401dd4b176a47.jpg?shrink=130:130&_v=20261006152958,https://prod.danawa.com/info/?pcode=95424833&cate=112760
207,BIWIN Black Opal X570 M.2 NVMe,1TB,"313,630","M.2 (2280) / PCIe5.0x4 (128GT/s) / TLC / 컨트롤러 : Maxio / [성능] 순차읽기 : 14,500MB/s / 순차쓰기 : 10,000MB/s / 읽기IOPS : 2,000K / 쓰기IOPS : 1,400K / [지원기능] TRIM / S.M.A.R.T / SLC캐싱 / HMB / [환경특성] MTBF : 150만 / TBW : 1,200TB / PS5 호환 / A/S기간 : 5년 , 제한보증 / 방열판 미포함 / 두께 : 2.5mm / 9g 닫기",https://img.danuri.io/catalog-image/824/424/095/44f3194470b046ca885401dd4b176a47.jpg?shrink=130:130&_v=20261006152958,https://prod.danawa.com/info/?pcode=95424803&cate=112760
208,Seagate Game Drive for PS5 M.2 NVMe,2TB,"569,050","M.2 (2280) / PCIe4.0x4 (64GT/s) / TLC / DRAM 탑재 / DDR4 2GB / 컨트롤러 : 파이슨 PS5018-E18 / [성능] 순차읽기 : 7,300MB/s / 순차쓰기 : 6,900MB/s / 읽기IOPS : 1,000K / 쓰기IOPS : 1,000K / [지원기능] TRIM / SLC캐싱 / S.M.A.R.T / [환경특성] MTBF : 180만 / TBW : 2,550TB / PS5 호환 / A/S기간 : 5년 , 제한보증 / 방열판 포함 / 두께 : 10.39mm / 47g / [기타] ※ 23년 11월부로 신규 모델 넘버 ZP2000GP3A3001 추가(제원 정보 소폭 변동) 닫기",https://img.danuri.io/catalog-image/601/947/017/540dc7ecaa0141f9bd4a24c2c9ad9d3b.jpg?shrink=130:130&_v=20261006125408,https://prod.danawa.com/info/?pcode=17947601&cate=112760
209,Seagate Game Drive for PS5 M.2 NVMe,1TB,"379,050","M.2 (2280) / PCIe4.0x4 (64GT/s) / TLC / DRAM 탑재 / DDR4 2GB / 컨트롤러 : 파이슨 PS5018-E18 / [성능] 순차읽기 : 7,300MB/s / 순차쓰기 : 6,900MB/s / 읽기IOPS : 1,000K / 쓰기IOPS : 1,000K / [지원기능] TRIM / SLC캐싱 / S.M.A.R.T / [환경특성] MTBF : 180만 / TBW : 2,550TB / PS5 호환 / A/S기간 : 5년 , 제한보증 / 방열판 포함 / 두께 : 10.39mm / 47g / [기타] ※ 23년 11월부로 신규 모델 넘버 ZP2000GP3A3001 추가(제원 정보 소폭 변동) 닫기",https://img.danuri.io/catalog-image/601/947/017/540dc7ecaa0141f9bd4a24c2c9ad9d3b.jpg?shrink=130:130&_v=20261006125408,https://prod.danawa.com/info/?pcode=17947481&cate=112760
210,Western Digital WD Blue SN5100 M.2 NVMe,4TB,"913,710","M.2 (2280) / PCIe4.0x4 (64GT/s) / QLC / 컨트롤러 : WD Polaris 3 / [성능] 순차읽기 : 7,100MB/s / 순차쓰기 : 6,700MB/s / 읽기IOPS : 1,000K / 쓰기IOPS : 1,300K / [지원기능] HMB / TRIM / SLC캐싱 / S.M.A.R.T / 전용 S/W / [환경특성] MTBF : 175만 / TBW : 900TB / PS5 호환 / A/S기간 : 5년 , 제한보증 / 방열판 미포함 / 두께 : 2.38mm / 5.7g 닫기",https://img.danuri.io/catalog-image/958/853/096/7776ceb0031b4231a4221d7baa88178d.jpg?shrink=130:130&_v=20261006160408,https://prod.danawa.com/info/?pcode=99746318&cate=112760
211,Western Digital WD Blue SN5100 M.2 NVMe,2TB,"444,410","M.2 (2280) / PCIe4.0x4 (64GT/s) / QLC / 컨트롤러 : WD Polaris 3 / [성능] 순차읽기 : 7,100MB/s / 순차쓰기 : 6,700MB/s / 읽기IOPS : 1,000K / 쓰기IOPS : 1,300K / [지원기능] HMB / TRIM / SLC캐싱 / S.M.A.R.T / 전용 S/W / [환경특성] MTBF : 175만 / TBW : 900TB / PS5 호환 / A/S기간 : 5년 , 제한보증 / 방열판 미포함 / 두께 : 2.38mm / 5.7g 닫기",https://img.danuri.io/catalog-image/958/853/096/7776ceb0031b4231a4221d7baa88178d.jpg?shrink=130:130&_v=20261006160408,https://prod.danawa.com/info/?pcode=96853958&cate=112760
212,Western Digital WD Blue SN5100 M.2 NVMe,1TB,"297,920","M.2 (2280) / PCIe4.0x4 (64GT/s) / QLC / 컨트롤러 : WD Polaris 3 / [성능] 순차읽기 : 7,100MB/s / 순차쓰기 : 6,700MB/s / 읽기IOPS : 1,000K / 쓰기IOPS : 1,300K / [지원기능] HMB / TRIM / SLC캐싱 / S.M.A.R.T / 전용 S/W / [환경특성] MTBF : 175만 / TBW : 900TB / PS5 호환 / A/S기간 : 5년 , 제한보증 / 방열판 미포함 / 두께 : 2.38mm / 5.7g 닫기",https://img.danuri.io/catalog-image/958/853/096/7776ceb0031b4231a4221d7baa88178d.jpg?shrink=130:130&_v=20261006160408,https://prod.danawa.com/info/?pcode=96853946&cate=112760
213,Western Digital WD Blue SN5100 M.2 NVMe,500GB,"211,990","M.2 (2280) / PCIe4.0x4 (64GT/s) / QLC / 컨트롤러 : WD Polaris 3 / [성능] 순차읽기 : 7,100MB/s / 순차쓰기 : 6,700MB/s / 읽기IOPS : 1,000K / 쓰기IOPS : 1,300K / [지원기능] HMB / TRIM / SLC캐싱 / S.M.A.R.T / 전용 S/W / [환경특성] MTBF : 175만 / TBW : 900TB / PS5 호환 / A/S기간 : 5년 , 제한보증 / 방열판 미포함 / 두께 : 2.38mm / 5.7g 닫기",https://img.danuri.io/catalog-image/958/853/096/7776ceb0031b4231a4221d7baa88178d.jpg?shrink=130:130&_v=20261006160408,https://prod.danawa.com/info/?pcode=96853913&cate=112760
214,삼성전자 9100 PRO 히트싱크 M.2 NVMe,4TB,"1,989,980","M.2 (2280) / PCIe5.0x4 (128GT/s) / TLC(토글) / DRAM 탑재 / DDR4 1GB / 컨트롤러 : 삼성 Presto / [성능] 순차읽기 : 14,700MB/s / 순차쓰기 : 13,300MB/s / 읽기IOPS : 1,850K / 쓰기IOPS : 2,600K / [지원기능] TRIM / DEVSLP / SLC캐싱 / GC / S.M.A.R.T / 전용 S/W / AES 암호화 / [환경특성] MTBF : 150만 / TBW : 600TB / SLC : 114GB / PS5 호환 / A/S기간 : 5년 , 제한보증 / 방열판 포함 / 두께 : 8.88mm / 30g 닫기",https://img.danuri.io/catalog-image/753/716/078/47b3e90d71e1478ea1313a9ec4dd6e10.jpg?shrink=130:130&_v=20261006154948,https://prod.danawa.com/info/?pcode=78716765&cate=112760
215,삼성전자 9100 PRO 히트싱크 M.2 NVMe,2TB,"930,030","M.2 (2280) / PCIe5.0x4 (128GT/s) / TLC(토글) / DRAM 탑재 / DDR4 1GB / 컨트롤러 : 삼성 Presto / [성능] 순차읽기 : 14,700MB/s / 순차쓰기 : 13,300MB/s / 읽기IOPS : 1,850K / 쓰기IOPS : 2,600K / [지원기능] TRIM / DEVSLP / SLC캐싱 / GC / S.M.A.R.T / 전용 S/W / AES 암호화 / [환경특성] MTBF : 150만 / TBW : 600TB / SLC : 114GB / PS5 호환 / A/S기간 : 5년 , 제한보증 / 방열판 포함 / 두께 : 8.88mm / 30g 닫기",https://img.danuri.io/catalog-image/753/716/078/47b3e90d71e1478ea1313a9ec4dd6e10.jpg?shrink=130:130&_v=20261006154948,https://prod.danawa.com/info/?pcode=78716747&cate=112760
216,삼성전자 9100 PRO 히트싱크 M.2 NVMe,1TB,"435,730","M.2 (2280) / PCIe5.0x4 (128GT/s) / TLC(토글) / DRAM 탑재 / DDR4 1GB / 컨트롤러 : 삼성 Presto / [성능] 순차읽기 : 14,700MB/s / 순차쓰기 : 13,300MB/s / 읽기IOPS : 1,850K / 쓰기IOPS : 2,600K / [지원기능] TRIM / DEVSLP / SLC캐싱 / GC / S.M.A.R.T / 전용 S/W / AES 암호화 / [환경특성] MTBF : 150만 / TBW : 600TB / SLC : 114GB / PS5 호환 / A/S기간 : 5년 , 제한보증 / 방열판 포함 / 두께 : 8.88mm / 30g 닫기",https://img.danuri.io/catalog-image/753/716/078/47b3e90d71e1478ea1313a9ec4dd6e10.jpg?shrink=130:130&_v=20261006154948,https://prod.danawa.com/info/?pcode=78716753&cate=112760
217,PNY CS900 제이씨현,1TB,"217,580","6.4cm(2.5형) / SATA3 (6Gb/s) / 컨트롤러 : 기타 / [성능] 순차읽기 : 550MB/s / 순차쓰기 : 500MB/s / [지원기능] TRIM / S.M.A.R.T / SLC캐싱 / ECC / DEVSLP / [환경특성] MTBF : 200만 / A/S기간 : 3년 , 제한보증 / 두께 : 7mm / 45g / [기타] 24년 10월부로 제조사 요청에 의한 컨트롤러,메모리타입 정보 삭제 닫기",https://img.danuri.io/catalog-image/279/865/013/5b4e38f23b9846fd952920ed5e2b01a4.jpg?shrink=130:130&_v=20261006162558,https://prod.danawa.com/info/?pcode=18041081&cate=112760
218,PNY CS900 제이씨현,500GB,"117,530","6.4cm(2.5형) / SATA3 (6Gb/s) / 컨트롤러 : 기타 / [성능] 순차읽기 : 550MB/s / 순차쓰기 : 500MB/s / [지원기능] TRIM / S.M.A.R.T / SLC캐싱 / ECC / DEVSLP / [환경특성] MTBF : 200만 / A/S기간 : 3년 , 제한보증 / 두께 : 7mm / 45g / [기타] 24년 10월부로 제조사 요청에 의한 컨트롤러,메모리타입 정보 삭제 닫기",https://img.danuri.io/catalog-image/279/865/013/5b4e38f23b9846fd952920ed5e2b01a4.jpg?shrink=130:130&_v=20261006162558,https://prod.danawa.com/info/?pcode=13865279&cate=112760
219,PNY CS900 제이씨현,250GB,"68,900","6.4cm(2.5형) / SATA3 (6Gb/s) / 컨트롤러 : 기타 / [성능] 순차읽기 : 550MB/s / 순차쓰기 : 500MB/s / [지원기능] TRIM / S.M.A.R.T / SLC캐싱 / ECC / DEVSLP / [환경특성] MTBF : 200만 / A/S기간 : 3년 , 제한보증 / 두께 : 7mm / 45g / [기타] 24년 10월부로 제조사 요청에 의한 컨트롤러,메모리타입 정보 삭제 닫기",https://img.danuri.io/catalog-image/279/865/013/5b4e38f23b9846fd952920ed5e2b01a4.jpg?shrink=130:130&_v=20261006162558,https://prod.danawa.com/info/?pcode=17970794&cate=112760
220,BIWIN M350 M.2 NVMe,2TB,"394,250","M.2 (2280) / PCIe4.0x4 (64GT/s) / QLC / 컨트롤러 : 실리콘모션 SM2268XT2 / [성능] 순차읽기 : 5,200MB/s / 순차쓰기 : 4,800MB/s / 읽기IOPS : 400K / 쓰기IOPS : 600K / [지원기능] TRIM / S.M.A.R.T / SLC캐싱 / HMB / 전용 S/W / [환경특성] MTBF : 150만 / TBW : 800TB / PS5 호환 / A/S기간 : 5년 , 제한보증 / 방열판 미포함 / 두께 : 2.45mm / 9g 닫기",https://img.danuri.io/catalog-image/991/943/099/7a03ac351b41496a9fa1e8dab394a8d0.jpg?shrink=130:130&_v=20261006140414,https://prod.danawa.com/info/?pcode=99943991&cate=112760
221,BIWIN M350 M.2 NVMe,1TB,"255,000","M.2 (2280) / PCIe4.0x4 (64GT/s) / QLC / 컨트롤러 : 실리콘모션 SM2268XT2 / [성능] 순차읽기 : 5,200MB/s / 순차쓰기 : 4,800MB/s / 읽기IOPS : 400K / 쓰기IOPS : 600K / [지원기능] TRIM / S.M.A.R.T / SLC캐싱 / HMB / 전용 S/W / [환경특성] MTBF : 150만 / TBW : 800TB / PS5 호환 / A/S기간 : 5년 , 제한보증 / 방열판 미포함 / 두께 : 2.45mm / 9g 닫기",https://img.danuri.io/catalog-image/991/943/099/7a03ac351b41496a9fa1e8dab394a8d0.jpg?shrink=130:130&_v=20261006140414,https://prod.danawa.com/info/?pcode=99944000&cate=112760
222,GIGABYTE Gen3 V2 M.2 NVMe 제이씨현,256GB,"79,990","M.2 (2280) / PCIe3.0x4 (32GT/s) / TLC / 컨트롤러 : 기타 / [성능] 순차읽기 : 3,200MB/s / 순차쓰기 : 1,200MB/s / 읽기IOPS : 220K / 쓰기IOPS : 400K / [지원기능] TRIM / S.M.A.R.T / HMB / 전용 S/W / [환경특성] MTBF : 150만 / TBW : 100TB / A/S기간 : 3년 , 제한보증 / 방열판 미포함 / 두께 : 2.3mm 닫기",https://img.danuri.io/catalog-image/696/129/124/861b2ecaf72e4e32bc1309bbc0a86c14.jpeg?shrink=130:130&_v=20261006080652,https://prod.danawa.com/info/?pcode=124129696&cate=112760
223,BIWIN NV7200 M.2 NVMe 해외구매,1TB,"363,360","M.2 (2280) / PCIe4.0x4 (64GT/s) / QLC / 컨트롤러 : Maxio / [성능] 순차읽기 : 7,200MB/s / 순차쓰기 : 6,200MB/s / 읽기IOPS : 1,000K / 쓰기IOPS : 800K / [지원기능] HMB / TRIM / ECC / [환경특성] MTBF : 150만 / TBW : 400TB / PS5 호환 / 방열판 미포함 / 두께 : 2.45mm / 9g 닫기",https://img.danuri.io/catalog-image/090/944/099/e423d60e1e664e1cacfa3deba82c74fc.jpg?shrink=130:130&_v=20261006080705,https://prod.danawa.com/info/?pcode=99944090&cate=112760
224,마이크론 Crucial E100 M.2 NVMe 아스크텍,2TB,"410,990","M.2 (2280) / PCIe4.0x4 (64GT/s) / QLC / 컨트롤러 : 실리콘모션 SM2268XT / [성능] 순차읽기 : 5,000MB/s / 순차쓰기 : 4,500MB/s / [지원기능] TRIM / ECC / DEVSLP / HMB / GC / SLC캐싱 / S.M.A.R.T / [환경특성] MTBF : 100만 / TBW : 100TB / A/S기간 : 제한보증 , 3년 / 방열판 미포함 / 두께 : 3mm / 6g 닫기",https://img.danuri.io/catalog-image/518/423/096/0d0fcb299a0240fab0cad94e02713039.jpg?shrink=130:130&_v=20261006080536,https://prod.danawa.com/info/?pcode=96423518&cate=112760
225,마이크론 Crucial E100 M.2 NVMe 아스크텍,1TB,"278,490","M.2 (2280) / PCIe4.0x4 (64GT/s) / QLC / 컨트롤러 : 실리콘모션 SM2268XT / [성능] 순차읽기 : 5,000MB/s / 순차쓰기 : 4,500MB/s / [지원기능] TRIM / ECC / DEVSLP / HMB / GC / SLC캐싱 / S.M.A.R.T / [환경특성] MTBF : 100만 / TBW : 100TB / A/S기간 : 제한보증 , 3년 / 방열판 미포함 / 두께 : 3mm / 6g 닫기",https://img.danuri.io/catalog-image/518/423/096/0d0fcb299a0240fab0cad94e02713039.jpg?shrink=130:130&_v=20261006080536,https://prod.danawa.com/info/?pcode=96423551&cate=112760
226,Western Digital WD GREEN SSD,2TB,"448,890","6.4cm(2.5형) / SATA3 (6Gb/s) / TLC / 컨트롤러 : 기타 / [성능] 순차읽기 : 545MB/s / [지원기능] DEVSLP / TRIM / S.M.A.R.T / 전용 S/W / [환경특성] MTBF : 200만 / A/S기간 : 3년 , 제한보증 / 두께 : 7mm / 32.7g / [기타] 25년 8월부로 상품 정보 변경(패키지 이미지, MTBF) 닫기",https://img.danuri.io/catalog-image/257/277/007/83e4b2e9134f48f0b2ff81183268dc8c.jpg?shrink=130:130&_v=20261006141403,https://prod.danawa.com/info/?pcode=95000048&cate=112760
227,Western Digital WD GREEN SSD,1TB,"269,810","6.4cm(2.5형) / SATA3 (6Gb/s) / TLC / 컨트롤러 : 기타 / [성능] 순차읽기 : 545MB/s / [지원기능] DEVSLP / TRIM / S.M.A.R.T / 전용 S/W / [환경특성] MTBF : 200만 / A/S기간 : 3년 , 제한보증 / 두께 : 7mm / 32.7g / [기타] 25년 8월부로 상품 정보 변경(패키지 이미지, MTBF) 닫기",https://img.danuri.io/catalog-image/257/277/007/83e4b2e9134f48f0b2ff81183268dc8c.jpg?shrink=130:130&_v=20261006141403,https://prod.danawa.com/info/?pcode=7277257&cate=112760
228,Western Digital WD GREEN SSD,500GB,"143,130","6.4cm(2.5형) / SATA3 (6Gb/s) / TLC / 컨트롤러 : 기타 / [성능] 순차읽기 : 545MB/s / [지원기능] DEVSLP / TRIM / S.M.A.R.T / 전용 S/W / [환경특성] MTBF : 200만 / A/S기간 : 3년 , 제한보증 / 두께 : 7mm / 32.7g / [기타] 25년 8월부로 상품 정보 변경(패키지 이미지, MTBF) 닫기",https://img.danuri.io/catalog-image/257/277/007/83e4b2e9134f48f0b2ff81183268dc8c.jpg?shrink=130:130&_v=20261006141403,https://prod.danawa.com/info/?pcode=95000096&cate=112760
229,Western Digital WD GREEN SSD,480GB,"185,490","6.4cm(2.5형) / SATA3 (6Gb/s) / TLC / 컨트롤러 : 기타 / [성능] 순차읽기 : 545MB/s / [지원기능] DEVSLP / TRIM / S.M.A.R.T / 전용 S/W / [환경특성] MTBF : 200만 / A/S기간 : 3년 , 제한보증 / 두께 : 7mm / 32.7g / [기타] 25년 8월부로 상품 정보 변경(패키지 이미지, MTBF) 닫기",https://img.danuri.io/catalog-image/257/277/007/83e4b2e9134f48f0b2ff81183268dc8c.jpg?shrink=130:130&_v=20261006141403,https://prod.danawa.com/info/?pcode=6446362&cate=112760
230,Western Digital WD GREEN SSD,250GB,"142,540","6.4cm(2.5형) / SATA3 (6Gb/s) / TLC / 컨트롤러 : 기타 / [성능] 순차읽기 : 545MB/s / [지원기능] DEVSLP / TRIM / S.M.A.R.T / 전용 S/W / [환경특성] MTBF : 200만 / A/S기간 : 3년 , 제한보증 / 두께 : 7mm / 32.7g / [기타] 25년 8월부로 상품 정보 변경(패키지 이미지, MTBF) 닫기",https://img.danuri.io/catalog-image/257/277/007/83e4b2e9134f48f0b2ff81183268dc8c.jpg?shrink=130:130&_v=20261006141403,https://prod.danawa.com/info/?pcode=95000072&cate=112760
231,BIWIN M100,2TB,"450,240","6.4cm(2.5형) / SATA3 (6Gb/s) / QLC / 컨트롤러 : 기타 / [성능] 순차읽기 : 550MB/s / 순차쓰기 : 480MB/s / 읽기IOPS : 60K / 쓰기IOPS : 60K / [환경특성] MTBF : 150만시간 / TBW : 160TB / A/S기간 : 3년 , 제한보증 / 두께 : 6.7mm / 50g 닫기",https://img.danuri.io/catalog-image/440/424/095/4ae67b5754ac43ee97aca07421714365.jpg?shrink=130:130&_v=20261006161808,https://prod.danawa.com/info/?pcode=98777909&cate=112760
232,BIWIN M100,1TB,"233,120","6.4cm(2.5형) / SATA3 (6Gb/s) / QLC / 컨트롤러 : 기타 / [성능] 순차읽기 : 550MB/s / 순차쓰기 : 480MB/s / 읽기IOPS : 60K / 쓰기IOPS : 60K / [환경특성] MTBF : 150만시간 / TBW : 160TB / A/S기간 : 3년 , 제한보증 / 두께 : 6.7mm / 50g 닫기",https://img.danuri.io/catalog-image/440/424/095/4ae67b5754ac43ee97aca07421714365.jpg?shrink=130:130&_v=20261006161808,https://prod.danawa.com/info/?pcode=98777888&cate=112760
233,BIWIN M100,512GB,"113,700","6.4cm(2.5형) / SATA3 (6Gb/s) / QLC / 컨트롤러 : 기타 / [성능] 순차읽기 : 550MB/s / 순차쓰기 : 480MB/s / 읽기IOPS : 60K / 쓰기IOPS : 60K / [환경특성] MTBF : 150만시간 / TBW : 160TB / A/S기간 : 3년 , 제한보증 / 두께 : 6.7mm / 50g 닫기",https://img.danuri.io/catalog-image/440/424/095/4ae67b5754ac43ee97aca07421714365.jpg?shrink=130:130&_v=20261006161808,https://prod.danawa.com/info/?pcode=95424440&cate=112760
234,BIWIN M100,256GB,"68,500","6.4cm(2.5형) / SATA3 (6Gb/s) / QLC / 컨트롤러 : 기타 / [성능] 순차읽기 : 550MB/s / 순차쓰기 : 480MB/s / 읽기IOPS : 60K / 쓰기IOPS : 60K / [환경특성] MTBF : 150만시간 / TBW : 160TB / A/S기간 : 3년 , 제한보증 / 두께 : 6.7mm / 50g 닫기",https://img.danuri.io/catalog-image/440/424/095/4ae67b5754ac43ee97aca07421714365.jpg?shrink=130:130&_v=20261006161808,https://prod.danawa.com/info/?pcode=95424425&cate=112760
235,BIWIN M560 M.2 NVMe,2TB,"619,880","M.2 (2280) / PCIe5.0x4 (128GT/s) / 컨트롤러 : 기타 / [성능] 순차읽기 : 11,000MB/s / 순차쓰기 : 9,700MB/s / 읽기IOPS : 1,400K / 쓰기IOPS : 1,600K / [지원기능] TRIM / SLC캐싱 / ECC / 전용 S/W / [환경특성] MTBF : 150만 / TBW : 750TB / PS5 호환 / A/S기간 : 5년 , 제한보증 / 방열판 미포함 / 두께 : 2.45mm / 10g 닫기",https://img.danuri.io/catalog-image/192/710/122/db8ced58f9b74504804b60634362b321.jpeg?shrink=130:130&_v=20261006131758,https://prod.danawa.com/info/?pcode=122710177&cate=112760
236,BIWIN M560 M.2 NVMe,1TB,"294,410","M.2 (2280) / PCIe5.0x4 (128GT/s) / 컨트롤러 : 기타 / [성능] 순차읽기 : 11,000MB/s / 순차쓰기 : 9,700MB/s / 읽기IOPS : 1,400K / 쓰기IOPS : 1,600K / [지원기능] TRIM / SLC캐싱 / ECC / 전용 S/W / [환경특성] MTBF : 150만 / TBW : 750TB / PS5 호환 / A/S기간 : 5년 , 제한보증 / 방열판 미포함 / 두께 : 2.45mm / 10g 닫기",https://img.danuri.io/catalog-image/192/710/122/db8ced58f9b74504804b60634362b321.jpeg?shrink=130:130&_v=20261006131758,https://prod.danawa.com/info/?pcode=122710192&cate=112760
237,Western Digital WD Green SN3000 M.2 NVMe,2TB,"398,000","M.2 (2280) / PCIe4.0x4 (64GT/s) / QLC / 컨트롤러 : WD / [성능] 순차읽기 : 5,000MB/s / 순차쓰기 : 4,200MB/s / [환경특성] MTBF : 175만시간 / TBW : 150TB / A/S기간 : 3년 , 제한보증 / 방열판 미포함 / 두께 : 2.38mm / 5.4g 닫기",https://img.danuri.io/catalog-image/015/186/101/a1ffb656d3d74cf5980ea5fafe580380.jpg?shrink=130:130&_v=20261006080652,https://prod.danawa.com/info/?pcode=101186033&cate=112760
238,Western Digital WD Green SN3000 M.2 NVMe,1TB,"256,990","M.2 (2280) / PCIe4.0x4 (64GT/s) / QLC / 컨트롤러 : WD / [성능] 순차읽기 : 5,000MB/s / 순차쓰기 : 4,200MB/s / [환경특성] MTBF : 175만시간 / TBW : 150TB / A/S기간 : 3년 , 제한보증 / 방열판 미포함 / 두께 : 2.38mm / 5.4g 닫기",https://img.danuri.io/catalog-image/015/186/101/a1ffb656d3d74cf5980ea5fafe580380.jpg?shrink=130:130&_v=20261006080652,https://prod.danawa.com/info/?pcode=101186015&cate=112760
239,MSI SPATIUM M452 M.2 NVMe,500GB,"169,000","M.2 (2280) / PCIe4.0x4 (64GT/s) / QLC / 컨트롤러 : 파이슨 E29T / [성능] 순차읽기 : 3,600MB/s / 순차쓰기 : 3,100MB/s / 읽기IOPS : 470K / 쓰기IOPS : 750K / [지원기능] TRIM / S.M.A.R.T / SLC캐싱 / ECC / [환경특성] MTBF : 150만 / TBW : 150TB / A/S기간 : 5년 , 제한보증 / 방열판 미포함 / 두께 : 2.15mm 닫기",https://img.danuri.io/catalog-image/280/802/123/e9b8540c4f4549009dafaff85277c0d9.jpg?shrink=130:130&_v=20261006163224,https://prod.danawa.com/info/?pcode=123802280&cate=112760
240,MSI SPATIUM M480 PRO M.2 NVMe,2TB,"637,240","M.2 (2280) / PCIe4.0x4 (64GT/s) / TLC / DRAM 탑재 / DDR4 2GB / 컨트롤러 : 파이슨 PS5018-E18 / [성능] 순차읽기 : 7,400MB/s / 순차쓰기 : 7,000MB/s / 읽기IOPS : 1,000K / 쓰기IOPS : 1,000K / [지원기능] GC / S.M.A.R.T / SLC캐싱 / TRIM / ECC / AES 암호화 / 전용 S/W / [환경특성] MTBF : 160만 / TBW : 1,400TB / PS5 호환 / A/S기간 : 5년 , 제한보증 / 방열판 미포함 / 두께 : 2.15mm 닫기",https://img.danuri.io/catalog-image/443/103/032/d4272d670f6d47a09b6b1f1c650932c7.jpg?shrink=130:130&_v=20261006163138,https://prod.danawa.com/info/?pcode=32103443&cate=112760
241,MSI SPATIUM M480 PRO M.2 NVMe,1TB,"399,000","M.2 (2280) / PCIe4.0x4 (64GT/s) / TLC / DRAM 탑재 / DDR4 2GB / 컨트롤러 : 파이슨 PS5018-E18 / [성능] 순차읽기 : 7,400MB/s / 순차쓰기 : 7,000MB/s / 읽기IOPS : 1,000K / 쓰기IOPS : 1,000K / [지원기능] GC / S.M.A.R.T / SLC캐싱 / TRIM / ECC / AES 암호화 / 전용 S/W / [환경특성] MTBF : 160만 / TBW : 1,400TB / PS5 호환 / A/S기간 : 5년 , 제한보증 / 방열판 미포함 / 두께 : 2.15mm 닫기",https://img.danuri.io/catalog-image/443/103/032/d4272d670f6d47a09b6b1f1c650932c7.jpg?shrink=130:130&_v=20261006163138,https://prod.danawa.com/info/?pcode=20693714&cate=112760
242,PNY CS1031 Gen3 M.2 NVMe 제이씨현,1TB,"235,000","M.2 (2280) / PCIe3.0x4 (32GT/s) / 컨트롤러 : 파이슨 / [성능] 순차읽기 : 1,700MB/s / 순차쓰기 : 1,100MB/s / [지원기능] TRIM / S.M.A.R.T / HMB / [환경특성] MTBF : 200만 / A/S기간 : 5년 , 제한보증 / 방열판 미포함 / 두께 : 4mm / 6.6g / [기타] 24년 10월부로 제조사 요청에 의한 컨트롤러, 메모리타입 정보 삭제 닫기",https://img.danuri.io/catalog-image/749/137/013/3a860b709373493193cd55f3e9124156.jpg?shrink=130:130&_v=20261006161108,https://prod.danawa.com/info/?pcode=123721509&cate=112760
243,PNY CS1031 Gen3 M.2 NVMe 제이씨현,500GB,"154,000","M.2 (2280) / PCIe3.0x4 (32GT/s) / 컨트롤러 : 파이슨 / [성능] 순차읽기 : 1,700MB/s / 순차쓰기 : 1,100MB/s / [지원기능] TRIM / S.M.A.R.T / HMB / [환경특성] MTBF : 200만 / A/S기간 : 5년 , 제한보증 / 방열판 미포함 / 두께 : 4mm / 6.6g / [기타] 24년 10월부로 제조사 요청에 의한 컨트롤러, 메모리타입 정보 삭제 닫기",https://img.danuri.io/catalog-image/749/137/013/3a860b709373493193cd55f3e9124156.jpg?shrink=130:130&_v=20261006161108,https://prod.danawa.com/info/?pcode=17970599&cate=112760
244,PNY CS1031 Gen3 M.2 NVMe 제이씨현,256GB,"79,000","M.2 (2280) / PCIe3.0x4 (32GT/s) / 컨트롤러 : 파이슨 / [성능] 순차읽기 : 1,700MB/s / 순차쓰기 : 1,100MB/s / [지원기능] TRIM / S.M.A.R.T / HMB / [환경특성] MTBF : 200만 / A/S기간 : 5년 , 제한보증 / 방열판 미포함 / 두께 : 4mm / 6.6g / [기타] 24년 10월부로 제조사 요청에 의한 컨트롤러, 메모리타입 정보 삭제 닫기",https://img.danuri.io/catalog-image/749/137/013/3a860b709373493193cd55f3e9124156.jpg?shrink=130:130&_v=20261006161108,https://prod.danawa.com/info/?pcode=13137749&cate=112760
245,ESSENCORE KLEVV CRAS C930 M.2 NVMe,2TB,"573,200","M.2 (2280) / PCIe4.0x4 (64GT/s) / TLC / DRAM 탑재 / DDR4 2GB / 컨트롤러 : InnoGrit IG5236 / [성능] 순차읽기 : 7,400MB/s / 순차쓰기 : 6,800MB/s / 읽기IOPS : 1,000K / 쓰기IOPS : 1,000K / [지원기능] TRIM / ECC / SLC캐싱 / S.M.A.R.T / AES 암호화 / 전용 S/W / [환경특성] TBW : 1,500TB / PS5 호환 / A/S기간 : 5년 , 제한보증 / 방열판 포함 / 두께 : 8.7mm / 23g / Acronis 공식 소프트웨어지원 닫기",https://img.danuri.io/catalog-image/771/612/020/d88c07c5bd2842edbf4a0e4c9f19261a.jpg?shrink=130:130&_v=20261006120338,https://prod.danawa.com/info/?pcode=20612771&cate=112760
246,ESSENCORE KLEVV CRAS C930 M.2 NVMe,1TB,"380,000","M.2 (2280) / PCIe4.0x4 (64GT/s) / TLC / DRAM 탑재 / DDR4 2GB / 컨트롤러 : InnoGrit IG5236 / [성능] 순차읽기 : 7,400MB/s / 순차쓰기 : 6,800MB/s / 읽기IOPS : 1,000K / 쓰기IOPS : 1,000K / [지원기능] TRIM / ECC / SLC캐싱 / S.M.A.R.T / AES 암호화 / 전용 S/W / [환경특성] TBW : 1,500TB / PS5 호환 / A/S기간 : 5년 , 제한보증 / 방열판 포함 / 두께 : 8.7mm / 23g / Acronis 공식 소프트웨어지원 닫기",https://img.danuri.io/catalog-image/771/612/020/d88c07c5bd2842edbf4a0e4c9f19261a.jpg?shrink=130:130&_v=20261006120338,https://prod.danawa.com/info/?pcode=20612159&cate=112760
247,ADATA LEGEND 860 M.2 NVMe,1TB,"278,980","M.2 (2280) / PCIe4.0x4 (64GT/s) / QLC / 컨트롤러 : Realtek / [성능] 순차읽기 : 5,000MB/s / 순차쓰기 : 3,000MB/s / [지원기능] HMB / ECC / SLC캐싱 / S.M.A.R.T / 전용 S/W / [환경특성] MTBF : 200만 / TBW : 160TB / PS5 호환 / A/S기간 : 제한보증 , 5년 / 방열판 포함 / 두께 : 3.13mm / 9.5g 닫기",https://img.danuri.io/catalog-image/273/250/079/359ef983db984c43b4f93daa447832c1.jpg?shrink=130:130&_v=20261006080522,https://prod.danawa.com/info/?pcode=79250330&cate=112760
248,ADATA LEGEND 860 M.2 NVMe,2TB,"485,000","M.2 (2280) / PCIe4.0x4 (64GT/s) / QLC / 컨트롤러 : Realtek / [성능] 순차읽기 : 5,000MB/s / 순차쓰기 : 3,000MB/s / [지원기능] HMB / ECC / SLC캐싱 / S.M.A.R.T / 전용 S/W / [환경특성] MTBF : 200만 / TBW : 160TB / PS5 호환 / A/S기간 : 제한보증 , 5년 / 방열판 포함 / 두께 : 3.13mm / 9.5g 닫기",https://img.danuri.io/catalog-image/273/250/079/359ef983db984c43b4f93daa447832c1.jpg?shrink=130:130&_v=20261006080522,https://prod.danawa.com/info/?pcode=79401872&cate=112760
249,ADATA LEGEND 860 M.2 NVMe,500GB,"165,000","M.2 (2280) / PCIe4.0x4 (64GT/s) / QLC / 컨트롤러 : Realtek / [성능] 순차읽기 : 5,000MB/s / 순차쓰기 : 3,000MB/s / [지원기능] HMB / ECC / SLC캐싱 / S.M.A.R.T / 전용 S/W / [환경특성] MTBF : 200만 / TBW : 160TB / PS5 호환 / A/S기간 : 제한보증 , 5년 / 방열판 포함 / 두께 : 3.13mm / 9.5g 닫기",https://img.danuri.io/catalog-image/273/250/079/359ef983db984c43b4f93daa447832c1.jpg?shrink=130:130&_v=20261006080522,https://prod.danawa.com/info/?pcode=79250273&cate=112760
250,Sandisk Optimus GX PRO 8100 히트싱크 M.2 NVMe,4TB,"1,786,530","M.2 (2280) / PCIe5.0x4 (128GT/s) / TLC / DRAM 탑재 / 컨트롤러 : 실리콘모션 / [성능] 순차읽기 : 14,900MB/s / 순차쓰기 : 14,000MB/s / 읽기IOPS : 2,300K / 쓰기IOPS : 2,400K / [지원기능] TRIM / SLC캐싱 / S.M.A.R.T / [환경특성] MTBF : 175만 / TBW : 2,400TB / PS5 호환 / A/S기간 : 5년 / 방열판 포함 / 두께 : 9.76mm / 28.2g 닫기",https://img.danuri.io/catalog-image/913/668/122/994af25365b248b9a000683eb827d518.jpeg?shrink=130:130&_v=20261006080523,https://prod.danawa.com/info/?pcode=122668913&cate=112760
251,Sandisk Optimus GX PRO 8100 히트싱크 M.2 NVMe,2TB,"974,270","M.2 (2280) / PCIe5.0x4 (128GT/s) / TLC / DRAM 탑재 / 컨트롤러 : 실리콘모션 / [성능] 순차읽기 : 14,900MB/s / 순차쓰기 : 14,000MB/s / 읽기IOPS : 2,300K / 쓰기IOPS : 2,400K / [지원기능] TRIM / SLC캐싱 / S.M.A.R.T / [환경특성] MTBF : 175만 / TBW : 2,400TB / PS5 호환 / A/S기간 : 5년 / 방열판 포함 / 두께 : 9.76mm / 28.2g 닫기",https://img.danuri.io/catalog-image/913/668/122/994af25365b248b9a000683eb827d518.jpeg?shrink=130:130&_v=20261006080523,https://prod.danawa.com/info/?pcode=122669256&cate=112760
252,Sandisk Optimus GX PRO 8100 히트싱크 M.2 NVMe,1TB,"542,340","M.2 (2280) / PCIe5.0x4 (128GT/s) / TLC / DRAM 탑재 / 컨트롤러 : 실리콘모션 / [성능] 순차읽기 : 14,900MB/s / 순차쓰기 : 14,000MB/s / 읽기IOPS : 2,300K / 쓰기IOPS : 2,400K / [지원기능] TRIM / SLC캐싱 / S.M.A.R.T / [환경특성] MTBF : 175만 / TBW : 2,400TB / PS5 호환 / A/S기간 : 5년 / 방열판 포함 / 두께 : 9.76mm / 28.2g 닫기",https://img.danuri.io/catalog-image/913/668/122/994af25365b248b9a000683eb827d518.jpeg?shrink=130:130&_v=20261006080523,https://prod.danawa.com/info/?pcode=122669264&cate=112760
253,Seagate 파이어쿠다 530R 히트싱크 M.2 NVMe,2TB,"615,000","M.2 (2280) / PCIe4.0x4 (64GT/s) / TLC / DRAM 탑재 / DDR4 2GB / 컨트롤러 : 파이슨 PS5018-E18 / [성능] 순차읽기 : 7,400MB/s / 순차쓰기 : 6,900MB/s / 읽기IOPS : 1,300K / 쓰기IOPS : 1,300K / [지원기능] TRIM / S.M.A.R.T / SLC캐싱 / GC / DEVSLP / 전용 S/W / [환경특성] MTBF : 180만 / TBW : 2,400TB / PS5 호환 / A/S기간 : 5년 , 데이터 복구 3년 , 제한보증 / 방열판 포함 / 두께 : 11.10mm / 49g 닫기",https://img.danuri.io/catalog-image/648/436/061/7cee077ca38844af9ed8fe0c592cced1.jpg?shrink=130:130&_v=20261006080652,https://prod.danawa.com/info/?pcode=61436648&cate=112760
254,Seagate 파이어쿠다 530R 히트싱크 M.2 NVMe,4TB,"1,215,000","M.2 (2280) / PCIe4.0x4 (64GT/s) / TLC / DRAM 탑재 / DDR4 2GB / 컨트롤러 : 파이슨 PS5018-E18 / [성능] 순차읽기 : 7,400MB/s / 순차쓰기 : 6,900MB/s / 읽기IOPS : 1,300K / 쓰기IOPS : 1,300K / [지원기능] TRIM / S.M.A.R.T / SLC캐싱 / GC / DEVSLP / 전용 S/W / [환경특성] MTBF : 180만 / TBW : 2,400TB / PS5 호환 / A/S기간 : 5년 , 데이터 복구 3년 , 제한보증 / 방열판 포함 / 두께 : 11.10mm / 49g 닫기",https://img.danuri.io/catalog-image/648/436/061/7cee077ca38844af9ed8fe0c592cced1.jpg?shrink=130:130&_v=20261006080652,https://prod.danawa.com/info/?pcode=61436567&cate=112760
255,ESSENCORE KLEVV NEO N410+,512GB,"148,940","6.4cm(2.5형) / SATA3 (6Gb/s) / TLC / 컨트롤러 : 실리콘모션 SM2259XT2 / [성능] 순차읽기 : 540MB/s / 순차쓰기 : 500MB/s / [지원기능] S.M.A.R.T / SLC캐싱 / TRIM / ECC / [환경특성] TBW : 100TB / A/S기간 : 3년 , 제한보증 / 두께 : 7mm / 35g 닫기",https://img.danuri.io/catalog-image/264/130/103/979a115bac0e431392b39d7ea72e6a65.jpg?shrink=130:130&_v=20261006142733,https://prod.danawa.com/info/?pcode=103130261&cate=112760
256,ESSENCORE KLEVV NEO N410+,256GB,"85,540","6.4cm(2.5형) / SATA3 (6Gb/s) / TLC / 컨트롤러 : 실리콘모션 SM2259XT2 / [성능] 순차읽기 : 540MB/s / 순차쓰기 : 500MB/s / [지원기능] S.M.A.R.T / SLC캐싱 / TRIM / ECC / [환경특성] TBW : 100TB / A/S기간 : 3년 , 제한보증 / 두께 : 7mm / 35g 닫기",https://img.danuri.io/catalog-image/264/130/103/979a115bac0e431392b39d7ea72e6a65.jpg?shrink=130:130&_v=20261006142733,https://prod.danawa.com/info/?pcode=103130264&cate=112760
257,ADATA XPG MARS 980 BLADE M.2 NVMe,2TB,"647,030","M.2 (2280) / PCIe5.0x4 (128GT/s) / TLC / DRAM 탑재 / 컨트롤러 : 실리콘모션 SM2508 / [성능] 순차읽기 : 14,000MB/s / 순차쓰기 : 10,000MB/s / 읽기IOPS : 1,600K / 쓰기IOPS : 1,650K / [지원기능] ECC / SLC캐싱 / S.M.A.R.T / 전용 S/W / [환경특성] MTBF : 160만 / TBW : 740TB / PS5 호환(6,100MB/s) / A/S기간 : 제한보증 , 5년 / 방열판 포함 / 두께 : 4.5mm / 12g 닫기",https://img.danuri.io/catalog-image/900/133/088/088a51c9444f46c8b64ceb2cf433a0a0.jpg?shrink=130:130&_v=20261006080522,https://prod.danawa.com/info/?pcode=88133846&cate=112760
258,ADATA XPG MARS 980 BLADE M.2 NVMe,1TB,"394,990","M.2 (2280) / PCIe5.0x4 (128GT/s) / TLC / DRAM 탑재 / 컨트롤러 : 실리콘모션 SM2508 / [성능] 순차읽기 : 14,000MB/s / 순차쓰기 : 10,000MB/s / 읽기IOPS : 1,600K / 쓰기IOPS : 1,650K / [지원기능] ECC / SLC캐싱 / S.M.A.R.T / 전용 S/W / [환경특성] MTBF : 160만 / TBW : 740TB / PS5 호환(6,100MB/s) / A/S기간 : 제한보증 , 5년 / 방열판 포함 / 두께 : 4.5mm / 12g 닫기",https://img.danuri.io/catalog-image/900/133/088/088a51c9444f46c8b64ceb2cf433a0a0.jpg?shrink=130:130&_v=20261006080522,https://prod.danawa.com/info/?pcode=88133900&cate=112760
259,Sandisk Optimus GX 7100M M.2 2230 NVMe,2TB,"815,290","M.2 (2230) / PCIe4.0x4 (64GT/s) / TLC / 컨트롤러 : 기타 / [성능] 순차읽기 : 7,250MB/s / 순차쓰기 : 6,900MB/s / 읽기IOPS : 1,000K / 쓰기IOPS : 1,300K / [지원기능] HMB / TRIM / SLC캐싱 / S.M.A.R.T / [환경특성] MTBF : 175만 / TBW : 1,200TB / 스팀덱, Ally 호환 / A/S기간 : 5년 , 제한보증 / 방열판 미포함 / 두께 : 2.38mm / 2.8g 닫기",https://img.danuri.io/catalog-image/603/669/122/9733ad68298845a3952901c30bf66dc6.jpeg?shrink=130:130&_v=20261006163043,https://prod.danawa.com/info/?pcode=122669603&cate=112760
260,ADATA XPG SX8200 Pro M.2 NVMe 파인인포,512GB,"193,790","M.2 (2280) / PCIe3.0x4 (32GT/s) / TLC / DRAM 탑재 / DDR3 512MB / 컨트롤러 : 실리콘모션 / [성능] 순차읽기 : 3,500MB/s / 순차쓰기 : 2,350MB/s / 읽기IOPS : 390K / 쓰기IOPS : 380K / [지원기능] TRIM / S.M.A.R.T / SLC캐싱 / ECC / AES 암호화 / [환경특성] MTBF : 200만 / TBW : 320TB / A/S기간 : 5년 , 제한보증 / 방열판 제공(탈거가능) / 두께 : 3.5mm / 8g 닫기",https://img.danuri.io/catalog-image/977/552/102/b7a40f27d0234374adc0f2ab9d4e11c0.jpg?shrink=130:130&_v=20261006080522,https://prod.danawa.com/info/?pcode=102552977&cate=112760
261,타무즈 RXK550 벌크,1TB,"199,240","6.4cm(2.5형) / SATA3 (6Gb/s) / TLC / 컨트롤러 : 실리콘모션 / [성능] 순차읽기 : 550MB/s / 순차쓰기 : 500MB/s / 읽기IOPS : 40K / 쓰기IOPS : 70K / [지원기능] DEVSLP / TRIM / ECC / SLC캐싱 / GC / S.M.A.R.T / [환경특성] MTBF : 150만 / TBW : 512TB / A/S기간 : 3년 , 제한보증 / 두께 : 7mm / 48g 닫기",https://img.danuri.io/catalog-image/665/369/033/8fbec3a715c14b02982dcd32e5fcb518.jpg?shrink=130:130&_v=20261006162603,https://prod.danawa.com/info/?pcode=33369665&cate=112760
262,타무즈 RXK550 벌크,512GB,"101,230","6.4cm(2.5형) / SATA3 (6Gb/s) / TLC / 컨트롤러 : 실리콘모션 / [성능] 순차읽기 : 550MB/s / 순차쓰기 : 500MB/s / 읽기IOPS : 40K / 쓰기IOPS : 70K / [지원기능] DEVSLP / TRIM / ECC / SLC캐싱 / GC / S.M.A.R.T / [환경특성] MTBF : 150만 / TBW : 512TB / A/S기간 : 3년 , 제한보증 / 두께 : 7mm / 48g 닫기",https://img.danuri.io/catalog-image/665/369/033/8fbec3a715c14b02982dcd32e5fcb518.jpg?shrink=130:130&_v=20261006162603,https://prod.danawa.com/info/?pcode=33369674&cate=112760
263,타무즈 RXK550 벌크,256GB,"68,480","6.4cm(2.5형) / SATA3 (6Gb/s) / TLC / 컨트롤러 : 실리콘모션 / [성능] 순차읽기 : 550MB/s / 순차쓰기 : 500MB/s / 읽기IOPS : 40K / 쓰기IOPS : 70K / [지원기능] DEVSLP / TRIM / ECC / SLC캐싱 / GC / S.M.A.R.T / [환경특성] MTBF : 150만 / TBW : 512TB / A/S기간 : 3년 , 제한보증 / 두께 : 7mm / 48g 닫기",https://img.danuri.io/catalog-image/665/369/033/8fbec3a715c14b02982dcd32e5fcb518.jpg?shrink=130:130&_v=20261006162603,https://prod.danawa.com/info/?pcode=33369677&cate=112760
264,PATRIOT P400 Lite M.2 NVMe,2TB,"511,980","M.2 (2280) / PCIe4.0x4 (64GT/s) / QLC / 컨트롤러 : Maxio / [성능] 순차읽기 : 3,500MB/s / 순차쓰기 : 2,700MB/s / 읽기IOPS : 340K / 쓰기IOPS : 540K / [지원기능] TRIM / ECC / DEVSLP / HMB / GC / S.M.A.R.T / 전용 S/W / [환경특성] MTBF : 150만 / TBW : 560TB / A/S기간 : 5년 , 제한보증 / 방열판 미포함 / 두께 : 3.8mm / 20g / [기타] 26년 1월부로 읽기/쓰기 정보 변경 닫기",https://img.danuri.io/catalog-image/305/875/076/b56b2ef5166c4636bece0a9f59607776.jpg?shrink=130:130&_v=20261006122840,https://prod.danawa.com/info/?pcode=76875284&cate=112760
265,PATRIOT P400 Lite M.2 NVMe,1TB,"276,980","M.2 (2280) / PCIe4.0x4 (64GT/s) / QLC / 컨트롤러 : Maxio / [성능] 순차읽기 : 3,500MB/s / 순차쓰기 : 2,700MB/s / 읽기IOPS : 340K / 쓰기IOPS : 540K / [지원기능] TRIM / ECC / DEVSLP / HMB / GC / S.M.A.R.T / 전용 S/W / [환경특성] MTBF : 150만 / TBW : 560TB / A/S기간 : 5년 , 제한보증 / 방열판 미포함 / 두께 : 3.8mm / 20g / [기타] 26년 1월부로 읽기/쓰기 정보 변경 닫기",https://img.danuri.io/catalog-image/305/875/076/b56b2ef5166c4636bece0a9f59607776.jpg?shrink=130:130&_v=20261006122840,https://prod.danawa.com/info/?pcode=76875305&cate=112760
266,PATRIOT P400 Lite M.2 NVMe,500GB,"161,000","M.2 (2280) / PCIe4.0x4 (64GT/s) / QLC / 컨트롤러 : Maxio / [성능] 순차읽기 : 3,500MB/s / 순차쓰기 : 2,700MB/s / 읽기IOPS : 340K / 쓰기IOPS : 540K / [지원기능] TRIM / ECC / DEVSLP / HMB / GC / S.M.A.R.T / 전용 S/W / [환경특성] MTBF : 150만 / TBW : 560TB / A/S기간 : 5년 , 제한보증 / 방열판 미포함 / 두께 : 3.8mm / 20g / [기타] 26년 1월부로 읽기/쓰기 정보 변경 닫기",https://img.danuri.io/catalog-image/305/875/076/b56b2ef5166c4636bece0a9f59607776.jpg?shrink=130:130&_v=20261006122840,https://prod.danawa.com/info/?pcode=76875311&cate=112760
267,트랜센드 MTS830S M.2 SATA,1TB,"488,980","M.2 (2280) / SATA3 (6Gb/s) / DRAM 탑재 / 컨트롤러 : 기타 / [성능] 순차읽기 : 530MB/s / 순차쓰기 : 400MB/s / 읽기IOPS : 45K / 쓰기IOPS : 70K / [지원기능] DEVSLP / TRIM / ECC / SLC캐싱 / GC / S.M.A.R.T / 전용 S/W / [환경특성] MTBF : 200만 / TBW : 140TB / A/S기간 : 제한보증 , 5년 / 두께 : 3.58mm / 9g 닫기",https://img.danuri.io/catalog-image/490/798/006/b04fa9702d204615b153c7f75b428e54.jpg?shrink=130:130&_v=20261006163219,https://prod.danawa.com/info/?pcode=6938563&cate=112760
268,트랜센드 MTS830S M.2 SATA,512GB,"289,000","M.2 (2280) / SATA3 (6Gb/s) / DRAM 탑재 / 컨트롤러 : 기타 / [성능] 순차읽기 : 530MB/s / 순차쓰기 : 400MB/s / 읽기IOPS : 45K / 쓰기IOPS : 70K / [지원기능] DEVSLP / TRIM / ECC / SLC캐싱 / GC / S.M.A.R.T / 전용 S/W / [환경특성] MTBF : 200만 / TBW : 140TB / A/S기간 : 제한보증 , 5년 / 두께 : 3.58mm / 9g 닫기",https://img.danuri.io/catalog-image/490/798/006/b04fa9702d204615b153c7f75b428e54.jpg?shrink=130:130&_v=20261006163219,https://prod.danawa.com/info/?pcode=6798502&cate=112760
269,트랜센드 MTS830S M.2 SATA,256GB,"185,810","M.2 (2280) / SATA3 (6Gb/s) / DRAM 탑재 / 컨트롤러 : 기타 / [성능] 순차읽기 : 530MB/s / 순차쓰기 : 400MB/s / 읽기IOPS : 45K / 쓰기IOPS : 70K / [지원기능] DEVSLP / TRIM / ECC / SLC캐싱 / GC / S.M.A.R.T / 전용 S/W / [환경특성] MTBF : 200만 / TBW : 140TB / A/S기간 : 제한보증 , 5년 / 두께 : 3.58mm / 9g 닫기",https://img.danuri.io/catalog-image/490/798/006/b04fa9702d204615b153c7f75b428e54.jpg?shrink=130:130&_v=20261006163219,https://prod.danawa.com/info/?pcode=6798490&cate=112760
270,킹스톤 NV3 M.2 NVMe,4TB,"1,346,840","M.2 (2280) / PCIe4.0x4 (64GT/s) / QLC / 컨트롤러 : 실리콘모션 / [성능] 순차읽기 : 6,000MB/s / 순차쓰기 : 4,000MB/s / [지원기능] TRIM / HMB / SLC캐싱 / S.M.A.R.T / [환경특성] MTBF : 200만 / TBW : 320TB / PS5 호환 / A/S기간 : 제한보증 , 5년 / 방열판 미포함 / 두께 : 2.3mm / 7g 닫기",https://img.danuri.io/catalog-image/595/772/096/06e0299d4ebe4e0fb943a2f9fda479c0.jpg?shrink=130:130&_v=20261006170149,https://prod.danawa.com/info/?pcode=96772508&cate=112760
271,킹스톤 NV3 M.2 NVMe,2TB,"540,770","M.2 (2280) / PCIe4.0x4 (64GT/s) / QLC / 컨트롤러 : 실리콘모션 / [성능] 순차읽기 : 6,000MB/s / 순차쓰기 : 4,000MB/s / [지원기능] TRIM / HMB / SLC캐싱 / S.M.A.R.T / [환경특성] MTBF : 200만 / TBW : 320TB / PS5 호환 / A/S기간 : 제한보증 , 5년 / 방열판 미포함 / 두께 : 2.3mm / 7g 닫기",https://img.danuri.io/catalog-image/595/772/096/06e0299d4ebe4e0fb943a2f9fda479c0.jpg?shrink=130:130&_v=20261006170149,https://prod.danawa.com/info/?pcode=96772562&cate=112760
272,킹스톤 NV3 M.2 NVMe,1TB,"292,650","M.2 (2280) / PCIe4.0x4 (64GT/s) / QLC / 컨트롤러 : 실리콘모션 / [성능] 순차읽기 : 6,000MB/s / 순차쓰기 : 4,000MB/s / [지원기능] TRIM / HMB / SLC캐싱 / S.M.A.R.T / [환경특성] MTBF : 200만 / TBW : 320TB / PS5 호환 / A/S기간 : 제한보증 , 5년 / 방열판 미포함 / 두께 : 2.3mm / 7g 닫기",https://img.danuri.io/catalog-image/595/772/096/06e0299d4ebe4e0fb943a2f9fda479c0.jpg?shrink=130:130&_v=20261006170149,https://prod.danawa.com/info/?pcode=96772595&cate=112760
273,킹스톤 NV3 M.2 NVMe,500GB,"192,730","M.2 (2280) / PCIe4.0x4 (64GT/s) / QLC / 컨트롤러 : 실리콘모션 / [성능] 순차읽기 : 6,000MB/s / 순차쓰기 : 4,000MB/s / [지원기능] TRIM / HMB / SLC캐싱 / S.M.A.R.T / [환경특성] MTBF : 200만 / TBW : 320TB / PS5 호환 / A/S기간 : 제한보증 , 5년 / 방열판 미포함 / 두께 : 2.3mm / 7g 닫기",https://img.danuri.io/catalog-image/595/772/096/06e0299d4ebe4e0fb943a2f9fda479c0.jpg?shrink=130:130&_v=20261006170149,https://prod.danawa.com/info/?pcode=96772631&cate=112760
274,킹스톤 KC3000 M.2 NVMe,2TB,"642,360","M.2 (2280) / PCIe4.0x4 (64GT/s) / TLC / DRAM 탑재 / DDR4 1GB / 컨트롤러 : 파이슨 PS5018-E18 / [성능] 순차읽기 : 7,000MB/s / 순차쓰기 : 6,000MB/s / 읽기IOPS : 900K / 쓰기IOPS : 1,000K / [지원기능] TRIM / SLC캐싱 / S.M.A.R.T / 전용 S/W / [환경특성] MTBF : 200만 / TBW : 800TB / PS5 호환 / A/S기간 : 5년 , 제한보증 / 방열판 포함 / 두께 : 2.21mm / 7g 닫기",https://img.danuri.io/catalog-image/165/773/096/5735dc456087458990aed7deb8bea266.jpg?shrink=130:130&_v=20261006164648,https://prod.danawa.com/info/?pcode=96773093&cate=112760
275,킹스톤 KC3000 M.2 NVMe,4TB,"1,484,000","M.2 (2280) / PCIe4.0x4 (64GT/s) / TLC / DRAM 탑재 / DDR4 1GB / 컨트롤러 : 파이슨 PS5018-E18 / [성능] 순차읽기 : 7,000MB/s / 순차쓰기 : 6,000MB/s / 읽기IOPS : 900K / 쓰기IOPS : 1,000K / [지원기능] TRIM / SLC캐싱 / S.M.A.R.T / 전용 S/W / [환경특성] MTBF : 200만 / TBW : 800TB / PS5 호환 / A/S기간 : 5년 , 제한보증 / 방열판 포함 / 두께 : 2.21mm / 7g 닫기",https://img.danuri.io/catalog-image/165/773/096/5735dc456087458990aed7deb8bea266.jpg?shrink=130:130&_v=20261006164648,https://prod.danawa.com/info/?pcode=96773027&cate=112760
276,킹스톤 KC3000 M.2 NVMe,1TB,"437,910","M.2 (2280) / PCIe4.0x4 (64GT/s) / TLC / DRAM 탑재 / DDR4 1GB / 컨트롤러 : 파이슨 PS5018-E18 / [성능] 순차읽기 : 7,000MB/s / 순차쓰기 : 6,000MB/s / 읽기IOPS : 900K / 쓰기IOPS : 1,000K / [지원기능] TRIM / SLC캐싱 / S.M.A.R.T / 전용 S/W / [환경특성] MTBF : 200만 / TBW : 800TB / PS5 호환 / A/S기간 : 5년 , 제한보증 / 방열판 포함 / 두께 : 2.21mm / 7g 닫기",https://img.danuri.io/catalog-image/165/773/096/5735dc456087458990aed7deb8bea266.jpg?shrink=130:130&_v=20261006164648,https://prod.danawa.com/info/?pcode=96773165&cate=112760
277,킹스톤 KC3000 M.2 NVMe,512GB,"354,910","M.2 (2280) / PCIe4.0x4 (64GT/s) / TLC / DRAM 탑재 / DDR4 1GB / 컨트롤러 : 파이슨 PS5018-E18 / [성능] 순차읽기 : 7,000MB/s / 순차쓰기 : 6,000MB/s / 읽기IOPS : 900K / 쓰기IOPS : 1,000K / [지원기능] TRIM / SLC캐싱 / S.M.A.R.T / 전용 S/W / [환경특성] MTBF : 200만 / TBW : 800TB / PS5 호환 / A/S기간 : 5년 , 제한보증 / 방열판 포함 / 두께 : 2.21mm / 7g 닫기",https://img.danuri.io/catalog-image/165/773/096/5735dc456087458990aed7deb8bea266.jpg?shrink=130:130&_v=20261006164648,https://prod.danawa.com/info/?pcode=96773204&cate=112760
278,타무즈 GKX370 mSATA,512GB,"191,980","Mini SATA(mSATA) / SATA3 (6Gb/s) / TLC / 컨트롤러 : ASolid AS2258 / [성능] 순차읽기 : 550MB/s / 순차쓰기 : 500MB/s / [지원기능] TRIM / ECC / SLC캐싱 / GC / S.M.A.R.T / 전용 S/W / [환경특성] MTBF : 150만 / TBW : 125TB / A/S기간 : 3년 , 제한보증 / 두께 : 2mm / 8.5g / [기타] 두께 3.5mm에서 2mm로 수정되었습니다(20.01.18) 닫기",https://img.danuri.io/catalog-image/037/034/010/c6ab321298b64fa7a862cfa93072de36.jpg?shrink=130:130&_v=20261006085718,https://prod.danawa.com/info/?pcode=10034049&cate=112760
279,타무즈 GKX370 mSATA,256GB,"106,880","Mini SATA(mSATA) / SATA3 (6Gb/s) / TLC / 컨트롤러 : ASolid AS2258 / [성능] 순차읽기 : 550MB/s / 순차쓰기 : 500MB/s / [지원기능] TRIM / ECC / SLC캐싱 / GC / S.M.A.R.T / 전용 S/W / [환경특성] MTBF : 150만 / TBW : 125TB / A/S기간 : 3년 , 제한보증 / 두께 : 2mm / 8.5g / [기타] 두께 3.5mm에서 2mm로 수정되었습니다(20.01.18) 닫기",https://img.danuri.io/catalog-image/037/034/010/c6ab321298b64fa7a862cfa93072de36.jpg?shrink=130:130&_v=20261006085718,https://prod.danawa.com/info/?pcode=10034037&cate=112760
280,타무즈 GKM330 M.2 SATA,512GB,"121,670","M.2 (2280) / SATA3 (6Gb/s) / TLC / 컨트롤러 : ASolid AS2258 / [성능] 순차읽기 : 550MB/s / 순차쓰기 : 500MB/s / 읽기IOPS : 90K / 쓰기IOPS : 85K / [지원기능] TRIM / ECC / GC / SLC캐싱 / S.M.A.R.T / 전용 S/W / [환경특성] MTBF : 150만 / TBW : 256TB / A/S기간 : 3년 , 제한보증 / 두께 : 2.25mm / 최대 11g 닫기",https://img.danuri.io/catalog-image/343/701/009/47b0023e9cd94cf392b21c4c29e7c84d.jpg?shrink=130:130&_v=20261006163958,https://prod.danawa.com/info/?pcode=9701343&cate=112760
281,타무즈 GKM330 M.2 SATA,256GB,"83,680","M.2 (2280) / SATA3 (6Gb/s) / TLC / 컨트롤러 : ASolid AS2258 / [성능] 순차읽기 : 550MB/s / 순차쓰기 : 500MB/s / 읽기IOPS : 90K / 쓰기IOPS : 85K / [지원기능] TRIM / ECC / GC / SLC캐싱 / S.M.A.R.T / 전용 S/W / [환경특성] MTBF : 150만 / TBW : 256TB / A/S기간 : 3년 , 제한보증 / 두께 : 2.25mm / 최대 11g 닫기",https://img.danuri.io/catalog-image/343/701/009/47b0023e9cd94cf392b21c4c29e7c84d.jpg?shrink=130:130&_v=20261006163958,https://prod.danawa.com/info/?pcode=9701295&cate=112760
282,TeamGroup GX2,1TB,"239,000","6.4cm(2.5형) / SATA3 (6Gb/s) / TLC / 컨트롤러 : 파이슨,실리콘모션 / [성능] 순차읽기 : 530MB/s / 순차쓰기 : 430MB/s / [지원기능] TRIM / ECC / DEVSLP / GC / S.M.A.R.T / [환경특성] MTBF : 100만 / TBW : 400TB / A/S기간 : 3년 , 제한보증 / 두께 : 7mm / ※ 2022년 10월부로 패키지 디자인 리뉴얼 / 컨트롤러는 상황에 따라 임의 변경 출고될 수 있음(파이슨/실리콘모션) 닫기",https://img.danuri.io/catalog-image/591/282/009/f4c2122c56894bd49924909dd1dbd75b.jpg?shrink=130:130&_v=20261006080705,https://prod.danawa.com/info/?pcode=9282597&cate=112760
283,TeamGroup GX2,512GB,"136,000","6.4cm(2.5형) / SATA3 (6Gb/s) / TLC / 컨트롤러 : 파이슨,실리콘모션 / [성능] 순차읽기 : 530MB/s / 순차쓰기 : 430MB/s / [지원기능] TRIM / ECC / DEVSLP / GC / S.M.A.R.T / [환경특성] MTBF : 100만 / TBW : 400TB / A/S기간 : 3년 , 제한보증 / 두께 : 7mm / ※ 2022년 10월부로 패키지 디자인 리뉴얼 / 컨트롤러는 상황에 따라 임의 변경 출고될 수 있음(파이슨/실리콘모션) 닫기",https://img.danuri.io/catalog-image/591/282/009/f4c2122c56894bd49924909dd1dbd75b.jpg?shrink=130:130&_v=20261006080705,https://prod.danawa.com/info/?pcode=9282591&cate=112760
284,TeamGroup GX2,256GB,"88,000","6.4cm(2.5형) / SATA3 (6Gb/s) / TLC / 컨트롤러 : 파이슨,실리콘모션 / [성능] 순차읽기 : 530MB/s / 순차쓰기 : 430MB/s / [지원기능] TRIM / ECC / DEVSLP / GC / S.M.A.R.T / [환경특성] MTBF : 100만 / TBW : 400TB / A/S기간 : 3년 , 제한보증 / 두께 : 7mm / ※ 2022년 10월부로 패키지 디자인 리뉴얼 / 컨트롤러는 상황에 따라 임의 변경 출고될 수 있음(파이슨/실리콘모션) 닫기",https://img.danuri.io/catalog-image/591/282/009/f4c2122c56894bd49924909dd1dbd75b.jpg?shrink=130:130&_v=20261006080705,https://prod.danawa.com/info/?pcode=9282576&cate=112760
285,Sandisk Optimus GX PRO 850X 히트싱크 M.2 NVMe,4TB,"1,707,810","M.2 (2280) / PCIe4.0x4 (64GT/s) / TLC / DRAM 탑재 / DDR4 2GB / 컨트롤러 : WD / [성능] 순차읽기 : 7,300MB/s / 순차쓰기 : 6,600MB/s / 읽기IOPS : 1,200K / 쓰기IOPS : 1,100K / [지원기능] TRIM / S.M.A.R.T / SLC캐싱 / 전용 S/W / [환경특성] MTBF : 175만 / TBW : 2,400TB / PS5 호환 / A/S기간 : 5년 , 제한보증 / 방열판 포함 / 두께 : 10.31mm / 30.4g 닫기",https://img.danuri.io/catalog-image/158/668/122/fa7fa87f39c7441fa4f486bd8acfe454.jpeg?shrink=130:130&_v=20261006161738,https://prod.danawa.com/info/?pcode=122668158&cate=112760
286,Sandisk Optimus GX PRO 850X 히트싱크 M.2 NVMe,2TB,"915,500","M.2 (2280) / PCIe4.0x4 (64GT/s) / TLC / DRAM 탑재 / DDR4 2GB / 컨트롤러 : WD / [성능] 순차읽기 : 7,300MB/s / 순차쓰기 : 6,600MB/s / 읽기IOPS : 1,200K / 쓰기IOPS : 1,100K / [지원기능] TRIM / S.M.A.R.T / SLC캐싱 / 전용 S/W / [환경특성] MTBF : 175만 / TBW : 2,400TB / PS5 호환 / A/S기간 : 5년 , 제한보증 / 방열판 포함 / 두께 : 10.31mm / 30.4g 닫기",https://img.danuri.io/catalog-image/158/668/122/fa7fa87f39c7441fa4f486bd8acfe454.jpeg?shrink=130:130&_v=20261006161738,https://prod.danawa.com/info/?pcode=122668191&cate=112760
287,Sandisk Optimus GX PRO 850X 히트싱크 M.2 NVMe,1TB,"483,040","M.2 (2280) / PCIe4.0x4 (64GT/s) / TLC / DRAM 탑재 / DDR4 2GB / 컨트롤러 : WD / [성능] 순차읽기 : 7,300MB/s / 순차쓰기 : 6,600MB/s / 읽기IOPS : 1,200K / 쓰기IOPS : 1,100K / [지원기능] TRIM / S.M.A.R.T / SLC캐싱 / 전용 S/W / [환경특성] MTBF : 175만 / TBW : 2,400TB / PS5 호환 / A/S기간 : 5년 , 제한보증 / 방열판 포함 / 두께 : 10.31mm / 30.4g 닫기",https://img.danuri.io/catalog-image/158/668/122/fa7fa87f39c7441fa4f486bd8acfe454.jpeg?shrink=130:130&_v=20261006161738,https://prod.danawa.com/info/?pcode=122668205&cate=112760
288,BIWIN Black Opal NV7400 M.2 NVMe,512GB,"159,980","M.2 (2280) / PCIe4.0x4 (64GT/s) / TLC / 컨트롤러 : 기타 / [성능] 순차읽기 : 7,050MB/s / 순차쓰기 : 4,200MB/s / 읽기IOPS : 800K / 쓰기IOPS : 800K / [지원기능] TRIM / S.M.A.R.T / SLC캐싱 / HMB / ECC / 전용 S/W / [환경특성] MTBF : 150만 / TBW : 500TB / PS5 호환 / A/S기간 : 5년 , 제한보증 / 방열판 미포함 / 두께 : 2.45mm / 9g 닫기",https://img.danuri.io/catalog-image/753/033/124/6f3e5a1fa5ad40c1a6860fde8edf729c.jpeg?shrink=130:130&_v=20261006135818,https://prod.danawa.com/info/?pcode=124033753&cate=112760
289,타무즈 GK300,256GB,"70,000","6.4cm(2.5형) / SATA3 (6Gb/s) / TLC(토글) / 컨트롤러 : ASolid AS2258 / [성능] 순차읽기 : 300MB/s / 순차쓰기 : 200MB/s / 읽기IOPS : 30K / 쓰기IOPS : 40K / [지원기능] TRIM / ECC / SLC캐싱 / GC / S.M.A.R.T / 전용 S/W / [환경특성] MTBF : 150만 / TBW : 30TB / A/S기간 : 3년 , 제한보증 / 두께 : 7mm 닫기",https://img.danuri.io/catalog-image/717/708/011/05e7bc4c8600473d9e3e6cca717a8379.jpg?shrink=130:130&_v=20261006080445,https://prod.danawa.com/info/?pcode=9496839&cate=112760
290,STCOM STORM SSD,480GB,"100,900",6.4cm(2.5형) / SATA3 (6Gb/s) / TLC / 컨트롤러 : 기타 / [성능] 순차읽기 : 500MB/s / 순차쓰기 : 500MB/s / [환경특성] MTBF : 150만시간 / A/S기간 : 3년 / 두께 : 7mm / 35g 닫기,https://img.danuri.io/catalog-image/451/991/010/ac67b7627ace4d27b614563bc05ea2ea.jpg?shrink=130:130&_v=20261006080542,https://prod.danawa.com/info/?pcode=10991451&cate=112760
291,화웨이 eKitStor Xtreme 200E M.2 NVMe,1TB,"288,980","M.2 (2280) / PCIe4.0x4 (64GT/s) / QLC / 컨트롤러 : 기타 / [성능] 순차읽기 : 7,000MB/s / 순차쓰기 : 6,500MB/s / 읽기IOPS : 900K / 쓰기IOPS : 1,000K / [지원기능] TRIM / HMB / SLC캐싱 / S.M.A.R.T / 전용 S/W / [환경특성] MTBF : 150만 / TBW : 400TB / PS5 호환 / A/S기간 : 5년 , 제한보증 / 방열판 미포함 / 두께 : 2.7mm 닫기",https://img.danuri.io/catalog-image/480/121/073/ea525cee0b894d7094b0aa31ab9dd149.jpg?shrink=130:130&_v=20261006080535,https://prod.danawa.com/info/?pcode=73121480&cate=112760
292,트랜센드 SSD230S,2TB,"1,650,000","6.4cm(2.5형) / SATA3 (6Gb/s) / TLC / DRAM 탑재 / 컨트롤러 : 기타 / [성능] 순차읽기 : 560MB/s / 순차쓰기 : 380MB/s / 읽기IOPS : 35K / 쓰기IOPS : 70K / [지원기능] TRIM / S.M.A.R.T / SLC캐싱 / GC / DEVSLP / 전용 S/W / [환경특성] MTBF : 200만 / TBW : 70TB / A/S기간 : 5년 , 제한보증 / 두께 : 6.8mm / 53g 닫기",https://img.danuri.io/catalog-image/624/825/004/e42288b7299b4fa595b2f505b61ab089.jpg?shrink=130:130&_v=20261006135605,https://prod.danawa.com/info/?pcode=7631194&cate=112760
293,트랜센드 SSD230S,4TB,"1,700,000","6.4cm(2.5형) / SATA3 (6Gb/s) / TLC / DRAM 탑재 / 컨트롤러 : 기타 / [성능] 순차읽기 : 560MB/s / 순차쓰기 : 380MB/s / 읽기IOPS : 35K / 쓰기IOPS : 70K / [지원기능] TRIM / S.M.A.R.T / SLC캐싱 / GC / DEVSLP / 전용 S/W / [환경특성] MTBF : 200만 / TBW : 70TB / A/S기간 : 5년 , 제한보증 / 두께 : 6.8mm / 53g 닫기",https://img.danuri.io/catalog-image/624/825/004/e42288b7299b4fa595b2f505b61ab089.jpg?shrink=130:130&_v=20261006135605,https://prod.danawa.com/info/?pcode=17594117&cate=112760
294,트랜센드 SSD230S,1TB,"455,000","6.4cm(2.5형) / SATA3 (6Gb/s) / TLC / DRAM 탑재 / 컨트롤러 : 기타 / [성능] 순차읽기 : 560MB/s / 순차쓰기 : 380MB/s / 읽기IOPS : 35K / 쓰기IOPS : 70K / [지원기능] TRIM / S.M.A.R.T / SLC캐싱 / GC / DEVSLP / 전용 S/W / [환경특성] MTBF : 200만 / TBW : 70TB / A/S기간 : 5년 , 제한보증 / 두께 : 6.8mm / 53g 닫기",https://img.danuri.io/catalog-image/624/825/004/e42288b7299b4fa595b2f505b61ab089.jpg?shrink=130:130&_v=20261006135605,https://prod.danawa.com/info/?pcode=5901598&cate=112760
295,트랜센드 SSD230S,512GB,"250,000","6.4cm(2.5형) / SATA3 (6Gb/s) / TLC / DRAM 탑재 / 컨트롤러 : 기타 / [성능] 순차읽기 : 560MB/s / 순차쓰기 : 380MB/s / 읽기IOPS : 35K / 쓰기IOPS : 70K / [지원기능] TRIM / S.M.A.R.T / SLC캐싱 / GC / DEVSLP / 전용 S/W / [환경특성] MTBF : 200만 / TBW : 70TB / A/S기간 : 5년 , 제한보증 / 두께 : 6.8mm / 53g 닫기",https://img.danuri.io/catalog-image/624/825/004/e42288b7299b4fa595b2f505b61ab089.jpg?shrink=130:130&_v=20261006135605,https://prod.danawa.com/info/?pcode=4825561&cate=112760
296,트랜센드 SSD230S,256GB,"190,000","6.4cm(2.5형) / SATA3 (6Gb/s) / TLC / DRAM 탑재 / 컨트롤러 : 기타 / [성능] 순차읽기 : 560MB/s / 순차쓰기 : 380MB/s / 읽기IOPS : 35K / 쓰기IOPS : 70K / [지원기능] TRIM / S.M.A.R.T / SLC캐싱 / GC / DEVSLP / 전용 S/W / [환경특성] MTBF : 200만 / TBW : 70TB / A/S기간 : 5년 , 제한보증 / 두께 : 6.8mm / 53g 닫기",https://img.danuri.io/catalog-image/624/825/004/e42288b7299b4fa595b2f505b61ab089.jpg?shrink=130:130&_v=20261006135605,https://prod.danawa.com/info/?pcode=4825610&cate=112760
297,트랜센드 MTE400S M.2 2242 NVMe,2TB,"962,920","M.2 (2242) / PCIe3.0x4 (32GT/s) / 컨트롤러 : 기타 / [성능] 순차읽기 : 2,000MB/s / 순차쓰기 : 900MB/s / 읽기IOPS : 53K / 쓰기IOPS : 235K / [지원기능] HMB / TRIM / SLC캐싱 / GC / S.M.A.R.T / 전용 S/W / [환경특성] MTBF : 200만 / TBW : 200TB / A/S기간 : 5년 , 제한보증 / 방열판 미포함 / 두께 : 2.23mm / 5g 닫기",https://img.danuri.io/catalog-image/044/176/019/8984f3dd02974a078d2a68e0dcfe515e.jpg?shrink=130:130&_v=20261006080541,https://prod.danawa.com/info/?pcode=30217520&cate=112760
298,트랜센드 MTE400S M.2 2242 NVMe,1TB,"489,980","M.2 (2242) / PCIe3.0x4 (32GT/s) / 컨트롤러 : 기타 / [성능] 순차읽기 : 2,000MB/s / 순차쓰기 : 900MB/s / 읽기IOPS : 53K / 쓰기IOPS : 235K / [지원기능] HMB / TRIM / SLC캐싱 / GC / S.M.A.R.T / 전용 S/W / [환경특성] MTBF : 200만 / TBW : 200TB / A/S기간 : 5년 , 제한보증 / 방열판 미포함 / 두께 : 2.23mm / 5g 닫기",https://img.danuri.io/catalog-image/044/176/019/8984f3dd02974a078d2a68e0dcfe515e.jpg?shrink=130:130&_v=20261006080541,https://prod.danawa.com/info/?pcode=19176074&cate=112760
299,트랜센드 MTE400S M.2 2242 NVMe,512GB,"264,140","M.2 (2242) / PCIe3.0x4 (32GT/s) / 컨트롤러 : 기타 / [성능] 순차읽기 : 2,000MB/s / 순차쓰기 : 900MB/s / 읽기IOPS : 53K / 쓰기IOPS : 235K / [지원기능] HMB / TRIM / SLC캐싱 / GC / S.M.A.R.T / 전용 S/W / [환경특성] MTBF : 200만 / TBW : 200TB / A/S기간 : 5년 , 제한보증 / 방열판 미포함 / 두께 : 2.23mm / 5g 닫기",https://img.danuri.io/catalog-image/044/176/019/8984f3dd02974a078d2a68e0dcfe515e.jpg?shrink=130:130&_v=20261006080541,https://prod.danawa.com/info/?pcode=19176044&cate=112760
300,트랜센드 MTE400S M.2 2242 NVMe,256GB,"156,000","M.2 (2242) / PCIe3.0x4 (32GT/s) / 컨트롤러 : 기타 / [성능] 순차읽기 : 2,000MB/s / 순차쓰기 : 900MB/s / 읽기IOPS : 53K / 쓰기IOPS : 235K / [지원기능] HMB / TRIM / SLC캐싱 / GC / S.M.A.R.T / 전용 S/W / [환경특성] MTBF : 200만 / TBW : 200TB / A/S기간 : 5년 , 제한보증 / 방열판 미포함 / 두께 : 2.23mm / 5g 닫기",https://img.danuri.io/catalog-image/044/176/019/8984f3dd02974a078d2a68e0dcfe515e.jpg?shrink=130:130&_v=20261006080541,https://prod.danawa.com/info/?pcode=19175996&cate=112760
301,GIGABYTE SSD 제이씨현,1TB,"233,000","6.4cm(2.5형) / SATA3 (6Gb/s) / TLC / 컨트롤러 : 기타 / [성능] 순차읽기 : 550MB/s / 순차쓰기 : 480MB/s / 읽기IOPS : 75K / 쓰기IOPS : 70K / [지원기능] TRIM / S.M.A.R.T / [환경특성] MTBF : 200만 / TBW : 100TB / A/S기간 : 3년 , 제한보증 / 두께 : 7mm 닫기",https://img.danuri.io/catalog-image/471/261/007/e4baab177c26458a84fe3576d30bbf0e.jpg?shrink=130:130&_v=20261006155248,https://prod.danawa.com/info/?pcode=12888908&cate=112760
302,GIGABYTE SSD 제이씨현,480GB,"133,160","6.4cm(2.5형) / SATA3 (6Gb/s) / TLC / 컨트롤러 : 기타 / [성능] 순차읽기 : 550MB/s / 순차쓰기 : 480MB/s / 읽기IOPS : 75K / 쓰기IOPS : 70K / [지원기능] TRIM / S.M.A.R.T / [환경특성] MTBF : 200만 / TBW : 100TB / A/S기간 : 3년 , 제한보증 / 두께 : 7mm 닫기",https://img.danuri.io/catalog-image/471/261/007/e4baab177c26458a84fe3576d30bbf0e.jpg?shrink=130:130&_v=20261006155248,https://prod.danawa.com/info/?pcode=7261471&cate=112760
303,GIGABYTE SSD 제이씨현,240GB,"75,906","6.4cm(2.5형) / SATA3 (6Gb/s) / TLC / 컨트롤러 : 기타 / [성능] 순차읽기 : 550MB/s / 순차쓰기 : 480MB/s / 읽기IOPS : 75K / 쓰기IOPS : 70K / [지원기능] TRIM / S.M.A.R.T / [환경특성] MTBF : 200만 / TBW : 100TB / A/S기간 : 3년 , 제한보증 / 두께 : 7mm 닫기",https://img.danuri.io/catalog-image/471/261/007/e4baab177c26458a84fe3576d30bbf0e.jpg?shrink=130:130&_v=20261006155248,https://prod.danawa.com/info/?pcode=16662584&cate=112760
304,트랜센드 MTE410S M.2 2242 NVMe,2TB,"971,710","M.2 (2242) / PCIe4.0x4 (64GT/s) / 컨트롤러 : 기타 / [성능] 순차읽기 : 5,000MB/s / 순차쓰기 : 4,300MB/s / 읽기IOPS : 570K / 쓰기IOPS : 700K / [지원기능] TRIM / SLC캐싱 / GC / S.M.A.R.T / 전용 S/W / [환경특성] MTBF : 200만 / TBW : 1,200TB / A/S기간 : 제한보증 , 5년 / 방열판 미포함 / 두께 : 2.23mm / 5g 닫기",https://img.danuri.io/catalog-image/455/673/032/6ba2e1d29c3e4dc7b20753379ac3a9f4.jpg?shrink=130:130&_v=20261006080522,https://prod.danawa.com/info/?pcode=32673455&cate=112760
305,트랜센드 MTE410S M.2 2242 NVMe,1TB,"495,000","M.2 (2242) / PCIe4.0x4 (64GT/s) / 컨트롤러 : 기타 / [성능] 순차읽기 : 5,000MB/s / 순차쓰기 : 4,300MB/s / 읽기IOPS : 570K / 쓰기IOPS : 700K / [지원기능] TRIM / SLC캐싱 / GC / S.M.A.R.T / 전용 S/W / [환경특성] MTBF : 200만 / TBW : 1,200TB / A/S기간 : 제한보증 , 5년 / 방열판 미포함 / 두께 : 2.23mm / 5g 닫기",https://img.danuri.io/catalog-image/455/673/032/6ba2e1d29c3e4dc7b20753379ac3a9f4.jpg?shrink=130:130&_v=20261006080522,https://prod.danawa.com/info/?pcode=32682920&cate=112760
306,트랜센드 MTE410S M.2 2242 NVMe,512GB,"268,490","M.2 (2242) / PCIe4.0x4 (64GT/s) / 컨트롤러 : 기타 / [성능] 순차읽기 : 5,000MB/s / 순차쓰기 : 4,300MB/s / 읽기IOPS : 570K / 쓰기IOPS : 700K / [지원기능] TRIM / SLC캐싱 / GC / S.M.A.R.T / 전용 S/W / [환경특성] MTBF : 200만 / TBW : 1,200TB / A/S기간 : 제한보증 , 5년 / 방열판 미포함 / 두께 : 2.23mm / 5g 닫기",https://img.danuri.io/catalog-image/455/673/032/6ba2e1d29c3e4dc7b20753379ac3a9f4.jpg?shrink=130:130&_v=20261006080522,https://prod.danawa.com/info/?pcode=32690744&cate=112760
307,Apacer AS2280F4L M.2 NVMe,1TB,"369,000","M.2 (2280) / PCIe5.0x4 (128GT/s) / 컨트롤러 : 기타 / [성능] 순차읽기 : 10,400MB/s / 순차쓰기 : 8,600MB/s / 읽기IOPS : 1,300K / 쓰기IOPS : 1,500K / [지원기능] TRIM / S.M.A.R.T / SLC캐싱 / HMB / ECC / [환경특성] MTBF : 150만 / TBW : 600TB / PS5 호환 / A/S기간 : 5년 , 제한보증 / 방열판 미포함 / 두께 : 2.38mm 닫기",https://img.danuri.io/catalog-image/229/711/122/50ac8000c4bf4ba3bdbfbf9cc29dc30a.jpeg?shrink=130:130&_v=20261006080445,https://prod.danawa.com/info/?pcode=122711229&cate=112760
308,트랜센드 MTE220S M.2 NVMe,2TB,"984,980","M.2 (2280) / PCIe3.0x4 (32GT/s) / DRAM 탑재 / 컨트롤러 : 기타 / [성능] 순차읽기 : 3,500MB/s / 순차쓰기 : 3,200MB/s / 읽기IOPS : 330K / 쓰기IOPS : 370K / [지원기능] TRIM / ECC / SLC캐싱 / GC / S.M.A.R.T / 전용 S/W / [환경특성] MTBF : 200만 / TBW : 2,200TB / A/S기간 : 제한보증 / 방열판 미포함 / 두께 : 3.58mm / 8g / [기타] 2023년 4월부로 업데이트로 인한 일부 스펙 변경 적용 닫기",https://img.danuri.io/catalog-image/886/049/008/c7da571ed9804fc09197c6d466b2c7a0.jpg?shrink=130:130&_v=20261006080705,https://prod.danawa.com/info/?pcode=11093694&cate=112760
309,트랜센드 MTE220S M.2 NVMe,1TB,"680,000","M.2 (2280) / PCIe3.0x4 (32GT/s) / DRAM 탑재 / 컨트롤러 : 기타 / [성능] 순차읽기 : 3,500MB/s / 순차쓰기 : 3,200MB/s / 읽기IOPS : 330K / 쓰기IOPS : 370K / [지원기능] TRIM / ECC / SLC캐싱 / GC / S.M.A.R.T / 전용 S/W / [환경특성] MTBF : 200만 / TBW : 2,200TB / A/S기간 : 제한보증 / 방열판 미포함 / 두께 : 3.58mm / 8g / [기타] 2023년 4월부로 업데이트로 인한 일부 스펙 변경 적용 닫기",https://img.danuri.io/catalog-image/886/049/008/c7da571ed9804fc09197c6d466b2c7a0.jpg?shrink=130:130&_v=20261006080705,https://prod.danawa.com/info/?pcode=8049886&cate=112760
310,트랜센드 MTE220S M.2 NVMe,512GB,"306,850","M.2 (2280) / PCIe3.0x4 (32GT/s) / DRAM 탑재 / 컨트롤러 : 기타 / [성능] 순차읽기 : 3,500MB/s / 순차쓰기 : 3,200MB/s / 읽기IOPS : 330K / 쓰기IOPS : 370K / [지원기능] TRIM / ECC / SLC캐싱 / GC / S.M.A.R.T / 전용 S/W / [환경특성] MTBF : 200만 / TBW : 2,200TB / A/S기간 : 제한보증 / 방열판 미포함 / 두께 : 3.58mm / 8g / [기타] 2023년 4월부로 업데이트로 인한 일부 스펙 변경 적용 닫기",https://img.danuri.io/catalog-image/886/049/008/c7da571ed9804fc09197c6d466b2c7a0.jpg?shrink=130:130&_v=20261006080705,https://prod.danawa.com/info/?pcode=8049874&cate=112760
311,트랜센드 MTE220S M.2 NVMe,256GB,"196,650","M.2 (2280) / PCIe3.0x4 (32GT/s) / DRAM 탑재 / 컨트롤러 : 기타 / [성능] 순차읽기 : 3,500MB/s / 순차쓰기 : 3,200MB/s / 읽기IOPS : 330K / 쓰기IOPS : 370K / [지원기능] TRIM / ECC / SLC캐싱 / GC / S.M.A.R.T / 전용 S/W / [환경특성] MTBF : 200만 / TBW : 2,200TB / A/S기간 : 제한보증 / 방열판 미포함 / 두께 : 3.58mm / 8g / [기타] 2023년 4월부로 업데이트로 인한 일부 스펙 변경 적용 닫기",https://img.danuri.io/catalog-image/886/049/008/c7da571ed9804fc09197c6d466b2c7a0.jpg?shrink=130:130&_v=20261006080705,https://prod.danawa.com/info/?pcode=8049865&cate=112760
312,AGI AI818 M.2 NVMe 서린,1TB,"251,230","M.2 (2280) / PCIe4.0x4 (64GT/s) / QLC / 컨트롤러 : 기타 / [성능] 순차읽기 : 4,700MB/s / 순차쓰기 : 2,800MB/s / [지원기능] TRIM / S.M.A.R.T / SLC캐싱 / ECC / [환경특성] MTBF : 160만 / TBW : 600TB / A/S기간 : 5년 , 제한보증 / 방열판 미포함 / 두께 : 2.1mm / 7.5g 닫기",https://img.danuri.io/catalog-image/697/764/123/f73ddd35dc174be19752a2a11c178f9e.jpeg?shrink=130:130&_v=20261006142218,https://prod.danawa.com/info/?pcode=123764697&cate=112760
313,GIGABYTE AORUS Gen4 7300 V2 M.2 NVMe 제이씨현,1TB,"374,880","M.2 (2280) / PCIe4.0x4 (64GT/s) / TLC / DRAM 탑재 / DDR4 1GB / 컨트롤러 : 파이슨 PS5018-E18 / [성능] 순차읽기 : 7,300MB/s / 순차쓰기 : 6,000MB/s / 읽기IOPS : 750K / 쓰기IOPS : 1,000K / [지원기능] TRIM / S.M.A.R.T / AES 암호화 / 전용 S/W / [환경특성] MTBF : 160만 / TBW : 700TB / PS5 호환 / A/S기간 : 제한보증 , 5년 / 방열판 미포함 / 두께 : 2.3mm 닫기",https://img.danuri.io/catalog-image/290/398/079/2a6b991076a74a29ab76b3dabd1e74dc.jpg?shrink=130:130&_v=20261006080542,https://prod.danawa.com/info/?pcode=79398290&cate=112760
314,타무즈 M820 M.2 NVMe,1TB,"264,620","M.2 (2280) / PCIe4.0x4 (64GT/s) / TLC / 컨트롤러 : 기타 / [성능] 순차읽기 : 5,000MB/s / 순차쓰기 : 4,800MB/s / 읽기IOPS : 440K / 쓰기IOPS : 460K / [지원기능] DEVSLP / TRIM / ECC / SLC캐싱 / GC / S.M.A.R.T / 전용 S/W / [환경특성] MTBF : 100만 / TBW : 350TB / A/S기간 : 3년 , 제한보증 / 방열판 미포함 / 두께 : 2.3mm / 5g 닫기",https://img.danuri.io/catalog-image/979/765/091/6ff4473d64024aada8b7cb24966e1bcd.jpg?shrink=130:130&_v=20261006151223,https://prod.danawa.com/info/?pcode=91765991&cate=112760
315,타무즈 M820 M.2 NVMe,512GB,"148,940","M.2 (2280) / PCIe4.0x4 (64GT/s) / TLC / 컨트롤러 : 기타 / [성능] 순차읽기 : 5,000MB/s / 순차쓰기 : 4,800MB/s / 읽기IOPS : 440K / 쓰기IOPS : 460K / [지원기능] DEVSLP / TRIM / ECC / SLC캐싱 / GC / S.M.A.R.T / 전용 S/W / [환경특성] MTBF : 100만 / TBW : 350TB / A/S기간 : 3년 , 제한보증 / 방열판 미포함 / 두께 : 2.3mm / 5g 닫기",https://img.danuri.io/catalog-image/979/765/091/6ff4473d64024aada8b7cb24966e1bcd.jpg?shrink=130:130&_v=20261006151223,https://prod.danawa.com/info/?pcode=91765979&cate=112760
316,PATRIOT P220 QLC,2TB,"540,500","6.4cm(2.5형) / SATA3 (6Gb/s) / QLC / 컨트롤러 : Maxio / [성능] 순차읽기 : 550MB/s / 순차쓰기 : 500MB/s / 읽기IOPS : 50K / 쓰기IOPS : 50K / [지원기능] TRIM / SLC캐싱 / S.M.A.R.T / 전용 S/W / [환경특성] MTBF : 150만 / TBW : 480TB / A/S기간 : 3년 , 제한보증 / 두께 : 7mm / 53g 닫기",https://img.danuri.io/catalog-image/521/509/076/32e4b762381f48fa9052565d087c098f.jpg?shrink=130:130&_v=20261006170158,https://prod.danawa.com/info/?pcode=76509536&cate=112760
317,PATRIOT P220 QLC,1TB,"264,000","6.4cm(2.5형) / SATA3 (6Gb/s) / QLC / 컨트롤러 : Maxio / [성능] 순차읽기 : 550MB/s / 순차쓰기 : 500MB/s / 읽기IOPS : 50K / 쓰기IOPS : 50K / [지원기능] TRIM / SLC캐싱 / S.M.A.R.T / 전용 S/W / [환경특성] MTBF : 150만 / TBW : 480TB / A/S기간 : 3년 , 제한보증 / 두께 : 7mm / 53g 닫기",https://img.danuri.io/catalog-image/521/509/076/32e4b762381f48fa9052565d087c098f.jpg?shrink=130:130&_v=20261006170158,https://prod.danawa.com/info/?pcode=76509521&cate=112760
318,PATRIOT P220 QLC,512GB,"154,990","6.4cm(2.5형) / SATA3 (6Gb/s) / QLC / 컨트롤러 : Maxio / [성능] 순차읽기 : 550MB/s / 순차쓰기 : 500MB/s / 읽기IOPS : 50K / 쓰기IOPS : 50K / [지원기능] TRIM / SLC캐싱 / S.M.A.R.T / 전용 S/W / [환경특성] MTBF : 150만 / TBW : 480TB / A/S기간 : 3년 , 제한보증 / 두께 : 7mm / 53g 닫기",https://img.danuri.io/catalog-image/521/509/076/32e4b762381f48fa9052565d087c098f.jpg?shrink=130:130&_v=20261006170158,https://prod.danawa.com/info/?pcode=76509518&cate=112760
319,PATRIOT P220 QLC,256GB,"82,490","6.4cm(2.5형) / SATA3 (6Gb/s) / QLC / 컨트롤러 : Maxio / [성능] 순차읽기 : 550MB/s / 순차쓰기 : 500MB/s / 읽기IOPS : 50K / 쓰기IOPS : 50K / [지원기능] TRIM / SLC캐싱 / S.M.A.R.T / 전용 S/W / [환경특성] MTBF : 150만 / TBW : 480TB / A/S기간 : 3년 , 제한보증 / 두께 : 7mm / 53g 닫기",https://img.danuri.io/catalog-image/521/509/076/32e4b762381f48fa9052565d087c098f.jpg?shrink=130:130&_v=20261006170158,https://prod.danawa.com/info/?pcode=76509512&cate=112760
320,ADATA LEGEND 710 M.2 NVMe,1TB,"279,980","M.2 (2280) / PCIe3.0x4 (32GT/s) / TLC / 컨트롤러 : Realtek / [성능] 순차읽기 : 2,400MB/s / 순차쓰기 : 1,800MB/s / 읽기IOPS : 180K / 쓰기IOPS : 150K / [지원기능] HMB / SLC캐싱 / AES 암호화 / 전용 S/W / [환경특성] MTBF : 150만 / TBW : 260TB / A/S기간 : 제한보증 , 3년 / 방열판 포함 / 두께 : 3.13mm 닫기",https://img.danuri.io/catalog-image/469/287/017/5cf9fe3594ca449894bc755b87381a86.jpg?shrink=130:130&_v=20261006080523,https://prod.danawa.com/info/?pcode=17287469&cate=112760
321,ADATA LEGEND 710 M.2 NVMe,512GB,"162,000","M.2 (2280) / PCIe3.0x4 (32GT/s) / TLC / 컨트롤러 : Realtek / [성능] 순차읽기 : 2,400MB/s / 순차쓰기 : 1,800MB/s / 읽기IOPS : 180K / 쓰기IOPS : 150K / [지원기능] HMB / SLC캐싱 / AES 암호화 / 전용 S/W / [환경특성] MTBF : 150만 / TBW : 260TB / A/S기간 : 제한보증 , 3년 / 방열판 포함 / 두께 : 3.13mm 닫기",https://img.danuri.io/catalog-image/469/287/017/5cf9fe3594ca449894bc755b87381a86.jpg?shrink=130:130&_v=20261006080523,https://prod.danawa.com/info/?pcode=17287529&cate=112760
322,ADATA LEGEND 710 M.2 NVMe,256GB,"108,980","M.2 (2280) / PCIe3.0x4 (32GT/s) / TLC / 컨트롤러 : Realtek / [성능] 순차읽기 : 2,400MB/s / 순차쓰기 : 1,800MB/s / 읽기IOPS : 180K / 쓰기IOPS : 150K / [지원기능] HMB / SLC캐싱 / AES 암호화 / 전용 S/W / [환경특성] MTBF : 150만 / TBW : 260TB / A/S기간 : 제한보증 , 3년 / 방열판 포함 / 두께 : 3.13mm 닫기",https://img.danuri.io/catalog-image/469/287/017/5cf9fe3594ca449894bc755b87381a86.jpg?shrink=130:130&_v=20261006080523,https://prod.danawa.com/info/?pcode=19649351&cate=112760
323,MSI SPATIUM M560 M.2 NVMe,1TB,"359,000","M.2 (2280) / PCIe5.0x4 (128GT/s) / TLC / 컨트롤러 : 파이슨 PS5031-E31T / [성능] 순차읽기 : 10,200MB/s / 순차쓰기 : 8,400MB/s / 읽기IOPS : 1,300K / 쓰기IOPS : 1,400K / [지원기능] TRIM / ECC / HMB / SLC캐싱 / S.M.A.R.T / [환경특성] MTBF : 150만 / TBW : 600TB / PS5 호환 / A/S기간 : 제한보증 , 5년 / 방열판 미포함 / 두께 : 2.15mm 닫기",https://img.danuri.io/catalog-image/663/440/093/3a398bcbcc9241928c2ee95601d14ac7.jpg?shrink=130:130&_v=20261006130449,https://prod.danawa.com/info/?pcode=93440663&cate=112760
324,트랜센드 MTE110S M.2 NVMe,2TB,"877,000","M.2 (2280) / PCIe3.0x4 (32GT/s) / QLC / 컨트롤러 : 기타 / [성능] 순차읽기 : 1,700MB/s / 순차쓰기 : 1,400MB/s / 읽기IOPS : 160K / 쓰기IOPS : 140K / [지원기능] TRIM / HMB / GC / S.M.A.R.T / 전용 S/W / [환경특성] MTBF : 360만 / TBW : 400TB / A/S기간 : 5년 , 제한보증 / 방열판 미포함 / 두께 : 3.58mm / 8g / [기타] 25년 8월부로 메모리타입 변경 (TLC→QLC) 닫기",https://img.danuri.io/catalog-image/251/938/006/b19618b1d57f4aaeaaaf4ae5f2a27adf.jpg?shrink=130:130&_v=20261006080445,https://prod.danawa.com/info/?pcode=17549690&cate=112760
325,트랜센드 MTE110S M.2 NVMe,1TB,"360,000","M.2 (2280) / PCIe3.0x4 (32GT/s) / QLC / 컨트롤러 : 기타 / [성능] 순차읽기 : 1,700MB/s / 순차쓰기 : 1,400MB/s / 읽기IOPS : 160K / 쓰기IOPS : 140K / [지원기능] TRIM / HMB / GC / S.M.A.R.T / 전용 S/W / [환경특성] MTBF : 360만 / TBW : 400TB / A/S기간 : 5년 , 제한보증 / 방열판 미포함 / 두께 : 3.58mm / 8g / [기타] 25년 8월부로 메모리타입 변경 (TLC→QLC) 닫기",https://img.danuri.io/catalog-image/251/938/006/b19618b1d57f4aaeaaaf4ae5f2a27adf.jpg?shrink=130:130&_v=20261006080445,https://prod.danawa.com/info/?pcode=6938251&cate=112760
326,트랜센드 MTE110S M.2 NVMe,512GB,"167,200","M.2 (2280) / PCIe3.0x4 (32GT/s) / QLC / 컨트롤러 : 기타 / [성능] 순차읽기 : 1,700MB/s / 순차쓰기 : 1,400MB/s / 읽기IOPS : 160K / 쓰기IOPS : 140K / [지원기능] TRIM / HMB / GC / S.M.A.R.T / 전용 S/W / [환경특성] MTBF : 360만 / TBW : 400TB / A/S기간 : 5년 , 제한보증 / 방열판 미포함 / 두께 : 3.58mm / 8g / [기타] 25년 8월부로 메모리타입 변경 (TLC→QLC) 닫기",https://img.danuri.io/catalog-image/251/938/006/b19618b1d57f4aaeaaaf4ae5f2a27adf.jpg?shrink=130:130&_v=20261006080445,https://prod.danawa.com/info/?pcode=6242079&cate=112760
327,트랜센드 MTE110S M.2 NVMe,256GB,"128,250","M.2 (2280) / PCIe3.0x4 (32GT/s) / QLC / 컨트롤러 : 기타 / [성능] 순차읽기 : 1,700MB/s / 순차쓰기 : 1,400MB/s / 읽기IOPS : 160K / 쓰기IOPS : 140K / [지원기능] TRIM / HMB / GC / S.M.A.R.T / 전용 S/W / [환경특성] MTBF : 360만 / TBW : 400TB / A/S기간 : 5년 , 제한보증 / 방열판 미포함 / 두께 : 3.58mm / 8g / [기타] 25년 8월부로 메모리타입 변경 (TLC→QLC) 닫기",https://img.danuri.io/catalog-image/251/938/006/b19618b1d57f4aaeaaaf4ae5f2a27adf.jpg?shrink=130:130&_v=20261006080445,https://prod.danawa.com/info/?pcode=6242075&cate=112760
328,GIGABYTE Gen3 2500E M.2 NVMe 피씨디렉트,500GB,"134,900","M.2 (2280) / PCIe3.0x4 (32GT/s) / QLC / 컨트롤러 : 파이슨 / [성능] 순차읽기 : 2,300MB/s / 순차쓰기 : 1,500MB/s / 읽기IOPS : 60K / 쓰기IOPS : 240K / [지원기능] TRIM / HMB / S.M.A.R.T / 전용 S/W / [환경특성] MTBF : 150만 / TBW : 120TB / A/S기간 : 3년 , 제한보증 / 방열판 미포함 / 두께 : 2.3mm 닫기",https://img.danuri.io/catalog-image/581/986/031/b42f5aff24874c89ba98cc352eda03dc.jpg?shrink=130:130&_v=20261006090308,https://prod.danawa.com/info/?pcode=31986581&cate=112760
329,TeamGroup MP33 M.2 NVMe 서린,1TB,"259,000","M.2 (2280) / PCIe3.0x4 (32GT/s) / TLC / 컨트롤러 : 기타 / [성능] 순차읽기 : 1,800MB/s / 순차쓰기 : 1,500MB/s / [지원기능] HMB / TRIM / ECC / SLC캐싱 / GC / S.M.A.R.T / [환경특성] MTBF : 150만 / TBW : 240TB / A/S기간 : 5년 , 제한보증 / 방열판 미포함 / 두께 : 3.8mm / 6g 닫기",https://img.danuri.io/catalog-image/023/325/104/2628e03422d34446987a86ea68642999.jpg?shrink=130:130&_v=20261006131059,https://prod.danawa.com/info/?pcode=104325023&cate=112760
330,TeamGroup MP33 M.2 NVMe 서린,512GB,"160,000","M.2 (2280) / PCIe3.0x4 (32GT/s) / TLC / 컨트롤러 : 기타 / [성능] 순차읽기 : 1,800MB/s / 순차쓰기 : 1,500MB/s / [지원기능] HMB / TRIM / ECC / SLC캐싱 / GC / S.M.A.R.T / [환경특성] MTBF : 150만 / TBW : 240TB / A/S기간 : 5년 , 제한보증 / 방열판 미포함 / 두께 : 3.8mm / 6g 닫기",https://img.danuri.io/catalog-image/023/325/104/2628e03422d34446987a86ea68642999.jpg?shrink=130:130&_v=20261006131059,https://prod.danawa.com/info/?pcode=104325029&cate=112760
331,GIGABYTE Gen3 M.2 NVMe 제이씨현,512GB,"139,900","M.2 (2280) / PCIe3.0x4 (32GT/s) / TLC / 컨트롤러 : Realtek / [성능] 순차읽기 : 1,900MB/s / 순차쓰기 : 1,200MB/s / 읽기IOPS : 39K / 쓰기IOPS : 200K / [지원기능] S.M.A.R.T / TRIM / HMB / 전용 S/W / [환경특성] MTBF : 150만 / TBW : 160TB / A/S기간 : 제한보증 , 3년 / 방열판 미포함 / 두께 : 2.3mm 닫기",https://img.danuri.io/catalog-image/414/005/102/70fb5b87eade4875986bc23030d77ebb.jpg?shrink=130:130&_v=20261006150759,https://prod.danawa.com/info/?pcode=102005414&cate=112760
332,ADATA LEGEND 960 M.2 NVMe,2TB,"614,960","M.2 (2280) / PCIe4.0x4 (64GT/s) / TLC / DRAM 탑재 / DDR4 2GB / 컨트롤러 : 실리콘모션 SM2264 / [성능] 순차읽기 : 7,400MB/s / 순차쓰기 : 6,800MB/s / 읽기IOPS : 750K / 쓰기IOPS : 630K / [지원기능] TRIM / S.M.A.R.T / SLC캐싱 / ECC / AES 암호화 / 전용 S/W / [환경특성] MTBF : 200만 / TBW : 1,560TB / PS5 호환 / A/S기간 : 5년 , 제한보증 / 방열판 포함 / 두께 : 4.68mm / 11g 닫기",https://img.danuri.io/catalog-image/151/146/020/ee58e214c8ef41f6a3af77b6e2602f8b.jpg?shrink=130:130&_v=20261006100718,https://prod.danawa.com/info/?pcode=20146151&cate=112760
333,ADATA LEGEND 960 M.2 NVMe,1TB,"355,000","M.2 (2280) / PCIe4.0x4 (64GT/s) / TLC / DRAM 탑재 / DDR4 2GB / 컨트롤러 : 실리콘모션 SM2264 / [성능] 순차읽기 : 7,400MB/s / 순차쓰기 : 6,800MB/s / 읽기IOPS : 750K / 쓰기IOPS : 630K / [지원기능] TRIM / S.M.A.R.T / SLC캐싱 / ECC / AES 암호화 / 전용 S/W / [환경특성] MTBF : 200만 / TBW : 1,560TB / PS5 호환 / A/S기간 : 5년 , 제한보증 / 방열판 포함 / 두께 : 4.68mm / 11g 닫기",https://img.danuri.io/catalog-image/151/146/020/ee58e214c8ef41f6a3af77b6e2602f8b.jpg?shrink=130:130&_v=20261006100718,https://prod.danawa.com/info/?pcode=20146127&cate=112760
334,트랜센드 MSA230S mSATA,512GB,"324,980","Mini SATA(mSATA) / SATA3 (6Gb/s) / TLC / DRAM 탑재 / 컨트롤러 : 기타 / [성능] 순차읽기 : 530MB/s / 순차쓰기 : 400MB/s / 읽기IOPS : 45K / 쓰기IOPS : 70K / [지원기능] TRIM / ECC / GC / S.M.A.R.T / [환경특성] MTBF : 200만 / TBW : 140TB / A/S기간 : 3년 , 제한보증 / 두께 : 4.85mm / 9g 닫기",https://img.danuri.io/catalog-image/694/842/008/7f08759440a0413794df27166889248e.jpg?shrink=130:130&_v=20261006080652,https://prod.danawa.com/info/?pcode=17550233&cate=112760
335,트랜센드 MSA230S mSATA,256GB,"191,980","Mini SATA(mSATA) / SATA3 (6Gb/s) / TLC / DRAM 탑재 / 컨트롤러 : 기타 / [성능] 순차읽기 : 530MB/s / 순차쓰기 : 400MB/s / 읽기IOPS : 45K / 쓰기IOPS : 70K / [지원기능] TRIM / ECC / GC / S.M.A.R.T / [환경특성] MTBF : 200만 / TBW : 140TB / A/S기간 : 3년 , 제한보증 / 두께 : 4.85mm / 9g 닫기",https://img.danuri.io/catalog-image/694/842/008/7f08759440a0413794df27166889248e.jpg?shrink=130:130&_v=20261006080652,https://prod.danawa.com/info/?pcode=8842694&cate=112760
336,GIGABYTE AORUS Gen4 7000E M.2 NVMe 제이씨현,1TB,"294,690","M.2 (2280) / PCIe4.0x4 (64GT/s) / TLC / 컨트롤러 : InnoGrit IG5220 / [성능] 순차읽기 : 7,100MB/s / 순차쓰기 : 6,100MB/s / 읽기IOPS : 940K / 쓰기IOPS : 900K / [지원기능] S.M.A.R.T / TRIM / HMB / 전용 S/W / [환경특성] MTBF : 150만 / TBW : 700TB / PS5 호환 / A/S기간 : 5년 , 제한보증 / 방열판 미포함 / 두께 : 2.3mm 닫기",https://img.danuri.io/catalog-image/385/726/106/71cd86f37ee44f30859d66aba0ad7fe1.jpg?shrink=130:130&_v=20261006170228,https://prod.danawa.com/info/?pcode=106726385&cate=112760
337,TeamGroup MS30 M.2 SATA,512GB,"156,000",M.2 (2280) / SATA3 (6Gb/s) / TLC / 컨트롤러 : 실리콘모션 SM2258XT / [성능] 순차읽기 : 530MB/s / 순차쓰기 : 430MB/s / [지원기능] TRIM / ECC / DEVSLP / SLC캐싱 / GC / S.M.A.R.T / [환경특성] MTBF : 150만 / TBW : 256TB / A/S기간 : 3년 / 두께 : 3.5mm 닫기,https://img.danuri.io/catalog-image/922/911/007/1ac7741c6ade4d1fbabc3d36ed381e6e.jpg?shrink=130:130&_v=20261006080652,https://prod.danawa.com/info/?pcode=7911922&cate=112760
338,TeamGroup MS30 M.2 SATA,256GB,"114,000",M.2 (2280) / SATA3 (6Gb/s) / TLC / 컨트롤러 : 실리콘모션 SM2258XT / [성능] 순차읽기 : 530MB/s / 순차쓰기 : 430MB/s / [지원기능] TRIM / ECC / DEVSLP / SLC캐싱 / GC / S.M.A.R.T / [환경특성] MTBF : 150만 / TBW : 256TB / A/S기간 : 3년 / 두께 : 3.5mm 닫기,https://img.danuri.io/catalog-image/922/911/007/1ac7741c6ade4d1fbabc3d36ed381e6e.jpg?shrink=130:130&_v=20261006080652,https://prod.danawa.com/info/?pcode=7911898&cate=112760
339,트랜센드 MTE245S M.2 NVMe,4TB,"1,577,480","M.2 (2280) / PCIe4.0x4 (64GT/s) / TLC / 컨트롤러 : 실리콘모션 / [성능] 순차읽기 : 3,200MB/s / 순차쓰기 : 1,800MB/s / 읽기IOPS : 100K / 쓰기IOPS : 390K / [지원기능] HMB / TRIM / SLC캐싱 / GC / S.M.A.R.T / AES 암호화 / [환경특성] MTBF : 200만 / TBW : 150TB / A/S기간 : 5년 , 제한보증 / 방열판 미포함 / 두께 : 2.42mm / 9g 닫기",https://img.danuri.io/catalog-image/633/915/068/f95c2bf5ecc444cdac793e56989ca19d.jpg?shrink=130:130&_v=20261006080535,https://prod.danawa.com/info/?pcode=29307746&cate=112760
340,트랜센드 MTE245S M.2 NVMe,2TB,"800,000","M.2 (2280) / PCIe4.0x4 (64GT/s) / TLC / 컨트롤러 : 실리콘모션 / [성능] 순차읽기 : 3,200MB/s / 순차쓰기 : 1,800MB/s / 읽기IOPS : 100K / 쓰기IOPS : 390K / [지원기능] HMB / TRIM / SLC캐싱 / GC / S.M.A.R.T / AES 암호화 / [환경특성] MTBF : 200만 / TBW : 150TB / A/S기간 : 5년 , 제한보증 / 방열판 미포함 / 두께 : 2.42mm / 9g 닫기",https://img.danuri.io/catalog-image/633/915/068/f95c2bf5ecc444cdac793e56989ca19d.jpg?shrink=130:130&_v=20261006080535,https://prod.danawa.com/info/?pcode=29307863&cate=112760
341,트랜센드 MTE245S M.2 NVMe,1TB,"373,980","M.2 (2280) / PCIe4.0x4 (64GT/s) / TLC / 컨트롤러 : 실리콘모션 / [성능] 순차읽기 : 3,200MB/s / 순차쓰기 : 1,800MB/s / 읽기IOPS : 100K / 쓰기IOPS : 390K / [지원기능] HMB / TRIM / SLC캐싱 / GC / S.M.A.R.T / AES 암호화 / [환경특성] MTBF : 200만 / TBW : 150TB / A/S기간 : 5년 , 제한보증 / 방열판 미포함 / 두께 : 2.42mm / 9g 닫기",https://img.danuri.io/catalog-image/633/915/068/f95c2bf5ecc444cdac793e56989ca19d.jpg?shrink=130:130&_v=20261006080535,https://prod.danawa.com/info/?pcode=29307890&cate=112760
342,트랜센드 MTE245S M.2 NVMe,500GB,"244,970","M.2 (2280) / PCIe4.0x4 (64GT/s) / TLC / 컨트롤러 : 실리콘모션 / [성능] 순차읽기 : 3,200MB/s / 순차쓰기 : 1,800MB/s / 읽기IOPS : 100K / 쓰기IOPS : 390K / [지원기능] HMB / TRIM / SLC캐싱 / GC / S.M.A.R.T / AES 암호화 / [환경특성] MTBF : 200만 / TBW : 150TB / A/S기간 : 5년 , 제한보증 / 방열판 미포함 / 두께 : 2.42mm / 9g 닫기",https://img.danuri.io/catalog-image/633/915/068/f95c2bf5ecc444cdac793e56989ca19d.jpg?shrink=130:130&_v=20261006080535,https://prod.danawa.com/info/?pcode=29340407&cate=112760
343,트랜센드 MTE245S M.2 NVMe,250GB,"160,000","M.2 (2280) / PCIe4.0x4 (64GT/s) / TLC / 컨트롤러 : 실리콘모션 / [성능] 순차읽기 : 3,200MB/s / 순차쓰기 : 1,800MB/s / 읽기IOPS : 100K / 쓰기IOPS : 390K / [지원기능] HMB / TRIM / SLC캐싱 / GC / S.M.A.R.T / AES 암호화 / [환경특성] MTBF : 200만 / TBW : 150TB / A/S기간 : 5년 , 제한보증 / 방열판 미포함 / 두께 : 2.42mm / 9g 닫기",https://img.danuri.io/catalog-image/633/915/068/f95c2bf5ecc444cdac793e56989ca19d.jpg?shrink=130:130&_v=20261006080535,https://prod.danawa.com/info/?pcode=68915633&cate=112760
344,Western Digital WD BLACK SN850 M.2 NVMe,1TB,"372,000","M.2 (2280) / PCIe4.0x4 (64GT/s) / TLC / DRAM 탑재 / DDR4 1GB / 컨트롤러 : 기타 / [성능] 순차읽기 : 7,000MB/s / 순차쓰기 : 5,300MB/s / 읽기IOPS : 1,000K / 쓰기IOPS : 720K / [지원기능] S.M.A.R.T / SLC캐싱 / TRIM / 전용 S/W / [환경특성] MTBF : 175만 / TBW : 600TB / SLC : 300GB / PS5 호환 / A/S기간 : 5년 , 제한보증 / 방열판 미포함 / 두께 : 2.38mm / 7.5g 닫기",https://img.danuri.io/catalog-image/173/660/012/28a30501d037435eab1264796b1302dc.jpg?shrink=130:130&_v=20261005080714,https://prod.danawa.com/info/?pcode=12660173&cate=112760
345,타무즈 GKX570 mSATA 벌크,256GB,"118,300",Mini SATA(mSATA) / SATA3 (6Gb/s) / MLC / 컨트롤러 : ASolid AS2258 / [성능] 순차읽기 : 550MB/s / 순차쓰기 : 500MB/s / [지원기능] TRIM / ECC / GC / SLC캐싱 / S.M.A.R.T / 전용 S/W / [환경특성] MTBF : 150만 / TBW : 125TB / A/S기간 : 3년 / 두께 : 3.5mm / 8.5g 닫기,https://img.danuri.io/catalog-image/884/033/010/8ff550c96ae144d484d97f24c56a2121.jpg?shrink=130:130&_v=20261006104648,https://prod.danawa.com/info/?pcode=10033884&cate=112760
346,ADATA XPG SX6000 Lite M.2 NVMe,256GB,"93,730","M.2 (2280) / PCIe3.0x4 (32GT/s) / TLC / 컨트롤러 : Realtek / [성능] 순차읽기 : 1,800MB/s / 순차쓰기 : 900MB/s / 읽기IOPS : 최대 100K / 쓰기IOPS : 최대 170K / [지원기능] HMB / TRIM / ECC / SLC캐싱 / S.M.A.R.T / AES 암호화 / [환경특성] MTBF : 180만 / TBW : 120TB / A/S기간 : 3년 , 제한보증 / 방열판 제공(탈거가능) / 두께 : 2.15mm / 8g / [기타] 방열판 별도 제공 / 유통사 확인요망 닫기",https://img.danuri.io/catalog-image/386/175/007/ad28e8167d5b4f579bf59b098e271c40.jpg?shrink=130:130&_v=20261006080522,https://prod.danawa.com/info/?pcode=7175386&cate=112760
347,트랜센드 SSD220S,480GB,"169,000","6.4cm(2.5형) / SATA3 (6Gb/s) / TLC / 컨트롤러 : 기타 / [성능] 순차읽기 : 500MB/s / 순차쓰기 : 350MB/s / 읽기IOPS : 최대 28K / 쓰기IOPS : 최대 75K / [지원기능] GC / S.M.A.R.T / SLC캐싱 / TRIM / DEVSLP / 전용 S/W / [환경특성] MTBF : 100만 / TBW : 40TB / A/S기간 : 제한보증 , 3년 / 두께 : 6.8mm / 45g 닫기",https://img.danuri.io/catalog-image/615/091/004/25d844fe24564ffba7f5b168c3272546.jpg?shrink=130:130&_v=20261006080445,https://prod.danawa.com/info/?pcode=3975334&cate=112760
348,트랜센드 SSD220S,240GB,"125,000","6.4cm(2.5형) / SATA3 (6Gb/s) / TLC / 컨트롤러 : 기타 / [성능] 순차읽기 : 500MB/s / 순차쓰기 : 350MB/s / 읽기IOPS : 최대 28K / 쓰기IOPS : 최대 75K / [지원기능] GC / S.M.A.R.T / SLC캐싱 / TRIM / DEVSLP / 전용 S/W / [환경특성] MTBF : 100만 / TBW : 40TB / A/S기간 : 제한보증 , 3년 / 두께 : 6.8mm / 45g 닫기",https://img.danuri.io/catalog-image/615/091/004/25d844fe24564ffba7f5b168c3272546.jpg?shrink=130:130&_v=20261006080445,https://prod.danawa.com/info/?pcode=3975348&cate=112760
349,트랜센드 MTS420S M.2 2242 SATA,480GB,"214,980","M.2 (2242) / SATA3 (6Gb/s) / 컨트롤러 : 기타 / [성능] 순차읽기 : 500MB/s / 순차쓰기 : 430MB/s / 읽기IOPS : 40K / 쓰기IOPS : 75K / [지원기능] TRIM / SLC캐싱 / GC / S.M.A.R.T / 전용 S/W / [환경특성] MTBF : 200만 / TBW : 80TB / A/S기간 : 제한보증 , 3년 / 두께 : 3.58mm 닫기",https://img.danuri.io/catalog-image/280/847/015/977e4eaeb14245e59baff5bba675e855.jpg?shrink=130:130&_v=20261006080431,https://prod.danawa.com/info/?pcode=15847289&cate=112760
350,트랜센드 MTS420S M.2 2242 SATA,240GB,"100,000","M.2 (2242) / SATA3 (6Gb/s) / 컨트롤러 : 기타 / [성능] 순차읽기 : 500MB/s / 순차쓰기 : 430MB/s / 읽기IOPS : 40K / 쓰기IOPS : 75K / [지원기능] TRIM / SLC캐싱 / GC / S.M.A.R.T / 전용 S/W / [환경특성] MTBF : 200만 / TBW : 80TB / A/S기간 : 제한보증 , 3년 / 두께 : 3.58mm 닫기",https://img.danuri.io/catalog-image/280/847/015/977e4eaeb14245e59baff5bba675e855.jpg?shrink=130:130&_v=20261006080431,https://prod.danawa.com/info/?pcode=15847280&cate=112760
351,트랜센드 MTS820S M.2 SATA,480GB,"188,300","M.2 (2280) / SATA3 (6Gb/s) / 컨트롤러 : 기타 / [성능] 순차읽기 : 500MB/s / 순차쓰기 : 430MB/s / 읽기IOPS : 40K / 쓰기IOPS : 75K / [지원기능] GC / S.M.A.R.T / SLC캐싱 / TRIM / DEVSLP / 전용 S/W / [환경특성] MTBF : 100만 / TBW : 80TB / A/S기간 : 3년 , 제한보증 / 두께 : 3.58mm / 9g 닫기",https://img.danuri.io/catalog-image/687/986/005/11f71328d6d24f3abc66781a283ca631.jpg?shrink=130:130&_v=20261006080541,https://prod.danawa.com/info/?pcode=5986690&cate=112760
352,트랜센드 MTS820S M.2 SATA,240GB,"123,000","M.2 (2280) / SATA3 (6Gb/s) / 컨트롤러 : 기타 / [성능] 순차읽기 : 500MB/s / 순차쓰기 : 430MB/s / 읽기IOPS : 40K / 쓰기IOPS : 75K / [지원기능] GC / S.M.A.R.T / SLC캐싱 / TRIM / DEVSLP / 전용 S/W / [환경특성] MTBF : 100만 / TBW : 80TB / A/S기간 : 3년 , 제한보증 / 두께 : 3.58mm / 9g 닫기",https://img.danuri.io/catalog-image/687/986/005/11f71328d6d24f3abc66781a283ca631.jpg?shrink=130:130&_v=20261006080541,https://prod.danawa.com/info/?pcode=5986687&cate=112760
353,Apacer AST280X M.2 SATA,512GB,"127,000","M.2 (2280) / SATA3 (6Gb/s) / 컨트롤러 : 기타 / [성능] 순차읽기 : 520MB/s / 순차쓰기 : 500MB/s / 읽기IOPS : 44K / 쓰기IOPS : 73K / [지원기능] S.M.A.R.T / SLC캐싱 / TRIM / ECC / [환경특성] MTBF : 150만 / TBW : 280TB / A/S기간 : 3년 , 제한보증 / 두께 : 2.25mm / 6.8g 닫기",https://img.danuri.io/catalog-image/206/329/100/fe827b03fd9742e1a7b9b2ac706df0e6.jpg?shrink=130:130&_v=20261006080535,https://prod.danawa.com/info/?pcode=100329206&cate=112760
354,ADATA LEGEND 710 M.2 NVMe 파인인포,1TB,"279,980","M.2 (2280) / PCIe3.0x4 (32GT/s) / 컨트롤러 : Realtek / [성능] 순차읽기 : 2,400MB/s / 순차쓰기 : 1,800MB/s / 읽기IOPS : 180K / 쓰기IOPS : 150K / [지원기능] HMB / SLC캐싱 / AES 암호화 / 전용 S/W / [환경특성] MTBF : 150만 / TBW : 260TB / A/S기간 : 3년 , 제한보증 / 방열판 포함 / 두께 : 3.13mm 닫기",https://img.danuri.io/catalog-image/908/395/079/415115ab8fb64abaa503979266dd7f0d.jpg?shrink=130:130&_v=20261006080541,https://prod.danawa.com/info/?pcode=79395908&cate=112760
355,ADATA LEGEND 710 M.2 NVMe 파인인포,512GB,"162,000","M.2 (2280) / PCIe3.0x4 (32GT/s) / 컨트롤러 : Realtek / [성능] 순차읽기 : 2,400MB/s / 순차쓰기 : 1,800MB/s / 읽기IOPS : 180K / 쓰기IOPS : 150K / [지원기능] HMB / SLC캐싱 / AES 암호화 / 전용 S/W / [환경특성] MTBF : 150만 / TBW : 260TB / A/S기간 : 3년 , 제한보증 / 방열판 포함 / 두께 : 3.13mm 닫기",https://img.danuri.io/catalog-image/908/395/079/415115ab8fb64abaa503979266dd7f0d.jpg?shrink=130:130&_v=20261006080541,https://prod.danawa.com/info/?pcode=79396181&cate=112760
356,ADATA LEGEND 710 M.2 NVMe 파인인포,256GB,"108,990","M.2 (2280) / PCIe3.0x4 (32GT/s) / 컨트롤러 : Realtek / [성능] 순차읽기 : 2,400MB/s / 순차쓰기 : 1,800MB/s / 읽기IOPS : 180K / 쓰기IOPS : 150K / [지원기능] HMB / SLC캐싱 / AES 암호화 / 전용 S/W / [환경특성] MTBF : 150만 / TBW : 260TB / A/S기간 : 3년 , 제한보증 / 방열판 포함 / 두께 : 3.13mm 닫기",https://img.danuri.io/catalog-image/908/395/079/415115ab8fb64abaa503979266dd7f0d.jpg?shrink=130:130&_v=20261006080541,https://prod.danawa.com/info/?pcode=79396202&cate=112760
357,킹스톤 FURY Renegade G5 M.2 NVMe,4TB,"2,275,310","M.2 (2280) / PCIe5.0x4 (128GT/s) / TLC / DRAM 탑재 / DDR4 2GB / 컨트롤러 : 실리콘모션 SM2508 / [성능] 순차읽기 : 14,700MB/s / 순차쓰기 : 14,000MB/s / 읽기IOPS : 2,200K / 쓰기IOPS : 2,200K / [지원기능] TRIM / SLC캐싱 / S.M.A.R.T / [환경특성] MTBF : 200만 / TBW : 2,000TB / PS5 호환 / A/S기간 : 5년 , 제한보증 / 방열판 미포함 / 두께 : 2.3mm / 7.7g 닫기",https://img.danuri.io/catalog-image/120/773/096/d88367943ea548cda80d4742d7bba534.jpg?shrink=130:130&_v=20261006162424,https://prod.danawa.com/info/?pcode=96772838&cate=112760
358,킹스톤 FURY Renegade G5 M.2 NVMe,2TB,"1,200,050","M.2 (2280) / PCIe5.0x4 (128GT/s) / TLC / DRAM 탑재 / DDR4 2GB / 컨트롤러 : 실리콘모션 SM2508 / [성능] 순차읽기 : 14,700MB/s / 순차쓰기 : 14,000MB/s / 읽기IOPS : 2,200K / 쓰기IOPS : 2,200K / [지원기능] TRIM / SLC캐싱 / S.M.A.R.T / [환경특성] MTBF : 200만 / TBW : 2,000TB / PS5 호환 / A/S기간 : 5년 , 제한보증 / 방열판 미포함 / 두께 : 2.3mm / 7.7g 닫기",https://img.danuri.io/catalog-image/120/773/096/d88367943ea548cda80d4742d7bba534.jpg?shrink=130:130&_v=20261006162424,https://prod.danawa.com/info/?pcode=96773120&cate=112760
359,킹스톤 FURY Renegade G5 M.2 NVMe,1TB,"787,680","M.2 (2280) / PCIe5.0x4 (128GT/s) / TLC / DRAM 탑재 / DDR4 2GB / 컨트롤러 : 실리콘모션 SM2508 / [성능] 순차읽기 : 14,700MB/s / 순차쓰기 : 14,000MB/s / 읽기IOPS : 2,200K / 쓰기IOPS : 2,200K / [지원기능] TRIM / SLC캐싱 / S.M.A.R.T / [환경특성] MTBF : 200만 / TBW : 2,000TB / PS5 호환 / A/S기간 : 5년 , 제한보증 / 방열판 미포함 / 두께 : 2.3mm / 7.7g 닫기",https://img.danuri.io/catalog-image/120/773/096/d88367943ea548cda80d4742d7bba534.jpg?shrink=130:130&_v=20261006162424,https://prod.danawa.com/info/?pcode=96773153&cate=112760
360,트랜센드 MTE250H M.2 NVMe,2TB,"1,059,980","M.2 (2280) / PCIe4.0x4 (64GT/s) / DRAM 탑재 / 컨트롤러 : 기타 / [성능] 순차읽기 : 7,100MB/s / 순차쓰기 : 6,500MB/s / 읽기IOPS : 530K / 쓰기IOPS : 420K / [지원기능] TRIM / ECC / SLC캐싱 / GC / S.M.A.R.T / 전용 S/W / [환경특성] MTBF : 300만 / TBW : 1,560TB / PS5 호환 / A/S기간 : 5년 , 제한보증 / 방열판 포함 / 두께 : 9.2mm / 34g 닫기",https://img.danuri.io/catalog-image/717/581/018/ead292aad79d45edb3c63fe6d86c587d.jpg?shrink=130:130&_v=20261005080532,https://prod.danawa.com/info/?pcode=18581717&cate=112760
361,트랜센드 MTE250H M.2 NVMe,1TB,"764,980","M.2 (2280) / PCIe4.0x4 (64GT/s) / DRAM 탑재 / 컨트롤러 : 기타 / [성능] 순차읽기 : 7,100MB/s / 순차쓰기 : 6,500MB/s / 읽기IOPS : 530K / 쓰기IOPS : 420K / [지원기능] TRIM / ECC / SLC캐싱 / GC / S.M.A.R.T / 전용 S/W / [환경특성] MTBF : 300만 / TBW : 1,560TB / PS5 호환 / A/S기간 : 5년 , 제한보증 / 방열판 포함 / 두께 : 9.2mm / 34g 닫기",https://img.danuri.io/catalog-image/717/581/018/ead292aad79d45edb3c63fe6d86c587d.jpg?shrink=130:130&_v=20261005080532,https://prod.danawa.com/info/?pcode=18581684&cate=112760
362,트랜센드 MTE110Q M.2 NVMe,1TB,"345,000","M.2 (2280) / PCIe3.0x4 (32GT/s) / QLC / 컨트롤러 : 기타 / [성능] 순차읽기 : 1,900MB/s / 순차쓰기 : 900MB/s / 읽기IOPS : 90K / 쓰기IOPS : 200K / [지원기능] TRIM / S.M.A.R.T / 전용 S/W / [환경특성] MTBF : 200만 / TBW : 150TB / A/S기간 : 3년 , 제한보증 / 방열판 미포함 / 두께 : 3.58mm / 8g 닫기",https://img.danuri.io/catalog-image/587/245/016/ea7616578b76471c926904709dfcc399.jpg?shrink=130:130&_v=20261006153709,https://prod.danawa.com/info/?pcode=16245542&cate=112760
363,트랜센드 MTE110Q M.2 NVMe,500GB,"165,290","M.2 (2280) / PCIe3.0x4 (32GT/s) / QLC / 컨트롤러 : 기타 / [성능] 순차읽기 : 1,900MB/s / 순차쓰기 : 900MB/s / 읽기IOPS : 90K / 쓰기IOPS : 200K / [지원기능] TRIM / S.M.A.R.T / 전용 S/W / [환경특성] MTBF : 200만 / TBW : 150TB / A/S기간 : 3년 , 제한보증 / 방열판 미포함 / 두께 : 3.58mm / 8g 닫기",https://img.danuri.io/catalog-image/587/245/016/ea7616578b76471c926904709dfcc399.jpg?shrink=130:130&_v=20261006153709,https://prod.danawa.com/info/?pcode=16245587&cate=112760
364,Western Digital WD Blue SN550 M.2 NVMe,2TB,"600,000","M.2 (2280) / PCIe3.0x4 (32GT/s) / TLC / 컨트롤러 : 기타 / [성능] 순차읽기 : 2,400MB/s / 순차쓰기 : 1,950MB/s / 읽기IOPS : 345K / 쓰기IOPS : 385K / [지원기능] GC / S.M.A.R.T / SLC캐싱 / TRIM / ECC / DEVSLP / HMB / 전용 S/W / [환경특성] MTBF : 170만 / TBW : 600TB / A/S기간 : 5년 , 제한보증 / 방열판 미포함 / 두께 : 2.38mm / 6.5g 닫기",https://img.danuri.io/catalog-image/467/120/010/53e3f6e592e1466899bbe4fb6e9da351.jpg?shrink=130:130&_v=20261006080523,https://prod.danawa.com/info/?pcode=12659966&cate=112760
365,Western Digital WD Blue SN550 M.2 NVMe,1TB,"299,900","M.2 (2280) / PCIe3.0x4 (32GT/s) / TLC / 컨트롤러 : 기타 / [성능] 순차읽기 : 2,400MB/s / 순차쓰기 : 1,950MB/s / 읽기IOPS : 345K / 쓰기IOPS : 385K / [지원기능] GC / S.M.A.R.T / SLC캐싱 / TRIM / ECC / DEVSLP / HMB / 전용 S/W / [환경특성] MTBF : 170만 / TBW : 600TB / A/S기간 : 5년 , 제한보증 / 방열판 미포함 / 두께 : 2.38mm / 6.5g 닫기",https://img.danuri.io/catalog-image/467/120/010/53e3f6e592e1466899bbe4fb6e9da351.jpg?shrink=130:130&_v=20261006080523,https://prod.danawa.com/info/?pcode=10120467&cate=112760
366,Western Digital WD Blue SN550 M.2 NVMe,250GB,"130,000","M.2 (2280) / PCIe3.0x4 (32GT/s) / TLC / 컨트롤러 : 기타 / [성능] 순차읽기 : 2,400MB/s / 순차쓰기 : 1,950MB/s / 읽기IOPS : 345K / 쓰기IOPS : 385K / [지원기능] GC / S.M.A.R.T / SLC캐싱 / TRIM / ECC / DEVSLP / HMB / 전용 S/W / [환경특성] MTBF : 170만 / TBW : 600TB / A/S기간 : 5년 , 제한보증 / 방열판 미포함 / 두께 : 2.38mm / 6.5g 닫기",https://img.danuri.io/catalog-image/467/120/010/53e3f6e592e1466899bbe4fb6e9da351.jpg?shrink=130:130&_v=20261006080523,https://prod.danawa.com/info/?pcode=10120377&cate=112760
367,BIOSTAR M760 M.2 NVMe,256GB,"80,430","M.2 (2280) / PCIe3.0x4 (32GT/s) / TLC / 컨트롤러 : Maxio MAP1202 / [성능] 순차읽기 : 3,300MB/s / 순차쓰기 : 1,350MB/s / 읽기IOPS : 86K / 쓰기IOPS : 240K / [지원기능] TRIM / ECC / HMB / S.M.A.R.T / [환경특성] A/S기간 : 3년 / 방열판 미포함 / 두께 : 2.1mm / 8g 닫기",https://img.danuri.io/catalog-image/426/338/018/669742a41ac04564bfc357d0e19f3d7c.jpg?shrink=130:130&_v=20261006094223,https://prod.danawa.com/info/?pcode=18338426&cate=112760
368,Western Digital WD Green SN350 M.2 NVMe,2TB,"526,880","M.2 (2280) / PCIe3.0x4 (32GT/s) / QLC / 컨트롤러 : WD / [성능] 순차읽기 : 3,200MB/s / 순차쓰기 : 2,500MB/s / 읽기IOPS : 300K / 쓰기IOPS : 400K / [지원기능] HMB / TRIM / SLC캐싱 / S.M.A.R.T / 전용 S/W / [환경특성] MTBF : 100만 / TBW : 100TB / A/S기간 : 3년 , 제한보증 / 방열판 미포함 / 두께 : 2.38mm / 7.5g 닫기",https://img.danuri.io/catalog-image/613/712/015/54ce13097f734cf3aa10d3d837eaa3d9.jpg?shrink=130:130&_v=20261006080652,https://prod.danawa.com/info/?pcode=15712556&cate=112760
369,Western Digital WD Green SN350 M.2 NVMe,1TB,"252,980","M.2 (2280) / PCIe3.0x4 (32GT/s) / QLC / 컨트롤러 : WD / [성능] 순차읽기 : 3,200MB/s / 순차쓰기 : 2,500MB/s / 읽기IOPS : 300K / 쓰기IOPS : 400K / [지원기능] HMB / TRIM / SLC캐싱 / S.M.A.R.T / 전용 S/W / [환경특성] MTBF : 100만 / TBW : 100TB / A/S기간 : 3년 , 제한보증 / 방열판 미포함 / 두께 : 2.38mm / 7.5g 닫기",https://img.danuri.io/catalog-image/613/712/015/54ce13097f734cf3aa10d3d837eaa3d9.jpg?shrink=130:130&_v=20261006080652,https://prod.danawa.com/info/?pcode=15712613&cate=112760
370,Western Digital WD Green SN350 M.2 NVMe,500GB,"175,000","M.2 (2280) / PCIe3.0x4 (32GT/s) / QLC / 컨트롤러 : WD / [성능] 순차읽기 : 3,200MB/s / 순차쓰기 : 2,500MB/s / 읽기IOPS : 300K / 쓰기IOPS : 400K / [지원기능] HMB / TRIM / SLC캐싱 / S.M.A.R.T / 전용 S/W / [환경특성] MTBF : 100만 / TBW : 100TB / A/S기간 : 3년 , 제한보증 / 방열판 미포함 / 두께 : 2.38mm / 7.5g 닫기",https://img.danuri.io/catalog-image/613/712/015/54ce13097f734cf3aa10d3d837eaa3d9.jpg?shrink=130:130&_v=20261006080652,https://prod.danawa.com/info/?pcode=20020220&cate=112760
371,Western Digital WD Green SN350 M.2 NVMe,250GB,"118,990","M.2 (2280) / PCIe3.0x4 (32GT/s) / QLC / 컨트롤러 : WD / [성능] 순차읽기 : 3,200MB/s / 순차쓰기 : 2,500MB/s / 읽기IOPS : 300K / 쓰기IOPS : 400K / [지원기능] HMB / TRIM / SLC캐싱 / S.M.A.R.T / 전용 S/W / [환경특성] MTBF : 100만 / TBW : 100TB / A/S기간 : 3년 , 제한보증 / 방열판 미포함 / 두께 : 2.38mm / 7.5g 닫기",https://img.danuri.io/catalog-image/613/712/015/54ce13097f734cf3aa10d3d837eaa3d9.jpg?shrink=130:130&_v=20261006080652,https://prod.danawa.com/info/?pcode=20020157&cate=112760
372,Western Digital WD Blue 3D SSD,4TB,"1,300,000","6.4cm(2.5형) / SATA3 (6Gb/s) / TLC / DRAM 탑재 / 컨트롤러 : 마벨 / [성능] 순차읽기 : 560MB/s / 순차쓰기 : 530MB/s / 읽기IOPS : 최대 95K / 쓰기IOPS : 최대 84K / [지원기능] DEVSLP / TRIM / ECC / SLC캐싱 / GC / S.M.A.R.T / 전용 S/W / [환경특성] MTBF : 175만 / TBW : 400TB / A/S기간 : 5년 , 제한보증 / 두께 : 7mm / 37.4g / [기타] 2018년 3월부로 A/S기간이 변경되었습니다 닫기",https://img.danuri.io/catalog-image/658/579/005/252ab1f4d9b84aa38423d580d5275099.jpg?shrink=130:130&_v=20261006080445,https://prod.danawa.com/info/?pcode=13782983&cate=112760
373,Western Digital WD Blue 3D SSD,1TB,"440,000","6.4cm(2.5형) / SATA3 (6Gb/s) / TLC / DRAM 탑재 / 컨트롤러 : 마벨 / [성능] 순차읽기 : 560MB/s / 순차쓰기 : 530MB/s / 읽기IOPS : 최대 95K / 쓰기IOPS : 최대 84K / [지원기능] DEVSLP / TRIM / ECC / SLC캐싱 / GC / S.M.A.R.T / 전용 S/W / [환경특성] MTBF : 175만 / TBW : 400TB / A/S기간 : 5년 , 제한보증 / 두께 : 7mm / 37.4g / [기타] 2018년 3월부로 A/S기간이 변경되었습니다 닫기",https://img.danuri.io/catalog-image/658/579/005/252ab1f4d9b84aa38423d580d5275099.jpg?shrink=130:130&_v=20261006080445,https://prod.danawa.com/info/?pcode=5579658&cate=112760
374,Western Digital WD Blue 3D SSD,250GB,"180,000","6.4cm(2.5형) / SATA3 (6Gb/s) / TLC / DRAM 탑재 / 컨트롤러 : 마벨 / [성능] 순차읽기 : 560MB/s / 순차쓰기 : 530MB/s / 읽기IOPS : 최대 95K / 쓰기IOPS : 최대 84K / [지원기능] DEVSLP / TRIM / ECC / SLC캐싱 / GC / S.M.A.R.T / 전용 S/W / [환경특성] MTBF : 175만 / TBW : 400TB / A/S기간 : 5년 , 제한보증 / 두께 : 7mm / 37.4g / [기타] 2018년 3월부로 A/S기간이 변경되었습니다 닫기",https://img.danuri.io/catalog-image/658/579/005/252ab1f4d9b84aa38423d580d5275099.jpg?shrink=130:130&_v=20261006080445,https://prod.danawa.com/info/?pcode=5579642&cate=112760
375,트랜센드 MTE310S M.2 2230 NVMe,2TB,"973,770","M.2 (2230) / PCIe4.0x4 (64GT/s) / 컨트롤러 : 기타 / [성능] 순차읽기 : 3,300MB/s / 순차쓰기 : 1,700MB/s / 읽기IOPS : 119K / 쓰기IOPS : 395K / [지원기능] GC / S.M.A.R.T / SLC캐싱 / ECC / 전용 S/W / [환경특성] MTBF : 200만 / TBW : 300TB / 스팀덱, Ally 호환 / A/S기간 : 5년 , 제한보증 / 방열판 미포함 / 두께 : 2.23mm / 4g 닫기",https://img.danuri.io/catalog-image/020/790/068/e436199e039949baa0eb1d1e347811d1.jpg?shrink=130:130&_v=20261006162228,https://prod.danawa.com/info/?pcode=74056328&cate=112760
376,트랜센드 MTE310S M.2 2230 NVMe,1TB,"492,670","M.2 (2230) / PCIe4.0x4 (64GT/s) / 컨트롤러 : 기타 / [성능] 순차읽기 : 3,300MB/s / 순차쓰기 : 1,700MB/s / 읽기IOPS : 119K / 쓰기IOPS : 395K / [지원기능] GC / S.M.A.R.T / SLC캐싱 / ECC / 전용 S/W / [환경특성] MTBF : 200만 / TBW : 300TB / 스팀덱, Ally 호환 / A/S기간 : 5년 , 제한보증 / 방열판 미포함 / 두께 : 2.23mm / 4g 닫기",https://img.danuri.io/catalog-image/020/790/068/e436199e039949baa0eb1d1e347811d1.jpg?shrink=130:130&_v=20261006162228,https://prod.danawa.com/info/?pcode=68789954&cate=112760
377,트랜센드 MTE310S M.2 2230 NVMe,512GB,"268,980","M.2 (2230) / PCIe4.0x4 (64GT/s) / 컨트롤러 : 기타 / [성능] 순차읽기 : 3,300MB/s / 순차쓰기 : 1,700MB/s / 읽기IOPS : 119K / 쓰기IOPS : 395K / [지원기능] GC / S.M.A.R.T / SLC캐싱 / ECC / 전용 S/W / [환경특성] MTBF : 200만 / TBW : 300TB / 스팀덱, Ally 호환 / A/S기간 : 5년 , 제한보증 / 방열판 미포함 / 두께 : 2.23mm / 4g 닫기",https://img.danuri.io/catalog-image/020/790/068/e436199e039949baa0eb1d1e347811d1.jpg?shrink=130:130&_v=20261006162228,https://prod.danawa.com/info/?pcode=68790020&cate=112760
378,트랜센드 MSA370 mSATA,512GB,"3,250,000",Mini SATA(mSATA) / SATA3 (6Gb/s) / MLC(동기식) / 컨트롤러 : Transcend TS6500 / [성능] 순차읽기 : 530MB/s / 순차쓰기 : 400MB/s / 쓰기IOPS : 70K / [지원기능] TRIM / GC / [환경특성] MTBF : 150만 / A/S기간 : 3년 / 두께 : 3.5mm / 8g 닫기,https://img.danuri.io/catalog-image/743/813/002/555c2030a5654f5fa5bca5c5eb7589db.jpg?shrink=130:130&_v=20261005080530,https://prod.danawa.com/info/?pcode=2837539&cate=112760
379,트랜센드 MSA370 mSATA,256GB,"1,529,980",Mini SATA(mSATA) / SATA3 (6Gb/s) / MLC(동기식) / 컨트롤러 : Transcend TS6500 / [성능] 순차읽기 : 530MB/s / 순차쓰기 : 400MB/s / 쓰기IOPS : 70K / [지원기능] TRIM / GC / [환경특성] MTBF : 150만 / A/S기간 : 3년 / 두께 : 3.5mm / 8g 닫기,https://img.danuri.io/catalog-image/743/813/002/555c2030a5654f5fa5bca5c5eb7589db.jpg?shrink=130:130&_v=20261005080530,https://prod.danawa.com/info/?pcode=2813743&cate=112760
380,ADATA LEGEND 960 M.2 NVMe 파인인포,2TB,"614,990","M.2 (2280) / PCIe4.0x4 (64GT/s) / TLC / DRAM 탑재 / 컨트롤러 : 실리콘모션 SM2264 / [성능] 순차읽기 : 7,400MB/s / 순차쓰기 : 6,400MB/s / 읽기IOPS : 730K / 쓰기IOPS : 610K / [지원기능] ECC / SLC캐싱 / S.M.A.R.T / TRIM / AES 암호화 / 전용 S/W / [환경특성] MTBF : 200만 / TBW : 780TB / PS5 호환 / A/S기간 : 5년 , 제한보증 / 방열판 포함 / 두께 : 4.68mm / 11g 닫기",https://img.danuri.io/catalog-image/125/016/101/78d78bcbbfa24cf188923b4a8c8cf1b5.jpg?shrink=130:130&_v=20261006080705,https://prod.danawa.com/info/?pcode=101016107&cate=112760
381,ADATA LEGEND 960 M.2 NVMe 파인인포,1TB,"355,000","M.2 (2280) / PCIe4.0x4 (64GT/s) / TLC / DRAM 탑재 / 컨트롤러 : 실리콘모션 SM2264 / [성능] 순차읽기 : 7,400MB/s / 순차쓰기 : 6,400MB/s / 읽기IOPS : 730K / 쓰기IOPS : 610K / [지원기능] ECC / SLC캐싱 / S.M.A.R.T / TRIM / AES 암호화 / 전용 S/W / [환경특성] MTBF : 200만 / TBW : 780TB / PS5 호환 / A/S기간 : 5년 , 제한보증 / 방열판 포함 / 두께 : 4.68mm / 11g 닫기",https://img.danuri.io/catalog-image/125/016/101/78d78bcbbfa24cf188923b4a8c8cf1b5.jpg?shrink=130:130&_v=20261006080705,https://prod.danawa.com/info/?pcode=101016125&cate=112760
